Date,Open,High,Low,Close,Volume,Dividends,Stock Splits
2001-01-04 00:00:00+09:00,147.6910629272461,147.6910629272461,139.23736572265625,139.23736572265625,9000,0.0,0.0
2001-01-05 00:00:00+09:00,135.2591552734375,138.24281311035156,134.2646026611328,134.2646026611328,29000,0.0,0.0
2001-01-08 00:00:00+09:00,134.2646026611328,134.2646026611328,134.2646026611328,134.2646026611328,0,0.0,0.0
2001-01-09 00:00:00+09:00,136.75099199146143,136.75099199146143,133.767333984375,133.767333984375,14000,0.0,0.0
2001-01-10 00:00:00+09:00,132.7727813720703,133.27005770679716,132.7727813720703,132.7727813720703,9000,0.0,0.0
2001-01-11 00:00:00+09:00,131.77822905895758,131.77822905895758,126.80546569824219,126.80546569824219,72000,0.0,0.0
2001-01-12 00:00:00+09:00,126.30823516845703,129.29189426692452,124.81640561922329,126.30823516845703,76000,0.0,0.0
2001-01-15 00:00:00+09:00,127.3027635261194,134.26463340645407,126.8054871060955,133.27008056640625,11000,0.0,0.0
2001-01-16 00:00:00+09:00,127.30272727272727,136.7509765625,127.30272727272727,136.7509765625,20000,0.0,0.0
2001-01-17 00:00:00+09:00,136.7510754129161,137.24835205078125,134.26469222359034,137.24835205078125,18000,0.0,0.0
2001-01-18 00:00:00+09:00,137.24822164725555,139.23732630880997,134.7618408203125,134.7618408203125,11000,0.0,0.0
2001-01-19 00:00:00+09:00,136.25374534907735,138.74012756347656,135.25919246331765,138.74012756347656,12000,0.0,0.0
2001-01-22 00:00:00+09:00,139.23740373387454,143.7128917110348,138.74012729196787,139.73468017578125,15000,0.0,0.0
2001-01-23 00:00:00+09:00,139.73464944700882,148.18834710038658,139.73464944700882,143.71286010742188,37000,0.0,0.0
2001-01-24 00:00:00+09:00,144.21021072952834,147.69114685058594,143.71293414080586,147.69114685058594,10000,0.0,0.0
2001-01-25 00:00:00+09:00,147.6910852150839,151.66929626464844,147.6910852150839,151.66929626464844,36000,0.0,0.0
2001-01-26 00:00:00+09:00,151.17202884203766,151.17202884203766,144.7074355033979,145.2047119140625,22000,0.0,0.0
2001-01-29 00:00:00+09:00,148.68566339666194,148.68566339666194,141.72379286972793,142.2210693359375,10000,0.0,0.0
2001-01-30 00:00:00+09:00,144.70741271972656,144.70741271972656,144.21013638735636,144.70741271972656,15000,0.0,0.0
2001-01-31 00:00:00+09:00,148.6856004323391,151.6692579660984,144.21011413170012,150.17742919921875,10000,0.0,0.0
2001-02-01 00:00:00+09:00,149.18294615664726,149.18294615664726,146.69656372070312,146.69656372070312,9000,0.0,0.0
2001-02-02 00:00:00+09:00,146.69655753182363,146.69655753182363,141.72379286972793,142.2210693359375,20000,0.0,0.0
2001-02-05 00:00:00+09:00,137.74557440815448,139.73468017578125,137.74557440815448,139.73468017578125,12000,0.0,0.0
2001-02-06 00:00:00+09:00,139.7346420288086,139.7346420288086,139.23736572265625,139.23736572265625,13000,0.0,0.0
2001-02-07 00:00:00+09:00,140.23191833496094,140.23191833496094,139.23736572265625,139.23736572265625,8000,0.0,0.0
2001-02-08 00:00:00+09:00,141.723755103156,141.723755103156,137.74554443359375,137.74554443359375,14000,0.0,0.0
2001-02-09 00:00:00+09:00,136.75105806807397,141.22654724121094,136.75105806807397,141.22654724121094,3000,0.0,0.0
2001-02-12 00:00:00+09:00,141.22654724121094,141.22654724121094,141.22654724121094,141.22654724121094,0,0.0,0.0
2001-02-13 00:00:00+09:00,141.22651704828792,141.22651704828792,139.23741117436836,140.23196411132812,7000,0.0,0.0
2001-02-14 00:00:00+09:00,140.72919464111328,140.72919464111328,139.23736572265625,139.23736572265625,3000,0.0,0.0
2001-02-15 00:00:00+09:00,141.22647860361914,141.22647860361914,140.7292022705078,140.7292022705078,4000,0.0,0.0
2001-02-16 00:00:00+09:00,144.2101287841797,144.70740509033203,144.2101287841797,144.2101287841797,6000,0.0,0.0
2001-02-19 00:00:00+09:00,151.66929656881035,151.66929656881035,146.69653274688216,149.68019104003906,15000,0.0,0.0
2001-02-20 00:00:00+09:00,149.68022051385637,152.66387939453125,149.68022051385637,152.66387939453125,38000,0.0,0.0
2001-02-21 00:00:00+09:00,152.6638790488629,153.65843200683594,152.6638790488629,153.65843200683594,10000,0.0,0.0
2001-02-22 00:00:00+09:00,153.1611336263021,153.1611336263021,147.69109313964844,149.18292236328125,17000,0.0,0.0
2001-02-23 00:00:00+09:00,141.72380765279135,144.2101902431912,141.72380765279135,143.21563720703125,23000,0.0,0.0
2001-02-26 00:00:00+09:00,150.67472870816889,150.67472870816889,143.71286005498618,144.70741271972656,14000,0.0,0.0
2001-02-27 00:00:00+09:00,143.71287568744862,144.7074284603721,141.72377014160156,141.72377014160156,12000,0.0,0.0
2001-02-28 00:00:00+09:00,145.7020197974311,145.7020197974311,143.21563720703125,143.21563720703125,7000,0.0,0.0
2001-03-01 00:00:00+09:00,143.215576171875,148.18833923339844,143.215576171875,144.2101287841797,5000,0.0,0.0
2001-03-02 00:00:00+09:00,149.1829554239909,149.1829554239909,143.21563720703125,143.21563720703125,15000,0.0,0.0
2001-03-05 00:00:00+09:00,143.21562226835664,144.21017520077578,142.2210693359375,142.2210693359375,5000,0.0,0.0
2001-03-06 00:00:00+09:00,143.71287416551934,151.66929626464844,143.71287416551934,151.66929626464844,10000,0.0,0.0
2001-03-07 00:00:00+09:00,146.69648803106628,150.67469787597656,146.69648803106628,150.67469787597656,16000,0.0,0.0
2001-03-08 00:00:00+09:00,149.1829143586706,151.66929626464844,149.1829143586706,151.66929626464844,21000,0.0,0.0
2001-03-09 00:00:00+09:00,154.15570068359375,154.6529771374118,152.16659486832157,154.15570068359375,45000,0.0,0.0
2001-03-12 00:00:00+09:00,153.65843200683594,153.65843200683594,153.16115552784942,153.65843200683594,4000,0.0,0.0
2001-03-13 00:00:00+09:00,151.66927337646484,151.66927337646484,144.2101287841797,144.2101287841797,7000,0.0,0.0
2001-03-14 00:00:00+09:00,144.2101287841797,144.2101287841797,144.2101287841797,144.2101287841797,0,0.0,0.0
2001-03-15 00:00:00+09:00,143.71285247802734,143.71285247802734,139.23736572265625,139.23736572265625,18000,0.0,0.0
2001-03-16 00:00:00+09:00,141.72375477721533,143.71286010742188,141.72375477721533,143.71286010742188,5000,0.0,0.0
2001-03-19 00:00:00+09:00,139.23738805259146,142.71832275390625,139.23738805259146,142.71832275390625,13000,0.0,0.0
2001-03-20 00:00:00+09:00,142.71832275390625,142.71832275390625,142.71832275390625,142.71832275390625,0,0.0,0.0
2001-03-21 00:00:00+09:00,142.7183290608724,149.18292236328125,142.7183290608724,149.18292236328125,13000,0.0,0.0
2001-03-22 00:00:00+09:00,149.1829501595467,156.642097667524,149.1829501595467,156.1448211669922,12000,0.0,0.0
2001-03-23 00:00:00+09:00,156.14476013183594,159.12841796875,152.1665496826172,152.1665496826172,49000,0.0,0.0
2001-03-26 00:00:00+09:00,155.15025271645075,157.1393585205078,154.1556998144222,157.1393585205078,11000,0.0,0.0
2001-03-27 00:00:00+09:00,160.17092064490683,166.73944420447717,159.66564960186298,164.2130889892578,36000,5.0,0.0
2001-03-28 00:00:00+09:00,164.21315461686515,164.21315461686515,154.61300096234072,156.12881469726562,12000,0.0,0.0
2001-03-29 00:00:00+09:00,156.63404527053336,156.63404527053336,154.6129608154297,154.6129608154297,6000,0.0,0.0
2001-03-30 00:00:00+09:00,154.10768127441406,154.10768127441406,153.60241018826844,154.10768127441406,10000,0.0,0.0
2001-04-02 00:00:00+09:00,153.09720671804325,164.21317552265367,153.09720671804325,153.60247802734375,13000,0.0,0.0
2001-04-03 00:00:00+09:00,159.1603745564376,159.1603745564376,153.0971221923828,153.0971221923828,4000,0.0,0.0
2001-04-04 00:00:00+09:00,151.58139279014185,153.60247802734375,151.58139279014185,153.60247802734375,9000,0.0,0.0
2001-04-05 00:00:00+09:00,154.10768970165378,156.63404527053336,152.59187636032604,154.6129608154297,11000,0.0,0.0
2001-04-06 00:00:00+09:00,155.11825020082537,160.67623310704386,155.11825020082537,156.63406372070312,11000,0.0,0.0
2001-04-09 00:00:00+09:00,156.63406372070312,156.63406372070312,156.63406372070312,156.63406372070312,2000,0.0,0.0
2001-04-10 00:00:00+09:00,157.1393348939957,157.1393348939957,156.63406372070312,156.63406372070312,6000,0.0,0.0
2001-04-11 00:00:00+09:00,159.1603745564376,159.1603745564376,152.08658013170702,153.0971221923828,7000,0.0,0.0
2001-04-12 00:00:00+09:00,156.63403670514217,156.63403670514217,152.0865969298316,154.10768127441406,16000,0.0,0.0
2001-04-13 00:00:00+09:00,154.10772685763203,160.67625292041635,154.10772685763203,159.66571044921875,10000,0.0,0.0
2001-04-16 00:00:00+09:00,157.1393348939957,157.64460606728832,156.63406372070312,156.63406372070312,4000,0.0,0.0
2001-04-17 00:00:00+09:00,156.63404527053336,156.63404527053336,154.10768970165378,154.6129608154297,8000,0.0,0.0
2001-04-18 00:00:00+09:00,156.63406372070312,156.63406372070312,154.10770785424018,156.63406372070312,18000,0.0,0.0
2001-04-19 00:00:00+09:00,156.63407759232953,156.63407759232953,155.11826393821022,155.62353515625,26000,0.0,0.0
2001-04-20 00:00:00+09:00,155.62353515625,156.63407759232953,155.62353515625,155.62353515625,19000,0.0,0.0
2001-04-23 00:00:00+09:00,157.6446200284091,160.67624733664772,155.62353515625,155.62353515625,18000,0.0,0.0
2001-04-24 00:00:00+09:00,156.12880365280878,159.16043090820312,155.62353244357638,159.16043090820312,13000,0.0,0.0
2001-04-25 00:00:00+09:00,159.16042963663736,166.23422650937678,159.16042963663736,163.70787048339844,31000,0.0,0.0
2001-04-26 00:00:00+09:00,159.16042963663736,166.23422650937678,159.16042963663736,163.70787048339844,31000,0.0,0.0
2001-04-27 00:00:00+09:00,169.77118606567382,170.78172883987426,156.63413000106812,161.6868438720703,45000,0.0,0.0
2001-04-30 00:00:00+09:00,161.6868438720703,161.6868438720703,161.6868438720703,161.6868438720703,0,0.0,0.0
2001-05-01 00:00:00+09:00,166.23423210971328,168.2553169985852,166.23423210971328,167.7500457763672,25000,0.0,0.0
2001-05-02 00:00:00+09:00,169.26586510562606,169.26586510562606,166.23423767089844,166.23423767089844,18000,0.0,0.0
2001-05-03 00:00:00+09:00,166.23423767089844,166.23423767089844,166.23423767089844,166.23423767089844,0,0.0,0.0
2001-05-04 00:00:00+09:00,166.23423767089844,166.23423767089844,166.23423767089844,166.23423767089844,0,0.0,0.0
2001-05-07 00:00:00+09:00,169.26583711091462,170.78165057757954,166.7394813331398,168.2552947998047,100,0.0,0.0
2001-05-08 00:00:00+09:00,168.2553197315761,169.77113342285156,166.73950604030063,169.77113342285156,100,0.0,0.0
2001-05-09 00:00:00+09:00,166.73946779165695,169.2658233642578,166.73946779165695,169.2658233642578,100,0.0,0.0
2001-05-10 00:00:00+09:00,168.255346402255,168.76061771277227,166.73953247070315,166.73953247070312,100,0.0,0.0
2001-05-11 00:00:00+09:00,168.2552947998047,168.2552947998047,168.2552947998047,168.2552947998047,30,0.0,0.0
2001-05-14 00:00:00+09:00,168.255346402255,169.26588902328956,166.73953247070315,166.73953247070312,80,0.0,0.0
2001-05-15 00:00:00+09:00,165.22369519265587,166.7395089100197,164.21315271441333,166.23423767089844,21000,0.0,0.0
2001-05-16 00:00:00+09:00,166.23422650937678,166.73949771457248,163.7078704833984,163.70787048339844,8000,0.0,0.0
2001-05-17 00:00:00+09:00,169.2658233642578,169.2658233642578,164.2131122190561,169.2658233642578,27000,0.0,0.0
2001-05-18 00:00:00+09:00,169.26585944302113,169.26585944302113,166.73950333193125,167.7500457763672,10000,0.0,0.0
2001-05-21 00:00:00+09:00,169.26580304930198,171.28688726481602,168.76053199542346,170.7816162109375,48000,0.0,0.0
2001-05-22 00:00:00+09:00,169.2658233642578,169.2658233642578,168.25528113521747,169.2658233642578,7000,0.0,0.0
2001-05-23 00:00:00+09:00,169.7711306652391,169.7711306652391,167.7500457763672,167.7500457763672,14000,0.0,0.0
2001-05-24 00:00:00+09:00,167.7500457763672,167.7500457763672,167.7500457763672,167.7500457763672,6000,0.0,0.0
2001-05-25 00:00:00+09:00,167.7500750917377,169.26588902328956,166.73953247070315,166.73953247070312,18000,0.0,0.0
2001-05-28 00:00:00+09:00,169.26580304930198,170.7816162109375,169.26580304930198,170.7816162109375,37000,0.0,0.0
2001-05-29 00:00:00+09:00,171.28688245500837,184.42392948695593,171.28688245500837,176.84486389160156,68000,0.0,0.0
2001-05-30 00:00:00+09:00,176.84491774615117,178.36073132683248,171.79220581054685,171.79220581054688,12000,0.0,0.0
2001-05-31 00:00:00+09:00,169.26585944302113,171.79221555411098,167.7500457763672,167.7500457763672,9000,0.0,0.0
2001-06-01 00:00:00+09:00,167.7500100206973,169.2658233642578,166.73946779165695,169.2658233642578,12000,0.0,0.0
2001-06-04 00:00:00+09:00,166.73948574910122,171.28692626953125,166.73948574910122,171.28692626953125,3000,0.0,0.0
2001-06-05 00:00:00+09:00,171.28697426535868,171.28697426535868,166.73953247070315,166.73953247070312,20000,0.0,0.0
2001-06-06 00:00:00+09:00,166.73946754605163,166.73946754605163,154.6129608154297,154.6129608154297,66000,0.0,0.0
2001-06-07 00:00:00+09:00,166.2342446490032,166.2342446490032,165.72897338867185,165.72897338867188,6000,0.0,0.0
2001-06-08 00:00:00+09:00,165.7289255626166,171.28690782233852,165.7289255626166,169.2658233642578,49000,0.0,0.0
2001-06-11 00:00:00+09:00,169.77116033380685,169.77116033380685,166.73953247070315,166.73953247070312,24000,0.0,0.0
2001-06-12 00:00:00+09:00,164.71843398620035,165.22370525609668,162.19207763671875,162.19207763671875,7000,0.0,0.0
2001-06-13 00:00:00+09:00,162.19200481708233,166.73944420447717,162.19200481708233,164.2130889892578,29000,0.0,0.0
2001-06-14 00:00:00+09:00,164.71839904785156,164.71839904785156,164.2131278851281,164.71839904785156,14000,0.0,0.0
2001-06-15 00:00:00+09:00,163.70792942047117,163.70792942047117,161.6868438720703,161.6868438720703,5000,0.0,0.0
2001-06-18 00:00:00+09:00,161.68676604264937,161.68676604264937,159.16041032323298,160.6762237548828,8000,0.0,0.0
2001-06-19 00:00:00+09:00,164.21314988817485,172.2974895749773,163.20260742732455,169.77113342285156,44000,0.0,0.0
2001-06-20 00:00:00+09:00,170.2763839316579,172.2974686074046,170.2763839316579,171.28692626953125,22000,0.0,0.0
2001-06-21 00:00:00+09:00,171.79220581054685,174.31856177834902,171.28693461698643,171.79220581054688,32000,0.0,0.0
2001-06-22 00:00:00+09:00,169.2658498427447,171.79220581054685,169.2658498427447,171.79220581054688,19000,0.0,0.0
2001-06-25 00:00:00+09:00,171.79217651019408,178.86597201355502,171.79217651019408,177.35015869140625,28000,0.0,0.0
2001-06-26 00:00:00+09:00,178.36071705957602,178.36071705957602,171.79219206871346,172.802734375,43000,0.0,0.0
2001-06-27 00:00:00+09:00,174.3185674733129,177.35019473371833,174.3185674733129,175.83438110351562,28000,0.0,0.0
2001-06-28 00:00:00+09:00,175.83438101295903,175.83438101295903,170.27639770507812,170.27639770507812,5000,0.0,0.0
2001-06-29 00:00:00+09:00,171.79219206871346,173.30800552814327,171.2869209155702,172.802734375,19000,0.0,0.0
2001-07-02 00:00:00+09:00,172.80273977634127,172.80273977634127,170.2763839316579,171.28692626953125,7000,0.0,0.0
2001-07-03 00:00:00+09:00,171.79219206871346,172.802734375,169.2658363029971,172.802734375,12000,0.0,0.0
2001-07-04 00:00:00+09:00,171.79219743846792,171.79219743846792,170.2763839316579,171.28692626953125,8000,0.0,0.0
2001-07-05 00:00:00+09:00,171.286947114127,171.286947114127,169.77113342285156,169.77113342285156,3000,0.0,0.0
2001-07-06 00:00:00+09:00,169.2658498427447,171.79220581054685,168.25530745562384,171.79220581054688,17000,0.0,0.0
2001-07-09 00:00:00+09:00,174.31857449667794,174.31857449667794,169.77113342285156,169.77113342285156,9000,0.0,0.0
2001-07-10 00:00:00+09:00,169.77112103630512,171.79220581054685,169.77112103630512,171.79220581054688,10000,0.0,0.0
2001-07-11 00:00:00+09:00,169.7711434713224,169.7711434713224,165.22370212834053,165.72897338867188,20000,0.0,0.0
2001-07-12 00:00:00+09:00,165.7289344717603,165.7289344717603,165.22366333007812,165.22366333007812,8000,0.0,0.0
2001-07-13 00:00:00+09:00,166.73953247070315,168.255346402255,166.73953247070315,166.73953247070312,9000,0.0,0.0
2001-07-16 00:00:00+09:00,166.73953247070315,166.73953247070315,166.73953247070315,166.73953247070312,3000,0.0,0.0
2001-07-17 00:00:00+09:00,166.73949923642667,170.27639770507812,165.2236856070046,170.27639770507812,3000,0.0,0.0
2001-07-18 00:00:00+09:00,169.77111067508628,169.77111067508628,164.71839904785156,164.71839904785156,10000,0.0,0.0
2001-07-19 00:00:00+09:00,164.21314026258005,166.2342250658118,162.69732666015625,162.69732666015625,31000,0.0,0.0
2001-07-20 00:00:00+09:00,162.69732666015625,162.69732666015625,162.69732666015625,162.69732666015625,0,0.0,0.0
2001-07-23 00:00:00+09:00,163.7078379835607,167.24473571777344,163.7078379835607,167.24473571777344,9000,0.0,0.0
2001-07-24 00:00:00+09:00,167.24473890617713,170.27636559329815,167.24473890617713,169.2658233642578,33000,0.0,0.0
2001-07-25 00:00:00+09:00,169.26580304930198,170.7816162109375,169.26580304930198,170.7816162109375,24000,0.0,0.0
2001-07-26 00:00:00+09:00,170.78166735613786,171.7922097665292,163.7078704833984,163.70787048339844,11000,0.0,0.0
2001-07-27 00:00:00+09:00,170.781689946523,170.781689946523,168.76060485839847,168.76060485839844,7000,0.0,0.0
2001-07-30 00:00:00+09:00,166.23417672603088,170.7816162109375,166.23417672603088,170.7816162109375,25000,0.0,0.0
2001-07-31 00:00:00+09:00,170.27639222986556,171.79220581054685,164.21313790714038,171.79220581054688,19000,0.0,0.0
2001-08-01 00:00:00+09:00,171.79220581054685,171.79220581054685,171.28693461698643,171.79220581054688,14000,0.0,0.0
2001-08-02 00:00:00+09:00,171.79220581054685,171.79220581054685,171.28693461698643,171.79220581054688,15000,0.0,0.0
2001-08-03 00:00:00+09:00,171.7922113345002,171.7922113345002,170.27639770507812,170.27639770507812,12000,0.0,0.0
2001-08-06 00:00:00+09:00,170.2763839316579,171.28692626953125,169.26584159378456,171.28692626953125,3000,0.0,0.0
2001-08-07 00:00:00+09:00,170.7816162109375,170.7816162109375,168.25526094154495,170.7816162109375,5000,0.0,0.0
2001-08-08 00:00:00+09:00,167.24475486146892,167.24475486146892,164.71839904785156,164.71839904785156,10000,0.0,0.0
2001-08-09 00:00:00+09:00,169.77111067508628,170.27638183780974,164.71839904785156,164.71839904785156,16000,0.0,0.0
2001-08-10 00:00:00+09:00,165.22368029426124,171.79220581054685,165.22368029426124,171.79220581054688,12000,0.0,0.0
2001-08-13 00:00:00+09:00,166.73946779165695,169.2658233642578,164.71838333357627,169.2658233642578,9000,0.0,0.0
2001-08-14 00:00:00+09:00,166.7394767551247,166.7394767551247,165.22366333007812,165.22366333007812,8000,0.0,0.0
2001-08-15 00:00:00+09:00,165.72894341122787,171.79219743846792,165.2236722422912,171.28692626953125,10000,0.0,0.0
2001-08-16 00:00:00+09:00,171.28690782233852,171.28690782233852,169.2658233642578,169.2658233642578,2000,0.0,0.0
2001-08-17 00:00:00+09:00,166.7395159093345,166.7395159093345,165.72897338867185,165.72897338867188,8000,0.0,0.0
2001-08-20 00:00:00+09:00,165.72898984966858,167.7500750917377,165.72898984966858,166.73953247070312,17000,0.0,0.0
2001-08-21 00:00:00+09:00,166.73953247070315,166.73953247070315,166.73953247070315,166.73953247070312,8000,0.0,0.0
2001-08-22 00:00:00+09:00,167.24477455414922,167.7500457763672,166.73950333193125,167.7500457763672,15000,0.0,0.0
2001-08-23 00:00:00+09:00,167.24478014914098,167.24478014914098,166.23423767089844,166.23423767089844,9000,0.0,0.0
2001-08-24 00:00:00+09:00,166.23421253602197,166.23421253602197,164.71839904785156,164.71839904785156,10000,0.0,0.0
2001-08-27 00:00:00+09:00,171.79215831869453,171.79215831869453,170.7816162109375,170.7816162109375,12000,0.0,0.0
2001-08-28 00:00:00+09:00,171.28691703026448,171.28691703026448,165.22366333007812,165.22366333007812,12000,0.0,0.0
2001-08-29 00:00:00+09:00,166.73953247070315,167.2448037812204,166.23426116018587,166.73953247070312,21000,0.0,0.0
2001-08-30 00:00:00+09:00,167.2447871696658,167.2447871696658,165.72897338867185,165.72897338867188,16000,0.0,0.0
2001-08-31 00:00:00+09:00,165.72901496887206,165.72901496887206,161.6868438720703,161.6868438720703,23000,0.0,0.0
2001-09-03 00:00:00+09:00,166.2342278374566,166.2342278374566,159.16043090820312,159.16043090820312,13000,0.0,0.0
2001-09-04 00:00:00+09:00,161.6868438720703,161.6868438720703,155.11831583976743,161.6868438720703,13000,0.0,0.0
2001-09-05 00:00:00+09:00,159.16043921361995,161.6867953916139,151.58137067963804,159.66571044921875,33000,0.0,0.0
2001-09-06 00:00:00+09:00,156.6340761346332,156.6340761346332,149.0550079345703,149.0550079345703,20000,0.0,0.0
2001-09-07 00:00:00+09:00,149.05503624363948,153.60247802734375,149.05503624363948,153.60247802734375,6000,0.0,0.0
2001-09-10 00:00:00+09:00,149.05495364649767,149.05495364649767,146.02332747063667,148.5496826171875,6000,0.0,0.0
2001-09-11 00:00:00+09:00,146.52864221024186,151.58135401059505,146.02337103020656,147.5391845703125,22000,0.0,0.0
2001-09-12 00:00:00+09:00,127.32836271587172,136.4232457670054,127.32836271587172,134.40216064453125,47000,0.0,0.0
2001-09-13 00:00:00+09:00,136.42319543021065,141.4759063720703,136.42319543021065,141.4759063720703,26000,0.0,0.0
2001-09-14 00:00:00+09:00,144.5075470585151,150.57080078125,144.5075470585151,150.57080078125,18000,0.0,0.0
2001-09-17 00:00:00+09:00,149.05499358277223,149.05499358277223,144.50755310058594,144.50755310058594,9000,0.0,0.0
2001-09-18 00:00:00+09:00,136.42321820785142,144.507557064613,136.42321820785142,141.981201171875,18000,0.0,0.0
2001-09-19 00:00:00+09:00,144.00226184300013,144.00226184300013,141.4759063720703,141.4759063720703,26000,0.0,0.0
2001-09-20 00:00:00+09:00,141.98117720132058,146.02334594726562,141.98117720132058,146.02334594726562,19000,0.0,0.0
2001-09-21 00:00:00+09:00,146.0233543659079,146.52862548828128,142.99172763166757,146.52862548828125,40000,0.0,0.0
2001-09-24 00:00:00+09:00,146.52862548828128,146.52862548828128,146.52862548828128,146.52862548828125,0,0.0,0.0
2001-09-25 00:00:00+09:00,149.09932023387844,151.6699981689453,149.09932023387844,151.6699981689453,31000,5.0,0.0
2001-09-26 00:00:00+09:00,151.6700048032014,153.72654724121094,151.6700048032014,153.72654724121094,19000,0.0,0.0
2001-09-27 00:00:00+09:00,152.1841149444059,152.1841149444059,150.1275728505626,150.64170837402344,5000,0.0,0.0
2001-09-28 00:00:00+09:00,150.64170837402344,150.64170837402344,150.64170837402344,150.64170837402344,0,0.0,0.0
2001-10-01 00:00:00+09:00,153.2124360148112,154.24070739746094,149.6134861755371,154.24070739746094,15000,0.0,0.0
2001-10-02 00:00:00+09:00,154.24068886161652,154.24068886161652,151.67001071392292,153.21241760253906,12000,0.0,0.0
2001-10-03 00:00:00+09:00,154.24070739746094,154.24070739746094,153.2124360148112,154.24070739746094,30000,0.0,0.0
2001-10-04 00:00:00+09:00,158.8679006210226,159.3820362217379,153.21240901315448,155.26895141601562,9000,0.0,0.0
2001-10-05 00:00:00+09:00,154.2406440961479,156.29718601742985,154.2406440961479,155.78305053710938,26000,0.0,0.0
2001-10-08 00:00:00+09:00,155.78305053710938,155.78305053710938,155.78305053710938,155.78305053710938,0,0.0,0.0
2001-10-09 00:00:00+09:00,155.26897878011067,155.26897878011067,154.24070739746094,154.24070739746094,6000,0.0,0.0
2001-10-10 00:00:00+09:00,153.7265532320778,153.7265532320778,149.0993325662293,153.21241760253906,9000,0.0,0.0
2001-10-11 00:00:00+09:00,153.21238241818352,153.21238241818352,149.0992983264202,149.61343383789062,10000,0.0,0.0
2001-10-12 00:00:00+09:00,152.18411254882812,152.18411254882812,150.12757048735747,152.18411254882812,25000,0.0,0.0
2001-10-15 00:00:00+09:00,149.61346705754596,149.61346705754596,148.07106018066406,148.07106018066406,19000,0.0,0.0
2001-10-16 00:00:00+09:00,150.1276092529297,151.67001619730908,149.09933795667675,150.1276092529297,7000,0.0,0.0
2001-10-17 00:00:00+09:00,149.0992983264202,150.12756934936104,148.07102730347935,149.61343383789062,10000,0.0,0.0
2001-10-18 00:00:00+09:00,146.52864739969115,149.09932542424713,146.52864739969115,148.58518981933594,19000,0.0,0.0
2001-10-19 00:00:00+09:00,146.52864739969115,148.58518981933594,146.01451179477996,148.58518981933594,24000,0.0,0.0
2001-10-22 00:00:00+09:00,148.5851628149498,151.15584037230187,148.5851628149498,149.61343383789062,12000,0.0,0.0
2001-10-23 00:00:00+09:00,152.69830322265628,152.69830322265628,150.12762471722434,152.69830322265625,25000,0.0,0.0
2001-10-24 00:00:00+09:00,153.2124223012773,161.95272827148438,152.698286655971,161.95272827148438,30000,0.0,0.0
2001-10-25 00:00:00+09:00,161.43858399585497,164.52339770278215,159.8961771423914,164.00926208496094,25000,0.0,0.0
2001-10-26 00:00:00+09:00,164.52340698242188,167.09408521652225,162.4668643951416,164.52340698242188,27000,0.0,0.0
2001-10-29 00:00:00+09:00,156.8113365656213,164.52336951147151,156.8113365656213,162.46682739257812,40000,0.0,0.0
2001-10-30 00:00:00+09:00,162.4668639167907,162.4668639167907,161.95272827148438,161.95272827148438,10000,0.0,0.0
2001-10-31 00:00:00+09:00,182.51816104937203,203.08358764648435,180.46161838966077,203.08358764648438,828000,0.0,0.0
2001-11-01 00:00:00+09:00,200.51287762530438,208.22491138012379,191.77257270317574,197.94219970703125,1011000,0.0,0.0
2001-11-02 00:00:00+09:00,197.94219715079083,201.02701061288107,194.85738368870057,199.48460388183594,353000,0.0,0.0
2001-11-05 00:00:00+09:00,200.51281794203516,204.11176595637937,193.82905734396732,196.3997344970703,300000,0.0,0.0
2001-11-06 00:00:00+09:00,193.82916545092576,196.39984403780807,189.2019439945376,189.71607971191406,212000,0.0,0.0
2001-11-07 00:00:00+09:00,192.28670580362538,202.05528176691115,188.17362118750503,199.48460388183594,290000,0.0,0.0
2001-11-08 00:00:00+09:00,200.51287503586602,201.02701061288107,195.37151926571562,199.48460388183594,175000,0.0,0.0
2001-11-09 00:00:00+09:00,199.48460388183594,199.48460388183594,199.48460388183594,199.48460388183594,0,0.0,0.0
2001-11-12 00:00:00+09:00,216.45110380302356,221.0783245494065,211.30974741815365,211.82388305664062,822000,0.0,0.0
2001-11-13 00:00:00+09:00,210.79560795536747,212.33801484284578,205.65425166377315,208.2249298095703,359000,0.0,0.0
2001-11-14 00:00:00+09:00,210.28147232620805,213.36628610116466,208.2249298095703,208.2249298095703,255000,0.0,0.0
2001-11-15 00:00:00+09:00,209.76730346679685,209.76730346679685,206.1683546328077,209.76730346679688,187000,0.0,0.0
2001-11-16 00:00:00+09:00,209.76734463673716,218.50765066326787,205.65425944778153,217.99351501464844,366000,0.0,0.0
2001-11-19 00:00:00+09:00,217.99347515421837,223.64896625491744,214.90866182656436,217.47933959960938,455000,0.0,0.0
2001-11-20 00:00:00+09:00,217.99349156821646,219.021762754859,210.79559326171875,210.79559326171875,178000,0.0,0.0
2001-11-21 00:00:00+09:00,208.22496652020217,210.28150939941406,206.1684236409903,210.28150939941406,145000,0.0,0.0
2001-11-22 00:00:00+09:00,210.79564533825425,215.9370025416263,210.79564533825425,215.42286682128906,214000,0.0,0.0
2001-11-23 00:00:00+09:00,215.4228668212891,215.4228668212891,215.4228668212891,215.42286682128906,0,0.0,0.0
2001-11-26 00:00:00+09:00,217.99351176040432,217.99351176040432,215.4228335556826,216.96524047851562,141000,0.0,0.0
2001-11-27 00:00:00+09:00,217.47936540594847,228.27621333390337,216.96522979033156,223.13485717773438,474000,0.0,0.0
2001-11-28 00:00:00+09:00,225.70553060810215,230.33275105337077,223.13485258295293,228.79034423828125,388000,0.0,0.0
2001-11-29 00:00:00+09:00,231.36105026517598,233.41759293419977,228.79037192889623,230.33277893066406,332000,0.0,0.0
2001-11-30 00:00:00+09:00,230.84691459792003,232.9034572669438,226.73382925987246,230.33277893066406,219000,0.0,0.0
2001-12-03 00:00:00+09:00,233.93168723064923,241.64372087561568,232.38928050165592,236.5023651123047,476000,0.0,0.0
2001-12-04 00:00:00+09:00,239.0730023918665,240.10127336989603,229.30442810058594,229.30442810058594,274000,0.0,0.0
2001-12-05 00:00:00+09:00,229.30451076931425,231.3610534667969,223.649018351237,231.36105346679688,212000,0.0,0.0
2001-12-06 00:00:00+09:00,234.9599999359676,236.50240693773543,229.81864326340815,230.33277893066406,226000,0.0,0.0
2001-12-07 00:00:00+09:00,229.30446626501717,229.30446626501717,224.16311051916477,224.67724609375,103000,0.0,0.0
2001-12-10 00:00:00+09:00,221.5923955269829,222.62066650390625,216.4510406423661,222.62066650390625,271000,0.0,0.0
2001-12-11 00:00:00+09:00,217.47936601573625,227.24794273984733,217.47936601573625,225.70553588867188,172000,0.0,0.0
2001-12-12 00:00:00+09:00,225.70553588867188,227.7620783569058,225.19140027161342,225.70553588867188,125000,0.0,0.0
2001-12-13 00:00:00+09:00,225.70553189736825,225.70553189736825,219.53590460176818,222.10658264160156,93000,0.0,0.0
2001-12-14 00:00:00+09:00,220.0500173726544,220.0500173726544,216.45106849039138,217.47933959960938,207000,0.0,0.0
2001-12-17 00:00:00+09:00,214.90873087764078,215.9370023172467,210.28150939941406,210.28150939941406,158000,0.0,0.0
2001-12-18 00:00:00+09:00,210.28150939941406,215.42286659744374,208.22496652020217,210.28150939941406,176000,0.0,0.0
2001-12-19 00:00:00+09:00,210.28149755184467,213.8804473876953,209.25322617017304,213.8804473876953,160000,0.0,0.0
2001-12-20 00:00:00+09:00,213.8804505270634,216.45112901897522,213.8804505270634,214.90872192382812,127000,0.0,0.0
2001-12-21 00:00:00+09:00,220.0500118506216,220.0500118506216,209.7673010164804,211.30970764160156,81000,0.0,0.0
2001-12-24 00:00:00+09:00,211.30970764160156,211.30970764160156,211.30970764160156,211.30970764160156,0,0.0,0.0
2001-12-25 00:00:00+09:00,209.7673220750762,211.30972885504002,207.19664410846988,210.79559326171875,126000,0.0,0.0
2001-12-26 00:00:00+09:00,208.73905944824216,210.7956019058603,207.19665260502856,208.7390594482422,39000,0.0,0.0
2001-12-27 00:00:00+09:00,208.73910224000514,211.30978083902,208.73910224000514,210.28150939941406,68000,0.0,0.0
2001-12-28 00:00:00+09:00,210.79563324268045,214.3945830785311,210.79563324268045,213.8804473876953,35000,0.0,0.0
2001-12-31 00:00:00+09:00,213.8804473876953,213.8804473876953,213.8804473876953,213.8804473876953,0,0.0,0.0
2002-01-01 00:00:00+09:00,213.8804473876953,213.8804473876953,213.8804473876953,213.8804473876953,0,0.0,0.0
2002-01-02 00:00:00+09:00,213.8804473876953,213.8804473876953,213.8804473876953,213.8804473876953,0,0.0,0.0
2002-01-03 00:00:00+09:00,213.8804473876953,213.8804473876953,213.8804473876953,213.8804473876953,0,0.0,0.0
2002-01-04 00:00:00+09:00,215.93699040718712,218.50766886441554,215.93699040718712,216.4511260986328,20000,0.0,0.0
2002-01-07 00:00:00+09:00,221.59236309506477,225.7054464007736,221.07822768185116,224.1630401611328,73000,0.0,0.0
2002-01-08 00:00:00+09:00,225.70554637456956,225.70554637456956,216.96524047851562,216.96524047851562,59000,0.0,0.0
2002-01-09 00:00:00+09:00,216.45107006394718,217.9934767389872,212.8521211555205,213.3662567138672,45000,0.0,0.0
2002-01-10 00:00:00+09:00,210.79559728681897,214.39454650878906,210.79559728681897,214.39454650878906,122000,0.0,0.0
2002-01-11 00:00:00+09:00,216.96521165635852,216.96521165635852,210.79558478461374,212.8521270751953,81000,0.0,0.0
2002-01-14 00:00:00+09:00,212.8521270751953,212.8521270751953,212.8521270751953,212.8521270751953,0,0.0,0.0
2002-01-15 00:00:00+09:00,208.22492383383764,210.28146629145579,208.22492383383764,208.7390594482422,77000,0.0,0.0
2002-01-16 00:00:00+09:00,209.25316098656984,210.79556757860843,207.71075439453125,207.71075439453125,128000,0.0,0.0
2002-01-17 00:00:00+09:00,207.71077134874133,212.8521270751953,207.19663577609592,212.8521270751953,81000,0.0,0.0
2002-01-18 00:00:00+09:00,213.3662567138672,213.3662567138672,209.7673078054405,213.3662567138672,83000,0.0,0.0
2002-01-21 00:00:00+09:00,213.88040900735294,220.5641717888327,213.36627340877757,218.50762939453125,58000,0.0,0.0
2002-01-22 00:00:00+09:00,218.50770299140248,221.07838185012488,211.8239379587243,212.33807373046875,96000,0.0,0.0
2002-01-23 00:00:00+09:00,212.33804056706734,223.64902577887236,211.30976918417596,216.4511260986328,124000,0.0,0.0
2002-01-24 00:00:00+09:00,216.45107006394718,217.47934118064052,213.3662567138672,213.3662567138672,41000,0.0,0.0
2002-01-25 00:00:00+09:00,213.88039822048611,214.90866936577692,212.8521270751953,212.8521270751953,41000,0.0,0.0
2002-01-28 00:00:00+09:00,210.28147614117967,212.85215433361464,209.76734050269266,211.82388305664062,53000,0.0,0.0
2002-01-29 00:00:00+09:00,211.30970764160156,211.30970764160156,209.25316547477334,211.30970764160156,30000,0.0,0.0
2002-01-30 00:00:00+09:00,210.79557892213384,213.3662567138672,208.73903668874718,213.3662567138672,82000,0.0,0.0
2002-01-31 00:00:00+09:00,213.3662567138672,213.3662567138672,213.3662567138672,213.3662567138672,0,0.0,0.0
2002-02-01 00:00:00+09:00,212.85220950221324,213.36634527395773,211.30980218697982,212.33807373046875,64000,0.0,0.0
2002-02-04 00:00:00+09:00,213.88044764140437,222.620754395981,213.36631194995869,216.4511260986328,79000,0.0,0.0
2002-02-05 00:00:00+09:00,214.90866338890717,215.42279894725385,211.30971448048052,213.3662567138672,48000,0.0,0.0
2002-02-06 00:00:00+09:00,214.90872192382812,215.4228576222105,211.82390773353396,214.90872192382812,23000,0.0,0.0
2002-02-07 00:00:00+09:00,213.88039227221384,214.90866338890717,211.82385003882717,213.3662567138672,48000,0.0,0.0
2002-02-08 00:00:00+09:00,211.30972885504002,213.88040682164635,210.28145766839748,210.79559326171875,139000,0.0,0.0
2002-02-11 00:00:00+09:00,210.79559326171875,210.79559326171875,210.79559326171875,210.79559326171875,0,0.0,0.0
2002-02-12 00:00:00+09:00,211.30973288995756,214.90868211192765,211.30973288995756,214.39454650878906,50000,0.0,0.0
2002-02-13 00:00:00+09:00,215.9369878168706,220.56420898437497,215.9369878168706,220.564208984375,63000,0.0,0.0
2002-02-14 00:00:00+09:00,217.47940041573995,220.05007890765177,214.90872192382812,214.90872192382812,80000,0.0,0.0
2002-02-15 00:00:00+09:00,215.42279738117335,220.0500173726544,214.90866182656436,217.47933959960938,55000,0.0,0.0
2002-02-18 00:00:00+09:00,217.4793589037518,221.07830810546875,217.4793589037518,221.07830810546875,44000,0.0,0.0
2002-02-19 00:00:00+09:00,220.56417250522347,221.59244370571403,216.96522330350655,221.07830810546875,79000,0.0,0.0
2002-02-20 00:00:00+09:00,221.0782455019573,240.61539277887445,221.0782455019573,240.10125732421875,557000,0.0,0.0
2002-02-21 00:00:00+09:00,242.67201561263846,251.9264568860018,240.6154731074466,243.70028686523438,455000,0.0,0.0
2002-02-22 00:00:00+09:00,233.93168723064923,239.5871785702913,232.38928050165592,236.5023651123047,195000,0.0,0.0
2002-02-25 00:00:00+09:00,239.07305777322298,245.75682067871094,236.5023797326507,245.75682067871094,128000,0.0,0.0
2002-02-26 00:00:00+09:00,246.78509189493985,254.49712601665672,241.64373581379527,245.75682067871094,329000,0.0,0.0
2002-02-27 00:00:00+09:00,250.89816542163337,251.41230100651376,246.7850807425902,249.3557586669922,286000,0.0,0.0
2002-02-28 00:00:00+09:00,254.49713134765625,260.6667587742661,251.92645325323548,254.49713134765625,522000,0.0,0.0
2002-03-01 00:00:00+09:00,257.0678471113703,265.8081539131569,253.9830329460339,261.695068359375,473000,0.0,0.0
2002-03-04 00:00:00+09:00,266.8363588186411,272.4918500460111,265.80808768639196,267.3504943847656,311000,0.0,0.0
2002-03-05 00:00:00+09:00,272.49190039155155,277.1191213415967,267.3505437803902,270.9494934082031,296000,0.0,0.0
2002-03-06 00:00:00+09:00,269.92122208597084,270.9494934082031,265.80813679704175,270.9494934082031,249000,0.0,0.0
2002-03-07 00:00:00+09:00,270.9494392122028,273.5201170035899,268.37876142081564,273.0059814453125,196000,0.0,0.0
2002-03-08 00:00:00+09:00,272.49179632013494,282.7745056152344,271.463525390625,282.7745056152344,428000,0.0,0.0
2002-03-11 00:00:00+09:00,282.7745290902945,285.345206627479,277.6331740159255,280.7179870605469,231000,0.0,0.0
2002-03-12 00:00:00+09:00,281.7462580754207,282.7745290902945,278.6614450307993,280.7179870605469,121000,0.0,0.0
2002-03-13 00:00:00+09:00,280.2038538541725,292.02897062233023,278.14731180753637,285.8593444824219,402000,0.0,0.0
2002-03-14 00:00:00+09:00,281.74623468572446,282.7745056152344,279.1755573619496,282.7745056152344,159000,0.0,0.0
2002-03-15 00:00:00+09:00,277.63320239622203,281.74628687616604,275.57666015625,275.57666015625,118000,0.0,0.0
2002-03-18 00:00:00+09:00,280.2039353082935,280.71807096940967,267.3505437803902,270.9494934082031,154000,0.0,0.0
2002-03-19 00:00:00+09:00,269.92109472101384,274.03417806914354,267.86455304694897,271.4635009765625,97000,0.0,0.0
2002-03-20 00:00:00+09:00,271.4635896943306,285.3452505309725,271.4635896943306,282.26043701171875,230000,0.0,0.0
2002-03-21 00:00:00+09:00,282.26043701171875,282.26043701171875,282.26043701171875,282.26043701171875,0,0.0,0.0
2002-03-22 00:00:00+09:00,282.7745813718984,293.05729342178563,280.2039033594266,292.0290222167969,309000,0.0,0.0
2002-03-25 00:00:00+09:00,292.0290467274001,299.7410814121025,287.91596156222545,292.5431823730469,253000,0.0,0.0
2002-03-26 00:00:00+09:00,292.0244768667912,293.5805575605752,286.31884765625,286.31884765625,90000,5.0,0.0
2002-03-27 00:00:00+09:00,285.8001804736776,285.8001804736776,275.4263082241793,282.6880187988281,116000,0.0,0.0
2002-03-28 00:00:00+09:00,279.57586029221335,284.24410285738946,274.38892410868436,281.650634765625,135000,0.0,0.0
2002-03-29 00:00:00+09:00,284.24407958984375,287.87493462110086,282.16930528626824,284.24407958984375,107000,0.0,0.0
2002-04-01 00:00:00+09:00,285.281440520955,285.281440520955,275.42626348477654,277.50103759765625,60000,0.0,0.0
2002-04-02 00:00:00+09:00,270.7579976744571,276.9823194600768,270.7579976744571,275.4262390136719,46000,0.0,0.0
2002-04-03 00:00:00+09:00,274.90756995655664,279.5758117105359,272.832795843677,277.50103759765625,73000,0.0,0.0
2002-04-04 00:00:00+09:00,282.6879931571788,282.6879931571788,275.9449768066406,275.9449768066406,49000,0.0,0.0
2002-04-05 00:00:00+09:00,280.6132475289192,281.650634765625,275.42631134539016,281.650634765625,57000,0.0,0.0
2002-04-08 00:00:00+09:00,281.13189229519566,281.13189229519566,276.4636505412164,277.50103759765625,34000,0.0,0.0
2002-04-09 00:00:00+09:00,275.4262419558202,276.98232241884745,272.31408102976576,274.38885498046875,57000,0.0,0.0
2002-04-10 00:00:00+09:00,270.2393493652344,270.7580429340736,267.6458815210383,270.2393493652344,39000,0.0,0.0
2002-04-11 00:00:00+09:00,272.83285789119384,272.83285789119384,267.1272277832031,267.1272277832031,28000,0.0,0.0
2002-04-12 00:00:00+09:00,265.05236901855466,266.60844946289063,258.3093537597656,259.34674072265625,64000,0.0,0.0
2002-04-15 00:00:00+09:00,254.6784774327042,261.940185546875,251.5663168123453,261.940185546875,97000,0.0,0.0
2002-04-16 00:00:00+09:00,261.9402939932687,261.9402939932687,254.15988922119143,261.4216003417969,47000,0.0,0.0
2002-04-17 00:00:00+09:00,268.16447313227707,269.2018598755354,264.53361953087295,268.68316650390625,45000,0.0,0.0
2002-04-18 00:00:00+09:00,268.68328540508566,271.79544701209437,267.64589820274944,269.7206726074219,50000,0.0,0.0
2002-04-19 00:00:00+09:00,267.12721885825107,281.6506404660783,267.12721885825107,274.9076232910156,109000,0.0,0.0
2002-04-22 00:00:00+09:00,277.5010467140184,287.3562240739555,277.5010467140184,284.76275634765625,163000,0.0,0.0
2002-04-23 00:00:00+09:00,286.31886865759407,289.4310302734375,284.76278784967235,289.4310302734375,128000,0.0,0.0
2002-04-24 00:00:00+09:00,288.39367631148593,288.39367631148593,282.6880460247479,283.7254333496094,84000,0.0,0.0
2002-04-25 00:00:00+09:00,283.20664443969724,290.4683532714844,283.20664443969724,290.4683532714844,103000,0.0,0.0
2002-04-26 00:00:00+09:00,298.24880546247454,304.4731283590827,293.06186971530104,294.6179504394531,461000,0.0,0.0
2002-04-29 00:00:00+09:00,294.6179504394531,294.6179504394531,294.6179504394531,294.6179504394531,0,0.0,0.0
2002-04-30 00:00:00+09:00,295.6553086622955,299.2861633300781,290.46837342260613,299.2861633300781,148000,0.0,0.0
2002-05-01 00:00:00+09:00,303.4356412020597,303.4356412020597,296.692626953125,296.692626953125,161000,0.0,0.0
2002-05-02 00:00:00+09:00,295.6552950541178,301.87961705525714,295.6552950541178,298.7674560546875,127000,0.0,0.0
2002-05-03 00:00:00+09:00,298.7674560546875,298.7674560546875,298.7674560546875,298.7674560546875,0,0.0,0.0
2002-05-06 00:00:00+09:00,298.7674560546875,298.7674560546875,298.7674560546875,298.7674560546875,0,0.0,0.0
2002-05-07 00:00:00+09:00,300.84222303118025,300.84222303118025,290.4683532714844,290.4683532714844,89000,0.0,0.0
2002-05-08 00:00:00+09:00,291.50581600791526,300.84230121813323,291.50581600791526,295.6553649902344,189000,0.0,0.0
2002-05-09 00:00:00+09:00,303.9543675603093,311.2160760003167,300.84220680030614,307.0665283203125,616000,0.0,0.0
2002-05-10 00:00:00+09:00,296.692626953125,300.32348077947444,290.46830610795456,296.692626953125,274000,0.0,0.0
2002-05-13 00:00:00+09:00,294.61790318815906,295.1365966796875,293.0618227135737,295.1365966796875,62000,0.0,0.0
2002-05-14 00:00:00+09:00,296.174068369764,297.73014928939494,288.39366377160906,292.543212890625,140000,0.0,0.0
2002-05-15 00:00:00+09:00,295.6552961231333,296.17398962510373,293.06182861328125,293.06182861328125,67000,0.0,0.0
2002-05-16 00:00:00+09:00,295.6552892224542,300.84222412109375,294.0992087528623,300.84222412109375,113000,0.0,0.0
2002-05-17 00:00:00+09:00,301.8795833389652,301.8795833389652,295.6552620330071,299.8048095703125,79000,0.0,0.0
2002-05-20 00:00:00+09:00,300.842263889645,302.9170381233667,297.73010253906244,297.7301025390625,70000,0.0,0.0
2002-05-21 00:00:00+09:00,301.8796090628763,301.8796090628763,293.06181979471665,296.1739807128906,80000,0.0,0.0
2002-05-22 00:00:00+09:00,290.9871223851254,295.6553649902344,282.68802442048724,295.6553649902344,113000,0.0,0.0
2002-05-23 00:00:00+09:00,290.46831691576085,300.84218537703805,290.46831691576085,298.24871826171875,69000,0.0,0.0
2002-05-24 00:00:00+09:00,300.8422311428374,300.8422311428374,290.98705460539963,293.06182861328125,59000,0.0,0.0
2002-05-27 00:00:00+09:00,298.2488074037288,298.2488074037288,288.9123229980469,288.9123229980469,54000,0.0,0.0
2002-05-28 00:00:00+09:00,287.356201171875,288.912281683636,283.2066531405122,287.356201171875,87000,0.0,0.0
2002-05-29 00:00:00+09:00,292.5431502058699,292.5431502058699,285.2814408035966,287.8749084472656,55000,0.0,0.0
2002-05-30 00:00:00+09:00,283.7254037651227,289.94972706527165,282.68801654843116,288.3936462402344,61000,0.0,0.0
2002-05-31 00:00:00+09:00,281.65055993562254,285.2814142994335,280.09447949398924,281.1318664550781,49000,0.0,0.0
2002-06-03 00:00:00+09:00,291.50578646573155,291.50578646573155,280.6132214910334,285.2814636230469,54000,0.0,0.0
2002-06-04 00:00:00+09:00,284.76279324872775,284.76279324872775,282.1693251863532,282.6880187988281,24000,0.0,0.0
2002-06-05 00:00:00+09:00,282.68794689671137,285.2814142994335,281.1318664550781,281.1318664550781,44000,0.0,0.0
2002-06-06 00:00:00+09:00,281.13190002441405,286.31883544921874,274.90757751464844,280.0945129394531,74000,0.0,0.0
2002-06-07 00:00:00+09:00,275.9449768066406,275.9449768066406,271.79542828323247,275.9449768066406,87000,0.0,0.0
2002-06-10 00:00:00+09:00,275.94496459960936,280.0945129394531,275.4262710571289,280.0945129394531,46000,0.0,0.0
2002-06-11 00:00:00+09:00,280.0944657246419,285.28140027509824,279.57577226959626,280.6131591796875,48000,0.0,0.0
2002-06-12 00:00:00+09:00,277.50103759765625,282.1692793516355,276.98234406943635,277.50103759765625,27000,0.0,0.0
2002-06-13 00:00:00+09:00,277.5011427011063,278.01983642578125,273.8702866283815,278.01983642578125,28000,0.0,0.0
2002-06-14 00:00:00+09:00,269.7206726074219,277.50107662494366,266.60851100041316,269.7206726074219,124000,0.0,0.0
2002-06-17 00:00:00+09:00,259.8655167366694,269.20200236792704,256.75335485958357,267.1272277832031,48000,0.0,0.0
2002-06-18 00:00:00+09:00,272.31407775878904,272.31407775878904,259.34674072265625,259.34674072265625,37000,0.0,0.0
2002-06-19 00:00:00+09:00,258.82807140507975,258.82807140507975,244.30465256872256,251.04766845703125,69000,0.0,0.0
2002-06-20 00:00:00+09:00,245.86066650646003,249.49152023123898,245.86066650646003,247.93544006347656,54000,0.0,0.0
2002-06-21 00:00:00+09:00,244.82333032016098,245.342023816602,240.67378234863284,240.6737823486328,51000,0.0,0.0
2002-06-24 00:00:00+09:00,238.5990265024689,239.63641357421875,233.41209114371958,239.63641357421875,43000,0.0,0.0
2002-06-25 00:00:00+09:00,240.15503922466456,248.45413345273073,239.63634583541042,247.93544006347656,61000,0.0,0.0
2002-06-26 00:00:00+09:00,250.5289810180664,250.5289810180664,238.59902954101562,238.59902954101562,22000,0.0,0.0
2002-06-27 00:00:00+09:00,241.71113586425784,245.8606832610691,241.71113586425784,241.7111358642578,24000,0.0,0.0
2002-06-28 00:00:00+09:00,238.5990896205066,248.97296308226774,238.5990896205066,248.4542694091797,52000,0.0,0.0
2002-07-01 00:00:00+09:00,243.78599389596602,246.89815552016984,241.71121947983013,244.3046875,18000,0.0,0.0
2002-07-02 00:00:00+09:00,244.30464321704622,244.30464321704622,242.74856268700134,243.78594970703125,14000,0.0,0.0
2002-07-03 00:00:00+09:00,243.78599254901593,269.7206726074219,240.6738309420072,269.7206726074219,99000,0.0,0.0
2002-07-04 00:00:00+09:00,264.5337035016316,264.5337035016316,255.1972198486328,255.1972198486328,33000,0.0,0.0
2002-07-05 00:00:00+09:00,256.2346410845024,264.53373877144986,254.15986666276555,264.0150451660156,29000,0.0,0.0
2002-07-08 00:00:00+09:00,267.64584252142134,267.64584252142134,257.27197265625,257.27197265625,28000,0.0,0.0
2002-07-09 00:00:00+09:00,257.27205113002236,261.9402939932687,251.56642096383231,261.4216003417969,29000,0.0,0.0
2002-07-10 00:00:00+09:00,259.8654479980469,261.4215285249813,259.34675448906876,259.8654479980469,38000,0.0,0.0
2002-07-11 00:00:00+09:00,254.6784892769017,254.6784892769017,248.45416774671264,252.08502197265625,35000,0.0,0.0
2002-07-12 00:00:00+09:00,252.08502197265625,257.27195658114715,252.08502197265625,252.08502197265625,6000,0.0,0.0
2002-07-15 00:00:00+09:00,248.9728684137864,250.0102553655105,246.3794010344761,249.49156188964844,28000,0.0,0.0
2002-07-16 00:00:00+09:00,244.30464321704622,245.8607237470911,239.1177081168966,243.78594970703125,78000,0.0,0.0
2002-07-17 00:00:00+09:00,242.2298127816811,247.9354400634766,240.15503922466456,247.93544006347656,29000,0.0,0.0
2002-07-18 00:00:00+09:00,251.0477180032169,264.53375244140625,251.0477180032169,264.53375244140625,112000,0.0,0.0
2002-07-19 00:00:00+09:00,254.1598046620687,254.1598046620687,248.97286987304688,248.97286987304688,20000,0.0,0.0
2002-07-22 00:00:00+09:00,248.97292351973684,249.49161711040296,244.30468120374178,246.37945556640625,60000,0.0,0.0
2002-07-23 00:00:00+09:00,245.8607569209865,254.15985420101978,244.82336976098233,253.12246704101562,32000,0.0,0.0
2002-07-24 00:00:00+09:00,258.3093570733221,258.3093570733221,247.41679382324222,247.4167938232422,28000,0.0,0.0
2002-07-25 00:00:00+09:00,255.19718273775078,255.19718273775078,252.08502197265625,252.08502197265625,24000,0.0,0.0
2002-07-26 00:00:00+09:00,252.08502708047126,252.08502708047126,244.82331848144534,244.8233184814453,23000,0.0,0.0
2002-07-29 00:00:00+09:00,246.37941538382506,249.49157642025233,239.11770629882812,239.11770629882812,77000,0.0,0.0
2002-07-30 00:00:00+09:00,242.7485481262207,251.56633726755777,242.7485481262207,248.97286987304688,15000,0.0,0.0
2002-07-31 00:00:00+09:00,248.97286987304688,248.97286987304688,243.78593508402506,248.97286987304688,34000,0.0,0.0
2002-08-01 00:00:00+09:00,243.78594970703125,243.78594970703125,242.22986917698637,243.78594970703125,19000,0.0,0.0
2002-08-02 00:00:00+09:00,243.26731240696841,243.26731240696841,235.48690795898435,235.48690795898438,65000,0.0,0.0
2002-08-05 00:00:00+09:00,235.48690795898435,238.59906973817797,235.48690795898435,235.48690795898438,29000,0.0,0.0
2002-08-06 00:00:00+09:00,235.48690795898435,237.56168247844676,235.48690795898435,235.48690795898438,24000,0.0,0.0
2002-08-07 00:00:00+09:00,236.52423876847206,239.11770629882812,236.52423876847206,239.11770629882812,29000,0.0,0.0
2002-08-08 00:00:00+09:00,241.7111877177185,242.74857478946836,238.5990265024689,239.63641357421875,38000,0.0,0.0
2002-08-09 00:00:00+09:00,242.22982928885924,244.8232964118663,239.63636216585218,241.7111358642578,35000,0.0,0.0
2002-08-12 00:00:00+09:00,240.67384425764038,240.67384425764038,235.48690795898435,235.48690795898438,22000,0.0,0.0
2002-08-13 00:00:00+09:00,235.48690795898435,238.59906973817797,235.48690795898435,235.48690795898438,15000,0.0,0.0
2002-08-14 00:00:00+09:00,234.96817016601565,237.0429442955169,234.44947663364033,234.96817016601562,19000,0.0,0.0
2002-08-15 00:00:00+09:00,240.15510704243079,240.15510704243079,234.44947814941406,234.44947814941406,15000,0.0,0.0
2002-08-16 00:00:00+09:00,238.5990248926428,238.5990248926428,234.96817016601565,234.96817016601562,16000,0.0,0.0
2002-08-19 00:00:00+09:00,237.56158728348584,237.56158728348584,235.48681359542044,236.52420043945312,29000,0.0,0.0
2002-08-20 00:00:00+09:00,236.52427360168193,237.5616607666016,234.96819285430243,237.56166076660156,42000,0.0,0.0
2002-08-21 00:00:00+09:00,237.56164245605467,241.19249725341797,236.52425537109374,238.59902954101562,24000,0.0,0.0
2002-08-22 00:00:00+09:00,238.5989340335195,240.15501403808594,235.48677402438665,240.15501403808594,39000,0.0,0.0
2002-08-23 00:00:00+09:00,240.15501403808594,240.15501403808594,240.15501403808594,240.15501403808594,0,0.0,0.0
2002-08-26 00:00:00+09:00,238.59901901996622,242.22987365722656,238.0803255003576,242.22987365722656,22000,0.0,0.0
2002-08-27 00:00:00+09:00,238.59904793152123,240.15512867890072,235.48688643676226,237.56166076660156,37000,0.0,0.0
2002-08-28 00:00:00+09:00,240.15510548976874,240.15510548976874,234.44947663364033,234.96817016601562,28000,0.0,0.0
2002-08-29 00:00:00+09:00,235.48686359483017,235.48686359483017,229.78123474121094,229.78123474121094,31000,0.0,0.0
2002-08-30 00:00:00+09:00,229.7811921585438,231.855965902639,218.88863000204398,223.03817749023438,87000,0.0,0.0
2002-09-02 00:00:00+09:00,225.11299284831483,225.11299284831483,219.40736399732066,224.59429931640625,33000,0.0,0.0
2002-09-03 00:00:00+09:00,223.03822648291492,223.03822648291492,211.62696838378906,211.62696838378906,61000,0.0,0.0
2002-09-04 00:00:00+09:00,208.51479650426793,211.6269576461227,207.9961029806255,210.0708770751953,66000,0.0,0.0
2002-09-05 00:00:00+09:00,212.66440480800688,215.77656682958747,210.58963012695315,210.58963012695312,43000,0.0,0.0
2002-09-06 00:00:00+09:00,207.4773474584652,207.4773474584652,201.77172040335742,204.88388061523438,49000,0.0,0.0
2002-09-09 00:00:00+09:00,210.07094035216417,218.88873291015625,210.07094035216417,218.88873291015625,26000,0.0,0.0
2002-09-10 00:00:00+09:00,217.8513046665237,220.44477257922043,214.22044958874832,217.33261108398438,40000,0.0,0.0
2002-09-11 00:00:00+09:00,220.4447103101154,223.0381774902344,218.3699365660202,223.03817749023438,49000,0.0,0.0
2002-09-12 00:00:00+09:00,222.5195220229205,222.5195220229205,217.85128030215995,220.4447479248047,35000,0.0,0.0
2002-09-13 00:00:00+09:00,220.44473562398417,220.44473562398417,215.77649416371156,219.4073486328125,68000,0.0,0.0
2002-09-16 00:00:00+09:00,219.40734863281247,219.40734863281247,219.40734863281247,219.4073486328125,0,0.0,0.0
2002-09-17 00:00:00+09:00,219.92604404025604,224.0755920410156,219.92604404025604,224.07559204101562,53000,0.0,0.0
2002-09-18 00:00:00+09:00,216.29522081678667,218.3699951171875,215.77652724168647,218.3699951171875,46000,0.0,0.0
2002-09-19 00:00:00+09:00,217.33252259726834,224.5942297962224,217.33252259726834,222.00076293945312,28000,0.0,0.0
2002-09-20 00:00:00+09:00,223.03822787639967,226.15038919560524,221.48214721679688,221.48214721679688,83000,0.0,0.0
2002-09-23 00:00:00+09:00,221.48214721679688,221.48214721679688,221.48214721679688,221.48214721679688,0,0.0,0.0
2002-09-24 00:00:00+09:00,220.4447479248047,220.4447479248047,217.85128030215995,220.4447479248047,35000,0.0,0.0
2002-09-25 00:00:00+09:00,220.44474283854169,222.01934814453128,218.8701375325521,222.01934814453125,25000,5.0,0.0
2002-09-26 00:00:00+09:00,222.54419484692954,228.31774707173196,222.01932646285658,225.6934051513672,54000,0.0,0.0
2002-09-27 00:00:00+09:00,225.6934556173622,228.84266662597656,223.06911311018357,228.84266662597656,52000,0.0,0.0
2002-09-30 00:00:00+09:00,226.7431419195131,226.7431419195131,223.06906323100247,225.6934051513672,39000,0.0,0.0
2002-10-01 00:00:00+09:00,223.069091796875,223.069091796875,220.4447495404412,223.069091796875,38000,0.0,0.0
2002-10-02 00:00:00+09:00,224.11887026402147,224.11887026402147,219.919921875,219.919921875,17000,0.0,0.0
2002-10-03 00:00:00+09:00,219.39498557404076,219.39498557404076,212.5716965490108,218.8701171875,28000,0.0,0.0
2002-10-04 00:00:00+09:00,213.62142456799018,215.19602966308594,213.09655620295825,215.19602966308594,11000,0.0,0.0
2002-10-07 00:00:00+09:00,213.62145498091496,213.62145498091496,201.0246124267578,201.0246124267578,38000,0.0,0.0
2002-10-08 00:00:00+09:00,199.449986167576,199.449986167576,193.15156555175778,193.1515655517578,60000,0.0,0.0
2002-10-09 00:00:00+09:00,193.67651519775393,194.20138380262588,188.95269775390628,188.95269775390625,25000,0.0,0.0
2002-10-10 00:00:00+09:00,188.95262458107686,188.95262458107686,184.22880896654996,184.75367736816406,28000,0.0,0.0
2002-10-11 00:00:00+09:00,188.4277648925781,188.4277648925781,185.80342276315503,188.42776489257812,38000,0.0,0.0
2002-10-14 00:00:00+09:00,188.4277648925781,188.4277648925781,188.4277648925781,188.42776489257812,0,0.0,0.0
2002-10-15 00:00:00+09:00,191.57705688476565,195.7760060767605,191.57705688476565,191.57705688476562,28000,0.0,0.0
2002-10-16 00:00:00+09:00,195.77590046033183,196.8256371920226,192.10182189941406,192.10182189941406,42000,0.0,0.0
2002-10-17 00:00:00+09:00,188.95269775390628,190.52730356852214,188.95269775390628,188.95269775390625,35000,0.0,0.0
2002-10-18 00:00:00+09:00,192.62679418276437,196.30087472575985,191.57705688476565,191.57705688476562,133000,0.0,0.0
2002-10-21 00:00:00+09:00,191.5769719811125,192.62670881388573,187.90289306640625,187.90289306640625,135000,0.0,0.0
2002-10-22 00:00:00+09:00,188.42770220075334,188.42770220075334,183.70388793945312,183.70388793945312,84000,0.0,0.0
2002-10-23 00:00:00+09:00,181.07957458496094,181.60444291709126,180.5547062528306,181.07957458496094,40000,0.0,0.0
2002-10-24 00:00:00+09:00,181.60456848144534,182.6543058715115,181.07969978641225,181.6045684814453,50000,0.0,0.0
2002-10-25 00:00:00+09:00,180.02981018066407,183.70388793945312,180.02981018066407,183.70388793945312,203000,0.0,0.0
2002-10-28 00:00:00+09:00,183.703987271178,190.5272782269646,182.12938166599648,187.37806701660156,97000,0.0,0.0
2002-10-29 00:00:00+09:00,184.75372108716644,186.85319519042972,183.179115509719,186.8531951904297,95000,0.0,0.0
2002-10-30 00:00:00+09:00,183.7039507352389,191.05210876464844,181.60447701255043,191.05210876464844,173000,0.0,0.0
2002-10-31 00:00:00+09:00,188.42777165547633,189.47750854492188,186.32829787658522,189.47750854492188,120000,0.0,0.0
2002-11-01 00:00:00+09:00,188.9525979395071,191.05207124994604,188.9525979395071,190.00233459472656,23000,0.0,0.0
2002-11-04 00:00:00+09:00,190.00233459472656,190.00233459472656,190.00233459472656,190.00233459472656,0,0.0,0.0
2002-11-05 00:00:00+09:00,190.0023669001192,192.626708984375,190.0023669001192,192.626708984375,26000,0.0,0.0
2002-11-06 00:00:00+09:00,191.57695353356868,193.15155863110488,190.5272168018779,192.10182189941406,70000,0.0,0.0
2002-11-07 00:00:00+09:00,193.67644108191013,201.54946714215038,193.67644108191013,198.9251251220703,88000,0.0,0.0
2002-11-08 00:00:00+09:00,198.92509939315474,199.44996772928442,196.82562604863594,197.35049438476562,58000,0.0,0.0
2002-11-11 00:00:00+09:00,197.3505126289699,197.3505126289699,193.15156555175778,193.1515655517578,53000,0.0,0.0
2002-11-12 00:00:00+09:00,192.62671405666478,192.62671405666478,190.0023719033042,191.05210876464844,37000,0.0,0.0
2002-11-13 00:00:00+09:00,191.5769719811125,191.5769719811125,187.37802465001965,187.90289306640625,24000,0.0,0.0
2002-11-14 00:00:00+09:00,185.27854576977816,186.85315097462046,184.22880896654996,184.75367736816406,28000,0.0,0.0
2002-11-15 00:00:00+09:00,185.2785949707031,188.42780621666407,183.70398934772263,185.27859497070312,94000,0.0,0.0
2002-11-18 00:00:00+09:00,185.8034635116966,188.42780621666407,184.22885788871613,185.27859497070312,58000,0.0,0.0
2002-11-19 00:00:00+09:00,185.2785196462389,190.00233459472656,184.75365131862915,190.00233459472656,64000,0.0,0.0
2002-11-20 00:00:00+09:00,190.00245093776758,197.87548067275793,190.00245093776758,191.57705688476562,219000,0.0,0.0
2002-11-21 00:00:00+09:00,192.62667935959837,198.40023105702502,192.62667935959837,197.35049438476562,52000,0.0,0.0
2002-11-22 00:00:00+09:00,199.44996945143959,208.3727312426882,199.44996945143959,206.79812622070312,87000,0.0,0.0
2002-11-25 00:00:00+09:00,207.3230235420879,209.9473656122409,206.27328671402668,208.8976287841797,70000,0.0,0.0
2002-11-26 00:00:00+09:00,209.94733626467323,213.09654630864333,206.79812622070312,206.79812622070312,52000,0.0,0.0
2002-11-27 00:00:00+09:00,206.7981551280573,209.9473656122409,206.7981551280573,208.8976287841797,45000,0.0,0.0
2002-11-28 00:00:00+09:00,210.99715968540738,216.77071380615237,210.99715968540738,213.0966339111328,66000,0.0,0.0
2002-11-29 00:00:00+09:00,215.720920299974,225.69342026517964,215.19605188075266,220.9696044921875,99000,0.0,0.0
2002-12-02 00:00:00+09:00,220.9696044921875,220.9696044921875,220.9696044921875,220.9696044921875,0,0.0,0.0
2002-12-03 00:00:00+09:00,229.36744091626937,231.46691405966772,226.21823120117185,226.21823120117188,63000,0.0,0.0
2002-12-04 00:00:00+09:00,226.21823587150215,226.21823587150215,220.44468460796034,224.6436309814453,38000,0.0,0.0
2002-12-05 00:00:00+09:00,224.64370420903109,225.1685726768092,219.39501953125,219.39501953125,46000,0.0,0.0
2002-12-06 00:00:00+09:00,219.3950533263723,219.919921875,216.7707105832339,219.919921875,34000,0.0,0.0
2002-12-09 00:00:00+09:00,220.44474283854169,222.01934814453128,220.44474283854169,222.01934814453125,20000,0.0,0.0
2002-12-10 00:00:00+09:00,222.01934814453128,224.1188218858507,220.44474283854169,222.01934814453125,72000,0.0,0.0
2002-12-11 00:00:00+09:00,222.5441577947028,224.64363098144528,222.5441577947028,224.6436309814453,23000,0.0,0.0
2002-12-12 00:00:00+09:00,225.69340515136722,226.21827353544015,224.64366838322132,225.6934051513672,35000,0.0,0.0
2002-12-13 00:00:00+09:00,225.69340515136722,228.31774707173196,224.64366838322132,225.6934051513672,73000,0.0,0.0
2002-12-16 00:00:00+09:00,225.69343405330883,226.2183025045956,223.069091796875,223.069091796875,30000,0.0,0.0
2002-12-17 00:00:00+09:00,224.6436971507353,225.16856560202208,223.069091796875,223.069091796875,49000,0.0,0.0
2002-12-18 00:00:00+09:00,223.0690728612693,223.0690728612693,217.8203887939453,217.8203887939453,123000,0.0,0.0
2002-12-19 00:00:00+09:00,212.5716965490108,218.8701171875,210.9970913893885,218.8701171875,64000,0.0,0.0
2002-12-20 00:00:00+09:00,219.9198543924681,228.31774859361246,218.87011761732504,223.59393310546875,82000,0.0,0.0
2002-12-23 00:00:00+09:00,223.59393310546875,223.59393310546875,223.59393310546875,223.59393310546875,0,0.0,0.0
2002-12-24 00:00:00+09:00,226.21823120117185,228.3177043445702,225.69336291532227,226.21823120117188,84000,0.0,0.0
2002-12-25 00:00:00+09:00,226.21831846237183,235.14108276367188,226.21831846237183,235.14108276367188,102000,0.0,0.0
2002-12-26 00:00:00+09:00,235.14100180151257,235.14100180151257,228.84258211040063,229.89231872558594,51000,0.0,0.0
2002-12-27 00:00:00+09:00,232.5167168511285,240.3897433810764,231.46697998046878,236.1907958984375,57000,0.0,0.0
2002-12-30 00:00:00+09:00,238.81518225312757,238.81518225312757,236.19083959100527,238.29031372070312,21000,0.0,0.0
2002-12-31 00:00:00+09:00,238.29031372070312,238.29031372070312,238.29031372070312,238.29031372070312,0,0.0,0.0
2003-01-01 00:00:00+09:00,238.29031372070312,238.29031372070312,238.29031372070312,238.29031372070312,0,0.0,0.0
2003-01-02 00:00:00+09:00,238.29031372070312,238.29031372070312,238.29031372070312,238.29031372070312,0,0.0,0.0
2003-01-03 00:00:00+09:00,238.29031372070312,238.29031372070312,238.29031372070312,238.29031372070312,0,0.0,0.0
2003-01-06 00:00:00+09:00,238.29032353707944,240.9146663073116,237.2405864289866,239.86492919921875,13000,0.0,0.0
2003-01-07 00:00:00+09:00,240.3897433810764,244.06382242838544,240.3897433810764,240.91461181640625,20000,0.0,0.0
2003-01-08 00:00:00+09:00,240.91461843937,249.31251363551362,238.8151446403341,246.68817138671875,64000,0.0,0.0
2003-01-09 00:00:00+09:00,244.5886908637153,259.80987548828125,244.5886908637153,255.0860595703125,149000,0.0,0.0
2003-01-10 00:00:00+09:00,255.08601248604913,257.18548583984375,252.98653913225448,257.18548583984375,62000,0.0,0.0
2003-01-13 00:00:00+09:00,257.18548583984375,257.18548583984375,257.18548583984375,257.18548583984375,0,0.0,0.0
2003-01-14 00:00:00+09:00,256.1358642578125,258.2353385550077,256.1358642578125,256.1358642578125,34000,0.0,0.0
2003-01-15 00:00:00+09:00,255.6109280056424,256.13579644097223,252.98658582899307,255.0860595703125,59000,0.0,0.0
2003-01-16 00:00:00+09:00,252.98659427106875,254.56119962960238,252.4617258182242,254.0363311767578,34000,0.0,0.0
2003-01-17 00:00:00+09:00,252.98659090472552,254.56119624230678,252.98659090472552,253.51145935058594,32000,0.0,0.0
2003-01-20 00:00:00+09:00,253.51145088746375,254.56118774414062,253.51145088746375,254.56118774414062,43000,0.0,0.0
2003-01-21 00:00:00+09:00,254.56113372740072,255.61087036132815,253.5113970934733,255.61087036132812,61000,0.0,0.0
2003-01-22 00:00:00+09:00,255.6108808244978,259.28495919363843,254.56114414760046,257.18548583984375,74000,0.0,0.0
2003-01-23 00:00:00+09:00,257.1856239395912,260.3348356613005,257.1856239395912,259.8099670410156,44000,0.0,0.0
2003-01-24 00:00:00+09:00,259.809899320467,265.0585841552239,258.7601623535156,258.7601623535156,81000,0.0,0.0
2003-01-27 00:00:00+09:00,255.08605617247906,256.13579302915593,254.0363193158022,254.56118774414062,53000,0.0,0.0
2003-01-28 00:00:00+09:00,254.0363226996528,257.18553331163196,254.0363226996528,255.0860595703125,31000,0.0,0.0
2003-01-29 00:00:00+09:00,255.08605617247906,255.6109246008175,253.51145088746375,254.56118774414062,54000,0.0,0.0
2003-01-30 00:00:00+09:00,255.08601248604913,258.2352225167411,255.08601248604913,257.18548583984375,48000,0.0,0.0
2003-01-31 00:00:00+09:00,257.1855231804576,259.2849968390736,257.1855231804576,258.2352600097656,38000,0.0,0.0
2003-02-03 00:00:00+09:00,259.8099008236291,280.8046402841244,259.8099008236291,278.1802978515625,97000,0.0,0.0
2003-02-04 00:00:00+09:00,272.93161298643867,278.1802978515625,272.93161298643867,278.1802978515625,76000,0.0,0.0
2003-02-05 00:00:00+09:00,275.55590222371046,291.30195377935104,275.55590222371046,283.95379638671875,111000,0.0,0.0
2003-02-06 00:00:00+09:00,286.0533142089844,286.5781826754229,284.4787088096689,286.0533142089844,76000,0.0,0.0
2003-02-07 00:00:00+09:00,275.5559525123009,279.7549003601074,272.9316101074219,272.9316101074219,64000,0.0,0.0
2003-02-10 00:00:00+09:00,270.3072677025428,272.9316101074219,265.0585828927847,272.9316101074219,32000,0.0,0.0
2003-02-11 00:00:00+09:00,272.9316101074219,272.9316101074219,272.9316101074219,272.9316101074219,0,0.0,0.0
2003-02-12 00:00:00+09:00,271.35708572615437,285.5285389458955,270.307348450618,281.32958984375,24000,0.0,0.0
2003-02-13 00:00:00+09:00,276.60565508950884,278.7051287524273,272.4067077636719,272.4067077636719,20000,0.0,0.0
2003-02-14 00:00:00+09:00,272.93161298643867,280.279771797612,272.93161298643867,278.1802978515625,40000,0.0,0.0
2003-02-17 00:00:00+09:00,283.428955078125,283.428955078125,280.27974446614587,283.428955078125,35000,0.0,0.0
2003-02-18 00:00:00+09:00,283.95378600620427,284.47865437220463,282.3791809082031,282.3791809082031,65000,0.0,0.0
2003-02-19 00:00:00+09:00,282.37920801599597,283.9538132651558,281.8543395996094,281.8543395996094,111000,0.0,0.0
2003-02-20 00:00:00+09:00,281.85435983225784,287.1030443728958,281.85435983225784,285.0035705566406,84000,0.0,0.0
2003-02-21 00:00:00+09:00,287.6278921798621,288.1527605962487,281.8543395996094,281.8543395996094,55000,0.0,0.0
2003-02-24 00:00:00+09:00,283.42896519444923,285.5284390107044,283.42896519444923,285.0035705566406,36000,0.0,0.0
2003-02-25 00:00:00+09:00,285.00352622405495,285.00352622405495,278.7051057550151,282.904052734375,44000,0.0,0.0
2003-02-26 00:00:00+09:00,283.4289280015308,285.0035331570948,283.4289280015308,283.95379638671875,40000,0.0,0.0
2003-02-27 00:00:00+09:00,285.0035331570948,285.52840154228284,282.3791912311547,283.95379638671875,54000,0.0,0.0
2003-02-28 00:00:00+09:00,286.578125,291.3019402472528,285.5283882783883,286.578125,108000,0.0,0.0
2003-03-03 00:00:00+09:00,287.6279025607639,293.4014553493924,287.6279025607639,292.8765869140625,39000,0.0,0.0
2003-03-04 00:00:00+09:00,291.82687042511265,291.82687042511265,290.2522650091498,291.302001953125,26000,0.0,0.0
2003-03-05 00:00:00+09:00,291.82676587785994,294.9759755815778,289.202424458095,293.9262390136719,81000,0.0,0.0
2003-03-06 00:00:00+09:00,294.4511922200521,294.4511922200521,291.30198160807294,292.8765869140625,43000,0.0,0.0
2003-03-07 00:00:00+09:00,292.8765628766235,292.8765628766235,287.6278789541034,289.2024841308594,37000,0.0,0.0
2003-03-10 00:00:00+09:00,283.9537505525531,283.9537505525531,276.0807260455507,277.1304626464844,39000,0.0,0.0
2003-03-11 00:00:00+09:00,272.9316101074219,273.9813470693735,272.40674162644603,272.9316101074219,67000,0.0,0.0
2003-03-12 00:00:00+09:00,272.9315628168237,277.6553783271149,270.30722086666196,275.0310363769531,57000,0.0,0.0
2003-03-13 00:00:00+09:00,282.9041003075715,282.9041003075715,280.80462646484375,280.80462646484375,11000,0.0,0.0
2003-03-14 00:00:00+09:00,271.3569777007295,276.08079356012325,271.3569777007295,273.4564514160156,89000,0.0,0.0
2003-03-17 00:00:00+09:00,273.45648147295105,278.1802978515625,271.3570075269015,278.1802978515625,33000,0.0,0.0
2003-03-18 00:00:00+09:00,278.1802806538113,286.578175918832,278.1802806538113,285.0035705566406,22000,0.0,0.0
2003-03-19 00:00:00+09:00,284.47870210257685,286.578175918832,283.42896519444923,285.0035705566406,32000,0.0,0.0
2003-03-20 00:00:00+09:00,286.57820993311265,287.1030784494737,285.0036043840296,285.5284729003906,44000,0.0,0.0
2003-03-21 00:00:00+09:00,285.5284729003906,285.5284729003906,285.5284729003906,285.5284729003906,0,0.0,0.0
2003-03-24 00:00:00+09:00,290.77708237722703,291.3019507569693,285.52839857980416,288.1527404785156,45000,0.0,0.0
2003-03-25 00:00:00+09:00,288.6776088582579,291.8268191367116,288.1527404785156,288.1527404785156,40000,0.0,0.0
2003-03-26 00:00:00+09:00,282.8558851087416,296.0982018273156,282.8558851087416,293.97943115234375,31000,5.0,0.0
2003-03-27 00:00:00+09:00,292.91995017714595,292.91995017714595,290.8011801939478,291.8605651855469,12000,0.0,0.0
2003-03-28 00:00:00+09:00,291.3309631347656,291.3309631347656,289.2121924937855,291.3309631347656,40000,0.0,0.0
2003-03-31 00:00:00+09:00,290.8012549582492,290.8012549582492,282.8558654785156,282.8558654785156,21000,0.0,0.0
2003-04-01 00:00:00+09:00,280.2072741768577,282.85573612559926,279.6775817871094,279.6775817871094,6000,0.0,0.0
2003-04-02 00:00:00+09:00,279.6775936991752,284.9745178222656,278.0885164622481,284.9745178222656,24000,0.0,0.0
2003-04-03 00:00:00+09:00,279.6776897267145,281.26676750925265,272.2619934082031,272.2619934082031,46000,0.0,0.0
2003-04-04 00:00:00+09:00,261.6680882330804,274.910400390625,257.43054834266616,274.910400390625,55000,0.0,0.0
2003-04-07 00:00:00+09:00,275.4401489732794,275.4401489732794,269.6135304373062,272.2619934082031,28000,0.0,0.0
2003-04-08 00:00:00+09:00,271.20263287401576,271.20263287401576,266.96509173535924,269.0838623046875,31000,0.0,0.0
2003-04-09 00:00:00+09:00,267.4947600605887,272.2619934082031,267.4947600605887,272.2619934082031,26000,0.0,0.0
2003-04-10 00:00:00+09:00,272.26197234348854,279.67766808825286,272.26197234348854,277.0292053222656,31000,0.0,0.0
2003-04-11 00:00:00+09:00,277.5587881922051,282.3260192871094,277.5587881922051,282.3260192871094,61000,0.0,0.0
2003-04-14 00:00:00+09:00,282.32617089981426,282.8558635281441,279.1480151298351,281.7964782714844,38000,0.0,0.0
2003-04-15 00:00:00+09:00,281.79648118063665,291.33094858900404,280.73709591304026,283.38555908203125,65000,0.0,0.0
2003-04-16 00:00:00+09:00,286.0339796952701,292.9199829101562,286.0339796952701,292.91998291015625,70000,0.0,0.0
2003-04-17 00:00:00+09:00,291.33096780862894,293.97943115234375,291.33096780862894,293.97943115234375,20000,0.0,0.0
2003-04-18 00:00:00+09:00,296.09820463665926,296.62789731042784,295.038819289122,295.5685119628906,44000,0.0,0.0
2003-04-21 00:00:00+09:00,301.39511491865386,306.69204136713637,296.6278811150196,303.5138854980469,64000,0.0,0.0
2003-04-22 00:00:00+09:00,304.0435434887824,304.0435434887824,299.8060028129806,301.39508056640625,43000,0.0,0.0
2003-04-23 00:00:00+09:00,304.57320846877735,304.57320846877735,295.56843534883086,302.984130859375,44000,0.0,0.0
2003-04-24 00:00:00+09:00,302.98415626377863,304.0435414255401,299.80600077849425,300.335693359375,43000,0.0,0.0
2003-04-25 00:00:00+09:00,300.3356541068908,300.3356541068908,295.0387289903672,296.0981140136719,35000,0.0,0.0
2003-04-28 00:00:00+09:00,296.0982110757743,299.2763671875,292.9200549640487,299.2763671875,29000,0.0,0.0
2003-04-29 00:00:00+09:00,299.2763671875,299.2763671875,299.2763671875,299.2763671875,0,0.0,0.0
2003-04-30 00:00:00+09:00,293.97944123500645,301.39513885174534,293.97944123500645,299.8060607910156,26000,0.0,0.0
2003-05-01 00:00:00+09:00,299.80598612504235,299.80598612504235,291.3309052451825,292.91998291015625,22000,0.0,0.0
2003-05-02 00:00:00+09:00,291.8606632465103,295.5685119628906,291.8606632465103,295.5685119628906,16000,0.0,0.0
2003-05-05 00:00:00+09:00,295.5685119628906,295.5685119628906,295.5685119628906,295.5685119628906,0,0.0,0.0
2003-05-06 00:00:00+09:00,293.44971677090257,298.74664306640625,293.44971677090257,298.74664306640625,23000,0.0,0.0
2003-05-07 00:00:00+09:00,299.276401988247,301.92486572265625,298.7467092413651,301.92486572265625,19000,0.0,0.0
2003-05-08 00:00:00+09:00,306.69206008782476,316.7562209542646,306.16236741064375,314.1077575683594,88000,0.0,0.0
2003-05-09 00:00:00+09:00,314.10778456268565,314.10778456268565,309.8702427810643,311.989013671875,70000,0.0,0.0
2003-05-12 00:00:00+09:00,309.8701742306839,312.5186372582966,306.6920185975487,307.75140380859375,51000,0.0,0.0
2003-05-13 00:00:00+09:00,308.8108215332031,312.51867016224674,307.2217435493273,308.8108215332031,30000,0.0,0.0
2003-05-14 00:00:00+09:00,309.3405243844697,316.22652920809657,309.3405243844697,314.637451171875,69000,0.0,0.0
2003-05-15 00:00:00+09:00,316.7562561035156,317.28594883947466,315.1671778956384,316.7562561035156,61000,0.0,0.0
2003-05-16 00:00:00+09:00,315.1671447753906,317.2859154965697,315.1671447753906,315.1671447753906,32000,0.0,0.0
2003-05-19 00:00:00+09:00,317.8156081768645,317.8156081768645,314.1077594148011,315.1671447753906,61000,0.0,0.0
2003-05-20 00:00:00+09:00,315.69676153464394,324.7015349341221,315.69676153464394,323.1124572753906,152000,0.0,0.0
2003-05-21 00:00:00+09:00,324.7015349341221,325.2312274870325,322.0530721695697,323.1124572753906,95000,0.0,0.0
2003-05-22 00:00:00+09:00,322.0530339837272,322.0530339837272,316.756109082679,319.4045715332031,20000,0.0,0.0
2003-05-23 00:00:00+09:00,314.63739218487837,317.2858550820575,314.1076996054425,315.69677734375,70000,0.0,0.0
2003-05-26 00:00:00+09:00,315.6968374556854,315.6968374556854,315.1671447753906,315.1671447753906,75000,0.0,0.0
2003-05-27 00:00:00+09:00,315.16713250543654,315.16713250543654,307.7514352700145,308.2811279296875,44000,0.0,0.0
2003-05-28 00:00:00+09:00,308.81073758400095,314.63735527426513,308.81073758400095,312.5185852050781,45000,0.0,0.0
2003-05-29 00:00:00+09:00,314.6373210952473,314.6373210952473,309.3403964976842,310.9294738769531,29000,0.0,0.0
2003-05-30 00:00:00+09:00,305.6327009994429,314.10778456268565,305.6327009994429,311.989013671875,24000,0.0,0.0
2003-06-02 00:00:00+09:00,308.8108529391354,313.0483946604271,307.7514675088124,309.3405456542969,33000,0.0,0.0
2003-06-03 00:00:00+09:00,309.34051419449503,310.9295921783709,306.1623582267434,308.8108215332031,45000,0.0,0.0
2003-06-04 00:00:00+09:00,308.2810944077882,308.2810944077882,303.5138609891111,306.6920166015625,11000,0.0,0.0
2003-06-05 00:00:00+09:00,306.1623720962389,306.1623720962389,299.2763671875,299.2763671875,19000,0.0,0.0
2003-06-06 00:00:00+09:00,298.74658094714425,300.3356585053737,297.15750338891473,298.2168884277344,50000,0.0,0.0
2003-06-09 00:00:00+09:00,296.62784019823175,298.746610485362,296.62784019823175,297.6872253417969,29000,0.0,0.0
2003-06-10 00:00:00+09:00,298.2169250595549,303.5138509043072,298.2169250595549,301.39508056640625,47000,0.0,0.0
2003-06-11 00:00:00+09:00,299.8060369841091,303.5138854980468,299.8060369841091,303.5138854980469,37000,0.0,0.0
2003-06-12 00:00:00+09:00,303.5139439633018,304.04363671018365,301.3951729757744,301.92486572265625,22000,0.0,0.0
2003-06-13 00:00:00+09:00,304.0435414255401,304.0435414255401,300.335693359375,300.335693359375,55000,0.0,0.0
2003-06-16 00:00:00+09:00,298.2169743919715,298.2169743919715,295.038818359375,295.038818359375,17000,0.0,0.0
2003-06-17 00:00:00+09:00,296.6278108695049,301.92473606360323,296.6278108695049,298.2168884277344,45000,0.0,0.0
2003-06-18 00:00:00+09:00,298.74662757043393,307.751401805713,298.74662757043393,306.6920166015625,47000,0.0,0.0
2003-06-19 00:00:00+09:00,307.22173498067286,307.22173498067286,304.0435791015625,304.0435791015625,35000,0.0,0.0
2003-06-20 00:00:00+09:00,304.04360228629497,304.5732949732049,299.2763681041057,299.8060607910156,38000,0.0,0.0
2003-06-23 00:00:00+09:00,300.3356585053737,300.3356585053737,298.2168884277344,298.2168884277344,28000,0.0,0.0
2003-06-24 00:00:00+09:00,301.39507334427475,301.39507334427475,297.6872253417969,297.6872253417969,22000,0.0,0.0
2003-06-25 00:00:00+09:00,298.74667080965907,298.74667080965907,296.62790009469694,297.1575927734375,52000,0.0,0.0
2003-06-26 00:00:00+09:00,297.68720549470066,302.984130859375,297.1575129582332,302.984130859375,25000,0.0,0.0
2003-06-27 00:00:00+09:00,306.1623582267434,308.8108215332031,306.1623582267434,308.8108215332031,26000,0.0,0.0
2003-06-30 00:00:00+09:00,309.3405132490335,314.10774718609053,306.6920499506685,308.2811279296875,70000,0.0,0.0
2003-07-01 00:00:00+09:00,307.75140777327056,313.0483338967348,307.75140777327056,309.87017822265625,86000,0.0,0.0
2003-07-02 00:00:00+09:00,317.2858591715495,317.8155517578125,313.04831848144534,317.8155517578125,67000,0.0,0.0
2003-07-03 00:00:00+09:00,323.1124776204427,326.29063313802084,317.2858591715495,317.8155517578125,92000,0.0,0.0
2003-07-04 00:00:00+09:00,317.8156063086267,317.8156063086267,309.87021615091106,314.1077575683594,40000,0.0,0.0
2003-07-07 00:00:00+09:00,314.10772212022016,314.63741473762354,302.98417715474864,311.4592590332031,42000,0.0,0.0
2003-07-08 00:00:00+09:00,317.8155517578125,318.87493693033855,315.1670888264974,317.8155517578125,48000,0.0,0.0
2003-07-09 00:00:00+09:00,317.8154962713068,320.4639587402343,317.28580377752127,320.4639587402344,66000,0.0,0.0
2003-07-10 00:00:00+09:00,320.4641238797095,337.4142924154958,317.81566004599296,328.4095153808594,127000,0.0,0.0
2003-07-11 00:00:00+09:00,323.1123621027788,325.7608240872278,321.5232849121094,321.5232849121094,37000,0.0,0.0
2003-07-14 00:00:00+09:00,323.1125568149548,327.8797912597656,321.5234786666845,327.8797912597656,26000,0.0,0.0
2003-07-15 00:00:00+09:00,325.2313267976335,332.1173320881372,325.2313267976335,327.35009765625,45000,0.0,0.0
2003-07-16 00:00:00+09:00,327.87972324346407,328.9391084558824,322.5827971813726,324.171875,30000,0.0,0.0
2003-07-17 00:00:00+09:00,327.8796536532315,327.8796536532315,319.40457375266334,320.4639587402344,16000,0.0,0.0
2003-07-18 00:00:00+09:00,325.23135878039943,329.99859368108935,319.9344311129662,328.4095153808594,34000,0.0,0.0
2003-07-21 00:00:00+09:00,328.4095153808594,328.4095153808594,328.4095153808594,328.4095153808594,0,0.0,0.0
2003-07-22 00:00:00+09:00,328.4093573345401,333.70628245283916,325.76089477539057,325.7608947753906,75000,0.0,0.0
2003-07-23 00:00:00+09:00,330.52807734375,333.1765395019531,328.9390000488281,331.0577697753906,35000,0.0,0.0
2003-07-24 00:00:00+09:00,331.58751462073917,331.58751462073917,326.8202819824219,326.8202819824219,29000,0.0,0.0
2003-07-25 00:00:00+09:00,331.5876097883915,348.008082477593,329.9985317862107,345.359619140625,193000,0.0,0.0
2003-07-28 00:00:00+09:00,354.8941301618304,362.8395211356027,349.59720284598217,352.24566650390625,171000,0.0,0.0
2003-07-29 00:00:00+09:00,357.54255529952377,357.54255529952377,344.30023843657847,348.0080871582031,59000,0.0,0.0
2003-07-30 00:00:00+09:00,342.71115580365705,345.88931180801865,340.06269246668904,345.359619140625,75000,0.0,0.0
2003-07-31 00:00:00+09:00,342.18139019012455,342.18139019012455,337.9438497543335,339.00323486328125,40000,0.0,0.0
2003-08-01 00:00:00+09:00,338.47356467910964,339.0032572685918,334.23602396325225,334.7657165527344,59000,0.0,0.0
2003-08-04 00:00:00+09:00,333.70635694293884,335.2954348331433,328.4094306422573,332.1172790527344,34000,0.0,0.0
2003-08-05 00:00:00+09:00,328.4093734499008,335.8250689794147,328.4093734499008,333.706298828125,71000,0.0,0.0
2003-08-06 00:00:00+09:00,333.70644304829256,333.70644304829256,328.4095153808594,328.4095153808594,18000,0.0,0.0
2003-08-07 00:00:00+09:00,323.11251640319824,325.2312870025635,317.81558990478516,322.0531311035156,26000,0.0,0.0
2003-08-08 00:00:00+09:00,326.2905497934626,326.2905497934626,322.0530101857553,322.58270263671875,22000,0.0,0.0
2003-08-11 00:00:00+09:00,325.23119230868394,325.23119230868394,320.99365234375,320.99365234375,10000,0.0,0.0
2003-08-12 00:00:00+09:00,322.5827971813726,324.70156760620915,320.464026756536,324.171875,35000,0.0,0.0
2003-08-13 00:00:00+09:00,328.4094830855583,328.4094830855583,323.6422486536712,327.35009765625,39000,0.0,0.0
2003-08-14 00:00:00+09:00,328.40944580477696,328.40944580477696,323.6422119140625,323.6422119140625,72000,0.0,0.0
2003-08-15 00:00:00+09:00,332.64697265624994,332.64697265624994,332.64697265624994,332.64697265625,108000,0.0,0.0
2003-08-18 00:00:00+09:00,337.9438751460999,339.0032603346457,336.35479736328125,336.35479736328125,91000,0.0,0.0
2003-08-19 00:00:00+09:00,337.4141835626566,340.0626465419553,336.8844909667969,336.8844909667969,45000,0.0,0.0
2003-08-20 00:00:00+09:00,339.00326837091757,342.7111166187245,336.35480533676974,340.59234619140625,131000,0.0,0.0
2003-08-21 00:00:00+09:00,337.414182551827,337.9438751460999,333.7063343919168,336.35479736328125,52000,0.0,0.0
2003-08-22 00:00:00+09:00,334.236049573007,335.2954348331433,332.1172790527344,332.1172790527344,33000,0.0,0.0
2003-08-25 00:00:00+09:00,332.1171546386719,332.1171546386719,330.52807734375,331.0577697753906,31000,0.0,0.0
2003-08-26 00:00:00+09:00,330.52807734375,331.0577697753906,325.76084545898436,331.0577697753906,65000,0.0,0.0
2003-08-27 00:00:00+09:00,329.46886851486653,331.58763937348306,327.35009765625006,327.35009765625,43000,0.0,0.0
2003-08-28 00:00:00+09:00,326.82040582758543,328.93917669194576,326.82040582758543,327.8797912597656,31000,0.0,0.0
2003-08-29 00:00:00+09:00,326.8204287124492,342.1815185546875,325.76104320608795,342.1815185546875,86000,0.0,0.0
2003-09-01 00:00:00+09:00,344.30010322309283,355.42364501953125,344.30010322309283,355.42364501953125,188000,0.0,0.0
2003-09-02 00:00:00+09:00,354.8940358802024,355.4237284710684,344.3001840628829,351.1861877441406,82000,0.0,0.0
2003-09-03 00:00:00+09:00,354.8940568021392,357.5425199126029,339.00327813935684,345.8892822265625,68000,0.0,0.0
2003-09-04 00:00:00+09:00,343.2409116322758,346.9487609863281,341.6518333376819,346.9487609863281,27000,0.0,0.0
2003-09-05 00:00:00+09:00,341.65173140506533,346.9486574733609,339.00326837091757,340.59234619140625,53000,0.0,0.0
2003-09-08 00:00:00+09:00,339.00327813935684,346.948667470748,337.41420027307856,345.8892822265625,35000,0.0,0.0
2003-09-09 00:00:00+09:00,346.41895141601566,351.71587727864585,346.41895141601566,349.59710693359375,43000,0.0,0.0
2003-09-10 00:00:00+09:00,341.65177046886987,349.0674678123802,341.65177046886987,345.359619140625,40000,0.0,0.0
2003-09-11 00:00:00+09:00,345.8893070840025,346.94869240432104,342.7111511230469,342.7111511230469,21000,0.0,0.0
2003-09-12 00:00:00+09:00,346.4190314964012,346.4190314964012,341.1221044093002,343.2408752441406,71000,0.0,0.0
2003-09-15 00:00:00+09:00,343.2408752441406,343.2408752441406,343.2408752441406,343.2408752441406,0,0.0,0.0
2003-09-16 00:00:00+09:00,343.24077529907225,344.30016040802,336.35477209091187,339.00323486328125,55000,0.0,0.0
2003-09-17 00:00:00+09:00,344.30022336391505,348.0080719232187,339.003296850624,339.5329895019531,42000,0.0,0.0
2003-09-18 00:00:00+09:00,342.1813637869699,342.1813637869699,336.3547461373465,341.1219787597656,47000,0.0,0.0
2003-09-19 00:00:00+09:00,343.7705697397085,344.3002624511718,342.18149160531846,344.3002624511719,57000,0.0,0.0
2003-09-22 00:00:00+09:00,346.9486971428058,347.4783898101994,341.65177046886987,345.359619140625,86000,0.0,0.0
2003-09-23 00:00:00+09:00,345.359619140625,345.359619140625,345.359619140625,345.359619140625,0,0.0,0.0
2003-09-24 00:00:00+09:00,345.3596125166545,346.94869048835693,340.0626859443132,341.6517639160156,65000,0.0,0.0
2003-09-25 00:00:00+09:00,330.9751150103493,334.17809999432046,318.16317507446485,330.4412841796875,68000,5.0,0.0
2003-09-26 00:00:00+09:00,321.90001163576625,327.7721511515099,321.90001163576625,325.1029968261719,34000,0.0,0.0
2003-09-29 00:00:00+09:00,325.102983675505,325.102983675505,322.43382945813636,324.56915283203125,16000,0.0,0.0
2003-09-30 00:00:00+09:00,329.37369660568856,329.37369660568856,325.1030489997801,327.2383728027344,40000,0.0,0.0
2003-10-01 00:00:00+09:00,324.5690288821921,330.9749965574985,324.5690288821921,329.3735046386719,26000,0.0,0.0
2003-10-02 00:00:00+09:00,332.5766429387257,336.8472900390625,332.0428120511836,336.8472900390625,30000,0.0,0.0
2003-10-03 00:00:00+09:00,334.17808074713867,344.3208659455342,334.17808074713867,343.2532043457031,63000,0.0,0.0
2003-10-06 00:00:00+09:00,344.8547712053571,349.6592494419643,341.65178571428567,347.52392578125,152000,0.0,0.0
2003-10-07 00:00:00+09:00,344.3208923339844,346.9900465381238,344.3208923339844,344.3208923339844,95000,0.0,0.0
2003-10-08 00:00:00+09:00,341.65171529968455,344.3208693254633,337.9148996635942,338.44873046875,102000,0.0,0.0
2003-10-09 00:00:00+09:00,338.9825579463787,346.990019945112,338.9825579463787,343.2532043457031,62000,0.0,0.0
2003-10-10 00:00:00+09:00,339.51639696577905,344.3208742813325,339.51639696577905,341.1178894042969,71000,0.0,0.0
2003-10-13 00:00:00+09:00,341.1178894042969,341.1178894042969,341.1178894042969,341.1178894042969,0,0.0,0.0
2003-10-14 00:00:00+09:00,341.1179765293639,344.3209622244753,341.1179765293639,342.1856384277344,38000,0.0,0.0
2003-10-15 00:00:00+09:00,343.2531952381134,346.4561799526215,340.5840413093567,341.6517028808594,38000,0.0,0.0
2003-10-16 00:00:00+09:00,342.18554762852045,349.65917893397955,342.18554762852045,345.92236328125,118000,0.0,0.0
2003-10-17 00:00:00+09:00,344.8546487559443,346.4561409328295,342.7193258534307,343.7869873046875,59000,0.0,0.0
2003-10-20 00:00:00+09:00,349.65921102617887,357.6666738741066,349.65921102617887,357.1328430175781,271000,0.0,0.0
2003-10-21 00:00:00+09:00,363.00483327672106,383.82422812641533,363.00483327672106,368.3431396484375,847000,0.0,0.0
2003-10-22 00:00:00+09:00,373.681446020154,374.21527665732566,368.3431396484375,368.3431396484375,292000,0.0,0.0
2003-10-23 00:00:00+09:00,357.66674424377254,363.0050538593512,347.523955974173,351.2607727050781,167000,0.0,0.0
2003-10-24 00:00:00+09:00,353.39602191988917,354.9975144663539,348.0577134316733,350.72686767578125,103000,0.0,0.0
2003-10-27 00:00:00+09:00,350.72693361469805,353.3960883606242,342.1856384277344,342.1856384277344,72000,0.0,0.0
2003-10-28 00:00:00+09:00,337.3811513488195,349.65926286942533,337.3811513488195,340.5841369628906,97000,0.0,0.0
2003-10-29 00:00:00+09:00,351.26060289026935,351.79443359375,347.5237879659048,351.79443359375,100000,0.0,0.0
2003-10-30 00:00:00+09:00,349.1253537264737,366.74177065762603,348.59152291037816,352.3283386230469,172000,0.0,0.0
2003-10-31 00:00:00+09:00,353.3960080374555,353.3960080374555,344.3208839639861,346.4562072753906,76000,0.0,0.0
2003-11-03 00:00:00+09:00,346.4562072753906,346.4562072753906,346.4562072753906,346.4562072753906,0,0.0,0.0
2003-11-04 00:00:00+09:00,352.32841725729725,352.32841725729725,342.185629487769,348.0577697753906,100000,0.0,0.0
2003-11-05 00:00:00+09:00,352.3283463817532,352.3283463817532,346.4562072753906,346.4562072753906,28000,0.0,0.0
2003-11-06 00:00:00+09:00,349.6592045430117,352.32835877616446,337.38109507050905,339.51641845703125,91000,0.0,0.0
2003-11-07 00:00:00+09:00,340.58406694066804,344.3208827221487,337.38108198511316,338.9825744628906,49000,0.0,0.0
2003-11-10 00:00:00+09:00,341.11791953557656,341.11791953557656,336.3134417956389,337.381103515625,21000,0.0,0.0
2003-11-11 00:00:00+09:00,335.779614127524,335.779614127524,316.02787212002255,325.1029968261719,108000,0.0,0.0
2003-11-12 00:00:00+09:00,327.7721511515099,329.37364374671273,322.9676733659014,325.1029968261719,29000,0.0,0.0
2003-11-13 00:00:00+09:00,326.7044980388042,330.9751450719912,322.9676818847656,322.9676818847656,52000,0.0,0.0
2003-11-14 00:00:00+09:00,320.2985050702336,322.9676592791522,312.29104244347775,317.09552001953125,91000,0.0,0.0
2003-11-17 00:00:00+09:00,317.62928453856557,317.62928453856557,301.61436262905806,302.148193359375,99000,0.0,0.0
2003-11-18 00:00:00+09:00,300.546714338676,309.08800639803445,300.546714338676,302.6820373535156,85000,0.0,0.0
2003-11-19 00:00:00+09:00,300.5467132023403,300.5467132023403,297.343728692191,298.9452209472656,50000,0.0,0.0
2003-11-20 00:00:00+09:00,301.0805795855227,302.14824121525857,295.7422714368432,301.6144104003906,121000,0.0,0.0
2003-11-21 00:00:00+09:00,300.0129214499494,300.0129214499494,294.6746132390962,296.8099365234375,126000,0.0,0.0
2003-11-24 00:00:00+09:00,296.8099365234375,296.8099365234375,296.8099365234375,296.8099365234375,0,0.0,0.0
2003-11-25 00:00:00+09:00,305.35127042600624,306.4189322107125,300.01296150247464,305.8851013183594,90000,0.0,0.0
2003-11-26 00:00:00+09:00,308.0203391572349,313.89247733874197,306.95267766968817,312.2909851074219,27000,0.0,0.0
2003-11-27 00:00:00+09:00,317.0954618013822,317.0954618013822,312.2909851074219,312.2909851074219,52000,0.0,0.0
2003-11-28 00:00:00+09:00,314.9601745605469,317.0954977779065,314.9601745605469,314.9601745605469,51000,0.0,0.0
2003-12-01 00:00:00+09:00,306.95267766968817,312.2909851074219,306.4188469259148,312.2909851074219,106000,0.0,0.0
2003-12-02 00:00:00+09:00,312.82481585119524,314.9601388262887,312.2909851074219,312.2909851074219,39000,0.0,0.0
2003-12-03 00:00:00+09:00,313.89262217098906,313.89262217098906,310.15580524038205,310.68963623046875,15000,0.0,0.0
2003-12-04 00:00:00+09:00,311.2234012536835,311.2234012536835,302.68210722270766,304.2835998535156,47000,0.0,0.0
2003-12-05 00:00:00+09:00,304.28358248361565,306.95273671592804,303.2159207906907,304.8174133300781,160000,0.0,0.0
2003-12-08 00:00:00+09:00,303.7496977124896,303.7496977124896,298.9452209472657,298.9452209472656,26000,0.0,0.0
2003-12-09 00:00:00+09:00,300.0129528380277,306.4189233612596,298.94529108415566,304.2835998535156,99000,0.0,0.0
2003-12-10 00:00:00+09:00,305.885144861733,308.02046873511335,304.81748292504284,306.4189758300781,75000,0.0,0.0
2003-12-11 00:00:00+09:00,306.41895869453964,306.95278963303184,299.4791564941406,299.4791564941406,18000,0.0,0.0
2003-12-12 00:00:00+09:00,294.1407824180109,312.29103033491174,294.1407824180109,296.8099365234375,86000,0.0,0.0
2003-12-15 00:00:00+09:00,298.94530815586074,303.21595541523016,298.94530815586074,300.0129699707031,80000,0.0,0.0
2003-12-16 00:00:00+09:00,300.0128998184887,301.080561383679,296.80991512291763,298.4114074707031,74000,0.0,0.0
2003-12-17 00:00:00+09:00,298.411340816787,298.9451714801444,295.20835683664257,295.7421875,60000,0.0,0.0
2003-12-18 00:00:00+09:00,293.073034183213,296.2760181633574,290.93771152978337,295.7421875,68000,0.0,0.0
2003-12-19 00:00:00+09:00,296.80990703575986,300.5467224121094,296.2760762677099,300.5467224121094,192000,0.0,0.0
2003-12-22 00:00:00+09:00,303.7497090516512,310.68950908270824,303.7497090516512,308.0203552246094,231000,0.0,0.0
2003-12-23 00:00:00+09:00,308.0203552246094,308.0203552246094,308.0203552246094,308.0203552246094,0,0.0,0.0
2003-12-24 00:00:00+09:00,310.15566213232836,319.76461552024904,309.08800064478163,312.2909851074219,248000,0.0,0.0
2003-12-25 00:00:00+09:00,314.42630808251533,318.6969540327023,312.2909851074219,312.2909851074219,68000,0.0,0.0
2003-12-26 00:00:00+09:00,317.6293728423358,319.2308654785156,315.4940493274293,319.2308654785156,60000,0.0,0.0
2003-12-29 00:00:00+09:00,320.2985190405634,325.6368276912395,320.2985190405634,325.1029968261719,86000,0.0,0.0
2003-12-30 00:00:00+09:00,327.23835530795526,331.5090026855469,326.7045243857563,331.5090026855469,48000,0.0,0.0
2003-12-31 00:00:00+09:00,331.5090026855469,331.5090026855469,331.5090026855469,331.5090026855469,0,0.0,0.0
2004-01-01 00:00:00+09:00,331.5090026855469,331.5090026855469,331.5090026855469,331.5090026855469,0,0.0,0.0
2004-01-02 00:00:00+09:00,331.5090026855469,331.5090026855469,331.5090026855469,331.5090026855469,0,0.0,0.0
2004-01-05 00:00:00+09:00,333.1103872714626,335.779541015625,333.1103872714626,335.779541015625,36000,0.0,0.0
2004-01-06 00:00:00+09:00,334.7120058613439,335.77966776201805,329.90752730831025,330.9751892089844,86000,0.0,0.0
2004-01-07 00:00:00+09:00,332.04285110965856,332.04285110965856,328.30603445729906,330.9751892089844,50000,0.0,0.0
2004-01-08 00:00:00+09:00,330.9751630369513,331.5089939450754,328.8398394044549,329.9075012207031,56000,0.0,0.0
2004-01-09 00:00:00+09:00,330.44130582933303,330.9751366949701,325.6368280385996,328.8398132324219,69000,0.0,0.0
2004-01-12 00:00:00+09:00,328.8398132324219,328.8398132324219,328.8398132324219,328.8398132324219,0,0.0,0.0
2004-01-13 00:00:00+09:00,329.9074612667686,329.9074612667686,324.5691528320313,324.56915283203125,62000,0.0,0.0
2004-01-14 00:00:00+09:00,322.96766030161007,325.102983675505,320.8323369277151,324.56915283203125,41000,0.0,0.0
2004-01-15 00:00:00+09:00,325.6368145189788,325.6368145189788,323.50149114508383,324.56915283203125,55000,0.0,0.0
2004-01-16 00:00:00+09:00,324.56915332825207,329.37363092686104,324.56915332825207,328.30596923828125,45000,0.0,0.0
2004-01-19 00:00:00+09:00,330.97512131328733,349.65920074226324,329.9074596316316,344.3208923339844,181000,0.0,0.0
2004-01-20 00:00:00+09:00,348.59146788409936,351.2606215432425,339.51634544301254,342.7193298339844,169000,0.0,0.0
2004-01-21 00:00:00+09:00,341.65166306907383,343.2531552397101,337.3810172807104,340.0501708984375,27000,0.0,0.0
2004-01-22 00:00:00+09:00,340.0501708984375,343.2531552397101,338.9825094513467,340.0501708984375,37000,0.0,0.0
2004-01-23 00:00:00+09:00,341.6517223011363,352.3283386230468,341.6517223011363,352.3283386230469,108000,0.0,0.0
2004-01-26 00:00:00+09:00,356.59905133928567,356.59905133928567,347.52392578125,347.52392578125,79000,0.0,0.0
2004-01-27 00:00:00+09:00,350.19316331703243,353.92998060852517,349.6593322753906,349.6593322753906,61000,0.0,0.0
2004-01-28 00:00:00+09:00,347.52400810882335,352.3284874835997,346.4563460255397,349.6593322753906,60000,0.0,0.0
2004-01-29 00:00:00+09:00,346.99011697040146,346.99011697040146,341.65180747854913,342.1856384277344,76000,0.0,0.0
2004-01-30 00:00:00+09:00,344.8547668457031,346.45625957099276,343.78710502884337,344.8547668457031,28000,0.0,0.0
2004-02-02 00:00:00+09:00,345.922398425536,350.72687618144624,345.922398425536,348.591552734375,53000,0.0,0.0
2004-02-03 00:00:00+09:00,348.59156956498856,348.59156956498856,336.8472900390625,336.8472900390625,45000,0.0,0.0
2004-02-04 00:00:00+09:00,336.84718521360367,336.84718521360367,324.03524789961557,336.3133544921875,65000,0.0,0.0
2004-02-05 00:00:00+09:00,330.9751458213733,335.2457928642297,330.9751458213733,334.1781311035156,26000,0.0,0.0
2004-02-06 00:00:00+09:00,335.7796237445868,335.7796237445868,330.9751458213733,334.1781311035156,45000,0.0,0.0
2004-02-09 00:00:00+09:00,334.71195770069295,338.9826046888995,334.71195770069295,335.24578857421875,26000,0.0,0.0
2004-02-10 00:00:00+09:00,341.65166837032706,342.7193298339843,338.9825147111839,342.7193298339844,86000,0.0,0.0
2004-02-11 00:00:00+09:00,342.7193298339843,342.7193298339843,342.7193298339843,342.7193298339844,0,0.0,0.0
2004-02-12 00:00:00+09:00,345.3885183811188,345.3885183811188,341.6517028808594,341.6517028808594,35000,0.0,0.0
2004-02-13 00:00:00+09:00,342.1854991021557,343.78699129764163,341.65166837032706,342.7193298339844,53000,0.0,0.0
2004-02-16 00:00:00+09:00,341.65171682098764,346.4561940887828,337.9149011682581,345.92236328125,36000,0.0,0.0
2004-02-17 00:00:00+09:00,342.18561230355374,346.99009047942263,341.65178139512386,344.8547668457031,27000,0.0,0.0
2004-02-18 00:00:00+09:00,343.78713127529005,343.78713127529005,340.58414558017864,342.1856384277344,35000,0.0,0.0
2004-02-19 00:00:00+09:00,342.1854951278023,345.92231020720106,341.6516644021739,343.7869873046875,47000,0.0,0.0
2004-02-20 00:00:00+09:00,343.78713127529005,344.85479317366054,342.1856384277344,342.1856384277344,47000,0.0,0.0
2004-02-23 00:00:00+09:00,344.3208923339844,344.3208923339844,341.651738129845,344.3208923339844,46000,0.0,0.0
2004-02-24 00:00:00+09:00,340.5840413093567,343.78702602386477,336.31339502334595,341.6517028808594,50000,0.0,0.0
2004-02-25 00:00:00+09:00,341.65175905652865,342.7194208035803,332.57663420658963,335.24578857421875,63000,0.0,0.0
2004-02-26 00:00:00+09:00,339.51641845703125,339.51641845703125,336.3134333772479,339.51641845703125,27000,0.0,0.0
2004-02-27 00:00:00+09:00,339.51639359085647,345.92236328125,338.9825627833237,345.92236328125,36000,0.0,0.0
2004-03-01 00:00:00+09:00,340.5841026189495,349.1253967285156,340.5841026189495,349.1253967285156,50000,0.0,0.0
2004-03-02 00:00:00+09:00,350.19303682695966,353.92985276871076,343.78706664110064,350.72686767578125,78000,0.0,0.0
2004-03-03 00:00:00+09:00,351.7945863220589,351.7945863220589,346.99010790491394,348.0577697753906,61000,0.0,0.0
2004-03-04 00:00:00+09:00,351.2606305333669,359.80192246122994,349.6591382968926,356.59893798828125,254000,0.0,0.0
2004-03-05 00:00:00+09:00,360.3358100442325,360.3358100442325,350.7268551097196,353.9298400878906,100000,0.0,0.0
2004-03-08 00:00:00+09:00,355.53133257697607,355.53133257697607,352.8621784285003,353.9298400878906,58000,0.0,0.0
2004-03-09 00:00:00+09:00,352.32829083833684,354.4636138131146,349.65913711986457,352.86212158203125,46000,0.0,0.0
2004-03-10 00:00:00+09:00,350.72687618144624,352.86219962851743,347.5238910108394,348.591552734375,61000,0.0,0.0
2004-03-11 00:00:00+09:00,348.5915876116071,349.12541852678567,345.38860212053567,347.52392578125,44000,0.0,0.0
2004-03-12 00:00:00+09:00,342.185542745872,344.85469674544976,341.65171194595644,343.2532043457031,77000,0.0,0.0
2004-03-15 00:00:00+09:00,350.19307593000195,350.19307593000195,344.32093593727325,344.8547668457031,36000,0.0,0.0
2004-03-16 00:00:00+09:00,342.1856384277344,343.78713127529005,341.65180747854913,342.1856384277344,38000,0.0,0.0
2004-03-17 00:00:00+09:00,342.71939563309024,345.922380639007,342.18556479877077,345.3885498046875,38000,0.0,0.0
2004-03-18 00:00:00+09:00,348.05775229628244,349.1254141131422,344.32093593727325,344.8547668457031,49000,0.0,0.0
2004-03-19 00:00:00+09:00,340.5840413093567,347.5238415241242,340.5840413093567,341.6517028808594,42000,0.0,0.0
2004-03-22 00:00:00+09:00,341.65166837032706,346.4561449567848,341.65166837032706,342.7193298339844,48000,0.0,0.0
2004-03-23 00:00:00+09:00,342.1854951278023,343.7869873046875,341.6516644021739,343.7869873046875,46000,0.0,0.0
2004-03-24 00:00:00+09:00,344.8547712053571,348.5915876116071,344.8547712053571,347.52392578125,33000,0.0,0.0
2004-03-25 00:00:00+09:00,348.59153481060423,350.1930273135626,344.8547189703681,345.3885498046875,57000,0.0,0.0
2004-03-26 00:00:00+09:00,350.25320058326196,355.1178283691406,350.25320058326196,355.1178283691406,54000,8.0,0.0
2004-03-29 00:00:00+09:00,356.1988047281901,356.73931884765625,354.0367482503255,356.73931884765625,108000,0.0,0.0
2004-03-30 00:00:00+09:00,368.6305102825865,370.2520521166741,363.76588478032363,368.0899963378906,284000,0.0,0.0
2004-03-31 00:00:00+09:00,368.0902360550307,370.25229324184437,364.84715027481013,369.1712646484375,115000,0.0,0.0
2004-04-01 00:00:00+09:00,369.17109633803193,381.0624054440886,367.549554187206,373.4952087402344,318000,0.0,0.0
2004-04-02 00:00:00+09:00,375.657314043305,378.3598846479331,370.2521728340488,376.73834228515625,114000,0.0,0.0
2004-04-05 00:00:00+09:00,378.3599132961697,399.43996560838485,375.6573424869114,389.1701965332031,257000,0.0,0.0
2004-04-06 00:00:00+09:00,389.1701394933844,389.1701394933844,379.4408860060498,388.089111328125,163000,0.0,0.0
2004-04-07 00:00:00+09:00,383.7650328907887,388.6296600682776,382.1434904982924,387.00811767578125,132000,0.0,0.0
2004-04-08 00:00:00+09:00,384.84615652901783,388.62975638253346,382.1435852050781,382.1435852050781,114000,0.0,0.0
2004-04-09 00:00:00+09:00,379.9815065625688,384.8461346693442,378.35996386031036,383.7651062011719,104000,0.0,0.0
2004-04-12 00:00:00+09:00,382.68405151367193,385.9271366959912,381.0625089225123,382.6840515136719,94000,0.0,0.0
2004-04-13 00:00:00+09:00,383.76505419716426,389.170195805575,379.9814550712767,385.3865966796875,137000,0.0,0.0
2004-04-14 00:00:00+09:00,383.2244567871094,385.3865129608025,381.06240061341623,383.2244567871094,84000,0.0,0.0
2004-04-15 00:00:00+09:00,385.38665731793884,386.4676858097142,372.95482966252143,374.0358581542969,96000,0.0,0.0
2004-04-16 00:00:00+09:00,376.19782410977734,379.4409088003789,375.6573099946771,377.8193664550781,65000,0.0,0.0
2004-04-19 00:00:00+09:00,377.8194101388114,381.0624952043806,374.5763250732422,378.35992431640625,94000,0.0,0.0
2004-04-20 00:00:00+09:00,378.3598979086452,378.9004120485147,376.1978413491672,377.27886962890625,66000,0.0,0.0
2004-04-21 00:00:00+09:00,376.73842115805184,383.76510620117193,373.4953357535349,383.7651062011719,83000,0.0,0.0
2004-04-22 00:00:00+09:00,385.9270270042258,385.9270270042258,378.9003444397231,383.2244567871094,54000,0.0,0.0
2004-04-23 00:00:00+09:00,383.76495531579604,388.08906748836836,380.52187118636675,387.5485534667969,88000,0.0,0.0
2004-04-26 00:00:00+09:00,387.0080911759235,387.0080911759235,379.44089386242774,385.92706298828125,30000,0.0,0.0
2004-04-27 00:00:00+09:00,388.08923322504216,388.08923322504216,380.52203369140625,380.52203369140625,27000,0.0,0.0
2004-04-28 00:00:00+09:00,379.98140795624886,385.9270629882812,379.98140795624886,385.92706298828125,48000,0.0,0.0
2004-04-29 00:00:00+09:00,385.9270629882812,385.9270629882812,385.9270629882812,385.92706298828125,0,0.0,0.0
2004-04-30 00:00:00+09:00,381.0624361438911,385.9270629882812,379.44089386242774,385.92706298828125,74000,0.0,0.0
2004-05-03 00:00:00+09:00,385.9270629882812,385.9270629882812,385.9270629882812,385.92706298828125,0,0.0,0.0
2004-05-04 00:00:00+09:00,385.9270629882812,385.9270629882812,385.9270629882812,385.92706298828125,0,0.0,0.0
2004-05-05 00:00:00+09:00,385.9270629882812,385.9270629882812,385.9270629882812,385.92706298828125,0,0.0,0.0
2004-05-06 00:00:00+09:00,390.25120988128873,396.1968654334967,381.0624694824218,381.0624694824219,182000,0.0,0.0
2004-05-07 00:00:00+09:00,377.8194101388114,381.0624952043806,372.41426836286274,378.35992431640625,70000,0.0,0.0
2004-05-10 00:00:00+09:00,376.7383478943061,376.7383478943061,345.9290425428349,347.01007080078125,94000,0.0,0.0
2004-05-11 00:00:00+09:00,345.9290325245468,359.98239947085654,345.9290325245468,357.8203430175781,80000,0.0,0.0
2004-05-12 00:00:00+09:00,372.41424973666926,372.41424973666926,365.38756577937363,371.3332214355469,92000,0.0,0.0
2004-05-13 00:00:00+09:00,362.68504574661597,370.25224491271524,362.144531520466,365.9281311035156,55000,0.0,0.0
2004-05-14 00:00:00+09:00,360.522958191829,364.30655745321246,359.4419298314337,362.1445007324219,56000,0.0,0.0
2004-05-17 00:00:00+09:00,356.7393747965495,360.5229742262099,346.4696049160428,350.2532043457031,61000,0.0,0.0
2004-05-18 00:00:00+09:00,339.44288270166317,357.27984946783334,339.44288270166317,352.41522216796875,71000,0.0,0.0
2004-05-19 00:00:00+09:00,355.65833057005017,365.38758581360776,354.0367880294572,362.1445007324219,49000,0.0,0.0
2004-05-20 00:00:00+09:00,362.1445060125894,372.9547897741592,362.1445060125894,368.63067626953125,78000,0.0,0.0
2004-05-21 00:00:00+09:00,370.252146768913,375.65728759765625,368.63060452029003,375.65728759765625,47000,0.0,0.0
2004-05-24 00:00:00+09:00,372.95474343867687,376.7383422851562,368.63063047127196,376.73834228515625,38000,0.0,0.0
2004-05-25 00:00:00+09:00,378.35992431640625,378.35992431640625,369.1711832972935,378.35992431640625,69000,0.0,0.0
2004-05-26 00:00:00+09:00,381.0624686079927,381.0624686079927,374.0357847896893,377.27886962890625,22000,0.0,0.0
2004-05-27 00:00:00+09:00,371.8736533344656,377.2787936445596,371.8736533344656,372.9546813964844,59000,0.0,0.0
2004-05-28 00:00:00+09:00,377.2788959612165,378.35992431640625,375.6573534284319,378.35992431640625,15000,0.0,0.0
2004-05-31 00:00:00+09:00,378.9004378766037,379.9814662300319,374.5763244628907,374.5763244628906,41000,0.0,0.0
2004-06-01 00:00:00+09:00,372.9547565099503,378.3598979086452,372.9547565099503,377.27886962890625,68000,0.0,0.0
2004-06-02 00:00:00+09:00,377.2788431452609,377.2788431452609,375.657300839479,376.19781494140625,28000,0.0,0.0
2004-06-03 00:00:00+09:00,376.7384293837354,376.7384293837354,370.2522584330829,374.0358581542969,22000,0.0,0.0
2004-06-04 00:00:00+09:00,372.4142231962107,372.4142231962107,367.54959618784216,370.2521667480469,23000,0.0,0.0
2004-06-07 00:00:00+09:00,365.9280538517193,375.1167937564154,365.9280538517193,370.2521667480469,51000,0.0,0.0
2004-06-08 00:00:00+09:00,374.03570169674214,375.1167297363281,372.4141596373632,375.1167297363281,26000,0.0,0.0
2004-06-09 00:00:00+09:00,375.657314043305,377.81937052700744,373.4952575596025,376.73834228515625,35000,0.0,0.0
2004-06-10 00:00:00+09:00,375.11678033126026,375.6572944239566,369.7116394042969,369.7116394042969,58000,0.0,0.0
2004-06-11 00:00:00+09:00,371.33319497212875,373.49525142029256,370.2521667480469,370.2521667480469,61000,0.0,0.0
2004-06-14 00:00:00+09:00,372.9546813964844,375.6572515515314,372.9546813964844,372.9546813964844,39000,0.0,0.0
2004-06-15 00:00:00+09:00,374.5761636742411,374.5761636742411,368.0899963378906,368.0899963378906,41000,0.0,0.0
2004-06-16 00:00:00+09:00,372.4142031004103,375.65728759765625,369.7116326860387,375.65728759765625,38000,0.0,0.0
2004-06-17 00:00:00+09:00,376.1979196721857,381.0625479438088,373.4953484101729,380.52203369140625,89000,0.0,0.0
2004-06-18 00:00:00+09:00,381.6031228882351,384.84620891844673,378.3600368580235,384.3056945800781,122000,0.0,0.0
2004-06-21 00:00:00+09:00,384.8461346693442,390.79179124429197,383.76510620117193,383.7651062011719,82000,0.0,0.0
2004-06-22 00:00:00+09:00,386.46756908023593,388.6296254107547,384.3055127497171,388.089111328125,42000,0.0,0.0
2004-06-23 00:00:00+09:00,389.17019162478147,389.17019162478147,385.3865925395405,386.4676208496094,59000,0.0,0.0
2004-06-24 00:00:00+09:00,388.62958150993995,388.62958150993995,385.9270114020822,387.5485534667969,62000,0.0,0.0
2004-06-25 00:00:00+09:00,387.5485683257004,391.87268066406244,385.92702619881464,391.8726806640625,95000,0.0,0.0
2004-06-28 00:00:00+09:00,394.57542191999073,398.8995361328125,390.7918219837716,398.8995361328125,108000,0.0,0.0
2004-06-29 00:00:00+09:00,398.8995361328125,407.54776455845615,396.1969647497989,398.8995361328125,130000,0.0,0.0
2004-06-30 00:00:00+09:00,400.52100092092724,404.8451142911936,399.4399725783606,403.22357177734375,68000,0.0,0.0
2004-07-01 00:00:00+09:00,399.4399201015257,404.30454700398,398.899406001253,401.06146240234375,66000,0.0,0.0
2004-07-02 00:00:00+09:00,401.0615493588079,401.0615493588079,397.27794983655497,398.3589782714844,22000,0.0,0.0
2004-07-05 00:00:00+09:00,392.9538047442298,394.5753472672459,388.6296913495203,390.791748046875,45000,0.0,0.0
2004-07-06 00:00:00+09:00,385.3865834782632,390.7917249015208,384.8460693359375,384.8460693359375,55000,0.0,0.0
2004-07-07 00:00:00+09:00,384.30562043525805,384.8461346693442,378.35996386031036,383.7651062011719,33000,0.0,0.0
2004-07-08 00:00:00+09:00,383.2246180336731,388.6297607421875,382.1435894919702,388.6297607421875,24000,0.0,0.0
2004-07-09 00:00:00+09:00,388.62968237135146,393.49430982801647,388.62968237135146,389.1701965332031,38000,0.0,0.0
2004-07-12 00:00:00+09:00,388.0891682094998,397.2779089609782,388.0891682094998,389.1701965332031,19000,0.0,0.0
2004-07-13 00:00:00+09:00,383.7650500744373,389.7107057798159,378.3599085240931,386.4676208496094,48000,0.0,0.0
2004-07-14 00:00:00+09:00,391.87268148188195,391.87268148188195,383.2244567871094,383.2244567871094,18000,0.0,0.0
2004-07-15 00:00:00+09:00,383.76497083053266,386.4675410476491,381.06240061341623,383.2244567871094,18000,0.0,0.0
2004-07-16 00:00:00+09:00,379.440952671596,380.52198102678574,378.35992431640625,378.35992431640625,18000,0.0,0.0
2004-07-19 00:00:00+09:00,378.35992431640625,378.35992431640625,378.35992431640625,378.35992431640625,0,0.0,0.0
2004-07-20 00:00:00+09:00,379.4409401869301,382.1435109859823,378.90042602711964,381.6029968261719,20000,0.0,0.0
2004-07-21 00:00:00+09:00,386.46766516280496,394.57537841796875,386.46766516280496,394.57537841796875,32000,0.0,0.0
2004-07-22 00:00:00+09:00,390.79179597891596,390.79179597891596,389.1702532570117,390.25128173828125,12000,0.0,0.0
2004-07-23 00:00:00+09:00,390.25120246077387,390.25120246077387,386.46760354494916,387.00811767578125,19000,0.0,0.0
2004-07-26 00:00:00+09:00,387.008204720237,389.1702617298473,379.4410051866011,380.52203369140625,12000,0.0,0.0
2004-07-27 00:00:00+09:00,378.35984209692833,381.6029264577591,378.35984209692833,379.98138427734375,18000,0.0,0.0
2004-07-28 00:00:00+09:00,383.2245966100296,390.2512817382812,381.6030538881254,390.25128173828125,33000,0.0,0.0
2004-07-29 00:00:00+09:00,384.84601081858995,384.84601081858995,378.90035615706677,379.98138427734375,15000,0.0,0.0
2004-07-30 00:00:00+09:00,385.38651215651936,394.57525087553876,382.1434279027478,391.8726806640625,34000,0.0,0.0
2004-08-02 00:00:00+09:00,391.8728244601854,391.8728244601854,383.76511085066437,390.25128173828125,21000,0.0,0.0
2004-08-03 00:00:00+09:00,389.1701741991097,390.79171659160596,384.3055470216208,387.00811767578125,32000,0.0,0.0
2004-08-04 00:00:00+09:00,387.0082662719212,387.0082662719212,384.3056945800781,384.3056945800781,10000,0.0,0.0
2004-08-05 00:00:00+09:00,379.44089386242774,385.9270629882812,378.3598656747855,385.92706298828125,20000,0.0,0.0
2004-08-06 00:00:00+09:00,375.11682690844657,383.2245393056032,375.11682690844657,381.6029968261719,20000,0.0,0.0
2004-08-09 00:00:00+09:00,375.1168139302138,381.0624694824218,375.1168139302138,381.0624694824219,14000,0.0,0.0
2004-08-10 00:00:00+09:00,372.95476546131084,379.4409352954206,368.09013808572854,378.9004211425781,33000,0.0,0.0
2004-08-11 00:00:00+09:00,378.90043849400115,378.90043849400115,369.7116974748884,378.35992431640625,51000,0.0,0.0
2004-08-12 00:00:00+09:00,378.35989877687274,383.2245260468611,374.57629978910404,381.0624694824219,11000,0.0,0.0
2004-08-13 00:00:00+09:00,379.4408861777765,379.4408861777765,369.7116326860387,375.65728759765625,22000,0.0,0.0
2004-08-16 00:00:00+09:00,375.65732720929776,377.2788696289062,372.9547565099503,377.27886962890625,16000,0.0,0.0
2004-08-17 00:00:00+09:00,377.27885640608184,378.3598846479331,375.657314043305,376.73834228515625,19000,0.0,0.0
2004-08-18 00:00:00+09:00,378.9003946852786,378.9003946852786,375.6573099946771,377.8193664550781,12000,0.0,0.0
2004-08-19 00:00:00+09:00,378.90049093419856,382.6840907010165,378.90049093419856,380.52203369140625,29000,0.0,0.0
2004-08-20 00:00:00+09:00,381.0623852079383,388.62958150993995,381.0623852079383,387.5485534667969,31000,0.0,0.0
2004-08-23 00:00:00+09:00,387.5486491596782,389.17019162478147,386.4676208496094,386.4676208496094,24000,0.0,0.0
2004-08-24 00:00:00+09:00,386.4676208496094,389.17019162478147,382.6840217643684,386.4676208496094,34000,0.0,0.0
2004-08-25 00:00:00+09:00,386.4676208496094,389.17019162478147,384.8460783845061,386.4676208496094,11000,0.0,0.0
2004-08-26 00:00:00+09:00,389.17032362539555,389.17032362539555,378.9005511963921,384.3056945800781,56000,0.0,0.0
2004-08-27 00:00:00+09:00,384.3055642294717,388.0891633147126,382.6840217643684,386.4676208496094,41000,0.0,0.0
2004-08-30 00:00:00+09:00,384.30556762522406,384.30556762522406,381.0624826663614,381.6029968261719,18000,0.0,0.0
2004-08-31 00:00:00+09:00,378.35993793724623,383.76507990777833,378.35993793724623,382.6840515136719,49000,0.0,0.0
2004-09-01 00:00:00+09:00,383.2244925191756,385.9270629882812,381.0624361438911,385.92706298828125,35000,0.0,0.0
2004-09-02 00:00:00+09:00,383.76507990777833,385.9271366959912,382.1435373166187,382.6840515136719,21000,0.0,0.0
2004-09-03 00:00:00+09:00,384.84615652901783,384.84615652901783,381.0625566755022,382.1435852050781,30000,0.0,0.0
2004-09-06 00:00:00+09:00,382.1435634989134,386.4676773716027,381.0625350307411,383.7651062011719,53000,0.0,0.0
2004-09-07 00:00:00+09:00,386.4676773716027,386.4676773716027,381.6030492648273,383.7651062011719,32000,0.0,0.0
2004-09-08 00:00:00+09:00,379.9814805284059,383.76507990777833,379.9814805284059,382.6840515136719,10000,0.0,0.0
2004-09-09 00:00:00+09:00,382.1434977646415,383.2245260468611,381.0624694824218,381.0624694824219,10000,0.0,0.0
2004-09-10 00:00:00+09:00,379.9814403282537,379.9814403282537,370.2521858106028,377.27886962890625,101000,0.0,0.0
2004-09-13 00:00:00+09:00,377.2788786840507,381.06247775394803,377.2788786840507,378.9004211425781,35000,0.0,0.0
2004-09-14 00:00:00+09:00,381.0625566755022,382.1435852050781,380.5220424107143,382.1435852050781,13000,0.0,0.0
2004-09-15 00:00:00+09:00,383.2245076060807,383.2245076060807,377.8193664550781,377.8193664550781,18000,0.0,0.0
2004-09-16 00:00:00+09:00,374.0357453490333,378.35985801202787,374.0357453490333,375.65728759765625,32000,0.0,0.0
2004-09-17 00:00:00+09:00,377.27885233997785,377.8193664550781,376.19782410977734,377.8193664550781,17000,0.0,0.0
2004-09-20 00:00:00+09:00,377.8193664550781,377.8193664550781,377.8193664550781,377.8193664550781,0,0.0,0.0
2004-09-21 00:00:00+09:00,378.35989877687274,381.0624694824218,377.81938463576296,381.0624694824219,41000,0.0,0.0
2004-09-22 00:00:00+09:00,381.60298362353166,381.60298362353166,378.35989877687274,381.0624694824219,36000,0.0,0.0
2004-09-23 00:00:00+09:00,381.0624694824218,381.0624694824218,381.0624694824218,381.0624694824219,0,0.0,0.0
2004-09-24 00:00:00+09:00,375.65740089196,376.1979151378477,373.49534390840915,374.0358581542969,40000,0.0,0.0
2004-09-27 00:00:00+09:00,374.0358181503162,376.2199689132377,370.21355431520345,372.397705078125,21000,7.0,0.0
2004-09-28 00:00:00+09:00,371.85158046489323,371.85158046489323,366.3912048339844,366.3912048339844,10000,0.0,0.0
2004-09-29 00:00:00+09:00,367.4833773550903,370.21356589413256,366.39130193947335,369.1214904785156,26000,0.0,0.0
2004-09-30 00:00:00+09:00,369.1215130974265,371.8517018037684,368.0294376148897,371.3056640625,23000,0.0,0.0
2004-10-01 00:00:00+09:00,371.85164272524906,376.7659816158911,370.7595674162175,375.12786865234375,29000,0.0,0.0
2004-10-04 00:00:00+09:00,372.3975558121768,376.7658555870997,372.3975558121768,376.2198181152344,10000,0.0,0.0
2004-10-05 00:00:00+09:00,377.3119960354851,377.3119960354851,372.9436950683594,372.9436950683594,18000,0.0,0.0
2004-10-06 00:00:00+09:00,370.2135150278215,379.4961547851562,370.2135150278215,379.49615478515625,25000,0.0,0.0
2004-10-07 00:00:00+09:00,379.4962063827956,379.4962063827956,374.03582931253953,377.85809326171875,6000,0.0,0.0
2004-10-08 00:00:00+09:00,374.58181019658633,378.95011119013253,374.58181019658633,376.7659606933594,10000,0.0,0.0
2004-10-11 00:00:00+09:00,376.76596069335943,376.76596069335943,376.76596069335943,376.7659606933594,0,0.0,0.0
2004-10-12 00:00:00+09:00,376.7660654954041,378.404178823645,371.3056877346011,377.3121032714844,23000,0.0,0.0
2004-10-13 00:00:00+09:00,377.31200204893605,377.31200204893605,371.85162575300353,375.67388916015625,17000,0.0,0.0
2004-10-14 00:00:00+09:00,372.9436139285653,374.0356889327485,369.12135141392406,369.6673889160156,27000,0.0,0.0
2004-10-15 00:00:00+09:00,369.6673889160156,369.6673889160156,365.84512640137444,369.6673889160156,13000,0.0,0.0
2004-10-18 00:00:00+09:00,371.8515930175781,371.8515930175781,371.8515930175781,371.8515930175781,1000,0.0,0.0
2004-10-19 00:00:00+09:00,375.12784046535876,381.1342542137124,375.12784046535876,378.9501037597656,42000,0.0,0.0
2004-10-20 00:00:00+09:00,378.95015736688964,378.95015736688964,368.5754412430123,372.397705078125,45000,0.0,0.0
2004-10-21 00:00:00+09:00,369.6674426914837,375.1278185067198,369.6674426914837,371.8515930175781,27000,0.0,0.0
2004-10-22 00:00:00+09:00,371.3056640625,371.3056640625,369.66755083869486,371.3056640625,16000,0.0,0.0
2004-10-25 00:00:00+09:00,366.39127922058105,369.12146759033203,365.29920387268066,366.93731689453125,28000,0.0,0.0
2004-10-26 00:00:00+09:00,367.48335456848145,368.02939224243164,366.93731689453125,366.93731689453125,11000,0.0,0.0
2004-10-27 00:00:00+09:00,366.93735923423424,366.93735923423424,363.6611328125,363.6611328125,4000,0.0,0.0
2004-10-28 00:00:00+09:00,364.753188816048,369.1214904785156,364.753188816048,369.1214904785156,12000,0.0,0.0
2004-10-29 00:00:00+09:00,371.8516279261747,381.1342676835094,371.30559029339025,379.49615478515625,66000,0.0,0.0
2004-11-01 00:00:00+09:00,379.49614232023,387.68670654296875,379.49614232023,387.68670654296875,54000,0.0,0.0
2004-11-02 00:00:00+09:00,382.22633039447624,390.416894617215,382.22633039447624,387.68670654296875,30000,0.0,0.0
2004-11-03 00:00:00+09:00,387.68670654296875,387.68670654296875,387.68670654296875,387.68670654296875,0,0.0,0.0
2004-11-04 00:00:00+09:00,389.87086673003597,392.05501724392974,387.6867162161422,389.3248291015625,86000,0.0,0.0
2004-11-05 00:00:00+09:00,389.87086301150026,390.4169006347656,383.31841153231534,390.4169006347656,21000,0.0,0.0
2004-11-08 00:00:00+09:00,390.4169828436348,393.147171534849,383.8645299847206,388.77886962890625,38000,0.0,0.0
2004-11-09 00:00:00+09:00,383.3184791275218,389.32489404262543,383.3184791275218,388.2328186035156,29000,0.0,0.0
2004-11-10 00:00:00+09:00,387.6867808839608,388.77885632307056,386.59470544485106,388.2328186035156,18000,0.0,0.0
2004-11-11 00:00:00+09:00,388.2328318906634,389.3249073671491,383.3184922464778,388.77886962890625,21000,0.0,0.0
2004-11-12 00:00:00+09:00,388.77878177266723,389.32481938751647,384.9565184687225,387.68670654296875,34000,0.0,0.0
2004-11-15 00:00:00+09:00,389.32489404262543,389.32489404262543,384.95659228618644,388.2328186035156,48000,0.0,0.0
2004-11-16 00:00:00+09:00,388.2327538446157,393.1470925008766,388.2327538446157,389.3248291015625,54000,0.0,0.0
2004-11-17 00:00:00+09:00,389.32480834449467,391.50895874193924,388.77877074513356,390.9629211425781,22000,0.0,0.0
2004-11-18 00:00:00+09:00,390.96287926962214,402.4296676280887,390.96287926962214,399.1534423828125,89000,0.0,0.0
2004-11-19 00:00:00+09:00,399.15349602731715,401.33764648437494,397.5153831845238,401.337646484375,95000,0.0,0.0
2004-11-22 00:00:00+09:00,399.153510889948,399.6995485245444,396.42332271696614,396.9693603515625,69000,0.0,0.0
2004-11-23 00:00:00+09:00,396.9693603515625,396.9693603515625,396.9693603515625,396.9693603515625,0,0.0,0.0
2004-11-24 00:00:00+09:00,397.51537233491183,397.51537233491183,388.77877074513356,390.9629211425781,15000,0.0,0.0
2004-11-25 00:00:00+09:00,385.50261466460034,394.23921782980375,385.50261466460034,392.6011047363281,22000,0.0,0.0
2004-11-26 00:00:00+09:00,389.3248785493768,392.6011047363281,389.3248785493768,392.6011047363281,13000,0.0,0.0
2004-11-29 00:00:00+09:00,387.1406543274776,393.1470678642932,383.86442876194184,392.05499267578125,20000,0.0,0.0
2004-11-30 00:00:00+09:00,384.4105529785156,386.5947038477117,384.4105529785156,384.4105529785156,12000,0.0,0.0
2004-12-01 00:00:00+09:00,384.95654296875,384.95654296875,384.4105053191489,384.95654296875,27000,0.0,0.0
2004-12-02 00:00:00+09:00,387.68671251843864,390.4169006347656,382.77237390905,390.4169006347656,42000,0.0,0.0
2004-12-03 00:00:00+09:00,390.4169543335482,390.4169543335482,383.864501953125,383.864501953125,36000,0.0,0.0
2004-12-06 00:00:00+09:00,384.95654467878666,385.5025823308133,379.4961681585202,380.0422058105469,33000,0.0,0.0
2004-12-07 00:00:00+09:00,382.7724515811078,385.50264025144384,381.13433837890625,381.13433837890625,28000,0.0,0.0
2004-12-08 00:00:00+09:00,381.1342676835094,381.6803053162938,379.4961547851562,379.49615478515625,32000,0.0,0.0
2004-12-09 00:00:00+09:00,380.5882217608294,380.5882217608294,369.1214317221243,372.9436950683594,50000,0.0,0.0
2004-12-10 00:00:00+09:00,376.76604689994866,380.04227339473084,374.0358581542969,374.0358581542969,58000,0.0,0.0
2004-12-13 00:00:00+09:00,379.49625437580556,381.1343677040465,377.3121032714844,377.3121032714844,8000,0.0,0.0
2004-12-14 00:00:00+09:00,377.8580647087916,381.6803283691406,374.5818387142067,381.6803283691406,29000,0.0,0.0
2004-12-15 00:00:00+09:00,381.68031707114363,386.0486182679521,381.68031707114363,384.95654296875,20000,0.0,0.0
2004-12-16 00:00:00+09:00,385.5025939941406,387.1407069997814,385.5025939941406,385.5025939941406,10000,0.0,0.0
2004-12-17 00:00:00+09:00,385.50264319944915,389.3249073671491,383.8645299847206,388.77886962890625,17000,0.0,0.0
2004-12-20 00:00:00+09:00,389.3248845763125,392.60111081398134,386.5946960449218,386.5946960449219,70000,0.0,0.0
2004-12-21 00:00:00+09:00,385.50258061835103,385.50258061835103,384.4105053191489,384.95654296875,158000,0.0,0.0
2004-12-22 00:00:00+09:00,385.50262678849646,385.50262678849646,378.950174208522,380.5882873535156,92000,0.0,0.0
2004-12-23 00:00:00+09:00,380.5882873535156,380.5882873535156,380.5882873535156,380.5882873535156,0,0.0,0.0
2004-12-24 00:00:00+09:00,383.3183959788278,387.1406591865939,383.3183959788278,386.048583984375,31000,0.0,0.0
2004-12-27 00:00:00+09:00,383.864505827682,384.4105435315621,382.22639271604186,382.7724304199219,28000,0.0,0.0
2004-12-28 00:00:00+09:00,381.1342551647777,388.77878177266723,381.1342551647777,387.68670654296875,33000,0.0,0.0
2004-12-29 00:00:00+09:00,387.6867902312292,389.87094116210943,387.6867902312292,389.8709411621094,12000,0.0,0.0
2004-12-30 00:00:00+09:00,392.0549381409113,402.4296509886513,390.416825586005,394.7851257324219,43000,0.0,0.0
2004-12-31 00:00:00+09:00,394.7851257324218,394.7851257324218,394.7851257324218,394.7851257324219,0,0.0,0.0
2005-01-03 00:00:00+09:00,394.7851257324218,394.7851257324218,394.7851257324218,394.7851257324219,0,0.0,0.0
2005-01-04 00:00:00+09:00,394.7852016208889,395.3312392441543,388.7787877649694,390.4169006347656,38000,0.0,0.0
2005-01-05 00:00:00+09:00,390.96293223206425,390.96293223206425,386.5946313132702,387.68670654296875,70000,0.0,0.0
2005-01-06 00:00:00+09:00,387.6867654559012,393.1471424341533,387.6867654559012,392.6011047363281,58000,0.0,0.0
2005-01-07 00:00:00+09:00,393.14708875109267,393.14708875109267,388.232750141704,390.4169006347656,40000,0.0,0.0
2005-01-10 00:00:00+09:00,390.4169006347656,390.4169006347656,390.4169006347656,390.4169006347656,0,0.0,0.0
2005-01-11 00:00:00+09:00,390.96302058187763,390.96302058187763,388.2328318906634,388.77886962890625,96000,0.0,0.0
2005-01-12 00:00:00+09:00,390.4169006347656,392.60105112782725,387.68671251843864,390.4169006347656,131000,0.0,0.0
2005-01-13 00:00:00+09:00,390.96293825803104,390.96293825803104,388.7787877649694,390.4169006347656,55000,0.0,0.0
2005-01-14 00:00:00+09:00,389.32482538823484,392.0550135045619,386.0485996486424,390.4169006347656,232000,0.0,0.0
2005-01-17 00:00:00+09:00,397.515380859375,398.60745608151615,392.60104235973984,397.515380859375,98000,0.0,0.0
2005-01-18 00:00:00+09:00,397.5154380484803,401.3377018758695,395.3312872899722,398.6075134277344,59000,0.0,0.0
2005-01-19 00:00:00+09:00,399.6994906721444,400.24552822770744,395.8772277832031,395.8772277832031,33000,0.0,0.0
2005-01-20 00:00:00+09:00,395.877255835573,396.42329342982896,392.05499267578125,392.05499267578125,44000,0.0,0.0
2005-01-21 00:00:00+09:00,392.60095559603,393.14699308642787,390.4168056344388,391.5088806152344,18000,0.0,0.0
2005-01-24 00:00:00+09:00,395.33123409386843,398.0614221746272,393.1470836292614,396.4233093261719,34000,0.0,0.0
2005-01-25 00:00:00+09:00,398.6075354003906,409.5282897949218,398.6075354003906,409.5282897949219,159000,0.0,0.0
2005-01-26 00:00:00+09:00,409.5282148021136,426.4553810139343,409.5282148021136,422.63311767578125,303000,0.0,0.0
2005-01-27 00:00:00+09:00,428.09342779657646,436.2839908283987,425.9092776547572,428.63946533203125,201000,0.0,0.0
2005-01-28 00:00:00+09:00,425.9094222489489,425.9094222489489,414.9886678323092,422.087158203125,96000,0.0,0.0
2005-01-31 00:00:00+09:00,417.17282618154394,442.2905617893332,415.5347129897316,441.198486328125,242000,0.0,0.0
2005-02-01 00:00:00+09:00,436.28417298116807,442.2905883789063,429.18568205656834,442.29058837890625,228000,0.0,0.0
2005-02-02 00:00:00+09:00,442.29053850871765,450.48110403665686,442.29053850871765,447.75091552734375,279000,0.0,0.0
2005-02-03 00:00:00+09:00,448.2970539894892,449.9351674632632,440.10648662061914,449.3891296386719,99000,0.0,0.0
2005-02-04 00:00:00+09:00,443.9287016691985,448.84304154007526,440.10643732518326,442.29058837890625,83000,0.0,0.0
2005-02-07 00:00:00+09:00,443.3825819063819,454.3033351553076,442.83654424393563,452.66522216796875,104000,0.0,0.0
2005-02-08 00:00:00+09:00,445.0208270419412,450.48120528785455,444.47478921734984,449.3891296386719,69000,0.0,0.0
2005-02-09 00:00:00+09:00,450.4810715181836,455.39541048020016,445.56673255616704,452.66522216796875,93000,0.0,0.0
2005-02-10 00:00:00+09:00,453.75728786366903,453.75728786366903,447.75087370422216,451.027099609375,59000,0.0,0.0
2005-02-11 00:00:00+09:00,451.027099609375,451.027099609375,451.027099609375,451.027099609375,0,0.0,0.0
2005-02-14 00:00:00+09:00,452.11919980159485,452.11919980159485,442.83655922595824,448.29693603515625,51000,0.0,0.0
2005-02-15 00:00:00+09:00,448.29700632928643,449.93511962890625,447.7509685627465,449.93511962890625,38000,0.0,0.0
2005-02-16 00:00:00+09:00,447.20487782548116,449.3890286329316,447.20487782548116,447.75091552734375,38000,0.0,0.0
2005-02-17 00:00:00+09:00,443.3826165733097,443.3826165733097,434.09997558593744,434.0999755859375,109000,0.0,0.0
2005-02-18 00:00:00+09:00,431.91572896422576,440.65233030863493,431.91572896422576,440.1062927246094,61000,0.0,0.0
2005-02-21 00:00:00+09:00,440.65231052398684,443.3824983215332,436.8300476074219,436.8300476074219,60000,0.0,0.0
2005-02-22 00:00:00+09:00,436.8301545730745,436.8301545730745,431.369777640911,432.46185302734375,65000,0.0,0.0
2005-02-23 00:00:00+09:00,432.4618128787429,433.00785052126656,428.09351173855356,430.8236999511719,68000,0.0,0.0
2005-02-24 00:00:00+09:00,429.7316663071271,436.2841186523438,428.63959091625765,436.28411865234375,26000,0.0,0.0
2005-02-25 00:00:00+09:00,437.37621678866606,442.2905563031454,430.82376410269353,438.4682922363281,38000,0.0,0.0
2005-02-28 00:00:00+09:00,440.10639315518466,450.4811096191406,438.46828002929686,450.4811096191406,54000,0.0,0.0
2005-03-01 00:00:00+09:00,449.9350663347942,449.9350663347942,445.5667647198933,447.75091552734375,41000,0.0,0.0
2005-03-02 00:00:00+09:00,448.2970539894892,449.3891296386719,445.5668648665325,449.3891296386719,55000,0.0,0.0
2005-03-03 00:00:00+09:00,446.11280242175593,448.2969532292064,446.11280242175593,447.75091552734375,27000,0.0,0.0
2005-03-04 00:00:00+09:00,447.204898941619,447.75093666926443,446.1128234863281,446.1128234863281,45000,0.0,0.0
2005-03-07 00:00:00+09:00,446.1128234863281,448.2969743969099,445.56678575868267,446.1128234863281,33000,0.0,0.0
2005-03-08 00:00:00+09:00,445.56674961033707,447.2048626603751,443.38259887695307,443.3825988769531,37000,0.0,0.0
2005-03-09 00:00:00+09:00,441.1984691266224,446.6588462197737,441.1984691266224,441.7445068359375,30000,0.0,0.0
2005-03-10 00:00:00+09:00,443.38257794526453,449.3889921785132,441.74446497256037,445.02069091796875,42000,0.0,0.0
2005-03-11 00:00:00+09:00,445.56672310078693,451.027099609375,445.0206854499281,451.027099609375,88000,0.0,0.0
2005-03-14 00:00:00+09:00,451.027099609375,457.0335137688219,451.027099609375,451.027099609375,54000,0.0,0.0
2005-03-15 00:00:00+09:00,453.21139441081124,453.21139441081124,449.3891296386719,449.3891296386719,21000,0.0,0.0
2005-03-16 00:00:00+09:00,448.84293125590034,453.21123229002103,442.83651733398443,442.8365173339844,41000,0.0,0.0
2005-03-17 00:00:00+09:00,442.83639832650016,452.6650730119219,442.83639832650016,451.572998046875,54000,0.0,0.0
2005-03-18 00:00:00+09:00,452.6652298245788,461.4018325714946,452.6652298245788,459.2176818847656,71000,0.0,0.0
2005-03-21 00:00:00+09:00,459.2176818847656,459.2176818847656,459.2176818847656,459.2176818847656,0,0.0,0.0
2005-03-22 00:00:00+09:00,465.7701320513557,467.9542827292049,461.94786836511946,464.13201904296875,88000,0.0,0.0
2005-03-23 00:00:00+09:00,466.86219976992464,472.86861403597044,464.13201146717654,466.316162109375,121000,0.0,0.0
2005-03-24 00:00:00+09:00,465.77012067420463,470.13842192320067,463.0399323935821,467.4082336425781,50000,0.0,0.0
2005-03-25 00:00:00+09:00,469.59237081962715,469.59237081962715,462.493881493284,466.8621826171875,67000,0.0,0.0
2005-03-28 00:00:00+09:00,453.03328169153093,469.6279073945174,453.03328169153093,467.96844482421875,29000,11.0,0.0
2005-03-29 00:00:00+09:00,467.9684911068017,470.18110808603006,464.64956563795914,466.8621826171875,53000,0.0,0.0
2005-03-30 00:00:00+09:00,462.43695699757546,466.86219103582977,461.88380274279365,465.2027282714844,43000,0.0,0.0
2005-03-31 00:00:00+09:00,466.8621786428052,475.71264648437494,466.8621786428052,475.712646484375,67000,0.0,0.0
2005-04-01 00:00:00+09:00,475.712628945537,486.7757133396193,471.84054940760825,481.2441711425781,118000,0.0,0.0
2005-04-04 00:00:00+09:00,481.2441008586212,491.7540294980623,479.03148430294937,487.32879638671875,71000,0.0,0.0
2005-04-05 00:00:00+09:00,488.4351509450103,492.30723028432527,484.00991741436474,486.2225341796875,45000,0.0,0.0
2005-04-06 00:00:00+09:00,490.0946201652423,490.0946201652423,483.45676977925706,488.9883117675781,65000,0.0,0.0
2005-04-07 00:00:00+09:00,488.43534766590534,489.5416564941407,481.79749469649323,489.5416564941406,54000,0.0,0.0
2005-04-08 00:00:00+09:00,488.9882650653968,492.30718994140625,484.5630318973842,492.30718994140625,85000,0.0,0.0
2005-04-11 00:00:00+09:00,491.75402832031256,492.3071824579057,488.4351034947536,491.7540283203125,14000,0.0,0.0
2005-04-12 00:00:00+09:00,491.754004834749,497.285545946501,486.77561783417224,494.519775390625,48000,0.0,0.0
2005-04-13 00:00:00+09:00,494.5197284096166,508.90173393383367,494.5197284096166,504.47650146484375,135000,0.0,0.0
2005-04-14 00:00:00+09:00,503.3703092826429,505.5829260267424,499.49822998046875,499.49822998046875,98000,0.0,0.0
2005-04-15 00:00:00+09:00,499.49844329351765,500.6047521380216,488.98850927073045,490.0948181152344,153000,0.0,0.0
2005-04-18 00:00:00+09:00,462.43695699757546,469.6279623097387,445.8423293541218,465.2027282714844,97000,0.0,0.0
2005-04-19 00:00:00+09:00,459.67119590395123,478.47844098305393,459.67119590395123,475.1595153808594,54000,0.0,0.0
2005-04-20 00:00:00+09:00,486.2225077311198,491.2008951822917,472.9468078613281,472.9468078613281,43000,0.0,0.0
2005-04-21 00:00:00+09:00,467.41533585314477,470.18110707121076,461.33063917339973,469.0747985839844,41000,0.0,0.0
2005-04-22 00:00:00+09:00,476.81910120297783,485.6695717589496,475.71279238348137,484.5632629394531,53000,0.0,0.0
2005-04-25 00:00:00+09:00,481.2442443154075,488.4352502649481,481.2442443154075,486.7757873535156,38000,0.0,0.0
2005-04-26 00:00:00+09:00,489.5414229959043,490.0945771461822,478.47833999034714,479.031494140625,58000,0.0,0.0
2005-04-27 00:00:00+09:00,490.0947094562343,495.0730981527423,481.7973949620542,493.41363525390625,53000,0.0,0.0
2005-04-28 00:00:00+09:00,495.07309105900475,536.5596629354576,492.30731960057454,520.5181884765625,148000,0.0,0.0
2005-04-29 00:00:00+09:00,520.5181884765625,520.5181884765625,520.5181884765625,520.5181884765625,0,0.0,0.0
2005-05-02 00:00:00+09:00,524.3902542304202,534.900185486093,523.8370999538057,533.24072265625,114000,0.0,0.0
2005-05-03 00:00:00+09:00,533.24072265625,533.24072265625,533.24072265625,533.24072265625,0,0.0,0.0
2005-05-04 00:00:00+09:00,533.24072265625,533.24072265625,533.24072265625,533.24072265625,0,0.0,0.0
2005-05-05 00:00:00+09:00,533.24072265625,533.24072265625,533.24072265625,533.24072265625,0,0.0,0.0
2005-05-06 00:00:00+09:00,536.0066047510296,560.3453979492188,536.0066047510296,560.3453979492188,231000,0.0,0.0
2005-05-09 00:00:00+09:00,553.154338840527,553.154338840527,540.9849433860354,547.0696411132812,99000,0.0,0.0
2005-05-10 00:00:00+09:00,547.069654147483,547.069654147483,533.7939496990101,538.7723388671875,51000,0.0,0.0
2005-05-11 00:00:00+09:00,527.7091506958009,534.3470016479492,526.0496879577637,531.028076171875,100000,0.0,0.0
2005-05-12 00:00:00+09:00,532.13443114215,533.7938940251297,528.2623510818642,529.9218139648438,39000,0.0,0.0
2005-05-13 00:00:00+09:00,525.4965605559172,542.0911887839989,525.4965605559172,537.6659545898438,44000,0.0,0.0
2005-05-16 00:00:00+09:00,537.1129288932768,537.1129288932768,528.2624583862815,528.8156127929688,33000,0.0,0.0
2005-05-17 00:00:00+09:00,534.3469190687978,535.4532273898511,524.9432983398438,524.9432983398438,38000,0.0,0.0
2005-05-18 00:00:00+09:00,526.0495228031473,527.1558309478437,520.5179820796652,523.2837524414062,36000,0.0,0.0
2005-05-19 00:00:00+09:00,533.7939084435477,552.6011549586572,533.7939084435477,544.8569946289062,132000,0.0,0.0
2005-05-20 00:00:00+09:00,552.6010354778724,554.260498046875,547.6226477708645,554.260498046875,100000,0.0,0.0
2005-05-23 00:00:00+09:00,554.8138252916139,559.7922145514588,552.0480534805888,558.1327514648438,99000,0.0,0.0
2005-05-24 00:00:00+09:00,557.0261970631669,566.9829711914062,553.1541182355184,566.9829711914062,149000,0.0,0.0
2005-05-25 00:00:00+09:00,566.9832212601237,572.5147648821737,552.6012078427938,558.1327514648438,90000,0.0,0.0
2005-05-26 00:00:00+09:00,557.5794381069472,559.792054924832,549.2821250398796,555.3668212890625,75000,0.0,0.0
2005-05-27 00:00:00+09:00,559.2389266490936,566.429931640625,558.6857724189758,566.429931640625,63000,0.0,0.0
2005-05-30 00:00:00+09:00,563.1112058107908,564.2175146630714,553.154426140266,553.7075805664062,99000,0.0,0.0
2005-05-31 00:00:00+09:00,553.7074173637059,562.5578855733155,553.7074173637059,559.7921142578125,85000,0.0,0.0
2005-06-01 00:00:00+09:00,562.0045719547672,562.557726061022,551.4946439359281,552.6009521484375,80000,0.0,0.0
2005-06-02 00:00:00+09:00,548.1758019605321,560.345194133218,548.1758019605321,554.260498046875,96000,0.0,0.0
2005-06-03 00:00:00+09:00,555.366722679711,557.5793391047297,550.9414898296734,552.6009521484375,56000,0.0,0.0
2005-06-06 00:00:00+09:00,550.3885498046875,554.8137843759815,537.1128460908056,550.3885498046875,65000,0.0,0.0
2005-06-07 00:00:00+09:00,550.9416968117298,553.1543140680018,547.6227709273218,549.8353881835938,44000,0.0,0.0
2005-06-08 00:00:00+09:00,549.2821396814427,556.47314453125,548.7289854622267,556.47314453125,51000,0.0,0.0
2005-06-09 00:00:00+09:00,553.154338840527,553.154338840527,545.9633324356001,547.0696411132812,35000,0.0,0.0
2005-06-10 00:00:00+09:00,542.0911965532628,552.6011279150097,527.7091852161353,552.0479736328125,203000,0.0,0.0
2005-06-13 00:00:00+09:00,552.0480375039457,552.0480375039457,543.1975679648043,547.622802734375,48000,0.0,0.0
2005-06-14 00:00:00+09:00,548.7290868404523,552.0480127689227,544.8570065905701,550.3885498046875,38000,0.0,0.0
2005-06-15 00:00:00+09:00,550.3884425493277,553.1542136174148,545.9632088403883,551.4947509765625,77000,0.0,0.0
2005-06-16 00:00:00+09:00,553.1541062546922,554.8135685734562,547.6225651921453,552.6009521484375,75000,0.0,0.0
2005-06-17 00:00:00+09:00,558.1326638537143,566.4299779843444,557.0263553029637,565.3236694335938,195000,0.0,0.0
2005-06-20 00:00:00+09:00,576.386620340375,578.0460827789749,569.1956164397752,573.620849609375,229000,0.0,0.0
2005-06-21 00:00:00+09:00,574.1742378322557,578.0463184342074,568.0895397434746,577.4931640625,157000,0.0,0.0
2005-06-22 00:00:00+09:00,578.046250018726,578.046250018726,569.7489354251558,576.93994140625,104000,0.0,0.0
2005-06-23 00:00:00+09:00,578.5992699599847,589.662353515625,575.2803448932926,589.662353515625,166000,0.0,0.0
2005-06-24 00:00:00+09:00,585.2371920250804,585.2371920250804,573.620952863902,581.3651123046875,110000,0.0,0.0
2005-06-27 00:00:00+09:00,576.3867167736236,580.8119506835938,562.0047065662203,580.8119506835938,91000,0.0,0.0
2005-06-28 00:00:00+09:00,580.8119432942087,581.9182517576263,571.4083213551596,580.2587890625,57000,0.0,0.0
2005-06-29 00:00:00+09:00,580.8120165600656,585.7904052734375,575.2804735452078,585.7904052734375,64000,0.0,0.0
2005-06-30 00:00:00+09:00,585.7903632789137,585.7903632789137,575.8335865659576,578.0462036132812,32000,0.0,0.0
2005-07-01 00:00:00+09:00,578.5993337286086,583.0245676385789,575.280408296131,580.8119506835938,68000,0.0,0.0
2005-07-04 00:00:00+09:00,583.5777661294647,584.6840746908476,577.4930690418589,584.1309204101562,44000,0.0,0.0
2005-07-05 00:00:00+09:00,584.1309227397423,584.1309227397423,579.152534193665,579.7056884765625,42000,0.0,0.0
2005-07-06 00:00:00+09:00,581.36510492234,581.9182591610863,575.8335625348773,580.8119506835938,61000,0.0,0.0
2005-07-07 00:00:00+09:00,577.4932430906791,580.8121697751084,574.17431640625,574.17431640625,55000,0.0,0.0
2005-07-08 00:00:00+09:00,571.4084659737189,579.7057815493295,569.7490028585968,577.4931640625,44000,0.0,0.0
2005-07-11 00:00:00+09:00,582.4714548149512,582.4714548149512,570.8552149753368,574.727294921875,52000,0.0,0.0
2005-07-12 00:00:00+09:00,570.3021572303041,579.1526271776221,570.3021572303041,577.4931640625,37000,0.0,0.0
2005-07-13 00:00:00+09:00,578.04622562787,580.8119970423575,573.0678370817926,579.7056884765625,43000,0.0,0.0
2005-07-14 00:00:00+09:00,580.2587440181043,599.6191406250001,575.8335105079567,599.619140625,169000,0.0,0.0
2005-07-15 00:00:00+09:00,599.6191681855597,599.6191681855597,588.0029296875,588.0029296875,47000,0.0,0.0
2005-07-18 00:00:00+09:00,588.0029296875,588.0029296875,588.0029296875,588.0029296875,0,0.0,0.0
2005-07-19 00:00:00+09:00,594.6407009964202,596.3001634178056,589.1091595918024,595.7470092773438,42000,0.0,0.0
2005-07-20 00:00:00+09:00,599.6192651911739,600.1724194948558,592.9814135469912,595.1940307617188,82000,0.0,0.0
2005-07-21 00:00:00+09:00,594.6408983288925,597.9598242730538,581.3651945522474,596.853515625,70000,0.0,0.0
2005-07-22 00:00:00+09:00,586.8967114120526,594.0877173011729,584.1309399162371,590.2156372070312,52000,0.0,0.0
2005-07-25 00:00:00+09:00,590.2156347656249,594.640869140625,588.5561718749999,594.640869140625,41000,0.0,0.0
2005-07-26 00:00:00+09:00,599.0661108874921,599.0661108874921,589.1093334212179,595.1940307617188,46000,0.0,0.0
2005-07-27 00:00:00+09:00,591.3219968202617,597.4066946359986,591.3219968202617,594.0877685546875,34000,0.0,0.0
2005-07-28 00:00:00+09:00,599.0661548325403,602.9382352423536,593.5346113899499,598.5130004882812,103000,0.0,0.0
2005-07-29 00:00:00+09:00,589.1094058683549,593.5346408420139,575.2805465756705,577.4931640625,147000,0.0,0.0
2005-08-01 00:00:00+09:00,570.3020000116489,570.3020000116489,553.7073734351702,556.47314453125,170000,0.0,0.0
2005-08-02 00:00:00+09:00,555.9200782430137,555.9200782430137,536.5596775081823,549.2822265625,114000,0.0,0.0
2005-08-03 00:00:00+09:00,550.3884368772931,553.1542079168776,543.1974321743737,546.516357421875,77000,0.0,0.0
2005-08-04 00:00:00+09:00,549.8353881835938,553.7074683820698,545.9633079851177,549.8353881835938,84000,0.0,0.0
2005-08-05 00:00:00+09:00,549.8354727380562,549.8354727380562,527.709296772742,528.262451171875,64000,0.0,0.0
2005-08-08 00:00:00+09:00,520.5181756703411,574.727294921875,519.9650213922641,574.727294921875,273000,0.0,0.0
2005-08-09 00:00:00+09:00,559.2390757757403,571.9616264610439,555.9201495100089,568.6427001953125,240000,0.0,0.0
2005-08-10 00:00:00+09:00,553.1543208103554,566.430024509804,553.1543208103554,564.2174072265625,149000,0.0,0.0
2005-08-11 00:00:00+09:00,564.7704689502716,572.5146281719208,560.898389339447,566.429931640625,69000,0.0,0.0
2005-08-12 00:00:00+09:00,569.7487417825838,569.7487417825838,562.0045841272866,566.9829711914062,40000,0.0,0.0
2005-08-15 00:00:00+09:00,556.4733028242072,565.3237728492443,556.4733028242072,559.2390747070312,43000,0.0,0.0
2005-08-16 00:00:00+09:00,559.2389081812616,561.4515250286653,548.7289781560945,555.9199829101562,47000,0.0,0.0
2005-08-17 00:00:00+09:00,553.1541645820505,563.6640937091095,553.1541645820505,561.4514770507812,70000,0.0,0.0
2005-08-18 00:00:00+09:00,557.5793391047297,559.7919555297485,552.0477980421828,552.6009521484375,63000,0.0,0.0
2005-08-19 00:00:00+09:00,553.707436479404,554.2605907616013,550.3885107862209,552.0479736328125,51000,0.0,0.0
2005-08-22 00:00:00+09:00,554.8137404462524,560.8984375,554.8137404462524,560.8984375,50000,0.0,0.0
2005-08-23 00:00:00+09:00,562.5579174586705,564.7705346364825,554.813757336329,557.5795288085938,68000,0.0,0.0
2005-08-24 00:00:00+09:00,559.2390747070312,564.2174640961147,557.026457200772,559.2390747070312,70000,0.0,0.0
2005-08-25 00:00:00+09:00,557.0261849984751,559.2388014234938,552.0477980421828,552.6009521484375,101000,0.0,0.0
2005-08-26 00:00:00+09:00,553.7075021359275,561.4516630049615,553.7075021359275,557.0264282226562,63000,0.0,0.0
2005-08-29 00:00:00+09:00,559.7919242760001,560.3450783513716,553.7072294469132,554.8135375976562,83000,0.0,0.0
2005-08-30 00:00:00+09:00,559.2389081812616,559.2389081812616,553.1542118509018,555.9199829101562,58000,0.0,0.0
2005-08-31 00:00:00+09:00,547.6226658377087,550.94159108521,546.516357421875,546.516357421875,77000,0.0,0.0
2005-09-01 00:00:00+09:00,548.7289561501996,554.260498046875,544.3037226328593,554.260498046875,84000,0.0,0.0
2005-09-02 00:00:00+09:00,548.7289428710938,554.8136388101885,545.9631719896871,548.7289428710938,57000,0.0,0.0
2005-09-05 00:00:00+09:00,545.4101536710497,553.7074683820698,545.4101536710497,549.8353881835938,38000,0.0,0.0
2005-09-06 00:00:00+09:00,547.6227661752458,548.1759204845138,544.8569946289062,544.8569946289062,45000,0.0,0.0
2005-09-07 00:00:00+09:00,550.3886537629414,550.3886537629414,543.1976462263402,544.303955078125,41000,0.0,0.0
2005-09-08 00:00:00+09:00,545.9632738212562,547.0695823801645,538.219113908898,542.6443481445312,52000,0.0,0.0
2005-09-09 00:00:00+09:00,543.1975024239854,544.8569652623479,537.1128053499897,542.6443481445312,125000,0.0,0.0
2005-09-12 00:00:00+09:00,542.6443239409348,550.9416377626617,542.6443239409348,545.4100952148438,42000,0.0,0.0
2005-09-13 00:00:00+09:00,542.0911739388692,544.3037909753544,535.4533228294137,536.5596313476562,69000,0.0,0.0
2005-09-14 00:00:00+09:00,533.2407203956886,542.0911887839989,531.5812575728805,537.6659545898438,61000,0.0,0.0
2005-09-15 00:00:00+09:00,535.4533323800947,538.2191037250332,531.5812524971808,532.6875610351562,117000,0.0,0.0
2005-09-16 00:00:00+09:00,536.5596777545519,542.0912208241865,534.9002148336615,535.453369140625,78000,0.0,0.0
2005-09-19 00:00:00+09:00,535.453369140625,535.453369140625,535.453369140625,535.453369140625,0,0.0,0.0
2005-09-20 00:00:00+09:00,537.1127358872881,548.7289742535426,537.1127358872881,546.516357421875,93000,0.0,0.0
2005-09-21 00:00:00+09:00,547.6227661752458,547.6227661752458,539.325451536227,544.8569946289062,69000,0.0,0.0
2005-09-22 00:00:00+09:00,545.4100730484645,547.0695357453666,542.6443018869611,543.7506103515625,38000,0.0,0.0
2005-09-23 00:00:00+09:00,543.7506103515625,543.7506103515625,543.7506103515625,543.7506103515625,0,0.0,0.0
2005-09-26 00:00:00+09:00,547.0694110858906,552.6009521484375,544.3036405546171,552.6009521484375,90000,0.0,0.0
2005-09-27 00:00:00+09:00,552.601064717401,553.1586843588918,540.8910522460938,540.8910522460938,38000,8.0,0.0
2005-09-28 00:00:00+09:00,540.333432604603,543.121530812057,535.3148558311856,540.8910522460938,59000,0.0,0.0
2005-09-29 00:00:00+09:00,540.8909745933822,544.7943115234375,536.4300181018904,544.7943115234375,57000,0.0,0.0
2005-09-30 00:00:00+09:00,541.4486155864621,541.4486155864621,532.5267022503308,539.7757568359375,65000,0.0,0.0
2005-10-03 00:00:00+09:00,539.7759173334208,540.3335370827322,529.7387618458159,531.41162109375,63000,0.0,0.0
2005-10-04 00:00:00+09:00,533.0843772652223,541.4486718875846,533.0843772652223,540.8910522460938,43000,0.0,0.0
2005-10-05 00:00:00+09:00,548.6976701720687,548.6976701720687,536.4300393348883,539.7757568359375,71000,0.0,0.0
2005-10-06 00:00:00+09:00,542.5639114945022,542.5639114945022,526.9505615234375,526.9505615234375,60000,0.0,0.0
2005-10-07 00:00:00+09:00,526.9505590717081,531.969135824772,526.9505590717081,527.5081787109375,39000,0.0,0.0
2005-10-10 00:00:00+09:00,527.5081787109375,527.5081787109375,527.5081787109375,527.5081787109375,0,0.0,0.0
2005-10-11 00:00:00+09:00,527.5082523941867,527.5082523941867,520.2591960716451,524.7201538085938,65000,0.0,0.0
2005-10-12 00:00:00+09:00,530.2963638305664,535.8725611368815,528.0658849080403,535.31494140625,67000,0.0,0.0
2005-10-13 00:00:00+09:00,535.314853660148,535.314853660148,523.6048412363322,527.5081787109375,74000,0.0,0.0
2005-10-14 00:00:00+09:00,531.4115186580274,531.4115186580274,525.2777025979663,526.9505615234375,93000,0.0,0.0
2005-10-17 00:00:00+09:00,531.4115981242295,531.4115981242295,523.0473022460938,523.0473022460938,54000,0.0,0.0
2005-10-18 00:00:00+09:00,520.2591137695313,523.6048315429688,515.7981567382812,515.7981567382812,55000,0.0,0.0
2005-10-19 00:00:00+09:00,513.0102392150745,515.7983383412434,509.6645202636718,509.6645202636719,67000,0.0,0.0
2005-10-20 00:00:00+09:00,514.6829934934797,523.6049088736484,511.89489493717696,512.4525146484375,59000,0.0,0.0
2005-10-21 00:00:00+09:00,507.99152857630986,511.33724665694416,502.9729514553584,505.20343017578125,39000,0.0,0.0
2005-10-24 00:00:00+09:00,502.41521743656125,510.22189118141347,501.8575978833575,503.53045654296875,44000,0.0,0.0
2005-10-25 00:00:00+09:00,507.4338489939704,514.6829039795986,503.53051169401675,511.8948059082031,41000,0.0,0.0
2005-10-26 00:00:00+09:00,513.0100412589582,515.2405196992145,505.760986328125,505.760986328125,86000,0.0,0.0
2005-10-27 00:00:00+09:00,510.22208932729865,512.4525684063251,504.64589162973255,507.4339904785156,49000,0.0,0.0
2005-10-28 00:00:00+09:00,506.876421137503,518.0288176421785,506.876421137503,509.6645202636719,84000,0.0,0.0
2005-10-31 00:00:00+09:00,520.8167333984376,523.0472119140626,515.7981567382812,515.7981567382812,72000,0.0,0.0
2005-11-01 00:00:00+09:00,520.8168712304481,525.83544921875,520.8168712304481,525.83544921875,32000,0.0,0.0
2005-11-02 00:00:00+09:00,529.1811504322818,529.1811504322818,516.3558959960938,516.3558959960938,117000,0.0,0.0
2005-11-03 00:00:00+09:00,585.5006103515625,585.5006103515625,585.5006103515625,585.5006103515625,117000,0.0,0.0
2005-11-04 00:00:00+09:00,521.9319850755775,526.9505618551503,507.4338743790336,513.0100708007812,127000,0.0,0.0
2005-11-07 00:00:00+09:00,513.0101902865432,516.9135286908974,511.3373309703914,513.5678100585938,90000,0.0,0.0
2005-11-08 00:00:00+09:00,516.9133947566723,516.9133947566723,504.64576295014933,509.1067199707031,156000,0.0,0.0
2005-11-09 00:00:00+09:00,511.337211874257,514.6829297273056,508.54911366338314,513.0100708007812,90000,0.0,0.0
2005-11-10 00:00:00+09:00,516.3557960901292,520.8167532917718,510.2219799378706,511.33721923828125,74000,0.0,0.0
2005-11-11 00:00:00+09:00,513.567612731341,519.1438083093143,512.4523736157463,516.913330078125,60000,0.0,0.0
2005-11-14 00:00:00+09:00,521.3743070828713,530.8538399389234,519.7014483435679,526.3928833007812,111000,0.0,0.0
2005-11-15 00:00:00+09:00,529.738600779388,530.2962203591557,526.3928833007812,526.3928833007812,59000,0.0,0.0
2005-11-16 00:00:00+09:00,528.6234179893961,529.1810376286254,524.1624608755616,527.5081787109375,86000,0.0,0.0
2005-11-17 00:00:00+09:00,528.0658569335938,528.6234766346852,521.932040221588,528.0658569335938,130000,0.0,0.0
2005-11-18 00:00:00+09:00,530.2963058264835,534.7572631835938,523.604869790818,534.7572631835938,207000,0.0,0.0
2005-11-21 00:00:00+09:00,540.3333668649933,546.4671821751223,540.3333668649933,542.0062255859375,106000,0.0,0.0
2005-11-22 00:00:00+09:00,547.5824660343003,560.4077172754295,544.7943679384026,559.85009765625,204000,0.0,0.0
2005-11-23 00:00:00+09:00,559.85009765625,559.85009765625,559.85009765625,559.85009765625,0,0.0,0.0
2005-11-24 00:00:00+09:00,567.0991551712051,567.0991551712051,557.6196216039382,559.29248046875,176000,0.0,0.0
2005-11-25 00:00:00+09:00,560.4077418613242,560.9653615049673,547.5824900575327,554.27392578125,88000,0.0,0.0
2005-11-28 00:00:00+09:00,554.2740369822881,571.5602494032648,554.2740369822881,569.8873901367188,107000,0.0,0.0
2005-11-29 00:00:00+09:00,571.0027358949417,578.8094139247553,568.7722564578521,573.2332153320312,119000,0.0,0.0
2005-11-30 00:00:00+09:00,578.8091129954269,579.9243521341464,571.0024390243902,571.56005859375,88000,0.0,0.0
2005-12-01 00:00:00+09:00,571.5601267992255,583.8277587890625,571.5601267992255,583.8277587890625,109000,0.0,0.0
2005-12-02 00:00:00+09:00,584.3853710937501,589.4039477539063,582.1548925781251,585.5006103515625,152000,0.0,0.0
2005-12-05 00:00:00+09:00,586.0584993309737,611.7090140495511,579.9246805939226,605.5751953125,268000,0.0,0.0
2005-12-06 00:00:00+09:00,602.2291283523517,605.0172261687978,593.8648349030135,601.6715087890625,158000,0.0,0.0
2005-12-07 00:00:00+09:00,608.3630962850373,625.0916873836176,607.8054765817512,622.3035888671875,319000,0.0,0.0
2005-12-08 00:00:00+09:00,621.188341114619,621.188341114619,592.1921169333261,610.5935668945312,177000,0.0,0.0
2005-12-09 00:00:00+09:00,603.9021330280757,611.7088088012919,594.422598160599,610.0359497070312,153000,0.0,0.0
2005-12-12 00:00:00+09:00,625.0917051846751,633.4560009721596,609.4783530480374,618.4002685546875,184000,0.0,0.0
2005-12-13 00:00:00+09:00,620.6305876324891,623.9763050860336,611.1510548474466,612.8239135742188,75000,0.0,0.0
2005-12-14 00:00:00+09:00,615.6121594137396,622.8612156387203,603.344525802234,607.2478637695312,105000,0.0,0.0
2005-12-15 00:00:00+09:00,602.2292239766725,602.2292239766725,585.500634421765,593.8649291992188,105000,0.0,0.0
2005-12-16 00:00:00+09:00,585.5005790014258,597.7682101805033,582.712481006181,592.7496337890625,98000,0.0,0.0
2005-12-19 00:00:00+09:00,588.8464530667521,598.3259887695312,579.9245371111953,598.3259887695312,109000,0.0,0.0
2005-12-20 00:00:00+09:00,599.4411373577909,607.2478126350086,599.4411373577909,605.017333984375,103000,0.0,0.0
2005-12-21 00:00:00+09:00,611.7087888077253,616.727365926476,607.8054510486969,614.4968872070312,124000,0.0,0.0
2005-12-22 00:00:00+09:00,608.3630881113548,615.054524460884,607.8054684155608,610.5935668945312,71000,0.0,0.0
2005-12-23 00:00:00+09:00,610.5935668945312,610.5935668945312,610.5935668945312,610.5935668945312,0,0.0,0.0
2005-12-26 00:00:00+09:00,612.8241146772335,613.9393541943896,605.5750578157194,608.9207763671875,51000,0.0,0.0
2005-12-27 00:00:00+09:00,607.8053831877531,610.0358616581669,602.2291870117188,602.2291870117188,58000,0.0,0.0
2005-12-28 00:00:00+09:00,602.2292209698671,608.363037109375,602.2292209698671,608.363037109375,36000,0.0,0.0
2005-12-29 00:00:00+09:00,612.2665000985521,613.3817396251433,606.6903024655962,607.8055419921875,90000,0.0,0.0
2005-12-30 00:00:00+09:00,612.2666339347376,612.2666339347376,605.5751953125,605.5751953125,29000,0.0,0.0
2006-01-02 00:00:00+09:00,605.5751953125,605.5751953125,605.5751953125,605.5751953125,0,0.0,0.0
2006-01-03 00:00:00+09:00,605.5751953125,605.5751953125,605.5751953125,605.5751953125,0,0.0,0.0
2006-01-04 00:00:00+09:00,616.7274220784504,618.400281270345,613.3817036946614,615.6121826171875,60000,0.0,0.0
2006-01-05 00:00:00+09:00,616.1697190277018,621.1882959247599,616.1697190277018,620.6306762695312,79000,0.0,0.0
2006-01-06 00:00:00+09:00,621.1882308156867,638.4744383159436,618.9577524285567,635.6863403320312,187000,0.0,0.0
2006-01-09 00:00:00+09:00,635.6863403320312,635.6863403320312,635.6863403320312,635.6863403320312,0,0.0,0.0
2006-01-10 00:00:00+09:00,657.9912359775641,663.5674328926282,647.3964618389423,652.4150390625,220000,0.0,0.0
2006-01-11 00:00:00+09:00,655.2033627827963,669.1438598632812,639.5900060526529,669.1438598632812,159000,0.0,0.0
2006-01-12 00:00:00+09:00,680.2962575276692,684.7572165934245,663.5676610310873,669.1438598632812,199000,0.0,0.0
2006-01-13 00:00:00+09:00,660.7793304035098,666.9131469726564,659.1064713391971,666.9131469726562,58000,0.0,0.0
2006-01-16 00:00:00+09:00,666.9131620519302,670.258880256204,661.3369650448069,663.5674438476562,80000,0.0,0.0
2006-01-17 00:00:00+09:00,655.2031676815511,674.7198577827037,632.3407592773438,632.3407592773438,119000,0.0,0.0
2006-01-18 00:00:00+09:00,635.686485229816,655.2031755658192,605.0174004160968,630.6679077148438,162000,0.0,0.0
2006-01-19 00:00:00+09:00,607.8055373738782,650.184639062332,607.8055373738782,648.5117797851562,110000,0.0,0.0
2006-01-20 00:00:00+09:00,651.8573611599581,661.3368950690423,635.6863915503442,637.9168701171875,80000,0.0,0.0
2006-01-23 00:00:00+09:00,615.6121801303698,633.4560114384964,613.9393209452329,629.5526733398438,88000,0.0,0.0
2006-01-24 00:00:00+09:00,618.4003244257531,628.4374802775687,618.4003244257531,619.5155639648438,169000,0.0,0.0
2006-01-25 00:00:00+09:00,626.7644751412529,642.3778250558037,624.5339965820312,624.5339965820312,53000,0.0,0.0
2006-01-26 00:00:00+09:00,622.3036628125703,629.5527198166594,617.8427046562078,619.5155639648438,92000,0.0,0.0
2006-01-27 00:00:00+09:00,642.3777299935289,647.9539255663894,636.8015344206684,646.2810668945312,100000,0.0,0.0
2006-01-30 00:00:00+09:00,657.9910070420916,668.028157996971,650.1843340771854,663.0095825195312,178000,0.0,0.0
2006-01-31 00:00:00+09:00,655.2030173400409,657.4334956969432,644.0506255555296,651.8572998046875,189000,0.0,0.0
2006-02-01 00:00:00+09:00,655.7607521864334,661.336949058767,652.4150340630332,653.5302734375,77000,0.0,0.0
2006-02-02 00:00:00+09:00,658.5489322135745,663.0098902641322,655.2032136756563,662.4522705078125,57000,0.0,0.0
2006-02-03 00:00:00+09:00,661.3369206308529,677.5078908655028,655.7607239982151,673.6045532226562,142000,0.0,0.0
2006-02-06 00:00:00+09:00,694.7939500226086,699.8125259055969,685.8720373417405,693.6787109375,203000,0.0,0.0
2006-02-07 00:00:00+09:00,686.4295021651627,691.4480769169795,679.1804497458719,686.9871215820312,94000,0.0,0.0
2006-02-08 00:00:00+09:00,675.8350772633272,681.4112742704503,662.4522044462316,663.5674438476562,78000,0.0,0.0
2006-02-09 00:00:00+09:00,664.1252255957194,678.065721515025,664.1252255957194,668.028564453125,66000,0.0,0.0
2006-02-10 00:00:00+09:00,668.0284321239322,671.9317702081288,654.0879389660872,656.8760375976562,85000,0.0,0.0
2006-02-13 00:00:00+09:00,652.4149959410013,652.4149959410013,625.6492525177806,634.5711669921875,95000,0.0,0.0
2006-02-14 00:00:00+09:00,630.1103109811929,644.0508045869715,601.1140842811734,625.6493530273438,98000,0.0,0.0
2006-02-15 00:00:00+09:00,647.954082179346,647.954082179346,616.7273794237149,625.0916748046875,50000,0.0,0.0
2006-02-16 00:00:00+09:00,613.3817490586289,635.6865399334881,613.3817490586289,618.9579467773438,34000,0.0,0.0
2006-02-17 00:00:00+09:00,612.2662804915576,617.8424761244497,599.4410305359057,601.6715087890625,60000,0.0,0.0
2006-02-20 00:00:00+09:00,591.0769480689718,605.0174421272022,581.0397923470458,581.597412109375,94000,0.0,0.0
2006-02-21 00:00:00+09:00,574.3482882775993,599.9987943560163,572.1178094881717,596.653076171875,73000,0.0,0.0
2006-02-22 00:00:00+09:00,591.0769949386369,605.017490102284,585.500796873178,597.7684326171875,52000,0.0,0.0
2006-02-23 00:00:00+09:00,598.8835532828552,623.4188198977953,598.8835532828552,610.5935668945312,51000,0.0,0.0
2006-02-24 00:00:00+09:00,611.151260571961,617.2850779682124,606.6903024655962,607.8055419921875,51000,0.0,0.0
2006-02-27 00:00:00+09:00,611.1512481945904,624.5341222426471,597.2107543945312,597.2107543945312,79000,0.0,0.0
2006-02-28 00:00:00+09:00,599.9987619387696,610.0359159488977,581.039693252972,603.902099609375,100000,0.0,0.0
2006-03-01 00:00:00+09:00,596.653076171875,602.2292731454439,588.2887807115217,596.653076171875,43000,0.0,0.0
2006-03-02 00:00:00+09:00,607.2478135018979,607.2478135018979,591.0768432617188,591.0768432617188,34000,0.0,0.0
2006-03-03 00:00:00+09:00,602.2292189879627,610.5935136961289,592.7496849853744,594.9801635742188,87000,0.0,0.0
2006-03-06 00:00:00+09:00,603.9021120655294,603.9021120655294,587.7311413823342,601.114013671875,46000,0.0,0.0
2006-03-07 00:00:00+09:00,599.9987207031251,607.8053955078126,595.537763671875,599.4411010742188,55000,0.0,0.0
2006-03-08 00:00:00+09:00,596.0954227321433,596.0954227321433,586.058268747879,590.5192260742188,54000,0.0,0.0
2006-03-09 00:00:00+09:00,588.2887489269534,612.2663946178151,588.2887489269534,603.902099609375,73000,0.0,0.0
2006-03-10 00:00:00+09:00,594.9800553729804,613.3815003845159,594.9800553729804,606.1324462890625,91000,0.0,0.0
2006-03-13 00:00:00+09:00,617.2851004069747,617.2851004069747,600.5565069000106,616.1698608398438,64000,0.0,0.0
2006-03-14 00:00:00+09:00,622.3035830649422,627.3221603477241,601.1140345376414,610.0359497070312,95000,0.0,0.0
2006-03-15 00:00:00+09:00,610.5935719202989,612.2664310214504,605.5749946168445,609.4783325195312,36000,0.0,0.0
2006-03-16 00:00:00+09:00,618.957751629064,629.5525239542461,618.4001320330017,621.745849609375,111000,0.0,0.0
2006-03-17 00:00:00+09:00,623.4188563276751,629.5526733398438,617.8426590438856,629.5526733398438,90000,0.0,0.0
2006-03-20 00:00:00+09:00,631.2254223271594,643.4930542098427,631.2254223271594,640.7049560546875,131000,0.0,0.0
2006-03-21 00:00:00+09:00,640.7049560546875,640.7049560546875,640.7049560546875,640.7049560546875,0,0.0,0.0
2006-03-22 00:00:00+09:00,644.0506738408739,644.0506738408739,635.6863793754079,640.7049560546875,94000,0.0,0.0
2006-03-23 00:00:00+09:00,644.6082417184089,650.1844375810249,636.2439479244848,638.4744262695312,107000,0.0,0.0
2006-03-24 00:00:00+09:00,638.47460714466,641.2627058658157,613.3817186542585,625.6493530273438,114000,0.0,0.0
2006-03-27 00:00:00+09:00,635.1287722344694,635.1287722344694,622.8611401105375,623.9763793945312,68000,0.0,0.0
2006-03-28 00:00:00+09:00,626.231111887704,636.9407348632812,622.2854613177544,636.9407348632812,42000,12.0,0.0
2006-03-29 00:00:00+09:00,627.3585092743482,645.3957709965217,627.3585092743482,643.14111328125,73000,0.0,0.0
2006-03-30 00:00:00+09:00,648.2140931406113,650.4687508558831,631.8678247048915,643.14111328125,76000,0.0,0.0
2006-03-31 00:00:00+09:00,647.086802874007,647.086802874007,636.9408425501986,638.6318359375,59000,0.0,0.0
2006-04-03 00:00:00+09:00,640.8862909910057,675.833476603532,640.8862909910057,670.760498046875,168000,0.0,0.0
2006-04-04 00:00:00+09:00,671.3243351979869,687.670603645293,671.3243351979869,679.2156372070312,190000,0.0,0.0
2006-04-05 00:00:00+09:00,687.6705370850824,704.5804683248795,676.3972495918844,679.7792358398438,233000,0.0,0.0
2006-04-06 00:00:00+09:00,680.3427505241368,689.3613785343988,680.3427505241368,683.1610717773438,65000,0.0,0.0
2006-04-07 00:00:00+09:00,683.1612363135131,687.6705514046913,670.7606198127727,678.0882568359375,97000,0.0,0.0
2006-04-10 00:00:00+09:00,689.3615065431283,693.3071570302925,680.9065412134905,689.9251708984375,105000,0.0,0.0
2006-04-11 00:00:00+09:00,698.94384765625,709.089806735131,694.9981969033518,698.94384765625,181000,0.0,0.0
2006-04-12 00:00:00+09:00,693.3071808316814,693.3071808316814,679.7792358398438,679.7792358398438,102000,0.0,0.0
2006-04-13 00:00:00+09:00,680.3428861177886,690.4888446514424,680.3428861177886,688.7978515625,72000,0.0,0.0
2006-04-14 00:00:00+09:00,685.9795344775875,687.6705275781896,680.3428908089138,680.9065551757812,50000,0.0,0.0
2006-04-17 00:00:00+09:00,682.0337884259685,685.9794384416559,670.1968383789062,670.1968383789062,71000,0.0,0.0
2006-04-18 00:00:00+09:00,671.32428419917,682.0339075407185,656.6690101528405,678.0882568359375,46000,0.0,0.0
2006-04-19 00:00:00+09:00,682.0338120331635,688.2341194152832,665.1238828092008,667.3785400390625,67000,0.0,0.0
2006-04-20 00:00:00+09:00,675.8335665110857,679.7792170244949,668.5059298433258,674.7062377929688,50000,0.0,0.0
2006-04-21 00:00:00+09:00,674.7062564679046,682.0338933384834,670.7606058452853,679.7792358398438,57000,0.0,0.0
2006-04-24 00:00:00+09:00,670.7604288911615,671.8877573430794,655.5414947902697,656.6688232421875,102000,0.0,0.0
2006-04-25 00:00:00+09:00,663.9965348653591,663.9965348653591,650.4685918799867,662.3055419921875,48000,0.0,0.0
2006-04-26 00:00:00+09:00,655.5417148166233,665.6876742892796,655.5417148166233,659.4873657226562,66000,0.0,0.0
2006-04-27 00:00:00+09:00,662.3057442786447,662.8694087418605,653.8507773304067,660.0510864257812,35000,0.0,0.0
2006-04-28 00:00:00+09:00,663.996458179654,663.996458179654,648.2138598528031,656.6688232421875,61000,0.0,0.0
2006-05-01 00:00:00+09:00,667.9423958367383,676.3973628726465,664.5604090223751,673.5790405273438,112000,0.0,0.0
2006-05-02 00:00:00+09:00,645.9594525036274,660.614728040359,645.9594525036274,655.541748046875,215000,0.0,0.0
2006-05-03 00:00:00+09:00,655.541748046875,655.541748046875,655.541748046875,655.541748046875,0,0.0,0.0
2006-05-04 00:00:00+09:00,655.541748046875,655.541748046875,655.541748046875,655.541748046875,0,0.0,0.0
2006-05-05 00:00:00+09:00,655.541748046875,655.541748046875,655.541748046875,655.541748046875,0,0.0,0.0
2006-05-08 00:00:00+09:00,653.8504984841418,654.9778269298041,632.994922239389,642.0135498046875,159000,0.0,0.0
2006-05-09 00:00:00+09:00,637.5042862587787,639.7589433277752,634.1223006552839,635.8132934570312,74000,0.0,0.0
2006-05-10 00:00:00+09:00,634.6860871081344,635.2497514838965,618.9034845867953,621.1581420898438,100000,0.0,0.0
2006-05-11 00:00:00+09:00,614.3942365779434,616.0852298896258,604.8119411450763,605.9392700195312,103000,0.0,0.0
2006-05-12 00:00:00+09:00,603.1210965217006,603.684761097889,589.0294821169879,595.79345703125,112000,0.0,0.0
2006-05-15 00:00:00+09:00,591.8474654076805,617.2123567822954,591.8474654076805,600.3024291992188,71000,0.0,0.0
2006-05-16 00:00:00+09:00,600.3024291992188,600.3024291992188,600.3024291992188,600.3024291992188,71000,0.0,0.0
2006-05-17 00:00:00+09:00,591.2839399763822,600.302570138081,576.0650015785153,598.0479125976562,145000,0.0,0.0
2006-05-18 00:00:00+09:00,586.2109185560136,586.2109185560136,574.9376316607056,581.137939453125,79000,0.0,0.0
2006-05-19 00:00:00+09:00,578.8833099568491,592.4112548828125,578.8833099568491,592.4112548828125,65000,0.0,0.0
2006-05-22 00:00:00+09:00,592.4112548828125,592.4112548828125,592.4112548828125,592.4112548828125,145000,0.0,0.0
2006-05-23 00:00:00+09:00,587.9019492615736,592.4112643086422,581.1379766909706,591.283935546875,62000,0.0,0.0
2006-05-24 00:00:00+09:00,585.6473100225957,608.1938859618679,585.6473100225957,596.35693359375,130000,0.0,0.0
2006-05-25 00:00:00+09:00,607.0665472053747,613.2668554869524,598.6115813668598,604.8118896484375,102000,0.0,0.0
2006-05-26 00:00:00+09:00,611.575956583244,611.575956583244,605.9393118221082,608.1939697265625,27000,0.0,0.0
2006-05-29 00:00:00+09:00,612.7032432662609,612.7032432662609,603.1209478333939,605.9392700195312,53000,0.0,0.0
2006-05-30 00:00:00+09:00,605.9391806362929,605.9391806362929,587.9019213057242,594.6658935546875,45000,0.0,0.0
2006-05-31 00:00:00+09:00,577.7559065169398,588.4655281987172,572.1192635265306,579.4468994140625,47000,0.0,0.0
2006-06-01 00:00:00+09:00,582.2653245556262,585.6473109518835,580.0106669581214,581.70166015625,58000,0.0,0.0
2006-06-02 00:00:00+09:00,581.70166015625,582.2653245556262,563.6643993762112,581.70166015625,81000,0.0,0.0
2006-06-05 00:00:00+09:00,578.3195268308374,578.3195268308374,565.3552489389181,569.8645629882812,49000,0.0,0.0
2006-06-06 00:00:00+09:00,568.1736117608533,568.1736117608533,560.2823115975082,564.7916259765625,60000,0.0,0.0
2006-06-07 00:00:00+09:00,563.6642501876877,566.4825714386262,558.5912719359985,563.1005859375,65000,0.0,0.0
2006-06-08 00:00:00+09:00,558.0276412322742,558.0276412322742,532.662748448989,536.6083984375,90000,0.0,0.0
2006-06-09 00:00:00+09:00,537.1721047070727,542.8087479883641,511.80720994126125,531.5354614257812,125000,0.0,0.0
2006-06-12 00:00:00+09:00,529.8445057943386,544.4997793588628,529.8445057943386,541.6814575195312,51000,0.0,0.0
2006-06-13 00:00:00+09:00,524.7715312949595,546.7544418432983,524.7715312949595,526.4625244140625,68000,0.0,0.0
2006-06-14 00:00:00+09:00,524.7714233398438,524.7714233398438,524.7714233398438,524.7714233398438,68000,0.0,0.0
2006-06-15 00:00:00+09:00,531.5355314178786,539.4268330508057,527.5898806014151,537.73583984375,30000,0.0,0.0
2006-06-16 00:00:00+09:00,561.9734171262062,563.1007459469207,546.7544780465596,558.5914306640625,43000,0.0,0.0
2006-06-19 00:00:00+09:00,564.2279849191128,565.3553135603099,559.7186703543248,561.9733276367188,23000,0.0,0.0
2006-06-20 00:00:00+09:00,563.6643393402253,564.7916680189057,550.7000595354001,559.7186889648438,30000,0.0,0.0
2006-06-21 00:00:00+09:00,554.0819933058539,554.6456575920246,546.1906932994632,551.263671875,16000,0.0,0.0
2006-06-22 00:00:00+09:00,552.9546204527894,564.2279052734375,552.9546204527894,564.2279052734375,19000,0.0,0.0
2006-06-23 00:00:00+09:00,564.2279144378754,566.4825714386262,555.2092864348724,563.1005859375,33000,0.0,0.0
2006-06-26 00:00:00+09:00,552.390965183934,563.1005859375,552.390965183934,563.1005859375,23000,0.0,0.0
2006-06-27 00:00:00+09:00,563.664386861807,563.664386861807,552.3910991245708,554.0820922851562,61000,0.0,0.0
2006-06-28 00:00:00+09:00,553.5184369154379,563.1007316481899,553.5184369154379,560.2824096679688,38000,0.0,0.0
2006-06-29 00:00:00+09:00,554.645728501801,559.7187077259028,554.645728501801,557.4640502929688,39000,0.0,0.0
2006-06-30 00:00:00+09:00,563.664306640625,564.7916352539062,561.4096494140624,563.664306640625,55000,0.0,0.0
2006-07-03 00:00:00+09:00,564.7917248363226,565.3553892323669,559.7187452719245,560.2824096679688,33000,0.0,0.0
2006-07-04 00:00:00+09:00,563.1005859375,563.1005859375,559.1549361861862,563.1005859375,17000,0.0,0.0
2006-07-05 00:00:00+09:00,563.6643677376203,563.6643677376203,556.3367309570312,556.3367309570312,9000,0.0,0.0
2006-07-06 00:00:00+09:00,561.4097008006036,561.4097008006036,555.7730572182681,557.4640502929688,25000,0.0,0.0
2006-07-07 00:00:00+09:00,562.5370247889047,562.5370247889047,558.0277099609375,558.0277099609375,11000,0.0,0.0
2006-07-10 00:00:00+09:00,558.0277099609375,558.0277099609375,558.0277099609375,558.0277099609375,11000,0.0,0.0
2006-07-11 00:00:00+09:00,552.3911370693108,552.3911370693108,543.3725062600159,549.5728149414062,33000,0.0,0.0
2006-07-12 00:00:00+09:00,552.3910661752788,552.3910661752788,542.2451078169573,543.3724365234375,31000,0.0,0.0
2006-07-13 00:00:00+09:00,542.2450307912959,542.2450307912959,527.0260954156565,530.4080810546875,60000,0.0,0.0
2006-07-14 00:00:00+09:00,525.8987889646321,525.8987889646321,516.8801602149707,520.2621459960938,37000,0.0,0.0
2006-07-17 00:00:00+09:00,641.4500732421875,641.4500732421875,641.4500732421875,641.4500732421875,37000,0.0,0.0
2006-07-18 00:00:00+09:00,520.2620734313144,521.9530660860207,502.7884826660156,502.7884826660156,52000,0.0,0.0
2006-07-19 00:00:00+09:00,507.29798483192377,507.29798483192377,490.951716431784,491.515380859375,60000,0.0,0.0
2006-07-20 00:00:00+09:00,514.0619452787528,521.9532470703125,511.2436232103385,521.9532470703125,14000,0.0,0.0
2006-07-21 00:00:00+09:00,523.0805457899305,523.0805457899305,504.4796212090386,507.2979431152344,61000,0.0,0.0
2006-07-24 00:00:00+09:00,508.98884152406015,512.9344914583552,503.91586303710943,503.9158630371094,32000,0.0,0.0
2006-07-25 00:00:00+09:00,508.425167969295,514.0618106297085,504.47951810700556,505.0431823730469,25000,0.0,0.0
2006-07-26 00:00:00+09:00,507.297959917047,510.679946316494,501.6613159179687,501.66131591796875,43000,0.0,0.0
2006-07-27 00:00:00+09:00,508.98883393054876,508.98883393054876,496.0245557684196,501.0975341796875,24000,0.0,0.0
2006-07-28 00:00:00+09:00,498.8429265351498,508.98888436298336,498.8429265351498,506.1705627441406,30000,0.0,0.0
2006-07-31 00:00:00+09:00,500.53398711815305,504.4796379175079,498.84299391842956,501.66131591796875,52000,0.0,0.0
2006-08-01 00:00:00+09:00,503.91598985763846,508.4253052031207,499.9703389303415,503.3523254394531,42000,0.0,0.0
2006-08-02 00:00:00+09:00,507.86160749647354,507.86160749647354,501.09763492160374,507.2979431152344,32000,0.0,0.0
2006-08-03 00:00:00+09:00,509.5526127156987,513.4982634778777,501.6613111913405,502.2249755859375,37000,0.0,0.0
2006-08-04 00:00:00+09:00,500.53407210010596,500.53407210010596,496.58842063084836,498.84307861328125,28000,0.0,0.0
2006-08-07 00:00:00+09:00,496.5883394438645,499.97032586459454,490.3880310058594,490.3880310058594,29000,0.0,0.0
2006-08-08 00:00:00+09:00,484.7514229177315,489.8244029250101,482.4967651367188,482.49676513671875,27000,0.0,0.0
2006-08-09 00:00:00+09:00,483.62407887310064,491.51538085937506,483.62407887310064,491.515380859375,42000,0.0,0.0
2006-08-10 00:00:00+09:00,490.95173181551644,492.64272515127595,481.9331006914656,482.49676513671875,65000,0.0,0.0
2006-08-11 00:00:00+09:00,481.9330855903276,491.51538085937506,479.1147634523725,491.515380859375,71000,0.0,0.0
2006-08-14 00:00:00+09:00,498.2793963706657,498.2793963706657,488.69710028661444,493.77008056640625,26000,0.0,0.0
2006-08-15 00:00:00+09:00,493.2062256349899,495.46088266646416,490.3879043456471,490.9515686035156,65000,0.0,0.0
2006-08-16 00:00:00+09:00,497.7157318951333,500.5340542727954,492.079087139809,493.77008056640625,62000,0.0,0.0
2006-08-17 00:00:00+09:00,501.66120982509585,515.1891525619524,501.66120982509585,514.62548828125,74000,0.0,0.0
2006-08-18 00:00:00+09:00,514.6255961588897,523.6442265406446,514.6255961588897,516.3165893554688,77000,0.0,0.0
2006-08-21 00:00:00+09:00,526.4625986390195,539.4268810466185,523.6442763764979,532.0992431640625,152000,0.0,0.0
2006-08-22 00:00:00+09:00,534.9174478443098,539.9904268017374,532.6627905298975,538.8630981445312,78000,0.0,0.0
2006-08-23 00:00:00+09:00,539.9904644159324,547.3181011981944,538.8631356801997,541.6814575195312,85000,0.0,0.0
2006-08-24 00:00:00+09:00,546.1907344163711,546.1907344163711,532.6627905298975,538.8630981445312,34000,0.0,0.0
2006-08-25 00:00:00+09:00,544.4997652299177,544.4997652299177,539.4267860507568,543.3724365234375,28000,0.0,0.0
2006-08-28 00:00:00+09:00,539.4266921901503,544.4996704866095,537.1720351695019,539.9903564453125,41000,0.0,0.0
2006-08-29 00:00:00+09:00,543.9360121894128,546.7543334960938,536.6083767920425,546.7543334960938,46000,0.0,0.0
2006-08-30 00:00:00+09:00,547.3180115945337,555.2093114527453,539.9903760119086,545.0633544921875,44000,0.0,0.0
2006-08-31 00:00:00+09:00,544.499760539791,552.3910614171793,538.2994527075574,543.9360961914062,50000,0.0,0.0
2006-09-01 00:00:00+09:00,543.9360821936741,549.5727255324687,539.990431856518,545.6270751953125,28000,0.0,0.0
2006-09-04 00:00:00+09:00,546.7544833664518,554.6457851882357,546.7544833664518,550.7001342773438,34000,0.0,0.0
2006-09-05 00:00:00+09:00,554.0820828665333,555.2094116210938,552.3910897346923,555.2094116210938,29000,0.0,0.0
2006-09-06 00:00:00+09:00,557.4639126989035,557.4639126989035,550.1362778504852,551.8272705078125,35000,0.0,0.0
2006-09-07 00:00:00+09:00,546.7544368303281,555.2094023483229,541.6814575195312,541.6814575195312,30000,0.0,0.0
2006-09-08 00:00:00+09:00,538.2992938359578,546.1905923843383,538.2992938359578,541.1176147460938,55000,0.0,0.0
2006-09-11 00:00:00+09:00,541.6814906602135,543.3724838672694,537.73583984375,537.73583984375,44000,0.0,0.0
2006-09-12 00:00:00+09:00,543.3723558675556,543.3723558675556,537.735713171834,538.2993774414062,29000,0.0,0.0
2006-09-13 00:00:00+09:00,540.554299275331,540.554299275331,535.4813183645094,536.0449829101562,34000,0.0,0.0
2006-09-14 00:00:00+09:00,535.4810272088031,537.7356841654718,524.2077424254599,534.3536987304688,32000,0.0,0.0
2006-09-15 00:00:00+09:00,534.3537534174397,534.3537534174397,515.752831621263,520.2621459960938,72000,0.0,0.0
2006-09-18 00:00:00+09:00,520.2621459960938,520.2621459960938,520.2621459960938,520.2621459960938,0,0.0,0.0
2006-09-19 00:00:00+09:00,520.2621976615287,528.1534986011402,510.67990366342906,521.3895263671875,41000,0.0,0.0
2006-09-20 00:00:00+09:00,524.2078384633137,524.2078384633137,515.189208984375,515.189208984375,33000,0.0,0.0
2006-09-21 00:00:00+09:00,526.4624720792386,526.4624720792386,515.1891857392121,518.0075073242188,63000,0.0,0.0
2006-09-22 00:00:00+09:00,518.0075825520478,518.0075825520478,511.24360976573155,516.3165893554688,37000,0.0,0.0
2006-09-25 00:00:00+09:00,516.8802537543284,524.2078909395043,512.9346029623106,516.3165893554688,35000,0.0,0.0
2006-09-26 00:00:00+09:00,516.3165272448031,520.8756135780906,515.7466414531422,517.456298828125,35000,10.0,0.0
2006-09-27 00:00:00+09:00,522.5852018414122,527.7141732880564,512.8971446644176,526.5744018554688,73000,0.0,0.0
2006-09-28 00:00:00+09:00,527.7141737519468,527.7141737519468,523.1550880175887,526.0045166015625,67000,0.0,0.0
2006-09-29 00:00:00+09:00,537.4022216796875,537.9721073866649,531.7033646099135,537.4022216796875,33000,0.0,0.0
2006-10-02 00:00:00+09:00,539.6818807350015,543.6710815429688,538.5421090755823,543.6710815429688,71000,0.0,0.0
2006-10-03 00:00:00+09:00,547.0904011958246,547.0904011958246,535.6926845042449,539.1119995117188,48000,0.0,0.0
2006-10-04 00:00:00+09:00,549.3700034605843,549.3700034605843,536.2626278593463,541.9614868164062,56000,0.0,0.0
2006-10-05 00:00:00+09:00,541.9614868164062,541.9614868164062,541.9614868164062,541.9614868164062,56000,0.0,0.0
2006-10-06 00:00:00+09:00,541.3914867955395,541.9613725711138,529.9937712840544,533.4130859375,106000,0.0,0.0
2006-10-09 00:00:00+09:00,533.4130859375,533.4130859375,533.4130859375,533.4130859375,0,0.0,0.0
2006-10-10 00:00:00+09:00,522.0154479576262,523.7251055382735,515.746703495253,516.3165893554688,78000,0.0,0.0
2006-10-11 00:00:00+09:00,527.7143071801622,527.7143071801622,515.7467041015625,515.7467041015625,84000,0.0,0.0
2006-10-12 00:00:00+09:00,521.4453747397974,524.2948030170642,517.4561751516242,519.7357177734375,57000,0.0,0.0
2006-10-13 00:00:00+09:00,518.5961934250535,521.4456230592571,516.3166497176906,516.8865356445312,55000,0.0,0.0
2006-10-16 00:00:00+09:00,522.0154318855507,534.5529204242866,517.4563451441921,531.7034912109375,46000,0.0,0.0
2006-10-17 00:00:00+09:00,526.0046363015776,528.2841796875,524.2949787621359,528.2841796875,26000,0.0,0.0
2006-10-18 00:00:00+09:00,522.585142452476,527.1442276647114,518.5959428917702,524.8646850585938,49000,0.0,0.0
2006-10-19 00:00:00+09:00,526.0045170649531,528.8539456514371,518.5960027400946,525.4346313476562,52000,0.0,0.0
2006-10-20 00:00:00+09:00,526.5745203818044,531.7034929829259,526.5745203818044,529.9938354492188,38000,0.0,0.0
2006-10-23 00:00:00+09:00,530.5635986328125,533.9829129097157,528.8539414943609,530.5635986328125,43000,0.0,0.0
2006-10-24 00:00:00+09:00,535.1227427414412,535.1227427414412,532.8431996413713,533.9829711914062,20000,0.0,0.0
2006-10-25 00:00:00+09:00,534.5527986225329,540.8215414635221,530.5635986328125,530.5635986328125,41000,0.0,0.0
2006-10-26 00:00:00+09:00,527.1444074038802,530.5637224789324,526.5745215580381,528.8540649414062,49000,0.0,0.0
2006-10-27 00:00:00+09:00,534.5529911344277,534.5529911344277,523.7251586914062,523.7251586914062,36000,0.0,0.0
2006-10-30 00:00:00+09:00,522.0153259750484,522.0153259750484,514.6068115234375,514.6068115234375,58000,0.0,0.0
2006-10-31 00:00:00+09:00,515.7465829775315,521.4454402480014,514.6068115234375,514.6068115234375,62000,0.0,0.0
2006-11-01 00:00:00+09:00,508.90805760360877,510.04782928917115,501.4995416474532,502.0694274902344,96000,0.0,0.0
2006-11-02 00:00:00+09:00,496.37063465795705,500.35983608459964,492.95131914940623,497.5104064941406,104000,0.0,0.0
2006-11-03 00:00:00+09:00,497.5104064941406,497.5104064941406,497.5104064941406,497.5104064941406,0,0.0,0.0
2006-11-06 00:00:00+09:00,502.0694274902344,507.76828591804633,500.3597699618908,502.0694274902344,93000,0.0,0.0
2006-11-07 00:00:00+09:00,507.7683509931172,511.1876664880204,499.2200622558594,499.2200622558594,59000,0.0,0.0
2006-11-08 00:00:00+09:00,495.2308117077537,501.49955615975057,484.40298038157727,488.3921813964844,65000,0.0,0.0
2006-11-09 00:00:00+09:00,484.4030138472436,488.3922151377503,482.1234702526683,485.54278564453125,60000,0.0,0.0
2006-11-10 00:00:00+09:00,484.40291878785746,491.81143401637763,484.40291878785746,489.5318908691406,71000,0.0,0.0
2006-11-13 00:00:00+09:00,489.53202254617,489.53202254617,473.5752162233612,481.5536193847656,69000,0.0,0.0
2006-11-14 00:00:00+09:00,487.25232388110874,487.82220964003403,481.553466291856,482.12335205078125,60000,0.0,0.0
2006-11-15 00:00:00+09:00,479.84374999999994,483.8329498218527,479.84374999999994,479.84375,59000,0.0,0.0
2006-11-16 00:00:00+09:00,483.8330717403177,483.8330717403177,480.983642578125,480.983642578125,49000,0.0,0.0
2006-11-17 00:00:00+09:00,481.55340147854986,498.649971945244,481.55340147854986,487.25225830078125,85000,0.0,0.0
2006-11-20 00:00:00+09:00,487.2522345932116,492.9510911381614,477.5641784667968,477.5641784667969,71000,0.0,0.0
2006-11-21 00:00:00+09:00,477.56414258270445,492.951054097899,477.56414258270445,486.1124267578125,51000,0.0,0.0
2006-11-22 00:00:00+09:00,482.69332280375994,495.80069756702613,481.553551085215,488.3921813964844,42000,0.0,0.0
2006-11-23 00:00:00+09:00,488.3921813964844,488.3921813964844,488.3921813964844,488.3921813964844,0,0.0,0.0
2006-11-24 00:00:00+09:00,478.1340929334917,482.6931784441805,476.99432155581945,479.84375,70000,0.0,0.0
2006-11-27 00:00:00+09:00,479.27389060176216,486.1125192429288,479.27389060176216,484.9727478027344,58000,0.0,0.0
2006-11-28 00:00:00+09:00,487.25229068312325,487.25229068312325,478.1341191615677,484.9727478027344,31000,0.0,0.0
2006-11-29 00:00:00+09:00,490.67171882180605,494.0910339355469,486.112632003485,494.0910339355469,53000,0.0,0.0
2006-11-30 00:00:00+09:00,494.6609185924464,495.23080444335943,490.1018317851428,495.2308044433594,33000,0.0,0.0
2006-12-01 00:00:00+09:00,495.23080444335943,495.23080444335943,495.23080444335943,495.2308044433594,33000,0.0,0.0
2006-12-04 00:00:00+09:00,495.2307449939895,495.2307449939895,493.5210876464844,493.5210876464844,25000,0.0,0.0
2006-12-05 00:00:00+09:00,495.8006939053674,498.65012318068557,491.8114929199219,491.8114929199219,63000,0.0,0.0
2006-12-06 00:00:00+09:00,492.3813404183295,500.3597417677006,492.3813404183295,499.78985595703125,50000,0.0,0.0
2006-12-07 00:00:00+09:00,500.359681640625,501.499453125,496.9403671875,498.6500244140625,79000,0.0,0.0
2006-12-08 00:00:00+09:00,498.6501201506584,504.9188645182667,494.6609191894531,494.6609191894531,86000,0.0,0.0
2006-12-11 00:00:00+09:00,500.35983408749377,506.05869324566567,495.8007467609562,499.2200622558594,47000,0.0,0.0
2006-12-12 00:00:00+09:00,499.7898841191096,502.0694274902344,497.5103407479848,502.0694274902344,52000,0.0,0.0
2006-12-13 00:00:00+09:00,502.0694274902344,502.0694274902344,502.0694274902344,502.0694274902344,52000,0.0,0.0
2006-12-14 00:00:00+09:00,500.35983408749377,502.0694918349453,498.080290424225,499.2200622558594,45000,0.0,0.0
2006-12-15 00:00:00+09:00,499.2200622558594,503.7791495823969,498.65017634004215,499.2200622558594,61000,0.0,0.0
2006-12-18 00:00:00+09:00,499.7898576330539,499.7898576330539,495.80065694499075,498.0802001953125,55000,0.0,0.0
2006-12-19 00:00:00+09:00,497.51029080380965,497.51029080380965,490.1017755913818,490.6716613769531,27000,0.0,0.0
2006-12-20 00:00:00+09:00,491.2416040798486,495.2308050410539,488.9620606734456,494.6609191894531,84000,0.0,0.0
2006-12-21 00:00:00+09:00,502.06939919970864,502.06939919970864,498.6500843356925,499.78985595703125,63000,0.0,0.0
2006-12-22 00:00:00+09:00,498.6499344029739,499.78970568160923,496.3703918457031,496.3703918457031,33000,0.0,0.0
2006-12-25 00:00:00+09:00,496.94049072265625,504.34900721278757,491.8115177679499,496.94049072265625,47000,0.0,0.0
2006-12-26 00:00:00+09:00,499.7898906488528,501.499548199533,495.2308038470389,495.8006896972656,38000,0.0,0.0
2006-12-27 00:00:00+09:00,498.65017833032425,500.35983608459964,495.80074873986524,497.5104064941406,36000,0.0,0.0
2006-12-28 00:00:00+09:00,498.0802336979242,498.65011954883715,492.95126103970756,495.2308044433594,66000,0.0,0.0
2006-12-29 00:00:00+09:00,497.5102529296875,500.9295673828125,497.5102529296875,498.6500244140625,8000,0.0,0.0
2007-01-04 00:00:00+09:00,498.6500244140625,498.6500244140625,498.6500244140625,498.6500244140625,22000,0.0,0.0
2007-01-05 00:00:00+09:00,501.499453125,504.3488818359375,498.6500244140625,498.6500244140625,50000,0.0,0.0
2007-01-09 00:00:00+09:00,503.77904944259126,507.19836425781244,503.2091636400544,507.1983642578125,24000,0.0,0.0
2007-01-10 00:00:00+09:00,507.19846507730006,511.1876664880204,499.2200622558594,499.2200622558594,46000,0.0,0.0
2007-01-11 00:00:00+09:00,503.7790560711489,506.62848512132507,500.3597412109375,500.3597412109375,32000,0.0,0.0
2007-01-12 00:00:00+09:00,500.3597346273701,508.3381358628862,500.3597346273701,507.1983642578125,53000,0.0,0.0
2007-01-15 00:00:00+09:00,507.76818420410154,516.8863558620876,507.76818420410154,512.8971557617188,37000,0.0,0.0
2007-01-16 00:00:00+09:00,512.8972784430617,514.0370501729352,503.2092187391372,512.327392578125,68000,0.0,0.0
2007-01-17 00:00:00+09:00,512.3273337252313,513.4671053241751,508.33813312892806,510.04779052734375,49000,0.0,0.0
2007-01-18 00:00:00+09:00,507.76812703085585,510.0476696886824,507.19824136639926,508.3380126953125,23000,0.0,0.0
2007-01-19 00:00:00+09:00,508.33816820766106,508.90805404645886,504.9188531748741,505.4887390136719,44000,0.0,0.0
2007-01-22 00:00:00+09:00,506.6283557019426,511.18744101759563,506.6283557019426,508.3380126953125,31000,0.0,0.0
2007-01-23 00:00:00+09:00,508.33806993272566,513.4670414903428,507.1982984754774,512.8971557617188,55000,0.0,0.0
2007-01-24 00:00:00+09:00,512.8972124948375,518.5960704114468,512.8972124948375,517.456298828125,43000,0.0,0.0
2007-01-25 00:00:00+09:00,517.4562415907118,518.59601304796,512.8971557617188,512.8971557617188,49000,0.0,0.0
2007-01-26 00:00:00+09:00,512.3274243885326,512.8973102888535,510.6177666875697,511.1876525878906,19000,0.0,0.0
2007-01-29 00:00:00+09:00,512.8972717955872,519.1660162286444,507.76829907763135,518.5961303710938,51000,0.0,0.0
2007-01-30 00:00:00+09:00,519.1658973398135,519.1658973398135,514.6068115234375,514.6068115234375,28000,0.0,0.0
2007-01-31 00:00:00+09:00,518.0261840820312,521.4454988284473,514.0369835445459,518.0261840820312,72000,0.0,0.0
2007-02-01 00:00:00+09:00,519.7359469000669,532.8433227539062,518.5961750866895,532.8433227539062,93000,0.0,0.0
2007-02-02 00:00:00+09:00,531.133544921875,532.2733164775013,531.133544921875,531.133544921875,19000,0.0,0.0
2007-02-05 00:00:00+09:00,537.9722939432303,538.5421798478311,531.1336630880197,534.552978515625,59000,0.0,0.0
2007-02-06 00:00:00+09:00,534.5529708059211,541.3916015625,531.7035413240131,541.3916015625,73000,0.0,0.0
2007-02-07 00:00:00+09:00,541.9614926477907,549.9398952735205,535.1228618257365,536.83251953125,62000,0.0,0.0
2007-02-08 00:00:00+09:00,537.4022271866189,541.3914271763393,530.5635986328125,530.5635986328125,68000,0.0,0.0
2007-02-09 00:00:00+09:00,535.6926771050574,549.3699369460376,535.6926771050574,546.5205078125,57000,0.0,0.0
2007-02-13 00:00:00+09:00,545.3807957993586,547.6603393554688,541.9614804651933,547.6603393554688,67000,0.0,0.0
2007-02-14 00:00:00+09:00,547.6602766108216,552.7892490244506,545.950619139612,549.3699340820312,69000,0.0,0.0
2007-02-15 00:00:00+09:00,554.4989013671875,561.3375311887767,552.7892439117902,554.4989013671875,70000,0.0,0.0
2007-02-16 00:00:00+09:00,553.9289622137591,553.9289622137591,545.9505615234375,545.9505615234375,28000,0.0,0.0
2007-02-19 00:00:00+09:00,543.101188336188,552.2193614876875,543.101188336188,551.07958984375,45000,0.0,0.0
2007-02-20 00:00:00+09:00,555.6385564804077,557.9180992762248,547.0902709960938,547.0902709960938,34000,0.0,0.0
2007-02-21 00:00:00+09:00,557.3482073210104,557.3482073210104,548.230036240094,555.0686645507812,53000,0.0,0.0
2007-02-22 00:00:00+09:00,555.638673004119,556.2085588225848,547.0903857271326,554.4989013671875,27000,0.0,0.0
2007-02-23 00:00:00+09:00,555.0687877513744,556.7784452085142,549.9398153799551,553.9290161132812,35000,0.0,0.0
2007-02-26 00:00:00+09:00,555.0688514394209,557.3483949771597,549.9398784795084,551.6495361328125,39000,0.0,0.0
2007-02-27 00:00:00+09:00,554.4990304093247,554.4990304093247,543.6711973386391,548.8001708984375,40000,0.0,0.0
2007-02-28 00:00:00+09:00,514.0369085622011,541.3914225433382,514.0369085622011,536.262451171875,41000,0.0,0.0
2007-03-01 00:00:00+09:00,534.5529772170046,537.9722926363032,528.8541181848404,535.6927490234375,30000,0.0,0.0
2007-03-02 00:00:00+09:00,531.1334240341597,532.2731953303704,525.4345675531065,529.4237670898438,63000,0.0,0.0
2007-03-05 00:00:00+09:00,527.1442975184714,527.1442975184714,514.0369257963905,514.6068115234375,49000,0.0,0.0
2007-03-06 00:00:00+09:00,512.327442940467,521.4456176757812,510.04789925663846,521.4456176757812,41000,0.0,0.0
2007-03-07 00:00:00+09:00,524.2949913984892,526.0046489791365,516.3165893554688,516.3165893554688,35000,0.0,0.0
2007-03-08 00:00:00+09:00,522.0153207591118,527.7141779726392,518.0261207096426,520.8755493164062,30000,0.0,0.0
2007-03-09 00:00:00+09:00,524.2949787621359,531.1336089199028,524.2949787621359,528.2841796875,54000,0.0,0.0
2007-03-12 00:00:00+09:00,539.6818294688168,539.6818294688168,530.5636570596288,533.4130859375,13000,0.0,0.0
2007-03-13 00:00:00+09:00,533.4130859375,533.4130859375,533.4130859375,533.4130859375,13000,0.0,0.0
2007-03-14 00:00:00+09:00,528.854016869469,529.9937884575497,514.6068720184596,515.1767578125,49000,0.0,0.0
2007-03-15 00:00:00+09:00,520.8756768495338,522.0154485713052,515.1768182406768,515.7467041015625,35000,0.0,0.0
2007-03-16 00:00:00+09:00,526.574588281675,526.574588281675,523.1552727733525,523.7251586914062,69000,0.0,0.0
2007-03-19 00:00:00+09:00,524.2950472805669,524.2950472805669,518.5961880709956,521.4456176757812,36000,0.0,0.0
2007-03-20 00:00:00+09:00,523.1552727733525,523.7251586914062,520.8757291011375,523.7251586914062,30000,0.0,0.0
2007-03-22 00:00:00+09:00,524.2949234724305,526.0045808315797,522.0153803268981,522.5852661132812,56000,0.0,0.0
2007-03-23 00:00:00+09:00,524.8646854566491,528.2839993684189,523.7249141527259,524.2947998046875,53000,0.0,0.0
2007-03-26 00:00:00+09:00,524.2947998046875,524.2947998046875,524.2947998046875,524.2947998046875,53000,0.0,0.0
2007-03-27 00:00:00+09:00,530.0562741433966,530.0562741433966,519.6856079101562,519.6856079101562,12000,10.0,0.0
2007-03-28 00:00:00+09:00,520.838059852718,522.5665047416097,519.6857632601235,521.9903564453125,27000,0.0,0.0
2007-03-29 00:00:00+09:00,521.9902717379575,521.9902717379575,518.5333825211499,521.4141235351562,27000,0.0,0.0
2007-03-30 00:00:00+09:00,522.5663485305008,523.1424966545698,519.1094597860873,519.6856079101562,17000,0.0,0.0
2007-04-02 00:00:00+09:00,520.2618446265137,526.0233268482913,516.2288070712694,517.381103515625,71000,0.0,0.0
2007-04-03 00:00:00+09:00,515.6526961480761,521.4141787866021,515.6526961480761,516.8049926757812,15000,0.0,0.0
2007-04-04 00:00:00+09:00,520.2618446265137,520.2618446265137,515.6526588490917,517.381103515625,25000,0.0,0.0
2007-04-05 00:00:00+09:00,515.6527899637339,519.1096801757812,515.6527899637339,519.1096801757812,32000,0.0,0.0
2007-04-06 00:00:00+09:00,516.8049729472459,516.8049729472459,513.3480834960938,513.3480834960938,30000,0.0,0.0
2007-04-09 00:00:00+09:00,513.3480834960938,513.3480834960938,513.3480834960938,513.3480834960938,30000,0.0,0.0
2007-04-10 00:00:00+09:00,513.9242426123323,513.9242426123323,509.31505657993466,509.8912048339844,40000,0.0,0.0
2007-04-11 00:00:00+09:00,505.8581876516883,511.61967042676446,505.8581876516883,508.16278076171875,43000,0.0,0.0
2007-04-12 00:00:00+09:00,512.7719922796813,512.7719922796813,501.2490261610367,503.5536193847656,54000,0.0,0.0
2007-04-13 00:00:00+09:00,504.12960468559396,512.1956783605634,501.24886408739053,501.82501220703125,51000,0.0,0.0
2007-04-16 00:00:00+09:00,507.5865207828888,509.31496523504387,500.0965948235499,504.7057800292969,41000,0.0,0.0
2007-04-17 00:00:00+09:00,507.0106608072917,509.3152547200521,501.2491760253906,501.2491760253906,51000,0.0,0.0
2007-04-18 00:00:00+09:00,503.553598610542,511.6196745608253,503.553598610542,505.28204345703125,35000,0.0,0.0
2007-04-19 00:00:00+09:00,501.8251856790709,501.8251856790709,498.3682957662415,500.09674072265625,41000,0.0,0.0
2007-04-20 00:00:00+09:00,505.85822391070525,505.85822391070525,499.5205924038513,500.09674072265625,31000,0.0,0.0
2007-04-23 00:00:00+09:00,505.2821252271274,505.2821252271274,496.0637512207032,496.0637512207031,45000,0.0,0.0
2007-04-24 00:00:00+09:00,496.0637512207032,496.0637512207032,496.0637512207032,496.0637512207031,45000,0.0,0.0
2007-04-25 00:00:00+09:00,500.0968790690104,501.82532450358076,497.2161366780599,501.2491760253906,36000,0.0,0.0
2007-04-26 00:00:00+09:00,501.24903039087224,503.5536236340486,495.48754728293113,500.6728820800781,19000,0.0,0.0
2007-04-27 00:00:00+09:00,501.24886408739053,505.2819009248753,501.24886408739053,501.82501220703125,26000,0.0,0.0
2007-05-01 00:00:00+09:00,509.31509399414057,511.61968717963447,507.58664910502023,509.3150939941406,41000,0.0,0.0
2007-05-02 00:00:00+09:00,510.46729518002144,517.9572216330014,509.3149988026399,512.1957397460938,40000,0.0,0.0
2007-05-07 00:00:00+09:00,513.3482431476035,513.3482431476035,512.7720947265625,512.7720947265625,28000,0.0,0.0
2007-05-08 00:00:00+09:00,512.1958202852217,515.6527099609375,511.61967200593574,515.6527099609375,47000,0.0,0.0
2007-05-09 00:00:00+09:00,518.5333961664244,521.4141372562378,518.5333961664244,520.2618408203125,32000,0.0,0.0
2007-05-10 00:00:00+09:00,519.1095071303106,522.5663961900019,518.5333589536954,520.8379516601562,15000,0.0,0.0
2007-05-11 00:00:00+09:00,512.7719177382029,517.381103515625,512.7719177382029,517.381103515625,12000,0.0,0.0
2007-05-14 00:00:00+09:00,516.2289523081201,520.2619909980274,516.2289523081201,517.9573974609375,41000,0.0,0.0
2007-05-15 00:00:00+09:00,512.7718979360811,513.9241943359375,512.7718979360811,513.9241943359375,39000,0.0,0.0
2007-05-16 00:00:00+09:00,512.7720947265625,513.9243915686446,512.7720947265625,512.7720947265625,22000,0.0,0.0
2007-05-17 00:00:00+09:00,516.2289149305556,519.1096566433378,516.2289149305556,518.5335083007812,69000,0.0,0.0
2007-05-18 00:00:00+09:00,520.2617560342252,520.2617560342252,518.5333116620184,519.6856079101562,66000,0.0,0.0
2007-05-21 00:00:00+09:00,521.4142316757253,523.7188249648998,519.1096383865508,522.5665283203125,40000,0.0,0.0
2007-05-22 00:00:00+09:00,522.5665283203125,522.5665283203125,522.5665283203125,522.5665283203125,40000,0.0,0.0
2007-05-23 00:00:00+09:00,523.7187833587546,526.0233764648438,522.56648680571,526.0233764648438,28000,0.0,0.0
2007-05-24 00:00:00+09:00,532.3608669115149,532.3608669115149,529.4801262896993,530.0562744140625,108000,0.0,0.0
2007-05-25 00:00:00+09:00,526.5996188264637,532.361102621064,526.5996188264637,528.3280639648438,33000,0.0,0.0
2007-05-28 00:00:00+09:00,525.4470587352498,525.4470587352498,523.1424663723759,524.8709106445312,16000,0.0,0.0
2007-05-29 00:00:00+09:00,523.1427236961978,523.7188720703125,522.566575322083,523.7188720703125,13000,0.0,0.0
2007-05-30 00:00:00+09:00,521.9901701909389,524.8709106445312,521.4140221002204,524.8709106445312,25000,0.0,0.0
2007-05-31 00:00:00+09:00,529.4801262896993,530.0562744140625,527.75168191661,530.0562744140625,37000,0.0,0.0
2007-06-01 00:00:00+09:00,532.3611450195312,535.2418871462603,530.056551318148,532.3611450195312,33000,0.0,0.0
2007-06-04 00:00:00+09:00,533.5134418702229,534.6657387209144,532.3611450195312,532.3611450195312,29000,0.0,0.0
2007-06-05 00:00:00+09:00,539.8509904803165,546.7647705078125,539.8509904803165,546.7647705078125,56000,0.0,0.0
2007-06-06 00:00:00+09:00,544.460106621837,545.0362548828125,542.7316618389106,545.0362548828125,30000,0.0,0.0
2007-06-07 00:00:00+09:00,539.2747291833067,541.5793220430644,539.2747291833067,541.003173828125,21000,0.0,0.0
2007-06-08 00:00:00+09:00,540.4271143622576,541.5794109813669,536.9702245049298,538.6986694335938,81000,0.0,0.0
2007-06-11 00:00:00+09:00,539.8509757035831,540.4271240234375,539.8509757035831,540.4271240234375,27000,0.0,0.0
2007-06-12 00:00:00+09:00,532.3610795167855,535.8179696435179,532.3610795167855,535.2418212890625,28000,0.0,0.0
2007-06-13 00:00:00+09:00,532.3609835320287,544.4600967941203,530.6325387803014,543.3078002929688,77000,0.0,0.0
2007-06-14 00:00:00+09:00,545.61243645919,549.645474532278,544.4601398668791,547.3408813476562,41000,0.0,0.0
2007-06-15 00:00:00+09:00,548.4932405878728,570.3868783424308,548.4932405878728,569.8107299804688,99000,0.0,0.0
2007-06-18 00:00:00+09:00,563.473041813548,569.2345248586763,562.3207452045224,566.929931640625,88000,0.0,0.0
2007-06-19 00:00:00+09:00,561.7446664422445,564.0492599455972,560.592369690568,561.1685180664062,19000,0.0,0.0
2007-06-20 00:00:00+09:00,562.3206550480769,562.8968032602163,561.7445068359375,561.7445068359375,24000,0.0,0.0
2007-06-21 00:00:00+09:00,559.4399077643283,560.0160559700588,553.6784257070232,557.1353149414062,81000,0.0,0.0
2007-06-22 00:00:00+09:00,548.4932206970024,553.1024074255487,548.4932206970024,551.3739624023438,52000,0.0,0.0
2007-06-25 00:00:00+09:00,554.2546190078289,554.2546190078289,550.7977294921875,550.7977294921875,28000,0.0,0.0
2007-06-26 00:00:00+09:00,551.3739249402645,551.9500732421875,551.3739249402645,551.9500732421875,5000,0.0,0.0
2007-06-27 00:00:00+09:00,551.9501529537165,551.9501529537165,543.8840755619085,547.9171142578125,23000,0.0,0.0
2007-06-28 00:00:00+09:00,550.2215812395807,550.7977294921875,544.4600987135118,550.7977294921875,21000,0.0,0.0
2007-06-29 00:00:00+09:00,556.5592120182564,556.5592120182564,545.0362469661186,550.7977294921875,55000,0.0,0.0
2007-07-02 00:00:00+09:00,558.8638305664062,561.7445719610785,558.8638305664062,558.8638305664062,32000,0.0,0.0
2007-07-03 00:00:00+09:00,558.8638069459897,558.8638069459897,558.2876586914062,558.2876586914062,6000,0.0,0.0
2007-07-04 00:00:00+09:00,561.168423682144,561.168423682144,558.8638305664062,558.8638305664062,34000,0.0,0.0
2007-07-05 00:00:00+09:00,558.8638305664062,558.8638305664062,555.4069408927996,558.8638305664062,22000,0.0,0.0
2007-07-06 00:00:00+09:00,557.1353424484237,557.1353424484237,554.2546012775425,554.8307495117188,11000,0.0,0.0
2007-07-09 00:00:00+09:00,550.7976982472475,557.7114768863343,550.7976982472475,555.9830322265625,21000,0.0,0.0
2007-07-10 00:00:00+09:00,554.8308720823194,562.32080078125,554.8308720823194,562.32080078125,50000,0.0,0.0
2007-07-11 00:00:00+09:00,561.1684515974783,561.1684515974783,555.9831168291238,556.5592651367188,40000,0.0,0.0
2007-07-12 00:00:00+09:00,557.1353484447412,560.5922378870044,557.1353484447412,559.43994140625,32000,0.0,0.0
2007-07-13 00:00:00+09:00,564.6252953676753,566.353740149413,559.439961022462,562.8968505859375,77000,0.0,0.0
2007-07-17 00:00:00+09:00,564.0492458656186,564.0492458656186,561.7446524197937,562.32080078125,30000,0.0,0.0
2007-07-18 00:00:00+09:00,557.1353621822393,558.2876586914062,554.2546209093218,558.2876586914062,56000,0.0,0.0
2007-07-19 00:00:00+09:00,563.4730086346062,564.6253051757812,562.3207120934312,564.6253051757812,26000,0.0,0.0
2007-07-20 00:00:00+09:00,567.5060702293778,567.5060702293778,564.6253287561321,565.2014770507812,57000,0.0,0.0
2007-07-23 00:00:00+09:00,565.7774759825111,567.5059204101562,564.6251796974143,567.5059204101562,51000,0.0,0.0
2007-07-24 00:00:00+09:00,566.3538911831064,568.0823364257812,562.320852283532,568.0823364257812,34000,0.0,0.0
2007-07-25 00:00:00+09:00,558.8638305664062,561.168423682144,558.8638305664062,558.8638305664062,40000,0.0,0.0
2007-07-26 00:00:00+09:00,556.5590614318847,558.2875057220459,553.1021728515625,553.1021728515625,22000,0.0,0.0
2007-07-27 00:00:00+09:00,541.5794206631463,541.5794206631463,540.4271240234375,540.4271240234375,30000,0.0,0.0
2007-07-30 00:00:00+09:00,534.6656078526498,538.1224975585938,534.6656078526498,538.1224975585938,27000,0.0,0.0
2007-07-31 00:00:00+09:00,553.1022812175156,557.7114668943283,551.9499847983125,554.2545776367188,42000,0.0,0.0
2007-08-01 00:00:00+09:00,558.2878329586257,558.2878329586257,544.4602705324058,549.0694580078125,50000,0.0,0.0
2007-08-02 00:00:00+09:00,554.2547939176449,554.2547939176449,547.9171611389609,549.0694580078125,24000,0.0,0.0
2007-08-03 00:00:00+09:00,543.3078943915201,546.764784493693,543.3078943915201,545.6124877929688,16000,0.0,0.0
2007-08-06 00:00:00+09:00,544.4601823095245,551.3739624023438,542.7317372863196,551.3739624023438,21000,0.0,0.0
2007-08-07 00:00:00+09:00,544.4601482634849,544.4601482634849,541.5794067382812,541.5794067382812,34000,0.0,0.0
2007-08-08 00:00:00+09:00,541.5793872645376,544.4601286861574,537.5463492742697,538.1224975585938,37000,0.0,0.0
2007-08-09 00:00:00+09:00,539.2748597702503,539.2748597702503,535.2418212890625,535.2418212890625,32000,0.0,0.0
2007-08-10 00:00:00+09:00,533.5132918522276,535.2417366422457,531.7848470622096,534.6655883789062,23000,0.0,0.0
2007-08-13 00:00:00+09:00,532.9373168945312,532.9373168945312,531.7850199931377,532.9373168945312,15000,0.0,0.0
2007-08-14 00:00:00+09:00,531.7850199931377,532.9373168945312,531.7850199931377,532.9373168945312,10000,0.0,0.0
2007-08-15 00:00:00+09:00,530.6324225384255,530.6324225384255,527.75168191661,530.0562744140625,27000,0.0,0.0
2007-08-16 00:00:00+09:00,528.9040679591801,528.9040679591801,514.5003624047362,517.381103515625,60000,0.0,0.0
2007-08-17 00:00:00+09:00,501.2491760253906,501.2491760253906,501.2491760253906,501.2491760253906,60000,0.0,0.0
2007-08-20 00:00:00+09:00,495.48746372171667,500.6727976443858,470.13694232200095,471.8653869628906,118000,0.0,0.0
2007-08-21 00:00:00+09:00,477.626899916705,489.72601318359375,475.32230691348803,489.72601318359375,79000,0.0,0.0
2007-08-22 00:00:00+09:00,492.60677408949243,493.1829223632813,492.60677408949243,493.18292236328125,8000,0.0,0.0
2007-08-23 00:00:00+09:00,500.6728820800781,500.6728820800781,500.6728820800781,500.6728820800781,6000,0.0,0.0
2007-08-24 00:00:00+09:00,513.3480983734131,513.3480983734131,505.2820227536288,507.0104675292969,32000,0.0,0.0
2007-08-27 00:00:00+09:00,517.9574305159322,517.9574305159322,512.7720947265625,512.7720947265625,17000,0.0,0.0
2007-08-28 00:00:00+09:00,518.5333698216922,518.5333698216922,511.619591557403,512.1957397460938,26000,0.0,0.0
2007-08-29 00:00:00+09:00,506.4343525122733,512.7719837723814,506.4343525122733,509.3150939941406,20000,0.0,0.0
2007-08-30 00:00:00+09:00,516.8049079350062,516.8049079350062,516.228759765625,516.228759765625,10000,0.0,0.0
2007-08-31 00:00:00+09:00,528.3280410355977,535.2418212890625,526.0234476177761,535.2418212890625,28000,0.0,0.0
2007-09-03 00:00:00+09:00,536.9702245049298,538.6986694335938,536.9702245049298,538.6986694335938,6000,0.0,0.0
2007-09-04 00:00:00+09:00,535.2417657907134,539.8509521484375,535.2417657907134,539.8509521484375,17000,0.0,0.0
2007-09-05 00:00:00+09:00,534.6656723355622,538.6987108122313,527.1757437360338,527.7518920898438,24000,0.0,0.0
2007-09-06 00:00:00+09:00,527.7519061132385,527.7519061132385,521.4142740529268,526.599609375,15000,0.0,0.0
2007-09-07 00:00:00+09:00,524.2950670646899,532.3611450195312,524.2950670646899,532.3611450195312,8000,0.0,0.0
2007-09-10 00:00:00+09:00,513.9241334349244,527.7516885946085,513.9241334349244,524.2947998046875,15000,0.0,0.0
2007-09-11 00:00:00+09:00,521.414218993611,531.7848885426553,521.414218993611,531.208740234375,11000,0.0,0.0
2007-09-12 00:00:00+09:00,538.6985203911763,538.6985203911763,530.6324462890625,530.6324462890625,9000,0.0,0.0
2007-09-13 00:00:00+09:00,527.175649341784,527.175649341784,525.4472045898438,525.4472045898438,13000,0.0,0.0
2007-09-14 00:00:00+09:00,526.0234610058808,528.3280544823577,525.4473126367615,526.599609375,40000,0.0,0.0
2007-09-18 00:00:00+09:00,526.5993549166867,526.5993549166867,524.8709106445312,524.8709106445312,11000,0.0,0.0
2007-09-19 00:00:00+09:00,530.0564159945329,535.2417504988273,530.0564159945329,533.5133056640625,18000,0.0,0.0
2007-09-20 00:00:00+09:00,548.4932155146865,548.4932155146865,546.1886221721878,546.7647705078125,40000,0.0,0.0
2007-09-21 00:00:00+09:00,547.3408479267144,548.4931444486654,545.0362548828125,545.0362548828125,15000,0.0,0.0
2007-09-25 00:00:00+09:00,545.0362985545191,545.0362985545191,533.3902237990807,540.3778686523438,15000,10.0,0.0
2007-09-26 00:00:00+09:00,538.6308935359692,538.6308935359692,531.6432495117188,531.6432495117188,19000,0.0,0.0
2007-09-27 00:00:00+09:00,531.6433572208181,545.6186481006642,531.6433572208181,544.4540405273438,13000,0.0,0.0
2007-09-28 00:00:00+09:00,545.0363515878653,549.1124781488855,535.7194908769616,538.0487060546875,20000,0.0,0.0
2007-10-01 00:00:00+09:00,535.7194908769616,538.0487060546875,534.5548832880986,538.0487060546875,35000,0.0,0.0
2007-10-02 00:00:00+09:00,536.3016075415621,542.1246434540656,535.1370003590615,536.8839111328125,52000,0.0,0.0
2007-10-03 00:00:00+09:00,537.4662521114865,543.8715920608108,536.8839484797297,538.630859375,35000,0.0,0.0
2007-10-04 00:00:00+09:00,536.8839960108644,539.7955144274092,534.5547812776285,535.1370849609375,30000,0.0,0.0
2007-10-05 00:00:00+09:00,536.8841268388577,538.0487344892674,535.719519188448,537.4664306640625,15000,0.0,0.0
2007-10-09 00:00:00+09:00,536.301621934234,537.4662291479892,532.8078002929688,532.8078002929688,30000,0.0,0.0
2007-10-10 00:00:00+09:00,532.8078002929688,533.3901038998463,532.8078002929688,532.8078002929688,12000,0.0,0.0
2007-10-11 00:00:00+09:00,531.6432953544285,535.7194213867188,526.9848656032397,535.7194213867188,33000,0.0,0.0
2007-10-12 00:00:00+09:00,535.7193421480948,535.7193421480948,531.0609130859375,531.0609130859375,24000,0.0,0.0
2007-10-15 00:00:00+09:00,531.6433874808137,531.6433874808137,527.5672607421875,527.5672607421875,23000,0.0,0.0
2007-10-16 00:00:00+09:00,521.7441689944134,521.7441689944134,519.9972577142981,521.161865234375,30000,0.0,0.0
2007-10-17 00:00:00+09:00,516.503466325775,516.503466325775,513.0096435546875,513.0096435546875,30000,0.0,0.0
2007-10-18 00:00:00+09:00,511.2627769676415,520.5796385069151,510.6804731214369,517.0858154296875,12000,0.0,0.0
2007-10-19 00:00:00+09:00,520.579557173196,520.579557173196,519.9972534179688,519.9972534179688,12000,0.0,0.0
2007-10-22 00:00:00+09:00,523.4909860495752,523.4909860495752,515.921038531617,520.5794677734375,59000,0.0,0.0
2007-10-23 00:00:00+09:00,521.1617804104608,522.90869140625,521.1617804104608,522.90869140625,27000,0.0,0.0
2007-10-24 00:00:00+09:00,525.2378776983106,525.2378776983106,523.490966796875,523.490966796875,27000,0.0,0.0
2007-10-25 00:00:00+09:00,517.0856117014185,517.0856117014185,511.8448791503906,511.8448791503906,27000,0.0,0.0
2007-10-26 00:00:00+09:00,514.1742439441082,519.4149780273438,514.1742439441082,519.4149780273438,27000,0.0,0.0
2007-10-29 00:00:00+09:00,516.5032912776969,517.0855948755298,514.7563804841985,515.3386840820312,23000,0.0,0.0
2007-10-30 00:00:00+09:00,516.5034394025006,522.3264770507812,516.5034394025006,522.3264770507812,23000,0.0,0.0
2007-10-31 00:00:00+09:00,522.3264770507812,522.3264770507812,521.7441732859533,522.3264770507812,10000,0.0,0.0
2007-11-01 00:00:00+09:00,541.5425415039062,541.5425415039062,541.5425415039062,541.5425415039062,10000,0.0,0.0
2007-11-02 00:00:00+09:00,550.2770189787212,553.1885375976562,550.2770189787212,553.1885375976562,10000,0.0,0.0
2007-11-05 00:00:00+09:00,553.7707381959946,553.7707381959946,547.365398427166,550.2769165039062,64000,0.0,0.0
2007-11-06 00:00:00+09:00,543.871619290705,545.6185302734375,543.871619290705,545.6185302734375,64000,0.0,0.0
2007-11-07 00:00:00+09:00,546.7831375952592,548.5300485779916,545.6185302734375,545.6185302734375,28000,0.0,0.0
2007-11-08 00:00:00+09:00,540.4856016434851,540.4856016434851,538.630859375,538.630859375,28000,0.0,0.0
2007-11-09 00:00:00+09:00,533.3902459113153,533.3902459113153,529.8964233398438,529.8964233398438,28000,0.0,0.0
2007-11-12 00:00:00+09:00,526.984698479447,526.984698479447,516.5032348632812,516.5032348632812,28000,0.0,0.0
2007-11-13 00:00:00+09:00,516.5034351540677,521.161865234375,516.5034351540677,521.161865234375,28000,0.0,0.0
2007-11-14 00:00:00+09:00,522.3264573598384,525.2379760742188,522.3264573598384,525.2379760742188,28000,0.0,0.0
2007-11-15 00:00:00+09:00,530.4785060693306,530.4785060693306,528.1492919921875,528.1492919921875,28000,0.0,0.0
2007-11-16 00:00:00+09:00,527.5671801453674,527.5671801453674,514.1741943359375,514.1741943359375,28000,0.0,0.0
2007-11-19 00:00:00+09:00,503.69276244832304,503.69276244832304,499.03433227539057,499.0343322753906,28000,0.0,0.0
2007-11-20 00:00:00+09:00,494.3757968478733,503.1103515625,494.3757968478733,503.1103515625,28000,0.0,0.0
2007-11-21 00:00:00+09:00,498.45201344209556,498.45201344209556,494.9581909179687,494.95819091796875,28000,0.0,0.0
2007-11-22 00:00:00+09:00,495.54049467198985,496.122798426011,494.9581909179687,494.95819091796875,26000,0.0,0.0
2007-11-26 00:00:00+09:00,500.78109510286305,501.9457023007767,497.86957710807894,500.19879150390625,25000,0.0,0.0
2007-11-27 00:00:00+09:00,510.09808534564394,518.8326416015625,510.09808534564394,518.8326416015625,26000,0.0,0.0
2007-11-28 00:00:00+09:00,526.4512747298769,526.4512747298769,525.2379760742188,525.2379760742188,26000,0.0,0.0
2007-11-29 00:00:00+09:00,529.8963399251302,529.8963399251302,524.0733032226562,524.0733032226562,26000,0.0,0.0
2007-11-30 00:00:00+09:00,531.6432167187072,531.6432167187072,531.0609130859375,531.0609130859375,26000,0.0,0.0
2007-12-03 00:00:00+09:00,536.3017491597516,536.3017491597516,533.9725341796875,533.9725341796875,26000,0.0,0.0
2007-12-04 00:00:00+09:00,538.6308903683533,538.6308903683533,522.90869140625,522.90869140625,26000,0.0,0.0
2007-12-05 00:00:00+09:00,522.9086744249751,522.9086744249751,510.6802978515625,510.6802978515625,26000,0.0,0.0
2007-12-06 00:00:00+09:00,517.0856268249444,523.490966796875,517.0856268249444,523.490966796875,26000,0.0,0.0
2007-12-07 00:00:00+09:00,524.6554941498073,526.4024047851562,522.9085835144583,526.4024047851562,26000,0.0,0.0
2007-12-10 00:00:00+09:00,531.0609980919967,531.0609980919967,529.3140869140625,529.3140869140625,26000,0.0,0.0
2007-12-11 00:00:00+09:00,536.8839825299066,536.8839825299066,531.6432495117188,531.6432495117188,26000,0.0,0.0
2007-12-12 00:00:00+09:00,527.5669884729017,531.0608095886163,525.8200779150444,528.1492919921875,47000,0.0,0.0
2007-12-13 00:00:00+09:00,524.073384034567,524.073384034567,521.161865234375,521.161865234375,47000,0.0,0.0
2007-12-14 00:00:00+09:00,517.66796875,519.4148797806524,515.3387540424635,517.66796875,80000,0.0,0.0
2007-12-17 00:00:00+09:00,518.8325951937971,518.8325951937971,506.6042175292969,506.6042175292969,80000,0.0,0.0
2007-12-18 00:00:00+09:00,506.6042523865306,513.0095935086592,506.6042523865306,507.76885986328125,42000,0.0,0.0
2007-12-19 00:00:00+09:00,506.0220274539798,506.0220274539798,504.2751159667969,504.2751159667969,80000,0.0,0.0
2007-12-20 00:00:00+09:00,510.0981169487344,510.0981169487344,502.5281677246094,502.5281677246094,80000,0.0,0.0
2007-12-21 00:00:00+09:00,502.528115418818,504.8573303222656,502.528115418818,504.8573303222656,80000,0.0,0.0
2007-12-25 00:00:00+09:00,515.3388017976271,515.3388017976271,514.1741943359375,514.1741943359375,80000,0.0,0.0
2007-12-26 00:00:00+09:00,518.8325657494084,524.0732987367762,517.6679584188822,522.90869140625,31000,0.0,0.0
2007-12-27 00:00:00+09:00,518.2503704532915,519.4149780273438,518.2503704532915,519.4149780273438,31000,0.0,0.0
2007-12-28 00:00:00+09:00,515.9212036132812,515.9212036132812,515.9212036132812,515.9212036132812,31000,0.0,0.0
2008-01-04 00:00:00+09:00,496.1226196289062,496.1226196289062,496.1226196289062,496.12261962890625,31000,0.0,0.0
2008-01-07 00:00:00+09:00,482.72978434682324,487.3882141113282,482.72978434682324,487.3882141113281,31000,0.0,0.0
2008-01-08 00:00:00+09:00,487.38831241005346,497.8697814941406,487.38831241005346,497.8697814941406,31000,0.0,0.0
2008-01-09 00:00:00+09:00,487.3881954850822,506.6042175292969,487.3881954850822,506.6042175292969,108000,0.0,0.0
2008-01-10 00:00:00+09:00,496.122798426011,496.122798426011,494.9581909179687,494.95819091796875,108000,0.0,0.0
2008-01-11 00:00:00+09:00,481.5651550292969,481.5651550292969,481.5651550292969,481.5651550292969,108000,0.0,0.0
2008-01-15 00:00:00+09:00,467.00758576512936,467.00758576512936,463.5137634277344,463.5137634277344,108000,0.0,0.0
2008-01-16 00:00:00+09:00,444.2978232913547,444.2978232913547,405.28346659342446,419.2587585449219,217000,0.0,0.0
2008-01-17 00:00:00+09:00,422.17008608667874,432.6515502929687,422.17008608667874,432.65155029296875,217000,0.0,0.0
2008-01-18 00:00:00+09:00,430.90480544804274,453.6146533027369,427.99328649231273,444.8800964355469,100000,0.0,0.0
2008-01-21 00:00:00+09:00,444.29771741057095,444.29771741057095,425.0816955566406,425.0816955566406,100000,0.0,0.0
2008-01-22 00:00:00+09:00,410.5240245791648,410.5240245791648,401.7894708647145,404.70098876953125,128000,0.0,0.0
2008-01-23 00:00:00+09:00,412.27105712890625,412.27105712890625,412.27105712890625,412.27105712890625,128000,0.0,0.0
2008-01-24 00:00:00+09:00,405.28344321349846,426.82868372915857,405.28344321349846,421.0056457519531,99000,0.0,0.0
2008-01-25 00:00:00+09:00,432.0692606417932,436.7276893279581,427.41083195562834,436.1453857421875,86000,0.0,0.0
2008-01-28 00:00:00+09:00,427.9932861328125,427.9932861328125,427.9932861328125,427.9932861328125,86000,0.0,0.0
2008-01-29 00:00:00+09:00,434.9809391584055,438.4747619628906,434.9809391584055,438.4747619628906,86000,0.0,0.0
2008-01-30 00:00:00+09:00,438.47471845389373,438.47471845389373,434.98089599609375,434.98089599609375,86000,0.0,0.0
2008-01-31 00:00:00+09:00,447.79149736402013,461.76678466796875,447.79149736402013,461.76678466796875,101000,0.0,0.0
2008-02-01 00:00:00+09:00,461.7668432711329,461.7668432711329,453.03228759765625,453.03228759765625,101000,0.0,0.0
2008-02-04 00:00:00+09:00,462.34931687276077,462.34931687276077,457.10858154296875,457.10858154296875,101000,0.0,0.0
2008-02-05 00:00:00+09:00,464.09602087139325,464.09602087139325,457.1083768934049,459.4375915527344,67000,0.0,0.0
2008-02-06 00:00:00+09:00,448.3738098144531,453.6145426564402,446.62689886712405,448.3738098144531,112000,0.0,0.0
2008-02-07 00:00:00+09:00,448.37390350460544,448.9562072753907,448.37390350460544,448.9562072753906,112000,0.0,0.0
2008-02-08 00:00:00+09:00,455.3614604599572,455.3614604599572,448.9561202233082,450.1207275390625,27000,0.0,0.0
2008-02-12 00:00:00+09:00,448.37381656543096,450.1207275390625,448.37381656543096,450.1207275390625,27000,0.0,0.0
2008-02-13 00:00:00+09:00,457.10847729742903,460.01999626110694,453.61465454101557,453.6146545410156,38000,0.0,0.0
2008-02-14 00:00:00+09:00,471.08378333343325,474.57760620117193,471.08378333343325,474.5776062011719,38000,0.0,0.0
2008-02-15 00:00:00+09:00,479.2359533779332,488.55281273886504,476.32443482764194,485.0589904785156,92000,0.0,0.0
2008-02-18 00:00:00+09:00,490.88198720628964,498.45193481445307,490.88198720628964,498.4519348144531,92000,0.0,0.0
2008-02-19 00:00:00+09:00,497.86966603952686,501.3634882573481,492.628932712795,499.6165771484375,52000,0.0,0.0
2008-02-20 00:00:00+09:00,492.0466706697601,492.0466706697601,476.32446935841864,478.0713806152344,91000,0.0,0.0
2008-02-21 00:00:00+09:00,489.71744425262887,491.46435546875,489.71744425262887,491.46435546875,91000,0.0,0.0
2008-02-22 00:00:00+09:00,485.6413290606287,486.2236328125,485.6413290606287,486.2236328125,91000,0.0,0.0
2008-02-25 00:00:00+09:00,487.9705730628304,502.5281677246094,486.22366170341695,502.5281677246094,71000,0.0,0.0
2008-02-26 00:00:00+09:00,492.6290833846382,492.6290833846382,482.14761352539057,482.1476135253906,71000,0.0,0.0
2008-02-27 00:00:00+09:00,485.05905284521714,493.7936096191406,485.05905284521714,493.7936096191406,71000,0.0,0.0
2008-02-28 00:00:00+09:00,489.71751545792614,494.3759460449219,489.71751545792614,494.3759460449219,71000,0.0,0.0
2008-02-29 00:00:00+09:00,494.95821358816966,509.51580810546875,494.95821358816966,509.51580810546875,71000,0.0,0.0
2008-03-03 00:00:00+09:00,507.7688025186228,507.7688025186228,500.7811584472656,500.7811584472656,71000,0.0,0.0
2008-03-04 00:00:00+09:00,479.8182457026451,479.8182457026451,473.9952087402344,473.9952087402344,71000,0.0,0.0
2008-03-05 00:00:00+09:00,471.0837184253801,473.4129333496094,471.0837184253801,473.4129333496094,71000,0.0,0.0
2008-03-06 00:00:00+09:00,474.5776852357735,479.81842041015625,473.99538132750877,479.81842041015625,72000,0.0,0.0
2008-03-07 00:00:00+09:00,474.5775320385531,474.5775320385531,471.0837097167969,471.0837097167969,72000,0.0,0.0
2008-03-10 00:00:00+09:00,468.1720556331586,468.1720556331586,460.0198059082031,460.0198059082031,72000,0.0,0.0
2008-03-11 00:00:00+09:00,460.6021908794685,468.1721383907619,456.52606529646437,465.2606201171875,106000,0.0,0.0
2008-03-12 00:00:00+09:00,476.32441683203604,476.32441683203604,472.248291015625,472.248291015625,106000,0.0,0.0
2008-03-13 00:00:00+09:00,465.8429893483958,465.8429893483958,458.2730407714844,458.2730407714844,105000,0.0,0.0
2008-03-14 00:00:00+09:00,462.3491151797845,468.75445556640625,454.1968637786297,468.75445556640625,112000,0.0,0.0
2008-03-17 00:00:00+09:00,446.6268452694542,446.6268452694542,442.55072021484375,442.55072021484375,112000,0.0,0.0
2008-03-18 00:00:00+09:00,440.2216100468648,447.7915583677765,440.2216100468648,446.0446472167969,32000,0.0,0.0
2008-03-19 00:00:00+09:00,440.8038164091298,444.2976379394531,440.8038164091298,444.2976379394531,32000,0.0,0.0
2008-03-21 00:00:00+09:00,453.61466505089584,458.2730955007125,452.45005743844166,456.52618408203125,54000,0.0,0.0
2008-03-24 00:00:00+09:00,464.6784106538496,464.6784106538496,457.6907653808594,457.6907653808594,18000,0.0,0.0
2008-03-25 00:00:00+09:00,466.42523193359375,466.42523193359375,466.42523193359375,466.42523193359375,18000,0.0,0.0
2008-03-26 00:00:00+09:00,468.19417106531847,468.19417106531847,462.88718423964104,465.83551025390625,22000,10.0,0.0
2008-03-27 00:00:00+09:00,467.0148604945635,471.14251708984375,467.0148604945635,471.14251708984375,22000,0.0,0.0
2008-03-28 00:00:00+09:00,472.3218323810139,477.0391540527344,472.3218323810139,477.0391540527344,22000,0.0,0.0
2008-03-31 00:00:00+09:00,476.5621178187803,476.5621178187803,471.14251708984375,471.14251708984375,22000,0.0,0.0
2008-04-01 00:00:00+09:00,472.91151277353526,472.91151277353526,471.14251708984375,471.14251708984375,22000,0.0,0.0
2008-04-02 00:00:00+09:00,481.75647428923963,481.75647428923963,481.1668090820313,481.16680908203125,22000,0.0,0.0
2008-04-03 00:00:00+09:00,476.4494874243643,481.1668090820313,476.4494874243643,481.16680908203125,22000,0.0,0.0
2008-04-04 00:00:00+09:00,475.8599872659493,479.98764514805794,475.8599872659493,479.3979797363281,14000,0.0,0.0
2008-04-07 00:00:00+09:00,474.68065644248975,479.3979797363281,474.68065644248975,479.3979797363281,14000,0.0,0.0
2008-04-08 00:00:00+09:00,469.9632873535156,469.9632873535156,468.7839566449748,469.9632873535156,25000,0.0,0.0
2008-04-09 00:00:00+09:00,460.52855865915046,460.52855865915046,453.4525756835937,453.45257568359375,25000,0.0,0.0
2008-04-10 00:00:00+09:00,442.83855877562655,442.83855877562655,439.30056762695307,439.3005676269531,25000,0.0,0.0
2008-04-11 00:00:00+09:00,435.7627271184192,446.9663696289063,435.7627271184192,446.96636962890625,25000,0.0,0.0
2008-04-14 00:00:00+09:00,447.5560848731893,447.5560848731893,444.6077575683593,444.6077575683594,25000,0.0,0.0
2008-04-15 00:00:00+09:00,445.78704159428054,448.14570319001746,441.6593838017409,442.8387145996094,15000,0.0,0.0
2008-04-16 00:00:00+09:00,442.8386219781661,454.6319274902344,442.8386219781661,454.6319274902344,15000,0.0,0.0
2008-04-17 00:00:00+09:00,457.5802658770162,457.5802658770162,456.99060058593756,456.9906005859375,15000,0.0,0.0
2008-04-18 00:00:00+09:00,461.1180991733197,461.1180991733197,457.5801086425781,457.5801086425781,15000,0.0,0.0
2008-04-21 00:00:00+09:00,440.4800324647323,440.4800324647323,428.6867250359577,433.99371337890625,72000,0.0,0.0
2008-04-22 00:00:00+09:00,422.7899025939354,428.6865539550781,422.7899025939354,428.6865539550781,72000,0.0,0.0
2008-04-23 00:00:00+09:00,431.2032544332834,431.2032544332834,419.8415832519531,419.8415832519531,72000,0.0,0.0
2008-04-24 00:00:00+09:00,422.2004442335009,422.2004442335009,421.02111338368667,421.61077880859375,30000,0.0,0.0
2008-04-25 00:00:00+09:00,424.55904213015066,425.7383728027344,424.55904213015066,425.7383728027344,30000,0.0,0.0
2008-04-28 00:00:00+09:00,435.17288659353267,435.17288659353267,434.5832214355469,434.5832214355469,30000,0.0,0.0
2008-04-30 00:00:00+09:00,432.8143428812828,435.1730041503906,432.8143428812828,435.1730041503906,30000,0.0,0.0
2008-05-01 00:00:00+09:00,433.4039229301558,434.5832533326868,430.4555969238282,430.4555969238281,40000,0.0,0.0
2008-05-02 00:00:00+09:00,444.6075924563718,468.1942021357549,444.6075924563718,454.042236328125,83000,0.0,0.0
2008-05-07 00:00:00+09:00,436.9420471191407,436.9420471191407,436.9420471191407,436.9420471191406,83000,0.0,0.0
2008-05-08 00:00:00+09:00,429.8661002332159,432.2247619628906,429.8661002332159,432.2247619628906,83000,0.0,0.0
2008-05-09 00:00:00+09:00,431.04539652704034,431.04539652704034,424.5590772906553,425.14874267578125,39000,0.0,0.0
2008-05-12 00:00:00+09:00,418.6624546374305,418.6624546374305,417.4831237792969,417.4831237792969,39000,0.0,0.0
2008-05-13 00:00:00+09:00,418.662353515625,418.662353515625,415.71402708241635,418.662353515625,18000,0.0,0.0
2008-05-14 00:00:00+09:00,416.89338359516626,426.9176940917969,416.89338359516626,426.9176940917969,18000,0.0,0.0
2008-05-15 00:00:00+09:00,431.6350450006947,431.6350450006947,431.0453796386719,431.0453796386719,18000,0.0,0.0
2008-05-16 00:00:00+09:00,439.89027258974386,439.89027258974386,438.12127685546875,438.12127685546875,18000,0.0,0.0
2008-05-19 00:00:00+09:00,436.94206530761716,442.2490539550781,436.94206530761716,442.2490539550781,18000,0.0,0.0
2008-05-20 00:00:00+09:00,442.838667640074,442.838667640074,441.0696716308593,441.0696716308594,18000,0.0,0.0
2008-05-21 00:00:00+09:00,440.47989800984425,440.47989800984425,439.30056762695307,439.3005676269531,18000,0.0,0.0
2008-05-22 00:00:00+09:00,437.5316116107104,438.12127685546875,437.5316116107104,438.12127685546875,18000,0.0,0.0
2008-05-23 00:00:00+09:00,435.7627545574027,435.7627545574027,432.2247619628906,432.2247619628906,18000,0.0,0.0
2008-05-26 00:00:00+09:00,428.6867834592838,428.6867834592838,419.25213623046875,419.25213623046875,18000,0.0,0.0
2008-05-27 00:00:00+09:00,421.02113258587156,421.02113258587156,419.25213623046875,419.25213623046875,18000,0.0,0.0
2008-05-28 00:00:00+09:00,417.4830484909451,417.4830484909451,411.5863952636719,411.5863952636719,18000,0.0,0.0
2008-05-29 00:00:00+09:00,416.30369236905807,418.662353515625,416.30369236905807,418.662353515625,18000,0.0,0.0
2008-05-30 00:00:00+09:00,418.6623602103644,418.6623602103644,413.94503784179693,413.9450378417969,18000,0.0,0.0
2008-06-02 00:00:00+09:00,413.35548483241683,415.1244812011719,413.35548483241683,415.1244812011719,18000,0.0,0.0
2008-06-03 00:00:00+09:00,411.5863952636719,411.5863952636719,411.5863952636719,411.5863952636719,18000,0.0,0.0
2008-06-04 00:00:00+09:00,420.4313634200683,420.4313634200683,416.89337158203125,416.89337158203125,18000,0.0,0.0
2008-06-05 00:00:00+09:00,417.4831066928534,423.3797607421875,416.89344128792004,423.3797607421875,35000,0.0,0.0
2008-06-06 00:00:00+09:00,421.61078178276455,421.61078178276455,417.4831237792969,417.4831237792969,35000,0.0,0.0
2008-06-09 00:00:00+09:00,411.58640700120196,411.58640700120196,406.27941894531256,406.2794189453125,35000,0.0,0.0
2008-06-10 00:00:00+09:00,408.04832760123315,408.04832760123315,405.1000015347503,405.6896667480469,42000,0.0,0.0
2008-06-11 00:00:00+09:00,403.9206802323678,404.5103454589844,403.9206802323678,404.5103454589844,42000,0.0,0.0
2008-06-12 00:00:00+09:00,414.5345862660697,414.5345862660697,406.86893957836145,409.22760009765625,73000,0.0,0.0
2008-06-13 00:00:00+09:00,404.51034088356874,405.1000061035157,404.51034088356874,405.1000061035156,73000,0.0,0.0
2008-06-16 00:00:00+09:00,404.510274631857,409.8172607421875,404.510274631857,409.8172607421875,73000,0.0,0.0
2008-06-17 00:00:00+09:00,412.1760491313152,416.89337158203125,412.1760491313152,416.89337158203125,73000,0.0,0.0
2008-06-18 00:00:00+09:00,409.81744589377064,413.9451036221971,407.4587843346698,413.3554382324219,27000,0.0,0.0
2008-06-19 00:00:00+09:00,405.10008590497176,405.10008590497176,402.7414245605469,402.7414245605469,27000,0.0,0.0
2008-06-20 00:00:00+09:00,404.51042292668274,404.51042292668274,398.61376953125006,398.61376953125,27000,0.0,0.0
2008-06-23 00:00:00+09:00,395.0757798450054,397.4344412172144,394.4861145019531,394.4861145019531,20000,0.0,0.0
2008-06-24 00:00:00+09:00,398.61380754116766,398.61380754116766,393.896484375,393.896484375,20000,0.0,0.0
2008-06-25 00:00:00+09:00,387.41007216531347,392.127394200812,386.23074165643885,390.3583984375,37000,0.0,0.0
2008-06-26 00:00:00+09:00,394.4859753857862,394.4859753857862,392.7169799804688,392.71697998046875,41000,0.0,0.0
2008-06-27 00:00:00+09:00,389.7687870763027,389.7687870763027,387.4101257324219,387.4101257324219,41000,0.0,0.0
2008-06-30 00:00:00+09:00,386.8204697936546,386.8204697936546,386.2308044433594,386.2308044433594,41000,0.0,0.0
2008-07-01 00:00:00+09:00,391.59673522168396,391.59673522168396,387.4101257324219,387.4101257324219,41000,0.0,0.0
2008-07-02 00:00:00+09:00,387.4100415951738,387.4100415951738,378.56506347656256,378.5650634765625,41000,0.0,0.0
2008-07-03 00:00:00+09:00,376.2065880482591,376.2065880482591,374.4375915527344,374.4375915527344,41000,0.0,0.0
2008-07-04 00:00:00+09:00,373.2582605557179,374.4375915527344,373.2582605557179,374.4375915527344,41000,0.0,0.0
2008-07-07 00:00:00+09:00,370.30984026449477,371.48917096597404,367.36151351079656,370.8995056152344,24000,0.0,0.0
2008-07-08 00:00:00+09:00,358.5164444145115,362.6441008469154,357.92677920988234,359.1061096191406,31000,0.0,0.0
2008-07-09 00:00:00+09:00,366.77179026049237,366.77179026049237,354.9784851074219,354.9784851074219,31000,0.0,0.0
2008-07-10 00:00:00+09:00,355.568115234375,355.568115234375,355.568115234375,355.568115234375,31000,0.0,0.0
2008-07-11 00:00:00+09:00,359.0701912918567,359.1061096191406,359.0701912918567,359.1061096191406,31000,0.0,0.0
2008-07-14 00:00:00+09:00,359.10620843312904,359.10620843312904,354.3888854980469,354.3888854980469,32000,0.0,0.0
2008-07-15 00:00:00+09:00,352.03008223868704,352.03008223868704,344.95410068615064,349.0817565917969,26000,0.0,0.0
2008-07-16 00:00:00+09:00,346.723271384556,346.723271384556,346.13360595703125,346.13360595703125,26000,0.0,0.0
2008-07-17 00:00:00+09:00,351.4405517578125,351.4405517578125,351.4405517578125,351.4405517578125,26000,0.0,0.0
2008-07-18 00:00:00+09:00,348.4922935330138,348.4922935330138,346.7232971191406,346.7232971191406,26000,0.0,0.0
2008-07-22 00:00:00+09:00,352.6198967198698,352.6198967198698,339.64725837900505,349.67156982421875,43000,0.0,0.0
2008-07-23 00:00:00+09:00,354.3889966801782,354.3889966801782,352.03033447265625,352.03033447265625,43000,0.0,0.0
2008-07-24 00:00:00+09:00,353.7992290422028,360.8752136230469,353.7992290422028,360.8752136230469,43000,0.0,0.0
2008-07-25 00:00:00+09:00,359.1061870084581,360.2855176718685,351.44053769629073,353.20953369140625,49000,0.0,0.0
2008-07-28 00:00:00+09:00,356.74742863972983,356.74742863972983,353.2094376118978,353.7991027832031,28000,0.0,0.0
2008-07-29 00:00:00+09:00,339.6472844503012,342.5956115722656,339.6472844503012,342.5956115722656,36000,0.0,0.0
2008-07-30 00:00:00+09:00,350.8508702587812,365.0028381347656,350.8508702587812,365.0028381347656,36000,0.0,0.0
2008-07-31 00:00:00+09:00,359.1061493875167,359.1061493875167,357.92681884765625,357.92681884765625,36000,0.0,0.0
2008-08-01 00:00:00+09:00,345.5438232421875,345.5438232421875,345.5438232421875,345.5438232421875,36000,0.0,0.0
2008-08-04 00:00:00+09:00,344.9542780909045,344.9542780909045,342.0059509277344,342.0059509277344,36000,0.0,0.0
2008-08-05 00:00:00+09:00,341.41623394712036,341.41623394712036,340.8265686035156,340.8265686035156,22000,0.0,0.0
2008-08-06 00:00:00+09:00,340.82657315528996,347.9025573730469,340.82657315528996,347.9025573730469,22000,0.0,0.0
2008-08-07 00:00:00+09:00,346.1335236899873,346.1335236899873,344.9541931152344,344.9541931152344,22000,0.0,0.0
2008-08-08 00:00:00+09:00,342.005947964358,346.13360595703125,342.005947964358,346.13360595703125,22000,0.0,0.0
2008-08-11 00:00:00+09:00,343.77494424693225,346.13360595703125,343.77494424693225,346.13360595703125,22000,0.0,0.0
2008-08-12 00:00:00+09:00,344.3644714355469,344.3644714355469,344.3644714355469,344.3644714355469,22000,0.0,0.0
2008-08-13 00:00:00+09:00,344.3646468184173,344.3646468184173,337.8783264160156,337.8783264160156,22000,0.0,0.0
2008-08-14 00:00:00+09:00,337.28855301706415,337.28855301706415,336.1092224121094,336.1092224121094,22000,0.0,0.0
2008-08-15 00:00:00+09:00,337.28863525390625,337.28863525390625,337.28863525390625,337.28863525390625,22000,0.0,0.0
2008-08-18 00:00:00+09:00,342.0058106722897,344.3644714355469,342.0058106722897,344.3644714355469,22000,0.0,0.0
2008-08-19 00:00:00+09:00,346.7231399717477,347.31280517578125,346.7231399717477,347.31280517578125,22000,0.0,0.0
2008-08-20 00:00:00+09:00,358.5164794921875,358.5164794921875,358.5164794921875,358.5164794921875,22000,0.0,0.0
2008-08-21 00:00:00+09:00,359.69581001683287,359.69581001683287,357.9268142298648,358.5164794921875,21000,0.0,0.0
2008-08-22 00:00:00+09:00,358.5165380462399,362.6441955566406,358.5165380462399,362.6441955566406,21000,0.0,0.0
2008-08-25 00:00:00+09:00,374.4375915527344,374.4375915527344,374.4375915527344,374.4375915527344,21000,0.0,0.0
2008-08-26 00:00:00+09:00,368.540789147435,377.9754333496094,368.540789147435,377.9754333496094,21000,0.0,0.0
2008-08-27 00:00:00+09:00,370.8994611909118,372.66845703125,370.8994611909118,372.66845703125,17000,0.0,0.0
2008-08-28 00:00:00+09:00,357.92686577468623,359.6958618164063,357.92686577468623,359.69586181640625,17000,0.0,0.0
2008-08-29 00:00:00+09:00,359.40813921343795,376.2065124511719,359.40813921343795,376.2065124511719,17000,0.0,0.0
2008-09-01 00:00:00+09:00,373.2582605557179,374.4375915527344,373.2582605557179,374.4375915527344,19000,0.0,0.0
2008-09-02 00:00:00+09:00,374.43745012862234,374.43745012862234,368.5407973706913,369.1304626464844,15000,0.0,0.0
2008-09-03 00:00:00+09:00,369.1304626464844,369.1304626464844,369.1304626464844,369.1304626464844,15000,0.0,0.0
2008-09-04 00:00:00+09:00,369.13049296492653,369.13049296492653,361.46484374999994,361.46484375,15000,0.0,0.0
2008-09-05 00:00:00+09:00,350.8508605957031,350.8508605957031,348.49219934800095,350.8508605957031,15000,0.0,0.0
2008-09-08 00:00:00+09:00,364.4131916325267,364.4131916325267,362.6441955566406,362.6441955566406,15000,0.0,0.0
2008-09-09 00:00:00+09:00,355.56815036507544,355.56815036507544,354.9784851074219,354.9784851074219,15000,0.0,0.0
2008-09-10 00:00:00+09:00,353.2095478237075,354.9785438896025,350.8508864025141,351.4405517578125,29000,0.0,0.0
2008-09-11 00:00:00+09:00,347.9025790357837,347.9025790357837,339.05759821284,341.416259765625,30000,0.0,0.0
2008-09-12 00:00:00+09:00,343.77482756006026,350.2611450611935,343.77482756006026,345.5438232421875,36000,0.0,0.0
2008-09-16 00:00:00+09:00,345.54386725174754,345.54386725174754,336.1092224121094,336.1092224121094,36000,0.0,0.0
2008-09-17 00:00:00+09:00,340.8266171093085,346.13360595703125,340.8266171093085,346.13360595703125,36000,0.0,0.0
2008-09-18 00:00:00+09:00,340.2367949112602,340.2367949112602,339.0574645996094,339.0574645996094,36000,0.0,0.0
2008-09-19 00:00:00+09:00,349.0818903366191,351.4405517578125,349.0818903366191,351.4405517578125,36000,0.0,0.0
2008-09-22 00:00:00+09:00,365.0027710155627,369.7200927734375,365.0027710155627,369.7200927734375,36000,0.0,0.0
2008-09-24 00:00:00+09:00,369.7201655119368,369.7201655119368,364.4131774902344,364.4131774902344,36000,0.0,0.0
2008-09-25 00:00:00+09:00,354.9785508649322,354.9785508649322,354.3888854980469,354.3888854980469,6000,0.0,0.0
2008-09-26 00:00:00+09:00,336.1091444227431,336.1091444227431,331.98148826316555,334.34014892578125,47000,0.0,0.0
2008-09-29 00:00:00+09:00,336.698911251642,336.698911251642,333.1609191894531,333.1609191894531,47000,0.0,0.0
2008-09-30 00:00:00+09:00,321.36762636389676,328.4436107975972,316.0606380386214,323.7262878417969,22000,0.0,0.0
2008-10-01 00:00:00+09:00,330.21253526968013,330.21253526968013,323.13655237104416,324.9055480957031,24000,0.0,0.0
2008-10-02 00:00:00+09:00,325.4952291040897,325.4952291040897,319.0089111328125,319.0089111328125,24000,0.0,0.0
2008-10-03 00:00:00+09:00,293.6532806396485,294.8326110839844,292.4739501953125,294.8326110839844,38000,0.0,0.0
2008-10-06 00:00:00+09:00,293.06368435946376,293.06368435946376,259.4527587890625,259.4527587890625,38000,0.0,0.0
2008-10-07 00:00:00+09:00,262.9907153209591,262.9907153209591,260.0423889160156,260.0423889160156,38000,0.0,0.0
2008-10-08 00:00:00+09:00,238.22476196289062,238.22476196289062,238.22476196289062,238.22476196289062,38000,0.0,0.0
2008-10-09 00:00:00+09:00,236.45577402521198,236.45577402521198,235.27644348144534,235.2764434814453,38000,0.0,0.0
2008-10-10 00:00:00+09:00,219.9451590754656,225.84181213378906,219.9451590754656,225.84181213378906,38000,0.0,0.0
2008-10-14 00:00:00+09:00,244.1214219865756,260.6320495605469,244.1214219865756,260.6320495605469,38000,0.0,0.0
2008-10-15 00:00:00+09:00,260.0424480569774,260.0424480569774,251.19746683054956,256.50445556640625,19000,0.0,0.0
2008-10-16 00:00:00+09:00,247.65940714225493,247.65940714225493,242.94208510145006,245.89041137695312,38000,0.0,0.0
2008-10-17 00:00:00+09:00,251.78713224564476,256.50445556640625,251.78713224564476,256.50445556640625,38000,0.0,0.0
2008-10-20 00:00:00+09:00,260.6320468926989,276.5530090332031,260.6320468926989,276.5530090332031,38000,0.0,0.0
2008-10-21 00:00:00+09:00,277.1426650774201,277.7323303222656,277.1426650774201,277.7323303222656,38000,0.0,0.0
2008-10-22 00:00:00+09:00,267.11838702351974,270.0667135911083,262.40106451537815,265.9390563964844,43000,0.0,0.0
2008-10-23 00:00:00+09:00,242.35248470306396,242.35248470306396,235.8661651611328,235.8661651611328,43000,0.0,0.0
2008-10-24 00:00:00+09:00,235.2764351322966,235.2764351322966,218.76580810546875,218.76580810546875,43000,0.0,0.0
2008-10-27 00:00:00+09:00,218.76587921229032,218.76587921229032,208.15190124511722,208.1519012451172,43000,0.0,0.0
2008-10-28 00:00:00+09:00,207.56223777488427,222.89353942871097,207.56223777488427,222.89353942871094,43000,0.0,0.0
2008-10-29 00:00:00+09:00,221.12452599310106,221.12452599310106,219.35552978515625,219.35552978515625,43000,0.0,0.0
2008-10-30 00:00:00+09:00,228.20046021884548,235.27644348144534,228.20046021884548,235.2764434814453,43000,0.0,0.0
2008-10-31 00:00:00+09:00,235.86613701196723,235.86613701196723,231.7384796142578,231.7384796142578,43000,0.0,0.0
2008-11-04 00:00:00+09:00,235.86609640239197,238.81442260742188,235.86609640239197,238.81442260742188,111000,0.0,0.0
2008-11-05 00:00:00+09:00,238.81445922146767,255.32508850097653,238.81445922146767,255.32508850097656,111000,0.0,0.0
2008-11-06 00:00:00+09:00,255.32509079164225,255.32509079164225,243.53178405761722,243.5317840576172,111000,0.0,0.0
2008-11-07 00:00:00+09:00,235.27643570097365,238.22476196289062,235.27643570097365,238.22476196289062,111000,0.0,0.0
2008-11-10 00:00:00+09:00,239.40413355485103,246.48011779785153,239.40413355485103,246.48011779785156,38000,0.0,0.0
2008-11-11 00:00:00+09:00,235.86613352705794,241.7627868652344,235.86613352705794,241.76278686523438,38000,0.0,0.0
2008-11-12 00:00:00+09:00,239.99375308943382,239.99375308943382,237.04542688440395,238.81442260742188,37000,0.0,0.0
2008-11-13 00:00:00+09:00,231.73845970812184,237.0454473350254,231.73845970812184,232.328125,30000,0.0,0.0
2008-11-14 00:00:00+09:00,232.32815191374354,234.6868133544922,232.32815191374354,234.6868133544922,30000,0.0,0.0
2008-11-17 00:00:00+09:00,242.94211872091594,243.53178405761722,242.94211872091594,243.5317840576172,30000,0.0,0.0
2008-11-18 00:00:00+09:00,244.12139578426587,244.12139578426587,240.58340454101565,240.58340454101562,30000,0.0,0.0
2008-11-19 00:00:00+09:00,239.99375308943382,239.99375308943382,238.81442260742188,238.81442260742188,30000,0.0,0.0
2008-11-20 00:00:00+09:00,235.86614407486653,235.86614407486653,234.6868133544922,234.6868133544922,30000,0.0,0.0
2008-11-21 00:00:00+09:00,231.7384571158973,242.35243225097656,231.7384571158973,242.35243225097656,30000,0.0,0.0
2008-11-25 00:00:00+09:00,242.94213510577598,262.4010925292969,242.94213510577598,262.4010925292969,250000,0.0,0.0
2008-11-26 00:00:00+09:00,250.6077822782187,250.6077822782187,249.4284515380859,249.42845153808594,250000,0.0,0.0
2008-11-27 00:00:00+09:00,251.78707422274297,252.37673950195312,251.78707422274297,252.37673950195312,250000,0.0,0.0
2008-11-28 00:00:00+09:00,252.37680587426428,262.99078369140625,252.37680587426428,262.99078369140625,250000,0.0,0.0
2008-12-01 00:00:00+09:00,255.91475502504125,257.0940856933594,255.32508969088215,257.0940856933594,26000,0.0,0.0
2008-12-02 00:00:00+09:00,265.9390964295657,265.9390964295657,264.759765625,264.759765625,26000,0.0,0.0
2008-12-03 00:00:00+09:00,272.42536796619686,272.42536796619686,270.6563720703125,270.6563720703125,26000,0.0,0.0
2008-12-04 00:00:00+09:00,263.58044615486597,267.1184387207031,263.58044615486597,267.1184387207031,26000,0.0,0.0
2008-12-05 00:00:00+09:00,267.11836753603563,267.11836753603563,260.6320495605469,260.6320495605469,26000,0.0,0.0
2008-12-08 00:00:00+09:00,269.47697851975425,278.91162109375,269.47697851975425,278.91162109375,26000,0.0,0.0
2008-12-09 00:00:00+09:00,277.1426976960281,277.1426976960281,273.6047058105469,273.6047058105469,26000,0.0,0.0
2008-12-10 00:00:00+09:00,280.68071314231634,285.9877014160156,280.68071314231634,285.9877014160156,42000,0.0,0.0
2008-12-11 00:00:00+09:00,290.11532850150604,293.6533203125,290.11532850150604,293.6533203125,42000,0.0,0.0
2008-12-12 00:00:00+09:00,281.85999641337116,281.85999641337116,276.5530090332031,276.5530090332031,42000,0.0,0.0
2008-12-15 00:00:00+09:00,290.559761702748,290.7051086425781,290.559761702748,290.7051086425781,42000,0.0,0.0
2008-12-16 00:00:00+09:00,283.03933065445693,287.75665283203125,283.03933065445693,287.75665283203125,35000,0.0,0.0
2008-12-17 00:00:00+09:00,289.5256376515931,293.0636291503906,289.5256376515931,293.0636291503906,28000,0.0,0.0
2008-12-18 00:00:00+09:00,311.3433370535714,311.93300246465776,309.5743408203125,309.5743408203125,36000,0.0,0.0
2008-12-19 00:00:00+09:00,312.5226114226897,316.6502685546875,312.5226114226897,316.6502685546875,39000,0.0,0.0
2008-12-22 00:00:00+09:00,341.4163193627802,341.4163193627802,337.8783264160156,337.8783264160156,50000,0.0,0.0
2008-12-24 00:00:00+09:00,331.39198860378445,331.39198860378445,321.36767578125,321.36767578125,8000,0.0,0.0
2008-12-25 00:00:00+09:00,321.36757958939666,321.9572448730469,321.36757958939666,321.9572448730469,18000,0.0,0.0
2008-12-26 00:00:00+09:00,321.957275390625,321.957275390625,304.26731520432696,314.2916259765625,13000,0.0,0.0
2008-12-29 00:00:00+09:00,317.82961116198595,326.6745910644531,317.82961116198595,326.6745910644531,18000,0.0,0.0
2008-12-30 00:00:00+09:00,333.1609191894531,333.1609191894531,333.1609191894531,333.1609191894531,13000,0.0,0.0
2009-01-05 00:00:00+09:00,339.64721214254763,340.23687744140625,338.46788154483045,340.23687744140625,7000,0.0,0.0
2009-01-06 00:00:00+09:00,349.6714581528755,349.6714581528755,344.3644714355469,344.3644714355469,32000,0.0,0.0
2009-01-07 00:00:00+09:00,343.77487350653587,343.77487350653587,331.9815673828125,331.9815673828125,68000,0.0,0.0
2009-01-08 00:00:00+09:00,335.5195386960634,335.5195386960634,319.0089111328125,319.0089111328125,69000,0.0,0.0
2009-01-09 00:00:00+09:00,328.4435734799034,336.1092224121094,328.4435734799034,336.1092224121094,36000,0.0,0.0
2009-01-13 00:00:00+09:00,330.21253526968013,330.21253526968013,324.9055480957031,324.9055480957031,84000,0.0,0.0
2009-01-14 00:00:00+09:00,315.4709845648872,319.00897691514757,314.29165378146706,318.4193115234375,39000,0.0,0.0
2009-01-15 00:00:00+09:00,315.4708984035287,319.5985550181543,309.57424609692066,317.8295593261719,38000,0.0,0.0
2009-01-16 00:00:00+09:00,310.7535659905636,312.5225616223884,310.16390077995527,311.3432312011719,21000,0.0,0.0
2009-01-19 00:00:00+09:00,324.90558068892534,324.90558068892534,320.1882582832785,320.7779235839844,18000,0.0,0.0
2009-01-20 00:00:00+09:00,320.7778868744339,325.4952087402344,320.7778868744339,325.4952087402344,21000,0.0,0.0
2009-01-21 00:00:00+09:00,314.2915572542133,314.2915572542133,311.3432312011719,311.3432312011719,14000,0.0,0.0
2009-01-22 00:00:00+09:00,311.3432074652778,311.3432074652778,302.49822998046875,302.49822998046875,16000,0.0,0.0
2009-01-23 00:00:00+09:00,302.498258972168,302.498258972168,294.8326110839844,294.8326110839844,112000,0.0,0.0
2009-01-26 00:00:00+09:00,294.83265091616465,294.83265091616465,293.6533203125,293.6533203125,15000,0.0,0.0
2009-01-27 00:00:00+09:00,297.1913358062624,300.72932789919406,296.01200510861844,298.37066650390625,22000,0.0,0.0
2009-01-28 00:00:00+09:00,298.9603318527282,298.9603318527282,298.37066650390625,298.37066650390625,3000,0.0,0.0
2009-01-29 00:00:00+09:00,303.0879919735002,303.0879919735002,286.5773620605469,286.5773620605469,13000,0.0,0.0
2009-01-30 00:00:00+09:00,286.57735028405403,286.57735028405403,284.21868896484375,284.21868896484375,22000,0.0,0.0
2009-02-02 00:00:00+09:00,290.7049681511923,293.0636291503906,290.7049681511923,293.0636291503906,13000,0.0,0.0
2009-02-03 00:00:00+09:00,301.318993248016,301.318993248016,298.37066650390625,298.37066650390625,12000,0.0,0.0
2009-02-04 00:00:00+09:00,296.01194152832034,297.1912719726563,294.8326110839844,294.8326110839844,17000,0.0,0.0
2009-02-05 00:00:00+09:00,301.3188996491609,302.49822998046875,301.3188996491609,302.49822998046875,22000,0.0,0.0
2009-02-06 00:00:00+09:00,302.49833096916666,302.49833096916666,301.3190002441406,301.3190002441406,8000,0.0,0.0
2009-02-09 00:00:00+09:00,287.16705322265625,287.16705322265625,287.16705322265625,287.16705322265625,20000,0.0,0.0
2009-02-10 00:00:00+09:00,277.7323450417628,287.16698945931734,277.7323450417628,283.6289978027344,9000,0.0,0.0
2009-02-12 00:00:00+09:00,283.62903774954333,283.62903774954333,282.44970703125,282.44970703125,16000,0.0,0.0
2009-02-13 00:00:00+09:00,291.884324407003,293.6533203125,291.884324407003,293.6533203125,22000,0.0,0.0
2009-02-16 00:00:00+09:00,303.60329189925073,308.3948974609375,303.60329189925073,308.3948974609375,37000,0.0,0.0
2009-02-17 00:00:00+09:00,301.90862025948104,301.90862025948104,295.42230224609375,295.42230224609375,8000,0.0,0.0
2009-02-18 00:00:00+09:00,288.34627147712325,297.7809143066406,288.34627147712325,297.7809143066406,12000,0.0,0.0
2009-02-19 00:00:00+09:00,290.1153040268842,300.7292785644531,290.1153040268842,300.7292785644531,22000,0.0,0.0
2009-02-20 00:00:00+09:00,309.57429852915817,309.57429852915817,307.21563720703125,307.21563720703125,49000,0.0,0.0
2009-02-23 00:00:00+09:00,293.6533505314717,301.3190002441406,293.6533505314717,301.3190002441406,12000,0.0,0.0
2009-02-24 00:00:00+09:00,306.0363530748673,308.98468017578125,306.0363530748673,308.98468017578125,16000,0.0,0.0
2009-02-25 00:00:00+09:00,310.75367164248513,310.75367164248513,309.5743408203125,309.5743408203125,32000,0.0,0.0
2009-02-26 00:00:00+09:00,303.67760188995845,303.67760188995845,297.1912841796875,297.1912841796875,12000,0.0,0.0
2009-02-27 00:00:00+09:00,297.7809494260758,297.7809494260758,296.011953686911,297.1912841796875,68000,0.0,0.0
2009-03-02 00:00:00+09:00,297.1912999944648,297.1912999944648,291.2946472167969,291.2946472167969,14000,0.0,0.0
2009-03-03 00:00:00+09:00,283.0393723903967,283.0393723903967,282.44970703125,282.44970703125,15000,0.0,0.0
2009-03-04 00:00:00+09:00,279.50139567057295,291.8843688964844,279.50139567057295,291.8843688964844,21000,0.0,0.0
2009-03-05 00:00:00+09:00,291.8843124945637,291.8843124945637,291.2946472167969,291.2946472167969,36000,0.0,0.0
2009-03-06 00:00:00+09:00,280.68067142224857,283.6289978027344,280.68067142224857,283.6289978027344,19000,0.0,0.0
2009-03-09 00:00:00+09:00,290.11533977604716,290.11533977604716,280.6806945800781,280.6806945800781,6000,0.0,0.0
2009-03-10 00:00:00+09:00,271.2459671781792,271.83563232421875,271.2459671781792,271.83563232421875,15000,0.0,0.0
2009-03-11 00:00:00+09:00,270.0666994607396,270.0666994607396,267.7080383300781,267.7080383300781,22000,0.0,0.0
2009-03-12 00:00:00+09:00,267.7080383300781,267.7080383300781,267.7080383300781,267.7080383300781,28000,0.0,0.0
2009-03-13 00:00:00+09:00,267.1184387207031,267.1184387207031,267.1184387207031,267.1184387207031,59000,0.0,0.0
2009-03-16 00:00:00+09:00,264.75971191675126,267.7080383300781,264.75971191675126,267.7080383300781,26000,0.0,0.0
2009-03-17 00:00:00+09:00,267.7079638725298,273.0149499404874,267.7079638725298,269.4769592285156,19000,0.0,0.0
2009-03-18 00:00:00+09:00,274.78395805441636,274.78395805441636,268.2976414479816,271.83563232421875,10000,0.0,0.0
2009-03-19 00:00:00+09:00,271.8357167829547,271.8357167829547,268.88739013671875,268.88739013671875,15000,0.0,0.0
2009-03-23 00:00:00+09:00,269.47705104097406,277.1427001953125,269.47705104097406,277.1427001953125,38000,0.0,0.0
2009-03-24 00:00:00+09:00,277.7323469330993,279.5013427734375,277.7323469330993,279.5013427734375,34000,0.0,0.0
2009-03-25 00:00:00+09:00,280.0910455946634,282.44970703125,280.0910455946634,282.44970703125,46000,0.0,0.0
2009-03-26 00:00:00+09:00,283.0393745972938,285.9877014160156,283.0393745972938,285.9877014160156,17000,0.0,0.0
2009-03-27 00:00:00+09:00,285.3980171780627,285.3980171780627,280.6806945800781,280.6806945800781,36000,0.0,0.0
2009-03-30 00:00:00+09:00,283.6290187105219,283.6290187105219,277.1427001953125,277.1427001953125,11000,0.0,0.0
2009-03-31 00:00:00+09:00,277.1426976960281,277.1426976960281,273.6047058105469,273.6047058105469,9000,0.0,0.0
2009-04-01 00:00:00+09:00,274.783935546875,274.783935546875,274.783935546875,274.783935546875,5000,0.0,0.0
2009-04-02 00:00:00+09:00,274.1942998067521,278.91162109375,274.1942998067521,278.91162109375,16000,0.0,0.0
2009-04-03 00:00:00+09:00,274.19427044913493,275.37360064461507,273.0149402536548,274.783935546875,16000,0.0,0.0
2009-04-06 00:00:00+09:00,274.7840458593327,274.7840458593327,272.4253845214844,272.4253845214844,19000,0.0,0.0
2009-04-07 00:00:00+09:00,272.42535588191106,272.42535588191106,268.2976989746094,268.2976989746094,16000,0.0,0.0
2009-04-08 00:00:00+09:00,265.9390563964844,266.52872171000206,265.9390563964844,265.9390563964844,11000,0.0,0.0
2009-04-09 00:00:00+09:00,268.88739251471185,272.4253845214844,268.88739251471185,272.4253845214844,12000,0.0,0.0
2009-04-10 00:00:00+09:00,274.78401323981376,276.5530090332031,274.78401323981376,276.5530090332031,48000,0.0,0.0
2009-04-13 00:00:00+09:00,278.9116608119568,278.9116608119568,277.1426650774201,277.7323303222656,11000,0.0,0.0
2009-04-14 00:00:00+09:00,281.86002085160237,288.9360046386719,281.86002085160237,288.9360046386719,68000,0.0,0.0
2009-04-15 00:00:00+09:00,285.3979936310259,285.3979936310259,283.6289978027344,283.6289978027344,18000,0.0,0.0
2009-04-16 00:00:00+09:00,290.11538025779646,290.11538025779646,287.16705322265625,287.16705322265625,13000,0.0,0.0
2009-04-17 00:00:00+09:00,287.7566482138293,288.3463134765625,287.7566482138293,288.3463134765625,20000,0.0,0.0
2009-04-20 00:00:00+09:00,292.4739750096055,293.0636402818023,287.16698755983447,287.75665283203125,49000,0.0,0.0
2009-04-21 00:00:00+09:00,287.1671154339463,296.0120984555258,287.1671154339463,290.7051086425781,62000,0.0,0.0
2009-04-22 00:00:00+09:00,291.88443971212206,291.88443971212206,290.7051086425781,290.7051086425781,27000,0.0,0.0
2009-04-23 00:00:00+09:00,291.88427925109863,311.3432312011719,291.88427925109863,311.3432312011719,60000,0.0,0.0
2009-04-24 00:00:00+09:00,294.2430550625844,300.13970947265625,294.2430550625844,300.13970947265625,23000,0.0,0.0
2009-04-27 00:00:00+09:00,295.4222809021363,295.4222809021363,291.2946242827452,294.2429504394531,48000,0.0,0.0
2009-04-28 00:00:00+09:00,294.24294586181645,294.8326110839844,294.24294586181645,294.8326110839844,43000,0.0,0.0
2009-04-30 00:00:00+09:00,291.2946379876906,292.4739685058594,291.2946379876906,292.4739685058594,19000,0.0,0.0
2009-05-01 00:00:00+09:00,292.4739685058594,292.4739685058594,287.75664643318424,292.4739685058594,8000,0.0,0.0
2009-05-07 00:00:00+09:00,297.7809371948242,298.3706024169922,294.8326110839844,294.8326110839844,28000,0.0,0.0
2009-05-08 00:00:00+09:00,290.705067071389,299.550048828125,290.705067071389,299.550048828125,37000,0.0,0.0
2009-05-11 00:00:00+09:00,299.5499098371751,299.5499098371751,297.7809143066406,297.7809143066406,24000,0.0,0.0
2009-05-12 00:00:00+09:00,292.47403428819445,292.47403428819445,291.2947035047743,291.8843688964844,13000,0.0,0.0
2009-05-13 00:00:00+09:00,292.4740486455158,292.4740486455158,290.1153869628906,290.1153869628906,48000,0.0,0.0
2009-05-14 00:00:00+09:00,283.6289978027344,286.5773241832202,283.6289978027344,283.6289978027344,20000,0.0,0.0
2009-05-15 00:00:00+09:00,284.2187100244948,285.3980407714844,284.2187100244948,285.3980407714844,25000,0.0,0.0
2009-05-18 00:00:00+09:00,286.57738781562824,287.16705322265625,286.57738781562824,287.16705322265625,26000,0.0,0.0
2009-05-19 00:00:00+09:00,291.29463340099187,293.0636291503906,290.11530290139274,293.0636291503906,27000,0.0,0.0
2009-05-20 00:00:00+09:00,291.29470083533056,296.01202392578125,291.29470083533056,296.01202392578125,38000,0.0,0.0
2009-05-21 00:00:00+09:00,297.7810477086275,300.13970947265625,297.7810477086275,300.13970947265625,16000,0.0,0.0
2009-05-22 00:00:00+09:00,303.08794703807644,303.6776123046875,303.08794703807644,303.6776123046875,27000,0.0,0.0
2009-05-25 00:00:00+09:00,302.49822998046875,302.49822998046875,302.49822998046875,302.49822998046875,15000,0.0,0.0
2009-05-26 00:00:00+09:00,301.3189585172213,306.6259460449219,301.3189585172213,306.6259460449219,78000,0.0,0.0
2009-05-27 00:00:00+09:00,308.9846754092262,309.5743408203125,308.9846754092262,309.5743408203125,21000,0.0,0.0
2009-05-28 00:00:00+09:00,309.5743408203125,309.5743408203125,309.5743408203125,309.5743408203125,17000,0.0,0.0
2009-05-29 00:00:00+09:00,309.5743408203125,309.5743408203125,309.5743408203125,309.5743408203125,15000,0.0,0.0
2009-06-01 00:00:00+09:00,313.70200150923296,324.31597900390625,313.70200150923296,324.31597900390625,22000,0.0,0.0
2009-06-02 00:00:00+09:00,324.31600308199546,324.31600308199546,321.36767578125,321.36767578125,55000,0.0,0.0
2009-06-03 00:00:00+09:00,326.0849582672119,330.2126159667969,326.0849582672119,330.2126159667969,30000,0.0,0.0
2009-06-04 00:00:00+09:00,333.75051869467256,345.5438232421875,333.75051869467256,345.5438232421875,44000,0.0,0.0
2009-06-05 00:00:00+09:00,343.7749424210514,343.7749424210514,342.00594614787275,342.5956115722656,45000,0.0,0.0
2009-06-08 00:00:00+09:00,342.5956163603684,346.13360895617257,339.05762376456425,342.0059509277344,32000,0.0,0.0
2009-06-09 00:00:00+09:00,339.6472891971983,342.0059509277344,339.6472891971983,342.0059509277344,25000,0.0,0.0
2009-06-10 00:00:00+09:00,343.18528179300245,343.18528179300245,342.0059509277344,342.0059509277344,71000,0.0,0.0
2009-06-11 00:00:00+09:00,344.9541931152344,347.90251955211676,342.00586667835205,344.9541931152344,126000,0.0,0.0
2009-06-12 00:00:00+09:00,334.9299011230469,336.10923176080405,327.264251977625,334.9299011230469,86000,0.0,0.0
2009-06-15 00:00:00+09:00,339.05748471821823,344.95413662636116,339.05748471821823,344.3644714355469,68000,0.0,0.0
2009-06-16 00:00:00+09:00,342.595624270139,348.4922787326199,333.7506425764177,337.28863525390625,43000,0.0,0.0
2009-06-17 00:00:00+09:00,337.28863525390625,339.05763159265047,334.9299734689139,337.28863525390625,74000,0.0,0.0
2009-06-18 00:00:00+09:00,341.4163144739662,342.00597995665015,337.87832157786295,338.4679870605469,41000,0.0,0.0
2009-06-19 00:00:00+09:00,337.8782835804333,344.9542685768821,324.31597900390625,324.31597900390625,71000,0.0,0.0
2009-06-22 00:00:00+09:00,343.77486923455774,343.77486923455774,333.7505591539617,340.23687744140625,108000,0.0,0.0
2009-06-23 00:00:00+09:00,319.59856377812224,335.51952544234604,319.0088985312991,328.44354248046875,105000,0.0,0.0
2009-06-24 00:00:00+09:00,333.75053547891036,337.2885270210896,330.2125439367311,335.51953125,68000,0.0,0.0
2009-06-25 00:00:00+09:00,353.20957097944046,372.0788635860216,346.13358625197253,356.15789794921875,84000,0.0,0.0
2009-06-26 00:00:00+09:00,370.8994262598891,373.2580871582032,364.4131087895254,373.2580871582031,58000,0.0,0.0
2009-06-29 00:00:00+09:00,383.282436232969,396.25507253623874,380.3341098004077,391.5377502441406,108000,0.0,0.0
2009-06-30 00:00:00+09:00,387.41009323855485,392.7170808171652,382.1031056599445,391.5377502441406,79000,0.0,0.0
2009-07-01 00:00:00+09:00,391.53771355038594,406.27934433165046,391.53771355038594,396.2550354003906,42000,0.0,0.0
2009-07-02 00:00:00+09:00,408.6380272024817,408.6380272024817,392.7170651036837,397.43438720703125,51000,0.0,0.0
2009-07-03 00:00:00+09:00,385.64113661024305,398.02410888671875,379.74448314525466,398.02410888671875,33000,0.0,0.0
2009-07-06 00:00:00+09:00,398.02402951404866,406.86900794769423,398.02402951404866,400.3826904296875,54000,0.0,0.0
2009-07-07 00:00:00+09:00,394.48602913339755,402.74134214964204,394.48602913339755,401.56201171875,25000,0.0,0.0
2009-07-08 00:00:00+09:00,400.3826904296875,400.3826904296875,391.53771199604193,400.3826904296875,33000,0.0,0.0
2009-07-09 00:00:00+09:00,394.4860552185612,395.0757204729985,387.41007216531347,390.3583984375,35000,0.0,0.0
2009-07-10 00:00:00+09:00,394.48619807744825,395.0758635454265,382.103223249905,387.9998779296875,22000,0.0,0.0
2009-07-13 00:00:00+09:00,390.3585042996906,390.3585042996906,386.82051181359066,388.5895080566406,7000,0.0,0.0
2009-07-14 00:00:00+09:00,380.92382593154906,382.6928220272064,377.3858337402344,377.3858337402344,40000,0.0,0.0
2009-07-15 00:00:00+09:00,366.1821408691406,372.07879370117183,366.1821408691406,368.5408020019531,29000,0.0,0.0
2009-07-16 00:00:00+09:00,369.7201818231528,381.5134890583411,369.7201818231528,373.84783935546875,28000,0.0,0.0
2009-07-17 00:00:00+09:00,376.79620545853015,381.5135288445524,376.79620545853015,380.3341979980469,15000,0.0,0.0
2009-07-21 00:00:00+09:00,383.2824548321705,397.4344223952045,383.2824548321705,396.8447570800781,63000,0.0,0.0
2009-07-22 00:00:00+09:00,396.8448452163212,396.8448452163212,386.82053263284797,389.76885986328125,36000,0.0,0.0
2009-07-23 00:00:00+09:00,389.1791311948354,392.12745794631144,386.2308044433594,386.2308044433594,26000,0.0,0.0
2009-07-24 00:00:00+09:00,391.53764971025714,393.3066451155746,378.56501673792934,392.71697998046875,17000,0.0,0.0
2009-07-27 00:00:00+09:00,392.71708346694265,398.6137363718517,391.53775288596086,395.07574462890625,17000,0.0,0.0
2009-07-28 00:00:00+09:00,389.17910514621565,389.7687704570432,383.87211734876723,385.64111328125,10000,0.0,0.0
2009-07-29 00:00:00+09:00,391.53788828242125,395.0758812488287,391.53788828242125,393.306884765625,17000,0.0,0.0
2009-07-30 00:00:00+09:00,399.20341834058377,399.20341834058377,389.7687732985611,396.8447570800781,10000,0.0,0.0
2009-07-31 00:00:00+09:00,402.74141744878085,402.74141744878085,396.25509886615043,399.7930908203125,7000,0.0,0.0
2009-08-03 00:00:00+09:00,377.9755471365793,378.56521257672995,367.3615692138672,371.4892272949219,139000,0.0,0.0
2009-08-04 00:00:00+09:00,373.25820539538984,374.43753621812414,365.5925550476172,366.1822204589844,44000,0.0,0.0
2009-08-05 00:00:00+09:00,366.77175402285445,366.77175402285445,355.568115234375,355.568115234375,34000,0.0,0.0
2009-08-06 00:00:00+09:00,359.1061894685319,365.0028428259791,356.15786278980835,364.4131774902344,16000,0.0,0.0
2009-08-07 00:00:00+09:00,364.41313211541427,364.41313211541427,358.5164794921875,358.5164794921875,10000,0.0,0.0
2009-08-10 00:00:00+09:00,364.41315884605484,368.5408159850878,360.28550170702187,366.7718200683594,88000,0.0,0.0
2009-08-11 00:00:00+09:00,366.7717988044985,368.5407946186681,355.56815864809096,365.59246826171875,82000,0.0,0.0
2009-08-12 00:00:00+09:00,363.8235453154569,363.8235453154569,357.9268914205548,360.2855529785156,33000,0.0,0.0
2009-08-13 00:00:00+09:00,357.92681884765625,360.87514519730746,353.79916195814457,357.92681884765625,76000,0.0,0.0
2009-08-14 00:00:00+09:00,355.5681016374342,360.28542305219287,354.3887712837446,357.33709716796875,54000,0.0,0.0
2009-08-17 00:00:00+09:00,357.92676234481354,358.5164275216584,354.9784364605894,357.33709716796875,31000,0.0,0.0
2009-08-18 00:00:00+09:00,355.56809829711915,357.9267589823405,350.8507769266765,353.7991027832031,27000,0.0,0.0
2009-08-19 00:00:00+09:00,347.90252220812187,352.03017925126903,343.18519987309645,348.4921875,61000,0.0,0.0
2009-08-20 00:00:00+09:00,352.6200000245367,353.7993311282977,345.54401340197074,352.03033447265625,54000,0.0,0.0
2009-08-21 00:00:00+09:00,352.0302077073318,353.79920372596155,348.49221567007214,352.619873046875,23000,0.0,0.0
2009-08-24 00:00:00+09:00,349.6715759676919,360.2855529785156,349.6715759676919,360.2855529785156,145000,0.0,0.0
2009-08-25 00:00:00+09:00,360.2854196675619,360.8750848388672,353.7991027832031,353.7991027832031,73000,0.0,0.0
2009-08-26 00:00:00+09:00,359.69575449625654,359.69575449625654,351.4404420979818,353.7991027832031,47000,0.0,0.0
2009-08-27 00:00:00+09:00,353.7991573936061,361.46480580380086,353.7991573936061,358.5164794921875,46000,0.0,0.0
2009-08-28 00:00:00+09:00,354.3887712837446,359.10609269850323,354.3887712837446,357.33709716796875,44000,0.0,0.0
2009-08-31 00:00:00+09:00,357.9267589823405,357.9267589823405,349.08178141276045,353.7991027832031,53000,0.0,0.0
2009-09-02 00:00:00+09:00,359.69586673198927,359.69586673198927,350.8508864025141,351.4405517578125,50000,0.0,0.0
2009-09-03 00:00:00+09:00,349.08188807600635,353.2095455363645,347.9025573730469,347.9025573730469,43000,0.0,0.0
2009-09-04 00:00:00+09:00,347.9025340360754,354.38885246725647,347.9025340360754,350.8508605957031,28000,0.0,0.0
2009-09-07 00:00:00+09:00,346.1335236899873,350.8508459889991,343.185197253105,344.9541931152344,29000,0.0,0.0
2009-09-08 00:00:00+09:00,352.619873046875,352.619873046875,352.619873046875,352.619873046875,2000,0.0,0.0
2009-09-09 00:00:00+09:00,352.03022215538414,352.03022215538414,342.5955763354744,343.18524169921875,73000,0.0,0.0
2009-09-10 00:00:00+09:00,353.2095383864183,353.79920372596155,349.0818810096154,352.619873046875,16000,0.0,0.0
2009-09-11 00:00:00+09:00,344.364492787436,352.61980597069646,344.364492787436,345.5438232421875,37000,0.0,0.0
2009-09-14 00:00:00+09:00,348.4922787326199,348.4922787326199,336.69896980765816,337.28863525390625,33000,0.0,0.0
2009-09-15 00:00:00+09:00,337.8782418854922,341.41623394712036,337.8782418854922,340.8265686035156,10000,0.0,0.0
2009-09-16 00:00:00+09:00,340.8266171093085,347.3129368120808,339.647286254259,346.13360595703125,104000,0.0,0.0
2009-09-17 00:00:00+09:00,342.0059509277344,344.9542780909045,337.87829289929624,342.0059509277344,49000,0.0,0.0
2009-09-18 00:00:00+09:00,340.82649544353035,350.850804133046,339.64716500946975,350.2611389160156,43000,0.0,0.0
2009-09-21 00:00:00+09:00,350.2611389160156,350.2611389160156,350.2611389160156,350.2611389160156,0,0.0,0.0
2009-09-24 00:00:00+09:00,359.695814657447,359.695814657447,352.6198314182841,357.92681884765625,103000,0.0,0.0
2009-09-25 00:00:00+09:00,352.030214833405,353.79921088784425,346.72322667008734,347.9025573730469,29000,0.0,0.0
2009-09-28 00:00:00+09:00,353.7992827746333,353.7992827746333,344.9543007052675,346.7232971191406,25000,0.0,0.0
2009-09-29 00:00:00+09:00,346.13356356012736,353.79921317900585,341.41624071774066,351.4405517578125,39000,0.0,0.0
2009-09-30 00:00:00+09:00,355.5682112530964,362.6441955566406,354.97854589446774,362.6441955566406,62000,0.0,0.0
2009-10-01 00:00:00+09:00,352.6198824684092,363.23385886377935,350.8508864025141,351.4405517578125,19000,0.0,0.0
2009-10-02 00:00:00+09:00,350.8508932967353,358.5165430662438,344.3645742609973,354.3888854980469,135000,0.0,0.0
2009-10-05 00:00:00+09:00,354.978548974106,354.978548974106,343.18524169921875,343.18524169921875,20000,0.0,0.0
2009-10-06 00:00:00+09:00,346.133472972446,346.133472972446,335.5194993548923,339.64715576171875,31000,0.0,0.0
2009-10-07 00:00:00+09:00,345.5439251099702,345.5439251099702,331.3919554808929,336.6989440917969,73000,0.0,0.0
2009-10-08 00:00:00+09:00,330.2126165804959,330.80228196724676,321.3676357792326,322.5469665527344,168000,0.0,0.0
2009-10-09 00:00:00+09:00,321.9573038736979,321.9573038736979,311.3433268229167,318.4193115234375,103000,0.0,0.0
2009-10-13 00:00:00+09:00,318.4192458626964,321.36757221327696,317.2399153224642,319.0089111328125,62000,0.0,0.0
2009-10-14 00:00:00+09:00,320.7779518325976,320.7779518325976,315.4709636588965,317.2399597167969,70000,0.0,0.0
2009-10-15 00:00:00+09:00,317.82964613172743,318.4193115234375,316.6503153483073,318.4193115234375,52000,0.0,0.0
2009-10-16 00:00:00+09:00,317.829530013235,317.829530013235,307.80522201652815,313.7018737792969,41000,0.0,0.0
2009-10-19 00:00:00+09:00,315.4708207543216,316.06048583984375,313.70182549775535,316.06048583984375,59000,0.0,0.0
2009-10-20 00:00:00+09:00,318.41926534053067,333.1608979951848,317.8296000343445,331.9815673828125,140000,0.0,0.0
2009-10-21 00:00:00+09:00,332.571253845755,333.1609191894531,325.4952697213772,333.1609191894531,36000,0.0,0.0
2009-10-22 00:00:00+09:00,333.16088599681,333.16088599681,327.85389843225903,329.6228942871094,17000,0.0,0.0
2009-10-23 00:00:00+09:00,335.5195853050719,337.2885813611619,331.9815931928919,332.5712585449219,31000,0.0,0.0
2009-10-26 00:00:00+09:00,338.46790728273646,338.46790728273646,325.4952697213772,333.1609191894531,32000,0.0,0.0
2009-10-27 00:00:00+09:00,333.1609191894531,341.4162340012272,330.2125924709624,333.1609191894531,154000,0.0,0.0
2009-10-28 00:00:00+09:00,333.1609191894531,339.0575726264346,330.2125924709624,333.1609191894531,108000,0.0,0.0
2009-10-29 00:00:00+09:00,332.571253845755,333.1609191894531,330.2125924709624,333.1609191894531,50000,0.0,0.0
2009-10-30 00:00:00+09:00,330.2125457003448,333.1608720012407,330.2125457003448,331.3918762207031,21000,0.0,0.0
2009-11-02 00:00:00+09:00,330.8022771125293,330.8022771125293,312.52265039151604,323.1366271972656,39000,0.0,0.0
2009-11-04 00:00:00+09:00,323.1366481711648,324.31597900390625,313.1123360928622,324.31597900390625,23000,0.0,0.0
2009-11-05 00:00:00+09:00,324.31591538821954,324.31591538821954,314.88127057692583,320.7779235839844,26000,0.0,0.0
2009-11-06 00:00:00+09:00,315.4709519518449,315.4709519518449,314.2916212903427,314.88128662109375,10000,0.0,0.0
2009-11-09 00:00:00+09:00,313.7019986979167,313.7019986979167,307.8053445870536,309.5743408203125,15000,0.0,0.0
2009-11-10 00:00:00+09:00,311.3432946365871,318.4192786056004,311.3432946365871,314.88128662109375,35000,0.0,0.0
2009-11-11 00:00:00+09:00,314.881305507444,320.77795916863204,312.52264404296875,312.52264404296875,23000,0.0,0.0
2009-11-12 00:00:00+09:00,314.8812393791931,314.8812393791931,312.5225784100606,313.11224365234375,24000,0.0,0.0
2009-11-13 00:00:00+09:00,316.06062901152995,317.82962506943034,316.06062901152995,317.2399597167969,22000,0.0,0.0
2009-11-16 00:00:00+09:00,317.2399597167969,330.2125974747328,316.06062901152995,317.2399597167969,109000,0.0,0.0
2009-11-17 00:00:00+09:00,317.8295655906088,317.8295655906088,312.5225784100606,313.11224365234375,36000,0.0,0.0
2009-11-18 00:00:00+09:00,313.1122268329967,321.3675397815126,311.3432312011719,311.3432312011719,33000,0.0,0.0
2009-11-19 00:00:00+09:00,311.3432312011719,314.8812224648215,307.21557472691387,311.3432312011719,35000,0.0,0.0
2009-11-20 00:00:00+09:00,309.5742649707979,312.5225913038532,303.6776123046875,303.6776123046875,54000,0.0,0.0
2009-11-24 00:00:00+09:00,304.2671992778778,309.5741853117943,300.72920858860016,301.9085388183594,47000,0.0,0.0
2009-11-25 00:00:00+09:00,307.21560390435377,307.8052691709648,297.191294371966,303.6776123046875,41000,0.0,0.0
2009-11-26 00:00:00+09:00,303.67770211869936,304.8570330007137,299.55004403164907,300.13970947265625,35000,0.0,0.0
2009-11-27 00:00:00+09:00,299.5499451652406,309.5742543538412,296.011953686911,297.1912841796875,51000,0.0,0.0
2009-11-30 00:00:00+09:00,301.3189692363203,301.3189692363203,290.70499380333837,293.6533203125,32000,0.0,0.0
2009-12-01 00:00:00+09:00,296.60162910535496,303.6776123046875,291.8843069724666,303.6776123046875,26000,0.0,0.0
2009-12-02 00:00:00+09:00,321.36763848198785,340.8265964084202,318.4193115234375,318.4193115234375,164000,0.0,0.0
2009-12-03 00:00:00+09:00,324.9055480957031,326.67454382036215,319.00889568017317,324.9055480957031,145000,0.0,0.0
2009-12-04 00:00:00+09:00,320.1883210893111,324.31597900390625,318.4193248401989,324.31597900390625,21000,0.0,0.0
2009-12-07 00:00:00+09:00,329.622951193745,330.2126165804959,322.5469665527344,322.5469665527344,9000,0.0,0.0
2009-12-08 00:00:00+09:00,316.65022886485025,318.41922455683266,315.4708984035287,317.8295593261719,30000,0.0,0.0
2009-12-09 00:00:00+09:00,317.82948109641,320.7778065240205,313.70182549775535,316.06048583984375,11000,0.0,0.0
2009-12-10 00:00:00+09:00,321.9573038736979,321.9573038736979,310.75366143120664,318.4193115234375,24000,0.0,0.0
2009-12-11 00:00:00+09:00,323.72623045734156,324.3158957222912,309.57426409855066,315.4709167480469,48000,0.0,0.0
2009-12-14 00:00:00+09:00,315.4709358776317,320.7779235839844,311.9329440733966,320.7779235839844,20000,0.0,0.0
2009-12-15 00:00:00+09:00,321.36757221327696,321.36757221327696,318.4192458626964,319.0089111328125,21000,0.0,0.0
2009-12-16 00:00:00+09:00,321.3676519220526,324.31597900390625,321.3676519220526,324.31597900390625,13000,0.0,0.0
2009-12-17 00:00:00+09:00,323.72623329374136,323.72623329374136,317.2399153224642,319.0089111328125,20000,0.0,0.0
2009-12-18 00:00:00+09:00,313.1122746748083,321.36758888469024,313.1122746748083,320.7779235839844,24000,0.0,0.0
2009-12-21 00:00:00+09:00,321.3676100510817,321.3676100510817,313.7019606370192,314.2916259765625,38000,0.0,0.0
2009-12-22 00:00:00+09:00,314.29149058327744,316.65015092536584,310.75350007014487,316.06048583984375,20000,0.0,0.0
2009-12-24 00:00:00+09:00,315.4708798118577,316.0605450077677,308.3948974609375,308.3948974609375,32000,0.0,0.0
2009-12-25 00:00:00+09:00,313.701920953198,315.4709167480469,313.701920953198,315.4709167480469,11000,0.0,0.0
2009-12-28 00:00:00+09:00,310.16399603949657,319.00897691514757,310.16399603949657,318.4193115234375,33000,0.0,0.0
2009-12-29 00:00:00+09:00,309.57422785275753,310.16389304866755,305.4465714813874,308.3948974609375,168000,0.0,0.0
2009-12-30 00:00:00+09:00,306.62598126655826,307.2156466151478,306.03631591796875,306.03631591796875,43000,0.0,0.0
2010-01-04 00:00:00+09:00,305.4466829427083,309.5743408203125,304.26735212053575,309.5743408203125,30000,0.0,0.0
2010-01-05 00:00:00+09:00,304.8570251464844,309.5743485530064,304.26735972066916,304.8570251464844,17000,0.0,0.0
2010-01-06 00:00:00+09:00,304.8570014690531,307.8053283691406,301.9086745689655,307.8053283691406,14000,0.0,0.0
2010-01-07 00:00:00+09:00,301.90860906862747,304.2672700769761,298.96028280819166,300.7292785644531,57000,0.0,0.0
2010-01-08 00:00:00+09:00,299.54987835884094,302.498203933239,297.7808830142021,301.9085388183594,23000,0.0,0.0
2010-01-12 00:00:00+09:00,303.67770211869936,303.67770211869936,297.7810477086275,300.13970947265625,31000,0.0,0.0
2010-01-13 00:00:00+09:00,300.7293797290231,304.2673724317175,299.550048828125,299.550048828125,29000,0.0,0.0
2010-01-14 00:00:00+09:00,299.5499972015501,299.5499972015501,298.37066650390625,298.37066650390625,22000,0.0,0.0
2010-01-15 00:00:00+09:00,294.8326931531686,296.60168931208756,294.8326931531686,296.01202392578125,41000,0.0,0.0
2010-01-18 00:00:00+09:00,290.11536542463966,300.729342208468,289.5257000477603,296.6016845703125,42000,0.0,0.0
2010-01-19 00:00:00+09:00,293.0636851689587,306.6259885067576,293.0636851689587,301.3190002441406,50000,0.0,0.0
2010-01-20 00:00:00+09:00,301.3189409044054,301.3189409044054,294.83262319413444,297.1912841796875,50000,0.0,0.0
2010-01-21 00:00:00+09:00,291.2946453284837,297.19129806792665,290.70498005453936,295.42230224609375,30000,0.0,0.0
2010-01-22 00:00:00+09:00,293.0636291503906,293.6532944001902,291.88429865079144,293.0636291503906,17000,0.0,0.0
2010-01-25 00:00:00+09:00,290.70497452749555,290.70497452749555,285.39798716289624,288.3463134765625,38000,0.0,0.0
2010-01-26 00:00:00+09:00,286.57730728213255,290.7049639713814,281.27032011024124,281.8599853515625,58000,0.0,0.0
2010-01-27 00:00:00+09:00,281.8599853515625,283.62898107552627,281.8599853515625,281.8599853515625,83000,0.0,0.0
2010-01-28 00:00:00+09:00,281.2703366983458,287.75665473541454,280.0910061461514,283.6289978027344,26000,0.0,0.0
2010-01-29 00:00:00+09:00,287.7566566950158,287.7566566950158,279.5013427734375,279.5013427734375,21000,0.0,0.0
2010-02-01 00:00:00+09:00,275.96336706753436,275.96336706753436,269.4770486108188,273.6047058105469,28000,0.0,0.0
2010-02-02 00:00:00+09:00,272.4253868689904,277.7323749248798,268.8873948317308,275.96337890625,28000,0.0,0.0
2010-02-03 00:00:00+09:00,277.1426256111258,279.50128625462474,277.1426256111258,278.91162109375,17000,0.0,0.0
2010-02-04 00:00:00+09:00,278.91169840934214,281.86002503100536,273.0150451660156,273.0150451660156,23000,0.0,0.0
2010-02-05 00:00:00+09:00,273.01503584666915,277.1426929761005,273.01503584666915,274.1943664550781,18000,0.0,0.0
2010-02-08 00:00:00+09:00,271.83573299343306,278.3220520019531,271.24606762902215,278.3220520019531,35000,0.0,0.0
2010-02-09 00:00:00+09:00,271.83570986780626,275.96336706753436,271.24604455355944,273.6047058105469,28000,0.0,0.0
2010-02-10 00:00:00+09:00,273.01499786376957,274.19432830810547,270.0666717529297,271.2460021972656,23000,0.0,0.0
2010-02-12 00:00:00+09:00,271.2460373689406,274.7840291607094,270.6563720703125,270.6563720703125,22000,0.0,0.0
2010-02-15 00:00:00+09:00,270.0666243471776,273.0149499404874,269.4769592285156,269.4769592285156,14000,0.0,0.0
2010-02-16 00:00:00+09:00,268.8874350036217,274.1944238523774,264.75977701014506,267.1184387207031,57000,0.0,0.0
2010-02-17 00:00:00+09:00,267.1182987538678,275.3736104151352,267.1182987538678,269.4769592285156,10000,0.0,0.0
2010-02-18 00:00:00+09:00,268.2976414479816,271.83563232421875,268.2976414479816,271.83563232421875,16000,0.0,0.0
2010-02-19 00:00:00+09:00,271.8356953087357,271.8356953087357,267.7080383300781,267.7080383300781,15000,0.0,0.0
2010-02-22 00:00:00+09:00,268.88730659402114,274.78395805441636,268.88730659402114,271.83563232421875,41000,0.0,0.0
2010-02-23 00:00:00+09:00,268.2977036127435,270.656364743405,267.1183730474128,267.7080383300781,34000,0.0,0.0
2010-02-24 00:00:00+09:00,266.5287170410156,268.29771295057986,262.401059918699,266.5287170410156,50000,0.0,0.0
2010-02-25 00:00:00+09:00,268.29777259997724,273.01509607426254,262.4011182571206,262.99078369140625,36000,0.0,0.0
2010-02-26 00:00:00+09:00,268.29777259997724,273.01509607426254,262.4011182571206,262.99078369140625,37000,0.0,0.0
2010-03-01 00:00:00+09:00,262.99075790576717,267.70808091752986,260.04243102341553,262.4010925292969,68000,0.0,0.0
2010-03-02 00:00:00+09:00,263.58038330078125,265.3493791618603,261.8113874397022,263.58038330078125,53000,0.0,0.0
2010-03-03 00:00:00+09:00,262.9907509543679,262.9907509543679,258.8630934281783,259.4527587890625,49000,0.0,0.0
2010-03-04 00:00:00+09:00,260.04246603476037,266.52878604923285,260.04246603476037,261.81146240234375,23000,0.0,0.0
2010-03-05 00:00:00+09:00,261.8113874397022,263.58038330078125,261.8113874397022,263.58038330078125,11000,0.0,0.0
2010-03-08 00:00:00+09:00,268.2976289911917,271.83561970316345,267.7079638725298,269.4769592285156,32000,0.0,0.0
2010-03-09 00:00:00+09:00,273.01503584666915,274.7840317592826,270.06670932564685,274.1943664550781,49000,0.0,0.0
2010-03-10 00:00:00+09:00,276.5530796091868,279.50140668391157,275.3737487792969,275.3737487792969,38000,0.0,0.0
2010-03-11 00:00:00+09:00,280.0910455946634,283.0393723903967,280.0910455946634,282.44970703125,42000,0.0,0.0
2010-03-12 00:00:00+09:00,290.7050172170003,290.7050172170003,283.03936767578125,283.03936767578125,82000,0.0,0.0
2010-03-15 00:00:00+09:00,285.98768495425145,285.98768495425145,283.62902363504116,284.21868896484375,24000,0.0,0.0
2010-03-16 00:00:00+09:00,288.936041937934,293.0636996799045,287.16704576280387,291.8843688964844,63000,0.0,0.0
2010-03-17 00:00:00+09:00,288.93597073025177,297.1912841796875,287.16697499108693,297.1912841796875,60000,0.0,0.0
2010-03-18 00:00:00+09:00,297.7809143066406,299.5499098371751,294.83258842241645,297.7809143066406,41000,0.0,0.0
2010-03-19 00:00:00+09:00,297.7809523040173,302.49827432071464,297.7809523040173,300.7292785644531,60000,0.0,0.0
2010-03-23 00:00:00+09:00,301.3190403546706,304.8570330007137,297.1913822676203,300.13970947265625,75000,0.0,0.0
2010-03-24 00:00:00+09:00,299.5499098371751,300.13957501401995,296.0119187761061,297.7809143066406,70000,0.0,0.0
2010-03-25 00:00:00+09:00,301.3189512382433,303.6776123046875,301.3189512382433,303.6776123046875,21000,0.0,0.0
2010-03-26 00:00:00+09:00,304.856950202355,309.57427244919995,304.856950202355,306.6259460449219,48000,0.0,0.0
2010-03-29 00:00:00+09:00,301.81618225804624,312.03704898790045,301.214954803349,311.4358215332031,18000,10.0,0.0
2010-03-30 00:00:00+09:00,306.6259974888393,315.6444091796875,306.6259974888393,315.6444091796875,48000,0.0,0.0
2010-03-31 00:00:00+09:00,313.2395396372577,313.2395396372577,307.2272644042969,307.2272644042969,35000,0.0,0.0
2010-04-01 00:00:00+09:00,307.82839133522725,317.4480285644531,307.2271640084006,317.4480285644531,55000,0.0,0.0
2010-04-02 00:00:00+09:00,315.6444403961414,315.6444403961414,310.8346203520098,315.043212890625,21000,0.0,0.0
2010-04-05 00:00:00+09:00,315.04311925714666,317.4480285644531,312.6382099498402,317.4480285644531,29000,0.0,0.0
2010-04-06 00:00:00+09:00,313.23949939546134,318.0493189639137,312.6382719494048,315.6444091796875,24000,0.0,0.0
2010-04-07 00:00:00+09:00,319.25170390751356,325.26397705078125,315.644340021553,325.26397705078125,82000,0.0,0.0
2010-04-08 00:00:00+09:00,324.66274923064174,326.466431170812,324.66274923064174,325.8652038574219,46000,0.0,0.0
2010-04-09 00:00:00+09:00,327.06771484375,333.68121643066405,327.06771484375,330.6750793457031,68000,0.0,0.0
2010-04-12 00:00:00+09:00,331.27630860713975,331.27630860713975,328.27017150544157,328.87139892578125,91000,0.0,0.0
2010-04-13 00:00:00+09:00,330.07379505115244,332.4787043047127,320.45415803691117,325.8652038574219,63000,0.0,0.0
2010-04-14 00:00:00+09:00,316.2456014608129,324.66278476965584,315.64437408160984,320.4541931152344,110000,0.0,0.0
2010-04-15 00:00:00+09:00,320.4541615708966,322.85907085097836,319.85293425087616,321.6566162109375,23000,0.0,0.0
2010-04-16 00:00:00+09:00,324.0615270514237,324.0615270514237,319.25170846810016,319.8529357910156,44000,0.0,0.0
2010-04-19 00:00:00+09:00,313.8406677246094,315.64434972302666,306.02471239813445,313.8406677246094,48000,0.0,0.0
2010-04-20 00:00:00+09:00,308.4295964241028,313.84064197540283,307.828369140625,307.828369140625,66000,0.0,0.0
2010-04-21 00:00:00+09:00,310.23333447359346,313.2394714355469,309.0308796888121,313.2394714355469,40000,0.0,0.0
2010-04-22 00:00:00+09:00,313.84063814603365,316.24554725060096,306.6259108323317,312.63818359375,75000,0.0,0.0
2010-04-23 00:00:00+09:00,314.4418909036888,318.6504821777344,313.2394362539615,318.6504821777344,49000,0.0,0.0
2010-04-26 00:00:00+09:00,336.0861279698569,336.0861279698569,324.66280698340375,328.87139892578125,83000,0.0,0.0
2010-04-27 00:00:00+09:00,328.8713729377138,328.8713729377138,321.0554170909308,324.0615539550781,27000,0.0,0.0
2010-04-28 00:00:00+09:00,319.2517406557368,319.2517406557368,317.4480585051394,318.0492858886719,35000,0.0,0.0
2010-04-30 00:00:00+09:00,323.46020576135436,324.66266005786497,322.25775146484375,322.25775146484375,192000,0.0,0.0
2010-05-06 00:00:00+09:00,313.23950455036567,345.7057871717088,308.4296849027593,339.09228515625,242000,0.0,0.0
2010-05-07 00:00:00+09:00,333.07999655571126,333.07999655571126,319.8529930823798,323.4603576660156,98000,0.0,0.0
2010-05-10 00:00:00+09:00,322.2578450826774,328.8713456347473,319.8529357910156,319.8529357910156,79000,0.0,0.0
2010-05-11 00:00:00+09:00,325.86529676649303,327.6689792209201,323.4603868272569,324.662841796875,61000,0.0,0.0
2010-05-12 00:00:00+09:00,324.662841796875,325.86529676649303,324.06161431206596,324.662841796875,17000,0.0,0.0
2010-05-13 00:00:00+09:00,326.4664948190455,327.0677222496515,321.05544794359173,323.4603576660156,28000,0.0,0.0
2010-05-14 00:00:00+09:00,326.46646690726504,327.0676942864681,319.8529657360313,320.4541931152344,28000,0.0,0.0
2010-05-17 00:00:00+09:00,314.4418692588806,322.2578239440918,307.828369140625,307.828369140625,63000,0.0,0.0
2010-05-18 00:00:00+09:00,310.23327309953095,318.04922765436413,310.23327309953095,314.4418640136719,56000,0.0,0.0
2010-05-19 00:00:00+09:00,314.4418692588806,314.4418692588806,306.62591457366943,307.828369140625,80000,0.0,0.0
2010-05-20 00:00:00+09:00,305.42355280728145,309.6321450703739,305.42355280728145,306.0247802734375,36000,0.0,0.0
2010-05-21 00:00:00+09:00,300.0124256469477,300.0124256469477,290.9940160583621,294.0001525878906,56000,0.0,0.0
2010-05-24 00:00:00+09:00,300.0124256469477,300.0124256469477,284.38051569339933,294.0001525878906,37000,0.0,0.0
2010-05-25 00:00:00+09:00,291.5952531530502,291.5952531530502,281.3743886095412,282.57684326171875,47000,0.0,0.0
2010-05-26 00:00:00+09:00,277.76709117060125,278.9695461107337,275.3621812903363,276.56463623046875,44000,0.0,0.0
2010-05-27 00:00:00+09:00,277.1657390021459,280.171875,274.15960300429185,280.171875,31000,0.0,0.0
2010-05-28 00:00:00+09:00,288.5891525466721,288.5891525466721,276.56460452389405,277.7670593261719,40000,0.0,0.0
2010-05-31 00:00:00+09:00,282.57692988813545,287.3867499713378,279.570792336134,286.7855224609375,43000,0.0,0.0
2010-06-01 00:00:00+09:00,296.4050942880136,296.4050942880136,288.5891384548611,292.1965026855469,69000,0.0,0.0
2010-06-02 00:00:00+09:00,287.3866848275681,294.0001859428469,287.3866848275681,290.9940490722656,30000,0.0,0.0
2010-06-03 00:00:00+09:00,295.80386021625566,306.0247253050287,291.5952687091138,299.4112243652344,50000,0.0,0.0
2010-06-04 00:00:00+09:00,294.60136890411377,309.63205099105835,293.3989143371582,307.828369140625,86000,0.0,0.0
2010-06-07 00:00:00+09:00,300.6136835837851,300.6136835837851,292.79772781060666,294.6014099121094,25000,0.0,0.0
2010-06-08 00:00:00+09:00,295.8038686432454,295.8038686432454,290.392822265625,290.392822265625,22000,0.0,0.0
2010-06-09 00:00:00+09:00,291.59533553544503,294.0002455192425,289.7916530475969,292.79779052734375,28000,0.0,0.0
2010-06-10 00:00:00+09:00,292.79772781060666,295.80386464644454,288.5891362404337,294.6014099121094,52000,0.0,0.0
2010-06-11 00:00:00+09:00,299.4112311469184,299.4112311469184,289.791593198423,292.1965026855469,87000,0.0,0.0
2010-06-14 00:00:00+09:00,292.7977638165321,292.7977638165321,289.1903991699219,289.1903991699219,28000,0.0,0.0
2010-06-15 00:00:00+09:00,288.58917172882013,289.79162661102356,288.58917172882013,289.1903991699219,10000,0.0,0.0
2010-06-16 00:00:00+09:00,292.7977638165321,292.7977638165321,288.58917172882013,289.1903991699219,24000,0.0,0.0
2010-06-17 00:00:00+09:00,287.987977481738,290.3928875233392,286.7855224609375,286.7855224609375,18000,0.0,0.0
2010-06-18 00:00:00+09:00,290.9941115003404,290.9941115003404,289.7916564941406,289.7916564941406,19000,0.0,0.0
2010-06-21 00:00:00+09:00,291.59533553544503,292.79779052734375,288.58919805569815,292.79779052734375,34000,0.0,0.0
2010-06-22 00:00:00+09:00,293.3989887040915,293.3989887040915,291.5953063964844,291.5953063964844,18000,0.0,0.0
2010-06-23 00:00:00+09:00,288.58916921713916,292.7977612682225,288.58916921713916,291.5953063964844,23000,0.0,0.0
2010-06-24 00:00:00+09:00,291.5953063964844,292.1965338323534,290.9940789606153,291.5953063964844,11000,0.0,0.0
2010-06-25 00:00:00+09:00,294.0001859428469,294.60141331696315,289.7915943240331,290.9940490722656,22000,0.0,0.0
2010-06-28 00:00:00+09:00,295.80389404296875,298.81003117755176,294.00021176221895,295.80389404296875,65000,0.0,0.0
2010-06-29 00:00:00+09:00,290.9941115003404,290.9941115003404,288.5892014879409,289.7916564941406,41000,0.0,0.0
2010-06-30 00:00:00+09:00,289.7915711747839,289.7915711747839,282.57684326171875,282.57684326171875,15000,0.0,0.0
2010-07-01 00:00:00+09:00,282.57690172155196,285.5830389739089,280.1719919196664,284.9818115234375,19000,0.0,0.0
2010-07-02 00:00:00+09:00,289.7915971791819,289.7915971791819,285.58300551890335,287.9879150390625,32000,0.0,0.0
2010-07-05 00:00:00+09:00,285.58300551890335,292.79773407938086,285.58300551890335,287.9879150390625,24000,0.0,0.0
2010-07-06 00:00:00+09:00,285.5830351511637,292.79776446024573,279.5707607269287,288.58917236328125,8000,0.0,0.0
2010-07-07 00:00:00+09:00,286.78555685786876,286.78555685786876,282.57696378029,283.7794189453125,13000,0.0,0.0
2010-07-08 00:00:00+09:00,283.178102346567,283.178102346567,279.57073798546423,281.3744201660156,69000,0.0,0.0
2010-07-09 00:00:00+09:00,283.1780711094708,283.1780711094708,279.5707071462928,281.9756164550781,17000,0.0,0.0
2010-07-12 00:00:00+09:00,280.7731670969712,280.7731670969712,274.1596663730596,275.9633483886719,27000,0.0,0.0
2010-07-13 00:00:00+09:00,274.15963698372536,279.5706824505094,271.1535006132898,274.7608642578125,26000,0.0,0.0
2010-07-14 00:00:00+09:00,275.36205935529927,279.57064978212696,275.36205935529927,277.1657409667969,15000,0.0,0.0
2010-07-15 00:00:00+09:00,274.7609258952894,275.3621533042506,274.1596984863281,274.1596984863281,18000,0.0,0.0
2010-07-16 00:00:00+09:00,272.9572138188959,273.5584411621094,272.3559864756825,273.5584411621094,10000,0.0,0.0
2010-07-21 00:00:00+09:00,274.7609326994821,274.7609326994821,267.54620361328125,267.54620361328125,25000,0.0,0.0
2010-07-22 00:00:00+09:00,266.34372569896556,267.5461804425275,257.32531512225114,259.730224609375,82000,0.0,0.0
2010-07-23 00:00:00+09:00,265.14126642400566,267.5461758700284,262.73635697798295,264.5400390625,39000,0.0,0.0
2010-07-26 00:00:00+09:00,268.7486560031407,269.95111083984375,267.5462011664376,269.95111083984375,18000,0.0,0.0
2010-07-27 00:00:00+09:00,268.74865784238807,272.35602237718524,268.1474304199219,268.1474304199219,22000,0.0,0.0
2010-07-28 00:00:00+09:00,268.1473656204829,272.9571838378906,268.1473656204829,272.9571838378906,16000,0.0,0.0
2010-07-29 00:00:00+09:00,271.15356506347655,271.7547924804688,268.7486553955078,270.5523376464844,19000,0.0,0.0
2010-07-30 00:00:00+09:00,269.95111268732046,269.95111268732046,268.1474304199219,268.1474304199219,16000,0.0,0.0
2010-08-02 00:00:00+09:00,268.14737328655644,274.7608735245657,258.5277365767248,263.3375549316406,112000,0.0,0.0
2010-08-03 00:00:00+09:00,263.9388117009943,268.1474032315341,263.9388117009943,264.5400390625,23000,0.0,0.0
2010-08-04 00:00:00+09:00,263.33752957196305,263.33752957196305,255.52157549790934,256.122802734375,33000,0.0,0.0
2010-08-05 00:00:00+09:00,257.92659269445085,260.93273013844214,255.52168273925784,255.5216827392578,36000,0.0,0.0
2010-08-06 00:00:00+09:00,258.52771168023764,260.3313933896347,255.52157549790934,256.122802734375,35000,0.0,0.0
2010-08-09 00:00:00+09:00,260.9326787864914,261.5339061569672,258.5277693045883,260.3314514160156,11000,0.0,0.0
2010-08-10 00:00:00+09:00,264.5400441605641,265.74249890674844,258.52777042964215,259.1289978027344,12000,0.0,0.0
2010-08-11 00:00:00+09:00,260.3315026496439,260.3315026496439,254.31922776166132,255.5216827392578,15000,0.0,0.0
2010-08-12 00:00:00+09:00,256.7241120555704,256.7241120555704,250.7118377685547,250.7118377685547,15000,0.0,0.0
2010-08-13 00:00:00+09:00,250.7118196171042,254.31918392814165,250.7118196171042,253.71795654296875,12000,0.0,0.0
2010-08-16 00:00:00+09:00,252.51550177262294,255.5216386984875,250.1105922319313,253.71795654296875,23000,0.0,0.0
2010-08-17 00:00:00+09:00,253.11674874547015,253.7179761771696,249.5093841552734,249.50938415527344,22000,0.0,0.0
2010-08-18 00:00:00+09:00,252.5155213137707,252.5155213137707,248.30692929187452,249.50938415527344,39000,0.0,0.0
2010-08-19 00:00:00+09:00,251.31307787680004,256.1228975490833,249.5093954996938,253.11676025390625,44000,0.0,0.0
2010-08-20 00:00:00+09:00,253.7179588792427,256.72409583278824,251.31304931640628,251.31304931640625,32000,0.0,0.0
2010-08-23 00:00:00+09:00,249.50932652342553,250.11055381625306,245.3007354736328,245.3007354736328,48000,0.0,0.0
2010-08-24 00:00:00+09:00,245.90199113123623,249.50935530431062,245.90199113123623,247.70567321777344,33000,0.0,0.0
2010-08-25 00:00:00+09:00,252.51554083416107,252.51554083416107,244.6995836178656,245.90203857421875,16000,0.0,0.0
2010-08-26 00:00:00+09:00,245.90199448909664,247.70567660026362,243.49708500754068,244.0983123779297,29000,0.0,0.0
2010-08-27 00:00:00+09:00,244.09830904469905,247.7056732177734,244.09830904469905,247.70567321777344,18000,0.0,0.0
2010-08-30 00:00:00+09:00,255.52162278628518,258.5277595249473,252.515486047623,254.3191680908203,19000,0.0,0.0
2010-08-31 00:00:00+09:00,251.31297222319105,256.7240170796712,251.31297222319105,252.5154266357422,32000,0.0,0.0
2010-09-01 00:00:00+09:00,251.91426475302686,256.1228562882803,247.10444585559435,247.70567321777344,19000,0.0,0.0
2010-09-02 00:00:00+09:00,256.1229186716149,256.1229186716149,248.30696105957034,248.3069610595703,18000,0.0,0.0
2010-09-03 00:00:00+09:00,251.9142778836764,254.31918745774487,248.90814091609073,250.110595703125,19000,0.0,0.0
2010-09-06 00:00:00+09:00,253.1167727840648,257.92659269445085,250.7118628288718,255.5216827392578,47000,0.0,0.0
2010-09-07 00:00:00+09:00,257.3252572073063,257.926484443772,254.92034826144365,256.122802734375,11000,0.0,0.0
2010-09-08 00:00:00+09:00,256.1228678482529,256.1228678482529,251.91427612304685,251.91427612304688,16000,0.0,0.0
2010-09-09 00:00:00+09:00,254.92039543855273,256.1228501340176,253.11671339535542,254.3191680908203,20000,0.0,0.0
2010-09-10 00:00:00+09:00,252.51542663574222,258.527698698498,252.51542663574222,252.5154266357422,62000,0.0,0.0
2010-09-13 00:00:00+09:00,253.71798771294164,254.31921517197705,253.11676025390625,253.11676025390625,24000,0.0,0.0
2010-09-14 00:00:00+09:00,254.92034826144365,256.122802734375,254.319121024978,256.122802734375,34000,0.0,0.0
2010-09-16 00:00:00+09:00,256.1228609372734,261.5339072951031,253.71795144490466,259.1289978027344,22000,0.0,0.0
2010-09-17 00:00:00+09:00,263.3376153411518,266.34375250258046,262.13516047658027,263.9388427734375,36000,0.0,0.0
2010-09-21 00:00:00+09:00,271.15359701429094,271.15359701429094,268.7486870629447,269.34991455078125,57000,0.0,0.0
2010-09-22 00:00:00+09:00,266.3437463297345,269.95111083984375,266.3437463297345,269.95111083984375,20000,0.0,0.0
2010-09-24 00:00:00+09:00,268.1474310371313,269.95111330868156,265.74252134173105,267.54620361328125,33000,0.0,0.0
2010-09-27 00:00:00+09:00,268.1474021117612,269.9510841887461,261.5339011628164,265.74249267578125,42000,0.0,0.0
2010-09-28 00:00:00+09:00,266.97284132889183,267.58798612458054,265.7425517375144,266.3576965332031,31000,10.0,0.0
2010-09-29 00:00:00+09:00,270.04853244201377,270.04853244201377,265.7425193962414,266.9728088378906,10000,0.0,0.0
2010-09-30 00:00:00+09:00,264.51226806640625,264.51226806640625,264.51226806640625,264.51226806640625,13000,0.0,0.0
2010-10-01 00:00:00+09:00,263.8971232569495,264.51226806640625,263.8971232569495,264.51226806640625,6000,0.0,0.0
2010-10-04 00:00:00+09:00,264.51215287329444,264.51215287329444,262.05157470703125,262.05157470703125,3000,0.0,0.0
2010-10-05 00:00:00+09:00,256.5152893066406,256.5152893066406,254.05471099194864,256.5152893066406,36000,0.0,0.0
2010-10-06 00:00:00+09:00,253.4395832648644,255.90016174316406,252.8244386452895,255.90016174316406,20000,0.0,0.0
2010-10-07 00:00:00+09:00,255.28505900259793,257.1304931640625,254.66991428210974,257.1304931640625,15000,0.0,0.0
2010-10-08 00:00:00+09:00,256.5154329382855,256.5154329382855,254.66999816894534,254.6699981689453,20000,0.0,0.0
2010-10-12 00:00:00+09:00,254.66990639071162,254.66990639071162,249.13360407787005,249.74874877929688,33000,0.0,0.0
2010-10-13 00:00:00+09:00,254.66993950737847,254.66993950737847,249.13363647460938,249.13363647460938,10000,0.0,0.0
2010-10-14 00:00:00+09:00,249.13360407787005,250.36389348072373,249.13360407787005,249.74874877929688,14000,0.0,0.0
2010-10-15 00:00:00+09:00,249.1335554768268,249.74870005825107,245.44268798828125,245.44268798828125,26000,0.0,0.0
2010-10-18 00:00:00+09:00,245.44273972742766,253.43962097167972,245.44273972742766,253.4396209716797,19000,0.0,0.0
2010-10-19 00:00:00+09:00,252.82447438089957,255.28505320699105,250.3638955548081,254.0547637939453,14000,0.0,0.0
2010-10-20 00:00:00+09:00,254.0548007642452,254.66994556028453,246.67306321177315,247.2882080078125,44000,0.0,0.0
2010-10-21 00:00:00+09:00,246.05791841573384,247.2882080078125,246.05791841573384,247.2882080078125,25000,0.0,0.0
2010-10-22 00:00:00+09:00,247.28820603893652,248.51849562121978,247.28820603893652,247.90335083007812,14000,0.0,0.0
2010-10-25 00:00:00+09:00,247.90334140777588,248.51848617553713,246.0579071044922,246.0579071044922,18000,0.0,0.0
2010-10-26 00:00:00+09:00,249.1335554768268,249.1335554768268,245.44268798828125,245.44268798828125,18000,0.0,0.0
2010-10-27 00:00:00+09:00,245.4426897518599,247.28812350939265,244.82754516601562,244.82754516601562,6000,0.0,0.0
2010-10-28 00:00:00+09:00,245.4426873491697,245.4426873491697,234.9852294921875,234.9852294921875,69000,0.0,0.0
2010-10-29 00:00:00+09:00,245.4427289482137,245.4427289482137,231.9095458984375,231.9095458984375,37000,0.0,0.0
2010-11-01 00:00:00+09:00,229.44896716211457,241.13671615964856,229.44896716211457,231.9095458984375,30000,0.0,0.0
2010-11-02 00:00:00+09:00,236.83066858779785,236.83066858779785,229.44893346298338,233.13980102539062,42000,0.0,0.0
2010-11-04 00:00:00+09:00,236.8307228187979,236.8307228187979,230.67927547285512,235.60043334960938,18000,0.0,0.0
2010-11-05 00:00:00+09:00,236.83067594255718,242.98212207093528,236.83067594255718,241.13668823242188,33000,0.0,0.0
2010-11-08 00:00:00+09:00,246.05783433770415,246.05783433770415,241.13667765095005,244.82754516601562,17000,0.0,0.0
2010-11-09 00:00:00+09:00,244.82754516601562,247.9032680952369,244.82754516601562,244.82754516601562,20000,0.0,0.0
2010-11-10 00:00:00+09:00,248.51843809665291,248.51843809665291,246.05785950163656,246.67300415039062,18000,0.0,0.0
2010-11-11 00:00:00+09:00,247.90329344789882,249.133582745407,246.67300415039062,246.67300415039062,17000,0.0,0.0
2010-11-12 00:00:00+09:00,245.44273753130167,245.44273753130167,243.59730341452496,244.2124481201172,21000,0.0,0.0
2010-11-15 00:00:00+09:00,247.90335083007815,249.13364041236142,245.4427716655116,247.90335083007812,26000,0.0,0.0
2010-11-16 00:00:00+09:00,247.28814879914472,247.28814879914472,246.67300415039062,246.67300415039062,15000,0.0,0.0
2010-11-17 00:00:00+09:00,246.05788429184713,249.13360784549522,246.05788429184713,248.51846313476562,10000,0.0,0.0
2010-11-18 00:00:00+09:00,246.6730252721627,249.7487487792969,246.6730252721627,249.74874877929688,6000,0.0,0.0
2010-11-19 00:00:00+09:00,246.67302342070406,252.82447038880142,246.67302342070406,250.3638916015625,30000,0.0,0.0
2010-11-22 00:00:00+09:00,254.05485324583194,257.7457227845123,253.43970832271856,254.6699981689453,43000,0.0,0.0
2010-11-24 00:00:00+09:00,249.74872622606233,253.43959410132433,249.74872622606233,252.2093048095703,21000,0.0,0.0
2010-11-25 00:00:00+09:00,253.43962860107422,254.05477333068848,250.9790496826172,250.9790496826172,25000,0.0,0.0
2010-11-26 00:00:00+09:00,250.97901551781632,254.66988339307832,250.97901551781632,252.2093048095703,16000,0.0,0.0
2010-11-29 00:00:00+09:00,262.0516079389132,262.0516079389132,255.90016174316406,255.90016174316406,8000,0.0,0.0
2010-11-30 00:00:00+09:00,254.05475224775697,254.05475224775697,252.82446289062497,252.824462890625,25000,0.0,0.0
2010-12-01 00:00:00+09:00,251.59417353349298,252.82446289062497,251.59417353349298,252.824462890625,16000,0.0,0.0
2010-12-02 00:00:00+09:00,262.66680908203125,263.89709858592835,257.7456510664428,262.66680908203125,116000,0.0,0.0
2010-12-03 00:00:00+09:00,261.4364301654654,262.666719248597,259.590996540768,262.05157470703125,14000,0.0,0.0
2010-12-06 00:00:00+09:00,262.0516106355275,262.66675526143246,260.2061767578125,260.2061767578125,13000,0.0,0.0
2010-12-07 00:00:00+09:00,258.9759405703399,262.66680908203125,258.9759405703399,262.66680908203125,18000,0.0,0.0
2010-12-08 00:00:00+09:00,264.5122243501502,268.8182373046875,264.5122243501502,268.8182373046875,43000,0.0,0.0
2010-12-09 00:00:00+09:00,268.81817801939235,268.81817801939235,265.7424551587586,268.2030334472656,13000,0.0,0.0
2010-12-10 00:00:00+09:00,273.1242047599192,273.7393493652344,269.4333371280284,273.7393493652344,92000,0.0,0.0
2010-12-13 00:00:00+09:00,278.6605473568565,280.5059814453125,276.81511326840047,280.5059814453125,51000,0.0,0.0
2010-12-14 00:00:00+09:00,281.1211261414645,282.9665602299205,280.5059814453125,280.5059814453125,30000,0.0,0.0
2010-12-15 00:00:00+09:00,280.50594554227945,282.35137939453125,279.89080092486216,282.35137939453125,8000,0.0,0.0
2010-12-16 00:00:00+09:00,281.73626708984375,282.35141177781287,281.1211224018747,281.73626708984375,13000,0.0,0.0
2010-12-17 00:00:00+09:00,279.27565987417944,281.7362383752735,278.0453706236324,281.12109375,36000,0.0,0.0
2010-12-20 00:00:00+09:00,279.8908386230469,280.5059833233173,277.43025982196514,279.8908386230469,41000,0.0,0.0
2010-12-21 00:00:00+09:00,280.5059852095953,283.58170873163033,279.27569580078125,279.27569580078125,34000,0.0,0.0
2010-12-22 00:00:00+09:00,278.0453526475694,278.6604972330729,276.199918891059,276.8150634765625,23000,0.0,0.0
2010-12-24 00:00:00+09:00,277.4303324472134,277.4303324472134,276.2000427246094,276.2000427246094,6000,0.0,0.0
2010-12-27 00:00:00+09:00,278.660566389828,278.660566389828,274.35455322265625,274.35455322265625,11000,0.0,0.0
2010-12-28 00:00:00+09:00,274.96969413757324,276.19998359680176,274.96969413757324,275.5848388671875,4000,0.0,0.0
2010-12-29 00:00:00+09:00,275.584833183204,277.4302673339844,275.584833183204,277.4302673339844,9000,0.0,0.0
2010-12-30 00:00:00+09:00,278.04547730851544,278.04547730851544,275.58489786330733,276.2000427246094,16000,0.0,0.0
2011-01-04 00:00:00+09:00,276.1999722787462,280.5059852095953,276.1999722787462,279.27569580078125,9000,0.0,0.0
2011-01-05 00:00:00+09:00,282.96654536806307,285.4271240234375,282.96654536806307,285.4271240234375,35000,0.0,0.0
2011-01-06 00:00:00+09:00,286.657380922379,287.8876701108871,286.042236328125,286.042236328125,13000,0.0,0.0
2011-01-07 00:00:00+09:00,286.04222930062303,289.73309677546973,284.19679556319966,288.5028076171875,22000,0.0,0.0
2011-01-11 00:00:00+09:00,289.73315617987447,291.57859029566987,285.42714324301863,289.1180114746094,39000,0.0,0.0
2011-01-12 00:00:00+09:00,291.57851999383223,293.4239536646793,290.9633754368832,292.19366455078125,62000,0.0,0.0
2011-01-13 00:00:00+09:00,289.73315617987447,290.3483008851396,289.1180114746094,289.1180114746094,7000,0.0,0.0
2011-01-14 00:00:00+09:00,286.0423239599714,288.50290309080987,286.0423239599714,287.2726135253906,20000,0.0,0.0
2011-01-17 00:00:00+09:00,287.887702678812,287.887702678812,285.4271240234375,285.4271240234375,10000,0.0,0.0
2011-01-18 00:00:00+09:00,285.42709173387095,287.27252551663304,282.35136876260077,286.042236328125,19000,0.0,0.0
2011-01-19 00:00:00+09:00,286.0421736557596,286.6573181152344,286.0421736557596,286.6573181152344,17000,0.0,0.0
2011-01-20 00:00:00+09:00,285.42709173387095,287.8876701108871,283.58165795110887,286.042236328125,33000,0.0,0.0
2011-01-21 00:00:00+09:00,284.19677906491495,284.81192360834547,283.5816345214844,283.5816345214844,14000,0.0,0.0
2011-01-24 00:00:00+09:00,283.58169370709044,286.04227239435374,283.58169370709044,284.19683837890625,15000,0.0,0.0
2011-01-25 00:00:00+09:00,284.81198305072206,284.81198305072206,284.19683837890625,284.19683837890625,32000,0.0,0.0
2011-01-26 00:00:00+09:00,287.2725017820677,289.1179354123594,283.5816345214844,283.5816345214844,22000,0.0,0.0
2011-01-27 00:00:00+09:00,286.6573181152344,287.8876070341839,286.6573181152344,286.6573181152344,8000,0.0,0.0
2011-01-28 00:00:00+09:00,283.581636246391,287.2725035294242,282.3513471520465,282.96649169921875,19000,0.0,0.0
2011-01-31 00:00:00+09:00,278.6605529785156,278.6605529785156,277.43026356139194,278.6605529785156,17000,0.0,0.0
2011-02-01 00:00:00+09:00,278.66055486898506,279.2756995817201,277.4302654435149,278.04541015625,17000,0.0,0.0
2011-02-02 00:00:00+09:00,279.2756563074449,285.4271024816177,279.2756563074449,282.35137939453125,15000,0.0,0.0
2011-02-03 00:00:00+09:00,281.12109375,282.35138300054706,279.89080449945294,281.12109375,20000,0.0,0.0
2011-02-04 00:00:00+09:00,280.5059833233173,284.1968515249399,279.27569392277644,279.8908386230469,11000,0.0,0.0
2011-02-07 00:00:00+09:00,282.96652762582056,285.4271061269147,280.5059491247265,281.12109375,21000,0.0,0.0
2011-02-08 00:00:00+09:00,285.42714284485135,286.04228754925833,279.27569580078125,279.27569580078125,27000,0.0,0.0
2011-02-09 00:00:00+09:00,279.27568100437975,284.19683837890625,278.66053633256394,284.19683837890625,26000,0.0,0.0
2011-02-10 00:00:00+09:00,282.35136876260077,286.657380922379,282.35136876260077,286.042236328125,20000,0.0,0.0
2011-02-14 00:00:00+09:00,256.5152396009715,289.11789595313337,254.05466176307252,286.6573181152344,21000,0.0,0.0
2011-02-15 00:00:00+09:00,289.7330404126081,289.7330404126081,286.6573181152344,286.6573181152344,10000,0.0,0.0
2011-02-16 00:00:00+09:00,290.9634455904048,290.9634455904048,289.1180114746094,289.1180114746094,9000,0.0,0.0
2011-02-17 00:00:00+09:00,290.34832763671875,292.1937619225453,287.27260382700774,290.34832763671875,20000,0.0,0.0
2011-02-18 00:00:00+09:00,291.5785962217343,297.1148986816406,291.5785962217343,297.1148986816406,50000,0.0,0.0
2011-02-21 00:00:00+09:00,301.42083740234375,303.2662711007254,299.575403703962,301.42083740234375,43000,0.0,0.0
2011-02-22 00:00:00+09:00,301.42094465706856,306.34210293718394,296.4997863769531,296.4997863769531,293000,0.0,0.0
2011-02-23 00:00:00+09:00,293.42405283965127,305.11180337204826,293.42405283965127,299.57550048828125,35000,0.0,0.0
2011-02-24 00:00:00+09:00,297.72998938829267,297.72998938829267,293.4239771450736,294.6542663574219,13000,0.0,0.0
2011-02-25 00:00:00+09:00,298.9602591378348,301.42083740234375,295.88453630719863,301.42083740234375,14000,0.0,0.0
2011-02-28 00:00:00+09:00,303.2664143880208,305.1118489583333,301.4209798177083,304.4967041015625,22000,0.0,0.0
2011-03-01 00:00:00+09:00,305.11178208929465,307.57236097711154,305.11178208929465,306.3420715332031,12000,0.0,0.0
2011-03-02 00:00:00+09:00,301.4208844793561,301.4208844793561,295.88458251953125,295.88458251953125,36000,0.0,0.0
2011-03-03 00:00:00+09:00,301.4208391497715,301.4208391497715,300.8056945800781,300.8056945800781,13000,0.0,0.0
2011-03-04 00:00:00+09:00,304.49662568139246,304.49662568139246,299.57546809462247,300.19061279296875,15000,0.0,0.0
2011-03-07 00:00:00+09:00,298.3451556371263,298.3451556371263,297.11486633552994,297.7300109863281,9000,0.0,0.0
2011-03-08 00:00:00+09:00,297.7300165061395,297.7300165061395,295.88458251953125,295.88458251953125,6000,0.0,0.0
2011-03-09 00:00:00+09:00,297.730043399408,301.42091170601225,297.1148986816406,297.1148986816406,9000,0.0,0.0
2011-03-10 00:00:00+09:00,298.3451048400113,298.3451048400113,294.0390930175781,294.0390930175781,10000,0.0,0.0
2011-03-11 00:00:00+09:00,300.8056830242588,300.8056830242588,294.0390930175781,294.0390930175781,92000,0.0,0.0
2011-03-14 00:00:00+09:00,276.8151188528301,294.03917069256175,271.89396118433535,278.6605529785156,42000,0.0,0.0
2011-03-15 00:00:00+09:00,276.8150609201162,276.8150609201162,229.44892827378519,234.9852294921875,75000,0.0,0.0
2011-03-16 00:00:00+09:00,236.8307085152132,255.90019413591867,236.8307085152132,255.28504943847656,49000,0.0,0.0
2011-03-17 00:00:00+09:00,243.5972693516658,258.97588484103863,243.5972693516658,255.90016174316406,51000,0.0,0.0
2011-03-18 00:00:00+09:00,270.0484671636459,270.66361173577263,258.36072029323753,268.2030334472656,37000,0.0,0.0
2011-03-22 00:00:00+09:00,278.0453989620292,282.35141177781287,276.815109586091,281.73626708984375,44000,0.0,0.0
2011-03-23 00:00:00+09:00,285.42709173387095,286.042236328125,283.58165795110887,286.042236328125,43000,0.0,0.0
2011-03-24 00:00:00+09:00,286.04223104623645,292.1936768751878,286.04223104623645,287.8876647949219,21000,0.0,0.0
2011-03-25 00:00:00+09:00,297.7300165061395,297.7300165061395,293.4240038707202,295.88458251953125,50000,0.0,0.0
2011-03-28 00:00:00+09:00,295.8845770339335,301.4208788911173,295.2694323831353,297.7300109863281,28000,0.0,0.0
2011-03-29 00:00:00+09:00,302.75505485534666,305.2675449371338,300.8706872940063,301.4988098144531,43000,10.0,0.0
2011-03-30 00:00:00+09:00,301.498693922546,307.15179443359375,301.498693922546,307.15179443359375,27000,0.0,0.0
2011-03-31 00:00:00+09:00,306.5238134865888,306.5238134865888,304.01132321210855,305.89569091796875,13000,0.0,0.0
2011-04-01 00:00:00+09:00,303.3831481933594,304.01127065338704,301.49878081327637,303.3831481933594,23000,0.0,0.0
2011-04-04 00:00:00+09:00,303.3831773757934,303.3831773757934,301.4988098144531,301.4988098144531,14000,0.0,0.0
2011-04-05 00:00:00+09:00,296.47381591796875,297.730060900672,293.9613259525622,296.47381591796875,17000,0.0,0.0
2011-04-06 00:00:00+09:00,296.4738649290685,297.10198752425725,292.0770067627476,293.333251953125,21000,0.0,0.0
2011-04-07 00:00:00+09:00,293.3331472553732,295.84563673935924,290.1925354003906,290.1925354003906,12000,0.0,0.0
2011-04-08 00:00:00+09:00,290.1925562947152,293.96129079204917,290.1925562947152,290.8206787109375,14000,0.0,0.0
2011-04-11 00:00:00+09:00,290.82072302945863,295.845703125,290.82072302945863,295.845703125,7000,0.0,0.0
2011-04-12 00:00:00+09:00,295.8456934266171,297.1019384093204,295.2175709352655,296.47381591796875,18000,0.0,0.0
2011-04-13 00:00:00+09:00,296.4738256369427,297.10194814888536,295.21758061305735,295.845703125,7000,0.0,0.0
2011-04-14 00:00:00+09:00,290.82072302945863,296.4738256369427,290.82072302945863,295.845703125,11000,0.0,0.0
2011-04-15 00:00:00+09:00,294.5894373467628,295.2175598144531,294.5894373467628,295.2175598144531,11000,0.0,0.0
2011-04-18 00:00:00+09:00,293.3331412699685,294.5893859863281,288.9362847627099,294.5893859863281,8000,0.0,0.0
2011-04-19 00:00:00+09:00,289.56444188868034,289.56444188868034,286.4238297206903,288.3081970214844,10000,0.0,0.0
2011-04-20 00:00:00+09:00,292.0768757355519,293.96124267578125,287.05189722827356,293.96124267578125,24000,0.0,0.0
2011-04-21 00:00:00+09:00,294.5894651741817,294.5894651741817,291.4488525390625,291.4488525390625,6000,0.0,0.0
2011-04-22 00:00:00+09:00,292.7050459596045,293.96129079204917,290.8206787109375,290.8206787109375,11000,0.0,0.0
2011-04-25 00:00:00+09:00,293.96124267578125,294.58936498919104,293.96124267578125,293.96124267578125,15000,0.0,0.0
2011-04-26 00:00:00+09:00,294.58932272456747,294.58932272456747,292.07683383139414,292.7049560546875,11000,0.0,0.0
2011-04-27 00:00:00+09:00,290.19249333920686,290.82061561916186,288.9362487792969,288.9362487792969,10000,0.0,0.0
2011-04-28 00:00:00+09:00,292.7050572549143,293.96130213583666,288.93632261214714,292.0769348144531,7000,0.0,0.0
2011-05-02 00:00:00+09:00,294.5895207882927,302.7551151811452,294.5895207882927,299.614501953125,26000,0.0,0.0
2011-05-06 00:00:00+09:00,298.9863156847134,298.9863156847134,293.961335589172,295.845703125,8000,0.0,0.0
2011-05-09 00:00:00+09:00,299.6144040999874,299.6144040999874,290.82068993353073,292.0769348144531,13000,0.0,0.0
2011-05-10 00:00:00+09:00,290.1925294790695,295.2175083445079,290.1925294790695,294.5893859863281,10000,0.0,0.0
2011-05-11 00:00:00+09:00,295.21758061305735,296.4738256369427,295.21758061305735,295.845703125,11000,0.0,0.0
2011-05-12 00:00:00+09:00,289.56437105925187,293.9612270189368,288.9362487792969,288.9362487792969,14000,0.0,0.0
2011-05-13 00:00:00+09:00,288.9362487792969,292.70498245902684,288.3081264993419,288.9362487792969,14000,0.0,0.0
2011-05-16 00:00:00+09:00,285.7957235196742,290.82070327386623,283.2832336425781,283.2832336425781,15000,0.0,0.0
2011-05-17 00:00:00+09:00,283.2832239876806,288.30820357061066,283.2832239876806,283.9113464355469,6000,0.0,0.0
2011-05-18 00:00:00+09:00,283.91136865448533,286.4238586425781,283.28324615746214,286.4238586425781,5000,0.0,0.0
2011-05-19 00:00:00+09:00,285.1676122400145,288.3082247096182,283.911367252173,284.53948974609375,29000,0.0,0.0
2011-05-20 00:00:00+09:00,287.0519617738682,292.7050638656949,287.0519617738682,287.6800842285156,35000,0.0,0.0
2011-05-23 00:00:00+09:00,283.911367252173,284.53948974609375,283.911367252173,284.53948974609375,4000,0.0,0.0
2011-05-24 00:00:00+09:00,286.4238106485561,290.8206673909682,286.4238106485561,289.5644226074219,7000,0.0,0.0
2011-05-25 00:00:00+09:00,293.33310473898183,293.33310473898183,288.3081264993419,288.9362487792969,16000,0.0,0.0
2011-05-26 00:00:00+09:00,292.0769348144531,293.33317969537546,290.19256749306953,292.0769348144531,19000,0.0,0.0
2011-05-27 00:00:00+09:00,293.33322012013406,293.33322012013406,290.82073001203867,291.4488525390625,9000,0.0,0.0
2011-05-30 00:00:00+09:00,289.56434493822087,293.9612005012741,286.4237338217543,292.7049560546875,14000,0.0,0.0
2011-05-31 00:00:00+09:00,295.2175598144531,295.2175598144531,295.2175598144531,295.2175598144531,6000,0.0,0.0
2011-06-01 00:00:00+09:00,293.33312036237146,295.21748730260083,293.33312036237146,293.96124267578125,8000,0.0,0.0
2011-06-02 00:00:00+09:00,288.93636243096716,293.9613426471579,288.93636243096716,291.4488525390625,10000,0.0,0.0
2011-06-03 00:00:00+09:00,288.93631945508236,289.56444188868034,288.3081970214844,288.3081970214844,11000,0.0,0.0
2011-06-06 00:00:00+09:00,286.42385722785593,286.42385722785593,283.911367252173,284.53948974609375,5000,0.0,0.0
2011-06-07 00:00:00+09:00,285.16755643241845,290.1925354003906,283.91131169042546,290.1925354003906,16000,0.0,0.0
2011-06-08 00:00:00+09:00,290.1925354003906,290.1925354003906,290.1925354003906,290.1925354003906,4000,0.0,0.0
2011-06-09 00:00:00+09:00,288.30823990394333,291.4488525390625,288.30823990394333,291.4488525390625,5000,0.0,0.0
2011-06-10 00:00:00+09:00,293.96130213583666,293.96130213583666,292.0769348144531,292.0769348144531,48000,0.0,0.0
2011-06-13 00:00:00+09:00,292.7050699436918,295.2175598144531,292.7050699436918,295.2175598144531,19000,0.0,0.0
2011-06-14 00:00:00+09:00,294.58944844391385,296.47381591796875,294.58944844391385,296.47381591796875,9000,0.0,0.0
2011-06-15 00:00:00+09:00,296.47371488091306,297.1018371582031,296.47371488091306,297.1018371582031,6000,0.0,0.0
2011-06-16 00:00:00+09:00,297.10201137070885,302.12699253554115,296.4738887251048,299.614501953125,14000,0.0,0.0
2011-06-17 00:00:00+09:00,295.2175083445079,297.10187541904736,294.5893859863281,294.5893859863281,14000,0.0,0.0
2011-06-20 00:00:00+09:00,294.5893480490429,297.1018371582031,288.9362475534322,297.1018371582031,35000,0.0,0.0
2011-06-21 00:00:00+09:00,294.5894594474181,298.9863170511109,294.5894594474181,297.7300720214844,7000,0.0,0.0
2011-06-22 00:00:00+09:00,298.35821892604355,304.0113220214844,298.35821892604355,304.0113220214844,9000,0.0,0.0
2011-06-23 00:00:00+09:00,302.12688081299336,302.12688081299336,298.9862687463302,300.8706359863281,9000,0.0,0.0
2011-06-24 00:00:00+09:00,305.8955933729164,310.2924499511719,301.49873679466094,310.2924499511719,56000,0.0,0.0
2011-06-27 00:00:00+09:00,312.80499267578125,314.0612376262864,310.292502774771,312.80499267578125,27000,0.0,0.0
2011-06-28 00:00:00+09:00,312.17688960413784,312.17688960413784,307.78003200407954,311.54876708984375,10000,0.0,0.0
2011-06-29 00:00:00+09:00,315.31746301669375,325.99554443359375,312.80497327154086,325.99554443359375,62000,0.0,0.0
2011-06-30 00:00:00+09:00,327.25186039398073,327.8799829667139,323.4831249575817,325.36749267578125,29000,0.0,0.0
2011-07-01 00:00:00+09:00,336.0454387234566,336.0454387234566,330.3923378851181,334.16107177734375,65000,0.0,0.0
2011-07-04 00:00:00+09:00,334.16115215949293,336.6736420253538,332.9049072265625,332.9049072265625,30000,0.0,0.0
2011-07-05 00:00:00+09:00,329.7642517089844,329.7642517089844,324.73927263532363,329.7642517089844,9000,0.0,0.0
2011-07-06 00:00:00+09:00,325.3673686514242,335.4173259842867,325.3673686514242,333.532958984375,12000,0.0,0.0
2011-07-07 00:00:00+09:00,330.39237409319196,331.02049647739955,325.3673950195312,329.7642517089844,16000,0.0,0.0
2011-07-08 00:00:00+09:00,329.7642790513232,330.3924014876114,324.7392995610173,325.99554443359375,23000,0.0,0.0
2011-07-11 00:00:00+09:00,324.11122552893966,324.11122552893966,318.45812275808606,322.85498046875,9000,0.0,0.0
2011-07-12 00:00:00+09:00,320.9705601710899,320.9705601710899,315.94558075549554,320.3424377441406,12000,0.0,0.0
2011-07-13 00:00:00+09:00,314.6893862968788,320.9706115722656,314.6893862968788,320.9706115722656,22000,0.0,0.0
2011-07-14 00:00:00+09:00,317.20173797607424,319.08610473632814,312.80488220214846,314.0611267089844,23000,0.0,0.0
2011-07-15 00:00:00+09:00,311.5487300804548,315.9455871582031,311.5487300804548,315.9455871582031,5000,0.0,0.0
2011-07-19 00:00:00+09:00,313.43310546875,314.06122792459917,311.5487381012024,313.43310546875,12000,0.0,0.0
2011-07-20 00:00:00+09:00,318.45809644139456,319.71434139777085,312.176871659513,314.6893615722656,30000,0.0,0.0
2011-07-21 00:00:00+09:00,312.176871659513,314.6893615722656,312.176871659513,314.6893615722656,5000,0.0,0.0
2011-07-22 00:00:00+09:00,314.0611267089844,314.0611267089844,311.5486376953125,314.0611267089844,21000,0.0,0.0
2011-07-25 00:00:00+09:00,315.94563456833964,315.94563456833964,310.2925317629419,310.920654296875,14000,0.0,0.0
2011-07-26 00:00:00+09:00,312.8050121184319,312.8050121184319,310.2925220612557,311.54876708984375,9000,0.0,0.0
2011-07-27 00:00:00+09:00,307.78001524106105,309.03626020122863,302.7550354003906,302.7550354003906,26000,0.0,0.0
2011-07-28 00:00:00+09:00,298.9863170511109,298.9863170511109,295.21758196223135,297.7300720214844,34000,0.0,0.0
2011-07-29 00:00:00+09:00,294.58932272456747,298.9861782876207,292.07683383139414,292.7049560546875,38000,0.0,0.0
2011-08-01 00:00:00+09:00,292.0769348144531,296.47379189768145,291.4488123739919,292.0769348144531,130000,0.0,0.0
2011-08-02 00:00:00+09:00,297.10187541904736,300.2424872099464,294.5893859863281,294.5893859863281,41000,0.0,0.0
2011-08-03 00:00:00+09:00,288.93632261214714,292.7050572549143,288.93632261214714,292.0769348144531,21000,0.0,0.0
2011-08-04 00:00:00+09:00,293.96129079204917,293.96129079204917,290.1925562947152,290.8206787109375,12000,0.0,0.0
2011-08-05 00:00:00+09:00,288.9363486306709,288.9363486306709,281.39887866639253,286.4238586425781,44000,0.0,0.0
2011-08-08 00:00:00+09:00,286.4238248697917,288.30819213867187,282.0269679090712,282.65509033203125,30000,0.0,0.0
2011-08-09 00:00:00+09:00,277.00202525119477,278.8863927699104,275.1176577324792,278.2582702636719,22000,0.0,0.0
2011-08-10 00:00:00+09:00,287.6800842285156,287.6800842285156,287.6800842285156,287.6800842285156,16000,0.0,0.0
2011-08-11 00:00:00+09:00,284.53948974609375,285.1676122400145,283.911367252173,284.53948974609375,8000,0.0,0.0
2011-08-12 00:00:00+09:00,284.53948974609375,284.53948974609375,284.53948974609375,284.53948974609375,15000,0.0,0.0
2011-08-15 00:00:00+09:00,292.07683383139414,295.21744494786077,292.07683383139414,292.7049560546875,7000,0.0,0.0
2011-08-16 00:00:00+09:00,295.2175598144531,297.10192721752406,295.2175598144531,295.2175598144531,5000,0.0,0.0
2011-08-17 00:00:00+09:00,297.10198752425725,297.10198752425725,293.333251953125,293.333251953125,7000,0.0,0.0
2011-08-18 00:00:00+09:00,293.333251953125,293.333251953125,293.333251953125,293.333251953125,16000,0.0,0.0
2011-08-19 00:00:00+09:00,293.96127934983394,294.5894017416071,288.9363002156487,289.5644226074219,26000,0.0,0.0
2011-08-22 00:00:00+09:00,291.4488386187637,293.3332061098333,286.4238586425781,286.4238586425781,35000,0.0,0.0
2011-08-23 00:00:00+09:00,288.93639378680405,293.333251953125,288.93639378680405,293.333251953125,8000,0.0,0.0
2011-08-24 00:00:00+09:00,293.9613286068565,293.9613286068565,285.79573614555494,286.4238586425781,17000,0.0,0.0
2011-08-25 00:00:00+09:00,291.44879778104485,291.44879778104485,287.05194091796875,287.05194091796875,19000,0.0,0.0
2011-08-26 00:00:00+09:00,287.05194091796875,287.05194091796875,283.2832064639035,287.05194091796875,16000,0.0,0.0
2011-08-29 00:00:00+09:00,285.16759288075207,287.6800826858688,283.91134797819365,285.79571533203125,13000,0.0,0.0
2011-08-30 00:00:00+09:00,288.3081778238756,292.07691217451446,287.0519330403293,289.5644226074219,16000,0.0,0.0
2011-08-31 00:00:00+09:00,290.1925562947152,292.0769235433822,290.1925562947152,290.8206787109375,19000,0.0,0.0
2011-09-01 00:00:00+09:00,293.33317969537546,295.21754701675906,288.308200171686,292.0769348144531,19000,0.0,0.0
2011-09-02 00:00:00+09:00,287.68012321573,287.68012321573,284.5395105168683,285.1676330566406,7000,0.0,0.0
2011-09-05 00:00:00+09:00,285.79571533203125,285.79571533203125,282.6551030756353,285.79571533203125,7000,0.0,0.0
2011-09-06 00:00:00+09:00,283.9113464355469,284.5394688834131,279.5144893004831,283.9113464355469,19000,0.0,0.0
2011-09-07 00:00:00+09:00,284.53948974609375,284.53948974609375,282.6551222643315,284.53948974609375,11000,0.0,0.0
2011-09-08 00:00:00+09:00,283.2832127549913,283.2832127549913,282.0269679090712,282.65509033203125,25000,0.0,0.0
2011-09-09 00:00:00+09:00,279.5144289349197,279.5144289349197,271.97696118836006,273.861328125,54000,0.0,0.0
2011-09-12 00:00:00+09:00,272.60512344535744,273.2332458496094,272.60512344535744,273.2332458496094,4000,0.0,0.0
2011-09-13 00:00:00+09:00,273.8614031817462,281.3988729940878,273.8614031817462,278.8863830566406,18000,0.0,0.0
2011-09-14 00:00:00+09:00,279.5145512070767,282.0270415550055,268.8364672283794,270.09271240234375,31000,0.0,0.0
2011-09-15 00:00:00+09:00,276.3738708496094,276.3738708496094,276.3738708496094,276.3738708496094,6000,0.0,0.0
2011-09-16 00:00:00+09:00,279.5144462158749,292.70501558786003,278.2582015137811,280.77069091796875,51000,0.0,0.0
2011-09-20 00:00:00+09:00,288.3081890460482,293.3331683758268,285.7956993811589,290.8206787109375,30000,0.0,0.0
2011-09-21 00:00:00+09:00,291.4487534221421,293.96124267578125,291.4487534221421,293.96124267578125,8000,0.0,0.0
2011-09-22 00:00:00+09:00,295.21744494786077,295.21744494786077,283.91124492858097,292.7049560546875,36000,0.0,0.0
2011-09-26 00:00:00+09:00,288.30822613364774,289.5644711276941,286.4238586425781,286.4238586425781,14000,0.0,0.0
2011-09-27 00:00:00+09:00,287.05192354540804,290.1925354003906,287.05192354540804,290.1925354003906,8000,0.0,0.0
2011-09-28 00:00:00+09:00,295.32869334887437,299.1808067403814,295.32869334887437,298.5387878417969,21000,10.0,0.0
2011-09-29 00:00:00+09:00,298.53878705929486,300.46484375,295.97071147168805,300.46484375,29000,0.0,0.0
2011-09-30 00:00:00+09:00,301.10687255859375,301.10687255859375,294.04466446020456,301.10687255859375,16000,0.0,0.0
2011-10-03 00:00:00+09:00,301.1068972537392,301.7489162244295,292.11863166407534,292.7606506347656,24000,0.0,0.0
2011-10-04 00:00:00+09:00,293.4026587873567,297.2547724694664,292.1186208933201,294.044677734375,14000,0.0,0.0
2011-10-05 00:00:00+09:00,297.25470571048925,298.5387433161501,274.14202880859375,274.14202880859375,16000,0.0,0.0
2011-10-06 00:00:00+09:00,276.0680823165379,285.6983642578125,276.0680823165379,285.6983642578125,10000,0.0,0.0
2011-10-07 00:00:00+09:00,290.19259759100083,290.83461661221986,285.69846444246764,288.26654052734375,14000,0.0,0.0
2011-10-11 00:00:00+09:00,288.9085803713117,288.9085803713117,283.7724278313773,287.6245422363281,13000,0.0,0.0
2011-10-12 00:00:00+09:00,285.6984850338527,287.6245422363281,283.7724278313773,287.6245422363281,15000,0.0,0.0
2011-10-13 00:00:00+09:00,286.3405067133148,286.3405067133148,282.4883922732254,283.7724304199219,22000,0.0,0.0
2011-10-14 00:00:00+09:00,283.7723402670764,285.05637800584145,279.92022705078125,279.92022705078125,11000,0.0,0.0
2011-10-17 00:00:00+09:00,279.27828002085886,284.4144322971045,278.6362609863281,278.6362609863281,10000,0.0,0.0
2011-10-18 00:00:00+09:00,274.7840576171875,276.7101140958126,271.5739634861456,274.7840576171875,9000,0.0,0.0
2011-10-19 00:00:00+09:00,275.426194599073,280.5623474121094,273.5001372941844,280.5623474121094,17000,0.0,0.0
2011-10-20 00:00:00+09:00,281.20430245848513,286.3404541015625,280.56228350310045,286.3404541015625,27000,0.0,0.0
2011-10-21 00:00:00+09:00,286.3403830538975,286.3403830538975,285.0563454617275,285.6983642578125,5000,0.0,0.0
2011-10-24 00:00:00+09:00,285.6984062194824,285.6984062194824,276.06812286376953,282.4883117675781,16000,0.0,0.0
2011-10-25 00:00:00+09:00,285.6984614882358,285.6984614882358,276.06817626953125,276.06817626953125,21000,0.0,0.0
2011-10-26 00:00:00+09:00,276.06808521708507,276.06808521708507,272.8579912029329,274.14202880859375,9000,0.0,0.0
2011-10-27 00:00:00+09:00,276.710123485989,278.63618002997504,272.21599155002167,277.3521423339844,22000,0.0,0.0
2011-10-28 00:00:00+09:00,277.99415870185373,285.69838480906446,277.99415870185373,285.0563659667969,32000,0.0,0.0
2011-10-31 00:00:00+09:00,288.2665109677165,294.6867005215632,283.7723782800238,286.3404541015625,55000,0.0,0.0
2011-11-01 00:00:00+09:00,285.69843610845356,288.90853089618895,284.4143981933594,284.4143981933594,8000,0.0,0.0
2011-11-02 00:00:00+09:00,283.1303213976939,287.62445348337155,279.2782081813987,279.92022705078125,21000,0.0,0.0
2011-11-04 00:00:00+09:00,281.20431623787715,282.48835421156605,278.63624029049925,279.27825927734375,30000,0.0,0.0
2011-11-07 00:00:00+09:00,283.7724304199219,283.7724304199219,279.9203159798324,283.7724304199219,9000,0.0,0.0
2011-11-08 00:00:00+09:00,283.772392185255,283.772392185255,278.63624029049925,279.27825927734375,6000,0.0,0.0
2011-11-09 00:00:00+09:00,274.78414677914384,279.27828002085886,274.78414677914384,278.6362609863281,10000,0.0,0.0
2011-11-10 00:00:00+09:00,273.5000411699403,277.35215442585496,270.9319656659972,272.21600341796875,38000,0.0,0.0
2011-11-11 00:00:00+09:00,267.079821977459,274.14202880859375,267.079821977459,274.14202880859375,9000,0.0,0.0
2011-11-14 00:00:00+09:00,282.488293117947,282.488293117947,277.3521423339844,277.3521423339844,22000,0.0,0.0
2011-11-15 00:00:00+09:00,273.50010871008243,278.6362609863281,272.216070641021,278.6362609863281,13000,0.0,0.0
2011-11-16 00:00:00+09:00,278.6362275754356,284.4143981933594,274.78411383015305,284.4143981933594,13000,0.0,0.0
2011-11-17 00:00:00+09:00,281.8463561589817,281.8463561589817,277.3522229172667,278.6362609863281,8000,0.0,0.0
2011-11-18 00:00:00+09:00,278.63627529144287,287.6245422363281,277.35223715645924,287.6245422363281,10000,0.0,0.0
2011-11-21 00:00:00+09:00,281.84637062890187,288.9085803713117,281.84637062890187,287.6245422363281,40000,0.0,0.0
2011-11-22 00:00:00+09:00,285.6984062194824,285.6984062194824,282.4883117675781,282.4883117675781,3000,0.0,0.0
2011-11-24 00:00:00+09:00,282.488293117947,282.488293117947,273.50002924601233,277.3521423339844,27000,0.0,0.0
2011-11-25 00:00:00+09:00,279.2781762969628,290.8345146264923,277.3521199087079,285.6983642578125,37000,0.0,0.0
2011-11-28 00:00:00+09:00,285.6984876399666,288.2665639333595,283.7724304199219,283.7724304199219,8000,0.0,0.0
2011-11-29 00:00:00+09:00,283.7724278313773,287.6245422363281,279.27829435893466,287.6245422363281,18000,0.0,0.0
2011-11-30 00:00:00+09:00,283.77232828226175,285.0563659667969,282.48829059772663,285.0563659667969,10000,0.0,0.0
2011-12-01 00:00:00+09:00,288.90853681062396,292.7606506347656,285.6984419571726,292.7606506347656,27000,0.0,0.0
2011-12-02 00:00:00+09:00,302.3909606933594,304.959036792666,295.9707704450927,302.3909606933594,102000,0.0,0.0
2011-12-05 00:00:00+09:00,301.1069128807555,301.7489318847656,301.1069128807555,301.7489318847656,6000,0.0,0.0
2011-12-06 00:00:00+09:00,298.5387878417969,298.5387878417969,298.5387878417969,298.5387878417969,6000,0.0,0.0
2011-12-07 00:00:00+09:00,297.2547081590455,303.6748962402344,297.2547081590455,303.6748962402344,10000,0.0,0.0
2011-12-08 00:00:00+09:00,301.7488398158777,303.6748962402344,301.7488398158777,303.6748962402344,6000,0.0,0.0
2011-12-09 00:00:00+09:00,306.2430713653564,308.81114743550614,303.67499529520666,308.16912841796875,48000,0.0,0.0
2011-12-12 00:00:00+09:00,309.4531151024071,314.58926639041385,308.81109619140625,308.81109619140625,36000,0.0,0.0
2011-12-13 00:00:00+09:00,309.4531533913534,313.3052673339844,304.95902045828393,313.3052673339844,35000,0.0,0.0
2011-12-14 00:00:00+09:00,308.811107859892,311.3791836009306,299.8228427662569,305.60101318359375,25000,0.0,0.0
2011-12-15 00:00:00+09:00,305.6010558174927,308.811150941626,302.3909606933594,302.3909606933594,14000,0.0,0.0
2011-12-16 00:00:00+09:00,302.39087153416057,303.03289036968954,294.6866455078125,294.6866455078125,12000,0.0,0.0
2011-12-19 00:00:00+09:00,292.7606266241338,301.10687255859375,290.8345698700277,301.10687255859375,12000,0.0,0.0
2011-12-20 00:00:00+09:00,300.4649024673655,304.3170166015625,300.4649024673655,304.3170166015625,29000,0.0,0.0
2011-12-21 00:00:00+09:00,304.9590148925781,304.9590148925781,301.74891999897204,304.9590148925781,16000,0.0,0.0
2011-12-22 00:00:00+09:00,308.1691097861842,308.1691097861842,303.6749769351357,304.9590148925781,25000,0.0,0.0
2011-12-26 00:00:00+09:00,304.95902802755285,304.95902802755285,299.8228759765625,299.8228759765625,5000,0.0,0.0
2011-12-27 00:00:00+09:00,295.32874293194595,299.8228759765625,295.32874293194595,299.8228759765625,7000,0.0,0.0
2011-12-28 00:00:00+09:00,299.8228748727352,303.0329698927859,299.8228748727352,301.7489318847656,11000,0.0,0.0
2011-12-29 00:00:00+09:00,299.82286306280844,304.9590148925781,298.53882510536596,304.9590148925781,7000,0.0,0.0
2011-12-30 00:00:00+09:00,304.9589933582537,307.5270690917969,304.9589933582537,307.5270690917969,4000,0.0,0.0
2012-01-04 00:00:00+09:00,310.09513401340797,327.4296446104308,308.81109619140625,308.81109619140625,33000,0.0,0.0
2012-01-05 00:00:00+09:00,303.6749987430127,307.52711289197265,302.3909606933594,302.3909606933594,14000,0.0,0.0
2012-01-06 00:00:00+09:00,306.88508504667425,306.88508504667425,299.8228759765625,299.8228759765625,12000,0.0,0.0
2012-01-10 00:00:00+09:00,304.95898606680606,304.95898606680606,299.822834722523,301.10687255859375,9000,0.0,0.0
2012-01-11 00:00:00+09:00,299.8228834449993,304.3170166015625,299.8228834449993,304.3170166015625,6000,0.0,0.0
2012-01-12 00:00:00+09:00,304.31696381440037,308.81109619140625,304.31696381440037,308.81109619140625,17000,0.0,0.0
2012-01-13 00:00:00+09:00,313.3052673339844,314.58930531486135,312.6632483435459,313.3052673339844,18000,0.0,0.0
2012-01-16 00:00:00+09:00,313.3052154789126,317.1573287839812,311.37915882637833,315.873291015625,16000,0.0,0.0
2012-01-17 00:00:00+09:00,315.8733391113281,321.0094909667969,315.23132012939453,321.0094909667969,13000,0.0,0.0
2012-01-18 00:00:00+09:00,321.651486565085,327.4296569824219,321.651486565085,327.4296569824219,16000,0.0,0.0
2012-01-19 00:00:00+09:00,329.35569076538087,333.8498229980469,329.35569076538087,333.8498229980469,26000,0.0,0.0
2012-01-20 00:00:00+09:00,333.8498229980469,335.1338607788086,333.8498229980469,333.8498229980469,44000,0.0,0.0
2012-01-23 00:00:00+09:00,335.13393186836464,335.7759508949324,333.84989381522917,334.4919128417969,20000,0.0,0.0
2012-01-24 00:00:00+09:00,335.13387974330357,337.0599365234375,334.4918608165923,337.0599365234375,33000,0.0,0.0
2012-01-25 00:00:00+09:00,337.7019234924891,342.8380744201315,335.77586689462316,340.9120178222656,41000,0.0,0.0
2012-01-26 00:00:00+09:00,340.9120376329261,342.1960754394531,339.62799982639905,342.1960754394531,27000,0.0,0.0
2012-01-27 00:00:00+09:00,342.8381239478268,344.76418082393815,340.27004811301157,344.1221618652344,29000,0.0,0.0
2012-01-30 00:00:00+09:00,337.7018948259025,338.9859324488147,333.20776314570986,335.1338195800781,41000,0.0,0.0
2012-01-31 00:00:00+09:00,335.1338993195564,338.343994140625,335.1338993195564,338.343994140625,23000,0.0,0.0
2012-02-01 00:00:00+09:00,337.0599365234375,338.98599330357143,336.4179175967262,337.0599365234375,17000,0.0,0.0
2012-02-02 00:00:00+09:00,337.05993395173147,345.40617993529816,334.4918582644802,342.8381042480469,47000,0.0,0.0
2012-02-03 00:00:00+09:00,349.25829988859687,351.1843566894531,348.61628095497815,351.1843566894531,70000,0.0,0.0
2012-02-06 00:00:00+09:00,350.5423747256158,359.5306407442213,350.5423747256158,357.6045837402344,51000,0.0,0.0
2012-02-07 00:00:00+09:00,355.03648819107195,356.3205261230469,353.1104312931095,356.3205261230469,13000,0.0,0.0
2012-02-08 00:00:00+09:00,356.3205380526456,356.3205380526456,349.90034817782316,353.1104431152344,12000,0.0,0.0
2012-02-09 00:00:00+09:00,350.54234854321965,353.11042435672306,349.90032958984375,349.90032958984375,51000,0.0,0.0
2012-02-10 00:00:00+09:00,349.90032958984375,352.4684054033472,349.90032958984375,349.90032958984375,36000,0.0,0.0
2012-02-13 00:00:00+09:00,349.9002998605426,349.9002998605426,347.3322242652358,347.9742431640625,6000,0.0,0.0
2012-02-14 00:00:00+09:00,347.9742431640625,347.9742431640625,345.4061675687558,347.9742431640625,6000,0.0,0.0
2012-02-15 00:00:00+09:00,349.25834406859485,362.74074338006636,349.25834406859485,362.0987243652344,44000,0.0,0.0
2012-02-16 00:00:00+09:00,362.0986919202303,369.1609004505894,358.8885971337034,365.9508056640625,28000,0.0,0.0
2012-02-17 00:00:00+09:00,372.3709299462474,375.5810241699219,369.1608357225728,375.5810241699219,34000,0.0,0.0
2012-02-20 00:00:00+09:00,373.65502122961954,379.4331916610054,369.160888671875,369.160888671875,56000,0.0,0.0
2012-02-21 00:00:00+09:00,373.6549676357172,376.8650618593917,371.72891110151244,375.5810241699219,32000,0.0,0.0
2012-02-22 00:00:00+09:00,375.5810026220373,382.0011907010465,374.2969650062355,380.07513427734375,71000,0.0,0.0
2012-02-23 00:00:00+09:00,382.00130352917455,382.6433225267026,377.5071705464784,379.4332275390625,47000,0.0,0.0
2012-02-24 00:00:00+09:00,379.43325560296597,383.92738891806033,378.7912365579525,383.2853698730469,43000,0.0,0.0
2012-02-27 00:00:00+09:00,383.92728654609897,387.77939978903646,383.92728654609897,384.5693054199219,40000,0.0,0.0
2012-02-28 00:00:00+09:00,382.0012512207032,390.34749704569333,382.0012512207032,382.0012512207031,63000,0.0,0.0
2012-02-29 00:00:00+09:00,385.21130982431345,403.18783761611473,385.21130982431345,397.40966796875,105000,0.0,0.0
2012-03-01 00:00:00+09:00,397.40974763723517,403.8299374213585,396.7677286588228,400.6198425292969,76000,0.0,0.0
2012-03-02 00:00:00+09:00,399.33581015977603,408.96609497070307,398.05177218498574,408.9660949707031,72000,0.0,0.0
2012-03-05 00:00:00+09:00,410.8921488003096,418.5963765903154,408.9660918528081,414.7442626953125,107000,0.0,0.0
2012-03-06 00:00:00+09:00,420.52243707413066,429.5107029047228,420.52243707413066,426.942626953125,146000,0.0,0.0
2012-03-07 00:00:00+09:00,421.1644992324963,442.9931470585708,417.3123849102479,437.85699462890625,255000,0.0,0.0
2012-03-08 00:00:00+09:00,442.3510255071385,446.84515784175386,422.448439453842,437.2148742675781,279000,0.0,0.0
2012-03-09 00:00:00+09:00,432.0788109540219,434.6468870963935,424.3745825269071,425.0166015625,179000,0.0,0.0
2012-03-12 00:00:00+09:00,418.59640979766846,420.5224668979645,410.8921813964844,410.8921813964844,186000,0.0,0.0
2012-03-13 00:00:00+09:00,407.68199926757814,407.68199926757814,400.61979140625004,401.2618103027344,150000,0.0,0.0
2012-03-14 00:00:00+09:00,406.39806028351074,412.81825080931657,404.472003125769,407.6820983886719,182000,0.0,0.0
2012-03-15 00:00:00+09:00,408.32393996779984,428.8685407208967,408.32393996779984,427.5845031738281,151000,0.0,0.0
2012-03-16 00:00:00+09:00,428.22661200023833,432.7207443600609,417.954309463501,431.43670654296875,177000,0.0,0.0
2012-03-19 00:00:00+09:00,433.3628136609357,433.3628136609357,425.01656687931774,432.7207946777344,105000,0.0,0.0
2012-03-21 00:00:00+09:00,426.94264883713714,429.51072492036803,421.1644776498676,424.37457275390625,96000,0.0,0.0
2012-03-22 00:00:00+09:00,430.7945970414995,430.7945970414995,426.3004656267596,427.5845031738281,38000,0.0,0.0
2012-03-23 00:00:00+09:00,427.58466902619796,427.58466902619796,421.8064978231412,422.4485168457031,67000,0.0,0.0
2012-03-26 00:00:00+09:00,417.9543186241472,421.8064321598536,410.2500915527343,410.2500915527344,64000,0.0,0.0
2012-03-27 00:00:00+09:00,425.0165653552039,425.0165653552039,412.17618573722194,416.6703186035156,69000,0.0,0.0
2012-03-28 00:00:00+09:00,423.1910159605573,439.49267296982373,423.1910159605573,438.8406066894531,139000,10.0,0.0
2012-03-29 00:00:00+09:00,438.18848524305554,441.4488162344473,435.5802204499421,440.1446838378906,97000,0.0,0.0
2012-03-30 00:00:00+09:00,438.8406010498411,440.7967998658136,432.97200460192346,437.5364685058594,130000,0.0,0.0
2012-04-02 00:00:00+09:00,437.5364825006068,440.79681396484375,437.5364825006068,440.79681396484375,55000,0.0,0.0
2012-04-03 00:00:00+09:00,440.14466632107445,440.14466632107445,434.92813694245433,436.2322692871094,47000,0.0,0.0
2012-04-04 00:00:00+09:00,436.2323045210405,436.2323045210405,430.36370849609375,430.36370849609375,51000,0.0,0.0
2012-04-05 00:00:00+09:00,430.3637581758721,430.3637581758721,420.582763671875,420.582763671875,58000,0.0,0.0
2012-04-06 00:00:00+09:00,419.2786028043492,419.2786028043492,412.75794024129556,414.06207275390625,87000,0.0,0.0
2012-04-09 00:00:00+09:00,407.5414264012897,414.06208922371036,404.2810949900794,410.8017578125,176000,0.0,0.0
2012-04-10 00:00:00+09:00,410.80172174627126,430.36370849609375,410.1496555212772,430.36370849609375,147000,0.0,0.0
2012-04-11 00:00:00+09:00,423.8430480957031,428.40751169057995,419.93065072866585,423.8430480957031,75000,0.0,0.0
2012-04-12 00:00:00+09:00,425.79917275033347,429.05950332269435,419.27851160561164,427.75537109375,54000,0.0,0.0
2012-04-13 00:00:00+09:00,427.75561340423536,434.9283447265625,427.75561340423536,434.9283447265625,38000,0.0,0.0
2012-04-16 00:00:00+09:00,422.53886942390267,429.7115971456047,422.53886942390267,427.10333251953125,32000,0.0,0.0
2012-04-17 00:00:00+09:00,430.3637227223332,433.6240539550781,429.0595902292352,433.6240539550781,36000,0.0,0.0
2012-04-18 00:00:00+09:00,434.9281387220266,459.05458719686163,434.9281387220266,457.098388671875,148000,0.0,0.0
2012-04-19 00:00:00+09:00,455.1421988227151,459.0545959472656,453.8380664478649,459.0545959472656,154000,0.0,0.0
2012-04-20 00:00:00+09:00,461.0108891504175,478.61667982518594,461.0108891504175,474.0522155761719,161000,0.0,0.0
2012-04-23 00:00:00+09:00,474.7041920629041,474.7041920629041,449.9256765431371,453.83807373046875,74000,0.0,0.0
2012-04-24 00:00:00+09:00,453.1860515207484,453.1860515207484,444.0571238642153,449.92572021484375,62000,0.0,0.0
2012-04-25 00:00:00+09:00,455.7943122111576,464.2711735255282,450.5777821715449,462.967041015625,92000,0.0,0.0
2012-04-26 00:00:00+09:00,458.4025311663434,467.5314578183047,458.4025311663434,466.2273254394531,64000,0.0,0.0
2012-04-27 00:00:00+09:00,465.5753365054151,468.83566799354827,450.57781166000257,455.7943420410156,92000,0.0,0.0
2012-05-01 00:00:00+09:00,460.35869682166793,460.35869682166793,443.4049771086887,445.3611755371094,35000,0.0,0.0
2012-05-02 00:00:00+09:00,445.36112958331444,456.44625286723294,445.36112958331444,448.6214599609375,23000,0.0,0.0
2012-05-07 00:00:00+09:00,441.44878796293534,441.44878796293534,421.2347371108659,427.10333251953125,78000,0.0,0.0
2012-05-08 00:00:00+09:00,435.5802204499421,440.14468383789057,421.8868302860966,440.1446838378906,66000,0.0,0.0
2012-05-09 00:00:00+09:00,427.10333002130255,427.10333002130255,399.06448545501854,406.2372131347656,173000,0.0,0.0
2012-05-10 00:00:00+09:00,401.0206508329827,408.1933779210523,398.412386437321,405.5851135253906,57000,0.0,0.0
2012-05-11 00:00:00+09:00,399.71647607083963,402.324740188757,373.63383489166574,376.8941650390625,148000,0.0,0.0
2012-05-14 00:00:00+09:00,376.8942676752954,396.45625388681594,376.24220146824473,393.1959228515625,87000,0.0,0.0
2012-05-15 00:00:00+09:00,367.11327725846246,396.45625679066643,367.11327725846246,393.8479919433594,57000,0.0,0.0
2012-05-16 00:00:00+09:00,397.10832300249314,397.7603892143199,389.93559467239885,393.8479919433594,50000,0.0,0.0
2012-05-17 00:00:00+09:00,394.5000552656639,396.45625388681594,384.7190621599036,393.1959228515625,41000,0.0,0.0
2012-05-18 00:00:00+09:00,396.45614924613943,396.45614924613943,389.28342286175206,390.5875549316406,84000,0.0,0.0
2012-05-21 00:00:00+09:00,384.0668853134832,387.9792814287309,378.8503571598196,382.1106872558594,45000,0.0,0.0
2012-05-22 00:00:00+09:00,382.1108426511592,384.7191077887098,382.1108426511592,382.7629089355469,15000,0.0,0.0
2012-05-23 00:00:00+09:00,386.6752583016217,386.6752583016217,378.8504638671875,378.8504638671875,46000,0.0,0.0
2012-05-24 00:00:00+09:00,379.50251120542873,384.7190405690772,378.1983788645166,381.4587097167969,60000,0.0,0.0
2012-05-25 00:00:00+09:00,388.6314362854516,396.45623030462184,383.4149069393382,387.9793701171875,58000,0.0,0.0
2012-05-28 00:00:00+09:00,394.5001220703125,396.4563210227273,387.9794588955966,394.5001220703125,38000,0.0,0.0
2012-05-29 00:00:00+09:00,395.15214236347,405.585202227852,394.5000761219461,404.9331359863281,16000,0.0,0.0
2012-05-30 00:00:00+09:00,403.62890670099864,403.62890670099864,393.8479154239147,397.1082458496094,42000,0.0,0.0
2012-05-31 00:00:00+09:00,390.58764216774387,399.71656869587144,390.58764216774387,396.45623779296875,35000,0.0,0.0
2012-06-01 00:00:00+09:00,390.5877072081274,390.5877072081274,380.15464658153303,383.41497802734375,35000,0.0,0.0
2012-06-04 00:00:00+09:00,376.89427210746794,387.3273315429688,376.89427210746794,387.32733154296875,27000,0.0,0.0
2012-06-05 00:00:00+09:00,382.1108702079735,391.8918651791673,378.19847221949595,389.2835998535156,44000,0.0,0.0
2012-06-06 00:00:00+09:00,384.067011804485,392.5438728460101,384.067011804485,389.93560791015625,10000,0.0,0.0
2012-06-07 00:00:00+09:00,389.93560791015625,389.93560791015625,389.93560791015625,389.93560791015625,24000,0.0,0.0
2012-06-08 00:00:00+09:00,391.89178755750686,392.5438537597656,384.71905933266066,392.5438537597656,51000,0.0,0.0
2012-06-11 00:00:00+09:00,399.0645313448119,405.5851936216879,399.0645313448119,402.9769287109375,25000,0.0,0.0
2012-06-12 00:00:00+09:00,402.9769869275913,412.1059154340416,402.9769869275913,409.4976501464844,32000,0.0,0.0
2012-06-13 00:00:00+09:00,410.1497571123517,419.9307529099436,407.54149156632724,419.2786865234375,22000,0.0,0.0
2012-06-14 00:00:00+09:00,419.2786587543369,419.93072509765625,410.80179629118544,419.93072509765625,24000,0.0,0.0
2012-06-15 00:00:00+09:00,420.58278036117554,420.58278036117554,408.1935201644897,417.32244873046875,23000,0.0,0.0
2012-06-18 00:00:00+09:00,417.3223629770249,420.58269393778295,404.2810391339929,418.6264953613281,26000,0.0,0.0
2012-06-19 00:00:00+09:00,417.32244039442696,417.32244039442696,412.1059098894966,415.3662414550781,7000,0.0,0.0
2012-06-20 00:00:00+09:00,419.2786028043492,419.2786028043492,406.88934393454724,414.06207275390625,34000,0.0,0.0
2012-06-21 00:00:00+09:00,407.54141297730257,414.7141418457031,407.54141297730257,414.7141418457031,30000,0.0,0.0
2012-06-22 00:00:00+09:00,415.36615572886103,416.6702880859375,412.1058248361698,416.6702880859375,25000,0.0,0.0
2012-06-25 00:00:00+09:00,410.1495701451455,410.1495701451455,404.2809753417969,404.2809753417969,15000,0.0,0.0
2012-06-26 00:00:00+09:00,394.5000781170085,402.32487305486654,394.5000781170085,398.4124755859375,12000,0.0,0.0
2012-06-27 00:00:00+09:00,391.89164769138046,397.10817544767167,391.89164769138046,395.1519775390625,15000,0.0,0.0
2012-06-28 00:00:00+09:00,401.6727169318981,407.5413118221369,401.6727169318981,405.5851135253906,16000,0.0,0.0
2012-06-29 00:00:00+09:00,405.58521419501153,416.01827436723045,405.58521419501153,414.7141418457031,38000,0.0,0.0
2012-07-02 00:00:00+09:00,421.23488568295585,423.1910848424742,417.97455375042523,419.2786865234375,50000,0.0,0.0
2012-07-03 00:00:00+09:00,421.88691301345824,421.88691301345824,417.32244873046875,417.32244873046875,14000,0.0,0.0
2012-07-04 00:00:00+09:00,416.6703377791277,417.32240403543307,414.06207275390625,414.06207275390625,8000,0.0,0.0
2012-07-05 00:00:00+09:00,420.58267796795,421.8868103027344,417.97441329838136,421.8868103027344,29000,0.0,0.0
2012-07-06 00:00:00+09:00,423.8429667637058,423.8429667637058,411.45371081215137,412.7578430175781,17000,0.0,0.0
2012-07-09 00:00:00+09:00,406.2372748919466,416.0182686694413,404.9331423882806,413.4100036621094,10000,0.0,0.0
2012-07-10 00:00:00+09:00,406.8892792874699,406.8892792874699,403.6289485239485,406.2372131347656,16000,0.0,0.0
2012-07-11 00:00:00+09:00,406.2371736095797,406.2371736095797,398.4123805384482,404.2809753417969,5000,0.0,0.0
2012-07-12 00:00:00+09:00,398.41244369506836,398.41244369506836,391.2397155761719,391.2397155761719,9000,0.0,0.0
2012-07-13 00:00:00+09:00,384.71906497778485,393.8479919433594,383.4149325541313,393.8479919433594,15000,0.0,0.0
2012-07-17 00:00:00+09:00,387.32740085927685,393.1959978419932,386.6753345278639,389.2835998535156,7000,0.0,0.0
2012-07-18 00:00:00+09:00,387.9794561119144,387.9794561119144,384.06705823515557,386.6753234863281,18000,0.0,0.0
2012-07-19 00:00:00+09:00,389.2835416761928,389.93560791015625,385.3711442724119,389.93560791015625,14000,0.0,0.0
2012-07-20 00:00:00+09:00,389.93566618492855,390.5877325163415,385.3712018650381,389.2835998535156,25000,0.0,0.0
2012-07-23 00:00:00+09:00,378.85043447197216,380.8066329287982,372.3297729492188,372.32977294921875,16000,0.0,0.0
2012-07-24 00:00:00+09:00,371.677734375,371.677734375,363.85293996710527,371.677734375,23000,0.0,0.0
2012-07-25 00:00:00+09:00,367.76537175958805,367.76537175958805,352.11578147194604,358.6364440917969,18000,0.0,0.0
2012-07-26 00:00:00+09:00,352.1157636517208,352.76782988070545,344.2909689039048,347.5513000488281,29000,0.0,0.0
2012-07-27 00:00:00+09:00,348.203293106281,354.071887933915,344.9429626464844,344.9429626464844,21000,0.0,0.0
2012-07-30 00:00:00+09:00,346.2471502836108,350.15954746195666,341.0306207124829,343.6388854980469,27000,0.0,0.0
2012-07-31 00:00:00+09:00,343.6389337150014,346.8992651544226,343.6389337150014,344.80731201171875,12000,0.0,0.0
2012-08-01 00:00:00+09:00,353.4198961096901,353.4198961096901,343.63890267492013,347.5513000488281,35000,0.0,0.0
2012-08-02 00:00:00+09:00,346.89923381984346,351.4636974227361,346.89923381984346,347.5513000488281,87000,0.0,0.0
2012-08-03 00:00:00+09:00,349.50747097744033,349.50747097744033,342.3347430282764,348.2033386230469,21000,0.0,0.0
2012-08-06 00:00:00+09:00,348.85538015792616,349.5074462890625,348.85538015792616,349.5074462890625,44000,0.0,0.0
2012-08-07 00:00:00+09:00,346.2471214776588,350.81158447265625,346.2471214776588,350.81158447265625,44000,0.0,0.0
2012-08-08 00:00:00+09:00,350.8115785513351,351.46364468247145,347.55124789565355,349.5074462890625,19000,0.0,0.0
2012-08-09 00:00:00+09:00,351.4637012166715,356.68023110485956,351.4637012166715,355.3760986328125,35000,0.0,0.0
2012-08-10 00:00:00+09:00,361.8967782520772,362.54884451919804,359.28851318359375,359.28851318359375,13000,0.0,0.0
2012-08-13 00:00:00+09:00,355.37605810856473,359.9405212402344,355.37605810856473,359.9405212402344,8000,0.0,0.0
2012-08-14 00:00:00+09:00,353.4199139959162,358.6364440917969,353.4199139959162,358.6364440917969,12000,0.0,0.0
2012-08-15 00:00:00+09:00,356.0281796378885,365.8091735839844,356.0281796378885,365.8091735839844,8000,0.0,0.0
2012-08-16 00:00:00+09:00,361.89670300357557,369.72149658203125,361.89670300357557,369.72149658203125,4000,0.0,0.0
2012-08-17 00:00:00+09:00,369.72158595493863,383.41497802734375,369.72158595493863,383.41497802734375,19000,0.0,0.0
2012-08-20 00:00:00+09:00,384.06699186734943,390.58765386849285,384.06699186734943,385.3711242675781,24000,0.0,0.0
2012-08-21 00:00:00+09:00,384.7190392758666,387.97937011718744,382.762840771074,387.9793701171875,9000,0.0,0.0
2012-08-22 00:00:00+09:00,390.5877325163415,390.5877325163415,385.3712018650381,389.2835998535156,13000,0.0,0.0
2012-08-23 00:00:00+09:00,384.7190405690772,384.7190405690772,379.50251120542873,381.4587097167969,16000,0.0,0.0
2012-08-24 00:00:00+09:00,381.4586813497864,394.5000037890953,375.59008625209736,388.63140869140625,17000,0.0,0.0
2012-08-27 00:00:00+09:00,386.0232105063754,389.93560791015625,386.0232105063754,389.93560791015625,8000,0.0,0.0
2012-08-28 00:00:00+09:00,389.283500775899,389.283500775899,379.5025082940925,380.806640625,14000,0.0,0.0
2012-08-29 00:00:00+09:00,380.8065432986698,386.0230712890625,380.8065432986698,386.0230712890625,8000,0.0,0.0
2012-08-30 00:00:00+09:00,384.7191077887098,384.7191077887098,378.19844494483334,382.7629089355469,11000,0.0,0.0
2012-08-31 00:00:00+09:00,379.5024229685465,380.1544889873928,375.59002685546875,375.59002685546875,6000,0.0,0.0
2012-09-03 00:00:00+09:00,376.24218599029643,378.1983845309739,369.06945800781244,369.0694580078125,6000,0.0,0.0
2012-09-04 00:00:00+09:00,369.72149658203125,370.37356271356924,369.06943045049326,369.72149658203125,7000,0.0,0.0
2012-09-05 00:00:00+09:00,376.24219346131906,376.24219346131906,361.89673721149404,363.8529357910156,12000,0.0,0.0
2012-09-06 00:00:00+09:00,370.3736572265625,373.6339887162329,369.06952463069433,370.3736572265625,27000,0.0,0.0
2012-09-07 00:00:00+09:00,376.8942832308868,389.93560791015625,373.6339520610694,389.93560791015625,33000,0.0,0.0
2012-09-10 00:00:00+09:00,391.23975523908285,400.3686828613281,389.2835564628875,400.3686828613281,30000,0.0,0.0
2012-09-11 00:00:00+09:00,397.76043216765873,410.8017578125,397.1083658854167,410.8017578125,32000,0.0,0.0
2012-09-12 00:00:00+09:00,406.88934393454724,416.0182715228224,399.71661511518823,414.06207275390625,36000,0.0,0.0
2012-09-13 00:00:00+09:00,402.9768491297289,405.5851135253906,400.36858473406727,405.5851135253906,24000,0.0,0.0
2012-09-14 00:00:00+09:00,406.88933676861706,406.88933676861706,397.76040934111603,398.4124755859375,27000,0.0,0.0
2012-09-18 00:00:00+09:00,398.4124812613109,401.6728125318617,398.4124812613109,399.71661376953125,10000,0.0,0.0
2012-09-19 00:00:00+09:00,406.2371915384603,412.1057866008137,403.6289270663033,408.1933898925781,27000,0.0,0.0
2012-09-20 00:00:00+09:00,397.7604178264009,404.9331466724508,397.7604178264009,400.3686828613281,35000,0.0,0.0
2012-09-21 00:00:00+09:00,394.5000781170085,401.672806810045,393.1959456273655,398.4124755859375,25000,0.0,0.0
2012-09-24 00:00:00+09:00,397.76040934111603,399.064541830759,397.1083430962945,398.4124755859375,12000,0.0,0.0
2012-09-25 00:00:00+09:00,398.41246511712427,402.9769287109375,398.41246511712427,402.9769287109375,15000,0.0,0.0
2012-09-26 00:00:00+09:00,403.6397798519569,407.6165264514836,394.3607044530614,406.9537353515625,28000,10.0,0.0
2012-09-27 00:00:00+09:00,400.32566314747874,401.65124481352996,399.66287231445307,399.6628723144531,6000,0.0,0.0
2012-09-28 00:00:00+09:00,387.73271716033565,387.73271716033565,380.44201649578235,382.4303894042969,21000,0.0,0.0
2012-10-01 00:00:00+09:00,378.4536435872678,382.4303894042969,378.4536435872678,382.4303894042969,6000,0.0,0.0
2012-10-02 00:00:00+09:00,389.05829909934533,389.05829909934533,377.79085261776294,382.4303894042969,15000,0.0,0.0
2012-10-03 00:00:00+09:00,387.732665046813,388.39545592723493,375.13963831879687,375.80242919921875,12000,0.0,0.0
2012-10-04 00:00:00+09:00,375.80243922719734,375.80243922719734,373.1512756347656,373.1512756347656,14000,0.0,0.0
2012-10-05 00:00:00+09:00,373.15130604507635,383.75596127903947,373.15130604507635,377.1280517578125,26000,0.0,0.0
2012-10-09 00:00:00+09:00,377.12803144839097,378.45361328125,377.12803144839097,378.45361328125,2000,0.0,0.0
2012-10-10 00:00:00+09:00,375.8024905607662,376.46528154940955,371.1629536402629,371.82574462890625,9000,0.0,0.0
2012-10-11 00:00:00+09:00,375.80256271362305,375.80256271362305,370.5002337864467,371.16302490234375,14000,0.0,0.0
2012-10-12 00:00:00+09:00,364.5350646972656,364.5350646972656,364.5350646972656,364.5350646972656,1000,0.0,0.0
2012-10-15 00:00:00+09:00,362.54669161709876,364.5350646972656,361.8839005903764,364.5350646972656,13000,0.0,0.0
2012-10-16 00:00:00+09:00,364.53503463348045,364.53503463348045,356.58154296875,356.58154296875,34000,0.0,0.0
2012-10-17 00:00:00+09:00,357.9071544300426,364.5350646972656,357.9071544300426,364.5350646972656,28000,0.0,0.0
2012-10-18 00:00:00+09:00,367.1861975205683,375.8024801338669,364.5350336395534,374.4768981933594,13000,0.0,0.0
2012-10-19 00:00:00+09:00,375.80244961553194,383.09314969625655,374.4768677826729,378.45361328125,21000,0.0,0.0
2012-10-22 00:00:00+09:00,375.8024397589344,384.418721446529,375.8024397589344,383.0931396484375,65000,0.0,0.0
2012-10-23 00:00:00+09:00,379.11644453664724,383.7559814453125,379.11644453664724,383.7559814453125,5000,0.0,0.0
2012-10-24 00:00:00+09:00,380.44200651842596,380.44200651842596,375.8024698535671,377.1280517578125,9000,0.0,0.0
2012-10-25 00:00:00+09:00,381.7677008344241,381.7677008344241,379.7793273925781,379.7793273925781,13000,0.0,0.0
2012-10-26 00:00:00+09:00,381.10479747054865,381.10479747054865,377.1280517578125,377.1280517578125,6000,0.0,0.0
2012-10-29 00:00:00+09:00,377.1280517578125,377.1280517578125,376.4652608056898,377.1280517578125,5000,0.0,0.0
2012-10-30 00:00:00+09:00,375.80256271362305,377.12814494541715,369.83744267054965,371.16302490234375,42000,0.0,0.0
2012-10-31 00:00:00+09:00,368.51172951457784,381.7675471230159,368.51172951457784,375.80242919921875,22000,0.0,0.0
2012-11-01 00:00:00+09:00,375.80258050888625,379.7793273925781,375.80258050888625,379.7793273925781,32000,0.0,0.0
2012-11-02 00:00:00+09:00,376.4652200796407,379.11638360132827,375.80242919921875,375.80242919921875,19000,0.0,0.0
2012-11-05 00:00:00+09:00,374.47689819335943,375.8024801338669,374.47689819335943,374.4768981933594,10000,0.0,0.0
2012-11-06 00:00:00+09:00,368.5117900126689,369.1745810019003,365.1978350665118,367.8489990234375,19000,0.0,0.0
2012-11-07 00:00:00+09:00,372.4885359480574,372.4885359480574,367.8489990234375,367.8489990234375,12000,0.0,0.0
2012-11-08 00:00:00+09:00,367.8489988593645,369.8373718261719,364.53504391468556,369.8373718261719,18000,0.0,0.0
2012-11-09 00:00:00+09:00,363.8722632232556,376.4652923694156,363.8722632232556,367.18621826171875,15000,0.0,0.0
2012-11-12 00:00:00+09:00,364.53504375382965,371.82574462890625,364.53504375382965,371.82574462890625,16000,0.0,0.0
2012-11-13 00:00:00+09:00,377.79083251953125,377.79083251953125,371.8257141113281,373.8140869140625,17000,0.0,0.0
2012-11-14 00:00:00+09:00,374.47690858347954,374.47690858347954,369.83737166297624,371.82574462890625,15000,0.0,0.0
2012-11-15 00:00:00+09:00,380.4419860305385,384.4187315291156,378.45361328125,378.45361328125,34000,0.0,0.0
2012-11-16 00:00:00+09:00,376.46533203125,379.77928741884904,375.13974987621043,376.46533203125,12000,0.0,0.0
2012-11-19 00:00:00+09:00,376.4652200796407,377.12801096006257,375.80242919921875,375.80242919921875,17000,0.0,0.0
2012-11-20 00:00:00+09:00,373.1513162528519,375.8024801338669,373.1513162528519,374.4768981933594,30000,0.0,0.0
2012-11-21 00:00:00+09:00,377.79095395073216,381.10490968714214,376.4653716561682,379.7793273925781,41000,0.0,0.0
2012-11-22 00:00:00+09:00,381.1048074652872,384.4187623128114,381.1048074652872,382.4303894042969,26000,0.0,0.0
2012-11-26 00:00:00+09:00,384.4188232421875,388.39556968952047,383.09324109307653,384.4188232421875,36000,0.0,0.0
2012-11-27 00:00:00+09:00,382.4303894042969,385.0815532823163,382.4303894042969,382.4303894042969,43000,0.0,0.0
2012-11-28 00:00:00+09:00,381.7675883686626,382.43037932069154,379.1164245605469,379.1164245605469,10000,0.0,0.0
2012-11-29 00:00:00+09:00,379.11649634132925,379.77928741884904,373.8141677211708,376.46533203125,30000,0.0,0.0
2012-11-30 00:00:00+09:00,379.1164143880208,379.7792053222656,375.8024597167969,377.79083251953125,49000,0.0,0.0
2012-12-03 00:00:00+09:00,377.12804158528644,377.12804158528644,373.1512959798177,373.8140869140625,24000,0.0,0.0
2012-12-04 00:00:00+09:00,374.47689819335943,377.1280620743743,371.1629433420907,374.4768981933594,96000,0.0,0.0
2012-12-05 00:00:00+09:00,371.8257141113281,376.46525065104163,371.8257141113281,373.8140869140625,43000,0.0,0.0
2012-12-06 00:00:00+09:00,377.1280211323984,377.79081203069785,373.81406664090105,375.1396484375,62000,0.0,0.0
2012-12-07 00:00:00+09:00,376.4652608056898,377.7908427099352,374.47688794932174,377.1280517578125,33000,0.0,0.0
2012-12-10 00:00:00+09:00,377.1280211323984,377.1280211323984,374.4768575392005,375.1396484375,31000,0.0,0.0
2012-12-11 00:00:00+09:00,373.8141072231057,374.47689819335943,370.500152371837,374.4768981933594,31000,0.0,0.0
2012-12-12 00:00:00+09:00,379.1164349851355,379.1164349851355,371.1629433420907,374.4768981933594,49000,0.0,0.0
2012-12-13 00:00:00+09:00,381.1047671592399,387.06988525390625,379.11639446101776,387.06988525390625,50000,0.0,0.0
2012-12-14 00:00:00+09:00,374.47699821432224,382.4304919817061,374.47699821432224,379.7793273925781,66000,0.0,0.0
2012-12-17 00:00:00+09:00,383.09324109307653,386.407196465854,382.430450018521,384.4188232421875,36000,0.0,0.0
2012-12-18 00:00:00+09:00,387.07000680432816,396.34908230991135,387.07000680432816,389.0583801269531,39000,0.0,0.0
2012-12-19 00:00:00+09:00,395.02346837781937,395.02346837781937,381.10485623699014,393.03509521484375,56000,0.0,0.0
2012-12-20 00:00:00+09:00,393.03503402760657,401.65131639246135,392.3722430764639,399.0001525878906,50000,0.0,0.0
2012-12-21 00:00:00+09:00,400.32572428385413,401.65130615234375,391.7094421386719,397.674560546875,56000,0.0,0.0
2012-12-25 00:00:00+09:00,397.67458095997074,400.3257448330372,391.70946224557116,396.3489990234375,42000,0.0,0.0
2012-12-26 00:00:00+09:00,389.7211712344948,397.6746645249947,389.0583801269531,389.0583801269531,51000,0.0,0.0
2012-12-27 00:00:00+09:00,395.6862076556096,407.61644507236167,392.37225281762295,404.302490234375,90000,0.0,0.0
2012-12-28 00:00:00+09:00,397.6746203852635,412.9188141666986,397.6746203852635,405.62811279296875,48000,0.0,0.0
2013-01-04 00:00:00+09:00,425.5117699496717,456.000152220209,424.848979030747,440.0931701660156,71000,0.0,0.0
2013-01-07 00:00:00+09:00,443.40710379224305,443.40710379224305,432.1396587033519,433.4652404785156,53000,0.0,0.0
2013-01-08 00:00:00+09:00,433.46531290369705,433.46531290369705,417.55832894392836,420.8722839355469,34000,0.0,0.0
2013-01-09 00:00:00+09:00,420.8722238182125,450.6978144824953,418.22106020360957,440.7559509277344,63000,0.0,0.0
2013-01-10 00:00:00+09:00,440.7560224432087,440.7560224432087,430.8141572753168,438.1048583984375,61000,0.0,0.0
2013-01-11 00:00:00+09:00,440.7560013382523,450.6978660300926,439.43041937934026,447.3839111328125,67000,0.0,0.0
2013-01-15 00:00:00+09:00,447.3838907129624,455.33738210341505,445.39551786534923,450.6978454589844,31000,0.0,0.0
2013-01-16 00:00:00+09:00,450.6978556614737,454.0118104825139,424.1862170931517,450.0350646972656,59000,0.0,0.0
2013-01-17 00:00:00+09:00,450.69785584312314,453.34901970102385,438.76761848256984,446.0583190917969,46000,0.0,0.0
2013-01-18 00:00:00+09:00,452.6862286449184,452.6862286449184,441.41878225112106,448.04669189453125,48000,0.0,0.0
2013-01-21 00:00:00+09:00,445.39548814073737,461.3024698600494,444.0699063307947,460.6396789550781,69000,0.0,0.0
2013-01-22 00:00:00+09:00,461.96529154966026,461.96529154966026,447.3838906686093,452.68621826171875,56000,0.0,0.0
2013-01-23 00:00:00+09:00,449.3722635160253,452.68621826171875,441.41877212636115,452.68621826171875,40000,0.0,0.0
2013-01-24 00:00:00+09:00,446.7211099658492,450.03506478755435,446.7211099658492,448.04669189453125,39000,0.0,0.0
2013-01-25 00:00:00+09:00,454.6746119068287,460.63973072193284,437.4420464409722,447.3839111328125,74000,0.0,0.0
2013-01-28 00:00:00+09:00,453.34901988702916,453.34901988702916,442.0815734863281,442.0815734863281,25000,0.0,0.0
2013-01-29 00:00:00+09:00,442.0814822524341,444.0698547363281,442.0814822524341,444.0698547363281,3000,0.0,0.0
2013-01-30 00:00:00+09:00,444.0700045099176,459.9769897460938,444.0700045099176,459.97698974609375,31000,0.0,0.0
2013-01-31 00:00:00+09:00,459.3141798171322,459.3141798171322,446.05835933178923,449.372314453125,22000,0.0,0.0
2013-02-01 00:00:00+09:00,447.3839400650619,460.6397605114341,447.3839400650619,459.3141784667969,22000,0.0,0.0
2013-02-04 00:00:00+09:00,460.6398133308657,460.6398133308657,448.04678246282765,452.0235290527344,23000,0.0,0.0
2013-02-05 00:00:00+09:00,450.69785584312314,451.3606468075983,446.0583190917968,446.0583190917969,27000,0.0,0.0
2013-02-06 00:00:00+09:00,452.6863201510522,456.6630667409589,450.035155757781,452.0235290527344,41000,0.0,0.0
2013-02-07 00:00:00+09:00,449.37226356057556,453.3490092558019,442.74435406853166,450.6978454589844,43000,0.0,0.0
2013-02-08 00:00:00+09:00,451.3606570095486,451.3606570095486,447.3839111328125,447.3839111328125,5000,0.0,0.0
2013-02-12 00:00:00+09:00,444.0698952431435,451.3605950157921,441.4187316894531,441.4187316894531,30000,0.0,0.0
2013-02-13 00:00:00+09:00,440.0931499126079,442.0815225778757,440.0931499126079,441.4187316894531,13000,0.0,0.0
2013-02-14 00:00:00+09:00,441.41877244102267,442.74435434024497,438.76760864257807,438.7676086425781,16000,0.0,0.0
2013-02-15 00:00:00+09:00,432.13968912760413,432.80248006184894,420.2094523111979,423.5234069824219,52000,0.0,0.0
2013-02-18 00:00:00+09:00,416.8955574392158,425.51184082031244,416.8955574392158,425.5118408203125,41000,0.0,0.0
2013-02-19 00:00:00+09:00,429.48859605307234,436.7792975292819,429.48859605307234,432.80255126953125,27000,0.0,0.0
2013-02-20 00:00:00+09:00,430.15127582199,436.7791845403566,430.15127582199,432.1396484375,35000,0.0,0.0
2013-02-21 00:00:00+09:00,435.4536131412611,435.4536131412611,430.8140769281883,433.4652404785156,17000,0.0,0.0
2013-02-22 00:00:00+09:00,428.1630365143782,428.82582759257383,419.546752497835,421.5351257324219,54000,0.0,0.0
2013-02-25 00:00:00+09:00,432.1396484375,438.76755715586654,429.48848495015335,432.1396484375,46000,0.0,0.0
2013-02-26 00:00:00+09:00,432.13976022623945,434.1281333561148,430.1513870963641,432.80255126953125,35000,0.0,0.0
2013-02-27 00:00:00+09:00,435.4535403414038,435.4535403414038,427.50005102009965,428.162841796875,27000,0.0,0.0
2013-02-28 00:00:00+09:00,434.7908933694518,437.4420573534119,428.82577440554167,436.7792663574219,53000,0.0,0.0
2013-03-01 00:00:00+09:00,438.7675681357627,443.4071043547209,435.4536136936497,441.4187316894531,43000,0.0,0.0
2013-03-04 00:00:00+09:00,446.05832944678974,449.3722843460973,442.74437454748227,443.40716552734375,43000,0.0,0.0
2013-03-05 00:00:00+09:00,441.4188754652771,444.7328309867882,432.80259110934827,436.1165466308594,42000,0.0,0.0
2013-03-06 00:00:00+09:00,437.44202651864845,449.3722636055207,437.44202651864845,448.70947265625,40000,0.0,0.0
2013-03-07 00:00:00+09:00,451.3606364081887,452.68621830659754,450.03505450977997,450.6978454589844,32000,0.0,0.0
2013-03-08 00:00:00+09:00,444.0699359669405,452.02342735739313,443.40714501773607,450.6978454589844,94000,0.0,0.0
2013-03-11 00:00:00+09:00,452.6862805703358,455.33744473180184,444.7327880859375,444.7327880859375,70000,0.0,0.0
2013-03-12 00:00:00+09:00,442.081594325342,444.7327583093021,434.7908933694518,436.7792663574219,81000,0.0,0.0
2013-03-13 00:00:00+09:00,440.0932002341449,451.36064662568174,438.7676183057288,450.0350646972656,97000,0.0,0.0
2013-03-14 00:00:00+09:00,453.3490092558019,454.0118002050063,445.39551786534923,450.6978454589844,75000,0.0,0.0
2013-03-15 00:00:00+09:00,450.69786575922353,455.33740261262733,450.69786575922353,451.36065673828125,93000,0.0,0.0
2013-03-18 00:00:00+09:00,454.6745910644531,455.3373820135267,452.6862182172325,454.6745910644531,54000,0.0,0.0
2013-03-19 00:00:00+09:00,456.66302193123045,477.2095439629694,456.00023089794854,476.5467529296875,146000,0.0,0.0
2013-03-21 00:00:00+09:00,478.534994323397,486.48848453375814,478.534994323397,485.16290283203125,94000,0.0,0.0
2013-03-22 00:00:00+09:00,475.2210693359375,483.83735092780245,475.2210693359375,475.2210693359375,62000,0.0,0.0
2013-03-25 00:00:00+09:00,479.1979373931885,480.52351951599127,470.58165359497076,477.2095642089844,78000,0.0,0.0
2013-03-26 00:00:00+09:00,476.546641971754,487.81408691406256,476.546641971754,487.8140869140625,81000,0.0,0.0
2013-03-27 00:00:00+09:00,486.4704487981578,499.9088589859522,482.43892574181945,499.2369384765625,85000,10.0,0.0
2013-03-28 00:00:00+09:00,499.90863151652565,505.2839931457356,497.2209507019207,501.2524719238281,74000,0.0,0.0
2013-03-29 00:00:00+09:00,501.25253970497533,520.7382282457854,501.25253970497533,510.659423828125,143000,0.0,0.0
2013-04-01 00:00:00+09:00,510.6595889405708,511.3315094523347,464.968994140625,464.968994140625,101000,0.0,0.0
2013-04-02 00:00:00+09:00,459.59350406422334,472.35999028822954,452.8743007884306,456.90582275390625,66000,0.0,0.0
2013-04-03 00:00:00+09:00,462.28125622454854,478.407346557963,462.28125622454854,474.3758239746094,48000,0.0,0.0
2013-04-04 00:00:00+09:00,473.70374357412715,501.2524719238281,473.0318233704759,501.2524719238281,99000,0.0,0.0
2013-04-05 00:00:00+09:00,502.59631117954046,509.31551320065734,484.45446572252496,499.90863037109375,66000,0.0,0.0
2013-04-08 00:00:00+09:00,494.53336197916667,509.3156092122396,494.53336197916667,503.94024658203125,82000,0.0,0.0
2013-04-09 00:00:00+09:00,503.94015273843314,509.31551436764306,500.5805517201769,501.2524719238281,59000,0.0,0.0
2013-04-10 00:00:00+09:00,491.84559687553286,497.22095859001956,490.5017564469112,492.51751708984375,44000,0.0,0.0
2013-04-11 00:00:00+09:00,497.2210794105162,499.23684054326156,487.81419412437134,488.4861145019531,39000,0.0,0.0
2013-04-12 00:00:00+09:00,489.1579171316964,493.86135864257807,487.8140767000159,493.8613586425781,26000,0.0,0.0
2013-04-15 00:00:00+09:00,496.5491456412227,498.5649067196038,485.1264995303962,491.845703125,45000,0.0,0.0
2013-04-16 00:00:00+09:00,483.7825705003536,489.15793239480195,471.6880062378447,475.047607421875,50000,0.0,0.0
2013-04-17 00:00:00+09:00,483.11064745759313,495.877131882759,478.40720582726885,490.50177001953125,46000,0.0,0.0
2013-04-18 00:00:00+09:00,490.5018935866187,500.58069961922047,485.1265303692311,493.1895751953125,54000,0.0,0.0
2013-04-19 00:00:00+09:00,490.50177001953125,497.2209723485659,487.1421688550139,490.50177001953125,35000,0.0,0.0
2013-04-22 00:00:00+09:00,524.0978690100819,530.8170724589291,518.0505859061194,522.7540283203125,154000,0.0,0.0
2013-04-23 00:00:00+09:00,524.0978879819529,530.1451713048216,520.7382861359147,528.8013305664062,82000,0.0,0.0
2013-04-24 00:00:00+09:00,534.1765926361084,537.5361938476562,529.4731509399413,537.5361938476562,367000,0.0,0.0
2013-04-25 00:00:00+09:00,540.8958757586768,544.2554774714636,537.53627404589,543.5835571289062,177000,0.0,0.0
2013-04-26 00:00:00+09:00,538.8799597335188,540.8957201813998,527.4573171955266,539.5518798828125,156000,0.0,0.0
2013-04-30 00:00:00+09:00,531.4890293159871,537.5363128353852,530.8171089249428,532.1609497070312,58000,0.0,0.0
2013-05-01 00:00:00+09:00,530.8170186001948,536.1923808138677,519.39437389614,533.5046997070312,73000,0.0,0.0
2013-05-02 00:00:00+09:00,537.5361032196969,559.7094674775094,532.8326623165245,554.3341064453125,137000,0.0,0.0
2013-05-07 00:00:00+09:00,550.3025856711647,555.006026574337,537.5361032196969,554.3341064453125,161000,0.0,0.0
2013-05-08 00:00:00+09:00,559.0376429001204,562.397244119472,555.6780416807687,558.36572265625,74000,0.0,0.0
2013-05-09 00:00:00+09:00,563.7410846072128,571.1322072897865,558.36572265625,558.36572265625,121000,0.0,0.0
2013-05-10 00:00:00+09:00,560.3815723507904,578.5234218153843,560.3815723507904,577.8515014648438,95000,0.0,0.0
2013-05-13 00:00:00+09:00,591.2898783468122,594.6494799283282,534.8485717773438,534.8485717773438,254000,0.0,0.0
2013-05-14 00:00:00+09:00,537.5362652487325,541.567787238098,527.4574602753188,530.1451416015625,313000,0.0,0.0
2013-05-15 00:00:00+09:00,540.2238682780774,540.8957885122542,527.4573838287199,529.47314453125,254000,0.0,0.0
2013-05-16 00:00:00+09:00,537.53627404589,544.927397814021,530.8170706203164,543.5835571289062,145000,0.0,0.0
2013-05-17 00:00:00+09:00,543.5835792966386,557.0219866958138,541.5678181867623,555.0062255859375,91000,0.0,0.0
2013-05-20 00:00:00+09:00,570.4602384705474,570.4602384705474,555.6779943641257,556.3499145507812,113000,0.0,0.0
2013-05-21 00:00:00+09:00,555.6780395507812,561.7253217224343,550.9745978617178,555.6780395507812,79000,0.0,0.0
2013-05-22 00:00:00+09:00,556.3500916429341,556.3500916429341,545.599365234375,545.599365234375,79000,0.0,0.0
2013-05-23 00:00:00+09:00,544.2555577431956,547.6151599514869,508.64377433530746,520.7383422851562,148000,0.0,0.0
2013-05-24 00:00:00+09:00,521.4101931136175,528.129396633123,497.2210604433982,507.29986572265625,165000,0.0,0.0
2013-05-27 00:00:00+09:00,501.9245504450898,501.9245504450898,476.39157465270233,483.11077880859375,94000,0.0,0.0
2013-05-28 00:00:00+09:00,478.40724426865415,491.84565000653765,475.71956312107744,481.766845703125,68000,0.0,0.0
2013-05-29 00:00:00+09:00,491.84562314789866,508.64362940294984,491.84562314789866,506.62786865234375,68000,0.0,0.0
2013-05-30 00:00:00+09:00,503.2683142140425,503.2683142140425,485.12646577107967,486.4703063964844,74000,0.0,0.0
2013-05-31 00:00:00+09:00,496.54903950593905,500.5805608009805,491.84559799505735,493.8613586425781,48000,0.0,0.0
2013-06-03 00:00:00+09:00,493.86143655979885,499.2367991345994,473.7038269042968,473.7038269042969,68000,0.0,0.0
2013-06-04 00:00:00+09:00,477.0633681322931,483.7825705003536,469.6722455274266,475.047607421875,147000,0.0,0.0
2013-06-05 00:00:00+09:00,480.422985270872,485.1264270847127,475.71954345703125,475.71954345703125,72000,0.0,0.0
2013-06-06 00:00:00+09:00,470.34415134424336,473.70375242527365,456.23382680391603,457.5776672363281,64000,0.0,0.0
2013-06-07 00:00:00+09:00,446.15509518818254,447.4989358363397,422.63788384543193,430.700927734375,115000,0.0,0.0
2013-06-10 00:00:00+09:00,449.5145815129866,459.5933837890625,446.826900906033,459.5933837890625,55000,0.0,0.0
2013-06-11 00:00:00+09:00,462.953051344462,467.656493085262,458.24960960366195,466.3126525878906,77000,0.0,0.0
2013-06-12 00:00:00+09:00,464.2968370309419,493.1894043136199,450.18651347428516,489.8298034667969,230000,0.0,0.0
2013-06-13 00:00:00+09:00,480.4229210956924,489.8298034667969,477.0633202488694,489.8298034667969,231000,0.0,0.0
2013-06-14 00:00:00+09:00,497.2210906470954,503.26837418199256,479.75116043517045,481.0950012207031,181000,0.0,0.0
2013-06-17 00:00:00+09:00,480.42295213274036,497.22095745206695,475.71951064332893,491.1736755371094,88000,0.0,0.0
2013-06-18 00:00:00+09:00,491.17367777921714,504.612082096022,491.17367777921714,493.8613586425781,79000,0.0,0.0
2013-06-19 00:00:00+09:00,497.89289036270014,500.58057128233685,479.0791239252432,487.8140869140625,79000,0.0,0.0
2013-06-20 00:00:00+09:00,489.15799934895836,507.9717685546875,487.1422383626302,503.94024658203125,102000,0.0,0.0
2013-06-21 00:00:00+09:00,499.9086725242749,510.6593966645819,491.1737091602755,495.2052307128906,163000,0.0,0.0
2013-06-24 00:00:00+09:00,499.9088589859522,503.94038204229054,493.189653892055,499.2369384765625,83000,0.0,0.0
2013-06-25 00:00:00+09:00,493.1894283499769,502.59631117954046,491.8455879457535,499.90863037109375,84000,0.0,0.0
2013-06-26 00:00:00+09:00,503.94015273843314,509.31551436764306,498.56479110922317,501.2524719238281,57000,0.0,0.0
2013-06-27 00:00:00+09:00,495.8772026367188,504.61216691080733,494.53336197916667,503.94024658203125,78000,0.0,0.0
2013-06-28 00:00:00+09:00,510.65937797430206,530.1450647654267,510.65937797430206,529.47314453125,58000,0.0,0.0
2013-07-01 00:00:00+09:00,529.4731858241705,544.9273524154851,524.7697438181182,544.2554321289062,129000,0.0,0.0
2013-07-02 00:00:00+09:00,558.3658099342932,560.3815709809874,548.9589250497203,551.6466064453125,134000,0.0,0.0
2013-07-03 00:00:00+09:00,550.302677620423,557.0218800333707,546.9430764139491,555.6780395507812,42000,0.0,0.0
2013-07-04 00:00:00+09:00,553.6622745201847,553.6622745201847,538.2081090906164,550.3026733398438,84000,0.0,0.0
2013-07-05 00:00:00+09:00,554.3342720589986,554.3342720589986,547.6150687613139,550.9746704101562,66000,0.0,0.0
2013-07-08 00:00:00+09:00,555.6781727659936,557.6939339731254,546.2712871327119,548.2870483398438,63000,0.0,0.0
2013-07-09 00:00:00+09:00,548.2869126316392,552.9903542841165,544.2553912152301,550.3026733398438,40000,0.0,0.0
2013-07-10 00:00:00+09:00,550.3027657475163,555.6781285387009,546.943164003026,551.6466064453125,49000,0.0,0.0
2013-07-11 00:00:00+09:00,550.302702848885,554.3342244814776,544.2554203999962,548.9588623046875,41000,0.0,0.0
2013-07-12 00:00:00+09:00,548.9589094208508,557.6938737078411,548.2869890910823,550.9746704101562,53000,0.0,0.0
2013-07-16 00:00:00+09:00,557.0219366814109,579.8672272087547,552.9904148236443,571.1322631835938,374000,0.0,0.0
2013-07-17 00:00:00+09:00,571.132294560822,572.4761352539062,562.3973300557741,572.4761352539062,86000,0.0,0.0
2013-07-18 00:00:00+09:00,567.7725784866898,572.4760199652778,562.397216796875,562.397216796875,149000,0.0,0.0
2013-07-19 00:00:00+09:00,563.0692435086629,564.4130841852946,547.6150757273989,561.7254028320312,96000,0.0,0.0
2013-07-22 00:00:00+09:00,563.0692157518836,567.7726578882358,557.6938533103381,565.7568969726562,48000,0.0,0.0
2013-07-23 00:00:00+09:00,558.3658099342932,558.3658099342932,551.6466064453125,551.6466064453125,21000,0.0,0.0
2013-07-24 00:00:00+09:00,553.6622338041591,556.3499145507812,549.6307126842258,556.3499145507812,17000,0.0,0.0
2013-07-25 00:00:00+09:00,562.397147993608,562.397147993608,550.9745058001894,554.3341064453125,42000,0.0,0.0
2013-07-26 00:00:00+09:00,554.3343145368132,554.3343145368132,544.255508817962,544.9274291992188,24000,0.0,0.0
2013-07-29 00:00:00+09:00,540.8958024917894,540.8958024917894,520.7381949455115,527.4573974609375,37000,0.0,0.0
2013-07-30 00:00:00+09:00,517.3786810702323,523.4259643554688,511.33139778499583,523.4259643554688,44000,0.0,0.0
2013-07-31 00:00:00+09:00,513.3471244742564,528.8012918340835,512.6752041542638,516.7067260742188,42000,0.0,0.0
2013-08-01 00:00:00+09:00,516.7067141188788,536.1924029478092,516.7067141188788,521.41015625,18000,0.0,0.0
2013-08-02 00:00:00+09:00,501.2526207799497,518.0506308597068,487.8142127161441,494.5334167480469,89000,0.0,0.0
2013-08-05 00:00:00+09:00,495.87714153432586,503.26826424012205,495.87714153432586,502.5963439941406,29000,0.0,0.0
2013-08-06 00:00:00+09:00,502.5963191542515,502.5963191542515,490.50175532433633,491.1736755371094,53000,0.0,0.0
2013-08-07 00:00:00+09:00,490.50185647183474,490.50185647183474,482.4388122558594,482.4388122558594,37000,0.0,0.0
2013-08-08 00:00:00+09:00,486.47045537384463,486.47045537384463,477.0635681152344,477.0635681152344,25000,0.0,0.0
2013-08-09 00:00:00+09:00,483.11073430027,489.15801748344444,481.76689359289793,485.1264953613281,76000,0.0,0.0
2013-08-12 00:00:00+09:00,481.0950012207032,483.11076239900217,480.4230808279368,481.0950012207031,25000,0.0,0.0
2013-08-13 00:00:00+09:00,481.0950012207032,490.501886719432,477.7353992568714,481.0950012207031,66000,0.0,0.0
2013-08-14 00:00:00+09:00,485.79832622433497,489.82984760379003,483.11064530469827,487.8140869140625,37000,0.0,0.0
2013-08-15 00:00:00+09:00,493.861538591056,493.861538591056,485.79849306303873,487.142333984375,31000,0.0,0.0
2013-08-16 00:00:00+09:00,487.1422564223863,487.1422564223863,483.78265465395606,485.1264953613281,56000,0.0,0.0
2013-08-19 00:00:00+09:00,489.1579876472936,489.1579876472936,485.798386083782,486.4703063964844,9000,0.0,0.0
2013-08-20 00:00:00+09:00,485.1265235773012,486.4703643628339,477.0634788641051,481.0950012207031,55000,0.0,0.0
2013-08-21 00:00:00+09:00,483.1107141679852,483.1107141679852,477.0634312368143,477.7353515625,25000,0.0,0.0
2013-08-22 00:00:00+09:00,484.45450363811267,484.45450363811267,469.6722580347306,471.6880187988281,50000,0.0,0.0
2013-08-23 00:00:00+09:00,480.42317070759515,481.0950912260673,477.0635681152344,477.0635681152344,35000,0.0,0.0
2013-08-26 00:00:00+09:00,477.7352465461282,479.7510070800781,477.7352465461282,479.7510070800781,6000,0.0,0.0
2013-08-27 00:00:00+09:00,482.43885473942726,482.43885473942726,476.3915710449219,476.3915710449219,20000,0.0,0.0
2013-08-28 00:00:00+09:00,476.39146371615135,476.39146371615135,475.71954345703125,475.71954345703125,3000,0.0,0.0
2013-08-29 00:00:00+09:00,470.34429577813637,470.34429577813637,459.5935690174932,463.6250915527344,45000,0.0,0.0
2013-08-30 00:00:00+09:00,463.6250357792295,467.6565578294837,446.8270272365038,448.1708679199219,93000,0.0,0.0
2013-09-02 00:00:00+09:00,451.53031460074493,465.6406369320182,451.53031460074493,462.2810363769531,33000,0.0,0.0
2013-09-03 00:00:00+09:00,471.6881281714177,483.7826955604284,471.6881281714177,476.3915710449219,80000,0.0,0.0
2013-09-04 00:00:00+09:00,482.4388311037171,493.18955714502556,481.09499034855355,488.4861145019531,159000,0.0,0.0
2013-09-05 00:00:00+09:00,491.84566889810293,493.86142983620994,485.798386083782,486.4703063964844,44000,0.0,0.0
2013-09-06 00:00:00+09:00,483.1108112203664,488.48617490571115,479.07928845635774,487.142333984375,59000,0.0,0.0
2013-09-09 00:00:00+09:00,524.0977647569445,569.7883391203703,512.6751211660879,562.397216796875,386000,0.0,0.0
2013-09-10 00:00:00+09:00,563.7410254198634,563.7410254198634,545.5991807400824,561.0533447265625,222000,0.0,0.0
2013-09-11 00:00:00+09:00,566.4288015860099,567.7726421591676,544.2554321289062,544.2554321289062,80000,0.0,0.0
2013-09-12 00:00:00+09:00,534.1767108801639,544.2555167458274,530.8171089249428,532.1609497070312,57000,0.0,0.0
2013-09-13 00:00:00+09:00,533.5047016956454,542.9115856046366,524.7697380658678,536.1923828125,99000,0.0,0.0
2013-09-17 00:00:00+09:00,536.8643030917136,540.8958247669956,534.8485422540726,536.1923828125,37000,0.0,0.0
2013-09-18 00:00:00+09:00,537.5361556349939,548.9587989422374,530.1450334950126,546.2711181640625,61000,0.0,0.0
2013-09-19 00:00:00+09:00,548.2870047008222,553.6623674920068,541.5678012118415,551.6466064453125,71000,0.0,0.0
2013-09-20 00:00:00+09:00,546.9431247482484,563.7411322650864,546.9431247482484,560.3815307617188,54000,0.0,0.0
2013-09-24 00:00:00+09:00,563.7412280042024,577.8515567146771,560.3816259302799,567.100830078125,157000,0.0,0.0
2013-09-25 00:00:00+09:00,567.7727000223917,567.7727000223917,547.6150893707093,559.7096557617188,70000,0.0,0.0
2013-09-26 00:00:00+09:00,556.3093230608598,564.4703400250778,556.3093230608598,560.3898315429688,36000,10.0,0.0
2013-09-27 00:00:00+09:00,564.4701543983055,567.8705770151627,561.7498163048197,563.1099853515625,43000,0.0,0.0
2013-09-30 00:00:00+09:00,563.7901014293324,566.5104396750711,558.3494249378551,561.0697631835938,47000,0.0,0.0
2013-10-01 00:00:00+09:00,554.9489710711051,570.5909151086485,549.5082948841334,563.1099853515625,54200,0.0,0.0
2013-10-02 00:00:00+09:00,566.5104437683781,566.5104437683781,551.548583308709,552.9087524414062,32600,0.0,0.0
2013-10-03 00:00:00+09:00,550.8684444064876,556.989204899893,533.8663319248059,536.586669921875,88700,0.0,0.0
2013-10-04 00:00:00+09:00,526.3855230193277,545.4278933611122,519.5846764686904,535.2266235351562,50700,0.0,0.0
2013-10-07 00:00:00+09:00,540.6673105277267,540.6673105277267,519.584685840482,520.2647705078125,34600,0.0,0.0
2013-10-08 00:00:00+09:00,510.0634709702736,526.3855020413224,502.5825400627096,519.5846557617188,67800,0.0,0.0
2013-10-09 00:00:00+09:00,519.5845584942276,536.5866710104,512.1036289871118,533.8663330078125,34400,0.0,0.0
2013-10-10 00:00:00+09:00,540.6672649383545,544.0676879882812,531.1460803985595,544.0676879882812,47000,0.0,0.0
2013-10-11 00:00:00+09:00,554.9489525278663,554.9489525278663,520.9447274955214,533.8663330078125,138200,0.0,0.0
2013-10-15 00:00:00+09:00,535.2264998485282,545.4277673170516,530.4659083632172,539.3070068359375,22100,0.0,0.0
2013-10-16 00:00:00+09:00,537.2667517441236,544.0675967029099,536.5866672482449,543.3875122070312,20100,0.0,0.0
2013-10-17 00:00:00+09:00,544.0675054962312,553.5886868424152,533.8662397681768,541.34716796875,41200,0.0,0.0
2013-10-18 00:00:00+09:00,543.3875122070312,545.4277656946672,535.9065827523663,543.3875122070312,29400,0.0,0.0
2013-10-21 00:00:00+09:00,550.1884175795843,552.9087558618072,541.3473181623599,546.10791015625,41800,0.0,0.0
2013-10-22 00:00:00+09:00,544.0677180867666,554.2689878008935,542.0274641439412,544.747802734375,50800,0.0,0.0
2013-10-23 00:00:00+09:00,543.387639395921,546.1079780161759,533.8664542250287,535.2266235351562,38900,0.0,0.0
2013-10-24 00:00:00+09:00,535.906641597914,546.7879947268057,535.906641597914,546.10791015625,33700,0.0,0.0
2013-10-25 00:00:00+09:00,547.4680219101513,547.4680219101513,535.2265009233404,536.586669921875,51100,0.0,0.0
2013-10-28 00:00:00+09:00,543.3876026182103,548.8282794904827,542.0274334001422,545.4278564453125,58100,0.0,0.0
2013-10-29 00:00:00+09:00,543.3875122070312,544.7476811987885,543.3875122070312,543.3875122070312,31600,0.0,0.0
2013-10-30 00:00:00+09:00,545.4278202266484,557.6693423763736,539.9871437156594,556.9892578125,114800,0.0,0.0
2013-10-31 00:00:00+09:00,557.66936815702,567.8706370867216,557.66936815702,565.8303833007812,140500,0.0,0.0
2013-11-01 00:00:00+09:00,565.8303612918216,567.8706149984027,546.107908794871,548.8282470703125,54900,0.0,0.0
2013-11-05 00:00:00+09:00,546.7880218956858,567.8706446304697,546.7880218956858,552.2286987304688,75900,0.0,0.0
2013-11-06 00:00:00+09:00,560.3897022410027,578.0719015835587,558.3494484707078,573.9913940429688,160800,0.0,0.0
2013-11-07 00:00:00+09:00,574.6714181061878,577.3917561800632,569.230741958437,572.6311645507812,97100,0.0,0.0
2013-11-08 00:00:00+09:00,567.870728491592,569.2308979011526,561.7499661485688,566.5105590820312,34800,0.0,0.0
2013-11-11 00:00:00+09:00,556.3091097142642,568.5506304659227,556.3091097142642,563.7900390625,34300,0.0,0.0
2013-11-12 00:00:00+09:00,560.3896126109468,580.7921470506657,560.3896126109468,574.67138671875,111000,0.0,0.0
2013-11-13 00:00:00+09:00,578.0719359620603,578.0719359620603,557.6693970457522,567.8706665039062,57800,0.0,0.0
2013-11-14 00:00:00+09:00,567.8707575455807,574.6716049413361,562.4300796289763,568.5508422851562,73300,0.0,0.0
2013-11-15 00:00:00+09:00,571.2710872473247,578.0719335240785,568.5507487366231,571.951171875,90300,0.0,0.0
2013-11-18 00:00:00+09:00,574.6715755393955,574.6715755393955,565.1503896724705,566.5105590820312,46200,0.0,0.0
2013-11-19 00:00:00+09:00,565.1504185872785,572.6313507226095,561.7499948894008,568.5508422851562,94200,0.0,0.0
2013-11-20 00:00:00+09:00,569.2307113701763,574.6713872255663,566.5103734424813,573.3112182617188,43900,0.0,0.0
2013-11-21 00:00:00+09:00,571.2709932215073,578.0718383789062,571.2709932215073,578.0718383789062,106400,0.0,0.0
2013-11-22 00:00:00+09:00,581.4722881250681,587.5930490527004,578.7519499350093,585.5527954101562,145000,0.0,0.0
2013-11-25 00:00:00+09:00,586.2327566883831,591.6734319244702,578.7518282387633,589.6331787109375,142200,0.0,0.0
2013-11-26 00:00:00+09:00,593.033682764104,616.8366402144981,593.033682764104,614.79638671875,272600,0.0,0.0
2013-11-27 00:00:00+09:00,616.1566701121144,639.2795473569399,608.6757392387885,628.398193359375,416500,0.0,0.0
2013-11-28 00:00:00+09:00,627.0379767893274,669.8833049213531,627.0379767893274,661.7222900390625,437200,0.0,0.0
2013-11-29 00:00:00+09:00,658.321815742063,659.6819847828524,630.4383504058806,639.9595336914062,207100,0.0,0.0
2013-12-02 00:00:00+09:00,639.2796311120592,649.4809018212942,630.4385298307222,641.3198852539062,115200,0.0,0.0
2013-12-03 00:00:00+09:00,639.2793606784895,646.0802049410266,629.7581787109375,629.7581787109375,139000,0.0,0.0
2013-12-04 00:00:00+09:00,628.3980691934348,643.3599279837547,622.2773087792131,633.8387451171875,187700,0.0,0.0
2013-12-05 00:00:00+09:00,640.6395295309969,646.0802049410266,629.0780942846839,629.7581787109375,106000,0.0,0.0
2013-12-06 00:00:00+09:00,622.2774606846683,633.1588151884439,622.2774606846683,630.4384765625,43500,0.0,0.0
2013-12-09 00:00:00+09:00,635.1989420486434,641.3197027321957,625.6777587631177,639.9595336914062,90200,0.0,0.0
2013-12-10 00:00:00+09:00,633.8388068086358,637.9193141486055,629.0782149120043,632.4786376953125,49700,0.0,0.0
2013-12-11 00:00:00+09:00,632.4786963829628,641.3197964399288,622.95751170623,636.5592041015625,108900,0.0,0.0
2013-12-12 00:00:00+09:00,637.9193671731389,652.8812286633404,627.7180979752742,647.4405517578125,165300,0.0,0.0
2013-12-13 00:00:00+09:00,645.4003994754255,645.4003994754255,629.0783661904832,633.1588745117188,134700,0.0,0.0
2013-12-16 00:00:00+09:00,631.1184718919836,634.5188946931258,625.6777954101562,625.6777954101562,60600,0.0,0.0
2013-12-17 00:00:00+09:00,631.118347563445,631.118347563445,623.6374188746541,629.7581787109375,63500,0.0,0.0
2013-12-18 00:00:00+09:00,626.3579686235842,631.118561218986,626.3579686235842,630.4384765625,99500,0.0,0.0
2013-12-19 00:00:00+09:00,631.1185263692697,641.9998802721881,629.0782725124725,637.9193725585938,192000,0.0,0.0
2013-12-20 00:00:00+09:00,642.6799757937167,678.7244612086024,641.9998911632472,671.2435302734375,394800,0.0,0.0
2013-12-24 00:00:00+09:00,669.2033447517057,673.2838529514113,652.8813119528836,660.3622436523438,234400,0.0,0.0
2013-12-25 00:00:00+09:00,664.4424741780099,667.8428962567101,661.0420520993098,665.12255859375,177200,0.0,0.0
2013-12-26 00:00:00+09:00,665.8028650209885,723.6100596346597,665.1227803784748,701.8473510742188,327600,0.0,0.0
2013-12-27 00:00:00+09:00,687.5655418109066,719.5295185320862,684.1651187554619,705.2477416992188,281700,0.0,0.0
2013-12-30 00:00:00+09:00,704.5675665082507,726.3302712652624,697.7667212716846,703.2073974609375,225400,0.0,0.0
2014-01-06 00:00:00+09:00,693.0060685291915,718.1691936867775,689.6056462105988,705.9276733398438,136100,0.0,0.0
2014-01-07 00:00:00+09:00,707.2878663717074,737.8916682820217,705.2476129110198,722.9298095703125,211600,0.0,0.0
2014-01-08 00:00:00+09:00,724.9702124524473,734.4913972313725,715.4490276735221,729.0507202148438,105100,0.0,0.0
2014-01-09 00:00:00+09:00,722.2499114845601,722.9299961469749,713.4088108731671,717.4893188476562,85100,0.0,0.0
2014-01-10 00:00:00+09:00,717.4891986974201,720.2095368915336,702.5273386297962,713.40869140625,107600,0.0,0.0
2014-01-14 00:00:00+09:00,700.4869995117188,715.4488577537167,696.4064927184467,700.4869995117188,107700,0.0,0.0
2014-01-15 00:00:00+09:00,712.0485191453281,720.8896182369128,703.8875045992498,720.2095336914062,178000,0.0,0.0
2014-01-16 00:00:00+09:00,714.7688302192979,720.8895908967229,710.6883231010145,712.7285766601562,65000,0.0,0.0
2014-01-17 00:00:00+09:00,716.1290848852883,727.0104385017789,710.6884080770429,724.2901000976562,107900,0.0,0.0
2014-01-20 00:00:00+09:00,722.9298347289813,737.8916939613779,718.169243155037,735.8514404296875,213500,0.0,0.0
2014-01-21 00:00:00+09:00,732.4509584788495,737.8916341221465,725.6501139247284,731.7708740234375,103100,0.0,0.0
2014-01-22 00:00:00+09:00,725.6502100554585,730.4108018740042,716.1290264183672,720.2095336914062,73000,0.0,0.0
2014-01-23 00:00:00+09:00,722.9298933671984,750.1332759962556,719.5294705385662,738.5718383789062,180400,0.0,0.0
2014-01-24 00:00:00+09:00,714.0889025514692,720.8897492424355,701.1672938386331,706.6079711914062,313400,0.0,0.0
2014-01-27 00:00:00+09:00,693.6862243652344,697.0866470336914,678.044280090332,680.0845336914062,241400,0.0,0.0
2014-01-28 00:00:00+09:00,680.0845336914062,689.6057171630858,666.482843017578,680.0845336914062,158200,0.0,0.0
2014-01-29 00:00:00+09:00,686.8853688931788,706.6078200792206,684.8451153222089,703.2073974609375,167600,0.0,0.0
2014-01-30 00:00:00+09:00,675.3239773358185,689.6057532915609,663.7625396573604,669.88330078125,148900,0.0,0.0
2014-01-31 00:00:00+09:00,680.084658340669,685.5253356073944,667.1630498321963,676.004150390625,142500,0.0,0.0
2014-02-03 00:00:00+09:00,666.4828950440235,669.2032333911419,637.2392578125,637.2392578125,198800,0.0,0.0
2014-02-04 00:00:00+09:00,625.6777833050627,669.8832788646595,601.8748241575875,651.52099609375,396400,0.0,0.0
2014-02-05 00:00:00+09:00,671.2435502365173,703.2075288192086,669.8833809351262,688.2456665039062,341500,0.0,0.0
2014-02-06 00:00:00+09:00,680.7645514011383,710.6882679462433,671.9234533309937,696.406494140625,270800,0.0,0.0
2014-02-07 00:00:00+09:00,695.0464763399922,705.9278301770174,680.0846148140823,698.4468994140625,214200,0.0,0.0
2014-02-10 00:00:00+09:00,698.4467485016468,701.8471708409927,686.2052280800016,693.6861572265625,93900,0.0,0.0
2014-02-12 00:00:00+09:00,694.3662421745496,705.2475936679804,687.5653974911553,692.3259887695312,88400,0.0,0.0
2014-02-13 00:00:00+09:00,680.084658340669,693.6863515074824,675.3240657322843,676.004150390625,171000,0.0,0.0
2014-02-14 00:00:00+09:00,673.2837874166081,678.7244644866413,654.9215023052461,665.8028564453125,173400,0.0,0.0
2014-02-17 00:00:00+09:00,665.1227402075244,673.2837554247948,649.4807943744232,667.8430786132812,100400,0.0,0.0
2014-02-18 00:00:00+09:00,665.8027578875452,688.2455474792602,660.362081622887,681.4447021484375,154300,0.0,0.0
2014-02-19 00:00:00+09:00,676.0040689260849,676.0040689260849,653.5612779054,656.2816162109375,103100,0.0,0.0
2014-02-20 00:00:00+09:00,655.6016938610762,660.3622870737604,639.2796599890163,643.3601684570312,85800,0.0,0.0
2014-02-21 00:00:00+09:00,642.6799512545921,665.8028278076674,642.6799512545921,662.4024047851562,125900,0.0,0.0
2014-02-24 00:00:00+09:00,665.8028580729166,677.3642968749999,650.8409960937499,663.08251953125,98800,0.0,0.0
2014-02-25 00:00:00+09:00,669.8833634340557,673.2837865986955,664.4426863706318,667.1630249023438,83900,0.0,0.0
2014-02-26 00:00:00+09:00,667.8430816211741,675.3240122706984,659.6820663671474,662.4024047851562,103300,0.0,0.0
2014-02-27 00:00:00+09:00,663.0823952256724,674.6438318603764,660.3620571939773,668.5230712890625,57400,0.0,0.0
2014-02-28 00:00:00+09:00,668.5231632147204,671.9235862219164,661.0422325988893,667.8430786132812,85600,0.0,0.0
2014-03-03 00:00:00+09:00,667.8430437097597,679.4044813299898,658.3218597872174,676.6841430664062,134000,0.0,0.0
2014-03-04 00:00:00+09:00,667.1629245871364,690.9658831605817,665.1226709951269,686.8853759765625,177800,0.0,0.0
2014-03-05 00:00:00+09:00,692.3262387345846,694.3664928762386,679.404629170776,684.1652221679688,101600,0.0,0.0
2014-03-06 00:00:00+09:00,684.1650402807666,686.2052938800134,672.6036032183679,681.4447021484375,66300,0.0,0.0
2014-03-07 00:00:00+09:00,686.8854035292336,694.3663336666807,682.8048961815351,693.0061645507812,86600,0.0,0.0
2014-03-10 00:00:00+09:00,693.6863181540916,693.6863181540916,678.0443717643425,679.404541015625,39100,0.0,0.0
2014-03-11 00:00:00+09:00,689.6057140992419,696.4065594059406,681.4446997312036,686.8853759765625,62600,0.0,0.0
2014-03-12 00:00:00+09:00,684.1649195763373,684.1649195763373,672.6034845536756,674.6437377929688,66500,0.0,0.0
2014-03-13 00:00:00+09:00,680.0846256412663,684.8452180207552,677.3642871387012,679.404541015625,48100,0.0,0.0
2014-03-14 00:00:00+09:00,686.2053971354167,686.2053971354167,661.7223502604166,663.08251953125,160400,0.0,0.0
2014-03-17 00:00:00+09:00,659.6820419136135,666.4828877065373,648.8006886449353,650.8409423828125,88600,0.0,0.0
2014-03-18 00:00:00+09:00,657.6417440795898,686.8853790283202,657.6417440795898,680.0845336914062,94500,0.0,0.0
2014-03-19 00:00:00+09:00,684.1650679198735,695.0464208887781,678.0443068748647,687.5654907226562,132600,0.0,0.0
2014-03-20 00:00:00+09:00,693.0061990647089,693.0061990647089,679.4045072283063,685.5252685546875,100100,0.0,0.0
2014-03-24 00:00:00+09:00,684.1650679198735,694.3663363282216,684.1650679198735,687.5654907226562,101000,0.0,0.0
2014-03-25 00:00:00+09:00,693.6862736411076,708.6481344451315,690.2858507311022,704.567626953125,152700,0.0,0.0
2014-03-26 00:00:00+09:00,704.5676533025908,718.8494300587244,704.5676533025908,712.048583984375,126700,0.0,0.0
2014-03-27 00:00:00+09:00,712.7405438473738,718.2763927316253,691.9811105314309,717.5844116210938,144500,18.0,0.0
2014-03-28 00:00:00+09:00,717.5843770503998,717.5843770503998,698.900887966156,708.588623046875,63300,0.0,0.0
2014-03-31 00:00:00+09:00,712.7405927743702,725.8882347770042,707.2047435101033,724.5042724609375,90800,0.0,0.0
2014-04-01 00:00:00+09:00,726.5802999976002,732.8081311404368,718.9685063785777,732.1161499023438,106400,0.0,0.0
2014-04-02 00:00:00+09:00,732.8081311404368,752.1836058070394,730.7321874261579,732.1161499023438,151400,0.0,0.0
2014-04-03 00:00:00+09:00,743.187689801772,772.9428766374108,740.4197654449683,769.4829711914062,271200,0.0,0.0
2014-04-04 00:00:00+09:00,769.4830619861143,769.4830619861143,750.1075892022913,752.1835327148438,92500,0.0,0.0
2014-04-07 00:00:00+09:00,741.1118701656923,745.9557385981477,727.9642272775988,731.4241333007812,45800,0.0,0.0
2014-04-08 00:00:00+09:00,726.5800319459081,729.3479558771306,707.8965454101562,707.8965454101562,73400,0.0,0.0
2014-04-09 00:00:00+09:00,705.8206331623135,709.9725192397389,695.44091796875,695.44091796875,87000,0.0,0.0
2014-04-10 00:00:00+09:00,716.2003745880735,717.5843366645721,689.9050951345982,694.7489624023438,65100,0.0,0.0
2014-04-11 00:00:00+09:00,685.0614367195384,696.8251179561365,678.1416242274219,685.75341796875,102600,0.0,0.0
2014-04-14 00:00:00+09:00,681.6013683529955,700.2848576377984,681.6013683529955,688.5211791992188,109600,0.0,0.0
2014-04-15 00:00:00+09:00,691.9811089517582,704.4367689128899,691.9811089517582,696.1329956054688,89400,0.0,0.0
2014-04-16 00:00:00+09:00,706.5127349349337,712.048583984375,699.5929236231323,712.048583984375,46300,0.0,0.0
2014-04-17 00:00:00+09:00,712.7404175976188,728.6559803206725,712.0484366096599,721.044189453125,59500,0.0,0.0
2014-04-18 00:00:00+09:00,725.1961937650966,725.1961937650966,706.5127040402325,716.200439453125,37500,0.0,0.0
2014-04-21 00:00:00+09:00,724.5042666010983,732.8080404303373,723.1203042962252,727.9641723632812,51800,0.0,0.0
2014-04-22 00:00:00+09:00,730.7322427591463,730.7322427591463,709.2808227539062,709.2808227539062,29500,0.0,0.0
2014-04-23 00:00:00+09:00,712.7405195626599,717.5843871713381,703.0527843453033,709.9725952148438,22800,0.0,0.0
2014-04-24 00:00:00+09:00,710.6646217220147,718.9683952961765,707.2047160661139,712.048583984375,43500,0.0,0.0
2014-04-25 00:00:00+09:00,718.9683527166194,723.1202392578125,715.508447265625,723.1202392578125,55500,0.0,0.0
2014-04-28 00:00:00+09:00,716.8925050695358,726.5802416245294,716.2005238870362,723.8123168945312,57900,0.0,0.0
2014-04-30 00:00:00+09:00,723.1203080707951,723.1203080707951,709.9726661058716,711.3566284179688,39600,0.0,0.0
2014-05-01 00:00:00+09:00,706.5126490917021,719.6602889866506,706.5126490917021,712.740478515625,64600,0.0,0.0
2014-05-02 00:00:00+09:00,716.2005506887945,719.6604567307693,700.976964104105,701.6689453125,87600,0.0,0.0
2014-05-07 00:00:00+09:00,737.6518876926272,764.6391518765038,734.8839631609475,754.951416015625,456400,0.0,0.0
2014-05-08 00:00:00+09:00,750.7995996361791,764.6392235926064,750.1076184383578,756.33544921875,213100,0.0,0.0
2014-05-09 00:00:00+09:00,755.6434286794355,794.3943737399194,755.6434286794355,793.702392578125,349100,0.0,0.0
2014-05-12 00:00:00+09:00,788.8587474908377,791.6266729206301,766.0233626950502,772.9431762695312,154300,0.0,0.0
2014-05-13 00:00:00+09:00,790.9344896646421,797.8543014727318,771.5590166019913,788.1665649414062,165500,0.0,0.0
2014-05-14 00:00:00+09:00,799.2380672406547,829.6852317069654,798.5460862300567,819.9974975585938,293600,0.0,0.0
2014-05-15 00:00:00+09:00,817.2296642236205,825.5334372724634,817.2296642236205,824.1494750976562,162800,0.0,0.0
2014-05-16 00:00:00+09:00,822.0733594486719,827.6092069870468,816.5375119102971,825.5332641601562,178900,0.0,0.0
2014-05-19 00:00:00+09:00,824.8415063518729,828.301411999322,799.9301856902391,801.3141479492188,131200,0.0,0.0
2014-05-20 00:00:00+09:00,802.006122171247,802.698103294777,781.2466884653476,783.3226318359375,139200,0.0,0.0
2014-05-21 00:00:00+09:00,776.4026037565277,791.626184222342,775.0186418959992,782.6304321289062,88900,0.0,0.0
2014-05-22 00:00:00+09:00,792.3183834511516,802.6981002649221,792.3183834511516,799.93017578125,161300,0.0,0.0
2014-05-23 00:00:00+09:00,813.0779339845461,816.537840086608,786.7826476088757,790.2425537109375,165700,0.0,0.0
2014-05-26 00:00:00+09:00,801.3142297601014,817.2297973632812,795.0863989588571,817.2297973632812,125900,0.0,0.0
2014-05-27 00:00:00+09:00,814.4618048051007,858.0566167870219,814.4618048051007,850.44482421875,255700,0.0,0.0
2014-05-28 00:00:00+09:00,855.2885742187501,871.8961193492112,852.5206500303399,855.28857421875,152600,0.0,0.0
2014-05-29 00:00:00+09:00,852.5209254319107,857.3647943264101,844.90913145484,851.136962890625,81400,0.0,0.0
2014-05-30 00:00:00+09:00,849.7527932972083,858.056566521611,842.1410011748392,843.5249633789062,113400,0.0,0.0
2014-06-02 00:00:00+09:00,864.284509535037,887.8118700828284,863.592528342455,885.0439453125,147200,0.0,0.0
2014-06-03 00:00:00+09:00,895.4237041199882,925.8708779849646,888.5038918779481,916.8751220703125,221600,0.0,0.0
2014-06-04 00:00:00+09:00,914.1070010413422,916.1829442685367,896.1154930723226,902.3433227539062,120300,0.0,0.0
2014-06-05 00:00:00+09:00,896.115371465683,901.6512193202973,876.7399039745331,885.7356567382812,114300,0.0,0.0
2014-06-06 00:00:00+09:00,886.4276529788598,898.1913298724121,882.2757670164295,883.6597290039062,87600,0.0,0.0
2014-06-09 00:00:00+09:00,891.9638863524447,909.2634186711499,887.8119985959554,894.7318115234375,111700,0.0,0.0
2014-06-10 00:00:00+09:00,898.8832803262246,899.5752612964527,885.7356418918919,896.1153564453125,100300,0.0,0.0
2014-06-11 00:00:00+09:00,897.4994198615425,908.5711166370126,897.4994198615425,901.6513061523438,86700,0.0,0.0
2014-06-12 00:00:00+09:00,893.3473510742186,899.5751792381753,885.7355610960495,893.3473510742188,95000,0.0,0.0
2014-06-13 00:00:00+09:00,885.7358465735069,906.4952804775735,885.0438654433714,903.7273559570312,109500,0.0,0.0
2014-06-16 00:00:00+09:00,901.6514340534416,903.0353963466932,890.5797357074284,898.1915283203125,82500,0.0,0.0
2014-06-17 00:00:00+09:00,889.1958324679925,894.0397008160671,878.8161145792611,885.0439453125,134200,0.0,0.0
2014-06-18 00:00:00+09:00,882.275900054185,886.4277866426753,869.1282591906324,876.7400512695312,178000,0.0,0.0
2014-06-19 00:00:00+09:00,868.4365012655452,868.4365012655452,844.2171566087372,847.6770629882812,339200,0.0,0.0
2014-06-20 00:00:00+09:00,848.3689356576681,873.9722395886092,846.2929920956999,853.90478515625,363900,0.0,0.0
2014-06-23 00:00:00+09:00,855.288719880839,877.4321171593074,855.288719880839,862.9005126953125,174400,0.0,0.0
2014-06-24 00:00:00+09:00,849.7529349596398,854.5968034813966,828.3015172204306,833.1453857421875,343600,0.0,0.0
2014-06-25 00:00:00+09:00,830.3773262494716,838.6810995119663,817.9216663557296,818.6136474609375,222600,0.0,0.0
2014-06-26 00:00:00+09:00,828.3013151550292,841.448955078125,819.9975425720214,830.3772583007812,132400,0.0,0.0
2014-06-27 00:00:00+09:00,833.8371481067027,839.3729963928882,821.3814894627851,832.4531860351562,167000,0.0,0.0
2014-06-30 00:00:00+09:00,836.605224609375,860.132584110383,832.4533376386089,858.056640625,245100,0.0,0.0
2014-07-01 00:00:00+09:00,861.5165464339718,871.2042826990928,853.9047536542339,858.056640625,110500,0.0,0.0
2014-07-02 00:00:00+09:00,878.8160715223868,882.275977315782,866.3604106661641,874.6641845703125,187100,0.0,0.0
2014-07-03 00:00:00+09:00,878.8161291882645,879.5081103923497,862.9005614943038,869.8203735351562,172100,0.0,0.0
2014-07-04 00:00:00+09:00,883.6598201522768,890.5796308034301,872.5881231104315,887.8117065429688,266200,0.0,0.0
2014-07-07 00:00:00+09:00,896.1154856990676,899.575391049257,874.6640725278929,876.0480346679688,301800,0.0,0.0
2014-07-08 00:00:00+09:00,880.2001696134868,898.1916825143913,874.6643194901316,894.039794921875,156500,0.0,0.0
2014-07-09 00:00:00+09:00,880.8919465707486,895.4235497741938,875.3560977313409,886.4277954101562,238500,0.0,0.0
2014-07-10 00:00:00+09:00,887.811703471711,891.2716087853186,865.6683094646223,866.3602905273438,89300,0.0,0.0
2014-07-11 00:00:00+09:00,858.0565223360553,873.2801057968563,858.0565223360553,871.2041625976562,73200,0.0,0.0
2014-07-14 00:00:00+09:00,885.0439453124999,891.9637572383209,876.7401710015148,885.0439453125,93200,0.0,0.0
2014-07-15 00:00:00+09:00,891.2715148449688,894.7314197939012,882.2757619777448,887.11962890625,113300,0.0,0.0
2014-07-16 00:00:00+09:00,885.7358630952381,887.1198253813244,869.1283156622023,871.896240234375,88000,0.0,0.0
2014-07-17 00:00:00+09:00,871.8962204076681,877.4320694261295,866.3603713892068,869.1282958984375,83800,0.0,0.0
2014-07-18 00:00:00+09:00,864.9764916835686,868.436397650303,858.0566797501001,863.592529296875,78600,0.0,0.0
2014-07-22 00:00:00+09:00,874.664116626415,890.5796820397121,870.5122299968592,886.4277954101562,83300,0.0,0.0
2014-07-23 00:00:00+09:00,889.1957688104538,889.1957688104538,869.1283156622023,871.896240234375,65400,0.0,0.0
2014-07-24 00:00:00+09:00,871.8963036170372,876.0481907771183,862.9005481035281,863.592529296875,66800,0.0,0.0
2014-07-25 00:00:00+09:00,871.896240234375,873.2802025204612,866.3603910900297,871.896240234375,53400,0.0,0.0
2014-07-28 00:00:00+09:00,882.9680378761909,901.6515308406557,882.9680378761909,898.8836059570312,182200,0.0,0.0
2014-07-29 00:00:00+09:00,900.9595398560982,905.111427136541,890.5798216549911,897.4996337890625,116100,0.0,0.0
2014-07-30 00:00:00+09:00,892.6554665565491,898.8832953929901,883.659713792801,885.7356567382812,94100,0.0,0.0
2014-07-31 00:00:00+09:00,895.4234007836876,896.1153817734742,881.5837809879583,887.11962890625,66900,0.0,0.0
2014-08-01 00:00:00+09:00,877.4320234479525,912.0310780003165,877.4320234479525,905.1112670898438,197500,0.0,0.0
2014-08-04 00:00:00+09:00,858.0565912621103,864.2844213599805,817.2297050649615,821.381591796875,742300,0.0,0.0
2014-08-05 00:00:00+09:00,813.0778751755093,819.9976868791307,792.3184400646452,795.0863647460938,312100,0.0,0.0
2014-08-06 00:00:00+09:00,795.0863109359472,803.3900844183069,781.2466884653476,783.3226318359375,156200,0.0,0.0
2014-08-07 00:00:00+09:00,778.478777899646,795.0863251615051,766.0231174532516,789.5504760742188,205500,0.0,0.0
2014-08-08 00:00:00+09:00,783.3225661892361,788.8584147135417,776.4027555338542,778.4786987304688,123000,0.0,0.0
2014-08-11 00:00:00+09:00,780.5547853263829,802.0062022990052,780.5547853263829,794.3944091796875,107900,0.0,0.0
2014-08-12 00:00:00+09:00,802.697967582187,806.8498536214051,795.7781575168233,798.5460815429688,84200,0.0,0.0
2014-08-13 00:00:00+09:00,804.0819142439701,814.4616291438493,793.702199344091,800.6220092773438,165700,0.0,0.0
2014-08-14 00:00:00+09:00,798.5462963356789,804.7741270696661,748.0316692711169,794.3944091796875,353200,0.0,0.0
2014-08-15 00:00:00+09:00,795.0864675197018,795.0864675197018,780.5548610637281,792.3185424804688,106500,0.0,0.0
2014-08-18 00:00:00+09:00,793.7023082988762,819.3056085665819,784.0145730624471,815.845703125,138900,0.0,0.0
2014-08-19 00:00:00+09:00,816.53760808961,820.6894942324385,806.1578927325387,809.6177978515625,52200,0.0,0.0
2014-08-20 00:00:00+09:00,811.0017396606233,813.0776826802324,796.4701385233597,798.5460815429688,70100,0.0,0.0
2014-08-21 00:00:00+09:00,802.0062022990052,804.7741270696661,788.8585596383657,794.3944091796875,94100,0.0,0.0
2014-08-22 00:00:00+09:00,792.3183493893708,800.6221224834079,779.8626897483152,790.9343872070312,74300,0.0,0.0
2014-08-25 00:00:00+09:00,804.0822240036377,808.9260928229368,790.2425988056406,805.4661865234375,67900,0.0,0.0
2014-08-26 00:00:00+09:00,809.617931497508,813.0778371876684,802.0061389791555,802.6981201171875,56200,0.0,0.0
2014-08-27 00:00:00+09:00,802.0061280488334,802.0061280488334,771.558958390379,779.8627319335938,148600,0.0,0.0
2014-08-28 00:00:00+09:00,778.4788343641493,787.4745897834684,770.8670413170332,784.7066650390625,57600,0.0,0.0
2014-08-29 00:00:00+09:00,782.6306564479987,784.0146187052012,778.4787696763913,779.8627319335938,34600,0.0,0.0
2014-09-01 00:00:00+09:00,781.2466541934588,786.7825029388509,772.2508999821966,774.3268432617188,88300,0.0,0.0
2014-09-02 00:00:00+09:00,775.7108467409963,786.0905636911435,768.7910354408983,771.5589599609375,84700,0.0,0.0
2014-09-03 00:00:00+09:00,775.0188513647151,780.5547003030346,762.5631912534966,765.3311157226562,162500,0.0,0.0
2014-09-04 00:00:00+09:00,764.6391346053663,773.6348891301353,757.7193234324671,765.3311157226562,127600,0.0,0.0
2014-09-05 00:00:00+09:00,757.719455711783,760.4873806641548,730.0402061880649,732.1161499023438,236400,0.0,0.0
2014-09-08 00:00:00+09:00,739.7279040527344,766.7151708984375,739.7279040527344,761.1793212890625,106900,0.0,0.0
2014-09-09 00:00:00+09:00,773.6349429175967,773.6349429175967,752.875507955586,755.6434326171875,106300,0.0,0.0
2014-09-10 00:00:00+09:00,750.7995663152741,773.6349448299321,750.7995663152741,768.7910766601562,118200,0.0,0.0
2014-09-11 00:00:00+09:00,771.5589373752409,787.4745028995733,770.1749751557337,785.3985595703125,130400,0.0,0.0
2014-09-12 00:00:00+09:00,797.8543151430138,799.2382775283442,786.78261606037,794.3944091796875,173300,0.0,0.0
2014-09-16 00:00:00+09:00,797.8541155853666,806.1578878204267,793.0102484482481,804.77392578125,108700,0.0,0.0
2014-09-17 00:00:00+09:00,805.4661387567935,814.4618946020154,799.2383077870244,811.6939697265625,129900,0.0,0.0
2014-09-18 00:00:00+09:00,812.3857275771765,815.1536516915791,791.6262967191566,797.8541259765625,136200,0.0,0.0
2014-09-19 00:00:00+09:00,806.1581676766341,806.1581676766341,786.7826924020026,792.3185424804688,120600,0.0,0.0
2014-09-22 00:00:00+09:00,798.5461070051632,799.2380880337639,786.0904484903513,797.8541259765625,73300,0.0,0.0
2014-09-24 00:00:00+09:00,792.3184087844122,804.0820882161457,792.3184087844122,799.2382202148438,102200,0.0,0.0
2014-09-25 00:00:00+09:00,805.4658611414782,811.693689964737,804.773880161116,811.001708984375,108100,0.0,0.0
2014-09-26 00:00:00+09:00,810.3038392262915,819.3770088300313,803.3244779926456,815.1893920898438,78700,10.0,0.0
2014-09-29 00:00:00+09:00,823.5646255702188,828.4501784337709,808.2100308561978,815.1893920898438,117900,0.0,0.0
2014-09-30 00:00:00+09:00,814.4915016771399,816.5853101647418,797.0430976137908,802.6265869140625,105700,0.0,0.0
2014-10-01 00:00:00+09:00,799.8348918431242,801.2307642547178,785.8761677271883,792.8555297851562,80500,0.0,0.0
2014-10-02 00:00:00+09:00,785.876011137971,787.271883271431,766.3338012695311,766.3338012695312,107300,0.0,0.0
2014-10-03 00:00:00+09:00,764.2402443915902,783.0845243902869,764.2402443915902,774.0113525390625,81200,0.0,0.0
2014-10-06 00:00:00+09:00,781.6885456996681,790.7617163193964,776.8029922890453,788.6679077148438,51700,0.0,0.0
2014-10-07 00:00:00+09:00,792.1573607653457,812.3975047849008,789.3656167626484,800.5325927734375,134300,0.0,0.0
2014-10-08 00:00:00+09:00,791.4595197825905,791.4595197825905,779.5946063466963,780.990478515625,69000,0.0,0.0
2014-10-09 00:00:00+09:00,797.7409242723809,797.7409242723809,766.3338012695311,766.3338012695312,49000,0.0,0.0
2014-10-10 00:00:00+09:00,748.1874898754123,755.1668507884293,738.4163845971888,740.5101928710938,73800,0.0,0.0
2014-10-14 00:00:00+09:00,736.3226952940394,748.8855469673026,732.8330142736885,738.41650390625,75200,0.0,0.0
2014-10-15 00:00:00+09:00,739.812513563368,755.865049235026,738.4166408962674,753.771240234375,58100,0.0,0.0
2014-10-16 00:00:00+09:00,743.3020677753524,758.656664480571,740.5103229198581,747.4896850585938,87600,0.0,0.0
2014-10-17 00:00:00+09:00,752.3752832403628,761.448454559588,731.4371955806125,732.1351318359375,93100,0.0,0.0
2014-10-20 00:00:00+09:00,755.8648863917562,774.7091633378111,754.4690140253817,771.219482421875,62200,0.0,0.0
2014-10-21 00:00:00+09:00,776.8029443859942,778.1988167029502,746.791689571441,748.885498046875,35000,0.0,0.0
2014-10-22 00:00:00+09:00,763.5422371084832,773.3133443475314,753.771129869435,764.2401733398438,41000,0.0,0.0
2014-10-23 00:00:00+09:00,753.0731715423098,756.5628525967227,742.604128379071,744.6979370117188,57200,0.0,0.0
2014-10-24 00:00:00+09:00,764.2400978668722,764.2400978668722,746.7916938059847,752.3751831054688,42600,0.0,0.0
2014-10-27 00:00:00+09:00,752.3751762604045,752.3751762604045,742.6040700752044,746.7916870117188,41000,0.0,0.0
2014-10-28 00:00:00+09:00,747.4895444047894,754.4689052302309,732.134950588818,733.5308227539062,66100,0.0,0.0
2014-10-29 00:00:00+09:00,734.2288428821457,755.1669277552107,734.2288428821457,752.3751831054688,42800,0.0,0.0
2014-10-30 00:00:00+09:00,763.5421599774555,763.5421599774555,747.4896282777466,750.9793090820312,53000,0.0,0.0
2014-10-31 00:00:00+09:00,755.1669574511543,780.2926602868674,755.1669574511543,777.5009155273438,97200,0.0,0.0
2014-11-04 00:00:00+09:00,809.606059510031,811.0019320264275,777.500991632909,791.459716796875,144500,0.0,0.0
2014-11-05 00:00:00+09:00,760.7504949188881,823.5647559672366,760.7504949188881,821.470947265625,180600,0.0,0.0
2014-11-06 00:00:00+09:00,823.564707096791,843.1069204855285,823.564707096791,831.93994140625,195300,0.0,0.0
2014-11-07 00:00:00+09:00,825.6586310927931,841.013229473217,823.5648222227354,826.3565673828125,74500,0.0,0.0
2014-11-10 00:00:00+09:00,828.450071284942,836.8253036820939,824.2624550863661,827.05419921875,62800,0.0,0.0
2014-11-11 00:00:00+09:00,834.0336607645157,863.3469777118879,826.3563634687755,857.7634887695312,180500,0.0,0.0
2014-11-12 00:00:00+09:00,858.4614842794927,871.7222714350296,847.2945056221985,856.36767578125,213200,0.0,0.0
2014-11-13 00:00:00+09:00,856.36767578125,865.4408459403016,852.8779949508456,856.36767578125,83100,0.0,0.0
2014-11-14 00:00:00+09:00,865.440805558678,875.2119114278888,854.9717635559521,873.1181030273438,173500,0.0,0.0
2014-11-17 00:00:00+09:00,871.7222111254227,872.4201472432173,854.2738081805584,857.7634887695312,78400,0.0,0.0
2014-11-18 00:00:00+09:00,857.7634352342486,868.9304124220013,857.0654991600142,863.346923828125,68700,0.0,0.0
2014-11-19 00:00:00+09:00,863.3470884319978,864.7429608466008,846.5966194567609,847.2945556640625,64400,0.0,0.0
2014-11-20 00:00:00+09:00,854.9717289386409,855.669665043897,845.8985595703125,845.8985595703125,44100,0.0,0.0
2014-11-21 00:00:00+09:00,844.5028686523438,847.9925499277666,839.6173148667516,844.5028686523438,49400,0.0,0.0
2014-11-25 00:00:00+09:00,853.5758658001738,858.4614185888911,848.6903130114566,852.8779296875,47400,0.0,0.0
2014-11-26 00:00:00+09:00,844.5027827893273,844.5027827893273,822.1688248973782,823.564697265625,118100,0.0,0.0
2014-11-27 00:00:00+09:00,820.0749395636396,826.3563646326378,803.324472712978,811.0017700195312,143300,0.0,0.0
2014-11-28 00:00:00+09:00,808.9079652135204,820.0749431629737,808.9079652135204,813.7935180664062,41200,0.0,0.0
2014-12-01 00:00:00+09:00,821.4708234291888,829.1481208444148,817.2832066572473,820.074951171875,96100,0.0,0.0
2014-12-02 00:00:00+09:00,826.3563981119793,839.617184906006,820.772908935547,837.5233764648438,96700,0.0,0.0
2014-12-03 00:00:00+09:00,847.9923124266376,854.9716730227416,844.5026321285856,850.0861206054688,90100,0.0,0.0
2014-12-04 00:00:00+09:00,847.9926154488011,854.2740422299033,847.2946791397898,848.6905517578125,42800,0.0,0.0
2014-12-05 00:00:00+09:00,847.9923786836512,857.7634842816522,843.8047619987937,854.2738037109375,65300,0.0,0.0
2014-12-08 00:00:00+09:00,851.4820077855932,861.2531127929688,845.2005831379945,861.2531127929688,75100,0.0,0.0
2014-12-09 00:00:00+09:00,852.8780501568904,862.6491571144979,848.6904328893443,851.482177734375,74500,0.0,0.0
2014-12-10 00:00:00+09:00,841.0131926211354,857.0657265881779,841.0131926211354,849.388427734375,79100,0.0,0.0
2014-12-11 00:00:00+09:00,849.3883602372666,854.9718498690646,836.1275723617465,843.8048706054688,66000,0.0,0.0
2014-12-12 00:00:00+09:00,850.784231013667,854.2739120268485,842.4089965820312,842.4089965820312,75700,0.0,0.0
2014-12-15 00:00:00+09:00,842.4089867755458,844.5027953590808,833.3358162468946,834.0337524414062,26000,0.0,0.0
2014-12-16 00:00:00+09:00,838.2212932178646,838.2212932178646,821.4708260761254,822.1687622070312,51500,0.0,0.0
2014-12-17 00:00:00+09:00,827.0545065523398,833.335933184383,813.7937169958044,829.1483154296875,87400,0.0,0.0
2014-12-18 00:00:00+09:00,843.1068178530093,861.2531566478588,817.2831818757234,847.9923706054688,113600,0.0,0.0
2014-12-19 00:00:00+09:00,868.2327853295111,868.9307216521233,854.9719951998803,865.4410400390625,78800,0.0,0.0
2014-12-22 00:00:00+09:00,872.420285736549,872.420285736549,862.6491785362997,870.3264770507812,48400,0.0,0.0
2014-12-24 00:00:00+09:00,871.7222782768218,871.7222782768218,858.4614910172065,861.951171875,99200,0.0,0.0
2014-12-25 00:00:00+09:00,871.0243421052631,871.0243421052631,857.7635548456478,861.951171875,50000,0.0,0.0
2014-12-26 00:00:00+09:00,865.4407292247012,867.5345374405674,857.7634324331917,861.2531127929688,42200,0.0,0.0
2014-12-29 00:00:00+09:00,861.2534815675799,871.7225271295846,855.6699906011775,864.0452270507812,32100,0.0,0.0
2014-12-30 00:00:00+09:00,865.4407292247012,866.836601368612,856.367560289281,861.2531127929688,45200,0.0,0.0
2015-01-05 00:00:00+09:00,861.2534221033897,871.0245306199597,856.3678678451047,865.4410400390625,38600,0.0,0.0
2015-01-06 00:00:00+09:00,857.06583433934,857.06583433934,832.6380621879744,833.3359985351562,75100,0.0,0.0
2015-01-07 00:00:00+09:00,819.3768970078589,834.0335535982891,819.3768970078589,822.8665771484375,60200,0.0,0.0
2015-01-08 00:00:00+09:00,827.7522609187737,834.0336861702652,820.7728995282275,829.8460693359375,55700,0.0,0.0
2015-01-09 00:00:00+09:00,843.8049775711214,846.5967227409184,823.5648250900937,829.1483154296875,72000,0.0,0.0
2015-01-13 00:00:00+09:00,816.5854351133187,820.0751164599567,797.7411558414728,803.3246459960938,115600,0.0,0.0
2015-01-14 00:00:00+09:00,799.8346567727631,806.8140167795062,796.3449767693916,800.5325927734375,72800,0.0,0.0
2015-01-15 00:00:00+09:00,800.5327308753018,815.1893894179185,799.1368586331478,813.0955810546875,76500,0.0,0.0
2015-01-16 00:00:00+09:00,804.0224228034804,822.1687622070312,799.1368698871398,822.1687622070312,115200,0.0,0.0
2015-01-19 00:00:00+09:00,824.2625802235007,829.8460693359375,816.5852826938999,829.8460693359375,59800,0.0,0.0
2015-01-20 00:00:00+09:00,829.148314709812,832.6379961690284,817.9813340403196,828.4503784179688,55000,0.0,0.0
2015-01-21 00:00:00+09:00,830.5443009086277,831.2422372959459,816.5855731622642,818.6793823242188,45500,0.0,0.0
2015-01-22 00:00:00+09:00,824.2627563476562,824.2627563476562,813.0957757366804,824.2627563476562,32500,0.0,0.0
2015-01-23 00:00:00+09:00,834.0337724529329,857.0656674244365,830.5440913966445,851.482177734375,98900,0.0,0.0
2015-01-26 00:00:00+09:00,832.6379000304175,854.2739225794057,829.8461551853868,851.482177734375,90200,0.0,0.0
2015-01-27 00:00:00+09:00,858.461420395795,864.7428454230813,849.388250911937,854.2738037109375,48000,0.0,0.0
2015-01-28 00:00:00+09:00,855.6696759392233,861.9511009665097,847.2944425695083,854.2738037109375,65500,0.0,0.0
2015-01-29 00:00:00+09:00,841.0131018687102,844.5027827893273,821.4708887132547,823.564697265625,87300,0.0,0.0
2015-01-30 00:00:00+09:00,830.5441872934986,834.7318050445582,821.471015499536,828.4503784179688,71500,0.0,0.0
2015-02-02 00:00:00+09:00,809.6061915768286,809.6061915768286,799.1371459960938,799.1371459960938,136000,0.0,0.0
2015-02-03 00:00:00+09:00,799.1368335197134,799.8347696188572,776.1049422479662,793.5533447265625,143300,0.0,0.0
2015-02-04 00:00:00+09:00,801.9286616580403,812.3977042384324,794.2513637657527,811.6997680664062,68100,0.0,0.0
2015-02-05 00:00:00+09:00,809.6059595503278,815.8873850985631,804.0224701741187,811.6997680664062,32100,0.0,0.0
2015-02-06 00:00:00+09:00,816.585567513692,816.585567513692,808.210330923808,812.39794921875,20500,0.0,0.0
2015-02-09 00:00:00+09:00,811.0018318943801,815.189448926537,801.9286616580403,811.6997680664062,47100,0.0,0.0
2015-02-10 00:00:00+09:00,804.7205214991714,813.7936930338542,796.3452862363873,806.1163940429688,47300,0.0,0.0
2015-02-12 00:00:00+09:00,816.5853187297953,819.3770634092134,808.9080208613955,809.60595703125,62900,0.0,0.0
2015-02-13 00:00:00+09:00,809.6058977819762,820.0749395636396,808.9079616631986,811.0017700195312,31700,0.0,0.0
2015-02-16 00:00:00+09:00,810.3041456764006,820.7731914861732,810.3041456764006,818.6793823242188,36400,0.0,0.0
2015-02-17 00:00:00+09:00,813.7935171757645,820.7728783865343,810.3038365703795,813.0955810546875,44200,0.0,0.0
2015-02-18 00:00:00+09:00,817.2830947554062,833.335623516614,816.5851587223102,827.05419921875,80900,0.0,0.0
2015-02-19 00:00:00+09:00,831.9401258407925,835.4298075767019,824.9607623689737,833.3359985351562,50400,0.0,0.0
2015-02-20 00:00:00+09:00,837.5232397151899,837.5232397151899,817.2830947554062,827.05419921875,104300,0.0,0.0
2015-02-23 00:00:00+09:00,838.919303330799,838.919303330799,827.0543880590656,831.93994140625,76400,0.0,0.0
2015-02-24 00:00:00+09:00,831.9400605994845,838.9194235239768,827.7524428447891,829.1483154296875,81700,0.0,0.0
2015-02-25 00:00:00+09:00,830.5441039301795,833.3358488173399,806.1163361675273,808.9080810546875,137100,0.0,0.0
2015-02-26 00:00:00+09:00,806.1163918177288,809.606073167589,802.6267104678684,804.0225830078125,95300,0.0,0.0
2015-02-27 00:00:00+09:00,804.7203945495233,808.9080115202927,801.2307137405488,801.9286499023438,99900,0.0,0.0
2015-03-02 00:00:00+09:00,802.6267097267662,808.9081361507148,801.9287734574385,803.3246459960938,97000,0.0,0.0
2015-03-03 00:00:00+09:00,813.7935765824847,815.8873850985631,806.8142148622233,811.6997680664062,72000,0.0,0.0
2015-03-04 00:00:00+09:00,813.7935260139627,822.8666956865027,807.5121008560506,820.074951171875,66600,0.0,0.0
2015-03-05 00:00:00+09:00,817.981376759663,817.981376759663,809.6061408201443,810.3040771484375,31900,0.0,0.0
2015-03-06 00:00:00+09:00,812.3977017106681,815.1894463900862,806.1162761819774,809.60595703125,40400,0.0,0.0
2015-03-09 00:00:00+09:00,809.6060761448421,809.6060761448421,804.0225859645328,806.8143310546875,33200,0.0,0.0
2015-03-10 00:00:00+09:00,812.3976923292672,812.3976923292672,800.5327775787539,801.9286499023438,72100,0.0,0.0
2015-03-11 00:00:00+09:00,801.9287188367869,812.3977621636378,796.3452290624663,808.9080810546875,69900,0.0,0.0
2015-03-12 00:00:00+09:00,808.9079193270145,825.6583853009993,808.9079193270145,824.96044921875,89600,0.0,0.0
2015-03-13 00:00:00+09:00,824.9605163625553,833.3357500312106,822.8667079453915,829.8460693359375,109400,0.0,0.0
2015-03-16 00:00:00+09:00,826.3565794780391,843.8049869839099,826.3565794780391,838.2214965820312,89500,0.0,0.0
2015-03-17 00:00:00+09:00,842.4089294942221,850.0862271118165,834.0336957295737,837.5233764648438,75700,0.0,0.0
2015-03-18 00:00:00+09:00,827.7523895416515,840.3152419967524,827.7523895416515,836.1276245117188,88100,0.0,0.0
2015-03-19 00:00:00+09:00,836.1274980927154,841.0130510865794,821.4708391111235,832.6378173828125,97700,0.0,0.0
2015-03-20 00:00:00+09:00,836.1276245117188,840.3152419967524,829.1482620366627,836.1276245117188,49700,0.0,0.0
2015-03-23 00:00:00+09:00,835.4295680236817,842.4089294942221,834.0336957295737,837.5233764648438,61400,0.0,0.0
2015-03-24 00:00:00+09:00,837.52368467972,841.7113031031186,832.6381298524216,841.0133666992188,76400,0.0,0.0
2015-03-25 00:00:00+09:00,844.5026900679977,853.5758594654225,840.3150734230325,847.9923706054688,71900,0.0,0.0
2015-03-26 00:00:00+09:00,837.5232986992385,839.6171069459866,822.8666409720018,824.96044921875,73500,0.0,0.0
2015-03-27 00:00:00+09:00,837.7506068323238,842.7245290102934,822.1182799872762,825.6710815429688,69400,21.0,0.0
2015-03-30 00:00:00+09:00,824.2500894689931,832.0662541105094,820.697287359213,822.118408203125,52600,0.0,0.0
2015-03-31 00:00:00+09:00,822.1183689700003,837.7506975070272,822.1183689700003,823.5394897460938,63100,0.0,0.0
2015-04-01 00:00:00+09:00,824.9607722267788,840.5931038279753,817.1446064261805,834.1980590820312,118100,0.0,0.0
2015-04-02 00:00:00+09:00,839.8822352155854,846.9878378823839,832.7766325487869,842.013916015625,96100,0.0,0.0
2015-04-03 00:00:00+09:00,843.4351915558581,848.4091143367266,840.5929499667902,844.145751953125,62900,0.0,0.0
2015-04-06 00:00:00+09:00,838.4612535804536,846.2774178087459,827.8028478146003,839.1718139648438,58200,0.0,0.0
2015-04-07 00:00:00+09:00,838.4611547684914,845.566757775004,830.6449914613274,832.7766723632812,83500,0.0,0.0
2015-04-08 00:00:00+09:00,839.8822778320313,859.7779663085937,836.3294763183593,852.67236328125,135700,0.0,0.0
2015-04-09 00:00:00+09:00,852.67236328125,856.2251647949219,846.2773205566406,852.67236328125,60100,0.0,0.0
2015-04-10 00:00:00+09:00,854.0934678978612,857.6462693450237,845.5667444246712,847.6984252929688,106900,0.0,0.0
2015-04-13 00:00:00+09:00,847.6984263773496,847.6984263773496,838.4611426029109,839.8822631835938,64000,0.0,0.0
2015-04-14 00:00:00+09:00,839.1717793662775,850.5407450477851,810.0388048074143,844.8562622070312,112500,0.0,0.0
2015-04-15 00:00:00+09:00,839.1718656688107,852.6725138040414,837.0401843843007,850.5408325195312,83000,0.0,0.0
2015-04-16 00:00:00+09:00,850.5406823730468,852.67236328125,845.5667602539062,852.67236328125,55600,0.0,0.0
2015-04-17 00:00:00+09:00,845.5668225621255,856.2252278885388,843.4351414968428,844.8562622070312,55000,0.0,0.0
2015-04-20 00:00:00+09:00,856.2253595331528,859.7781618548671,845.5669525680098,853.3831176757812,181400,0.0,0.0
2015-04-21 00:00:00+09:00,853.3829235839844,857.6462854003906,846.987880859375,852.67236328125,75300,0.0,0.0
2015-04-22 00:00:00+09:00,859.7779244488551,878.963051688623,859.7779244488551,877.5419311523438,187600,0.0,0.0
2015-04-23 00:00:00+09:00,884.6475338337393,891.7531365151348,869.0152079346692,877.5419311523438,153500,0.0,0.0
2015-04-24 00:00:00+09:00,887.4898094171027,887.4898094171027,868.3046814313047,871.8574829101562,58500,0.0,0.0
2015-04-27 00:00:00+09:00,886.7795015625001,891.7534250488281,881.0950175781251,888.2006225585938,99000,0.0,0.0
2015-04-28 00:00:00+09:00,886.0687365409656,890.3320985451724,879.6736935346555,886.779296875,163000,0.0,0.0
2015-04-30 00:00:00+09:00,888.9109497070312,891.0426306415804,877.5419847227687,888.9109497070312,221500,0.0,0.0
2015-05-01 00:00:00+09:00,885.3580829737832,888.2003240106172,867.5940764935709,876.8313598632812,71300,0.0,0.0
2015-05-07 00:00:00+09:00,888.9110741892168,894.5955574773973,873.9893055577431,881.0949096679688,113500,0.0,0.0
2015-05-08 00:00:00+09:00,877.5422012086899,906.6751811678448,868.3049148801774,895.3062133789062,291700,0.0,0.0
2015-05-11 00:00:00+09:00,903.8328897538879,912.3596151289246,898.8589666184498,908.0962524414062,172200,0.0,0.0
2015-05-12 00:00:00+09:00,910.9384372984508,913.7806789124866,904.5433936668704,912.3595581054688,49800,0.0,0.0
2015-05-13 00:00:00+09:00,905.9643385277958,915.2016219794517,905.9643385277958,908.8065795898438,38400,0.0,0.0
2015-05-14 00:00:00+09:00,901.7010436245187,910.938327759364,898.8588023522585,905.2538452148438,42800,0.0,0.0
2015-05-15 00:00:00+09:00,902.4114046044112,911.6486866987872,896.7269233155646,900.2797241210938,70500,0.0,0.0
2015-05-18 00:00:00+09:00,903.8328614424765,912.3595865504245,902.4117405911519,910.2279052734375,56700,0.0,0.0
2015-05-19 00:00:00+09:00,907.3854931006742,912.3594151458619,898.1482093024684,903.1221313476562,97900,0.0,0.0
2015-05-20 00:00:00+09:00,910.2279337851654,912.3596151289246,903.8328897538879,908.0962524414062,59800,0.0,0.0
2015-05-21 00:00:00+09:00,905.2538072427742,910.2277292605916,896.7270837836586,898.8587646484375,55900,0.0,0.0
2015-05-22 00:00:00+09:00,898.8588412302844,903.832763671875,883.9370739055129,903.832763671875,124000,0.0,0.0
2015-05-25 00:00:00+09:00,912.3593910743247,922.307234902238,907.3854691603681,917.3333129882812,117200,0.0,0.0
2015-05-26 00:00:00+09:00,917.3334278864816,918.754548611325,900.9905395507812,900.9905395507812,85900,0.0,0.0
2015-05-27 00:00:00+09:00,898.8587140327519,907.3854370117188,895.3059127915158,907.3854370117188,99600,0.0,0.0
2015-05-28 00:00:00+09:00,909.5173141891893,923.017961821685,909.5173141891893,920.1757202148438,157300,0.0,0.0
2015-05-29 00:00:00+09:00,912.359453201294,920.1756167411804,906.674970626831,909.5172119140625,104900,0.0,0.0
2015-06-01 00:00:00+09:00,909.517204378858,923.7284106972776,908.096083747016,920.8861694335938,83700,0.0,0.0
2015-06-02 00:00:00+09:00,923.7283971695259,941.4924048074014,920.1755956419508,935.8079223632812,137200,0.0,0.0
2015-06-03 00:00:00+09:00,935.8080728609268,935.8080728609268,918.7546227860124,933.6763916015625,64100,0.0,0.0
2015-06-04 00:00:00+09:00,933.676280485088,937.9396424964355,924.4389961271686,934.3868408203125,71000,0.0,0.0
2015-06-05 00:00:00+09:00,929.4128747586528,935.8079174748821,923.7283923442268,931.5445556640625,72500,0.0,0.0
2015-06-08 00:00:00+09:00,927.2812374680668,937.2290821612108,926.5706771328423,934.3868408203125,47100,0.0,0.0
2015-06-09 00:00:00+09:00,935.09735964471,935.09735964471,914.4911108379497,915.9122314453125,65700,0.0,0.0
2015-06-10 00:00:00+09:00,939.360669358156,939.360669358156,922.3072230157992,924.4389038085938,56400,0.0,0.0
2015-06-11 00:00:00+09:00,903.122251275549,919.4651401656653,903.122251275549,910.9384155273438,179600,0.0,0.0
2015-06-12 00:00:00+09:00,909.517316491433,914.4912393159955,906.6750748773973,912.3595581054688,113700,0.0,0.0
2015-06-15 00:00:00+09:00,906.6751031451258,913.7807074017492,905.9645427194636,910.2279052734375,45700,0.0,0.0
2015-06-16 00:00:00+09:00,909.5172119140625,915.9122548103333,904.5432896614075,909.5172119140625,65000,0.0,0.0
2015-06-17 00:00:00+09:00,909.5171177564605,910.938238252955,896.7270332880103,907.3854370117188,99900,0.0,0.0
2015-06-18 00:00:00+09:00,903.1221642606487,910.227767441299,898.8588023522585,905.2538452148438,67400,0.0,0.0
2015-06-19 00:00:00+09:00,903.1220755222354,913.0699189976966,903.1220755222354,907.3854370117188,129500,0.0,0.0
2015-06-22 00:00:00+09:00,909.5172947542902,919.4651401656653,907.3856135947099,910.9384155273438,76700,0.0,0.0
2015-06-23 00:00:00+09:00,912.3593639632454,914.4910447201688,905.964321692475,911.6488037109375,85000,0.0,0.0
2015-06-24 00:00:00+09:00,911.6489977019597,920.175722544067,907.3856352809062,912.3595581054688,78000,0.0,0.0
2015-06-25 00:00:00+09:00,910.2277102540576,920.8861143553931,906.6749088869458,917.3333129882812,67000,0.0,0.0
2015-06-26 00:00:00+09:00,915.9123943305455,932.9658446516728,911.6490317502637,926.57080078125,84500,0.0,0.0
2015-06-29 00:00:00+09:00,913.0699902305869,920.8861535710822,904.5432665864101,915.9122314453125,130100,0.0,0.0
2015-06-30 00:00:00+09:00,903.1221351386597,948.5979940284112,899.5693336628979,915.20166015625,172100,0.0,0.0
2015-07-01 00:00:00+09:00,918.7543882365624,934.3867134811134,916.6227075213964,930.1233520507812,143700,0.0,0.0
2015-07-02 00:00:00+09:00,943.6241847249717,948.5981073854196,931.5446582638839,942.2030639648438,145400,0.0,0.0
2015-07-03 00:00:00+09:00,935.8077892083165,947.1767524788808,925.1493861421626,935.0972290039062,172200,0.0,0.0
2015-07-06 00:00:00+09:00,929.4128772152588,938.6501611631169,911.6488696232241,915.9122314453125,149800,0.0,0.0
2015-07-07 00:00:00+09:00,937.9398193359375,940.0715007435192,918.7546866677025,937.9398193359375,170100,0.0,0.0
2015-07-08 00:00:00+09:00,937.9396032798263,942.2029651129164,928.702319308131,935.8079223632812,114600,0.0,0.0
2015-07-09 00:00:00+09:00,923.7285631485568,932.2552883468512,902.4117501528209,930.8341674804688,141900,0.0,0.0
2015-07-10 00:00:00+09:00,934.3866074368415,939.360528541068,919.4648441241618,927.281005859375,154900,0.0,0.0
2015-07-13 00:00:00+09:00,936.5184536195178,954.9930209898573,933.6762124856194,945.7557373046875,109500,0.0,0.0
2015-07-14 00:00:00+09:00,956.4143486738383,959.2565904232405,942.9137003641779,947.1770629882812,91000,0.0,0.0
2015-07-15 00:00:00+09:00,955.703718064917,986.9683750127656,952.1509161390251,978.441650390625,150800,0.0,0.0
2015-07-16 00:00:00+09:00,982.7048750786855,982.7048750786855,952.8613430806344,965.6514282226562,100400,0.0,0.0
2015-07-17 00:00:00+09:00,966.3619995117188,972.7570421555463,960.6775171616498,966.3619995117188,41300,0.0,0.0
2015-07-21 00:00:00+09:00,975.5993890398757,975.5993890398757,964.2304231078743,969.204345703125,43900,0.0,0.0
2015-07-22 00:00:00+09:00,969.2042640217317,969.2042640217317,954.2824974935378,959.9669799804688,54100,0.0,0.0
2015-07-23 00:00:00+09:00,959.9672456841422,966.3622902519862,957.8355641615276,961.3883666992188,54800,0.0,0.0
2015-07-24 00:00:00+09:00,969.2042828405689,969.2042828405689,941.492430178705,949.30859375,55700,0.0,0.0
2015-07-27 00:00:00+09:00,947.1767745753533,955.7034972271944,940.0711723654856,944.3345336914062,38700,0.0,0.0
2015-07-28 00:00:00+09:00,933.6762414467362,940.0712841963714,928.702319308131,935.8079223632812,45400,0.0,0.0
2015-07-29 00:00:00+09:00,935.8080576960148,938.6502993291083,919.4651683057275,928.7024536132812,59700,0.0,0.0
2015-07-30 00:00:00+09:00,945.7558877324483,953.5720520938735,939.3608441640096,943.6242065429688,58700,0.0,0.0
2015-07-31 00:00:00+09:00,943.6242065429688,945.7558877324483,933.6763609920639,943.6242065429688,42600,0.0,0.0
2015-08-03 00:00:00+09:00,952.8615154444774,959.2565591722927,943.6242300598552,957.1248779296875,43500,0.0,0.0
2015-08-04 00:00:00+09:00,923.7284183502197,937.939624786377,902.4116086959839,909.5172119140625,143200,0.0,0.0
2015-08-05 00:00:00+09:00,910.9383250106999,934.3868154360923,910.9383250106999,920.8861694335938,106000,0.0,0.0
2015-08-06 00:00:00+09:00,924.438915722505,927.2811568161945,917.3333129882814,917.3333129882812,55400,0.0,0.0
2015-08-07 00:00:00+09:00,915.2018124159947,929.4130206833238,915.2018124159947,925.149658203125,38800,0.0,0.0
2015-08-10 00:00:00+09:00,927.9918166879507,929.4129373873197,918.0439717923679,923.7284545898438,48500,0.0,0.0
2015-08-11 00:00:00+09:00,918.044039009713,925.149643026816,918.044039009713,920.1757202148438,40200,0.0,0.0
2015-08-12 00:00:00+09:00,920.1755932674008,925.1495153931705,910.2277490158613,915.9122314453125,68500,0.0,0.0
2015-08-13 00:00:00+09:00,910.2277722358704,916.6228151321411,900.9904880523682,909.5172119140625,57600,0.0,0.0
2015-08-14 00:00:00+09:00,904.5434421340436,905.2540025756258,898.1483981598045,899.5695190429688,41400,0.0,0.0
2015-08-17 00:00:00+09:00,902.4115693724001,905.9643708266221,872.5680371569349,875.4102783203125,104200,0.0,0.0
2015-08-18 00:00:00+09:00,878.2525402390813,905.9643922369164,875.4102990085341,884.6475830078125,148200,0.0,0.0
2015-08-19 00:00:00+09:00,885.3584164237054,898.8590664333767,881.8056137895815,882.5161743164062,52400,0.0,0.0
2015-08-20 00:00:00+09:00,882.5161743164062,891.7534611651287,878.9633716822823,882.5161743164062,49200,0.0,0.0
2015-08-21 00:00:00+09:00,876.1208079666598,876.1208079666598,849.830078125,849.830078125,63200,0.0,0.0
2015-08-24 00:00:00+09:00,839.1715579045369,844.1454790775529,814.3019520394575,815.0125122070312,76800,0.0,0.0
2015-08-25 00:00:00+09:00,790.1431738553273,805.7755028344794,765.2735595703125,765.2735595703125,130700,0.0,0.0
2015-08-26 00:00:00+09:00,757.4573301000088,769.5368560021666,746.0883645450368,761.0101318359375,182700,0.0,0.0
2015-08-27 00:00:00+09:00,782.3269152632643,791.5641994580167,765.9840278417792,783.0374755859375,116000,0.0,0.0
2015-08-28 00:00:00+09:00,801.5119857992628,802.93310634146,785.1690995639941,795.116943359375,86000,0.0,0.0
2015-08-31 00:00:00+09:00,802.2225511610243,802.933111436632,783.0374237196181,799.3803100585938,106100,0.0,0.0
2015-09-01 00:00:00+09:00,795.8277803308823,801.5122644761029,773.08984375,773.08984375,70900,0.0,0.0
2015-09-02 00:00:00+09:00,761.720703125,778.7741517024253,756.0362202658581,761.720703125,67100,0.0,0.0
2015-09-03 00:00:00+09:00,772.3792005788335,785.1692885369007,769.5369588103741,771.6686401367188,70300,0.0,0.0
2015-09-04 00:00:00+09:00,764.562911544814,771.6685148119592,748.2200240303803,759.5889892578125,84300,0.0,0.0
2015-09-07 00:00:00+09:00,748.2201416015625,781.6164822048612,742.5356580946182,767.4052734375,46000,0.0,0.0
2015-09-08 00:00:00+09:00,767.4052233573718,771.6685857093572,747.50953238144,748.2200927734375,25000,0.0,0.0
2015-09-09 00:00:00+09:00,773.8001625307145,795.8275317120296,772.3790419383715,792.9852905273438,59900,0.0,0.0
2015-09-10 00:00:00+09:00,787.3009228123606,800.8015704057134,775.2213960183082,796.5382080078125,67900,0.0,0.0
2015-09-11 00:00:00+09:00,792.2748390861768,805.0649261745635,790.8537182985783,800.0910034179688,82000,0.0,0.0
2015-09-14 00:00:00+09:00,800.0909361227965,800.0909361227965,773.8002037635217,775.931884765625,59600,0.0,0.0
2015-09-15 00:00:00+09:00,781.6162837317231,788.7218863111024,770.9578798626542,774.5106811523438,44900,0.0,0.0
2015-09-16 00:00:00+09:00,773.8002560612097,791.5642656126607,763.1418503303389,787.3009033203125,76900,0.0,0.0
2015-09-17 00:00:00+09:00,781.6162881273996,788.7218907467395,771.6684444603235,786.5902099609375,39100,0.0,0.0
2015-09-18 00:00:00+09:00,771.668708286056,779.4848738395981,759.5891797033094,768.1159057617188,71900,0.0,0.0
2015-09-24 00:00:00+09:00,760.2995226947234,761.7206432978911,747.509437266214,753.9044799804688,109500,0.0,0.0
2015-09-25 00:00:00+09:00,757.457454580631,757.457454580631,735.4300801978922,753.194091796875,122600,0.0,0.0
2015-09-28 00:00:00+09:00,758.9326694708741,772.5618951040939,745.3034438376542,770.409912109375,37200,10.0,0.0
2015-09-29 00:00:00+09:00,757.4978892741354,763.2365096474243,746.0206485275576,746.7379760742188,57100,0.0,0.0
2015-09-30 00:00:00+09:00,756.7806395351997,782.6044338700502,756.0633119147873,773.2791748046875,97400,0.0,0.0
2015-10-01 00:00:00+09:00,781.169802811066,781.169802811066,759.6499735325243,771.8445434570312,64400,0.0,0.0
2015-10-02 00:00:00+09:00,753.9113317355303,774.7138328014964,753.9113317355303,763.9539184570312,39400,0.0,0.0
2015-10-05 00:00:00+09:00,769.6924643269359,771.8444469858183,757.4978959266023,761.0845336914062,53500,0.0,0.0
2015-10-06 00:00:00+09:00,767.5406511094835,779.7352222018773,767.5406511094835,774.7139282226562,39400,0.0,0.0
2015-10-07 00:00:00+09:00,775.4312559339736,779.0178944905599,768.9753065321181,774.7139282226562,35900,0.0,0.0
2015-10-08 00:00:00+09:00,778.3005756666797,791.9298023373404,775.4312647886459,786.9085083007812,77500,0.0,0.0
2015-10-09 00:00:00+09:00,816.3188052156497,817.0361328125,801.2549256817933,817.0361328125,65000,0.0,0.0
2015-10-13 00:00:00+09:00,821.3401145675556,844.2945981187885,808.4282175699869,843.5772705078125,74600,0.0,0.0
2015-10-14 00:00:00+09:00,843.5772437526756,843.5772437526756,827.0787092234991,837.838623046875,71600,0.0,0.0
2015-10-15 00:00:00+09:00,833.5346185815243,850.0331523400226,833.5346185815243,845.7291870117188,55500,0.0,0.0
2015-10-16 00:00:00+09:00,855.0544382518304,870.8356443269481,852.1851280563545,857.2064208984375,163100,0.0,0.0
2015-10-19 00:00:00+09:00,864.3796948117201,864.3796948117201,839.9905581946259,840.7078857421875,52400,0.0,0.0
2015-10-20 00:00:00+09:00,847.8812548330302,847.8812548330302,837.838668058358,844.2946166992188,33500,0.0,0.0
2015-10-21 00:00:00+09:00,842.1426546758273,855.7718799218586,837.8386888086595,852.1852416992188,37400,0.0,0.0
2015-10-22 00:00:00+09:00,847.1638336702418,851.4677989556114,839.2732306470643,840.7078857421875,22100,0.0,0.0
2015-10-23 00:00:00+09:00,846.4465178031697,858.641086279995,839.2732422285666,852.9024658203125,63900,0.0,0.0
2015-10-26 00:00:00+09:00,852.9026229819638,860.0758998783638,843.5773630166437,847.1640014648438,67500,0.0,0.0
2015-10-27 00:00:00+09:00,854.337168710443,874.4223414425106,848.5985479298523,850.033203125,88400,0.0,0.0
2015-10-28 00:00:00+09:00,860.7931252293939,864.379763251183,846.4465731422374,855.0545043945312,54400,0.0,0.0
2015-10-29 00:00:00+09:00,860.7930551289926,883.0302090531583,860.7930551289926,875.85693359375,198500,0.0,0.0
2015-10-30 00:00:00+09:00,885.8998590814737,895.9424485771341,870.1186470168644,879.4439086914062,103200,0.0,0.0
2015-11-02 00:00:00+09:00,868.6837476429185,879.4436619407252,862.2277990642347,872.2703857421875,86800,0.0,0.0
2015-11-04 00:00:00+09:00,882.3129015083772,895.2247976280121,882.3129015083772,893.0728149414062,107100,0.0,0.0
2015-11-05 00:00:00+09:00,867.9665273596222,878.0091152794856,837.1214358914704,838.5560913085938,157900,0.0,0.0
2015-11-06 00:00:00+09:00,832.1001771438954,838.5561267941497,822.7749165379724,832.8175048828125,114100,0.0,0.0
2015-11-09 00:00:00+09:00,835.6864998497919,849.3157217357541,831.3825350436986,837.1211547851562,84800,0.0,0.0
2015-11-10 00:00:00+09:00,832.8173351369702,837.8386282859442,828.5133695807068,835.6866455078125,79900,0.0,0.0
2015-11-11 00:00:00+09:00,832.1001031425562,839.2733798937852,825.6441540664501,829.9481201171875,67700,0.0,0.0
2015-11-12 00:00:00+09:00,834.2521603606468,834.9694880995639,825.644227493641,832.8175048828125,63600,0.0,0.0
2015-11-13 00:00:00+09:00,830.6655160176385,842.1427597622692,828.5135328155203,834.969482421875,78800,0.0,0.0
2015-11-16 00:00:00+09:00,835.6867940802324,838.5561049611946,810.5803238718133,817.7536010742188,95600,0.0,0.0
2015-11-17 00:00:00+09:00,832.0999191056437,865.8143123797516,832.0999191056437,865.0969848632812,137700,0.0,0.0
2015-11-18 00:00:00+09:00,860.7930122406377,885.8994750976564,860.7930122406377,885.8994750976562,130400,0.0,0.0
2015-11-19 00:00:00+09:00,893.0729023780427,905.2674721293895,888.7689365834497,898.8115234375,141900,0.0,0.0
2015-11-20 00:00:00+09:00,901.6807133306903,916.0272640598978,901.6807133306903,915.3099365234375,167100,0.0,0.0
2015-11-24 00:00:00+09:00,918.179309285174,949.7417230418519,918.179309285174,948.3070678710938,228300,0.0,0.0
2015-11-25 00:00:00+09:00,943.2856897389667,950.458964946107,921.7658641175453,923.9178466796875,103400,0.0,0.0
2015-11-26 00:00:00+09:00,926.7873999367297,936.8299878617407,913.8755011760013,916.7448120117188,44500,0.0,0.0
2015-11-27 00:00:00+09:00,916.0273866158719,916.744714248304,885.899626053721,898.8115234375,94700,0.0,0.0
2015-11-30 00:00:00+09:00,891.6383482215869,914.5928350623678,889.4863650802637,890.9210205078125,132000,0.0,0.0
2015-12-01 00:00:00+09:00,905.9846785494526,930.3738147891053,905.2673510129922,915.3099365234375,109500,0.0,0.0
2015-12-02 00:00:00+09:00,918.1792335626913,938.981731823096,908.8539757218201,938.264404296875,186900,0.0,0.0
2015-12-03 00:00:00+09:00,932.5257840871083,945.4376795590836,927.5044914035623,938.264404296875,124100,0.0,0.0
2015-12-04 00:00:00+09:00,936.8299199386466,940.416558223251,914.5927625740999,918.896728515625,109200,0.0,0.0
2015-12-07 00:00:00+09:00,918.1791333787997,932.5256823378435,918.1791333787997,920.3311157226562,45600,0.0,0.0
2015-12-08 00:00:00+09:00,922.4831916382593,927.5044842832576,910.2886237861206,923.9178466796875,66400,0.0,0.0
2015-12-09 00:00:00+09:00,927.5046603986754,927.5046603986754,912.4407796033373,918.896728515625,61000,0.0,0.0
2015-12-10 00:00:00+09:00,911.7234179359665,913.8754008264526,905.267469264508,908.1367797851562,61500,0.0,0.0
2015-12-11 00:00:00+09:00,928.2219913133687,928.9393189728071,907.4194891896533,909.5714721679688,71500,0.0,0.0
2015-12-14 00:00:00+09:00,908.1367797851561,908.8541074153183,893.0728995517532,908.1367797851562,67800,0.0,0.0
2015-12-15 00:00:00+09:00,917.4620418807363,921.048680042897,896.6595405402035,898.8115234375,35300,0.0,0.0
2015-12-16 00:00:00+09:00,906.7021593054451,907.4194869631235,898.0942274133048,902.398193359375,37800,0.0,0.0
2015-12-17 00:00:00+09:00,918.1792265139751,928.9391393246857,916.744571472547,923.9178466796875,76400,0.0,0.0
2015-12-18 00:00:00+09:00,928.9394773408045,949.7419830109847,921.766199523501,927.5048217773438,93700,0.0,0.0
2015-12-21 00:00:00+09:00,931.0911094011236,931.0911094011236,904.5499914906139,911.7232666015625,61500,0.0,0.0
2015-12-22 00:00:00+09:00,924.6350804103694,932.5256823378435,911.72318634723,920.3311157226562,68200,0.0,0.0
2015-12-24 00:00:00+09:00,920.3312623050797,923.2005725538875,890.2035046925985,893.0728149414062,76100,0.0,0.0
2015-12-25 00:00:00+09:00,893.0728149414062,893.0728149414062,893.0728149414062,893.0728149414062,0,0.0,0.0
2015-12-28 00:00:00+09:00,872.2704656249999,896.6596069335938,872.2704656249999,896.6596069335938,32700,0.0,0.0
2015-12-29 00:00:00+09:00,888.0516061406188,913.8754008264526,883.0303127294844,908.1367797851562,31200,0.0,0.0
2015-12-30 00:00:00+09:00,911.0060903058044,912.4407455661285,901.6808311136978,908.1367797851562,23800,0.0,0.0
2016-01-04 00:00:00+09:00,893.0728598129062,900.9634633935825,881.5956182410134,883.0302734375,30500,0.0,0.0
2016-01-05 00:00:00+09:00,883.030185153615,890.2034604188759,873.7049273087758,877.2915649414062,56300,0.0,0.0
2016-01-06 00:00:00+09:00,875.8570478712708,886.6169624642839,866.5317885573261,870.8357543945312,41800,0.0,0.0
2016-01-07 00:00:00+09:00,875.1395663768551,876.5742214037025,855.7717235144165,857.9237060546875,49600,0.0,0.0
2016-01-08 00:00:00+09:00,846.446514566436,860.7930656607824,842.8598767928495,845.7291870117188,57700,0.0,0.0
2016-01-12 00:00:00+09:00,836.4039941838358,845.7292531241359,807.7108897521433,810.5802001953125,47600,0.0,0.0
2016-01-13 00:00:00+09:00,833.5346545810733,837.8386200952611,821.3400856242073,830.6653442382812,36800,0.0,0.0
2016-01-14 00:00:00+09:00,819.905515369439,819.905515369439,801.9723238696699,812.7322387695312,57200,0.0,0.0
2016-01-15 00:00:00+09:00,814.166786131482,819.9054066504705,789.0603213609077,789.7776489257812,81800,0.0,0.0
2016-01-18 00:00:00+09:00,772.561787368816,803.4068726583787,768.2578219795746,789.7776489257812,58100,0.0,0.0
2016-01-19 00:00:00+09:00,791.9296162373312,807.7108223580026,788.342978482633,796.2335815429688,43900,0.0,0.0
2016-01-20 00:00:00+09:00,791.2122543814442,799.1028570996635,767.5404462267863,776.1483764648438,78200,0.0,0.0
2016-01-21 00:00:00+09:00,760.3670996950384,777.5829585560582,732.3913290458813,735.9779663085938,68000,0.0,0.0
2016-01-22 00:00:00+09:00,753.1940066315408,771.8445248909884,753.1940066315408,771.127197265625,44700,0.0,0.0
2016-01-25 00:00:00+09:00,802.6895587351528,802.6895587351528,777.5830935378959,792.64697265625,43300,0.0,0.0
2016-01-26 00:00:00+09:00,789.0604062553316,798.3856656019855,779.7351469086776,788.3430786132812,59700,0.0,0.0
2016-01-27 00:00:00+09:00,792.6471879141671,808.4283988952636,792.6471879141671,803.4071044921875,53700,0.0,0.0
2016-01-28 00:00:00+09:00,792.6470124902955,818.4708065623776,792.6470124902955,801.2549438476562,54000,0.0,0.0
2016-01-29 00:00:00+09:00,816.3188339575865,865.0971122608519,810.5802129807319,862.9451293945312,126600,0.0,0.0
2016-02-01 00:00:00+09:00,878.7262437775132,883.0302090531583,865.8143479505784,875.85693359375,61100,0.0,0.0
2016-02-02 00:00:00+09:00,876.5742577600834,880.8782230191346,850.0331386626013,868.6836547851562,38100,0.0,0.0
2016-02-03 00:00:00+09:00,781.8871116460756,810.5802166606105,756.7806447583577,771.127197265625,162900,0.0,0.0
2016-02-04 00:00:00+09:00,768.2579435375629,768.2579435375629,748.1727685431168,756.7807006835938,50600,0.0,0.0
2016-02-05 00:00:00+09:00,749.6073769234323,760.3672914247255,735.9781518884607,743.1514282226562,50700,0.0,0.0
2016-02-08 00:00:00+09:00,743.1515089246963,775.4312559339736,738.8475426567926,774.7139282226562,68600,0.0,0.0
2016-02-09 00:00:00+09:00,742.4339610956421,768.2577510467947,728.0874111227794,733.1087036132812,72100,0.0,0.0
2016-02-10 00:00:00+09:00,727.3701992912771,733.8261478056967,675.0052835632068,685.7651977539062,90900,0.0,0.0
2016-02-12 00:00:00+09:00,674.2879329315604,674.2879329315604,628.3789672851562,628.3789672851562,100400,0.0,0.0
2016-02-15 00:00:00+09:00,660.658807927912,691.5038988517992,654.2028586647727,686.4826049804688,73700,0.0,0.0
2016-02-16 00:00:00+09:00,697.2424396207067,719.4795956168404,690.7864911057002,702.2637329101562,61800,0.0,0.0
2016-02-17 00:00:00+09:00,713.02366307807,731.6741814282005,700.1117657587487,712.3063354492188,63900,0.0,0.0
2016-02-18 00:00:00+09:00,738.1300125732422,744.5859602050781,715.1755321044922,717.3275146484375,56900,0.0,0.0
2016-02-19 00:00:00+09:00,717.327628851177,718.0449564800282,701.5464210164511,712.3063354492188,39500,0.0,0.0
2016-02-22 00:00:00+09:00,705.1330460258152,728.8048573369566,704.4157184103261,725.935546875,53000,0.0,0.0
2016-02-23 00:00:00+09:00,728.8048386691703,743.8687182085921,717.3275971153251,725.2182006835938,47800,0.0,0.0
2016-02-24 00:00:00+09:00,723.0662852950508,725.2182682870003,702.2637830395383,706.5677490234375,65700,0.0,0.0
2016-02-25 00:00:00+09:00,717.3276421060056,741.7167819376098,704.4157445480975,715.1756591796875,100400,0.0,0.0
2016-02-26 00:00:00+09:00,721.6315785177691,733.8261479360615,713.7409747765212,718.7622680664062,55400,0.0,0.0
2016-02-29 00:00:00+09:00,735.9781742915288,743.8687784993327,718.0449829101562,718.0449829101562,71400,0.0,0.0
2016-03-01 00:00:00+09:00,735.2608005166642,735.9781281269243,714.4582998191195,728.0875244140625,66300,0.0,0.0
2016-03-02 00:00:00+09:00,740.9994917593862,763.2366497889515,738.1301810458938,756.7807006835938,65900,0.0,0.0
2016-03-03 00:00:00+09:00,753.1939989299865,758.932619874215,736.6954637153297,749.6073608398438,38800,0.0,0.0
2016-03-04 00:00:00+09:00,747.4552349115232,780.4522990246999,747.4552349115232,776.8656616210938,51100,0.0,0.0
2016-03-07 00:00:00+09:00,787.6257485634038,798.3856631612646,777.5831616054005,781.1697998046875,54200,0.0,0.0
2016-03-08 00:00:00+09:00,774.7138516138017,781.16980037725,754.6286776830734,764.6712646484375,59500,0.0,0.0
2016-03-09 00:00:00+09:00,773.2792011071306,784.7564434241195,761.8019587901416,779.017822265625,99600,0.0,0.0
2016-03-10 00:00:00+09:00,794.7989450312218,805.5588585469875,789.0603244894802,796.950927734375,48400,0.0,0.0
2016-03-11 00:00:00+09:00,794.7990419629593,824.2094758262097,794.0817143077581,814.8842163085938,111600,0.0,0.0
2016-03-14 00:00:00+09:00,828.5133345894192,834.9692826511549,814.8841109035327,824.9266967773438,57500,0.0,0.0
2016-03-15 00:00:00+09:00,824.9267797085201,824.9267797085201,794.0816914237668,799.8203125,83300,0.0,0.0
2016-03-16 00:00:00+09:00,799.8201854071165,817.0360459001845,796.233547804394,801.97216796875,33800,0.0,0.0
2016-03-17 00:00:00+09:00,798.3856226140801,812.0148470791903,785.473725752397,789.0603637695312,55900,0.0,0.0
2016-03-18 00:00:00+09:00,784.0390837296196,799.1029636548914,784.0390837296196,791.9296875,50900,0.0,0.0
2016-03-22 00:00:00+09:00,806.9936130246062,810.5802513047156,789.0604216240595,798.3856811523438,84300,0.0,0.0
2016-03-23 00:00:00+09:00,806.2760815517508,809.8627189252016,791.9295320579474,797.6681518554688,54000,0.0,0.0
2016-03-24 00:00:00+09:00,793.3641075037,805.558673351406,784.7561786700251,787.62548828125,54000,0.0,0.0
2016-03-25 00:00:00+09:00,796.2334171149249,799.1027267261499,785.4735060728314,787.62548828125,57400,0.0,0.0
2016-03-28 00:00:00+09:00,807.7109406806281,807.7109406806281,784.7564556879282,798.3856811523438,68700,0.0,0.0
2016-03-29 00:00:00+09:00,800.56103515625,805.6370562124944,762.1283043018286,800.56103515625,64900,12.0,0.0
2016-03-30 00:00:00+09:00,799.83597770347,802.0114155394722,788.233642578125,788.233642578125,42700,0.0,0.0
2016-03-31 00:00:00+09:00,786.7833914164625,791.8594132965686,768.6547418446545,776.63134765625,76400,0.0,0.0
2016-04-01 00:00:00+09:00,791.1341995808839,791.8593455016729,738.1985473632812,738.1985473632812,152200,0.0,0.0
2016-04-04 00:00:00+09:00,738.1985601213659,755.6020625210838,728.0465170548638,738.9237060546875,126000,0.0,0.0
2016-04-05 00:00:00+09:00,741.8242654131504,745.4499949606244,711.3681372143701,723.6956176757812,107600,0.0,0.0
2016-04-06 00:00:00+09:00,725.1459123605746,733.8476633089015,721.5201827987717,727.3213500976562,69300,0.0,0.0
2016-04-07 00:00:00+09:00,725.1458678582702,737.4733476118607,714.9938257082543,717.8944091796875,63400,0.0,0.0
2016-04-08 00:00:00+09:00,710.6429653825431,743.2745301194966,706.2920900842827,736.0230712890625,71000,0.0,0.0
2016-04-11 00:00:00+09:00,739.6487195748257,739.6487195748257,714.2686164521601,728.04638671875,28200,0.0,0.0
2016-04-12 00:00:00+09:00,730.9470373751849,741.0990795609514,726.5961621527136,735.2979125976562,19000,0.0,0.0
2016-04-13 00:00:00+09:00,743.9996018829789,749.0756225585938,737.4732895857599,749.0756225585938,16500,0.0,0.0
2016-04-14 00:00:00+09:00,761.4032596183223,778.8067626953125,759.9529676952397,778.8067626953125,60800,0.0,0.0
2016-04-15 00:00:00+09:00,768.6545796004086,781.7072045370194,760.6779754724798,770.8300170898438,23000,0.0,0.0
2016-04-18 00:00:00+09:00,749.0756985929377,770.8300751251624,749.0756985929377,767.204345703125,39700,0.0,0.0
2016-04-19 00:00:00+09:00,783.1574774225917,790.408935546875,776.6311651107368,790.408935546875,71000,0.0,0.0
2016-04-20 00:00:00+09:00,796.9352674215734,809.9878923656938,786.0580799681397,798.3855590820312,103600,0.0,0.0
2016-04-21 00:00:00+09:00,814.3387961928548,839.7189011498895,813.6136503369396,831.0171508789062,102700,0.0,0.0
2016-04-22 00:00:00+09:00,830.2919414125639,841.1691284179686,820.1399002075195,841.1691284179688,67300,0.0,0.0
2016-04-25 00:00:00+09:00,852.046268799041,852.771414559721,828.1164586965998,831.7421875,36300,0.0,0.0
2016-04-26 00:00:00+09:00,830.2920774084483,836.8183906806545,808.5376998344279,814.3388671875,34200,0.0,0.0
2016-04-27 00:00:00+09:00,814.3387513083658,821.5902094678348,799.110689173481,807.8124389648438,31000,0.0,0.0
2016-04-28 00:00:00+09:00,819.4146228227459,835.3678278688525,792.5842325179303,796.2099609375,46500,0.0,0.0
2016-05-02 00:00:00+09:00,741.0991511883121,744.724880890799,721.5202107948832,732.3973999023438,150300,0.0,0.0
2016-05-06 00:00:00+09:00,733.8476550660008,752.7014485756016,717.8944451732616,747.6254272460938,93900,0.0,0.0
2016-05-09 00:00:00+09:00,739.6487991898149,745.449966242284,704.841796875,704.841796875,140400,0.0,0.0
2016-05-10 00:00:00+09:00,703.3915687022213,709.9178822262626,682.3623362358663,708.4675903320312,134600,0.0,0.0
2016-05-11 00:00:00+09:00,714.2686097051056,725.1457966549297,709.9177349251761,720.794921875,56200,0.0,0.0
2016-05-12 00:00:00+09:00,716.4441459143054,723.6956048810495,710.6429787409103,722.970458984375,42400,0.0,0.0
2016-05-13 00:00:00+09:00,724.4208375901443,724.4208375901443,706.2921880008013,707.017333984375,51700,0.0,0.0
2016-05-16 00:00:00+09:00,708.4675590870911,716.4441641535784,698.3155162751983,699.7658081054688,56400,0.0,0.0
2016-05-17 00:00:00+09:00,696.1400900676751,696.865235994829,679.4617337431371,683.0874633789062,86300,0.0,0.0
2016-05-18 00:00:00+09:00,679.4616538599918,679.4616538599918,656.2569869192023,661.3330078125,127200,0.0,0.0
2016-05-19 00:00:00+09:00,670.7598602422611,696.1399630622385,668.5844228576916,693.2393798828125,107100,0.0,0.0
2016-05-20 00:00:00+09:00,700.4908864610738,706.2920532226562,684.5376778667222,706.2920532226562,140400,0.0,0.0
2016-05-23 00:00:00+09:00,707.0171643741166,723.6955179952497,696.865123039514,721.5200805664062,124300,0.0,0.0
2016-05-24 00:00:00+09:00,720.7950847572433,739.6488797307728,714.9939170730804,726.5962524414062,97100,0.0,0.0
2016-05-25 00:00:00+09:00,745.4498957519531,745.4498957519531,720.7949381103516,725.1458129882812,62100,0.0,0.0
2016-05-26 00:00:00+09:00,732.3973627129064,732.3973627129064,710.642985602622,716.4441528320312,39700,0.0,0.0
2016-05-27 00:00:00+09:00,717.8943515183338,733.8475593298524,712.8183308510324,721.5200805664062,61700,0.0,0.0
2016-05-30 00:00:00+09:00,727.3212057610392,731.6720803717733,722.2451853818495,729.4966430664062,36100,0.0,0.0
2016-05-31 00:00:00+09:00,730.2219159259888,750.5260009765625,717.894435716712,750.5260009765625,86300,0.0,0.0
2016-06-01 00:00:00+09:00,750.5258907892008,750.5258907892008,730.2218087195413,737.4732666015625,45000,0.0,0.0
2016-06-02 00:00:00+09:00,733.8476463978685,750.5260019978201,730.9470628152683,736.7482299804688,75800,0.0,0.0
2016-06-03 00:00:00+09:00,736.7482007690904,747.6253887725711,733.8476173014956,745.449951171875,54100,0.0,0.0
2016-06-06 00:00:00+09:00,730.9469898452611,753.4265103662959,711.3680526172631,749.80078125,58400,0.0,0.0
2016-06-07 00:00:00+09:00,750.5260049818079,757.0523180686062,738.1985247067444,740.3739624023438,34900,0.0,0.0
2016-06-08 00:00:00+09:00,741.8242059099231,741.8242059099231,722.97041377536,741.0990600585938,23900,0.0,0.0
2016-06-09 00:00:00+09:00,736.7482398715415,750.5260120738636,728.7716349123024,733.84765625,27200,0.0,0.0
2016-06-10 00:00:00+09:00,748.3505315249266,750.5259691165688,735.2979059750733,741.82421875,88000,0.0,0.0
2016-06-13 00:00:00+09:00,724.4208717661455,727.3214558372813,700.4910531792759,701.9413452148438,89200,0.0,0.0
2016-06-14 00:00:00+09:00,692.5143315116352,703.3915199646975,675.1108299867354,678.0114135742188,63400,0.0,0.0
2016-06-15 00:00:00+09:00,677.2862832923752,693.9646393049283,676.5611373787858,682.3623046875,47900,0.0,0.0
2016-06-16 00:00:00+09:00,682.3624741173211,682.3624741173211,656.9823608398438,656.9823608398438,36300,0.0,0.0
2016-06-17 00:00:00+09:00,665.6839528500454,685.2628926397527,665.6839528500454,672.2102661132812,54900,0.0,0.0
2016-06-20 00:00:00+09:00,683.0873387548215,701.9411294210905,682.362192959965,693.2393798828125,40900,0.0,0.0
2016-06-21 00:00:00+09:00,693.2395129594646,707.742431640625,688.1634914210586,707.742431640625,29400,0.0,0.0
2016-06-22 00:00:00+09:00,702.6662585449219,702.6662585449219,686.7130514365748,688.8884887695312,31200,0.0,0.0
2016-06-23 00:00:00+09:00,688.8886165618896,696.1400756835938,683.0874492645263,696.1400756835938,17800,0.0,0.0
2016-06-24 00:00:00+09:00,717.8944875747302,717.8944875747302,625.8009522999921,642.4793090820312,69900,0.0,0.0
2016-06-27 00:00:00+09:00,643.2043274727117,664.2335557666336,643.2043274727117,662.7832641601562,36600,0.0,0.0
2016-06-28 00:00:00+09:00,652.6313882567284,664.2337240479592,633.0524466090266,658.4325561523438,50300,0.0,0.0
2016-06-29 00:00:00+09:00,658.4325558903903,678.0114975303028,656.2571179304,675.8360595703125,26200,0.0,0.0
2016-06-30 00:00:00+09:00,686.7130622989116,687.438208088034,660.6078138905052,662.05810546875,68900,0.0,0.0
2016-07-01 00:00:00+09:00,662.7831939497804,676.5609627517999,662.0580482233584,665.6837768554688,36600,0.0,0.0
2016-07-04 00:00:00+09:00,658.4324753940365,670.7599556602245,652.6313082099481,664.233642578125,40600,0.0,0.0
2016-07-05 00:00:00+09:00,656.2569869192023,662.7832994962993,653.3564035516035,661.3330078125,26500,0.0,0.0
2016-07-06 00:00:00+09:00,661.3330589860807,667.8593720681803,652.6313082099481,664.233642578125,56200,0.0,0.0
2016-07-07 00:00:00+09:00,670.7599586047775,670.7599586047775,662.0582077904452,667.859375,24000,0.0,0.0
2016-07-08 00:00:00+09:00,662.7832994962993,674.3856329666941,658.4324244449012,661.3330078125,30000,0.0,0.0
2016-07-11 00:00:00+09:00,661.3330078125,661.3330078125,661.3330078125,661.3330078125,0,0.0,0.0
2016-07-12 00:00:00+09:00,704.8417551500509,716.4440885681587,704.8417551500509,712.818359375,28900,0.0,0.0
2016-07-13 00:00:00+09:00,725.1459423877396,725.1459423877396,714.2687532519236,718.61962890625,35300,0.0,0.0
2016-07-14 00:00:00+09:00,718.6194810394811,720.7949184190154,711.3680231077003,717.169189453125,28000,0.0,0.0
2016-07-15 00:00:00+09:00,714.9937555017606,724.4206508582747,703.3914227552817,720.794921875,23700,0.0,0.0
2016-07-19 00:00:00+09:00,725.1457684556723,733.1223719086846,718.6194565395712,729.4966430664062,20400,0.0,0.0
2016-07-20 00:00:00+09:00,729.4968161403542,732.3973999023438,721.5202107948832,732.3973999023438,31400,0.0,0.0
2016-07-21 00:00:00+09:00,738.9236548212361,738.9236548212361,732.3973418738454,736.0230712890625,13300,0.0,0.0
2016-07-22 00:00:00+09:00,736.0230840848187,738.1985217717689,717.1692907979169,736.7482299804688,16000,0.0,0.0
2016-07-25 00:00:00+09:00,733.1225173965408,740.3739765201466,724.420766448214,727.3213500976562,40700,0.0,0.0
2016-07-26 00:00:00+09:00,725.8709588012696,730.2218336791992,719.3446464843751,725.1458129882812,13100,0.0,0.0
2016-07-27 00:00:00+09:00,731.672211619946,746.9002754891421,731.672211619946,740.3739624023438,37400,0.0,0.0
2016-07-28 00:00:00+09:00,735.2979362241684,735.2979362241684,716.4441429876513,719.3447265625,27000,0.0,0.0
2016-07-29 00:00:00+09:00,713.5436873525944,732.3974839696344,701.9413509728773,730.2220458984375,31000,0.0,0.0
2016-08-01 00:00:00+09:00,711.3680676977365,717.1692344067905,704.8417551500509,712.818359375,37500,0.0,0.0
2016-08-02 00:00:00+09:00,701.9411311619718,725.8709424515846,697.5902563820423,720.794921875,34400,0.0,0.0
2016-08-03 00:00:00+09:00,659.8827428251641,676.5610978636023,623.6254492633419,635.227783203125,135600,0.0,0.0
2016-08-04 00:00:00+09:00,630.876953125,635.2278286637932,613.4734509698276,630.876953125,125700,0.0,0.0
2016-08-05 00:00:00+09:00,633.0522532824887,649.7306058890148,631.6019617514864,640.3037109375,52000,0.0,0.0
2016-08-08 00:00:00+09:00,654.8066603245306,673.6604512087365,649.7306397018599,662.7832641601562,50900,0.0,0.0
2016-08-09 00:00:00+09:00,663.5084261686906,670.7598843781844,661.3329887058425,667.1341552734375,76000,0.0,0.0
2016-08-10 00:00:00+09:00,662.0582808951752,670.7600326703583,649.0056532324007,668.5845947265625,53100,0.0,0.0
2016-08-12 00:00:00+09:00,670.7599516837828,674.3856811523438,670.7599516837828,674.3856811523438,21500,0.0,0.0
2016-08-15 00:00:00+09:00,674.3856683408738,680.9119812603017,666.4090636615732,673.6605224609375,41400,0.0,0.0
2016-08-16 00:00:00+09:00,674.3856395835496,685.2628273187681,653.3564099621271,654.8067016601562,69500,0.0,0.0
2016-08-17 00:00:00+09:00,652.6313705189172,662.7834140603226,646.105056813728,650.4559326171875,37300,0.0,0.0
2016-08-18 00:00:00+09:00,635.9529702717361,650.455888635972,632.3272406806773,641.0289916992188,49700,0.0,0.0
2016-08-19 00:00:00+09:00,622.175157520869,640.3038043017801,622.175157520869,635.227783203125,65700,0.0,0.0
2016-08-22 00:00:00+09:00,635.2276542078004,653.356297307338,633.7773627598373,651.906005859375,50300,0.0,0.0
2016-08-23 00:00:00+09:00,646.1050031507338,656.9821917559649,641.7541277086412,643.9295654296875,34300,0.0,0.0
2016-08-24 00:00:00+09:00,651.1809789329034,661.3330209207214,645.3798120827216,648.2803955078125,43500,0.0,0.0
2016-08-25 00:00:00+09:00,656.9821457830851,656.9821457830851,639.5786452325398,648.2803955078125,24000,0.0,0.0
2016-08-26 00:00:00+09:00,643.9295753720659,649.0055967995484,638.8535539445834,641.0289916992188,19100,0.0,0.0
2016-08-29 00:00:00+09:00,656.9823608398438,668.5846983381191,654.0817764652749,656.9823608398438,35400,0.0,0.0
2016-08-30 00:00:00+09:00,646.8301037952671,651.906124789176,645.3798120827216,648.2803955078125,30700,0.0,0.0
2016-08-31 00:00:00+09:00,652.6312102101588,662.7832512578724,652.6312102101588,662.05810546875,39500,0.0,0.0
2016-09-01 00:00:00+09:00,657.7072786030017,661.3330078125,652.631257709704,661.3330078125,17900,0.0,0.0
2016-09-02 00:00:00+09:00,656.2570875031607,656.2570875031607,647.5553360666547,649.7307739257812,31300,0.0,0.0
2016-09-05 00:00:00+09:00,652.6311553685011,660.6077583785606,646.8299895430033,655.53173828125,27000,0.0,0.0
2016-09-06 00:00:00+09:00,653.356468013772,658.4324894078857,646.8301547927687,651.1810302734375,31100,0.0,0.0
2016-09-07 00:00:00+09:00,645.3798405417591,654.8067370889984,639.5786734357658,653.3564453125,24000,0.0,0.0
2016-09-08 00:00:00+09:00,652.631289655991,658.4324566751554,648.2804143916178,656.2570190429688,28000,0.0,0.0
2016-09-09 00:00:00+09:00,652.6312706454488,653.3564165017215,642.4792286576306,648.2803955078125,37700,0.0,0.0
2016-09-12 00:00:00+09:00,633.0522532824887,647.5551685925113,633.0522532824887,640.3037109375,32400,0.0,0.0
2016-09-13 00:00:00+09:00,649.005508941858,649.005508941858,638.8534674612033,639.57861328125,21700,0.0,0.0
2016-09-14 00:00:00+09:00,649.7306484988777,651.1809401249913,642.4791903683099,646.1049194335938,26200,0.0,0.0
2016-09-15 00:00:00+09:00,641.0289465743504,646.8301135116749,638.1283631056882,645.3798217773438,30600,0.0,0.0
2016-09-16 00:00:00+09:00,649.0054965549045,652.6312255859375,645.3797675238715,652.6312255859375,24600,0.0,0.0
2016-09-20 00:00:00+09:00,645.3796943435415,656.256880203264,644.6545486195599,651.906005859375,34400,0.0,0.0
2016-09-21 00:00:00+09:00,651.90622726012,671.4851684570312,646.1050594980721,671.4851684570312,28900,0.0,0.0
2016-09-23 00:00:00+09:00,678.7365793765169,678.7365793765169,664.9588069319082,672.2102661132812,35700,0.0,0.0
2016-09-26 00:00:00+09:00,666.4092600571925,667.1344061508347,651.9063381843482,656.9823608398438,31800,0.0,0.0
2016-09-27 00:00:00+09:00,654.0815493935032,675.1107788085938,648.2803826583059,675.1107788085938,31700,0.0,0.0
2016-09-28 00:00:00+09:00,678.0427776399206,678.0427776399206,666.3144701347976,670.7125854492188,18300,10.0,0.0
2016-09-29 00:00:00+09:00,670.7127582086429,689.0382434056004,669.9797388007646,687.5722045898438,29000,0.0,0.0
2016-09-30 00:00:00+09:00,669.979684817136,674.3778009100274,660.4504332825377,667.047607421875,29200,0.0,0.0
2016-10-03 00:00:00+09:00,675.8437591752195,683.1739517910028,667.7805472978579,672.9116821289062,24500,0.0,0.0
2016-10-04 00:00:00+09:00,678.0426942227735,683.9068472538895,677.309675093884,683.173828125,16200,0.0,0.0
2016-10-05 00:00:00+09:00,684.6401269583306,689.0382434056004,680.2420105110607,687.5722045898438,26800,0.0,0.0
2016-10-06 00:00:00+09:00,689.0382748252467,697.1014886795847,675.1109054404811,696.3684692382812,29100,0.0,0.0
2016-10-07 00:00:00+09:00,696.3683626058898,696.3683626058898,683.1740146828308,686.839111328125,17200,0.0,0.0
2016-10-11 00:00:00+09:00,686.8390797760527,694.169272729906,680.2419061175848,691.97021484375,13400,0.0,0.0
2016-10-12 00:00:00+09:00,681.707789867221,689.0379811561158,664.1153307738733,683.173828125,25200,0.0,0.0
2016-10-13 00:00:00+09:00,688.3052048173922,695.6353986919119,675.1108558432569,679.5089721679688,32100,0.0,0.0
2016-10-14 00:00:00+09:00,679.5090261606069,687.5722400632678,675.8439289321248,686.106201171875,20500,0.0,0.0
2016-10-17 00:00:00+09:00,686.1061982872918,691.9703538282089,680.9750621889895,682.4411010742188,16000,0.0,0.0
2016-10-18 00:00:00+09:00,683.9071428347856,694.9024345202323,683.9071428347856,686.106201171875,26900,0.0,0.0
2016-10-19 00:00:00+09:00,686.8389982201023,690.5040942618318,679.5088061366434,683.9069213867188,26500,0.0,0.0
2016-10-20 00:00:00+09:00,686.1060988235877,695.6353501961376,685.3730794872376,694.1693115234375,34800,0.0,0.0
2016-10-21 00:00:00+09:00,694.1693792607484,699.3005151158965,684.6401269583306,687.5722045898438,23800,0.0,0.0
2016-10-24 00:00:00+09:00,689.0381598801972,692.7032564753047,675.8438121378105,689.7711791992188,32100,0.0,0.0
2016-10-25 00:00:00+09:00,700.7664406807451,700.7664406807451,694.902286365425,698.5673828125,31600,0.0,0.0
2016-10-26 00:00:00+09:00,702.9655696117212,702.9655696117212,691.2372597954673,695.6353759765625,19400,0.0,0.0
2016-10-27 00:00:00+09:00,696.36842103912,700.766537382525,675.8438781032302,697.1014404296875,29300,0.0,0.0
2016-10-28 00:00:00+09:00,700.0334084134142,700.0334084134142,694.1692542068097,697.8343505859375,42200,0.0,0.0
2016-10-31 00:00:00+09:00,695.6353697328826,705.1646213730592,694.902350375946,702.2325439453125,25000,0.0,0.0
2016-11-01 00:00:00+09:00,703.698495521705,705.8975533202104,694.1692450615152,700.7664184570312,26100,0.0,0.0
2016-11-02 00:00:00+09:00,689.771156957594,708.8296586376125,681.7079447083554,691.97021484375,30400,0.0,0.0
2016-11-04 00:00:00+09:00,678.0429112521815,700.0334921576577,678.0429112521815,695.6353759765625,41000,0.0,0.0
2016-11-07 00:00:00+09:00,703.6986315631663,703.6986315631663,685.3731463662089,687.5722045898438,39200,0.0,0.0
2016-11-08 00:00:00+09:00,676.5768493385231,678.7759073537079,664.1155205858092,669.9796752929688,56700,0.0,0.0
2016-11-09 00:00:00+09:00,677.3099418430153,680.2420195133313,628.9306602828,639.1929321289062,51000,0.0,0.0
2016-11-10 00:00:00+09:00,681.7078948381395,683.1739333216624,672.1786446952408,678.7758178710938,43000,0.0,0.0
2016-11-11 00:00:00+09:00,680.9750534124249,692.7033643431017,665.5816453159115,671.44580078125,41000,0.0,0.0
2016-11-14 00:00:00+09:00,679.5089240238584,688.3051560500572,671.4457113331762,680.241943359375,40000,0.0,0.0
2016-11-15 00:00:00+09:00,677.3098625935299,681.7079785843971,673.6447659344741,676.5768432617188,20100,0.0,0.0
2016-11-16 00:00:00+09:00,678.0427776399206,678.0427776399206,666.3144701347976,670.7125854492188,44800,0.0,0.0
2016-11-17 00:00:00+09:00,667.0475242589677,672.1786590609597,665.5814857441128,669.24658203125,21100,0.0,0.0
2016-11-18 00:00:00+09:00,677.3098625935299,678.7759012571523,672.9117466026629,676.5768432617188,19700,0.0,0.0
2016-11-21 00:00:00+09:00,678.0428427088799,700.0334213913301,678.0428427088799,698.5673828125,39800,0.0,0.0
2016-11-22 00:00:00+09:00,699.3004791909076,700.0334985611287,686.1061305269282,689.0382080078125,25700,0.0,0.0
2016-11-24 00:00:00+09:00,693.4361832373253,697.8342985644119,691.237125573782,694.9022216796875,16500,0.0,0.0
2016-11-25 00:00:00+09:00,699.3002489605686,703.6983637339056,680.2417516094421,683.173828125,53300,0.0,0.0
2016-11-28 00:00:00+09:00,687.5720954545643,694.9022883698582,681.7079411223292,688.3051147460938,32800,0.0,0.0
2016-11-29 00:00:00+09:00,683.9070040979118,707.3636216018058,683.9070040979118,705.8975830078125,43400,0.0,0.0
2016-11-30 00:00:00+09:00,702.9656727311504,707.3637895574142,696.3684974917549,701.4996337890625,31800,0.0,0.0
2016-12-01 00:00:00+09:00,704.4314734471561,730.8201654805563,704.4314734471561,719.0918579101562,58100,0.0,0.0
2016-12-02 00:00:00+09:00,724.9561671077424,729.3542833894882,714.6938957836693,727.8882446289062,72000,0.0,0.0
2016-12-05 00:00:00+09:00,722.0239810368025,724.9560581171551,704.4315185546875,704.4315185546875,36900,0.0,0.0
2016-12-06 00:00:00+09:00,708.8296673765898,721.2909955517729,700.0334357235193,713.227783203125,46900,0.0,0.0
2016-12-07 00:00:00+09:00,711.7617062752173,736.6843612838243,711.7617062752173,735.2183227539062,66700,0.0,0.0
2016-12-08 00:00:00+09:00,744.0144946124102,759.4078979492188,730.0871296886311,759.4078979492188,74400,0.0,0.0
2016-12-09 00:00:00+09:00,759.4080457742504,762.340123171062,751.3448329330179,760.8740844726562,60900,0.0,0.0
2016-12-12 00:00:00+09:00,762.3399739583333,779.1994156901042,755.0097819010417,769.670166015625,102400,0.0,0.0
2016-12-13 00:00:00+09:00,763.0731584651296,768.9373133812882,734.4854032488568,751.3448486328125,78600,0.0,0.0
2016-12-14 00:00:00+09:00,754.2768812799314,757.2089585638184,745.4806494282705,755.742919921875,34400,0.0,0.0
2016-12-15 00:00:00+09:00,757.9421304060736,758.6751498745515,745.4807994419506,746.9468383789062,36800,0.0,0.0
2016-12-16 00:00:00+09:00,754.2769553061181,758.6750716635881,738.8835480549728,742.5486450195312,60800,0.0,0.0
2016-12-19 00:00:00+09:00,742.548712875235,769.6704328914084,742.548712875235,767.4713745117188,89100,0.0,0.0
2016-12-20 00:00:00+09:00,761.6071980225973,787.2628784179688,761.6071980225973,787.2628784179688,66900,0.0,0.0
2016-12-21 00:00:00+09:00,790.1948062501855,790.1948062501855,766.0051693241594,771.8693237304688,27600,0.0,0.0
2016-12-22 00:00:00+09:00,775.5344202344121,777.7334781367781,766.0051693241594,771.8693237304688,23700,0.0,0.0
2016-12-26 00:00:00+09:00,773.3355301908913,773.3355301908913,760.1411799127529,767.4713745117188,30000,0.0,0.0
2016-12-27 00:00:00+09:00,762.3400047938638,767.4711394415149,757.9418893815916,764.5390625,24400,0.0,0.0
2016-12-28 00:00:00+09:00,802.6560668362915,811.4522977057304,763.8060471629368,768.2041625976562,59100,0.0,0.0
2016-12-29 00:00:00+09:00,768.2041625976562,773.3352972714955,756.4758547717378,768.2041625976562,30800,0.0,0.0
2016-12-30 00:00:00+09:00,758.6748779296876,769.670166015625,756.4758203125,769.670166015625,25700,0.0,0.0
2017-01-04 00:00:00+09:00,769.6702949955778,779.9325655955189,769.6702949955778,777.00048828125,42900,0.0,0.0
2017-01-05 00:00:00+09:00,777.0005396792762,777.0005396792762,757.9420358758223,766.0052490234375,47700,0.0,0.0
2017-01-06 00:00:00+09:00,761.6070188694091,775.5343849507553,757.2089032647734,773.3353271484375,37800,0.0,0.0
2017-01-10 00:00:00+09:00,773.3353717174839,773.3353717174839,762.3400820722117,768.937255859375,39500,0.0,0.0
2017-01-11 00:00:00+09:00,760.1409599918059,767.4711524700297,758.6749214961611,765.2720947265625,31900,0.0,0.0
2017-01-12 00:00:00+09:00,762.340008684697,768.2041625976562,752.8107585761383,768.2041625976562,45900,0.0,0.0
2017-01-13 00:00:00+09:00,760.8740715828789,765.2721876035891,752.8108588782433,760.1410522460938,24300,0.0,0.0
2017-01-16 00:00:00+09:00,755.0099358591093,756.4759745695153,744.014645531064,754.2769165039062,21100,0.0,0.0
2017-01-17 00:00:00+09:00,753.5438608765131,753.5438608765131,736.684416518381,741.8155517578125,26500,0.0,0.0
2017-01-18 00:00:00+09:00,741.8155388384025,741.8155388384025,728.6211913096563,741.08251953125,22600,0.0,0.0
2017-01-19 00:00:00+09:00,747.6797295358858,754.276903620026,746.9467101932036,753.5438842773438,30200,0.0,0.0
2017-01-20 00:00:00+09:00,753.543961132057,761.607174723937,747.6798057925079,757.9420776367188,49200,0.0,0.0
2017-01-23 00:00:00+09:00,749.8788420971345,756.4760166610388,741.8156287412512,746.2137451171875,28800,0.0,0.0
2017-01-24 00:00:00+09:00,748.4127711747333,754.2769260908918,744.0146549876143,751.3448486328125,28700,0.0,0.0
2017-01-25 00:00:00+09:00,757.2089939247184,761.6071100559365,749.8788003726881,754.2769165039062,35400,0.0,0.0
2017-01-26 00:00:00+09:00,758.6749176524715,762.3400138730149,756.4758599201456,761.6069946289062,20700,0.0,0.0
2017-01-27 00:00:00+09:00,762.340123171062,766.0052199170768,758.6750264250473,760.8740844726562,24200,0.0,0.0
2017-01-30 00:00:00+09:00,758.674948936285,760.140987484954,753.5438140159429,756.4758911132812,13300,0.0,0.0
2017-01-31 00:00:00+09:00,747.6797423070791,758.6750326351244,746.2137035966731,754.2769165039062,26700,0.0,0.0
2017-02-01 00:00:00+09:00,745.4807257211982,751.3448808891131,732.2863765933894,746.2137451171875,38200,0.0,0.0
2017-02-02 00:00:00+09:00,742.5485154034965,751.3447465830048,733.0192649590291,735.2183227539062,32400,0.0,0.0
2017-02-03 00:00:00+09:00,722.7569862524825,745.4805831833415,709.5626396474677,738.150390625,62200,0.0,0.0
2017-02-06 00:00:00+09:00,744.0145967598603,752.8108284456911,727.1551526953511,741.08251953125,45200,0.0,0.0
2017-02-07 00:00:00+09:00,739.6164879570044,753.5438549254714,737.4174300146149,748.4127197265625,27000,0.0,0.0
2017-02-08 00:00:00+09:00,751.3448005066513,753.5438584593536,739.6164914255718,752.0778198242188,43200,0.0,0.0
2017-02-09 00:00:00+09:00,751.3447934248317,752.07781273549,733.0193106583723,744.7476196289062,45900,0.0,0.0
2017-02-10 00:00:00+09:00,752.077782804815,766.0051491530523,738.8834357380639,763.8060913085938,52900,0.0,0.0
2017-02-13 00:00:00+09:00,765.2720817353787,771.1362356184085,757.9418893815916,764.5390625,49800,0.0,0.0
2017-02-14 00:00:00+09:00,768.2042069975108,775.5343998123726,758.6749563381906,763.8060913085938,51400,0.0,0.0
2017-02-15 00:00:00+09:00,768.2042365496902,774.8014103368536,763.8061206915812,768.937255859375,30400,0.0,0.0
2017-02-16 00:00:00+09:00,768.9372737757614,770.4033124292899,747.6797132995963,749.145751953125,60000,0.0,0.0
2017-02-17 00:00:00+09:00,741.0825065990485,742.5485451877707,732.2862750667157,740.3494873046875,44100,0.0,0.0
2017-02-20 00:00:00+09:00,737.4175189408604,745.4807323686432,733.7524219282319,739.6165771484375,40700,0.0,0.0
2017-02-21 00:00:00+09:00,736.6844995383348,739.6165771484375,733.0194025257061,739.6165771484375,29800,0.0,0.0
2017-02-22 00:00:00+09:00,744.014613208752,747.6797098255439,737.4174392985267,745.4806518554688,51300,0.0,0.0
2017-02-23 00:00:00+09:00,742.5485710777314,744.0146097175689,728.6212039992744,741.8155517578125,77700,0.0,0.0
2017-02-24 00:00:00+09:00,738.8833955652574,747.6796264648438,738.1503763236252,747.6796264648438,92000,0.0,0.0
2017-02-27 00:00:00+09:00,735.218354313249,740.3494893882169,723.4900455704654,730.0872192382812,44500,0.0,0.0
2017-02-28 00:00:00+09:00,736.6844001299819,746.9466703805488,736.6844001299819,737.4174194335938,36800,0.0,0.0
2017-03-01 00:00:00+09:00,737.4174194335938,738.8834580408176,728.6211877902507,737.4174194335938,46800,0.0,0.0
2017-03-02 00:00:00+09:00,746.2136078798221,747.6796464021793,700.0333944255699,731.55322265625,156300,0.0,0.0
2017-03-03 00:00:00+09:00,731.5532905941918,743.281599862235,727.8881939479284,738.8834838867188,47700,0.0,0.0
2017-03-06 00:00:00+09:00,738.8834838867188,740.3495225452242,732.2863099234445,738.8834838867188,22000,0.0,0.0
2017-03-07 00:00:00+09:00,736.6844001299819,740.3494966480415,731.5532650046983,737.4174194335938,29200,0.0,0.0
2017-03-08 00:00:00+09:00,743.2815110150506,747.6796264648438,738.8833955652574,747.6796264648438,57800,0.0,0.0
2017-03-09 00:00:00+09:00,747.6796838920105,756.4759154672106,738.8834523168103,744.0145874023438,42000,0.0,0.0
2017-03-10 00:00:00+09:00,761.6070814618231,763.8061394448698,753.5438688573188,763.0731201171875,84100,0.0,0.0
2017-03-13 00:00:00+09:00,760.1409171557334,762.3399747752775,755.0097827101306,759.4078979492188,19600,0.0,0.0
2017-03-14 00:00:00+09:00,762.3401260375977,762.3401260375977,747.6797389984131,750.61181640625,22700,0.0,0.0
2017-03-15 00:00:00+09:00,747.6796932956231,749.8787512170809,738.8834616097922,741.08251953125,24500,0.0,0.0
2017-03-16 00:00:00+09:00,733.752275089995,739.6164291366683,724.956044019985,738.150390625,80100,0.0,0.0
2017-03-17 00:00:00+09:00,734.4853669910026,738.1504636326742,716.1598837826442,724.9561157226562,151900,0.0,0.0
2017-03-21 00:00:00+09:00,722.0238603864397,722.0238603864397,703.6983816964286,708.0964965820312,156400,0.0,0.0
2017-03-22 00:00:00+09:00,697.101331310112,701.4994469650653,695.6352927584608,697.8343505859375,70900,0.0,0.0
2017-03-23 00:00:00+09:00,697.1014404296875,701.4995567730925,694.1693628674176,697.1014404296875,29400,0.0,0.0
2017-03-24 00:00:00+09:00,699.300402101915,699.300402101915,678.7758619982949,698.5673828125,55300,0.0,0.0
2017-03-27 00:00:00+09:00,692.7032564753047,694.9023144323692,683.9070246470468,689.7711791992188,38700,0.0,0.0
2017-03-28 00:00:00+09:00,699.3005583772954,711.0288696289062,697.1015000176184,711.0288696289062,70400,0.0,0.0
2017-03-29 00:00:00+09:00,723.64610453121,727.3571101954726,716.2240932026848,724.3883056640625,59900,12.0,0.0
2017-03-30 00:00:00+09:00,719.9351914240597,735.5214172177764,719.9351914240597,732.5526123046875,56100,0.0,0.0
2017-03-31 00:00:00+09:00,737.747877922611,745.912089851332,716.9662475585938,716.9662475585938,68000,0.0,0.0
2017-04-03 00:00:00+09:00,738.4902577302894,738.4902577302894,721.419628657127,727.3572387695312,44400,0.0,0.0
2017-04-04 00:00:00+09:00,731.8103734667056,731.8103734667056,708.802136572722,714.73974609375,45600,0.0,0.0
2017-04-05 00:00:00+09:00,715.4819622860375,720.6773707258739,703.6067429949829,707.3177490234375,49300,0.0,0.0
2017-04-06 00:00:00+09:00,706.5755581107192,711.7709666262391,688.7627289146506,690.2471313476562,30000,0.0,0.0
2017-04-07 00:00:00+09:00,701.3801897489108,707.3177998208592,693.2159758999817,694.7003784179688,38200,0.0,0.0
2017-04-10 00:00:00+09:00,705.8332250584893,705.8332250584893,692.4736056567514,693.9580078125,14100,0.0,0.0
2017-04-11 00:00:00+09:00,696.9269623097116,697.6691635475281,690.9893524071795,692.4737548828125,20800,0.0,0.0
2017-04-12 00:00:00+09:00,688.0205290853395,688.7627303033388,679.8563156873473,683.5673217773438,17600,0.0,0.0
2017-04-13 00:00:00+09:00,683.5673588030904,683.5673588030904,669.465534897272,671.692138671875,38300,0.0,0.0
2017-04-14 00:00:00+09:00,667.9810580828332,676.8874721906043,665.7544545558904,672.4342651367188,27800,0.0,0.0
2017-04-17 00:00:00+09:00,669.465486457549,682.0829069340216,669.465486457549,677.6296997070312,21100,0.0,0.0
2017-04-18 00:00:00+09:00,688.0205367309038,697.6691526721139,678.3719207896937,679.8563232421875,26100,0.0,0.0
2017-04-19 00:00:00+09:00,679.1140402837327,691.7314596114086,679.1140402837327,684.3094482421875,28700,0.0,0.0
2017-04-20 00:00:00+09:00,682.0829193413452,690.2471327393374,677.6297120333495,683.5673217773438,31500,0.0,0.0
2017-04-21 00:00:00+09:00,685.793877908458,690.9892860744311,681.3406709090524,682.8250732421875,35700,0.0,0.0
2017-04-24 00:00:00+09:00,693.9581025244713,699.1535107786652,688.7626942702775,695.4425048828125,54800,0.0,0.0
2017-04-25 00:00:00+09:00,700.637817513369,700.637817513369,688.7626002673796,693.9580078125,59300,0.0,0.0
2017-04-26 00:00:00+09:00,702.1223269928425,709.5443389060862,697.6691198448964,708.0599365234375,25200,0.0,0.0
2017-04-27 00:00:00+09:00,712.5131973409801,715.4820023299009,708.8021911048293,711.77099609375,27400,0.0,0.0
2017-04-28 00:00:00+09:00,719.192926638296,719.192926638296,708.0599091980747,709.5443115234375,26500,0.0,0.0
2017-05-01 00:00:00+09:00,708.8021624063708,719.9351806640625,708.0599611891913,719.9351806640625,16200,0.0,0.0
2017-05-02 00:00:00+09:00,725.1305627555491,734.7791782272196,708.0599353825935,714.73974609375,39900,0.0,0.0
2017-05-08 00:00:00+09:00,725.8727902852779,789.7020949524905,716.9663756805506,785.9910888671875,289500,0.0,0.0
2017-05-09 00:00:00+09:00,785.9911983034006,788.9600035849999,762.2407560506066,763.7251586914062,110100,0.0,0.0
2017-05-10 00:00:00+09:00,772.6314649173722,779.3112758532573,721.4195810755867,762.9828491210938,63900,0.0,0.0
2017-05-11 00:00:00+09:00,771.1470825313712,771.1470825313712,757.0452590779582,765.20947265625,31000,0.0,0.0
2017-05-12 00:00:00+09:00,764.4672515512905,764.4672515512905,751.8498308946187,762.9828491210938,31700,0.0,0.0
2017-05-15 00:00:00+09:00,751.1074761284723,759.2716878255209,748.138671875,754.8184814453125,24300,0.0,0.0
2017-05-16 00:00:00+09:00,754.8186613663382,768.1782836914061,753.3342588857752,768.1782836914062,47700,0.0,0.0
2017-05-17 00:00:00+09:00,764.4672946479377,764.4672946479377,746.6544644813838,754.0764770507812,25300,0.0,0.0
2017-05-18 00:00:00+09:00,739.9746531689261,754.818678307721,739.2324519119863,754.0764770507812,34100,0.0,0.0
2017-05-19 00:00:00+09:00,764.4671630859375,774.8579788948726,752.5919450185831,764.4671630859375,36900,0.0,0.0
2017-05-22 00:00:00+09:00,768.1780938368577,774.8579033484825,764.4670885526217,771.8890991210938,56800,0.0,0.0
2017-05-23 00:00:00+09:00,768.9204849316877,778.5691010553479,765.20947873028,768.1782836914062,22300,0.0,0.0
2017-05-24 00:00:00+09:00,769.6625768820597,777.0845882309707,766.6937723424953,774.1157836914062,26600,0.0,0.0
2017-05-25 00:00:00+09:00,772.6313755072437,777.0845822825015,762.9827608275183,764.4671630859375,30900,0.0,0.0
2017-05-26 00:00:00+09:00,771.8891059027778,771.8891059027778,754.0762803819445,754.8184814453125,13500,0.0,0.0
2017-05-29 00:00:00+09:00,754.818591796875,757.0451953125,742.201171875,742.201171875,31700,0.0,0.0
2017-05-30 00:00:00+09:00,744.4277880229647,750.3653974987212,740.7167821006169,748.1387939453125,17800,0.0,0.0
2017-05-31 00:00:00+09:00,744.4278564453125,752.5920702248723,740.7168501818763,744.4278564453125,27600,0.0,0.0
2017-06-01 00:00:00+09:00,744.4279433849246,766.6939835659293,744.4279433849246,765.9517822265625,46700,0.0,0.0
2017-06-02 00:00:00+09:00,767.4359996977307,779.3112182617188,762.2405915759858,779.3112182617188,56200,0.0,0.0
2017-06-05 00:00:00+09:00,776.3424420030905,778.5690455652408,768.1782289418725,771.1470336914062,26600,0.0,0.0
2017-06-06 00:00:00+09:00,777.8268607345282,783.022269155465,755.5608246447994,757.0452270507812,97400,0.0,0.0
2017-06-07 00:00:00+09:00,767.4361314971867,785.2489624023438,767.4361314971867,785.2489624023438,81400,0.0,0.0
2017-06-08 00:00:00+09:00,786.733225643907,814.194668425817,785.9910244876392,812.7102661132812,124400,0.0,0.0
2017-06-09 00:00:00+09:00,821.6167541116557,827.554363897467,805.2883272006743,818.64794921875,106800,0.0,0.0
2017-06-12 00:00:00+09:00,823.8434389745564,832.0076532346645,813.4526208253277,820.8746337890625,67400,0.0,0.0
2017-06-13 00:00:00+09:00,814.9369051085299,843.8827514648439,814.9369051085299,843.8827514648438,62500,0.0,0.0
2017-06-14 00:00:00+09:00,846.1094438325991,849.0782488986783,841.6562362334802,842.3984375,47400,0.0,0.0
2017-06-15 00:00:00+09:00,842.398338558221,843.1405397375675,821.6167055365204,824.5855102539062,122800,0.0,0.0
2017-06-16 00:00:00+09:00,824.5855389404296,839.4295630437676,816.4213256835936,816.4213256835938,127700,0.0,0.0
2017-06-19 00:00:00+09:00,813.4523930310761,813.4523930310761,794.155164729244,800.0927734375,96700,0.0,0.0
2017-06-20 00:00:00+09:00,805.2882222020348,809.7414289607558,797.1240098110464,797.8662109375,96400,0.0,0.0
2017-06-21 00:00:00+09:00,798.6084126370486,798.6084126370486,788.9597979862292,791.1864013671875,48300,0.0,0.0
2017-06-22 00:00:00+09:00,788.9598910049255,800.8351104367964,788.2176897904335,799.3507080078125,48400,0.0,0.0
2017-06-23 00:00:00+09:00,808.9993362075173,814.936946014545,801.5773239487328,805.288330078125,72200,0.0,0.0
2017-06-26 00:00:00+09:00,811.22578976548,811.22578976548,800.0927734375,800.0927734375,31700,0.0,0.0
2017-06-27 00:00:00+09:00,805.2883088752614,810.4837173196179,801.5773028435782,809.7415161132812,41100,0.0,0.0
2017-06-28 00:00:00+09:00,809.7413738487604,812.7101781525139,800.0927598615616,800.8349609375,38000,0.0,0.0
2017-06-29 00:00:00+09:00,803.8039276263681,806.772732529882,799.3507202710974,805.288330078125,22300,0.0,0.0
2017-06-30 00:00:00+09:00,797.1241848415799,806.0306003146702,791.9287758156106,801.577392578125,62200,0.0,0.0
2017-07-03 00:00:00+09:00,797.8663055788287,803.0617140802722,794.155299506369,799.3507080078125,27800,0.0,0.0
2017-07-04 00:00:00+09:00,803.0616964860396,805.2883000807328,782.280062935569,783.7644653320312,36400,0.0,0.0
2017-07-05 00:00:00+09:00,785.9910134439496,795.639628339862,781.537806568913,793.4130249023438,48100,0.0,0.0
2017-07-06 00:00:00+09:00,785.2487115438323,794.8973252017432,785.2487115438323,788.959716796875,26800,0.0,0.0
2017-07-07 00:00:00+09:00,778.5690766965813,795.6397046889754,777.8268754795207,785.9910888671875,37800,0.0,0.0
2017-07-10 00:00:00+09:00,789.7020463880916,794.1552534165959,787.4754428738395,791.9286499023438,24000,0.0,0.0
2017-07-11 00:00:00+09:00,791.1864933133345,810.4837248575622,791.1864933133345,806.030517578125,35500,0.0,0.0
2017-07-12 00:00:00+09:00,803.061781354793,808.2571902914691,798.6085736947849,802.319580078125,24500,0.0,0.0
2017-07-13 00:00:00+09:00,807.5150146484375,817.9058328516343,759.2719301335952,807.5150146484375,88600,0.0,0.0
2017-07-14 00:00:00+09:00,812.7102178120784,828.2964411673786,802.3194022418784,825.32763671875,97300,0.0,0.0
2017-07-17 00:00:00+09:00,825.32763671875,825.32763671875,825.32763671875,825.32763671875,0,0.0,0.0
2017-07-18 00:00:00+09:00,828.296326171875,836.4605372721354,820.1321150716145,834.9761352539062,41000,0.0,0.0
2017-07-19 00:00:00+09:00,831.2653290719697,866.1487848455256,831.2653290719697,857.2423706054688,88000,0.0,0.0
2017-07-20 00:00:00+09:00,863.9221926744481,871.3442046390052,860.2111866921695,869.8598022460938,51600,0.0,0.0
2017-07-21 00:00:00+09:00,870.6018948835964,871.344095987504,863.9220849484282,869.1174926757812,31000,0.0,0.0
2017-07-24 00:00:00+09:00,861.6955557016227,869.8597685463409,855.7579463600093,868.3753662109375,40400,0.0,0.0
2017-07-25 00:00:00+09:00,868.3753061294556,868.3753061294556,852.7890826861063,855.0156860351562,34200,0.0,0.0
2017-07-26 00:00:00+09:00,855.7580017775632,866.8910200140449,849.8203920514395,858.726806640625,33000,0.0,0.0
2017-07-27 00:00:00+09:00,858.7266640503244,870.6018815307092,855.7578596802282,863.1798706054688,32700,0.0,0.0
2017-07-28 00:00:00+09:00,856.5003717979207,860.211378608137,847.5939554534016,859.4691772460938,29800,0.0,0.0
2017-07-31 00:00:00+09:00,852.7891572078967,860.9533702011837,849.078151301857,854.2735595703125,35700,0.0,0.0
2017-08-01 00:00:00+09:00,854.2735918737731,863.1800063850548,849.0781834088586,862.4378051757812,44700,0.0,0.0
2017-08-02 00:00:00+09:00,867.6330635097019,869.8596667522418,856.5000472970025,863.9220581054688,40700,0.0,0.0
2017-08-03 00:00:00+09:00,847.5938463656388,848.3360476321585,831.2654185022026,842.3984375,44600,0.0,0.0
2017-08-04 00:00:00+09:00,842.3983541737432,855.0157744565217,838.6873482082201,853.5313720703125,25800,0.0,0.0
2017-08-07 00:00:00+09:00,862.4378326416016,869.117643737793,857.9846252441406,860.9534301757812,30700,0.0,0.0
2017-08-08 00:00:00+09:00,860.2111219962787,860.2111219962787,843.1404957616675,846.8515014648438,21900,0.0,0.0
2017-08-09 00:00:00+09:00,842.3983162969722,843.8827186164382,829.0386954217779,835.718505859375,44900,0.0,0.0
2017-08-10 00:00:00+09:00,833.4921126178999,843.1407301281695,829.038904536237,834.2343139648438,33700,0.0,0.0
2017-08-11 00:00:00+09:00,834.2343139648438,834.2343139648438,834.2343139648438,834.2343139648438,0,0.0,0.0
2017-08-14 00:00:00+09:00,817.9056806347389,819.3900829589398,810.483669013734,815.6790771484375,46200,0.0,0.0
2017-08-15 00:00:00+09:00,820.1323254439083,821.6167278429018,813.4525146484375,813.4525146484375,54700,0.0,0.0
2017-08-16 00:00:00+09:00,813.452500961429,819.3901104574977,813.452500961429,814.1947021484375,21300,0.0,0.0
2017-08-17 00:00:00+09:00,817.9056923705617,830.5231123073127,817.9056923705617,828.2965087890625,27500,0.0,0.0
2017-08-18 00:00:00+09:00,818.6479008191346,832.7497232267172,817.1634984604417,824.5855102539062,26200,0.0,0.0
2017-08-21 00:00:00+09:00,824.5855850357193,831.2653962556307,814.9369688291807,823.8433837890625,38400,0.0,0.0
2017-08-22 00:00:00+09:00,823.8433090745598,832.0075220473707,820.8745043571739,824.5855102539062,27800,0.0,0.0
2017-08-23 00:00:00+09:00,834.9763267647565,838.6873326614888,821.6167055365204,824.5855102539062,37800,0.0,0.0
2017-08-24 00:00:00+09:00,823.8433837890625,826.8121887756898,820.1323775557785,823.8433837890625,29600,0.0,0.0
2017-08-25 00:00:00+09:00,829.780993762317,834.2342012422579,823.1011825424057,823.8433837890625,28700,0.0,0.0
2017-08-28 00:00:00+09:00,823.8434506318728,829.7810610868772,819.3902427906194,826.812255859375,30100,0.0,0.0
2017-08-29 00:00:00+09:00,820.874430045807,827.5542400552214,820.874430045807,825.32763671875,18700,0.0,0.0
2017-08-30 00:00:00+09:00,825.3277040980623,829.7809111345626,821.616698234312,828.2965087890625,27500,0.0,0.0
2017-08-31 00:00:00+09:00,828.2965912690034,834.2342012422579,821.6167800490921,823.8433837890625,30100,0.0,0.0
2017-09-01 00:00:00+09:00,829.0386282908938,846.1092535824699,820.8744161949227,832.7496337890625,41200,0.0,0.0
2017-09-04 00:00:00+09:00,826.8120919425788,849.0781267345693,824.5854884633799,835.718505859375,69500,0.0,0.0
2017-09-05 00:00:00+09:00,836.4607216893131,843.1405322440637,819.3900947160619,828.2965087890625,50300,0.0,0.0
2017-09-06 00:00:00+09:00,821.616644178118,836.4606666564941,821.616644178118,831.2652587890625,26900,0.0,0.0
2017-09-07 00:00:00+09:00,838.6872082870736,857.9844360883692,838.6872082870736,851.3046264648438,38400,0.0,0.0
2017-09-08 00:00:00+09:00,849.0781597852078,856.5001716714422,840.1717455217266,843.8827514648438,54700,0.0,0.0
2017-09-11 00:00:00+09:00,856.5001843315025,861.6955927286607,847.5937699363742,849.8203735351562,27300,0.0,0.0
2017-09-12 00:00:00+09:00,860.211039296211,860.211039296211,849.8202243262826,851.3046264648438,32700,0.0,0.0
2017-09-13 00:00:00+09:00,857.2423768722363,864.664388793208,855.7579744880419,860.211181640625,23500,0.0,0.0
2017-09-14 00:00:00+09:00,855.7581870580799,857.9847911874591,850.5627774228617,852.0471801757812,19700,0.0,0.0
2017-09-15 00:00:00+09:00,851.3047723347009,869.8598022460938,851.3047723347009,869.8598022460938,47800,0.0,0.0
2017-09-18 00:00:00+09:00,869.8598022460938,869.8598022460938,869.8598022460938,869.8598022460938,0,0.0,0.0
2017-09-19 00:00:00+09:00,901.7743600892626,906.9697679251678,883.2193321038868,898.0633544921875,90100,0.0,0.0
2017-09-20 00:00:00+09:00,898.0631848659467,899.5475868244029,888.414572135982,897.3209838867188,39200,0.0,0.0
2017-09-21 00:00:00+09:00,894.3524381177838,898.0634440850774,887.6726273766551,889.8992309570312,28500,0.0,0.0
2017-09-22 00:00:00+09:00,887.672573683849,892.1257805752396,872.8285507125471,886.1881713867188,31600,0.0,0.0
2017-09-25 00:00:00+09:00,889.8992446619203,892.8680494814763,883.9616350228082,889.1570434570312,41000,0.0,0.0
2017-09-26 00:00:00+09:00,888.414774069465,893.6101821049589,879.5083602943325,892.8679809570312,37300,0.0,0.0
2017-09-27 00:00:00+09:00,886.1321183466052,895.1131871136316,885.3836959493531,892.867919921875,28600,10.0,0.0
2017-09-28 00:00:00+09:00,901.8490646438726,901.8490646438726,888.3774603587359,896.610107421875,28100,0.0,0.0
2017-09-29 00:00:00+09:00,896.6101167008684,896.6101167008684,885.3837796804067,886.1322021484375,25400,0.0,0.0
2017-10-02 00:00:00+09:00,895.861827240893,895.861827240893,877.1512627621777,885.3839111328125,32700,0.0,0.0
2017-10-03 00:00:00+09:00,894.3650069228631,894.3650069228631,875.6544419244769,878.6481323242188,23400,0.0,0.0
2017-10-04 00:00:00+09:00,879.396277345418,880.8931220728143,874.1573207995303,876.402587890625,25800,0.0,0.0
2017-10-05 00:00:00+09:00,872.6604760721339,878.6478549817197,871.1636313447374,876.402587890625,20700,0.0,0.0
2017-10-06 00:00:00+09:00,875.6542027333709,876.4026251288694,870.4152459648806,873.408935546875,21000,0.0,0.0
2017-10-09 00:00:00+09:00,873.408935546875,873.408935546875,873.408935546875,873.408935546875,0,0.0,0.0
2017-10-10 00:00:00+09:00,872.6606161333028,896.6101356155204,872.6606161333028,894.3648681640625,54800,0.0,0.0
2017-10-11 00:00:00+09:00,892.1196149200979,897.3585723902663,885.3838124584529,888.3775024414062,40700,0.0,0.0
2017-10-12 00:00:00+09:00,895.1132576961645,895.1132576961645,886.8806106772199,892.1195678710938,27700,0.0,0.0
2017-10-13 00:00:00+09:00,892.1196338508703,892.1196338508703,878.6480286417128,886.8806762695312,33200,0.0,0.0
2017-10-16 00:00:00+09:00,893.6162590750442,903.3457493329802,889.125725109843,899.6036376953125,52000,0.0,0.0
2017-10-17 00:00:00+09:00,901.8491589040384,904.094426519567,896.6102011344714,898.85546875,49200,0.0,0.0
2017-10-18 00:00:00+09:00,899.6038303567906,899.6038303567906,883.8869581126204,889.1259155273438,23500,0.0,0.0
2017-10-19 00:00:00+09:00,886.8805721967648,886.8805721967648,874.1573909922542,875.6542358398438,38900,0.0,0.0
2017-10-20 00:00:00+09:00,874.157470703125,877.1511606712863,868.9185132588425,874.157470703125,42400,0.0,0.0
2017-10-23 00:00:00+09:00,876.4025710107504,895.113129742833,865.1762357715008,887.62890625,54700,0.0,0.0
2017-10-24 00:00:00+09:00,884.6353247561046,893.6163940429686,881.6416349938166,893.6163940429688,36500,0.0,0.0
2017-10-25 00:00:00+09:00,893.6162833679667,894.3647057158461,876.4025693667412,877.8994140625,47100,0.0,0.0
2017-10-26 00:00:00+09:00,877.1510102543232,880.1446997091161,874.1573207995303,876.402587890625,32400,0.0,0.0
2017-10-27 00:00:00+09:00,876.4027333880485,881.6416908036902,875.6543109000997,879.3964233398438,30200,0.0,0.0
2017-10-30 00:00:00+09:00,886.8804839007166,888.3773285992833,873.4088816136172,887.62890625,124000,0.0,0.0
2017-10-31 00:00:00+09:00,882.3900759396137,898.1069475212353,880.1448085708106,892.1195678710938,42700,0.0,0.0
2017-11-01 00:00:00+09:00,898.1068169892724,903.3457734217097,895.8615499467992,902.5973510742188,47500,0.0,0.0
2017-11-02 00:00:00+09:00,905.5911006751625,905.5911006751625,886.8805407438574,892.867919921875,24500,0.0,0.0
2017-11-03 00:00:00+09:00,892.8679199218751,892.8679199218751,892.8679199218751,892.867919921875,0,0.0,0.0
2017-11-06 00:00:00+09:00,873.4091289844717,910.8302570472168,873.4091289844717,906.3397216796875,81800,0.0,0.0
2017-11-07 00:00:00+09:00,912.3270649531767,969.2071772882393,908.5849522995541,962.4713745117188,131500,0.0,0.0
2017-11-08 00:00:00+09:00,965.4649536132813,1022.3450594075521,960.225996500651,1010.3703002929688,176800,0.0,0.0
2017-11-09 00:00:00+09:00,990.1630480377496,1013.3641474248775,981.9303998681236,993.15673828125,109900,0.0,0.0
2017-11-10 00:00:00+09:00,970.7039650473533,1005.8798219149136,970.7039650473533,996.1503295898438,60600,0.0,0.0
2017-11-13 00:00:00+09:00,993.1566015643838,993.1566015643838,964.7165481661573,969.9555053710938,41400,0.0,0.0
2017-11-14 00:00:00+09:00,977.4396176586092,987.1691084928833,967.7101268243351,978.9364624023438,57800,0.0,0.0
2017-11-15 00:00:00+09:00,967.7101744877126,972.2007089400918,937.0248557297882,940.7669677734375,41900,0.0,0.0
2017-11-16 00:00:00+09:00,935.5282054227941,961.7229951746324,935.5282054227941,954.23876953125,57100,0.0,0.0
2017-11-17 00:00:00+09:00,965.4650616075432,967.7103291926771,936.2765830008036,938.5218505859375,29000,0.0,0.0
2017-11-20 00:00:00+09:00,935.5280763651772,946.0059908204671,927.2954292931636,945.257568359375,29300,0.0,0.0
2017-11-21 00:00:00+09:00,955.7353330467528,962.4711341410525,950.4963766400753,957.232177734375,27300,0.0,0.0
2017-11-22 00:00:00+09:00,973.6978082649813,1027.584235778493,971.4525404519183,1012.6157836914062,111500,0.0,0.0
2017-11-23 00:00:00+09:00,1012.6157836914064,1012.6157836914064,1012.6157836914064,1012.6157836914062,0,0.0,0.0
2017-11-24 00:00:00+09:00,1011.1188071855238,1018.6030322572153,1006.6282721425089,1013.3640747070312,36900,0.0,0.0
2017-11-27 00:00:00+09:00,1010.370267260579,1017.8544914625093,1003.6344654788419,1008.125,39300,0.0,0.0
2017-11-28 00:00:00+09:00,1008.8737049457837,1013.3642407244741,995.4020976097124,1005.131591796875,52500,0.0,0.0
2017-11-29 00:00:00+09:00,1010.3705158783433,1013.3642062957606,1002.1378672304457,1012.6157836914062,64600,0.0,0.0
2017-11-30 00:00:00+09:00,1014.1124089283092,1053.7787983550252,1006.628184508174,1035.0682373046875,193000,0.0,0.0
2017-12-01 00:00:00+09:00,1035.068321358817,1053.0304614257811,1035.068321358817,1047.79150390625,94200,0.0,0.0
2017-12-04 00:00:00+09:00,1055.275832759841,1065.7537488297967,1044.7979166898851,1049.2884521484375,96100,0.0,0.0
2017-12-05 00:00:00+09:00,1049.2884521484375,1062.0116359476697,1036.5652683492056,1049.2884521484375,55600,0.0,0.0
2017-12-06 00:00:00+09:00,1038.0620211426485,1054.5273163590425,1033.5714860836322,1037.3135986328125,54800,0.0,0.0
2017-12-07 00:00:00+09:00,1034.3197961910537,1054.5272017606328,1034.3197961910537,1036.5650634765625,58100,0.0,0.0
2017-12-08 00:00:00+09:00,1047.7911953902362,1061.2627964738251,1047.0427731078148,1053.0301513671875,87200,0.0,0.0
2017-12-11 00:00:00+09:00,1044.0494941134596,1051.5337198777138,1037.313690925631,1049.2884521484375,50000,0.0,0.0
2017-12-12 00:00:00+09:00,1066.5017893026163,1094.19341470907,1053.7786100618132,1089.702880859375,84900,0.0,0.0
2017-12-13 00:00:00+09:00,1103.1747484369675,1103.9231709257308,1082.9673412403608,1097.935791015625,63400,0.0,0.0
2017-12-14 00:00:00+09:00,1092.6965700925052,1096.438681633918,1082.2186577765497,1089.702880859375,61800,0.0,0.0
2017-12-15 00:00:00+09:00,1087.4579605081608,1097.9358761634355,1079.9737350401074,1091.2000732421875,56700,0.0,0.0
2017-12-18 00:00:00+09:00,1092.6966071851327,1093.445029518821,1081.470272179806,1086.709228515625,75800,0.0,0.0
2017-12-19 00:00:00+09:00,1085.21240234375,1094.1934705010776,1081.4702906115301,1085.21240234375,68900,0.0,0.0
2017-12-20 00:00:00+09:00,1085.2125995019867,1091.199979361308,1079.9736421250805,1088.9547119140625,43700,0.0,0.0
2017-12-21 00:00:00+09:00,1085.2128237669976,1096.439163323208,1075.4833294849486,1090.4517822265625,47300,0.0,0.0
2017-12-22 00:00:00+09:00,1085.212374619591,1088.9544862562102,1080.7218406556478,1087.4576416015625,57700,0.0,0.0
2017-12-25 00:00:00+09:00,1085.2125150758097,1093.4451617419022,1083.7156702274294,1085.9609375,45700,0.0,0.0
2017-12-26 00:00:00+09:00,1085.2125806295314,1085.961003098931,1068.7472863027385,1070.9925537109375,41200,0.0,0.0
2017-12-27 00:00:00+09:00,1067.9987801445855,1085.9609180026584,1064.2566680908203,1077.728271484375,46200,0.0,0.0
2017-12-28 00:00:00+09:00,1073.9859752749921,1079.2249312519434,1050.0364622375012,1053.0301513671875,24100,0.0,0.0
2017-12-29 00:00:00+09:00,1054.527380594918,1070.2442542588592,1054.527380594918,1061.26318359375,21200,0.0,0.0
2018-01-01 00:00:00+09:00,1061.26318359375,1061.26318359375,1061.26318359375,1061.26318359375,0,0.0,0.0
2018-01-02 00:00:00+09:00,1061.26318359375,1061.26318359375,1061.26318359375,1061.26318359375,0,0.0,0.0
2018-01-03 00:00:00+09:00,1061.26318359375,1061.26318359375,1061.26318359375,1061.26318359375,0,0.0,0.0
2018-01-04 00:00:00+09:00,1083.7159029703498,1097.1875094989866,1082.2190578005013,1096.4390869140625,62700,0.0,0.0
2018-01-05 00:00:00+09:00,1100.181094803283,1137.6022204768642,1094.9421372089816,1124.130615234375,87400,0.0,0.0
2018-01-08 00:00:00+09:00,1124.130615234375,1124.130615234375,1124.130615234375,1124.130615234375,0,0.0,0.0
2018-01-09 00:00:00+09:00,1119.639657582567,1130.1175688166284,1109.91016857951,1118.8912353515625,119200,0.0,0.0
2018-01-10 00:00:00+09:00,1122.6336281741585,1125.6273178492897,1097.935688354327,1106.1683349609375,90100,0.0,0.0
2018-01-11 00:00:00+09:00,1106.1683429531358,1109.910455074087,1082.9672478032392,1085.9609375,50900,0.0,0.0
2018-01-12 00:00:00+09:00,1092.696778320964,1132.3631682189168,1090.4515109682497,1121.88525390625,69700,0.0,0.0
2018-01-15 00:00:00+09:00,1123.382267355207,1131.6149155503483,1114.4011965968707,1127.872802734375,35800,0.0,0.0
2018-01-16 00:00:00+09:00,1126.3756567382814,1130.1177685546875,1119.63985546875,1122.633544921875,17100,0.0,0.0
2018-01-17 00:00:00+09:00,1119.6399384990275,1119.6399384990275,1106.1683349609375,1106.1683349609375,37200,0.0,0.0
2018-01-18 00:00:00+09:00,1133.8600606873258,1133.8600606873258,1103.1747389129494,1108.4136962890625,82500,0.0,0.0
2018-01-19 00:00:00+09:00,1108.4137439323629,1108.4137439323629,1090.4516035850456,1094.942138671875,36400,0.0,0.0
2018-01-22 00:00:00+09:00,1099.4325255333783,1127.1241548354444,1088.9546117434074,1126.375732421875,69900,0.0,0.0
2018-01-23 00:00:00+09:00,1122.6337422634258,1123.3821647582681,1110.6589823459492,1116.6463623046875,52200,0.0,0.0
2018-01-24 00:00:00+09:00,1116.6463055817978,1118.8915729522705,1100.181011531664,1101.6778564453125,30400,0.0,0.0
2018-01-25 00:00:00+09:00,1102.4261622082588,1109.1619636066798,1070.2439999713577,1071.7408447265625,63000,0.0,0.0
2018-01-26 00:00:00+09:00,1094.193631373995,1103.174700851757,1070.99253522311,1082.2188720703125,157600,0.0,0.0
2018-01-29 00:00:00+09:00,1085.9608061819367,1096.438718853575,1076.2313158439867,1086.709228515625,100500,0.0,0.0
2018-01-30 00:00:00+09:00,1084.4641097697806,1092.6967565658244,1053.030367457613,1055.275634765625,69500,0.0,0.0
2018-01-31 00:00:00+09:00,1055.2756432390522,1067.998824753282,1034.3198148626739,1035.0682373046875,246900,0.0,0.0
2018-02-01 00:00:00+09:00,1047.043008815773,1124.1305212589643,1041.8040516594397,1121.88525390625,200500,0.0,0.0
2018-02-02 00:00:00+09:00,1122.6334412680449,1131.6145087981893,1102.42603932522,1121.1365966796875,48700,0.0,0.0
2018-02-05 00:00:00+09:00,1098.6842313725897,1166.7906789576753,1097.9358088716547,1125.62744140625,112400,0.0,0.0
2018-02-06 00:00:00+09:00,1097.1872952056844,1142.8410639693589,1093.4451830119406,1133.111572265625,156700,0.0,0.0
2018-02-07 00:00:00+09:00,1160.0549236360143,1226.664528928663,1140.5959378201844,1141.3443603515625,140600,0.0,0.0
2018-02-08 00:00:00+09:00,1131.614530123197,1140.5955978225875,1087.4576139345274,1089.702880859375,141800,0.0,0.0
2018-02-09 00:00:00+09:00,1049.2884040080326,1070.2442351865095,1039.5589109608825,1062.760009765625,80400,0.0,0.0
2018-02-12 00:00:00+09:00,1062.760009765625,1062.760009765625,1062.760009765625,1062.760009765625,0,0.0,0.0
2018-02-13 00:00:00+09:00,1056.0240656810658,1056.0240656810658,1033.5713924206605,1035.0682373046875,158200,0.0,0.0
2018-02-14 00:00:00+09:00,1029.0810809872016,1052.2821817221857,1008.8736706696346,1012.6157836914062,111400,0.0,0.0
2018-02-15 00:00:00+09:00,1032.8230541974585,1052.2820392765411,1027.584096676167,1038.06201171875,33900,0.0,0.0
2018-02-16 00:00:00+09:00,1105.4200533735075,1109.1621659441694,1073.986307779948,1104.671630859375,79300,0.0,0.0
2018-02-19 00:00:00+09:00,1082.96728515625,1093.4451994563105,1073.237793306194,1082.96728515625,133900,0.0,0.0
2018-02-20 00:00:00+09:00,1077.7281239268543,1106.9165939498732,1067.2502116108988,1089.702880859375,221000,0.0,0.0
2018-02-21 00:00:00+09:00,1088.9546067813267,1098.6840981133935,1056.7724431444901,1067.998779296875,100400,0.0,0.0
2018-02-22 00:00:00+09:00,1053.7787259615384,1073.9861305076759,1048.5397692273548,1070.2440185546875,56000,0.0,0.0
2018-02-23 00:00:00+09:00,1065.0052963708788,1078.4769023685428,1056.0242257057696,1061.26318359375,48500,0.0,0.0
2018-02-26 00:00:00+09:00,1063.5083855907235,1065.0052306091482,1038.8104427867165,1056.7725830078125,83200,0.0,0.0
2018-02-27 00:00:00+09:00,1056.7725546273196,1068.747314453125,1050.785174714417,1068.747314453125,87900,0.0,0.0
2018-02-28 00:00:00+09:00,1065.0052490234375,1089.70319225448,1065.0052490234375,1065.0052490234375,79600,0.0,0.0
2018-03-01 00:00:00+09:00,1122.6336281741585,1133.8599644559001,1080.7219727223232,1106.1683349609375,255900,0.0,0.0
2018-03-02 00:00:00+09:00,1097.1874057180514,1113.6527010289635,1081.4705329212716,1104.671630859375,83000,0.0,0.0
2018-03-05 00:00:00+09:00,1095.6903608098376,1101.6777398306565,1067.2503104609484,1071.7408447265625,49200,0.0,0.0
2018-03-06 00:00:00+09:00,1073.9860671470906,1114.4008738550647,1073.9860671470906,1085.21240234375,62600,0.0,0.0
2018-03-07 00:00:00+09:00,1080.7221499094992,1087.4579527828964,1070.2442343286593,1072.489501953125,43200,0.0,0.0
2018-03-08 00:00:00+09:00,1082.9673810312165,1082.9673810312165,1044.797832701851,1046.294677734375,45100,0.0,0.0
2018-03-09 00:00:00+09:00,1068.7473149804266,1070.2441599593908,1035.8167254432146,1039.558837890625,50400,0.0,0.0
2018-03-12 00:00:00+09:00,1053.7788367437722,1065.753596252224,1047.7914569895463,1051.5335693359375,29300,0.0,0.0
2018-03-13 00:00:00+09:00,1050.7848845199228,1055.2754182144522,1045.5459285429715,1053.0301513671875,21400,0.0,0.0
2018-03-14 00:00:00+09:00,1047.791287552568,1049.2881322490716,1037.3133746770422,1045.5460205078125,26000,0.0,0.0
2018-03-15 00:00:00+09:00,1043.3010348547984,1050.785260355909,1035.0683868035771,1042.5526123046875,22100,0.0,0.0
2018-03-16 00:00:00+09:00,1049.2883018405958,1062.7599062864808,1037.3135423331425,1041.8040771484375,33800,0.0,0.0
2018-03-19 00:00:00+09:00,1041.8039257529847,1047.7913046366225,1026.0870561834354,1034.3197021484375,25900,0.0,0.0
2018-03-20 00:00:00+09:00,1025.338749186198,1030.5777062988282,1005.879765625,1010.3703002929688,42600,0.0,0.0
2018-03-21 00:00:00+09:00,1010.3703002929688,1010.3703002929688,1010.3703002929688,1010.3703002929688,0,0.0,0.0
2018-03-22 00:00:00+09:00,1008.8735302914554,1020.0998677946985,1008.8735302914554,1014.1124877929688,28700,0.0,0.0
2018-03-23 00:00:00+09:00,997.6472041542165,997.6472041542165,960.974501225817,964.7166137695312,40700,0.0,0.0
2018-03-26 00:00:00+09:00,964.7164528502958,1020.8481316429818,964.7164528502958,992.4080810546875,64800,0.0,0.0
2018-03-27 00:00:00+09:00,995.401948699271,1007.376708984375,991.6598361101759,1007.376708984375,27400,0.0,0.0
2018-03-28 00:00:00+09:00,989.2393055427365,992.2621911211711,976.3920418343893,991.5064697265625,27300,13.0,0.0
2018-03-29 00:00:00+09:00,1002.8423796999874,1004.3538226234238,976.3921285398521,986.9722290039062,36700,0.0,0.0
2018-03-30 00:00:00+09:00,1002.8423708001139,1004.3538137101367,978.6592842397495,995.28515625,34900,0.0,0.0
2018-04-02 00:00:00+09:00,1005.1093767691349,1008.1322621128015,990.7506713867188,990.7506713867188,18100,0.0,0.0
2018-04-03 00:00:00+09:00,993.773583189281,1001.3307967496557,977.903434712494,986.2163696289062,32500,0.0,0.0
2018-04-04 00:00:00+09:00,993.7734916307268,1006.6207534997171,989.9948851986708,1002.08642578125,40800,0.0,0.0
2018-04-05 00:00:00+09:00,1002.842212761385,1005.8650981050516,988.4835073789689,990.7506713867188,32600,0.0,0.0
2018-04-06 00:00:00+09:00,997.5521899694684,997.5521899694684,977.903434712494,986.2163696289062,23600,0.0,0.0
2018-04-09 00:00:00+09:00,986.216372379918,991.5064218869367,980.1706015147537,989.2392578125,13400,0.0,0.0
2018-04-10 00:00:00+09:00,989.2392734625402,989.2392734625402,970.3462392100088,972.6134033203125,23300,0.0,0.0
2018-04-11 00:00:00+09:00,973.3693670687597,978.6594179767421,964.3007083693614,969.5907592773438,21300,0.0,0.0
2018-04-12 00:00:00+09:00,969.5904436845045,969.5904436845045,940.117312504695,943.1401977539062,40900,0.0,0.0
2018-04-13 00:00:00+09:00,944.6516491117932,952.964583623977,936.3387145996094,952.2088623046875,31700,0.0,0.0
2018-04-16 00:00:00+09:00,952.208839236282,963.5446587509996,952.208839236282,959.7660522460938,20500,0.0,0.0
2018-04-17 00:00:00+09:00,961.2775531786879,961.2775531786879,943.8959622014003,956.7432250976562,25000,0.0,0.0
2018-04-18 00:00:00+09:00,962.7890308277027,980.9263438103281,961.2775880791506,978.6591796875,30300,0.0,0.0
2018-04-19 00:00:00+09:00,978.6592811596339,980.9264455175327,964.3005735596083,971.8577880859375,29600,0.0,0.0
2018-04-20 00:00:00+09:00,964.3003800519808,965.056101352962,955.2317244402067,959.7660522460938,39500,0.0,0.0
2018-04-23 00:00:00+09:00,960.5221007228278,960.5221007228278,944.6519479964868,946.1633911132812,18800,0.0,0.0
2018-04-24 00:00:00+09:00,946.9187901294138,959.7660522460938,946.9187901294138,959.7660522460938,20000,0.0,0.0
2018-04-25 00:00:00+09:00,960.5219324588776,969.5905895709991,952.9647181987763,967.3234252929688,14100,0.0,0.0
2018-04-26 00:00:00+09:00,973.3692286070349,973.3692286070349,962.033406845307,968.8348999023438,21000,0.0,0.0
2018-04-27 00:00:00+09:00,968.8348439771077,977.1477794558504,962.0333513126817,974.880615234375,23400,0.0,0.0
2018-04-30 00:00:00+09:00,974.8806152343751,974.8806152343751,974.8806152343751,974.880615234375,0,0.0,0.0
2018-05-01 00:00:00+09:00,966.5677379175071,978.6592811596339,960.5219662964437,971.8577880859375,19300,0.0,0.0
2018-05-02 00:00:00+09:00,972.6134320724109,1010.3995016944937,968.8348251102026,1005.8651733398438,76300,0.0,0.0
2018-05-03 00:00:00+09:00,1005.8651733398438,1005.8651733398438,1005.8651733398438,1005.8651733398438,0,0.0,0.0
2018-05-04 00:00:00+09:00,1005.8651733398438,1005.8651733398438,1005.8651733398438,1005.8651733398438,0,0.0,0.0
2018-05-07 00:00:00+09:00,949.9419311031219,952.2090956164944,907.6215268534999,937.0946655273438,188800,0.0,0.0
2018-05-08 00:00:00+09:00,929.5373401502624,932.5602258092875,913.6671904403798,931.8045043945312,157600,0.0,0.0
2018-05-09 00:00:00+09:00,937.094470079853,962.788995872365,931.8044206519828,956.7432250976562,76500,0.0,0.0
2018-05-10 00:00:00+09:00,959.7662010675743,965.0562509947185,950.697544049613,955.2318725585938,26700,0.0,0.0
2018-05-11 00:00:00+09:00,955.2318742133036,976.3920739585351,953.7204313743586,975.6363525390625,27400,0.0,0.0
2018-05-14 00:00:00+09:00,974.1249524438364,974.1249524438364,952.9647517701145,971.8577880859375,22900,0.0,0.0
2018-05-15 00:00:00+09:00,965.0560173016517,965.0560173016517,949.1858713632533,952.9644775390625,29400,0.0,0.0
2018-05-16 00:00:00+09:00,953.72037433639,989.2392789273649,951.4532102135618,978.6591796875,40900,0.0,0.0
2018-05-17 00:00:00+09:00,976.391845703125,977.1475669459293,959.7659783614309,962.0331420898438,19700,0.0,0.0
2018-05-18 00:00:00+09:00,957.4990208762464,962.0333493097565,945.4074783868857,954.4761352539062,32300,0.0,0.0
2018-05-21 00:00:00+09:00,952.9646898774139,958.2547397022687,944.6517544383563,951.4532470703125,24400,0.0,0.0
2018-05-22 00:00:00+09:00,946.9189243132662,949.1860885374799,940.117431640625,940.117431640625,18200,0.0,0.0
2018-05-23 00:00:00+09:00,940.1173918922711,950.6974911579398,936.3387850116752,946.9188842773438,22000,0.0,0.0
2018-05-24 00:00:00+09:00,946.1632595617795,946.1632595617795,927.2702232286769,934.0717163085938,12000,0.0,0.0
2018-05-25 00:00:00+09:00,934.8273366875032,934.8273366875032,914.4228596539037,923.4915161132812,28300,0.0,0.0
2018-05-28 00:00:00+09:00,923.4914260565065,926.5143112481809,916.6899343752393,925.0028686523438,7000,0.0,0.0
2018-05-29 00:00:00+09:00,928.7816059461627,928.7816059461627,911.4000136461125,916.6900634765625,11300,0.0,0.0
2018-05-30 00:00:00+09:00,906.1100485146452,909.1329344146106,884.949847214887,888.7284545898438,30800,0.0,0.0
2018-05-31 00:00:00+09:00,903.0869675993509,903.0869675993509,878.9038856217951,879.6596069335938,27900,0.0,0.0
2018-06-01 00:00:00+09:00,868.3239294433594,876.636865234375,849.4308935546875,869.0796508789062,48700,0.0,0.0
2018-06-04 00:00:00+09:00,878.1483265269886,883.4383766867898,863.7896189503856,872.8582763671875,31600,0.0,0.0
2018-06-05 00:00:00+09:00,872.8582127336623,872.8582127336623,858.4995062038445,869.8353271484375,45200,0.0,0.0
2018-06-06 00:00:00+09:00,866.8126123194456,876.6369924067627,860.7668399580197,875.1255493164062,36700,0.0,0.0
2018-06-07 00:00:00+09:00,877.3924776517428,887.2168550931491,874.3695922851563,884.1939697265625,26700,0.0,0.0
2018-06-08 00:00:00+09:00,884.194072376598,899.3085009642322,882.6826295178346,897.7970581054688,43800,0.0,0.0
2018-06-11 00:00:00+09:00,906.8657152580492,906.8657152580492,887.9726795235066,897.7970581054688,39200,0.0,0.0
2018-06-12 00:00:00+09:00,897.7971009796994,906.1100370998818,885.7055575321613,894.0184936523438,21200,0.0,0.0
2018-06-13 00:00:00+09:00,900.8199388407045,900.8199388407045,885.7055103366658,891.7512817382812,28900,0.0,0.0
2018-06-14 00:00:00+09:00,885.7054095783527,887.2168522568141,862.2780480622018,881.1710815429688,48300,0.0,0.0
2018-06-15 00:00:00+09:00,883.4383145447296,891.75124992539,880.4154289517621,890.2398071289062,38000,0.0,0.0
2018-06-18 00:00:00+09:00,890.2398230218605,891.7512658453271,881.1711660810605,890.9955444335938,21100,0.0,0.0
2018-06-19 00:00:00+09:00,892.5068590276574,901.5755146655337,881.9267607834684,884.9496459960938,27600,0.0,0.0
2018-06-20 00:00:00+09:00,886.4611337515024,891.7511831430288,866.81237886869,884.1939697265625,43100,0.0,0.0
2018-06-21 00:00:00+09:00,881.9267796107702,881.9267796107702,856.2322547549293,856.9879760742188,31100,0.0,0.0
2018-06-22 00:00:00+09:00,854.7207628605117,958.2545776367188,854.7207628605117,958.2545776367188,120000,0.0,0.0
2018-06-25 00:00:00+09:00,929.5371724394581,932.5600575530824,878.1481255078457,886.4610595703125,79300,0.0,0.0
2018-06-26 00:00:00+09:00,878.1483154296875,887.9726941737374,863.0338865926877,878.1483154296875,45000,0.0,0.0
2018-06-27 00:00:00+09:00,878.1482225089237,888.7283215752964,871.3467302519699,876.6367797851562,36900,0.0,0.0
2018-06-28 00:00:00+09:00,872.8582948782712,898.5528247707916,872.1025734108441,897.0413818359375,48700,0.0,0.0
2018-06-29 00:00:00+09:00,906.8658392188782,951.4534096471397,905.3543961535134,921.2245483398438,93300,0.0,0.0
2018-07-02 00:00:00+09:00,927.2701227157886,930.2930082014146,897.7969892309346,906.1099243164062,45000,0.0,0.0
2018-07-03 00:00:00+09:00,908.3771853890717,912.1557926494256,887.9727061831608,893.2627563476562,41700,0.0,0.0
2018-07-04 00:00:00+09:00,898.5526602316222,909.1327588382184,892.5068895992816,900.81982421875,45600,0.0,0.0
2018-07-05 00:00:00+09:00,897.0413514759372,900.8199586851872,872.1025438948876,878.1483154296875,26800,0.0,0.0
2018-07-06 00:00:00+09:00,872.1024935711017,890.9955285271482,872.1024935711017,890.2398071289062,27700,0.0,0.0
2018-07-09 00:00:00+09:00,890.2397806322252,897.0412730139655,878.9039599959915,894.7741088867188,25900,0.0,0.0
2018-07-10 00:00:00+09:00,896.2855675805973,910.6442739752274,895.5298461914062,895.5298461914062,31400,0.0,0.0
2018-07-11 00:00:00+09:00,885.7054124098557,888.7282977764423,869.8352642352764,884.1939697265625,34400,0.0,0.0
2018-07-12 00:00:00+09:00,897.7969943897144,906.8656508987015,878.9039599959915,894.7741088867188,33700,0.0,0.0
2018-07-13 00:00:00+09:00,906.1099295229525,909.8885364016971,890.9955020079741,894.7741088867188,31000,0.0,0.0
2018-07-16 00:00:00+09:00,894.7741088867188,894.7741088867188,894.7741088867188,894.7741088867188,0,0.0,0.0
2018-07-17 00:00:00+09:00,891.7513134435146,900.0642494162931,881.9269345665946,893.2627563476562,28700,0.0,0.0
2018-07-18 00:00:00+09:00,903.8427653957058,913.6671432804417,894.0183875109698,894.7741088867188,14800,0.0,0.0
2018-07-19 00:00:00+09:00,895.5298672009951,905.3542454909639,889.4840959456297,902.3313598632812,13700,0.0,0.0
2018-07-20 00:00:00+09:00,893.2628744668002,909.8887486108523,883.4384942907694,887.2171020507812,23700,0.0,0.0
2018-07-23 00:00:00+09:00,881.9268057016226,899.3083965594952,880.4153630183293,884.1939697265625,17100,0.0,0.0
2018-07-24 00:00:00+09:00,885.7056589467765,894.0185960188026,881.9270511867646,887.2171020507812,18500,0.0,0.0
2018-07-25 00:00:00+09:00,905.3540915304641,905.3540915304641,881.9267318998761,886.4610595703125,20500,0.0,0.0
2018-07-26 00:00:00+09:00,896.2855516382166,896.2855516382166,880.4154027474893,894.7741088867188,22900,0.0,0.0
2018-07-27 00:00:00+09:00,901.5757357095802,905.3543431517828,884.1941414754474,889.4841918945312,26100,0.0,0.0
2018-07-30 00:00:00+09:00,888.7283995478035,888.7283995478035,871.3468066995047,877.392578125,21300,0.0,0.0
2018-07-31 00:00:00+09:00,875.8812966163981,878.9041828859973,857.7439789988023,867.568359375,56000,0.0,0.0
2018-08-01 00:00:00+09:00,863.7895166331324,881.9268293183426,863.7895166331324,876.6367797851562,25800,0.0,0.0
2018-08-02 00:00:00+09:00,884.9497814439748,898.5527669828232,876.6368458369006,882.6826171875,52300,0.0,0.0
2018-08-03 00:00:00+09:00,950.6973887282151,1014.9336987774188,950.6973887282151,982.4376831054688,217600,0.0,0.0
2018-08-06 00:00:00+09:00,974.8804197273406,974.8804197273406,940.8729632252241,948.43017578125,97800,0.0,0.0
2018-08-07 00:00:00+09:00,944.6518243527879,965.8120252182904,933.3160024605545,963.5448608398438,24300,0.0,0.0
2018-08-08 00:00:00+09:00,952.964583623977,962.7889607747396,952.2088623046875,952.2088623046875,19300,0.0,0.0
2018-08-09 00:00:00+09:00,952.9648560045295,973.3693374574416,938.6061468339616,971.1021728515625,38600,0.0,0.0
2018-08-10 00:00:00+09:00,979.4150114889705,979.4150114889705,948.4304316501991,963.5448608398438,32000,0.0,0.0
2018-08-13 00:00:00+09:00,955.2319355610394,955.2319355610394,923.491633904739,937.850341796875,37200,0.0,0.0
2018-08-14 00:00:00+09:00,944.6517201489862,949.9417697818205,930.2930140027216,946.9188842773438,27700,0.0,0.0
2018-08-15 00:00:00+09:00,944.6516818687564,944.6516818687564,918.9571561219262,921.9800415039062,11800,0.0,0.0
2018-08-16 00:00:00+09:00,917.4457097145458,917.4457097145458,892.5069054142327,901.5755615234375,27400,0.0,0.0
2018-08-17 00:00:00+09:00,886.4611712905237,911.3999766209477,886.4611712905237,909.1328125,14400,0.0,0.0
2018-08-20 00:00:00+09:00,900.0642223936139,905.3542723992858,890.9955652410334,897.7970581054688,17600,0.0,0.0
2018-08-21 00:00:00+09:00,891.7512313179348,907.6213803498641,880.4154105808424,903.8427734375,16800,0.0,0.0
2018-08-22 00:00:00+09:00,899.3084371412123,903.8427653957058,891.7512233837231,894.7741088867188,12900,0.0,0.0
2018-08-23 00:00:00+09:00,896.285400390625,901.575449128175,891.7510729012964,896.285400390625,8500,0.0,0.0
2018-08-24 00:00:00+09:00,890.2397385991051,898.5526733398436,886.4611318987693,898.5526733398438,17000,0.0,0.0
2018-08-27 00:00:00+09:00,895.5297390633104,919.7128206245137,895.5297390633104,910.6441650390625,12200,0.0,0.0
2018-08-28 00:00:00+09:00,910.644310511196,928.0259031599574,910.644310511196,920.4686889648438,12300,0.0,0.0
2018-08-29 00:00:00+09:00,917.4458443354634,940.8732093885108,917.4458443354634,934.0717163085938,15400,0.0,0.0
2018-08-30 00:00:00+09:00,934.0715830318263,934.0715830318263,913.6671067034612,921.9800415039062,8600,0.0,0.0
2018-08-31 00:00:00+09:00,912.9113289354253,926.5143123136022,909.888443740275,910.6441650390625,13100,0.0,0.0
2018-09-03 00:00:00+09:00,918.9569540895062,921.979838806906,899.3082034264082,918.2012329101562,23100,0.0,0.0
2018-09-04 00:00:00+09:00,917.4457370222108,922.7357865767045,910.6442447378615,914.4228515625,15600,0.0,0.0
2018-09-05 00:00:00+09:00,906.1098792521159,925.7586339314778,901.5755512491861,906.8656005859375,24900,0.0,0.0
2018-09-06 00:00:00+09:00,904.5985240840432,906.1099668978845,891.7512601663918,902.3313598632812,22500,0.0,0.0
2018-09-07 00:00:00+09:00,891.7513404898093,893.262783439792,882.6826827899129,888.7284545898438,18600,0.0,0.0
2018-09-10 00:00:00+09:00,897.7968555012479,912.9112806780366,897.0411342424085,908.376953125,16300,0.0,0.0
2018-09-11 00:00:00+09:00,913.667092590332,913.667092590332,900.0641085815429,906.8656005859375,18400,0.0,0.0
2018-09-12 00:00:00+09:00,912.1556441543886,912.1556441543886,876.6367416893876,900.81982421875,37100,0.0,0.0
2018-09-13 00:00:00+09:00,904.5984365844727,915.9342565917968,897.796944580078,906.8656005859375,32800,0.0,0.0
2018-09-14 00:00:00+09:00,909.1328020080061,921.9800652117768,905.3541951833678,914.4228515625,47800,0.0,0.0
2018-09-17 00:00:00+09:00,914.4228515625,914.4228515625,914.4228515625,914.4228515625,0,0.0,0.0
2018-09-18 00:00:00+09:00,916.6899236328126,949.9416603515625,909.88843203125,944.651611328125,40100,0.0,0.0
2018-09-19 00:00:00+09:00,989.9950004890222,998.3079356076323,962.0333096355155,996.040771484375,80900,0.0,0.0
2018-09-20 00:00:00+09:00,1012.6665489418992,1016.4451554678019,987.727745870942,1011.9108276367188,63100,0.0,0.0
2018-09-21 00:00:00+09:00,1017.9565394733445,1039.1167348001848,1009.6436055949431,1029.2923583984375,55900,0.0,0.0
2018-09-24 00:00:00+09:00,1029.2923583984375,1029.2923583984375,1029.2923583984375,1029.2923583984375,0,0.0,0.0
2018-09-25 00:00:00+09:00,1040.6282911629512,1054.2312753611598,1026.2695856203977,1051.964111328125,65500,0.0,0.0
2018-09-26 00:00:00+09:00,1029.128518637721,1035.9792262322028,1000.2033087943531,1011.6211547851562,60600,10.0,0.0
2018-09-27 00:00:00+09:00,1013.1434303858947,1027.606033824912,992.5913097093965,999.4420166015625,28000,0.0,0.0
2018-09-28 00:00:00+09:00,1008.5764973345068,1028.3674323765424,1002.4869788600344,1010.098876953125,23900,0.0,0.0
2018-10-01 00:00:00+09:00,1002.4868352622575,1005.5315940633577,985.7406618562061,988.0242309570312,15100,0.0,0.0
2018-10-02 00:00:00+09:00,990.3076979402587,1007.0538696194944,978.8898536135071,987.262939453125,22900,0.0,0.0
2018-10-03 00:00:00+09:00,1005.5316975911459,1005.5316975911459,972.800537109375,972.800537109375,13600,0.0,0.0
2018-10-04 00:00:00+09:00,984.9794533553915,1004.7703851847889,984.9794533553915,1000.2032470703125,26300,0.0,0.0
2018-10-05 00:00:00+09:00,986.5018515564811,999.4420764611572,974.3228163520802,988.0242309570312,21700,0.0,0.0
2018-10-08 00:00:00+09:00,988.0242309570312,988.0242309570312,988.0242309570312,988.0242309570312,0,0.0,0.0
2018-10-09 00:00:00+09:00,988.0241664643366,988.0241664643366,960.6213390431378,967.4720458984375,25200,0.0,0.0
2018-10-10 00:00:00+09:00,968.2332946728399,976.6063813406081,947.6811728519541,949.2035522460938,16900,0.0,0.0
2018-10-11 00:00:00+09:00,903.5322064224358,921.0395701526094,899.7262577854416,906.5769653320312,42200,0.0,0.0
2018-10-12 00:00:00+09:00,902.7710165415549,915.7112419051354,899.7262576324772,904.2933959960938,31600,0.0,0.0
2018-10-15 00:00:00+09:00,895.9203072684152,902.0098250748275,876.8905641233766,879.1741333007812,41300,0.0,0.0
2018-10-16 00:00:00+09:00,870.8010458421958,885.2636506245399,865.47271776449,872.3234252929688,20400,0.0,0.0
2018-10-17 00:00:00+09:00,879.1741349962023,904.2933959960938,879.1741349962023,904.2933959960938,17300,0.0,0.0
2018-10-18 00:00:00+09:00,905.8157756046323,914.1888626060197,897.442688603245,906.5769653320312,27600,0.0,0.0
2018-10-19 00:00:00+09:00,898.9652291142293,911.905456798346,889.8309507489703,909.6218872070312,29300,0.0,0.0
2018-10-22 00:00:00+09:00,898.9651877617797,934.7411097133493,898.9651877617797,927.1292114257812,29100,0.0,0.0
2018-10-23 00:00:00+09:00,915.7111791557331,923.3230759068199,895.159057927799,897.442626953125,25000,0.0,0.0
2018-10-24 00:00:00+09:00,905.0544061107224,926.3677142445325,887.5470458579498,917.99462890625,34300,0.0,0.0
2018-10-25 00:00:00+09:00,909.6215940460445,909.6215940460445,865.4725961760273,870.0397338867188,43200,0.0,0.0
2018-10-26 00:00:00+09:00,874.6071402082391,874.6071402082391,841.1147867102735,841.8759765625,32200,0.0,0.0
2018-10-29 00:00:00+09:00,844.1594035380596,856.3384391166069,834.2639371304899,844.9205932617188,31600,0.0,0.0
2018-10-30 00:00:00+09:00,837.3086767969445,858.6219885699577,834.2639179722283,854.8160400390625,44300,0.0,0.0
2018-10-31 00:00:00+09:00,900.4874683887283,928.6514889554088,894.397950428365,921.80078125,55100,0.0,0.0
2018-11-01 00:00:00+09:00,906.5768865347891,931.6961453556523,903.532127889836,923.3230590820312,34300,0.0,0.0
2018-11-02 00:00:00+09:00,860.1442929420862,905.05448168862,860.1442929420862,892.1142578125,64800,0.0,0.0
2018-11-05 00:00:00+09:00,884.5024414062499,893.6367179095847,868.5174575254141,884.50244140625,43800,0.0,0.0
2018-11-06 00:00:00+09:00,896.6814156101175,898.964984580262,885.2635707593944,889.0695190429688,26000,0.0,0.0
2018-11-07 00:00:00+09:00,889.0698684532883,892.1146282767585,871.5624994683349,873.8460693359375,36600,0.0,0.0
2018-11-08 00:00:00+09:00,875.3681251506266,892.8754876536392,872.3233664544506,888.308349609375,35300,0.0,0.0
2018-11-09 00:00:00+09:00,876.890438494695,882.9799554286859,855.5771292257267,860.9054565429688,34700,0.0,0.0
2018-11-12 00:00:00+09:00,858.6219887877443,873.0845932088145,850.248902017651,857.099609375,31000,0.0,0.0
2018-11-13 00:00:00+09:00,838.831217153594,851.0102547892178,828.9357490746496,841.8759765625,27800,0.0,0.0
2018-11-14 00:00:00+09:00,841.8757333000788,854.0547674165356,841.8757333000788,846.44287109375,20300,0.0,0.0
2018-11-15 00:00:00+09:00,841.8758542702415,846.4429927201704,835.025146595348,837.3087158203125,22200,0.0,0.0
2018-11-16 00:00:00+09:00,831.9803469024434,837.3086748332003,817.517742518961,834.263916015625,23200,0.0,0.0
2018-11-19 00:00:00+09:00,836.5474455436287,846.4429112324977,831.9803075333814,842.636962890625,18700,0.0,0.0
2018-11-20 00:00:00+09:00,839.5922651961043,857.8608185639252,837.3086960251268,844.9205932617188,31000,0.0,0.0
2018-11-21 00:00:00+09:00,830.4578670602187,847.2040385316438,828.1742982232062,838.0697631835938,22800,0.0,0.0
2018-11-22 00:00:00+09:00,860.9055602342738,883.7412514871723,849.4877146078246,882.2188720703125,43000,0.0,0.0
2018-11-23 00:00:00+09:00,882.2188720703125,882.2188720703125,882.2188720703125,882.2188720703125,0,0.0,0.0
2018-11-26 00:00:00+09:00,872.3233465952416,901.2485535504067,872.3233465952416,889.0695190429688,42300,0.0,0.0
2018-11-27 00:00:00+09:00,895.1590770898102,896.681456472616,881.457662644558,887.5471801757812,18900,0.0,0.0
2018-11-28 00:00:00+09:00,892.8755098260946,905.0545449132366,892.8755098260946,903.5321655273438,17200,0.0,0.0
2018-11-29 00:00:00+09:00,911.9051913751441,924.8454152928214,901.2485363841157,908.0992431640625,26200,0.0,0.0
2018-11-30 00:00:00+09:00,918.7558628542027,935.5020343395321,914.1887251763857,934.7408447265625,26600,0.0,0.0
2018-12-03 00:00:00+09:00,937.7857277830095,964.427367776845,931.6962100701329,959.8602294921875,36200,0.0,0.0
2018-12-04 00:00:00+09:00,961.3826487157252,961.3826487157252,933.2186281278535,937.7857666015625,52700,0.0,0.0
2018-12-05 00:00:00+09:00,915.7113037109375,955.2931722005209,915.7113037109375,943.1141357421875,35100,0.0,0.0
2018-12-06 00:00:00+09:00,930.1738689478615,950.7259920751874,916.4724535296441,933.2186279296875,60200,0.0,0.0
2018-12-07 00:00:00+09:00,928.6514036325806,934.74092103345,895.159057927799,897.442626953125,27400,0.0,0.0
2018-12-10 00:00:00+09:00,887.5471144000303,887.5471144000303,862.4278564453125,862.4278564453125,23000,0.0,0.0
2018-12-11 00:00:00+09:00,873.8457582535283,873.8457582535283,824.3684287356891,825.8908081054688,42400,0.0,0.0
2018-12-12 00:00:00+09:00,858.6220910061147,858.6220910061147,835.7863970963776,844.1594848632812,35600,0.0,0.0
2018-12-13 00:00:00+09:00,841.1146246809078,850.2489011480308,837.3086761529398,847.96533203125,25600,0.0,0.0
2018-12-14 00:00:00+09:00,847.9652476755313,852.5323854547532,831.2190758183843,832.741455078125,34200,0.0,0.0
2018-12-17 00:00:00+09:00,832.7415361596904,848.7265199433773,822.8460700078842,829.69677734375,13200,0.0,0.0
2018-12-18 00:00:00+09:00,818.2788634068759,818.2788634068759,781.7417606687084,784.0253295898438,25000,0.0,0.0
2018-12-19 00:00:00+09:00,787.831280651147,803.8162631571123,778.6970049334526,800.0103149414062,22000,0.0,0.0
2018-12-20 00:00:00+09:00,790.8761800130209,803.0552164713542,764.2345377604167,764.9957275390625,37100,0.0,0.0
2018-12-21 00:00:00+09:00,761.1897580536754,764.23451708589,734.5481165217967,752.0554809570312,41000,0.0,0.0
2018-12-24 00:00:00+09:00,752.0554809570312,752.0554809570312,752.0554809570312,752.0554809570312,0,0.0,0.0
2018-12-25 00:00:00+09:00,763.473173384233,763.473173384233,708.6675218551554,711.7122802734375,39600,0.0,0.0
2018-12-26 00:00:00+09:00,716.2794386824015,739.876317108708,704.1004046559207,713.2346801757812,48500,0.0,0.0
2018-12-27 00:00:00+09:00,747.4883229502855,770.324015097443,744.4435639973311,766.51806640625,26800,0.0,0.0
2018-12-28 00:00:00+09:00,771.0852250342878,771.0852250342878,742.9212039817027,756.6226196289062,23400,0.0,0.0
2018-12-31 00:00:00+09:00,756.6226196289062,756.6226196289062,756.6226196289062,756.6226196289062,0,0.0,0.0
2019-01-04 00:00:00+09:00,733.7869259479551,753.5778596353481,713.2348025033547,722.3690795898438,57200,0.0,0.0
2019-01-07 00:00:00+09:00,744.4434650641075,770.3239127248229,741.398706515788,765.7567749023438,33100,0.0,0.0
2019-01-08 00:00:00+09:00,769.562762849894,776.4134699375785,757.3837280273438,757.3837280273438,21700,0.0,0.0
2019-01-09 00:00:00+09:00,761.1897385965182,781.7418615386241,761.1897385965182,773.3687744140625,18600,0.0,0.0
2019-01-10 00:00:00+09:00,772.6074807739258,772.6074807739258,755.100119140625,761.1896362304688,24000,0.0,0.0
2019-01-11 00:00:00+09:00,761.1898402975064,770.3241183810765,752.0555622139362,753.5779418945312,17200,0.0,0.0
2019-01-15 00:00:00+09:00,739.1151760919299,761.9508663934314,739.1151760919299,759.6672973632812,20600,0.0,0.0
2019-01-16 00:00:00+09:00,760.4287091317262,778.6972667084643,758.145139434634,771.8465576171875,16600,0.0,0.0
2019-01-17 00:00:00+09:00,777.1746806581855,779.4582497492478,747.4882824743763,758.9061279296875,27200,0.0,0.0
2019-01-18 00:00:00+09:00,759.6673785997808,773.368794245869,753.5778605348527,754.3390502929688,21400,0.0,0.0
2019-01-21 00:00:00+09:00,765.7568766680114,767.2792561444886,758.1449792856256,766.51806640625,22400,0.0,0.0
2019-01-22 00:00:00+09:00,768.8015740991113,773.3687121630664,760.428487648527,764.2344360351562,8400,0.0,0.0
2019-01-23 00:00:00+09:00,760.4285063303062,761.9508857223587,749.7718505859375,749.7718505859375,12900,0.0,0.0
2019-01-24 00:00:00+09:00,748.2495524088542,764.9957275390625,743.6824137369792,764.9957275390625,10600,0.0,0.0
2019-01-25 00:00:00+09:00,778.6972667084643,785.5479757997412,769.5629879200953,771.8465576171875,25900,0.0,0.0
2019-01-28 00:00:00+09:00,774.1298835284549,782.5029697809751,753.5777627268145,778.697021484375,19000,0.0,0.0
2019-01-29 00:00:00+09:00,765.7570008569834,768.8017603037308,740.637735421317,745.966064453125,29000,0.0,0.0
2019-01-30 00:00:00+09:00,749.0106593766159,754.3389872380349,733.7868654868472,736.0704345703125,40500,0.0,0.0
2019-01-31 00:00:00+09:00,736.8316850421809,744.4435826149307,723.1302694112313,724.6526489257812,37000,0.0,0.0
2019-02-01 00:00:00+09:00,718.56298828125,730.7420219809322,715.5182298563295,718.56298828125,23700,0.0,0.0
2019-02-04 00:00:00+09:00,726.174930117546,757.3837059402077,726.174930117546,746.72705078125,38700,0.0,0.0
2019-02-05 00:00:00+09:00,848.726539824928,860.9055753739852,799.2492079068828,817.5177612304688,173300,0.0,0.0
2019-02-06 00:00:00+09:00,814.4730043153505,848.7265418800148,801.532779013144,844.9205932617188,73600,0.0,0.0
2019-02-07 00:00:00+09:00,835.7862734365949,835.7862734365949,808.3834447993295,821.3236694335938,39500,0.0,0.0
2019-02-08 00:00:00+09:00,806.8610388792156,810.6669871758156,777.9358318250551,778.697021484375,30600,0.0,0.0
2019-02-12 00:00:00+09:00,778.6971435546875,795.4433186848959,778.6971435546875,785.5478515625,41900,0.0,0.0
2019-02-13 00:00:00+09:00,780.2194213867188,784.7865594631288,764.2344381192835,780.2194213867188,66500,0.0,0.0
2019-02-14 00:00:00+09:00,771.0851647877272,783.2641999670002,768.8015956916134,774.89111328125,58600,0.0,0.0
2019-02-15 00:00:00+09:00,768.8015342983804,785.5477063326025,766.5179653846228,770.3239135742188,57500,0.0,0.0
2019-02-18 00:00:00+09:00,777.9359146921258,814.4730222314821,777.9359146921258,809.9058837890625,45500,0.0,0.0
2019-02-19 00:00:00+09:00,806.8610828162381,806.8610828162381,790.1149093992973,795.4432373046875,46700,0.0,0.0
2019-02-20 00:00:00+09:00,780.2193626990686,795.4431551419772,774.8910353440505,791.63720703125,44100,0.0,0.0
2019-02-21 00:00:00+09:00,791.637162555093,793.9207312932327,772.6074230705956,777.174560546875,26800,0.0,0.0
2019-02-22 00:00:00+09:00,777.1747235843644,782.5030517578125,761.1897390640199,782.5030517578125,21900,0.0,0.0
2019-02-25 00:00:00+09:00,793.1597082247212,793.1597082247212,771.8463955277037,784.78662109375,19300,0.0,0.0
2019-02-26 00:00:00+09:00,792.3984562571455,792.3984562571455,774.891093630907,780.2194213867188,14100,0.0,0.0
2019-02-27 00:00:00+09:00,779.4583333333334,787.0702311197917,774.8911946614584,785.5478515625,23500,0.0,0.0
2019-02-28 00:00:00+09:00,789.3538004557292,799.249267578125,780.2195231119792,785.5478515625,50300,0.0,0.0
2019-03-01 00:00:00+09:00,785.5476905186362,802.2938622157388,782.5029320282538,793.9207763671875,36700,0.0,0.0
2019-03-04 00:00:00+09:00,796.9654984178954,812.1892901737292,796.9654984178954,811.4281005859375,35700,0.0,0.0
2019-03-05 00:00:00+09:00,805.338826420622,808.3835856887529,793.9209791651311,806.8612060546875,24000,0.0,0.0
2019-03-06 00:00:00+09:00,806.8610245434206,817.5176795845601,806.8610245434206,815.9953002929688,31200,0.0,0.0
2019-03-07 00:00:00+09:00,815.9953819565344,821.3237100103551,803.0551566829699,819.8013305664062,36300,0.0,0.0
2019-03-08 00:00:00+09:00,813.7117903614773,813.7117903614773,791.6372890326813,797.726806640625,53900,0.0,0.0
2019-03-11 00:00:00+09:00,797.7268263976698,802.2939647167404,785.5477908801481,790.1149291992188,21900,0.0,0.0
2019-03-12 00:00:00+09:00,813.7118126213884,820.562520117733,810.667053734124,817.5177612304688,20400,0.0,0.0
2019-03-13 00:00:00+09:00,813.7118114098298,819.0401394546088,799.249206716858,801.5327758789062,8900,0.0,0.0
2019-03-14 00:00:00+09:00,809.1446926250533,809.1446926250533,780.9806722796845,782.5030517578125,11900,0.0,0.0
2019-03-15 00:00:00+09:00,780.9807531879676,800.0104986360175,779.4583735521236,788.5926513671875,55200,0.0,0.0
2019-03-18 00:00:00+09:00,810.6669527108938,816.7564697265625,800.0102979334736,816.7564697265625,20500,0.0,0.0
2019-03-19 00:00:00+09:00,825.8907888752141,835.0250648812072,815.2341335348888,833.502685546875,20000,0.0,0.0
2019-03-20 00:00:00+09:00,830.457987523341,833.5027464143523,822.8460902958126,831.2191772460938,24200,0.0,0.0
2019-03-22 00:00:00+09:00,834.2638752140411,838.0698235498717,822.0848405393835,833.502685546875,20600,0.0,0.0
2019-03-25 00:00:00+09:00,831.2190678743708,831.2190678743708,793.9207763671875,793.9207763671875,21500,0.0,0.0
2019-03-26 00:00:00+09:00,802.2938901087282,839.5921829126444,802.2938901087282,836.5474243164062,20800,0.0,0.0
2019-03-27 00:00:00+09:00,853.5409195963541,870.5344944661458,845.0441321614583,868.9896240234375,34600,16.0,0.0
2019-03-28 00:00:00+09:00,866.6725499835321,868.2174208391177,841.1821808663694,851.9962768554688,19100,0.0,0.0
2019-03-29 00:00:00+09:00,860.4929711126512,863.5827124810987,846.5891349546371,862.037841796875,22100,0.0,0.0
2019-04-01 00:00:00+09:00,874.3967435364087,893.7076256816474,874.3967435364087,891.3903198242188,50600,0.0,0.0
2019-04-02 00:00:00+09:00,896.0251109462478,899.1148527081315,882.1212730177715,896.7975463867188,16700,0.0,0.0
2019-04-03 00:00:00+09:00,940.8261888348521,944.6883653079016,906.0666005774068,928.4672241210938,42400,0.0,0.0
2019-04-04 00:00:00+09:00,937.7364315640638,937.7364315640638,919.970420092916,926.14990234375,16700,0.0,0.0
2019-04-05 00:00:00+09:00,921.5154263023569,925.3776032776392,912.2462015616794,919.1981201171875,24300,0.0,0.0
2019-04-08 00:00:00+09:00,919.1980651645725,926.9224186533505,898.3423107448722,899.11474609375,13000,0.0,0.0
2019-04-09 00:00:00+09:00,907.6115129728219,910.7012542935804,886.7557590577017,892.9352416992188,15700,0.0,0.0
2019-04-10 00:00:00+09:00,890.6179434914932,893.707684839252,874.3968014157591,882.1211547851562,29500,0.0,0.0
2019-04-11 00:00:00+09:00,880.5761979862968,884.4383742932542,858.9480106673351,866.67236328125,21100,0.0,0.0
2019-04-12 00:00:00+09:00,869.762271533119,897.5699462890624,868.9898361232317,897.5699462890625,33200,0.0,0.0
2019-04-15 00:00:00+09:00,920.7429570604737,936.1916643937031,916.8807802271664,929.23974609375,40200,0.0,0.0
2019-04-16 00:00:00+09:00,926.1500954942695,930.0122727065059,906.0667739906407,924.605224609375,15200,0.0,0.0
2019-04-17 00:00:00+09:00,922.2878277937967,930.0121814604114,912.2461680271975,929.23974609375,23400,0.0,0.0
2019-04-18 00:00:00+09:00,929.2397165606098,931.5570225869455,904.5217856130292,909.9288330078125,21100,0.0,0.0
2019-04-19 00:00:00+09:00,909.9286856252613,925.3773899652488,909.9286856252613,923.83251953125,14300,0.0,0.0
2019-04-22 00:00:00+09:00,926.9225309367168,934.6468853611894,918.4257410697969,924.605224609375,17100,0.0,0.0
2019-04-23 00:00:00+09:00,923.8328146194177,926.9225564743322,911.47384719976,925.377685546875,17400,0.0,0.0
2019-04-24 00:00:00+09:00,927.6947603602686,933.1018072566231,916.1082312966515,918.425537109375,22700,0.0,0.0
2019-04-25 00:00:00+09:00,923.0602106813525,947.0057056864754,921.5153400358606,942.37109375,32600,0.0,0.0
2019-04-26 00:00:00+09:00,934.646740522541,943.1435290727459,919.198034067623,942.37109375,14100,0.0,0.0
2019-05-07 00:00:00+09:00,924.6050708684272,932.3294240085144,917.6531530423488,919.970458984375,20200,0.0,0.0
2019-05-08 00:00:00+09:00,917.6533156135591,928.4674119255034,913.7911383592933,923.0603637695312,49600,0.0,0.0
2019-05-09 00:00:00+09:00,923.06002468533,944.6882093641493,895.2523586697049,938.5087280273438,59500,0.0,0.0
2019-05-10 00:00:00+09:00,928.4671962640225,954.7299954927885,897.5697854066507,903.749267578125,36600,0.0,0.0
2019-05-13 00:00:00+09:00,889.8454236231569,913.0184815300099,889.8454236231569,890.6178588867188,20800,0.0,0.0
2019-05-14 00:00:00+09:00,872.8519231142883,892.9352416992188,856.6307811803059,892.9352416992188,18200,0.0,0.0
2019-05-15 00:00:00+09:00,897.569909275562,899.1147800316301,878.2590248247109,889.0731201171875,17500,0.0,0.0
2019-05-16 00:00:00+09:00,885.9833728730366,894.4801619764398,865.9000531740837,885.2109375,28200,0.0,0.0
2019-05-17 00:00:00+09:00,896.7972926421096,910.7011266365608,889.8453756448839,898.3421630859375,19500,0.0,0.0
2019-05-20 00:00:00+09:00,901.4319785397429,901.4319785397429,875.9416141080278,891.3903198242188,23000,0.0,0.0
2019-05-21 00:00:00+09:00,883.6660353275768,886.755776709841,867.4448930706894,880.5762939453125,10300,0.0,0.0
2019-05-22 00:00:00+09:00,867.4448852539062,879.8038506715933,862.0378378836682,867.4448852539062,13800,0.0,0.0
2019-05-23 00:00:00+09:00,869.7620913288848,874.3967028279731,853.5409510820762,873.624267578125,14900,0.0,0.0
2019-05-24 00:00:00+09:00,868.9898210316511,898.3423660976091,864.3552086528156,895.2526245117188,27500,0.0,0.0
2019-05-27 00:00:00+09:00,896.0249851174551,903.7493384374332,895.2525497854573,902.2044677734375,9300,0.0,0.0
2019-05-28 00:00:00+09:00,908.3838151912626,933.1017421352425,906.8389447572638,923.83251953125,26600,0.0,0.0
2019-05-29 00:00:00+09:00,938.5089349972693,1031.9736108282732,919.1980515611116,977.9031372070312,164100,0.0,0.0
2019-05-30 00:00:00+09:00,1007.2557772412712,1019.6147438331886,979.448102409457,1001.0762939453125,79600,0.0,0.0
2019-05-31 00:00:00+09:00,996.4412912493967,1007.2553827823359,985.6271997164575,1000.303466796875,55700,0.0,0.0
2019-06-03 00:00:00+09:00,977.9032437648456,996.4416938836104,965.5442770190023,975.5859375,35700,0.0,0.0
2019-06-04 00:00:00+09:00,977.1307827666898,979.4480889708796,954.7301561261886,974.8134765625,22800,0.0,0.0
2019-06-05 00:00:00+09:00,996.4416969070257,1003.3936157226562,978.6756821559703,1003.3936157226562,42800,0.0,0.0
2019-06-06 00:00:00+09:00,1008.0279500293582,1011.1176908723601,982.5375880745928,984.0824584960938,16900,0.0,0.0
2019-06-07 00:00:00+09:00,990.2619560981593,991.0343913213247,964.7715937336981,971.7235107421875,15500,0.0,0.0
2019-06-10 00:00:00+09:00,983.31024879633,999.5313919422239,977.1307656931323,996.441650390625,22300,0.0,0.0
2019-06-11 00:00:00+09:00,995.669352260746,998.7590942382812,982.537948856221,998.7590942382812,25900,0.0,0.0
2019-06-12 00:00:00+09:00,1017.2975264690197,1031.2013650995757,1003.3936878384636,1029.656494140625,67500,0.0,0.0
2019-06-13 00:00:00+09:00,1025.021624160625,1038.925459303723,989.4896010171519,997.9863891601562,46600,0.0,0.0
2019-06-14 00:00:00+09:00,1025.0217069057553,1025.0217069057553,1003.3935171594395,1018.8422241210938,38200,0.0,0.0
2019-06-17 00:00:00+09:00,1009.573026078537,1009.573026078537,994.1243187169681,995.669189453125,32900,0.0,0.0
2019-06-18 00:00:00+09:00,988.7172457298136,1008.8005647837005,984.8550689886815,994.896728515625,39100,0.0,0.0
2019-06-19 00:00:00+09:00,1008.8005295262192,1022.7043653083571,998.7588703502308,1019.6146240234375,36400,0.0,0.0
2019-06-20 00:00:00+09:00,1020.387012446259,1023.4767535891696,997.9863891601564,997.9863891601562,29300,0.0,0.0
2019-06-21 00:00:00+09:00,1004.165997258798,1016.5249633789062,989.4897249911694,1016.5249633789062,57500,0.0,0.0
2019-06-24 00:00:00+09:00,1020.3870373702631,1029.6562610254055,1004.1658959737638,1013.4351196289062,19800,0.0,0.0
2019-06-25 00:00:00+09:00,1013.4353686315739,1021.9321590697958,991.8071747888268,998.7590942382812,18700,0.0,0.0
2019-06-26 00:00:00+09:00,991.8069411504837,992.5793764629062,969.4063170902314,973.2684936523438,23600,0.0,0.0
2019-06-27 00:00:00+09:00,987.1723037847952,1011.1177978515625,972.4960332277442,1011.1177978515625,23800,0.0,0.0
2019-06-28 00:00:00+09:00,999.5313704515954,1006.4832887932217,988.7172752535103,990.2621459960938,26100,0.0,0.0
2019-07-01 00:00:00+09:00,1000.3037894445521,1011.8903198242188,993.3518712167521,1011.8903198242188,19200,0.0,0.0
2019-07-02 00:00:00+09:00,1031.9735102917437,1048.9670860600208,1015.7523697856608,1046.6497802734375,74400,0.0,0.0
2019-07-03 00:00:00+09:00,1041.2427402300057,1043.5600460317044,1017.2972469457844,1035.835693359375,21300,0.0,0.0
2019-07-04 00:00:00+09:00,1035.8357128066275,1038.1530186518326,1028.8837952710126,1032.7459716796875,8600,0.0,0.0
2019-07-05 00:00:00+09:00,1046.6497871006363,1046.6497871006363,1027.3389054198126,1035.835693359375,18200,0.0,0.0
2019-07-08 00:00:00+09:00,1026.5666774225124,1026.5666774225124,990.2622125324762,994.1243896484375,25600,0.0,0.0
2019-07-09 00:00:00+09:00,988.7173093971631,989.4897447951297,963.2269412642676,980.2205200195312,31500,0.0,0.0
2019-07-10 00:00:00+09:00,963.9993711061117,983.3102559439744,962.4545003190826,976.3583374023438,44200,0.0,0.0
2019-07-11 00:00:00+09:00,979.447917626339,985.6273997564736,970.1786944311369,982.5376586914062,42300,0.0,0.0
2019-07-12 00:00:00+09:00,980.2203846246424,987.1723022460938,964.771678799195,987.1723022460938,29300,0.0,0.0
2019-07-16 00:00:00+09:00,979.4480559419588,981.7653620680045,959.3647361828966,960.9096069335938,15700,0.0,0.0
2019-07-17 00:00:00+09:00,959.3647372378659,966.3166556236475,934.6468051995312,936.964111328125,33400,0.0,0.0
2019-07-18 00:00:00+09:00,935.419044236879,935.419044236879,909.1562469585522,914.5632934570312,48100,0.0,0.0
2019-07-19 00:00:00+09:00,914.5633003285388,933.8741808253408,914.5633003285388,933.1017456054688,22000,0.0,0.0
2019-07-22 00:00:00+09:00,932.3293199934571,933.8741904491216,924.6049677151352,931.556884765625,34200,0.0,0.0
2019-07-23 00:00:00+09:00,940.0538172714007,940.0538172714007,927.6948517197635,937.7365112304688,21300,0.0,0.0
2019-07-24 00:00:00+09:00,945.4610232846327,945.4610232846327,918.425781605742,927.6950073242188,25600,0.0,0.0
2019-07-25 00:00:00+09:00,932.3296201834572,932.3296201834572,916.8809106526626,927.6950073242188,27200,0.0,0.0
2019-07-26 00:00:00+09:00,919.197979346742,919.197979346742,893.7076152135971,907.6114501953125,16700,0.0,0.0
2019-07-29 00:00:00+09:00,906.8392487479755,911.473861603587,899.1148939886231,909.1565551757812,11500,0.0,0.0
2019-07-30 00:00:00+09:00,911.4738366740321,923.8328039509681,907.6116593999895,917.6533203125,16700,0.0,0.0
2019-07-31 00:00:00+09:00,913.0187029084401,926.1501055729439,906.8392193016148,923.0603637695312,22600,0.0,0.0
2019-08-01 00:00:00+09:00,921.5155235119009,935.4193620896161,919.1982170822818,927.6950073242188,39100,0.0,0.0
2019-08-02 00:00:00+09:00,974.041204585874,974.041204585874,938.509170160061,950.095703125,89700,0.0,0.0
2019-08-05 00:00:00+09:00,943.1434294366954,947.7780408835588,916.1081959966591,933.8742065429688,53900,0.0,0.0
2019-08-06 00:00:00+09:00,894.4799846118649,938.5087921445732,892.1626789522486,933.1017456054688,39200,0.0,0.0
2019-08-07 00:00:00+09:00,924.6049677151352,937.7363665882825,916.8806154368133,931.556884765625,27600,0.0,0.0
2019-08-08 00:00:00+09:00,921.5154453212406,957.0474742271728,921.5154453212406,949.3231201171875,18500,0.0,0.0
2019-08-09 00:00:00+09:00,959.3643726789866,977.1303795804492,955.5021972656251,955.502197265625,20600,0.0,0.0
2019-08-13 00:00:00+09:00,943.1436497921615,976.3583729216151,928.4673767814726,975.5859375,67000,0.0,0.0
2019-08-14 00:00:00+09:00,988.7172711404189,995.669189453125,974.8134345150067,995.669189453125,32400,0.0,0.0
2019-08-15 00:00:00+09:00,970.9511718749999,970.9511718749999,960.1370776775059,970.951171875,10900,0.0,0.0
2019-08-16 00:00:00+09:00,964.7716869921092,976.3582164595884,954.7300281202937,961.6819458007812,19400,0.0,0.0
2019-08-19 00:00:00+09:00,973.2684752682607,973.2684752682607,957.8197693116216,961.6819458007812,9100,0.0,0.0
2019-08-20 00:00:00+09:00,965.5442474581671,982.5378262134309,957.8198934785019,980.2205200195312,17600,0.0,0.0
2019-08-21 00:00:00+09:00,965.5443572386228,968.6340991817863,958.5924378665046,963.22705078125,6800,0.0,0.0
2019-08-22 00:00:00+09:00,970.9514467548804,970.9514467548804,951.6405587923729,957.047607421875,17800,0.0,0.0
2019-08-23 00:00:00+09:00,959.3646929116513,959.3646929116513,938.5089387179198,948.5505981445312,23600,0.0,0.0
2019-08-26 00:00:00+09:00,914.5634450604838,921.5153631394909,909.9288330078125,909.9288330078125,27500,0.0,0.0
2019-08-27 00:00:00+09:00,916.8807373046875,926.1499612706996,916.8807373046875,916.8807373046875,13600,0.0,0.0
2019-08-28 00:00:00+09:00,916.8808842354081,920.7430615068292,899.1148687868703,908.3840942382812,8900,0.0,0.0
2019-08-29 00:00:00+09:00,885.2108629895495,899.114698533888,885.2108629895495,892.1627807617188,28700,0.0,0.0
2019-08-30 00:00:00+09:00,909.1563560136783,950.0954272700292,902.2044382531659,945.4608154296875,29800,0.0,0.0
2019-09-02 00:00:00+09:00,943.915981907369,943.915981907369,897.5698616827846,906.066650390625,11100,0.0,0.0
2019-09-03 00:00:00+09:00,906.0664966190847,923.0600711507299,899.8870149712136,916.108154296875,5000,0.0,0.0
2019-09-04 00:00:00+09:00,911.4738326558615,940.8263798091859,904.5219135932322,932.32958984375,20900,0.0,0.0
2019-09-05 00:00:00+09:00,935.4193123718411,950.0955856460483,933.8744415008719,944.6885375976562,18900,0.0,0.0
2019-09-06 00:00:00+09:00,938.5090243632081,949.3231201171875,926.9224931982302,949.3231201171875,21000,0.0,0.0
2019-09-09 00:00:00+09:00,946.2333672940487,948.5506734996667,931.5570946584675,941.5987548828125,12400,0.0,0.0
2019-09-10 00:00:00+09:00,945.4609730331408,949.3231502105638,935.4193123718411,944.6885375976562,22900,0.0,0.0
2019-09-11 00:00:00+09:00,949.323077839651,972.4961391376082,944.6884655800595,970.1788330078125,41000,0.0,0.0
2019-09-12 00:00:00+09:00,974.0407299504669,1015.7522282988612,973.268294795867,1005.7105712890625,33100,0.0,0.0
2019-09-13 00:00:00+09:00,1011.8902109367494,1012.6626462122737,985.6274115689254,1004.9382934570312,58000,0.0,0.0
2019-09-17 00:00:00+09:00,1004.1660355932919,1011.8903897132402,986.4000211174106,1001.0762939453125,30100,0.0,0.0
2019-09-18 00:00:00+09:00,998.758824445884,1004.1658714459777,991.8069068743349,997.9863891601562,25800,0.0,0.0
2019-09-19 00:00:00+09:00,1004.9383155117516,1016.5248448988971,989.4896096622243,1011.1177978515625,43500,0.0,0.0
2019-09-20 00:00:00+09:00,1010.3451822166619,1010.3451822166619,997.9862197430635,1005.7105712890625,30800,0.0,0.0
2019-09-24 00:00:00+09:00,995.6692150027253,1001.0762627180233,992.5794734511265,996.441650390625,17800,0.0,0.0
2019-09-25 00:00:00+09:00,980.2204845518578,986.3999675119956,963.2269064114788,980.992919921875,26400,0.0,0.0
2019-09-26 00:00:00+09:00,997.2140206431891,1000.3037619929743,966.3166071453365,977.9031372070312,31300,0.0,0.0
2019-09-27 00:00:00+09:00,978.6815702954021,978.6815702954021,937.4165557960733,956.1026000976562,35900,10.0,0.0
2019-09-30 00:00:00+09:00,955.3241397838935,957.6598956268859,947.5382869739188,951.4312133789062,21600,0.0,0.0
2019-10-01 00:00:00+09:00,956.102672674717,972.4529626797407,956.102672674717,971.6743774414062,23000,0.0,0.0
2019-10-02 00:00:00+09:00,972.4530847528674,1004.3750835317846,967.0029874003694,1001.2607421875,26600,0.0,0.0
2019-10-03 00:00:00+09:00,957.6599376240715,967.0029614057697,947.5383285272317,949.8740844726562,53000,0.0,0.0
2019-10-04 00:00:00+09:00,949.874227522239,949.874227522239,940.5312023334957,949.0956420898438,16200,0.0,0.0
2019-10-07 00:00:00+09:00,945.98095703125,950.6524679301698,941.3094461323302,945.98095703125,6900,0.0,0.0
2019-10-08 00:00:00+09:00,949.8741262652017,952.2098823133948,942.8668581206223,948.3169555664062,30500,0.0,0.0
2019-10-09 00:00:00+09:00,931.1879661051432,939.7524039204916,924.9592840576172,934.3023071289062,31800,0.0,0.0
2019-10-10 00:00:00+09:00,934.302208029914,934.302208029914,910.166067655808,928.8521118164062,34400,0.0,0.0
2019-10-11 00:00:00+09:00,942.0881943415731,944.4239501953125,923.4021475116576,944.4239501953125,23700,0.0,0.0
2019-10-15 00:00:00+09:00,963.1100915795521,965.4458476626068,944.4240429151146,956.8814086914062,30300,0.0,0.0
2019-10-16 00:00:00+09:00,966.2242613864366,977.1244545044142,963.1099204955859,970.1171875,23100,0.0,0.0
2019-10-17 00:00:00+09:00,969.3386324714212,972.4529734592812,949.8740012972963,952.9883422851562,16500,0.0,0.0
2019-10-18 00:00:00+09:00,952.9884257332224,960.7742788846375,938.1953047455335,949.8740844726562,20200,0.0,0.0
2019-10-21 00:00:00+09:00,956.1028090603834,956.1028090603834,940.5311020724292,948.3169555664062,22800,0.0,0.0
2019-10-23 00:00:00+09:00,948.3170412978685,948.3170412978685,938.1954308406663,942.866943359375,16800,0.0,0.0
2019-10-24 00:00:00+09:00,952.2098907191656,952.9884760754364,931.1880860998546,936.63818359375,29200,0.0,0.0
2019-10-25 00:00:00+09:00,936.637937332797,946.7595443031431,934.3021818781017,941.3094482421875,32100,0.0,0.0
2019-10-28 00:00:00+09:00,941.3096747414219,941.3096747414219,934.3024066912376,937.416748046875,9700,0.0,0.0
2019-10-29 00:00:00+09:00,947.5382869739188,958.4384809078834,943.6453605689316,951.4312133789062,19800,0.0,0.0
2019-10-30 00:00:00+09:00,948.3169255514706,992.6962890625,948.3169255514706,992.6962890625,69500,0.0,0.0
2019-10-31 00:00:00+09:00,992.6961576585487,992.6961576585487,959.2169931257506,972.4529418945312,16900,0.0,0.0
2019-11-01 00:00:00+09:00,965.4456591875758,965.4456591875758,958.4383923063756,963.8884887695312,14200,0.0,0.0
2019-11-05 00:00:00+09:00,984.1317359561012,985.6889064243862,970.1172017415365,981.0173950195312,40200,0.0,0.0
2019-11-06 00:00:00+09:00,910.944827364892,920.2878512353011,902.380388817017,906.2733154296875,109200,0.0,0.0
2019-11-07 00:00:00+09:00,903.1589175798159,903.1589175798159,895.373064842059,899.2659912109375,38700,0.0,0.0
2019-11-08 00:00:00+09:00,911.7234223317519,911.7234223317519,890.7016184009599,892.2587890625,36400,0.0,0.0
2019-11-11 00:00:00+09:00,899.2659314473469,899.2659314473469,882.915641784668,896.93017578125,38800,0.0,0.0
2019-11-12 00:00:00+09:00,896.9302019315189,896.9302019315189,883.6942527710711,886.80859375,32100,0.0,0.0
2019-11-13 00:00:00+09:00,886.0302120712307,889.1445537656815,856.4439659739488,861.115478515625,54900,0.0,0.0
2019-11-14 00:00:00+09:00,856.4438734142059,861.1153854510106,844.7650933221939,848.6580200195312,36200,0.0,0.0
2019-11-15 00:00:00+09:00,849.4366593542635,864.2297817444844,848.6580739653045,858.0010986328125,26400,0.0,0.0
2019-11-18 00:00:00+09:00,858.7796840217715,859.5582694107304,852.5510009100996,858.0010986328125,25300,0.0,0.0
2019-11-19 00:00:00+09:00,856.4438074474664,858.7795632859595,847.8793693729917,855.6652221679688,32100,0.0,0.0
2019-11-20 00:00:00+09:00,854.8867624183368,854.8867624183368,845.5437376924534,850.9938354492188,34900,0.0,0.0
2019-11-21 00:00:00+09:00,848.657976821133,854.1080739199843,846.3222209216253,852.5509033203125,33700,0.0,0.0
2019-11-22 00:00:00+09:00,855.665204147534,857.2223746737352,847.8793515165283,851.7722778320312,40100,0.0,0.0
2019-11-25 00:00:00+09:00,854.8866383350678,858.7795647391438,850.9937119309919,853.3294677734375,34500,0.0,0.0
2019-11-26 00:00:00+09:00,860.3367578415643,861.1153431427784,848.6579783233531,850.2151489257812,41600,0.0,0.0
2019-11-27 00:00:00+09:00,851.7722778320312,857.2223746737352,850.9936925689307,851.7722778320312,17100,0.0,0.0
2019-11-28 00:00:00+09:00,851.7722778320312,852.5508630951318,847.1007662534278,851.7722778320312,14000,0.0,0.0
2019-11-29 00:00:00+09:00,851.7722778320312,853.3294483582323,847.8793515165283,851.7722778320312,20200,0.0,0.0
2019-12-02 00:00:00+09:00,851.7721536532315,859.5580051491477,851.7721536532315,856.4436645507812,37900,0.0,0.0
2019-12-03 00:00:00+09:00,854.8866188844335,854.8866188844335,847.1007662534278,851.7722778320312,76300,0.0,0.0
2019-12-04 00:00:00+09:00,845.5434530289447,858.7794002678876,843.207697633837,854.886474609375,74400,0.0,0.0
2019-12-05 00:00:00+09:00,855.6653826877409,886.8087997100426,854.1082118366259,883.6944580078125,47000,0.0,0.0
2019-12-06 00:00:00+09:00,880.5798058753829,900.0444346524691,880.5798058753829,897.7086791992188,40100,0.0,0.0
2019-12-09 00:00:00+09:00,907.0519039173818,907.0519039173818,892.2587827376133,901.601806640625,35500,0.0,0.0
2019-12-10 00:00:00+09:00,906.2732404891304,907.0518257472827,892.2587058423914,895.373046875,62900,0.0,0.0
2019-12-11 00:00:00+09:00,896.9303589413607,899.2661150844373,868.9012852244433,869.6798706054688,60800,0.0,0.0
2019-12-12 00:00:00+09:00,872.7940606667961,886.0300098472917,872.0154754208846,884.4728393554688,21300,0.0,0.0
2019-12-13 00:00:00+09:00,904.7160292875259,907.8303701800819,894.5944213867189,894.5944213867188,50700,0.0,0.0
2019-12-16 00:00:00+09:00,894.594341784924,899.265852708083,889.9228308617652,890.701416015625,14100,0.0,0.0
2019-12-17 00:00:00+09:00,899.2659327255528,899.2659327255528,886.0299839321898,894.5944213867188,32200,0.0,0.0
2019-12-18 00:00:00+09:00,888.3657238898252,891.4800647273005,881.3584570055058,886.0299682617188,20900,0.0,0.0
2019-12-19 00:00:00+09:00,886.0300486782141,887.5872192382812,879.8013664379455,887.5872192382812,20400,0.0,0.0
2019-12-20 00:00:00+09:00,882.9156274242434,892.2586499366693,879.0227013773994,886.0299682617188,27200,0.0,0.0
2019-12-23 00:00:00+09:00,886.0300998142786,886.0300998142786,872.0155639648436,872.0155639648438,15700,0.0,0.0
2019-12-24 00:00:00+09:00,872.0156766244494,886.8087997100426,872.0156766244494,883.6944580078125,19400,0.0,0.0
2019-12-25 00:00:00+09:00,893.8159209617173,893.8159209617173,886.0300679916675,889.1444091796875,16000,0.0,0.0
2019-12-26 00:00:00+09:00,894.5946878256591,917.173666021433,893.8161023706324,916.3950805664062,35200,0.0,0.0
2019-12-27 00:00:00+09:00,921.8448741727157,921.8448741727157,909.3875110082196,911.7232666015625,17700,0.0,0.0
2019-12-30 00:00:00+09:00,907.0517836676703,907.0517836676703,896.93017578125,896.93017578125,11100,0.0,0.0
2020-01-06 00:00:00+09:00,889.1444379084911,889.1444379084911,870.4583901766139,876.6870727539062,36400,0.0,0.0
2020-01-07 00:00:00+09:00,876.6870762325939,903.9375626163778,876.6870762325939,901.601806640625,22400,0.0,0.0
2020-01-08 00:00:00+09:00,894.5944714474404,894.5944714474404,866.5654018459539,879.0227661132812,31900,0.0,0.0
2020-01-09 00:00:00+09:00,890.701535326087,903.9374847146739,890.701535326087,895.373046875,17300,0.0,0.0
2020-01-10 00:00:00+09:00,903.1589370239575,903.1589370239575,897.7088399901922,900.8231811523438,5800,0.0,0.0
2020-01-14 00:00:00+09:00,897.7089956678483,897.7089956678483,880.5801163055824,883.6944580078125,25900,0.0,0.0
2020-01-15 00:00:00+09:00,882.1371356296373,898.4874267578124,882.1371356296373,898.4874267578125,29100,0.0,0.0
2020-01-16 00:00:00+09:00,898.4873566323138,917.1734021775266,897.7087714012633,914.837646484375,34600,0.0,0.0
2020-01-17 00:00:00+09:00,919.5093821830491,920.2879676040338,905.4948446053227,915.616455078125,16700,0.0,0.0
2020-01-20 00:00:00+09:00,921.066329643588,921.066329643588,912.5018920898438,912.5018920898438,18000,0.0,0.0
2020-01-21 00:00:00+09:00,919.5092371536513,924.1807489427468,912.5019694700079,918.7306518554688,18000,0.0,0.0
2020-01-22 00:00:00+09:00,918.7307967620643,925.7380655509274,913.2806988151707,915.616455078125,25900,0.0,0.0
2020-01-23 00:00:00+09:00,915.616233018478,919.5091591792709,910.1661363933681,912.5018920898438,17400,0.0,0.0
2020-01-24 00:00:00+09:00,917.173553967085,917.9521393269891,898.4875053293855,902.3804321289062,23300,0.0,0.0
2020-01-27 00:00:00+09:00,895.3730915557273,895.3730915557273,883.6943121006526,889.1444091796875,24400,0.0,0.0
2020-01-28 00:00:00+09:00,872.7940197024487,893.8158203554069,868.1225084462358,886.0299682617188,27700,0.0,0.0
2020-01-29 00:00:00+09:00,886.8085153918684,893.8157819752984,880.579833984375,880.579833984375,21600,0.0,0.0
2020-01-30 00:00:00+09:00,872.0155400815217,877.4656372070312,861.1153458305027,877.4656372070312,32000,0.0,0.0
2020-01-31 00:00:00+09:00,877.4655309586617,889.9228943085628,870.4582640743423,886.0299682617188,14200,0.0,0.0
2020-02-03 00:00:00+09:00,873.5725335869,879.0226296074956,865.7866821289062,865.7866821289062,18700,0.0,0.0
2020-02-04 00:00:00+09:00,817.5145249760728,820.6288660236007,813.6215986666629,819.8502807617188,61100,0.0,0.0
2020-02-05 00:00:00+09:00,817.5145291734016,822.9646260345577,812.0644323122456,812.843017578125,44700,0.0,0.0
2020-02-06 00:00:00+09:00,822.1859499589588,845.54350535552,817.5144388796465,829.9718017578125,86900,0.0,0.0
2020-02-07 00:00:00+09:00,833.8649241129558,849.4366313793041,833.8649241129558,840.8721923828125,40400,0.0,0.0
2020-02-10 00:00:00+09:00,840.8721328777856,846.3222300353267,834.6434504120242,838.536376953125,27300,0.0,0.0
2020-02-12 00:00:00+09:00,837.7577978286384,843.2078950264084,822.1860915492957,829.193359375,42700,0.0,0.0
2020-02-13 00:00:00+09:00,829.1932828783763,830.750453362655,815.1787485198685,820.6288452148438,24200,0.0,0.0
2020-02-14 00:00:00+09:00,817.5145889763163,823.743271558993,810.507321070805,815.1788330078125,50000,0.0,0.0
2020-02-17 00:00:00+09:00,803.4999364952131,813.6215442223815,798.82842523652,808.1714477539062,30500,0.0,0.0
2020-02-18 00:00:00+09:00,805.0571734036154,808.1715144999544,797.2713206627681,798.8284912109375,28300,0.0,0.0
2020-02-19 00:00:00+09:00,805.0572684823147,820.6289758030558,805.0572684823147,808.9501953125,28100,0.0,0.0
2020-02-20 00:00:00+09:00,815.9573261242379,815.9573261242379,794.9355247832508,798.0498657226562,69500,0.0,0.0
2020-02-21 00:00:00+09:00,788.7068261190618,802.721360048127,788.7068261190618,791.8211669921875,61500,0.0,0.0
2020-02-25 00:00:00+09:00,778.5851726258946,778.5851726258946,754.449032274492,761.456298828125,72600,0.0,0.0
2020-02-26 00:00:00+09:00,751.3347817993164,783.2567777099609,751.3347817993164,778.5852661132812,55200,0.0,0.0
2020-02-27 00:00:00+09:00,777.0281100243637,777.0281100243637,750.5562104844555,755.2277221679688,42600,0.0,0.0
2020-02-28 00:00:00+09:00,737.3202924465529,739.6560483888334,699.9481973700645,706.1768798828125,81200,0.0,0.0
2020-03-02 00:00:00+09:00,694.4981403371056,759.1207251442579,694.4981403371056,734.2059936523438,76100,0.0,0.0
2020-03-03 00:00:00+09:00,741.9918982315917,756.7850210714661,681.2622360468445,696.0553588867188,181600,0.0,0.0
2020-03-04 00:00:00+09:00,675.0334335989019,682.8192863509076,659.4617280948903,664.1332397460938,94900,0.0,0.0
2020-03-05 00:00:00+09:00,671.1404269236439,682.8192046543337,659.461649192954,660.240234375,55100,0.0,0.0
2020-03-06 00:00:00+09:00,647.0042330500869,653.2329139940107,640.7755521061631,643.889892578125,71000,0.0,0.0
2020-03-09 00:00:00+09:00,630.6541319151182,644.6686681798986,604.9608154296875,604.9608154296875,56200,0.0,0.0
2020-03-10 00:00:00+09:00,593.2819672206663,624.4253775734571,567.5886536796138,618.9752807617188,133600,0.0,0.0
2020-03-11 00:00:00+09:00,618.1966954217294,632.2112300786451,584.717529296875,584.717529296875,99000,0.0,0.0
2020-03-12 00:00:00+09:00,577.7103661216596,580.046122318917,548.9027063554852,553.57421875,52400,0.0,0.0
2020-03-13 00:00:00+09:00,526.3236415620485,550.4597848881187,509.9733509218073,538.781005859375,86700,0.0,0.0
2020-03-16 00:00:00+09:00,541.1168136713516,549.6812524488838,506.08047321781083,508.4162292480469,229400,0.0,0.0
2020-03-17 00:00:00+09:00,495.1802334354501,545.7882761607713,490.5087217992666,534.1094970703125,211100,0.0,0.0
2020-03-18 00:00:00+09:00,541.895306422983,568.3672035758299,537.2237951607159,538.0023803710938,72900,0.0,0.0
2020-03-19 00:00:00+09:00,559.8028532462284,576.9317305360992,538.0024639682113,564.474365234375,80600,0.0,0.0
2020-03-23 00:00:00+09:00,598.7321004178302,601.0678563362352,569.1458587846994,592.50341796875,84300,0.0,0.0
2020-03-24 00:00:00+09:00,617.4181430568942,617.4181430568942,584.7175604485845,599.5106811523438,38800,0.0,0.0
2020-03-25 00:00:00+09:00,622.8683197099936,624.4254905092686,593.2820745237689,605.7394409179688,56500,0.0,0.0
2020-03-26 00:00:00+09:00,607.2965806221573,631.4327267750891,580.8246783899094,620.5325317382812,92200,0.0,0.0
2020-03-27 00:00:00+09:00,655.5687402743046,670.3618591165988,644.6685474431404,666.4689331054688,111400,0.0,0.0
2020-03-30 00:00:00+09:00,659.3281973299182,672.0228437285689,636.3191507323639,668.8491821289062,42100,16.0,0.0
2020-03-31 00:00:00+09:00,669.6426026907026,674.4030951268925,629.178416983089,638.6994018554688,25600,0.0,0.0
2020-04-01 00:00:00+09:00,626.7982846993863,627.5917002496387,585.5406760862621,591.8880004882812,43300,0.0,0.0
2020-04-02 00:00:00+09:00,591.0945985689445,593.4748452745913,562.5316381011835,564.1184692382812,42000,0.0,0.0
2020-04-03 00:00:00+09:00,620.4509032488219,627.5916425445245,530.0015388365895,541.9027709960938,58800,0.0,0.0
2020-04-06 00:00:00+09:00,539.522499827157,540.3159152680794,517.3068674813329,537.9356689453125,75900,0.0,0.0
2020-04-07 00:00:00+09:00,559.3578685413707,583.1603310324929,556.9776222922585,576.0195922851562,73500,0.0,0.0
2020-04-08 00:00:00+09:00,574.4328565677229,581.573596497432,552.2172212308495,569.67236328125,85200,0.0,0.0
2020-04-09 00:00:00+09:00,568.8788200121247,572.8458968601869,555.3907587287131,564.9117431640625,48200,0.0,0.0
2020-04-10 00:00:00+09:00,572.0525856741722,585.5406494140625,559.357937448393,585.5406494140625,50100,0.0,0.0
2020-04-13 00:00:00+09:00,585.5405772816051,585.5405772816051,554.5973760431464,558.564453125,101800,0.0,0.0
2020-04-14 00:00:00+09:00,564.9117431640625,566.4985739032874,542.6961128149139,564.9117431640625,64800,0.0,0.0
2020-04-15 00:00:00+09:00,567.2919513510285,567.2919513510285,548.2499837532317,551.4236450195312,32900,0.0,0.0
2020-04-16 00:00:00+09:00,553.8041537382596,572.8461303710938,542.696334035773,572.8461303710938,71000,0.0,0.0
2020-04-17 00:00:00+09:00,573.6394287803944,576.0196753728441,548.2501317942634,557.7711181640625,96500,0.0,0.0
2020-04-20 00:00:00+09:00,551.4237528309184,560.1513230196092,549.83692188752,556.9776611328125,41500,0.0,0.0
2020-04-21 00:00:00+09:00,547.4567913186961,554.597532075027,537.1423880039961,552.21728515625,88900,0.0,0.0
2020-04-22 00:00:00+09:00,541.9028051757813,545.0764672851562,533.175234375,535.5554809570312,56100,0.0,0.0
2020-04-23 00:00:00+09:00,540.3159040406692,545.8698120117188,533.9685806451841,545.8698120117188,41200,0.0,0.0
2020-04-24 00:00:00+09:00,546.6632415278542,546.6632415278542,524.4476090709893,540.31591796875,70200,0.0,0.0
2020-04-27 00:00:00+09:00,541.1093248702607,551.4237254909549,534.762001411372,550.6303100585938,78100,0.0,0.0
2020-04-28 00:00:00+09:00,552.2171409233159,554.5973872203992,537.1422477084553,550.6303100585938,59300,0.0,0.0
2020-04-30 00:00:00+09:00,566.4986597803347,583.1603850679917,565.7052442904463,568.87890625,86600,0.0,0.0
2020-05-01 00:00:00+09:00,568.8788678074841,569.6722832437567,547.4566510281228,553.0105590820312,86400,0.0,0.0
2020-05-07 00:00:00+09:00,555.3908715716128,562.5316113489621,553.8040405099796,557.7711181640625,63100,0.0,0.0
2020-05-08 00:00:00+09:00,565.7052213961266,584.7471923828125,560.1513131916765,584.7471923828125,70300,0.0,0.0
2020-05-11 00:00:00+09:00,591.0945879688579,594.2682501861403,572.0526146651631,574.432861328125,105900,0.0,0.0
2020-05-12 00:00:00+09:00,576.0196232722355,576.0196232722355,556.1842367959189,567.2920532226562,112600,0.0,0.0
2020-05-13 00:00:00+09:00,567.2920199614507,573.6393432617188,555.3907887734483,573.6393432617188,37900,0.0,0.0
2020-05-14 00:00:00+09:00,573.6393314798962,573.6393314798962,545.8697926115748,546.6632080078125,91200,0.0,0.0
2020-05-15 00:00:00+09:00,551.4238164565143,552.217232019761,530.0015962488511,539.5225830078125,74400,0.0,0.0
2020-05-18 00:00:00+09:00,544.2830293607216,546.6632758448064,531.5883814456027,533.9686279296875,32200,0.0,0.0
2020-05-19 00:00:00+09:00,547.4565935407365,555.3907470703125,535.5553632463727,555.3907470703125,54900,0.0,0.0
2020-05-20 00:00:00+09:00,552.2171543051393,564.9118015305447,550.6303234019636,562.5315551757812,53900,0.0,0.0
2020-05-21 00:00:00+09:00,573.6394457738044,575.2262768824456,563.3250435676364,574.432861328125,54600,0.0,0.0
2020-05-22 00:00:00+09:00,574.4326892002023,576.812935149927,548.2499837532317,551.4236450195312,36400,0.0,0.0
2020-05-25 00:00:00+09:00,571.2592230902777,578.3999633789062,561.7382360387732,578.3999633789062,41200,0.0,0.0
2020-05-26 00:00:00+09:00,582.3669512454786,592.6813522893359,582.3669512454786,589.5076904296875,36500,0.0,0.0
2020-05-27 00:00:00+09:00,589.5076842377151,602.9957469995471,585.5406069548234,602.2023315429688,59600,0.0,0.0
2020-05-28 00:00:00+09:00,610.9300100460998,610.9300100460998,591.0946201095381,607.75634765625,72700,0.0,0.0
2020-05-29 00:00:00+09:00,608.5496578667107,614.1035660871371,599.8220878060408,604.5825805664062,40400,0.0,0.0
2020-06-01 00:00:00+09:00,604.5826492923195,604.5826492923195,583.160429435505,591.8880004882812,59500,0.0,0.0
2020-06-02 00:00:00+09:00,597.4418195222554,603.789142970035,594.2681577983656,602.9957275390625,43700,0.0,0.0
2020-06-03 00:00:00+09:00,609.3431766055046,610.1365922000431,595.8551114983516,605.3760986328125,68400,0.0,0.0
2020-06-04 00:00:00+09:00,609.3430733267717,609.3430733267717,586.3340249850055,604.5825805664062,86300,0.0,0.0
2020-06-05 00:00:00+09:00,603.7891563760081,615.6903881048387,599.8220791330646,614.89697265625,51800,0.0,0.0
2020-06-08 00:00:00+09:00,623.6245008305689,632.352070180615,616.4837622714401,631.5586547851562,47700,0.0,0.0
2020-06-09 00:00:00+09:00,633.9389913807744,633.9389913807744,614.8970191740929,620.450927734375,41700,0.0,0.0
2020-06-10 00:00:00+09:00,624.4179162260276,638.6993933442849,622.83108543511,631.5586547851562,59200,0.0,0.0
2020-06-11 00:00:00+09:00,632.3520984850433,632.3520984850433,602.20231210809,602.9957275390625,46400,0.0,0.0
2020-06-12 00:00:00+09:00,560.9446993741122,584.7471618652344,556.1842068758878,576.0195922851562,116000,0.0,0.0
2020-06-15 00:00:00+09:00,582.367049849886,583.1604654491366,564.118491067124,565.705322265625,50000,0.0,0.0
2020-06-16 00:00:00+09:00,579.1933325750921,592.681396484375,577.6065015269411,592.681396484375,43500,0.0,0.0
2020-06-17 00:00:00+09:00,599.0287206769788,600.6155517251296,587.1274878158467,592.681396484375,25400,0.0,0.0
2020-06-18 00:00:00+09:00,599.0286449159172,599.0286449159172,579.9866747464046,598.2352294921875,40300,0.0,0.0
2020-06-19 00:00:00+09:00,600.6156796273102,600.6156796273102,572.8461303710938,572.8461303710938,86400,0.0,0.0
2020-06-22 00:00:00+09:00,577.6064967105264,594.2682225771762,573.6394191232288,587.9208984375,55000,0.0,0.0
2020-06-23 00:00:00+09:00,611.7233690621863,611.7233690621863,583.1604101954694,592.681396484375,71400,0.0,0.0
2020-06-24 00:00:00+09:00,595.8548746633006,595.8548746633006,576.8129079630087,577.6063232421875,54300,0.0,0.0
2020-06-25 00:00:00+09:00,581.5736083984375,582.367023962419,570.4657905026966,581.5736083984375,35100,0.0,0.0
2020-06-26 00:00:00+09:00,581.5735983350003,591.8880004882812,579.1933516842431,591.8880004882812,41100,0.0,0.0
2020-06-29 00:00:00+09:00,587.127517346308,587.9209329102895,576.019699450567,581.5736083984375,39200,0.0,0.0
2020-06-30 00:00:00+09:00,590.301237292598,591.8880685756426,576.8131713867188,576.8131713867188,32900,0.0,0.0
2020-07-01 00:00:00+09:00,579.1933349609375,580.780166015625,570.4657641601563,575.2262573242188,44900,0.0,0.0
2020-07-02 00:00:00+09:00,576.8130738305264,584.7472289038486,565.7052567278753,580.7801513671875,79400,0.0,0.0
2020-07-03 00:00:00+09:00,580.7800819745203,587.1274052747882,572.0525124366518,573.6393432617188,34900,0.0,0.0
2020-07-06 00:00:00+09:00,591.0945988200722,606.9629101977922,587.1275209756421,606.1694946289062,138500,0.0,0.0
2020-07-07 00:00:00+09:00,610.1364352502555,610.1364352502555,587.9208043178666,594.2681274414062,86400,0.0,0.0
2020-07-08 00:00:00+09:00,590.3011058945996,601.4089224033689,588.7142749647754,589.5076904296875,40400,0.0,0.0
2020-07-09 00:00:00+09:00,595.0616626892908,600.6155715410575,588.7143382872717,591.8880004882812,38000,0.0,0.0
2020-07-10 00:00:00+09:00,588.7142760637895,589.5076915301827,571.259135803138,572.0525512695312,47600,0.0,0.0
2020-07-13 00:00:00+09:00,589.5077416152551,599.8221435546875,587.9209105476501,599.8221435546875,39100,0.0,0.0
2020-07-14 00:00:00+09:00,600.6154757633766,600.6154757633766,591.0944906786203,598.2352294921875,27600,0.0,0.0
2020-07-15 00:00:00+09:00,602.9957522722631,613.3101532979728,597.4418440276501,606.9628295898438,36800,0.0,0.0
2020-07-16 00:00:00+09:00,608.5496895252944,610.9299360293047,591.8879639972224,595.8550415039062,26800,0.0,0.0
2020-07-17 00:00:00+09:00,607.7562424066498,607.7562424066498,591.0945177453709,604.5825805664062,23000,0.0,0.0
2020-07-20 00:00:00+09:00,599.822165456485,606.16948995867,587.9209320148881,601.4089965820312,57800,0.0,0.0
2020-07-21 00:00:00+09:00,603.7891677357792,607.7562450533599,591.094520319521,606.9628295898438,44400,0.0,0.0
2020-07-22 00:00:00+09:00,606.9628959430767,606.9628959430767,590.3011693877764,591.8880004882812,53900,0.0,0.0
2020-07-27 00:00:00+09:00,590.3010996942935,602.2023315429688,576.8130369324615,602.2023315429688,84300,0.0,0.0
2020-07-28 00:00:00+09:00,596.6484985351562,602.9958229876579,589.5077585260918,596.6484985351562,38500,0.0,0.0
2020-07-29 00:00:00+09:00,593.4747285750561,593.4747285750561,573.6393432617188,573.6393432617188,25300,0.0,0.0
2020-07-30 00:00:00+09:00,574.4327415087545,574.4327415087545,553.803941399324,559.3578491210938,42300,0.0,0.0
2020-07-31 00:00:00+09:00,555.3908177425988,555.3908177425988,527.6212768554688,527.6212768554688,46700,0.0,0.0
2020-08-03 00:00:00+09:00,531.5884488908426,541.1094360351562,518.8937993650911,541.1094360351562,27200,0.0,0.0
2020-08-04 00:00:00+09:00,541.1093896484375,595.0616455078125,541.1093896484375,595.0616455078125,64800,0.0,0.0
2020-08-05 00:00:00+09:00,539.5224886162337,557.7710433782534,537.9356577673624,545.8698120117188,137100,0.0,0.0
2020-08-06 00:00:00+09:00,545.8698178245908,548.2500641232446,531.5883400326684,533.1751708984375,57200,0.0,0.0
2020-08-07 00:00:00+09:00,533.9686978750856,544.2831006572195,533.1752822764598,543.4896850585938,39800,0.0,0.0
2020-08-11 00:00:00+09:00,541.1093379829094,567.2920478853083,541.1093379829094,562.5315551757812,83100,0.0,0.0
2020-08-12 00:00:00+09:00,567.2919246128628,577.6063232421875,556.1841107043591,577.6063232421875,62400,0.0,0.0
2020-08-13 00:00:00+09:00,579.1933349609375,579.9867504882812,563.3250244140625,575.2262573242188,39300,0.0,0.0
2020-08-14 00:00:00+09:00,586.3340649281737,587.9208959563961,574.4328322165057,585.5406494140625,26900,0.0,0.0
2020-08-17 00:00:00+09:00,587.9208780073222,587.9208780073222,568.87890625,568.87890625,21900,0.0,0.0
2020-08-18 00:00:00+09:00,568.8788535378196,579.1932539506392,564.9117764559659,576.0195922851562,41500,0.0,0.0
2020-08-19 00:00:00+09:00,586.334067402581,590.3011449898786,572.0525880883098,587.9208984375,33100,0.0,0.0
2020-08-20 00:00:00+09:00,582.3669406875214,589.507679742273,576.8130325338257,579.9866943359375,36400,0.0,0.0
2020-08-21 00:00:00+09:00,587.1274902343749,598.2353076171875,587.1274902343749,595.0616455078125,27500,0.0,0.0
2020-08-24 00:00:00+09:00,599.0287206769788,603.7892138214315,589.5077343880731,592.681396484375,19300,0.0,0.0
2020-08-25 00:00:00+09:00,602.9957275390625,606.1693892629523,598.2352349532279,602.9957275390625,44700,0.0,0.0
2020-08-26 00:00:00+09:00,609.3431766055046,609.3431766055046,601.4090206601204,605.3760986328125,10100,0.0,0.0
2020-08-27 00:00:00+09:00,605.3759710798175,605.3759710798175,594.2681550967015,600.615478515625,21100,0.0,0.0
2020-08-28 00:00:00+09:00,602.2023877147659,621.2443604488296,591.0945702865621,597.44189453125,55700,0.0,0.0
2020-08-31 00:00:00+09:00,595.8550078903419,612.5167324784873,595.8550078903419,602.2023315429688,21700,0.0,0.0
2020-09-01 00:00:00+09:00,602.9957690846749,613.3101703979653,597.4418606852107,603.7891845703125,36300,0.0,0.0
2020-09-02 00:00:00+09:00,601.4089448864828,604.5826068647756,584.7472195004457,591.0945434570312,31500,0.0,0.0
2020-09-03 00:00:00+09:00,602.2023368087468,607.7562450533599,593.4747667100694,606.9628295898438,47500,0.0,0.0
2020-09-04 00:00:00+09:00,597.441914091719,598.2353296482817,587.1275118564038,596.6484985351562,25400,0.0,0.0
2020-09-07 00:00:00+09:00,604.582585811615,610.1364940802256,599.0286775430043,609.3430786132812,26400,0.0,0.0
2020-09-08 00:00:00+09:00,610.9298790713755,610.9298790713755,592.6813242419707,600.615478515625,95200,0.0,0.0
2020-09-09 00:00:00+09:00,591.8880678290562,606.1695493584436,582.3670801427979,599.02880859375,45500,0.0,0.0
2020-09-10 00:00:00+09:00,597.4418388034986,604.5825779127038,587.1274378679801,602.2023315429688,31100,0.0,0.0
2020-09-11 00:00:00+09:00,614.1035405405066,622.8311102381108,604.5825554158477,618.0706176757812,65300,0.0,0.0
2020-09-14 00:00:00+09:00,626.7982859128109,638.6995191896365,625.2114548092343,633.9390258789062,37700,0.0,0.0
2020-09-15 00:00:00+09:00,657.7414144132628,657.7414144132628,625.2113806485538,639.4928588867188,47100,0.0,0.0
2020-09-16 00:00:00+09:00,645.046739162359,647.4269854323309,627.5915998492325,633.1455078125,40400,0.0,0.0
2020-09-17 00:00:00+09:00,634.7323220269639,637.9059836370986,630.7652450142953,636.3191528320312,23100,0.0,0.0
2020-09-18 00:00:00+09:00,636.319276520143,660.1217432228916,632.3521987363516,658.534912109375,83400,0.0,0.0
2020-09-23 00:00:00+09:00,646.6336787580008,658.534912109375,641.873185417451,658.534912109375,52700,0.0,0.0
2020-09-24 00:00:00+09:00,658.5347844096063,658.5347844096063,642.6664763515436,653.7742919921875,32500,0.0,0.0
2020-09-25 00:00:00+09:00,658.5348710857454,677.5768432617188,656.9480400710809,677.5768432617188,74900,0.0,0.0
2020-09-28 00:00:00+09:00,679.9571140341089,702.9661645673518,677.5768674272217,701.3793334960938,89000,0.0,0.0
2020-09-29 00:00:00+09:00,704.5891786340164,713.4166057011852,697.3667383063329,702.9841918945312,77100,10.0,0.0
2020-09-30 00:00:00+09:00,694.959331409593,700.5767855895781,681.3169426867719,684.5269165039062,72500,0.0,0.0
2020-10-02 00:00:00+09:00,678.1069758604079,678.1069758604079,651.624691596037,652.4271850585938,57100,0.0,0.0
2020-10-05 00:00:00+09:00,659.6496387426405,676.5020017762115,659.6496387426405,664.464599609375,42700,0.0,0.0
2020-10-06 00:00:00+09:00,669.2795835395098,669.2795835395098,652.4272199252055,658.84716796875,26900,0.0,0.0
2020-10-07 00:00:00+09:00,651.6246657526107,655.6371329062597,643.5997314453125,643.5997314453125,32700,0.0,0.0
2020-10-08 00:00:00+09:00,649.2172338897478,649.2172338897478,641.9947924744107,646.8097534179688,45400,0.0,0.0
2020-10-09 00:00:00+09:00,650.0196533203125,654.0321203161169,639.587239131221,650.0196533203125,43100,0.0,0.0
2020-10-12 00:00:00+09:00,650.0197111193261,657.2421523539853,646.8097372372553,650.8222045898438,14700,0.0,0.0
2020-10-13 00:00:00+09:00,651.6246883757871,656.4396491273322,649.2172080000145,653.2296752929688,14300,0.0,0.0
2020-10-14 00:00:00+09:00,653.2296111124425,658.8470647706575,650.0196375934624,654.0321044921875,18800,0.0,0.0
2020-10-15 00:00:00+09:00,647.6121889860734,652.427149498981,645.2047087296196,646.0072021484375,22300,0.0,0.0
2020-10-16 00:00:00+09:00,644.4022991591527,647.6122732521,639.5873380197319,640.3898315429688,32100,0.0,0.0
2020-10-19 00:00:00+09:00,640.3897642477964,657.2421264648438,640.3897642477964,657.2421264648438,23800,0.0,0.0
2020-10-20 00:00:00+09:00,657.2421523539853,663.6621001181268,647.612230707773,650.8222045898438,38500,0.0,0.0
2020-10-21 00:00:00+09:00,656.4396330259367,662.0570870982858,654.8346461481227,657.2421264648438,18000,0.0,0.0
2020-10-22 00:00:00+09:00,654.8347036966463,660.4521582626716,650.0197426400534,658.044677734375,30100,0.0,0.0
2020-10-23 00:00:00+09:00,658.0446421856198,666.8720703125,653.2296813891396,666.8720703125,41300,0.0,0.0
2020-10-26 00:00:00+09:00,660.452226261055,666.0696814054381,654.8347711166717,656.4397583007812,31900,0.0,0.0
2020-10-27 00:00:00+09:00,653.2297444171215,666.0696411132812,650.8222637865916,666.0696411132812,32500,0.0,0.0
2020-10-28 00:00:00+09:00,654.0322412138825,665.2671508789062,650.8222670238757,665.2671508789062,26400,0.0,0.0
2020-10-29 00:00:00+09:00,665.2671508789062,671.6870992589198,656.4397218563876,665.2671508789062,20300,0.0,0.0
2020-10-30 00:00:00+09:00,665.2671160122944,666.8721030231806,654.0322069360916,658.84716796875,31000,0.0,0.0
2020-11-02 00:00:00+09:00,662.0570715636121,676.501953125,662.0570715636121,676.501953125,36200,0.0,0.0
2020-11-04 00:00:00+09:00,676.5019947496825,682.1194490358602,664.4645927078732,681.3169555664062,43600,0.0,0.0
2020-11-05 00:00:00+09:00,681.3169609457759,710.2067260742188,669.2795588089248,710.2067260742188,68100,0.0,0.0
2020-11-06 00:00:00+09:00,698.9717250458182,702.9841918945312,682.1193642812232,702.9841918945312,33100,0.0,0.0
2020-11-09 00:00:00+09:00,711.8117985725403,719.8367342948914,701.3793821334839,719.0342407226562,40200,0.0,0.0
2020-11-10 00:00:00+09:00,728.6641091777994,747.1214599609375,726.2566286408684,747.1214599609375,53600,0.0,0.0
2020-11-11 00:00:00+09:00,755.9487524022393,755.9487524022393,724.6515110607453,750.331298828125,40900,0.0,0.0
2020-11-12 00:00:00+09:00,752.7388433746403,753.5413368110738,727.8615468452012,749.5288696289062,37600,0.0,0.0
2020-11-13 00:00:00+09:00,748.7264348992094,748.7264348992094,729.4665909146637,735.0840454101562,23300,0.0,0.0
2020-11-16 00:00:00+09:00,734.2815669890374,747.9239567582325,726.2566318306872,746.3189697265625,46700,0.0,0.0
2020-11-17 00:00:00+09:00,752.7388498199856,755.1463301499002,733.4790071806683,747.9238891601562,40500,0.0,0.0
2020-11-18 00:00:00+09:00,746.319050567829,746.319050567829,723.0467360877569,727.0592041015625,44100,0.0,0.0
2020-11-19 00:00:00+09:00,726.2565503089256,743.9114056755515,723.0465766059027,736.68896484375,23700,0.0,0.0
2020-11-20 00:00:00+09:00,726.2565403026911,735.8864612790803,719.0340995703991,723.8490600585938,34700,0.0,0.0
2020-11-24 00:00:00+09:00,744.7140502929688,747.9240246476799,737.4916079948689,744.7140502929688,33600,0.0,0.0
2020-11-25 00:00:00+09:00,755.9489069121676,758.3563875074292,725.4541527055196,727.8616333007812,35400,0.0,0.0
2020-11-26 00:00:00+09:00,727.8616333007812,737.491555681828,710.2067756021956,727.8616333007812,21400,0.0,0.0
2020-11-27 00:00:00+09:00,726.2565434971343,731.0715040065076,717.4291158966166,723.0465698242188,46100,0.0,0.0
2020-11-30 00:00:00+09:00,723.0465456206223,723.0465456206223,691.7493033573545,698.1692504882812,30100,0.0,0.0
2020-12-01 00:00:00+09:00,703.7868173431012,713.4167395872486,688.5394404565345,700.5768432617188,91100,0.0,0.0
2020-12-02 00:00:00+09:00,712.6142251879177,722.2441471499166,702.1818097290854,720.63916015625,99200,0.0,0.0
2020-12-03 00:00:00+09:00,710.2066874232543,719.0341151765376,697.3667925093876,704.5892333984375,34900,0.0,0.0
2020-12-04 00:00:00+09:00,711.009292761669,711.009292761669,686.9344860090165,692.5519409179688,29000,0.0,0.0
2020-12-07 00:00:00+09:00,698.1693708392936,699.7743578986943,680.5145131858862,683.7244873046875,25400,0.0,0.0
2020-12-08 00:00:00+09:00,674.0944548576109,699.7742436140913,674.0944548576109,696.5642700195312,40500,0.0,0.0
2020-12-09 00:00:00+09:00,695.7618821396451,702.1818303024099,688.5394404565345,700.5768432617188,27600,0.0,0.0
2020-12-10 00:00:00+09:00,705.3917690740155,705.3917690740155,686.9344190299855,694.1568603515625,27400,0.0,0.0
2020-12-11 00:00:00+09:00,706.1943160976298,715.8242385898702,690.1444452772291,711.00927734375,45700,0.0,0.0
2020-12-14 00:00:00+09:00,714.2190990709279,714.2190990709279,702.1816985247885,702.9841918945312,39500,0.0,0.0
2020-12-15 00:00:00+09:00,708.6016624879302,717.4290897669417,704.5891955429248,714.2191162109375,18100,0.0,0.0
2020-12-16 00:00:00+09:00,716.6266903270375,716.6266903270375,702.984300925515,706.1942749023438,7700,0.0,0.0
2020-12-17 00:00:00+09:00,713.4166741622121,717.4291413959703,697.3668052271793,716.6266479492188,28200,0.0,0.0
2020-12-18 00:00:00+09:00,715.8242532009548,722.2442016601562,709.4043047417534,722.2442016601562,32700,0.0,0.0
2020-12-21 00:00:00+09:00,717.4292256719103,718.2317192129303,702.9843419335497,711.00927734375,37200,0.0,0.0
2020-12-22 00:00:00+09:00,707.7992068413944,707.7992068413944,687.7368710465703,689.3418579101562,39300,0.0,0.0
2020-12-23 00:00:00+09:00,694.1569031907919,694.1569031907919,671.6870843591824,683.7244873046875,18300,0.0,0.0
2020-12-24 00:00:00+09:00,682.119551095349,688.5394998115405,677.3045895582054,686.1320190429688,22500,0.0,0.0
2020-12-25 00:00:00+09:00,686.1318581059294,686.1318581059294,680.514404296875,680.514404296875,30100,0.0,0.0
2020-12-28 00:00:00+09:00,681.316877499883,682.1193708773859,654.0321026647877,670.0819702148438,62100,0.0,0.0
2020-12-29 00:00:00+09:00,669.279584551191,688.5394287109375,661.2546494846299,688.5394287109375,51600,0.0,0.0
2020-12-30 00:00:00+09:00,688.5394518053209,690.1444388724661,671.6870876002955,682.9219970703125,27400,0.0,0.0
2021-01-04 00:00:00+09:00,683.7244922931377,683.7244922931377,663.6621539042546,667.6746215820312,47400,0.0,0.0
2021-01-05 00:00:00+09:00,662.8595442689603,697.3667602539062,662.8595442689603,697.3667602539062,35400,0.0,0.0
2021-01-06 00:00:00+09:00,704.589197619208,704.589197619208,690.1443165746228,698.1692504882812,26900,0.0,0.0
2021-01-07 00:00:00+09:00,710.2068205915178,715.0217820870536,697.3669232700893,702.181884765625,36800,0.0,0.0
2021-01-08 00:00:00+09:00,708.6018242835999,719.0342407226562,706.9968371391296,719.0342407226562,35100,0.0,0.0
2021-01-12 00:00:00+09:00,720.6391688373991,736.689038967408,716.626701304897,733.4790649414062,56400,0.0,0.0
2021-01-13 00:00:00+09:00,731.8740992336895,737.4915539427201,711.0092674572905,713.416748046875,33000,0.0,0.0
2021-01-14 00:00:00+09:00,713.416748046875,715.021735106598,706.1943062781215,713.416748046875,43200,0.0,0.0
2021-01-15 00:00:00+09:00,713.4167038757677,713.4167038757677,691.7493799110368,694.1568603515625,26900,0.0,0.0
2021-01-18 00:00:00+09:00,691.7493064889151,699.7742404389026,689.3418263039189,697.3667602539062,16500,0.0,0.0
2021-01-19 00:00:00+09:00,706.996756034366,711.009223435242,694.1568603515625,694.1568603515625,35100,0.0,0.0
2021-01-20 00:00:00+09:00,698.169253648905,708.6016677838886,691.7493064889151,697.3667602539062,69000,0.0,0.0
2021-01-21 00:00:00+09:00,698.9718711224725,706.1943129595588,680.5145197610294,682.1195068359375,59400,0.0,0.0
2021-01-22 00:00:00+09:00,674.0944691051137,682.9218966767282,656.4396139618846,662.0570678710938,87100,0.0,0.0
2021-01-25 00:00:00+09:00,662.8596603686992,669.2796086531418,649.2172702642587,667.6746215820312,80200,0.0,0.0
2021-01-26 00:00:00+09:00,667.6744900823353,681.316877499883,662.0570364398158,670.0819702148438,69500,0.0,0.0
2021-01-27 00:00:00+09:00,678.9094338826403,694.1568088752764,674.896966779315,691.7493286132812,42800,0.0,0.0
2021-01-28 00:00:00+09:00,683.7244133624553,685.3294002482826,664.4645707325269,671.68701171875,170000,0.0,0.0
2021-01-29 00:00:00+09:00,673.2920877395865,688.5394651734985,671.6871006412799,679.7120361328125,33900,0.0,0.0
2021-02-01 00:00:00+09:00,671.6870086563092,690.1443577591708,671.6870086563092,687.7368774414062,17600,0.0,0.0
2021-02-02 00:00:00+09:00,689.3418802640194,704.5892559625252,686.9343998905712,698.9718017578125,27400,0.0,0.0
2021-02-03 00:00:00+09:00,754.3439028555887,759.9613574513218,723.8491493358947,731.8740844726562,82000,0.0,0.0
2021-02-04 00:00:00+09:00,731.0715199800011,731.0715199800011,698.9717825494852,703.7867431640625,53300,0.0,0.0
2021-02-05 00:00:00+09:00,708.6018242835999,720.6392278671265,704.5893564224243,719.0342407226562,46600,0.0,0.0
2021-02-08 00:00:00+09:00,719.8367045197039,731.8741076053176,708.6017949731311,726.2566528320312,54000,0.0,0.0
2021-02-09 00:00:00+09:00,734.2815815548124,734.2815815548124,714.2192432609651,727.8616333007812,41800,0.0,0.0
2021-02-10 00:00:00+09:00,733.4790200211427,733.4790200211427,724.6515919902537,729.466552734375,33900,0.0,0.0
2021-02-12 00:00:00+09:00,729.4666721080912,745.5165438816466,726.2566977533801,744.7140502929688,21200,0.0,0.0
2021-02-15 00:00:00+09:00,746.3189022735465,748.7263826034612,739.8989547271074,747.9238891601562,40800,0.0,0.0
2021-02-16 00:00:00+09:00,745.51650934634,746.319002897843,730.2691318677819,738.2940673828125,30800,0.0,0.0
2021-02-17 00:00:00+09:00,738.2939677745072,738.2939677745072,728.6640464557092,732.676513671875,12800,0.0,0.0
2021-02-18 00:00:00+09:00,731.0715299907483,731.0715299907483,715.0216610557154,716.6266479492188,17400,0.0,0.0
2021-02-19 00:00:00+09:00,711.8117544257681,718.2317026054819,702.1818321561974,715.021728515625,28400,0.0,0.0
2021-02-22 00:00:00+09:00,723.0466243705877,727.0590917644311,715.8241830616695,724.651611328125,37700,0.0,0.0
2021-02-24 00:00:00+09:00,748.7263592075428,748.7263592075428,719.0341027330744,723.0465698242188,38800,0.0,0.0
2021-02-25 00:00:00+09:00,739.8989385467728,745.5163925270629,726.2565503089256,736.68896484375,44600,0.0,0.0
2021-02-26 00:00:00+09:00,725.4541234178835,743.911473903073,725.4541234178835,735.0840454101562,46100,0.0,0.0
2021-03-01 00:00:00+09:00,739.0965268101908,761.5663452148438,737.491539781287,761.5663452148438,42000,0.0,0.0
2021-03-02 00:00:00+09:00,761.5662745628036,767.9862220828272,745.5164057627445,763.9737548828125,38100,0.0,0.0
2021-03-03 00:00:00+09:00,765.578806206255,766.3812997138087,758.3563646382714,763.1713256835938,34600,0.0,0.0
2021-03-04 00:00:00+09:00,763.1713520911693,763.1713520911693,741.5040266374767,756.7514038085938,22700,0.0,0.0
2021-03-05 00:00:00+09:00,755.1463270427801,765.5787417628184,741.5039385627298,763.9737548828125,39300,0.0,0.0
2021-03-08 00:00:00+09:00,769.5912540639083,770.3937475509405,755.1463712973281,767.9862670898438,37900,0.0,0.0
2021-03-09 00:00:00+09:00,774.4063244997276,774.4063244997276,757.5539588888528,771.1963500976562,54900,0.0,0.0
2021-03-10 00:00:00+09:00,771.1961247469118,771.1961247469118,761.5662043546507,766.3811645507812,37800,0.0,0.0
2021-03-11 00:00:00+09:00,766.3812607619622,775.2086888963931,762.3687934281298,772.8012084960938,40600,0.0,0.0
2021-03-12 00:00:00+09:00,772.8013187610022,805.7035555929867,762.3689022045193,804.9010620117188,74500,0.0,0.0
2021-03-15 00:00:00+09:00,802.4935401908851,803.296033731076,790.4561370880218,800.0860595703125,43700,0.0,0.0
2021-03-16 00:00:00+09:00,807.3084848369666,807.3084848369666,792.0611078867655,804.0985107421875,35600,0.0,0.0
2021-03-17 00:00:00+09:00,807.3085260542613,809.71600674826,796.8761097135998,808.9135131835938,27300,0.0,0.0
2021-03-18 00:00:00+09:00,810.5184072011464,812.1233941460991,793.6660442791424,801.6909790039062,47200,0.0,0.0
2021-03-19 00:00:00+09:00,805.7034738741032,829.7782788703414,804.9009803742287,824.9633178710938,71200,0.0,0.0
2021-03-22 00:00:00+09:00,824.9632116114523,833.7906389730534,804.9008766987224,820.9507446289062,47100,0.0,0.0
2021-03-23 00:00:00+09:00,807.3084762604193,808.9134632907582,786.4436448660149,791.2586059570312,91900,0.0,0.0
2021-03-24 00:00:00+09:00,787.2461665594044,787.2461665594044,762.3688666987097,769.59130859375,28300,0.0,0.0
2021-03-25 00:00:00+09:00,785.6411500845383,806.5059814453125,780.0236954874067,806.5059814453125,42900,0.0,0.0
2021-03-26 00:00:00+09:00,804.9009716652128,812.1234130859375,796.0735432621047,812.1234130859375,29400,0.0,0.0
2021-03-29 00:00:00+09:00,829.7782560339297,830.5807495117188,802.4934777891003,830.5807495117188,46900,0.0,0.0
2021-03-30 00:00:00+09:00,840.3046673833107,840.3046673833107,790.8749810666453,794.1162719726562,61000,10.0,0.0
2021-03-31 00:00:00+09:00,781.9614046756352,800.5988267559871,780.3407592773438,780.3407592773438,35300,0.0,0.0
2021-04-01 00:00:00+09:00,777.9098928617739,797.3576401833182,777.9098928617739,781.1511840820312,28600,0.0,0.0
2021-04-02 00:00:00+09:00,793.3059236198725,794.1162463201993,781.9614058152982,782.771728515625,22200,0.0,0.0
2021-04-05 00:00:00+09:00,792.4955605751227,793.3058832341974,781.1510433480759,784.392333984375,16600,0.0,0.0
2021-04-06 00:00:00+09:00,780.3407887787619,780.3407887787619,749.5485250470973,754.4104614257812,42400,0.0,0.0
2021-04-07 00:00:00+09:00,746.3072587270585,765.7550048828125,746.3072587270585,765.7550048828125,39800,0.0,0.0
2021-04-08 00:00:00+09:00,753.600149566549,756.0311177909572,731.721435546875,731.721435546875,42400,0.0,0.0
2021-04-09 00:00:00+09:00,723.6182451461997,727.6698590607921,713.0840489682595,722.8079223632812,51900,0.0,0.0
2021-04-12 00:00:00+09:00,731.7214546246046,731.7214546246046,718.7562904230612,728.4801635742188,26600,0.0,0.0
2021-04-13 00:00:00+09:00,731.7214133893461,738.2039951247999,725.2388316538924,727.6697998046875,20200,0.0,0.0
2021-04-14 00:00:00+09:00,728.4800373891766,729.2903600114115,708.2219718333041,721.1871337890625,48900,0.0,0.0
2021-04-15 00:00:00+09:00,726.8595362778736,729.2905046266291,721.1872767974443,722.8079223632812,20000,0.0,0.0
2021-04-16 00:00:00+09:00,747.1175717213115,763.3240266393442,730.9111168032787,741.4453125,83300,0.0,0.0
2021-04-19 00:00:00+09:00,742.2556173527319,750.358844616408,742.2556173527319,747.1175537109375,33700,0.0,0.0
2021-04-20 00:00:00+09:00,741.4452264161237,743.8761943715863,726.0490960315265,732.5316772460938,32700,0.0,0.0
2021-04-21 00:00:00+09:00,729.2904611361229,729.2904611361229,709.0323927712305,717.1356201171875,35000,0.0,0.0
2021-04-22 00:00:00+09:00,721.1871994255388,732.5317171693113,721.1871994255388,730.9110717773438,22100,0.0,0.0
2021-04-23 00:00:00+09:00,733.3421001497975,733.3421001497975,722.8079042360434,728.4801635742188,23500,0.0,0.0
2021-04-26 00:00:00+09:00,725.2388870932839,725.2388870932839,712.2737226312811,713.0840454101562,19200,0.0,0.0
2021-04-27 00:00:00+09:00,707.4116181370297,712.2735536568719,702.5496826171875,702.5496826171875,16400,0.0,0.0
2021-04-28 00:00:00+09:00,702.549781310822,708.2220402141389,696.0671997070312,696.0671997070312,17800,0.0,0.0
2021-04-30 00:00:00+09:00,698.4982465872074,704.9808289221235,687.9640502929688,687.9640502929688,31500,0.0,0.0
2021-05-06 00:00:00+09:00,692.0156071360518,703.3601252858231,692.0156071360518,697.6878662109375,25300,0.0,0.0
2021-05-07 00:00:00+09:00,700.9291241198745,722.8078366646566,699.3084787461869,713.894287109375,39600,0.0,0.0
2021-05-10 00:00:00+09:00,721.1871264754817,762.5135797903688,718.7561586334294,743.8761596679688,88500,0.0,0.0
2021-05-11 00:00:00+09:00,743.8761672116398,746.3071350783445,721.1871337890625,721.1871337890625,50100,0.0,0.0
2021-05-12 00:00:00+09:00,726.8593893612133,727.669711980345,708.2219691211822,716.3251953125,34500,0.0,0.0
2021-05-13 00:00:00+09:00,709.032432409267,726.0492107870895,708.2221096293707,715.5150146484375,30600,0.0,0.0
2021-05-14 00:00:00+09:00,730.9110717773438,741.4452668251325,720.376876729555,730.9110717773438,32300,0.0,0.0
2021-05-17 00:00:00+09:00,741.445290366372,751.9794857486264,733.3420631492531,737.3936767578125,30300,0.0,0.0
2021-05-18 00:00:00+09:00,742.2556382216417,751.9795112114448,738.2040244758904,748.7382202148438,31900,0.0,0.0
2021-05-19 00:00:00+09:00,745.4969473103531,748.7382383856154,738.2040423910126,743.0659790039062,25100,0.0,0.0
2021-05-20 00:00:00+09:00,747.9278530396309,757.6517254518471,740.6349487304688,740.6349487304688,43000,0.0,0.0
2021-05-21 00:00:00+09:00,737.3936957555102,739.0143412406871,726.85950010186,734.1524047851562,34500,0.0,0.0
2021-05-24 00:00:00+09:00,739.8246670081967,747.1175717213115,739.8246670081967,741.4453125,22800,0.0,0.0
2021-05-25 00:00:00+09:00,750.3587947591145,750.3587947591145,726.0491145833333,729.2904052734375,28700,0.0,0.0
2021-05-26 00:00:00+09:00,721.9974350800386,728.4800158663913,716.3251768919799,719.5664672851562,27200,0.0,0.0
2021-05-27 00:00:00+09:00,719.5665435267857,719.5665435267857,709.0323486328125,709.0323486328125,18300,0.0,0.0
2021-05-28 00:00:00+09:00,715.5150371855491,722.8079424343259,715.5150371855491,721.9976196289062,26300,0.0,0.0
2021-05-31 00:00:00+09:00,721.9975959777832,721.9975959777832,713.0840454101562,713.0840454101562,20300,0.0,0.0
2021-06-01 00:00:00+09:00,716.3251768919799,723.6180802766268,709.032273507333,719.5664672851562,16400,0.0,0.0
2021-06-02 00:00:00+09:00,714.7045316953917,725.2387254732149,713.8942090970976,719.5664672851562,22600,0.0,0.0
2021-06-03 00:00:00+09:00,717.1356448978682,728.4801635742188,717.1356448978682,728.4801635742188,16800,0.0,0.0
2021-06-04 00:00:00+09:00,723.6181862200289,732.5317361062779,723.6181862200289,727.6697998046875,10500,0.0,0.0
2021-06-07 00:00:00+09:00,727.6698590607921,730.1008274095475,715.5150173170149,722.8079223632812,17100,0.0,0.0
2021-06-08 00:00:00+09:00,725.2388907120367,730.1008274095475,719.5666312316073,722.8079223632812,11700,0.0,0.0
2021-06-09 00:00:00+09:00,729.2904240744454,732.5317148481096,719.5665517534528,726.0491333007812,17400,0.0,0.0
2021-06-10 00:00:00+09:00,730.9111318620081,732.531777387201,717.1356448978682,728.4801635742188,40400,0.0,0.0
2021-06-11 00:00:00+09:00,728.4801425487301,730.9111107663566,722.8078833742684,726.8594970703125,48400,0.0,0.0
2021-06-14 00:00:00+09:00,732.5317552127027,732.5317552127027,722.8078823558969,724.4285278320312,5900,0.0,0.0
2021-06-15 00:00:00+09:00,727.6698792668437,727.6698792668437,717.1356827963883,721.9976196289062,16500,0.0,0.0
2021-06-16 00:00:00+09:00,720.3769141416955,725.2388505700984,716.3253004513598,724.4285278320312,16100,0.0,0.0
2021-06-17 00:00:00+09:00,724.4285880451652,726.8595564614242,719.5666512126473,721.9976196289062,10600,0.0,0.0
2021-06-18 00:00:00+09:00,724.428421503818,725.2387441229497,716.3251953125,716.3251953125,13700,0.0,0.0
2021-06-21 00:00:00+09:00,701.7394881598693,724.4285247285487,701.7394881598693,717.1356201171875,41300,0.0,0.0
2021-06-22 00:00:00+09:00,729.2904673224667,734.1524037712833,721.9975626492421,731.721435546875,45100,0.0,0.0
2021-06-23 00:00:00+09:00,719.5666512126473,734.152461710201,719.5666512126473,721.9976196289062,22500,0.0,0.0
2021-06-24 00:00:00+09:00,720.376855875651,729.2904052734375,717.9458878580729,729.2904052734375,18200,0.0,0.0
2021-06-25 00:00:00+09:00,738.20393580884,738.20393580884,726.0490960315265,732.5316772460938,42800,0.0,0.0
2021-06-28 00:00:00+09:00,732.5317217202885,743.8762395345408,729.2904309162165,740.6349487304688,18500,0.0,0.0
2021-06-29 00:00:00+09:00,734.1524047851562,743.0659549536294,728.480145587037,734.1524047851562,23600,0.0,0.0
2021-06-30 00:00:00+09:00,734.1524413241399,734.1524413241399,721.1872767974443,722.8079223632812,26000,0.0,0.0
2021-07-01 00:00:00+09:00,720.3767898834503,727.6696932680973,718.7561446868622,719.5664672851562,15900,0.0,0.0
2021-07-02 00:00:00+09:00,720.3769740180669,723.6182652397455,720.3769740180669,721.9976196289062,20900,0.0,0.0
2021-07-05 00:00:00+09:00,714.7045646168198,721.9974683373996,705.791015625,705.791015625,33500,0.0,0.0
2021-07-06 00:00:00+09:00,711.4632595977093,719.5664857890272,707.4116465020504,716.3251953125,54800,0.0,0.0
2021-07-07 00:00:00+09:00,713.0839206861414,715.5148885975714,707.4116622261379,708.2219848632812,32000,0.0,0.0
2021-07-08 00:00:00+09:00,704.1704661885245,709.0324026639344,692.015625,692.015625,32500,0.0,0.0
2021-07-09 00:00:00+09:00,681.4813998309886,690.394949650419,665.2749456138426,670.9472045898438,52400,0.0,0.0
2021-07-12 00:00:00+09:00,692.0156259970737,697.6878852265579,686.3433667675895,694.4465942382812,41200,0.0,0.0
2021-07-13 00:00:00+09:00,700.9292401672786,708.2221455563023,698.4982717042707,701.7395629882812,18000,0.0,0.0
2021-07-14 00:00:00+09:00,697.6879255328263,698.4982483267088,692.8259887695312,692.8259887695312,9000,0.0,0.0
2021-07-15 00:00:00+09:00,692.8259031467528,692.8259031467528,683.912353515625,683.912353515625,27000,0.0,0.0
2021-07-16 00:00:00+09:00,683.1020096803787,692.0155590356387,681.4813643430587,682.2916870117188,14200,0.0,0.0
2021-07-19 00:00:00+09:00,676.6194458007812,683.9123500070173,676.6194458007812,676.6194458007812,29100,0.0,0.0
2021-07-20 00:00:00+09:00,669.3265404334436,679.8607353797327,669.3265404334436,674.1884765625,30500,0.0,0.0
2021-07-21 00:00:00+09:00,685.5330145109432,687.153659935319,670.1368829793736,673.378173828125,21300,0.0,0.0
2021-07-26 00:00:00+09:00,683.9124555057323,684.7227783203125,678.2401958036704,684.7227783203125,10000,0.0,0.0
2021-07-27 00:00:00+09:00,684.7226773636963,688.7742908392211,681.4813865832764,686.3433227539062,15200,0.0,0.0
2021-07-28 00:00:00+09:00,679.0504529838103,680.6710984563254,672.56787109375,672.56787109375,11600,0.0,0.0
2021-07-29 00:00:00+09:00,675.8090437660627,679.8606567382812,671.757430793844,679.8606567382812,8800,0.0,0.0
2021-07-30 00:00:00+09:00,675.8091792409012,675.8091792409012,664.4646606445312,664.4646606445312,16700,0.0,0.0
2021-08-02 00:00:00+09:00,664.4646457507849,680.6711005251943,664.4646457507849,677.4298095703125,22600,0.0,0.0
2021-08-03 00:00:00+09:00,682.2916245216124,683.9122697104999,675.8090437660627,679.8606567382812,9000,0.0,0.0
2021-08-04 00:00:00+09:00,672.5678276349389,679.050409106119,664.4646007959637,666.8955688476562,20700,0.0,0.0
2021-08-05 00:00:00+09:00,666.0852023853976,666.8955250160367,661.2232666015625,661.2232666015625,9100,0.0,0.0
2021-08-06 00:00:00+09:00,665.2749234798612,671.7575049510414,665.2749234798612,666.8955688476562,4400,0.0,0.0
2021-08-10 00:00:00+09:00,671.7575273007011,684.7226906744179,667.7059137464146,670.9472045898438,27300,0.0,0.0
2021-08-11 00:00:00+09:00,677.4298556857639,704.9808306777687,674.188564510234,692.8259887695312,56100,0.0,0.0
2021-08-12 00:00:00+09:00,703.3600993511105,703.3600993511105,686.3433227539062,686.3433227539062,20800,0.0,0.0
2021-08-13 00:00:00+09:00,686.343237493831,687.9638826827185,677.4296889549502,679.8606567382812,6300,0.0,0.0
2021-08-16 00:00:00+09:00,677.4298022311158,679.8607704209404,660.4130249023438,660.4130249023438,29700,0.0,0.0
2021-08-17 00:00:00+09:00,662.8439506408465,667.7058867091168,657.1716918945312,657.1716918945312,10700,0.0,0.0
2021-08-18 00:00:00+09:00,659.6027011213631,668.5162511365168,653.9304420208109,657.9820556640625,7700,0.0,0.0
2021-08-19 00:00:00+09:00,657.9820513916015,657.9820513916015,648.2581787109375,648.2581787109375,10900,0.0,0.0
2021-08-20 00:00:00+09:00,656.3614070222505,658.792375196407,647.4478570503435,650.6891479492188,35200,0.0,0.0
2021-08-23 00:00:00+09:00,650.689213890977,669.3266384482529,650.689213890977,665.2750244140625,20400,0.0,0.0
2021-08-24 00:00:00+09:00,670.1369028849774,681.4814211925828,666.8956119399473,672.56787109375,36300,0.0,0.0
2021-08-25 00:00:00+09:00,684.7227295666206,684.7227295666206,660.4130468601134,664.4646606445312,34400,0.0,0.0
2021-08-26 00:00:00+09:00,669.3265368993488,669.3265368993488,661.2233100603736,666.8955688476562,6900,0.0,0.0
2021-08-27 00:00:00+09:00,670.9472426995999,670.9472426995999,661.2233696169969,664.4646606445312,5900,0.0,0.0
2021-08-30 00:00:00+09:00,670.9472045898438,670.9472045898438,662.8439774812708,670.9472045898438,7600,0.0,0.0
2021-08-31 00:00:00+09:00,670.9471696504787,686.3433003550188,670.9471696504787,682.2916870117188,18100,0.0,0.0
2021-09-01 00:00:00+09:00,682.2916870117188,693.6362043729587,678.2400736684187,682.2916870117188,10700,0.0,0.0
2021-09-02 00:00:00+09:00,681.4814405094913,681.4814405094913,668.5162763618672,669.3265991210938,14400,0.0,0.0
2021-09-03 00:00:00+09:00,669.326588114754,692.8259477459017,669.326588114754,692.015625,38000,0.0,0.0
2021-09-06 00:00:00+09:00,696.0672008399343,698.4981689453125,692.0155873309709,698.4981689453125,18200,0.0,0.0
2021-09-07 00:00:00+09:00,704.9807505596542,704.9807505596542,693.6362327345563,698.4981689453125,29700,0.0,0.0
2021-09-08 00:00:00+09:00,704.9808167269456,710.653076171875,700.1188800598632,710.653076171875,38400,0.0,0.0
2021-09-09 00:00:00+09:00,710.6531140193102,710.6531140193102,697.6879488832681,701.7395629882812,26100,0.0,0.0
2021-09-10 00:00:00+09:00,704.1704948425293,713.0840454101562,701.7395265059038,713.0840454101562,43500,0.0,0.0
2021-09-13 00:00:00+09:00,713.0839394755748,713.0839394755748,699.3084542811603,704.980712890625,26600,0.0,0.0
2021-09-14 00:00:00+09:00,704.9808193921505,717.9459838867188,696.8775915830453,717.9459838867188,36900,0.0,0.0
2021-09-15 00:00:00+09:00,710.6529487389361,710.6529487389361,692.825850823022,700.9290771484375,28600,0.0,0.0
2021-09-16 00:00:00+09:00,700.1188354492188,700.9291581754331,691.2052854608606,700.1188354492188,22600,0.0,0.0
2021-09-17 00:00:00+09:00,704.9807689119403,739.8246459960938,696.0672189601802,739.8246459960938,60400,0.0,0.0
2021-09-21 00:00:00+09:00,727.6697267867394,728.4800494223593,701.7394024469002,705.791015625,66000,0.0,0.0
2021-09-22 00:00:00+09:00,704.1704028406378,704.1704028406378,689.5845947265625,689.5845947265625,31600,0.0,0.0
2021-09-24 00:00:00+09:00,701.7394840550724,707.4117431640625,690.394965837092,707.4117431640625,40100,0.0,0.0
2021-09-27 00:00:00+09:00,714.7046900611103,717.9459811724986,708.2221078383338,710.653076171875,27300,0.0,0.0
2021-09-28 00:00:00+09:00,710.6530382404219,717.1356201171875,692.8259380793166,717.1356201171875,40900,0.0,0.0
2021-09-29 00:00:00+09:00,703.2026782746011,703.2026782746011,686.8110074523494,693.36767578125,43000,10.0,0.0
2021-09-30 00:00:00+09:00,692.548017501831,695.0067678598258,681.8934326171875,681.8934326171875,21100,0.0,0.0
2021-10-01 00:00:00+09:00,681.893542749083,681.893542749083,670.4193725585938,670.4193725585938,29000,0.0,0.0
2021-10-04 00:00:00+09:00,676.9759555516099,677.7955390329072,667.1409537760417,676.1563720703125,29000,0.0,0.0
2021-10-05 00:00:00+09:00,666.3213705183405,674.5172053340642,658.9451191841891,661.4038696289062,31300,0.0,0.0
2021-10-06 00:00:00+09:00,669.599725273218,681.0738943721472,656.4863891601562,656.4863891601562,44000,0.0,0.0
2021-10-07 00:00:00+09:00,660.5843787324757,663.0431295218025,652.388542768053,654.0277099609375,39700,0.0,0.0
2021-10-08 00:00:00+09:00,656.4863721218062,669.5997078945264,656.4863721218062,660.5842895507812,27200,0.0,0.0
2021-10-11 00:00:00+09:00,656.4863721218062,666.3213739513463,656.4863721218062,660.5842895507812,25300,0.0,0.0
2021-10-12 00:00:00+09:00,658.125589528691,665.5018414661233,656.4864224314838,663.0430908203125,33000,0.0,0.0
2021-10-13 00:00:00+09:00,662.2234832165287,669.5997348860199,656.4863985847024,668.7801513671875,30100,0.0,0.0
2021-10-14 00:00:00+09:00,671.2389088473683,671.2389088473683,655.6668218289312,667.1409912109375,31200,0.0,0.0
2021-10-15 00:00:00+09:00,668.7801040097892,680.2542724609375,662.2234363234187,680.2542724609375,34400,0.0,0.0
2021-10-18 00:00:00+09:00,674.5172187535684,674.5172187535684,665.5018002769108,672.8780517578125,35800,0.0,0.0
2021-10-19 00:00:00+09:00,672.8780381451231,677.7955390329072,667.960537257339,676.1563720703125,19800,0.0,0.0
2021-10-20 00:00:00+09:00,679.4347197408363,679.4347197408363,661.403882787521,672.8780517578125,57600,0.0,0.0
2021-10-21 00:00:00+09:00,667.9605374814852,681.0738731866431,661.4038696289062,661.4038696289062,20600,0.0,0.0
2021-10-22 00:00:00+09:00,660.5842895507812,665.5017904655513,656.4863721218062,660.5842895507812,23600,0.0,0.0
2021-10-25 00:00:00+09:00,661.4039552307129,667.9606239318848,655.6668701171875,655.6668701171875,22300,0.0,0.0
2021-10-26 00:00:00+09:00,656.4864224314838,666.321425014727,655.6668388828801,663.0430908203125,29500,0.0,0.0
2021-10-27 00:00:00+09:00,663.0430908203125,666.321425014727,655.6668388828801,663.0430908203125,26100,0.0,0.0
2021-10-28 00:00:00+09:00,664.6822303575868,671.2388984745544,654.8472281821355,669.5997314453125,185000,0.0,0.0
2021-10-29 00:00:00+09:00,665.5018207199004,670.4193218582247,657.3059854893597,667.9605712890625,19900,0.0,0.0
2021-11-01 00:00:00+09:00,676.1563720703125,676.9759555516099,669.5997042199338,676.1563720703125,27800,0.0,0.0
2021-11-02 00:00:00+09:00,669.5996494079969,669.5996494079969,658.9450650232919,659.7646484375,37900,0.0,0.0
2021-11-04 00:00:00+09:00,675.3368177816901,698.28515625,672.8780672315141,698.28515625,70400,0.0,0.0
2021-11-05 00:00:00+09:00,688.4501772280092,688.4501772280092,663.8626708984375,663.8626708984375,32300,0.0,0.0
2021-11-08 00:00:00+09:00,685.9914052626666,685.9914052626666,668.7801513671875,668.7801513671875,38200,0.0,0.0
2021-11-09 00:00:00+09:00,672.0584993409407,676.1564170198488,665.5018310546875,665.5018310546875,23000,0.0,0.0
2021-11-10 00:00:00+09:00,665.5017666412016,669.599683923475,664.6821831847469,666.3213500976562,7700,0.0,0.0
2021-11-11 00:00:00+09:00,667.9605512987187,667.9605512987187,658.1255493164062,658.1255493164062,13700,0.0,0.0
2021-11-12 00:00:00+09:00,656.4864019663056,667.9605712890625,656.4864019663056,667.9605712890625,19200,0.0,0.0
2021-11-15 00:00:00+09:00,667.9604825795808,667.9604825795808,656.4863147806677,659.7646484375,15200,0.0,0.0
2021-11-16 00:00:00+09:00,661.4039202654803,665.5018379870756,661.4039202654803,663.8626708984375,12600,0.0,0.0
2021-11-17 00:00:00+09:00,666.3214567565918,666.3214567565918,655.6668701171875,655.6668701171875,22400,0.0,0.0
2021-11-18 00:00:00+09:00,654.8472935573798,658.9452115395911,653.2081263644952,654.0277099609375,10900,0.0,0.0
2021-11-19 00:00:00+09:00,654.0276592902417,658.1255769549675,650.749325158461,651.5689086914062,27800,0.0,0.0
2021-11-22 00:00:00+09:00,651.5689086914062,658.1255769549675,647.4709910266804,651.5689086914062,32500,0.0,0.0
2021-11-24 00:00:00+09:00,652.3884922243514,658.9451604879127,649.1101580925707,651.5689086914062,29300,0.0,0.0
2021-11-25 00:00:00+09:00,654.8471985635878,654.8471985635878,647.470947265625,647.470947265625,17500,0.0,0.0
2021-11-26 00:00:00+09:00,647.4709509071519,648.2905343893128,631.0792812639328,631.8988647460938,38600,0.0,0.0
2021-11-29 00:00:00+09:00,624.522666372904,624.522666372904,604.8526611328125,604.8526611328125,46200,0.0,0.0
2021-11-30 00:00:00+09:00,603.2134159482758,617.96591796875,592.5588311557112,594.197998046875,59700,0.0,0.0
2021-12-01 00:00:00+09:00,591.739320912445,613.0484931336688,591.739320912445,605.6722412109375,45200,0.0,0.0
2021-12-02 00:00:00+09:00,604.852586926912,631.8988408138877,604.852586926912,622.8834228515625,80000,0.0,0.0
2021-12-03 00:00:00+09:00,624.5226000189012,640.0946858461442,624.5226000189012,635.1771850585938,24800,0.0,0.0
2021-12-06 00:00:00+09:00,639.2750888182967,645.0121729487173,633.5380046878761,638.4555053710938,27200,0.0,0.0
2021-12-07 00:00:00+09:00,642.5534595090951,662.2234633716184,641.7338760148233,658.9451293945312,26000,0.0,0.0
2021-12-08 00:00:00+09:00,662.2234531104785,662.2234531104785,652.3884513316101,661.4038696289062,22000,0.0,0.0
2021-12-09 00:00:00+09:00,661.4038798773466,662.2234633716184,652.3884614403568,658.9451293945312,12400,0.0,0.0
2021-12-10 00:00:00+09:00,665.5018414661233,665.5018414661233,656.4864224314838,663.0430908203125,32100,0.0,0.0
2021-12-13 00:00:00+09:00,664.6822381875147,664.6822381875147,649.9297347505538,653.2080688476562,32700,0.0,0.0
2021-12-14 00:00:00+09:00,653.2080517243269,663.0430537578173,649.1101342103725,657.3059692382812,36200,0.0,0.0
2021-12-15 00:00:00+09:00,652.388478456958,661.4038971291018,652.388478456958,654.8472290039062,12800,0.0,0.0
2021-12-16 00:00:00+09:00,662.2234668090364,667.1409678001926,655.6667988208281,658.1255493164062,34100,0.0,0.0
2021-12-17 00:00:00+09:00,659.7647365447013,662.2234871156754,609.7701416015625,609.7701416015625,78100,0.0,0.0
2021-12-20 00:00:00+09:00,634.3575781312439,664.6821651995334,632.7184112626878,640.9142456054688,133900,0.0,0.0
2021-12-21 00:00:00+09:00,653.2080523432518,653.2080523432518,634.3576317612005,642.553466796875,46700,0.0,0.0
2021-12-22 00:00:00+09:00,649.9296633825278,649.9296633825278,639.2750787369125,640.9142456054688,24200,0.0,0.0
2021-12-23 00:00:00+09:00,642.5534909909909,644.1926580598455,632.7184885778636,636.81640625,16000,0.0,0.0
2021-12-24 00:00:00+09:00,644.1926545680029,644.1926545680029,634.3576522081861,637.635986328125,18500,0.0,0.0
2021-12-27 00:00:00+09:00,637.635969179039,641.73388671875,634.3576351472701,641.73388671875,23200,0.0,0.0
2021-12-28 00:00:00+09:00,645.0122493790992,666.3214215313947,645.0122493790992,663.8626708984375,29700,0.0,0.0
2021-12-29 00:00:00+09:00,662.223496911561,665.5018310546875,655.666828625308,665.5018310546875,17100,0.0,0.0
2021-12-30 00:00:00+09:00,659.7646992749507,663.8626166617516,655.6667818881498,662.2234497070312,7900,0.0,0.0
2022-01-04 00:00:00+09:00,666.3214215313947,667.1410050757138,652.3885012779707,663.8626708984375,23400,0.0,0.0
2022-01-05 00:00:00+09:00,672.0584546638257,676.1563720703125,666.3213702947443,676.1563720703125,23300,0.0,0.0
2022-01-06 00:00:00+09:00,663.8625960613615,663.8625960613615,652.388427734375,652.388427734375,19300,0.0,0.0
2022-01-07 00:00:00+09:00,659.764730097803,659.764730097803,650.749311425659,654.8472290039062,17900,0.0,0.0
2022-01-11 00:00:00+09:00,654.8472153223021,661.4038833105104,649.1101308326199,658.1255493164062,20900,0.0,0.0
2022-01-12 00:00:00+09:00,658.1255222231187,667.1409403357641,658.1255222231187,664.6821899414062,14300,0.0,0.0
2022-01-13 00:00:00+09:00,667.1409678001926,667.1409678001926,658.1255493164062,658.1255493164062,9800,0.0,0.0
2022-01-14 00:00:00+09:00,654.8472358962075,658.1255699933099,648.2905677020027,653.2080688476562,27200,0.0,0.0
2022-01-17 00:00:00+09:00,651.5689017991051,654.0276523719319,649.9297347505538,653.2080688476562,4700,0.0,0.0
2022-01-18 00:00:00+09:00,658.9451710094105,659.7647545554421,649.1101684570312,649.1101684570312,14100,0.0,0.0
2022-01-19 00:00:00+09:00,647.4709263851768,649.9296767385382,616.3267552425987,622.8834228515625,47200,0.0,0.0
2022-01-20 00:00:00+09:00,620.4247264311383,646.6513991468535,618.7855593864061,624.5226440429688,33200,0.0,0.0
2022-01-21 00:00:00+09:00,624.5226532335907,636.81640625,622.8834861647362,636.81640625,14300,0.0,0.0
2022-01-24 00:00:00+09:00,629.4401734790874,648.2905953410914,628.6205899198699,646.6514282226562,14900,0.0,0.0
2022-01-25 00:00:00+09:00,650.749216496869,650.749216496869,636.816298763309,648.2904663085938,30700,0.0,0.0
2022-01-26 00:00:00+09:00,649.9296667902479,653.2080005445492,640.0946655273438,640.0946655273438,18500,0.0,0.0
2022-01-27 00:00:00+09:00,644.1926827566964,648.2906005859375,631.079345703125,631.079345703125,27000,0.0,0.0
2022-01-28 00:00:00+09:00,638.4554953026344,641.7338290397469,632.7184112626878,640.9142456054688,17000,0.0,0.0
2022-01-31 00:00:00+09:00,640.9142594073885,652.388427734375,640.9142594073885,652.388427734375,7500,0.0,0.0
2022-02-01 00:00:00+09:00,653.2080558299409,656.4863898617098,641.73388671875,641.73388671875,13000,0.0,0.0
2022-02-02 00:00:00+09:00,644.1925932150989,659.7646788017234,641.733842859316,652.388427734375,18000,0.0,0.0
2022-02-03 00:00:00+09:00,641.7339074565637,649.9297428008365,636.81640625,636.81640625,25300,0.0,0.0
2022-02-04 00:00:00+09:00,638.4555155174019,640.9142658980851,633.5380147560355,635.9967651367188,25700,0.0,0.0
2022-02-07 00:00:00+09:00,631.079321509009,640.9143239221364,630.2597379745816,636.81640625,28600,0.0,0.0
2022-02-08 00:00:00+09:00,644.1926545680029,647.4709886879418,637.635986328125,637.635986328125,21100,0.0,0.0
2022-02-09 00:00:00+09:00,645.8318216279723,645.8318216279723,637.635986328125,637.635986328125,15600,0.0,0.0
2022-02-10 00:00:00+09:00,642.5534024183917,644.1925692612957,636.8163184682275,643.3729858398438,16100,0.0,0.0
2022-02-14 00:00:00+09:00,643.3731255164513,645.8318763146033,635.9968731219951,639.2752075195312,21300,0.0,0.0
2022-02-15 00:00:00+09:00,649.1101592664093,651.5689098696911,636.81640625,636.81640625,21900,0.0,0.0
2022-02-16 00:00:00+09:00,649.1100833516725,649.1100833516725,638.455498650193,640.0946655273438,16100,0.0,0.0
2022-02-17 00:00:00+09:00,639.2750820887684,641.7338324044945,635.996748334467,640.0946655273438,12400,0.0,0.0
2022-02-18 00:00:00+09:00,633.537998018741,640.0946655273438,633.537998018741,640.0946655273438,21500,0.0,0.0
2022-02-21 00:00:00+09:00,636.8164412636489,643.3731098995681,628.62060546875,628.62060546875,31300,0.0,0.0
2022-02-22 00:00:00+09:00,620.4246624587872,629.4400802752293,620.4246624587872,625.3421630859375,26000,0.0,0.0
2022-02-24 00:00:00+09:00,631.8988711830924,645.01220703125,625.3422032590137,645.01220703125,27100,0.0,0.0
2022-02-25 00:00:00+09:00,647.4710170200892,647.4710170200892,625.3422607421875,631.079345703125,25700,0.0,0.0
2022-02-28 00:00:00+09:00,639.2751234031708,639.2751234031708,608.9505342160973,615.5072021484375,44800,0.0,0.0
2022-03-01 00:00:00+09:00,621.2442559493215,626.9813401071649,618.7855055959601,622.8834228515625,25600,0.0,0.0
2022-03-02 00:00:00+09:00,619.6051473912769,619.6051473912769,608.1309779951422,608.9505615234375,22100,0.0,0.0
2022-03-03 00:00:00+09:00,608.9505911482141,626.981429647892,608.9505911482141,616.3268432617188,15700,0.0,0.0
2022-03-04 00:00:00+09:00,615.5072402541701,616.3268237964527,604.8526542044974,606.4918212890625,26900,0.0,0.0
2022-03-07 00:00:00+09:00,604.0329746278394,608.1308916877298,581.0846390924534,585.1825561523438,20900,0.0,0.0
2022-03-08 00:00:00+09:00,575.3475745159647,583.543408910779,561.4146560447804,565.5125732421875,27400,0.0,0.0
2022-03-09 00:00:00+09:00,572.0692441633028,576.1671613851029,559.7754924979023,564.6929931640625,29900,0.0,0.0
2022-03-10 00:00:00+09:00,586.002247844898,591.7393327888341,581.9043300278008,588.4609985351562,36700,0.0,0.0
2022-03-11 00:00:00+09:00,576.1671584824385,588.4609100859044,576.1671584824385,580.2650756835938,38300,0.0,0.0
2022-03-14 00:00:00+09:00,582.723811696517,584.3629785367323,568.7908935546875,568.7908935546875,30700,0.0,0.0
2022-03-15 00:00:00+09:00,573.7084081617453,581.0846591238248,572.8888247215142,580.2650756835938,22500,0.0,0.0
2022-03-16 00:00:00+09:00,583.5434230457653,585.1825899644331,573.7084215337579,576.9867553710938,28500,0.0,0.0
2022-03-17 00:00:00+09:00,586.8218816368326,595.0177179725425,581.9043798354065,590.9197998046875,51900,0.0,0.0
2022-03-18 00:00:00+09:00,590.1002063828441,607.3114624023438,581.9043701830824,607.3114624023438,57900,0.0,0.0
2022-03-22 00:00:00+09:00,603.2134331597222,604.0330166286892,587.6413472493489,590.10009765625,77900,0.0,0.0
2022-03-23 00:00:00+09:00,595.8372296075136,601.5743143492641,590.1001448657631,593.3784790039062,53400,0.0,0.0
2022-03-24 00:00:00+09:00,590.1001078713389,595.0176087702667,586.0021904555657,587.641357421875,41600,0.0,0.0
2022-03-25 00:00:00+09:00,588.4609135003204,590.1000803902934,577.8063287154956,579.4454956054688,48700,0.0,0.0
2022-03-28 00:00:00+09:00,585.1826448521601,585.1826448521601,578.6259765625,578.6259765625,23900,0.0,0.0
2022-03-29 00:00:00+09:00,576.1672294021498,577.806396484375,571.2497281554743,577.806396484375,71900,0.0,0.0
2022-03-30 00:00:00+09:00,577.806396484375,579.4691487044739,571.1553876039793,577.806396484375,43000,10.0,0.0
2022-03-31 00:00:00+09:00,569.4926349415499,575.3122677073759,565.3357543945312,565.3357543945312,46000,0.0,0.0
2022-04-01 00:00:00+09:00,563.6729125976562,568.6611684613523,562.0101606430909,563.6729125976562,42800,0.0,0.0
2022-04-04 00:00:00+09:00,563.673038833573,567.8299196509296,560.3475341796875,560.3475341796875,32300,0.0,0.0
2022-04-05 00:00:00+09:00,565.3357626569323,573.6495238724754,565.3357626569323,571.1553955078125,55800,0.0,0.0
2022-04-06 00:00:00+09:00,570.3239204159177,570.3239204159177,561.1787846658083,563.6729125976562,35500,0.0,0.0
2022-04-07 00:00:00+09:00,560.3474972832472,560.3474972832472,549.5396078697721,552.8651123046875,39100,0.0,0.0
2022-04-08 00:00:00+09:00,552.8651038636552,553.6964799596908,546.2140950953707,547.0454711914062,45500,0.0,0.0
2022-04-11 00:00:00+09:00,543.7199746469352,547.0454790790264,539.5630941068209,540.3944702148438,49800,0.0,0.0
2022-04-12 00:00:00+09:00,540.3944702148438,542.8885985389123,537.0689657827525,540.3944702148438,50400,0.0,0.0
2022-04-13 00:00:00+09:00,545.3826830760541,552.03369140625,542.0571789109563,552.03369140625,30200,0.0,0.0
2022-04-14 00:00:00+09:00,556.19066119089,566.1671752929688,552.0337803150238,566.1671752929688,25700,0.0,0.0
2022-04-15 00:00:00+09:00,566.1671838179386,566.9985600056301,559.5161743164062,559.5161743164062,14200,0.0,0.0
2022-04-18 00:00:00+09:00,557.8534183559822,557.8534183559822,543.7200232560541,550.3710327148438,17500,0.0,0.0
2022-04-19 00:00:00+09:00,550.3710202180314,561.1789103431589,550.3710202180314,560.3475341796875,12000,0.0,0.0
2022-04-20 00:00:00+09:00,563.6730912284067,566.9985961914062,557.8534575431578,566.9985961914062,36400,0.0,0.0
2022-04-21 00:00:00+09:00,565.3357991177955,566.998551468142,562.0102944171026,566.1671752929688,11800,0.0,0.0
2022-04-22 00:00:00+09:00,567.8298910215952,571.9867716293668,561.1788820491607,571.1553955078125,31200,0.0,0.0
2022-04-25 00:00:00+09:00,566.167062271473,571.9866943359375,563.6729342438454,571.9866943359375,37800,0.0,0.0
2022-04-26 00:00:00+09:00,572.8181354009618,572.8181354009618,564.5043743646632,568.6612548828125,23300,0.0,0.0
2022-04-27 00:00:00+09:00,568.6612631857137,574.4808959960938,556.1906214491848,574.4808959960938,65100,0.0,0.0
2022-04-28 00:00:00+09:00,573.6495401379725,583.6260538795025,569.4926594123351,582.794677734375,29000,0.0,0.0
2022-05-02 00:00:00+09:00,582.7947061248389,587.7829632386035,576.1436966398193,584.4574584960938,33700,0.0,0.0
2022-05-06 00:00:00+09:00,690.0419902924887,700.0185009955126,642.653564453125,642.653564453125,1531700,0.0,0.0
2022-05-09 00:00:00+09:00,654.2929981869801,691.7049231150794,646.8106132013603,680.8970336914062,618500,0.0,0.0
2022-05-10 00:00:00+09:00,672.583346588443,675.0774751913668,655.1244463679766,658.449951171875,238700,0.0,0.0
2022-05-11 00:00:00+09:00,648.4732879154266,654.2929199864625,628.520263671875,628.520263671875,181100,0.0,0.0
2022-05-12 00:00:00+09:00,621.0379721972407,651.7988891601562,615.2183392583107,651.7988891601562,172400,0.0,0.0
2022-05-13 00:00:00+09:00,653.4616011996713,660.1126098632812,642.6537121213054,660.1126098632812,94300,0.0,0.0
2022-05-16 00:00:00+09:00,663.4381955274895,670.9205811913333,648.4734241998018,668.4264526367188,72900,0.0,0.0
2022-05-17 00:00:00+09:00,668.4263920487065,680.0656575818929,665.9322637201666,680.8970336914062,67600,0.0,0.0
2022-05-18 00:00:00+09:00,680.8970868340854,680.8970868340854,665.9323156948747,675.0774536132812,45800,0.0,0.0
2022-05-19 00:00:00+09:00,661.7754148298844,679.2343139648438,661.7754148298844,679.2343139648438,42800,0.0,0.0
2022-05-20 00:00:00+09:00,672.5833287105816,684.2225952148438,670.9205763528298,684.2225952148438,61600,0.0,0.0
2022-05-23 00:00:00+09:00,683.3912153572871,685.0539677060883,669.2578203924771,675.0774536132812,63600,0.0,0.0
2022-05-24 00:00:00+09:00,667.5950317382812,672.5832885134116,661.7753988339625,667.5950317382812,48400,0.0,0.0
2022-05-25 00:00:00+09:00,665.9322754813836,674.2460367233484,665.1008993571871,670.9205322265625,44100,0.0,0.0
2022-05-26 00:00:00+09:00,661.7754069010416,678.4029296875,661.7754069010416,673.4146728515625,55700,0.0,0.0
2022-05-27 00:00:00+09:00,673.4145633936807,680.8969474313883,668.4263073685424,675.90869140625,43400,0.0,0.0
2022-05-30 00:00:00+09:00,675.9088012695312,679.234305826823,667.595039876302,673.4146728515625,115400,0.0,0.0
2022-05-31 00:00:00+09:00,667.5950038386326,680.8970213497386,665.9322516497443,678.4028930664062,57900,0.0,0.0
2022-06-01 00:00:00+09:00,673.4147012644801,680.0657106596848,670.0891965668777,675.0774536132812,61000,0.0,0.0
2022-06-02 00:00:00+09:00,667.595039876302,676.7401774088542,663.4381591796874,673.4146728515625,81700,0.0,0.0
2022-06-03 00:00:00+09:00,672.5832925923029,673.4146687265331,660.1126505788486,664.26953125,85000,0.0,0.0
2022-06-06 00:00:00+09:00,656.7871621497592,668.4264283144385,655.1244098405192,663.4381713867188,33700,0.0,0.0
2022-06-07 00:00:00+09:00,669.2578083505148,673.4146891477229,668.4264321910731,672.5833129882812,28200,0.0,0.0
2022-06-08 00:00:00+09:00,673.4146728515625,673.4146728515625,667.595039876302,673.4146728515625,36300,0.0,0.0
2022-06-09 00:00:00+09:00,670.9205811913333,676.7402144854342,668.4264526367188,668.4264526367188,26300,0.0,0.0
2022-06-10 00:00:00+09:00,663.4380801856595,665.1008322663253,649.3046875,649.3046875,66500,0.0,0.0
2022-06-13 00:00:00+09:00,644.3164276317426,664.2694524874353,642.6536755604349,652.6301879882812,103000,0.0,0.0
2022-06-14 00:00:00+09:00,643.4849403450436,649.3045715884742,641.8221885612063,642.653564453125,32400,0.0,0.0
2022-06-15 00:00:00+09:00,641.8223382247122,645.9792186536287,631.8458251953125,631.8458251953125,43500,0.0,0.0
2022-06-16 00:00:00+09:00,638.496822376943,645.9792070141729,636.8340702353364,641.8223266601562,42500,0.0,0.0
2022-06-17 00:00:00+09:00,629.3517170685017,640.9909826417633,626.8575887313742,627.68896484375,76100,0.0,0.0
2022-06-20 00:00:00+09:00,631.845894671501,636.0027755574977,623.5321328995076,625.1948852539062,50300,0.0,0.0
2022-06-21 00:00:00+09:00,628.5203010110293,636.002685546875,628.5203010110293,636.002685546875,25000,0.0,0.0
2022-06-22 00:00:00+09:00,636.0027343269409,639.3282388201536,632.6772298337281,633.5086059570312,26400,0.0,0.0
2022-06-23 00:00:00+09:00,629.3516969379625,637.6654577957956,628.5203208521792,631.8458251953125,33800,0.0,0.0
2022-06-24 00:00:00+09:00,631.8459189221223,636.8341761767707,624.3635330401498,630.1831665039062,39300,0.0,0.0
2022-06-27 00:00:00+09:00,631.8458127786492,640.1595734731052,624.363428153639,629.3516845703125,46600,0.0,0.0
2022-06-28 00:00:00+09:00,632.6772582368701,637.6655152006299,629.3517535943636,635.17138671875,28800,0.0,0.0
2022-06-29 00:00:00+09:00,632.6771813087214,640.1595658445669,629.3516770705678,636.002685546875,79200,0.0,0.0
2022-06-30 00:00:00+09:00,638.4968874501992,640.1596397612675,624.3634928061193,626.0262451171875,62300,0.0,0.0
2022-07-01 00:00:00+09:00,626.0262082007623,626.8575843072706,613.5555666031375,618.5438232421875,70300,0.0,0.0
2022-07-04 00:00:00+09:00,630.1830935787845,641.8223591593953,627.6889652400822,640.1596069335938,117300,0.0,0.0
2022-07-05 00:00:00+09:00,648.4734497070312,652.6303307948968,641.8224399664463,648.4734497070312,42300,0.0,0.0
2022-07-06 00:00:00+09:00,640.9909553381675,655.1243486465318,639.3282031842423,650.9674682617188,61400,0.0,0.0
2022-07-07 00:00:00+09:00,653.4616247400061,653.4616247400061,634.3399741432884,640.1596069335938,71400,0.0,0.0
2022-07-08 00:00:00+09:00,640.1596756668778,667.5950903383155,640.1596756668778,645.9793090820312,104900,0.0,0.0
2022-07-11 00:00:00+09:00,653.4615514418658,656.7870555204504,646.8105432846967,650.1360473632812,51000,0.0,0.0
2022-07-12 00:00:00+09:00,647.6420084106286,647.6420084106286,637.6654948022492,639.3282470703125,34000,0.0,0.0
2022-07-13 00:00:00+09:00,640.9910637488732,648.4734497070312,639.328311313727,648.4734497070312,24700,0.0,0.0
2022-07-14 00:00:00+09:00,650.1360598813196,652.6301879882812,645.1478036673965,652.6301879882812,19100,0.0,0.0
2022-07-15 00:00:00+09:00,654.2929764283637,654.2929764283637,645.9792156097059,647.6419677734375,10700,0.0,0.0
2022-07-19 00:00:00+09:00,651.7989415640783,658.449951171875,650.1361891621291,658.449951171875,21500,0.0,0.0
2022-07-20 00:00:00+09:00,665.1009236959586,665.1009236959586,659.281290613619,663.4381713867188,54300,0.0,0.0
2022-07-21 00:00:00+09:00,660.9440267130789,666.7636596526909,655.9557699076971,664.26953125,25300,0.0,0.0
2022-07-22 00:00:00+09:00,664.269539352682,671.7519246520238,661.7754109195681,670.0891723632812,40700,0.0,0.0
2022-07-25 00:00:00+09:00,673.4146526313266,677.571533203125,662.606763144651,677.571533203125,35900,0.0,0.0
2022-07-26 00:00:00+09:00,675.9087889717414,680.0656695927238,670.9205322265625,670.9205322265625,35100,0.0,0.0
2022-07-27 00:00:00+09:00,670.9205114730777,670.9205114730777,662.6067504882812,662.6067504882812,27600,0.0,0.0
2022-07-28 00:00:00+09:00,662.6067504882812,667.5950070791591,656.7871177989236,662.6067504882812,53700,0.0,0.0
2022-07-29 00:00:00+09:00,664.2695311721491,664.2695311721491,651.7988891601562,651.7988891601562,34300,0.0,0.0
2022-08-01 00:00:00+09:00,663.4381632083107,670.0891723632812,657.6185301977115,670.0891723632812,20400,0.0,0.0
2022-08-02 00:00:00+09:00,672.5832967122395,678.4029296875,668.426416015625,673.4146728515625,62900,0.0,0.0
2022-08-03 00:00:00+09:00,660.944034930357,665.1009156531894,643.4851358944608,645.1478881835938,132000,0.0,0.0
2022-08-04 00:00:00+09:00,652.6302734846921,653.4616496292587,642.6537597498943,645.1478881835938,42700,0.0,0.0
2022-08-05 00:00:00+09:00,645.1479201322877,659.281315289825,644.3165439465503,655.955810546875,33900,0.0,0.0
2022-08-08 00:00:00+09:00,656.7871621497592,667.5950521598185,650.9675290674195,663.4381713867188,40300,0.0,0.0
2022-08-09 00:00:00+09:00,669.2577879769461,669.2577879769461,649.3047607577577,651.7988891601562,31200,0.0,0.0
2022-08-10 00:00:00+09:00,651.7988732910156,666.7636433410645,650.9674971771241,665.1008911132812,31800,0.0,0.0
2022-08-12 00:00:00+09:00,670.0891845099563,677.5715699449311,667.5950560316315,672.5833129882812,61600,0.0,0.0
2022-08-15 00:00:00+09:00,673.4146809198573,679.2343139648438,668.4264240241547,679.2343139648438,49000,0.0,0.0
2022-08-16 00:00:00+09:00,678.4029133111128,678.4029133111128,668.426399880067,674.2460327148438,25300,0.0,0.0
2022-08-17 00:00:00+09:00,676.740140877518,680.0656452552945,675.9087647830738,678.4028930664062,33700,0.0,0.0
2022-08-18 00:00:00+09:00,674.2460287456863,679.2342854318442,669.2577720595283,677.571533203125,27600,0.0,0.0
2022-08-19 00:00:00+09:00,679.2342934685273,680.0656695927238,670.9205322265625,670.9205322265625,22800,0.0,0.0
2022-08-22 00:00:00+09:00,666.7636637369792,675.9088012695312,666.7636637369792,673.4146728515625,29100,0.0,0.0
2022-08-23 00:00:00+09:00,668.4263629865766,673.4146194267748,664.2694826197446,666.7636108398438,20000,0.0,0.0
2022-08-24 00:00:00+09:00,667.5950115694858,673.4146442979869,666.7636354654143,671.7518920898438,18400,0.0,0.0
2022-08-25 00:00:00+09:00,676.7401610726051,679.2342894303666,672.5832804763361,674.2460327148438,26700,0.0,0.0
2022-08-26 00:00:00+09:00,678.4029583108836,680.8970868340854,675.0774536132812,675.0774536132812,11500,0.0,0.0
2022-08-29 00:00:00+09:00,670.089131444581,670.089131444581,665.1008748829588,665.9322509765625,34200,0.0,0.0
2022-08-30 00:00:00+09:00,670.9205444335937,673.4146728515625,666.7636637369792,673.4146728515625,17800,0.0,0.0
2022-08-31 00:00:00+09:00,666.7636516055801,677.5715412201343,665.9322754813836,670.9205322265625,28700,0.0,0.0
2022-09-01 00:00:00+09:00,667.5950070791591,669.2577592761185,662.6067504882812,662.6067504882812,29900,0.0,0.0
2022-09-02 00:00:00+09:00,662.606738112135,665.9322424439399,655.9557294485251,660.1126098632812,35200,0.0,0.0
2022-09-05 00:00:00+09:00,660.1127035738242,663.4382083777225,655.9558225689512,658.449951171875,24600,0.0,0.0
2022-09-06 00:00:00+09:00,656.7871339117462,666.7636473382538,656.7871339117462,661.775390625,24800,0.0,0.0
2022-09-07 00:00:00+09:00,658.4498453055863,660.9439735075014,655.1243410363662,657.6184692382812,34600,0.0,0.0
2022-09-08 00:00:00+09:00,664.2695717123611,670.9205811913333,660.1126907880033,668.4264526367188,38400,0.0,0.0
2022-09-09 00:00:00+09:00,666.7636556090929,672.5832885134116,666.7636556090929,667.5950317382812,36300,0.0,0.0
2022-09-12 00:00:00+09:00,676.7401362638295,676.7401362638295,665.1008710209627,669.2577514648438,22800,0.0,0.0
2022-09-13 00:00:00+09:00,663.4381713867188,665.9322998505786,662.6067952320988,663.4381713867188,23100,0.0,0.0
2022-09-14 00:00:00+09:00,651.7989134196994,662.6068035656893,649.3047849244709,656.7871704101562,38500,0.0,0.0
2022-09-15 00:00:00+09:00,658.4499227403086,658.4499227403086,653.4616657498517,656.7871704101562,16200,0.0,0.0
2022-09-16 00:00:00+09:00,658.44990234375,662.6067830403646,655.1243977864583,660.9440307617188,31900,0.0,0.0
2022-09-20 00:00:00+09:00,665.9322593613426,673.4146442979869,665.100883257271,671.7518920898438,35200,0.0,0.0
2022-09-21 00:00:00+09:00,670.9205114730777,670.9205114730777,660.1126221928423,662.6067504882812,28400,0.0,0.0
2022-09-22 00:00:00+09:00,664.2695353190104,665.1009114583334,658.44990234375,660.9440307617188,32300,0.0,0.0
2022-09-26 00:00:00+09:00,656.7870555204504,660.112559599035,650.1360473632812,650.1360473632812,45400,0.0,0.0
2022-09-27 00:00:00+09:00,654.2930257738251,654.2930257738251,644.3165120390272,645.1478881835938,39100,0.0,0.0
2022-09-28 00:00:00+09:00,645.1478282287057,661.7753495748065,640.9909478921807,657.6184692382812,46800,0.0,0.0
2022-09-29 00:00:00+09:00,670.4125897603695,670.4125897603695,654.2066874633631,659.3243408203125,40700,20.0,0.0
2022-09-30 00:00:00+09:00,653.3538339025688,660.1773726378436,651.64794921875,651.64794921875,23300,0.0,0.0
2022-10-03 00:00:00+09:00,651.6479231516521,657.6185193061829,648.2361539204916,655.0596923828125,16700,0.0,0.0
2022-10-04 00:00:00+09:00,657.6186072847593,671.2656860351562,657.6186072847593,671.2656860351562,31400,0.0,0.0
2022-10-05 00:00:00+09:00,675.5302903395433,678.9420594826723,663.5890983385917,665.2949829101562,45400,0.0,0.0
2022-10-06 00:00:00+09:00,671.265585977523,688.3244318727586,671.265585977523,676.3832397460938,58600,0.0,0.0
2022-10-07 00:00:00+09:00,669.5598011913567,676.3833405665551,668.7068587694569,671.2656860351562,22600,0.0,0.0
2022-10-11 00:00:00+09:00,656.765539915881,663.5890779929291,652.5008286177259,655.91259765625,50700,0.0,0.0
2022-10-12 00:00:00+09:00,653.3537580240253,661.8831804525373,651.6478735383229,657.6184692382812,23800,0.0,0.0
2022-10-13 00:00:00+09:00,655.0596425097276,659.3243537239837,649.0890468097692,657.6184692382812,44500,0.0,0.0
2022-10-14 00:00:00+09:00,667.0008694556451,667.0008694556451,656.7655619959677,661.0302734375,31400,0.0,0.0
2022-10-17 00:00:00+09:00,660.1773659702443,667.0009046366034,659.3244236369494,664.4420776367188,12100,0.0,0.0
2022-10-18 00:00:00+09:00,672.1185913085938,676.3833031823792,663.5891675610228,672.1185913085938,39400,0.0,0.0
2022-10-19 00:00:00+09:00,668.7068242137611,673.8244784807032,659.3244580577008,667.8538818359375,52400,0.0,0.0
2022-10-20 00:00:00+09:00,659.3244556872372,672.1185913085938,658.4715133124802,672.1185913085938,22600,0.0,0.0
2022-10-21 00:00:00+09:00,667.0008694556451,667.8538117439516,661.0302734375,661.0302734375,11300,0.0,0.0
2022-10-24 00:00:00+09:00,671.265601005263,671.265601005263,662.7361778666955,670.4126586914062,32200,0.0,0.0
2022-10-25 00:00:00+09:00,674.6773681640625,674.6773681640625,666.147945052001,674.6773681640625,25400,0.0,0.0
2022-10-26 00:00:00+09:00,677.2361820408555,679.7950089251408,671.265585977523,676.3832397460938,27500,0.0,0.0
2022-10-27 00:00:00+09:00,676.3832458652997,676.3832458652997,663.589111328125,663.589111328125,25200,0.0,0.0
2022-10-28 00:00:00+09:00,663.5890649382397,667.0008339096446,655.9125847525788,657.6184692382812,110100,0.0,0.0
2022-10-31 00:00:00+09:00,664.4420776367188,668.7067893031932,661.8832506368341,664.4420776367188,29600,0.0,0.0
2022-11-01 00:00:00+09:00,664.4421123246428,669.5597665915849,660.1774004355244,667.8538818359375,48700,0.0,0.0
2022-11-02 00:00:00+09:00,656.7655174885322,661.8831708715596,649.0890374139908,650.794921875,145800,0.0,0.0
2022-11-04 00:00:00+09:00,649.089113507952,658.4714791434152,644.8244018554688,644.8244018554688,60700,0.0,0.0
2022-11-07 00:00:00+09:00,644.824414969123,652.5008960997078,643.1185302734375,643.1185302734375,32300,0.0,0.0
2022-11-08 00:00:00+09:00,649.089113507952,652.5008828299386,643.9714595249721,644.8244018554688,21000,0.0,0.0
2022-11-09 00:00:00+09:00,649.9420690561795,649.9420690561795,643.1185302734375,643.1185302734375,21500,0.0,0.0
2022-11-10 00:00:00+09:00,643.9714857872497,647.3832552483741,641.4126586914062,641.4126586914062,24000,0.0,0.0
2022-11-11 00:00:00+09:00,654.2068026894017,654.2068026894017,643.9714941727487,648.2362060546875,26300,0.0,0.0
2022-11-14 00:00:00+09:00,643.9714990234376,645.6773837890626,638.00090234375,639.706787109375,37200,0.0,0.0
2022-11-15 00:00:00+09:00,638.0008045912741,641.4125735997836,635.441977834892,640.5596313476562,24800,0.0,0.0
2022-11-16 00:00:00+09:00,640.559681448707,642.2655660863866,638.0008544921875,638.0008544921875,9500,0.0,0.0
2022-11-17 00:00:00+09:00,635.4420125594992,643.971435546875,634.5890702607616,643.971435546875,10200,0.0,0.0
2022-11-18 00:00:00+09:00,643.118551796361,651.6479755602385,643.118551796361,648.2362060546875,21300,0.0,0.0
2022-11-21 00:00:00+09:00,652.5008415212221,655.9126106272154,650.7949569682254,654.2067260742188,25200,0.0,0.0
2022-11-22 00:00:00+09:00,655.9126695227746,659.3244389351167,655.059727169689,658.4714965820312,33200,0.0,0.0
2022-11-24 00:00:00+09:00,661.8832851911718,667.8538818359375,655.0597461685824,667.8538818359375,49200,0.0,0.0
2022-11-25 00:00:00+09:00,670.4127089694085,670.4127089694085,665.2950547024665,667.8538818359375,29400,0.0,0.0
2022-11-28 00:00:00+09:00,671.2656318783143,671.2656318783143,655.9126695227746,658.4714965820312,25200,0.0,0.0
2022-11-29 00:00:00+09:00,656.7655529037138,656.7655529037138,649.0890724152288,654.2067260742188,37200,0.0,0.0
2022-11-30 00:00:00+09:00,655.0597054503917,659.3244170744176,652.500878475976,653.3538208007812,34200,0.0,0.0
2022-12-01 00:00:00+09:00,658.4714485465706,658.4714485465706,653.35379480139,656.7655639648438,30200,0.0,0.0
2022-12-02 00:00:00+09:00,653.3538140731345,653.3538140731345,640.559679332799,642.2655639648438,62100,0.0,0.0
2022-12-05 00:00:00+09:00,663.589185577078,667.0009551687339,645.6773952208844,661.88330078125,131000,0.0,0.0
2022-12-06 00:00:00+09:00,654.2067370922534,661.030275419161,654.2067370922534,656.7655639648438,19400,0.0,0.0
2022-12-07 00:00:00+09:00,653.353770877357,662.7361357332982,652.5008286177259,655.91259765625,13400,0.0,0.0
2022-12-08 00:00:00+09:00,656.7655769983928,658.471461613973,652.5008654594421,655.0596923828125,20300,0.0,0.0
2022-12-09 00:00:00+09:00,656.76552699543,660.1772959668349,655.9125847525788,657.6184692382812,22900,0.0,0.0
2022-12-12 00:00:00+09:00,661.8832506368341,665.2950199700136,660.1773659702443,664.4420776367188,19000,0.0,0.0
2022-12-13 00:00:00+09:00,665.2949829101562,669.5596943390675,663.5890983385917,665.2949829101562,25100,0.0,0.0
2022-12-14 00:00:00+09:00,665.2950177873884,668.706787109375,663.5891331263952,668.706787109375,11300,0.0,0.0
2022-12-15 00:00:00+09:00,668.7067849433619,672.9714965820312,667.0009002878941,672.9714965820312,18900,0.0,0.0
2022-12-16 00:00:00+09:00,667.0009178053612,671.2656295560348,662.7362060546875,662.7362060546875,33800,0.0,0.0
2022-12-19 00:00:00+09:00,661.8832851911718,672.1185937250559,661.0303428133482,667.8538818359375,17800,0.0,0.0
2022-12-20 00:00:00+09:00,667.8537630818948,671.2655319865277,659.3243408203125,659.3243408203125,67700,0.0,0.0
2022-12-21 00:00:00+09:00,655.0597098214286,657.6185368129186,644.8244018554688,644.8244018554688,43800,0.0,0.0
2022-12-22 00:00:00+09:00,649.9420385360718,657.6185193061829,648.2361539204916,655.0596923828125,27600,0.0,0.0
2022-12-23 00:00:00+09:00,654.2068026894017,654.2068026894017,648.2362060546875,648.2362060546875,29200,0.0,0.0
2022-12-26 00:00:00+09:00,649.942027611826,653.3537967856413,648.2361430249183,652.5008544921875,16200,0.0,0.0
2022-12-27 00:00:00+09:00,655.9125847525788,661.0302382096861,655.0596425097276,657.6184692382812,13100,0.0,0.0
2022-12-28 00:00:00+09:00,655.0597119704751,664.4420776367188,652.5008849705904,664.4420776367188,23700,0.0,0.0
2022-12-29 00:00:00+09:00,664.4420798447089,665.2950221808381,655.9126564834161,660.1773681640625,32100,0.0,0.0
2022-12-30 00:00:00+09:00,664.4420445826146,666.1479291643415,656.7655639648438,656.7655639648438,20100,0.0,0.0
2023-01-04 00:00:00+09:00,655.9126388831629,655.9126388831629,646.5302734375,646.5302734375,32400,0.0,0.0
2023-01-05 00:00:00+09:00,645.6773332289332,650.7949871250675,641.4126216488213,642.2655639648438,32200,0.0,0.0
2023-01-06 00:00:00+09:00,649.089113507952,649.089113507952,639.7067478724889,644.8244018554688,34500,0.0,0.0
2023-01-10 00:00:00+09:00,647.3832288469587,647.3832288469587,643.1185171944754,644.8244018554688,18000,0.0,0.0
2023-01-11 00:00:00+09:00,649.942027611826,652.5008544921875,649.0890853183721,652.5008544921875,14100,0.0,0.0
2023-01-12 00:00:00+09:00,654.206713136988,656.765539915881,652.5008286177259,655.91259765625,11500,0.0,0.0
2023-01-13 00:00:00+09:00,655.0597450657895,657.6185721949528,647.3832636782997,648.2362060546875,18000,0.0,0.0
2023-01-16 00:00:00+09:00,645.6772813032554,653.3537615301105,645.6772813032554,649.0890502929688,14700,0.0,0.0
2023-01-17 00:00:00+09:00,652.5008654594421,656.7655769983928,652.5008654594421,655.0596923828125,12600,0.0,0.0
2023-01-18 00:00:00+09:00,660.1772959668349,661.8831804525373,653.3537580240253,657.6184692382812,22900,0.0,0.0
2023-01-19 00:00:00+09:00,657.6185062557072,660.1773331282975,655.9126216739803,656.7655639648438,17500,0.0,0.0
2023-01-20 00:00:00+09:00,656.7656118758601,661.0303236412879,656.7656118758601,658.4714965820312,27900,0.0,0.0
2023-01-23 00:00:00+09:00,662.736192970129,664.4420776367188,658.4714813036545,664.4420776367188,22800,0.0,0.0
2023-01-24 00:00:00+09:00,666.1479970802902,669.5597665915849,661.8832851911718,667.8538818359375,49600,0.0,0.0
2023-01-25 00:00:00+09:00,667.853831749836,670.4126586914062,666.1479471221224,670.4126586914062,23500,0.0,0.0
2023-01-26 00:00:00+09:00,672.9715009696677,672.9715009696677,661.8832506368341,664.4420776367188,24300,0.0,0.0
2023-01-27 00:00:00+09:00,661.0302734375,662.7361580141129,655.9126197076613,661.0302734375,44500,0.0,0.0
2023-01-30 00:00:00+09:00,660.177322009707,665.294975668697,653.3537837977204,654.2067260742188,43800,0.0,0.0
2023-01-31 00:00:00+09:00,656.7655988195454,663.5891375085796,656.7655988195454,660.1773681640625,33200,0.0,0.0
2023-02-01 00:00:00+09:00,663.5890854155011,667.0008544921875,663.5890854155011,667.0008544921875,13300,0.0,0.0
2023-02-02 00:00:00+09:00,669.5597338614846,670.4126761976139,658.471483491804,660.1773681640625,22900,0.0,0.0
2023-02-03 00:00:00+09:00,658.4714485465706,660.1773331282975,655.9126216739803,656.7655639648438,32900,0.0,0.0
2023-02-06 00:00:00+09:00,663.5891484048223,664.442090754957,658.4714943040138,662.7362060546875,21800,0.0,0.0
2023-02-07 00:00:00+09:00,665.2950703729059,667.0009551687339,661.0303583833361,661.88330078125,15800,0.0,0.0
2023-02-08 00:00:00+09:00,661.0303105001918,662.7361951724504,656.7655988195454,660.1773681640625,32900,0.0,0.0
2023-02-09 00:00:00+09:00,656.7656463937661,665.2950703729059,656.7656463937661,661.88330078125,21100,0.0,0.0
2023-02-10 00:00:00+09:00,658.4715311895941,667.8538975666479,658.4715311895941,661.88330078125,20200,0.0,0.0
2023-02-13 00:00:00+09:00,662.7361560528095,668.7067520532853,662.7361560528095,665.2949829101562,19500,0.0,0.0
2023-02-14 00:00:00+09:00,667.0008544921875,669.5596812997022,663.5890854155011,667.0008544921875,24300,0.0,0.0
2023-02-15 00:00:00+09:00,671.2656185337431,671.2656185337431,660.1773681640625,660.1773681640625,23200,0.0,0.0
2023-02-16 00:00:00+09:00,660.1773421182118,666.14793823556,659.3243998157335,663.589111328125,41100,0.0,0.0
2023-02-17 00:00:00+09:00,658.4714943040138,663.5891484048223,658.4714943040138,662.7362060546875,42200,0.0,0.0
2023-02-20 00:00:00+09:00,666.147945052001,678.089137408887,666.147945052001,674.6773681640625,42500,0.0,0.0
2023-02-21 00:00:00+09:00,669.5596904513202,678.0891132596173,669.5596904513202,673.8244018554688,32900,0.0,0.0
2023-02-22 00:00:00+09:00,672.9714965820312,675.5303235652328,671.2656119265635,672.9714965820312,27400,0.0,0.0
2023-02-24 00:00:00+09:00,674.6773551565701,678.0891243356173,673.8244128618084,676.3832397460938,44900,0.0,0.0
2023-02-27 00:00:00+09:00,679.7949920843847,689.1773570943323,679.7949920843847,686.6185302734375,54600,0.0,0.0
2023-02-28 00:00:00+09:00,688.3245132218545,689.1774556174207,685.7656860351562,685.7656860351562,27800,0.0,0.0
2023-03-01 00:00:00+09:00,687.4715291590778,695.1480102539062,684.0597597835986,695.1480102539062,58600,0.0,0.0
2023-03-02 00:00:00+09:00,696.8538079081292,701.1185190948374,695.147923433446,698.5596923828125,42900,0.0,0.0
2023-03-03 00:00:00+09:00,698.5597145774148,704.5303104285038,691.7361764618845,703.6773681640625,54200,0.0,0.0
2023-03-06 00:00:00+09:00,703.6773681640625,707.0891372218276,698.5597145774148,703.6773681640625,52100,0.0,0.0
2023-03-07 00:00:00+09:00,706.2362518127807,713.0597904776384,703.677424813459,712.2068481445312,46900,0.0,0.0
2023-03-08 00:00:00+09:00,710.5008879817863,719.0303104065376,710.5008879817863,718.1773681640625,54400,0.0,0.0
2023-03-09 00:00:00+09:00,719.8833096643009,727.55979045456,716.4715404241857,726.7068481445312,51500,0.0,0.0
2023-03-10 00:00:00+09:00,721.5892294178839,722.4421717694416,706.2362670898438,706.2362670898438,69800,0.0,0.0
2023-03-13 00:00:00+09:00,698.5597686767578,698.5597686767578,688.324460710798,692.5891723632812,47400,0.0,0.0
2023-03-14 00:00:00+09:00,681.500843297297,683.2067277611201,671.2655365143589,678.9420166015625,68700,0.0,0.0
2023-03-15 00:00:00+09:00,691.7362191067049,695.147988374802,686.6185652045591,690.0303344726562,37800,0.0,0.0
2023-03-16 00:00:00+09:00,678.9421147184552,680.647999428803,674.6774029425854,678.0891723632812,55200,0.0,0.0
2023-03-17 00:00:00+09:00,683.206795936462,692.5891614237291,683.206795936462,690.0303344726562,25800,0.0,0.0
2023-03-20 00:00:00+09:00,684.0597870145873,684.0597870145873,661.8832851911718,667.8538818359375,127000,0.0,0.0
2023-03-22 00:00:00+09:00,680.6480341637986,684.0598037586045,672.971552575485,681.5009765625,39800,0.0,0.0
2023-03-23 00:00:00+09:00,677.2362125590537,690.8832898902184,673.8244432262625,688.324462890625,26400,0.0,0.0
2023-03-24 00:00:00+09:00,689.1774030412946,694.2950570242746,687.4715183803014,692.5891723632812,50000,0.0,0.0
2023-03-27 00:00:00+09:00,696.0008656707876,706.2361725188874,693.4420389587626,698.5596923828125,33100,0.0,0.0
2023-03-28 00:00:00+09:00,711.3539235148655,711.3539235148655,699.4127305541843,701.9715576171875,39000,0.0,0.0
2023-03-29 00:00:00+09:00,706.2362170718637,710.5009285276117,701.1185633249662,708.7950439453125,82000,0.0,0.0
2023-03-30 00:00:00+09:00,707.9210835356522,727.1485697551391,707.9210835356522,722.7786865234375,38700,20.0,0.0
2023-03-31 00:00:00+09:00,723.6526917613637,729.7705285274621,721.03076171875,721.03076171875,35200,0.0,0.0
2023-04-03 00:00:00+09:00,729.7705440997511,736.7623576959163,723.6527072031064,735.014404296875,38200,0.0,0.0
2023-04-04 00:00:00+09:00,735.0143939079122,739.38427734375,728.8965570977393,739.38427734375,47600,0.0,0.0
2023-04-05 00:00:00+09:00,734.1404594809321,734.1404594809321,721.0308084187727,721.90478515625,27100,0.0,0.0
2023-04-06 00:00:00+09:00,710.5429888163527,713.1649186643835,700.9292460402397,701.80322265625,30900,0.0,0.0
2023-04-07 00:00:00+09:00,703.5511602357376,715.7868325876635,703.5511602357376,714.0388793945312,23000,0.0,0.0
2023-04-10 00:00:00+09:00,714.0389364507658,718.4088197827779,707.9210997859491,710.5430297851562,12400,0.0,0.0
2023-04-11 00:00:00+09:00,720.1568136296324,720.1568136296324,712.291023189503,719.2828369140625,18500,0.0,0.0
2023-04-12 00:00:00+09:00,723.6526672142937,728.8965271216437,721.0307372606188,726.2745971679688,25300,0.0,0.0
2023-04-13 00:00:00+09:00,723.6527674406478,723.6527674406478,718.4089068070199,720.1568603515625,11500,0.0,0.0
2023-04-14 00:00:00+09:00,720.1567850378789,721.03076171875,717.5348549952652,721.03076171875,21300,0.0,0.0
2023-04-17 00:00:00+09:00,725.400634765625,726.2746114340173,720.156774755271,725.400634765625,19200,0.0,0.0
2023-04-18 00:00:00+09:00,728.0225545003742,732.3924377806886,723.6526712200598,729.7705078125,24100,0.0,0.0
2023-04-19 00:00:00+09:00,728.022564770802,728.022564770802,721.0307514236633,725.400634765625,18600,0.0,0.0
2023-04-20 00:00:00+09:00,724.526722713626,731.5185366843244,721.904792474614,728.8966064453125,28400,0.0,0.0
2023-04-21 00:00:00+09:00,728.8964985896703,732.3924050577263,726.2745687386283,728.0225219726562,20000,0.0,0.0
2023-04-24 00:00:00+09:00,731.5184974987924,738.5103110949576,728.8965674002304,735.014404296875,21000,0.0,0.0
2023-04-25 00:00:00+09:00,742.8801411874724,750.7459309176927,740.258211277399,742.0061645507812,46700,0.0,0.0
2023-04-26 00:00:00+09:00,735.0144148101077,737.6363449461722,728.896577825957,730.64453125,12600,0.0,0.0
2023-04-27 00:00:00+09:00,728.0225219726562,740.2581946108521,721.0307090365443,728.0225219726562,39800,0.0,0.0
2023-04-28 00:00:00+09:00,734.140318750916,747.2499673000394,731.5183890410913,745.5020141601562,48800,0.0,0.0
2023-05-01 00:00:00+09:00,751.6198772854275,755.1157836914062,744.6280644734701,755.1157836914062,41100,0.0,0.0
2023-05-02 00:00:00+09:00,757.7377319335938,762.1076150473976,751.6198955742683,757.7377319335938,78900,0.0,0.0
2023-05-08 00:00:00+09:00,769.0994528527874,776.9652427115091,752.493896484375,752.493896484375,160700,0.0,0.0
2023-05-09 00:00:00+09:00,758.6117553710938,762.107662077873,755.1158486643145,758.6117553710938,59200,0.0,0.0
2023-05-10 00:00:00+09:00,754.2418128654971,755.1157894736842,747.25,747.25,51000,0.0,0.0
2023-05-11 00:00:00+09:00,743.7541620601507,755.1158590128911,735.8883718620998,754.2418823242188,41600,0.0,0.0
2023-05-12 00:00:00+09:00,752.4938596491228,755.1157894736842,746.3760233918129,747.25,27700,0.0,0.0
2023-05-15 00:00:00+09:00,755.1158988402062,762.981689453125,754.2419221054374,762.981689453125,44700,0.0,0.0
2023-05-16 00:00:00+09:00,769.099440504124,769.099440504124,760.359674134759,768.2254638671875,53800,0.0,0.0
2023-05-17 00:00:00+09:00,769.9735359235491,769.9735359235491,762.1077449776785,764.7296752929688,33100,0.0,0.0
2023-05-18 00:00:00+09:00,763.8555826447026,763.8555826447026,751.6199096961604,756.86376953125,51600,0.0,0.0
2023-05-19 00:00:00+09:00,756.8637368943956,762.1075965033637,752.4938538869222,755.1157836914062,31600,0.0,0.0
2023-05-22 00:00:00+09:00,758.6116745933584,768.2254170133203,757.7376980097256,767.3514404296875,44700,0.0,0.0
2023-05-23 00:00:00+09:00,768.2254327138265,768.2254327138265,754.2418070899115,755.1157836914062,42300,0.0,0.0
2023-05-24 00:00:00+09:00,755.1157836914062,761.233619901869,751.6198772854275,755.1157836914062,37800,0.0,0.0
2023-05-25 00:00:00+09:00,748.1239908472995,750.7459207217643,740.258201223905,746.3760375976562,44000,0.0,0.0
2023-05-26 00:00:00+09:00,744.6281190919706,749.8719790855761,735.8883524359616,736.7623291015625,36500,0.0,0.0
2023-05-29 00:00:00+09:00,744.6280801930147,747.2500100528493,742.0061503331801,742.880126953125,36400,0.0,0.0
2023-05-30 00:00:00+09:00,742.8801984617696,742.8801984617696,731.5185013088249,738.5103149414062,34700,0.0,0.0
2023-05-31 00:00:00+09:00,729.7705468808971,734.140430395154,723.6527099609375,723.6527099609375,53100,0.0,0.0
2023-06-01 00:00:00+09:00,723.6527137756348,735.0144109725952,722.7787370681763,727.1486206054688,34800,0.0,0.0
2023-06-02 00:00:00+09:00,729.7704776539523,743.7541035730699,729.7704776539523,742.880126953125,32200,0.0,0.0
2023-06-05 00:00:00+09:00,749.8720235924737,755.1158838973162,746.3761167225788,748.998046875,43900,0.0,0.0
2023-06-06 00:00:00+09:00,743.7541059694214,760.3596618018761,743.7541059694214,757.7377319335938,42900,0.0,0.0
2023-06-07 00:00:00+09:00,763.855549706353,763.855549706353,750.7459006839329,755.1157836914062,58000,0.0,0.0
2023-06-08 00:00:00+09:00,758.6117657675803,761.2336958335974,751.6199522582017,754.2418823242188,40500,0.0,0.0
2023-06-09 00:00:00+09:00,762.981557511523,767.3514404296875,756.8637214260926,767.3514404296875,68900,0.0,0.0
2023-06-12 00:00:00+09:00,769.0994507115274,769.0994507115274,761.233660874705,763.8555908203125,44600,0.0,0.0
2023-06-13 00:00:00+09:00,765.603515625,768.2254454730308,758.6117026969179,765.603515625,47900,0.0,0.0
2023-06-14 00:00:00+09:00,772.5953797287351,773.4693564026364,765.6035663375249,769.9734497070312,43900,0.0,0.0
2023-06-15 00:00:00+09:00,763.8555340951558,770.8473467642191,762.10758092789,767.3514404296875,38800,0.0,0.0
2023-06-16 00:00:00+09:00,774.3432506460005,792.6967588441562,769.0993911608131,790.0748291015625,89200,0.0,0.0
2023-06-19 00:00:00+09:00,793.5708550938863,801.4366455078125,790.9489249559109,801.4366455078125,65100,0.0,0.0
2023-06-20 00:00:00+09:00,803.184580729879,803.184580729879,793.5708371085203,798.814697265625,52700,0.0,0.0
2023-06-21 00:00:00+09:00,798.8146727188774,811.9243227087933,798.8146727188774,804.0585327148438,55000,0.0,0.0
2023-06-22 00:00:00+09:00,808.4284660574624,808.4284660574624,791.822908376282,793.5708618164062,59000,0.0,0.0
2023-06-23 00:00:00+09:00,795.3187643834787,797.066717711794,782.2091144211136,789.200927734375,61100,0.0,0.0
2023-06-26 00:00:00+09:00,789.2009601740548,794.4448203745468,778.7132397730707,790.9489135742188,32000,0.0,0.0
2023-06-27 00:00:00+09:00,791.822908376282,804.0585824571517,788.3270014960335,793.5708618164062,45100,0.0,0.0
2023-06-28 00:00:00+09:00,802.3106365620309,804.9325667468742,793.5708692792201,800.5626831054688,63900,0.0,0.0
2023-06-29 00:00:00+09:00,806.6804666890727,811.9243267108868,803.1845600078633,807.554443359375,33300,0.0,0.0
2023-06-30 00:00:00+09:00,808.4283874246925,810.1763406947999,803.1845276143702,805.8064575195312,43400,0.0,0.0
2023-07-03 00:00:00+09:00,818.9161748886108,839.0176391601562,818.9161748886108,839.0176391601562,56200,0.0,0.0
2023-07-04 00:00:00+09:00,833.7737466258644,843.3874900355967,828.5298865841924,837.2696533203125,56200,0.0,0.0
2023-07-05 00:00:00+09:00,832.0258087220868,854.749202657774,832.0258087220868,851.2532958984375,64300,0.0,0.0
2023-07-06 00:00:00+09:00,846.0093832540415,862.6149393303089,839.8915468048904,858.2450561523438,68500,0.0,0.0
2023-07-07 00:00:00+09:00,853.0011982794763,856.497104829802,846.0093851788248,846.8833618164062,50500,0.0,0.0
2023-07-10 00:00:00+09:00,850.379225617083,859.1189915535381,849.5052490234375,849.5052490234375,54700,0.0,0.0
2023-07-11 00:00:00+09:00,860.8669520327919,860.8669520327919,830.2777709960938,830.2777709960938,42300,0.0,0.0
2023-07-12 00:00:00+09:00,830.2777681831122,830.2777681831122,815.420166015625,815.420166015625,43000,0.0,0.0
2023-07-13 00:00:00+09:00,815.4201744476869,825.9078937331877,807.5543849835614,822.4119873046875,39500,0.0,0.0
2023-07-14 00:00:00+09:00,835.5216466137487,835.5216466137487,811.050301315438,818.0421142578125,26500,0.0,0.0
2023-07-18 00:00:00+09:00,825.9078695907513,829.4037759170614,820.6640101012862,827.6558227539062,11500,0.0,0.0
2023-07-19 00:00:00+09:00,837.2696288809242,842.5134887695312,834.6476989366207,842.5134887695312,23000,0.0,0.0
2023-07-20 00:00:00+09:00,846.8833720100371,850.3792786024418,839.8915588252277,842.5134887695312,56800,0.0,0.0
2023-07-21 00:00:00+09:00,850.3793373068866,858.245127682798,844.2615003478442,853.875244140625,73400,0.0,0.0
2023-07-24 00:00:00+09:00,862.6149291992188,868.7327655765181,857.3710694472478,862.6149291992188,32600,0.0,0.0
2023-07-25 00:00:00+09:00,868.7328481840135,868.7328481840135,853.875244140625,853.875244140625,48400,0.0,0.0
2023-07-26 00:00:00+09:00,866.9848409739848,866.9848409739848,853.0012145066624,860.8670043945312,41600,0.0,0.0
2023-07-27 00:00:00+09:00,862.6149107770221,862.6149107770221,855.623097923713,859.9929809570312,23400,0.0,0.0
2023-07-28 00:00:00+09:00,855.6231303186009,865.2368733558886,852.1272237595873,861.740966796875,50600,0.0,0.0
2023-07-31 00:00:00+09:00,873.9766820397334,889.7082623164487,873.9766820397334,885.33837890625,95100,0.0,0.0
2023-08-01 00:00:00+09:00,891.4561524865223,899.3219420672857,890.5821758664375,896.7000122070312,66300,0.0,0.0
2023-08-02 00:00:00+09:00,895.8260760804401,915.9275392510256,895.8260760804401,905.4398193359375,138500,0.0,0.0
2023-08-03 00:00:00+09:00,896.7000305353727,906.3137735528084,886.2123108799882,899.3219604492188,95000,0.0,0.0
2023-08-04 00:00:00+09:00,892.3302212044464,897.5740814661767,880.094547260409,883.5904541015625,46100,0.0,0.0
2023-08-07 00:00:00+09:00,880.0945188140116,887.9603089523691,869.6067986295348,885.33837890625,31700,0.0,0.0
2023-08-08 00:00:00+09:00,887.0863195765261,906.3138063062636,886.2123429069926,901.0699462890625,28000,0.0,0.0
2023-08-09 00:00:00+09:00,901.0699853897095,901.0699853897095,887.960334777832,894.9521484375,26800,0.0,0.0
2023-08-10 00:00:00+09:00,894.078094658824,907.187744140625,888.8342348661037,907.187744140625,27400,0.0,0.0
2023-08-14 00:00:00+09:00,908.9356974048651,915.0535338297055,901.0699077157846,907.187744140625,33100,0.0,0.0
2023-08-15 00:00:00+09:00,906.3138117917138,919.4234619140625,902.8179050924207,919.4234619140625,35600,0.0,0.0
2023-08-16 00:00:00+09:00,917.6754781342289,917.6754781342289,906.3137817382812,906.3137817382812,21800,0.0,0.0
2023-08-17 00:00:00+09:00,900.1958958978624,901.0698724958215,879.2204575468443,890.5821533203125,39000,0.0,0.0
2023-08-18 00:00:00+09:00,880.0945652467025,887.0863790718997,878.3466117904031,886.21240234375,35000,0.0,0.0
2023-08-21 00:00:00+09:00,893.2041402882543,895.8260702499615,887.0863037109375,887.0863037109375,21800,0.0,0.0
2023-08-22 00:00:00+09:00,887.0863258675354,896.7000693005825,887.0863258675354,893.2041625976562,26500,0.0,0.0
2023-08-23 00:00:00+09:00,891.4561607021427,904.565810124233,891.4561607021427,903.6918334960938,10800,0.0,0.0
2023-08-24 00:00:00+09:00,904.5658969422848,917.6755476226077,904.5658969422848,913.3056640625,26300,0.0,0.0
2023-08-25 00:00:00+09:00,910.6836465212085,912.4315997774872,902.8178568679543,903.6918334960938,19000,0.0,0.0
2023-08-28 00:00:00+09:00,914.1796520453303,924.6673727188904,912.4316985997368,923.7933959960938,37000,0.0,0.0
2023-08-29 00:00:00+09:00,925.5412842840211,925.5412842840211,919.4234476551371,920.2974243164062,14300,0.0,0.0
2023-08-30 00:00:00+09:00,926.4152485538486,936.9029683487979,922.0453653059532,936.0289916992188,29600,0.0,0.0
2023-08-31 00:00:00+09:00,936.9030655176416,944.7688561796367,936.9030655176416,941.27294921875,28100,0.0,0.0
2023-09-01 00:00:00+09:00,942.1467143740226,949.1385267255923,939.5247847421839,943.0206909179688,43000,0.0,0.0
2023-09-04 00:00:00+09:00,943.0208569916692,957.0044841574401,943.0208569916692,955.2565307617188,74000,0.0,0.0
2023-09-05 00:00:00+09:00,957.8783975480657,957.8783975480657,931.6590983451077,940.3988647460938,73700,0.0,0.0
2023-09-06 00:00:00+09:00,941.2726953793879,958.7522254699986,941.2726953793879,957.0042724609375,33400,0.0,0.0
2023-09-07 00:00:00+09:00,959.626468499213,977.106003444554,957.0045382574119,963.1223754882812,46300,0.0,0.0
2023-09-08 00:00:00+09:00,965.7442380285391,974.4840048885259,959.6264012265484,970.9880981445312,55300,0.0,0.0
2023-09-11 00:00:00+09:00,977.1058776581768,981.4757608319612,965.7441814063376,974.4839477539062,31600,0.0,0.0
2023-09-12 00:00:00+09:00,985.8456178695436,993.711407373822,979.7277815884383,991.0894775390625,28400,0.0,0.0
2023-09-13 00:00:00+09:00,1017.3090133471867,1035.6625264745844,1007.6952683756926,1025.1748046875,125700,0.0,0.0
2023-09-14 00:00:00+09:00,1026.0485738377333,1039.1582234182836,1020.8047140055131,1030.41845703125,56800,0.0,0.0
2023-09-15 00:00:00+09:00,1041.7802670232963,1070.6214992479345,1037.4103833528966,1064.503662109375,116100,0.0,0.0
2023-09-19 00:00:00+09:00,1071.4954471775743,1074.11737730933,1048.7720527023566,1066.2515869140625,84600,0.0,0.0
2023-09-20 00:00:00+09:00,1074.117329464024,1074.117329464024,1023.4266825080325,1024.3006591796875,68500,0.0,0.0
2023-09-21 00:00:00+09:00,1020.8047952643819,1046.1501198043366,1007.6951446402675,1021.6787719726562,50000,0.0,0.0
2023-09-22 00:00:00+09:00,1020.804620207458,1047.023916959362,1012.9388311818868,1040.0321044921875,75900,0.0,0.0
2023-09-25 00:00:00+09:00,1033.9142500789806,1046.1499216775485,1025.1744846514323,1037.41015625,39100,0.0,0.0
2023-09-26 00:00:00+09:00,1028.670571247329,1032.166478031517,1017.308874198718,1022.552734375,32400,0.0,0.0
2023-09-27 00:00:00+09:00,1022.5526911481063,1053.1418742166395,1015.5608778752987,1051.3939208984375,113800,0.0,0.0
2023-09-28 00:00:00+09:00,1038.9512906998752,1054.9488298210026,1033.6187776594995,1036.2850341796875,57400,20.0,0.0
2023-09-29 00:00:00+09:00,1038.0625385264793,1038.9512906998752,1025.6200080989358,1036.2850341796875,62100,0.0,0.0
2023-10-02 00:00:00+09:00,1027.3975154976222,1034.5075329059102,1014.0662328570822,1022.0650024414062,104600,0.0,0.0
2023-10-03 00:00:00+09:00,1022.0650945390973,1022.0650945390973,995.4025268554688,995.4025268554688,50900,0.0,0.0
2023-10-04 00:00:00+09:00,993.6251339850944,993.6251339850944,961.630049169832,965.18505859375,70000,0.0,0.0
2023-10-05 00:00:00+09:00,962.5186990904919,969.6287171816497,957.1861855221234,964.2962036132812,61500,0.0,0.0
2023-10-06 00:00:00+09:00,959.8524423063076,972.2949739658338,959.8524423063076,964.2962036132812,64100,0.0,0.0
2023-10-10 00:00:00+09:00,964.2962183172052,981.1825115411931,964.2962183172052,977.6275024414062,80200,0.0,0.0
2023-10-11 00:00:00+09:00,981.1825115411931,982.0712638161399,972.2949887917258,977.6275024414062,58000,0.0,0.0
2023-10-12 00:00:00+09:00,982.0713500976562,982.9601024506858,971.4063218613015,982.0713500976562,59700,0.0,0.0
2023-10-13 00:00:00+09:00,971.4061920277394,980.2937143701706,969.6286875592531,974.0724487304688,54800,0.0,0.0
2023-10-16 00:00:00+09:00,968.7399649202549,975.8499830114127,958.0749377835182,964.2962036132812,43200,0.0,0.0
2023-10-17 00:00:00+09:00,967.8511613712755,970.5174180141715,938.5223382994186,955.4086303710938,121500,0.0,0.0
2023-10-18 00:00:00+09:00,955.4086303710938,959.8523914425872,947.4098604424056,955.4086303710938,66700,0.0,0.0
2023-10-19 00:00:00+09:00,935.8561430844393,945.6324180834221,932.3011339939002,938.5223999023438,59600,0.0,0.0
2023-10-20 00:00:00+09:00,941.1886984717768,949.1874692803187,934.0786799752949,939.4111938476562,79300,0.0,0.0
2023-10-23 00:00:00+09:00,939.4111050800212,939.4111050800212,911.8597860095571,915.414794921875,40600,0.0,0.0
2023-10-24 00:00:00+09:00,913.6374146086345,941.1887374227081,911.8599099109523,937.6337280273438,63200,0.0,0.0
2023-10-25 00:00:00+09:00,942.9662366199766,942.9662366199766,929.634951465123,932.3012084960938,28000,0.0,0.0
2023-10-26 00:00:00+09:00,939.4110884823236,939.4110884823236,917.1922831729025,918.9697875976562,15100,0.0,0.0
2023-10-27 00:00:00+09:00,917.1923395647322,933.1898803710938,917.1923395647322,933.1898803710938,21000,0.0,0.0
2023-10-30 00:00:00+09:00,925.1911055402059,926.9686100657393,904.7498034965702,910.9710693359375,37200,0.0,0.0
2023-10-31 00:00:00+09:00,911.8597475983375,917.1922607421875,905.638482263846,917.1922607421875,36100,0.0,0.0
2023-11-01 00:00:00+09:00,925.1911158128217,938.5223999023438,915.4148408138391,938.5223999023438,64800,0.0,0.0
2023-11-02 00:00:00+09:00,940.2998820527455,941.1886343042131,926.0798460292635,936.744873046875,63200,0.0,0.0
2023-11-06 00:00:00+09:00,990.070072144501,1042.5064583711846,990.070072144501,1031.8414306640625,201600,0.0,0.0
2023-11-07 00:00:00+09:00,1030.063864844186,1030.063864844186,991.8475178309849,995.4025268554688,101400,0.0,0.0
2023-11-08 00:00:00+09:00,995.402572786819,995.402572786819,952.7424625245268,962.5187377929688,158200,0.0,0.0
2023-11-09 00:00:00+09:00,968.7399796919389,978.5162547163529,961.629961492365,977.6275024414062,42700,0.0,0.0
2023-11-10 00:00:00+09:00,955.4086014837893,964.2961233580571,936.7448055478269,948.298583984375,57000,0.0,0.0
2023-11-13 00:00:00+09:00,948.2986202075406,950.0761246502914,926.9685668945312,926.9685668945312,53700,0.0,0.0
2023-11-14 00:00:00+09:00,931.412353515625,943.8548849557192,927.8573445327409,931.412353515625,24600,0.0,0.0
2023-11-15 00:00:00+09:00,934.0785198505109,934.0785198505109,924.30224609375,924.30224609375,38900,0.0,0.0
2023-11-16 00:00:00+09:00,924.3023472000737,926.07985171392,905.6385498046875,905.6385498046875,26600,0.0,0.0
2023-11-17 00:00:00+09:00,903.8610129054588,914.5260396064082,900.3060040051423,912.74853515625,37800,0.0,0.0
2023-11-20 00:00:00+09:00,918.9698473059614,922.5248563864486,899.4172973632812,899.4172973632812,65400,0.0,0.0
2023-11-21 00:00:00+09:00,907.4160248691596,917.192299378034,904.7497681849211,915.414794921875,43200,0.0,0.0
2023-11-22 00:00:00+09:00,910.9710207785567,921.6360473632812,909.1935163477692,921.6360473632812,31400,0.0,0.0
2023-11-24 00:00:00+09:00,922.5248219817734,925.1910786927034,916.3035563229367,923.41357421875,54400,0.0,0.0
2023-11-27 00:00:00+09:00,924.3022717927632,924.3022717927632,909.1934846576892,911.8597412109375,33000,0.0,0.0
2023-11-28 00:00:00+09:00,912.74853515625,917.1922962816456,910.0822784810126,912.74853515625,25500,0.0,0.0
2023-11-29 00:00:00+09:00,912.7485575180128,916.3035665054247,907.4160440368948,914.5260620117188,24100,0.0,0.0
2023-11-30 00:00:00+09:00,917.1923395647322,937.6336417061941,914.5260827636719,933.1898803710938,39700,0.0,0.0
2023-12-01 00:00:00+09:00,938.5223067434212,948.2985807719984,934.0785458213405,945.63232421875,42800,0.0,0.0
2023-12-04 00:00:00+09:00,934.0786222637824,942.077392578125,926.0798519494398,942.077392578125,35800,0.0,0.0
2023-12-05 00:00:00+09:00,931.412295792454,936.7448089363039,916.3035085515459,917.1922607421875,43600,0.0,0.0
2023-12-06 00:00:00+09:00,916.3035402380265,926.9685668945312,916.3035402380265,926.9685668945312,38100,0.0,0.0
2023-12-07 00:00:00+09:00,919.8585919636052,919.8585919636052,910.9710693359375,910.9710693359375,32400,0.0,0.0
2023-12-08 00:00:00+09:00,906.5272672283115,906.5272672283115,891.4184794411731,893.1959838867188,123200,0.0,0.0
2023-12-11 00:00:00+09:00,907.4160093711515,907.4160093711515,894.973478390548,902.08349609375,37400,0.0,0.0
2023-12-12 00:00:00+09:00,900.3060884683439,908.3048592444694,892.3073176922185,897.6398315429688,45500,0.0,0.0
2023-12-13 00:00:00+09:00,898.5285450931594,899.4172973632812,890.5297746620631,899.4172973632812,26500,0.0,0.0
2023-12-14 00:00:00+09:00,901.1948095556495,902.0835618333177,887.863525390625,887.863525390625,39400,0.0,0.0
2023-12-15 00:00:00+09:00,888.7522776682933,895.8622958896397,881.642259446947,887.863525390625,96600,0.0,0.0
2023-12-18 00:00:00+09:00,882.5309999228249,882.5309999228249,868.3109636702919,877.198486328125,33600,0.0,0.0
2023-12-19 00:00:00+09:00,878.9759643432739,890.5297434499095,874.532203148414,889.6409912109375,33300,0.0,0.0
2023-12-20 00:00:00+09:00,898.5285838514271,907.416106936011,887.8635561499266,897.6398315429688,100100,0.0,0.0
2023-12-21 00:00:00+09:00,895.8622428797468,916.3035440565665,894.0847384295886,912.74853515625,90100,0.0,0.0
2023-12-22 00:00:00+09:00,912.7485289391527,917.1922900342801,890.5297234635161,907.416015625,135500,0.0,0.0
2023-12-25 00:00:00+09:00,917.1923168678624,918.9698213579164,887.8634927819714,894.9735107421875,110700,0.0,0.0
2023-12-26 00:00:00+09:00,896.7510170746591,916.3035665054247,895.8622648278061,914.5260620117188,45800,0.0,0.0
2023-12-27 00:00:00+09:00,920.7473013449035,927.8573191159065,915.4147880166512,926.9685668945312,54100,0.0,0.0
2023-12-28 00:00:00+09:00,928.7461547851562,934.9674208937649,921.6361363753177,928.7461547851562,33100,0.0,0.0
2023-12-29 00:00:00+09:00,928.7460619338015,933.1898229956857,912.7485221110184,918.9697875976562,22800,0.0,0.0
2024-01-04 00:00:00+09:00,928.7461307044308,948.2986808245241,921.6361124789423,943.8549194335938,64200,0.0,0.0
2024-01-05 00:00:00+09:00,948.2986126567042,959.8523914425872,942.0773471566134,955.4086303710938,74200,0.0,0.0
2024-01-09 00:00:00+09:00,972.2949725164884,983.8487518973973,968.7399634762087,981.1824951171875,70500,0.0,0.0
2024-01-10 00:00:00+09:00,982.0714085850655,986.5151706148621,969.6288749016347,979.4051513671875,43800,0.0,0.0
2024-01-11 00:00:00+09:00,986.5150146484376,994.5137850374789,982.0712533211923,986.5150146484375,38600,0.0,0.0
2024-01-12 00:00:00+09:00,990.9588149308298,997.1800810335345,977.6275304250338,984.737548828125,32800,0.0,0.0
2024-01-15 00:00:00+09:00,986.5149983212592,991.8475118256985,986.5149983212592,990.0700073242188,3100,0.0,0.0
2024-01-16 00:00:00+09:00,986.5150556748235,993.6250740941015,966.962505021809,967.8512573242188,25900,0.0,0.0
2024-01-17 00:00:00+09:00,967.8512906366537,980.2938232986493,960.7412719726562,960.7412719726562,33900,0.0,0.0
2024-01-18 00:00:00+09:00,960.7411400002148,974.9611753748711,958.0748833674668,969.628662109375,23500,0.0,0.0
2024-01-19 00:00:00+09:00,974.0724294239973,976.7386860738804,966.9624116909754,974.961181640625,25800,0.0,0.0
2024-01-22 00:00:00+09:00,987.4037313007988,993.6249969345572,983.8487223672225,990.958740234375,37700,0.0,0.0
2024-01-23 00:00:00+09:00,993.6251110332137,994.5138633686638,982.9600830078125,982.9600830078125,20200,0.0,0.0
2024-01-24 00:00:00+09:00,982.9600579506912,983.8488102634857,976.7387917611298,978.5162963867188,20000,0.0,0.0
2024-01-25 00:00:00+09:00,976.7386761866073,988.2924548858119,976.7386761866073,983.8486938476562,28100,0.0,0.0
2024-01-26 00:00:00+09:00,985.6262817382812,990.958795435693,979.4050157579675,985.6262817382812,32800,0.0,0.0
2024-01-29 00:00:00+09:00,985.6263073665995,1014.066381158963,985.6263073665995,1009.6226196289062,50500,0.0,0.0
2024-01-30 00:00:00+09:00,1010.5113832161402,1029.1751818507391,1009.6226309002069,1020.2876586914062,34800,0.0,0.0
2024-01-31 00:00:00+09:00,1025.6201976501518,1025.6201976501518,1006.0676462218127,1024.7314453125,33400,0.0,0.0
2024-02-01 00:00:00+09:00,1021.1762437620363,1021.1762437620363,1011.3999698879002,1016.7324829101562,30500,0.0,0.0
2024-02-02 00:00:00+09:00,1026.5088470776875,1030.952608320448,1003.4012886153326,1023.8425903320312,80000,0.0,0.0
2024-02-05 00:00:00+09:00,1077.1678069111363,1078.9453115430028,1016.7326494276732,1020.2876586914062,142400,0.0,0.0
2024-02-06 00:00:00+09:00,1020.2875702149308,1020.2875702149308,996.291259765625,996.291259765625,53000,0.0,0.0
2024-02-07 00:00:00+09:00,995.4026128472223,1004.2901361762152,984.7375848524306,999.8463745117188,40800,0.0,0.0
2024-02-08 00:00:00+09:00,990.9587019345365,990.9587019345365,964.2961359632037,975.8499145507812,54000,0.0,0.0
2024-02-09 00:00:00+09:00,975.8499244241153,976.7386766321519,964.2961457196403,966.96240234375,39900,0.0,0.0
2024-02-13 00:00:00+09:00,977.6275304250338,990.0700626304434,973.1837689231019,984.737548828125,38900,0.0,0.0
2024-02-14 00:00:00+09:00,982.9600887193593,982.9600887193593,961.6300325446173,968.7400512695312,33300,0.0,0.0
2024-02-15 00:00:00+09:00,987.4038079772332,987.4038079772332,964.2962481145797,967.8512573242188,30600,0.0,0.0
2024-02-16 00:00:00+09:00,971.4062070940981,990.0700043026764,970.5174548460706,987.4037475585938,48700,0.0,0.0
2024-02-19 00:00:00+09:00,987.4037844610552,1002.5125732421875,982.0712707735968,1002.5125732421875,36700,0.0,0.0
2024-02-20 00:00:00+09:00,1004.2900584164291,1014.9550855854532,1003.4013061523438,1003.4013061523438,33900,0.0,0.0
2024-02-21 00:00:00+09:00,1003.4012353108367,1012.2887573242188,998.0687221028074,1012.2887573242188,32100,0.0,0.0
2024-02-22 00:00:00+09:00,1021.1764110073395,1021.1764110073395,1001.6238600568074,1020.2876586914062,68400,0.0,0.0
2024-02-26 00:00:00+09:00,1021.1763967192499,1024.731405933242,1006.9563598632812,1006.9563598632812,36600,0.0,0.0
2024-02-27 00:00:00+09:00,1004.2900258570045,1016.732557150808,1004.2900258570045,1010.5112915039062,24000,0.0,0.0
2024-02-28 00:00:00+09:00,1013.1775451337219,1015.8438018314422,1006.0675272731344,1007.8450317382812,24200,0.0,0.0
2024-02-29 00:00:00+09:00,1007.8450388708463,1007.8450388708463,990.9587463324459,996.291259765625,28900,0.0,0.0
2024-03-01 00:00:00+09:00,996.2912536347393,997.1800058681334,989.1812357675868,990.958740234375,22200,0.0,0.0
2024-03-04 00:00:00+09:00,999.8463016314648,999.8463016314648,977.6274949285433,989.1812744140625,41600,0.0,0.0
2024-03-05 00:00:00+09:00,989.1812610626221,1000.7350403921945,980.2937385014125,995.4025268554688,31300,0.0,0.0
2024-03-06 00:00:00+09:00,998.0687541337692,1006.956276432378,995.4024974441866,1005.1787719726562,36200,0.0,0.0
2024-03-07 00:00:00+09:00,1008.7337068849372,1014.9549720375315,1004.2899460616555,1011.3999633789062,32100,0.0,0.0
2024-03-08 00:00:00+09:00,1007.8451673542551,1021.1764526367188,998.9576438326126,1021.1764526367188,55300,0.0,0.0
2024-03-11 00:00:00+09:00,1016.7326462321905,1019.3989031716106,989.1813245248497,998.06884765625,45700,0.0,0.0
2024-03-12 00:00:00+09:00,989.1813137933204,1006.9563598632812,978.5162861513439,1006.9563598632812,45000,0.0,0.0
2024-03-13 00:00:00+09:00,1007.8450492632271,1008.7338015112547,986.5149953105663,987.4037475585938,23200,0.0,0.0
2024-03-14 00:00:00+09:00,997.1800873447472,1009.6226196289062,993.6250781207017,1009.6226196289062,29200,0.0,0.0
2024-03-15 00:00:00+09:00,1008.7337900797527,1024.7313303629558,1006.0675333658854,1013.1775512695312,53400,0.0,0.0
2024-03-18 00:00:00+09:00,1024.731489519467,1030.9527561514153,1018.5102228875189,1028.2864990234375,51700,0.0,0.0
2024-03-19 00:00:00+09:00,1030.9526811842245,1034.5076904296875,1016.7326442023732,1034.5076904296875,42800,0.0,0.0
2024-03-21 00:00:00+09:00,1043.395135539852,1046.0613922746215,1036.285117580466,1038.0626220703125,40700,0.0,0.0
2024-03-22 00:00:00+09:00,1039.8401326012165,1047.838902851995,1033.6188668506109,1043.3951416015625,37900,0.0,0.0
2024-03-25 00:00:00+09:00,1043.3952217798044,1043.3952217798044,1022.9539184570312,1022.9539184570312,33800,0.0,0.0
2024-03-26 00:00:00+09:00,1024.73125592554,1040.7287950466673,1021.1762472319562,1036.2850341796875,25900,0.0,0.0
2024-03-27 00:00:00+09:00,1048.7277170646948,1065.6140108140416,1046.0614601569032,1062.94775390625,64600,0.0,0.0
2024-03-28 00:00:00+09:00,1059.3321703361742,1065.659239612926,1043.0625636245265,1043.9664306640625,32400,20.0,0.0
2024-03-29 00:00:00+09:00,1042.1587851051606,1054.8129247334973,1040.351050872541,1053.9090576171875,12900,0.0,0.0
2024-04-01 00:00:00+09:00,1065.659343795976,1067.467078051779,1031.3123929357155,1036.735595703125,28600,0.0,0.0
2024-04-02 00:00:00+09:00,1034.0238763020834,1034.927743326823,1014.1388017578125,1016.8504028320312,32500,0.0,0.0
2024-04-03 00:00:00+09:00,1013.2348923430426,1032.21609906847,1013.2348923430426,1023.1774291992188,30200,0.0,0.0
2024-04-04 00:00:00+09:00,1023.1774641230783,1023.1774641230783,1008.715591838653,1014.1387939453125,32400,0.0,0.0
2024-04-05 00:00:00+09:00,1009.6195016903728,1013.2349699148683,999.6769640730101,1007.811767578125,19100,0.0,0.0
2024-04-08 00:00:00+09:00,1004.1963800989084,1020.4659884173426,1004.1963800989084,1015.0427856445312,26400,0.0,0.0
2024-04-09 00:00:00+09:00,1015.9464854129761,1021.3696872924048,1012.331017493357,1020.4658203125,26500,0.0,0.0
2024-04-10 00:00:00+09:00,1017.7543181283133,1021.3697863987514,1012.3311157226562,1012.3311157226562,10800,0.0,0.0
2024-04-11 00:00:00+09:00,1004.1963070236507,1013.2349776539265,1001.4847058345679,1010.5233764648438,17600,0.0,0.0
2024-04-12 00:00:00+09:00,1015.0426263168928,1027.6967641338442,1015.0426263168928,1023.1774291992188,30800,0.0,0.0
2024-04-15 00:00:00+09:00,1015.9466320168459,1031.3123728925455,1009.619562244499,1029.504638671875,22700,0.0,0.0
2024-04-16 00:00:00+09:00,1016.8504946315385,1024.0814314822517,1003.2924880364513,1006.0040893554688,27300,0.0,0.0
2024-04-17 00:00:00+09:00,1010.5234357130603,1010.5234357130603,987.0228906964775,987.9267578125,24800,0.0,0.0
2024-04-18 00:00:00+09:00,993.3499904995051,1005.1002633625566,990.6383890695702,998.773193359375,13500,0.0,0.0
2024-04-19 00:00:00+09:00,995.1576588430042,997.8692600932577,965.3300450902167,975.2725830078125,39000,0.0,0.0
2024-04-22 00:00:00+09:00,990.6381889301572,996.0613906943734,979.7917854017247,992.4459228515625,34600,0.0,0.0
2024-04-23 00:00:00+09:00,1007.8118134232874,1007.8118134232874,990.6383385757157,1002.3886108398438,20000,0.0,0.0
2024-04-24 00:00:00+09:00,1012.3310651134342,1021.3697353376613,1009.6194640461661,1015.946533203125,35200,0.0,0.0
2024-04-25 00:00:00+09:00,1015.9466300704107,1015.9466300704107,1001.4847563327536,1006.907958984375,26800,0.0,0.0
2024-04-26 00:00:00+09:00,1001.4847860929174,1022.2737302085646,1000.5809189574545,1017.75439453125,17400,0.0,0.0
2024-04-30 00:00:00+09:00,1025.889137334409,1039.4471435546875,1017.7543336022419,1039.4471435546875,52900,0.0,0.0
2024-05-01 00:00:00+09:00,1037.6393344826895,1055.7166748046875,1033.11999940219,1055.7166748046875,62800,0.0,0.0
2024-05-02 00:00:00+09:00,1081.025027113406,1112.660374896825,1079.2172929543535,1103.6217041015625,283100,0.0,0.0
2024-05-07 00:00:00+09:00,1050.2935689817439,1058.428372872308,1021.3698218152931,1046.6781005859375,287700,0.0,0.0
2024-05-08 00:00:00+09:00,1043.9664918611156,1049.3896944162384,1022.273681640625,1022.273681640625,93100,0.0,0.0
2024-05-09 00:00:00+09:00,1029.5045802066202,1036.7355166786597,1025.8891119706004,1030.408447265625,44000,0.0,0.0
2024-05-10 00:00:00+09:00,1030.408534427731,1032.2162686986567,1006.907988905695,1017.75439453125,59600,0.0,0.0
2024-05-13 00:00:00+09:00,1016.8503837351418,1031.312255859375,1015.9465167273772,1031.312255859375,54100,0.0,0.0
2024-05-14 00:00:00+09:00,1031.3122752278646,1034.0238763020834,1016.8504028320312,1016.8504028320312,35000,0.0,0.0
2024-05-15 00:00:00+09:00,1022.2735193724274,1026.7928541176636,1008.7155151367189,1008.7155151367188,25700,0.0,0.0
2024-05-16 00:00:00+09:00,1008.7156259873335,1012.3310941808364,978.8880133909338,983.4073486328125,57400,0.0,0.0
2024-05-17 00:00:00+09:00,976.1764045398905,982.503473828575,973.4648034161687,980.6957397460938,28200,0.0,0.0
2024-05-20 00:00:00+09:00,986.1190210698726,992.4460908659212,981.5996855012663,987.0228881835938,44800,0.0,0.0
2024-05-21 00:00:00+09:00,987.0229737008183,987.9268408928519,971.6572314362451,973.4649658203125,33800,0.0,0.0
2024-05-22 00:00:00+09:00,971.6571403109411,976.176475847271,962.6184692382812,962.6184692382812,37900,0.0,0.0
2024-05-23 00:00:00+09:00,960.8106715266866,961.7145385742188,946.3487987661721,961.7145385742188,43400,0.0,0.0
2024-05-24 00:00:00+09:00,953.5796667561006,962.6183365831727,950.868065807979,959.0028686523438,34300,0.0,0.0
2024-05-27 00:00:00+09:00,961.7146270893895,971.6571655273438,957.1952914357739,971.6571655273438,21400,0.0,0.0
2024-05-28 00:00:00+09:00,980.6957855083193,981.5996525917371,972.5609817575591,975.2725830078125,14500,0.0,0.0
2024-05-29 00:00:00+09:00,968.94551336641,971.6571146165026,950.8681716991263,953.5797729492188,26800,0.0,0.0
2024-05-30 00:00:00+09:00,949.0604908294098,950.8682250976562,933.6947495493146,950.8682250976562,59400,0.0,0.0
2024-05-31 00:00:00+09:00,958.0991732644109,981.5997190237266,958.0991732644109,977.0803833007812,35700,0.0,0.0
2024-06-03 00:00:00+09:00,980.6958058347587,987.9267426519735,977.0803374261513,982.5035400390625,31600,0.0,0.0
2024-06-04 00:00:00+09:00,976.176430062072,989.7344360351562,976.176430062072,989.7344360351562,23200,0.0,0.0
2024-06-05 00:00:00+09:00,982.5035532976358,982.5035532976358,962.6184767819523,965.330078125,22500,0.0,0.0
2024-06-06 00:00:00+09:00,973.4647997010429,973.4647997010429,949.9642567184736,958.0990600585938,20900,0.0,0.0
2024-06-07 00:00:00+09:00,961.7145359904163,963.5222700806238,958.0990678100012,960.8106689453125,8000,0.0,0.0
2024-06-10 00:00:00+09:00,968.0416664046328,983.4074071412143,967.137799302481,982.5035400390625,37700,0.0,0.0
2024-06-11 00:00:00+09:00,983.4073408698157,987.9266760760189,980.6957397460938,980.6957397460938,24400,0.0,0.0
2024-06-12 00:00:00+09:00,984.3112156811883,986.1189497779397,974.3686781490551,983.4073486328125,20400,0.0,0.0
2024-06-13 00:00:00+09:00,981.5996653426616,987.0228679136156,973.4648614862308,979.7919311523438,27700,0.0,0.0
2024-06-14 00:00:00+09:00,974.3687584870053,992.4461009450202,974.3687584870053,990.6383666992188,43000,0.0,0.0
2024-06-17 00:00:00+09:00,988.8305918375652,988.8305918375652,968.9455159505209,976.1764526367188,27300,0.0,0.0
2024-06-18 00:00:00+09:00,985.2151388094569,991.5422085082333,981.5996704101562,981.5996704101562,19200,0.0,0.0
2024-06-19 00:00:00+09:00,990.6383741967129,995.1577098454205,987.0229056777468,993.3499755859375,38700,0.0,0.0
2024-06-20 00:00:00+09:00,996.9653242076528,996.9653242076528,982.503451871005,994.2537231445312,49400,0.0,0.0
2024-06-21 00:00:00+09:00,993.3499919033844,994.2538590479735,971.6571804332468,977.0803833007812,80700,0.0,0.0
2024-06-24 00:00:00+09:00,990.6381889301572,996.0613906943734,980.6956523624275,992.4459228515625,53100,0.0,0.0
2024-06-25 00:00:00+09:00,998.7730234506969,1003.2923583984375,990.6382205447635,1003.2923583984375,53100,0.0,0.0
2024-06-26 00:00:00+09:00,1003.2923636676595,1012.3310336106115,999.6768956904788,1005.10009765625,34200,0.0,0.0
2024-06-27 00:00:00+09:00,1008.7156346342489,1014.1388369709922,999.6769640730101,1007.811767578125,58100,0.0,0.0
2024-06-28 00:00:00+09:00,1007.8118185048485,1007.8118185048485,987.926742265291,1004.1963500976562,62100,0.0,0.0
2024-07-01 00:00:00+09:00,1005.1002472277104,1030.4085268341635,1005.1002472277104,1015.0427856445312,82900,0.0,0.0
2024-07-02 00:00:00+09:00,1015.0427295431887,1015.0427295431887,995.1576538085938,995.1576538085938,35300,0.0,0.0
2024-07-03 00:00:00+09:00,997.8692370315356,1001.4847052816499,988.83056640625,988.83056640625,21600,0.0,0.0
2024-07-04 00:00:00+09:00,996.0613906943734,996.0613906943734,987.9265880480491,992.4459228515625,18300,0.0,0.0
2024-07-05 00:00:00+09:00,987.9267195947536,989.7344537568667,974.3687133789062,974.3687133789062,30900,0.0,0.0
2024-07-08 00:00:00+09:00,973.4647403756591,973.4647403756591,958.0990016696366,959.0028686523438,31600,0.0,0.0
2024-07-09 00:00:00+09:00,958.0991083660397,960.8107096161323,950.8681716991263,953.5797729492188,41600,0.0,0.0
2024-07-10 00:00:00+09:00,953.5797729492188,957.1952412826755,949.964304615762,953.5797729492188,47700,0.0,0.0
2024-07-11 00:00:00+09:00,969.8494136967463,975.2726163828418,959.9068754389045,965.330078125,25400,0.0,0.0
2024-07-12 00:00:00+09:00,960.8107599586664,974.3687669195131,959.9068928279432,971.6571655273438,25300,0.0,0.0
2024-07-16 00:00:00+09:00,980.6957474876853,987.0228168263155,976.1764122458065,983.4073486328125,31800,0.0,0.0
2024-07-17 00:00:00+09:00,987.0228399452342,995.1576435711564,987.0228399452342,991.5421752929688,21600,0.0,0.0
2024-07-18 00:00:00+09:00,986.1189497779397,991.5421520681942,981.599614536061,983.4073486328125,17100,0.0,0.0
2024-07-19 00:00:00+09:00,979.7919847345485,987.0229218912609,968.9455789994796,977.0803833007812,25800,0.0,0.0
2024-07-22 00:00:00+09:00,972.5609528406369,972.5609528406369,938.2140046919899,943.63720703125,103400,0.0,0.0
2024-07-23 00:00:00+09:00,955.3874589452204,958.0990600585938,941.8294533783535,958.0990600585938,66000,0.0,0.0
2024-07-24 00:00:00+09:00,958.099154607811,961.714623115765,943.637280575995,948.1566162109375,31700,0.0,0.0
2024-07-25 00:00:00+09:00,940.9256388543305,946.3488413837503,927.3676325307811,933.6947021484375,50800,0.0,0.0
2024-07-26 00:00:00+09:00,940.9256566561186,956.2913974468524,931.8869856027457,940.0217895507812,39900,0.0,0.0
2024-07-29 00:00:00+09:00,949.964354389989,973.4648997887899,949.060487259266,971.6571655273438,38300,0.0,0.0
2024-07-30 00:00:00+09:00,962.6184692382812,969.8494060964091,951.7720639510893,962.6184692382812,44100,0.0,0.0
2024-07-31 00:00:00+09:00,955.3874925110921,992.4460423625156,952.6758913024513,991.5421752929688,63000,0.0,0.0
2024-08-01 00:00:00+09:00,989.7345273571339,989.7345273571339,949.0605056849229,956.2914428710938,42600,0.0,0.0
2024-08-02 00:00:00+09:00,912.0018625359786,912.0018625359786,858.6737060546875,858.6737060546875,117100,0.0,0.0
2024-08-05 00:00:00+09:00,798.1145391049592,815.2880116338315,748.40185546875,748.40185546875,101700,0.0,0.0
2024-08-06 00:00:00+09:00,761.9599533081055,805.345573425293,742.0748774210613,759.2483520507812,104900,0.0,0.0
2024-08-07 00:00:00+09:00,757.4406470729881,811.6726743097175,755.6329128317637,791.78759765625,120800,0.0,0.0
2024-08-08 00:00:00+09:00,775.5179545320657,799.018498608795,768.2870178930721,779.1334228515625,58900,0.0,0.0
2024-08-09 00:00:00+09:00,802.6339318411691,815.2880704062326,790.8836603164673,809.8648681640625,62900,0.0,0.0
2024-08-13 00:00:00+09:00,820.7113062624621,824.3267745719884,809.8649013338834,821.6151733398438,30500,0.0,0.0
2024-08-14 00:00:00+09:00,831.557688527293,837.8847578965224,814.3842145250989,835.1731567382812,28700,0.0,0.0
2024-08-15 00:00:00+09:00,839.6924815965735,847.8272849704907,828.8460770980171,831.5576782226562,38500,0.0,0.0
2024-08-16 00:00:00+09:00,845.1157403447826,851.4428100585938,838.7886706309713,851.4428100585938,21100,0.0,0.0
2024-08-19 00:00:00+09:00,848.7311755489353,859.5775803482827,836.0770366163633,839.6925048828125,39500,0.0,0.0
2024-08-20 00:00:00+09:00,853.250575436828,853.250575436828,837.884834141885,840.596435546875,43500,0.0,0.0
2024-08-21 00:00:00+09:00,841.5003200274522,847.8273901028465,837.8848514129411,846.9235229492188,15700,0.0,0.0
2024-08-22 00:00:00+09:00,849.635043069173,861.3853149414062,845.1157077336986,861.3853149414062,32100,0.0,0.0
2024-08-23 00:00:00+09:00,867.7124307022175,867.7124307022175,854.1544239724954,855.962158203125,28300,0.0,0.0
2024-08-26 00:00:00+09:00,861.3853430565367,864.0969443463265,849.6350708007812,849.6350708007812,14800,0.0,0.0
2024-08-27 00:00:00+09:00,855.9621756691603,864.0969798729855,855.9621756691603,862.2892456054688,14300,0.0,0.0
2024-08-28 00:00:00+09:00,863.1930951256435,863.1930951256435,841.500284358088,855.962158203125,25000,0.0,0.0
2024-08-29 00:00:00+09:00,849.6350733303998,858.6737443232764,848.7312062311122,850.5389404296875,15100,0.0,0.0
2024-08-30 00:00:00+09:00,858.6737137401216,861.3853149414062,854.1543784046473,861.3853149414062,19000,0.0,0.0
2024-09-02 00:00:00+09:00,865.9046502768805,865.9046502768805,848.7311760020781,861.3853149414062,33500,0.0,0.0
2024-09-03 00:00:00+09:00,865.0007659597495,878.5587716957957,865.0007659597495,876.7510375976562,29700,0.0,0.0
2024-09-04 00:00:00+09:00,865.9046759559704,869.5201443315694,847.8273340779753,848.731201171875,57500,0.0,0.0
2024-09-05 00:00:00+09:00,854.1543758616727,867.7123818277311,849.6350405396533,860.4814453125,49200,0.0,0.0
2024-09-06 00:00:00+09:00,868.6162798293094,868.6162798293094,846.019602414395,849.6350708007812,44300,0.0,0.0
2024-09-09 00:00:00+09:00,840.5963342987906,850.5388715861957,827.0383289068747,847.8272705078125,59300,0.0,0.0
2024-09-10 00:00:00+09:00,844.2118402158738,857.7698462150581,836.0770366163633,839.6925048828125,37400,0.0,0.0
2024-09-11 00:00:00+09:00,832.461540072572,838.7886093239379,826.1344708212062,829.7499389648438,72400,0.0,0.0
2024-09-12 00:00:00+09:00,845.1157175536324,858.6737237175945,836.9809138552553,843.3079833984375,45200,0.0,0.0
2024-09-13 00:00:00+09:00,836.9809189087566,861.3853301512365,836.9809189087566,845.11572265625,46100,0.0,0.0
2024-09-17 00:00:00+09:00,845.1157403447826,851.4428100585938,840.5964048349174,851.4428100585938,38500,0.0,0.0
2024-09-18 00:00:00+09:00,861.3852916652874,861.3852916652874,844.2118178545418,853.25048828125,32900,0.0,0.0
2024-09-19 00:00:00+09:00,857.7698441192883,869.5201159565388,857.7698441192883,860.4814453125,33800,0.0,0.0
2024-09-20 00:00:00+09:00,873.1355971572541,874.0394642350567,865.0007934570312,865.0007934570312,63200,0.0,0.0
2024-09-24 00:00:00+09:00,877.6549732800255,886.6936444775541,877.6549732800255,879.4627075195312,38000,0.0,0.0
2024-09-25 00:00:00+09:00,881.2704417590369,881.2704417590369,870.4240363220026,879.4627075195312,34700,0.0,0.0
2024-09-26 00:00:00+09:00,884.8858595628004,907.4825362625655,884.8858595628004,904.7709350585938,68400,0.0,0.0
2024-09-27 00:00:00+09:00,911.227058617258,924.1391829296483,900.159523492352,919.5277099609375,55500,20.0,0.0
2024-09-30 00:00:00+09:00,900.1594539689429,909.3823991940345,894.6256868338879,896.4702758789062,65500,0.0,0.0
2024-10-01 00:00:00+09:00,906.615509435157,919.5276326621074,902.0040368541033,910.3046875,49900,0.0,0.0
2024-10-02 00:00:00+09:00,909.3824459146136,915.8385079038654,901.0817947855757,902.0040893554688,55200,0.0,0.0
2024-10-03 00:00:00+09:00,915.8384932856405,920.4499660614997,903.8486640684066,914.9161987304688,29400,0.0,0.0
2024-10-04 00:00:00+09:00,913.9938740557934,922.2945247788027,913.9938740557934,918.6053466796875,27200,0.0,0.0
2024-10-07 00:00:00+09:00,931.5174093664405,933.3619982958791,923.2167591839673,925.983642578125,39400,0.0,0.0
2024-10-08 00:00:00+09:00,913.993865564843,916.7607491134752,902.9263313703141,910.3046875,40500,0.0,0.0
2024-10-09 00:00:00+09:00,912.1492696412852,916.7607421875,905.6932080765845,916.7607421875,34400,0.0,0.0
2024-10-10 00:00:00+09:00,915.8384772337624,915.8384772337624,901.0817646096535,905.6932373046875,27200,0.0,0.0
2024-10-11 00:00:00+09:00,905.6932295897442,907.5378186520451,900.1594624028415,904.7709350585938,30400,0.0,0.0
2024-10-15 00:00:00+09:00,908.4601131831955,911.226996776647,897.3925788093901,904.7709350585938,29300,0.0,0.0
2024-10-16 00:00:00+09:00,895.547981356397,912.149282761562,894.6256868338879,896.4702758789062,34400,0.0,0.0
2024-10-17 00:00:00+09:00,896.4702458616163,902.0040128113793,893.7033623867347,900.159423828125,32100,0.0,0.0
2024-10-18 00:00:00+09:00,904.7709427656807,910.3047099997216,899.2371755316399,905.6932373046875,28300,0.0,0.0
2024-10-21 00:00:00+09:00,905.693283018774,905.693283018774,892.7811588209503,903.8486938476562,39800,0.0,0.0
2024-10-22 00:00:00+09:00,911.2270268458946,916.7607942154041,891.8588410526114,893.7034301757812,57500,0.0,0.0
2024-10-23 00:00:00+09:00,902.92630629106,902.92630629106,888.1695944415636,892.7810668945312,31000,0.0,0.0
2024-10-24 00:00:00+09:00,885.4027555780272,887.2473446521481,876.1798102074227,883.5581665039062,43100,0.0,0.0
2024-10-25 00:00:00+09:00,887.2473440069901,894.6257002981085,870.6460423519737,876.1798095703125,41700,0.0,0.0
2024-10-28 00:00:00+09:00,878.9466944471402,892.7811125129399,876.1798108339804,890.9365234375,25600,0.0,0.0
2024-10-29 00:00:00+09:00,895.547981356397,899.2371594464337,885.4027416087963,896.4702758789062,42400,0.0,0.0
2024-10-30 00:00:00+09:00,893.7034076792503,905.6932366780431,885.4027568339322,898.3148803710938,245200,0.0,0.0
2024-10-31 00:00:00+09:00,899.2372056457893,903.848678495255,892.7811436565376,902.0040893554688,24000,0.0,0.0
2024-11-01 00:00:00+09:00,897.3925626619223,902.0040352346969,890.9365010600379,895.5479736328125,34900,0.0,0.0
2024-11-05 00:00:00+09:00,882.6359010757939,882.6359010757939,857.7339477539062,857.7339477539062,53500,0.0,0.0
2024-11-06 00:00:00+09:00,862.3454436765222,871.5683895981963,857.7339707156852,860.5008544921875,38900,0.0,0.0
2024-11-07 00:00:00+09:00,862.3453991044584,884.4804681723803,862.3453991044584,877.1021118164062,43900,0.0,0.0
2024-11-08 00:00:00+09:00,876.1798069108286,882.635868645961,846.6663818359375,846.6663818359375,38800,0.0,0.0
2024-11-11 00:00:00+09:00,848.5109935480558,849.4332881062603,834.6765751749897,842.054931640625,35600,0.0,0.0
2024-11-12 00:00:00+09:00,854.9670481806216,859.5785209324049,842.977219025985,848.510986328125,37900,0.0,0.0
2024-11-13 00:00:00+09:00,848.5109485035211,856.8115990867077,845.7440649757923,851.27783203125,40500,0.0,0.0
2024-11-14 00:00:00+09:00,854.0447077885626,857.7338857919689,848.5109407834532,850.3555297851562,19400,0.0,0.0
2024-11-15 00:00:00+09:00,851.2779081754362,854.0447919506543,844.8218460332606,845.744140625,23000,0.0,0.0
2024-11-18 00:00:00+09:00,841.1326152892143,854.0447387695312,841.1326152892143,854.0447387695312,23400,0.0,0.0
2024-11-19 00:00:00+09:00,854.967049231896,863.2677001953125,854.967049231896,863.2677001953125,34300,0.0,0.0
2024-11-20 00:00:00+09:00,863.2676449256921,863.2676449256921,848.5109330466205,849.4332275390625,31000,0.0,0.0
2024-11-21 00:00:00+09:00,850.3555297851562,855.8892967902658,849.4332352843047,850.3555297851562,13600,0.0,0.0
2024-11-22 00:00:00+09:00,855.8893361463904,862.3453979492188,854.044747059868,862.3453979492188,15800,0.0,0.0
2024-11-25 00:00:00+09:00,866.0345528402041,871.5683199510042,859.5784912109375,859.5784912109375,31300,0.0,0.0
2024-11-26 00:00:00+09:00,859.5784747936721,859.5784747936721,849.4332352843047,850.3555297851562,20200,0.0,0.0
2024-11-27 00:00:00+09:00,849.4332343504257,852.2001178499385,835.5988168528617,842.9771728515625,23900,0.0,0.0
2024-11-28 00:00:00+09:00,842.9772037015761,848.5109709031182,837.4434365000341,846.6663818359375,25700,0.0,0.0
2024-11-29 00:00:00+09:00,845.7440943963965,848.5109780203759,840.2103271484375,840.2103271484375,18800,0.0,0.0
2024-12-02 00:00:00+09:00,842.0548561934678,849.4332119980107,840.2102672423321,847.588623046875,25900,0.0,0.0
2024-12-03 00:00:00+09:00,843.8994605844106,854.9669944937143,843.8994605844106,849.4332275390625,23300,0.0,0.0
2024-12-04 00:00:00+09:00,848.5109537760417,854.9670153808594,830.0650634765625,830.0650634765625,34700,0.0,0.0
2024-12-05 00:00:00+09:00,830.9873595924877,847.5886608940025,830.0650650757369,844.82177734375,33600,0.0,0.0
2024-12-06 00:00:00+09:00,842.9772030337826,844.8217920995021,836.5211413037646,839.2880249023438,18500,0.0,0.0
2024-12-09 00:00:00+09:00,839.2879948522121,846.6663508509129,839.2879948522121,842.9771728515625,22200,0.0,0.0
2024-12-10 00:00:00+09:00,856.8116372813349,856.8116372813349,847.5886917777684,848.510986328125,29600,0.0,0.0
2024-12-11 00:00:00+09:00,853.1224442352229,854.9670333038396,846.6663824950645,854.0447387695312,32200,0.0,0.0
2024-12-12 00:00:00+09:00,856.8116076555375,862.3453747663375,852.2001350632041,859.5784912109375,32300,0.0,0.0
2024-12-13 00:00:00+09:00,848.510986328125,855.8893427309783,848.510986328125,848.510986328125,26000,0.0,0.0
2024-12-16 00:00:00+09:00,848.5109175224429,854.0446843758501,843.8994451446035,847.588623046875,9500,0.0,0.0
2024-12-17 00:00:00+09:00,850.3555529455236,853.1224365234375,842.9771967377534,853.1224365234375,25400,0.0,0.0
2024-12-18 00:00:00+09:00,843.8994451446035,852.2000954247144,843.8994451446035,847.588623046875,17700,0.0,0.0
2024-12-19 00:00:00+09:00,839.2880118046706,859.5784912109375,835.598833730804,859.5784912109375,47900,0.0,0.0
2024-12-20 00:00:00+09:00,866.0345483702663,902.0040344048141,866.0345483702663,888.1696166992188,94800,0.0,0.0
2024-12-23 00:00:00+09:00,911.2269587322947,911.2269587322947,888.1695964161943,907.5377807617188,85000,0.0,0.0
2024-12-24 00:00:00+09:00,913.0716177133414,930.5952144169307,902.9263775165265,923.2168579101562,52600,0.0,0.0
2024-12-25 00:00:00+09:00,931.5175396795855,931.5175396795855,912.1493532110002,919.5277099609375,32700,0.0,0.0
2024-12-26 00:00:00+09:00,924.1391457384966,937.05126953125,919.5276729553703,937.05126953125,55500,0.0,0.0
2024-12-27 00:00:00+09:00,937.0512308937624,937.0512308937624,925.9836966706077,932.4397583007812,37300,0.0,0.0
2024-12-30 00:00:00+09:00,924.1391222597947,934.2843621249223,922.2945331934079,926.906005859375,17300,0.0,0.0
2025-01-06 00:00:00+09:00,926.9060357315664,930.5952139832342,915.8385009765625,915.8385009765625,24300,0.0,0.0
2025-01-07 00:00:00+09:00,916.7607491134752,918.6053381458967,903.8486258865248,910.3046875,24800,0.0,0.0
2025-01-08 00:00:00+09:00,905.6932360410196,908.4601196541796,890.9365234375,890.9365234375,17800,0.0,0.0
2025-01-09 00:00:00+09:00,887.247314453125,893.7033759928047,883.5581364304509,887.247314453125,22300,0.0,0.0
2025-01-10 00:00:00+09:00,887.247314453125,890.9364924757991,881.7135474191139,887.247314453125,12400,0.0,0.0
2025-01-14 00:00:00+09:00,885.4027236390064,885.4027236390064,869.7237170745656,872.4906005859375,19700,0.0,0.0
2025-01-15 00:00:00+09:00,868.8014837301002,882.6359022608343,868.8014837301002,879.8690185546875,14500,0.0,0.0
2025-01-16 00:00:00+09:00,878.9467009053998,892.781119072851,876.1798172719095,877.1021118164062,18400,0.0,0.0
2025-01-17 00:00:00+09:00,878.946646480237,878.946646480237,867.8791126315876,870.64599609375,12700,0.0,0.0
2025-01-20 00:00:00+09:00,878.0243901932785,878.9466847207924,867.879150390625,867.879150390625,23200,0.0,0.0
2025-01-21 00:00:00+09:00,867.8790815637467,874.3351427443484,862.3453148375166,866.956787109375,15900,0.0,0.0
2025-01-22 00:00:00+09:00,866.0345696700247,877.1021041067023,865.1122751336349,876.1798095703125,20000,0.0,0.0
2025-01-23 00:00:00+09:00,878.0243519928496,878.0243519928496,868.8014071189751,870.64599609375,14400,0.0,0.0
2025-01-24 00:00:00+09:00,877.1020956657645,878.0243901932785,866.9568558631111,867.879150390625,26000,0.0,0.0
2025-01-27 00:00:00+09:00,872.4906314247532,879.8689877158718,871.5683368883634,876.1798095703125,10300,0.0,0.0
2025-01-28 00:00:00+09:00,871.5683445494258,883.5581736278835,871.5683445494258,877.1021118164062,8300,0.0,0.0
2025-01-29 00:00:00+09:00,879.8690185546875,883.55819682955,878.0244294172563,879.8690185546875,6400,0.0,0.0
2025-01-30 00:00:00+09:00,872.4906396637122,884.48046875,872.4906396637122,884.48046875,22400,0.0,0.0
2025-01-31 00:00:00+09:00,885.402762716877,885.402762716877,872.4906390939225,877.1021118164062,16400,0.0,0.0
2025-02-03 00:00:00+09:00,880.7912961367904,885.4027688914332,855.8893432617188,855.8893432617188,46000,0.0,0.0
2025-02-04 00:00:00+09:00,876.1798178441085,899.237181471585,875.2575232990093,884.48046875,47100,0.0,0.0
2025-02-05 00:00:00+09:00,884.4804603978207,885.4027549342105,876.1798095703125,876.1798095703125,17400,0.0,0.0
2025-02-06 00:00:00+09:00,879.869019678034,902.0040893554688,879.869019678034,902.0040893554688,18900,0.0,0.0
2025-02-07 00:00:00+09:00,904.7709179459331,907.5378014870522,888.1696166992188,888.1696166992188,23000,0.0,0.0
2025-02-10 00:00:00+09:00,888.1696469303962,893.7034142009906,884.48046875,884.48046875,15100,0.0,0.0
2025-02-12 00:00:00+09:00,894.6257009486316,894.6257009486316,883.5581665039062,883.5581665039062,12300,0.0,0.0
2025-02-13 00:00:00+09:00,883.5581601682939,897.392578125,874.3352148638232,897.392578125,20400,0.0,0.0
2025-02-14 00:00:00+09:00,902.92632104949,902.92632104949,886.3250199474564,887.247314453125,17000,0.0,0.0
2025-02-17 00:00:00+09:00,886.3250054603766,892.7810668945312,882.6358274980024,892.7810668945312,14500,0.0,0.0
2025-02-18 00:00:00+09:00,889.091919698833,898.3148649239246,883.558152563778,896.4702758789062,16300,0.0,0.0
2025-02-19 00:00:00+09:00,894.6257087460897,903.8486541970802,883.5581742049009,884.48046875,20500,0.0,0.0
2025-02-20 00:00:00+09:00,881.7135141943671,881.7135141943671,867.8790971306479,868.8013916015625,26900,0.0,0.0
2025-02-21 00:00:00+09:00,873.4129557985741,874.3352503664712,863.2677155517057,865.1123046875,20900,0.0,0.0
2025-02-25 00:00:00+09:00,868.8014906618162,870.6460798139643,861.4231340532232,866.0346069335938,20500,0.0,0.0
2025-02-26 00:00:00+09:00,863.2676478794643,871.5682983398438,858.6561754014757,871.5682983398438,18900,0.0,0.0
2025-02-27 00:00:00+09:00,869.723756028415,884.48046875,864.1899887578206,884.48046875,14100,0.0,0.0
2025-02-28 00:00:00+09:00,884.4804369756262,884.4804369756262,871.5683138080988,873.4129028320312,12300,0.0,0.0
2025-03-03 00:00:00+09:00,884.4804164791894,893.7033613851247,873.4128825920671,892.7810668945312,23800,0.0,0.0
2025-03-04 00:00:00+09:00,892.7810814871361,892.7810814871361,881.7135474191139,887.247314453125,9100,0.0,0.0
2025-03-05 00:00:00+09:00,894.625656878362,903.8486017946337,888.1695954369717,900.159423828125,21600,0.0,0.0
2025-03-06 00:00:00+09:00,901.0817346785664,909.3823852539062,896.4702621367109,909.3823852539062,21300,0.0,0.0
2025-03-07 00:00:00+09:00,908.4601046715253,908.4601046715253,890.0142142213421,896.4702758789062,19700,0.0,0.0
2025-03-10 00:00:00+09:00,896.4702595098103,896.4702595098103,886.3250199474564,887.247314453125,15300,0.0,0.0
2025-03-11 00:00:00+09:00,885.4027471351422,886.325041663408,871.5683292111556,875.2575073242188,22500,0.0,0.0
2025-03-12 00:00:00+09:00,872.4906023624285,890.9364924757991,871.56830785676,887.247314453125,18900,0.0,0.0
2025-03-13 00:00:00+09:00,892.7810892677505,893.7033837814569,883.558144130687,888.1696166992188,15300,0.0,0.0
2025-03-14 00:00:00+09:00,888.1696546554566,892.7811274210612,882.635887336731,885.4027709960938,21300,0.0,0.0
2025-03-17 00:00:00+09:00,891.8587791927151,893.703368187943,881.7135397189613,886.3250122070312,23500,0.0,0.0
2025-03-18 00:00:00+09:00,889.0919492085775,891.8588328679402,884.4804764429729,885.4027709960938,22700,0.0,0.0
2025-03-19 00:00:00+09:00,884.4804386443933,888.1696166992188,882.6358496169806,888.1696166992188,24300,0.0,0.0
2025-03-21 00:00:00+09:00,891.8588102508703,891.8588102508703,883.558159483282,890.0142211914062,30300,0.0,0.0
2025-03-24 00:00:00+09:00,890.0142204898527,890.9365150188578,880.7912751998024,882.6358642578125,26100,0.0,0.0
2025-03-25 00:00:00+09:00,895.5479961260999,897.3925852015399,886.3250507489,890.9365234375,30200,0.0,0.0
2025-03-26 00:00:00+09:00,890.9365545167514,902.0040893554688,884.4804925274995,902.0040893554688,67700,0.0,0.0
2025-03-27 00:00:00+09:00,896.47032193611,902.0040893554688,891.8588490866445,902.0040893554688,44500,0.0,0.0
2025-03-28 00:00:00+09:00,902.9455603027344,912.3610510253907,893.5300695800781,894.4716186523438,39400,20.0,0.0
2025-03-31 00:00:00+09:00,888.8223553631757,888.8223553631757,869.9913732580237,870.9329223632812,36600,0.0,0.0
2025-04-01 00:00:00+09:00,885.0561549576753,893.5300968668446,879.4068603515625,879.4068603515625,28900,0.0,0.0
2025-04-02 00:00:00+09:00,879.4068825342322,886.939275532384,870.9329404113113,875.6406860351562,27300,0.0,0.0
2025-04-03 00:00:00+09:00,869.9913402835265,874.6990856313811,850.2188098225372,853.04345703125,36300,0.0,0.0
2025-04-04 00:00:00+09:00,849.2773264340472,861.5174652850922,792.7843778907624,803.1414184570312,61700,0.0,0.0
2025-04-07 00:00:00+09:00,760.7716910258661,777.7195752318878,750.4146506777416,754.1808471679688,40400,0.0,0.0
2025-04-08 00:00:00+09:00,768.3041015625,806.9076164694394,768.3041015625,800.3167724609375,44000,0.0,0.0
2025-04-09 00:00:00+09:00,786.1934877721275,787.1350368592797,767.3625060290825,772.0702514648438,37400,0.0,0.0
2025-04-10 00:00:00+09:00,828.5631934039669,829.5047424873806,805.9660154020405,824.7969970703125,46300,0.0,0.0
2025-04-11 00:00:00+09:00,810.6737852030483,819.147727208655,790.9012538566325,815.3815307617188,18000,0.0,0.0
2025-04-14 00:00:00+09:00,819.1477453010639,827.6216874938334,816.3230979034739,820.0892944335938,15200,0.0,0.0
2025-04-15 00:00:00+09:00,822.9139236555914,827.6216692142618,815.3815307617188,815.3815307617188,12000,0.0,0.0
2025-04-16 00:00:00+09:00,821.9723164615164,821.9723164615164,805.0244336478769,806.9075317382812,11500,0.0,0.0
2025-04-17 00:00:00+09:00,805.0244725456637,816.3230616340239,805.0244725456637,810.6737670898438,7700,0.0,0.0
2025-04-18 00:00:00+09:00,813.4984196254185,845.5110889162336,813.4984196254185,843.6279907226562,18800,0.0,0.0
2025-04-21 00:00:00+09:00,844.5695240085408,848.3357203251898,833.2709350585938,833.2709350585938,27600,0.0,0.0
2025-04-22 00:00:00+09:00,839.8617700572572,853.9850061008209,837.9786719181153,853.04345703125,16900,0.0,0.0
2025-04-23 00:00:00+09:00,853.043437451388,865.2835750748626,848.3356922115901,851.1603393554688,26500,0.0,0.0
2025-04-24 00:00:00+09:00,852.1019079616791,860.5758495878173,848.3357116833954,853.04345703125,17600,0.0,0.0
2025-04-25 00:00:00+09:00,864.342122883937,867.166770344342,853.043533042317,863.4005737304688,34800,0.0,0.0
2025-04-28 00:00:00+09:00,866.2251355810073,874.6990771247345,862.4589393393508,872.8159790039062,27500,0.0,0.0
2025-04-30 00:00:00+09:00,879.4068224268052,879.4068224268052,858.6927430976941,872.8159790039062,22200,0.0,0.0
2025-05-01 00:00:00+09:00,872.8159997664054,872.8159997664054,860.5758616898538,871.8744506835938,28600,0.0,0.0
2025-05-02 00:00:00+09:00,872.8159960415273,889.7638794598095,868.1082506475601,880.348388671875,82900,0.0,0.0
2025-05-07 00:00:00+09:00,1007.4575351146941,1011.2237315076462,967.9124729886968,973.561767578125,782600,0.0,0.0
2025-05-08 00:00:00+09:00,973.5617394642245,973.5617394642245,940.6075219775245,944.3737182617188,174300,0.0,0.0
2025-05-09 00:00:00+09:00,949.0814719976381,976.3863952991575,944.3737266008244,971.6786499023438,84200,0.0,0.0
2025-05-12 00:00:00+09:00,966.970926485173,975.4448683920538,956.6138863767632,967.9124755859375,43300,0.0,0.0
2025-05-13 00:00:00+09:00,978.2695196898576,979.2110687944677,959.4385375976562,959.4385375976562,36700,0.0,0.0
2025-05-14 00:00:00+09:00,950.9645593225424,954.7307555970872,931.1920288811826,950.0230102539062,51200,0.0,0.0
2025-05-15 00:00:00+09:00,934.0167028575025,946.2568411005948,933.07515376188,934.958251953125,37300,0.0,0.0
2025-05-16 00:00:00+09:00,934.9582070278456,947.1983446827923,932.1335598767041,945.3152465820312,34600,0.0,0.0
2025-05-19 00:00:00+09:00,945.3152589797974,965.0877892971039,945.3152589797974,964.146240234375,35200,0.0,0.0
2025-05-20 00:00:00+09:00,964.1462686567164,966.9709159281716,945.3152868470149,946.2568359375,41000,0.0,0.0
2025-05-21 00:00:00+09:00,947.1983435288915,952.8476378242925,943.4321473319576,948.139892578125,25500,0.0,0.0
2025-05-22 00:00:00+09:00,936.8413221035079,954.7307543848814,935.8997730360671,952.84765625,32100,0.0,0.0
2025-05-23 00:00:00+09:00,952.8476574598147,953.7892065284509,945.3152649107253,950.0230102539062,24400,0.0,0.0
2025-05-26 00:00:00+09:00,945.3153103081163,953.7892523327906,939.666015625,939.666015625,14200,0.0,0.0
2025-05-27 00:00:00+09:00,938.7244678593161,942.4906643201358,936.8413696289062,936.8413696289062,13500,0.0,0.0
2025-05-28 00:00:00+09:00,941.5491333007812,944.3737807006836,934.9582893676758,941.5491333007812,23400,0.0,0.0
2025-05-29 00:00:00+09:00,939.6659511350236,959.438481168927,939.6659511350236,948.139892578125,42800,0.0,0.0
2025-05-30 00:00:00+09:00,940.6075759018335,958.4970092773438,940.6075759018335,958.4970092773438,32700,0.0,0.0
2025-06-02 00:00:00+09:00,946.2568397981576,950.9645852697902,936.8413488548923,937.7828979492188,29600,0.0,0.0
2025-06-03 00:00:00+09:00,937.782878422881,937.782878422881,933.0751330492722,935.8997802734375,23800,0.0,0.0
2025-06-04 00:00:00+09:00,935.8998178335337,945.3153089586195,934.0167196085165,942.4906616210938,17100,0.0,0.0
2025-06-05 00:00:00+09:00,940.6075013301287,949.0814427835533,939.6659522797481,945.3152465820312,22000,0.0,0.0
2025-06-06 00:00:00+09:00,943.4322315673828,948.1399772338867,936.8413876342773,941.5491333007812,24500,0.0,0.0
2025-06-09 00:00:00+09:00,941.5491152049309,945.3153116657506,936.8413696289062,936.8413696289062,17100,0.0,0.0
2025-06-10 00:00:00+09:00,941.5491138527054,946.256859421969,939.666015625,939.666015625,26300,0.0,0.0
2025-06-11 00:00:00+09:00,945.3153103081163,945.3153103081163,937.7829173972947,939.666015625,29500,0.0,0.0
2025-06-12 00:00:00+09:00,936.8413109388824,937.7828599951024,925.5427222642426,931.1920166015625,40000,0.0,0.0
2025-06-13 00:00:00+09:00,927.4258435282347,927.4258435282347,916.1272545715456,924.6011962890625,41700,0.0,0.0
2025-06-16 00:00:00+09:00,930.2504810007144,953.7892077466839,930.2504810007144,947.1983642578125,72000,0.0,0.0
2025-06-17 00:00:00+09:00,948.1399689020483,958.4970092773438,937.7829285267528,958.4970092773438,35700,0.0,0.0
2025-06-18 00:00:00+09:00,957.5554601523169,958.4970092773438,950.023067152102,958.4970092773438,25900,0.0,0.0
2025-06-19 00:00:00+09:00,952.8476757523576,954.7307739257812,943.4321848852394,954.7307739257812,18600,0.0,0.0
2025-06-20 00:00:00+09:00,957.5554028029957,957.5554028029957,944.3737158420892,950.0230102539062,43200,0.0,0.0
2025-06-23 00:00:00+09:00,946.256812777915,952.84765625,943.4321655755929,952.84765625,16700,0.0,0.0
2025-06-24 00:00:00+09:00,960.3801061497613,965.0878517681425,955.6723605313801,961.3216552734375,22700,0.0,0.0
2025-06-25 00:00:00+09:00,964.1462871287129,964.1462871287129,946.2568540667543,950.964599609375,23800,0.0,0.0
2025-06-26 00:00:00+09:00,950.9645397258255,962.2631283166273,948.139892578125,948.139892578125,19300,0.0,0.0
2025-06-27 00:00:00+09:00,948.1399303187985,955.672323012493,948.1399303187985,954.7307739257812,28900,0.0,0.0
2025-06-30 00:00:00+09:00,959.4385389192836,961.3216371310976,954.7307933897483,956.6138916015625,15300,0.0,0.0
2025-07-01 00:00:00+09:00,956.6138746473524,956.6138746473524,946.2568346659342,949.0814819335938,11000,0.0,0.0
2025-07-02 00:00:00+09:00,942.4906395755597,950.9645813899253,936.8413450326492,946.2568359375,22400,0.0,0.0
2025-07-03 00:00:00+09:00,943.4321484812702,953.7891880354558,943.4321484812702,945.3152465820312,15300,0.0,0.0
2025-07-04 00:00:00+09:00,953.7892734600285,953.7892734600285,938.7244873046875,938.7244873046875,18100,0.0,0.0
2025-07-07 00:00:00+09:00,939.666015625,942.4906629665581,936.841368283442,939.666015625,16900,0.0,0.0
2025-07-08 00:00:00+09:00,945.3152894105043,945.3152894105043,935.8997984801208,940.6075439453125,19000,0.0,0.0
2025-07-09 00:00:00+09:00,941.5490503805091,947.1983446827923,941.5490503805091,945.3152465820312,19600,0.0,0.0
2025-07-10 00:00:00+09:00,944.373704581425,944.373704581425,928.3673706054688,928.3673706054688,46600,0.0,0.0
2025-07-11 00:00:00+09:00,929.3089127255625,947.1983446827923,929.3089127255625,945.3152465820312,33600,0.0,0.0
2025-07-14 00:00:00+09:00,950.0230114673288,957.5554040260391,945.315266118135,947.1983642578125,23900,0.0,0.0
2025-07-15 00:00:00+09:00,947.1984071836367,952.8477018586882,942.4906616210938,942.4906616210938,12900,0.0,0.0
2025-07-16 00:00:00+09:00,942.4906643201358,951.9061554721851,936.8413696289062,936.8413696289062,17100,0.0,0.0
2025-07-17 00:00:00+09:00,928.3674454345703,945.3153298339844,926.4843471679687,941.5491333007812,27000,0.0,0.0
2025-07-18 00:00:00+09:00,942.4906616210938,947.1984071836367,937.7829160585509,942.4906616210938,21900,0.0,0.0
2025-07-22 00:00:00+09:00,944.3737364874945,967.9124637179905,941.5490892198351,949.0814819335938,70100,0.0,0.0
2025-07-23 00:00:00+09:00,963.2047274975066,973.561767578125,950.9645892204122,973.561767578125,85300,0.0,0.0
2025-07-24 00:00:00+09:00,974.5033102699185,987.6849975585938,974.5033102699185,987.6849975585938,38800,0.0,0.0
2025-07-25 00:00:00+09:00,987.684998842316,987.684998842316,976.3864097230521,984.8603515625,39500,0.0,0.0
2025-07-28 00:00:00+09:00,988.6265544724857,988.6265544724857,968.8540233830361,970.7371215820312,51700,0.0,0.0
2025-07-29 00:00:00+09:00,967.9124755859375,973.5617701905247,962.2631809813504,967.9124755859375,34700,0.0,0.0
2025-07-30 00:00:00+09:00,962.2631578823219,979.2110412892513,962.2631578823219,974.5032958984375,32300,0.0,0.0
2025-07-31 00:00:00+09:00,974.5033102699185,989.5680957426902,974.5033102699185,987.6849975585938,57200,0.0,0.0
2025-08-01 00:00:00+09:00,978.2694801294748,1006.5159521255135,978.2694801294748,1002.749755859375,90700,0.0,0.0
2025-08-04 00:00:00+09:00,977.3279588163241,988.626547935588,974.5033115365081,984.8603515625,31100,0.0,0.0
2025-08-05 00:00:00+09:00,1041.3533130590465,1061.1258443196614,1026.2885273366735,1039.47021484375,230900,0.0,0.0
2025-08-06 00:00:00+09:00,1038.5286424638557,1047.9441333293485,1035.703995204208,1046.06103515625,72200,0.0,0.0
2025-08-07 00:00:00+09:00,1040.411656266552,1057.3595384500795,1038.52855824616,1055.4764404296875,69800,0.0,0.0
2025-08-08 00:00:00+09:00,1057.3595177417558,1063.9503606840462,1049.8271258077095,1056.41796875,46500,0.0,0.0
2025-08-12 00:00:00+09:00,1056.4181742386656,1061.1259201131695,1043.2364857900548,1052.6519775390625,59600,0.0,0.0
2025-08-13 00:00:00+09:00,1047.002540458836,1058.3011290249385,1036.6455009399087,1053.5933837890625,44900,0.0,0.0
2025-08-14 00:00:00+09:00,1043.2364266570908,1056.4181143585342,1041.3533284140274,1049.8272705078125,28500,0.0,0.0
2025-08-15 00:00:00+09:00,1051.7104314351252,1052.6519806127753,1036.6456445927242,1047.002685546875,38600,0.0,0.0
2025-08-18 00:00:00+09:00,1047.002540458836,1060.184227119289,1043.236344270135,1053.5933837890625,42800,0.0,0.0
2025-08-19 00:00:00+09:00,1058.3011812979714,1074.3075158905565,1053.5934358295642,1073.365966796875,41300,0.0,0.0
2025-08-20 00:00:00+09:00,1073.365966796875,1081.8399086400082,1069.599770422149,1073.365966796875,47000,0.0,0.0
2025-08-21 00:00:00+09:00,1073.3659460417123,1081.839887720989,1064.8920043624357,1074.3074951171875,25800,0.0,0.0
2025-08-22 00:00:00+09:00,1078.0736753750691,1078.0736753750691,1059.2426941458102,1063.950439453125,26900,0.0,0.0
2025-08-25 00:00:00+09:00,1076.1905772521432,1076.1905772521432,1062.067341330199,1063.950439453125,32700,0.0,0.0
2025-08-26 00:00:00+09:00,1068.658239372953,1088.4307706741265,1064.8920429346342,1078.07373046875,51100,0.0,0.0
2025-08-27 00:00:00+09:00,1077.1321813591703,1081.8399269070687,1064.8920429346342,1078.07373046875,30200,0.0,0.0
2025-08-28 00:00:00+09:00,1078.073790015244,1080.8984375,1072.4244950457316,1080.8984375,23300,0.0,0.0
2025-08-29 00:00:00+09:00,1080.8983519032006,1093.1384900345085,1077.1321555551058,1090.3138427734375,51900,0.0,0.0
2025-09-01 00:00:00+09:00,1090.3139470572692,1096.9047912968208,1079.0153569323234,1085.606201171875,35800,0.0,0.0
2025-09-02 00:00:00+09:00,1080.898419557907,1085.6061652876888,1073.366026390256,1076.190673828125,40000,0.0,0.0
2025-09-03 00:00:00+09:00,1073.3660412661125,1099.7294177182625,1072.424492107107,1086.5477294921875,81600,0.0,0.0
2025-09-04 00:00:00+09:00,1083.7229991642716,1097.8462354696271,1073.365959207011,1090.3138427734375,40000,0.0,0.0
2025-09-05 00:00:00+09:00,1098.7878865595005,1100.67098490836,1088.4308456407734,1091.2554931640625,26400,0.0,0.0
2025-09-08 00:00:00+09:00,1100.6709668772678,1100.6709668772678,1086.5477294921875,1086.5477294921875,20000,0.0,0.0
2025-09-09 00:00:00+09:00,1090.3137944841628,1116.67716775321,1090.3137944841628,1109.144775390625,76700,0.0,0.0
2025-09-10 00:00:00+09:00,1113.8526014424988,1119.5018961243711,1105.3786594196902,1111.0279541015625,43000,0.0,0.0
2025-09-11 00:00:00+09:00,1116.6772407952055,1137.3913211472245,1113.8525934744757,1127.975830078125,59600,0.0,0.0
2025-09-12 00:00:00+09:00,1123.2679954653881,1148.6898193359375,1123.2679954653881,1148.6898193359375,69800,0.0,0.0
2025-09-16 00:00:00+09:00,1148.6899740945344,1149.6315232536283,1120.443499321718,1125.1512451171875,55600,0.0,0.0
2025-09-17 00:00:00+09:00,1124.2095947265625,1130.800438246735,1108.2032604632864,1124.2095947265625,49500,0.0,0.0
2025-09-18 00:00:00+09:00,1124.2095947265625,1137.3912817669075,1113.8525549091487,1124.2095947265625,45200,0.0,0.0
2025-09-19 00:00:00+09:00,1129.8588755177357,1129.8588755177357,1096.904658315135,1108.2032470703125,110000,0.0,0.0
2025-09-22 00:00:00+09:00,1108.203278427824,1129.8589074880108,1108.203278427824,1128.9173583984375,45200,0.0,0.0
2025-09-24 00:00:00+09:00,1129.8589074880108,1137.3913002045977,1117.6187693235574,1128.9173583984375,39200,0.0,0.0
2025-09-25 00:00:00+09:00,1142.099061370093,1142.099061370093,1126.0927266270662,1139.2744140625,32000,0.0,0.0
2025-09-26 00:00:00+09:00,1138.3328028189085,1146.806744279099,1129.858861358718,1142.0989990234375,34900,0.0,0.0
2025-09-29 00:00:00+09:00,1168.3877189324437,1176.1769703919933,1154.7565288782318,1167.4140625,46700,40.0,0.0
2025-09-30 00:00:00+09:00,1168.387746454177,1183.9662497402328,1161.5721512665277,1171.3087158203125,45100,0.0,0.0
2025-10-01 00:00:00+09:00,1168.3877586615417,1171.3087280581956,1143.0726905572083,1155.730224609375,84100,0.0,0.0
2025-10-02 00:00:00+09:00,1166.4404523520207,1198.5711158976105,1164.4931394098637,1195.650146484375,94300,0.0,0.0
2025-10-03 00:00:00+09:00,1197.5974277343748,1217.070556640625,1197.5974277343748,1217.070556640625,70700,0.0,0.0
2025-10-06 00:00:00+09:00,1241.4120454965912,1256.9905495969406,1232.6491369401447,1254.069580078125,78800,0.0,0.0
2025-10-07 00:00:00+09:00,1256.01688033964,1274.516353770999,1245.3066588793795,1269.6480712890625,54800,0.0,0.0
2025-10-08 00:00:00+09:00,1267.7007472331993,1273.5426861605413,1252.1222434269541,1255.043212890625,60300,0.0,0.0
2025-10-09 00:00:00+09:00,1255.0431656131996,1270.621668832603,1242.3856317474342,1256.990478515625,48600,0.0,0.0
2025-10-10 00:00:00+09:00,1240.438338437804,1260.8851242362293,1240.438338437804,1251.1485595703125,75100,0.0,0.0
2025-10-14 00:00:00+09:00,1218.0443044411954,1268.6744433947863,1204.4131131844595,1208.3077392578125,84100,0.0,0.0
2025-10-15 00:00:00+09:00,1208.307717288977,1251.1486033169504,1208.307717288977,1244.3330078125,64300,0.0,0.0
2025-10-16 00:00:00+09:00,1259.9114555810434,1268.6743636955946,1254.0695168380091,1266.72705078125,63500,0.0,0.0
2025-10-17 00:00:00+09:00,1270.6217166968702,1273.5426861605413,1244.3329915238314,1255.043212890625,47500,0.0,0.0
2025-10-20 00:00:00+09:00,1274.5163717506703,1303.7260670543524,1270.621745710179,1293.989501953125,65600,0.0,0.0
2025-10-21 00:00:00+09:00,1304.6996442416794,1304.6996442416794,1281.3318894194404,1287.173828125,79800,0.0,0.0
2025-10-22 00:00:00+09:00,1275.4900085220622,1307.6206728588777,1270.6217260467872,1299.8314208984375,70500,0.0,0.0
2025-10-23 00:00:00+09:00,1298.8577591155401,1331.9620798126377,1293.0158201689935,1325.146484375,62900,0.0,0.0
2025-10-24 00:00:00+09:00,1320.2781870455817,1325.1464694461922,1296.910431522651,1305.67333984375,45200,0.0,0.0
2025-10-27 00:00:00+09:00,1314.436272009095,1314.436272009095,1294.963142053405,1304.69970703125,34600,0.0,0.0
2025-10-28 00:00:00+09:00,1294.9631122295673,1304.699676983173,1263.806105018029,1265.75341796875,56300,0.0,0.0
2025-10-29 00:00:00+09:00,1260.8851837976301,1270.6217489234805,1189.8082583789221,1198.5711669921875,88300,0.0,0.0
2025-10-30 00:00:00+09:00,1197.5974669325524,1217.0705964761712,1192.7291845466477,1205.38671875,79600,0.0,0.0
2025-10-31 00:00:00+09:00,1207.3340036746542,1235.5700408573678,1207.3340036746542,1231.6754150390625,57300,0.0,0.0
2025-11-04 00:00:00+09:00,1256.0169107824995,1281.3319803021468,1238.4910934227437,1278.4110107421875,185700,0.0,0.0
2025-11-05 00:00:00+09:00,1570.5079345703125,1570.5079345703125,1570.5079345703125,1570.5079345703125,60700,0.0,0.0
2025-11-06 00:00:00+09:00,1687.3466445363629,1735.0558110581642,1617.2433794431038,1673.7154541015625,1054900,0.0,0.0
2025-11-07 00:00:00+09:00,1645.4795029268237,1673.7155417344436,1641.5848768843932,1660.0843505859375,240900,0.0,0.0
2025-11-10 00:00:00+09:00,1660.0843106304828,1684.4257228098156,1651.3214022459233,1671.7681884765625,215600,0.0,0.0
2025-11-11 00:00:00+09:00,1653.268731424705,1678.5838003393353,1650.3477619345554,1661.0579833984375,128800,0.0,0.0
2025-11-12 00:00:00+09:00,1664.9525573096885,1693.1885948313147,1655.2159926470588,1688.3203125,99200,0.0,0.0
2025-11-13 00:00:00+09:00,1664.9526149204798,1680.531118919736,1624.059041922433,1635.742919921875,141900,0.0,0.0
2025-11-14 00:00:00+09:00,1607.5068041247944,1646.453062250168,1606.5331476716601,1628.92724609375,92700,0.0,0.0
2025-11-17 00:00:00+09:00,1648.4004653075451,1650.3477783203125,1630.8746481926391,1650.3477783203125,53300,0.0,0.0
2025-11-18 00:00:00+09:00,1637.6901695400177,1656.189642323169,1628.9272613795777,1648.400390625,102700,0.0,0.0
2025-11-19 00:00:00+09:00,1641.5848478849944,1644.5058173652167,1609.4541836025478,1621.1380615234375,89400,0.0,0.0
2025-11-20 00:00:00+09:00,1632.8219669220905,1638.6639059808456,1616.2698062556171,1625.03271484375,74000,0.0,0.0
2025-11-21 00:00:00+09:00,1613.3488275471523,1652.2950877172707,1613.3488275471523,1645.4794921875,80200,0.0,0.0
2025-11-25 00:00:00+09:00,1640.6112096662353,1649.374118204512,1626.9800186066939,1645.4794921875,57100,0.0,0.0
2025-11-26 00:00:00+09:00,1645.4794758253415,1663.9789492221946,1643.5321628361992,1656.189697265625,80400,0.0,0.0
2025-11-27 00:00:00+09:00,1655.2160133806901,1660.0842957729863,1650.347730988394,1652.2950439453125,47100,0.0,0.0
2025-11-28 00:00:00+09:00,1646.4530579655082,1655.2159660209131,1633.795524107701,1654.2423095703125,62400,0.0,0.0
2025-12-01 00:00:00+09:00,1654.2423581493144,1654.2423581493144,1622.1116943359375,1622.1116943359375,53000,0.0,0.0
2025-12-02 00:00:00+09:00,1623.0853508151308,1637.6901980030293,1619.1907248983578,1622.1116943359375,61300,0.0,0.0
2025-12-03 00:00:00+09:00,1624.0590547414927,1629.9009937873252,1613.348833157466,1620.1644287109375,73300,0.0,0.0
2025-12-04 00:00:00+09:00,1616.2697790564002,1628.9273134706973,1616.2697790564002,1621.1380615234375,49500,0.0,0.0
2025-12-05 00:00:00+09:00,1612.3750907189208,1614.322403630417,1601.6648697056912,1603.6121826171875,68700,0.0,0.0
2025-12-08 00:00:00+09:00,1621.1380142184453,1627.9536094734178,1608.4804801734965,1623.0853271484375,51200,0.0,0.0
2025-12-09 00:00:00+09:00,1534.482627599149,1555.9030703702033,1499.4309939737877,1515.983154296875,837000,0.0,0.0
2025-12-10 00:00:00+09:00,1517.9304001878245,1572.4551611952127,1517.9304001878245,1523.7723388671875,492000,0.0,0.0
2025-12-11 00:00:00+09:00,1515.983150600158,1534.4826238573212,1499.4309903174333,1511.1148681640625,241200,0.0,0.0
2025-12-12 00:00:00+09:00,1516.9568217425553,1532.5353256885635,1515.0095087493044,1530.5880126953125,133700,0.0,0.0
2025-12-15 00:00:00+09:00,1504.2993140825765,1534.482666015625,1504.2993140825765,1534.482666015625,246900,0.0,0.0
2025-12-16 00:00:00+09:00,1542.2718714380699,1621.1380466820622,1513.062176903258,1601.6649169921875,595000,0.0,0.0
2025-12-17 00:00:00+09:00,1579.27077621364,1595.8229360136595,1534.4825791077044,1548.11376953125,701100,0.0,0.0
2025-12-18 00:00:00+09:00,1544.2192275583327,1552.9821361636448,1529.6143798828125,1529.6143798828125,262000,0.0,0.0
2025-12-19 00:00:00+09:00,1538.3772827224875,1554.929443359375,1537.4036262144352,1554.929443359375,215200,0.0,0.0
2025-12-22 00:00:00+09:00,1577.3235502878033,1580.2445198253733,1555.9031070122899,1564.666015625,218100,0.0,0.0
2025-12-23 00:00:00+09:00,1558.8240403800173,1586.0864220980939,1556.8767274001548,1581.2181396484375,217200,0.0,0.0
2025-12-24 00:00:00+09:00,1581.2181786861515,1581.2181786861515,1527.6670704178398,1534.482666015625,1334300,0.0,0.0
2025-12-25 00:00:00+09:00,1555.903028869629,1572.4551887512207,1543.2454948425293,1557.850341796875,532400,0.0,0.0
2025-12-26 00:00:00+09:00,1566.6132499694825,1567.5869064331055,1545.1928077697755,1557.850341796875,240600,0.0,0.0
2025-12-29 00:00:00+09:00,1557.850356867284,1582.1917686933352,1557.850356867284,1577.323486328125,241200,0.0,0.0
2025-12-30 00:00:00+09:00,1567.5869815745455,1577.323546677493,1558.8240729818929,1559.7977294921875,162900,0.0,0.0
2026-01-05 00:00:00+09:00,1564.6659014058393,1576.3497787032072,1558.8239627571554,1574.4024658203125,215700,0.0,0.0
2026-01-06 00:00:00+09:00,1575.376220703125,1580.2445032145686,1562.7186861733717,1575.376220703125,298300,0.0,0.0
2026-01-07 00:00:00+09:00,1575.3762243133374,1601.664949935377,1566.6133157726576,1580.2445068359375,282900,0.0,0.0
2026-01-08 00:00:00+09:00,1593.8755906628023,1595.8229035408265,1569.5341796875,1569.5341796875,265500,0.0,0.0
2026-01-09 00:00:00+09:00,1572.455196404309,1581.218104619565,1560.7713187839672,1567.5869140625,206500,0.0,0.0
2026-01-13 00:00:00+09:00,1596.796668974156,1620.1644251054852,1585.1127909084917,1615.296142578125,357200,0.0,0.0
2026-01-14 00:00:00+09:00,1615.2961173122412,1648.4004379804849,1606.533208900059,1646.453125,295400,0.0,0.0
2026-01-15 00:00:00+09:00,1652.29507128734,1665.926262211337,1628.927315417631,1656.189697265625,235000,0.0,0.0
2026-01-16 00:00:00+09:00,1663.0052017658077,1666.8998275310673,1638.663790732936,1664.9525146484375,224500,0.0,0.0
2026-01-19 00:00:00+09:00,1669.8208881896219,1671.7682011787642,1635.7429108796296,1656.189697265625,236100,0.0,0.0
2026-01-20 00:00:00+09:00,1664.9525551432682,1664.9525551432682,1623.0853271484375,1623.0853271484375,233800,0.0,0.0
2026-01-21 00:00:00+09:00,1607.506827468507,1635.7428650194379,1598.7439192630457,1627.95361328125,154000,0.0,0.0
2026-01-22 00:00:00+09:00,1627.9535934939288,1641.584783870074,1626.9799370384899,1633.7955322265625,150000,0.0,0.0
2026-01-23 00:00:00+09:00,1639.6374628113044,1655.2159660209131,1627.953585404098,1654.2423095703125,143900,0.0,0.0
2026-01-26 00:00:00+09:00,1637.6901463493123,1637.6901463493123,1611.4014222402568,1619.190673828125,227300,0.0,0.0
2026-01-27 00:00:00+09:00,1613.348829567181,1630.8746466656778,1602.6386080069883,1615.296142578125,120200,0.0,0.0
2026-01-28 00:00:00+09:00,1604.5859028362147,1604.5859028362147,1581.218146969668,1590.9547119140625,162200,0.0,0.0
2026-01-29 00:00:00+09:00,1587.060042525994,1603.6122024787192,1572.4551955088837,1597.770263671875,146700,0.0,0.0
2026-01-30 00:00:00+09:00,1606.5331322311706,1617.2433531127117,1598.7438806809587,1609.4541015625,155100,0.0,0.0
2026-02-02 00:00:00+09:00,1619.190658077117,1643.5320690524193,1599.717529296875,1599.717529296875,217200,0.0,0.0
2026-02-03 00:00:00+09:00,1601.6648849185242,1628.927265938414,1601.6648849185242,1623.0853271484375,312900,0.0,0.0
2026-02-04 00:00:00+09:00,1655.215957789745,1713.6353445352656,1642.5584239948823,1704.8724365234375,522600,0.0,0.0
2026-02-05 00:00:00+09:00,1708.7671283777831,1752.5816701310598,1695.1359376100972,1727.2666015625,246200,0.0,0.0
2026-02-06 00:00:00+09:00,1727.2665305348623,1782.7649478068395,1713.63534032771,1760.370849609375,257400,0.0,0.0
2026-02-09 00:00:00+09:00,1781.7913230513898,1786.6596053548087,1754.5289421522427,1769.1337890625,275000,0.0,0.0
2026-02-10 00:00:00+09:00,1772.0547698574817,1791.527899196575,1772.0547698574817,1783.7386474609375,162500,0.0,0.0
2026-02-12 00:00:00+09:00,1789.58054264497,1822.6848617145722,1783.7386039856283,1820.737548828125,158500,0.0,0.0
2026-02-13 00:00:00+09:00,1816.843000447816,1822.6849393560083,1758.4236113658926,1762.3182373046875,166700,0.0,0.0
2026-02-16 00:00:00+09:00,1754.5289225617544,1785.6859289557476,1733.1084806658837,1774.9757080078125,192000,0.0,0.0
2026-02-17 00:00:00+09:00,1774.9757640923394,1781.7913594563802,1748.6870391167536,1752.5816650390625,88600,0.0,0.0
2026-02-18 00:00:00+09:00,1762.3182373046875,1771.081145666976,1758.4236113658926,1762.3182373046875,71000,0.0,0.0
2026-02-19 00:00:00+09:00,1761.3445771024499,1768.1601724809557,1739.9241344842885,1757.449951171875,107200,0.0,0.0
2026-02-20 00:00:00+09:00,1753.5552863690248,1755.5025992911446,1735.055813608885,1738.950439453125,95700,0.0,0.0
2026-02-24 00:00:00+09:00,1751.6079727701913,1786.6596053548087,1735.0558129385663,1769.1337890625,187500,0.0,0.0
2026-02-25 00:00:00+09:00,1789.5805948511268,1789.5805948511268,1758.4235877590504,1763.2918701171875,120500,0.0,0.0
2026-02-26 00:00:00+09:00,1762.3182811091756,1778.8704417604772,1749.6607464934743,1755.502685546875,157500,0.0,0.0
2026-02-27 00:00:00+09:00,1755.5025672601448,1798.3434507651068,1752.581597930261,1790.55419921875,114000,0.0,0.0
2026-03-02 00:00:00+09:00,1755.5026016852948,1810.0273635790145,1745.7660370614165,1804.1854248046875,211700,0.0,0.0
2026-03-03 00:00:00+09:00,1777.896725924188,1792.5015730703344,1742.8450927734375,1742.8450927734375,181800,0.0,0.0
2026-03-04 00:00:00+09:00,1710.7143793874548,1723.371913213315,1649.3740231544384,1679.557373046875,247500,0.0,0.0
2026-03-05 00:00:00+09:00,1752.5816738907042,1762.3182387456525,1726.2929487823435,1732.1348876953125,110400,0.0,0.0
2026-03-06 00:00:00+09:00,1706.8198459901237,1736.029541015625,1697.0832809816234,1736.029541015625,110800,0.0,0.0
2026-03-09 00:00:00+09:00,1655.2159851499057,1678.583740234375,1642.5584511458183,1678.583740234375,197800,0.0,0.0
2026-03-10 00:00:00+09:00,1713.6354342921602,1742.8451291948675,1695.135960853779,1726.29296875,131200,0.0,0.0
2026-03-11 00:00:00+09:00,1747.713386345438,1777.8967373073926,1745.7660733801506,1757.449951171875,109800,0.0,0.0
2026-03-12 00:00:00+09:00,1740.897753071581,1744.792378917379,1701.951494613604,1708.76708984375,110100,0.0,0.0
2026-03-13 00:00:00+09:00,1691.2413366517023,1715.5827490963152,1690.2676801539178,1696.109619140625,88900,0.0,0.0
2026-03-16 00:00:00+09:00,1702.9251395389952,1715.5826734520922,1675.6627588030935,1694.1622314453125,91200,0.0,0.0
2026-03-17 00:00:00+09:00,1705.846152805828,1719.477343524596,1681.504740808028,1687.3466796875,63000,0.0,0.0
2026-03-18 00:00:00+09:00,1703.8988604593437,1746.73974609375,1703.8988604593437,1746.73974609375,73000,0.0,0.0
2026-03-19 00:00:00+09:00,1785.6860206208655,1789.5806466200386,1753.5553561276874,1766.212890625,470100,0.0,0.0
2026-03-23 00:00:00+09:00,1753.5553506591934,1756.4763201494643,1706.819838814862,1726.29296875,269700,0.0,0.0
2026-03-24 00:00:00+09:00,1765.2392341252066,1780.817738121899,1757.4499821268605,1766.212890625,119700,0.0,0.0
2026-03-25 00:00:00+09:00,1805.1591038392442,1838.2634239743759,1805.1591038392442,1833.3951416015625,171800,0.0,0.0
2026-03-26 00:00:00+09:00,1847.999961020656,1875.2623418997805,1808.0800461619378,1829.50048828125,151300,0.0,0.0
2026-03-27 00:00:00+09:00,1823.658587987355,1856.7629083245522,1821.7112750263434,1848.0,184200,0.0,0.0
2026-03-30 00:00:00+09:00,1779.0,1818.0,1773.0,1788.0,192500,50.0,0.0
2026-03-31 00:00:00+09:00,1778.0,1782.0,1741.0,1751.0,162300,0.0,0.0
2026-04-01 00:00:00+09:00,1791.0,1799.0,1766.0,1799.0,135300,0.0,0.0
2026-04-02 00:00:00+09:00,1803.0,1830.0,1776.0,1787.0,88500,0.0,0.0
2026-04-03 00:00:00+09:00,1809.0,1810.0,1785.0,1790.0,69600,0.0,0.0
2026-04-06 00:00:00+09:00,1772.0,1804.0,1765.0,1791.0,74600,0.0,0.0
2026-04-07 00:00:00+09:00,1803.0,1826.0,1801.0,1816.0,168400,0.0,0.0
2026-04-08 00:00:00+09:00,1840.0,1845.0,1817.0,1844.0,101200,0.0,0.0
2026-04-09 00:00:00+09:00,1849.0,1852.0,1813.0,1815.0,80900,0.0,0.0
2026-04-10 00:00:00+09:00,1821.0,1836.0,1803.0,1807.0,83900,0.0,0.0
2026-04-13 00:00:00+09:00,1800.0,1820.0,1782.0,1786.0,64900,0.0,0.0
2026-04-14 00:00:00+09:00,1800.0,1806.0,1774.0,1777.0,57300,0.0,0.0
2026-04-15 00:00:00+09:00,1792.0,1817.0,1768.0,1780.0,116400,0.0,0.0
2026-04-16 00:00:00+09:00,1780.0,1796.0,1770.0,1776.0,55500,0.0,0.0
2026-04-17 00:00:00+09:00,1784.0,1792.0,1774.0,1791.0,99000,0.0,0.0
2026-04-20 00:00:00+09:00,1800.0,1807.0,1769.0,1769.0,67200,0.0,0.0
2026-04-21 00:00:00+09:00,1773.0,1790.0,1759.0,1786.0,100800,0.0,0.0
2026-04-22 00:00:00+09:00,1786.0,1786.0,1752.0,1761.0,66600,0.0,0.0
2026-04-23 00:00:00+09:00,1750.0,1761.0,1725.0,1745.0,86600,0.0,0.0
2026-04-24 00:00:00+09:00,1757.0,1757.0,1713.0,1713.0,91700,0.0,0.0
2026-04-27 00:00:00+09:00,1720.0,1734.0,1700.0,1707.0,121000,0.0,0.0
2026-04-28 00:00:00+09:00,1700.0,1744.0,1699.0,1744.0,142200,0.0,0.0
2026-04-30 00:00:00+09:00,1726.0,1730.0,1702.0,1730.0,74400,0.0,0.0
2026-05-01 00:00:00+09:00,1730.0,1756.0,1707.0,1747.0,176200,0.0,0.0
2026-05-07 00:00:00+09:00,1775.0,1805.0,1760.0,1780.0,349700,0.0,0.0
2026-05-08 00:00:00+09:00,1604.0,1608.0,1565.0,1569.0,922300,0.0,0.0
2026-05-11 00:00:00+09:00,1580.0,1600.0,1566.0,1570.0,468800,0.0,0.0
2026-05-12 00:00:00+09:00,1570.0,1575.0,1555.0,1558.0,228900,0.0,0.0
2026-05-13 00:00:00+09:00,1562.0,1584.0,1554.0,1573.0,146700,0.0,0.0
2026-05-14 00:00:00+09:00,1569.0,1585.0,1562.0,1581.0,116400,0.0,0.0
2026-05-15 00:00:00+09:00,1586.0,1614.0,1584.0,1605.0,155200,0.0,0.0
2026-05-18 00:00:00+09:00,1598.0,1598.0,1567.0,1577.0,94500,0.0,0.0
2026-05-19 00:00:00+09:00,1580.0,1599.0,1577.0,1599.0,112500,0.0,0.0
2026-05-20 00:00:00+09:00,1601.0,1602.0,1512.0,1525.0,295600,0.0,0.0
2026-05-21 00:00:00+09:00,1533.0,1550.0,1525.0,1535.0,153500,0.0,0.0
2026-05-22 00:00:00+09:00,1547.0,1559.0,1530.0,1557.0,170100,0.0,0.0
2026-05-25 00:00:00+09:00,1582.0,1582.0,1557.0,1560.0,118700,0.0,0.0
2026-05-26 00:00:00+09:00,1560.0,1562.0,1544.0,1554.0,66500,0.0,0.0
2026-05-27 00:00:00+09:00,1560.0,1563.0,1530.0,1537.0,134700,0.0,0.0
2026-05-28 00:00:00+09:00,1526.0,1549.0,1514.0,1544.0,183400,0.0,0.0
2026-05-29 00:00:00+09:00,1542.0,1568.0,1535.0,1552.0,118100,0.0,0.0
2026-06-01 00:00:00+09:00,1550.0,1554.0,1534.0,1535.0,131200,0.0,0.0
2026-06-02 00:00:00+09:00,1540.0,1558.0,1522.0,1558.0,135400,0.0,0.0
2026-06-03 00:00:00+09:00,1554.0,1560.0,1536.0,1540.0,134700,0.0,0.0
2026-06-04 00:00:00+09:00,1536.0,1555.0,1533.0,1544.0,80500,0.0,0.0
2026-06-05 00:00:00+09:00,1550.0,1582.0,1547.0,1573.0,97600,0.0,0.0
2026-06-08 00:00:00+09:00,1543.0,1553.0,1533.0,1549.0,112300,0.0,0.0
2026-06-09 00:00:00+09:00,1559.0,1582.0,1554.0,1574.0,101500,0.0,0.0
2026-06-10 00:00:00+09:00,1572.0,1586.0,1548.0,1562.0,103700,0.0,0.0
2026-06-11 00:00:00+09:00,1562.0,1563.0,1527.0,1548.0,79200,0.0,0.0
2026-06-12 00:00:00+09:00,1560.0,1562.0,1546.0,1556.0,90100,0.0,0.0
2026-06-15 00:00:00+09:00,1577.0,1580.0,1566.0,1571.0,69100,0.0,0.0
2026-06-16 00:00:00+09:00,1560.0,1565.0,1551.0,1565.0,68400,0.0,0.0
2026-06-17 00:00:00+09:00,1565.0,1583.0,1563.0,1567.0,78500,0.0,0.0
2026-06-18 00:00:00+09:00,1569.0,1577.0,1556.0,1571.0,63000,0.0,0.0
2026-06-19 00:00:00+09:00,1570.0,1579.0,1560.0,1560.0,108000,0.0,0.0
2026-06-22 00:00:00+09:00,1555.0,1574.0,1551.0,1557.0,65500,0.0,0.0
2026-06-23 00:00:00+09:00,1557.0,1567.0,1552.0,1558.0,55600,0.0,0.0
2026-06-24 00:00:00+09:00,1558.0,1573.0,1554.0,1554.0,87900,0.0,0.0
2026-06-25 00:00:00+09:00,1575.0,1584.0,1568.0,1580.0,70000,0.0,0.0
2026-06-26 00:00:00+09:00,1574.0,1586.0,1557.0,1583.0,68700,0.0,0.0
2026-06-29 00:00:00+09:00,1586.0,1604.0,1564.0,1576.0,118400,0.0,0.0
2026-06-30 00:00:00+09:00,1576.0,1579.0,1559.0,1565.0,77200,0.0,0.0
2026-07-01 00:00:00+09:00,1556.0,1569.0,1550.0,1552.0,89000,0.0,0.0
2026-07-02 00:00:00+09:00,1554.0,1578.0,1551.0,1566.0,83200,0.0,0.0
2026-07-03 00:00:00+09:00,1580.0,1603.0,1579.0,1600.0,95600,0.0,0.0
2026-07-06 00:00:00+09:00,1605.0,1633.0,1605.0,1625.0,89100,0.0,0.0
2026-07-07 00:00:00+09:00,1633.0,1654.0,1630.0,1640.0,83900,0.0,0.0
2026-07-08 00:00:00+09:00,1640.0,1645.0,1632.0,1633.0,53500,0.0,0.0
2026-07-09 00:00:00+09:00,1625.0,1632.0,1615.0,1615.0,83100,0.0,0.0
2026-07-10 00:00:00+09:00,1628.0,1628.0,1605.0,1610.0,58700,0.0,0.0
2026-07-13 00:00:00+09:00,1610.0,1619.0,1583.0,1587.0,66100,0.0,0.0
2026-07-14 00:00:00+09:00,1612.0,1620.0,1590.0,1600.0,60200,0.0,0.0
2026-07-15 00:00:00+09:00,1615.0,1617.0,1599.0,1608.0,62000,0.0,0.0
2026-07-16 00:00:00+09:00,1598.0,1606.0,1585.0,1585.0,53400,0.0,0.0
2026-07-17 00:00:00+09:00,1590.0,1591.0,1561.0,1569.0,77100,0.0,0.0
2026-07-21 00:00:00+09:00,1586.0,1623.0,1584.0,1615.0,142600,0.0,0.0
2026-07-22 00:00:00+09:00,1622.0,1634.0,1606.0,1620.0,137800,0.0,0.0
2026-07-23 00:00:00+09:00,1624.0,1630.0,1606.0,1619.0,61300,0.0,0.0
2026-07-24 00:00:00+09:00,1613.0,1614.0,1601.0,1612.0,51000,0.0,0.0
2026-07-27 00:00:00+09:00,1629.0,1642.0,1614.0,1639.0,94200,0.0,0.0
2026-07-28 00:00:00+09:00,1639.0,1645.0,1620.0,1636.0,71000,0.0,0.0
2026-07-29 00:00:00+09:00,1638.0,1645.0,1617.0,1639.0,81900,0.0,0.0
2026-07-30 00:00:00+09:00,1632.0,1642.0,1623.0,1633.0,67600,0.0,0.0
2026-07-31 00:00:00+09:00,1633.0,1641.0,1615.0,1628.0,65000,0.0,0.0
