Date,Open,High,Low,Close,Volume,Dividends,Stock Splits,Capital Gains
2023-01-31 00:00:00-05:00,23.1657571560435,23.298002243041992,23.054784453460964,23.298002243041992,4005600,0.0,0.0,0.0
2023-02-01 00:00:00-05:00,23.905585011114727,23.905585011114727,23.56156677932334,23.863969802856445,6700,0.0,0.0,0.0
2023-02-02 00:00:00-05:00,25.04306664907181,25.04306664907181,23.54769540067971,23.61150550842285,38600,0.0,0.0,0.0
2023-02-03 00:00:00-05:00,26.004839380602608,26.004839380602608,23.42007672471438,23.526426315307617,14200,0.0,0.0,0.0
2023-02-06 00:00:00-05:00,23.58191060439087,23.58191060439087,23.00392259938129,23.15558624267578,40000,0.0,0.0,0.0
2023-02-07 00:00:00-05:00,23.16576379855038,23.258242253139123,23.012251574756043,23.188884735107422,15900,0.0,0.0,0.0
2023-02-08 00:00:00-05:00,23.248991209467203,23.258239230112032,23.156514530778075,23.225872039794922,16900,0.0,0.0,0.0
2023-02-09 00:00:00-05:00,23.33776931054709,23.350716185849553,23.156513056312555,23.23049545288086,3700,0.0,0.0,0.0
2023-02-10 00:00:00-05:00,23.20274932935975,23.211997348593325,23.119518920136915,23.194425582885742,5500,0.0,0.0,0.0
2023-02-13 00:00:00-05:00,23.202754198100894,23.33222296677931,23.11952377141343,23.273962020874023,4300,0.0,0.0,0.0
2023-02-14 00:00:00-05:00,23.332222467123064,23.341470488099144,23.20737682976542,23.3137264251709,5700,0.0,0.0,0.0
2023-02-15 00:00:00-05:00,23.101028092832017,23.193506542149844,22.97340786805101,23.176860809326172,2400,0.0,0.0,0.0
2023-02-16 00:00:00-05:00,23.082527359318764,23.2767322398075,23.02149184211591,23.169458389282227,8200,0.0,0.0,0.0
2023-02-17 00:00:00-05:00,23.064036697443196,23.124146187403,23.027044613886737,23.082530975341797,15100,0.0,0.0,0.0
2023-02-21 00:00:00-05:00,23.276732449073034,23.276732449073034,22.703367585771794,22.773651123046875,15600,0.0,0.0,0.0
2023-02-22 00:00:00-05:00,22.71261635650767,22.72648926819144,22.666378021240234,22.666378021240234,11600,0.0,0.0,0.0
2023-02-23 00:00:00-05:00,22.740361100182604,22.934564230804114,22.724639642387604,22.828214645385742,14500,0.0,0.0,0.0
2023-02-24 00:00:00-05:00,22.657130933262078,22.657130933262078,22.37969738248822,22.4111385345459,9400,0.0,0.0,0.0
2023-02-27 00:00:00-05:00,22.486043963283514,22.49991510980415,22.426856994628906,22.426856994628906,7600,0.0,0.0,0.0
2023-02-28 00:00:00-05:00,22.46292711134878,22.47217336739534,22.379696695894175,22.41668701171875,12400,0.0,0.0,0.0
2023-03-01 00:00:00-05:00,22.57390162363637,22.69412412838629,22.555405582308754,22.577600479125977,4500,0.0,0.0,0.0
2023-03-02 00:00:00-05:00,22.564652354681048,22.69412287293238,22.523037145935888,22.66730308532715,12500,0.0,0.0,0.0
2023-03-03 00:00:00-05:00,22.758862165497888,22.943817316849415,22.712622054750103,22.905900955200195,1400,0.0,0.0,0.0
2023-03-06 00:00:00-05:00,23.027042273020175,23.073282372765103,22.94381185735875,22.9845027923584,1700,0.0,0.0,0.0
2023-03-07 00:00:00-05:00,22.990056670916694,22.990056670916694,22.684879005545227,22.737590789794922,12000,0.0,0.0,0.0
2023-03-08 00:00:00-05:00,22.800472386153146,22.879077911376953,22.777351453906633,22.879077911376953,1800,0.0,0.0,0.0
2023-03-09 00:00:00-05:00,22.79584700684544,22.8328390865455,22.58314784020844,22.58407211303711,16500,0.0,0.0,0.0
2023-03-10 00:00:00-05:00,22.54708280749261,22.54708280749261,22.37044967593308,22.37322425842285,12200,0.0,0.0,0.0
2023-03-13 00:00:00-04:00,22.287219572961206,22.37414884872941,22.268723532020005,22.282594680786133,1200,0.0,0.0,0.0
2023-03-14 00:00:00-04:00,22.30571426427371,22.30571426427371,22.157747709576487,22.19843864440918,27300,0.0,0.0,0.0
2023-03-15 00:00:00-04:00,21.697209650706217,21.906209981521094,21.61305495463166,21.810956954956055,4200,0.0,0.0,0.0
2023-03-16 00:00:00-04:00,21.8063315942123,22.222483667412305,21.8063315942123,22.200288772583008,19900,0.0,0.0,0.0
2023-03-17 00:00:00-04:00,22.176246643066406,22.176246643066406,21.970945160339063,22.176246643066406,3700,0.0,0.0,0.0
2023-03-20 00:00:00-04:00,22.157749879901253,22.19474196316875,22.03752913704112,22.130931854248047,3000,0.0,0.0,0.0
2023-03-21 00:00:00-04:00,22.28722125920788,22.388945964321874,22.176246769043896,22.37969970703125,4700,0.0,0.0,0.0
2023-03-22 00:00:00-04:00,22.42131323682859,22.666379605861714,22.42131323682859,22.46477699279785,73100,0.0,0.0,0.0
2023-03-23 00:00:00-04:00,22.703370281382906,22.76810642573362,22.57112693786621,22.57112693786621,1100,0.0,0.0,0.0
2023-03-24 00:00:00-04:00,22.453682242742513,22.71261978149414,22.407442136622798,22.71261978149414,96900,0.0,0.0,0.0
2023-03-27 00:00:00-04:00,22.43796197031865,22.573904185356422,22.43796197031865,22.485124588012695,6100,0.0,0.0,0.0
2023-03-28 00:00:00-04:00,22.6108961240864,22.6108961240864,22.536913714744546,22.573904037475586,15200,0.0,0.0,0.0
2023-03-29 00:00:00-04:00,22.73111432824406,22.768106410705766,22.634012757601443,22.73851203918457,9700,0.0,0.0,0.0
2023-03-30 00:00:00-04:00,22.962309122686662,22.962309122686662,22.832840364250394,22.880002975463867,148600,0.0,0.0,0.0
2023-03-31 00:00:00-04:00,22.953062556128284,23.02704496047511,22.862434419482366,22.913297653198242,8100,0.0,0.0,0.0
2023-04-03 00:00:00-04:00,22.962307689973365,23.01779404528695,22.861507272034416,22.971555709838867,6800,0.0,0.0,0.0
2023-04-04 00:00:00-04:00,22.990054791105273,23.091779495324904,22.980806770016276,23.042766571044922,2500,0.0,0.0,0.0
2023-04-05 00:00:00-04:00,23.045538991299843,23.091777328526423,22.888326175298168,22.942888259887695,12100,0.0,0.0,0.0
2023-04-06 00:00:00-04:00,22.8883289867828,23.008549736666907,22.8883289867828,22.929019927978516,2200,0.0,0.0,0.0
2023-04-10 00:00:00-04:00,22.971558465268213,23.064036911136565,22.921619504780224,23.038143157958984,8700,0.0,0.0,0.0
2023-04-11 00:00:00-04:00,23.119523731960385,23.36921501159668,23.119523731960385,23.36921501159668,8100,0.0,0.0,0.0
2023-04-12 00:00:00-04:00,23.45244325442636,23.45244325442636,23.290605545043945,23.290605545043945,14900,0.0,0.0,0.0
2023-04-13 00:00:00-04:00,23.480185820710833,23.572664260864258,23.433947482573885,23.572664260864258,13500,0.0,0.0,0.0
2023-04-14 00:00:00-04:00,23.443193889219174,23.443193889219174,23.313723376364916,23.409900665283203,6700,0.0,0.0,0.0
2023-04-17 00:00:00-04:00,23.41545283759234,23.433948879501507,23.281359179570355,23.33684730529785,8800,0.0,0.0,0.0
2023-04-18 00:00:00-04:00,23.415454036874696,23.415454036874696,23.285985264638747,23.327600479125977,7200,0.0,0.0,0.0
2023-04-19 00:00:00-04:00,23.193505200848513,23.33222198486328,23.15096571634151,23.33222198486328,7600,0.0,0.0,0.0
2023-04-20 00:00:00-04:00,23.21200268764029,23.295233116007154,23.183334350585938,23.183334350585938,4800,0.0,0.0,0.0
2023-04-21 00:00:00-04:00,23.165763428988573,23.165763428988573,22.981732559647465,23.03167152404785,24500,0.0,0.0,0.0
2023-04-24 00:00:00-04:00,23.165757770402603,23.175005789842956,23.06403308431741,23.169458389282227,4000,0.0,0.0,0.0
2023-04-25 00:00:00-04:00,22.99929957435522,22.99929957435522,22.827289581298828,22.827289581298828,3400,0.0,0.0,0.0
2023-04-26 00:00:00-04:00,23.045538104883462,23.054786124748965,22.89294842292181,22.971555709838867,80900,0.0,0.0,0.0
2023-04-27 00:00:00-04:00,23.101027689643693,23.36921501159668,22.946589440446648,23.36921501159668,9900,0.0,0.0,0.0
2023-04-28 00:00:00-04:00,23.258238473881505,23.34146889309919,23.24899045353737,23.27581024169922,3200,0.0,0.0,0.0
2023-05-01 00:00:00-04:00,23.387711906219646,23.387711906219646,23.18056010525887,23.253618240356445,1700,0.0,0.0,0.0
2023-05-02 00:00:00-04:00,23.119520629133515,23.184255004674377,22.943811778465854,23.050161361694336,2800,0.0,0.0,0.0
2023-05-03 00:00:00-04:00,23.119520629133515,23.119520629133515,23.050161361694336,23.050161361694336,1700,0.0,0.0,0.0
2023-05-04 00:00:00-04:00,23.115823676754257,23.221248995833086,23.115823676754257,23.160213470458984,2600,0.0,0.0,0.0
2023-05-05 00:00:00-04:00,23.322972544680162,23.498681401141308,23.322972544680162,23.459840774536133,8600,0.0,0.0,0.0
2023-05-08 00:00:00-04:00,23.507932118342065,23.535676182191377,23.420078561972126,23.424701690673828,3000,0.0,0.0,0.0
2023-05-09 00:00:00-04:00,23.396956202912534,23.507930687676303,23.396956202912534,23.406204223632812,6700,0.0,0.0,0.0
2023-05-10 00:00:00-04:00,23.563415596607594,23.563415596607594,23.27673402745692,23.46169090270996,12100,0.0,0.0,0.0
2023-05-11 00:00:00-04:00,23.23974589497007,23.387712478637695,23.16576348507615,23.387712478637695,27800,0.0,0.0,0.0
2023-05-12 00:00:00-04:00,23.239743378426954,23.406204223632812,23.119522636822502,23.406204223632812,4600,0.0,0.0,0.0
2023-05-15 00:00:00-04:00,23.23974288068627,23.424699763371343,23.232345169820324,23.352567672729492,4900,0.0,0.0,0.0
2023-05-16 00:00:00-04:00,23.267489082415633,23.341471489518714,23.23419761657715,23.23419761657715,2700,0.0,0.0,0.0
2023-05-17 00:00:00-04:00,23.332222335127806,23.466315992702935,23.304480036236146,23.43857192993164,1800,0.0,0.0,0.0
2023-05-18 00:00:00-04:00,23.341467668617934,23.437644958496094,23.285981313343438,23.437644958496094,1900,0.0,0.0,0.0
2023-05-19 00:00:00-04:00,23.507930274192386,23.581912674773747,23.45706704306528,23.526426315307617,5900,0.0,0.0,0.0
2023-05-22 00:00:00-04:00,23.591161727905273,23.692888194612003,23.581913706942878,23.591161727905273,5300,0.0,0.0,0.0
2023-05-23 00:00:00-04:00,23.461693545808053,23.461693545808053,23.396957397460938,23.396957397460938,1200,0.0,0.0,0.0
2023-05-24 00:00:00-04:00,23.396954375893493,23.396954375893493,23.309100831730518,23.340543746948242,1800,0.0,0.0,0.0
2023-05-25 00:00:00-04:00,23.401581129101583,23.457067489624023,23.401581129101583,23.457067489624023,500,0.0,0.0,0.0
2023-05-26 00:00:00-04:00,23.766870113222048,23.84917449951172,23.739126050901262,23.84917449951172,900,0.0,0.0,0.0
2023-05-30 00:00:00-04:00,23.81310837653384,23.831604418021474,23.69288763462341,23.711381912231445,3800,0.0,0.0,0.0
2023-05-31 00:00:00-04:00,23.489434198192445,23.554168578120056,23.392332628301034,23.475563049316406,6000,0.0,0.0,0.0
2023-06-01 00:00:00-04:00,23.452441128336126,23.743745803833008,23.452441128336126,23.743745803833008,2900,0.0,0.0,0.0
2023-06-02 00:00:00-04:00,23.924083150679785,24.118286297007916,23.924083150679785,24.04430389404297,89500,0.0,0.0,0.0
2023-06-05 00:00:00-04:00,24.007311810620685,24.107189730309003,23.914835129824215,24.04430389404297,8800,0.0,0.0,0.0
2023-06-06 00:00:00-04:00,24.053552776553527,24.24775592983847,24.053552776553527,24.183021545410156,4200,0.0,0.0,0.0
2023-06-07 00:00:00-04:00,24.23850882184732,24.318040395946923,24.14603213425402,24.169151306152344,3400,0.0,0.0,0.0
2023-06-08 00:00:00-04:00,24.132157665130634,24.27549934387207,24.132157665130634,24.27549934387207,4400,0.0,0.0,0.0
2023-06-09 00:00:00-04:00,24.432711739081785,24.506694141406317,24.330985274430702,24.416990280151367,5000,0.0,0.0,0.0
2023-06-12 00:00:00-04:00,24.40496681809508,24.56217963798831,24.377224520624214,24.4604549407959,9900,0.0,0.0,0.0
2023-06-13 00:00:00-04:00,24.654656664009508,24.75638311924475,24.589922288452335,24.6241397857666,6000,0.0,0.0,0.0
2023-06-14 00:00:00-04:00,24.64540799594934,24.895099235571422,24.64540799594934,24.737886428833008,8300,0.0,0.0,0.0
2023-06-15 00:00:00-04:00,24.72864259283862,24.922847511138556,24.673156229272795,24.859037399291992,5700,0.0,0.0,0.0
2023-06-16 00:00:00-04:00,24.821118766321298,24.895101165587906,24.728640326268152,24.773954391479492,10500,0.0,0.0,0.0
2023-06-20 00:00:00-04:00,24.562179683729095,24.654658124523134,24.43271092494517,24.54738426208496,51600,0.0,0.0,0.0
2023-06-21 00:00:00-04:00,24.46045795845542,24.59917475456172,24.43271389368226,24.552934646606445,162700,0.0,0.0,0.0
2023-06-22 00:00:00-04:00,24.404966147349036,24.449355938737863,24.363350938406946,24.392019271850586,4100,0.0,0.0,0.0
2023-06-23 00:00:00-04:00,24.173771942443206,24.257002363799156,24.081295264385098,24.181171417236328,546400,0.0,0.0,0.0
2023-06-26 00:00:00-04:00,24.293995385750897,24.37722581032597,24.27549934387207,24.27549934387207,6200,0.0,0.0,0.0
2023-06-27 00:00:00-04:00,24.39109935307542,24.49744895849434,24.307868920333686,24.47525405883789,52700,0.0,0.0,0.0
2023-06-28 00:00:00-04:00,24.2683777611782,24.342592913345186,24.2683777611782,24.28693199157715,2900,0.083,0.0,0.0
2023-06-29 00:00:00-04:00,24.286927666416094,24.361142805366402,24.236831607146105,24.27950668334961,10400,0.0,0.0,0.0
2023-06-30 00:00:00-04:00,24.444636620364136,24.518851764058276,24.444636620364136,24.45855140686035,17100,0.0,0.0,0.0
2023-07-03 00:00:00-04:00,24.639447720096697,24.72293996780301,24.56523258540535,24.662639617919922,74700,0.0,0.0,0.0
2023-07-05 00:00:00-04:00,24.481746445163314,24.583792944357114,24.472469329833984,24.472469329833984,12600,0.0,0.0,0.0
2023-07-06 00:00:00-04:00,24.212716349999425,24.212716349999425,23.999348013010753,24.059646606445312,13700,0.0,0.0,0.0
2023-07-07 00:00:00-04:00,24.110668658285064,24.39825213167501,24.110668658285064,24.21271514892578,7400,0.0,0.0,0.0
2023-07-10 00:00:00-04:00,24.249823309422283,24.25910042453707,24.138501466902373,24.20436668395996,14000,0.0,0.0,0.0
2023-07-11 00:00:00-04:00,24.379701510121848,24.630176544189453,24.324038818614547,24.630176544189453,6300,0.0,0.0,0.0
2023-07-12 00:00:00-04:00,24.79716088559812,24.927038728668904,24.73407897958435,24.871376037597656,8500,0.0,0.0,0.0
2023-07-13 00:00:00-04:00,24.99197389840603,25.168233758291368,24.99197389840603,25.07546615600586,7000,0.0,0.0,0.0
2023-07-14 00:00:00-04:00,25.149684896494335,25.158962011935454,25.066192626953125,25.066192626953125,10800,0.0,0.0,0.0
2023-07-17 00:00:00-04:00,25.0290790168497,25.186786408051493,25.02536852532225,25.13576316833496,21000,0.0,0.0,0.0
2023-07-18 00:00:00-04:00,25.09401815485421,25.196064638812157,25.05691146850586,25.05691146850586,6200,0.0,0.0,0.0
2023-07-19 00:00:00-04:00,25.14040690122216,25.279560089111328,25.010529059020655,25.279560089111328,13600,0.0,0.0,0.0
2023-07-20 00:00:00-04:00,25.0012519816712,25.056912899085866,24.84354457447242,24.954866409301758,36000,0.0,0.0,0.0
2023-07-21 00:00:00-04:00,24.908481184255336,25.05691146850586,24.899204070311107,25.05691146850586,21400,0.0,0.0,0.0
2023-07-24 00:00:00-04:00,24.973418826647084,25.288833618164062,24.973418826647084,25.288833618164062,17000,0.0,0.0,0.0
2023-07-25 00:00:00-04:00,25.140407890023052,25.261006852422618,25.140407890023052,25.24245262145996,12300,0.0,0.0,0.0
2023-07-26 00:00:00-04:00,25.20534372108576,25.31666732768139,25.15988709780925,25.307390213012695,15000,0.0,0.0,0.0
2023-07-27 00:00:00-04:00,25.28883670415688,25.36305185419213,25.010528564453125,25.010528564453125,12300,0.0,0.0,0.0
2023-07-28 00:00:00-04:00,25.200709845148015,25.307394025767746,25.131132359364774,25.265647888183594,11800,0.0,0.0,0.0
2023-07-31 00:00:00-04:00,25.17751167389078,25.25172681973886,25.121850756861882,25.19606590270996,32100,0.0,0.0,0.0
2023-08-01 00:00:00-04:00,25.094020829421375,25.158960633952375,24.954867644283876,25.010528564453125,56000,0.0,0.0,0.0
2023-08-02 00:00:00-04:00,24.676558211390518,24.676558211390518,24.516067504882812,24.516067504882812,11200,0.0,0.0,0.0
2023-08-03 00:00:00-04:00,24.426084060480626,24.51885343879196,24.333314682169295,24.407529830932617,20400,0.0,0.0,0.0
2023-08-04 00:00:00-04:00,24.652439017919164,24.732220786258264,24.52812957763672,24.52812957763672,4900,0.0,0.0,0.0
2023-08-07 00:00:00-04:00,24.57451360992444,24.603272134019793,24.509575577911928,24.53740692138672,5200,0.0,0.0,0.0
2023-08-08 00:00:00-04:00,24.30548174015583,24.463189130608747,24.23219378219412,24.342588424682617,31600,0.0,0.0,0.0
2023-08-09 00:00:00-04:00,24.529056951166545,24.546682230074396,24.37042236328125,24.37042236328125,13000,0.0,0.0,0.0
2023-08-10 00:00:00-04:00,24.518852656069512,24.722943866296205,24.37042236328125,24.37042236328125,11100,0.0,0.0,0.0
2023-08-11 00:00:00-04:00,24.24054404392556,24.35186764599872,24.212714470478737,24.22662925720215,5800,0.0,0.0,0.0
2023-08-14 00:00:00-04:00,24.027174021740162,24.23126698284767,24.027174021740162,24.110666275024414,9700,0.0,0.0,0.0
2023-08-15 00:00:00-04:00,24.092112909268288,24.092112909268288,23.869467482358168,23.939044952392578,29300,0.0,0.0,0.0
2023-08-16 00:00:00-04:00,24.011406583274304,24.092115537215026,23.71176267024311,23.74701499938965,688700,0.0,0.0,0.0
2023-08-17 00:00:00-04:00,23.888022880420507,23.906577109262354,23.702484130859375,23.702484130859375,6600,0.0,0.0,0.0
2023-08-18 00:00:00-04:00,23.656101257631995,23.84164001448295,23.656101257631995,23.82308578491211,29700,0.0,0.0,0.0
2023-08-21 00:00:00-04:00,23.776700667666862,23.888024277801385,23.708052140250683,23.84164047241211,32600,0.0,0.0,0.0
2023-08-22 00:00:00-04:00,23.952961179482518,23.952961179482518,23.767424197277666,23.878746032714844,32200,0.0,0.0,0.0
2023-08-23 00:00:00-04:00,24.045729301026647,24.32403564453125,24.045729301026647,24.32403564453125,15000,0.0,0.0,0.0
2023-08-24 00:00:00-04:00,24.231265956322073,24.231265956322073,24.060570965416634,24.095823287963867,13300,0.0,0.0,0.0
2023-08-25 00:00:00-04:00,24.008623832287142,24.203439712524414,23.90657910399981,24.203439712524414,14100,0.0,0.0,0.0
2023-08-28 00:00:00-04:00,24.119942780994343,24.333311080932617,24.110665667593317,24.333311080932617,9000,0.0,0.0,0.0
2023-08-29 00:00:00-04:00,24.147779784991112,24.407531943430204,24.110671322683313,24.364858627319336,19800,0.0,0.0,0.0
2023-08-30 00:00:00-04:00,24.370423813189458,24.388978043249033,24.221993511570396,24.351869583129883,15900,0.0,0.0,0.0
2023-08-31 00:00:00-04:00,24.102320957507498,24.194161385308174,24.02717685902108,24.084693908691406,30700,0.0,0.0,0.0
2023-09-01 00:00:00-04:00,24.273013420384583,24.286928206300683,24.208073624109563,24.26559066772461,41200,0.0,0.0,0.0
2023-09-05 00:00:00-04:00,24.175609588623047,24.21271805127825,24.07820252829647,24.175609588623047,18300,0.0,0.0,0.0
2023-09-06 00:00:00-04:00,24.045730590820312,24.0503682633751,23.82308515018839,24.045730590820312,9700,0.0,0.0,0.0
2023-09-07 00:00:00-04:00,23.91585327066745,23.91585327066745,23.832361013634866,23.90657615661621,11500,0.0,0.0,0.0
2023-09-08 00:00:00-04:00,23.962238557732544,24.055007934570312,23.926986229922765,24.055007934570312,4800,0.0,0.0,0.0
2023-09-11 00:00:00-04:00,24.129221494946684,24.22199086568213,24.11994438093028,24.220134735107422,5300,0.0,0.0,0.0
2023-09-12 00:00:00-04:00,24.03645090587968,24.138497385459114,24.03645090587968,24.101388931274414,6400,0.0,0.0,0.0
2023-09-13 00:00:00-04:00,24.14128235699256,24.212714189840117,24.13849904579441,24.155197143554688,2200,0.0,0.0,0.0
2023-09-14 00:00:00-04:00,24.314759219097137,24.361144790613956,24.26837541700895,24.278579711914062,7500,0.0,0.0,0.0
2023-09-15 00:00:00-04:00,24.398250714221827,24.398250714221827,24.212713742251648,24.251676559448242,12200,0.0,0.0,0.0
2023-09-18 00:00:00-04:00,24.18488380527049,24.231269378029307,24.147777116492115,24.21271514892578,22900,0.0,0.0,0.0
2023-09-19 00:00:00-04:00,24.129223327930763,24.1848842468289,24.08376670439727,24.147777557373047,18800,0.0,0.0,0.0
2023-09-20 00:00:00-04:00,24.268379377627863,24.268379377627863,23.92327880859375,23.92327880859375,602800,0.0,0.0,0.0
2023-09-21 00:00:00-04:00,23.628268645089133,23.721038018535452,23.489115469633965,23.600439071655273,215900,0.0,0.0,0.0
2023-09-22 00:00:00-04:00,23.683930869903172,23.804529814436382,23.5355005830491,23.581884384155273,394600,0.0,0.0,0.0
2023-09-25 00:00:00-04:00,23.535502045712054,23.65610099774014,23.498393586978057,23.64682388305664,19800,0.0,0.0,0.0
2023-09-26 00:00:00-04:00,23.35923911909221,23.479838064478407,23.18297748867059,23.34068489074707,467100,0.0,0.0,0.0
2023-09-27 00:00:00-04:00,23.468883600999135,23.468883600999135,23.253659019601695,23.328519821166992,21400,0.217,0.0,0.0
2023-09-28 00:00:00-04:00,23.25365988644097,23.468884475861454,23.25365988644097,23.432390213012695,12700,0.0,0.0,0.0
2023-09-29 00:00:00-04:00,23.627964041705138,23.627964041705138,23.391216278076172,23.391216278076172,133200,0.0,0.0,0.0
2023-10-02 00:00:00-04:00,23.3285193048355,23.379986439426695,23.197513351201366,23.288280487060547,42700,0.0,0.0,0.0
2023-10-03 00:00:00-04:00,23.122653890874957,23.291091159634178,23.03843704131784,23.046857833862305,9700,0.0,0.0,0.0
2023-10-04 00:00:00-04:00,22.98228708408253,23.1320086845139,22.916784106996587,23.074928283691406,419300,0.0,0.0,0.0
2023-10-05 00:00:00-04:00,23.010364722387887,23.085225536166526,22.926146083784097,22.995391845703125,795700,0.0,0.0,0.0
2023-10-06 00:00:00-04:00,23.01972148203931,23.282670457544334,22.928017301747786,23.263019561767578,30700,0.0,0.0,0.0
2023-10-09 00:00:00-04:00,22.982287840047672,23.154467864689558,22.92614268424467,23.12639617919922,8600,0.0,0.0,0.0
2023-10-10 00:00:00-04:00,23.22558974451108,23.426778519708968,23.22558974451108,23.41835594177246,9100,0.0,0.0,0.0
2023-10-11 00:00:00-04:00,23.478237459618995,23.52502478338815,23.39401884897692,23.515666961669922,9300,0.0,0.0,0.0
2023-10-12 00:00:00-04:00,23.328519465866226,23.38279412624169,23.19002618190969,23.244300842285156,9500,0.0,0.0,0.0
2023-10-13 00:00:00-04:00,23.233070825498242,23.233070825498242,22.98228723239838,23.10393714904785,515600,0.0,0.0,0.0
2023-10-16 00:00:00-04:00,23.122652691015677,23.309805598774915,23.122652691015677,23.285476684570312,6900,0.0,0.0,0.0
2023-10-17 00:00:00-04:00,23.085220844051033,23.32851888558645,23.085220844051033,23.198448181152344,7700,0.0,0.0,0.0
2023-10-18 00:00:00-04:00,23.197514714383832,23.197514714383832,23.01971963484506,23.075864791870117,11000,0.0,0.0,0.0
2023-10-19 00:00:00-04:00,23.019718204422823,23.15072415761483,22.96076552548642,22.99632453918457,8300,0.0,0.0,0.0
2023-10-20 00:00:00-04:00,22.860640856369844,22.898070367182857,22.75209152688504,22.76799964904785,9900,0.0,0.0,0.0
2023-10-23 00:00:00-04:00,22.476978767420363,22.692203360627705,22.476978767420363,22.5930118560791,11300,0.0,0.0,0.0
2023-10-24 00:00:00-04:00,22.707175379091797,22.74834766052427,22.68284468113413,22.702495574951172,7300,0.0,0.0,0.0
2023-10-25 00:00:00-04:00,22.55184048063439,22.61266544544852,22.51628146264701,22.530317306518555,10600,0.0,0.0,0.0
2023-10-26 00:00:00-04:00,22.308543262717915,22.420833587646484,22.308543262717915,22.420833587646484,7300,0.0,0.0,0.0
2023-10-27 00:00:00-04:00,22.45358701874174,22.45358701874174,22.265498849143036,22.327259063720703,2800,0.0,0.0,0.0
2023-10-30 00:00:00-04:00,22.570557339360644,22.653838944906244,22.476980877279885,22.50505256652832,7000,0.0,0.0,0.0
2023-10-31 00:00:00-04:00,22.467622710385502,22.467622710385502,22.411477547921216,22.420833587646484,3000,0.0,0.0,0.0
2023-11-01 00:00:00-04:00,22.514410667877723,22.776424407958984,22.514410667877723,22.776424407958984,8600,0.0,0.0,0.0
2023-11-02 00:00:00-04:00,23.113295808095533,23.280796030236186,23.099258180391544,23.231201171875,17300,0.0,0.0,0.0
2023-11-03 00:00:00-04:00,23.33787792640648,23.656036783108192,23.33787792640648,23.6232852935791,15500,0.0,0.0,0.0
2023-11-06 00:00:00-05:00,23.815117253752696,23.824473292751353,23.71218297654349,23.80575942993164,3400,0.0,0.0,0.0
2023-11-07 00:00:00-05:00,23.656036143446137,23.767391204833984,23.656036143446137,23.767391204833984,16300,0.0,0.0,0.0
2023-11-08 00:00:00-05:00,23.665393404171013,23.665393404171013,23.487598338030253,23.627962112426758,18800,0.0,0.0,0.0
2023-11-09 00:00:00-05:00,23.637323058996444,23.637323058996444,23.3977677576786,23.45952796936035,4400,0.0,0.0,0.0
2023-11-10 00:00:00-05:00,23.561521679403302,23.70188544063145,23.561521679403302,23.66351890563965,3900,0.0,0.0,0.0
2023-11-13 00:00:00-05:00,23.525026715558315,23.65603444555154,23.496955032920024,23.585851669311523,2900,0.0,0.0,0.0
2023-11-14 00:00:00-05:00,23.86190293164212,24.170703957011657,23.86190293164212,24.123916625976562,10400,0.0,0.0,0.0
2023-11-15 00:00:00-05:00,24.21936542215546,24.265217509833008,24.161347984940733,24.240888595581055,6700,0.0,0.0,0.0
2023-11-16 00:00:00-05:00,24.26428491783871,24.32978790740241,24.208139753187343,24.22217559814453,10100,0.0,0.0,0.0
2023-11-17 00:00:00-05:00,24.329783651544858,24.35692008966798,24.20813551860894,24.348499298095703,13100,0.0,0.0,0.0
2023-11-20 00:00:00-05:00,24.37657502667912,24.52629665427709,24.283000348047334,24.50290298461914,5800,0.0,0.0,0.0
2023-11-21 00:00:00-05:00,24.507578466079092,24.507578466079092,24.329783395362746,24.410259246826172,8400,0.0,0.0,0.0
2023-11-22 00:00:00-05:00,24.385931407345698,24.385931407345698,24.273641085708473,24.303585052490234,6300,0.0,0.0,0.0
2023-11-24 00:00:00-05:00,24.28299756334118,24.338207474117457,24.27738251212396,24.279253005981445,1400,0.0,0.0,0.0
2023-11-27 00:00:00-05:00,24.339144907755486,24.339144907755486,24.287677764892578,24.287677764892578,2700,0.0,0.0,0.0
2023-11-28 00:00:00-05:00,24.43272221554553,24.638589009308454,24.43272221554553,24.604902267456055,5000,0.0,0.0,0.0
2023-11-29 00:00:00-05:00,24.582441353572335,24.62922868860647,24.48886489868164,24.48886489868164,14600,0.0,0.0,0.0
2023-11-30 00:00:00-05:00,24.551560308990428,24.67601776123047,24.493542871372803,24.67601776123047,4600,0.0,0.0,0.0
2023-12-01 00:00:00-05:00,24.507581164523433,24.73216359102994,24.490737794879376,24.704090118408203,5600,0.0,0.0,0.0
2023-12-04 00:00:00-05:00,24.657301842204507,24.694731352784128,24.451433287138176,24.524423599243164,16800,0.0,0.0,0.0
2023-12-05 00:00:00-05:00,24.41400480688899,24.65730288280271,24.41400480688899,24.5637264251709,10300,0.0,0.0,0.0
2023-12-06 00:00:00-05:00,24.732163280613285,24.732163280613285,24.57308384073166,24.596477508544922,18900,0.0,0.0,0.0
2023-12-07 00:00:00-05:00,24.60583601194202,24.713448314711908,24.554368870438488,24.694732666015625,11300,0.0,0.0,0.0
2023-12-08 00:00:00-05:00,24.619873243011853,24.685376232316457,24.591801553208505,24.67508316040039,12100,0.0,0.0,0.0
2023-12-11 00:00:00-05:00,24.629225071353513,24.769588840663353,24.629225071353513,24.760231018066406,14800,0.0,0.0,0.0
2023-12-12 00:00:00-05:00,24.68537529823881,24.750880069887355,24.63671568162198,24.708770751953125,11100,0.0,0.0,0.0
2023-12-13 00:00:00-05:00,24.704090058475042,25.106467574298115,24.615193405955573,25.034414291381836,9200,0.0,0.0,0.0
2023-12-14 00:00:00-05:00,25.38719255118858,25.50884246826172,25.38719255118858,25.50884246826172,13000,0.0,0.0,0.0
2023-12-15 00:00:00-05:00,25.396553286591367,25.396553286591367,25.26554731609555,25.285198211669922,12700,0.0,0.0,0.0
2023-12-18 00:00:00-05:00,25.349764170076977,25.443340621642005,25.246829894873205,25.38719367980957,26500,0.0,0.0,0.0
2023-12-19 00:00:00-05:00,25.45270186341469,25.536920502651,25.43398621362382,25.490131378173828,29200,0.0,0.0,0.0
2023-12-20 00:00:00-05:00,25.359120626889133,25.401229938582638,25.09710693359375,25.09710693359375,16800,0.0,0.0,0.0
2023-12-21 00:00:00-05:00,25.396551762056507,25.47234959885542,25.359122251942775,25.468605041503906,10500,0.0,0.0,0.0
2023-12-22 00:00:00-05:00,25.593062041761392,25.602419865331225,25.50884341445525,25.545337677001953,13100,0.0,0.0,0.0
2023-12-26 00:00:00-05:00,25.7615031081701,25.901866912841797,25.724071808352253,25.901866912841797,31700,0.0,0.0,0.0
2023-12-27 00:00:00-05:00,25.89250481544301,26.051584243774414,25.8363596598032,26.051584243774414,30500,0.0,0.0,0.0
2023-12-28 00:00:00-05:00,26.01883473293193,26.117089208979245,25.98701848788162,26.004798889160156,19600,0.0,0.0,0.0
2023-12-29 00:00:00-05:00,26.0422265163664,26.145160789437448,25.939292243295355,26.033803939819336,45800,0.0,0.0,0.0
2024-01-02 00:00:00-05:00,25.8831478071306,25.920579101950786,25.761499668609744,25.822322845458984,18500,0.0,0.0,0.0
2024-01-03 00:00:00-05:00,25.50042459920814,25.63049533181676,25.50042459920814,25.589323043823242,6700,0.0,0.0,0.0
2024-01-04 00:00:00-05:00,25.639852804974172,25.761502742834384,25.611781115331496,25.627687454223633,10000,0.0,0.0,0.0
2024-01-05 00:00:00-05:00,25.33105115497851,25.864434664054617,25.33105115497851,25.6024227142334,79400,0.0,0.0,0.0
2024-01-08 00:00:00-05:00,25.63984718246592,25.864429574472048,25.63891193563561,25.794248580932617,8000,0.0,0.0,0.0
2024-01-09 00:00:00-05:00,25.593063305339893,25.621134992612994,25.433983866443384,25.546274185180664,55400,0.0,0.0,0.0
2024-01-10 00:00:00-05:00,25.527560486972355,25.5369183110647,25.462055718325953,25.502294540405273,12900,0.0,0.0,0.0
2024-01-11 00:00:00-05:00,25.508844673875714,25.621134992612994,25.424626042411536,25.546274185180664,10800,0.0,0.0,0.0
2024-01-12 00:00:00-05:00,25.892505739032135,25.892505739032135,25.65856549989553,25.75214195251465,11400,0.0,0.0,0.0
2024-01-16 00:00:00-05:00,25.21875676544698,25.349762719246808,25.200041119240645,25.237470626831055,47800,0.0,0.0,0.0
2024-01-17 00:00:00-05:00,24.947389298715645,24.947389298715645,24.76023637592315,24.83977699279785,7200,0.0,0.0,0.0
2024-01-18 00:00:00-05:00,24.85381121600317,25.040964126586914,24.85381121600317,25.040964126586914,13700,0.0,0.0,0.0
2024-01-19 00:00:00-05:00,25.059677346772542,25.405907877539722,25.059677346772542,25.401229858398438,19900,0.0,0.0,0.0
2024-01-22 00:00:00-05:00,25.368481426052192,25.41526876239046,25.30765646095446,25.34976577758789,9300,0.0,0.0,0.0
2024-01-23 00:00:00-05:00,25.15325358533251,25.302976979575366,25.15325358533251,25.29361915588379,8600,0.0,0.0,0.0
2024-01-24 00:00:00-05:00,25.49948841206807,25.55563357487644,25.45457156789236,25.46205711364746,18600,0.0,0.0,0.0
2024-01-25 00:00:00-05:00,25.443340301513672,25.480769810775328,25.368479498168018,25.443340301513672,17100,0.0,0.0,0.0
2024-01-26 00:00:00-05:00,25.54627283226449,25.57434630287327,25.518201146478045,25.542530059814453,14500,0.0,0.0,0.0
2024-01-29 00:00:00-05:00,25.64733602154672,25.752140787022125,25.602419183536604,25.73342514038086,10900,0.0,0.0,0.0
2024-01-30 00:00:00-05:00,25.733424482341626,25.733424482341626,25.443339106109097,25.61177635192871,30900,0.0,0.0,0.0
2024-01-31 00:00:00-05:00,25.686639705851572,25.686639705851572,25.37315884833429,25.397489547729492,10300,0.0,0.0,0.0
2024-02-01 00:00:00-05:00,25.62113420491893,25.75214195251465,25.593062518508862,25.75214195251465,8100,0.0,0.0,0.0
2024-02-02 00:00:00-05:00,25.724070295267136,25.761501592883278,25.583706498851612,25.74933624267578,11000,0.0,0.0,0.0
2024-02-05 00:00:00-05:00,25.630492531193518,25.72313373870133,25.583705196377803,25.701610565185547,7200,0.0,0.0,0.0
2024-02-06 00:00:00-05:00,25.86443539818014,26.000121181658837,25.86443539818014,25.98982810974121,9700,0.0,0.0,0.0
2024-02-07 00:00:00-05:00,26.08901420107709,26.135803318933196,26.042226868043336,26.118022918701172,21800,0.0,0.0,0.0
2024-02-08 00:00:00-05:00,26.201308368839733,26.201308368839733,25.94865246692567,26.003862380981445,9300,0.0,0.0,0.0
2024-02-09 00:00:00-05:00,25.96736993458289,26.117091564392876,25.96736993458289,26.071239471435547,8800,0.0,0.0,0.0
2024-02-12 00:00:00-05:00,26.23873735043652,26.304240330006195,26.23873735043652,26.24996566772461,5700,0.0,0.0,0.0
2024-02-13 00:00:00-05:00,25.817645081305972,25.929935397232125,25.714710804355008,25.781150817871094,6200,0.0,0.0,0.0
2024-02-14 00:00:00-05:00,26.117087413429253,26.190077722633784,26.117087413429253,26.17978286743164,16400,0.0,0.0,0.0
2024-02-15 00:00:00-05:00,26.248094979428576,26.30424192373786,26.18259199589018,26.285526275634766,15500,0.0,0.0,0.0
2024-02-16 00:00:00-05:00,26.15452107574561,26.27616922233914,26.145163251419568,26.173234939575195,24300,0.0,0.0,0.0
2024-02-20 00:00:00-05:00,26.388460159301758,26.388460159301758,26.334185494546393,26.388460159301758,15400,0.0,0.0,0.0
2024-02-21 00:00:00-05:00,26.182590627754326,26.294882725682783,26.182590627754326,26.232187271118164,15200,0.0,0.0,0.0
2024-02-22 00:00:00-05:00,26.351027590091245,26.482033548870074,26.351027590091245,26.460512161254883,9300,0.0,0.0,0.0
2024-02-23 00:00:00-05:00,26.3884600866604,26.43524742126465,26.37629473712723,26.43524742126465,17100,0.0,0.0,0.0
2024-02-26 00:00:00-05:00,26.304241069210388,26.34167057937819,26.25183868408203,26.25183868408203,24200,0.0,0.0,0.0
2024-02-27 00:00:00-05:00,26.48203410413598,26.48203410413598,26.24809386722728,26.3135986328125,14500,0.0,0.0,0.0
2024-02-28 00:00:00-05:00,26.084338731929563,26.12644804970585,26.084338731929563,26.117090225219727,11800,0.0,0.0,0.0
2024-02-29 00:00:00-05:00,26.05158407794755,26.11708705658077,26.05158407794755,26.116151809692383,8300,0.0,0.0,0.0
2024-03-01 00:00:00-05:00,26.163875883057266,26.44460524514998,26.163875883057266,26.43524742126465,3200,0.0,0.0,0.0
2024-03-04 00:00:00-05:00,26.510108947753906,26.54754024431217,26.407174667041144,26.510108947753906,74800,0.0,0.0,0.0
2024-03-05 00:00:00-05:00,26.322022077334594,26.37910427193605,26.22002482341397,26.294885635375977,9100,0.0,0.0,0.0
2024-03-06 00:00:00-05:00,26.55689705475565,26.65047351404601,26.5288253663443,26.61117172241211,10000,0.0,0.0,0.0
2024-03-07 00:00:00-05:00,26.7487273637641,26.893770961492567,26.73469151988867,26.87505531311035,7500,0.0,0.0,0.0
2024-03-08 00:00:00-05:00,26.95927336567213,26.95927336567213,26.837625223451308,26.849790573120117,9200,0.0,0.0,0.0
2024-03-11 00:00:00-04:00,26.772118725852035,26.772118725852035,26.669184460300755,26.74404525756836,5600,0.0,0.0,0.0
2024-03-12 00:00:00-04:00,26.753404804813087,26.902191162109375,26.753404804813087,26.902191162109375,7400,0.0,0.0,0.0
2024-03-13 00:00:00-04:00,26.790836828605034,26.790836828605034,26.71597601948399,26.78148078918457,3900,0.0,0.0,0.0
2024-03-14 00:00:00-04:00,26.837624805321276,26.837624805321276,26.631756250400876,26.669187545776367,12100,0.0,0.0,0.0
2024-03-15 00:00:00-04:00,26.482036202382965,26.51946749996888,26.42121302103961,26.44179916381836,7800,0.0,0.0,0.0
2024-03-18 00:00:00-04:00,26.613040569208675,26.613040569208675,26.482032829167917,26.52882194519043,7600,0.0,0.0,0.0
2024-03-19 00:00:00-04:00,26.3884600866604,26.463320892920642,26.33231314334841,26.43524742126465,12700,0.0,0.0,0.0
2024-03-20 00:00:00-04:00,26.3791035904098,26.72533416748047,26.3791035904098,26.72533416748047,6300,0.0,0.0,0.0
2024-03-21 00:00:00-04:00,26.893770290899052,26.95927327378103,26.79551581657609,26.846982955932617,20900,0.0,0.0,0.0
2024-03-22 00:00:00-04:00,26.75340662174975,26.77212226974964,26.687903638572564,26.735626220703125,11000,0.0,0.0,0.0
2024-03-25 00:00:00-04:00,26.687902749360173,26.86850357055664,26.687902749360173,26.86850357055664,6600,0.0,0.0,0.0
2024-03-26 00:00:00-04:00,26.809551683631685,26.809551683631685,26.74404870069222,26.753406524658203,13400,0.0,0.0,0.0
2024-03-27 00:00:00-04:00,26.80955151361347,26.817974090576172,26.725332883276124,26.817974090576172,12200,0.0,0.0,0.0
2024-03-28 00:00:00-04:00,26.80019487529598,26.865697860717773,26.80019487529598,26.865697860717773,6600,0.0,0.0,0.0
2024-04-01 00:00:00-04:00,26.865697637726075,26.921844583183713,26.74404949221281,26.78148078918457,13300,0.0,0.0,0.0
2024-04-02 00:00:00-04:00,26.809547356634447,26.912481618824508,26.809547356634447,26.876922607421875,12000,0.0,0.0,0.0
2024-04-03 00:00:00-04:00,26.71597402672933,26.959272084430644,26.71597402672933,26.921842575073242,17800,0.0,0.0,0.0
2024-04-04 00:00:00-04:00,27.22128766889147,27.23064549308258,26.846046593564658,26.87505531311035,11200,0.0,0.0,0.0
2024-04-05 00:00:00-04:00,26.837625460035696,27.01542054776186,26.837625460035696,27.00419044494629,6700,0.0,0.0,0.0
2024-04-08 00:00:00-04:00,27.14642496768987,27.183854477022464,27.034132870047415,27.15859031677246,7100,0.0,0.0,0.0
2024-04-09 00:00:00-04:00,27.380364485342355,27.38972230863626,27.258714567343876,27.349483489990234,30600,0.0,0.0,0.0
2024-04-10 00:00:00-04:00,26.91248736434925,26.959274701793973,26.832946748906195,26.926523208618164,6400,0.0,0.0,0.0
2024-04-11 00:00:00-04:00,27.118352188392223,27.118352188392223,26.92184324353632,27.09308624267578,11700,0.0,0.0,0.0
2024-04-12 00:00:00-04:00,26.744051385082532,26.781482684703573,26.547542416539862,26.641117095947266,21700,0.0,0.0,0.0
2024-04-15 00:00:00-04:00,26.70661882830196,26.865696479104056,26.333250045776367,26.333250045776367,22300,0.0,0.0,0.0
2024-04-16 00:00:00-04:00,26.02351077354335,26.079657714005478,25.911220462263724,26.051584243774414,12900,0.0,0.0,0.0
2024-04-17 00:00:00-04:00,26.12644541845256,26.15451888908358,25.958008164311114,26.042226791381836,17800,0.0,0.0,0.0
2024-04-18 00:00:00-04:00,26.22002246870893,26.22002246870893,25.96830182864767,25.994503021240234,8500,0.0,0.0,0.0
2024-04-19 00:00:00-04:00,25.873789204648972,25.873789204648972,25.770856716636377,25.864431381225586,11100,0.0,0.0,0.0
2024-04-22 00:00:00-04:00,25.892508872810335,26.014157026562632,25.761502894181305,25.98982810974121,5400,0.0,0.0,0.0
2024-04-23 00:00:00-04:00,25.967366926320743,26.247159256545675,25.967366926320743,26.221893310546875,4500,0.0,0.0,0.0
2024-04-24 00:00:00-04:00,26.322954248594407,26.379101189622226,26.178847693232136,26.276166915893555,10200,0.0,0.0,0.0
2024-04-25 00:00:00-04:00,26.07030082998887,26.252773931010072,26.07030082998887,26.25183868408203,9500,0.0,0.0,0.0
2024-04-26 00:00:00-04:00,26.34166894417704,26.619590759277344,26.34166894417704,26.619590759277344,3600,0.0,0.0,0.0
2024-04-29 00:00:00-04:00,26.650470860610312,26.650470860610312,26.575610057595995,26.629884719848633,2400,0.0,0.0,0.0
2024-04-30 00:00:00-04:00,26.575611804540443,26.575611804540443,26.40717454048044,26.408111572265625,7500,0.0,0.0,0.0
2024-05-01 00:00:00-04:00,26.416532273059417,26.416532273059417,26.31359977801902,26.405303955078125,2600,0.0,0.0,0.0
2024-05-02 00:00:00-04:00,26.56625341447741,26.734690674949018,26.51478627546415,26.698196411132812,9000,0.0,0.0,0.0
2024-05-03 00:00:00-04:00,26.977987736118816,26.977987736118816,26.80861523501799,26.901254653930664,9800,0.0,0.0,0.0
2024-05-06 00:00:00-04:00,26.949917718491655,27.173564910888672,26.83762739119054,27.173564910888672,4100,0.0,0.0,0.0
2024-05-07 00:00:00-04:00,26.91248566350457,26.91248566350457,26.809551385844507,26.838560104370117,11200,0.0,0.0,0.0
2024-05-08 00:00:00-04:00,26.79083597579227,26.893770254365503,26.725332992999274,26.870376586914062,4400,0.0,0.0,0.0
2024-05-09 00:00:00-04:00,26.687900105823203,26.753403080329587,26.64111099201708,26.74404525756836,6500,0.0,0.0,0.0
2024-05-10 00:00:00-04:00,26.94991557128131,26.94991557128131,26.69726146257251,26.735626220703125,8600,0.0,0.0,0.0
2024-05-13 00:00:00-04:00,26.931202468089847,26.940560292353865,26.753407376718453,26.787094116210938,10100,0.0,0.0,0.0
2024-05-14 00:00:00-04:00,26.89377127978,27.0528507232666,26.89377127978,27.0528507232666,7000,0.0,0.0,0.0
2024-05-15 00:00:00-04:00,27.13706661613984,27.355098724365234,27.13706661613984,27.355098724365234,11900,0.0,0.0,0.0
2024-05-16 00:00:00-04:00,27.286791538469455,27.286791538469455,27.20257290284027,27.24187469482422,2400,0.0,0.0,0.0
2024-05-17 00:00:00-04:00,27.361649673130376,27.361649673130376,27.1464250852743,27.333576202392578,13900,0.0,0.0,0.0
2024-05-20 00:00:00-04:00,27.296148655074994,27.305506479326944,27.23719596862793,27.23719596862793,4200,0.0,0.0,0.0
2024-05-21 00:00:00-04:00,27.204441777502247,27.230642968879586,27.034132248727243,27.20911979675293,11000,0.0,0.0,0.0
2024-05-22 00:00:00-04:00,27.268074181157665,27.268074181157665,27.16607693475449,27.17449951171875,3400,0.0,0.0,0.0
2024-05-23 00:00:00-04:00,27.483301614309706,27.483301614309706,27.160462923981072,27.193214416503906,9700,0.0,0.0,0.0
2024-05-24 00:00:00-04:00,27.268072922393085,27.342933725381897,27.193212119404272,27.296146392822266,3500,0.0,0.0,0.0
2024-05-28 00:00:00-04:00,27.155783420851005,27.268073736274633,27.155783420851005,27.23064422607422,3200,0.0,0.0,0.0
2024-05-29 00:00:00-04:00,26.734689783656084,26.809550587500787,26.687902450561523,26.687902450561523,12700,0.0,0.0,0.0
2024-05-30 00:00:00-04:00,26.491388248474152,26.659825481226207,26.491388248474152,26.631752014160156,14100,0.0,0.0,0.0
2024-05-31 00:00:00-04:00,26.36038578334297,26.451154708862305,26.28552497944456,26.451154708862305,9800,0.0,0.0,0.0
2024-06-03 00:00:00-04:00,26.912485214274174,26.987346019098513,26.81890876203816,26.915292739868164,12100,0.0,0.0,0.0
2024-06-04 00:00:00-04:00,26.26680881743708,26.304240111063812,26.16387454478589,26.267744064331055,5400,0.0,0.0,0.0
2024-06-05 00:00:00-04:00,26.631756156253424,26.809551239013672,26.631756156253424,26.809551239013672,4300,0.0,0.0,0.0
2024-06-06 00:00:00-04:00,27.006061182809425,27.090279809831177,26.94055820286414,27.015419006347656,25300,0.0,0.0,0.0
2024-06-07 00:00:00-04:00,26.903128860060818,26.9124866842778,26.734691593800147,26.82826805114746,7300,0.0,0.0,0.0
2024-06-10 00:00:00-04:00,26.818910152786174,26.94991612181675,26.715975871506455,26.87505531311035,26400,0.0,0.0,0.0
2024-06-11 00:00:00-04:00,26.74404525756836,26.837621700358415,26.687900105823203,26.74404525756836,4600,0.0,0.0,0.0
2024-06-12 00:00:00-04:00,27.193210286436987,27.305502375762284,27.172624147069936,27.249357223510742,14600,0.0,0.0,0.0
2024-06-13 00:00:00-04:00,27.23064313081041,27.23064313081041,27.068756177510707,27.16514015197754,19900,0.0,0.0,0.0
2024-06-14 00:00:00-04:00,27.108994302072507,27.23064422607422,27.076242811338748,27.23064422607422,4100,0.0,0.0,0.0
2024-06-17 00:00:00-04:00,27.230643541781603,27.464583775328144,27.193212247699435,27.418731689453125,8200,0.0,0.0,0.0
2024-06-18 00:00:00-04:00,27.60494684486752,27.77338409423828,27.60494684486752,27.77338409423828,6200,0.0,0.0,0.0
2024-06-20 00:00:00-04:00,27.913751486086795,27.913751486086795,27.6844892481473,27.791166305541992,51000,0.0,0.0,0.0
2024-06-21 00:00:00-04:00,27.726597876762074,27.754671349533147,27.62272834777832,27.62272834777832,7600,0.0,0.0,0.0
2024-06-24 00:00:00-04:00,27.698524475097656,27.86696173165788,27.623663670495596,27.698524475097656,14000,0.0,0.0,0.0
2024-06-25 00:00:00-04:00,27.56002854852423,27.71723747253418,27.539442409294082,27.71723747253418,12300,0.0,0.0,0.0
2024-06-26 00:00:00-04:00,27.661094293865176,27.679809941974668,27.55816179890784,27.670452117919922,11300,0.0,0.0,0.0
2024-06-27 00:00:00-04:00,27.926720328410408,27.926720328410408,27.78591369324862,27.90794563293457,8800,0.093,0.0,0.0
2024-06-28 00:00:00-04:00,28.01120337816115,28.01120337816115,27.84223470756372,27.91733169555664,4000,0.0,0.0,0.0
2024-07-01 00:00:00-04:00,27.926719042862434,27.987735905123376,27.8703967494811,27.91733169555664,11300,0.0,0.0,0.0
2024-07-02 00:00:00-04:00,27.757752845361143,28.001818525696695,27.757752845361143,27.954883575439453,23200,0.0,0.0,0.0
2024-07-03 00:00:00-04:00,28.086302407066935,28.30220603942871,28.086302407066935,28.30220603942871,8600,0.0,0.0,0.0
2024-07-05 00:00:00-04:00,28.41485310713376,28.625123977661133,28.41485310713376,28.625123977661133,7100,0.0,0.0,0.0
2024-07-08 00:00:00-04:00,28.818498692798208,28.837271597836352,28.70585231030179,28.762174606323242,9300,0.0,0.0,0.0
2024-07-09 00:00:00-04:00,28.79033594644635,28.837270893575738,28.75278655638007,28.809110641479492,8200,0.0,0.0,0.0
2024-07-10 00:00:00-04:00,28.931143190620286,29.053176920465102,28.87482089478226,29.025014877319336,11200,0.0,0.0,0.0
2024-07-11 00:00:00-04:00,29.250305651914474,29.250305651914474,29.025014679643213,29.081336975097656,6900,0.0,0.0,0.0
2024-07-12 00:00:00-04:00,29.03440487500704,29.184598871252337,28.996855480718885,29.113256454467773,7700,0.0,0.0,0.0
2024-07-15 00:00:00-04:00,29.053176693153954,29.053176693153954,28.83727127829933,28.902982711791992,14300,0.0,0.0,0.0
2024-07-16 00:00:00-04:00,28.996855734247234,29.15549888273053,28.959308130084455,29.128276824951172,18700,0.0,0.0,0.0
2024-07-17 00:00:00-04:00,28.818501010220622,28.818501010220622,28.62137027261312,28.649532318115234,12100,0.0,0.0,0.0
2024-07-18 00:00:00-04:00,28.63075259500299,28.63075259500299,28.386686948191183,28.396074295043945,4100,0.0,0.0,0.0
2024-07-19 00:00:00-04:00,28.28343223330578,28.28343223330578,28.020593643188477,28.020593643188477,1900,0.0,0.0,0.0
2024-07-22 00:00:00-04:00,28.067530670327347,28.22711202204018,28.058143321349682,28.17078971862793,105600,0.0,0.0,0.0
2024-07-23 00:00:00-04:00,27.945495167702443,28.1332367520665,27.945495167702443,28.086301803588867,12900,0.0,0.0,0.0
2024-07-24 00:00:00-04:00,27.879785434229593,27.983042678639904,27.63571976393098,27.673267364501953,21100,0.0,0.0,0.0
2024-07-25 00:00:00-04:00,27.53246091203323,27.90794587250579,27.53246091203323,27.823461532592773,17600,0.0,0.0,0.0
2024-07-26 00:00:00-04:00,27.889172138444295,27.983043829412367,27.78591488978764,27.954883575439453,13000,0.0,0.0,0.0
2024-07-29 00:00:00-04:00,28.039367294348036,28.039367294348036,27.85162391658946,27.94549560546875,6900,0.0,0.0,0.0
2024-07-30 00:00:00-04:00,27.964270542831258,27.964270542831258,27.734284992613553,27.861011505126953,11400,0.0,0.0,0.0
2024-07-31 00:00:00-04:00,28.396076006113837,28.46178564758932,28.32097901721994,28.4523983001709,5800,0.0,0.0,0.0
2024-08-01 00:00:00-04:00,28.311593021025693,28.38669001350374,27.900436852924386,28.00181770324707,13700,0.0,0.0,0.0
2024-08-02 00:00:00-04:00,27.45736586015869,27.466753208640533,27.335333910802035,27.410430908203125,14500,0.0,0.0,0.0
2024-08-05 00:00:00-04:00,25.983586951020964,26.54681534374787,25.983586951020964,26.360010147094727,169900,0.0,0.0,0.0
2024-08-06 00:00:00-04:00,26.462330253381072,26.847202589688667,26.359071210314372,26.734556198120117,37100,0.0,0.0,0.0
2024-08-07 00:00:00-04:00,27.29778344544091,27.335332837894473,26.819039434379462,26.894136428833008,41100,0.0,0.0,0.0
2024-08-08 00:00:00-04:00,27.128813165938343,27.504298116138706,27.128813165938343,27.429201126098633,19600,0.0,0.0,0.0
2024-08-09 00:00:00-04:00,27.419814921850246,27.738977590441927,27.419814921850246,27.710817337036133,7200,0.0,0.0,0.0
2024-08-12 00:00:00-04:00,27.738977590441927,27.832849279519515,27.652616853998953,27.710817337036133,12000,0.0,0.0,0.0
2024-08-13 00:00:00-04:00,27.692043656920813,28.05814128825359,27.692043656920813,27.992431640625,15500,0.0,0.0,0.0
2024-08-14 00:00:00-04:00,27.907946634847097,28.076915319288727,27.907946634847097,28.011205673217773,16900,0.0,0.0,0.0
2024-08-15 00:00:00-04:00,28.105079657563586,28.34351258867728,28.105079657563586,28.28343391418457,31900,0.0,0.0,0.0
2024-08-16 00:00:00-04:00,28.400770784684703,28.762175628704775,28.358528613553695,28.658918380737305,11100,0.0,0.0,0.0
2024-08-19 00:00:00-04:00,28.677693982172258,28.86543738050337,28.56504937553658,28.81850242614746,19400,0.0,0.0,0.0
2024-08-20 00:00:00-04:00,28.79033602652326,28.846658321325872,28.602592656576597,28.75278663635254,25500,0.0,0.0,0.0
2024-08-21 00:00:00-04:00,28.79033594644635,28.837270893575738,28.649529314604727,28.809110641479492,15500,0.0,0.0,0.0
2024-08-22 00:00:00-04:00,28.72462423468093,28.72462423468093,28.358524869725922,28.424236297607422,8400,0.0,0.0,0.0
2024-08-23 00:00:00-04:00,28.546268626077026,28.931140899658203,28.546268626077026,28.931140899658203,9100,0.0,0.0,0.0
2024-08-26 00:00:00-04:00,28.931142658756524,28.931142658756524,28.724626384177967,28.75278663635254,5800,0.0,0.0,0.0
2024-08-27 00:00:00-04:00,28.68707769342748,28.790336728461053,28.658917440566334,28.74809455871582,8900,0.0,0.0,0.0
2024-08-28 00:00:00-04:00,28.799721657587305,28.799721657587305,28.55565600738447,28.696462631225586,13500,0.0,0.0,0.0
2024-08-29 00:00:00-04:00,28.64953049305587,28.72462748582396,28.59320640563965,28.59320640563965,13600,0.0,0.0,0.0
2024-08-30 00:00:00-04:00,28.658916513228593,28.658916513228593,28.471173144779506,28.630754470825195,8200,0.0,0.0,0.0
2024-09-03 00:00:00-04:00,28.536887376488185,28.536887376488185,28.013084762438382,28.17078971862793,19800,0.0,0.0,0.0
2024-09-04 00:00:00-04:00,28.039368138556725,28.25057720682727,28.001818745693058,28.076915740966797,6900,0.0,0.0,0.0
2024-09-05 00:00:00-04:00,28.011205057382355,28.180173738109154,28.00181770951381,28.12291145324707,6500,0.0,0.0,0.0
2024-09-06 00:00:00-04:00,28.19894897609581,28.19894897609581,27.49303580070708,27.59817123413086,14400,0.0,0.0,0.0
2024-09-09 00:00:00-04:00,27.90231371645242,27.917332039964226,27.85443878173828,27.85443878173828,4000,0.0,0.0,0.0
2024-09-10 00:00:00-04:00,27.85162298245801,27.85162298245801,27.729591044325318,27.84974479675293,11200,0.0,0.0,0.0
2024-09-11 00:00:00-04:00,27.710817034207537,27.91733331555855,27.58878330260421,27.908885955810547,6600,0.0,0.0,0.0
2024-09-12 00:00:00-04:00,28.026223911841655,28.24588211263727,28.026223911841655,28.231801986694336,3300,0.0,0.0,0.0
2024-09-13 00:00:00-04:00,28.349139973115896,28.433624306190712,28.349139973115896,28.40546226501465,13200,0.0,0.0,0.0
2024-09-16 00:00:00-04:00,28.330367644346445,28.45239958539128,28.28343090513418,28.443012237548828,12300,0.0,0.0,0.0
2024-09-17 00:00:00-04:00,28.489945973118232,28.489945973118232,28.396074295043945,28.396074295043945,17300,0.0,0.0,0.0
2024-09-18 00:00:00-04:00,28.396077446544776,28.639204922790483,28.396077446544776,28.414852142333984,12400,0.0,0.0,0.0
2024-09-19 00:00:00-04:00,28.724628047913352,28.893596732561353,28.555659363265352,28.83727264404297,58400,0.0,0.0,0.0
2024-09-20 00:00:00-04:00,28.91236745516655,28.91236745516655,28.602592153520245,28.74340057373047,10300,0.0,0.0,0.0
2024-09-23 00:00:00-04:00,28.827884972269377,28.987466307039156,28.827884972269377,28.97808074951172,6900,0.0,0.0,0.0
2024-09-24 00:00:00-04:00,29.19398454388173,29.399562631582842,29.100112854003907,29.33479118347168,8100,0.0,0.0,0.0
2024-09-25 00:00:00-04:00,29.52253357185748,29.588243215429348,29.118886572254848,29.146108627319336,10100,0.0,0.0,0.0
2024-09-26 00:00:00-04:00,29.944953257796953,29.944953257796953,29.569468304089686,29.77880096435547,8700,0.0,0.0,0.0
2024-09-27 00:00:00-04:00,30.040354563079493,30.07825943244671,29.348572170356903,29.391216278076172,7100,0.299,0.0,0.0
2024-09-30 00:00:00-04:00,28.808414198944103,28.846320875171372,28.66626777807146,28.755346298217773,25100,0.0,0.0,0.0
2024-10-01 00:00:00-04:00,28.836842575944203,28.836842575944203,28.467261541070094,28.64162826538086,9300,0.0,0.0,0.0
2024-10-02 00:00:00-04:00,28.62835785576727,28.72312272810055,28.552546319398566,28.67574119567871,34700,0.0,0.0,0.0
2024-10-03 00:00:00-04:00,28.400924809763026,28.410401478266884,28.14506199011773,28.363019943237305,17600,0.0,0.0,0.0
2024-10-04 00:00:00-04:00,28.41040340375475,28.41040340375475,28.20192210500941,28.34406852722168,8800,0.0,0.0,0.0
2024-10-07 00:00:00-04:00,28.34406774346661,28.381974419002944,28.182967987416728,28.184864044189453,14100,0.0,0.0,0.0
2024-10-08 00:00:00-04:00,28.28720916738959,28.514643795161305,28.28720916738959,28.513696670532227,14400,0.0,0.0,0.0
2024-10-09 00:00:00-04:00,28.46631400952405,28.60940936149626,28.39144958976686,28.571502685546875,12800,0.0,0.0,0.0
2024-10-10 00:00:00-04:00,28.64731492215372,28.64731492215372,28.381975414055834,28.55539321899414,10700,0.0,0.0,0.0
2024-10-11 00:00:00-04:00,28.713647842407227,28.789459383481642,28.44641229568165,28.713647842407227,17400,0.0,0.0,0.0
2024-10-14 00:00:00-04:00,28.73260288385523,28.84632110595703,28.6662680074166,28.84632110595703,5900,0.0,0.0,0.0
2024-10-15 00:00:00-04:00,28.77998864527004,28.789463507708163,28.55255218197574,28.59993553161621,13000,0.0,0.0,0.0
2024-10-16 00:00:00-04:00,28.685218533061487,28.798934936523438,28.628358523840866,28.798934936523438,17800,0.0,0.0,0.0
2024-10-17 00:00:00-04:00,28.808414887268814,28.83494883826596,28.590456916223733,28.711755752563477,6700,0.0,0.0,0.0
2024-10-18 00:00:00-04:00,28.9031764400795,28.95055797354279,28.789458229282104,28.85579490661621,7800,0.0,0.0,0.0
2024-10-21 00:00:00-04:00,28.761030880459895,28.8937006240617,28.595191893467945,28.717439651489258,10200,0.0,0.0,0.0
2024-10-22 00:00:00-04:00,28.471054320497807,28.571503762066804,28.4246199059531,28.543075561523438,11400,0.0,0.0,0.0
2024-10-23 00:00:00-04:00,28.419878966750915,28.547811284009562,28.220874344897297,28.410402297973633,13400,0.0,0.0,0.0
2024-10-24 00:00:00-04:00,28.66626707649163,28.66626707649163,28.21044888571043,28.353544235229492,7900,0.0,0.0,0.0
2024-10-25 00:00:00-04:00,28.400924809763026,28.486213018808026,28.26825506568845,28.363019943237305,9600,0.0,0.0,0.0
2024-10-28 00:00:00-04:00,28.419878980955424,28.438832318519456,28.36302077575308,28.391448974609375,9400,0.0,0.0,0.0
2024-10-29 00:00:00-04:00,28.249302543739383,28.410402297973633,28.249302543739383,28.410402297973633,20500,0.0,0.0,0.0
2024-10-30 00:00:00-04:00,28.135587577239015,28.173492446803564,28.090100287769683,28.154539108276367,5500,0.0,0.0,0.0
2024-10-31 00:00:00-04:00,28.23982682022829,28.23982682022829,27.70914600336552,27.92805290222168,10500,0.0,0.0,0.0
2024-11-01 00:00:00-04:00,28.192447044476882,28.192447044476882,27.91099555799619,28.031347274780273,7200,0.0,0.0,0.0
2024-11-04 00:00:00-05:00,28.2493022078729,28.2493022078729,28.012390913726893,28.11663246154785,9700,0.0,0.0,0.0
2024-11-05 00:00:00-05:00,28.258779226640655,28.438832318519456,28.173491015092264,28.391448974609375,6900,0.0,0.0,0.0
2024-11-06 00:00:00-05:00,27.89014503842192,28.29668563006499,27.89014503842192,28.283418655395508,11000,0.0,0.0,0.0
2024-11-07 00:00:00-05:00,28.27773159410719,28.488108934377376,28.27773159410719,28.419878005981445,10200,0.0,0.0,0.0
2024-11-08 00:00:00-05:00,28.334593161127945,28.334593161127945,28.09768184404913,28.164016723632812,10100,0.0,0.0,0.0
2024-11-11 00:00:00-05:00,27.946057501757682,27.946057501757682,27.74705287186491,27.841815948486328,22900,0.0,0.0,0.0
2024-11-12 00:00:00-05:00,27.95553220762185,27.95553220762185,27.330086546897963,27.415374755859375,12300,0.0,0.0,0.0
2024-11-13 00:00:00-05:00,27.12160572443206,27.273228807948254,27.074222381152172,27.18794059753418,54100,0.0,0.0,0.0
2024-11-14 00:00:00-05:00,27.292179422008914,27.292179422008914,26.988933265151655,27.020206451416016,18000,0.0,0.0,0.0
2024-11-15 00:00:00-05:00,27.28270617877198,27.28270617877198,26.96050666613528,27.125396728515625,15900,0.0,0.0,0.0
2024-11-18 00:00:00-05:00,27.159512162159544,27.37747013138203,27.159512162159544,27.358518600463867,3100,0.0,0.0,0.0
2024-11-19 00:00:00-05:00,27.320609751908965,27.500662837492712,27.320609751908965,27.453279495239258,9500,0.0,0.0,0.0
2024-11-20 00:00:00-05:00,27.33956355276246,27.33956355276246,27.16993425734896,27.225845336914062,8100,0.0,0.0,0.0
2024-11-21 00:00:00-05:00,27.197418732227625,27.30355453491211,27.131082048059994,27.30355453491211,30900,0.0,0.0,0.0
2024-11-22 00:00:00-05:00,27.453281229058426,27.56699945015893,27.40589969130227,27.548046112060547,14100,0.0,0.0,0.0
2024-11-25 00:00:00-05:00,27.576473248845307,27.614378113606854,27.453278371518643,27.557519912719727,21600,0.0,0.0,0.0
2024-11-26 00:00:00-05:00,27.59542947207614,27.604904333640597,27.47223458186051,27.52909278869629,14600,0.0,0.0,0.0
2024-11-27 00:00:00-05:00,27.358516848293664,27.405898383789285,27.178463759928803,27.282705307006836,12100,0.0,0.0,0.0
2024-11-29 00:00:00-05:00,27.282705025483146,27.462756304500385,27.09317527047693,27.396421432495117,2800,0.0,0.0,0.0
2024-12-02 00:00:00-05:00,27.386945553724217,27.48171043395996,27.339564017351222,27.48171043395996,16200,0.0,0.0,0.0
2024-12-03 00:00:00-05:00,27.349041499134678,27.52909278869629,27.27322995419037,27.52909278869629,19000,0.0,0.0,0.0
2024-12-04 00:00:00-05:00,27.604903031246092,27.73757458425657,27.595428170128656,27.728097915649414,6200,0.0,0.0,0.0
2024-12-05 00:00:00-05:00,27.832338200659958,27.89867307041209,27.822861532482563,27.842761993408203,5900,0.0,0.0,0.0
2024-12-06 00:00:00-05:00,27.80390945701695,27.80390945701695,27.661763042889035,27.728097915649414,12500,0.0,0.0,0.0
2024-12-09 00:00:00-05:00,27.832339301872313,27.965009046625788,27.766002622005868,27.77642822265625,12800,0.0,0.0,0.0
2024-12-10 00:00:00-05:00,27.766001296034638,27.766001296034638,27.604901553317468,27.658918380737305,8600,0.0,0.0,0.0
2024-12-11 00:00:00-05:00,27.813384062313318,27.85981846980089,27.652284322922128,27.80390739440918,11700,0.0,0.0,0.0
2024-12-12 00:00:00-05:00,27.686299553671958,27.763420093537945,27.56097936590174,27.667020797729492,21200,0.498,0.0,0.0
2024-12-13 00:00:00-05:00,27.93694201599527,27.93694201599527,27.686299799530392,27.792341232299805,38200,0.0,0.0,0.0
2024-12-16 00:00:00-05:00,27.676662119106975,27.78077660545899,27.676662119106975,27.71522331237793,18400,0.0,0.0,0.0
2024-12-17 00:00:00-05:00,27.44529557139628,27.676657173583454,27.324794622005133,27.47421646118164,122000,0.0,0.0,0.0
2024-12-18 00:00:00-05:00,27.503141365762623,27.503141365762623,26.52949333190918,26.52949333190918,161700,0.0,0.0,0.0
2024-12-19 00:00:00-05:00,26.876532939443052,26.876532939443052,26.751212751795403,26.78977394104004,9600,0.0,0.0,0.0
2024-12-20 00:00:00-05:00,26.751213441913112,26.924735120593,26.561303441251347,26.838937759399414,20200,0.0,0.0,0.0
2024-12-23 00:00:00-05:00,26.857253318284776,27.01149439289686,26.80905183328185,26.93437385559082,14300,0.0,0.0,0.0
2024-12-24 00:00:00-05:00,26.934375655561762,27.05005554990216,26.934375655561762,27.046199798583984,5700,0.0,0.0,0.0
2024-12-26 00:00:00-05:00,26.751212763274296,26.924734437552193,26.741572465959003,26.886173248291016,16700,0.0,0.0,0.0
2024-12-27 00:00:00-05:00,26.674091269887153,26.83797264099121,26.674091269887153,26.83797264099121,6000,0.0,0.0,0.0
2024-12-30 00:00:00-05:00,26.789775215006863,26.789775215006863,26.606613234782138,26.703014373779297,7500,0.0,0.0,0.0
2024-12-31 00:00:00-05:00,26.683733467391793,26.809053659539043,26.548772977587248,26.57769203186035,7900,0.0,0.0,0.0
2025-01-02 00:00:00-05:00,26.63553149903251,26.760853527619755,26.57769155283002,26.683732986450195,20700,0.0,0.0,0.0
2025-01-03 00:00:00-05:00,26.876532073587303,27.001854095896274,26.876532073587303,26.93437385559082,19200,0.0,0.0,0.0
2025-01-06 00:00:00-05:00,27.281418562479164,27.319979755016398,27.107898712158203,27.107898712158203,16300,0.0,0.0,0.0
2025-01-07 00:00:00-05:00,27.262140366428955,27.30937654117079,26.972936932539557,27.09825897216797,29900,0.0,0.0,0.0
2025-01-08 00:00:00-05:00,26.89581354560631,26.9150941402369,26.809052708467362,26.886173248291016,8200,0.0,0.0,0.0
2025-01-10 00:00:00-05:00,26.500573553520503,26.54877504556154,26.3270518595706,26.51021385192871,24000,0.0,0.0,0.0
2025-01-13 00:00:00-05:00,26.259569020681287,26.30487823486328,26.095687641295406,26.30487823486328,20500,0.0,0.0,0.0
2025-01-14 00:00:00-05:00,26.423452539007666,26.44273313548409,26.278851742832245,26.355972290039062,9700,0.0,0.0,0.0
2025-01-15 00:00:00-05:00,26.606613234782138,26.799413674077663,26.596972937012545,26.703014373779297,13700,0.0,0.0,0.0
2025-01-16 00:00:00-05:00,26.886174690061452,26.924735881390472,26.760854495639737,26.888103485107422,6600,0.0,0.0,0.0
2025-01-17 00:00:00-05:00,26.75121333185353,26.939194536750435,26.714580936756295,26.77242088317871,16000,0.0,0.0,0.0
2025-01-21 00:00:00-05:00,26.760854246414542,27.086688219835537,26.760854246414542,26.963294982910156,12400,0.0,0.0,0.0
2025-01-22 00:00:00-05:00,27.040415526151172,27.213937208118146,26.95365468516768,26.963294982910156,67400,0.0,0.0,0.0
2025-01-23 00:00:00-05:00,27.040414888328197,27.185017512355685,27.040414888328197,27.136816024780273,25800,0.0,0.0,0.0
2025-01-24 00:00:00-05:00,27.22357765798499,27.281417606064263,27.08861716623376,27.156097412109375,6500,0.0,0.0,0.0
2025-01-27 00:00:00-05:00,26.616253940900993,26.760854732265813,26.452372553701174,26.500572204589844,36800,0.0,0.0,0.0
2025-01-28 00:00:00-05:00,26.924735242699533,26.924735242699533,26.452371692316934,26.623001098632812,21800,0.0,0.0,0.0
2025-01-29 00:00:00-05:00,26.799414984485118,26.920881271362305,26.674094784750203,26.920881271362305,23000,0.0,0.0,0.0
2025-01-30 00:00:00-05:00,27.233221324552495,27.233221324552495,26.866899156471042,27.001859664916992,14300,0.0,0.0,0.0
2025-01-31 00:00:00-05:00,27.069335216655737,27.178268921476743,26.78013365202621,26.968114852905273,11800,0.0,0.0,0.0
2025-02-03 00:00:00-05:00,26.51021115414731,26.80905301959478,26.51021115414731,26.75121307373047,13000,0.0,0.0,0.0
2025-02-04 00:00:00-05:00,26.78013453828916,27.07608413696289,26.71265245485689,27.07608413696289,21600,0.0,0.0,0.0
2025-02-05 00:00:00-05:00,27.05873256133465,27.185018071069308,27.050055741783126,27.12717628479004,25200,0.0,0.0,0.0
2025-02-06 00:00:00-05:00,27.01149481660054,27.14838409423828,27.001854519448738,27.14838409423828,7900,0.0,0.0,0.0
2025-02-07 00:00:00-05:00,27.136815459156047,27.194655404342214,26.86785796727661,26.968114852905273,18000,0.0,0.0,0.0
2025-02-10 00:00:00-05:00,27.030776287113515,27.156096476751905,27.030776287113515,27.100183486938477,23400,0.0,0.0,0.0
2025-02-11 00:00:00-05:00,27.011498438520917,27.141639709472656,26.972937244743104,27.141639709472656,8000,0.0,0.0,0.0
2025-02-12 00:00:00-05:00,27.001854819129104,27.040414169465596,26.712651417461277,27.035594940185547,23000,0.0,0.0,0.0
2025-02-13 00:00:00-05:00,26.820623064401914,27.098257388587786,26.820623064401914,27.059696197509766,20600,0.0,0.0,0.0
2025-02-14 00:00:00-05:00,27.08862003786203,27.10790063549863,26.87653714125742,27.025959014892578,12300,0.0,0.0,0.0
2025-02-18 00:00:00-05:00,27.127176127168703,27.281417212286318,27.127176127168703,27.194656372070312,11900,0.0,0.0,0.0
2025-02-19 00:00:00-05:00,27.252497751341853,27.281416805183134,27.175377209933867,27.21875762939453,11400,0.0,0.0,0.0
2025-02-20 00:00:00-05:00,27.454939766059187,27.454939766059187,27.233218428987012,27.310338973999023,7500,0.0,0.0,0.0
2025-02-21 00:00:00-05:00,27.4260187050227,27.4260187050227,26.915093982498625,27.035594940185547,12500,0.0,0.0,0.0
2025-02-24 00:00:00-05:00,27.030776934056945,27.030776934056945,26.895814605025393,26.904491424560547,10900,0.0,0.0,0.0
2025-02-25 00:00:00-05:00,26.78013372702189,26.895813617718176,26.76085313233961,26.80423355102539,8600,0.0,0.0,0.0
2025-02-26 00:00:00-05:00,26.895814112293273,27.036559146404365,26.8090532733263,26.85436248779297,11600,0.0,0.0,0.0
2025-02-27 00:00:00-05:00,26.654814698300868,26.654814698300868,26.192091406073256,26.30198860168457,69300,0.0,0.0,0.0
2025-02-28 00:00:00-05:00,26.09568881702186,26.221010850921413,25.931807430252395,26.047489166259766,39000,0.0,0.0,0.0
2025-03-03 00:00:00-05:00,26.24992975487193,26.317410001030147,25.758285597392177,25.854686737060547,12500,0.0,0.0,0.0
2025-03-04 00:00:00-05:00,25.98000970862346,26.143891100369352,25.817091795086395,26.066770553588867,16300,0.0,0.0,0.0
2025-03-05 00:00:00-05:00,26.375253351611637,26.598901655365957,26.375253351611637,26.51021385192871,5500,0.0,0.0,0.0
2025-03-06 00:00:00-05:00,26.3848931847537,26.558413036944874,26.21137149386364,26.355972290039062,47600,0.0,0.0,0.0
2025-03-07 00:00:00-05:00,26.510211072723415,26.510211072723415,26.18244831600112,26.394529342651367,23400,0.0,0.0,0.0
2025-03-10 00:00:00-04:00,26.02820905561789,26.23064979903058,25.835406771578217,25.941448211669922,7200,0.0,0.0,0.0
2025-03-11 00:00:00-04:00,26.037848634551658,26.09568858268654,25.854686653642595,26.01856803894043,28700,0.0,0.0,0.0
2025-03-12 00:00:00-04:00,26.346329211492698,26.346329211492698,26.09568699984591,26.24028778076172,8700,0.0,0.0,0.0
2025-03-13 00:00:00-04:00,26.105327845385393,26.105327845385393,26.018567007273838,26.05230712890625,11300,0.0,0.0,0.0
2025-03-14 00:00:00-04:00,26.13425108530237,26.462013872344883,26.13425108530237,26.39260482788086,9800,0.0,0.0,0.0
2025-03-17 00:00:00-04:00,26.53913204642883,26.770493668584816,26.53913204642883,26.75121307373047,14400,0.0,0.0,0.0
2025-03-18 00:00:00-04:00,26.741575228773815,26.741575228773815,26.577693834879753,26.667346954345703,21500,0.0,0.0,0.0
2025-03-19 00:00:00-04:00,26.654812543773847,26.847614819300468,26.606612894241575,26.785917282104492,15800,0.0,0.0,0.0
2025-03-20 00:00:00-04:00,26.760855675781084,26.92377359054284,26.731934781008917,26.80905532836914,71000,0.0,0.0,0.0
2025-03-21 00:00:00-04:00,27.1368153782084,27.1368153782084,26.818692922585377,26.871713638305664,7200,0.0,0.0,0.0
2025-03-24 00:00:00-04:00,27.053910134340455,27.11271539582791,26.972933844055063,27.021135330200195,18400,0.0,0.0,0.0
2025-03-25 00:00:00-04:00,26.982577265605308,27.090545665154192,26.982577265605308,27.068374633789062,7200,0.0,0.0,0.0
2025-03-26 00:00:00-04:00,26.93437600402766,27.03366757752632,26.83315379679678,26.88135528564453,5700,0.0,0.0,0.0
2025-03-27 00:00:00-04:00,26.93437473486749,26.939193964175782,26.886173248291016,26.886173248291016,6900,0.0,0.0,0.0
2025-03-28 00:00:00-04:00,26.683747241499923,26.683747241499923,26.40286664444652,26.459043502807617,7000,0.131,0.0,0.0
2025-03-31 00:00:00-04:00,26.218841057313107,26.480351924225346,26.18978552590693,26.463886260986328,9300,0.0,0.0,0.0
2025-04-01 00:00:00-04:00,26.60626137164151,26.67406191661419,26.383493694573435,26.569456100463867,62700,0.0,0.0,0.0
2025-04-02 00:00:00-04:00,26.55299117607839,26.722487912985567,26.55299117607839,26.640159606933594,4200,0.0,0.0,0.0
2025-04-03 00:00:00-04:00,26.335066159845564,26.499720928821098,26.034812150470465,26.09583282470703,32800,0.0,0.0,0.0
2025-04-04 00:00:00-04:00,25.395564523888698,25.395564523888698,24.620719643039095,24.891916275024414,19100,0.0,0.0,0.0
2025-04-07 00:00:00-04:00,24.32047045024343,24.911289051217643,23.97372718520003,24.591665267944336,26800,0.0,0.0,0.0
2025-04-08 00:00:00-04:00,24.901601022138305,25.124370549016163,24.068643210223446,24.146127700805664,20100,0.0,0.0,0.0
2025-04-09 00:00:00-04:00,24.33983857208684,26.7079621810319,24.05895797993167,25.821731567382812,25400,0.0,0.0,0.0
2025-04-10 00:00:00-04:00,25.957326986150086,25.957326986150086,24.7950596889741,25.104997634887695,16300,0.0,0.0,0.0
2025-04-11 00:00:00-04:00,25.77330454344585,25.870158773746027,25.560220803083,25.819795608520508,5900,0.0,0.0,0.0
2025-04-14 00:00:00-04:00,25.937956054132375,26.11229475513857,25.92342644351668,25.996068954467773,15300,0.0,0.0,0.0
2025-04-15 00:00:00-04:00,26.1452284235599,26.267267926810444,26.034812609845574,26.078397750854492,6100,0.0,0.0,0.0
2025-04-16 00:00:00-04:00,26.042561125965854,26.170410620589667,25.83625727279388,25.925365447998047,15500,0.0,0.0,0.0
2025-04-17 00:00:00-04:00,26.267267585168653,26.34378220165779,26.189783096313477,26.189783096313477,7100,0.0,0.0,0.0
2025-04-21 00:00:00-04:00,26.373808714813666,26.373808714813666,25.996072046639004,26.15104103088379,21300,0.0,0.0,0.0
2025-04-22 00:00:00-04:00,26.364122704518486,26.567520649269014,26.364122704518486,26.41836166381836,8200,0.0,0.0,0.0
2025-04-23 00:00:00-04:00,26.741858790448855,26.88714196787312,26.5772040300678,26.665342330932617,9100,0.0,0.0,0.0
2025-04-24 00:00:00-04:00,26.679873808083364,26.99465560913086,26.679873808083364,26.99465560913086,3800,0.0,0.0,0.0
2025-04-25 00:00:00-04:00,26.615944925528627,26.945254441056157,26.615944925528627,26.908449172973633,5000,0.0,0.0,0.0
2025-04-28 00:00:00-04:00,27.11959743409756,27.11959743409756,26.80965947328803,26.988842010498047,40800,0.0,0.0,0.0
2025-04-29 00:00:00-04:00,27.11959675692126,27.226138621055174,27.10022517301038,27.10991096496582,4300,0.0,0.0,0.0
2025-04-30 00:00:00-04:00,27.14865616213156,27.269725799560547,27.003371119315926,27.269725799560547,7700,0.0,0.0,0.0
2025-05-01 00:00:00-04:00,27.439220952998102,27.439220952998102,27.119597202718246,27.226139068603516,4800,0.0,0.0,0.0
2025-05-02 00:00:00-04:00,27.826643710321857,27.950619264442558,27.732693557877884,27.933185577392578,13200,0.0,0.0,0.0
2025-05-05 00:00:00-04:00,28.175325798847652,28.24312449933397,28.039728397875013,28.063941955566406,2800,0.0,0.0,0.0
2025-05-06 00:00:00-04:00,27.855702512508582,27.9622443850316,27.768532225421758,27.91672134399414,5800,0.0,0.0,0.0
2025-05-07 00:00:00-04:00,27.720103494079876,27.846015097326713,27.47796423236399,27.71138572692871,5100,0.0,0.0,0.0
2025-05-08 00:00:00-04:00,27.58547173501446,27.613559236665022,27.48764579694526,27.499269485473633,3900,0.0,0.0,0.0
2025-05-09 00:00:00-04:00,27.836329628084712,27.855701212616932,27.72978776053349,27.83148765563965,5300,0.0,0.0,0.0
2025-05-12 00:00:00-04:00,28.330293013117,28.456204613663225,28.186945878642412,28.351600646972656,6200,0.0,0.0,0.0
2025-05-13 00:00:00-04:00,28.272177954116636,28.611173256887373,28.272177954116636,28.52497100830078,14700,0.0,0.0,0.0
2025-05-14 00:00:00-04:00,28.533690099867382,28.659603552193555,28.456205608965114,28.546281814575195,6200,0.0,0.0,0.0
2025-05-15 00:00:00-04:00,28.659603036002082,28.765175029465556,28.659603036002082,28.727401733398438,5600,0.0,0.0,0.0
2025-05-16 00:00:00-04:00,28.71771684905856,28.728370666503906,28.572433657563103,28.728370666503906,22000,0.0,0.0,0.0
2025-05-19 00:00:00-04:00,28.611174340062036,28.781639099121094,28.582116965338496,28.781639099121094,3300,0.0,0.0,0.0
2025-05-20 00:00:00-04:00,28.533688947828768,28.58211790729737,28.427148931749663,28.55306053161621,43300,0.0,0.0,0.0
2025-05-21 00:00:00-04:00,28.640230647401424,28.69834355105531,28.42714876908658,28.493009567260742,4400,0.0,0.0,0.0
2025-05-22 00:00:00-04:00,28.38840600864295,28.446520760505727,28.34966468811035,28.34966468811035,3500,0.0,0.0,0.0
2025-05-23 00:00:00-04:00,28.349664018398247,28.601489061726923,28.349664018398247,28.568557739257812,5700,0.0,0.0,0.0
2025-05-27 00:00:00-04:00,28.05909864682293,28.562748784434703,28.049412854094697,28.53369140625,23300,0.0,0.0,0.0
2025-05-28 00:00:00-04:00,28.572432593223457,28.81941382482794,28.49494810415382,28.66735076904297,3300,0.0,0.0,0.0
2025-05-29 00:00:00-04:00,28.563713850372878,28.775827701231414,28.477513444561033,28.702219009399414,3500,0.0,0.0,0.0
2025-05-30 00:00:00-04:00,28.717717949736887,28.717717949736887,28.262496772970024,28.398094177246094,2800,0.0,0.0,0.0
2025-06-02 00:00:00-04:00,28.37387953655698,28.63054656982422,28.36031979664665,28.63054656982422,4800,0.0,0.0,0.0
2025-06-03 00:00:00-04:00,28.465891963392146,28.863000218030322,28.446522225816054,28.494949340820312,22900,0.0,0.0,0.0
2025-06-04 00:00:00-04:00,28.727401375715882,28.882370352799747,28.727401375715882,28.804885864257812,25600,0.0,0.0,0.0
2025-06-05 00:00:00-04:00,29.20199594294594,29.35696492981547,28.904649684326237,29.036373138427734,8700,0.0,0.0,0.0
2025-06-06 00:00:00-04:00,29.134195773415517,29.269793168246686,28.988912586471272,29.250423431396484,3800,0.0,0.0,0.0
2025-06-09 00:00:00-04:00,29.221363631215695,29.36664680610905,28.911425698809655,29.267854690551758,8400,0.0,0.0,0.0
2025-06-10 00:00:00-04:00,29.444136102192342,29.69596117527989,28.727404054501353,29.56036376953125,9500,0.0,0.0,0.0
2025-06-11 00:00:00-04:00,29.676587866935428,29.82187290452011,29.550676261388162,29.61847496032715,6300,0.0,0.0,0.0
2025-06-12 00:00:00-04:00,29.55067345730681,29.715328216552734,29.521616083071947,29.715328216552734,6200,0.0,0.0,0.0
2025-06-13 00:00:00-04:00,29.734702318370527,29.734702318370527,28.485262831061593,29.17293930053711,4100,0.0,0.0,0.0
2025-06-16 00:00:00-04:00,29.502246298326043,30.024299957187935,28.407777665369576,29.260107040405273,21800,0.0,0.0,0.0
2025-06-17 00:00:00-04:00,29.33759270957575,29.405391404672347,29.085767665377034,29.153566360473633,8600,0.0,0.0,0.0
2025-06-18 00:00:00-04:00,29.211679183220518,29.323063017339994,29.15356628006598,29.221364974975586,3600,0.0,0.0,0.0
2025-06-20 00:00:00-04:00,29.77344143162452,29.77344143162452,28.465889135279866,29.114822387695312,6200,0.0,0.0,0.0
2025-06-23 00:00:00-04:00,28.494948313393017,29.637845921094435,28.485262521266197,29.216524124145508,20000,0.0,0.0,0.0
2025-06-24 00:00:00-04:00,29.647532130814525,29.99621141541152,29.647532130814525,29.951658248901367,6900,0.0,0.0,0.0
2025-06-25 00:00:00-04:00,29.967153824433836,30.02526672663951,29.92841065804615,29.957468032836914,7500,0.0,0.0,0.0
2025-06-26 00:00:00-04:00,30.141494622352397,30.315833330380293,30.141494622352397,30.27515411376953,4500,0.0,0.0,0.0
2025-06-27 00:00:00-04:00,30.42837185547142,30.42837185547142,30.155120895572534,30.2819881439209,2500,0.235,0.0,0.0
2025-06-30 00:00:00-04:00,30.14145871087596,30.265398025512695,30.14145871087596,30.265398025512695,11100,0.0,0.0,0.0
2025-07-01 00:00:00-04:00,30.38933485913434,30.403974533081055,30.23416920625806,30.403974533081055,2800,0.0,0.0,0.0
2025-07-02 00:00:00-04:00,30.360059157516954,30.55523681640625,30.360059157516954,30.55523681640625,1400,0.0,0.0,0.0
2025-07-03 00:00:00-04:00,30.74065589904785,30.87435250607814,30.691861951692513,30.74065589904785,2200,0.0,0.0,0.0
2025-07-07 00:00:00-04:00,30.49668365507224,30.555236766506418,30.21367353729564,30.301504135131836,3700,0.0,0.0,0.0
2025-07-08 00:00:00-04:00,30.379575462545628,30.47716522216797,30.360058999717037,30.47716522216797,5800,0.0,0.0,0.0
2025-07-09 00:00:00-04:00,30.633309072239626,30.633309072239626,30.418613083303384,30.4596004486084,2400,0.0,0.0,0.0
2025-07-10 00:00:00-04:00,30.36005612888103,30.47716234025844,30.36005612888103,30.448862075805664,14300,0.0,0.0,0.0
2025-07-11 00:00:00-04:00,30.31126392134784,30.39909452099239,30.301504759012904,30.324926376342773,5000,0.0,0.0,0.0
2025-07-14 00:00:00-04:00,30.233192758091125,30.27222940778473,30.20391713219083,30.262470245361328,10900,0.0,0.0,0.0
2025-07-15 00:00:00-04:00,30.50644575935305,30.50644575935305,30.329809188842773,30.329809188842773,1500,0.0,0.0,0.0
2025-07-16 00:00:00-04:00,30.36981793481112,30.594273077305882,30.330781286706035,30.58548927307129,8600,0.0,0.0,0.0
2025-07-17 00:00:00-04:00,30.5942718338978,30.64306578067625,30.584512672268158,30.619644165039062,1400,0.0,0.0,0.0
2025-07-18 00:00:00-04:00,30.808969450239736,30.808969450239736,30.46740622044848,30.509370803833008,4100,0.0,0.0,0.0
2025-07-21 00:00:00-04:00,30.711378607095657,30.779692739740756,30.69186214485256,30.70259666442871,5800,0.0,0.0,0.0
2025-07-22 00:00:00-04:00,30.45764608674457,30.564995005606946,30.418611300757217,30.526935577392578,5000,0.0,0.0,0.0
2025-07-23 00:00:00-04:00,30.711378652132314,30.808968408970063,30.711378652132314,30.794330596923828,4800,0.0,0.0,0.0
2025-07-24 00:00:00-04:00,30.633305337679946,30.82848483936906,30.633305337679946,30.643064498901367,5300,0.0,0.0,0.0
2025-07-25 00:00:00-04:00,30.589394276721396,30.673321585746205,30.545478975831546,30.623550415039062,1800,0.0,0.0,0.0
2025-07-28 00:00:00-04:00,30.44789150830127,30.44789150830127,30.3024831482251,30.35030174255371,5400,0.0,0.0,0.0
2025-07-29 00:00:00-04:00,30.447890530958993,30.447890530958993,30.30150495635148,30.36786651611328,5100,0.0,0.0,0.0
2025-07-30 00:00:00-04:00,30.43812995562298,30.43812995562298,30.242950439453125,30.242950439453125,3400,0.0,0.0,0.0
2025-07-31 00:00:00-04:00,30.086807026028225,30.366889198543085,30.086807026028225,30.195131301879883,6700,0.0,0.0,0.0
2025-08-01 00:00:00-04:00,30.07704964652138,30.116086295909284,29.96970072207453,30.000930786132812,5300,0.0,0.0,0.0
2025-08-04 00:00:00-04:00,30.22343179978296,30.370792723839212,30.18927566401558,30.213672637939453,7100,0.0,0.0,0.0
2025-08-05 00:00:00-04:00,30.389335010543544,30.496683933628272,30.281987948828682,30.32004737854004,3200,0.0,0.0,0.0
2025-08-06 00:00:00-04:00,30.340540594995687,30.408852868139075,30.213673349412392,30.374696731567383,8400,0.0,0.0,0.0
2025-08-07 00:00:00-04:00,30.838248697021555,30.895826454037834,30.73773099636552,30.76603126525879,6000,0.0,0.0,0.0
2025-08-08 00:00:00-04:00,30.81385040283203,30.867523003373353,30.760175940920828,30.81385040283203,4300,0.0,0.0,0.0
2025-08-11 00:00:00-04:00,30.68210593343075,30.789453000884517,30.68210593343075,30.752368927001953,4700,0.0,0.0,0.0
2025-08-12 00:00:00-04:00,30.91631765965632,31.15833854675293,30.887040173879626,31.15833854675293,3100,0.0,0.0,0.0
2025-08-13 00:00:00-04:00,31.23835852513528,31.433538027341015,31.15052979664935,31.25592613220215,8200,0.0,0.0,0.0
2025-08-14 00:00:00-04:00,30.935837486567834,31.035377964853193,30.867523349769755,30.945594787597656,9400,0.0,0.0,0.0
2025-08-15 00:00:00-04:00,31.06270104526544,31.06270104526544,30.61379076954068,30.956329345703125,4600,0.0,0.0,0.0
2025-08-18 00:00:00-04:00,31.004149459555773,31.194448471069336,31.004149459555773,31.194448471069336,5100,0.0,0.0,0.0
2025-08-19 00:00:00-04:00,31.04318408729869,31.05001531473964,30.85776558857863,30.908512115478516,3300,0.0,0.0,0.0
2025-08-20 00:00:00-04:00,30.535718887202698,30.697715759277344,30.516200563840048,30.697715759277344,1600,0.0,0.0,0.0
2025-08-21 00:00:00-04:00,30.564996680295963,30.681127548217773,30.564021322469532,30.681127548217773,1200,0.0,0.0,0.0
2025-08-22 00:00:00-04:00,30.887041254771347,31.043184128304958,30.887041254771347,31.000246047973633,8400,0.0,0.0,0.0
2025-08-25 00:00:00-04:00,30.857765507062194,30.99146212071473,30.057530956661132,30.851909637451172,5500,0.0,0.0,0.0
2025-08-26 00:00:00-04:00,30.791404643748724,30.791404643748724,30.57475607694753,30.73480224609375,6300,0.0,0.0,0.0
2025-08-27 00:00:00-04:00,30.62354617645852,30.77969089463162,30.44788685858193,30.643064498901367,6000,0.0,0.0,0.0
2025-08-28 00:00:00-04:00,30.63330907864727,30.78457330399734,30.63330907864727,30.783597946166992,3700,0.0,0.0,0.0
2025-08-29 00:00:00-04:00,30.740656977933078,30.740656977933078,30.340540639193378,30.420564651489258,2700,0.0,0.0,0.0
2025-09-02 00:00:00-04:00,30.19903619252182,30.32785415649414,30.184398379779015,30.32785415649414,2700,0.0,0.0,0.0
2025-09-03 00:00:00-04:00,30.42836979275616,30.564994332758992,30.42836979275616,30.457645416259766,4000,0.0,0.0,0.0
2025-09-04 00:00:00-04:00,30.53572078714786,30.651851654052734,30.477165813416597,30.651851654052734,3400,0.0,0.0,0.0
2025-09-05 00:00:00-04:00,31.111495967669857,31.111495967669857,30.72601930104571,30.857765197753906,3500,0.0,0.0,0.0
2025-09-08 00:00:00-04:00,30.916316647224075,31.03830337524414,30.916316647224075,31.03830337524414,4600,0.0,0.0,0.0
2025-09-09 00:00:00-04:00,31.121255133811534,31.16029178233893,31.052942860258447,31.111495971679688,14000,0.0,0.0,0.0
2025-09-10 00:00:00-04:00,31.530154637649424,31.573096441787428,31.453060418152766,31.482336044311523,2400,0.0,0.0,0.0
2025-09-11 00:00:00-04:00,31.726311249459403,31.833660181536484,31.706796646118164,31.706796646118164,6000,0.0,0.0,0.0
2025-09-12 00:00:00-04:00,31.736069627247385,31.90489959716797,31.736069627247385,31.90489959716797,9900,0.0,0.0,0.0
2025-09-15 00:00:00-04:00,31.862933656217173,32.02980917091779,31.862933656217173,32.009315490722656,14100,0.0,0.0,0.0
2025-09-16 00:00:00-04:00,32.40943473390307,32.40943473390307,32.19571597041193,32.35088348388672,19500,0.0,0.0,0.0
2025-09-17 00:00:00-04:00,32.45822414464213,32.535322073068215,32.11666282484043,32.362586975097656,11200,0.0,0.0,0.0
2025-09-18 00:00:00-04:00,32.30208499290073,32.45822786021832,32.30208499290073,32.457252502441406,4500,0.0,0.0,0.0
2025-09-19 00:00:00-04:00,32.37040017655496,32.45628006426381,32.321606224142634,32.45042419433594,4200,0.0,0.0,0.0
2025-09-22 00:00:00-04:00,32.51189985738624,32.68756103515625,32.45822540180433,32.68756103515625,49300,0.0,0.0,0.0
2025-09-23 00:00:00-04:00,32.877863203004104,32.897381527170204,32.7705180042001,32.815406799316406,5600,0.0,0.0,0.0
2025-09-24 00:00:00-04:00,32.79003526312065,32.94617814636447,32.50702884662498,32.53630447387695,7800,0.0,0.0,0.0
2025-09-25 00:00:00-04:00,32.31185203036492,32.37040328979492,32.25329704819461,32.37040328979492,7800,0.0,0.0,0.0
2025-09-26 00:00:00-04:00,32.0288375519052,32.31379839247388,32.0288375519052,32.241580963134766,23600,0.0,0.0,0.0
2025-09-29 00:00:00-04:00,32.56366302895063,32.56366302895063,32.37100815852026,32.4006462097168,6800,0.404,0.0,0.0
2025-09-30 00:00:00-04:00,32.316667509951984,32.50438520780786,32.316667509951984,32.48857498168945,16200,0.0,0.0,0.0
2025-10-01 00:00:00-04:00,32.75137942900544,32.91834597169124,32.75137942900544,32.800777435302734,10900,0.0,0.0,0.0
2025-10-02 00:00:00-04:00,33.136685603813234,33.136685603813234,32.79089205913209,32.94403076171875,4900,0.0,0.0,0.0
2025-10-03 00:00:00-04:00,33.14656832375155,33.32934509869123,33.126808366826204,33.1920166015625,4700,0.0,0.0,0.0
2025-10-06 00:00:00-04:00,33.265122912734256,33.39356074299314,33.265122912734256,33.36491012573242,7900,0.0,0.0,0.0
2025-10-07 00:00:00-04:00,33.48247769090325,33.48247769090325,33.15644784670961,33.18806076049805,3400,0.0,0.0,0.0
2025-10-08 00:00:00-04:00,33.36392483929325,33.408381916765755,33.36392483929325,33.39455032348633,5500,0.0,0.0,0.0
2025-10-09 00:00:00-04:00,33.39356256268486,33.52200039994262,33.23548667407011,33.30958557128906,5700,0.0,0.0,0.0
2025-10-10 00:00:00-04:00,33.423201253247605,33.4330793464995,31.694244734555042,32.48659896850586,4000,0.0,0.0,0.0
2025-10-13 00:00:00-04:00,33.19596331023712,33.403440954655984,33.19596331023712,33.34910202026367,6400,0.0,0.0,0.0
2025-10-14 00:00:00-04:00,32.85017531758022,33.22560694790964,32.85017531758022,33.099143981933594,5000,0.0,0.0,0.0
2025-10-15 00:00:00-04:00,33.76404841300794,33.808509252461064,32.761254285829175,33.80752182006836,9300,0.0,0.0,0.0
2025-10-16 00:00:00-04:00,34.02586370355989,34.27582356377307,33.17620821804144,34.11676025390625,9700,0.0,0.0,0.0
2025-10-17 00:00:00-04:00,34.28274054023931,34.33213854697328,33.91224983649499,34.1641845703125,12900,0.0,0.0,0.0
2025-10-20 00:00:00-04:00,34.41117979619657,34.776729583740234,34.41117979619657,34.776729583740234,10300,0.0,0.0,0.0
2025-10-21 00:00:00-04:00,34.381537287014886,34.381537287014886,34.124665385223715,34.230377197265625,5400,0.0,0.0,0.0
2025-10-22 00:00:00-04:00,34.338066592909044,34.338066592909044,34.183940441487316,34.26100540161133,5300,0.0,0.0,0.0
2025-10-23 00:00:00-04:00,34.26297993271769,34.460575724725224,33.34416270338498,34.40327072143555,3500,0.0,0.0,0.0
2025-10-24 00:00:00-04:00,34.52973342643063,34.73523244555788,34.51985156405027,34.59098815917969,5600,0.0,0.0,0.0
2025-10-27 00:00:00-04:00,34.737207458526804,34.915043293868806,34.737207458526804,34.850826263427734,6100,0.0,0.0,0.0
2025-10-28 00:00:00-04:00,34.628529915166574,34.974323495552966,34.628529915166574,34.935791015625,5700,0.0,0.0,0.0
2025-10-29 00:00:00-04:00,35.36950910474293,35.418907107763346,35.152157137687894,35.191673278808594,5700,0.0,0.0,0.0
2025-10-30 00:00:00-04:00,34.915043173660806,35.00396109102567,34.86366653442383,34.86366653442383,8200,0.0,0.0,0.0
2025-10-31 00:00:00-04:00,35.21143335365412,35.21143335365412,34.88540351754861,34.98419952392578,5800,0.0,0.0,0.0
2025-11-03 00:00:00-05:00,35.31023639166091,35.40903240716722,35.27071647792782,35.35963439941406,7300,0.0,0.0,0.0
2025-11-04 00:00:00-05:00,34.668050899799596,34.84884903988902,34.57419204711914,34.57419204711914,3500,0.0,0.0,0.0
2025-11-05 00:00:00-05:00,34.421055462567864,34.9348030090332,34.421055462567864,34.9348030090332,7400,0.0,0.0,0.0
2025-11-06 00:00:00-05:00,34.628529511808466,34.70262840451574,34.27285784187454,34.29261779785156,6600,0.0,0.0,0.0
2025-11-07 00:00:00-05:00,33.887549523653746,34.256065368652344,33.887549523653746,34.256065368652344,5300,0.0,0.0,0.0
2025-11-10 00:00:00-05:00,34.67792700167243,34.89528274536133,34.60876904119436,34.89528274536133,7400,0.0,0.0,0.0
2025-11-11 00:00:00-05:00,34.84588758093453,35.04348338504672,34.84588758093453,35.003963470458984,7700,0.0,0.0,0.0
2025-11-12 00:00:00-05:00,35.07312198784709,35.07312198784709,34.89627357078981,34.959503173828125,5200,0.0,0.0,0.0
2025-11-13 00:00:00-05:00,34.86564347750028,34.86564347750028,34.371655909166726,34.38054656982422,6400,0.0,0.0,0.0
2025-11-14 00:00:00-05:00,34.42105783813743,34.653232624747126,34.42105783813743,34.594940185546875,4100,0.0,0.0,0.0
2025-11-17 00:00:00-05:00,34.509973208386015,34.58900926269746,34.154301541919004,34.2076530456543,6200,0.0,0.0,0.0
2025-11-18 00:00:00-05:00,34.01598792038636,34.22741531586728,33.897431946489434,34.07526779174805,7200,0.0,0.0,0.0
2025-11-19 00:00:00-05:00,34.20370035476461,34.20370035476461,33.91619920987466,34.03377151489258,3700,0.0,0.0,0.0
2025-11-20 00:00:00-05:00,34.37165758401899,34.43587461425412,33.64352035522461,33.64352035522461,6900,0.0,0.0,0.0
2025-11-21 00:00:00-05:00,33.363921845670234,33.712677712823975,33.18312371671534,33.597084045410156,7300,0.0,0.0,0.0
2025-11-24 00:00:00-05:00,33.41826410534503,33.77887296666696,33.41826410534503,33.71959686279297,5700,0.0,0.0,0.0
2025-11-25 00:00:00-05:00,33.7689924137937,33.87767028808594,33.59115657746572,33.87767028808594,4300,0.0,0.0,0.0
2025-11-26 00:00:00-05:00,34.25309948227975,34.36671829223633,34.22346143134604,34.36671829223633,3100,0.0,0.0,0.0
2025-11-28 00:00:00-05:00,34.2876792665009,34.401294297799765,34.22345846993311,34.32917404174805,1700,0.0,0.0,0.0
2025-12-01 00:00:00-05:00,34.16418584348328,34.2778008863228,34.08514601470234,34.09502410888672,5700,0.0,0.0,0.0
2025-12-02 00:00:00-05:00,34.27285871813787,34.39141845703125,34.17406270455305,34.39141845703125,6800,0.0,0.0,0.0
2025-12-03 00:00:00-05:00,34.27285595781347,34.39141568715809,34.27285595781347,34.36078643798828,2200,0.0,0.0,0.0
2025-12-04 00:00:00-05:00,34.381538565334225,34.46057839579419,34.342018650104244,34.40129852294922,7700,0.0,0.0,0.0
2025-12-05 00:00:00-05:00,34.84588667276781,34.994080695369796,34.52973490195856,34.67792892456055,4700,0.0,0.0,0.0
2025-12-08 00:00:00-05:00,34.7569717523118,34.7569717523118,34.54949784146156,34.57913589477539,6200,0.0,0.0,0.0
2025-12-09 00:00:00-05:00,34.72732907816998,34.75696712754016,34.70756912231445,34.70756912231445,4300,0.0,0.0,0.0
2025-12-10 00:00:00-05:00,34.84588617675774,35.13140869140625,34.79648816992689,35.13140869140625,6600,0.0,0.0,0.0
2025-12-11 00:00:00-05:00,35.06983386170396,35.06983386170396,34.89105786192885,34.980445861816406,5900,0.187,0.0,0.0
2025-12-12 00:00:00-05:00,34.781803072039,34.86125696166568,34.41432078142048,34.44312286376953,11400,0.0,0.0,0.0
2025-12-15 00:00:00-05:00,34.632822944548714,34.632822944548714,34.36465895443955,34.41432189941406,9300,0.0,0.0,0.0
2025-12-16 00:00:00-05:00,34.136222781107236,34.25540929897089,34.136222781107236,34.19581604003906,5800,0.0,0.0,0.0
2025-12-17 00:00:00-05:00,34.37459473272149,34.37459473272149,33.892892937519235,33.908782958984375,5800,0.0,0.0,0.0
2025-12-18 00:00:00-05:00,34.37459305893476,34.57323347258052,34.30506948247136,34.41432189941406,6600,0.0,0.0,0.0
2025-12-19 00:00:00-05:00,34.7420777694241,34.781806612656965,34.68149185180664,34.68149185180664,5100,0.0,0.0,0.0
2025-12-22 00:00:00-05:00,34.831464090813974,34.960580930712084,34.831464090813974,34.871192932128906,3500,0.0,0.0,0.0
2025-12-23 00:00:00-05:00,34.990373371703484,35.218808511151096,34.960578637047455,35.198944091796875,9000,0.0,0.0,0.0
2025-12-24 00:00:00-05:00,35.328061525518905,35.36381596546582,35.24860763549805,35.24860763549805,2700,0.0,0.0,0.0
2025-12-26 00:00:00-05:00,35.467109220237674,35.486973640236144,35.26846880900371,35.48598098754883,4200,0.0,0.0,0.0
2025-12-29 00:00:00-05:00,35.60615677299852,35.755138030291704,35.5068384606369,35.526702880859375,12900,0.0,0.0,0.0
2025-12-30 00:00:00-05:00,35.70547909408163,35.90411950877939,35.70547909408163,35.87432098388672,3200,0.0,0.0,0.0
2025-12-31 00:00:00-05:00,35.923978645399615,35.923978645399615,35.65581845378051,35.674686431884766,5700,0.0,0.0,0.0
2026-01-02 00:00:00-05:00,36.390784404606414,36.78806523245177,36.390784404606414,36.70761489868164,7300,0.0,0.0,0.0
2026-01-05 00:00:00-05:00,36.97677138421213,37.334323369998344,36.97677138421213,37.22507095336914,7600,0.0,0.0,0.0
2026-01-06 00:00:00-05:00,37.532964514935294,37.69485404889202,37.532964514935294,37.681941986083984,6400,0.0,0.0,0.0
2026-01-07 00:00:00-05:00,37.731603842982786,37.731603842982786,37.47337017177613,37.52302932739258,2700,0.0,0.0,0.0
2026-01-08 00:00:00-05:00,37.463437472294146,37.47336778728526,37.274727388708584,37.38397979736328,5500,0.0,0.0,0.0
2026-01-09 00:00:00-05:00,37.62235575501207,37.711743760904106,37.49522421015948,37.632286071777344,5800,0.0,0.0,0.0
2026-01-12 00:00:00-05:00,37.64221481376436,37.920309108580895,37.64221481376436,37.8905143737793,6600,0.0,0.0,0.0
2026-01-13 00:00:00-05:00,37.880581766883296,37.880581766883296,37.69187545776367,37.69187545776367,3300,0.0,0.0,0.0
2026-01-14 00:00:00-05:00,37.8905130577333,37.91037368774414,37.7027956265015,37.91037368774414,7700,0.0,0.0,0.0
2026-01-15 00:00:00-05:00,38.2371410557043,38.36725054541078,38.17854044776364,38.277862548828125,11700,0.0,0.0,0.0
2026-01-16 00:00:00-05:00,38.36725184064982,38.36725184064982,38.1189522627324,38.257999420166016,3800,0.0,0.0,0.0
2026-01-20 00:00:00-05:00,38.10901843237298,38.262966748141096,37.930242431884835,38.019630432128906,15200,0.0,0.0,0.0
2026-01-21 00:00:00-05:00,38.46656893250571,38.87378007578485,38.46656893250571,38.74466323852539,8100,0.0,0.0,0.0
2026-01-22 00:00:00-05:00,38.94330209685029,39.10221366376454,38.87377852312222,39.00289535522461,14700,0.0,0.0,0.0
2026-01-23 00:00:00-05:00,38.9830343196647,39.360450744628906,38.96316989848227,39.360450744628906,5200,0.0,0.0,0.0
2026-01-26 00:00:00-05:00,39.50942315180814,39.51439020365428,39.320716857910156,39.320716857910156,7900,0.0,0.0,0.0
2026-01-27 00:00:00-05:00,40.02589107049597,40.48276138305664,40.02589107049597,40.48276138305664,10300,0.0,0.0,0.0
2026-01-28 00:00:00-05:00,40.70126543898917,40.74099427985953,40.36556317451097,40.61187744140625,10300,0.0,0.0,0.0
2026-01-29 00:00:00-05:00,40.95949764149522,40.95949764149522,39.67827098517678,40.32980728149414,17600,0.0,0.0,0.0
2026-01-30 00:00:00-05:00,40.51255702701605,40.51255702701605,39.400172272838546,39.64847183227539,10300,0.0,0.0,0.0
2026-02-02 00:00:00-05:00,39.360447084292126,40.02588808264128,39.360447084292126,39.95537185668945,16800,0.0,0.0,0.0
2026-02-03 00:00:00-05:00,40.64167232541552,40.7539064907198,40.115278442597585,40.49269485473633,9500,0.0,0.0,0.0
2026-02-04 00:00:00-05:00,40.621811898770744,40.621811898770744,39.649470674216715,39.78752517700195,8500,0.0,0.0,0.0
2026-02-05 00:00:00-05:00,39.87691272284963,39.87691272284963,39.27602442535052,39.61867904663086,10100,0.0,0.0,0.0
2026-02-06 00:00:00-05:00,40.40330682113892,40.6804084777832,40.281142340064264,40.6804084777832,7800,0.0,0.0,0.0
2026-02-09 00:00:00-05:00,40.65160586987622,41.10847616899815,40.601946713667445,40.96942901611328,4600,0.0,0.0,0.0
2026-02-10 00:00:00-05:00,41.11841129731475,41.24752434892225,41.08861277184691,41.18793487548828,7400,0.0,0.0,0.0
2026-02-11 00:00:00-05:00,41.71432915296257,41.965606689453125,41.446165153757704,41.965606689453125,10200,0.0,0.0,0.0
2026-02-12 00:00:00-05:00,42.34004461655798,42.489022088401455,41.61501031175074,41.622955322265625,12000,0.0,0.0,0.0
2026-02-13 00:00:00-05:00,41.416368405857476,41.98745816594962,41.416368405857476,41.92687225341797,6100,0.0,0.0,0.0
2026-02-17 00:00:00-05:00,41.64480286832887,41.72425675806926,41.19289584660003,41.51568603515625,17600,0.0,0.0,0.0
2026-02-18 00:00:00-05:00,41.91296896953794,42.24072243801049,41.783852129836234,41.998382568359375,5800,0.0,0.0,0.0
2026-02-19 00:00:00-05:00,41.763987263682246,41.823580524928275,41.54548621661507,41.72425842285156,4900,0.0,0.0,0.0
2026-02-20 00:00:00-05:00,42.31024673938823,42.985621897261176,42.26058758134629,42.87636947631836,7600,0.0,0.0,0.0
2026-02-23 00:00:00-05:00,42.79691480065226,42.79691480065226,42.31024596771514,42.37381362915039,8900,0.0,0.0,0.0
2026-02-24 00:00:00-05:00,43.094873177187004,43.531882849387614,43.094873177187004,43.303443908691406,7900,0.0,0.0,0.0
2026-02-25 00:00:00-05:00,43.899365763489484,44.395964915138116,43.80004365990925,43.87950134277344,6800,0.0,0.0,0.0
2026-02-26 00:00:00-05:00,44.475416251190644,44.475416251190644,43.392830011312924,43.85963439941406,7400,0.0,0.0,0.0
2026-02-27 00:00:00-05:00,43.50208133869654,43.76031499795565,43.50208133869654,43.700721740722656,9500,0.0,0.0,0.0
2026-03-02 00:00:00-05:00,42.786985031320214,43.27762448139558,42.642970821659794,42.927024841308594,10200,0.0,0.0,0.0
2026-03-03 00:00:00-05:00,40.47282971788997,40.61187687022984,39.181672717768784,40.456939697265625,11600,0.0,0.0,0.0
2026-03-04 00:00:00-05:00,40.88997352843134,41.46603037985372,40.51256089000043,41.09954071044922,23800,0.0,0.0,0.0
2026-03-05 00:00:00-05:00,40.691335263359264,40.691335263359264,39.52929129077726,39.96630096435547,14200,0.0,0.0,0.0
2026-03-06 00:00:00-05:00,39.38031435714771,39.77759140638543,38.73473394260397,39.48956298828125,9000,0.0,0.0,0.0
2026-03-09 00:00:00-04:00,38.99296218121121,40.45296484182703,38.536091889028945,40.39337158203125,18200,0.0,0.0,0.0
2026-03-10 00:00:00-04:00,40.502624451937606,41.36670967929802,40.403306139913774,40.562217712402344,22600,0.0,0.0,0.0
2026-03-11 00:00:00-04:00,40.65160694194221,40.870111781524145,40.45296652311781,40.60194778442383,12600,0.0,0.0,0.0
2026-03-12 00:00:00-04:00,39.7279309924258,39.802421620786745,38.843985134044445,38.923439025878906,8500,0.0,0.0,0.0
2026-03-13 00:00:00-04:00,39.87691246035715,39.87691246035715,38.74466323852539,38.74466323852539,10700,0.0,0.0,0.0
2026-03-16 00:00:00-04:00,39.549153813074525,40.224528922779264,39.549153813074525,40.12421417236328,18700,0.0,0.0,0.0
2026-03-17 00:00:00-04:00,40.76383925417454,40.76383925417454,40.383444861057605,40.57215118408203,4500,0.0,0.0,0.0
2026-03-18 00:00:00-04:00,40.45296744929895,40.45296744929895,39.72197341918945,39.72197341918945,6100,0.0,0.0,0.0
2026-03-19 00:00:00-04:00,38.91350946948144,39.906707763671875,38.82412147145426,39.906707763671875,12900,0.0,0.0,0.0
2026-03-20 00:00:00-04:00,39.300854237532164,39.300854237532164,38.10901558620714,38.297725677490234,4900,0.0,0.0,0.0
2026-03-23 00:00:00-04:00,39.708066430261454,40.184801145815406,39.39024328655882,40.04972839355469,13500,0.0,0.0,0.0
2026-03-24 00:00:00-04:00,38.78439232353662,39.39719624209393,38.78439232353662,39.09228515625,7700,0.0,0.0,0.0
2026-03-25 00:00:00-04:00,39.896775375768236,39.896775375768236,39.45976947147059,39.63457107543945,9500,0.0,0.0,0.0
2026-03-26 00:00:00-04:00,38.84398679170288,39.04262721289209,38.00970005370891,38.0792236328125,11300,0.0,0.0,0.0
2026-03-27 00:00:00-04:00,38.446703255383646,38.446703255383646,37.80112666769255,37.96798324584961,12400,0.0,0.0,0.0
2026-03-30 00:00:00-04:00,37.93708551651474,38.016825177003376,37.25928129166221,37.51245880126953,34000,0.137,0.0,0.0
2026-03-31 00:00:00-04:00,37.378893372773994,38.973724635727955,37.378893372773994,38.953792572021484,7900,0.0,0.0,0.0
2026-04-01 00:00:00-04:00,39.77114451497557,40.05023903852365,39.30266116269612,39.7392463684082,32500,0.0,0.0,0.0
2026-04-02 00:00:00-04:00,39.73127150353226,39.73127150353226,38.45540651994702,39.16311264038086,11800,0.0,0.0,0.0
2026-04-06 00:00:00-04:00,39.432242217044475,39.811012268066406,39.432242217044475,39.811012268066406,10000,0.0,0.0,0.0
2026-04-07 00:00:00-04:00,39.70137067153935,39.97049535930407,39.28272508608083,39.96052932739258,11100,0.0,0.0,0.0
2026-04-08 00:00:00-04:00,42.920939112585785,42.920939112585785,42.223199001887046,42.50727844238281,10900,0.0,0.0,0.0
2026-04-09 00:00:00-04:00,41.679957415389694,42.35078430175781,41.679957415389694,42.35078430175781,18000,0.0,0.0,0.0
2026-04-10 00:00:00-04:00,42.512262866744535,42.74151962287498,42.39264767038092,42.56010818481445,9300,0.0,0.0,0.0
2026-04-13 00:00:00-04:00,42.12351990625618,43.00067901611328,42.12351990625618,43.00067901611328,10600,0.0,0.0,0.0
2026-04-14 00:00:00-04:00,43.60870757673021,43.86188888549805,43.55886981426088,43.86188888549805,6900,0.0,0.0,0.0
2026-04-15 00:00:00-04:00,43.55887221377984,43.9177102071303,43.55887221377984,43.909732818603516,7900,0.0,0.0,0.0
2026-04-16 00:00:00-04:00,44.02735078123299,44.03732061547876,43.87783748894539,44.0153923034668,3900,0.0,0.0,0.0
2026-04-17 00:00:00-04:00,44.95434635733263,45.211516361185545,44.75001038966767,44.816795349121094,7300,0.0,0.0,0.0
2026-04-20 00:00:00-04:00,44.35628584462786,44.35628584462786,44.206768753414046,44.28351974487305,3800,0.0,0.0,0.0
2026-04-21 00:00:00-04:00,44.15693204612927,44.613453114093176,43.69044494628906,43.69044494628906,15100,0.0,0.0,0.0
2026-04-22 00:00:00-04:00,43.68845126923368,44.764961393289155,43.68845126923368,44.68023681640625,5100,0.0,0.0,0.0
2026-04-23 00:00:00-04:00,44.50580627877647,44.545674210700824,43.63861316840353,43.98548889160156,8500,0.0,0.0,0.0
2026-04-24 00:00:00-04:00,44.72509096418207,45.10685348510742,44.72509096418207,45.10685348510742,3000,0.0,0.0,0.0
2026-04-27 00:00:00-04:00,45.382958069290545,45.46070908581154,45.263346678117784,45.394920349121094,6500,0.0,0.0,0.0
2026-04-28 00:00:00-04:00,44.80483615821588,44.80483615821588,44.50580575919596,44.74004364013672,12300,0.0,0.0,0.0
2026-04-29 00:00:00-04:00,45.05402779176617,45.05402779176617,44.464936816074236,44.49483871459961,4700,0.0,0.0,0.0
2026-04-30 00:00:00-04:00,44.85467171739325,45.51054763793945,44.65531686039598,45.51054763793945,7400,0.0,0.0,0.0
2026-05-01 00:00:00-04:00,45.39293045778069,45.83150811834701,45.39293045778069,45.52051544189453,5600,0.0,0.0,0.0
2026-05-04 00:00:00-04:00,46.120571517308406,46.21028101445413,45.522506935544335,45.6520881652832,10100,0.0,0.0,0.0
2026-05-05 00:00:00-04:00,46.64886036241679,47.22698909891024,46.64886036241679,47.01367950439453,14000,0.0,0.0,0.0
2026-05-06 00:00:00-04:00,48.233722785328965,48.692236292289365,48.05928871228725,48.636417388916016,11400,0.0,0.0,0.0
2026-05-07 00:00:00-04:00,48.871656958470076,48.871656958470076,48.055301666259766,48.055301666259766,9400,0.0,0.0,0.0
2026-05-08 00:00:00-04:00,48.80188158193021,49.45476882918705,48.80188158193021,49.448787689208984,5500,0.0,0.0,0.0
2026-05-11 00:00:00-04:00,49.50958840036229,49.549460132522626,49.30026751008703,49.51258087158203,18600,0.0,0.0,0.0
2026-05-12 00:00:00-04:00,48.02440494980541,48.02440494980541,46.82827954062211,47.65659713745117,18100,0.0,0.0,0.0
2026-05-13 00:00:00-04:00,48.13404823430592,48.75204487805756,48.13404823430592,48.6932373046875,4600,0.0,0.0,0.0
2026-05-14 00:00:00-04:00,48.921499505998206,49.24046577185432,48.901563639084976,49.164710998535156,3900,0.0,0.0,0.0
2026-05-15 00:00:00-04:00,47.34659819398587,47.550937969227505,46.98776020981945,47.21901321411133,7700,0.0,0.0,0.0
2026-05-18 00:00:00-04:00,48.343368478677974,48.343368478677974,46.957858114164324,47.453250885009766,8800,0.0,0.0,0.0
2026-05-19 00:00:00-04:00,46.14050782583254,47.14724436800333,45.903273676293985,46.61297607421875,9600,0.0,0.0,0.0
2026-05-20 00:00:00-04:00,46.997729882730546,47.97456450162113,46.997729882730546,47.817073822021484,8500,0.0,0.0,0.0
2026-05-21 00:00:00-04:00,47.87488561401342,48.682271083076074,47.825047849784845,48.6025276184082,7000,0.0,0.0,0.0
2026-05-22 00:00:00-04:00,49.0909482167982,49.0909482167982,48.366294860839844,48.366294860839844,4600,0.0,0.0,0.0
2026-05-26 00:00:00-04:00,50.3369097775162,50.75355911254883,50.24720028126314,50.75355911254883,6200,0.0,0.0,0.0
2026-05-27 00:00:00-04:00,51.263905344293846,51.263905344293846,50.5761350919623,50.69076156616211,18300,0.0,0.0,0.0
2026-05-28 00:00:00-04:00,50.25716793641021,51.60281042366978,50.25716793641021,51.56293869018555,9500,0.0,0.0,0.0
2026-05-29 00:00:00-04:00,51.503130441795655,51.503130441795655,51.146288698022595,51.174198150634766,7300,0.0,0.0,0.0
2026-06-01 00:00:00-04:00,51.752321064351335,52.81886896723358,51.752321064351335,52.587615966796875,5900,0.0,0.0,0.0
2026-06-02 00:00:00-04:00,53.15777309847221,53.15777309847221,52.6294821428035,53.07802963256836,6300,0.0,0.0,0.0
2026-06-03 00:00:00-04:00,53.03815699825718,53.03815699825718,52.36035275910431,52.546749114990234,17000,0.0,0.0,0.0
2026-06-04 00:00:00-04:00,51.363582617328746,52.041386861111064,51.139310775914794,51.88987731933594,10100,0.0,0.0,0.0
2026-06-05 00:00:00-04:00,51.8320681254069,51.8320681254069,45.85144488016764,47.84498596191406,15400,0.0,0.0,0.0
2026-06-08 00:00:00-04:00,49.58933172246401,49.58933172246401,48.752044361386595,48.908538818359375,10800,0.0,0.0,0.0
2026-06-09 00:00:00-04:00,48.84175335356707,49.70894260354631,47.34659763866196,48.96136474609375,9400,0.0,0.0,0.0
2026-06-10 00:00:00-04:00,49.08098216682621,49.08098216682621,47.73533968096,47.82704162597656,8300,0.0,0.0,0.0
2026-06-11 00:00:00-04:00,49.12084940303565,50.95490728931147,48.806868061963954,50.74558639526367,21800,0.0,0.0,0.0
2026-06-12 00:00:00-04:00,50.845263139786546,51.03963689162053,50.38176469053466,50.944942474365234,4000,0.0,0.0,0.0
2026-06-15 00:00:00-04:00,52.82883692467346,53.087995583710565,52.62948206259537,53.02619934082031,11500,0.0,0.0,0.0
2026-06-16 00:00:00-04:00,53.20760847730111,53.33718590001718,52.18093231290927,52.204856872558594,17700,0.0,0.0,0.0
2026-06-17 00:00:00-04:00,53.29732123609505,53.65615923379587,52.36832809448242,52.36832809448242,20100,0.0,0.0,0.0
2026-06-18 00:00:00-04:00,54.124637955850325,54.83234410568466,54.124637955850325,54.682830810546875,13500,0.0,0.0,0.0
2026-06-22 00:00:00-04:00,55.21111777054601,55.21111777054601,54.78250614837532,54.91707229614258,8300,0.0,0.0,0.0
2026-06-23 00:00:00-04:00,54.91208668127037,54.91208668127037,51.26390682434784,51.38351821899414,24100,0.0,0.0,0.0
2026-06-24 00:00:00-04:00,51.92177734321883,51.92177734321883,50.80041049084766,51.425384521484375,8500,0.0,0.0,0.0
2026-06-25 00:00:00-04:00,53.32722074650955,53.32722074650955,52.430125792439654,52.5347900390625,8300,0.0,0.0,0.0
2026-06-26 00:00:00-04:00,51.214068686884,52.22279765160019,51.214068686884,51.85200119018555,8000,0.0,0.0,0.0
2026-06-29 00:00:00-04:00,51.560001373291016,52.0099983215332,50.40999984741211,51.77899932861328,20600,0.168,0.0,0.0
2026-06-30 00:00:00-04:00,52.2599983215332,52.77000045776367,52.02000045776367,52.553001403808594,21600,0.0,0.0,0.0
2026-07-01 00:00:00-04:00,51.150001525878906,51.150001525878906,50.630001068115234,50.680999755859375,10900,0.0,0.0,0.0
2026-07-02 00:00:00-04:00,50.97999954223633,50.97999954223633,48.994998931884766,49.40999984741211,6700,0.0,0.0,0.0
2026-07-06 00:00:00-04:00,50.95000076293945,51.66999816894531,50.95000076293945,51.4379997253418,40400,0.0,0.0,0.0
2026-07-07 00:00:00-04:00,50.04999923706055,50.04999923706055,49.08000183105469,49.54999923706055,9400,0.0,0.0,0.0
2026-07-08 00:00:00-04:00,49.2400016784668,49.85499954223633,48.630001068115234,49.85499954223633,8900,0.0,0.0,0.0
2026-07-09 00:00:00-04:00,50.33000183105469,50.369998931884766,49.93000030517578,50.07099914550781,6600,0.0,0.0,0.0
2026-07-10 00:00:00-04:00,50.06999969482422,50.380001068115234,49.619998931884766,50.29600143432617,16600,0.0,0.0,0.0
2026-07-13 00:00:00-04:00,48.599998474121094,48.6349983215332,47.86000061035156,47.952999114990234,5400,0.0,0.0,0.0
2026-07-14 00:00:00-04:00,48.88999938964844,49.20000076293945,48.779998779296875,49.025001525878906,14100,0.0,0.0,0.0
2026-07-15 00:00:00-04:00,49.040000915527344,49.040000915527344,47.75,48.577999114990234,7400,0.0,0.0,0.0
2026-07-16 00:00:00-04:00,47.68000030517578,47.68000030517578,46.939998626708984,47.04100036621094,13300,0.0,0.0,0.0
2026-07-17 00:00:00-04:00,45.63999938964844,47.268001556396484,45.63999938964844,46.89899826049805,28800,0.0,0.0,0.0
2026-07-20 00:00:00-04:00,47.220001220703125,47.38999938964844,46.64799880981445,46.64799880981445,6800,0.0,0.0,0.0
2026-07-21 00:00:00-04:00,48.290000915527344,49.54999923706055,48.0099983215332,49.2400016784668,6500,0.0,0.0,0.0
2026-07-22 00:00:00-04:00,49.04999923706055,49.04999923706055,48.099998474121094,48.130001068115234,8100,0.0,0.0,0.0
2026-07-23 00:00:00-04:00,47.97999954223633,48.165000915527344,47.52000045776367,47.9109992980957,7800,0.0,0.0,0.0
2026-07-24 00:00:00-04:00,47.224998474121094,47.224998474121094,46.5099983215332,46.619998931884766,5800,0.0,0.0,0.0
2026-07-27 00:00:00-04:00,47.33000183105469,47.345001220703125,46.029998779296875,46.64699935913086,15400,0.0,0.0,0.0
2026-07-28 00:00:00-04:00,45.18000030517578,45.53499984741211,45.0,45.20000076293945,6000,0.0,0.0,0.0
2026-07-29 00:00:00-04:00,44.66999816894531,45.08000183105469,43.722999572753906,43.722999572753906,9200,0.0,0.0,0.0
2026-07-30 00:00:00-04:00,45.08000183105469,46.13199996948242,44.7599983215332,45.56999969482422,14500,0.0,0.0,0.0
2026-07-31 00:00:00-04:00,45.0,47.18000030517578,45.0,46.90399932861328,8500,0.0,0.0,0.0
2026-08-03 00:00:00-04:00,46.31999969482422,47.130001068115234,46.185001373291016,47.04999923706055,5900,0.0,0.0,0.0
2026-08-04 00:00:00-04:00,47.86000061035156,48.70000076293945,47.810001373291016,48.6150016784668,7000,0.0,0.0,0.0
2026-08-05 00:00:00-04:00,48.459999084472656,48.56999969482422,48.220001220703125,48.25,9400,0.0,0.0,0.0
2026-08-06 00:00:00-04:00,47.290000915527344,47.8650016784668,45.2400016784668,47.56999969482422,4900,0.0,0.0,0.0
2026-08-07 00:00:00-04:00,48.04999923706055,48.275001525878906,47.349998474121094,48.025001525878906,6600,0.0,0.0,0.0
2026-08-10 00:00:00-04:00,47.4900016784668,47.59000015258789,47.43000030517578,47.49300003051758,5200,0.0,0.0,0.0
2026-08-11 00:00:00-04:00,48.20000076293945,48.27000045776367,47.91999816894531,48.00400161743164,7000,0.0,0.0,0.0
2026-08-12 00:00:00-04:00,49.380001068115234,49.393001556396484,49.060001373291016,49.32600021362305,7000,0.0,0.0,0.0
2026-08-13 00:00:00-04:00,49.5,49.849998474121094,49.5,49.69900131225586,6500,0.0,0.0,0.0
2026-08-14 00:00:00-04:00,49.79999923706055,49.79999923706055,49.43000030517578,49.52299880981445,4200,0.0,0.0,0.0
2026-08-17 00:00:00-04:00,50.279998779296875,50.709999084472656,50.08000183105469,50.18000030517578,15100,0.0,0.0,0.0
2026-08-18 00:00:00-04:00,49.040000915527344,49.040000915527344,48.16999816894531,48.25,11000,0.0,0.0,0.0
2026-08-19 00:00:00-04:00,49.20000076293945,49.20000076293945,48.56999969482422,48.70800018310547,4500,0.0,0.0,0.0
2026-08-20 00:00:00-04:00,49.34000015258789,49.41999816894531,49.18000030517578,49.28300094604492,5500,0.0,0.0,0.0
2026-08-21 00:00:00-04:00,50.0,50.119998931884766,49.880001068115234,49.980201721191406,10602,0.0,0.0,0.0
