Date,Open,High,Low,Close,Volume,Dividends,Stock Splits
2000-01-04 00:00:00+09:00,3593.9359208776596,3653.834852892287,3519.062255859375,3519.062255859375,2660500,0.0,0.0
2000-01-05 00:00:00+09:00,3159.6667775708574,3309.414018214026,3114.742605377907,3219.565673828125,7014000,0.0,0.0
2000-01-06 00:00:00+09:00,3204.592780480018,3219.5675130990835,3084.794919527494,3114.744384765625,4463500,0.0,0.0
2000-01-07 00:00:00+09:00,3069.8199462890625,3114.744140625,2979.9715576171875,2994.9462890625,7615500,0.0,0.0
2000-01-10 00:00:00+09:00,2994.9462890625,2994.9462890625,2994.9462890625,2994.9462890625,0,0.0,0.0
2000-01-11 00:00:00+09:00,3234.5421159771126,3324.390508087588,3159.6684558850498,3189.617919921875,7036500,0.0,0.0
2000-01-12 00:00:00+09:00,3144.6923828125,3189.616559709821,3099.7682059151784,3144.6923828125,3517500,0.0,0.0
2000-01-13 00:00:00+09:00,3084.794919527494,3114.744384765625,3009.9212564321665,3114.744384765625,3471500,0.0,0.0
2000-01-14 00:00:00+09:00,3084.7939308090963,3114.7433864480195,2964.9961082534032,3024.89501953125,6223000,0.0,0.0
2000-01-17 00:00:00+09:00,3009.920782292931,3084.79443359375,2979.9713217726035,3084.79443359375,4820500,0.0,0.0
2000-01-18 00:00:00+09:00,3009.920772668087,3024.895502880366,2950.021851818971,2964.99658203125,4176500,0.0,0.0
2000-01-19 00:00:00+09:00,2920.0719884923983,2935.0467166385133,2770.32470703125,2770.32470703125,6821000,0.0,0.0
2000-01-20 00:00:00+09:00,2740.375237396409,2845.1983339088397,2710.42578125,2710.42578125,5425000,0.0,0.0
2000-01-21 00:00:00+09:00,2680.4760546875,2695.45078125,2575.65296875,2620.5771484375,8179000,0.0,0.0
2000-01-24 00:00:00+09:00,2605.6026847375692,2785.299421616022,2605.6026847375692,2710.42578125,5185500,0.0,0.0
2000-01-25 00:00:00+09:00,2755.350349506579,2890.1229209498356,2695.4514288651317,2845.19873046875,8231000,0.0,0.0
2000-01-26 00:00:00+09:00,2890.1225648537657,2964.996206430288,2875.1478365384614,2920.072021484375,5095500,0.0,0.0
2000-01-27 00:00:00+09:00,2875.1480805837564,2950.021728515625,2875.1480805837564,2950.021728515625,4764000,0.0,0.0
2000-01-28 00:00:00+09:00,2994.9456817475125,3009.92041015625,2964.9962249300374,3009.92041015625,5686000,0.0,0.0
2000-01-31 00:00:00+09:00,2950.0214965213,3054.844595382463,2935.0467681125624,3009.92041015625,3889000,0.0,0.0
2000-02-01 00:00:00+09:00,3009.9202694017063,3009.9202694017063,2920.071903150909,2935.046630859375,3538500,0.0,0.0
2000-02-02 00:00:00+09:00,3024.895751953125,3024.895751953125,2875.1484375,2875.1484375,4054000,0.0,0.0
2000-02-03 00:00:00+09:00,2920.072021484375,2964.996206430288,2905.0972931690703,2920.072021484375,3267500,0.0,0.0
2000-02-04 00:00:00+09:00,2935.0469835069443,2964.996442522321,2830.223876953125,2830.223876953125,3863000,0.0,0.0
2000-02-07 00:00:00+09:00,2860.1737060546875,2875.1484375,2785.300048828125,2875.1484375,3854500,0.0,0.0
2000-02-08 00:00:00+09:00,2845.199338902978,2905.098272353567,2800.2751388150364,2860.174072265625,2964500,0.0,0.0
2000-02-09 00:00:00+09:00,2875.1488056282724,2905.098272353567,2830.2246055403307,2860.174072265625,2067000,0.0,0.0
2000-02-10 00:00:00+09:00,2815.249634441845,2830.22436653994,2785.3001702456554,2800.27490234375,4598000,0.0,0.0
2000-02-11 00:00:00+09:00,2800.27490234375,2800.27490234375,2800.27490234375,2800.27490234375,0,0.0,0.0
2000-02-14 00:00:00+09:00,2770.3248368932846,2875.147938829787,2755.3501080452124,2815.2490234375,2753000,0.0,0.0
2000-02-15 00:00:00+09:00,2845.198974609375,2905.097900390625,2830.2242431640625,2875.1484375,3273000,0.0,0.0
2000-02-16 00:00:00+09:00,2950.0220947265625,2994.9462890625,2905.097900390625,2994.9462890625,6673000,0.0,0.0
2000-02-17 00:00:00+09:00,2994.9461699695125,3084.7945550685977,2935.0472465701223,3069.81982421875,7210500,0.0,0.0
2000-02-18 00:00:00+09:00,3129.7186243742417,3144.6933546344053,3054.8449730734224,3084.79443359375,6820500,0.0,0.0
2000-02-21 00:00:00+09:00,3039.8693626825534,3084.793540456187,2979.970458984375,2979.970458984375,3019500,0.0,0.0
2000-02-22 00:00:00+09:00,2964.99658203125,3009.920772668087,2920.0723913944125,2964.99658203125,2661000,0.0,0.0
2000-02-23 00:00:00+09:00,2994.946042455808,2994.946042455808,2950.021851818971,2964.99658203125,1824500,0.0,0.0
2000-02-24 00:00:00+09:00,3024.8956316692074,3084.7945550685977,2979.971439119665,3069.81982421875,4228500,0.0,0.0
2000-02-25 00:00:00+09:00,3084.794801608682,3084.794801608682,2994.9464093288175,3039.87060546875,4227000,0.0,0.0
2000-02-28 00:00:00+09:00,2994.9456817475125,3024.895138564988,2964.9962249300374,3009.92041015625,3973000,0.0,0.0
2000-02-29 00:00:00+09:00,2979.970458984375,3009.919910833464,2935.046281210741,2979.970458984375,2958500,0.0,0.0
2000-03-01 00:00:00+09:00,2994.9459172747465,3009.92064686112,2920.072269342878,2950.021728515625,2848000,0.0,0.0
2000-03-02 00:00:00+09:00,2964.996458101999,2979.9711876883725,2905.097539756504,2950.021728515625,2582000,0.0,0.0
2000-03-03 00:00:00+09:00,2920.0722618300683,2935.0469913779148,2860.173343638682,2890.122802734375,3044500,0.0,0.0
2000-03-06 00:00:00+09:00,2920.073005716214,2935.0477390788615,2830.2246055403307,2860.174072265625,3585500,0.0,0.0
2000-03-07 00:00:00+09:00,2845.19873046875,2860.173460629112,2755.350349506579,2845.19873046875,4671000,0.0,0.0
2000-03-08 00:00:00+09:00,2815.2491474454364,2875.1480654761904,2800.274417937748,2830.223876953125,2890500,0.0,0.0
2000-03-09 00:00:00+09:00,2815.249018187164,2845.198475827453,2785.299560546875,2785.299560546875,2487000,0.0,0.0
2000-03-10 00:00:00+09:00,2830.2242431640625,2830.2242431640625,2740.3758544921875,2755.3505859375,12387500,0.0,0.0
2000-03-13 00:00:00+09:00,2770.324916501017,2770.324916501017,2500.7797894901073,2530.729248046875,10938000,0.0,0.0
2000-03-14 00:00:00+09:00,2485.8051815257354,2620.577751608456,2485.8051815257354,2545.7041015625,5547000,0.0,0.0
2000-03-15 00:00:00+09:00,2590.6276953125002,2680.4760546875,2560.6782421875,2620.5771484375,6054000,0.0,0.0
2000-03-16 00:00:00+09:00,2620.5770207547594,2635.5517465876437,2590.6275690889906,2605.602294921875,3461000,0.0,0.0
2000-03-17 00:00:00+09:00,2665.5023200256,2710.426516430526,2650.527587890625,2650.527587890625,4246500,0.0,0.0
2000-03-20 00:00:00+09:00,2650.527587890625,2650.527587890625,2650.527587890625,2650.527587890625,0,0.0,0.0
2000-03-21 00:00:00+09:00,2695.451187626008,2785.299560546875,2695.451187626008,2785.299560546875,3747000,0.0,0.0
2000-03-22 00:00:00+09:00,2830.224000308388,2845.19873046875,2800.2745399876644,2845.19873046875,4053500,0.0,0.0
2000-03-23 00:00:00+09:00,2860.1732099817154,2905.097396525931,2785.299565741356,2815.2490234375,6957000,0.0,0.0
2000-03-24 00:00:00+09:00,2815.2492701480264,2875.1481907894736,2785.299809827303,2845.19873046875,3617500,0.0,0.0
2000-03-27 00:00:00+09:00,2875.1480731865286,2920.0722618300683,2845.1986140908357,2890.122802734375,3889500,0.0,0.0
2000-03-28 00:00:00+09:00,2860.9140310385797,2920.8284610079736,2845.935423546231,2905.849853515625,1731000,1.0,0.0
2000-03-29 00:00:00+09:00,2920.828875732422,3025.6791430664066,2920.828875732422,2995.721923828125,5168500,0.0,0.0
2000-03-30 00:00:00+09:00,3025.679012522978,3115.550666360294,2995.721794577206,3055.63623046875,6170000,0.0,0.0
2000-03-31 00:00:00+09:00,2965.765630059909,2995.722858646373,2860.9153300072862,2890.87255859375,7116500,0.0,0.0
2000-04-03 00:00:00+09:00,2666.1927221265887,2711.1285545219807,2576.321057335805,2651.214111328125,16361500,0.0,0.0
2000-04-04 00:00:00+09:00,2576.3211192255435,2591.2997303838315,2396.577785326087,2411.556396484375,15487000,0.0,0.0
2000-04-05 00:00:00+09:00,2366.619755497685,2471.4699978298613,2351.6411494502318,2426.5341796875,9203500,0.0,0.0
2000-04-06 00:00:00+09:00,2471.470687866211,2501.4279083251954,2396.57763671875,2396.57763671875,5165500,0.0,0.0
2000-04-07 00:00:00+09:00,2456.4922299592395,2501.4280634341035,2411.556396484375,2411.556396484375,4126000,0.0,0.0
2000-04-10 00:00:00+09:00,2486.449273972284,2531.3851042247957,2456.4920538039437,2516.406494140625,3301500,0.0,0.0
2000-04-11 00:00:00+09:00,2486.4485117906443,2501.427117283359,2411.5554843270706,2441.5126953125,4130500,0.0,0.0
2000-04-12 00:00:00+09:00,2411.555875452553,2456.49169921875,2381.598659608422,2456.49169921875,4118500,0.0,0.0
2000-04-13 00:00:00+09:00,2396.5778283227846,2426.5350511768197,2351.6419940417327,2366.62060546875,4586000,0.0,0.0
2000-04-14 00:00:00+09:00,2336.6634261592744,2381.599261277722,2321.684814453125,2321.684814453125,6682500,0.0,0.0
2000-04-17 00:00:00+09:00,2141.9414876302085,2171.898711233428,1872.3264752012312,1977.1767578125,14391500,0.0,0.0
2000-04-18 00:00:00+09:00,2067.0488185131644,2082.0274331400715,1887.3054429902804,1902.2840576171875,10844000,0.0,0.0
2000-04-19 00:00:00+09:00,1932.240776702648,2037.0910514074428,1902.283555358421,1962.197998046875,9761500,0.0,0.0
2000-04-20 00:00:00+09:00,1947.2196044921875,2052.069890887921,1947.2196044921875,1947.2196044921875,7122000,0.0,0.0
2000-04-21 00:00:00+09:00,1977.17682421875,2007.134048828125,1872.3265380859375,1872.3265380859375,17004500,0.0,0.0
2000-04-24 00:00:00+09:00,2022.112322126116,2141.9412004743303,2022.112322126116,2097.00537109375,11582000,0.0,0.0
2000-04-25 00:00:00+09:00,2067.0477602293167,2141.940795020234,2052.069153271133,2082.0263671875,5334500,0.0,0.0
2000-04-26 00:00:00+09:00,2126.962533259737,2141.9411426488905,2052.069486313972,2067.048095703125,4895000,0.0,0.0
2000-04-27 00:00:00+09:00,2067.0477602293167,2097.0049741456837,2037.0905463129498,2082.0263671875,4773000,0.0,0.0
2000-04-28 00:00:00+09:00,2082.026397705078,2156.91943359375,2052.0691833496094,2156.91943359375,4280500,0.0,0.0
2000-05-01 00:00:00+09:00,2156.9201211734694,2216.8345689838434,2126.962897268282,2201.85595703125,3627000,0.0,0.0
2000-05-02 00:00:00+09:00,2246.7916526541803,2276.7488746895697,2231.813041636486,2261.770263671875,5059500,0.0,0.0
2000-05-03 00:00:00+09:00,2261.770263671875,2261.770263671875,2261.770263671875,2261.770263671875,0,0.0,0.0
2000-05-04 00:00:00+09:00,2261.770263671875,2261.770263671875,2261.770263671875,2261.770263671875,0,0.0,0.0
2000-05-05 00:00:00+09:00,2261.770263671875,2261.770263671875,2261.770263671875,2261.770263671875,0,0.0,0.0
2000-05-08 00:00:00+09:00,2276.7483545590753,2276.7483545590753,2186.876708984375,2186.876708984375,3949500,0.0,0.0
2000-05-09 00:00:00+09:00,2186.876708984375,2186.876708984375,2186.876708984375,2186.876708984375,0,0.0,0.0
2000-05-10 00:00:00+09:00,2097.00537109375,2141.9412004743303,2037.0909319196428,2097.00537109375,4639500,0.0,0.0
2000-05-11 00:00:00+09:00,2037.0909143518518,2082.0267433449076,2007.1336950231482,2022.1123046875,4344500,0.0,0.0
2000-05-12 00:00:00+09:00,2052.069486313972,2097.005314481431,2037.0908769248188,2067.048095703125,6780000,0.0,0.0
2000-05-15 00:00:00+09:00,2052.069552253274,2067.0481621237363,2007.1337226418887,2037.0909423828125,1533000,0.0,0.0
2000-05-16 00:00:00+09:00,2067.048095703125,2082.026705092278,2037.0908769248188,2067.048095703125,2525500,0.0,0.0
2000-05-17 00:00:00+09:00,2111.983581103867,2126.9621880620502,2052.069153271133,2082.0263671875,3156500,0.0,0.0
2000-05-18 00:00:00+09:00,2052.069052696228,2067.047658920288,1917.2615966796875,1917.2615966796875,4773000,0.0,0.0
2000-05-19 00:00:00+09:00,1917.261466733871,1932.2400719427292,1812.4112302718625,1857.3470458984375,6969500,0.0,0.0
2000-05-22 00:00:00+09:00,1767.476764547414,1782.4553811961207,1677.6050646551726,1737.51953125,6162000,0.0,0.0
2000-05-23 00:00:00+09:00,1677.60427734375,1692.5828869628908,1496.3631009521484,1497.8609619140625,12328000,0.0,0.0
2000-05-24 00:00:00+09:00,1378.0320921731652,1385.5213970219324,1303.139043685493,1306.134765625,15728000,0.0,0.0
2000-05-25 00:00:00+09:00,1366.048904801663,1427.4611910920887,1354.0660196718238,1373.5382080078125,12021000,0.0,0.0
2000-05-26 00:00:00+09:00,1370.542371415729,1379.5295345069794,1318.117253383433,1376.5338134765625,7703000,0.0,0.0
2000-05-29 00:00:00+09:00,1384.0238671875,1430.457568359375,1384.0238671875,1422.96826171875,3240500,0.0,0.0
2000-05-30 00:00:00+09:00,1422.96826171875,1422.96826171875,1422.96826171875,1422.96826171875,0,0.0,0.0
2000-05-31 00:00:00+09:00,1422.9683084690823,1430.4576153557618,1334.5944872062657,1337.5902099609375,5913500,0.0,0.0
2000-06-01 00:00:00+09:00,1339.0880513285542,1363.0538330078125,1337.5901899736007,1363.0538330078125,4392500,0.0,0.0
2000-06-02 00:00:00+09:00,1378.032278507314,1410.9852242977063,1375.0365561627327,1407.989501953125,6177000,0.0,0.0
2000-06-05 00:00:00+09:00,1467.904078556941,1557.7757568359375,1445.436158987192,1557.7757568359375,7896500,0.0,0.0
2000-06-06 00:00:00+09:00,1557.7754727657712,1647.647134656104,1527.8182521356603,1602.7113037109375,6728500,0.0,0.0
2000-06-07 00:00:00+09:00,1587.7327613467262,1602.7113723028274,1542.7969284784226,1572.754150390625,3535500,0.0,0.0
2000-06-08 00:00:00+09:00,1602.7113992942955,1602.7113992942955,1557.7755656692218,1587.7327880859375,2154000,0.0,0.0
2000-06-09 00:00:00+09:00,1542.7969544608638,1602.7113992942955,1542.7969544608638,1587.7327880859375,9914000,0.0,0.0
2000-06-12 00:00:00+09:00,1587.7327880859375,1587.7327880859375,1557.7755656692218,1587.7327880859375,2019500,0.0,0.0
2000-06-13 00:00:00+09:00,1557.775554996906,1572.7541661026455,1496.3632494633741,1512.8397216796875,4069500,0.0,0.0
2000-06-14 00:00:00+09:00,1512.8397538163163,1527.8183652402404,1424.4659464151653,1496.36328125,4725000,0.0,0.0
2000-06-15 00:00:00+09:00,1466.4060107014125,1466.4060107014125,1431.9552055470383,1434.950927734375,2551000,0.0,0.0
2000-06-16 00:00:00+09:00,1422.96826171875,1478.389130859375,1396.0067578125,1422.96826171875,3283000,0.0,0.0
2000-06-19 00:00:00+09:00,1424.4660288872815,1446.9339473239893,1396.0066655341182,1403.4959716796875,2617000,0.0,0.0
2000-06-20 00:00:00+09:00,1425.9637975031408,1512.8397431493404,1425.9637975031408,1490.371826171875,4010000,0.0,0.0
2000-06-21 00:00:00+09:00,1475.3932252565066,1512.8397538163163,1437.9466966966968,1496.36328125,4465500,0.0,0.0
2000-06-22 00:00:00+09:00,1512.8394183534565,1527.818026455966,1467.903594045928,1482.8822021484375,3180000,0.0,0.0
2000-06-23 00:00:00+09:00,1497.860897288603,1557.775333180147,1497.860897288603,1527.818115234375,3958000,0.0,0.0
2000-06-26 00:00:00+09:00,1527.818143677943,1557.775362181432,1512.8395344261985,1542.7967529296875,2563000,0.0,0.0
2000-06-27 00:00:00+09:00,1542.796724207261,1557.775333180147,1512.839506261489,1527.818115234375,2179500,0.0,0.0
2000-06-28 00:00:00+09:00,1542.7969544608638,1587.7327880859375,1527.8183432525059,1587.7327880859375,3102500,0.0,0.0
2000-06-29 00:00:00+09:00,1617.689605432913,1632.668212890625,1602.7109979752008,1632.668212890625,3194500,0.0,0.0
2000-06-30 00:00:00+09:00,1617.689605432913,1632.668212890625,1602.7109979752008,1632.668212890625,2549000,0.0,0.0
2000-07-03 00:00:00+09:00,1647.647227411685,1722.540283203125,1647.647227411685,1722.540283203125,5809500,0.0,0.0
2000-07-04 00:00:00+09:00,1752.498147898707,1767.476764547414,1707.5622979525863,1737.51953125,4078500,0.0,0.0
2000-07-05 00:00:00+09:00,1692.5827342442103,1707.5613425118584,1632.6683011736188,1677.6041259765625,2855500,0.0,0.0
2000-07-06 00:00:00+09:00,1617.6899832589286,1632.6685942150298,1557.7755394345238,1572.754150390625,4605000,0.0,0.0
2000-07-07 00:00:00+09:00,1572.754109700521,1632.6685519748264,1557.7754991319446,1617.68994140625,3187000,0.0,0.0
2000-07-10 00:00:00+09:00,1647.64697265625,1677.604190340909,1647.64697265625,1647.64697265625,1994500,0.0,0.0
2000-07-11 00:00:00+09:00,1677.6041551438052,1707.5613721999446,1647.6469380876658,1692.582763671875,3702500,0.0,0.0
2000-07-12 00:00:00+09:00,1707.5616455078125,1722.5402564333197,1662.6258127312913,1707.5616455078125,2369500,0.0,0.0
2000-07-13 00:00:00+09:00,1722.5400168678977,1737.5186257102273,1647.64697265625,1647.64697265625,2720500,0.0,0.0
2000-07-14 00:00:00+09:00,1647.64697265625,1677.604190340909,1632.6683638139205,1647.64697265625,2884500,0.0,0.0
2000-07-17 00:00:00+09:00,1647.647727072776,1692.5835741747608,1647.647727072776,1662.6263427734375,2129500,0.0,0.0
2000-07-18 00:00:00+09:00,1677.604355286215,1692.5829656012706,1587.732693395882,1602.7113037109375,3234000,0.0,0.0
2000-07-19 00:00:00+09:00,1677.604355286215,1692.5829656012706,1587.732693395882,1602.7113037109375,3234000,0.0,0.0
2000-07-20 00:00:00+09:00,1602.7113037109375,1602.7113037109375,1602.7113037109375,1602.7113037109375,0,0.0,0.0
2000-07-21 00:00:00+09:00,1572.753942153033,1587.7325511259191,1527.818115234375,1527.818115234375,2137500,0.0,0.0
2000-07-24 00:00:00+09:00,1512.8392347534057,1512.8392347534057,1476.8905796701563,1484.3798828125,2896000,0.0,0.0
2000-07-25 00:00:00+09:00,1476.8911615618629,1478.3890227804854,1445.4360759707888,1469.40185546875,3439500,0.0,0.0
2000-07-26 00:00:00+09:00,1484.380213256836,1512.8395715332033,1475.3930474853516,1497.8609619140625,2324000,0.0,0.0
2000-07-27 00:00:00+09:00,1490.371826171875,1497.8611318310302,1457.4188812715925,1490.371826171875,1685000,0.0,0.0
2000-07-28 00:00:00+09:00,1467.9037334735576,1490.3716477614182,1460.4144287109375,1460.4144287109375,2263500,0.0,0.0
2000-07-31 00:00:00+09:00,1430.4576650036431,1445.436279296875,1404.9940207051488,1445.436279296875,2989500,0.0,0.0
2000-08-01 00:00:00+09:00,1437.946769877676,1475.3933003432403,1437.946769877676,1469.40185546875,3633500,0.0,0.0
2000-08-02 00:00:00+09:00,1454.4231590079303,1491.869687303706,1451.4274367442683,1490.371826171875,1954500,0.0,0.0
2000-08-03 00:00:00+09:00,1479.8864506935586,1481.3843114736128,1452.924956652583,1467.903564453125,1966000,0.0,0.0
2000-08-04 00:00:00+09:00,1482.8821417425097,1490.371445488684,1452.9249267578125,1452.9249267578125,4654000,0.0,0.0
2000-08-07 00:00:00+09:00,1454.4231383673036,1512.8397216796875,1431.9552217086944,1512.8397216796875,3534000,0.0,0.0
2000-08-08 00:00:00+09:00,1512.8395715332033,1527.8181811523439,1494.8652399902344,1497.8609619140625,2748000,0.0,0.0
2000-08-09 00:00:00+09:00,1527.818115234375,1527.818115234375,1484.3801492130056,1527.818115234375,2769000,0.0,0.0
2000-08-10 00:00:00+09:00,1572.7537830597764,1647.6468203483373,1542.796568144352,1632.668212890625,6769000,0.0,0.0
2000-08-11 00:00:00+09:00,1632.6683295595963,1692.582763671875,1632.6683295595963,1692.582763671875,7833000,0.0,0.0
2000-08-14 00:00:00+09:00,1722.5402564333197,1737.5188673588268,1692.5830345823053,1707.5616455078125,4210000,0.0,0.0
2000-08-15 00:00:00+09:00,1707.5613721999446,1722.5399807280144,1662.6255466157356,1692.582763671875,4606500,0.0,0.0
2000-08-16 00:00:00+09:00,1662.6263427734375,1662.6263427734375,1632.6691113721142,1662.6263427734375,1570500,0.0,0.0
2000-08-17 00:00:00+09:00,1617.6900105026534,1617.6900105026534,1572.7541768775798,1587.7327880859375,2991000,0.0,0.0
2000-08-18 00:00:00+09:00,1587.7327202690972,1617.68994140625,1557.7754991319446,1617.68994140625,2297500,0.0,0.0
2000-08-21 00:00:00+09:00,1602.7113723028274,1602.7113723028274,1542.7969284784226,1572.754150390625,1650500,0.0,0.0
2000-08-22 00:00:00+09:00,1557.7754991319446,1617.68994140625,1542.7968885633682,1617.68994140625,2911500,0.0,0.0
2000-08-23 00:00:00+09:00,1632.668212890625,1662.6254278060494,1617.689605432913,1632.668212890625,3358500,0.0,0.0
2000-08-24 00:00:00+09:00,1677.6041259765625,1707.5613425118584,1662.6255177089147,1677.6041259765625,3867500,0.0,0.0
2000-08-25 00:00:00+09:00,1647.6469094412666,1677.6041259765625,1602.7110846383232,1677.6041259765625,2480000,0.0,0.0
2000-08-28 00:00:00+09:00,1677.6041551438052,1692.582763671875,1647.6469380876658,1692.582763671875,2616500,0.0,0.0
2000-08-29 00:00:00+09:00,1707.5622979525863,1752.498147898707,1692.5836813038793,1737.51953125,5693500,0.0,0.0
2000-08-30 00:00:00+09:00,1782.4547278362772,1827.3905613111415,1722.540283203125,1722.540283203125,6148000,0.0,0.0
2000-08-31 00:00:00+09:00,1707.5612772278869,1767.4757080078125,1692.5826695329054,1767.4757080078125,3398500,0.0,0.0
2000-09-01 00:00:00+09:00,1797.4339978448277,1812.4126144935346,1737.51953125,1737.51953125,3261000,0.0,0.0
2000-09-04 00:00:00+09:00,1767.4756777510684,1782.4542851896367,1737.5184628739316,1752.4970703125,1575000,0.0,0.0
2000-09-05 00:00:00+09:00,1722.5399507795062,1722.5399507795062,1662.6255177089147,1677.6041259765625,2889000,0.0,0.0
2000-09-06 00:00:00+09:00,1662.6255177089147,1692.5827342442103,1647.6469094412666,1677.6041259765625,2550000,0.0,0.0
2000-09-07 00:00:00+09:00,1662.6255814985795,1677.604190340909,1632.6683638139205,1647.64697265625,4226500,0.0,0.0
2000-09-08 00:00:00+09:00,1647.647201805784,1737.5188673588268,1647.647201805784,1707.5616455078125,10481500,0.0,0.0
2000-09-11 00:00:00+09:00,1692.5826427214736,1692.5826427214736,1617.689605432913,1632.668212890625,3115500,0.0,0.0
2000-09-12 00:00:00+09:00,1632.668212890625,1662.6254278060494,1587.7323905174885,1632.668212890625,3376000,0.0,0.0
2000-09-13 00:00:00+09:00,1602.7113308376736,1632.6685519748264,1587.7327202690972,1617.68994140625,2834500,0.0,0.0
2000-09-14 00:00:00+09:00,1617.689754971591,1662.6255814985795,1617.689754971591,1647.64697265625,2902500,0.0,0.0
2000-09-15 00:00:00+09:00,1647.64697265625,1647.64697265625,1647.64697265625,1647.64697265625,0,0.0,0.0
2000-09-18 00:00:00+09:00,1647.647727072776,1677.604958474099,1632.6691113721142,1662.6263427734375,2313500,0.0,0.0
2000-09-19 00:00:00+09:00,1617.689605432913,1647.6468203483373,1602.7109979752008,1632.668212890625,2307500,0.0,0.0
2000-09-20 00:00:00+09:00,1632.6691113721142,1677.604958474099,1617.6904956714527,1662.6263427734375,2869500,0.0,0.0
2000-09-21 00:00:00+09:00,1647.6471625434028,1647.6471625434028,1617.68994140625,1617.68994140625,2561000,0.0,0.0
2000-09-22 00:00:00+09:00,1587.7329829289363,1617.690209021935,1557.7757568359375,1557.7757568359375,4374000,0.0,0.0
2000-09-25 00:00:00+09:00,1587.7329829289363,1602.7115959754356,1527.8185307429387,1557.7757568359375,3226500,0.0,0.0
2000-09-26 00:00:00+09:00,1588.496337890625,1633.4537814158314,1573.5105233822228,1588.496337890625,3389000,1.0,0.0
2000-09-27 00:00:00+09:00,1543.538818359375,1573.5104459003337,1528.5530045888956,1543.538818359375,4078000,0.0,0.0
2000-09-28 00:00:00+09:00,1528.55344504177,1558.5250812190595,1513.567626953125,1513.567626953125,2354000,0.0,0.0
2000-09-29 00:00:00+09:00,1543.5392407226561,1543.5392407226561,1498.581787109375,1498.581787109375,2476000,0.0,0.0
2000-10-02 00:00:00+09:00,1498.5813770479367,1543.538818359375,1497.0827956708888,1543.538818359375,3926500,0.0,0.0
2000-10-03 00:00:00+09:00,1528.5531005859375,1543.5389152975645,1513.5672858743108,1528.5531005859375,2625000,0.0,0.0
2000-10-04 00:00:00+09:00,1528.5530045888956,1573.5104459003337,1513.5671908184163,1543.538818359375,2679000,0.0,0.0
2000-10-05 00:00:00+09:00,1558.5247088738206,1588.496337890625,1543.5388943654186,1588.496337890625,3020500,0.0,0.0
2000-10-06 00:00:00+09:00,1603.4826026329627,1603.4826026329627,1558.525146484375,1558.525146484375,3248500,0.0,0.0
2000-10-09 00:00:00+09:00,1558.525146484375,1558.525146484375,1558.525146484375,1558.525146484375,0,0.0,0.0
2000-10-10 00:00:00+09:00,1558.5247300091912,1588.496359432445,1528.5531005859375,1528.5531005859375,2644000,0.0,0.0
2000-10-11 00:00:00+09:00,1513.5672858743108,1528.5531005859375,1498.581471162684,1528.5531005859375,2258000,0.0,0.0
2000-10-12 00:00:00+09:00,1498.581471162684,1543.5389152975645,1497.0828896915211,1528.5531005859375,3718000,0.0,0.0
2000-10-13 00:00:00+09:00,1498.581787109375,1513.5676049804688,1491.088878173828,1498.581787109375,3910000,0.0,0.0
2000-10-16 00:00:00+09:00,1498.581787109375,1498.581787109375,1498.581787109375,1498.581787109375,0,0.0,0.0
2000-10-17 00:00:00+09:00,1498.581787109375,1513.5676049804688,1495.5846235351562,1498.581787109375,1481500,0.0,0.0
2000-10-18 00:00:00+09:00,1483.5959084366066,1489.5902353393808,1438.6384566658005,1441.6356201171875,3397500,0.0,0.0
2000-10-19 00:00:00+09:00,1438.6381448412699,1455.1225402509094,1402.6721912202381,1416.159423828125,3165500,0.0,0.0
2000-10-20 00:00:00+09:00,1446.1313362121582,1455.122826385498,1426.649774169922,1438.638427734375,3114000,0.0,0.0
2000-10-23 00:00:00+09:00,1453.624273922736,1461.1171825512035,1425.1512211345585,1441.6356201171875,2189500,0.0,0.0
2000-10-24 00:00:00+09:00,1441.635025549482,1441.635025549482,1422.1534711501647,1437.1392822265625,1026500,0.0,0.0
2000-10-25 00:00:00+09:00,1407.1681064293032,1423.652503842213,1369.7035668545082,1371.2021484375,4234500,0.0,0.0
2000-10-26 00:00:00+09:00,1333.7373183266411,1341.230224609375,1314.2557619915328,1341.230224609375,6093500,0.0,0.0
2000-10-27 00:00:00+09:00,1341.230224609375,1341.230224609375,1341.230224609375,1341.230224609375,0,0.0,0.0
2000-10-30 00:00:00+09:00,1350.2220509380375,1350.2220509380375,1300.7688570635034,1306.76318359375,3046000,0.0,0.0
2000-10-31 00:00:00+09:00,1291.7770424517464,1300.7685299862133,1263.3039985926011,1273.7940673828125,3662000,0.0,0.0
2000-11-01 00:00:00+09:00,1303.76526420238,1356.2155909231653,1297.770941148576,1351.7198486328125,4682000,0.0,0.0
2000-11-02 00:00:00+09:00,1351.7205878586065,1389.1851274334015,1341.230516777664,1371.2021484375,2598000,0.0,0.0
2000-11-03 00:00:00+09:00,1371.2021484375,1371.2021484375,1371.2021484375,1371.2021484375,0,0.0,0.0
2000-11-06 00:00:00+09:00,1386.1880962665264,1441.6356201171875,1381.6923510894458,1441.6356201171875,3762500,0.0,0.0
2000-11-07 00:00:00+09:00,1453.623489140216,1461.116393723413,1431.144775390625,1431.144775390625,2631000,0.0,0.0
2000-11-08 00:00:00+09:00,1438.6381962435235,1468.60982533193,1438.6381962435235,1446.131103515625,2996500,0.0,0.0
2000-11-09 00:00:00+09:00,1431.1453784853536,1438.6382862261146,1399.6751659741574,1411.663818359375,3238500,0.0,0.0
2000-11-10 00:00:00+09:00,1393.6807692549237,1410.1651654504121,1381.6921174763868,1398.176513671875,3656000,0.0,0.0
2000-11-13 00:00:00+09:00,1360.7120653760303,1371.202136364612,1353.2191575270433,1363.709228515625,2366000,0.0,0.0
2000-11-14 00:00:00+09:00,1378.6951148497008,1386.1880230825795,1366.7064616770947,1377.196533203125,1434000,0.0,0.0
2000-11-15 00:00:00+09:00,1408.6666306917248,1422.153864389837,1395.1793969936125,1396.677978515625,2263000,0.0,0.0
2000-11-16 00:00:00+09:00,1408.6664145100042,1416.1593209701637,1383.1905325454616,1399.6749267578125,1805000,0.0,0.0
2000-11-17 00:00:00+09:00,1393.6808154716,1407.1680491697123,1384.6893263395252,1396.677978515625,1443000,0.0,0.0
2000-11-20 00:00:00+09:00,1366.706461407294,1378.6951145775333,1335.2362468354154,1345.726318359375,3240000,0.0,0.0
2000-11-21 00:00:00+09:00,1315.75439453125,1342.7288582004555,1303.765744011603,1315.75439453125,2715000,0.0,0.0
2000-11-22 00:00:00+09:00,1329.2419080821746,1329.2419080821746,1299.2702754309419,1306.76318359375,2460500,0.0,0.0
2000-11-23 00:00:00+09:00,1306.76318359375,1306.76318359375,1306.76318359375,1306.76318359375,0,0.0,0.0
2000-11-24 00:00:00+09:00,1284.283965815765,1306.7626816701834,1273.7938984170366,1287.2811279296875,3024500,0.0,0.0
2000-11-27 00:00:00+09:00,1296.2734007808015,1311.2592204430073,1291.7776548821398,1305.264892578125,1673000,0.0,0.0
2000-11-28 00:00:00+09:00,1296.2726446809668,1305.264131233667,1287.2811581282665,1290.2783203125,1694000,0.0,0.0
2000-11-29 00:00:00+09:00,1288.7802444137894,1288.7802444137894,1275.293009297831,1285.7830810546875,1704500,0.0,0.0
2000-11-30 00:00:00+09:00,1276.791267316366,1309.760055909042,1270.7969421176977,1308.261474609375,1538500,0.0,0.0
2000-12-01 00:00:00+09:00,1281.2874967541998,1305.26480663498,1278.2903330191023,1296.2733154296875,2738500,0.0,0.0
2000-12-04 00:00:00+09:00,1303.766117981579,1333.7377528777074,1303.766117981579,1323.2476806640625,1842500,0.0,0.0
2000-12-05 00:00:00+09:00,1338.2332044230327,1353.2190185823054,1324.7459716796875,1324.7459716796875,3046000,0.0,0.0
2000-12-06 00:00:00+09:00,1354.717848972721,1368.2050841947946,1350.2221038986966,1356.2164306640625,3239500,0.0,0.0
2000-12-07 00:00:00+09:00,1348.723522207355,1356.2164306640625,1342.7291954419888,1356.2164306640625,2195500,0.0,0.0
2000-12-08 00:00:00+09:00,1341.230516777664,1383.1908011014343,1341.230516777664,1371.2021484375,12296500,0.0,0.0
2000-12-11 00:00:00+09:00,1363.709240522541,1384.6893826844262,1344.2276799436474,1371.2021484375,1952500,0.0,0.0
2000-12-12 00:00:00+09:00,1378.695044213599,1378.695044213599,1357.7149022364354,1363.709228515625,1834500,0.0,0.0
2000-12-13 00:00:00+09:00,1356.2160508897568,1369.7032823350694,1338.2330756293402,1348.72314453125,1739000,0.0,0.0
2000-12-14 00:00:00+09:00,1356.2160345776665,1381.691915890175,1353.2188720703125,1353.2188720703125,2464500,0.0,0.0
2000-12-15 00:00:00+09:00,1345.726171270147,1348.723334235114,1326.2446119978622,1330.7403564453125,1862500,0.0,0.0
2000-12-18 00:00:00+09:00,1317.2532550216815,1330.7404897147362,1300.7688570635034,1306.76318359375,1535500,0.0,0.0
2000-12-19 00:00:00+09:00,1318.7513301258732,1318.7513301258732,1287.2811279296875,1287.2811279296875,2612500,0.0,0.0
2000-12-20 00:00:00+09:00,1281.2875774315828,1285.7833233173078,1263.3045938886835,1266.3017578125,4372500,0.0,0.0
2000-12-21 00:00:00+09:00,1221.3439575195312,1234.83119140625,1185.3780004882813,1198.865234375,6489000,0.0,0.0
2000-12-22 00:00:00+09:00,1198.865234375,1212.3524682617187,1185.3780004882813,1198.865234375,3882500,0.0,0.0
2000-12-25 00:00:00+09:00,1213.851010934141,1219.8453369140625,1197.3666144893562,1219.8453369140625,2264500,0.0,0.0
2000-12-26 00:00:00+09:00,1204.8595219642584,1219.8453369140625,1198.8651959843367,1219.8453369140625,1527000,0.0,0.0
2000-12-27 00:00:00+09:00,1213.8510498046874,1213.8510498046874,1177.8850927734375,1198.865234375,1822500,0.0,0.0
2000-12-28 00:00:00+09:00,1185.3778271797376,1195.867896446815,1161.4005259978464,1168.8934326171875,1943500,0.0,0.0
2000-12-29 00:00:00+09:00,1153.9076891447369,1159.9020148026316,1138.921875,1138.921875,1890500,0.0,0.0
2001-01-01 00:00:00+09:00,1138.921875,1138.921875,1138.921875,1138.921875,0,0.0,0.0
2001-01-02 00:00:00+09:00,1138.921875,1138.921875,1138.921875,1138.921875,0,0.0,0.0
2001-01-03 00:00:00+09:00,1138.921875,1138.921875,1138.921875,1138.921875,0,0.0,0.0
2001-01-04 00:00:00+09:00,1153.9077405256533,1168.8935553376748,1125.4346923828125,1125.4346923828125,2334000,0.0,0.0
2001-01-05 00:00:00+09:00,1104.4543213234,1110.448645998154,1056.4997239253692,1065.4912109375,4940500,0.0,0.0
2001-01-08 00:00:00+09:00,1065.4912109375,1065.4912109375,1065.4912109375,1065.4912109375,0,0.0,0.0
2001-01-09 00:00:00+09:00,1035.5199295318055,1037.0185111953826,1001.0525512695312,1001.0525512695312,3680000,0.0,0.0
2001-01-10 00:00:00+09:00,986.0666232430862,1026.5283235889272,968.0836453116013,977.0751342773438,5027500,0.0,0.0
2001-01-11 00:00:00+09:00,992.0607210132183,1002.5507890601859,933.6160561801133,948.6018676757812,3497500,0.0,0.0
2001-01-12 00:00:00+09:00,954.5964428710937,978.5737475585937,948.6021166992186,974.0780029296875,5175500,0.0,0.0
2001-01-15 00:00:00+09:00,944.1063070153182,995.0580759653512,920.1290039800085,992.0609130859375,5145000,0.0,0.0
2001-01-16 00:00:00+09:00,1007.0466452205882,1074.4828044987526,998.055157316833,1069.987060546875,6369500,0.0,0.0
2001-01-17 00:00:00+09:00,1069.987057503571,1081.9757080078125,1032.5225246778155,1081.9757080078125,3576500,0.0,0.0
2001-01-18 00:00:00+09:00,1096.9618631998699,1110.449099222819,1072.9845547146267,1078.9788818359375,4432500,0.0,0.0
2001-01-19 00:00:00+09:00,1105.953009016296,1108.9501716423563,1080.4771266947823,1081.9757080078125,2835500,0.0,0.0
2001-01-22 00:00:00+09:00,1081.9759935282043,1084.97315694518,1037.01854227357,1060.995849609375,2575000,0.0,0.0
2001-01-23 00:00:00+09:00,1046.0098414168679,1055.0013300250357,1038.5169342433946,1047.5084228515625,1552000,0.0,0.0
2001-01-24 00:00:00+09:00,1047.5083634849932,1049.0069448347572,1023.5310618887703,1041.5140380859375,1676000,0.0,0.0
2001-01-25 00:00:00+09:00,1040.0153487723214,1049.0068359375,1028.02669921875,1049.0068359375,1318500,0.0,0.0
2001-01-26 00:00:00+09:00,1038.517084097216,1052.0043189556213,1032.5227574934802,1050.5057373046875,1809000,0.0,0.0
2001-01-29 00:00:00+09:00,1065.4911663749,1065.4911663749,1049.0067742087624,1055.0010986328125,1003000,0.0,0.0
2001-01-30 00:00:00+09:00,1049.0068475795495,1077.4798905852801,1029.5252918387864,1068.4884033203125,2184000,0.0,0.0
2001-01-31 00:00:00+09:00,1071.485535612254,1075.9812791183192,1055.0011427566808,1065.4912109375,1175000,0.0,0.0
2001-02-01 00:00:00+09:00,1050.5058262772186,1053.502989832931,1023.5313542758063,1028.027099609375,2402000,0.0,0.0
2001-02-02 00:00:00+09:00,1020.5338760443593,1034.0211078863551,1011.5423881496954,1014.53955078125,2740000,0.0,0.0
2001-02-05 00:00:00+09:00,1004.0496909654612,1004.0496909654612,978.5738032842479,986.0667114257812,2502500,0.0,0.0
2001-02-06 00:00:00+09:00,974.0777420671019,996.5564591917273,974.0777420671019,984.5678100585938,2336000,0.0,0.0
2001-02-07 00:00:00+09:00,987.5651446775192,1029.5254239657902,984.5679818712142,1020.533935546875,2456000,0.0,0.0
2001-02-08 00:00:00+09:00,1022.032785693135,1025.029949287543,953.0980230217506,978.5739135742188,4021000,0.0,0.0
2001-02-09 00:00:00+09:00,978.5739913551525,1007.04704776518,969.5824998572491,999.5541381835938,5096500,0.0,0.0
2001-02-12 00:00:00+09:00,999.5541381835938,999.5541381835938,999.5541381835938,999.5541381835938,0,0.0,0.0
2001-02-13 00:00:00+09:00,1002.5511811908923,1008.5455081337377,968.0838012695312,968.0838012695312,2022500,0.0,0.0
2001-02-14 00:00:00+09:00,966.5848380207831,1011.5422723473312,965.0862568765648,972.5791625976562,2476500,0.0,0.0
2001-02-15 00:00:00+09:00,974.0776971939507,992.0606700652236,972.5791161213446,980.072021484375,2351000,0.0,0.0
2001-02-16 00:00:00+09:00,980.0720683187475,992.0607174724937,962.0890945881283,972.5791625976562,1882000,0.0,0.0
2001-02-19 00:00:00+09:00,960.5908925909745,981.5710368909333,957.5937291195518,968.0838012695312,1446000,0.0,0.0
2001-02-20 00:00:00+09:00,978.5736801285758,992.0609130859375,974.0779358094552,992.0609130859375,1428000,0.0,0.0
2001-02-21 00:00:00+09:00,992.0605621568038,999.553466704816,974.0775912415747,993.5591430664062,1821000,0.0,0.0
2001-02-22 00:00:00+09:00,989.0634457699888,1007.0464175112612,968.0833120718374,998.054931640625,2387000,0.0,0.0
2001-02-23 00:00:00+09:00,998.0549011230469,1032.5222625732422,995.0577392578125,1031.023681640625,1947500,0.0,0.0
2001-02-26 00:00:00+09:00,1022.0326050337745,1041.5141649537732,1022.0326050337745,1029.5255126953125,1185000,0.0,0.0
2001-02-27 00:00:00+09:00,1037.018490306713,1046.00998010706,1011.5426025390625,1011.5426025390625,1398000,0.0,0.0
2001-02-28 00:00:00+09:00,1011.5421450048461,1020.5336307382225,990.5620116269678,996.5563354492188,2004500,0.0,0.0
2001-03-01 00:00:00+09:00,990.5626190562307,990.5626190562307,962.0895634403935,971.0810546875,2928000,0.0,0.0
2001-03-02 00:00:00+09:00,953.097646722561,968.0834587779472,921.62744140625,921.62744140625,3485500,0.0,0.0
2001-03-05 00:00:00+09:00,921.6272892784233,932.1173559856575,887.1599272403685,894.65283203125,2878500,0.0,0.0
2001-03-06 00:00:00+09:00,909.6389276548873,971.0807662609011,903.6446019372274,966.5850219726562,2761500,0.0,0.0
2001-03-07 00:00:00+09:00,980.0721335897641,986.0664585658483,921.6274650729433,954.5962524414062,3398000,0.0,0.0
2001-03-08 00:00:00+09:00,944.1063645306756,947.1035275926778,917.1318969726562,917.1318969726562,2564000,0.0,0.0
2001-03-09 00:00:00+09:00,902.1463497795577,921.6279154724717,902.1463497795577,920.1293334960938,11130500,0.0,0.0
2001-03-12 00:00:00+09:00,908.140402606355,911.1375656512605,891.656005859375,891.656005859375,3017500,0.0,0.0
2001-03-13 00:00:00+09:00,846.698564071229,854.1914717178771,801.7411181913408,804.73828125,5363000,0.0,0.0
2001-03-14 00:00:00+09:00,804.73828125,804.73828125,804.73828125,804.73828125,0,0.0,0.0
2001-03-15 00:00:00+09:00,752.2879526268273,834.7099394684119,743.2964631531999,813.7297973632812,4527000,0.0,0.0
2001-03-16 00:00:00+09:00,824.2198170095251,852.6928652334905,809.2340021548064,827.2169799804688,3386000,0.0,0.0
2001-03-19 00:00:00+09:00,812.2309713136998,899.148676731033,810.7323901858147,819.723876953125,3163000,0.0,0.0
2001-03-20 00:00:00+09:00,819.723876953125,819.723876953125,819.723876953125,819.723876953125,0,0.0,0.0
2001-03-21 00:00:00+09:00,819.7238934897437,912.6359252929686,810.7324065410444,912.6359252929688,4582500,0.0,0.0
2001-03-22 00:00:00+09:00,900.6473732575548,948.6019754942299,879.6672347790094,885.6615600585938,5258000,0.0,0.0
2001-03-23 00:00:00+09:00,879.6673536797531,905.1432395614495,875.1716091123949,891.656005859375,4029000,0.0,0.0
2001-03-26 00:00:00+09:00,906.6418542996258,957.5936279296875,896.1517832581426,957.5936279296875,5147500,0.0,0.0
2001-03-27 00:00:00+09:00,959.8430775625978,967.3418516060556,932.8474910061498,958.3433227539062,3771500,1.0,0.0
2001-03-28 00:00:00+09:00,976.3406965467665,1010.8350683141638,964.3426541928892,971.8414306640625,5997000,0.0,0.0
2001-03-29 00:00:00+09:00,959.8430690372425,989.8381649446562,946.3452758789062,946.3452758789062,3391500,0.0,0.0
2001-03-30 00:00:00+09:00,950.8448310788998,959.8433626033058,907.3519287109375,907.3519287109375,2719000,0.0,0.0
2001-04-02 00:00:00+09:00,914.8506383991561,929.8481898483226,890.8545560804897,896.8535766601562,3453000,0.0,0.0
2001-04-03 00:00:00+09:00,914.8504668542262,955.3438481740034,914.8504668542262,919.3497314453125,2156000,0.0,0.0
2001-04-04 00:00:00+09:00,904.3523736174421,944.8457634809097,898.3533528969284,943.3460083007812,3143500,0.0,0.0
2001-04-05 00:00:00+09:00,952.3443688813204,965.8421630859376,937.3468197650792,965.8421630859375,2335000,0.0,0.0
2001-04-06 00:00:00+09:00,989.8382917131696,997.3370666503906,932.8476021902902,944.8456420898438,2751000,0.0,0.0
2001-04-09 00:00:00+09:00,934.3473261890795,937.3468360644858,893.8539428710938,893.8539428710938,3216000,0.0,0.0
2001-04-10 00:00:00+09:00,902.8527164878781,919.3500252609124,884.8556523718406,886.3554077148438,3357500,0.0,0.0
2001-04-11 00:00:00+09:00,905.8518456725118,956.843505859375,902.8523362497551,956.843505859375,4186000,0.0,0.0
2001-04-12 00:00:00+09:00,941.8460208892822,973.3408719062804,929.8479824066162,959.8430786132812,2810000,0.0,0.0
2001-04-13 00:00:00+09:00,974.8405872691761,989.838134765625,961.3427945223722,989.838134765625,5876000,0.0,0.0
2001-04-16 00:00:00+09:00,995.8368852955427,995.8368852955427,956.8432723171028,967.341552734375,2006000,0.0,0.0
2001-04-17 00:00:00+09:00,952.3445441288019,959.8433200668239,944.8457681907798,953.8442993164062,1592500,0.0,0.0
2001-04-18 00:00:00+09:00,968.8419452535695,1045.3294672472723,968.8419452535695,1043.8297119140625,8294500,0.0,0.0
2001-04-19 00:00:00+09:00,1103.819580078125,1115.8176189920175,1094.8210508927054,1103.819580078125,10140500,0.0,0.0
2001-04-20 00:00:00+09:00,1099.3203154854152,1121.8166384489639,1079.8235022503395,1103.819580078125,5095000,0.0,0.0
2001-04-23 00:00:00+09:00,1108.3188669559042,1147.3124942101038,1108.3188669559042,1138.31396484375,4799000,0.0,0.0
2001-04-24 00:00:00+09:00,1123.3166630897472,1153.311767578125,1103.8198451723017,1153.311767578125,4411000,0.0,0.0
2001-04-25 00:00:00+09:00,1154.8112868282053,1166.809326171875,1147.3125122384117,1166.809326171875,3623500,0.0,0.0
2001-04-26 00:00:00+09:00,1154.8112868282053,1166.809326171875,1147.3125122384117,1166.809326171875,3623500,0.0,0.0
2001-04-27 00:00:00+09:00,1202.8033404433936,1211.8018691748903,1172.8082446717378,1196.8043212890625,3680000,0.0,0.0
2001-04-30 00:00:00+09:00,1196.8043212890625,1196.8043212890625,1196.8043212890625,1196.8043212890625,0,0.0,0.0
2001-05-01 00:00:00+09:00,1223.8001797441123,1244.7967514554084,1213.3018938884643,1241.7972412109375,5830500,0.0,0.0
2001-05-02 00:00:00+09:00,1256.794481257981,1321.283935546875,1250.795462254363,1321.283935546875,7634500,0.0,0.0
2001-05-03 00:00:00+09:00,1321.283935546875,1321.283935546875,1321.283935546875,1321.283935546875,0,0.0,0.0
2001-05-04 00:00:00+09:00,1321.283935546875,1321.283935546875,1321.283935546875,1321.283935546875,0,0.0,0.0
2001-05-07 00:00:00+09:00,1336.2819840604027,1348.2800265659955,1294.2888352908276,1340.78125,6222000,0.0,0.0
2001-05-08 00:00:00+09:00,1339.28161743709,1343.7808837890625,1324.2840629305158,1343.7808837890625,5123000,0.0,0.0
2001-05-09 00:00:00+09:00,1315.285255206407,1319.7845206176034,1246.296518901396,1267.2930908203125,6789500,0.0,0.0
2001-05-10 00:00:00+09:00,1259.794315134985,1295.788438424556,1256.7948048608541,1267.2930908203125,3051500,0.0,0.0
2001-05-11 00:00:00+09:00,1267.2930782889398,1271.7923436556462,1237.2979758442311,1241.7972412109375,5387000,0.0,0.0
2001-05-14 00:00:00+09:00,1244.7968732287259,1252.295649573477,1223.8002994634219,1240.297607421875,2558000,0.0,0.0
2001-05-15 00:00:00+09:00,1240.2975194922321,1321.2842982740708,1229.7992333538457,1313.7855224609375,4145000,0.0,0.0
2001-05-16 00:00:00+09:00,1304.7870839867367,1312.285860331488,1240.297607421875,1240.297607421875,3451000,0.0,0.0
2001-05-17 00:00:00+09:00,1285.2897833922116,1295.788066337072,1231.2986139615002,1270.292236328125,7539000,0.0,0.0
2001-05-18 00:00:00+09:00,1285.2900161467735,1297.2880559707808,1246.29638671875,1246.29638671875,3538500,0.0,0.0
2001-05-21 00:00:00+09:00,1246.2962636189288,1282.290379535721,1240.2972442994635,1244.7965087890625,3193500,0.0,0.0
2001-05-22 00:00:00+09:00,1268.7927113887636,1274.7917313007672,1246.29638671875,1246.29638671875,2643000,0.0,0.0
2001-05-23 00:00:00+09:00,1246.2962521284055,1264.2933099208733,1214.8014009915867,1228.2991943359375,3424500,0.0,0.0
2001-05-24 00:00:00+09:00,1198.3046878051757,1217.8015100097655,1192.3056655883788,1199.804443359375,4181000,0.0,0.0
2001-05-25 00:00:00+09:00,1199.8039391762452,1222.3002630357998,1174.30810546875,1174.30810546875,2718500,0.0,0.0
2001-05-28 00:00:00+09:00,1159.3103065097455,1181.806625523518,1144.3127605005639,1163.8095703125,2574000,0.0,0.0
2001-05-29 00:00:00+09:00,1168.3090801459941,1192.3051588139479,1160.8103055622587,1165.3095703125,2208500,0.0,0.0
2001-05-30 00:00:00+09:00,1162.3102989246383,1171.3088302711517,1148.8125019048682,1153.311767578125,2873500,0.0,0.0
2001-05-31 00:00:00+09:00,1124.8161399757469,1133.814669095553,1073.824474963513,1091.821533203125,5272500,0.0,0.0
2001-06-01 00:00:00+09:00,1097.820556640625,1114.3178600874103,1084.322762911437,1097.820556640625,3901000,0.0,0.0
2001-06-04 00:00:00+09:00,1094.8209309674992,1105.3192138671875,1087.3221574677218,1105.3192138671875,2100500,0.0,0.0
2001-06-05 00:00:00+09:00,1109.818712097505,1109.818712097505,1061.82655157437,1085.8226318359375,4705000,0.0,0.0
2001-06-06 00:00:00+09:00,1094.8211593733747,1100.8201794247357,1064.82605911657,1081.3233642578125,3229000,0.0,0.0
2001-06-07 00:00:00+09:00,1079.8235002980246,1108.3188426670001,1058.826932236674,1100.820068359375,4509000,0.0,0.0
2001-06-08 00:00:00+09:00,1115.8177490234375,1118.8172591014575,1093.3214234382876,1115.8177490234375,13716500,0.0,0.0
2001-06-11 00:00:00+09:00,1100.8204320585778,1108.319208843718,1081.3236124172133,1093.3216552734375,2277500,0.0,0.0
2001-06-12 00:00:00+09:00,1081.3233377591919,1093.321377567893,1036.3306884765625,1036.3306884765625,4199000,0.0,0.0
2001-06-13 00:00:00+09:00,1034.831480577257,1034.831480577257,1009.3356325050636,1012.3351440429688,3916500,0.0,0.0
2001-06-14 00:00:00+09:00,1006.3351362531965,1021.3326792674022,989.8378389375704,998.8363647460938,4236000,0.0,0.0
2001-06-15 00:00:00+09:00,968.8415435504016,968.8415435504016,937.3466946114567,956.843505859375,7101500,0.0,0.0
2001-06-18 00:00:00+09:00,956.8435689926147,967.3418526649474,934.3472468376159,959.8430786132812,2531500,0.0,0.0
2001-06-19 00:00:00+09:00,959.8433082592892,989.838411642392,920.8496738612556,928.3484497070312,4007000,0.0,0.0
2001-06-20 00:00:00+09:00,931.3478454784224,953.8441702484325,925.348825539753,941.8461303710938,2689000,0.0,0.0
2001-06-21 00:00:00+09:00,956.843413521771,995.8370322546332,950.8443952551768,991.3377685546875,4502000,0.0,0.0
2001-06-22 00:00:00+09:00,1006.335639594583,1034.8309855741613,995.8373542336857,1019.8334350585938,4645500,0.0,0.0
2001-06-25 00:00:00+09:00,1007.8350527253467,1016.833579981823,952.3441346437428,973.3406982421875,2838000,0.0,0.0
2001-06-26 00:00:00+09:00,974.8404683215535,1001.8360505212273,967.3416954883108,991.3377685546875,1901000,0.0,0.0
2001-06-27 00:00:00+09:00,997.337147702453,998.83690281178,976.340576171875,976.340576171875,1813000,0.0,0.0
2001-06-28 00:00:00+09:00,974.8406256495134,986.8386641190459,944.8455294756823,958.3433227539062,1915500,0.0,0.0
2001-06-29 00:00:00+09:00,977.8402936150046,1019.8334350585938,974.8407835118911,1019.8334350585938,2828000,0.0,0.0
2001-07-02 00:00:00+09:00,989.8379418459274,995.8369596752967,964.3421160711081,979.3396606445312,2065500,0.0,0.0
2001-07-03 00:00:00+09:00,1000.3364847971981,1007.8352590460527,991.3379556985726,997.3369750976562,1374500,0.0,0.0
2001-07-04 00:00:00+09:00,1012.3342587060621,1012.3342587060621,970.3411339004773,979.3396606445312,2060500,0.0,0.0
2001-07-05 00:00:00+09:00,979.3400243201623,986.8387993915265,965.8422291917068,974.8407592773438,1645000,0.0,0.0
2001-07-06 00:00:00+09:00,967.3420253906249,967.3420253906249,934.347413671875,937.346923828125,2378500,0.0,0.0
2001-07-09 00:00:00+09:00,907.3514347425514,910.3509436177335,890.8541359290505,901.3524169921875,3251000,0.0,0.0
2001-07-10 00:00:00+09:00,905.8516325403432,928.3479479180007,898.3528607477907,914.8501586914062,2406500,0.0,0.0
2001-07-11 00:00:00+09:00,899.8530190677966,913.3508143538136,884.85546875,884.85546875,2614000,0.0,0.0
2001-07-12 00:00:00+09:00,929.8479741736303,947.8450317382812,899.8528782325454,947.8450317382812,2865000,0.0,0.0
2001-07-13 00:00:00+09:00,932.8476021902902,959.8431919642858,931.347847202846,944.8456420898438,4898000,0.0,0.0
2001-07-16 00:00:00+09:00,959.8429256290585,959.8429256290585,914.8502884901964,923.8488159179688,1635500,0.0,0.0
2001-07-17 00:00:00+09:00,908.8511891801425,913.3504524929155,896.8531536794145,901.3524169921875,1779000,0.0,0.0
2001-07-18 00:00:00+09:00,902.8523960179069,905.8519056392289,869.8577901833655,872.8572998046875,2271000,0.0,0.0
2001-07-19 00:00:00+09:00,872.8573029346956,892.3541155432025,869.8577933026176,877.3565673828125,1920000,0.0,0.0
2001-07-20 00:00:00+09:00,877.3565673828125,877.3565673828125,877.3565673828125,877.3565673828125,0,0.0,0.0
2001-07-23 00:00:00+09:00,883.3556801616281,884.8554351364356,823.3654811693274,827.86474609375,2294500,0.0,0.0
2001-07-24 00:00:00+09:00,832.3642699359215,877.356933175701,829.3647590532695,875.857177734375,1749500,0.0,0.0
2001-07-25 00:00:00+09:00,860.8593961588542,913.3508227539063,856.3601310221354,899.85302734375,2806000,0.0,0.0
2001-07-26 00:00:00+09:00,913.3504043328957,917.8496674084272,901.3523694648117,914.8501586914062,2053500,0.0,0.0
2001-07-27 00:00:00+09:00,901.3525291815978,929.8478670425801,881.8557190661888,889.3544921875,1751500,0.0,0.0
2001-07-30 00:00:00+09:00,899.8528663148272,899.8528663148272,836.8631656727893,845.8616943359375,1702500,0.0,0.0
2001-07-31 00:00:00+09:00,866.8582928076336,895.3536346127288,860.8592734802452,890.8543701171875,1902500,0.0,0.0
2001-08-01 00:00:00+09:00,892.3538903666415,908.8511891801425,868.3578193651856,901.3524169921875,2227000,0.0,0.0
2001-08-02 00:00:00+09:00,928.3481107286283,961.3427124023438,919.3495829994332,961.3427124023438,2621500,0.0,0.0
2001-08-03 00:00:00+09:00,961.3427757156396,970.3413040374709,950.844492673503,964.34228515625,2284500,0.0,0.0
2001-08-06 00:00:00+09:00,944.8455294756823,971.8411160321302,937.3467554322244,958.3433227539062,1321000,0.0,0.0
2001-08-07 00:00:00+09:00,935.8471289062501,974.8407592773439,928.3483538348859,974.8407592773438,2290500,0.0,0.0
2001-08-08 00:00:00+09:00,974.8405576880422,986.8385953211258,946.3452183094687,950.844482421875,1442000,0.0,0.0
2001-08-09 00:00:00+09:00,935.8471484375,944.8456787109376,899.85302734375,899.85302734375,1755500,0.0,0.0
2001-08-10 00:00:00+09:00,904.3520458902859,931.3476293496974,869.8576892477046,898.35302734375,3606000,0.0,0.0
2001-08-13 00:00:00+09:00,884.8551512831459,895.3534327390477,865.3583428650427,871.3573608398438,1919000,0.0,0.0
2001-08-14 00:00:00+09:00,899.8528782325454,956.8435605206066,889.3545946531658,947.8450317382812,2835500,0.0,0.0
2001-08-15 00:00:00+09:00,943.3458625451842,943.3458625451842,901.3527239899137,904.3522338867188,2168000,0.0,0.0
2001-08-16 00:00:00+09:00,896.8535701317779,902.8525906677764,881.8560187917817,883.3557739257812,2148500,0.0,0.0
2001-08-17 00:00:00+09:00,883.3559549410049,895.3539984716128,872.857666851723,875.857177734375,1840000,0.0,0.0
2001-08-20 00:00:00+09:00,856.3598462176578,863.8586189516128,836.8630371093749,836.863037109375,2583000,0.0,0.0
2001-08-21 00:00:00+09:00,845.8618030652322,860.8593527649704,811.3674387558344,823.365478515625,3611000,0.0,0.0
2001-08-22 00:00:00+09:00,779.8727446056548,817.3666265578497,778.372989327567,787.3715209960938,7988000,0.0,0.0
2001-08-23 00:00:00+09:00,779.8727162679036,781.3724714914957,719.8825073242188,719.8825073242188,9566500,0.0,0.0
2001-08-24 00:00:00+09:00,725.8813987554506,736.3796834481947,698.8858095455371,709.3840942382812,5680500,0.0,0.0
2001-08-27 00:00:00+09:00,727.3810447363883,743.8783467819558,727.3810447363883,730.3805541992188,3358500,0.0,0.0
2001-08-28 00:00:00+09:00,722.8818869945096,730.3806617558635,700.3855627104482,706.3845825195312,3939000,0.0,0.0
2001-08-29 00:00:00+09:00,691.3871385362413,691.3871385362413,674.8898315429688,674.8898315429688,3983000,0.0,0.0
2001-08-30 00:00:00+09:00,668.8908101445052,674.88983086329,649.3939928084545,673.3900756835938,4475500,0.0,0.0
2001-08-31 00:00:00+09:00,643.3948471069336,670.3904350974343,641.8950922185725,659.8921508789062,3856500,0.0,0.0
2001-09-03 00:00:00+09:00,667.3910423331913,670.3905526358124,644.8947150635332,646.3944702148438,3129000,0.0,0.0
2001-09-04 00:00:00+09:00,653.8932654339335,694.3866557245669,646.3944894541866,689.8873901367188,5733000,0.0,0.0
2001-09-05 00:00:00+09:00,668.8907445903287,680.8887848520386,653.8931942631913,664.3914794921875,3970000,0.0,0.0
2001-09-06 00:00:00+09:00,661.3919198843149,682.3884887695312,658.3924100435697,682.3884887695312,6968000,0.0,0.0
2001-09-07 00:00:00+09:00,667.3911143736018,679.3891568791946,656.892827181208,670.390625,3911500,0.0,0.0
2001-09-10 00:00:00+09:00,652.3933715820312,674.8896947400324,646.3943520732311,652.3933715820312,3284500,0.0,0.0
2001-09-11 00:00:00+09:00,659.8922143940463,677.8892747866112,655.392949295905,664.3914794921875,3143000,0.0,0.0
2001-09-12 00:00:00+09:00,626.8978271484375,629.8973382831191,626.8978271484375,626.8978271484375,1697000,0.0,0.0
2001-09-13 00:00:00+09:00,626.8975712528935,634.3963460286459,602.9014919704861,607.4007568359375,6610500,0.0,0.0
2001-09-14 00:00:00+09:00,604.4012681118278,644.8946533203125,604.4012681118278,644.8946533203125,8120500,0.0,0.0
2001-09-17 00:00:00+09:00,637.3960665294102,686.8879964011056,626.8977783748081,671.8904418945312,7022000,0.0,0.0
2001-09-18 00:00:00+09:00,716.8828321096888,746.8779296875,710.8838125941265,746.8779296875,6739500,0.0,0.0
2001-09-19 00:00:00+09:00,784.3718936438838,821.8657700130943,772.3738532057365,796.3699340820312,11707000,0.0,0.0
2001-09-20 00:00:00+09:00,751.3771427312547,781.3722382494684,749.8773879553439,760.3756713867188,6839000,0.0,0.0
2001-09-21 00:00:00+09:00,749.8773394055247,787.371206375801,728.8807739021701,775.3731689453125,5504500,0.0,0.0
2001-09-24 00:00:00+09:00,775.3731689453125,775.3731689453125,775.3731689453125,775.3731689453125,0,0.0,0.0
2001-09-25 00:00:00+09:00,836.1720862755409,837.6732928936298,767.1165818434495,800.1431274414062,4910000,1.0,0.0
2001-09-26 00:00:00+09:00,824.1624715169271,824.1624715169271,801.6443712022569,810.651611328125,4765500,0.0,0.0
2001-09-27 00:00:00+09:00,795.6394750292056,819.6587799357477,791.135855359229,803.1455078125,3733000,0.0,0.0
2001-09-28 00:00:00+09:00,803.1455078125,803.1455078125,803.1455078125,803.1455078125,0,0.0,0.0
2001-10-01 00:00:00+09:00,798.6420876403148,834.6710540000282,786.6324321870769,831.6686401367188,3630500,0.0,0.0
2001-10-02 00:00:00+09:00,840.6759668775826,911.2326998119511,839.1747597938726,908.2302856445312,9133500,0.0,0.0
2001-10-03 00:00:00+09:00,923.2423098938204,939.7555869813522,848.1819594959488,849.6831665039062,8473500,0.0,0.0
2001-10-04 00:00:00+09:00,872.2012739834721,884.21093007963,855.6879968512549,876.7048950195312,5393000,0.0,0.0
2001-10-05 00:00:00+09:00,870.6997920221844,887.2130639398465,857.1889331804608,879.70703125,2538000,0.0,0.0
2001-10-08 00:00:00+09:00,879.7070312500001,879.7070312500001,879.7070312500001,879.70703125,0,0.0,0.0
2001-10-09 00:00:00+09:00,870.699996145148,870.699996145148,843.6782721268503,855.6879272460938,3110000,0.0,0.0
2001-10-10 00:00:00+09:00,825.6638226784363,837.6734782810317,798.6420975725965,806.1481323242188,4337000,0.0,0.0
2001-10-11 00:00:00+09:00,821.1602653434685,833.169921875,809.1506088119369,833.169921875,4215000,0.0,0.0
2001-10-12 00:00:00+09:00,863.1939064077781,882.7095947265626,848.1818384702515,882.7095947265625,8904000,0.0,0.0
2001-10-15 00:00:00+09:00,852.6855134662828,870.699996145148,845.1794790167557,855.6879272460938,2401500,0.0,0.0
2001-10-16 00:00:00+09:00,857.1890792327674,890.2156286953259,855.6878724390148,882.7095947265625,3641500,0.0,0.0
2001-10-17 00:00:00+09:00,885.7120813830146,885.7120813830146,842.177080772663,870.7000122070312,3531000,0.0,0.0
2001-10-18 00:00:00+09:00,840.675881726647,849.6831233165755,831.6686401367188,831.6686401367188,2977500,0.0,0.0
2001-10-19 00:00:00+09:00,818.1576626864346,828.6661097301136,801.6443887606534,825.6636962890625,2983500,0.0,0.0
2001-10-22 00:00:00+09:00,816.6567042983058,830.1675688914763,813.6542899442679,819.6591186523438,1799500,0.0,0.0
2001-10-23 00:00:00+09:00,849.6831346640761,870.7000319879224,846.6807207606695,866.1964111328125,4100500,0.0,0.0
2001-10-24 00:00:00+09:00,866.1963914542363,882.709667547818,858.6903568662447,870.7000122070312,3478000,0.0,0.0
2001-10-25 00:00:00+09:00,879.7073090435708,893.2181721517485,875.2036880075116,876.7048950195312,4137500,0.0,0.0
2001-10-26 00:00:00+09:00,891.7167359448956,893.2179425710655,872.2010498046875,872.2010498046875,2357000,0.0,0.0
2001-10-29 00:00:00+09:00,870.7000284757938,870.7000284757938,839.1746826171875,839.1746826171875,2027500,0.0,0.0
2001-10-30 00:00:00+09:00,818.1576817040034,825.6637154811044,806.1480276606419,821.1600952148438,3577000,0.0,0.0
2001-10-31 00:00:00+09:00,810.6515405957945,818.1575733790888,803.1455078125,803.1455078125,2205000,0.0,0.0
2001-11-01 00:00:00+09:00,807.6493093976503,812.1529300820239,783.6299990809916,789.6348266601562,2395500,0.0,0.0
2001-11-02 00:00:00+09:00,810.6517477596508,813.6541616402421,761.1119187298943,765.6155395507812,4070500,0.0,0.0
2001-11-05 00:00:00+09:00,761.1119432951275,761.1119432951275,734.0902174976673,741.5962524414062,4412500,0.0,0.0
2001-11-06 00:00:00+09:00,756.6082081858806,783.6299299068048,753.6057946613334,782.1287231445312,3391000,0.0,0.0
2001-11-07 00:00:00+09:00,797.1408626011439,803.1456901913598,756.6082763671875,756.6082763671875,2618000,0.0,0.0
2001-11-08 00:00:00+09:00,761.1120198567709,788.1337483723959,758.109605577257,783.630126953125,2353500,0.0,0.0
2001-11-09 00:00:00+09:00,783.630126953125,783.630126953125,783.630126953125,783.630126953125,0,0.0,0.0
2001-11-12 00:00:00+09:00,750.6033834896934,750.6033834896934,710.07080078125,710.07080078125,4678500,0.0,0.0
2001-11-13 00:00:00+09:00,702.5648450210141,705.5672588886254,686.0515687491527,692.056396484375,5439000,0.0,0.0
2001-11-14 00:00:00+09:00,713.0731016023389,728.0851668992302,708.5694820132715,717.5767211914062,3951500,0.0,0.0
2001-11-15 00:00:00+09:00,720.5793353873239,747.6010604643486,717.5769214898768,746.099853515625,3728000,0.0,0.0
2001-11-16 00:00:00+09:00,750.6034836143897,773.1215881228213,738.5938278765594,767.1167602539062,5333500,0.0,0.0
2001-11-19 00:00:00+09:00,761.1119008112828,761.1119008112828,737.0925903320312,737.0925903320312,4184000,0.0,0.0
2001-11-20 00:00:00+09:00,741.5961804707845,743.0973873138428,705.567216237386,720.5792846679688,5246000,0.0,0.0
2001-11-21 00:00:00+09:00,728.0854171904007,765.6155933342358,723.5817960531405,758.1095581054688,3922500,0.0,0.0
2001-11-22 00:00:00+09:00,750.6034350537401,758.1094694042774,737.0925732227728,755.1070556640625,1872500,0.0,0.0
2001-11-23 00:00:00+09:00,755.1070556640625,755.1070556640625,755.1070556640625,755.1070556640625,0,0.0,0.0
2001-11-26 00:00:00+09:00,776.1240208758055,822.6614379882812,771.6203998649207,822.6614379882812,6764000,0.0,0.0
2001-11-27 00:00:00+09:00,807.6490930455332,818.157538494081,786.6322021484375,786.6322021484375,3662000,0.0,0.0
2001-11-28 00:00:00+09:00,771.6204420598855,792.6373412599602,753.60595703125,753.60595703125,2766500,0.0,0.0
2001-11-29 00:00:00+09:00,756.6081355168269,771.6202016977163,752.1045156625601,761.1117553710938,2765000,0.0,0.0
2001-11-30 00:00:00+09:00,761.1119029541017,764.1143167724609,743.0974200439454,750.6034545898438,4638000,0.0,0.0
2001-12-03 00:00:00+09:00,753.6059069446682,753.6059069446682,728.0853881835938,728.0853881835938,3620500,0.0,0.0
2001-12-04 00:00:00+09:00,735.591383427078,746.0998317617506,728.0853489023119,737.0925903320312,2255000,0.0,0.0
2001-12-05 00:00:00+09:00,752.1047770182291,764.1144341362847,737.0927056206597,743.0975341796875,2982500,0.0,0.0
2001-12-06 00:00:00+09:00,777.6252090245077,794.1384856640243,765.6155532866775,767.1167602539062,4761500,0.0,0.0
2001-12-07 00:00:00+09:00,780.6274176571619,785.1310373744147,768.617765077821,771.6201782226562,2326000,0.0,0.0
2001-12-10 00:00:00+09:00,758.1093758683863,765.6154092928258,738.5936889648438,738.5936889648438,2321500,0.0,0.0
2001-12-11 00:00:00+09:00,723.5817097809355,735.591364715059,708.5696411132812,708.5696411132812,3234000,0.0,0.0
2001-12-12 00:00:00+09:00,731.0878304512271,753.6059361119425,723.5817952309885,744.5986938476562,3877000,0.0,0.0
2001-12-13 00:00:00+09:00,729.5865372479972,734.0901578482935,704.066020512985,708.5696411132812,3263000,0.0,0.0
2001-12-14 00:00:00+09:00,701.0635337329849,711.5719807054278,675.5430196570518,687.5526733398438,20539500,0.0,0.0
2001-12-17 00:00:00+09:00,695.0588103519863,708.5696727562365,683.0491548815415,692.056396484375,3992000,0.0,0.0
2001-12-18 00:00:00+09:00,699.5624450419372,708.5696868235931,686.0515823694534,693.5576171875,3626500,0.0,0.0
2001-12-19 00:00:00+09:00,686.0513648660774,704.0658427181406,686.0513648660774,702.5646362304688,2389500,0.0,0.0
2001-12-20 00:00:00+09:00,702.56501730214,705.5674319059952,684.5505296790082,690.5553588867188,2832000,0.0,0.0
2001-12-21 00:00:00+09:00,690.5549784475422,705.5670431964018,683.0489460731123,689.0537719726562,2627000,0.0,0.0
2001-12-24 00:00:00+09:00,689.0537719726562,689.0537719726562,689.0537719726562,689.0537719726562,0,0.0,0.0
2001-12-25 00:00:00+09:00,683.0491470872311,690.5551816706072,675.5431125038549,684.5503540039062,1838500,0.0,0.0
2001-12-26 00:00:00+09:00,680.0466462219654,683.049059671069,662.0321655273438,662.0321655273438,2173000,0.0,0.0
2001-12-27 00:00:00+09:00,662.0322502537778,684.5503540039062,662.0322502537778,684.5503540039062,2387000,0.0,0.0
2001-12-28 00:00:00+09:00,687.5527833602971,702.5648528659805,678.545541656887,699.5624389648438,1081000,0.0,0.0
2001-12-31 00:00:00+09:00,699.5624389648438,699.5624389648438,699.5624389648438,699.5624389648438,0,0.0,0.0
2002-01-01 00:00:00+09:00,699.5624389648438,699.5624389648438,699.5624389648438,699.5624389648438,0,0.0,0.0
2002-01-02 00:00:00+09:00,699.5624389648438,699.5624389648438,699.5624389648438,699.5624389648438,0,0.0,0.0
2002-01-03 00:00:00+09:00,699.5624389648438,699.5624389648438,699.5624389648438,699.5624389648438,0,0.0,0.0
2002-01-04 00:00:00+09:00,707.0684542236329,750.6034545898438,699.5624196777344,750.6034545898438,2350500,0.0,0.0
2002-01-07 00:00:00+09:00,746.0998809141721,762.6131579565381,726.5841898641032,749.102294921875,2849500,0.0,0.0
2002-01-08 00:00:00+09:00,744.598594156901,744.598594156901,720.5792846679688,720.5792846679688,2309500,0.0,0.0
2002-01-09 00:00:00+09:00,725.0826808384486,746.0995701381138,710.0706170529735,735.5911254882812,2515000,0.0,0.0
2002-01-10 00:00:00+09:00,735.5914075349506,738.5938214432565,713.0733032226562,713.0733032226562,1867500,0.0,0.0
2002-01-11 00:00:00+09:00,716.075735796605,717.5769427898894,692.0564239040565,695.058837890625,2839000,0.0,0.0
2002-01-14 00:00:00+09:00,695.058837890625,695.058837890625,695.058837890625,695.058837890625,0,0.0,0.0
2002-01-15 00:00:00+09:00,672.5408396677927,675.5432541305954,665.0348035107862,666.5360107421875,2153000,0.0,0.0
2002-01-16 00:00:00+09:00,665.0348035107862,687.552911981806,662.0323890479835,666.5360107421875,2361500,0.0,0.0
2002-01-17 00:00:00+09:00,668.0370099052885,681.5478707797776,663.5333896137922,677.0442504882812,1936500,0.0,0.0
2002-01-18 00:00:00+09:00,684.550236265121,698.0610961914062,678.5454096312164,698.0610961914062,2529500,0.0,0.0
2002-01-21 00:00:00+09:00,684.5502790178572,689.0538992745536,669.5382114955357,683.049072265625,2218000,0.0,0.0
2002-01-22 00:00:00+09:00,677.0444409792826,681.5480625379031,657.5287475585938,657.5287475585938,2613500,0.0,0.0
2002-01-23 00:00:00+09:00,650.0226165700677,659.0298583701149,645.5189956700442,647.0202026367188,2583500,0.0,0.0
2002-01-24 00:00:00+09:00,648.5214499080882,668.0371416877298,633.509379308364,638.0130004882812,2610000,0.0,0.0
2002-01-25 00:00:00+09:00,644.0177391539229,645.5189460050975,623.0008432374779,635.010498046875,3365000,0.0,0.0
2002-01-28 00:00:00+09:00,642.5164794921875,656.0273400422568,633.5092391254746,642.5164794921875,3410000,0.0,0.0
2002-01-29 00:00:00+09:00,644.0178213936941,651.523856608073,630.5069580078125,630.5069580078125,2318000,0.0,0.0
2002-01-30 00:00:00+09:00,623.0009227934338,630.5069580078125,616.9960946219308,630.5069580078125,2455000,0.0,0.0
2002-01-31 00:00:00+09:00,630.5069580078125,630.5069580078125,630.5069580078125,630.5069580078125,0,0.0,0.0
2002-02-01 00:00:00+09:00,607.9886189879614,612.4922383878722,600.4825866547767,604.9862060546875,3953000,0.0,0.0
2002-02-04 00:00:00+09:00,604.9862060546875,609.4898254545984,600.4825866547767,604.9862060546875,3640500,0.0,0.0
2002-02-05 00:00:00+09:00,592.9767297521814,603.4851781275365,577.9646606445312,577.9646606445312,5128000,0.0,0.0
2002-02-06 00:00:00+09:00,577.9645907753393,592.9766580682052,570.4585571289062,570.4585571289062,3717500,0.0,0.0
2002-02-07 00:00:00+09:00,574.9622815190529,597.4803865393814,574.9622815190529,588.47314453125,3442500,0.0,0.0
2002-02-08 00:00:00+09:00,594.4779602050781,615.4948577880859,580.9670974731446,600.4827880859375,6913500,0.0,0.0
2002-02-11 00:00:00+09:00,600.4827880859375,600.4827880859375,600.4827880859375,600.4827880859375,0,0.0,0.0
2002-02-12 00:00:00+09:00,615.4948120117188,630.5068805973705,610.9911914360232,615.4948120117188,3740000,0.0,0.0
2002-02-13 00:00:00+09:00,615.4950141906738,632.0082950592041,612.4925994873047,624.5022583007812,2807500,0.0,0.0
2002-02-14 00:00:00+09:00,623.000921913017,645.5190275243309,616.99609375,616.99609375,3535500,0.0,0.0
2002-02-15 00:00:00+09:00,624.5020531631097,629.0056737388053,612.4923982945884,615.4948120117188,2619500,0.0,0.0
2002-02-18 00:00:00+09:00,609.4900854078389,632.0081920115769,609.4900854078389,619.99853515625,2023000,0.0,0.0
2002-02-19 00:00:00+09:00,619.9982375156732,633.5090949918017,607.9885864257812,607.9885864257812,3225000,0.0,0.0
2002-02-20 00:00:00+09:00,600.482809132543,619.9985004293507,597.4803950868803,609.4900512695312,3517500,0.0,0.0
2002-02-21 00:00:00+09:00,616.9959651198343,642.5164794921875,610.9911382086923,642.5164794921875,3510500,0.0,0.0
2002-02-22 00:00:00+09:00,636.5116779680445,674.0418476595567,630.5068508174027,665.0346069335938,4616000,0.0,0.0
2002-02-25 00:00:00+09:00,675.5431381259571,698.0612427301556,672.5407241787306,674.0419311523438,5631500,0.0,0.0
2002-02-26 00:00:00+09:00,674.0419699276196,684.5504193474266,635.0105863683365,638.0130004882812,3240500,0.0,0.0
2002-02-27 00:00:00+09:00,653.0248165753932,689.0537719726562,647.0199906758493,689.0537719726562,3944500,0.0,0.0
2002-02-28 00:00:00+09:00,681.5480830562008,695.0589481388126,666.5360107421875,666.5360107421875,2831500,0.0,0.0
2002-03-01 00:00:00+09:00,681.5479555580238,699.5624389648438,671.0395069040454,699.5624389648438,3486000,0.0,0.0
2002-03-04 00:00:00+09:00,750.6034318790879,774.6227416992188,738.5937769690225,774.6227416992188,6582000,0.0,0.0
2002-03-05 00:00:00+09:00,819.6589299982245,822.6613436612216,792.63720703125,792.63720703125,8368000,0.0,0.0
2002-03-06 00:00:00+09:00,795.6395075871394,821.1600200946515,780.62744140625,780.62744140625,5291000,0.0,0.0
2002-03-07 00:00:00+09:00,813.6542494406797,825.6639062589924,792.6373500086327,815.1554565429688,5776000,0.0,0.0
2002-03-08 00:00:00+09:00,845.1794592592897,893.2180786132812,831.6685975659796,893.2180786132812,16416000,0.0,0.0
2002-03-11 00:00:00+09:00,923.2423322077649,986.2930280658561,917.2375040308038,959.2713012695312,11136500,0.0,0.0
2002-03-12 00:00:00+09:00,945.7602865389078,963.7747681872679,909.7313232421875,909.7313232421875,9839500,0.0,0.0
2002-03-13 00:00:00+09:00,900.7240334535256,954.7674754607372,878.2059326171875,878.2059326171875,7360500,0.0,0.0
2002-03-14 00:00:00+09:00,870.6998990050748,878.2059326171875,843.678178001469,878.2059326171875,7570500,0.0,0.0
2002-03-15 00:00:00+09:00,900.7242502259813,923.2423564816308,888.7145935563016,908.2302856445312,3978000,0.0,0.0
2002-03-18 00:00:00+09:00,938.2540862308022,942.75770584471,879.7070312500001,879.70703125,3829000,0.0,0.0
2002-03-19 00:00:00+09:00,893.2179517538997,909.7312248115348,888.7143318290902,899.2227783203125,2904500,0.0,0.0
2002-03-20 00:00:00+09:00,914.2349959524054,914.2349959524054,851.1843065763775,855.6879272460938,3203000,0.0,0.0
2002-03-21 00:00:00+09:00,855.6879272460938,855.6879272460938,855.6879272460938,855.6879272460938,0,0.0,0.0
2002-03-22 00:00:00+09:00,846.6806030273438,869.198704171688,833.1697423407372,846.6806030273438,2788500,0.0,0.0
2002-03-25 00:00:00+09:00,833.1698470683734,846.680709453266,824.1626054784451,831.6686401367188,2596000,0.0,0.0
2002-03-26 00:00:00+09:00,838.4301766531808,871.4865635463169,821.9019832066127,841.435302734375,3632500,1.0,0.0
2002-03-27 00:00:00+09:00,826.4097351181487,863.9738139871554,820.3994824991075,854.9584350585938,3417000,0.0,0.0
2002-03-28 00:00:00+09:00,848.947998046875,860.9685006740874,838.4300582480641,848.947998046875,1918000,0.0,0.0
2002-03-29 00:00:00+09:00,857.9634888592889,857.9634888592889,817.394287109375,817.394287109375,2712500,0.0,0.0
2002-04-01 00:00:00+09:00,818.8967202707258,821.901845849701,799.3634040073874,800.865966796875,1829000,0.0,0.0
2002-04-02 00:00:00+09:00,809.8814196100388,847.4454928758106,799.3634790956228,839.9326782226562,2840000,0.0,0.0
2002-04-03 00:00:00+09:00,826.4097963530442,872.9892576020338,814.3892902242726,871.4866943359375,3822500,0.0,0.0
2002-04-04 00:00:00+09:00,860.9683349401064,895.5272733408436,856.4606473226189,880.5016479492188,4428500,0.0,0.0
2002-04-05 00:00:00+09:00,882.0045157668937,888.0147680038061,874.4917004707532,878.9993896484375,2056500,0.0,0.0
2002-04-08 00:00:00+09:00,874.4913523034526,904.5426015235025,872.9887898424502,903.0400390625,3312000,0.0,0.0
2002-04-09 00:00:00+09:00,898.5327094184028,904.5429616553151,878.9993896484375,878.9993896484375,3040500,0.0,0.0
2002-04-10 00:00:00+09:00,859.466068647981,882.0045145041344,850.4506903055197,874.49169921875,4686000,0.0,0.0
2002-04-11 00:00:00+09:00,880.502010005931,885.0096994769511,860.9686889648438,860.9686889648438,3524000,0.0,0.0
2002-04-12 00:00:00+09:00,845.9429220497061,853.4557366327408,806.8762862179258,818.8967895507812,6009000,0.0,0.0
2002-04-15 00:00:00+09:00,827.9119873046875,835.4248002566356,818.8966117623497,827.9119873046875,3154000,0.0,0.0
2002-04-16 00:00:00+09:00,829.4149210540719,857.963623046875,827.9123577912927,857.963623046875,2882000,0.0,0.0
2002-04-17 00:00:00+09:00,872.9891361616731,877.4968253329038,865.4763208762886,874.49169921875,2587000,0.0,0.0
2002-04-18 00:00:00+09:00,859.466068647981,886.5122036753651,859.466068647981,874.49169921875,2148500,0.0,0.0
2002-04-19 00:00:00+09:00,863.9736347132489,869.9838860851671,848.9480062834532,868.4813232421875,1898000,0.0,0.0
2002-04-22 00:00:00+09:00,869.9842529296875,889.517578125,869.9842529296875,877.4970703125,2233500,0.0,0.0
2002-04-23 00:00:00+09:00,854.9582564036051,880.5018246968586,854.9582564036051,865.4761962890625,1918000,0.0,0.0
2002-04-24 00:00:00+09:00,862.4712508323951,868.4815034514362,851.9533087490732,854.9584350585938,1867500,0.0,0.0
2002-04-25 00:00:00+09:00,866.9787610306023,871.4864495628237,850.4505697457901,869.98388671875,2011500,0.0,0.0
2002-04-26 00:00:00+09:00,862.4713742983091,869.9841911475976,851.9534307093054,859.4662475585938,2121500,0.0,0.0
2002-04-29 00:00:00+09:00,859.4662475585938,859.4662475585938,859.4662475585938,859.4662475585938,0,0.0,0.0
2002-04-30 00:00:00+09:00,859.4661258078371,866.9789415928706,851.9533100228035,860.9686889648438,1530500,0.0,0.0
2002-05-01 00:00:00+09:00,866.9787666165099,888.014646569077,865.4762037627552,883.5069580078125,2344500,0.0,0.0
2002-05-02 00:00:00+09:00,883.507200464709,889.5174535290947,868.4815678037445,871.4866943359375,1808500,0.0,0.0
2002-05-03 00:00:00+09:00,871.4866943359374,871.4866943359374,871.4866943359374,871.4866943359375,0,0.0,0.0
2002-05-06 00:00:00+09:00,871.4866943359374,871.4866943359374,871.4866943359374,871.4866943359375,0,0.0,0.0
2002-05-07 00:00:00+09:00,859.4661198796452,860.968683026288,820.3994780669341,833.9225463867188,3595000,0.0,0.0
2002-05-08 00:00:00+09:00,833.9226091564442,877.4969436889431,833.9226091564442,845.943115234375,3790500,0.0,0.0
2002-05-09 00:00:00+09:00,877.4970079968859,877.4970079968859,859.4662475585938,859.4662475585938,2160500,0.0,0.0
2002-05-10 00:00:00+09:00,836.9277321433673,845.9431116637626,815.8918465957781,821.902099609375,6309500,0.0,0.0
2002-05-13 00:00:00+09:00,811.3839020991461,815.8915904441413,790.3480231558349,791.8505859375,4252000,0.0,0.0
2002-05-14 00:00:00+09:00,806.8762137541507,811.3839020991461,782.8352092475094,791.8505859375,2390000,0.0,0.0
2002-05-15 00:00:00+09:00,817.394288003663,826.409666180174,799.363531650641,820.3994140625,3500000,0.0,0.0
2002-05-16 00:00:00+09:00,827.9122353690011,841.435302734375,820.3994201660156,841.435302734375,2294500,0.0,0.0
2002-05-17 00:00:00+09:00,844.4404920166878,866.9789393125069,841.4353657105786,850.4507446289062,4811000,0.0,0.0
2002-05-20 00:00:00+09:00,871.4865671077245,871.4865671077245,853.455810546875,853.455810546875,3185000,0.0,0.0
2002-05-21 00:00:00+09:00,838.4300530534672,851.9531184252972,830.917238958006,836.927490234375,2859000,0.0,0.0
2002-05-22 00:00:00+09:00,826.4095636387598,871.4864489281466,826.4095636387598,868.4813232421875,3660500,0.0,0.0
2002-05-23 00:00:00+09:00,871.4864489281466,875.9941374570853,862.4710718702693,868.4813232421875,3655000,0.0,0.0
2002-05-24 00:00:00+09:00,872.9890757539464,875.9942016601562,856.4608832697925,875.9942016601562,3477500,0.0,0.0
2002-05-27 00:00:00+09:00,877.4968253329038,889.5173297895188,874.49169921875,874.49169921875,3146500,0.0,0.0
2002-05-28 00:00:00+09:00,869.984067906884,871.4866310638907,851.9533100228035,860.9686889648438,2227500,0.0,0.0
2002-05-29 00:00:00+09:00,845.9429395335179,866.9788208007812,841.4352506905329,866.9788208007812,2345000,0.0,0.0
2002-05-30 00:00:00+09:00,860.9686257805623,860.9686257805623,847.4455583599251,853.455810546875,2273500,0.0,0.0
2002-05-31 00:00:00+09:00,854.9583827131886,886.51220703125,853.4558196504238,886.51220703125,4387000,0.0,0.0
2002-06-03 00:00:00+09:00,878.9990854100562,882.0042104883812,872.9888352534063,880.5016479492188,1974500,0.0,0.0
2002-06-04 00:00:00+09:00,871.4865679824561,874.4916940789474,853.4558114035087,856.4609375,2338000,0.0,0.0
2002-06-05 00:00:00+09:00,863.9738760979915,871.4866924118871,853.4559332585377,857.963623046875,1597000,0.0,0.0
2002-06-06 00:00:00+09:00,868.4812516016318,869.9838143206657,838.4299972209525,847.4453735351562,3302000,0.0,0.0
2002-06-07 00:00:00+09:00,821.9019797504812,835.42504705899,820.3994167162024,829.414794921875,2944000,0.0,0.0
2002-06-10 00:00:00+09:00,836.9273628470253,845.9427383893631,824.9068621239082,827.9119873046875,1725000,0.0,0.0
2002-06-11 00:00:00+09:00,815.8916637175673,832.4198558002437,815.8916637175673,818.8967895507812,1983000,0.0,0.0
2002-06-12 00:00:00+09:00,811.3839097714335,817.3941609549256,797.8608446085763,808.3787841796875,2442500,0.0,0.0
2002-06-13 00:00:00+09:00,808.3789627511161,811.3840890066964,788.8456420898438,788.8456420898438,1850500,0.0,0.0
2002-06-14 00:00:00+09:00,788.8456982905321,788.8456982905321,758.79443359375,758.79443359375,12550000,0.0,0.0
2002-06-17 00:00:00+09:00,751.281612435567,758.7944285599227,728.7431640625,728.7431640625,3413500,0.0,0.0
2002-06-18 00:00:00+09:00,743.7686151048915,757.2916808340714,728.7429865169139,742.2660522460938,3261500,0.0,0.0
2002-06-19 00:00:00+09:00,728.7431590853843,730.2457222999933,697.1893315785944,700.1944580078125,3368500,0.0,0.0
2002-06-20 00:00:00+09:00,698.6918995650773,730.2457272873711,688.1739569909794,728.7431640625,4855500,0.0,0.0
2002-06-21 00:00:00+09:00,706.2045856162067,712.2148374086851,694.18408203125,694.18408203125,3242000,0.0,0.0
2002-06-24 00:00:00+09:00,691.1789073666515,725.7378527349841,685.1686559982459,722.7327270507812,2790000,0.0,0.0
2002-06-25 00:00:00+09:00,715.2199051131064,730.2455333717851,704.7019653320312,704.7019653320312,2576000,0.0,0.0
2002-06-26 00:00:00+09:00,689.6763899953742,706.2045823482046,685.168701171875,685.168701171875,3338500,0.0,0.0
2002-06-27 00:00:00+09:00,710.7124616539996,715.2201516856318,691.1791381835938,691.1791381835938,2279500,0.0,0.0
2002-06-28 00:00:00+09:00,701.6969654083252,721.2302856445312,701.6969654083252,721.2302856445312,3225500,0.0,0.0
2002-07-01 00:00:00+09:00,721.2302841058298,727.2405364733785,712.214905554507,715.2200317382812,1948000,0.0,0.0
2002-07-02 00:00:00+09:00,707.7071618252113,733.250732421875,701.696909920114,733.250732421875,2145000,0.0,0.0
2002-07-03 00:00:00+09:00,727.2406037789235,751.2816154740946,716.7226611622862,746.77392578125,3365500,0.0,0.0
2002-07-04 00:00:00+09:00,739.260862763074,748.2762391382333,731.7480491171077,736.2557373046875,1707500,0.0,0.0
2002-07-05 00:00:00+09:00,737.7584871826172,760.2969338378906,737.7584871826172,751.2815551757812,2058000,0.0,0.0
2002-07-08 00:00:00+09:00,770.8147465632512,775.3224351396445,737.7583636697004,742.2660522460938,3142000,0.0,0.0
2002-07-09 00:00:00+09:00,748.2763696143452,760.2968735438928,745.2712436319582,755.7891845703125,2713500,0.0,0.0
2002-07-10 00:00:00+09:00,748.2765495486376,764.8047464262179,737.7586060810864,739.2611694335938,2371500,0.0,0.0
2002-07-11 00:00:00+09:00,725.7379737710053,730.245663049086,713.7174690294565,716.7225952148438,2297500,0.0,0.0
2002-07-12 00:00:00+09:00,731.7480491171077,742.2659882214605,722.7326727419484,736.2557373046875,4664500,0.0,0.0
2002-07-15 00:00:00+09:00,728.7429145589533,731.7480399798151,718.2249755859375,718.2249755859375,1707000,0.0,0.0
2002-07-16 00:00:00+09:00,710.712277136727,728.7430325820563,701.6968994140625,701.6968994140625,2547000,0.0,0.0
2002-07-17 00:00:00+09:00,703.1994101034628,730.2455412612883,701.6968472613614,722.7327270507812,2405500,0.0,0.0
2002-07-18 00:00:00+09:00,716.7225952148438,730.245663049086,716.7225952148438,716.7225952148438,2201000,0.0,0.0
2002-07-19 00:00:00+09:00,716.7225321150734,716.7225321150734,698.6917765901658,710.7122802734375,2628500,0.0,0.0
2002-07-22 00:00:00+09:00,695.6867696515061,716.7226546949641,691.1790799993365,707.707275390625,2252500,0.0,0.0
2002-07-23 00:00:00+09:00,700.1943469438396,739.2609843269723,691.1789690861937,733.250732421875,3310500,0.0,0.0
2002-07-24 00:00:00+09:00,718.2251575349507,736.2559146278783,697.1892742598684,713.7174682617188,4716500,0.0,0.0
2002-07-25 00:00:00+09:00,728.7430995652655,728.7430995652655,707.7072162788455,715.2200317382812,3002000,0.0,0.0
2002-07-26 00:00:00+09:00,706.2047056330398,715.2200848538871,670.1431887496504,671.645751953125,3362500,0.0,0.0
2002-07-29 00:00:00+09:00,679.1583194346911,695.6865086244733,664.1326928985253,668.640380859375,2522500,0.0,0.0
2002-07-30 00:00:00+09:00,691.1790222680869,715.2200317382812,691.1790222680869,715.2200317382812,3879500,0.0,0.0
2002-07-31 00:00:00+09:00,713.7175902032651,713.7175902032651,698.6919567253017,712.2150268554688,2430500,0.0,0.0
2002-08-01 00:00:00+09:00,704.7018339535249,706.2043964992681,685.1685208588643,689.6762084960938,2372500,0.0,0.0
2002-08-02 00:00:00+09:00,674.6509395308559,683.6663195691301,661.1278694734445,670.1432495117188,3810000,0.0,0.0
2002-08-05 00:00:00+09:00,665.6354374241184,677.6559419374208,659.6251851674673,667.1380004882812,2868000,0.0,0.0
2002-08-06 00:00:00+09:00,656.6202392578125,658.122802734375,632.5792236328125,650.6099853515625,3087500,0.0,0.0
2002-08-07 00:00:00+09:00,665.6353135573892,671.6455646956048,655.1173740655116,662.6301879882812,2906500,0.0,0.0
2002-08-08 00:00:00+09:00,662.6301879882812,676.1532530492666,652.1122484964038,662.6301879882812,2182000,0.0,0.0
2002-08-09 00:00:00+09:00,658.1227431945122,682.16375664454,656.6201798538854,674.6509399414062,4431000,0.0,0.0
2002-08-12 00:00:00+09:00,661.1276159553884,667.1378670095283,643.0968627929688,643.0968627929688,2081500,0.0,0.0
2002-08-13 00:00:00+09:00,641.5943568721237,652.1122971487159,632.5789794921875,632.5789794921875,2321500,0.0,0.0
2002-08-14 00:00:00+09:00,632.5789851567032,655.1174288083672,631.0764222465922,647.6046142578125,1771000,0.0,0.0
2002-08-15 00:00:00+09:00,653.6149905143528,664.1329328904458,649.1073009245986,655.1175537109375,1791000,0.0,0.0
2002-08-16 00:00:00+09:00,655.1174321992992,664.132809706629,646.1020546919693,656.6199951171875,1011000,0.0,0.0
2002-08-19 00:00:00+09:00,656.619983407805,656.619983407805,623.5635998037508,626.5687255859375,3250500,0.0,0.0
2002-08-20 00:00:00+09:00,634.0816626802159,635.5842258619225,613.0457781363225,622.0611572265625,3020500,0.0,0.0
2002-08-21 00:00:00+09:00,611.5432166689918,635.5842276436942,611.5432166689918,631.0765380859375,2307000,0.0,0.0
2002-08-22 00:00:00+09:00,632.5792236328125,653.6151123046875,619.05615234375,650.6099853515625,2909000,0.0,0.0
2002-08-23 00:00:00+09:00,650.6099853515625,650.6099853515625,650.6099853515625,650.6099853515625,0,0.0,0.0
2002-08-26 00:00:00+09:00,650.6098141103789,695.6867065429688,650.6098141103789,695.6867065429688,3928000,0.0,0.0
2002-08-27 00:00:00+09:00,692.6816384692329,695.6867648834161,680.6611328125,680.6611328125,2318000,0.0,0.0
2002-08-28 00:00:00+09:00,680.6611933039133,686.6714466664201,664.132996557019,674.6509399414062,1836500,0.0,0.0
2002-08-29 00:00:00+09:00,661.1276210039512,667.1378721039871,646.1019932538613,653.6148071289062,2441500,0.0,0.0
2002-08-30 00:00:00+09:00,656.6199978789593,665.6353754242082,638.5892427884615,664.1328125,2466000,0.0,0.0
2002-09-02 00:00:00+09:00,671.6455646956048,671.6455646956048,650.6096857118498,662.6301879882812,3076500,0.0,0.0
2002-09-03 00:00:00+09:00,655.1174909803602,659.6251801384819,637.0867343478733,649.1072387695312,2731500,0.0,0.0
2002-09-04 00:00:00+09:00,635.5839119327878,640.09159925146,610.0403504603117,619.0557250976562,4525500,0.0,0.0
2002-09-05 00:00:00+09:00,626.5688485281808,646.1021699451264,613.0457798549107,631.0765380859375,3902500,0.0,0.0
2002-09-06 00:00:00+09:00,616.0507806530792,617.5533435327209,604.0302776159459,614.5482177734375,2738000,0.0,0.0
2002-09-09 00:00:00+09:00,629.5739749000186,634.0816644577753,622.0611589704241,631.0765380859375,2179500,0.0,0.0
2002-09-10 00:00:00+09:00,637.0868522990006,652.1124856079392,626.5689089827434,629.5740356445312,2784500,0.0,0.0
2002-09-11 00:00:00+09:00,635.5841052854996,640.0917939754677,626.5687279055634,632.5789794921875,1777500,0.0,0.0
2002-09-12 00:00:00+09:00,620.5584178590888,638.5891709203697,617.5532923488753,635.5840454101562,1617500,0.0,0.0
2002-09-13 00:00:00+09:00,622.0611572265625,629.5739731350959,613.0457781363225,622.0611572265625,14177500,0.0,0.0
2002-09-16 00:00:00+09:00,622.0611572265625,622.0611572265625,622.0611572265625,622.0611572265625,0,0.0,0.0
2002-09-17 00:00:00+09:00,637.0867343478733,650.6098018222385,631.0764821370442,649.1072387695312,3167000,0.0,0.0
2002-09-18 00:00:00+09:00,641.5943626173688,649.1071771679234,626.5687335162594,647.6046142578125,2842500,0.0,0.0
2002-09-19 00:00:00+09:00,685.1687006353022,694.1840782752404,673.1481971153846,683.6661376953125,5203000,0.0,0.0
2002-09-20 00:00:00+09:00,661.1276210039512,673.148123204023,647.6045560288703,653.6148071289062,2712000,0.0,0.0
2002-09-23 00:00:00+09:00,653.6148071289062,653.6148071289062,653.6148071289062,653.6148071289062,0,0.0,0.0
2002-09-24 00:00:00+09:00,646.1019932538613,653.6148071289062,625.0661144037356,653.6148071289062,2705500,0.0,0.0
2002-09-25 00:00:00+09:00,654.3669373839052,660.384104624217,630.2982684226581,645.3411865234375,2361500,1.0,0.0
2002-09-26 00:00:00+09:00,657.3756558529965,667.9057006835938,655.8713637343398,667.9057006835938,1760500,0.0,0.0
2002-09-27 00:00:00+09:00,675.4270875905579,691.9742990905494,675.4270875905579,682.9485473632812,3016500,0.0,0.0
2002-09-30 00:00:00+09:00,664.8970086907358,676.9313436896632,651.3583818169426,657.3755493164062,2156500,0.0,0.0
2002-10-01 00:00:00+09:00,642.3327799479166,651.3585332961309,631.802734375,631.802734375,2827000,0.0,0.0
2002-10-02 00:00:00+09:00,646.8455963495493,649.854180518617,630.2983834196772,636.3155517578125,2305000,0.0,0.0
2002-10-03 00:00:00+09:00,637.8199032738095,652.8628255208333,628.7941499255952,631.802734375,2901500,0.0,0.0
2002-10-04 00:00:00+09:00,624.2812732514881,646.8456566220237,618.2641043526786,631.802734375,3628000,0.0,0.0
2002-10-07 00:00:00+09:00,616.7596571853675,618.2639490321611,600.2124468706381,606.2296142578125,4309000,0.0,0.0
2002-10-08 00:00:00+09:00,607.733986925723,622.7769073941814,598.7082346446479,604.7254028320312,3103500,0.0,0.0
2002-10-09 00:00:00+09:00,600.2126436888716,607.7341053892335,585.169720288148,591.1868896484375,3011000,0.0,0.0
2002-10-10 00:00:00+09:00,582.1611313819885,583.6654237111409,541.545238494873,577.6482543945312,4542500,0.0,0.0
2002-10-11 00:00:00+09:00,579.1526894034045,591.1870310013973,571.6312259046589,576.1441040039062,5032000,0.0,0.0
2002-10-14 00:00:00+09:00,576.1441040039062,576.1441040039062,576.1441040039062,576.1441040039062,0,0.0,0.0
2002-10-15 00:00:00+09:00,591.1869120382185,604.7255436116128,586.674034847087,598.7083740234375,2753000,0.0,0.0
2002-10-16 00:00:00+09:00,613.7511328125,621.2725927734375,592.691044921875,601.716796875,3624500,0.0,0.0
2002-10-17 00:00:00+09:00,609.2380864411881,627.2895852987049,607.7337948697284,619.7681274414062,2280500,0.0,0.0
2002-10-18 00:00:00+09:00,631.8025901100851,637.8197576349431,622.7768388227983,628.7940063476562,2314500,0.0,0.0
2002-10-21 00:00:00+09:00,630.2984976674996,634.8113747391046,610.7426970238779,613.7512817382812,1865500,0.0,0.0
2002-10-22 00:00:00+09:00,621.2724764310396,621.2724764310396,585.169475379357,586.6737670898438,2586500,0.0,0.0
2002-10-23 00:00:00+09:00,579.1525509278586,603.2212283690163,576.1439662477139,591.1868896484375,2443500,0.0,0.0
2002-10-24 00:00:00+09:00,598.7080150486269,598.7080150486269,573.1350596319769,583.6651000976562,1882000,0.0,0.0
2002-10-25 00:00:00+09:00,582.1609961805004,594.195332018857,579.1524122209113,592.6910400390625,1613500,0.0,0.0
2002-10-28 00:00:00+09:00,580.6566851265823,594.1953125,574.6395174050633,594.1953125,1990000,0.0,0.0
2002-10-29 00:00:00+09:00,586.6738475809367,595.6995990821819,580.6566799134399,585.1695556640625,1240500,0.0,0.0
2002-10-30 00:00:00+09:00,577.6481346899225,591.1867628467176,574.6395506550791,582.1610107421875,2896500,0.0,0.0
2002-10-31 00:00:00+09:00,589.6823057432432,591.186597339527,553.5793074324324,556.587890625,4049000,0.0,0.0
2002-11-01 00:00:00+09:00,555.0838408509132,561.1010098574272,549.0666718443993,552.0752563476562,3631500,0.0,0.0
2002-11-04 00:00:00+09:00,552.0752563476562,552.0752563476562,552.0752563476562,552.0752563476562,0,0.0,0.0
2002-11-05 00:00:00+09:00,559.596681640625,564.1095581054688,552.0752208658854,564.1095581054688,4204500,0.0,0.0
2002-11-06 00:00:00+09:00,558.0922823366911,573.1352009980575,553.5794067382812,553.5794067382812,3449500,0.0,0.0
2002-11-07 00:00:00+09:00,556.5882989071679,586.6741529021499,556.5882989071679,576.1441040039062,6405000,0.0,0.0
2002-11-08 00:00:00+09:00,571.6309120198787,580.6566632622979,553.5794095350404,558.09228515625,5963500,0.0,0.0
2002-11-11 00:00:00+09:00,549.0663819766526,550.5706734341229,518.9805528272469,521.9891357421875,3351000,0.0,0.0
2002-11-12 00:00:00+09:00,509.95500209565796,528.0065065946193,506.94641801249776,520.4850463867188,1988000,0.0,0.0
2002-11-13 00:00:00+09:00,528.0064842756404,529.5107762536337,509.9549805397211,517.4764404296875,2138500,0.0,0.0
2002-11-14 00:00:00+09:00,517.4765271840605,518.9808194142468,475.3563447388463,478.36492919921875,4106000,0.0,0.0
2002-11-15 00:00:00+09:00,493.407780630146,506.94640875719267,485.8863205595645,502.43353271484375,2892000,0.0,0.0
2002-11-18 00:00:00+09:00,497.9207281916396,499.4250204218259,473.8520525086601,478.36492919921875,1690000,0.0,0.0
2002-11-19 00:00:00+09:00,478.36495826357884,482.8778352283296,458.80915808299227,473.8520812988281,2478500,0.0,0.0
2002-11-20 00:00:00+09:00,460.3133805390376,479.8691777514804,460.3133805390376,472.34771728515625,3230000,0.0,0.0
2002-11-21 00:00:00+09:00,490.3991858679969,503.93781369870845,481.37343398085585,500.9292297363281,3186500,0.0,0.0
2002-11-22 00:00:00+09:00,523.4935718062361,523.4935718062361,506.94636120316545,508.4506530761719,2655500,0.0,0.0
2002-11-25 00:00:00+09:00,512.9635884194797,529.5108009491404,506.9464202268759,524.9979248046875,2811500,0.0,0.0
2002-11-26 00:00:00+09:00,528.0064474252554,534.0236149172811,499.42490183813334,508.4506530761719,3527500,0.0,0.0
2002-11-27 00:00:00+09:00,509.95498535156247,535.52794921875,500.9292333984375,526.502197265625,4741000,0.0,0.0
2002-11-28 00:00:00+09:00,540.0409166943896,549.066670176747,537.0323322002704,547.5623779296875,3688000,0.0,0.0
2002-11-29 00:00:00+09:00,547.5622392737347,565.6137416673743,546.057947407598,553.5794067382812,3848000,0.0,0.0
2002-12-02 00:00:00+09:00,553.5794067382812,553.5794067382812,553.5794067382812,553.5794067382812,0,0.0,0.0
2002-12-03 00:00:00+09:00,567.1179841694079,577.6480263157895,564.1094006990131,571.630859375,2548000,0.0,0.0
2002-12-04 00:00:00+09:00,564.1096543076956,564.1096543076956,541.5452681353878,543.049560546875,3282500,0.0,0.0
2002-12-05 00:00:00+09:00,544.5535696991219,564.1093608761622,541.5449864411157,546.057861328125,2510000,0.0,0.0
2002-12-06 00:00:00+09:00,538.5366176258434,543.0494943098588,528.0065720298073,529.5108642578125,1851000,0.0,0.0
2002-12-09 00:00:00+09:00,529.5110064992878,535.5281770276887,518.9809580745859,528.0067138671875,2120000,0.0,0.0
2002-12-10 00:00:00+09:00,517.4764623035585,528.0065065946193,517.4764623035585,520.4850463867188,2336500,0.0,0.0
2002-12-11 00:00:00+09:00,524.997969365753,526.502261541586,506.9464632557557,509.9550476074219,1632000,0.0,0.0
2002-12-12 00:00:00+09:00,521.9892799332297,524.9978636792425,508.4506530761719,508.4506530761719,1946500,0.0,0.0
2002-12-13 00:00:00+09:00,508.45069587521436,514.4678638737377,488.89489988001384,493.40777587890625,8111500,0.0,0.0
2002-12-16 00:00:00+09:00,493.4076232910156,499.42478942871094,476.8604164123535,481.373291015625,2068000,0.0,0.0
2002-12-17 00:00:00+09:00,491.9035099574497,496.4163861955915,481.37346540178567,484.3820495605469,1814000,0.0,0.0
2002-12-18 00:00:00+09:00,490.3991932192059,493.4077772266857,475.35627318180696,476.8605651855469,1978000,0.0,0.0
2002-12-19 00:00:00+09:00,473.85183334350586,485.8861656188965,469.3389587402344,481.373291015625,1964000,0.0,0.0
2002-12-20 00:00:00+09:00,487.390607880383,493.40777587890625,482.87773188149055,493.40777587890625,2696000,0.0,0.0
2002-12-23 00:00:00+09:00,493.40777587890625,493.40777587890625,493.40777587890625,493.40777587890625,0,0.0,0.0
2002-12-24 00:00:00+09:00,494.9122632382521,506.9466039856868,488.8950928645347,503.9380187988281,2420000,0.0,0.0
2002-12-25 00:00:00+09:00,506.9464174753212,508.4507095153073,496.41637319541843,499.4249572753906,1491500,0.0,0.0
2002-12-26 00:00:00+09:00,503.93781018746563,514.4678539824276,503.93781018746563,512.9635620117188,1213000,0.0,0.0
2002-12-27 00:00:00+09:00,505.44217107992256,509.9550476074219,502.4335867282564,509.9550476074219,1926000,0.0,0.0
2002-12-30 00:00:00+09:00,511.459279874476,511.459279874476,490.3991918796446,493.40777587890625,1418000,0.0,0.0
2002-12-31 00:00:00+09:00,493.40777587890625,493.40777587890625,493.40777587890625,493.40777587890625,0,0.0,0.0
2003-01-01 00:00:00+09:00,493.40777587890625,493.40777587890625,493.40777587890625,493.40777587890625,0,0.0,0.0
2003-01-02 00:00:00+09:00,493.40777587890625,493.40777587890625,493.40777587890625,493.40777587890625,0,0.0,0.0
2003-01-03 00:00:00+09:00,493.40777587890625,493.40777587890625,493.40777587890625,493.40777587890625,0,0.0,0.0
2003-01-06 00:00:00+09:00,508.4507554315888,511.459339783255,503.9378789040895,509.9550476074219,1006000,0.0,0.0
2003-01-07 00:00:00+09:00,517.476461755224,518.9807537952101,497.9206652354045,499.4249572753906,1607000,0.0,0.0
2003-01-08 00:00:00+09:00,491.903584298912,494.912168912361,488.894999685463,490.3992919921875,1504000,0.0,0.0
2003-01-09 00:00:00+09:00,482.8778395476165,488.89500888777366,479.86925487753786,487.3907165527344,1383000,0.0,0.0
2003-01-10 00:00:00+09:00,494.9119891110239,494.9119891110239,473.8519044680016,482.8776550292969,2867500,0.0,0.0
2003-01-13 00:00:00+09:00,482.8776550292969,482.8776550292969,482.8776550292969,482.8776550292969,0,0.0,0.0
2003-01-14 00:00:00+09:00,482.8776550292969,488.8948220701604,478.3647797486492,482.8776550292969,1829500,0.0,0.0
2003-01-15 00:00:00+09:00,488.8948889682781,493.4077648664468,476.8605532398282,491.9034729003906,2586000,0.0,0.0
2003-01-16 00:00:00+09:00,484.3821227652895,490.3992919921875,481.3735381518405,490.3992919921875,1964500,0.0,0.0
2003-01-17 00:00:00+09:00,484.3822150842467,506.9466039856868,484.3822150842467,503.9380187988281,2627000,0.0,0.0
2003-01-20 00:00:00+09:00,496.4162808712398,499.4248643916715,482.8776550292969,482.8776550292969,2424000,0.0,0.0
2003-01-21 00:00:00+09:00,487.3906125736808,508.45070077130896,484.3820285454482,502.43353271484375,3262500,0.0,0.0
2003-01-22 00:00:00+09:00,494.912168912361,499.4250458325345,487.3907073787385,490.3992919921875,2430000,0.0,0.0
2003-01-23 00:00:00+09:00,496.41631809212043,508.4506530761719,485.8862749810755,508.4506530761719,3171000,0.0,0.0
2003-01-24 00:00:00+09:00,509.95496136209243,523.4935886548914,503.937793676404,518.980712890625,4859500,0.0,0.0
2003-01-27 00:00:00+09:00,517.476420969203,521.9892967334692,508.4506694406703,518.980712890625,2954500,0.0,0.0
2003-01-28 00:00:00+09:00,508.45076793970935,524.9979822809424,505.4421835140306,515.9722290039062,3170500,0.0,0.0
2003-01-29 00:00:00+09:00,512.963631959088,515.9722163107543,502.4335867282564,509.9550476074219,3203500,0.0,0.0
2003-01-30 00:00:00+09:00,511.4593996320452,512.9636919839041,505.4422302246093,505.4422302246094,1710500,0.0,0.0
2003-01-31 00:00:00+09:00,496.41624844907625,502.43341509694386,493.4076651251425,494.9119567871094,2977000,0.0,0.0
2003-02-03 00:00:00+09:00,482.8777225975417,514.4678539824276,482.8777225975417,512.9635620117188,3989000,0.0,0.0
2003-02-04 00:00:00+09:00,517.4765410841557,524.9980024371231,509.9550797311883,514.4679565429688,3188000,0.0,0.0
2003-02-05 00:00:00+09:00,514.4676784548361,532.5191759444795,511.45909553989554,521.9891357421875,2924000,0.0,0.0
2003-02-06 00:00:00+09:00,523.4934271996578,529.5105930295389,514.4676784548361,521.9891357421875,2357500,0.0,0.0
2003-02-07 00:00:00+09:00,520.485029296875,526.502197265625,515.9721533203125,526.502197265625,1567500,0.0,0.0
2003-02-10 00:00:00+09:00,521.989360239314,532.5194049703664,518.9807760304418,523.49365234375,1733500,0.0,0.0
2003-02-11 00:00:00+09:00,523.49365234375,523.49365234375,523.49365234375,523.49365234375,0,0.0,0.0
2003-02-12 00:00:00+09:00,521.989183910473,559.5964738175676,521.989183910473,556.587890625,5087000,0.0,0.0
2003-02-13 00:00:00+09:00,549.066670176747,555.0838391649854,537.0323322002704,547.5623779296875,2430500,0.0,0.0
2003-02-14 00:00:00+09:00,552.0751148721446,562.605157935101,546.057947407598,553.5794067382812,6062000,0.0,0.0
2003-02-17 00:00:00+09:00,555.083701408777,562.6051607774596,549.0665339138309,558.09228515625,2518500,0.0,0.0
2003-02-18 00:00:00+09:00,561.1007812166474,565.6136561325991,550.5707397460938,550.5707397460938,3740000,0.0,0.0
2003-02-19 00:00:00+09:00,555.0838998387725,562.6053618962084,537.0323909009262,543.049560546875,2807500,0.0,0.0
2003-02-20 00:00:00+09:00,535.5279975043403,541.545166015625,529.5108289930555,541.545166015625,1834000,0.0,0.0
2003-02-21 00:00:00+09:00,546.0580787658691,549.0666632218795,528.0065720298073,529.5108642578125,2461500,0.0,0.0
2003-02-24 00:00:00+09:00,534.0238843955884,535.5281770276887,523.4938359708867,528.0067138671875,1339500,0.0,0.0
2003-02-25 00:00:00+09:00,518.9807806576,521.9893648932962,497.92069100772636,511.4593200683594,2412500,0.0,0.0
2003-02-26 00:00:00+09:00,506.9465225764683,518.98086139134,500.9293531690325,505.4422302246094,1728000,0.0,0.0
2003-02-27 00:00:00+09:00,497.9206652354045,502.4335413553629,488.8949129954878,499.4249572753906,3228000,0.0,0.0
2003-02-28 00:00:00+09:00,506.9463976610888,506.9463976610888,497.92064577394774,500.9292297363281,2573500,0.0,0.0
2003-03-03 00:00:00+09:00,503.93781018746563,512.9635620117188,494.9120583632125,512.9635620117188,2401500,0.0,0.0
2003-03-04 00:00:00+09:00,509.9549780703011,515.9721459531364,506.94639412888336,512.9635620117188,1981500,0.0,0.0
2003-03-05 00:00:00+09:00,503.93781018746563,515.9721459531364,503.93781018746563,512.9635620117188,2538000,0.0,0.0
2003-03-06 00:00:00+09:00,506.94659423828125,521.9895198833341,506.94659423828125,506.94659423828125,1989000,0.0,0.0
2003-03-07 00:00:00+09:00,500.929123434977,508.4505817448115,484.3819151533411,494.9119567871094,2850500,0.0,0.0
2003-03-10 00:00:00+09:00,485.886415072014,490.3992919921875,479.869245845116,490.3992919921875,3144500,0.0,0.0
2003-03-11 00:00:00+09:00,482.8777220520792,488.8948899281176,475.35626220703125,475.35626220703125,3015000,0.0,0.0
2003-03-12 00:00:00+09:00,481.37354721257714,496.4164705629702,476.86067020745924,487.3907165527344,3109000,0.0,0.0
2003-03-13 00:00:00+09:00,496.4163861955915,502.4335545131138,484.3820495605469,484.3820495605469,2686500,0.0,0.0
2003-03-14 00:00:00+09:00,476.860661231667,500.929338139259,476.860661231667,490.3992919921875,11780500,0.0,0.0
2003-03-17 00:00:00+09:00,485.88641987149674,488.8950045146639,473.8520812988281,473.8520812988281,1807000,0.0,0.0
2003-03-18 00:00:00+09:00,487.39071219308033,491.9035891578311,473.8520812988281,473.8520812988281,3847000,0.0,0.0
2003-03-19 00:00:00+09:00,470.8432502746582,481.373291015625,464.8260841369629,481.373291015625,3111000,0.0,0.0
2003-03-20 00:00:00+09:00,488.89502211279745,508.45082299730933,484.3821449856024,497.9207763671875,3059500,0.0,0.0
2003-03-21 00:00:00+09:00,497.92077636718756,497.92077636718756,497.92077636718756,497.9207763671875,0,0.0,0.0
2003-03-24 00:00:00+09:00,512.9635693359374,529.51078125,512.9635693359374,526.502197265625,3283500,0.0,0.0
2003-03-25 00:00:00+09:00,518.9809347543236,521.9895198833341,503.9380091092707,506.94659423828125,2923500,0.0,0.0
2003-03-26 00:00:00+09:00,513.7257373886328,530.2975353689112,512.2192102995165,525.7779541015625,2396000,1.0,0.0
2003-03-27 00:00:00+09:00,525.7779541015625,525.7779541015625,518.2453186559814,525.7779541015625,1658500,0.0,0.0
2003-03-28 00:00:00+09:00,518.2454087201287,521.2584634219899,506.1931899126838,512.2192993164062,1912000,0.0,0.0
2003-03-31 00:00:00+09:00,512.21923828125,512.21923828125,480.58216768152573,486.6082763671875,3197000,0.0,0.0
2003-04-01 00:00:00+09:00,482.08866361404836,501.67351557336906,482.08866361404836,498.66046142578125,2075000,0.0,0.0
2003-04-02 00:00:00+09:00,504.68656972095687,506.1930967947508,486.60824483543007,498.66046142578125,1790000,0.0,0.0
2003-04-03 00:00:00+09:00,512.2191659295449,512.2191659295449,494.1408424261493,495.6473693847656,1802500,0.0,0.0
2003-04-04 00:00:00+09:00,488.11480529049794,500.1670227050782,488.11480529049794,500.1670227050781,2368500,0.0,0.0
2003-04-07 00:00:00+09:00,501.6735028998796,518.2453002929688,494.1408677212027,518.2453002929688,2312500,0.0,0.0
2003-04-08 00:00:00+09:00,512.2192163524513,512.2192163524513,497.1539452832616,503.1800537109375,2191500,0.0,0.0
2003-04-09 00:00:00+09:00,497.1539683514331,504.68660423554576,492.6343868209655,500.1670227050781,1891000,0.0,0.0
2003-04-10 00:00:00+09:00,492.63445368840144,495.6475084510216,485.10181678185097,489.62139892578125,1764000,0.0,0.0
2003-04-11 00:00:00+09:00,485.1016924894309,489.62127347535727,476.0625305175782,476.0625305175781,3005000,0.0,0.0
2003-04-14 00:00:00+09:00,477.56917656792535,488.1148681640625,468.5300123426649,474.5561218261719,2527500,0.0,0.0
2003-04-15 00:00:00+09:00,482.08869485294116,492.63438505284927,480.58216768152573,486.6082763671875,1991500,0.0,0.0
2003-04-16 00:00:00+09:00,492.63445368840144,494.14098106971153,486.60834416316106,489.62139892578125,1919000,0.0,0.0
2003-04-17 00:00:00+09:00,482.0889006522586,488.1150119104118,482.0889006522586,483.5954284667969,1276500,0.0,0.0
2003-04-18 00:00:00+09:00,488.11480712890625,495.64744304138935,486.6082799464096,488.11480712890625,1824000,0.0,0.0
2003-04-21 00:00:00+09:00,489.6212880204364,498.66045026081366,489.6212880204364,494.140869140625,1647500,0.0,0.0
2003-04-22 00:00:00+09:00,495.6473814565924,495.6473814565924,474.55600352226935,476.0625305175781,3069500,0.0,0.0
2003-04-23 00:00:00+09:00,482.08863849881334,488.1147464800485,476.0625305175782,476.0625305175781,2200000,0.0,0.0
2003-04-24 00:00:00+09:00,477.56888757924565,482.0884669569672,459.4905700683594,459.4905700683594,4650000,0.0,0.0
2003-04-25 00:00:00+09:00,456.47785888262246,457.98438646969385,444.4256381860516,448.9452209472656,4350000,0.0,0.0
2003-04-28 00:00:00+09:00,442.91909433629394,444.42562186805003,400.7363234471231,412.7885437011719,4789000,0.0,0.0
2003-04-29 00:00:00+09:00,412.7885437011719,412.7885437011719,412.7885437011719,412.7885437011719,0,0.0,0.0
2003-04-30 00:00:00+09:00,426.34713366352923,429.36018761168134,420.3210257672249,424.8406066894531,3727000,0.0,0.0
2003-05-01 00:00:00+09:00,427.85361610464497,451.958045180963,417.30792838375584,442.91888427734375,4721500,0.0,0.0
2003-05-02 00:00:00+09:00,430.86682469171933,441.412516205153,429.36029733265735,432.37335205078125,3530000,0.0,0.0
2003-05-05 00:00:00+09:00,432.37335205078125,432.37335205078125,432.37335205078125,432.37335205078125,0,0.0,0.0
2003-05-06 00:00:00+09:00,444.42535812790334,454.97104459195526,444.42535812790334,445.931884765625,3196500,0.0,0.0
2003-05-07 00:00:00+09:00,454.9713312955511,456.47785888262246,439.90605542483746,448.9452209472656,3285000,0.0,0.0
2003-05-08 00:00:00+09:00,447.43842979665504,447.43842979665504,436.8927428990908,441.4123229980469,2571500,0.0,0.0
2003-05-09 00:00:00+09:00,448.94513286475757,453.464714739235,442.91902369878767,450.45166015625,3535000,0.0,0.0
2003-05-12 00:00:00+09:00,456.4779024516066,457.98443018247,438.39956968124596,439.9060974121094,2673000,0.0,0.0
2003-05-13 00:00:00+09:00,444.425376397351,451.95800989561116,441.41232299804693,441.4123229980469,3199500,0.0,0.0
2003-05-14 00:00:00+09:00,441.41262514297273,448.94526379728967,439.9060974121094,439.9060974121094,2424000,0.0,0.0
2003-05-15 00:00:00+09:00,441.4124464603893,441.4124464603893,424.84064812911186,429.3602294921875,2931500,0.0,0.0
2003-05-16 00:00:00+09:00,424.84070169293835,432.37333824777767,420.3211197600348,426.34722900390625,1716000,0.0,0.0
2003-05-19 00:00:00+09:00,424.8406605311803,426.34718769618445,417.30802470615936,421.8276062011719,1661500,0.0,0.0
2003-05-20 00:00:00+09:00,417.30806513809904,427.8537563148741,412.7884832051954,426.34722900390625,1762500,0.0,0.0
2003-05-21 00:00:00+09:00,426.34717525013707,435.3863379762884,424.84064812911186,429.3602294921875,1262000,0.0,0.0
2003-05-22 00:00:00+09:00,433.8798895474138,441.4125265187231,429.3603073646283,436.8929443359375,2538000,0.0,0.0
2003-05-23 00:00:00+09:00,441.41251293117716,448.945149670617,441.41251293117716,444.4255676269531,2887500,0.0,0.0
2003-05-26 00:00:00+09:00,444.425376397351,444.425376397351,438.3992695987428,441.4123229980469,1821000,0.0,0.0
2003-05-27 00:00:00+09:00,438.3994614870291,439.9059888460911,429.36029733265735,432.37335205078125,1509500,0.0,0.0
2003-05-28 00:00:00+09:00,442.91905391298496,447.4386360957705,436.89294433593756,436.8929443359375,2346500,0.0,0.0
2003-05-29 00:00:00+09:00,439.9060972100062,454.97137451171875,439.9060972100062,454.97137451171875,3719000,0.0,0.0
2003-05-30 00:00:00+09:00,451.95819091796875,454.97124552408854,448.94513631184896,451.95819091796875,3719000,0.0,0.0
2003-06-02 00:00:00+09:00,450.45146467879016,453.46451795423354,441.4123048524599,445.931884765625,5195000,0.0,0.0
2003-06-03 00:00:00+09:00,448.9451871415983,450.4517146152278,444.4256047207097,447.43865966796875,2494000,0.0,0.0
2003-06-04 00:00:00+09:00,448.9452209472656,462.5039692309079,448.9452209472656,448.9452209472656,3974000,0.0,0.0
2003-06-05 00:00:00+09:00,460.9973424437699,474.55608780976314,454.97123339221736,473.049560546875,7527500,0.0,0.0
2003-06-06 00:00:00+09:00,480.58216768152573,489.62133071001836,474.55605899586396,486.6082763671875,6827000,0.0,0.0
2003-06-09 00:00:00+09:00,491.1278578814338,492.63438505284927,485.101749195772,486.6082763671875,3072500,0.0,0.0
2003-06-10 00:00:00+09:00,482.088630628882,488.114738511743,479.0755766874515,485.1016845703125,1649000,0.0,0.0
2003-06-11 00:00:00+09:00,485.10167318454944,503.17999640881834,483.5951462491937,492.6343078613281,3844000,0.0,0.0
2003-06-12 00:00:00+09:00,498.6604233019982,501.67347721923085,491.1277885089167,495.6473693847656,2466500,0.0,0.0
2003-06-13 00:00:00+09:00,518.24534349763,537.830196594924,509.206180529648,536.3236694335938,18907500,0.0,0.0
2003-06-16 00:00:00+09:00,521.2584287930379,525.7780105455787,509.20621078626243,510.7127380371094,3872000,0.0,0.0
2003-06-17 00:00:00+09:00,528.7910661368535,531.8041206447557,521.2584298670977,524.271484375,3973000,0.0,0.0
2003-06-18 00:00:00+09:00,546.8693491342906,567.9607289907095,543.8562948690878,557.4150390625,10796500,0.0,0.0
2003-06-19 00:00:00+09:00,572.4803323948637,578.5064411569149,558.9215876802485,566.4542236328125,6061000,0.0,0.0
2003-06-20 00:00:00+09:00,552.8955688476562,561.9347334609695,549.8825139765519,552.8955688476562,6259500,0.0,0.0
2003-06-23 00:00:00+09:00,551.3890447201936,557.4151544985564,546.8694623864216,554.402099609375,2448500,0.0,0.0
2003-06-24 00:00:00+09:00,554.401936165091,554.401936165091,530.2975041579132,537.8301391601562,3516500,0.0,0.0
2003-06-25 00:00:00+09:00,536.3237372883204,543.856374047988,533.3106825844535,539.3367919921875,2712500,0.0,0.0
2003-06-26 00:00:00+09:00,539.3367640904019,539.3367640904019,522.764964076451,527.2845458984375,2436500,0.0,0.0
2003-06-27 00:00:00+09:00,557.4151741884608,564.9478116774941,551.3890641972342,563.4412841796875,4665000,0.0,0.0
2003-06-30 00:00:00+09:00,557.4150390625,563.4411475929054,552.895457664696,557.4150390625,2096000,0.0,0.0
2003-07-01 00:00:00+09:00,558.9215633412099,584.5325244646616,557.415036216301,581.5194702148438,3603500,0.0,0.0
2003-07-02 00:00:00+09:00,596.584769846123,656.8458577093677,595.0782426495418,644.7936401367188,8490500,0.0,0.0
2003-07-03 00:00:00+09:00,697.5221506038183,697.5221506038183,635.754530355964,641.7806396484375,7850000,0.0,0.0
2003-07-04 00:00:00+09:00,632.7414225640698,655.3393305127867,620.6892049914209,644.7936401367188,4052500,0.0,0.0
2003-07-07 00:00:00+09:00,662.8718825120193,699.0285306490384,658.3523014948919,685.4697875976562,4316500,0.0,0.0
2003-07-08 00:00:00+09:00,715.6003924722808,760.796206733688,703.5481753359055,736.6917724609375,12828500,0.0,0.0
2003-07-09 00:00:00+09:00,721.6266797654172,730.6658448564245,682.4569643710522,708.0679321289062,7693000,0.0,0.0
2003-07-10 00:00:00+09:00,685.4697762548396,697.5219921010786,677.9371413509404,680.9501953125,4889000,0.0,0.0
2003-07-11 00:00:00+09:00,658.3523849059488,664.3784936922733,641.7805857435566,644.7936401367188,7657000,0.0,0.0
2003-07-14 00:00:00+09:00,652.3262974611625,659.8589336905062,652.3262974611625,653.8328247070312,3357500,0.0,0.0
2003-07-15 00:00:00+09:00,665.8851435569745,670.4047259793069,643.2872314453125,643.2872314453125,3104000,0.0,0.0
2003-07-16 00:00:00+09:00,650.8197702152937,658.3524064446374,638.7675522483439,653.8328247070312,3239000,0.0,0.0
2003-07-17 00:00:00+09:00,644.7937217125526,644.7937217125526,620.6892835176908,626.7153930664062,2780000,0.0,0.0
2003-07-18 00:00:00+09:00,619.1827254611678,626.7153620239558,610.1435615858223,613.1566162109375,3538000,0.0,0.0
2003-07-21 00:00:00+09:00,613.1566162109375,613.1566162109375,613.1566162109375,613.1566162109375,0,0.0,0.0
2003-07-22 00:00:00+09:00,607.1306184069945,620.6893667088877,601.1045080505976,608.6371459960938,2496000,0.0,0.0
2003-07-23 00:00:00+09:00,623.7021785211789,641.7805025362856,623.7021785211789,635.75439453125,2772500,0.0,0.0
2003-07-24 00:00:00+09:00,634.2479148426276,655.3392944335938,631.2348606153466,655.3392944335938,2844000,0.0,0.0
2003-07-25 00:00:00+09:00,647.8067489409111,647.8067489409111,634.2480030328455,641.7806396484375,3367500,0.0,0.0
2003-07-28 00:00:00+09:00,656.845917090941,670.4046630859375,655.3393897581636,670.4046630859375,3575500,0.0,0.0
2003-07-29 00:00:00+09:00,677.9372822154652,680.9503368030895,656.8459001020951,662.8720092773438,2325000,0.0,0.0
2003-07-30 00:00:00+09:00,658.3524402027399,661.3654948489767,637.2610576790823,641.7806396484375,2384500,0.0,0.0
2003-07-31 00:00:00+09:00,635.7546654026004,635.7546654026004,616.1698060418568,619.182861328125,3053000,0.0,0.0
2003-08-01 00:00:00+09:00,626.7153862847223,628.221913655599,617.6762220594618,623.7023315429688,2692500,0.0,0.0
2003-08-04 00:00:00+09:00,605.6241394042969,611.6502502441407,602.611083984375,602.611083984375,2413000,0.0,0.0
2003-08-05 00:00:00+09:00,601.1044106519859,602.6109379969784,586.0391372020614,592.0652465820312,2971000,0.0,0.0
2003-08-06 00:00:00+09:00,580.0130344825454,604.1174722792226,580.0130344825454,595.0783081054688,2363500,0.0,0.0
2003-08-07 00:00:00+09:00,595.0782363268794,602.6108722297513,583.0260188822843,590.5586547851562,1633000,0.0,0.0
2003-08-08 00:00:00+09:00,587.5458068847656,607.1306671142578,587.5458068847656,602.611083984375,4606000,0.0,0.0
2003-08-11 00:00:00+09:00,599.5976512131182,623.7020794025902,599.5976512131182,620.6890258789062,2096000,0.0,0.0
2003-08-12 00:00:00+09:00,631.2348411135177,631.2348411135177,620.6891516438408,622.1956787109375,2088000,0.0,0.0
2003-08-13 00:00:00+09:00,623.7023016747008,637.2610473632812,623.7023016747008,637.2610473632812,2660500,0.0,0.0
2003-08-14 00:00:00+09:00,629.7284969320983,649.3133544921875,620.6893319043648,649.3133544921875,2889000,0.0,0.0
2003-08-15 00:00:00+09:00,629.728515625,659.8590666118421,629.728515625,629.728515625,2616500,0.0,0.0
2003-08-18 00:00:00+09:00,647.8068269875653,659.8590470245432,641.7807169690763,649.3133544921875,2819500,0.0,0.0
2003-08-19 00:00:00+09:00,664.378387383204,683.963237804931,661.365333472169,676.4306030273438,4493500,0.0,0.0
2003-08-20 00:00:00+09:00,683.963237804931,694.5089264935534,671.9110221607914,676.4306030273438,5356000,0.0,0.0
2003-08-21 00:00:00+09:00,668.8979394118328,714.0937461288485,667.3914125212656,712.5872192382812,5182000,0.0,0.0
2003-08-22 00:00:00+09:00,712.5872891827087,712.5872891827087,691.4959106445312,691.4959106445312,3402000,0.0,0.0
2003-08-25 00:00:00+09:00,683.9633499046639,697.5220947265625,676.430713892498,697.5220947265625,2410000,0.0,0.0
2003-08-26 00:00:00+09:00,696.0154458446144,723.1329307476514,686.9762842102688,721.6264038085938,4424500,0.0,0.0
2003-08-27 00:00:00+09:00,723.1330861863057,733.6787770265228,705.0547590316481,709.5743408203125,3874500,0.0,0.0
2003-08-28 00:00:00+09:00,717.1069043803419,718.6134314903846,699.0285790598291,705.0546875,2213500,0.0,0.0
2003-08-29 00:00:00+09:00,712.5875146744099,714.0940421895777,703.5483495834026,708.0679321289062,2205500,0.0,0.0
2003-09-01 00:00:00+09:00,711.0809449724823,744.2245483398438,709.5744175466931,744.2245483398438,4127000,0.0,0.0
2003-09-02 00:00:00+09:00,744.2244226792279,748.7440041934742,724.6395694508271,742.7178955078125,3775500,0.0,0.0
2003-09-03 00:00:00+09:00,748.7439501213304,751.7570042465671,729.1590983072916,745.7308959960938,5110500,0.0,0.0
2003-09-04 00:00:00+09:00,750.2505669110338,771.3419483101392,741.2114034542743,757.783203125,7016500,0.0,0.0
2003-09-05 00:00:00+09:00,762.3028006417411,762.3028006417411,729.1592006138393,738.1983642578125,4430000,0.0,0.0
2003-09-08 00:00:00+09:00,730.66562536991,748.7439501213304,727.6525712446733,745.7308959960938,2130500,0.0,0.0
2003-09-09 00:00:00+09:00,753.2637229627767,762.3028876383299,748.744140625,748.744140625,3941000,0.0,0.0
2003-09-10 00:00:00+09:00,750.2506340404549,762.302853061185,748.7441066628636,760.7963256835938,2658500,0.0,0.0
2003-09-11 00:00:00+09:00,750.2505753313909,751.7571025910925,733.6787754746734,735.185302734375,3153000,0.0,0.0
2003-09-12 00:00:00+09:00,750.2507130692645,756.2768232143992,739.7050203152788,741.2115478515625,12995500,0.0,0.0
2003-09-15 00:00:00+09:00,741.2115478515625,741.2115478515625,741.2115478515625,741.2115478515625,0,0.0,0.0
2003-09-16 00:00:00+09:00,750.250613776381,751.7571411132812,739.7049224180784,751.7571411132812,2219500,0.0,0.0
2003-09-17 00:00:00+09:00,768.3289727639026,772.8485549566315,759.289808378445,765.31591796875,4468500,0.0,0.0
2003-09-18 00:00:00+09:00,753.2636987881398,774.3550823542078,747.2375891978347,765.31591796875,2411500,0.0,0.0
2003-09-19 00:00:00+09:00,783.3940467175504,795.4462628208973,774.3548846400402,784.9005737304688,4020500,0.0,0.0
2003-09-22 00:00:00+09:00,759.2897388896005,781.8876477851243,729.1591936955687,735.185302734375,3573000,0.0,0.0
2003-09-23 00:00:00+09:00,735.185302734375,735.185302734375,735.185302734375,735.185302734375,0,0.0,0.0
2003-09-24 00:00:00+09:00,748.7440830215393,756.2767196716553,730.6657550612606,750.2506103515625,3330000,0.0,0.0
2003-09-25 00:00:00+09:00,727.6072626528533,738.1741731063179,718.5499108355978,729.1168212890625,3673500,2.0,0.0
2003-09-26 00:00:00+09:00,721.5690852931289,742.702907874936,721.5690852931289,736.6646728515625,2612000,0.0,0.0
2003-09-29 00:00:00+09:00,729.1167755126953,732.1358925955635,707.9829559326172,718.5498657226562,2102000,0.0,0.0
2003-09-30 00:00:00+09:00,712.5115240621669,729.1166655127682,707.9828491210938,707.9828491210938,1942500,0.0,0.0
2003-10-01 00:00:00+09:00,706.4733136307566,717.0402221679688,703.4541969058388,717.0402221679688,3667500,0.0,0.0
2003-10-02 00:00:00+09:00,724.5880213615619,744.2122802734375,721.5689046058887,744.2122802734375,3065000,0.0,0.0
2003-10-03 00:00:00+09:00,745.7220720906896,769.8750136968658,741.1933955395316,766.8558959960938,3127500,0.0,0.0
2003-10-06 00:00:00+09:00,775.913037776947,794.0277390480042,772.8939208984375,772.8939208984375,3682500,0.0,0.0
2003-10-07 00:00:00+09:00,777.4226056612455,784.9703979492188,760.8174626277043,784.9703979492188,2907500,0.0,0.0
2003-10-08 00:00:00+09:00,784.9702770756741,791.0085099762562,747.231321447036,769.8746948242188,3625500,0.0,0.0
2003-10-09 00:00:00+09:00,756.2889840433917,774.4036902480238,751.7603074922337,766.8558959960938,1554500,0.0,0.0
2003-10-10 00:00:00+09:00,766.8557305954795,794.0277840417759,766.8557305954795,791.0086669921875,6255500,0.0,0.0
2003-10-13 00:00:00+09:00,791.0086669921875,791.0086669921875,791.0086669921875,791.0086669921875,0,0.0,0.0
2003-10-14 00:00:00+09:00,798.5564388512691,825.7284915910099,798.5564388512691,824.2189331054688,5645000,0.0,0.0
2003-10-15 00:00:00+09:00,830.2572361718014,830.2572361718014,801.5756225585938,801.5756225585938,2595500,0.0,0.0
2003-10-16 00:00:00+09:00,815.1617131467725,828.7477416992188,798.5565671382271,828.7477416992188,3443000,0.0,0.0
2003-10-17 00:00:00+09:00,822.7094671575873,839.3146123662725,819.6903498469172,837.8050537109375,3455000,0.0,0.0
2003-10-20 00:00:00+09:00,822.7093317479263,858.9387335129726,816.6710981204186,855.9196166992188,4320500,0.0,0.0
2003-10-21 00:00:00+09:00,864.9769767889097,867.9960936363404,810.6328735351562,810.6328735351562,4859500,0.0,0.0
2003-10-22 00:00:00+09:00,825.7284096771816,830.2570846845518,798.5563596329599,800.06591796875,2823500,0.0,0.0
2003-10-23 00:00:00+09:00,760.81742242964,777.4225645858425,729.1166964950717,744.2122802734375,5638000,0.0,0.0
2003-10-24 00:00:00+09:00,747.2315911323793,769.8749726818453,726.0977683528777,748.7411499023438,3656000,0.0,0.0
2003-10-27 00:00:00+09:00,747.2315643310548,754.7793579101562,742.7028881835938,754.7793579101562,1703500,0.0,0.0
2003-10-28 00:00:00+09:00,756.2889840433917,775.9132490984098,756.2889840433917,766.8558959960938,1787000,0.0,0.0
2003-10-29 00:00:00+09:00,771.3843398263804,789.499040565943,757.7983142717083,763.8365478515625,3024500,0.0,0.0
2003-10-30 00:00:00+09:00,759.3079617843781,762.3270789286499,744.2123760630187,750.2506103515625,2423000,0.0,0.0
2003-10-31 00:00:00+09:00,748.7409943692248,763.8365789331206,723.0785006106023,735.1549682617188,2943500,0.0,0.0
2003-11-03 00:00:00+09:00,735.1549682617188,735.1549682617188,735.1549682617188,735.1549682617188,0,0.0,0.0
2003-11-04 00:00:00+09:00,754.7792117438001,759.307887014263,742.7027443558993,753.2696533203125,2101500,0.0,0.0
2003-11-05 00:00:00+09:00,748.7409203899794,748.7409203899794,717.0401959379842,730.626220703125,2974500,0.0,0.0
2003-11-06 00:00:00+09:00,720.0594197235773,723.0785367874079,683.8300149576112,691.3778076171875,4333000,0.0,0.0
2003-11-07 00:00:00+09:00,683.8299590857788,685.3395174943566,653.6387909142212,668.734375,9114000,0.0,0.0
2003-11-10 00:00:00+09:00,664.2057060800827,664.2057060800827,635.5240960448064,638.543212890625,3860500,0.0,0.0
2003-11-11 00:00:00+09:00,623.4477641765889,630.9955579317533,609.8617354172927,627.9764404296875,4702500,0.0,0.0
2003-11-12 00:00:00+09:00,638.5434020854481,656.6581085275884,630.9956077345562,650.619873046875,5179500,0.0,0.0
2003-11-13 00:00:00+09:00,664.2057537699856,665.715312301281,640.0528172692588,649.1101684570312,3274000,0.0,0.0
2003-11-14 00:00:00+09:00,641.5623577320633,649.11015017597,621.9380973779062,624.9572143554688,4856500,0.0,0.0
2003-11-17 00:00:00+09:00,606.8426651000976,615.9000183105469,597.7853118896484,603.8235473632812,3626000,0.0,0.0
2003-11-18 00:00:00+09:00,599.2947345705525,617.409436874952,591.7469419437193,614.3903198242188,3202500,0.0,0.0
2003-11-19 00:00:00+09:00,599.2946192895703,599.2946192895703,569.1034545898438,569.1034545898438,5253500,0.0,0.0
2003-11-20 00:00:00+09:00,590.2371953137238,605.3327757565299,582.6894050923206,602.3136596679688,3988000,0.0,0.0
2003-11-21 00:00:00+09:00,591.7470063562657,600.8043584943719,587.2183302872127,599.2947998046875,3097500,0.0,0.0
2003-11-24 00:00:00+09:00,599.2947998046875,599.2947998046875,599.2947998046875,599.2947998046875,0,0.0,0.0
2003-11-25 00:00:00+09:00,614.3903486548955,615.8999072510992,596.2756455004514,600.8043212890625,3462000,0.0,0.0
2003-11-26 00:00:00+09:00,593.2564647898955,623.4476334814932,588.7277894861558,615.8998413085938,4364000,0.0,0.0
2003-11-27 00:00:00+09:00,623.4475223935883,623.4475223935883,606.8423825719674,612.880615234375,2680500,0.0,0.0
2003-11-28 00:00:00+09:00,605.3330925329408,612.8808867041744,596.2757395274604,606.8426513671875,2324500,0.0,0.0
2003-12-01 00:00:00+09:00,603.8233936828758,641.5623557880556,593.2564842934255,632.5050048828125,3583000,0.0,0.0
2003-12-02 00:00:00+09:00,647.6005897248843,656.6579406301275,632.5050048828125,632.5050048828125,3498500,0.0,0.0
2003-12-03 00:00:00+09:00,630.9954636032517,637.0336977047182,606.8425271973856,614.3903198242188,3546500,0.0,0.0
2003-12-04 00:00:00+09:00,614.3902812523646,630.9954239889149,611.3711643911736,623.4476318359375,1707500,0.0,0.0
2003-12-05 00:00:00+09:00,618.9190911434573,624.9573261790032,611.3712973490249,620.4286499023438,1570500,0.0,0.0
2003-12-08 00:00:00+09:00,605.3328129089984,608.3519291828588,582.6894408550459,585.7085571289062,3811500,0.0,0.0
2003-12-09 00:00:00+09:00,591.7467896766269,596.2754640874174,581.1798827181158,585.7085571289062,2485500,0.0,0.0
2003-12-10 00:00:00+09:00,579.6705519153226,581.1801106442687,558.5367297100764,561.5558471679688,3787500,0.0,0.0
2003-12-11 00:00:00+09:00,564.5747073533353,582.6894038459556,560.0460332301801,572.1224975585938,2502500,0.0,0.0
2003-12-12 00:00:00+09:00,572.1227284028462,584.1991976039617,572.1227284028462,575.141845703125,9360500,0.0,0.0
2003-12-15 00:00:00+09:00,597.7850694444445,612.8806520061729,591.7468364197531,611.37109375,4270000,0.0,0.0
2003-12-16 00:00:00+09:00,590.2372804299379,594.7659552158453,581.1799308581229,588.7277221679688,3031000,0.0,0.0
2003-12-17 00:00:00+09:00,588.727711644666,590.2372698796523,566.0843381198712,569.1034545898438,3533000,0.0,0.0
2003-12-18 00:00:00+09:00,567.5940419353504,578.1609522905298,563.065366068845,570.6131591796875,2996000,0.0,0.0
2003-12-19 00:00:00+09:00,585.7088249618413,588.7279426162837,576.6514719985138,587.2183837890625,3127500,0.0,0.0
2003-12-22 00:00:00+09:00,579.6704215116279,591.7468886264535,573.632187954215,584.1990966796875,2456500,0.0,0.0
2003-12-23 00:00:00+09:00,584.1990966796875,584.1990966796875,584.1990966796875,584.1990966796875,0,0.0,0.0
2003-12-24 00:00:00+09:00,584.1990608235252,587.2181774169284,575.1417110433155,578.1608276367188,1729500,0.0,0.0
2003-12-25 00:00:00+09:00,572.1227284028462,578.1609630034039,570.6131697527068,575.141845703125,1742000,0.0,0.0
2003-12-26 00:00:00+09:00,576.6514016581323,582.6896362304688,573.632284371964,582.6896362304688,1052000,0.0,0.0
2003-12-29 00:00:00+09:00,588.7277816579311,600.8042489739913,587.2182232434236,596.2755737304688,1763500,0.0,0.0
2003-12-30 00:00:00+09:00,603.8233024691358,614.3902102623457,600.8041859567901,611.37109375,1758000,0.0,0.0
2003-12-31 00:00:00+09:00,611.37109375,611.37109375,611.37109375,611.37109375,0,0.0,0.0
2004-01-01 00:00:00+09:00,611.37109375,611.37109375,611.37109375,611.37109375,0,0.0,0.0
2004-01-02 00:00:00+09:00,611.37109375,611.37109375,611.37109375,611.37109375,0,0.0,0.0
2004-01-05 00:00:00+09:00,620.4286048813622,624.9572808294013,609.8616943359375,609.8616943359375,1587000,0.0,0.0
2004-01-06 00:00:00+09:00,618.9190244435066,621.9381416359139,599.2947626928589,600.8043212890625,2811500,0.0,0.0
2004-01-07 00:00:00+09:00,608.3521276917121,608.3521276917121,597.7852172851562,597.7852172851562,2115500,0.0,0.0
2004-01-08 00:00:00+09:00,599.2946626621238,623.4475961699171,597.7851043178866,617.4093627929688,3516000,0.0,0.0
2004-01-09 00:00:00+09:00,632.5051533124189,661.1867712430536,624.9573591201465,653.6389770507812,7910500,0.0,0.0
2004-01-12 00:00:00+09:00,653.6389770507812,653.6389770507812,653.6389770507812,653.6389770507812,0,0.0,0.0
2004-01-13 00:00:00+09:00,661.1865615844727,676.2821451822917,641.562302907308,652.1292114257812,6017500,0.0,0.0
2004-01-14 00:00:00+09:00,643.0718383789062,652.1291882152289,637.0336051546911,643.0718383789062,2269500,0.0,0.0
2004-01-15 00:00:00+09:00,649.11015017597,656.6579426198766,623.4476558666875,624.9572143554688,2945500,0.0,0.0
2004-01-16 00:00:00+09:00,621.9381425363717,637.0337285202643,621.9381425363717,635.524169921875,2437500,0.0,0.0
2004-01-19 00:00:00+09:00,649.1101407896142,662.6961669921875,641.5623484548513,662.6961669921875,3467000,0.0,0.0
2004-01-20 00:00:00+09:00,667.2247663612112,694.3968156700388,659.6769748865369,680.810791015625,6823500,0.0,0.0
2004-01-21 00:00:00+09:00,673.2630502257337,685.3395174943566,668.734375,668.734375,4686000,0.0,0.0
2004-01-22 00:00:00+09:00,683.8299488988416,683.8299488988416,656.6578979492188,656.6578979492188,3501000,0.0,0.0
2004-01-23 00:00:00+09:00,655.1483635858658,667.2248311174025,646.0910129372132,658.16748046875,2922000,0.0,0.0
2004-01-26 00:00:00+09:00,643.0719843201113,653.6388948605826,638.543308374195,644.58154296875,1766500,0.0,0.0
2004-01-27 00:00:00+09:00,649.1101482090916,653.6388236617131,627.9763294301908,632.5050048828125,2707500,0.0,0.0
2004-01-28 00:00:00+09:00,618.9190911434573,634.0146787323221,617.4095323845708,620.4286499023438,3169500,0.0,0.0
2004-01-29 00:00:00+09:00,612.880724439434,620.4285166123334,605.3329322665346,615.8998413085938,3637500,0.0,0.0
2004-01-30 00:00:00+09:00,615.8998783495854,624.9572295017852,611.3712027734855,614.3903198242188,2062000,0.0,0.0
2004-02-02 00:00:00+09:00,615.9000043726679,618.9191220411614,606.8426513671875,606.8426513671875,1508500,0.0,0.0
2004-02-03 00:00:00+09:00,606.8425556738772,609.8616728662845,590.2374111156367,600.8043212890625,3429500,0.0,0.0
2004-02-04 00:00:00+09:00,593.2565495047983,593.2565495047983,575.141845703125,575.141845703125,5563500,0.0,0.0
2004-02-05 00:00:00+09:00,573.632080078125,584.1989868164062,572.1225219726563,581.1798706054688,2882500,0.0,0.0
2004-02-06 00:00:00+09:00,576.6515970230103,579.6707153320312,572.1229195594788,579.6707153320312,3068500,0.0,0.0
2004-02-09 00:00:00+09:00,582.6897571553494,585.7088750680714,560.0463728099343,563.0654907226562,4926500,0.0,0.0
2004-02-10 00:00:00+09:00,564.5749678027078,566.0845265401482,547.9698216908635,554.008056640625,4289000,0.0,0.0
2004-02-11 00:00:00+09:00,554.008056640625,554.008056640625,554.008056640625,554.008056640625,0,0.0,0.0
2004-02-12 00:00:00+09:00,550.9888916015625,564.5749190657106,549.4793329944349,550.9888916015625,4448000,0.0,0.0
2004-02-13 00:00:00+09:00,544.9507080078124,573.63232421875,544.9507080078124,573.63232421875,5333500,0.0,0.0
2004-02-16 00:00:00+09:00,570.6130361532106,581.1799442301219,566.0843612631058,578.1608276367188,2729000,0.0,0.0
2004-02-17 00:00:00+09:00,576.651303349709,593.2564455927635,573.6321865782446,591.7468872070312,3019000,0.0,0.0
2004-02-18 00:00:00+09:00,599.2945678710937,603.8232421875,581.1798706054688,581.1798706054688,3169500,0.0,0.0
2004-02-19 00:00:00+09:00,588.7276611328125,593.2563354492187,581.1798706054688,581.1798706054688,3207500,0.0,0.0
2004-02-20 00:00:00+09:00,587.2181639059995,588.7277221679688,581.1799308581229,588.7277221679688,1345500,0.0,0.0
2004-02-23 00:00:00+09:00,590.2374372917989,600.8043479338515,585.7087613023477,594.76611328125,2543500,0.0,0.0
2004-02-24 00:00:00+09:00,597.785138671875,599.2946971028646,566.0844116210938,566.0844116210938,2912000,0.0,0.0
2004-02-25 00:00:00+09:00,578.1607543945312,585.7085449218749,572.1225219726563,581.1798706054688,2028000,0.0,0.0
2004-02-26 00:00:00+09:00,588.7277816579311,596.2755737304688,581.1799895853936,596.2755737304688,1822500,0.0,0.0
2004-02-27 00:00:00+09:00,591.7470063562657,606.8425932531093,585.7087715975283,599.2947998046875,4062000,0.0,0.0
2004-03-01 00:00:00+09:00,599.2946277006173,621.9380015432099,596.2755111882716,611.37109375,5039500,0.0,0.0
2004-03-02 00:00:00+09:00,623.4477674201167,626.4668849378896,617.4095323845708,620.4286499023438,4319000,0.0,0.0
2004-03-03 00:00:00+09:00,624.9571886564555,630.9954223632812,617.4093965229234,630.9954223632812,4033000,0.0,0.0
2004-03-04 00:00:00+09:00,630.9955021784856,649.1102055903082,627.9763849431819,647.6006469726562,4725500,0.0,0.0
2004-03-05 00:00:00+09:00,649.1101684570312,653.6388440509176,638.5432587379634,649.1101684570312,2924000,0.0,0.0
2004-03-08 00:00:00+09:00,656.6577758789062,659.6768920898437,641.5621948242188,641.5621948242188,3228000,0.0,0.0
2004-03-09 00:00:00+09:00,638.5432207300029,658.16748046875,638.5432207300029,658.16748046875,3127500,0.0,0.0
2004-03-10 00:00:00+09:00,652.1291882152289,655.1483048273363,638.543163460745,643.0718383789062,3318500,0.0,0.0
2004-03-11 00:00:00+09:00,627.9764899941995,658.1676673977668,627.9764899941995,650.619873046875,5267500,0.0,0.0
2004-03-12 00:00:00+09:00,627.9762712026284,634.0145045795767,611.3711294160204,617.4093627929688,17844000,0.0,0.0
2004-03-15 00:00:00+09:00,626.4667728442502,627.9763313330315,618.9189804003435,624.9572143554688,2844000,0.0,0.0
2004-03-16 00:00:00+09:00,617.4092897311807,623.4475223935883,611.3710570687731,612.880615234375,3220000,0.0,0.0
2004-03-17 00:00:00+09:00,617.4095057475997,634.0146513789533,617.4095057475997,626.4668579101562,3438500,0.0,0.0
2004-03-18 00:00:00+09:00,641.5623054685185,646.0909805659434,629.4858385420523,637.0336303710938,3507000,0.0,0.0
2004-03-19 00:00:00+09:00,634.0145149505396,641.5623067951889,626.4667231058903,629.48583984375,2015500,0.0,0.0
2004-03-22 00:00:00+09:00,621.9382086612302,627.9764436967762,618.9190911434573,620.4286499023438,1480000,0.0,0.0
2004-03-23 00:00:00+09:00,612.8808296663215,634.0146513789533,599.2948014224868,626.4668579101562,3656500,0.0,0.0
2004-03-24 00:00:00+09:00,618.9189211372059,623.4475961699171,611.3711294160204,617.4093627929688,3152500,0.0,0.0
2004-03-25 00:00:00+09:00,623.447711584703,643.0719736926961,618.9190357136276,640.0528564453125,3752000,0.0,0.0
2004-03-26 00:00:00+09:00,649.1314522476725,655.1839599609375,643.0789445344075,655.1839599609375,3497500,2.0,0.0
2004-03-29 00:00:00+09:00,659.723487213896,674.8547598564165,655.1841054211399,667.2891235351562,4656500,0.0,0.0
2004-03-30 00:00:00+09:00,674.8548413588744,677.8810962528604,656.6973119949586,661.2366943359375,2906000,0.0,0.0
2004-03-31 00:00:00+09:00,662.7494951481193,670.3151286543764,655.1838616418622,668.802001953125,2650000,0.0,0.0
2004-04-01 00:00:00+09:00,676.3678682134392,677.8809954353933,662.7497232158532,673.3416137695312,4469500,0.0,0.0
2004-04-02 00:00:00+09:00,680.9073149766651,691.4992065429688,674.8548055102058,691.4992065429688,4823500,0.0,0.0
2004-04-05 00:00:00+09:00,706.6304635255916,738.4061374742798,705.1173361947017,735.3798828125,8688000,0.0,0.0
2004-04-06 00:00:00+09:00,750.5110611054768,756.563569662779,736.8929168515467,745.9716796875,7394000,0.0,0.0
2004-04-07 00:00:00+09:00,747.4848489052008,752.0242305787142,727.814194986643,732.3535766601562,4625500,0.0,0.0
2004-04-08 00:00:00+09:00,726.3010864257812,732.3535954793294,711.1698137919108,726.3010864257812,3621000,0.0,0.0
2004-04-09 00:00:00+09:00,726.3011968085107,726.3011968085107,706.6305393949468,711.169921875,5093000,0.0,0.0
2004-04-12 00:00:00+09:00,712.68289472472,726.3010392099056,711.1697675596993,721.7616577148438,2478500,0.0,0.0
2004-04-13 00:00:00+09:00,732.3536243036326,738.4061335953982,714.196096428336,717.2223510742188,3150500,0.0,0.0
2004-04-14 00:00:00+09:00,703.6040472425123,721.761571042319,703.6040472425123,709.6565551757812,2636500,0.0,0.0
2004-04-15 00:00:00+09:00,703.6041922897034,718.7354652421702,680.9072828610033,682.42041015625,4423000,0.0,0.0
2004-04-16 00:00:00+09:00,674.8548534828544,693.0123831729761,671.8285985345009,676.3679809570312,3579500,0.0,0.0
2004-04-19 00:00:00+09:00,673.341541202387,676.3677953201505,647.6183812013969,656.6971435546875,4449500,0.0,0.0
2004-04-20 00:00:00+09:00,668.802273824645,689.9860562534799,661.2366372429183,679.3941650390625,3558500,0.0,0.0
2004-04-21 00:00:00+09:00,680.9072689134248,686.9597779704329,665.7759962709042,667.2891235351562,3224500,0.0,0.0
2004-04-22 00:00:00+09:00,674.8546230556728,680.9071308857685,668.8021152255772,671.828369140625,2896000,0.0,0.0
2004-04-23 00:00:00+09:00,677.8808948863636,677.8808948863636,664.2627519087358,665.77587890625,3646000,0.0,0.0
2004-04-26 00:00:00+09:00,667.2889882680532,677.8808769707207,662.7496073954813,671.828369140625,2890500,0.0,0.0
2004-04-27 00:00:00+09:00,664.2630055048694,670.3155158055971,662.7498779296875,662.7498779296875,1572000,0.0,0.0
2004-04-28 00:00:00+09:00,667.2890329668598,667.2890329668598,655.1840164958057,656.6971435546875,2083000,0.0,0.0
2004-04-29 00:00:00+09:00,656.6971435546875,656.6971435546875,656.6971435546875,656.6971435546875,0,0.0,0.0
2004-04-30 00:00:00+09:00,641.5659417046442,653.6709594726562,641.5659417046442,653.6709594726562,3241500,0.0,0.0
2004-05-03 00:00:00+09:00,653.6709594726562,653.6709594726562,653.6709594726562,653.6709594726562,0,0.0,0.0
2004-05-04 00:00:00+09:00,653.6709594726562,653.6709594726562,653.6709594726562,653.6709594726562,0,0.0,0.0
2004-05-05 00:00:00+09:00,653.6709594726562,653.6709594726562,653.6709594726562,653.6709594726562,0,0.0,0.0
2004-05-06 00:00:00+09:00,647.6184111516833,650.6446654094015,624.9215042187972,626.4346313476562,3256500,0.0,0.0
2004-05-07 00:00:00+09:00,627.9477584765153,634.0002669919517,624.9215042187972,626.4346313476562,2653000,0.0,0.0
2004-05-10 00:00:00+09:00,614.3295241383576,615.8426510451022,559.8569554955475,573.47509765625,5264500,0.0,0.0
2004-05-11 00:00:00+09:00,520.5157470703125,532.6207644440407,508.41072969658427,520.5157470703125,15832500,0.0,0.0
2004-05-12 00:00:00+09:00,523.5421495465754,525.0552771464211,503.87149074858274,512.9502563476562,12751500,0.0,0.0
2004-05-13 00:00:00+09:00,512.950141376599,520.5157776800887,500.8451232910156,500.8451232910156,10042000,0.0,0.0
2004-05-14 00:00:00+09:00,502.3583068847656,512.9501988973961,497.8189245936382,502.3583068847656,9241500,0.0,0.0
2004-05-17 00:00:00+09:00,499.3319062263735,499.3319062263735,466.0431124779486,469.0693664550781,6872000,0.0,0.0
2004-05-18 00:00:00+09:00,464.5299125890762,478.14805334901655,456.9642788335538,473.6086730957031,8960500,0.0,0.0
2004-05-19 00:00:00+09:00,481.1745513728791,502.3583366534461,481.1745513728791,493.2795715332031,5634000,0.0,0.0
2004-05-20 00:00:00+09:00,490.25325196867533,491.7663792895663,466.04321483441976,475.1219787597656,8560500,0.0,0.0
2004-05-21 00:00:00+09:00,485.71374075753346,491.7662484305245,478.1481061662946,487.22686767578125,5522000,0.0,0.0
2004-05-24 00:00:00+09:00,494.792445764309,500.8449527461354,491.7661922733958,496.3055725097656,4755500,0.0,0.0
2004-05-25 00:00:00+09:00,493.2793393678303,494.7924661757071,470.5824372496786,478.1480712890625,5700000,0.0,0.0
2004-05-26 00:00:00+09:00,485.71373192820266,490.25311260042884,479.6612243652344,479.6612243652344,4119000,0.0,0.0
2004-05-27 00:00:00+09:00,482.6875428946764,488.74005126953125,479.66128870724896,488.74005126953125,3304500,0.0,0.0
2004-05-28 00:00:00+09:00,493.27942345252404,497.8188046499399,488.74004225510816,491.76629638671875,3339500,0.0,0.0
2004-05-31 00:00:00+09:00,493.2794325506724,494.79255964438613,479.66128870724896,488.74005126953125,3746500,0.0,0.0
2004-06-01 00:00:00+09:00,491.7662484305245,491.7662484305245,484.20061383928567,487.22686767578125,2621500,0.0,0.0
2004-06-02 00:00:00+09:00,485.7137053284464,485.7137053284464,475.12181767330895,478.1480712890625,3574000,0.0,0.0
2004-06-03 00:00:00+09:00,479.6613951443849,485.7139048622951,458.4776111316992,464.5301208496094,5271000,0.0,0.0
2004-06-04 00:00:00+09:00,463.0169994647686,472.09576416015625,461.50387201553735,472.09576416015625,4150500,0.0,0.0
2004-06-07 00:00:00+09:00,475.1218436930082,484.2006050374606,473.60871680226614,479.6612243652344,3779500,0.0,0.0
2004-06-08 00:00:00+09:00,487.22706145304113,493.2795715332031,482.6876788929196,493.2795715332031,6124000,0.0,0.0
2004-06-09 00:00:00+09:00,496.3058675130208,497.81899515787757,488.74022928873694,490.25335693359375,4231000,0.0,0.0
2004-06-10 00:00:00+09:00,485.7139339330006,497.81895409332463,482.6876788929196,493.2795715332031,2980000,0.0,0.0
2004-06-11 00:00:00+09:00,493.2794107692635,497.8187918499623,484.200648607866,485.7137756347656,12016000,0.0,0.0
2004-06-14 00:00:00+09:00,487.226876449585,491.76625728607183,481.17436866760255,484.20062255859375,2609000,0.0,0.0
2004-06-15 00:00:00+09:00,481.1744524274553,484.2007068452381,473.6088163829985,476.63507080078125,2728500,0.0,0.0
2004-06-16 00:00:00+09:00,479.6612330845424,491.7662484305245,479.6612330845424,487.22686767578125,2729000,0.0,0.0
2004-06-17 00:00:00+09:00,484.20061383928567,488.739994594029,479.6612330845424,487.22686767578125,2431500,0.0,0.0
2004-06-18 00:00:00+09:00,485.71383405412945,487.2269612630208,473.6088163829985,476.63507080078125,3474500,0.0,0.0
2004-06-21 00:00:00+09:00,488.739994594029,494.79250226702004,484.20061383928567,487.22686767578125,5441000,0.0,0.0
2004-06-22 00:00:00+09:00,491.7661922733958,496.30557250976557,485.7136852915694,496.3055725097656,4939000,0.0,0.0
2004-06-23 00:00:00+09:00,500.845068019241,502.3581951129548,485.71379708210384,488.74005126953125,6179000,0.0,0.0
2004-06-24 00:00:00+09:00,496.305624852036,502.3581324721828,493.27937104196263,499.3318786621094,4016500,0.0,0.0
2004-06-25 00:00:00+09:00,503.8713481814362,520.5157470703125,500.8450938380042,520.5157470703125,7821000,0.0,0.0
2004-06-28 00:00:00+09:00,523.5419519558759,543.2126033299406,522.0288249271017,537.1600952148438,6491500,0.0,0.0
2004-06-29 00:00:00+09:00,538.673359264027,541.6996140913529,525.05521254106,532.620849609375,4369500,0.0,0.0
2004-06-30 00:00:00+09:00,528.081467368386,541.6996140913529,528.081467368386,532.620849609375,3171500,0.0,0.0
2004-07-01 00:00:00+09:00,544.7257168732542,550.7782248385126,538.6732089079958,541.699462890625,5322000,0.0,0.0
2004-07-02 00:00:00+09:00,526.5682936179262,531.1076754594601,522.0289117763924,528.0814208984375,3010000,0.0,0.0
2004-07-05 00:00:00+09:00,517.489561353411,520.5158160981678,505.38454237438384,508.4107971191406,3498000,0.0,0.0
2004-07-06 00:00:00+09:00,505.3844650314377,515.9763550171265,500.84508360899963,503.871337890625,2483500,0.0,0.0
2004-07-07 00:00:00+09:00,496.3057734548869,512.9501743939227,487.22700930632186,509.9239196777344,3626500,0.0,0.0
2004-07-08 00:00:00+09:00,502.3581368582589,509.92377144949774,493.2793753487723,497.8187561035156,3424000,0.0,0.0
2004-07-09 00:00:00+09:00,490.2532324661301,509.92388685520325,488.7401052054322,500.8451232910156,4248000,0.0,0.0
2004-07-12 00:00:00+09:00,508.41079400510205,520.5158129099855,503.87141191577075,519.002685546875,2818000,0.0,0.0
2004-07-13 00:00:00+09:00,509.9239196777344,512.9501743939227,502.35828288726356,509.9239196777344,2724000,0.0,0.0
2004-07-14 00:00:00+09:00,511.43695767523707,512.9500847689508,488.74005126953125,488.74005126953125,3263500,0.0,0.0
2004-07-15 00:00:00+09:00,491.76625728607183,494.79251117706303,479.661241722107,484.20062255859375,3373000,0.0,0.0
2004-07-16 00:00:00+09:00,482.6876788929196,496.3058265732841,476.6351688127576,493.2795715332031,3107000,0.0,0.0
2004-07-19 00:00:00+09:00,493.2795715332031,493.2795715332031,493.2795715332031,493.2795715332031,0,0.0,0.0
2004-07-20 00:00:00+09:00,481.1743249048161,485.7137053284464,473.60869086543215,478.1480712890625,3697500,0.0,0.0
2004-07-21 00:00:00+09:00,484.20061383928567,490.2531215122768,482.68748692103793,487.22686767578125,2040500,0.0,0.0
2004-07-22 00:00:00+09:00,481.1743426188406,487.2268500731657,478.14808889167807,482.6874694824219,1860000,0.0,0.0
2004-07-23 00:00:00+09:00,484.2006050374606,484.2006050374606,476.63497058375026,479.6612243652344,1787000,0.0,0.0
2004-07-26 00:00:00+09:00,476.63492659791206,478.14805334901655,467.5561660912852,473.6086730957031,2778000,0.0,0.0
2004-07-27 00:00:00+09:00,472.0957579969971,479.6613951443849,461.5038659906543,464.5301208496094,3428500,0.0,0.0
2004-07-28 00:00:00+09:00,475.1219787597656,478.14823340154754,470.58259679709266,475.1219787597656,2881000,0.0,0.0
2004-07-29 00:00:00+09:00,476.63502782104104,476.63502782104104,464.530011241459,470.58251953125,2213000,0.0,0.0
2004-07-30 00:00:00+09:00,475.1218351645156,482.6874694824219,469.0693277101905,482.6874694824219,2496000,0.0,0.0
2004-08-02 00:00:00+09:00,473.6088854264747,475.1220128559523,458.4776111316992,464.5301208496094,5285000,0.0,0.0
2004-08-03 00:00:00+09:00,467.5563694025507,470.58262422069015,453.93822272092297,456.9644775390625,4761500,0.0,0.0
2004-08-04 00:00:00+09:00,453.9381760817308,456.96443058894226,443.34628530649036,452.425048828125,4162500,0.0,0.0
2004-08-05 00:00:00+09:00,455.4512986246745,458.47755310058596,444.8594079589844,453.93817138671875,3268500,0.0,0.0
2004-08-06 00:00:00+09:00,447.8856764257155,450.91193099615947,443.3462945700494,449.3988037109375,3390500,0.0,0.0
2004-08-09 00:00:00+09:00,440.3200399996054,449.39880371093744,438.8069127143834,449.3988037109375,2535500,0.0,0.0
2004-08-10 00:00:00+09:00,444.8594079589844,456.9644258626302,443.3462807210287,453.93817138671875,2529000,0.0,0.0
2004-08-11 00:00:00+09:00,459.99068033854167,459.99068033854167,452.42504414876305,453.93817138671875,1860000,0.0,0.0
2004-08-12 00:00:00+09:00,453.9382131476151,463.0169774105674,453.9382131476151,459.99072265625,1779500,0.0,0.0
2004-08-13 00:00:00+09:00,450.9119097176245,455.45129135907706,446.3725280761719,446.3725280761719,4636000,0.0,0.0
2004-08-16 00:00:00+09:00,449.39868597082193,449.39868597082193,440.319924638078,447.88555908203125,2074000,0.0,0.0
2004-08-17 00:00:00+09:00,449.39878250380696,452.425036931442,446.3725280761719,446.3725280761719,1506000,0.0,0.0
2004-08-18 00:00:00+09:00,449.39879432091345,453.9381760817308,447.8856670673077,452.425048828125,2025500,0.0,0.0
2004-08-19 00:00:00+09:00,458.47743890480916,463.0168194880251,453.93805832159325,461.5036926269531,2617500,0.0,0.0
2004-08-20 00:00:00+09:00,458.4775390625,463.01692063737624,455.45128467924917,458.4775390625,1359000,0.0,0.0
2004-08-23 00:00:00+09:00,461.5038500334087,466.04323216488484,459.99072265625,459.99072265625,1366000,0.0,0.0
2004-08-24 00:00:00+09:00,464.5299463490971,466.04307321016904,458.47743890480916,461.5036926269531,1746000,0.0,0.0
2004-08-25 00:00:00+09:00,459.9905323357628,473.6086730957031,456.9642788335538,473.6086730957031,2644500,0.0,0.0
2004-08-26 00:00:00+09:00,482.68743360233003,482.68743360233003,470.58241959349414,473.6086730957031,2188500,0.0,0.0
2004-08-27 00:00:00+09:00,473.60885143887464,476.63510608065656,469.0694694762017,475.1219787597656,1068000,0.0,0.0
2004-08-30 00:00:00+09:00,470.58249344364293,473.60874742077243,464.5299854893839,469.0693664550781,1452000,0.0,0.0
2004-08-31 00:00:00+09:00,469.069503138042,469.069503138042,459.9907385611767,464.5301208496094,2022000,0.0,0.0
2004-09-01 00:00:00+09:00,466.0433298252933,470.5827129080072,464.5302021310553,467.55645751953125,1023000,0.0,0.0
2004-09-02 00:00:00+09:00,469.0695092616937,473.6088916093875,467.55638181246246,472.09576416015625,1294000,0.0,0.0
2004-09-03 00:00:00+09:00,478.1482677149074,479.6613951443849,463.0169934201318,464.5301208496094,3125500,0.0,0.0
2004-09-06 00:00:00+09:00,469.0693361300399,481.17435125597643,466.0430823485558,479.6612243652344,3130500,0.0,0.0
2004-09-07 00:00:00+09:00,484.20062255859375,484.20062255859375,476.6349878311157,484.20062255859375,2791500,0.0,0.0
2004-09-08 00:00:00+09:00,484.2006050374606,488.7399857096868,479.6612243652344,479.6612243652344,1750000,0.0,0.0
2004-09-09 00:00:00+09:00,478.14823340154754,479.66136072243853,469.0694694762017,475.1219787597656,4196500,0.0,0.0
2004-09-10 00:00:00+09:00,467.55626538635454,472.0956466036978,461.5037570965635,470.58251953125,15467000,0.0,0.0
2004-09-13 00:00:00+09:00,478.14811477661135,487.226876449585,475.12186088562015,484.20062255859375,3636500,0.0,0.0
2004-09-14 00:00:00+09:00,485.71381997162445,487.22694713664504,478.14818414652126,481.1744384765625,2541000,0.0,0.0
2004-09-15 00:00:00+09:00,478.14827395708136,481.1745288555439,472.09576416015625,472.09576416015625,1576500,0.0,0.0
2004-09-16 00:00:00+09:00,470.58249344364293,473.60874742077243,467.5562394665134,469.0693664550781,2152000,0.0,0.0
2004-09-17 00:00:00+09:00,466.0433298252933,469.06958521376924,461.5039467425794,467.55645751953125,4544500,0.0,0.0
2004-09-20 00:00:00+09:00,467.55645751953125,467.55645751953125,467.55645751953125,467.55645751953125,0,0.0,0.0
2004-09-21 00:00:00+09:00,469.069326932313,470.582453793385,459.9905657658812,461.5036926269531,1702000,0.0,0.0
2004-09-22 00:00:00+09:00,466.04323216488484,466.04323216488484,452.4250857704564,459.99072265625,2689000,0.0,0.0
2004-09-23 00:00:00+09:00,459.99072265625,459.99072265625,459.99072265625,459.99072265625,0,0.0,0.0
2004-09-24 00:00:00+09:00,449.39879432091345,455.4513033353365,446.3725398137019,452.425048828125,2449000,0.0,0.0
2004-09-27 00:00:00+09:00,450.9068603515625,452.42506526857113,443.3158357665194,450.9068603515625,2050000,2.0,0.0
2004-09-28 00:00:00+09:00,449.38849001514666,449.38849001514666,441.79746822435027,446.3520812988281,3046500,0.0,0.0
2004-09-29 00:00:00+09:00,449.3887387628425,450.9069439613656,440.2795075717038,443.31591796875,3122000,0.0,0.0
2004-09-30 00:00:00+09:00,444.8340644573343,449.388679451778,440.2794494628906,440.2794494628906,3461500,0.0,0.0
2004-10-01 00:00:00+09:00,443.3157776913401,449.3885965638242,443.3157776913401,447.8703918457031,1623500,0.0,0.0
2004-10-04 00:00:00+09:00,452.42510460859893,460.0161298537097,447.87048946153254,458.4979248046875,2831500,0.0,0.0
2004-10-05 00:00:00+09:00,458.4976338370902,466.0886542648566,458.4976338370902,463.05224609375,3223500,0.0,0.0
2004-10-06 00:00:00+09:00,460.0161357990746,473.67998141686894,458.4979307304308,469.1253662109375,2557500,0.0,0.0
2004-10-07 00:00:00+09:00,475.19818648551274,475.19818648551274,469.1253662109375,469.1253662109375,2413500,0.0,0.0
2004-10-08 00:00:00+09:00,470.64335442198734,481.2707850057096,467.60694568378096,475.1979675292969,6960000,0.0,0.0
2004-10-11 00:00:00+09:00,475.19796752929693,475.19796752929693,475.19796752929693,475.1979675292969,0,0.0,0.0
2004-10-12 00:00:00+09:00,475.1981580902,478.2345680460479,466.08892822265625,466.08892822265625,1855000,0.0,0.0
2004-10-13 00:00:00+09:00,472.16172908659905,476.7163438366306,466.0889094198904,470.6435241699219,1950000,0.0,0.0
2004-10-14 00:00:00+09:00,466.0886542648566,472.1614706070697,463.05224609375006,463.05224609375,1903500,0.0,0.0
2004-10-15 00:00:00+09:00,456.97967529296875,460.01608509557985,455.4614703916632,456.97967529296875,2009500,0.0,0.0
2004-10-18 00:00:00+09:00,456.9797083621838,460.01611838452396,450.9068883175037,453.94329833984375,1865000,0.0,0.0
2004-10-19 00:00:00+09:00,455.46145188181026,463.0524760798404,453.94324704220423,461.5342712402344,2073000,0.0,0.0
2004-10-20 00:00:00+09:00,456.97966341364304,456.97966341364304,449.38863910444627,452.425048828125,2598500,0.0,0.0
2004-10-21 00:00:00+09:00,449.38849001514666,450.9066943733059,443.31567258250954,446.3520812988281,1807000,0.0,0.0
2004-10-22 00:00:00+09:00,450.9067237441604,452.42492820121146,446.3521103730073,449.3885192871094,1946500,0.0,0.0
2004-10-25 00:00:00+09:00,437.2430279562282,440.2794378725909,434.20661803986553,435.7248229980469,3577500,0.0,0.0
2004-10-26 00:00:00+09:00,440.2794494628906,443.3158594591864,437.24303946659484,440.2794494628906,2067000,0.0,0.0
2004-10-27 00:00:00+09:00,443.3156897685782,446.35209860260954,437.24287210051546,441.7974853515625,2433500,0.0,0.0
2004-10-28 00:00:00+09:00,446.35209860260954,447.8703030196252,440.2792809345468,441.7974853515625,2078500,0.0,0.0
2004-10-29 00:00:00+09:00,443.3156897685782,443.3156897685782,438.76107651753114,441.7974853515625,1699500,0.0,0.0
2004-11-01 00:00:00+09:00,437.2430255190311,440.27943541846884,435.72482056931227,438.76123046875,2241000,0.0,0.0
2004-11-02 00:00:00+09:00,441.7974839975402,447.870301646991,438.76107517281486,444.8338928222656,3634000,0.0,0.0
2004-11-03 00:00:00+09:00,444.8338928222656,444.8338928222656,444.8338928222656,444.8338928222656,0,0.0,0.0
2004-11-04 00:00:00+09:00,453.9432107181873,453.9432107181873,447.8703918457032,447.8703918457031,3064000,0.0,0.0
2004-11-05 00:00:00+09:00,456.9796983551125,466.08892822265625,456.9796983551125,466.08892822265625,5759000,0.0,0.0
2004-11-08 00:00:00+09:00,461.5343349027318,464.5707450007761,456.97971975566537,458.4979248046875,2236500,0.0,0.0
2004-11-09 00:00:00+09:00,461.5342712402344,466.08888575905246,460.01606640062835,461.5342712402344,2409000,0.0,0.0
2004-11-10 00:00:00+09:00,460.01606640062835,463.0524760798404,458.4978615610223,461.5342712402344,2034500,0.0,0.0
2004-11-11 00:00:00+09:00,460.01611838452396,467.60714344037416,453.94329833984375,453.94329833984375,3342000,0.0,0.0
2004-11-12 00:00:00+09:00,453.94327008647304,472.16172908659905,453.94327008647304,470.6435241699219,7395500,0.0,0.0
2004-11-15 00:00:00+09:00,472.1615693092346,485.8254089355469,470.64336490631104,485.8254089355469,3843500,0.0,0.0
2004-11-16 00:00:00+09:00,485.82557333669354,485.82557333669354,467.6071143365676,470.6435241699219,4316000,0.0,0.0
2004-11-17 00:00:00+09:00,472.16173359742356,485.8255779780564,470.64352866624216,484.307373046875,3981000,0.0,0.0
2004-11-18 00:00:00+09:00,488.8619448504871,488.8619448504871,478.2345112667808,479.7527160644531,2680500,0.0,0.0
2004-11-19 00:00:00+09:00,479.75258063660647,482.78898937481284,475.19796752929693,475.1979675292969,1543500,0.0,0.0
2004-11-22 00:00:00+09:00,467.6071332005802,470.6435431564281,456.9796983551125,466.08892822265625,2769500,0.0,0.0
2004-11-23 00:00:00+09:00,466.08892822265625,466.08892822265625,466.08892822265625,466.08892822265625,0,0.0,0.0
2004-11-24 00:00:00+09:00,467.6071611422937,472.1617763482251,464.57075100500606,469.1253662109375,1897500,0.0,0.0
2004-11-25 00:00:00+09:00,466.08895607364985,470.6435712795813,464.57075100500606,469.1253662109375,1558000,0.0,0.0
2004-11-26 00:00:00+09:00,467.6071332005802,473.67995311227605,464.5707232447323,466.08892822265625,1764500,0.0,0.0
2004-11-29 00:00:00+09:00,463.05238104485846,472.16160821295404,463.05238104485846,467.60699462890625,1820000,0.0,0.0
2004-11-30 00:00:00+09:00,466.08876107409105,469.1251699410233,461.5341477736928,464.570556640625,1794500,0.0,0.0
2004-12-01 00:00:00+09:00,456.97973360873686,460.0161437988281,455.46152851369123,460.0161437988281,2012000,0.0,0.0
2004-12-02 00:00:00+09:00,472.1617431640625,473.67994812600483,469.1253332401779,472.1617431640625,2510500,0.0,0.0
2004-12-03 00:00:00+09:00,479.7527582533307,484.307373046875,478.2345533221493,484.307373046875,3366000,0.0,0.0
2004-12-06 00:00:00+09:00,484.307373046875,485.8255779780564,479.7527582533307,484.307373046875,2720000,0.0,0.0
2004-12-07 00:00:00+09:00,481.2709729357165,482.7891778976588,470.6435382021202,472.1617431640625,2791500,0.0,0.0
2004-12-08 00:00:00+09:00,467.6070638020833,481.2709065755208,467.6070638020833,478.2344970703125,3305000,0.0,0.0
2004-12-09 00:00:00+09:00,478.2345487533077,478.2345487533077,469.1253192532447,470.6435241699219,3419500,0.0,0.0
2004-12-10 00:00:00+09:00,463.05238104485846,472.16160821295404,463.05238104485846,467.60699462890625,18831500,0.0,0.0
2004-12-13 00:00:00+09:00,469.1251699410233,472.16157880795544,464.570556640625,464.570556640625,1847000,0.0,0.0
2004-12-14 00:00:00+09:00,472.1617431640625,475.19815308794716,467.60712827823556,472.1617431640625,3356000,0.0,0.0
2004-12-15 00:00:00+09:00,473.67993400327623,476.7163438366306,470.6435241699219,470.6435241699219,2404500,0.0,0.0
2004-12-16 00:00:00+09:00,467.60712827823556,473.67994812600483,466.08892331629323,472.1617431640625,2690500,0.0,0.0
2004-12-17 00:00:00+09:00,472.1618392272565,484.30748139387407,470.6436339564293,482.7892761230469,4120000,0.0,0.0
2004-12-20 00:00:00+09:00,484.3072045326233,485.8254089355469,482.7890001296997,485.8254089355469,2261500,0.0,0.0
2004-12-21 00:00:00+09:00,485.8255779780564,488.86198784041926,484.307373046875,484.307373046875,2709500,0.0,0.0
2004-12-22 00:00:00+09:00,490.3800221443176,490.3800221443176,481.2707957267761,485.8254089355469,3913500,0.0,0.0
2004-12-23 00:00:00+09:00,485.8254089355469,485.8254089355469,485.8254089355469,485.8254089355469,0,0.0,0.0
2004-12-24 00:00:00+09:00,482.789028949619,488.8618469238281,482.789028949619,488.8618469238281,2342000,0.0,0.0
2004-12-27 00:00:00+09:00,488.86204666660586,488.86204666660586,485.82563643886294,487.3438415527344,1571500,0.0,0.0
2004-12-28 00:00:00+09:00,487.34383343337873,496.45306396484375,487.34383343337873,496.45306396484375,3372000,0.0,0.0
2004-12-29 00:00:00+09:00,501.00767923057623,504.04408940773124,496.45306396484375,496.45306396484375,3524000,0.0,0.0
2004-12-30 00:00:00+09:00,502.52563476562506,502.52563476562506,499.48922609634633,502.525634765625,1196500,0.0,0.0
2004-12-31 00:00:00+09:00,502.52563476562506,502.52563476562506,502.52563476562506,502.525634765625,0,0.0,0.0
2005-01-03 00:00:00+09:00,502.52563476562506,502.52563476562506,502.52563476562506,502.525634765625,0,0.0,0.0
2005-01-04 00:00:00+09:00,502.52584591427365,507.0804608319257,499.4894359691723,505.562255859375,900500,0.0,0.0
2005-01-05 00:00:00+09:00,502.52584591427365,507.0804608319257,499.4894359691723,505.562255859375,2608000,0.0,0.0
2005-01-06 00:00:00+09:00,504.04407350433263,514.6715087890625,504.04407350433263,514.6715087890625,3289500,0.0,0.0
2005-01-07 00:00:00+09:00,520.7443680874137,529.8535990160565,519.2261629326399,522.2625732421875,7872500,0.0,0.0
2005-01-10 00:00:00+09:00,522.2625732421875,522.2625732421875,522.2625732421875,522.2625732421875,0,0.0,0.0
2005-01-11 00:00:00+09:00,526.8171664787227,532.8899868415898,525.2989613880059,529.8535766601562,4658500,0.0,0.0
2005-01-12 00:00:00+09:00,528.3351957707112,528.3351957707112,517.707763671875,517.707763671875,2966000,0.0,0.0
2005-01-13 00:00:00+09:00,519.2260578478043,525.2988772378371,516.1896481527879,520.7442626953125,2935500,0.0,0.0
2005-01-14 00:00:00+09:00,523.7807187362456,541.9991785183759,522.2625137544014,538.9627685546875,10545000,0.0,0.0
2005-01-17 00:00:00+09:00,554.1448587998547,569.3269097258781,551.10844861465,563.2540893554688,14877000,0.0,0.0
2005-01-18 00:00:00+09:00,558.6995020070788,561.7359123440738,548.0720658275962,549.5902709960938,4217500,0.0,0.0
2005-01-19 00:00:00+09:00,554.1447182441352,555.6629229516534,543.517285291508,548.0718994140625,3287500,0.0,0.0
2005-01-20 00:00:00+09:00,540.4808673750882,545.035481426002,534.4080486405367,537.4444580078125,4852500,0.0,0.0
2005-01-21 00:00:00+09:00,534.4081586093305,538.9627735974782,532.8899536132812,532.8899536132812,3019000,0.0,0.0
2005-01-24 00:00:00+09:00,534.4079562412219,543.5171827680609,531.3715473989422,540.4807739257812,3316500,0.0,0.0
2005-01-25 00:00:00+09:00,532.8898439568989,538.9626626914504,531.3716392732609,537.4444580078125,2066000,0.0,0.0
2005-01-26 00:00:00+09:00,537.4444580078125,540.4808673750882,535.9262533241746,537.4444580078125,2610500,0.0,0.0
2005-01-27 00:00:00+09:00,534.4079779809078,535.9261824638081,523.7805466006057,526.8169555664062,3114500,0.0,0.0
2005-01-28 00:00:00+09:00,525.2988772378371,529.8534917803617,511.6350336102633,520.7442626953125,4738500,0.0,0.0
2005-01-31 00:00:00+09:00,522.2623643207282,543.5172279849439,522.2623643207282,541.9990234375,6397000,0.0,0.0
2005-02-01 00:00:00+09:00,540.4809785935274,541.9991835895767,531.371748617232,532.8899536132812,2591000,0.0,0.0
2005-02-02 00:00:00+09:00,537.4444292241877,543.5172476335006,534.4080200195312,534.4080200195312,3640500,0.0,0.0
2005-02-03 00:00:00+09:00,534.4079562412219,551.1082048737601,534.4079562412219,540.4807739257812,4168500,0.0,0.0
2005-02-04 00:00:00+09:00,541.998978346921,541.998978346921,532.8897518200821,540.4807739257812,2529500,0.0,0.0
2005-02-07 00:00:00+09:00,540.4809849914892,549.5902150756154,537.444574963447,543.5173950195312,3468000,0.0,0.0
2005-02-08 00:00:00+09:00,545.0356000335523,549.5902150756154,541.9991900055102,543.5173950195312,2410500,0.0,0.0
2005-02-09 00:00:00+09:00,549.5901934831268,555.6630133006198,548.0719885287534,551.1083984375,4058000,0.0,0.0
2005-02-10 00:00:00+09:00,551.1083451554582,561.7357788085938,551.1083451554582,561.7357788085938,6082500,0.0,0.0
2005-02-11 00:00:00+09:00,561.7357788085938,561.7357788085938,561.7357788085938,561.7357788085938,0,0.0,0.0
2005-02-14 00:00:00+09:00,575.3995722957335,575.3995722957335,566.2903442382812,566.2903442382812,4463000,0.0,0.0
2005-02-15 00:00:00+09:00,566.2903644727625,567.8085692032524,557.1811360898225,558.6993408203125,1937500,0.0,0.0
2005-02-16 00:00:00+09:00,555.6631026594606,561.735923453553,552.6266922624144,554.1448974609375,2335000,0.0,0.0
2005-02-17 00:00:00+09:00,560.2175495860341,561.7357543274596,552.6265258789062,552.6265258789062,2393000,0.0,0.0
2005-02-18 00:00:00+09:00,551.1084870638913,557.1813078579837,549.5902818653682,554.1448974609375,1704000,0.0,0.0
2005-02-21 00:00:00+09:00,551.1083984375,554.1448083462466,546.5537835743802,551.1083984375,2412500,0.0,0.0
2005-02-22 00:00:00+09:00,552.6264065212673,558.6992241753472,543.5171800401475,546.5535888671875,3600000,0.0,0.0
2005-02-23 00:00:00+09:00,540.4809452737695,541.9991501762239,531.371715859043,535.9263305664062,4292500,0.0,0.0
2005-02-24 00:00:00+09:00,538.9626711689534,548.0718994140625,537.4444664614352,548.0718994140625,2662500,0.0,0.0
2005-02-25 00:00:00+09:00,551.1082888743916,558.6993121371243,549.5900842218451,555.6629028320312,2933500,0.0,0.0
2005-02-28 00:00:00+09:00,560.2176513671875,561.7358563844427,557.181241332677,560.2176513671875,2289500,0.0,0.0
2005-03-01 00:00:00+09:00,563.2541336551789,567.8087492912047,561.7359284431703,564.7723388671875,2338000,0.0,0.0
2005-03-02 00:00:00+09:00,567.8086764534637,567.8086764534637,557.181241332677,560.2176513671875,2030500,0.0,0.0
2005-03-03 00:00:00+09:00,558.6994463499323,560.2176513671875,555.6630363154217,560.2176513671875,1735500,0.0,0.0
2005-03-04 00:00:00+09:00,552.6266262809112,560.2176513671875,552.6266262809112,560.2176513671875,2078500,0.0,0.0
2005-03-07 00:00:00+09:00,573.8815471216575,589.0635986328125,573.8815471216575,589.0635986328125,9516000,0.0,0.0
2005-03-08 00:00:00+09:00,595.1364192372745,596.65462438839,586.0271883305816,589.0635986328125,6893000,0.0,0.0
2005-03-09 00:00:00+09:00,592.0999642305596,592.0999642305596,586.0271440846052,587.5453491210938,4023500,0.0,0.0
2005-03-10 00:00:00+09:00,581.4724404867593,590.58166931945,581.4724404867593,584.5088500976562,2020500,0.0,0.0
2005-03-11 00:00:00+09:00,579.9542752779447,598.1727341871995,579.9542752779447,592.0999145507812,20662000,0.0,0.0
2005-03-14 00:00:00+09:00,598.1727341871995,598.1727341871995,592.0999145507812,592.0999145507812,2440500,0.0,0.0
2005-03-15 00:00:00+09:00,602.7274449928519,604.2456501439675,587.545393481697,589.0635986328125,4450500,0.0,0.0
2005-03-16 00:00:00+09:00,593.6180542302011,598.1726684570312,587.5452352610941,598.1726684570312,2510500,0.0,0.0
2005-03-17 00:00:00+09:00,592.0998086414484,593.6180132789906,589.063399366364,590.5816040039062,2128000,0.0,0.0
2005-03-18 00:00:00+09:00,593.618038129203,602.7272663357892,592.0998334281053,599.6908569335938,2368500,0.0,0.0
2005-03-21 00:00:00+09:00,599.6908569335938,599.6908569335938,599.6908569335938,599.6908569335938,0,0.0,0.0
2005-03-22 00:00:00+09:00,602.7273322298095,602.7273322298095,592.0998981602662,593.6181030273438,3134500,0.0,0.0
2005-03-23 00:00:00+09:00,595.136391120871,595.136391120871,582.9907504857513,586.0271606445312,3054500,0.0,0.0
2005-03-24 00:00:00+09:00,581.4723060168521,586.0269193799083,575.3994881994437,579.9541015625,3559500,0.0,0.0
2005-03-25 00:00:00+09:00,578.435897108148,584.5087149255563,576.9176926537958,579.9541015625,2030500,0.0,0.0
2005-03-28 00:00:00+09:00,578.4320545196533,589.0873818397522,578.4320545196533,584.5208129882812,1721500,2.0,0.0
2005-03-29 00:00:00+09:00,589.0873813476562,589.0873813476562,566.254537109375,570.8211059570312,4614500,0.0,0.0
2005-03-30 00:00:00+09:00,563.2101232544278,564.7323127767371,554.0769861205722,558.6435546875,5417500,0.0,0.0
2005-03-31 00:00:00+09:00,566.2542163745777,567.7764051282728,558.6432726061022,563.2098388671875,4516500,0.0,0.0
2005-04-01 00:00:00+09:00,558.6435482366298,561.6879272460938,555.5991692271659,561.6879272460938,2188500,0.0,0.0
2005-04-04 00:00:00+09:00,555.5991756428815,563.2101232544278,552.5547965982629,558.6435546875,1899000,0.0,0.0
2005-04-05 00:00:00+09:00,554.0770130986753,561.6879610807999,554.0770130986753,560.165771484375,3402500,0.0,0.0
2005-04-06 00:00:00+09:00,557.1213989257812,558.6435885403326,552.5548300821273,557.1213989257812,4073500,0.0,0.0
2005-04-07 00:00:00+09:00,558.6435612090646,561.687940289223,555.5991821289062,555.5991821289062,3100000,0.0,0.0
2005-04-08 00:00:00+09:00,557.1214993384576,572.3433982274865,557.1214993384576,566.254638671875,8812000,0.0,0.0
2005-04-11 00:00:00+09:00,566.2544810536143,566.2544810536143,554.0769653320312,554.0769653320312,3508500,0.0,0.0
2005-04-12 00:00:00+09:00,555.5991547972292,560.1657231928228,549.5103969364376,554.0769653320312,3130500,0.0,0.0
2005-04-13 00:00:00+09:00,555.5990718936656,555.5990718936656,549.5103149414062,549.5103149414062,2965000,0.0,0.0
2005-04-14 00:00:00+09:00,547.9882056007923,547.9882056007923,534.2885004607725,540.3772583007812,3659000,0.0,0.0
2005-04-15 00:00:00+09:00,535.8108593750001,538.8552392578125,528.1999096679688,532.7664794921875,3329500,0.0,0.0
2005-04-18 00:00:00+09:00,517.5445465270631,517.5445465270631,506.88921762797645,508.4114074707031,6010000,0.0,0.0
2005-04-19 00:00:00+09:00,512.977976998883,516.0223566843364,503.84483794252316,508.4114074707031,5039500,0.0,0.0
2005-04-20 00:00:00+09:00,516.0221617384551,517.5443510061201,506.8890261324647,512.977783203125,3908000,0.0,0.0
2005-04-21 00:00:00+09:00,505.36687303229945,512.977819915316,493.189358019473,509.9334411621094,5311000,0.0,0.0
2005-04-22 00:00:00+09:00,520.5889282226562,523.6333079198647,512.9779789796349,520.5889282226562,5444000,0.0,0.0
2005-04-25 00:00:00+09:00,512.977819915316,516.0221986685226,508.41125178550607,509.9334411621094,3306000,0.0,0.0
2005-04-26 00:00:00+09:00,505.36700789805985,508.41138746371087,499.27824876675794,503.8448181152344,4232000,0.0,0.0
2005-04-27 00:00:00+09:00,496.23382568359375,500.8003946316023,494.71163603425754,496.23382568359375,4086500,0.0,0.0
2005-04-28 00:00:00+09:00,493.1893340781008,496.23371268352116,485.57838756454987,491.6671447753906,4279500,0.0,0.0
2005-04-29 00:00:00+09:00,491.66714477539057,491.66714477539057,491.66714477539057,491.6671447753906,0,0.0,0.0
2005-05-02 00:00:00+09:00,487.1006774902344,493.1894359588623,487.1006774902344,487.1006774902344,2164500,0.0,0.0
2005-05-03 00:00:00+09:00,487.1006774902344,487.1006774902344,487.1006774902344,487.1006774902344,0,0.0,0.0
2005-05-04 00:00:00+09:00,487.1006774902344,487.1006774902344,487.1006774902344,487.1006774902344,0,0.0,0.0
2005-05-05 00:00:00+09:00,487.1006774902344,487.1006774902344,487.1006774902344,487.1006774902344,0,0.0,0.0
2005-05-06 00:00:00+09:00,494.71163603425754,497.7560153329299,491.66725673558517,496.23382568359375,3150000,0.0,0.0
2005-05-09 00:00:00+09:00,497.75602213541663,500.8004014756944,491.6672634548611,493.189453125,5418500,0.0,0.0
2005-05-10 00:00:00+09:00,512.9780054565074,526.6777148010432,509.93362560216605,522.1111450195312,11692500,0.0,0.0
2005-05-11 00:00:00+09:00,520.58862843233,520.58862843233,508.4111166561351,517.5442504882812,5273000,0.0,0.0
2005-05-12 00:00:00+09:00,525.1554565429688,535.8107846467391,522.1110770847487,525.1554565429688,5008000,0.0,0.0
2005-05-13 00:00:00+09:00,522.1111180712605,526.6776876170733,517.5445485254477,520.5889282226562,4792500,0.0,0.0
2005-05-16 00:00:00+09:00,516.0221146732928,520.5886820597821,502.3224125138248,505.3667907714844,4008000,0.0,0.0
2005-05-17 00:00:00+09:00,509.9335182641526,511.4557078709112,485.57848455601396,488.62286376953125,5572000,0.0,0.0
2005-05-18 00:00:00+09:00,505.36700789805985,505.36700789805985,496.233869201107,503.8448181152344,5944000,0.0,0.0
2005-05-19 00:00:00+09:00,511.45578913103066,520.5889282226562,505.36702973661363,520.5889282226562,5587000,0.0,0.0
2005-05-20 00:00:00+09:00,516.0221986685226,520.5887667983326,508.41125178550607,509.9334411621094,4845000,0.0,0.0
2005-05-23 00:00:00+09:00,511.4558155293367,522.1111450195312,509.93362560216605,522.1111450195312,2935500,0.0,0.0
2005-05-24 00:00:00+09:00,522.1111305962378,534.2886496771996,522.1111305962378,528.1998901367188,4987500,0.0,0.0
2005-05-25 00:00:00+09:00,526.6777296938376,526.6777296938376,511.4558299917035,516.0223999023438,3415500,0.0,0.0
2005-05-26 00:00:00+09:00,523.6331723604588,526.6775512695312,516.0222250877778,526.6775512695312,4310500,0.0,0.0
2005-05-27 00:00:00+09:00,528.1997551985955,534.2885131835938,525.1553762060964,534.2885131835938,3418500,0.0,0.0
2005-05-30 00:00:00+09:00,537.3328793807768,544.9438266807879,535.8106899207746,540.3772583007812,3322500,0.0,0.0
2005-05-31 00:00:00+09:00,538.8549983583648,540.3771876192641,529.7218627929688,529.7218627929688,4218500,0.0,0.0
2005-06-01 00:00:00+09:00,525.1552950102707,532.7662413147674,525.1552950102707,529.7218627929688,3102000,0.0,0.0
2005-06-02 00:00:00+09:00,532.766391349727,538.8551501080095,529.7220119705856,531.2442016601562,4640000,0.0,0.0
2005-06-03 00:00:00+09:00,538.8552392578125,538.8552392578125,526.6777197265625,532.7664794921875,3395000,0.0,0.0
2005-06-06 00:00:00+09:00,525.1555103664783,528.1998901367188,522.1111305962378,528.1998901367188,2776500,0.0,0.0
2005-06-07 00:00:00+09:00,529.7218627929688,534.2884305756668,525.1552950102707,529.7218627929688,4588500,0.0,0.0
2005-06-08 00:00:00+09:00,532.7663778245618,543.421705381053,526.6776192208525,537.3329467773438,7313500,0.0,0.0
2005-06-09 00:00:00+09:00,538.8552342184083,538.8552342184083,520.5889550923606,522.1111450195312,6811000,0.0,0.0
2005-06-10 00:00:00+09:00,523.6331867098469,540.377271168592,522.1109972135973,534.2885131835938,21561500,0.0,0.0
2005-06-13 00:00:00+09:00,541.8993530273438,551.032488190726,540.3771638334467,541.8993530273438,5248500,0.0,0.0
2005-06-14 00:00:00+09:00,543.4217122395834,552.5548502604166,543.4217122395834,547.98828125,4629500,0.0,0.0
2005-06-15 00:00:00+09:00,547.9881803654442,552.5547485351562,544.9438015856363,552.5547485351562,2248500,0.0,0.0
2005-06-16 00:00:00+09:00,547.9881928425314,552.5547611162191,546.4660034179688,546.4660034179688,2285500,0.0,0.0
2005-06-17 00:00:00+09:00,547.9881257033414,552.5546934175359,546.4659364652765,549.5103149414062,2526500,0.0,0.0
2005-06-20 00:00:00+09:00,552.5548502604166,552.5548502604166,544.9439019097222,547.98828125,1889500,0.0,0.0
2005-06-21 00:00:00+09:00,547.9881376378677,549.5103269090839,543.4215698242188,543.4215698242188,2595000,0.0,0.0
2005-06-22 00:00:00+09:00,544.9439019097222,549.5104709201389,541.8995225694445,547.98828125,3051000,0.0,0.0
2005-06-23 00:00:00+09:00,544.9438553483519,555.5991821289062,543.4216658082727,555.5991821289062,4089500,0.0,0.0
2005-06-24 00:00:00+09:00,547.9882280313351,560.1657442098093,547.9882280313351,558.6435546875,4800500,0.0,0.0
2005-06-27 00:00:00+09:00,555.59920931123,557.1213989257812,552.5548300821273,557.1213989257812,3040000,0.0,0.0
2005-06-28 00:00:00+09:00,563.2101578776042,572.3432955729166,561.6879682617188,570.8211059570312,5878000,0.0,0.0
2005-06-29 00:00:00+09:00,576.9098109699669,584.5207583442409,575.3876214951121,581.4763793945312,5705000,0.0,0.0
2005-06-30 00:00:00+09:00,581.4764198162311,581.4764198162311,573.8654719128773,576.9098510742188,3079000,0.0,0.0
2005-07-01 00:00:00+09:00,570.8210927515357,579.9542302355603,567.7767135901942,576.9098510742188,4340000,0.0,0.0
2005-07-04 00:00:00+09:00,581.476345769419,587.5651033167428,581.476345769419,582.99853515625,3646000,0.0,0.0
2005-07-05 00:00:00+09:00,582.99853515625,582.99853515625,576.9097776089262,582.99853515625,3080000,0.0,0.0
2005-07-06 00:00:00+09:00,584.520900974026,587.565280666599,582.9987111277394,586.0430908203125,4011500,0.0,0.0
2005-07-07 00:00:00+09:00,587.5651182194346,590.6094970703125,582.9985499431177,590.6094970703125,4610000,0.0,0.0
2005-07-08 00:00:00+09:00,593.6538822786796,599.7426400456403,587.5651245117188,587.5651245117188,11685000,0.0,0.0
2005-07-11 00:00:00+09:00,595.1760527941645,598.2204315808355,593.6538634008291,596.6982421875,4263500,0.0,0.0
2005-07-12 00:00:00+09:00,599.7426209741709,601.2648103675064,595.1760527941645,596.6982421875,3129000,0.0,0.0
2005-07-13 00:00:00+09:00,598.2203724778543,598.2203724778543,579.9541015625,579.9541015625,6542000,0.0,0.0
2005-07-14 00:00:00+09:00,576.9097984195373,592.1316928369394,576.9097984195373,587.5651245117188,6382500,0.0,0.0
2005-07-15 00:00:00+09:00,589.0873818397522,590.6095714569092,582.9986233711243,584.5208129882812,2038000,0.0,0.0
2005-07-18 00:00:00+09:00,584.5208129882812,584.5208129882812,584.5208129882812,584.5208129882812,0,0.0,0.0
2005-07-19 00:00:00+09:00,590.609524371385,593.65390336299,587.5651453797799,592.1317138671875,3846500,0.0,0.0
2005-07-20 00:00:00+09:00,590.6095033951991,593.6538822786796,586.0429350699785,587.5651245117188,3504000,0.0,0.0
2005-07-21 00:00:00+09:00,586.0428585342848,590.6094262631234,579.9541015625,579.9541015625,3473500,0.0,0.0
2005-07-22 00:00:00+09:00,581.4764539930555,586.0430230034722,570.8211263020834,575.3876953125,4344000,0.0,0.0
2005-07-25 00:00:00+09:00,569.2989163411459,573.865485188802,569.2989163411459,570.8211059570312,2783500,0.0,0.0
2005-07-26 00:00:00+09:00,573.8655395507812,575.3877293108629,570.821160030618,573.8655395507812,2540000,0.0,0.0
2005-07-27 00:00:00+09:00,569.2989163411459,573.865485188802,566.254537109375,570.8211059570312,2575000,0.0,0.0
2005-07-28 00:00:00+09:00,566.254638671875,570.8212083385837,566.254638671875,566.254638671875,2950500,0.0,0.0
2005-07-29 00:00:00+09:00,566.254638671875,570.8212083385837,557.1214993384576,566.254638671875,5038500,0.0,0.0
2005-08-01 00:00:00+09:00,567.7766852650216,572.3432537792174,561.6879272460938,561.6879272460938,3844500,0.0,0.0
2005-08-02 00:00:00+09:00,564.7324329723011,590.609660359172,563.2102431260146,586.0430908203125,9499000,0.0,0.0
2005-08-03 00:00:00+09:00,581.4763244628906,582.9985137939453,573.8653778076172,578.4319458007812,3471000,0.0,0.0
2005-08-04 00:00:00+09:00,578.4320406548895,579.9542302355603,564.7323344288527,576.9098510742188,4897000,0.0,0.0
2005-08-05 00:00:00+09:00,573.8651601430532,573.8651601430532,555.598895098712,563.2098388671875,4075500,0.0,0.0
2005-08-08 00:00:00+09:00,555.5991547972292,557.121344262427,547.9882074712397,554.0769653320312,4201500,0.0,0.0
2005-08-09 00:00:00+09:00,555.5990968760473,570.8209899411445,554.0769075695375,567.776611328125,3629000,0.0,0.0
2005-08-10 00:00:00+09:00,575.3875338336615,586.0428585342848,572.3431553477691,579.9541015625,4309000,0.0,0.0
2005-08-11 00:00:00+09:00,586.0428236944379,598.2203369140625,584.5206345419847,598.2203369140625,7013500,0.0,0.0
2005-08-12 00:00:00+09:00,598.2204718503976,601.2648508420027,587.5651453797799,592.1317138671875,6858000,0.0,0.0
2005-08-15 00:00:00+09:00,593.6540400517451,593.6540400517451,581.476521281453,586.0430908203125,3521000,0.0,0.0
2005-08-16 00:00:00+09:00,589.0872927035738,590.6094820904048,581.476345769419,582.99853515625,2725500,0.0,0.0
2005-08-17 00:00:00+09:00,584.5206692913387,593.6538047490158,578.4319123195538,579.9541015625,5585500,0.0,0.0
2005-08-18 00:00:00+09:00,581.4764198162311,582.9986093969018,575.387661493548,576.9098510742188,2807000,0.0,0.0
2005-08-19 00:00:00+09:00,573.8654719128773,576.9098510742188,570.8210927515357,576.9098510742188,2548500,0.0,0.0
2005-08-22 00:00:00+09:00,581.476521281453,589.0874705128856,575.3877618963069,586.0430908203125,3786000,0.0,0.0
2005-08-23 00:00:00+09:00,592.1317057185148,592.1317057185148,581.4763793945312,581.4763793945312,3472000,0.0,0.0
2005-08-24 00:00:00+09:00,582.9987111277394,587.565280666599,579.9543314351664,586.0430908203125,2458500,0.0,0.0
2005-08-25 00:00:00+09:00,589.087271118164,589.087271118164,578.4319458007812,578.4319458007812,2961500,0.0,0.0
2005-08-26 00:00:00+09:00,584.520900974026,587.565280666599,581.476521281453,586.0430908203125,2024000,0.0,0.0
2005-08-29 00:00:00+09:00,582.9986436631945,582.9986436631945,570.8211263020834,575.3876953125,3449000,0.0,0.0
2005-08-30 00:00:00+09:00,582.9984800483924,582.9984800483924,575.3875338336615,579.9541015625,1997500,0.0,0.0
2005-08-31 00:00:00+09:00,578.4319458007812,581.4763244628906,575.3875671386719,578.4319458007812,2368500,0.0,0.0
2005-09-01 00:00:00+09:00,589.0874705128856,589.0874705128856,584.520900974026,586.0430908203125,2884500,0.0,0.0
2005-09-02 00:00:00+09:00,587.5650817871093,587.5650817871093,575.3875671386719,578.4319458007812,3669000,0.0,0.0
2005-09-05 00:00:00+09:00,579.9541351318359,579.9541351318359,575.3875671386719,578.4319458007812,3392500,0.0,0.0
2005-09-06 00:00:00+09:00,582.9986093969018,584.5207989775726,573.8654719128773,576.9098510742188,2931500,0.0,0.0
2005-09-07 00:00:00+09:00,578.4319123195538,584.5206692913387,576.9097230766076,579.9541015625,4132000,0.0,0.0
2005-09-08 00:00:00+09:00,581.4764198162311,581.4764198162311,575.387661493548,576.9098510742188,3132000,0.0,0.0
2005-09-09 00:00:00+09:00,584.520640185422,595.1759643554688,581.4762618511229,595.1759643554688,18381500,0.0,0.0
2005-09-12 00:00:00+09:00,640.8417568566664,645.4083251953125,633.2308096255896,645.4083251953125,22274500,0.0,0.0
2005-09-13 00:00:00+09:00,645.4083251953125,657.5858407650353,634.752999071805,645.4083251953125,11711000,0.0,0.0
2005-09-14 00:00:00+09:00,640.8419799804688,645.4085499090706,636.2754100518669,640.8419799804688,6113000,0.0,0.0
2005-09-15 00:00:00+09:00,636.2753020810409,648.4528198242188,633.2309226452464,648.4528198242188,6193500,0.0,0.0
2005-09-16 00:00:00+09:00,649.9750227430304,659.1081612359068,648.4528329942177,656.0637817382812,6606000,0.0,0.0
2005-09-19 00:00:00+09:00,656.0637817382812,656.0637817382812,656.0637817382812,656.0637817382812,0,0.0,0.0
2005-09-20 00:00:00+09:00,660.6301484620817,665.1967163085938,654.5413913333989,665.1967163085938,5927000,0.0,0.0
2005-09-21 00:00:00+09:00,657.585971487094,660.6303509847195,648.4528329942177,656.0637817382812,5862500,0.0,0.0
2005-09-22 00:00:00+09:00,651.4971585218167,653.0193481445312,642.3640207855295,653.0193481445312,3725000,0.0,0.0
2005-09-23 00:00:00+09:00,653.0193481445312,653.0193481445312,653.0193481445312,653.0193481445312,0,0.0,0.0
2005-09-26 00:00:00+09:00,656.0637212579901,672.8078069513494,654.5415316495029,669.763427734375,6260500,0.0,0.0
2005-09-27 00:00:00+09:00,672.0545247395833,673.5819213867187,661.3627482096354,664.4175415039062,4559000,3.0,0.0
2005-09-28 00:00:00+09:00,672.0545573658172,684.2737311361049,664.4175737593876,670.5271606445312,5106000,0.0,0.0
2005-09-29 00:00:00+09:00,670.5271815989973,672.0545783680155,661.3628009848879,662.8901977539062,6188000,0.0,0.0
2005-09-30 00:00:00+09:00,662.8902295256314,670.5272137367562,659.8354358411815,668.9998168945312,5562000,0.0,0.0
2005-10-03 00:00:00+09:00,656.7803257939977,667.4720985394814,652.1981374745047,655.2529296875,4783000,0.0,0.0
2005-10-04 00:00:00+09:00,652.1984203707786,665.9449912919426,652.1984203707786,662.8901977539062,4453500,0.0,0.0
2005-10-05 00:00:00+09:00,668.9996587013712,679.6914340687447,664.4174692582111,673.5818481445312,7039000,0.0,0.0
2005-10-06 00:00:00+09:00,658.3077219004954,664.417306326486,641.506364729021,655.2529296875,6837500,0.0,0.0
2005-10-07 00:00:00+09:00,647.6163397407074,653.7259278514688,635.3971635191847,636.924560546875,5263000,0.0,0.0
2005-10-10 00:00:00+09:00,636.924560546875,636.924560546875,636.924560546875,636.924560546875,0,0.0,0.0
2005-10-11 00:00:00+09:00,636.9242190644668,652.1981811523438,636.9242190644668,652.1981811523438,4118500,0.0,0.0
2005-10-12 00:00:00+09:00,662.8901240808823,667.4723138786765,649.1435546875,649.1435546875,6456500,0.0,0.0
2005-10-13 00:00:00+09:00,635.3971635191847,646.0889427130171,632.342369463804,636.924560546875,6714000,0.0,0.0
2005-10-14 00:00:00+09:00,652.1982442220052,655.2530369349888,636.924280657087,641.5064697265625,9988000,0.0,0.0
2005-10-17 00:00:00+09:00,652.1983847957086,652.1983847957086,638.4518146243705,644.5614013671875,3907500,0.0,0.0
2005-10-18 00:00:00+09:00,636.9242383106646,641.5064270754895,630.8146532908979,633.8694458007812,3688000,0.0,0.0
2005-10-19 00:00:00+09:00,623.1777821017387,627.7599716760162,609.4312133789062,609.4312133789062,5770500,0.0,0.0
2005-10-20 00:00:00+09:00,614.0134029531837,618.5955925274612,609.4312133789062,609.4312133789062,3561500,0.0,0.0
2005-10-21 00:00:00+09:00,601.7939631914852,609.4309424198035,595.6843798088305,604.8487548828125,7349000,0.0,0.0
2005-10-24 00:00:00+09:00,606.3764235827388,609.4312166486468,597.2120443850148,598.7394409179688,3095000,0.0,0.0
2005-10-25 00:00:00+09:00,604.8491083401352,617.0682822459966,603.3217116019026,614.0134887695312,4377500,0.0,0.0
2005-10-26 00:00:00+09:00,610.9587000593355,612.4860968094838,603.3217163085938,603.3217163085938,3449000,0.0,0.0
2005-10-27 00:00:00+09:00,604.8490805077126,606.3764771756613,597.2120971679688,597.2120971679688,6223500,0.0,0.0
2005-10-28 00:00:00+09:00,597.2120411808329,609.4312133789062,595.6846446560737,609.4312133789062,5559000,0.0,0.0
2005-10-31 00:00:00+09:00,610.9586426992867,615.5408325195312,607.9038494857901,615.5408325195312,4577000,0.0,0.0
2005-11-01 00:00:00+09:00,638.4516770135788,644.5612624395461,633.8694879441034,641.5064697265625,6029500,0.0,0.0
2005-11-02 00:00:00+09:00,641.5065390253859,644.561332068364,630.8147633749628,643.033935546875,6820500,0.0,0.0
2005-11-03 00:00:00+09:00,643.033935546875,643.033935546875,643.033935546875,643.033935546875,0,0.0,0.0
2005-11-04 00:00:00+09:00,658.3077746239778,658.3077746239778,647.6160010221963,653.7255859375,5849000,0.0,0.0
2005-11-07 00:00:00+09:00,658.3077659874945,658.3077659874945,646.0885963171929,652.1981811523438,3435000,0.0,0.0
2005-11-08 00:00:00+09:00,655.2531616210937,670.5271280924479,650.6709716796875,664.4175415039062,7655000,0.0,0.0
2005-11-09 00:00:00+09:00,656.7803697787068,661.3625584050699,650.670784943556,652.1981811523438,3147000,0.0,0.0
2005-11-10 00:00:00+09:00,650.6707934798482,658.3077746239778,647.6160010221963,653.7255859375,3273000,0.0,0.0
2005-11-11 00:00:00+09:00,661.3625584050699,661.3625584050699,652.1981811523438,652.1981811523438,4646000,0.0,0.0
2005-11-14 00:00:00+09:00,656.7805748528214,656.7805748528214,639.9792113100748,644.5614013671875,3000500,0.0,0.0
2005-11-15 00:00:00+09:00,646.0888671875,653.7258514332152,636.9244860926419,646.0888671875,3748500,0.0,0.0
2005-11-16 00:00:00+09:00,649.1436608857861,650.6710577349291,636.9244860926419,646.0888671875,3845500,0.0,0.0
2005-11-17 00:00:00+09:00,643.0338123357185,661.3625670816297,641.5064161068925,653.7255859375,4361000,0.0,0.0
2005-11-18 00:00:00+09:00,656.7805947197808,664.4175783793131,656.7805947197808,659.8353881835938,3270500,0.0,0.0
2005-11-21 00:00:00+09:00,667.472334798177,668.9997314453125,659.8353515624999,664.4175415039062,4939000,0.0,0.0
2005-11-22 00:00:00+09:00,670.5271815989973,675.1093719060519,662.8901977539062,662.8901977539062,6314500,0.0,0.0
2005-11-23 00:00:00+09:00,662.8901977539062,662.8901977539062,662.8901977539062,662.8901977539062,0,0.0,0.0
2005-11-24 00:00:00+09:00,670.5269084319715,672.0543045787414,658.3077392578125,658.3077392578125,4422000,0.0,0.0
2005-11-25 00:00:00+09:00,662.8899633104556,662.8899633104556,647.6160010221963,653.7255859375,3437000,0.0,0.0
2005-11-28 00:00:00+09:00,646.0886047933703,653.7255859375,644.5612085645444,653.7255859375,4051000,0.0,0.0
2005-11-29 00:00:00+09:00,650.6710205078125,655.2532107930788,647.6162269843016,650.6710205078125,2159000,0.0,0.0
2005-11-30 00:00:00+09:00,652.1981552411926,659.8351359817217,646.0885706487692,647.615966796875,3589000,0.0,0.0
2005-12-01 00:00:00+09:00,655.2531410845588,655.2531410845588,641.5065716911764,649.1435546875,4933000,0.0,0.0
2005-12-02 00:00:00+09:00,653.7255335810024,655.2529296875,641.506364729021,655.2529296875,5638500,0.0,0.0
2005-12-05 00:00:00+09:00,655.2529469642728,662.8899276981222,644.5611739368837,658.3077392578125,5044000,0.0,0.0
2005-12-06 00:00:00+09:00,661.3625141134908,661.3625141134908,653.7255335810024,655.2529296875,4687000,0.0,0.0
2005-12-07 00:00:00+09:00,656.7804254804339,693.4379376002721,652.1982364654541,684.2735595703125,11858500,0.0,0.0
2005-12-08 00:00:00+09:00,693.4380194188241,708.7119846042607,672.0544681592128,676.6366577148438,12426500,0.0,0.0
2005-12-09 00:00:00+09:00,678.163978659051,719.4036800639933,678.163978659051,707.1845092773438,27997500,0.0,0.0
2005-12-12 00:00:00+09:00,745.3695289656432,783.554443359375,743.842132389894,783.554443359375,25233500,0.0,0.0
2005-12-13 00:00:00+09:00,768.280613348736,783.5545818049733,740.7874701275089,751.479248046875,16076000,0.0,0.0
2005-12-14 00:00:00+09:00,771.3352862548828,794.2462353515625,757.588716796875,763.6983032226562,16980500,0.0,0.0
2005-12-15 00:00:00+09:00,786.6091244789741,797.3008989864553,774.3899536132812,774.3899536132812,17329500,0.0,0.0
2005-12-16 00:00:00+09:00,786.6092011610023,788.136597668111,751.4790814975012,754.5338745117188,11277500,0.0,0.0
2005-12-19 00:00:00+09:00,763.6982556176326,777.44482421875,760.6434625951621,777.44482421875,6573000,0.0,0.0
2005-12-20 00:00:00+09:00,778.9722094489533,786.6091918945312,772.8626234924909,786.6091918945312,5952000,0.0,0.0
2005-12-21 00:00:00+09:00,791.1914750574233,820.2120117873288,789.6640783874283,815.6298217773438,13173500,0.0,0.0
2005-12-22 00:00:00+09:00,830.9035523326685,866.0336657584982,824.7939673890459,861.4514770507812,18574000,0.0,0.0
2005-12-23 00:00:00+09:00,861.4514770507812,861.4514770507812,861.4514770507812,861.4514770507812,0,0.0,0.0
2005-12-26 00:00:00+09:00,867.5609908430544,910.3280819409514,866.0335947324152,891.9993286132812,13816500,0.0,0.0
2005-12-27 00:00:00+09:00,888.9449756450718,890.4723725104415,879.7805944528546,882.8353881835938,7572000,0.0,0.0
2005-12-28 00:00:00+09:00,876.7253675068895,891.9993286132812,864.506198621776,891.9993286132812,6220000,0.0,0.0
2005-12-29 00:00:00+09:00,901.1638500448472,927.1295880969868,898.1090573328307,917.9652099609375,12267000,0.0,0.0
2005-12-30 00:00:00+09:00,924.0749253853014,924.0749253853014,893.5269939676054,896.581787109375,4982500,0.0,0.0
2006-01-02 00:00:00+09:00,896.581787109375,896.581787109375,896.581787109375,896.581787109375,0,0.0,0.0
2006-01-03 00:00:00+09:00,896.581787109375,896.581787109375,896.581787109375,896.581787109375,0,0.0,0.0
2006-01-04 00:00:00+09:00,919.4926063169457,919.4926063169457,893.5268682648061,917.9652099609375,6210500,0.0,0.0
2006-01-05 00:00:00+09:00,924.0749756682784,924.0749756682784,902.6914225123182,905.7462158203125,6132000,0.0,0.0
2006-01-06 00:00:00+09:00,916.4379675913665,916.4379675913665,896.581811626887,901.1640014648438,6689500,0.0,0.0
2006-01-09 00:00:00+09:00,901.1640014648438,901.1640014648438,901.1640014648438,901.1640014648438,0,0.0,0.0
2006-01-10 00:00:00+09:00,890.4723345575368,901.1641121594282,849.2326209502409,852.2874145507812,11373000,0.0,0.0
2006-01-11 00:00:00+09:00,844.6501184558192,866.0336657584982,840.0679297481023,861.4514770507812,12121500,0.0,0.0
2006-01-12 00:00:00+09:00,870.6158887836295,882.8350591525226,859.9241147108481,867.5610961914062,4812500,0.0,0.0
2006-01-13 00:00:00+09:00,878.2531549234307,878.2531549234307,855.3422030558628,862.9791870117188,9871000,0.0,0.0
2006-01-16 00:00:00+09:00,847.7052241499706,861.4517953524027,841.5956369488898,852.2874145507812,5282000,0.0,0.0
2006-01-17 00:00:00+09:00,837.0132554274339,838.5406518789438,791.1913618821364,794.2461547851562,12865000,0.0,0.0
2006-01-18 00:00:00+09:00,795.7736650674084,843.1229618372541,757.5887483175327,815.6298217773438,16264500,0.0,0.0
2006-01-19 00:00:00+09:00,824.7941366537661,833.958515949919,801.8831884133838,826.321533203125,7634000,0.0,0.0
2006-01-20 00:00:00+09:00,847.7049855624928,847.7049855624928,823.2666436363669,830.9036254882812,8714500,0.0,0.0
2006-01-23 00:00:00+09:00,801.8832114783938,818.6845740046077,791.1914353253486,807.9927978515625,5865000,0.0,0.0
2006-01-24 00:00:00+09:00,804.9377514955809,887.4171415919022,800.3555631568963,849.2322387695312,13966000,0.0,0.0
2006-01-25 00:00:00+09:00,867.5611187599612,867.5611187599612,838.5405883789062,838.5405883789062,6111000,0.0,0.0
2006-01-26 00:00:00+09:00,861.4514770507812,867.5610619944039,844.6501184558192,861.4514770507812,8084500,0.0,0.0
2006-01-27 00:00:00+09:00,885.8897355408448,890.471923828125,878.2527550620443,890.471923828125,6437000,0.0,0.0
2006-01-30 00:00:00+09:00,914.9106126456425,919.4928026922818,884.3626790013807,885.8900756835938,8556500,0.0,0.0
2006-01-31 00:00:00+09:00,896.5815082111653,899.6363004026855,885.8897355408448,890.471923828125,4238000,0.0,0.0
2006-02-01 00:00:00+09:00,896.5816258175272,896.5816258175272,861.4515110069598,867.5610961914062,5433000,0.0,0.0
2006-02-02 00:00:00+09:00,864.5063498399765,873.6707281068313,849.232386061885,853.8145751953125,9394000,0.0,0.0
2006-02-03 00:00:00+09:00,855.3420441060126,859.9242336280091,841.5954755400231,844.6502685546875,6498500,0.0,0.0
2006-02-06 00:00:00+09:00,846.1778244850852,847.7052212801847,832.4312533291903,840.0682373046875,3685500,0.0,0.0
2006-02-07 00:00:00+09:00,824.793999463992,830.9035846452067,812.5748291015625,812.5748291015625,6846000,0.0,0.0
2006-02-08 00:00:00+09:00,812.5749122032753,829.3762731698844,794.2461547851562,794.2461547851562,6552000,0.0,0.0
2006-02-09 00:00:00+09:00,806.4653094081805,806.4653094081805,788.1365523761764,791.1913452148438,6016500,0.0,0.0
2006-02-10 00:00:00+09:00,794.2462146116956,800.3558008779394,760.6434901473546,771.3352661132812,11862000,0.0,0.0
2006-02-13 00:00:00+09:00,769.8078395828061,769.8078395828061,754.5338745117188,754.5338745117188,6182500,0.0,0.0
2006-02-14 00:00:00+09:00,757.5886239895028,791.1913452148438,746.8968490541671,791.1913452148438,7545500,0.0,0.0
2006-02-15 00:00:00+09:00,794.2461890718376,795.7735855892836,765.2256552403667,766.7530517578125,4835000,0.0,0.0
2006-02-16 00:00:00+09:00,774.3901356664197,798.828483143072,765.2257553626752,797.3010864257812,7190000,0.0,0.0
2006-02-17 00:00:00+09:00,801.8831853997217,809.5201681178143,775.9174441582069,780.4996337890625,6640000,0.0,0.0
2006-02-20 00:00:00+09:00,782.0270625,786.609252319336,760.6435100097657,763.6983032226562,7028500,0.0,0.0
2006-02-21 00:00:00+09:00,774.3900199816065,786.6091918945312,765.225641046913,786.6091918945312,5744500,0.0,0.0
2006-02-22 00:00:00+09:00,791.1914757622612,791.1914757622612,759.1161456637913,769.8079223632812,5071000,0.0,0.0
2006-02-23 00:00:00+09:00,777.4447423308916,797.3008948855116,774.3899496301808,795.7734985351562,5040000,0.0,0.0
2006-02-24 00:00:00+09:00,804.9380450873786,823.2668051273188,795.7736650674084,815.6298217773438,5171500,0.0,0.0
2006-02-27 00:00:00+09:00,838.5407055979956,843.1228952460721,823.2667401044073,826.321533203125,12888000,0.0,0.0
2006-02-28 00:00:00+09:00,826.3217320450981,832.4313197127144,801.8833813746331,829.3765258789062,5984000,0.0,0.0
2006-03-01 00:00:00+09:00,809.5202749956517,827.8490359389494,807.9928782503769,823.266845703125,3287500,0.0,0.0
2006-03-02 00:00:00+09:00,820.2120537211877,827.8490374616084,794.2463090037571,800.3558959960938,5645000,0.0,0.0
2006-03-03 00:00:00+09:00,792.718896273909,809.5202601641074,791.1914995566182,797.3010864257812,4486000,0.0,0.0
2006-03-06 00:00:00+09:00,798.8284584073984,815.6298217773438,795.7736650674084,815.6298217773438,4529000,0.0,0.0
2006-03-07 00:00:00+09:00,815.6298178321055,815.6298178321055,798.8284545434292,803.41064453125,3940500,0.0,0.0
2006-03-08 00:00:00+09:00,788.136378646586,804.9377355557186,788.136378646586,792.7185668945312,4593000,0.0,0.0
2006-03-09 00:00:00+09:00,800.3558550773935,817.1572184473388,795.7736650674084,815.6298217773438,4897000,0.0,0.0
2006-03-10 00:00:00+09:00,817.1573138673663,847.7052508343706,815.629917019016,833.9586791992188,14833500,0.0,0.0
2006-03-13 00:00:00+09:00,833.958418229047,837.0132109698127,824.7940400067497,830.9036254882812,4182000,0.0,0.0
2006-03-14 00:00:00+09:00,838.5406660298038,849.232441370803,835.4858730752325,841.595458984375,3906000,0.0,0.0
2006-03-15 00:00:00+09:00,847.7052241499706,855.3422081513218,843.12303374916,852.2874145507812,3040000,0.0,0.0
2006-03-16 00:00:00+09:00,861.4517047889054,862.979101428602,827.8489787155793,835.4859619140625,6689500,0.0,0.0
2006-03-17 00:00:00+09:00,835.485957947879,850.7599242723376,826.321578153204,846.177734375,3313500,0.0,0.0
2006-03-20 00:00:00+09:00,847.7049109276305,864.5062695225926,846.1775146917249,861.4514770507812,3693500,0.0,0.0
2006-03-21 00:00:00+09:00,861.4514770507812,861.4514770507812,861.4514770507812,861.4514770507812,0,0.0,0.0
2006-03-22 00:00:00+09:00,861.4514076726899,866.0335960113745,846.1774465437416,849.2322387695312,3458000,0.0,0.0
2006-03-23 00:00:00+09:00,862.9789297524262,862.9789297524262,830.9036066996812,838.5405883789062,3987500,0.0,0.0
2006-03-24 00:00:00+09:00,824.7940213563012,840.0679847147512,804.9378689903161,838.5405883789062,6172000,0.0,0.0
2006-03-27 00:00:00+09:00,838.5408697442693,841.5956634409698,823.2669012607672,833.9586791992188,3901500,0.0,0.0
2006-03-28 00:00:00+09:00,839.3193186290229,839.3193186290229,811.7504359003323,820.9400634765625,5173500,3.0,0.0
2006-03-29 00:00:00+09:00,813.2817378381635,848.5086304375567,807.1553217339213,843.913818359375,5472000,0.0,0.0
2006-03-30 00:00:00+09:00,857.698414936823,857.698414936823,837.7875588757897,848.5087890625,4504500,0.0,0.0
2006-03-31 00:00:00+09:00,856.1669516411771,871.4829972877098,851.5721379472174,866.88818359375,5349500,0.0,0.0
2006-04-03 00:00:00+09:00,879.1409202898052,879.1409202898052,866.8880851638148,869.9512939453125,4640500,0.0,0.0
2006-04-04 00:00:00+09:00,876.0776756084072,876.0776756084072,863.8248409845133,865.3564453125,3717500,0.0,0.0
2006-04-05 00:00:00+09:00,868.4194332679396,876.0774529616605,856.1666017579863,860.7614135742188,4297500,0.0,0.0
2006-04-06 00:00:00+09:00,863.8248275998187,873.0144534253487,859.2300146870538,871.4828491210938,2732000,0.0,0.0
2006-04-07 00:00:00+09:00,871.4828983360612,871.4828983360612,856.1668544285733,869.9512939453125,3281500,0.0,0.0
2006-04-10 00:00:00+09:00,862.2930175129629,866.8878293291955,856.1666017579863,860.7614135742188,2313500,0.0,0.0
2006-04-11 00:00:00+09:00,854.634973362514,860.7613889421735,851.5717655726842,857.6981811523438,3311500,0.0,0.0
2006-04-12 00:00:00+09:00,845.445533794438,848.508742250215,831.6610957434418,834.7243041992188,5411500,0.0,0.0
2006-04-13 00:00:00+09:00,848.508741122159,854.6351580255681,837.7875115411931,842.38232421875,3140500,0.0,0.0
2006-04-14 00:00:00+09:00,856.1669126297917,856.1669126297917,831.6612407119444,837.7876586914062,5199500,0.0,0.0
2006-04-17 00:00:00+09:00,828.5979651039828,833.192778219162,810.218712643266,813.2819213867188,3903000,0.0,0.0
2006-04-18 00:00:00+09:00,827.066427227348,842.3824721760026,814.8135912684243,837.7876586914062,4997000,0.0,0.0
2006-04-19 00:00:00+09:00,854.6349239212146,857.6981315338355,848.508508695973,851.5717163085938,4792000,0.0,0.0
2006-04-20 00:00:00+09:00,853.1033201149042,854.6349239212146,846.9769048896625,851.5717163085938,2511500,0.0,0.0
2006-04-21 00:00:00+09:00,845.4454223854356,846.9770264114961,834.7241942030115,843.913818359375,3958500,0.0,0.0
2006-04-24 00:00:00+09:00,831.6610736095436,833.1926777966697,811.7502191769025,816.3450317382812,5462500,0.0,0.0
2006-04-25 00:00:00+09:00,819.408288028653,825.5347051354094,807.1554538151405,822.4714965820312,3086000,0.0,0.0
2006-04-26 00:00:00+09:00,820.9398936795112,824.0031022380169,801.0290380492246,814.8134765625,5117000,0.0,0.0
2006-04-27 00:00:00+09:00,830.1295179654766,830.1295179654766,816.3450794752749,822.4714965820312,2714500,0.0,0.0
2006-04-28 00:00:00+09:00,817.8765628242855,819.4081668745182,804.0921263721908,807.1553344726562,4161000,0.0,0.0
2006-05-01 00:00:00+09:00,801.0290662585426,804.0922749249232,791.8394402594006,794.9026489257812,3731000,0.0,0.0
2006-05-02 00:00:00+09:00,790.3076660156249,807.1553100585937,787.2444580078125,804.0921020507812,3140500,0.0,0.0
2006-05-03 00:00:00+09:00,804.0921020507812,804.0921020507812,804.0921020507812,804.0921020507812,0,0.0,0.0
2006-05-04 00:00:00+09:00,804.0921020507812,804.0921020507812,804.0921020507812,804.0921020507812,0,0.0,0.0
2006-05-05 00:00:00+09:00,804.0921020507812,804.0921020507812,804.0921020507812,804.0921020507812,0,0.0,0.0
2006-05-08 00:00:00+09:00,811.7502573687767,816.3450701463358,797.9658190360994,805.6238403320312,4287000,0.0,0.0
2006-05-09 00:00:00+09:00,813.2817260742187,836.2557861328124,808.6869140625,827.066162109375,7084000,0.0,0.0
2006-05-10 00:00:00+09:00,825.534620177071,831.6610366533387,808.6869748673348,811.7501831054688,5146000,0.0,0.0
2006-05-11 00:00:00+09:00,833.192786410286,856.1668522120402,830.1295776367188,830.1295776367188,11975500,0.0,0.0
2006-05-12 00:00:00+09:00,819.4084265737822,822.4716356450862,797.9659630746553,808.6871948242188,11350500,0.0,0.0
2006-05-15 00:00:00+09:00,796.434214776913,808.687048850404,794.9026105177267,805.6238403320312,6541500,0.0,0.0
2006-05-16 00:00:00+09:00,814.8135415731263,827.0663767847523,797.9658931571406,799.4974975585938,7417500,0.0,0.0
2006-05-17 00:00:00+09:00,810.2186531095904,810.2186531095904,790.3077977401675,805.6238403320312,7315000,0.0,0.0
2006-05-18 00:00:00+09:00,790.307861328125,801.029092005057,781.118235033612,790.307861328125,6544000,0.0,0.0
2006-05-19 00:00:00+09:00,785.7129526213398,790.3077652097686,768.8653064637672,778.054931640625,9363500,0.0,0.0
2006-05-22 00:00:00+09:00,773.4601949259848,781.1182166579252,764.2705688476562,764.2705688476562,5073000,0.0,0.0
2006-05-23 00:00:00+09:00,761.2073150320151,762.7389192876127,742.8280639648438,742.8280639648438,6401000,0.0,0.0
2006-05-24 00:00:00+09:00,744.3595700147675,755.0807983894658,725.9803213724275,753.5491943359375,7902500,0.0,0.0
2006-05-25 00:00:00+09:00,755.0808109220911,758.1440190799901,744.3595823694449,747.4227905273438,3344000,0.0,0.0
2006-05-26 00:00:00+09:00,761.2074442423747,768.8654668202657,756.61263069564,767.3338623046875,4307000,0.0,0.0
2006-05-29 00:00:00+09:00,776.5234156494141,776.5234156494141,762.7389763183594,765.8021850585938,3786500,0.0,0.0
2006-05-30 00:00:00+09:00,765.8020267641641,768.8652348712208,748.9543821753525,753.5491943359375,3990000,0.0,0.0
2006-05-31 00:00:00+09:00,745.8912124794408,750.4860248766448,721.3855463610198,727.511962890625,7689000,0.0,0.0
2006-06-01 00:00:00+09:00,741.2963749713978,744.3595831324366,724.4487300856841,732.1067504882812,4916000,0.0,0.0
2006-06-02 00:00:00+09:00,735.1700426868556,742.8280639648438,712.1959788528914,742.8280639648438,7767500,0.0,0.0
2006-06-05 00:00:00+09:00,735.1699340566528,747.4227662909303,730.5751219687987,736.7015380859375,3771000,0.0,0.0
2006-06-06 00:00:00+09:00,725.9803345500793,730.5751467940672,716.7907100621036,724.44873046875,6011500,0.0,0.0
2006-06-07 00:00:00+09:00,716.7908581149193,732.1069020917338,709.1328361265121,712.196044921875,6135000,0.0,0.0
2006-06-08 00:00:00+09:00,713.7276774266617,713.7276774266617,686.1587971827133,699.9432373046875,6277500,0.0,0.0
2006-06-09 00:00:00+09:00,676.9690766859685,704.5379531120939,675.4374724400726,695.3483276367188,22332000,0.0,0.0
2006-06-12 00:00:00+09:00,689.2218732523555,719.8539565080158,680.0322482756575,706.0695190429688,5810500,0.0,0.0
2006-06-13 00:00:00+09:00,698.4115361285105,730.5752252923235,692.2851191449271,695.3483276367188,7688000,0.0,0.0
2006-06-14 00:00:00+09:00,693.816674536401,706.0695076407967,690.7534662603022,696.8798828125,6801000,0.0,0.0
2006-06-15 00:00:00+09:00,709.1326908294811,710.6642949133461,696.8798581585613,701.4746704101562,4475000,0.0,0.0
2006-06-16 00:00:00+09:00,716.7909077611463,722.9173257761988,709.1328852423306,710.6644897460938,6216000,0.0,0.0
2006-06-19 00:00:00+09:00,703.0064185357862,715.2592537172378,703.0064185357862,712.196044921875,2923000,0.0,0.0
2006-06-20 00:00:00+09:00,709.1326912381002,712.1958994075952,690.75344222113,693.816650390625,4542500,0.0,0.0
2006-06-21 00:00:00+09:00,701.4746952266484,701.4746952266484,684.6270497081043,696.8798828125,3927500,0.0,0.0
2006-06-22 00:00:00+09:00,704.5380462058351,716.7908817920236,699.9432328610145,715.25927734375,5424500,0.0,0.0
2006-06-23 00:00:00+09:00,712.1958974415288,735.16995864932,710.6642933610094,732.1067504882812,7368000,0.0,0.0
2006-06-26 00:00:00+09:00,724.4487777013502,741.2964236944049,724.4487777013502,738.2332153320312,4519000,0.0,0.0
2006-06-27 00:00:00+09:00,747.4228767316366,747.4228767316366,735.1700426868556,742.8280639648438,3448000,0.0,0.0
2006-06-28 00:00:00+09:00,727.511962890625,733.6383794202303,719.8539422286185,727.511962890625,4206000,0.0,0.0
2006-06-29 00:00:00+09:00,729.0437738510548,739.7650058194527,727.5121692841408,730.5753784179688,4913000,0.0,0.0
2006-06-30 00:00:00+09:00,745.8912699998027,764.270521005958,742.8280614987768,758.1441040039062,7725500,0.0,0.0
2006-07-03 00:00:00+09:00,764.2704958015656,764.2704958015656,756.61247480155,762.7388916015625,3104500,0.0,0.0
2006-07-04 00:00:00+09:00,770.3969981689453,773.4602069091796,764.2705806884766,765.8021850585938,3341500,0.0,0.0
2006-07-05 00:00:00+09:00,750.4858892649291,764.2703239657135,750.4858892649291,756.6123046875,2758000,0.0,0.0
2006-07-06 00:00:00+09:00,752.0176154522857,755.0808236618673,739.7647826139591,741.29638671875,2948500,0.0,0.0
2006-07-07 00:00:00+09:00,752.0176391601562,756.6124516193833,745.8912225478535,752.0176391601562,3101000,0.0,0.0
2006-07-10 00:00:00+09:00,742.828132875504,765.8021988407257,739.7649240801411,759.67578125,3958000,0.0,0.0
2006-07-11 00:00:00+09:00,765.8021714952257,774.9917975531683,761.2073584662543,771.9285888671875,4590500,0.0,0.0
2006-07-12 00:00:00+09:00,764.2705450230682,768.8653579189984,756.612523529851,761.2073364257812,3810000,0.0,0.0
2006-07-13 00:00:00+09:00,748.9544785008286,771.9285422585227,748.9544785008286,758.1441040039062,4991000,0.0,0.0
2006-07-14 00:00:00+09:00,750.4860720020131,767.333718516344,744.359655087711,748.9544677734375,7850500,0.0,0.0
2006-07-17 00:00:00+09:00,748.9544677734375,748.9544677734375,748.9544677734375,748.9544677734375,0,0.0,0.0
2006-07-18 00:00:00+09:00,745.8911995459698,750.4860118635014,733.6383666992188,733.6383666992188,5619000,0.0,0.0
2006-07-19 00:00:00+09:00,732.1067636323128,732.1067636323128,713.7275143361042,718.3223266601562,5972000,0.0,0.0
2006-07-20 00:00:00+09:00,727.5119497756327,747.4228031379132,725.980345670842,741.29638671875,4817500,0.0,0.0
2006-07-21 00:00:00+09:00,733.6383178710937,739.7647338867188,730.5751098632812,735.169921875,3220000,0.0,0.0
2006-07-24 00:00:00+09:00,733.6383178710937,739.7647338867188,721.3854858398437,735.169921875,3647500,0.0,0.0
2006-07-25 00:00:00+09:00,745.8912232952354,753.5492440682871,742.8280149860148,744.359619140625,3546500,0.0,0.0
2006-07-26 00:00:00+09:00,745.8911990331225,753.5492195570764,736.7015744043775,741.29638671875,3607500,0.0,0.0
2006-07-27 00:00:00+09:00,744.3596183947778,753.5492433132318,732.1067851701724,752.0176391601562,5513000,0.0,0.0
2006-07-28 00:00:00+09:00,752.0177324083116,771.9285888671875,742.8281063503689,771.9285888671875,5386500,0.0,0.0
2006-07-31 00:00:00+09:00,790.3077385549125,799.4973634218301,782.6497178324812,797.9657592773438,9246500,0.0,0.0
2006-08-01 00:00:00+09:00,790.3078359262103,805.6238792581136,785.7130229266393,794.9026489257812,4614000,0.0,0.0
2006-08-02 00:00:00+09:00,796.4341773056402,824.0030526739124,787.2445521828828,816.3450317382812,10537000,0.0,0.0
2006-08-03 00:00:00+09:00,822.4714119389372,822.4714119389372,808.6869748673348,811.7501831054688,4994500,0.0,0.0
2006-08-04 00:00:00+09:00,813.2818616279632,814.8134658871495,799.4974232952858,805.6238403320312,2400000,0.0,0.0
2006-08-07 00:00:00+09:00,807.1553601216713,808.6869642205739,787.2445068359375,787.2445068359375,3027000,0.0,0.0
2006-08-08 00:00:00+09:00,802.5606068717509,813.2818363528621,797.965794236989,810.2186279296875,5212500,0.0,0.0
2006-08-09 00:00:00+09:00,810.2186365530031,836.2559084271072,802.5606154135608,834.7243041992188,6028000,0.0,0.0
2006-08-10 00:00:00+09:00,828.5977780987693,850.0402344636173,827.0661740727087,843.913818359375,8654500,0.0,0.0
2006-08-11 00:00:00+09:00,850.0404467503669,850.0404467503669,825.5347762134194,831.6611938476562,6622500,0.0,0.0
2006-08-14 00:00:00+09:00,833.1927459386281,851.5719976872743,831.6611416262409,848.5087890625,3533500,0.0,0.0
2006-08-15 00:00:00+09:00,840.8506103072539,851.5718384896778,840.8506103072539,843.913818359375,3003500,0.0,0.0
2006-08-16 00:00:00+09:00,851.5717163085938,854.6349239212146,850.0401125022834,851.5717163085938,3267000,0.0,0.0
2006-08-17 00:00:00+09:00,856.166846448258,860.7616595776761,851.5720333188398,853.1036376953125,4298500,0.0,0.0
2006-08-18 00:00:00+09:00,851.57193544555,862.2931648486415,851.57193544555,856.166748046875,3007500,0.0,0.0
2006-08-21 00:00:00+09:00,851.5719976872743,860.7616235615975,842.3823718129512,848.5087890625,3113500,0.0,0.0
2006-08-22 00:00:00+09:00,850.040428942367,857.6984508247307,836.2559895541125,853.1036376953125,3873000,0.0,0.0
2006-08-23 00:00:00+09:00,845.4453010833521,854.6349239212146,842.3820934707313,851.5717163085938,2516500,0.0,0.0
2006-08-24 00:00:00+09:00,850.0403965220733,850.0403965220733,830.129540387322,833.1927490234375,4209000,0.0,0.0
2006-08-25 00:00:00+09:00,824.0030746039994,842.3823253386611,813.2818450087801,834.7243041992188,4816500,0.0,0.0
2006-08-28 00:00:00+09:00,824.0031022380169,833.1927279135338,813.2818722832471,814.8134765625,4227500,0.0,0.0
2006-08-29 00:00:00+09:00,830.1295179654766,831.6611222421657,817.876683751964,822.4714965820312,3117000,0.0,0.0
2006-08-30 00:00:00+09:00,819.4082894002585,825.5347065172697,807.1554551662359,814.8134765625,3295000,0.0,0.0
2006-08-31 00:00:00+09:00,807.1555118349646,836.2559951838532,807.1555118349646,830.1295776367188,5796000,0.0,0.0
2006-09-01 00:00:00+09:00,828.5977661132812,831.6609741210938,819.4081420898438,827.066162109375,2541000,0.0,0.0
2006-09-04 00:00:00+09:00,834.7243371232009,854.6351928710938,828.5979199700031,854.6351928710938,4984000,0.0,0.0
2006-09-05 00:00:00+09:00,851.5720333188398,854.6352420717852,845.4456158129489,853.1036376953125,3525500,0.0,0.0
2006-09-06 00:00:00+09:00,850.040428942367,859.2300552012034,848.5088245658943,853.1036376953125,4334500,0.0,0.0
2006-09-07 00:00:00+09:00,853.1036051581888,853.1036051581888,828.5979360692642,833.1927490234375,3330000,0.0,0.0
2006-09-08 00:00:00+09:00,824.0030968707541,850.0403694484545,820.9398883322011,845.445556640625,12296000,0.0,0.0
2006-09-11 00:00:00+09:00,840.8507722136262,843.9139808555702,825.5347290039062,825.5347290039062,3245500,0.0,0.0
2006-09-12 00:00:00+09:00,827.0663107965225,833.1927279135338,814.8134765625,814.8134765625,3931500,0.0,0.0
2006-09-13 00:00:00+09:00,830.1294826803226,831.6610868919098,808.6870237181001,810.2186279296875,2794000,0.0,0.0
2006-09-14 00:00:00+09:00,814.8134987571023,828.5979376458503,811.7502901151582,825.5347290039062,3139500,0.0,0.0
2006-09-15 00:00:00+09:00,817.8766744055222,825.5346957014541,799.4974232952858,805.6238403320312,4380000,0.0,0.0
2006-09-18 00:00:00+09:00,805.6238403320312,805.6238403320312,805.6238403320312,805.6238403320312,0,0.0,0.0
2006-09-19 00:00:00+09:00,805.6238152949255,820.9398574107987,805.6238152949255,810.2186279296875,3593000,0.0,0.0
2006-09-20 00:00:00+09:00,811.7501220703125,811.7501220703125,799.4972900390625,804.0921020507812,3425500,0.0,0.0
2006-09-21 00:00:00+09:00,810.2186279296875,811.7502321412749,802.5606068717509,810.2186279296875,3810000,0.0,0.0
2006-09-22 00:00:00+09:00,805.6238912729117,808.687099984976,793.3710564246545,796.4342651367188,3369500,0.0,0.0
2006-09-25 00:00:00+09:00,794.902668926002,824.0031519888036,785.7130426956436,813.2819213867188,5164500,0.0,0.0
2006-09-26 00:00:00+09:00,810.2071777577601,820.968942927218,799.4454125883022,802.5202026367188,3253500,4.0,0.0
2006-09-27 00:00:00+09:00,810.2070054972482,827.1183471679688,805.5948214052336,827.1183471679688,3708000,0.0,0.0
2006-09-28 00:00:00+09:00,842.4923526539521,842.4923526539521,825.5810098087086,836.3427734375,3543500,0.0,0.0
2006-09-29 00:00:00+09:00,834.8054591187644,837.8802490234375,825.5810894047448,837.8802490234375,2623000,0.0,0.0
2006-10-02 00:00:00+09:00,839.4174791346483,851.7166363380863,836.3426898337887,844.0296630859375,4516500,0.0,0.0
2006-10-03 00:00:00+09:00,845.5672827950359,848.6420729142906,839.4177025565266,842.4924926757812,3012500,0.0,0.0
2006-10-04 00:00:00+09:00,845.5670577363672,864.0157935415243,840.954873785078,844.0296630859375,6108500,0.0,0.0
2006-10-05 00:00:00+09:00,864.0158657020246,876.3150239326584,856.3288918078784,873.240234375,7342500,0.0,0.0
2006-10-06 00:00:00+09:00,882.4644974949049,891.688865064538,876.3149191151495,884.0018920898438,8296500,0.0,0.0
2006-10-09 00:00:00+09:00,884.0018920898438,884.0018920898438,884.0018920898438,884.0018920898438,0,0.0,0.0
2006-10-10 00:00:00+09:00,882.4646760871611,902.4508098661387,874.7777015567852,893.2264404296875,5590500,0.0,0.0
2006-10-11 00:00:00+09:00,896.301025390625,902.4506036094285,890.1514471718214,896.301025390625,5173000,0.0,0.0
2006-10-12 00:00:00+09:00,897.8385039332828,900.9132933303147,885.5393463451556,888.6141357421875,5264000,0.0,0.0
2006-10-13 00:00:00+09:00,890.1516658238003,907.0630100795202,890.1516658238003,903.9882202148438,9237500,0.0,0.0
2006-10-16 00:00:00+09:00,914.7500858630165,914.7500858630165,902.4509250446902,907.0631103515625,2886500,0.0,0.0
2006-10-17 00:00:00+09:00,894.7636973152227,896.3010919841491,874.7775666191782,877.8523559570312,6748500,0.0,0.0
2006-10-18 00:00:00+09:00,867.0905308979635,890.1514492729094,862.4783472229744,887.07666015625,5751000,0.0,0.0
2006-10-19 00:00:00+09:00,887.0768891987049,890.1516791092722,873.2403346011514,876.3151245117188,3471000,0.0,0.0
2006-10-20 00:00:00+09:00,879.3896665688417,891.6888227446296,874.7774830029211,890.1514282226562,3341000,0.0,0.0
2006-10-23 00:00:00+09:00,896.3012007000066,917.8247286756499,891.6890161337973,914.7499389648438,6284500,0.0,0.0
2006-10-24 00:00:00+09:00,922.4369132418592,930.1238875188748,914.7499389648438,914.7499389648438,6181500,0.0,0.0
2006-10-25 00:00:00+09:00,919.3621294978536,922.4369192286157,899.3759962479003,900.9133911132812,3485000,0.0,0.0
2006-10-26 00:00:00+09:00,916.2874977805399,919.3622880415484,910.1379172585227,913.2127075195312,2807000,0.0,0.0
2006-10-27 00:00:00+09:00,917.8247944907948,920.8995844220873,900.9134498686864,905.525634765625,3746000,0.0,0.0
2006-10-30 00:00:00+09:00,885.5392655979202,896.3010275062283,877.8522928062716,887.07666015625,4924500,0.0,0.0
2006-10-31 00:00:00+09:00,888.6140526171205,899.3758145000268,887.0766580624196,896.301025390625,3226500,0.0,0.0
2006-11-01 00:00:00+09:00,870.1653826123987,884.0019346327372,865.5531986056192,877.8523559570312,5906500,0.0,0.0
2006-11-02 00:00:00+09:00,873.2402541122035,876.3150437393591,865.5532800443144,874.7776489257812,3285000,0.0,0.0
2006-11-03 00:00:00+09:00,874.7776489257814,874.7776489257814,874.7776489257814,874.7776489257812,0,0.0,0.0
2006-11-06 00:00:00+09:00,876.3150239326584,882.4646030479753,867.0906552596831,873.240234375,2583000,0.0,0.0
2006-11-07 00:00:00+09:00,885.5393434289384,902.4506850569215,882.4645540420323,897.8385009765625,4831000,0.0,0.0
2006-11-08 00:00:00+09:00,903.9882862838273,911.6752615073292,893.2265209709246,894.763916015625,7189500,0.0,0.0
2006-11-09 00:00:00+09:00,900.9132090547276,905.5253927188304,887.0766580624196,896.301025390625,4102500,0.0,0.0
2006-11-10 00:00:00+09:00,887.0766580624196,907.0627872735313,887.0766580624196,896.301025390625,5631500,0.0,0.0
2006-11-13 00:00:00+09:00,884.0019487354854,900.9132903634686,884.0019487354854,897.8385009765625,3855500,0.0,0.0
2006-11-14 00:00:00+09:00,897.8386769801327,913.2126269284227,894.7638869904748,911.6752319335938,3606500,0.0,0.0
2006-11-15 00:00:00+09:00,914.7499449017105,914.7499449017105,900.9133911132812,900.9133911132812,2769000,0.0,0.0
2006-11-16 00:00:00+09:00,903.988322841248,919.3622739099766,900.9135326275021,902.450927734375,3947000,0.0,0.0
2006-11-17 00:00:00+09:00,903.9880827273464,910.13766152141,888.6141357421875,888.6141357421875,3301000,0.0,0.0
2006-11-20 00:00:00+09:00,884.0019995765348,885.539394358407,865.553262194068,868.6280517578125,6094500,0.0,0.0
2006-11-21 00:00:00+09:00,884.0019844673776,884.0019844673776,847.104510333087,853.2540893554688,6972000,0.0,0.0
2006-11-22 00:00:00+09:00,853.2543218703497,871.7030639648438,848.6421363467263,871.7030639648438,5540000,0.0,0.0
2006-11-23 00:00:00+09:00,871.7030639648438,871.7030639648438,871.7030639648438,871.7030639648438,0,0.0,0.0
2006-11-24 00:00:00+09:00,871.7026176452637,871.7026176452637,850.1790962219238,860.9408569335938,4825500,0.0,0.0
2006-11-27 00:00:00+09:00,860.9409925672743,887.0767012702094,859.4035979376898,885.539306640625,4263500,0.0,0.0
2006-11-28 00:00:00+09:00,871.7029396458677,877.8525194670025,865.5533598247328,876.3151245117188,4123500,0.0,0.0
2006-11-29 00:00:00+09:00,877.8523955819494,887.0767640118823,874.7776061053052,880.9271850585938,3153000,0.0,0.0
2006-11-30 00:00:00+09:00,893.2265209709246,897.8387061050257,885.5395457474226,894.763916015625,4658500,0.0,0.0
2006-12-01 00:00:00+09:00,888.6143358368234,897.8387061050257,885.5395457474226,894.763916015625,2624000,0.0,0.0
2006-12-04 00:00:00+09:00,880.927081922931,894.7636329478986,876.3148982479419,887.07666015625,3775000,0.0,0.0
2006-12-05 00:00:00+09:00,893.226279788547,897.8384636773003,882.4645173814561,885.539306640625,4000000,0.0,0.0
2006-12-06 00:00:00+09:00,888.6140758746603,890.1514704695992,879.3897083050272,884.0018920898438,3335000,0.0,0.0
2006-12-07 00:00:00+09:00,887.0768891987049,887.0768891987049,873.2403346011514,876.3151245117188,4821500,0.0,0.0
2006-12-08 00:00:00+09:00,860.9410761443661,882.4646030479753,860.9410761443661,873.240234375,15844000,0.0,0.0
2006-12-11 00:00:00+09:00,867.0906982421875,876.3150673724235,862.4785136770695,867.0906982421875,4476500,0.0,0.0
2006-12-12 00:00:00+09:00,882.4646030479753,882.4646030479753,868.6280500385122,873.240234375,2937500,0.0,0.0
2006-12-13 00:00:00+09:00,873.2401496039496,887.0767012702094,870.1653603447808,885.539306640625,4508500,0.0,0.0
2006-12-14 00:00:00+09:00,885.5392635077187,899.3758145000268,884.0018689530177,896.301025390625,4615000,0.0,0.0
2006-12-15 00:00:00+09:00,911.6752956584348,913.2126907607256,902.4509250446902,907.0631103515625,5143000,0.0,0.0
2006-12-18 00:00:00+09:00,900.9132903634686,905.5254744438276,894.7637115896565,897.8385009765625,2993500,0.0,0.0
2006-12-19 00:00:00+09:00,897.8384008325237,900.9131898764707,888.6140337006827,890.1514282226562,2277500,0.0,0.0
2006-12-20 00:00:00+09:00,894.7639495332362,911.6752956584348,888.614369124073,907.0631103515625,4469000,0.0,0.0
2006-12-21 00:00:00+09:00,907.0629705748054,908.6003654401865,897.8386013825192,900.9133911132812,3106000,0.0,0.0
2006-12-22 00:00:00+09:00,896.3012649717477,905.525634765625,896.3012649717477,905.525634765625,2500000,0.0,0.0
2006-12-25 00:00:00+09:00,905.5254944369325,908.6002838917268,897.8385207999467,899.3759155273438,2007500,0.0,0.0
2006-12-26 00:00:00+09:00,893.2263935431208,911.6751314476259,893.2263935431208,908.600341796875,2236500,0.0,0.0
2006-12-27 00:00:00+09:00,910.1377366222505,911.6751314476259,907.0629469714996,908.600341796875,1627500,0.0,0.0
2006-12-28 00:00:00+09:00,910.1375504557291,923.9741010538736,907.0627614339193,922.4367065429688,4318000,0.0,0.0
2006-12-29 00:00:00+09:00,920.8991087843107,922.4365029559038,916.2869262695312,916.2869262695312,1406000,0.0,0.0
2007-01-04 00:00:00+09:00,930.1239383885118,940.8857029649078,920.8995687516009,937.8109130859375,3921500,0.0,0.0
2007-01-05 00:00:00+09:00,933.1986036424513,957.7969193892046,931.6612089082793,947.03515625,8825500,0.0,0.0
2007-01-09 00:00:00+09:00,942.4228856646826,973.170777529762,939.3480964781746,968.55859375,7587500,0.0,0.0
2007-01-10 00:00:00+09:00,960.8717907576353,963.9465804880597,939.3482626446643,948.5726318359375,5408500,0.0,0.0
2007-01-11 00:00:00+09:00,950.1099907635468,959.3343596059112,925.5116738505747,936.2734375,4179500,0.0,0.0
2007-01-12 00:00:00+09:00,939.3485909256281,947.0355679381128,933.1990093156403,940.885986328125,7516500,0.0,0.0
2007-01-15 00:00:00+09:00,945.4978460883158,951.6474255750691,939.3482666015625,939.3482666015625,4318500,0.0,0.0
2007-01-16 00:00:00+09:00,931.6612530788177,947.0352011494252,931.6612530788177,936.2734375,4081000,0.0,0.0
2007-01-17 00:00:00+09:00,934.7360426929392,948.572595956486,919.3620946223316,936.2734375,5845000,0.0,0.0
2007-01-18 00:00:00+09:00,922.4369289867109,931.661298276578,914.7499545784883,925.51171875,9973000,0.0,0.0
2007-01-19 00:00:00+09:00,927.0487670898438,933.1983443176372,916.2870069412055,927.0487670898438,5779500,0.0,0.0
2007-01-22 00:00:00+09:00,933.198728267482,947.0352827228484,933.198728267482,937.8109130859375,4640000,0.0,0.0
2007-01-23 00:00:00+09:00,925.5113322278625,931.6609091861872,922.4365437487,923.9739379882812,5868000,0.0,0.0
2007-01-24 00:00:00+09:00,927.0491136316444,933.1986931582226,922.4369289867109,925.51171875,4715500,0.0,0.0
2007-01-25 00:00:00+09:00,931.6613003280206,933.1986952130503,916.2873514777233,920.8995361328125,4826000,0.0,0.0
2007-01-26 00:00:00+09:00,913.2125441094406,919.362123531053,908.6003595432313,914.7499389648438,4013500,0.0,0.0
2007-01-29 00:00:00+09:00,914.7500219232517,916.2874169180807,902.4508619646198,911.6752319335938,4529000,0.0,0.0
2007-01-30 00:00:00+09:00,910.1377543986345,919.362123531053,907.0629646878283,914.7499389648438,5911500,0.0,0.0
2007-01-31 00:00:00+09:00,937.810867779452,956.2596061619986,928.5864985881788,948.5726318359375,14143000,0.0,0.0
2007-02-01 00:00:00+09:00,953.1846478174604,968.55859375,948.5724640376984,968.55859375,11767000,0.0,0.0
2007-02-02 00:00:00+09:00,968.55859728827,971.6333864860105,954.7220458984375,954.7220458984375,5006000,0.0,0.0
2007-02-05 00:00:00+09:00,967.0212026893996,976.2455702826213,951.647256700697,954.7220458984375,6306000,0.0,0.0
2007-02-06 00:00:00+09:00,950.1099457183442,957.7969193892046,943.9603667816558,947.03515625,3202000,0.0,0.0
2007-02-07 00:00:00+09:00,943.9602860613568,960.8716266911205,934.735918445122,945.4976806640625,6857000,0.0,0.0
2007-02-08 00:00:00+09:00,950.1098621018267,965.4838080905294,947.0350729040862,954.7220458984375,6204000,0.0,0.0
2007-02-09 00:00:00+09:00,954.7221299208604,959.3343141233767,940.8855773133117,947.03515625,8902000,0.0,0.0
2007-02-13 00:00:00+09:00,942.4227486887286,963.9462698659589,940.8853543189264,953.1845092773438,5650500,0.0,0.0
2007-02-14 00:00:00+09:00,954.7220248349406,962.4089976596986,951.6472357050375,957.7968139648438,5757500,0.0,0.0
2007-02-15 00:00:00+09:00,963.9464935546875,971.6334671875001,959.3343093750001,960.8717041015625,8038500,0.0,0.0
2007-02-16 00:00:00+09:00,962.4092254392165,968.558805154483,950.1100660086834,951.6474609375,6058000,0.0,0.0
2007-02-19 00:00:00+09:00,948.5726318359376,959.3343958924231,947.0352369707254,948.5726318359375,3331500,0.0,0.0
2007-02-20 00:00:00+09:00,945.497761515828,951.6473404525162,934.7359983766233,947.03515625,4158500,0.0,0.0
2007-02-21 00:00:00+09:00,954.7222507951333,959.3344355815832,948.5726710798667,951.6474609375,4103500,0.0,0.0
2007-02-22 00:00:00+09:00,967.0213799499222,974.7083543533397,962.4091953078718,973.1709594726562,5582000,0.0,0.0
2007-02-23 00:00:00+09:00,973.1709635611356,973.1709635611356,954.7222249154269,963.9465942382812,6206000,0.0,0.0
2007-02-26 00:00:00+09:00,965.4838080905294,968.55859728827,951.647256700697,954.7220458984375,3830500,0.0,0.0
2007-02-27 00:00:00+09:00,939.3485909256281,951.6477541456036,937.8111955231311,940.885986328125,5183500,0.0,0.0
2007-02-28 00:00:00+09:00,925.5114955647786,931.6610736083984,899.3757888793945,922.4367065429688,12201000,0.0,0.0
2007-03-01 00:00:00+09:00,916.2872512791823,927.0490142975619,908.6002776946254,917.8246459960938,8096000,0.0,0.0
2007-03-02 00:00:00+09:00,908.6003654401865,914.7499449017105,899.3759962479003,900.9133911132812,6611000,0.0,0.0
2007-03-05 00:00:00+09:00,890.1516791092722,891.6890740645559,868.6281497353002,876.3151245117188,8474000,0.0,0.0
2007-03-06 00:00:00+09:00,874.7776291538291,879.3898134903169,867.0906552596831,873.240234375,8327500,0.0,0.0
2007-03-07 00:00:00+09:00,874.777509044498,876.3149036122387,859.4035633670902,864.0157470703125,8451000,0.0,0.0
2007-03-08 00:00:00+09:00,879.3898100636977,891.6889682464067,868.6280466538273,882.464599609375,10783000,0.0,0.0
2007-03-09 00:00:00+09:00,897.8385069520324,902.4506910630873,877.8523758041275,879.3897705078125,20601000,0.0,0.0
2007-03-12 00:00:00+09:00,907.0628691372807,914.7498426045457,896.3011062831096,897.8385009765625,9777500,0.0,0.0
2007-03-13 00:00:00+09:00,903.988322841248,905.5257179481208,896.3013473068836,902.450927734375,6629500,0.0,0.0
2007-03-14 00:00:00+09:00,887.0768074344039,890.1515970615595,868.62806967147,874.7776489257812,7693000,0.0,0.0
2007-03-15 00:00:00+09:00,880.9271452948842,893.2263026462962,877.8523559570311,877.8523559570312,7789500,0.0,0.0
2007-03-16 00:00:00+09:00,879.3897083050272,902.4506272291101,874.7775245202106,884.0018920898438,6930500,0.0,0.0
2007-03-19 00:00:00+09:00,894.7636308359241,907.0627872735313,888.6140526171205,896.301025390625,6928500,0.0,0.0
2007-03-20 00:00:00+09:00,907.0629025462479,930.1238237974237,905.5255077961694,919.362060546875,6987000,0.0,0.0
2007-03-22 00:00:00+09:00,934.7361232069671,939.3483080254226,927.0491485095415,937.8109130859375,4973500,0.0,0.0
2007-03-23 00:00:00+09:00,939.3482666015625,942.4230563449391,936.2734768581859,939.3482666015625,4333000,0.0,0.0
2007-03-26 00:00:00+09:00,937.8108717298742,945.4978460883158,933.1986871148092,939.3482666015625,2729500,0.0,0.0
2007-03-27 00:00:00+09:00,931.6235389898632,940.8934249499613,930.0785579965134,934.7135009765625,3462500,6.0,0.0
2007-03-28 00:00:00+09:00,930.0785012661528,947.0732911563981,930.0785012661528,937.8034057617188,5238500,0.0,0.0
2007-03-29 00:00:00+09:00,923.8985070516896,933.168391737827,913.0836415845293,930.0784301757812,5221500,0.0,0.0
2007-03-30 00:00:00+09:00,923.8985006749531,930.078423756391,920.8085391342343,925.4434814453125,4944000,0.0,0.0
2007-04-02 00:00:00+09:00,926.9881485292576,940.8929707571964,917.7182670439649,920.8082275390625,4996000,0.0,0.0
2007-04-03 00:00:00+09:00,928.5334620224802,942.438289240787,925.4435004184121,939.3483276367188,5957500,0.0,0.0
2007-04-04 00:00:00+09:00,943.9832326861306,962.5230015768566,942.4382519452367,956.3430786132812,8155000,0.0,0.0
2007-04-05 00:00:00+09:00,950.163081357374,954.798023217654,939.348217016721,947.0731201171875,3845500,0.0,0.0
2007-04-06 00:00:00+09:00,940.8932517129866,950.1631359663165,940.8932517129866,942.438232421875,1977000,0.0,0.0
2007-04-09 00:00:00+09:00,951.708305408752,954.7982674392999,943.9834003323823,945.5283813476562,3736500,0.0,0.0
2007-04-10 00:00:00+09:00,939.3483276367188,945.528250844855,934.7133852306166,939.3483276367188,2638000,0.0,0.0
2007-04-11 00:00:00+09:00,940.892992234388,940.892992234388,931.6231105374974,933.1680908203125,2538000,0.0,0.0
2007-04-12 00:00:00+09:00,930.0784301757812,933.168391737827,922.3535262706667,930.0784301757812,2961500,0.0,0.0
2007-04-13 00:00:00+09:00,936.2580407714843,937.8030210367838,922.353218383789,926.9881591796875,5479000,0.0,0.0
2007-04-16 00:00:00+09:00,942.4381222608613,956.3429470155297,942.4381222608613,950.1630249023438,6589500,0.0,0.0
2007-04-17 00:00:00+09:00,956.3430588018698,960.9780009285348,940.8932517129866,942.438232421875,5993500,0.0,0.0
2007-04-18 00:00:00+09:00,947.0731155220693,950.1630767472637,939.3482124590835,943.983154296875,3865000,0.0,0.0
2007-04-19 00:00:00+09:00,936.2579818954086,940.8929223998414,916.1732397095336,928.5330810546875,5747000,0.0,0.0
2007-04-20 00:00:00+09:00,936.2583532998727,936.2583532998727,926.9884686137354,930.0784301757812,4354000,0.0,0.0
2007-04-23 00:00:00+09:00,937.8034057617189,945.5283102572848,931.623482165266,937.8034057617188,4025500,0.0,0.0
2007-04-24 00:00:00+09:00,931.6232444124269,942.4381079462361,930.0782639075969,940.8931274414062,3674500,0.0,0.0
2007-04-25 00:00:00+09:00,934.7130497670014,937.803010262099,919.2632472915137,920.8082275390625,4361500,0.0,0.0
2007-04-26 00:00:00+09:00,936.2583532998727,937.8033340808956,928.5334493947583,930.0784301757812,3737500,0.0,0.0
2007-04-27 00:00:00+09:00,919.263660061744,928.5335457094254,906.903812531502,909.9937744140625,6285000,0.0,0.0
2007-05-01 00:00:00+09:00,900.7236108015638,902.2685912660605,885.2738061565971,886.8187866210938,7658500,0.0,0.0
2007-05-02 00:00:00+09:00,889.90869140625,899.1785736083984,885.2737503051758,889.90869140625,5251500,0.0,0.0
2007-05-07 00:00:00+09:00,902.2686744545991,905.3586356684847,899.1787132407135,900.7236938476562,5827000,0.0,0.0
2007-05-08 00:00:00+09:00,897.6336669921875,897.6336669921875,891.4537450163376,897.6336669921875,4383500,0.0,0.0
2007-05-09 00:00:00+09:00,874.4590431415929,877.5490044247788,869.8241012168141,872.9140625,8152500,0.0,0.0
2007-05-10 00:00:00+09:00,930.0781885656353,936.2581100843439,926.9882278062811,931.6231689453125,13055000,0.0,0.0
2007-05-11 00:00:00+09:00,916.1735968231559,925.4434814453126,916.1735968231559,925.4434814453125,6871500,0.0,0.0
2007-05-14 00:00:00+09:00,928.5331287768063,928.5331287768063,919.2632472915137,920.8082275390625,2779000,0.0,0.0
2007-05-15 00:00:00+09:00,906.9036799391655,908.4486606545644,900.7237570775698,902.2687377929688,6057000,0.0,0.0
2007-05-16 00:00:00+09:00,894.5436987431405,899.1786401874054,892.9987182617188,892.9987182617188,4559000,0.0,0.0
2007-05-17 00:00:00+09:00,896.0887287133235,896.0887287133235,883.7288841793467,885.2738647460938,4545000,0.0,0.0
2007-05-18 00:00:00+09:00,879.0938769873304,883.7288183422723,877.5488965356831,882.183837890625,4065000,0.0,0.0
2007-05-21 00:00:00+09:00,883.7291778618277,886.8191400221837,876.0042724609376,876.0042724609375,4396500,0.0,0.0
2007-05-22 00:00:00+09:00,877.5488965356831,886.818779245567,876.0039160840357,882.183837890625,4562000,0.0,0.0
2007-05-23 00:00:00+09:00,889.90875487435,900.723618214837,886.8187939199253,891.4537353515625,4652500,0.0,0.0
2007-05-24 00:00:00+09:00,889.908747550087,894.5436889435771,886.8187866210938,886.8187866210938,2233500,0.0,0.0
2007-05-25 00:00:00+09:00,880.6390380859375,882.1840188545093,876.0040957802221,880.6390380859375,3359500,0.0,0.0
2007-05-28 00:00:00+09:00,886.818779245567,888.3637596972144,880.6388574389778,882.183837890625,1979500,0.0,0.0
2007-05-29 00:00:00+09:00,885.2737503051758,894.5436325073242,885.2737503051758,889.90869140625,2586000,0.0,0.0
2007-05-30 00:00:00+09:00,889.908747550087,891.4537280145837,882.1838452276037,886.8187866210938,3459500,0.0,0.0
2007-05-31 00:00:00+09:00,896.088686498225,900.7236279801124,894.5437060042626,897.6336669921875,3204500,0.0,0.0
2007-06-01 00:00:00+09:00,897.6335396511361,902.2684804754965,892.9985988267756,894.5435791015625,3049000,0.0,0.0
2007-06-04 00:00:00+09:00,879.0939918840436,880.6389725376183,874.4590499233193,877.5490112304688,5658000,0.0,0.0
2007-06-05 00:00:00+09:00,882.1839554557063,885.2739167707875,876.0040328255437,879.093994140625,3000000,0.0,0.0
2007-06-06 00:00:00+09:00,879.0939850663717,880.6389657079646,871.3690818584071,872.9140625,4847500,0.0,0.0
2007-06-07 00:00:00+09:00,868.2791183147025,872.9140602274144,868.2791183147025,871.3690795898438,3772500,0.0,0.0
2007-06-08 00:00:00+09:00,865.1890258789062,869.8239670889718,863.644045475551,865.1890258789062,15611000,0.0,0.0
2007-06-11 00:00:00+09:00,871.3689525237711,874.4589133483234,863.6440504623902,868.2789916992188,2945000,0.0,0.0
2007-06-12 00:00:00+09:00,871.3690396453698,889.9088064463351,869.8240590786227,885.2738647460938,8008500,0.0,0.0
2007-06-13 00:00:00+09:00,874.4592895507812,879.0942327816157,874.4592895507812,874.4592895507812,4649500,0.0,0.0
2007-06-14 00:00:00+09:00,880.6389747981657,882.1839554557063,877.5490134830844,879.093994140625,3944000,0.0,0.0
2007-06-15 00:00:00+09:00,880.6389725376183,888.3638758054922,877.5490112304688,877.5490112304688,3358000,0.0,0.0
2007-06-18 00:00:00+09:00,883.7289996230811,886.8189611602248,879.0940573173657,880.6390380859375,3072000,0.0,0.0
2007-06-19 00:00:00+09:00,880.6390380859375,882.1840188545093,876.0040957802221,880.6390380859375,2424000,0.0,0.0
2007-06-20 00:00:00+09:00,894.5435791015625,899.178519925923,891.4536185519888,894.5435791015625,7116500,0.0,0.0
2007-06-21 00:00:00+09:00,908.4487934727823,919.263660061744,906.903812531502,909.9937744140625,9820000,0.0,0.0
2007-06-22 00:00:00+09:00,906.9036951984851,914.6285989054569,903.8137337156963,913.0836181640625,3946000,0.0,0.0
2007-06-25 00:00:00+09:00,905.358579143296,909.9935206747463,902.268618122329,903.8135986328125,3041500,0.0,0.0
2007-06-26 00:00:00+09:00,896.0887451171875,899.1787063072468,894.5437645221579,896.0887451171875,2584000,0.0,0.0
2007-06-27 00:00:00+09:00,903.8137185083676,906.9036799391655,900.7237570775698,902.2687377929688,3906000,0.0,0.0
2007-06-28 00:00:00+09:00,905.358579143296,906.9035596537794,902.268618122329,903.8135986328125,2591000,0.0,0.0
2007-06-29 00:00:00+09:00,919.263403737647,919.263403737647,902.268618122329,903.8135986328125,3815000,0.0,0.0
2007-07-02 00:00:00+09:00,905.358562113092,906.9035425945137,892.9987182617188,892.9987182617188,3619500,0.0,0.0
2007-07-03 00:00:00+09:00,899.1787426886534,899.1787426886534,877.5490134830844,879.093994140625,6412000,0.0,0.0
2007-07-04 00:00:00+09:00,872.9138689500126,874.4588492490391,862.0990068568266,866.7339477539062,6897500,0.0,0.0
2007-07-05 00:00:00+09:00,863.6441558013091,868.2790976034629,857.4642333984375,857.4642333984375,5036500,0.0,0.0
2007-07-06 00:00:00+09:00,857.4641576881617,857.4641576881617,845.1043139737377,848.1942749023438,5133500,0.0,0.0
2007-07-09 00:00:00+09:00,852.8292869857594,857.464228762856,849.7393258010284,854.374267578125,4702000,0.0,0.0
2007-07-10 00:00:00+09:00,855.9193026455965,859.0092640269886,846.6494185014204,849.7393798828125,4475500,0.0,0.0
2007-07-11 00:00:00+09:00,849.739611434234,849.739611434234,835.8347814289465,838.9247436523438,5506500,0.0,0.0
2007-07-12 00:00:00+09:00,846.6493436027977,852.8292658188765,837.3794602786794,840.4694213867188,3832000,0.0,0.0
2007-07-13 00:00:00+09:00,859.00928171903,862.0992431640625,852.829358828965,862.0992431640625,7939000,0.0,0.0
2007-07-17 00:00:00+09:00,846.6494750976562,849.739436685604,845.1044943036825,846.6494750976562,3557500,0.0,0.0
2007-07-18 00:00:00+09:00,842.0144019407385,845.1043630487779,838.9244408326991,840.4694213867188,3421000,0.0,0.0
2007-07-19 00:00:00+09:00,842.0145327157348,846.6494750976562,842.0145327157348,846.6494750976562,2626000,0.0,0.0
2007-07-20 00:00:00+09:00,843.5595135097086,851.2844174795778,843.5595135097086,846.6494750976562,2663000,0.0,0.0
2007-07-23 00:00:00+09:00,834.2894777672312,840.4693998247664,821.9296336521612,826.5645751953125,3498500,0.0,0.0
2007-07-24 00:00:00+09:00,832.7445044535244,837.3794460367536,831.1995239257812,831.1995239257812,3724500,0.0,0.0
2007-07-25 00:00:00+09:00,820.3845723277025,820.3845723277025,811.114690154508,814.2046508789062,5976000,0.0,0.0
2007-07-26 00:00:00+09:00,812.6598994328425,820.3848034198468,803.3900146484375,803.3900146484375,5012000,0.0,0.0
2007-07-27 00:00:00+09:00,792.5752563476562,797.2101993672331,784.8503513150281,792.5752563476562,4688500,0.0,0.0
2007-07-30 00:00:00+09:00,784.8502197265625,786.3952004740557,763.2204892616572,784.8502197265625,6755500,0.0,0.0
2007-07-31 00:00:00+09:00,775.5803791503906,778.6703408203125,770.9454366455078,772.4904174804688,4388500,0.0,0.0
2007-08-01 00:00:00+09:00,826.5646106050215,826.5646106050215,798.754960154759,809.56982421875,13147000,0.0,0.0
2007-08-02 00:00:00+09:00,818.839670245567,829.6545338148482,808.0248066762861,825.0195922851562,11042500,0.0,0.0
2007-08-03 00:00:00+09:00,835.8344679002638,846.6493316254058,828.1095652394481,832.7445068359375,8350000,0.0,0.0
2007-08-06 00:00:00+09:00,820.3846602315797,831.1995239257812,811.1147770651212,831.1995239257812,5450000,0.0,0.0
2007-08-07 00:00:00+09:00,809.56982421875,814.2047659604603,797.2099795741889,809.56982421875,6768500,0.0,0.0
2007-08-08 00:00:00+09:00,800.2999966793134,812.6598421878741,800.2999966793134,806.4799194335938,4358000,0.0,0.0
2007-08-09 00:00:00+09:00,795.6652183607075,797.2101993672331,780.2154082954511,792.5752563476562,11506000,0.0,0.0
2007-08-10 00:00:00+09:00,758.5857630083638,766.3106689453125,746.2259135092459,766.3106689453125,13970500,0.0,0.0
2007-08-13 00:00:00+09:00,795.6650299848643,797.2100106256115,784.8501654996331,789.485107421875,7134500,0.0,0.0
2007-08-14 00:00:00+09:00,777.1253159890964,792.5751234640287,777.1253159890964,784.8502197265625,2743500,0.0,0.0
2007-08-15 00:00:00+09:00,774.0353523570404,784.8502175596338,774.0353523570404,783.3052368164062,3994000,0.0,0.0
2007-08-16 00:00:00+09:00,772.4903694725791,786.3951961230855,767.8554272557436,781.76025390625,7581500,0.0,0.0
2007-08-17 00:00:00+09:00,783.3054620065997,792.5753491309382,764.7656877579228,766.3106689453125,6900000,0.0,0.0
2007-08-20 00:00:00+09:00,764.7653344434178,792.574982968633,764.7653344434178,774.0352172851562,6775000,0.0,0.0
2007-08-21 00:00:00+09:00,769.4003319138277,781.7601766032064,766.310370741483,770.9453125,4095000,0.0,0.0
2007-08-22 00:00:00+09:00,791.0301682692308,806.4799762432392,784.8502450796274,803.3900146484375,5917500,0.0,0.0
2007-08-23 00:00:00+09:00,815.7495442708333,835.8342868381077,815.7495442708333,834.289306640625,8894000,0.0,0.0
2007-08-24 00:00:00+09:00,823.4747904153695,831.1996946406543,812.6599244999707,821.9298095703125,4321500,0.0,0.0
2007-08-27 00:00:00+09:00,829.6545882575256,829.6545882575256,812.6598015334422,820.3847045898438,3839000,0.0,0.0
2007-08-28 00:00:00+09:00,806.4799282523616,818.8397738960758,806.4799282523616,812.6598510742188,1987000,0.0,0.0
2007-08-29 00:00:00+09:00,798.7549485517145,803.3898902260959,792.5750263192061,801.8449096679688,4468500,0.0,0.0
2007-08-30 00:00:00+09:00,815.74970684803,826.564570385788,812.659745837242,823.474609375,4727000,0.0,0.0
2007-08-31 00:00:00+09:00,851.2842022487096,865.1890258789062,849.7392218453543,865.1890258789062,9424000,0.0,0.0
2007-09-03 00:00:00+09:00,857.4643491662067,862.0992915941321,851.2844259289727,852.8294067382812,2924500,0.0,0.0
2007-09-04 00:00:00+09:00,838.9246787813366,848.1945647347217,835.834716796875,835.834716796875,4603000,0.0,0.0
2007-09-05 00:00:00+09:00,832.744492407364,840.469394934334,823.474609375,823.474609375,3809000,0.0,0.0
2007-09-06 00:00:00+09:00,820.3846741844627,840.4694213867188,812.6597714143642,840.4694213867188,4245000,0.0,0.0
2007-09-07 00:00:00+09:00,825.0195946809287,834.2894777672312,817.2946921090099,826.5645751953125,5130500,0.0,0.0
2007-09-10 00:00:00+09:00,798.7550722562349,814.2048802302434,792.5751490666316,803.3900146484375,5558000,0.0,0.0
2007-09-11 00:00:00+09:00,798.7548852868982,803.3898265941723,791.0299831081081,800.2998657226562,3652500,0.0,0.0
2007-09-12 00:00:00+09:00,809.5699292559956,809.5699292559956,787.9401983216751,797.2100830078125,5218000,0.0,0.0
2007-09-13 00:00:00+09:00,789.4851554039682,791.0301361386139,778.670290261448,780.2152709960938,6177500,0.0,0.0
2007-09-14 00:00:00+09:00,781.7603893019767,795.6652183607075,777.1254462823998,792.5752563476562,17765000,0.0,0.0
2007-09-18 00:00:00+09:00,769.4002586704516,774.0351999877436,763.2203369140625,763.2203369140625,8051000,0.0,0.0
2007-09-19 00:00:00+09:00,789.485179102698,803.390006131904,787.9401983216751,797.2100830078125,7177500,0.0,0.0
2007-09-20 00:00:00+09:00,766.3102977922571,770.945239109549,761.6753564749653,763.2203369140625,9751500,0.0,0.0
2007-09-21 00:00:00+09:00,761.6753638284787,772.4902270065706,758.5854029204523,767.8552856445312,6020500,0.0,0.0
2007-09-25 00:00:00+09:00,776.3957120934311,777.9485035176181,759.3150064273757,760.8677978515625,4964500,5.0,0.0
2007-09-26 00:00:00+09:00,762.4206360592785,784.1597173318445,759.3150530203405,779.5013427734375,4169500,0.0,0.0
2007-09-27 00:00:00+09:00,781.0540878090885,818.3210820584287,777.9485049549769,809.0043334960938,7670000,0.0,0.0
2007-09-28 00:00:00+09:00,805.8987143039703,812.109879732132,790.3708007335663,795.0291748046875,6075500,0.0,0.0
2007-10-01 00:00:00+09:00,779.5012612342834,801.2403402328491,777.948469877243,795.0291748046875,5934500,0.0,0.0
2007-10-02 00:00:00+09:00,810.5571446872029,821.426684941629,799.6876044327768,816.768310546875,5849500,0.0,0.0
2007-10-03 00:00:00+09:00,812.1100648822206,822.9796068596116,801.2405229048295,819.8740234375,4948000,0.0,0.0
2007-10-04 00:00:00+09:00,810.5570440777278,829.1905393438825,809.0042528055483,824.5321655273438,5337500,0.0,0.0
2007-10-05 00:00:00+09:00,824.5323561906367,832.2963143468575,821.4267729281485,827.637939453125,3952500,0.0,0.0
2007-10-09 00:00:00+09:00,809.0044251083166,810.5572167112116,793.4765090793662,796.5820922851562,7548000,0.0,0.0
2007-10-10 00:00:00+09:00,796.5821036405341,801.240478515625,791.9237287654432,801.240478515625,5142500,0.0,0.0
2007-10-11 00:00:00+09:00,807.4517359707139,849.3771145691933,805.8989441707703,840.0603637695312,10798000,0.0,0.0
2007-10-12 00:00:00+09:00,838.5432448876865,841.6130981445312,838.5432448876865,841.6130981445312,6611500,0.0,0.0
2007-10-15 00:00:00+09:00,844.7184132543103,857.1407428609913,844.7184132543103,855.5879516601562,4812000,0.0,0.0
2007-10-16 00:00:00+09:00,853.5775239161327,853.5775239161327,846.2714233398438,846.2714233398438,2902000,0.0,0.0
2007-10-17 00:00:00+09:00,843.9233491378291,843.9233491378291,833.848876953125,833.848876953125,6851000,0.0,0.0
2007-10-18 00:00:00+09:00,826.0851325078842,849.3770065447607,822.9795493029674,846.2714233398438,4389500,0.0,0.0
2007-10-19 00:00:00+09:00,831.7123824359103,831.7123824359103,829.1906127929688,829.1906127929688,5161500,0.0,0.0
2007-10-22 00:00:00+09:00,791.9236277984794,810.5571249231496,782.6068792361444,809.0043334960938,4169500,0.0,0.0
2007-10-23 00:00:00+09:00,809.1688054156298,809.1688054156298,798.1346435546875,798.1346435546875,4057500,0.0,0.0
2007-10-24 00:00:00+09:00,796.5821853486617,799.6877689172725,781.054267505608,784.1598510742188,8546500,0.0,0.0
2007-10-25 00:00:00+09:00,784.1596353054047,795.0291748046875,784.1596353054047,795.0291748046875,8422000,0.0,0.0
2007-10-26 00:00:00+09:00,791.5789760785534,802.793212890625,791.5789760785534,802.793212890625,4110500,0.0,0.0
2007-10-29 00:00:00+09:00,799.6876944170035,810.5572358945162,798.1349027773589,804.3460693359375,3828000,0.0,0.0
2007-10-30 00:00:00+09:00,795.2467478707547,810.5572509765625,795.2467478707547,810.5572509765625,4619000,0.0,0.0
2007-10-31 00:00:00+09:00,809.0041590265745,819.8736966718451,804.3457857500299,812.1097412109375,3720000,0.0,0.0
2007-11-01 00:00:00+09:00,812.1906109677126,812.1906109677126,765.526123046875,765.526123046875,14554500,0.0,0.0
2007-11-02 00:00:00+09:00,750.1597834701236,750.1597834701236,748.4454956054688,748.4454956054688,8915500,0.0,0.0
2007-11-05 00:00:00+09:00,742.2343218485514,757.7622365315756,739.1287389119466,745.3399047851562,9329000,0.0,0.0
2007-11-06 00:00:00+09:00,745.339725994023,746.8925170898438,745.339725994023,746.8925170898438,6385500,0.0,0.0
2007-11-07 00:00:00+09:00,748.4454877217611,748.4454877217611,745.3399047851562,745.3399047851562,5105000,0.0,0.0
2007-11-08 00:00:00+09:00,745.3401174363057,745.3401174363057,731.364990234375,731.364990234375,7457000,0.0,0.0
2007-11-09 00:00:00+09:00,730.7794600661625,730.7794600661625,712.7313842773438,712.7313842773438,9187500,0.0,0.0
2007-11-12 00:00:00+09:00,712.7311845381182,712.7311845381182,706.52001953125,706.52001953125,8245000,0.0,0.0
2007-11-13 00:00:00+09:00,706.5199985080295,706.5199985080295,698.7560424804688,698.7560424804688,8490500,0.0,0.0
2007-11-14 00:00:00+09:00,698.7560673763877,708.0728149414062,698.7560673763877,708.0728149414062,5641500,0.0,0.0
2007-11-15 00:00:00+09:00,706.5200684133885,706.5200684133885,701.8616943359375,701.8616943359375,4273000,0.0,0.0
2007-11-16 00:00:00+09:00,701.8617592784217,703.41455078125,701.8617592784217,703.41455078125,3965000,0.0,0.0
2007-11-19 00:00:00+09:00,703.4143973972486,714.283935546875,703.4143973972486,714.283935546875,7771500,0.0,0.0
2007-11-20 00:00:00+09:00,714.2839040776053,746.8925170898438,714.2839040776053,746.8925170898438,17097500,0.0,0.0
2007-11-21 00:00:00+09:00,744.4966913065439,749.9982299804688,744.4966913065439,749.9982299804688,12027500,0.0,0.0
2007-11-22 00:00:00+09:00,749.9983406066895,770.1846313476562,749.9983406066895,770.1846313476562,10423000,0.0,0.0
2007-11-26 00:00:00+09:00,760.8678779987374,784.1597518150253,756.2095032354798,768.6318359375,6356000,0.0,0.0
2007-11-27 00:00:00+09:00,768.6317827620018,771.7373657226562,768.6317827620018,771.7373657226562,5206000,0.0,0.0
2007-11-28 00:00:00+09:00,771.7371966829025,771.7371966829025,754.656494140625,754.656494140625,4931000,0.0,0.0
2007-11-29 00:00:00+09:00,754.6565877937595,767.0789184570312,754.6565877937595,767.0789184570312,4757500,0.0,0.0
2007-11-30 00:00:00+09:00,767.0791414468595,784.1598510742188,767.0791414468595,784.1598510742188,4398000,0.0,0.0
2007-12-03 00:00:00+09:00,784.2373379528433,784.2373379528433,779.5013427734375,779.5013427734375,3755500,0.0,0.0
2007-12-04 00:00:00+09:00,793.4764205269191,793.4764205269191,785.7124633789062,785.7124633789062,3413500,0.0,0.0
2007-12-05 00:00:00+09:00,782.7279076149415,818.3209838867188,782.7279076149415,818.3209838867188,6452000,0.0,0.0
2007-12-06 00:00:00+09:00,815.5796376732573,824.5321655273438,815.5796376732573,824.5321655273438,5385000,0.0,0.0
2007-12-07 00:00:00+09:00,824.5322836821935,827.6378666715802,821.836602012054,822.9794921875,3739000,0.0,0.0
2007-12-10 00:00:00+09:00,804.4579036947498,804.4579036947498,804.3460693359375,804.3460693359375,3261500,0.0,0.0
2007-12-11 00:00:00+09:00,825.2744586575254,830.7433471679688,825.2744586575254,830.7433471679688,4346000,0.0,0.0
2007-12-12 00:00:00+09:00,826.637807207743,835.4017333984375,826.637807207743,835.4017333984375,4944000,0.0,0.0
2007-12-13 00:00:00+09:00,835.4018081258911,835.4018081258911,816.768310546875,816.768310546875,4969500,0.0,0.0
2007-12-14 00:00:00+09:00,822.9794764065471,829.190642266219,816.768310546875,816.768310546875,14829500,0.0,0.0
2007-12-17 00:00:00+09:00,813.9047994233871,813.9047994233871,798.1346435546875,798.1346435546875,3883000,0.0,0.0
2007-12-18 00:00:00+09:00,798.1346042758008,813.6625148648242,795.0290221579961,805.8985595703125,4287500,0.0,0.0
2007-12-19 00:00:00+09:00,805.8988419025266,805.8988419025266,796.5820922851562,796.5820922851562,3488500,0.0,0.0
2007-12-20 00:00:00+09:00,796.5819705825254,796.5819705825254,773.2901000976562,773.2901000976562,5219500,0.0,0.0
2007-12-21 00:00:00+09:00,773.4298852900607,788.8180541992188,773.4298852900607,788.8180541992188,5309500,0.0,0.0
2007-12-25 00:00:00+09:00,791.1845794805549,801.240478515625,791.1845794805549,801.240478515625,3065000,0.0,0.0
2007-12-26 00:00:00+09:00,791.923527129709,793.476318359375,790.3707359000429,793.476318359375,2206500,0.0,0.0
2007-12-27 00:00:00+09:00,794.7450295162347,794.7450295162347,785.7124633789062,785.7124633789062,2051500,0.0,0.0
2007-12-28 00:00:00+09:00,779.5013231242926,785.7124890456017,770.184574242329,771.7373657226562,1695000,0.0,0.0
2008-01-04 00:00:00+09:00,740.681490374626,742.2342817590592,726.7063679147274,729.8119506835938,4495500,0.0,0.0
2008-01-07 00:00:00+09:00,721.7109776711807,736.0230712890625,721.7109776711807,736.0230712890625,4858500,0.0,0.0
2008-01-08 00:00:00+09:00,736.0231828317505,756.20947265625,736.0231828317505,756.20947265625,5851500,0.0,0.0
2008-01-09 00:00:00+09:00,756.2096388293851,756.2096388293851,722.0482177734375,722.0482177734375,7613000,0.0,0.0
2008-01-10 00:00:00+09:00,722.0481343986162,722.0481343986162,712.7313842773438,712.7313842773438,5215500,0.0,0.0
2008-01-11 00:00:00+09:00,713.158165110613,718.9423217773438,713.158165110613,718.9423217773438,8605500,0.0,0.0
2008-01-15 00:00:00+09:00,718.9423467640175,728.2590942382812,718.9423467640175,728.2590942382812,6417000,0.0,0.0
2008-01-16 00:00:00+09:00,714.2840811929989,742.2343278483771,714.2840811929989,723.600830078125,7308500,0.0,0.0
2008-01-17 00:00:00+09:00,723.6009985300593,743.7872924804688,723.6009985300593,743.7872924804688,6566500,0.0,0.0
2008-01-18 00:00:00+09:00,736.0229794190976,746.8925170898438,734.4701883232767,746.8925170898438,5881000,0.0,0.0
2008-01-21 00:00:00+09:00,718.942309039572,725.1534736965014,714.283935546875,714.283935546875,5275000,0.0,0.0
2008-01-22 00:00:00+09:00,681.675328631324,694.0976580824642,672.3585815429688,672.3585815429688,8952500,0.0,0.0
2008-01-23 00:00:00+09:00,669.3322601920092,701.8616943359375,669.3322601920092,701.8616943359375,9972500,0.0,0.0
2008-01-24 00:00:00+09:00,702.0371255462196,708.0728149414062,702.0371255462196,708.0728149414062,9421000,0.0,0.0
2008-01-25 00:00:00+09:00,711.1784982312902,728.2592045206881,708.0729152695816,723.600830078125,4735000,0.0,0.0
2008-01-28 00:00:00+09:00,716.3025554888466,716.3025554888466,695.6504516601562,695.6504516601562,8646500,0.0,0.0
2008-01-29 00:00:00+09:00,695.6506757216775,712.7313842773438,695.6506757216775,712.7313842773438,4764000,0.0,0.0
2008-01-30 00:00:00+09:00,712.7313185471754,712.7313185471754,686.3338623046875,686.3338623046875,8526500,0.0,0.0
2008-01-31 00:00:00+09:00,689.7311391095334,729.8119506835938,689.7311391095334,729.8119506835938,8564000,0.0,0.0
2008-02-01 00:00:00+09:00,711.1784982312902,729.8119960015424,711.1784982312902,723.600830078125,5052500,0.0,0.0
2008-02-04 00:00:00+09:00,723.8522299979988,742.2341918945312,723.8522299979988,742.2341918945312,3938000,0.0,0.0
2008-02-05 00:00:00+09:00,739.7469768938935,739.7469768938935,731.364990234375,731.364990234375,3030000,0.0,0.0
2008-02-06 00:00:00+09:00,731.3646795587225,731.3646795587225,706.52001953125,706.52001953125,5096000,0.0,0.0
2008-02-07 00:00:00+09:00,706.520108309659,717.3896484375,706.520108309659,717.3896484375,4030000,0.0,0.0
2008-02-08 00:00:00+09:00,717.3895708775417,717.3895708775417,711.1784057617188,711.1784057617188,7558000,0.0,0.0
2008-02-12 00:00:00+09:00,711.1783932864012,711.1783932864012,706.52001953125,706.52001953125,2281000,0.0,0.0
2008-02-13 00:00:00+09:00,704.429986075604,704.429986075604,697.2033081054688,697.2033081054688,4103500,0.0,0.0
2008-02-14 00:00:00+09:00,720.9268497691443,732.91748046875,720.9268497691443,732.91748046875,4167500,0.0,0.0
2008-02-15 00:00:00+09:00,711.1786747101814,726.7065933719758,704.9675072454637,722.0482177734375,4149500,0.0,0.0
2008-02-18 00:00:00+09:00,718.9331045597792,718.9331045597792,717.3896484375,717.3896484375,4176000,0.0,0.0
2008-02-19 00:00:00+09:00,720.582028001925,734.4703369140625,720.582028001925,734.4703369140625,3319000,0.0,0.0
2008-02-20 00:00:00+09:00,751.7776405222122,751.7776405222122,742.2341918945312,742.2341918945312,7711500,0.0,0.0
2008-02-21 00:00:00+09:00,742.234327596438,771.7373657226562,742.234327596438,771.7373657226562,6577500,0.0,0.0
2008-02-22 00:00:00+09:00,771.7372883454298,771.7372883454298,765.526123046875,765.526123046875,5382000,0.0,0.0
2008-02-25 00:00:00+09:00,765.526059965175,787.26513671875,765.526059965175,787.26513671875,6176000,0.0,0.0
2008-02-26 00:00:00+09:00,776.856968428631,776.856968428631,768.6318359375,768.6318359375,4098500,0.0,0.0
2008-02-27 00:00:00+09:00,768.6317576532779,785.7124633789062,768.6317576532779,785.7124633789062,3635000,0.0,0.0
2008-02-28 00:00:00+09:00,777.9486839369972,784.1598510742188,777.9486839369972,784.1598510742188,3852500,0.0,0.0
2008-02-29 00:00:00+09:00,762.4205403975976,768.6317056961524,757.7621664236816,765.526123046875,4716500,0.0,0.0
2008-03-03 00:00:00+09:00,765.5260102396943,765.5260102396943,746.8925170898438,746.8925170898438,5921500,0.0,0.0
2008-03-04 00:00:00+09:00,746.8926750338808,760.8677978515625,746.8926750338808,760.8677978515625,4713500,0.0,0.0
2008-03-05 00:00:00+09:00,757.8624412223421,757.8624412223421,756.20947265625,756.20947265625,3024500,0.0,0.0
2008-03-06 00:00:00+09:00,756.2094509193835,771.7373657226562,756.2094509193835,771.7373657226562,4132000,0.0,0.0
2008-03-07 00:00:00+09:00,771.7372246267406,771.7372246267406,742.2341918945312,742.2341918945312,5170000,0.0,0.0
2008-03-10 00:00:00+09:00,715.8369368036502,732.9176446232601,715.8369368036502,725.1536865234375,6416000,0.0,0.0
2008-03-11 00:00:00+09:00,725.1534865443186,725.1534865443186,718.9423217773438,718.9423217773438,6802000,0.0,0.0
2008-03-12 00:00:00+09:00,736.023018716764,742.2341834316734,734.4702275380367,739.1286010742188,6139500,0.0,0.0
2008-03-13 00:00:00+09:00,739.1287246009016,739.1287246009016,715.8368530273438,715.8368530273438,6591500,0.0,0.0
2008-03-14 00:00:00+09:00,715.8368726738532,723.600830078125,715.8368726738532,723.600830078125,27028500,0.0,0.0
2008-03-17 00:00:00+09:00,675.4642414992135,686.3337810175916,675.4642414992135,678.56982421875,10796500,0.0,0.0
2008-03-18 00:00:00+09:00,676.534063249535,684.7809448242188,676.534063249535,684.7809448242188,7543000,0.0,0.0
2008-03-19 00:00:00+09:00,686.5752224181177,686.5752224181177,684.7809448242188,684.7809448242188,4613000,0.0,0.0
2008-03-21 00:00:00+09:00,688.0062123525348,688.0062123525348,686.3338623046875,686.3338623046875,2876500,0.0,0.0
2008-03-24 00:00:00+09:00,688.942513119652,688.942513119652,675.4642944335938,675.4642944335938,3630500,0.0,0.0
2008-03-25 00:00:00+09:00,675.4642983532827,677.01708984375,675.4642983532827,677.01708984375,4055000,0.0,0.0
2008-03-26 00:00:00+09:00,679.8267286994683,680.9214477539062,679.8267286994683,680.9214477539062,3198500,5.0,0.0
2008-03-27 00:00:00+09:00,683.5106728301963,693.415283203125,683.5106728301963,693.415283203125,5062500,0.0,0.0
2008-03-28 00:00:00+09:00,693.4152864801804,698.1005249023438,693.4152864801804,698.1005249023438,3980500,0.0,0.0
2008-03-31 00:00:00+09:00,698.1006585917341,698.1006585917341,680.9214477539062,680.9214477539062,4704500,0.0,0.0
2008-04-01 00:00:00+09:00,680.9214079483696,682.483154296875,680.9214079483696,682.483154296875,3984500,0.0,0.0
2008-04-02 00:00:00+09:00,682.4832464559189,707.47119140625,682.4832464559189,707.47119140625,4344500,0.0,0.0
2008-04-03 00:00:00+09:00,708.9577660112755,710.594482421875,708.9577660112755,710.594482421875,2951500,0.0,0.0
2008-04-04 00:00:00+09:00,713.7181607042337,715.2799072265625,713.7181607042337,715.2799072265625,2400000,0.0,0.0
2008-04-07 00:00:00+09:00,704.3476982874586,707.47119140625,704.3476982874586,707.47119140625,3557500,0.0,0.0
2008-04-08 00:00:00+09:00,707.5959852196069,707.5959852196069,702.7858276367188,702.7858276367188,2663000,0.0,0.0
2008-04-09 00:00:00+09:00,702.9904590199254,709.0328369140625,702.9904590199254,709.0328369140625,5165000,0.0,0.0
2008-04-10 00:00:00+09:00,693.4153654977177,694.9771118164062,693.4153654977177,694.9771118164062,5343000,0.0,0.0
2008-04-11 00:00:00+09:00,695.380036155948,730.8972778320312,695.380036155948,730.8972778320312,13249500,0.0,0.0
2008-04-14 00:00:00+09:00,728.8309878882825,728.8309878882825,701.2239990234375,701.2239990234375,3910000,0.0,0.0
2008-04-15 00:00:00+09:00,687.0340668295419,687.0340668295419,685.6066284179688,685.6066284179688,5135000,0.0,0.0
2008-04-16 00:00:00+09:00,694.5913645763867,694.5913645763867,691.8536376953125,691.8536376953125,2357500,0.0,0.0
2008-04-17 00:00:00+09:00,698.1658677355631,698.1658677355631,698.1005249023438,698.1005249023438,4522500,0.0,0.0
2008-04-18 00:00:00+09:00,693.4153682163784,699.662353515625,693.4153682163784,699.662353515625,2829500,0.0,0.0
2008-04-21 00:00:00+09:00,690.2638301925903,690.2638301925903,687.16845703125,687.16845703125,5189500,0.0,0.0
2008-04-22 00:00:00+09:00,687.5463480962352,691.8536376953125,687.5463480962352,691.8536376953125,3675000,0.0,0.0
2008-04-23 00:00:00+09:00,692.1986992002718,698.1005249023438,692.1986992002718,698.1005249023438,3562500,0.0,0.0
2008-04-24 00:00:00+09:00,698.7986909506654,698.7986909506654,694.9771118164062,694.9771118164062,2918000,0.0,0.0
2008-04-25 00:00:00+09:00,682.483154296875,682.483154296875,682.483154296875,682.483154296875,7162000,0.0,0.0
2008-04-28 00:00:00+09:00,682.4830434661367,682.4830434661367,669.9890747070312,669.9890747070312,6355000,0.0,0.0
2008-04-30 00:00:00+09:00,669.9890928603447,669.9890928603447,666.8656005859375,666.8656005859375,4416500,0.0,0.0
2008-05-01 00:00:00+09:00,661.8837082640607,668.4274291992188,661.8837082640607,668.4274291992188,3582500,0.0,0.0
2008-05-02 00:00:00+09:00,668.427476235486,680.9214477539062,668.427476235486,680.9214477539062,3700500,0.0,0.0
2008-05-07 00:00:00+09:00,674.4961755388969,674.4961755388969,666.8656005859375,666.8656005859375,5796500,0.0,0.0
2008-05-08 00:00:00+09:00,666.8656745856019,666.8656745856019,654.3717041015625,654.3717041015625,4461500,0.0,0.0
2008-05-09 00:00:00+09:00,653.0333591214606,659.0570068359375,653.0333591214606,659.0570068359375,8704000,0.0,0.0
2008-05-12 00:00:00+09:00,659.0569666020004,696.5388793945312,659.0569666020004,696.5388793945312,13310500,0.0,0.0
2008-05-13 00:00:00+09:00,693.657418702431,702.7858276367188,693.657418702431,702.7858276367188,6808500,0.0,0.0
2008-05-14 00:00:00+09:00,688.730048058017,698.1005249023438,688.730048058017,698.1005249023438,5791000,0.0,0.0
2008-05-15 00:00:00+09:00,704.8584630214041,704.8584630214041,704.3477783203125,704.3477783203125,5148500,0.0,0.0
2008-05-16 00:00:00+09:00,695.3634129733994,695.3634129733994,690.2919311523438,690.2919311523438,3767000,0.0,0.0
2008-05-19 00:00:00+09:00,677.8636367333346,679.3598022460938,677.8636367333346,679.3598022460938,3583500,0.0,0.0
2008-05-20 00:00:00+09:00,676.2361608487423,676.2361608487423,668.4274291992188,668.4274291992188,4506000,0.0,0.0
2008-05-21 00:00:00+09:00,657.4952206442542,660.6187133789062,657.4952206442542,660.6187133789062,5702000,0.0,0.0
2008-05-22 00:00:00+09:00,660.6187807718912,674.6744995117188,660.6187807718912,674.6744995117188,6341500,0.0,0.0
2008-05-23 00:00:00+09:00,671.8912827365923,671.8912827365923,671.5508422851562,671.5508422851562,3799500,0.0,0.0
2008-05-26 00:00:00+09:00,672.2224613423155,672.2224613423155,668.4274291992188,668.4274291992188,4085000,0.0,0.0
2008-05-27 00:00:00+09:00,668.4273650045956,668.4273650045956,663.7421264648438,663.7421264648438,3369500,0.0,0.0
2008-05-28 00:00:00+09:00,657.4951967225724,657.4951967225724,654.3717041015625,654.3717041015625,5120500,0.0,0.0
2008-05-29 00:00:00+09:00,654.3716314883087,666.8656005859375,654.3716314883087,666.8656005859375,5808500,0.0,0.0
2008-05-30 00:00:00+09:00,666.5517973349147,682.483154296875,666.5517973349147,682.483154296875,4631500,0.0,0.0
2008-06-02 00:00:00+09:00,682.4832108004188,682.4832108004188,673.1127319335938,673.1127319335938,5263000,0.0,0.0
2008-06-03 00:00:00+09:00,673.1126843175144,673.1126843175144,660.6187133789062,660.6187133789062,6705500,0.0,0.0
2008-06-04 00:00:00+09:00,660.6186893435822,660.6186893435822,654.3717041015625,654.3717041015625,7022000,0.0,0.0
2008-06-05 00:00:00+09:00,654.3716768431432,654.3716768431432,643.439453125,643.439453125,6009000,0.0,0.0
2008-06-06 00:00:00+09:00,643.4395563245396,646.5630493164062,643.4395563245396,646.5630493164062,5073500,0.0,0.0
2008-06-09 00:00:00+09:00,637.1924681432039,643.439453125,637.1924681432039,643.439453125,3272000,0.0,0.0
2008-06-10 00:00:00+09:00,643.4395116232427,643.4395116232427,638.7542724609375,638.7542724609375,4295000,0.0,0.0
2008-06-11 00:00:00+09:00,638.7542143886529,643.439453125,638.7542143886529,643.439453125,7406000,0.0,0.0
2008-06-12 00:00:00+09:00,645.0481873723531,645.0481873723531,630.9456176757812,630.9456176757812,7366500,0.0,0.0
2008-06-13 00:00:00+09:00,637.1924156892925,637.1924156892925,626.2601928710938,626.2601928710938,28999500,0.0,0.0
2008-06-16 00:00:00+09:00,626.5414620763783,634.069091796875,626.5414620763783,634.069091796875,4579000,0.0,0.0
2008-06-17 00:00:00+09:00,633.8206178389893,635.6306762695312,633.8206178389893,635.6306762695312,3763500,0.0,0.0
2008-06-18 00:00:00+09:00,635.6308238448728,646.5630493164062,635.6308238448728,646.5630493164062,5443500,0.0,0.0
2008-06-19 00:00:00+09:00,646.5630043981128,646.5630043981128,638.7542724609375,638.7542724609375,3085000,0.0,0.0
2008-06-20 00:00:00+09:00,638.8808016883738,638.8808016883738,632.50732421875,632.50732421875,3888500,0.0,0.0
2008-06-23 00:00:00+09:00,623.1368618774413,624.6986083984375,623.1368618774413,624.6986083984375,2822500,0.0,0.0
2008-06-24 00:00:00+09:00,624.6985918209876,632.50732421875,624.6985918209876,632.50732421875,3932500,0.0,0.0
2008-06-25 00:00:00+09:00,632.5072685297388,641.8777465820312,632.5072685297388,641.8777465820312,4570000,0.0,0.0
2008-06-26 00:00:00+09:00,641.8777702607304,648.124755859375,641.8777702607304,648.124755859375,5410000,0.0,0.0
2008-06-27 00:00:00+09:00,637.4496421801381,640.3161010742188,637.4496421801381,640.3161010742188,4202500,0.0,0.0
2008-06-30 00:00:00+09:00,640.7470673925187,648.124755859375,640.7470673925187,648.124755859375,3546000,0.0,0.0
2008-07-01 00:00:00+09:00,648.1246918613471,648.1246918613471,643.439453125,643.439453125,4323000,0.0,0.0
2008-07-02 00:00:00+09:00,643.4394379028028,651.2481689453125,643.4394379028028,651.2481689453125,7257000,0.0,0.0
2008-07-03 00:00:00+09:00,660.1722754448625,660.6187133789062,660.1722754448625,660.6187133789062,8902500,0.0,0.0
2008-07-04 00:00:00+09:00,660.6186707557805,660.6186707557805,657.4951782226562,657.4951782226562,4357500,0.0,0.0
2008-07-07 00:00:00+09:00,657.4951237627159,666.8656005859375,657.4951237627159,666.8656005859375,4212000,0.0,0.0
2008-07-08 00:00:00+09:00,664.1790457181195,665.3040771484375,664.1790457181195,665.3040771484375,4465000,0.0,0.0
2008-07-09 00:00:00+09:00,665.3040771484375,665.3040771484375,665.3040771484375,665.3040771484375,4916000,0.0,0.0
2008-07-10 00:00:00+09:00,665.508600152208,665.508600152208,659.0570068359375,659.0570068359375,3701000,0.0,0.0
2008-07-11 00:00:00+09:00,659.0569402254545,659.0569402254545,649.6864624023438,649.6864624023438,8942000,0.0,0.0
2008-07-14 00:00:00+09:00,649.6865423082729,649.6865423082729,646.5630493164062,646.5630493164062,3087500,0.0,0.0
2008-07-15 00:00:00+09:00,645.0012580106777,645.0012580106777,638.7542724609375,638.7542724609375,3534500,0.0,0.0
2008-07-16 00:00:00+09:00,638.7543168367396,646.5630493164062,638.7543168367396,646.5630493164062,3942000,0.0,0.0
2008-07-17 00:00:00+09:00,646.5629333496095,655.9334106445312,646.5629333496095,655.9334106445312,3738000,0.0,0.0
2008-07-18 00:00:00+09:00,655.9334903698789,655.9334903698789,652.8099975585938,652.8099975585938,2740500,0.0,0.0
2008-07-22 00:00:00+09:00,663.7422738251862,674.6744995117188,663.7422738251862,674.6744995117188,4725000,0.0,0.0
2008-07-23 00:00:00+09:00,676.236059086584,676.236059086584,669.9890747070312,669.9890747070312,3528500,0.0,0.0
2008-07-24 00:00:00+09:00,679.3597013141037,680.9214477539062,679.3597013141037,680.9214477539062,5220500,0.0,0.0
2008-07-25 00:00:00+09:00,678.6383066927405,678.6383066927405,677.798095703125,677.798095703125,3484500,0.0,0.0
2008-07-28 00:00:00+09:00,680.9214079483696,682.483154296875,680.9214079483696,682.483154296875,2358000,0.0,0.0
2008-07-29 00:00:00+09:00,678.0479809046993,678.0479809046993,677.798095703125,677.798095703125,4149500,0.0,0.0
2008-07-30 00:00:00+09:00,695.1206209554969,699.662353515625,695.1206209554969,699.662353515625,5987500,0.0,0.0
2008-07-31 00:00:00+09:00,699.6623721272422,699.6623721272422,696.5388793945312,696.5388793945312,4962000,0.0,0.0
2008-08-01 00:00:00+09:00,697.2355104034368,715.2799072265625,697.2355104034368,715.2799072265625,5602000,0.0,0.0
2008-08-04 00:00:00+09:00,715.2799302138292,721.5269165039062,715.2799302138292,721.5269165039062,7105000,0.0,0.0
2008-08-05 00:00:00+09:00,721.5269791141634,726.2122192382812,721.5269791141634,726.2122192382812,4793500,0.0,0.0
2008-08-06 00:00:00+09:00,726.2120809352144,734.0208129882812,726.2120809352144,734.0208129882812,4724000,0.0,0.0
2008-08-07 00:00:00+09:00,733.5836251209541,733.5836251209541,727.77392578125,727.77392578125,4780000,0.0,0.0
2008-08-08 00:00:00+09:00,731.9187127242045,740.267822265625,731.9187127242045,740.267822265625,9504500,0.0,0.0
2008-08-11 00:00:00+09:00,745.7338973169047,746.5147705078125,745.7338973169047,746.5147705078125,4789500,0.0,0.0
2008-08-12 00:00:00+09:00,746.5148484469972,746.5148484469972,738.7061157226562,738.7061157226562,3447000,0.0,0.0
2008-08-13 00:00:00+09:00,705.9092653508773,713.7179961622808,705.9092653508773,712.15625,6525000,0.0,0.0
2008-08-14 00:00:00+09:00,710.8040435246032,710.8040435246032,704.3477783203125,704.3477783203125,4621500,0.0,0.0
2008-08-15 00:00:00+09:00,704.3476164151082,705.9093627929688,704.3476164151082,705.9093627929688,4243500,0.0,0.0
2008-08-18 00:00:00+09:00,705.9093388148717,705.9093388148717,699.662353515625,699.662353515625,4609000,0.0,0.0
2008-08-19 00:00:00+09:00,699.6623721272422,699.6623721272422,696.5388793945312,696.5388793945312,4011500,0.0,0.0
2008-08-20 00:00:00+09:00,696.5387754698057,696.5387754698057,693.415283203125,693.415283203125,2459000,0.0,0.0
2008-08-21 00:00:00+09:00,693.415378736413,693.415378736413,682.483154296875,682.483154296875,2831500,0.0,0.0
2008-08-22 00:00:00+09:00,682.7705453762499,690.2919311523438,682.7705453762499,690.2919311523438,1747500,0.0,0.0
2008-08-25 00:00:00+09:00,690.2918728603406,694.9771118164062,690.2918728603406,694.9771118164062,2684500,0.0,0.0
2008-08-26 00:00:00+09:00,694.9771705040565,694.9771705040565,690.2919311523438,690.2919311523438,1956000,0.0,0.0
2008-08-27 00:00:00+09:00,682.4831595323963,691.8536376953125,682.4831595323963,691.8536376953125,2016500,0.0,0.0
2008-08-28 00:00:00+09:00,691.9241039993741,704.3477783203125,691.9241039993741,704.3477783203125,2971000,0.0,0.0
2008-08-29 00:00:00+09:00,704.9428225100585,704.9428225100585,704.3477783203125,704.3477783203125,5118000,0.0,0.0
2008-09-01 00:00:00+09:00,704.3475979036172,709.0328369140625,704.3475979036172,709.0328369140625,3018000,0.0,0.0
2008-09-02 00:00:00+09:00,709.0328286846033,709.0328286846033,694.9771118164062,694.9771118164062,4781000,0.0,0.0
2008-09-03 00:00:00+09:00,694.9771145411901,699.662353515625,694.9771145411901,699.662353515625,2708000,0.0,0.0
2008-09-04 00:00:00+09:00,699.6623588931718,709.0328369140625,699.6623588931718,709.0328369140625,3964500,0.0,0.0
2008-09-05 00:00:00+09:00,690.2620983143413,693.415283203125,690.2620983143413,693.415283203125,5688000,0.0,0.0
2008-09-08 00:00:00+09:00,693.4153682163784,699.662353515625,693.4153682163784,699.662353515625,5277000,0.0,0.0
2008-09-09 00:00:00+09:00,699.7342345597796,699.7342345597796,690.2919311523438,690.2919311523438,2651500,0.0,0.0
2008-09-10 00:00:00+09:00,679.3598424674179,685.6068295245896,673.1128554102463,677.798095703125,4746000,0.0,0.0
2008-09-11 00:00:00+09:00,677.7978796879639,677.7978796879639,657.4951782226562,657.4951782226562,4263000,0.0,0.0
2008-09-12 00:00:00+09:00,657.4951568603516,657.4951568603516,655.9334106445312,655.9334106445312,13935500,0.0,0.0
2008-09-16 00:00:00+09:00,656.1630769676907,662.1804809570312,656.1630769676907,662.1804809570312,12274500,0.0,0.0
2008-09-17 00:00:00+09:00,674.6134393355338,674.6134393355338,663.7421264648438,663.7421264648438,5182000,0.0,0.0
2008-09-18 00:00:00+09:00,663.7422738251862,674.6744995117188,663.7422738251862,674.6744995117188,6963500,0.0,0.0
2008-09-19 00:00:00+09:00,674.6743153187639,701.2239990234375,674.6743153187639,701.2239990234375,6589000,0.0,0.0
2008-09-22 00:00:00+09:00,701.4708132012272,701.4708132012272,657.4951782226562,657.4951782226562,4971500,0.0,0.0
2008-09-24 00:00:00+09:00,657.4952177646197,691.8536376953125,657.4952177646197,691.8536376953125,5547000,0.0,0.0
2008-09-25 00:00:00+09:00,691.8536916719812,693.4260864257812,691.8536916719812,693.4260864257812,2894000,6.0,0.0
2008-09-26 00:00:00+09:00,693.4259575891278,694.9983520507812,693.4259575891278,694.9983520507812,3659500,0.0,0.0
2008-09-29 00:00:00+09:00,695.3914849043439,695.3914849043439,687.1364135742188,687.1364135742188,4531500,0.0,0.0
2008-09-30 00:00:00+09:00,687.4809894578324,687.4809894578324,650.9715576171875,650.9715576171875,5892500,0.0,0.0
2008-10-01 00:00:00+09:00,650.9713868347312,661.9781494140625,650.9713868347312,661.9781494140625,4648000,0.0,0.0
2008-10-02 00:00:00+09:00,661.9780947811954,674.5572509765625,661.9780947811954,674.5572509765625,6373500,0.0,0.0
2008-10-03 00:00:00+09:00,672.5099965006932,687.1364135742188,672.5099965006932,687.1364135742188,7731000,0.0,0.0
2008-10-06 00:00:00+09:00,687.1365198795264,687.1365198795264,663.5505981445312,663.5505981445312,7772500,0.0,0.0
2008-10-07 00:00:00+09:00,639.9644603680467,639.9644603680467,614.80615234375,614.80615234375,7823000,0.0,0.0
2008-10-08 00:00:00+09:00,614.8064332119254,614.8064332119254,540.9038696289062,540.9038696289062,9359000,0.0,0.0
2008-10-09 00:00:00+09:00,521.1497471324423,521.1497471324423,518.8901977539062,518.8901977539062,9213000,0.0,0.0
2008-10-10 00:00:00+09:00,519.0490379638504,519.0490379638504,440.2704772949219,440.2704772949219,20389000,0.0,0.0
2008-10-14 00:00:00+09:00,440.27042388916016,503.16619873046875,440.27042388916016,503.16619873046875,8194500,0.0,0.0
2008-10-15 00:00:00+09:00,504.916470760349,515.7455444335938,504.916470760349,515.7455444335938,8655500,0.0,0.0
2008-10-16 00:00:00+09:00,515.7454492501507,515.7454492501507,489.0147399902344,489.0147399902344,14902000,0.0,0.0
2008-10-17 00:00:00+09:00,489.0147393487237,523.607421875,489.0147393487237,523.607421875,11187000,0.0,0.0
2008-10-20 00:00:00+09:00,523.6074387122845,547.193359375,523.6074387122845,547.193359375,10537500,0.0,0.0
2008-10-21 00:00:00+09:00,547.1934276218029,547.1934276218029,545.6210327148438,545.6210327148438,9125000,0.0,0.0
2008-10-22 00:00:00+09:00,545.6210485318812,545.6210485318812,515.7455444335938,515.7455444335938,8684000,0.0,0.0
2008-10-23 00:00:00+09:00,515.7455563335299,515.7455563335299,500.0216064453125,500.0216064453125,15784000,0.0,0.0
2008-10-24 00:00:00+09:00,500.02145612411306,500.02145612411306,459.29644775390625,459.29644775390625,14103000,0.0,0.0
2008-10-27 00:00:00+09:00,459.29640768989725,459.29640768989725,449.2330932617187,449.23309326171875,16909000,0.0,0.0
2008-10-28 00:00:00+09:00,449.23320127376303,464.0137023925781,449.23320127376303,464.0137023925781,10534000,0.0,0.0
2008-10-29 00:00:00+09:00,464.24785452036303,503.16619873046875,464.24785452036303,503.16619873046875,10489500,0.0,0.0
2008-10-30 00:00:00+09:00,581.7860717773438,581.7860717773438,581.7860717773438,581.7860717773438,9732500,0.0,0.0
2008-10-31 00:00:00+09:00,584.1130782260734,584.1130782260734,503.16619873046875,503.16619873046875,9157000,0.0,0.0
2008-11-04 00:00:00+09:00,503.4194356213573,558.2000732421875,503.4194356213573,558.2000732421875,7014500,0.0,0.0
2008-11-05 00:00:00+09:00,557.9217894680404,564.4896850585938,557.9217894680404,564.4896850585938,9073000,0.0,0.0
2008-11-06 00:00:00+09:00,565.0541885635274,565.0541885635274,564.4896850585938,564.4896850585938,9265000,0.0,0.0
2008-11-07 00:00:00+09:00,564.489782301046,564.489782301046,556.6278076171875,556.6278076171875,9132000,0.0,0.0
2008-11-10 00:00:00+09:00,556.6275736765078,583.3582763671875,556.6275736765078,583.3582763671875,4321500,0.0,0.0
2008-11-11 00:00:00+09:00,583.9417829254285,583.9417829254285,564.4896850585938,564.4896850585938,3940000,0.0,0.0
2008-11-12 00:00:00+09:00,564.4896850585938,564.4896850585938,564.4896850585938,564.4896850585938,4433000,0.0,0.0
2008-11-13 00:00:00+09:00,564.4896990778734,564.4896990778734,561.3449096679688,561.3449096679688,6425500,0.0,0.0
2008-11-14 00:00:00+09:00,561.344895726791,564.4896850585938,561.344895726791,564.4896850585938,8463500,0.0,0.0
2008-11-17 00:00:00+09:00,564.4897389729817,566.0621337890625,564.4897389729817,566.0621337890625,4474000,0.0,0.0
2008-11-18 00:00:00+09:00,566.0620589282631,569.2068481445312,566.0620589282631,569.2068481445312,4633500,0.0,0.0
2008-11-19 00:00:00+09:00,569.2069946621679,577.0689697265625,569.2069946621679,577.0689697265625,7507000,0.0,0.0
2008-11-20 00:00:00+09:00,577.0688441685268,577.0688441685268,550.338134765625,550.338134765625,7651000,0.0,0.0
2008-11-21 00:00:00+09:00,550.3382394480151,550.3382394480151,540.9038696289062,540.9038696289062,6833000,0.0,0.0
2008-11-25 00:00:00+09:00,540.9037717680692,562.9172973632812,540.9037717680692,562.9172973632812,5855000,0.0,0.0
2008-11-26 00:00:00+09:00,563.423601264155,563.423601264155,561.3449096679688,561.3449096679688,3636500,0.0,0.0
2008-11-27 00:00:00+09:00,561.3450391105052,561.3450391105052,559.7726440429688,559.7726440429688,2594500,0.0,0.0
2008-11-28 00:00:00+09:00,559.7726092671239,559.7726092671239,540.9038696289062,540.9038696289062,4728000,0.0,0.0
2008-12-01 00:00:00+09:00,540.9038696289062,540.9038696289062,540.9038696289062,540.9038696289062,2881000,0.0,0.0
2008-12-02 00:00:00+09:00,541.0957104461154,541.0957104461154,515.7455444335938,515.7455444335938,4643000,0.0,0.0
2008-12-03 00:00:00+09:00,515.7455501112827,540.9038696289062,515.7455501112827,540.9038696289062,4739500,0.0,0.0
2008-12-04 00:00:00+09:00,540.9037944815751,544.048583984375,540.9037944815751,544.048583984375,5267500,0.0,0.0
2008-12-05 00:00:00+09:00,544.0485611388137,562.9172973632812,544.0485611388137,562.9172973632812,6368000,0.0,0.0
2008-12-08 00:00:00+09:00,562.9171848297119,603.7994384765625,562.9171848297119,603.7994384765625,7225500,0.0,0.0
2008-12-09 00:00:00+09:00,603.7994306848404,603.7994306848404,591.2202758789062,591.2202758789062,4743000,0.0,0.0
2008-12-10 00:00:00+09:00,591.2205297405353,602.227294921875,591.2205297405353,602.227294921875,4166500,0.0,0.0
2008-12-11 00:00:00+09:00,581.7042157376673,588.0755615234375,581.7042157376673,588.0755615234375,6476000,0.0,0.0
2008-12-12 00:00:00+09:00,588.5929459200278,588.5929459200278,562.9172973632812,562.9172973632812,16112500,0.0,0.0
2008-12-15 00:00:00+09:00,553.6290420038359,572.3515625,553.6290420038359,572.3515625,4533500,0.0,0.0
2008-12-16 00:00:00+09:00,572.3517846879257,577.0689697265625,572.3517846879257,577.0689697265625,2945500,0.0,0.0
2008-12-17 00:00:00+09:00,577.0687189516814,578.64111328125,577.0687189516814,578.64111328125,4708000,0.0,0.0
2008-12-18 00:00:00+09:00,578.6412612055965,586.5032348632812,578.6412612055965,586.5032348632812,3520500,0.0,0.0
2008-12-19 00:00:00+09:00,587.0016500945891,587.0016500945891,575.4964599609375,575.4964599609375,3659500,0.0,0.0
2008-12-22 00:00:00+09:00,575.4964278007702,575.4964278007702,555.0552978515625,555.0552978515625,5571000,0.0,0.0
2008-12-24 00:00:00+09:00,556.7253262420553,556.7253262420553,540.9038696289062,540.9038696289062,4127500,0.0,0.0
2008-12-25 00:00:00+09:00,545.9483910539329,545.9483910539329,545.6210327148438,545.6210327148438,748500,0.0,0.0
2008-12-26 00:00:00+09:00,558.2000732421875,558.2000732421875,550.3381003796214,558.2000732421875,753500,0.0,0.0
2008-12-29 00:00:00+09:00,546.0675054654479,550.338134765625,546.0675054654479,550.338134765625,2426000,0.0,0.0
2008-12-30 00:00:00+09:00,544.0485611388137,562.9172973632812,544.0485611388137,562.9172973632812,1022000,0.0,0.0
2009-01-05 00:00:00+09:00,570.7791269571827,572.351521246321,564.4895498006298,567.6343383789062,1224000,0.0,0.0
2009-01-06 00:00:00+09:00,572.351521246321,572.351521246321,567.6343383789062,567.6343383789062,3055500,0.0,0.0
2009-01-07 00:00:00+09:00,546.5973234433627,546.5973234433627,542.47607421875,542.47607421875,4834500,0.0,0.0
2009-01-08 00:00:00+09:00,542.4761292771699,542.4761292771699,529.89697265625,529.89697265625,4675000,0.0,0.0
2009-01-09 00:00:00+09:00,530.4582267471355,530.4582267471355,520.4625244140625,520.4625244140625,5534500,0.0,0.0
2009-01-13 00:00:00+09:00,522.7000565149061,522.7000565149061,496.8766174316406,496.8766174316406,5714000,0.0,0.0
2009-01-14 00:00:00+09:00,496.87670748197115,511.02825927734375,496.87670748197115,511.02825927734375,4241000,0.0,0.0
2009-01-15 00:00:00+09:00,511.0282698487924,511.0282698487924,481.15277099609375,481.15277099609375,10850000,0.0,0.0
2009-01-16 00:00:00+09:00,481.15270421889454,481.15270421889454,463.22741699218756,463.2274169921875,12494500,0.0,0.0
2009-01-19 00:00:00+09:00,463.2274192125561,474.8631286621094,463.2274192125561,474.8631286621094,8221000,0.0,0.0
2009-01-20 00:00:00+09:00,474.8630971029757,474.8630971029757,460.7115478515625,460.7115478515625,6792500,0.0,0.0
2009-01-21 00:00:00+09:00,460.71167322600957,460.71167322600957,437.75469970703125,437.75469970703125,18523500,0.0,0.0
2009-01-22 00:00:00+09:00,437.7545494422967,468.57348632812506,437.7545494422967,468.573486328125,8915500,0.0,0.0
2009-01-23 00:00:00+09:00,468.5737104609087,468.5737104609087,426.9052429199219,426.9052429199219,10838000,0.0,0.0
2009-01-26 00:00:00+09:00,426.90512119250354,426.90512119250354,419.829345703125,419.829345703125,7493500,0.0,0.0
2009-01-27 00:00:00+09:00,419.82935282334125,428.1630249023438,419.82935282334125,428.16302490234375,8498000,0.0,0.0
2009-01-28 00:00:00+09:00,428.1630014890166,432.56573486328125,428.1630014890166,432.56573486328125,4910000,0.0,0.0
2009-01-29 00:00:00+09:00,432.5658219161497,453.79315185546875,432.5658219161497,453.79315185546875,11168000,0.0,0.0
2009-01-30 00:00:00+09:00,453.7930480743897,458.66748046875,453.7930480743897,458.66748046875,7308000,0.0,0.0
2009-02-02 00:00:00+09:00,458.66743552199307,458.66743552199307,443.4151916503906,443.4151916503906,5698500,0.0,0.0
2009-02-03 00:00:00+09:00,443.41532069389564,443.41532069389564,430.20721435546875,430.20721435546875,5522500,0.0,0.0
2009-02-04 00:00:00+09:00,430.20704420579375,430.20704420579375,421.71612548828125,421.71612548828125,8041500,0.0,0.0
2009-02-05 00:00:00+09:00,421.71611555027306,421.71611555027306,410.23760986328125,410.23760986328125,7479500,0.0,0.0
2009-02-06 00:00:00+09:00,410.23775498577913,427.69134521484375,410.23775498577913,427.69134521484375,6349500,0.0,0.0
2009-02-09 00:00:00+09:00,427.69140813525576,427.69140813525576,407.2502746582031,407.2502746582031,6816500,0.0,0.0
2009-02-10 00:00:00+09:00,400.17440820312504,401.1178545190096,381.46292287838463,393.0986328125,6851500,0.0,0.0
2009-02-12 00:00:00+09:00,395.6144468744907,395.6144468744907,389.63934326171875,389.63934326171875,6437000,0.0,0.0
2009-02-13 00:00:00+09:00,389.63945327906043,394.6711120605469,389.63945327906043,394.6711120605469,6835500,0.0,0.0
2009-02-16 00:00:00+09:00,394.67102533255326,394.67102533255326,388.5386962890625,388.5386962890625,3857000,0.0,0.0
2009-02-17 00:00:00+09:00,388.5386694124363,394.8282470703125,388.5386694124363,394.8282470703125,4970000,0.0,0.0
2009-02-18 00:00:00+09:00,395.02641410313714,395.02641410313714,384.1360168457031,384.1360168457031,5196000,0.0,0.0
2009-02-19 00:00:00+09:00,384.1360059298269,384.1360059298269,377.6891784667969,377.6891784667969,4651500,0.0,0.0
2009-02-20 00:00:00+09:00,377.68923409357933,377.68923409357933,364.9528503417969,364.9528503417969,4348500,0.0,0.0
2009-02-23 00:00:00+09:00,365.5864876257066,365.5864876257066,362.12249755859375,362.12249755859375,6279500,0.0,0.0
2009-02-24 00:00:00+09:00,362.1947161234984,362.1947161234984,355.83282470703125,355.83282470703125,5967000,0.0,0.0
2009-02-25 00:00:00+09:00,355.8328670162212,360.707275390625,355.8328670162212,360.707275390625,5473500,0.0,0.0
2009-02-26 00:00:00+09:00,360.7072828158423,370.6133728027344,360.7072828158423,370.6133728027344,6230000,0.0,0.0
2009-02-27 00:00:00+09:00,370.61345273235855,386.18017578125,370.61345273235855,386.18017578125,7747500,0.0,0.0
2009-03-02 00:00:00+09:00,386.1801087589683,386.1801087589683,366.5251770019531,366.5251770019531,5861000,0.0,0.0
2009-03-03 00:00:00+09:00,366.52523157804063,366.52523157804063,354.8894958496094,354.8894958496094,5593500,0.0,0.0
2009-03-04 00:00:00+09:00,354.88950620227934,356.9336242675781,354.88950620227934,356.9336242675781,5242000,0.0,0.0
2009-03-05 00:00:00+09:00,356.9336006827715,364.1666259765625,356.9336006827715,364.1666259765625,4785500,0.0,0.0
2009-03-06 00:00:00+09:00,364.16669490980485,367.15423583984375,364.16669490980485,367.15423583984375,7241000,0.0,0.0
2009-03-09 00:00:00+09:00,367.1542302051988,367.1542302051988,357.0909118652344,357.0909118652344,7761500,0.0,0.0
2009-03-10 00:00:00+09:00,357.37693670809455,357.37693670809455,354.10321044921875,354.10321044921875,5811000,0.0,0.0
2009-03-11 00:00:00+09:00,354.10322869452125,358.9776611328125,354.10322869452125,358.9776611328125,7512500,0.0,0.0
2009-03-12 00:00:00+09:00,359.33618804026725,359.33618804026725,358.03424072265625,358.03424072265625,4795000,0.0,0.0
2009-03-13 00:00:00+09:00,358.03425936887044,383.3498229980469,358.03425936887044,383.3498229980469,18924500,0.0,0.0
2009-03-16 00:00:00+09:00,384.3104927452258,390.7400207519531,384.3104927452258,390.7400207519531,4685000,0.0,0.0
2009-03-17 00:00:00+09:00,393.7632993915575,400.6461486816406,393.7632993915575,400.6461486816406,3639000,0.0,0.0
2009-03-18 00:00:00+09:00,400.6462069152019,410.3950500488281,400.6462069152019,410.3950500488281,4471500,0.0,0.0
2009-03-19 00:00:00+09:00,410.3950572087215,410.3950572087215,408.8226623535156,408.8226623535156,3463000,0.0,0.0
2009-03-23 00:00:00+09:00,408.82266066416577,408.82266066416577,405.3633728027344,405.3633728027344,6193000,0.0,0.0
2009-03-24 00:00:00+09:00,405.9104705332417,421.8733825683594,405.9104705332417,421.8733825683594,8422000,0.0,0.0
2009-03-25 00:00:00+09:00,421.8734313456325,432.7229919433594,421.8734313456325,432.7229919433594,7122500,0.0,0.0
2009-03-26 00:00:00+09:00,432.7229393320241,447.5073547363282,432.7229393320241,447.5073547363281,6301500,6.0,0.0
2009-03-27 00:00:00+09:00,446.6521274369621,446.6521274369621,443.8510437011719,443.8510437011719,3886000,0.0,0.0
2009-03-30 00:00:00+09:00,443.9402335437796,443.9402335437796,430.6564636230469,430.6564636230469,4825500,0.0,0.0
2009-03-31 00:00:00+09:00,429.7882685257919,429.7882685257919,424.7742919921875,424.7742919921875,5105500,0.0,0.0
2009-04-01 00:00:00+09:00,424.7744176035834,440.35369873046875,424.7744176035834,440.35369873046875,5549000,0.0,0.0
2009-04-02 00:00:00+09:00,440.3535987594734,446.39453125,440.3535987594734,446.39453125,5588000,0.0,0.0
2009-04-03 00:00:00+09:00,434.47164120556636,439.2408142089844,434.47164120556636,439.2408142089844,5902000,0.0,0.0
2009-04-06 00:00:00+09:00,449.89191151683445,449.89191151683445,446.71246337890625,446.71246337890625,5601000,0.0,0.0
2009-04-07 00:00:00+09:00,446.51066370622436,446.51066370622436,423.5025939941406,423.5025939941406,10843000,0.0,0.0
2009-04-08 00:00:00+09:00,408.33820428389083,408.7181701660156,408.33820428389083,408.7181701660156,8181500,0.0,0.0
2009-04-09 00:00:00+09:00,411.8642143705044,415.7129211425781,411.8642143705044,415.7129211425781,7391500,0.0,0.0
2009-04-10 00:00:00+09:00,422.8666683971829,422.8666683971829,422.3897705078125,422.3897705078125,6604500,0.0,0.0
2009-04-13 00:00:00+09:00,412.58283085715834,412.58283085715834,411.26177978515625,411.26177978515625,2972000,0.0,0.0
2009-04-14 00:00:00+09:00,403.57067643312143,409.3540954589844,403.57067643312143,409.3540954589844,5338000,0.0,0.0
2009-04-15 00:00:00+09:00,409.35416137014664,409.35416137014664,403.3132019042969,403.3132019042969,3953500,0.0,0.0
2009-04-16 00:00:00+09:00,403.3130891315893,403.3130891315893,402.2002868652344,402.2002868652344,5591500,0.0,0.0
2009-04-17 00:00:00+09:00,402.20026146298363,417.3026428222656,402.20026146298363,417.3026428222656,7434000,0.0,0.0
2009-04-20 00:00:00+09:00,420.49965737765365,420.64117431640625,420.49965737765365,420.64117431640625,5376000,0.0,0.0
2009-04-21 00:00:00+09:00,413.32212807087313,413.32212807087313,411.89764404296875,411.89764404296875,4475500,0.0,0.0
2009-04-22 00:00:00+09:00,414.3689230399217,414.3689230399217,407.7642517089844,407.7642517089844,5017500,0.0,0.0
2009-04-23 00:00:00+09:00,408.8310730256885,410.3079528808594,408.8310730256885,410.3079528808594,5648500,0.0,0.0
2009-04-24 00:00:00+09:00,411.45681311792833,411.45681311792833,409.83099365234375,409.83099365234375,4107500,0.0,0.0
2009-04-27 00:00:00+09:00,409.8310193984003,411.73870849609375,409.8310193984003,411.73870849609375,4375500,0.0,0.0
2009-04-28 00:00:00+09:00,411.7385845788761,411.7385845788761,403.1540832519531,403.1540832519531,3349500,0.0,0.0
2009-04-30 00:00:00+09:00,403.15411599531996,410.46685791015625,403.15411599531996,410.46685791015625,3651000,0.0,0.0
2009-05-01 00:00:00+09:00,414.3696415062048,419.5282897949219,414.3696415062048,419.5282897949219,2741000,0.0,0.0
2009-05-07 00:00:00+09:00,418.20674273949186,427.6358337402344,418.20674273949186,427.6358337402344,4098500,0.0,0.0
2009-05-08 00:00:00+09:00,427.63585991460957,429.5435485839844,427.63585991460957,429.5435485839844,5308500,0.0,0.0
2009-05-11 00:00:00+09:00,429.71537176662804,429.71537176662804,426.0462646484375,426.0462646484375,7108500,0.0,0.0
2009-05-12 00:00:00+09:00,427.38814239443167,427.38814239443167,422.2308044433594,422.2308044433594,3809000,0.0,0.0
2009-05-13 00:00:00+09:00,422.2308627807194,424.2974853515625,422.2308627807194,424.2974853515625,5956500,0.0,0.0
2009-05-14 00:00:00+09:00,424.29751182880835,424.29751182880835,418.09759521484375,418.09759521484375,7457500,0.0,0.0
2009-05-15 00:00:00+09:00,418.31065627314393,418.31065627314393,416.5079040527344,416.5079040527344,5853000,0.0,0.0
2009-05-18 00:00:00+09:00,416.54747546189833,416.54747546189833,413.1693115234375,413.1693115234375,4947500,0.0,0.0
2009-05-19 00:00:00+09:00,413.16939358531533,427.31793212890625,413.16939358531533,427.31793212890625,6404000,0.0,0.0
2009-05-20 00:00:00+09:00,427.31787707975985,427.31787707975985,422.3897705078125,422.3897705078125,6037000,0.0,0.0
2009-05-21 00:00:00+09:00,422.3897950534377,422.3897950534377,417.93853759765625,417.93853759765625,4316000,0.0,0.0
2009-05-22 00:00:00+09:00,418.6905641876434,420.8001708984375,418.6905641876434,420.8001708984375,3346000,0.0,0.0
2009-05-25 00:00:00+09:00,419.7493223254549,425.41033935546875,419.7493223254549,425.41033935546875,4455000,0.0,0.0
2009-05-26 00:00:00+09:00,425.41029992598385,425.41029992598385,421.594970703125,421.594970703125,3043500,0.0,0.0
2009-05-27 00:00:00+09:00,421.5949653994446,433.3589172363281,421.5949653994446,433.3589172363281,5312500,0.0,0.0
2009-05-28 00:00:00+09:00,433.6403237809608,433.6403237809608,430.4974060058594,430.4974060058594,3512500,0.0,0.0
2009-05-29 00:00:00+09:00,430.69127186719584,450.2099304199219,430.69127186719584,450.2099304199219,8126500,0.0,0.0
2009-06-01 00:00:00+09:00,463.1550656938124,463.1550656938124,458.3175354003906,458.3175354003906,5591000,0.0,0.0
2009-06-02 00:00:00+09:00,458.543276320389,458.543276320389,456.7278137207031,456.7278137207031,3315000,0.0,0.0
2009-06-03 00:00:00+09:00,461.8149065725859,461.8149065725859,454.82012939453125,454.82012939453125,3072000,0.0,0.0
2009-06-04 00:00:00+09:00,449.80131871325636,449.80131871325636,446.39453125,446.39453125,3811500,0.0,0.0
2009-06-05 00:00:00+09:00,447.7605542262755,454.34320068359375,447.7605542262755,454.34320068359375,3350500,0.0,0.0
2009-06-08 00:00:00+09:00,454.43062706723384,454.43062706723384,453.707275390625,453.707275390625,2449000,0.0,0.0
2009-06-09 00:00:00+09:00,456.49888182009465,461.3380126953125,456.49888182009465,461.3380126953125,4023500,0.0,0.0
2009-06-10 00:00:00+09:00,463.29827425119714,474.5328369140625,463.29827425119714,474.5328369140625,5461000,0.0,0.0
2009-06-11 00:00:00+09:00,484.8659915489172,491.224889798739,483.2762669864617,488.0454406738281,7567000,0.0,0.0
2009-06-12 00:00:00+09:00,508.71180007886437,510.30152445411085,503.942626953125,503.942626953125,19091500,0.0,0.0
2009-06-15 00:00:00+09:00,500.76335573659355,500.76335573659355,483.27638140928394,491.2250061035156,6326500,0.0,0.0
2009-06-16 00:00:00+09:00,483.2761135349026,492.8144578809862,483.2761135349026,489.635009765625,3717000,0.0,0.0
2009-06-17 00:00:00+09:00,484.8659229893838,495.9939933530746,484.8659229893838,492.8145446777344,3332500,0.0,0.0
2009-06-18 00:00:00+09:00,483.2762395322713,488.04541294870813,483.2762395322713,486.4556884765625,2885500,0.0,0.0
2009-06-19 00:00:00+09:00,484.8661063481303,491.2250061035156,483.27638140928394,491.2250061035156,3931000,0.0,0.0
2009-06-22 00:00:00+09:00,497.58373751306226,500.7631863150627,495.9940131120621,499.1734619140625,2096500,0.0,0.0
2009-06-23 00:00:00+09:00,492.8144763300594,497.5836486816406,491.22475221286567,497.5836486816406,6330000,0.0,0.0
2009-06-24 00:00:00+09:00,484.8661260321589,484.8661260321589,480.0969510220065,481.6866760253906,4241000,0.0,0.0
2009-06-25 00:00:00+09:00,475.3276171715431,489.63513742085377,475.3276171715431,486.4556884765625,3979000,0.0,0.0
2009-06-26 00:00:00+09:00,486.4556070289865,486.4556070289865,473.7378133811698,480.0967102050781,7399000,0.0,0.0
2009-06-29 00:00:00+09:00,488.04541294870813,495.9940353094363,486.4556884765625,486.4556884765625,3583000,0.0,0.0
2009-06-30 00:00:00+09:00,497.58377358852283,502.3529471372946,495.99404907226557,495.9940490722656,3169500,0.0,0.0
2009-07-01 00:00:00+09:00,480.0967961361534,497.5837655318411,480.0967961361534,483.2762451171875,5671000,0.0,0.0
2009-07-02 00:00:00+09:00,491.22487834182203,497.5837764433343,483.27625571493166,494.4043273925781,4299000,0.0,0.0
2009-07-03 00:00:00+09:00,486.4555616502638,491.2247338233056,483.2761135349026,489.635009765625,3322000,0.0,0.0
2009-07-06 00:00:00+09:00,483.2762451171875,491.22486756977287,481.6865206266705,483.2762451171875,3162000,0.0,0.0
2009-07-07 00:00:00+09:00,484.8658828230094,488.04533123496356,480.0967102050781,480.0967102050781,4467000,0.0,0.0
2009-07-08 00:00:00+09:00,475.32751306431766,481.68640956016134,473.7377889403567,475.6454772949219,4777500,0.0,0.0
2009-07-09 00:00:00+09:00,469.28654073490594,473.7377484961737,459.27125050026456,463.0865783691406,5305500,0.0,0.0
2009-07-10 00:00:00+09:00,462.9277928433166,467.855899971437,453.0714815579928,464.9944152832031,8087500,0.0,0.0
2009-07-13 00:00:00+09:00,456.2508771389534,461.8149122260138,451.3227220732213,452.1175842285156,3080500,0.0,0.0
2009-07-14 00:00:00+09:00,453.07146801374347,457.84064136125653,449.256139038641,455.4560546875,3175500,0.0,0.0
2009-07-15 00:00:00+09:00,461.0201643687969,467.5380453610584,457.99969713273845,464.517578125,3529500,0.0,0.0
2009-07-16 00:00:00+09:00,468.0150098954568,469.1278367527694,457.6817978459004,462.6099548339844,3546000,0.0,0.0
2009-07-17 00:00:00+09:00,463.4046805615193,463.8815784941884,456.7278184169093,462.4508361816406,1940500,0.0,0.0
2009-07-21 00:00:00+09:00,462.60970828957755,466.2660542757455,458.6353980809042,464.1994323730469,3785000,0.0,0.0
2009-07-22 00:00:00+09:00,476.91736245445645,481.68653607900103,472.1481888299119,474.0558776855469,4869500,0.0,0.0
2009-07-23 00:00:00+09:00,475.1686547996916,481.686535109695,474.2148103737935,475.8045349121094,2986500,0.0,0.0
2009-07-24 00:00:00+09:00,481.6865206266705,483.2762451171875,475.3276226646022,483.2762451171875,2833500,0.0,0.0
2009-07-27 00:00:00+09:00,486.4557161113726,495.9940634861054,483.2762669864617,488.0454406738281,4464500,0.0,0.0
2009-07-28 00:00:00+09:00,495.9940708705357,503.94269380115327,494.4043462844122,500.76324462890625,4328500,0.0,0.0
2009-07-29 00:00:00+09:00,494.4042887110619,503.94263511706305,492.81456431006166,499.1734619140625,2878000,0.0,0.0
2009-07-30 00:00:00+09:00,499.17348425372757,502.35293319801883,480.09679058798,486.4556884765625,4423500,0.0,0.0
2009-07-31 00:00:00+09:00,494.40433495022285,507.12213134765625,492.8146104005437,507.12213134765625,4046000,0.0,0.0
2009-08-03 00:00:00+09:00,497.58377358852283,500.76322262103736,495.99404907226557,495.9940490722656,1993000,0.0,0.0
2009-08-04 00:00:00+09:00,492.8146216982887,507.1221429734003,492.8146216982887,500.76324462890625,5202000,0.0,0.0
2009-08-05 00:00:00+09:00,508.71174100079116,511.8911893820461,502.35284423828125,502.35284423828125,3405500,0.0,0.0
2009-08-06 00:00:00+09:00,499.17347313236223,513.4809930629076,499.17347313236223,510.3015441894531,2941500,0.0,0.0
2009-08-07 00:00:00+09:00,515.0708618164062,518.2503115807051,508.71196228780866,515.0708618164062,3161500,0.0,0.0
2009-08-10 00:00:00+09:00,523.0193029822949,524.6090273074691,510.30150838090174,513.48095703125,3905000,0.0,0.0
2009-08-11 00:00:00+09:00,516.6603977694833,523.0192949728,515.0706734686541,518.2501220703125,3029500,0.0,0.0
2009-08-12 00:00:00+09:00,510.3015718637786,516.660469955539,508.71184734083846,511.89129638671875,2126000,0.0,0.0
2009-08-13 00:00:00+09:00,511.8911893820461,516.6603619539285,500.7631200476538,502.35284423828125,3402000,0.0,0.0
2009-08-14 00:00:00+09:00,510.3015804470146,511.89130499669375,505.5324067979771,507.12213134765625,5887500,0.0,0.0
2009-08-17 00:00:00+09:00,502.3528022270698,503.9425262847504,489.635009765625,489.635009765625,2142500,0.0,0.0
2009-08-18 00:00:00+09:00,497.5837176907447,505.5323393790953,488.04537166472403,492.8145446777344,2017500,0.0,0.0
2009-08-19 00:00:00+09:00,491.2249265576972,494.4043759205302,481.68657846919825,484.86602783203125,2671500,0.0,0.0
2009-08-20 00:00:00+09:00,488.0454479399181,503.94269380115327,484.8659987676711,500.76324462890625,2636000,0.0,0.0
2009-08-21 00:00:00+09:00,507.1222260673091,508.7119509139151,495.99415214106716,505.5325012207031,3856500,0.0,0.0
2009-08-24 00:00:00+09:00,515.070745432599,515.070745432599,507.12212281789834,511.89129638671875,2900500,0.0,0.0
2009-08-25 00:00:00+09:00,503.94256842890877,508.71174100079116,497.58367166639886,502.35284423828125,4128000,0.0,0.0
2009-08-26 00:00:00+09:00,503.9426822482979,508.71185589733545,499.1735085992604,507.12213134765625,3927500,0.0,0.0
2009-08-27 00:00:00+09:00,502.35289070375507,503.94261504142514,491.22482034006424,492.8145446777344,2792000,0.0,0.0
2009-08-28 00:00:00+09:00,492.81460286720005,499.17350096871235,489.63515381644396,494.4043273925781,2529000,0.0,0.0
2009-08-31 00:00:00+09:00,507.1220757036179,516.6604219550966,502.3529025778786,503.942626953125,3583000,0.0,0.0
2009-09-02 00:00:00+09:00,507.12210661445573,508.71183108660136,486.4556884765625,486.4556884765625,4406500,0.0,0.0
2009-09-03 00:00:00+09:00,489.63516523628357,491.224889798739,484.8659915489172,488.0454406738281,2339000,0.0,0.0
2009-09-04 00:00:00+09:00,489.63516523628357,489.63516523628357,481.68654242400623,488.0454406738281,2447500,0.0,0.0
2009-09-07 00:00:00+09:00,494.4041819386668,494.4041819386668,486.4555616502638,489.635009765625,1403000,0.0,0.0
2009-09-08 00:00:00+09:00,492.8144578809862,492.8144578809862,484.8658375925832,489.635009765625,2101000,0.0,0.0
2009-09-09 00:00:00+09:00,486.4557161113726,495.9940634861054,484.8659915489172,488.0454406738281,2137500,0.0,0.0
2009-09-10 00:00:00+09:00,495.99405949990205,507.12213134765625,492.8146104005437,507.12213134765625,3547000,0.0,0.0
2009-09-11 00:00:00+09:00,510.3015327210639,510.3015327210639,499.1734619140625,499.1734619140625,15135000,0.0,0.0
2009-09-14 00:00:00+09:00,492.8145920602899,499.1734900223582,480.0967961361534,483.2762451171875,4055000,0.0,0.0
2009-09-15 00:00:00+09:00,486.4557336952995,486.4557336952995,478.50711059570307,478.5071105957031,2341500,0.0,0.0
2009-09-16 00:00:00+09:00,481.6865188239133,484.865967793048,474.37377649199516,475.9635009765625,4107500,0.0,0.0
2009-09-17 00:00:00+09:00,475.00969702606255,480.0968352156224,475.00969702606255,478.5071105957031,3102500,0.0,0.0
2009-09-18 00:00:00+09:00,475.3275405184031,480.096713165745,468.332763671875,468.332763671875,5446500,0.0,0.0
2009-09-21 00:00:00+09:00,468.332763671875,468.332763671875,468.332763671875,468.332763671875,0,0.0,0.0
2009-09-24 00:00:00+09:00,461.97397036680127,470.8764376736942,458.47655690227566,470.2405090332031,5590000,0.0,0.0
2009-09-25 00:00:00+09:00,476.6645715757096,476.82518265538556,463.81646938755983,471.5253601074219,3970500,6.0,0.0
2009-09-28 00:00:00+09:00,468.79497140011586,473.13122412996023,462.53153335492226,464.9405517578125,2691000,0.0,0.0
2009-09-29 00:00:00+09:00,477.7888277522022,477.7888277522022,466.06495343217557,472.0071716308594,3630000,0.0,0.0
2009-09-30 00:00:00+09:00,459.31977338470386,463.9772018439704,454.66234492543737,461.889404296875,4483000,0.0,0.0
2009-10-01 00:00:00+09:00,462.0498961827826,462.0498961827826,443.74131129051534,444.22314453125,7490500,0.0,0.0
2009-10-02 00:00:00+09:00,425.1115224082108,428.48410940174574,425.1115224082108,428.32354736328125,8399500,0.0,0.0
2009-10-05 00:00:00+09:00,430.41133519222865,436.83538497121714,426.5569151271576,427.1993103027344,4287500,0.0,0.0
2009-10-06 00:00:00+09:00,428.80536751393123,432.65978798139633,421.5783107580785,429.9295959472656,5056000,0.0,0.0
2009-10-07 00:00:00+09:00,431.21440327392935,431.21440327392935,424.3085683754929,426.5569763183594,5006000,0.0,0.0
2009-10-08 00:00:00+09:00,432.981083376175,432.981083376175,423.98740142246464,425.5934143066406,3976500,0.0,0.0
2009-10-09 00:00:00+09:00,429.9296227353332,432.98103708672005,423.66613394736953,431.6961975097656,7922000,0.0,0.0
2009-10-13 00:00:00+09:00,427.52053800114334,431.6961312029399,423.9872909717345,428.8053283691406,3947500,0.0,0.0
2009-10-14 00:00:00+09:00,435.0687040326066,441.3321419377654,431.37489550206783,435.550537109375,4434500,0.0,0.0
2009-10-15 00:00:00+09:00,441.9747109293128,447.7563173914169,440.2080871718398,447.1139221191406,4870500,0.0,0.0
2009-10-16 00:00:00+09:00,449.68351068305196,456.7499560486059,447.27449187582135,451.45013427734375,4260000,0.0,0.0
2009-10-19 00:00:00+09:00,455.4651292703973,455.4651292703973,446.47144997223194,449.2016906738281,3516500,0.0,0.0
2009-10-20 00:00:00+09:00,460.12256948518245,460.12256948518245,450.8077168279976,454.50152587890625,2805000,0.0,0.0
2009-10-21 00:00:00+09:00,451.28953146663525,456.5893533347295,449.04112367446237,453.8591613769531,2312500,0.0,0.0
2009-10-22 00:00:00+09:00,444.86548412633005,447.4351140535703,434.10518024859255,438.28082275390625,4908500,0.0,0.0
2009-10-23 00:00:00+09:00,436.51414116584647,441.8140113768679,435.2293508785971,439.0837707519531,3997500,0.0,0.0
2009-10-26 00:00:00+09:00,434.10518024859255,440.8504526811465,433.62339607981625,438.28082275390625,2147500,0.0,0.0
2009-10-27 00:00:00+09:00,435.22944719077896,445.3473077237769,434.42644083064835,440.0474853515625,3154000,0.0,0.0
2009-10-28 00:00:00+09:00,443.0988180774048,445.9896698482108,435.06875595562656,435.7111511230469,3988000,0.0,0.0
2009-10-29 00:00:00+09:00,430.4113210352871,432.65972858165713,418.36622809586675,422.5418701171875,6712000,0.0,0.0
2009-10-30 00:00:00+09:00,428.8053392464274,429.6083454996979,419.97227046045236,423.8266906738281,3937500,0.0,0.0
2009-11-02 00:00:00+09:00,417.4025604793525,422.8629921505128,416.27838134765625,416.27838134765625,7437000,0.0,0.0
2009-11-04 00:00:00+09:00,413.548192785286,415.7966003417969,405.5181307894552,415.7966003417969,3928000,0.0,0.0
2009-11-05 00:00:00+09:00,409.53318359880507,414.0299989513238,406.32115862940265,413.3876037597656,4318000,0.0,0.0
2009-11-06 00:00:00+09:00,419.811643007847,422.2206616735519,415.15421672313965,417.7238464355469,3893500,0.0,0.0
2009-11-09 00:00:00+09:00,420.61476364700525,420.61476364700525,408.8908892227119,416.5997314453125,4668000,0.0,0.0
2009-11-10 00:00:00+09:00,422.5418644210539,425.43266708290145,418.20561141667457,420.93585205078125,3556000,0.0,0.0
2009-11-11 00:00:00+09:00,414.5119294478854,422.0601604916444,412.5846944090066,414.351318359375,4390500,0.0,0.0
2009-11-12 00:00:00+09:00,420.77524858153373,420.77524858153373,414.0299769003923,415.7966003417969,3361500,0.0,0.0
2009-11-13 00:00:00+09:00,413.5482615469014,425.9145786813002,413.5482615469014,418.2056884765625,9673500,0.0,0.0
2009-11-16 00:00:00+09:00,422.54191147158247,428.80535061076534,419.4904974306076,426.3963317871094,4270000,0.0,0.0
2009-11-17 00:00:00+09:00,423.82669907934957,425.4327116177417,416.1178584997128,417.40264892578125,3182000,0.0,0.0
2009-11-18 00:00:00+09:00,410.97868477250995,423.0237813309752,409.8544806615489,413.8695373535156,3644500,0.0,0.0
2009-11-19 00:00:00+09:00,420.29348685094766,423.9872959611158,411.78159127506444,413.3876037597656,4090000,0.0,0.0
2009-11-20 00:00:00+09:00,409.5331894647542,418.8480424047978,409.5331894647542,413.7088317871094,2936000,0.0,0.0
2009-11-24 00:00:00+09:00,409.85435870916746,413.70880316447136,405.99993875966794,406.9635314941406,2963000,0.0,0.0
2009-11-25 00:00:00+09:00,413.387629217719,415.4754749833748,408.89081358826957,410.496826171875,2378000,0.0,0.0
2009-11-26 00:00:00+09:00,404.07284756939197,409.8544791932557,403.4304277184216,405.8394470214844,2130500,0.0,0.0
2009-11-27 00:00:00+09:00,392.99132258202496,396.04276156919747,388.97629062980604,389.4580993652344,8884000,0.0,0.0
2009-11-30 00:00:00+09:00,385.92482634715634,393.79427815567567,385.44301767390255,393.3124694824219,3994500,0.0,0.0
2009-12-01 00:00:00+09:00,396.5244642356155,404.23332889936097,390.74283411716027,402.1455078125,5483500,0.0,0.0
2009-12-02 00:00:00+09:00,408.5695399541711,427.8416885275906,405.6787372728015,421.7388610839844,12339000,0.0,0.0
2009-12-03 00:00:00+09:00,433.6234616560939,440.0475129398879,430.7326581830353,439.88690185546875,5937500,0.0,0.0
2009-12-04 00:00:00+09:00,435.3899755096063,438.2807782519678,431.3749444720991,433.62335205078125,4785500,0.0,0.0
2009-12-07 00:00:00+09:00,433.78401859209885,440.3686801383616,433.62340752772843,439.565673828125,2612500,0.0,0.0
2009-12-08 00:00:00+09:00,432.01744883514544,440.0475129398879,428.80542319324843,439.88690185546875,2488000,0.0,0.0
2009-12-09 00:00:00+09:00,434.58707424649,439.72628580855394,433.78406784507797,437.63848876953125,1744000,0.0,0.0
2009-12-10 00:00:00+09:00,436.0323844652497,437.9596190288565,425.5933034375366,428.8053283691406,3793500,0.0,0.0
2009-12-11 00:00:00+09:00,433.78403249407285,437.47784203489437,426.0751422617771,435.3900451660156,14327000,0.0,0.0
2009-12-14 00:00:00+09:00,441.8139750145338,441.97458604012326,430.73250041131377,435.550537109375,2582000,0.0,0.0
2009-12-15 00:00:00+09:00,431.3750405307373,436.6748630757681,427.52061967874937,435.8718566894531,1604000,0.0,0.0
2009-12-16 00:00:00+09:00,436.6748974032045,445.98980162368423,435.22949559653716,445.02618408203125,4109500,0.0,0.0
2009-12-17 00:00:00+09:00,443.09893244706393,447.91697096372997,441.4929196081752,442.13531494140625,2722000,0.0,0.0
2009-12-18 00:00:00+09:00,436.193042215443,444.5442785247775,432.65979480774473,443.098876953125,3490000,0.0,0.0
2009-12-21 00:00:00+09:00,446.31079698651774,448.3986423302401,441.6533712376057,446.63201904296875,2031000,0.0,0.0
2009-12-22 00:00:00+09:00,449.683686862079,451.771484375,442.7778498470643,451.771484375,3629000,0.0,0.0
2009-12-24 00:00:00+09:00,445.3472408993582,458.6771738843388,444.5442346597188,455.46514892578125,4881500,0.0,0.0
2009-12-25 00:00:00+09:00,455.30461794213534,457.07124178233,449.84418435467705,454.1803894042969,1851500,0.0,0.0
2009-12-28 00:00:00+09:00,457.5529896122506,462.37102751412397,455.1439706613139,460.12261962890625,3058000,0.0,0.0
2009-12-29 00:00:00+09:00,461.2468033587378,468.1526374105786,460.4437971196116,466.22540283203125,4223500,0.0,0.0
2009-12-30 00:00:00+09:00,464.2982482910156,470.72229863330125,464.13763723013557,464.2982482910156,2785500,0.0,0.0
2010-01-04 00:00:00+09:00,463.81638983068984,470.72227297924957,463.49521673804804,467.18902587890625,2030500,0.0,0.0
2010-01-05 00:00:00+09:00,473.9343726355385,479.71602834162246,472.00713772963735,478.7524108886719,4363500,0.0,0.0
2010-01-06 00:00:00+09:00,481.80359797691233,484.2126159667969,476.66433999385333,484.2126159667969,4436000,0.0,0.0
2010-01-07 00:00:00+09:00,476.1828663545497,481.8039119944853,473.93445790090107,477.78887939453125,3365500,0.0,0.0
2010-01-08 00:00:00+09:00,480.1975990514093,480.51882106344067,460.9254546078745,463.97686767578125,12628500,0.0,0.0
2010-01-12 00:00:00+09:00,465.58289173967404,467.9919098573456,460.6042444941663,466.5465087890625,4124500,0.0,0.0
2010-01-13 00:00:00+09:00,465.58319631916004,467.99221601278623,455.7865064294207,458.1955261230469,3853500,0.0,0.0
2010-01-14 00:00:00+09:00,464.1375486914692,465.58294994043644,457.71349957463224,464.4587707519531,4030500,0.0,0.0
2010-01-15 00:00:00+09:00,464.4587676818764,468.15257629499945,458.8377247417992,464.9405517578125,5745500,0.0,0.0
2010-01-18 00:00:00+09:00,458.1953020123915,464.13756728819817,457.87412895064426,463.81634521484375,4952000,0.0,0.0
2010-01-19 00:00:00+09:00,461.7286183517785,465.2618656446814,460.7650009981127,464.2982482910156,2420500,0.0,0.0
2010-01-20 00:00:00+09:00,464.13756728819817,468.9556043188715,462.5315549446404,463.81634521484375,2794000,0.0,0.0
2010-01-21 00:00:00+09:00,459.1588792886676,467.9919464100402,458.83770625485215,467.5101623535156,5536000,0.0,0.0
2010-01-22 00:00:00+09:00,457.71364177607455,459.6408767145167,443.4201378527598,444.86553955078125,9670500,0.0,0.0
2010-01-25 00:00:00+09:00,444.8654816758881,450.4865256681827,442.1352407035565,444.3836975097656,5018000,0.0,0.0
2010-01-26 00:00:00+09:00,445.82899516293935,450.1651986827561,440.0473414582477,443.74114990234375,4250500,0.0,0.0
2010-01-27 00:00:00+09:00,449.2017157247461,460.6043652621592,447.4350921729346,456.42877197265625,6944500,0.0,0.0
2010-01-28 00:00:00+09:00,459.4801198469156,466.2253419680453,452.57423768500075,464.9405517578125,6506000,0.0,0.0
2010-01-29 00:00:00+09:00,453.69853905511496,455.3045515827437,448.8805014722288,451.2895202636719,4547500,0.0,0.0
2010-02-01 00:00:00+09:00,454.18033172720715,462.6922276902532,450.4865224490264,453.05615234375,5117500,0.0,0.0
2010-02-02 00:00:00+09:00,464.4589168841285,464.4589168841285,452.8956052310284,453.2168273925781,3876500,0.0,0.0
2010-02-03 00:00:00+09:00,432.0174150513012,432.17802612316063,419.16931348843724,428.1629943847656,12416000,0.0,0.0
2010-02-04 00:00:00+09:00,436.19304559846313,438.44145350642924,430.89317444581116,435.0688171386719,9016500,0.0,0.0
2010-02-05 00:00:00+09:00,427.03877044589956,435.39005615543886,424.14796716808434,431.6961975097656,8300500,0.0,0.0
2010-02-08 00:00:00+09:00,428.16298011871453,428.3235911852224,422.86310899364986,426.07513427734375,4221500,0.0,0.0
2010-02-09 00:00:00+09:00,425.59338998336654,426.71761854268794,419.00872773224313,419.651123046875,4179000,0.0,0.0
2010-02-10 00:00:00+09:00,415.95724744355095,421.7389023840851,411.7816050414089,417.40264892578125,4883000,0.0,0.0
2010-02-12 00:00:00+09:00,421.7389023840851,421.7389023840851,414.3512349051589,417.40264892578125,5970000,0.0,0.0
2010-02-15 00:00:00+09:00,421.8995605060385,425.4327590776858,420.29354778848466,422.2207336425781,3728500,0.0,0.0
2010-02-16 00:00:00+09:00,421.89947509765625,425.5932839956162,421.5782530145255,421.89947509765625,2313000,0.0,0.0
2010-02-17 00:00:00+09:00,425.5933503424612,432.338623046875,423.344942444862,432.338623046875,3859500,0.0,0.0
2010-02-18 00:00:00+09:00,438.60205284765766,442.6170843658317,436.1930339367532,441.3322448730469,4510500,0.0,0.0
2010-02-19 00:00:00+09:00,441.4929562192838,443.09896919135224,431.8568783868733,432.1781005859375,3547000,0.0,0.0
2010-02-22 00:00:00+09:00,439.88685507556096,446.9533009339265,436.9960519099257,441.9747009277344,3378000,0.0,0.0
2010-02-23 00:00:00+09:00,444.7048895908758,449.04114331744944,441.8140864475708,443.098876953125,2977500,0.0,0.0
2010-02-24 00:00:00+09:00,432.659924900173,439.0839773827639,431.69630722545816,436.0325622558594,3077500,0.0,0.0
2010-02-25 00:00:00+09:00,441.653497804992,443.5807326727885,438.602083440663,440.68988037109375,3390500,0.0,0.0
2010-02-26 00:00:00+09:00,438.28083903987255,449.3623164380299,438.28083903987255,443.098876953125,3973000,0.0,0.0
2010-03-01 00:00:00+09:00,444.0624753912746,447.5957226482197,442.77768494053856,444.3836975097656,2179500,0.0,0.0
2010-03-02 00:00:00+09:00,441.65347336100467,444.2231033719737,439.24445441539916,440.3686828613281,3440000,0.0,0.0
2010-03-03 00:00:00+09:00,438.6019914505248,440.36861487354594,431.37493572948154,432.4991149902344,4754000,0.0,0.0
2010-03-04 00:00:00+09:00,435.2293807285864,435.38999177841,427.3599294033438,430.89312744140625,4560000,0.0,0.0
2010-03-05 00:00:00+09:00,439.88682431739124,446.6320965810463,438.4414228356403,443.25946044921875,4705000,0.0,0.0
2010-03-08 00:00:00+09:00,446.4715324593274,449.5229467997114,442.6171117655993,448.0775451660156,4538500,0.0,0.0
2010-03-09 00:00:00+09:00,453.3773388901628,460.1226114373458,453.3773388901628,457.7135925292969,4507500,0.0,0.0
2010-03-10 00:00:00+09:00,462.210366399878,468.79502728843556,462.210366399878,463.3345947265625,4357000,0.0,0.0
2010-03-11 00:00:00+09:00,465.1011658613158,472.4888321479993,462.85275847274386,464.4587707519531,5100000,0.0,0.0
2010-03-12 00:00:00+09:00,472.48891661906487,474.89793546856055,469.43745353374584,470.8829040527344,21383000,0.0,0.0
2010-03-15 00:00:00+09:00,470.07990051024365,473.77370982969387,469.43745627067466,471.6859130859375,2345000,0.0,0.0
2010-03-16 00:00:00+09:00,475.3797803833128,478.1100216996218,472.1677548401823,472.8101501464844,3105500,0.0,0.0
2010-03-17 00:00:00+09:00,473.45252589128813,478.91300829829703,472.328346404612,475.3797607421875,3210000,0.0,0.0
2010-03-18 00:00:00+09:00,475.3796965710105,479.3947277920495,473.77368408259497,475.8614807128906,2896500,0.0,0.0
2010-03-19 00:00:00+09:00,476.0221664139893,481.00081571115317,476.0221664139893,479.23419189453125,3881000,0.0,0.0
2010-03-23 00:00:00+09:00,477.4674932013062,477.4674932013062,474.4160792756389,475.8614807128906,2359000,0.0,0.0
2010-03-24 00:00:00+09:00,475.8614836743991,481.32196537828446,471.04344617916746,476.0220947265625,4713500,0.0,0.0
2010-03-25 00:00:00+09:00,480.19786757518955,483.40989344525775,477.3070638967783,479.0736389160156,4749500,0.0,0.0
2010-03-26 00:00:00+09:00,479.8764273731889,488.22771044598505,479.39464331620576,485.01568603515625,4218500,0.0,0.0
2010-03-29 00:00:00+09:00,485.8268556405377,492.31536122505236,483.55588858663134,489.8821716308594,2292500,6.0,0.0
2010-03-30 00:00:00+09:00,489.88218146876284,493.93749754052413,489.0711182544106,493.1264343261719,2893000,0.0,0.0
2010-03-31 00:00:00+09:00,498.80394337073955,507.7256399188341,496.3707534030774,505.2924499511719,4400000,0.0,0.0
2010-04-01 00:00:00+09:00,512.5920126638105,512.5920126638105,499.61499968497986,502.8592529296875,8273500,0.0,0.0
2010-04-02 00:00:00+09:00,507.72558229647024,517.4583410625368,505.2923926049536,516.6472778320312,3950000,0.0,0.0
2010-04-05 00:00:00+09:00,523.1357886086048,527.1911047993691,516.6472827033817,518.2694091796875,3761000,0.0,0.0
2010-04-06 00:00:00+09:00,518.2694984364285,524.7580054591068,515.8363083029242,517.4584350585938,3798500,0.0,0.0
2010-04-07 00:00:00+09:00,518.2693098536078,518.2693098536078,512.5918682746168,515.8361206054688,4581000,0.0,0.0
2010-04-08 00:00:00+09:00,513.4029539541345,515.0250801909565,502.04807029638124,503.6701965332031,5726500,0.0,0.0
2010-04-09 00:00:00+09:00,496.37064609279884,504.4812775649034,494.7485197983779,499.6148986816406,23185500,0.0,0.0
2010-04-12 00:00:00+09:00,510.15866179324905,524.7577967889223,506.9144095719883,519.8914184570312,7939500,0.0,0.0
2010-04-13 00:00:00+09:00,513.4029313573297,523.9467514325988,512.5918682746168,515.8361206054688,4685000,0.0,0.0
2010-04-14 00:00:00+09:00,519.8915356559933,526.3800415612163,515.025156227076,518.2694091796875,3070500,0.0,0.0
2010-04-15 00:00:00+09:00,524.7578404665732,528.0020929578657,519.8914617296343,523.94677734375,2843500,0.0,0.0
2010-04-16 00:00:00+09:00,523.946738169046,524.7578012312271,510.96972917414695,511.7807922363281,2924500,0.0,0.0
2010-04-19 00:00:00+09:00,512.5920198541584,512.5920198541584,504.4813866286179,505.2924499511719,2904000,0.0,0.0
2010-04-20 00:00:00+09:00,509.34784158727894,514.2142222393867,507.725714703243,510.1589050292969,2322500,0.0,0.0
2010-04-21 00:00:00+09:00,516.6472467031612,527.1910680644502,515.8361835215235,526.3800048828125,4067500,0.0,0.0
2010-04-22 00:00:00+09:00,529.6241909775889,536.9237586939722,523.9467494204018,524.7578125,5094500,0.0,0.0
2010-04-23 00:00:00+09:00,528.0023260973171,541.7904052734375,522.3248817306793,541.7904052734375,8033000,0.0,0.0
2010-04-26 00:00:00+09:00,549.0897123098715,570.9884157550215,548.2786492193104,565.3109741210938,8941000,0.0,0.0
2010-04-27 00:00:00+09:00,558.0116103994056,569.3664978203237,558.0116103994056,562.8779907226562,4679000,0.0,0.0
2010-04-28 00:00:00+09:00,546.6566210865269,552.3340637387608,539.357051962226,548.2787475585938,6246500,0.0,0.0
2010-04-30 00:00:00+09:00,557.2004296231585,566.1221250028597,552.3340503251396,553.9561767578125,4105000,0.0,0.0
2010-05-06 00:00:00+09:00,532.0576200982675,546.656762113159,531.2465566529958,544.2235717773438,5896500,0.0,0.0
2010-05-07 00:00:00+09:00,523.9468153378997,530.4353207910005,510.9698044316978,526.3800048828125,7567000,0.0,0.0
2010-05-10 00:00:00+09:00,528.0022300318668,541.7903066993656,526.3801033651023,539.3571166992188,4947500,0.0,0.0
2010-05-11 00:00:00+09:00,543.4122922915054,553.9561128882062,523.94677734375,523.94677734375,7694500,0.0,0.0
2010-05-12 00:00:00+09:00,558.0114780287115,586.3986898470325,556.3893516390931,579.09912109375,19701500,0.0,0.0
2010-05-13 00:00:00+09:00,583.1544420466076,591.2650740639458,573.421683625802,580.7212524414062,15017500,0.0,0.0
2010-05-14 00:00:00+09:00,576.6659215792804,586.3986797493949,570.9884793133804,575.8548583984375,13502500,0.0,0.0
2010-05-17 00:00:00+09:00,568.5552995612308,585.5876266522234,566.1221099768032,579.09912109375,9604500,0.0,0.0
2010-05-18 00:00:00+09:00,579.91015625,592.076103583916,573.4216510052447,579.91015625,14461500,0.0,0.0
2010-05-19 00:00:00+09:00,568.5554344331154,575.0439415307828,553.145230076155,562.8779907226562,11421500,0.0,0.0
2010-05-20 00:00:00+09:00,562.8776963897968,575.0436408362622,558.0113186112106,566.1219482421875,9289500,0.0,0.0
2010-05-21 00:00:00+09:00,551.5229955837352,555.5783117277332,540.9791736093403,546.6566162109375,10966000,0.0,0.0
2010-05-24 00:00:00+09:00,549.9008740306606,557.2004431549614,544.2234313784267,548.2787475585938,9664000,0.0,0.0
2010-05-25 00:00:00+09:00,545.8456330648283,553.1452031949672,529.6243661089642,532.0575561523438,8653500,0.0,0.0
2010-05-26 00:00:00+09:00,543.412353515625,553.145112086054,538.5459742304104,543.412353515625,10920000,0.0,0.0
2010-05-27 00:00:00+09:00,543.4123816155176,546.6566346400879,533.6796225418068,542.601318359375,7345000,0.0,0.0
2010-05-28 00:00:00+09:00,548.2788890037025,550.7120793395177,534.4908104340827,544.2235717773438,8897500,0.0,0.0
2010-05-31 00:00:00+09:00,536.1127120092665,555.578226514898,533.6795226960626,549.0897216796875,8985000,0.0,0.0
2010-06-01 00:00:00+09:00,549.0897394816081,555.578244527181,538.5459187825521,545.034423828125,4898500,0.0,0.0
2010-06-02 00:00:00+09:00,534.490736698925,548.278813366424,529.6243566986313,539.3571166992188,4485500,0.0,0.0
2010-06-03 00:00:00+09:00,550.7118881687974,568.5552777707319,547.4676355139002,562.0667724609375,7582500,0.0,0.0
2010-06-04 00:00:00+09:00,560.444646133489,564.4999619521104,556.3893303148674,562.0667724609375,4947000,0.0,0.0
2010-06-07 00:00:00+09:00,542.6013984220574,546.656715301146,536.9239547913334,538.5460815429688,5768000,0.0,0.0
2010-06-08 00:00:00+09:00,545.0343546784682,562.8777412899657,542.6011655950822,561.255615234375,7326500,0.0,0.0
2010-06-09 00:00:00+09:00,559.6336027354895,572.6106138134138,558.8225395431192,568.5552978515625,10687500,0.0,0.0
2010-06-10 00:00:00+09:00,567.7443377357029,573.42178111306,558.8226409998562,572.6107177734375,6324000,0.0,0.0
2010-06-11 00:00:00+09:00,582.3433872422538,582.3433872422538,570.9885022542433,573.4216918945312,19761500,0.0,0.0
2010-06-14 00:00:00+09:00,581.532372559937,592.0761952144408,577.4770561543587,589.6430053710938,4150000,0.0,0.0
2010-06-15 00:00:00+09:00,590.4538786514945,597.7534458326256,583.1543114703634,596.9423828125,5029000,0.0,0.0
2010-06-16 00:00:00+09:00,605.8641661391429,618.0301132503706,600.9977872946517,615.596923828125,8693000,0.0,0.0
2010-06-17 00:00:00+09:00,609.9194818428854,617.2190501096221,609.9194818428854,615.596923828125,4616000,0.0,0.0
2010-06-18 00:00:00+09:00,617.2192428408882,620.4634964169244,613.163925870843,618.8413696289062,3782500,0.0,0.0
2010-06-21 00:00:00+09:00,627.7629296240868,628.5739928406555,613.9748549424208,624.5186767578125,3763000,0.0,0.0
2010-06-22 00:00:00+09:00,623.7076932221456,629.3851364634395,616.408123340482,620.4634399414062,4328000,0.0,0.0
2010-06-23 00:00:00+09:00,597.7535727768924,598.5646359692627,540.1680861186029,568.5552978515625,22899000,0.0,0.0
2010-06-24 00:00:00+09:00,560.444683908046,575.8548850574713,554.7672413793103,564.5,10838000,0.0,0.0
2010-06-25 00:00:00+09:00,553.1452262777292,562.877986857396,548.2788459878958,550.7120361328125,7647500,0.0,0.0
2010-06-28 00:00:00+09:00,558.8225646429316,562.0668175581301,543.412363295739,546.6566162109375,4807500,0.0,0.0
2010-06-29 00:00:00+09:00,556.3893076578777,565.3110020955404,543.4122975667318,545.034423828125,7935500,0.0,0.0
2010-06-30 00:00:00+09:00,533.6795095732717,542.6012035023082,528.8131310665245,535.3016357421875,5755500,0.0,0.0
2010-07-01 00:00:00+09:00,527.1910400390625,532.868482008714,523.946787484976,527.1910400390625,4529000,0.0,0.0
2010-07-02 00:00:00+09:00,523.94677734375,526.3799667122195,519.0803986068112,523.94677734375,4210500,0.0,0.0
2010-07-05 00:00:00+09:00,531.2464551940263,536.1128349362617,526.380075451791,529.6243286132812,3658000,0.0,0.0
2010-07-06 00:00:00+09:00,526.3798597977352,540.978993043281,523.9466709234775,537.7347412109375,3729000,0.0,0.0
2010-07-07 00:00:00+09:00,538.5459677659828,539.3570309704497,528.8132093123808,531.2463989257812,4106000,0.0,0.0
2010-07-08 00:00:00+09:00,543.4123816155176,547.4676978962304,536.1128123102345,542.601318359375,6091000,0.0,0.0
2010-07-09 00:00:00+09:00,551.5228114983975,551.5228114983975,532.0573005043364,537.7347412109375,9060000,0.0,0.0
2010-07-12 00:00:00+09:00,528.0021211845931,530.4353106831395,520.7025526889535,523.1357421875,7420000,0.0,0.0
2010-07-13 00:00:00+09:00,529.6242658615113,532.0574554443359,515.025128364563,519.0804443359375,6459000,0.0,0.0
2010-07-14 00:00:00+09:00,527.1910829034471,532.0574621302482,523.1357668811129,531.2463989257812,5909500,0.0,0.0
2010-07-15 00:00:00+09:00,523.9468397681738,538.5459777183706,523.9468397681738,534.4906616210938,6548000,0.0,0.0
2010-07-16 00:00:00+09:00,528.0021819102614,532.0574982075751,510.15879020208047,512.5919799804688,7611000,0.0,0.0
2010-07-21 00:00:00+09:00,515.0251501034468,516.6472765604655,500.4260119902782,506.10345458984375,3431500,0.0,0.0
2010-07-22 00:00:00+09:00,506.9146413849926,509.34783166364053,489.88230943445683,495.55975341796875,4330500,0.0,0.0
2010-07-23 00:00:00+09:00,506.91456967997135,519.0805193522907,502.8592531225316,513.403076171875,6566000,0.0,0.0
2010-07-26 00:00:00+09:00,514.2141723632812,517.4584258166774,511.7809822732342,514.2141723632812,2114000,0.0,0.0
2010-07-27 00:00:00+09:00,515.0252856814046,515.0252856814046,507.725714703243,510.1589050292969,2470500,0.0,0.0
2010-07-28 00:00:00+09:00,521.5136404721792,533.6795885391819,519.8915140632455,531.2463989257812,6122500,0.0,0.0
2010-07-29 00:00:00+09:00,525.5690594501676,528.0022495402146,511.7809822732342,514.2141723632812,4837000,0.0,0.0
2010-07-30 00:00:00+09:00,514.2141583679588,515.8362850505075,504.4813982726662,509.3477783203125,4543500,0.0,0.0
2010-08-02 00:00:00+09:00,510.96972917414695,519.89142285814,510.1586661119658,511.7807922363281,3301000,0.0,0.0
2010-08-03 00:00:00+09:00,518.2694042930423,521.5136572150644,508.5366455269758,516.6472778320312,3155500,0.0,0.0
2010-08-04 00:00:00+09:00,474.47193145751953,489.0710678100586,465.7124595466691,486.63787841796875,14332000,0.0,0.0
2010-08-05 00:00:00+09:00,489.0709922652154,493.9373702977051,472.03866915150144,477.2294921875,11535000,0.0,0.0
2010-08-06 00:00:00+09:00,470.90331550314886,477.39182167337964,469.6056340704521,476.74298095703125,4138000,0.0,0.0
2010-08-09 00:00:00+09:00,471.0654791317785,475.76963561607096,466.68576771676163,474.4719543457031,4818500,0.0,0.0
2010-08-10 00:00:00+09:00,475.1208603054071,475.4453054192908,461.81945219353645,465.5503234863281,6303500,0.0,0.0
2010-08-11 00:00:00+09:00,459.3863408523641,461.17064077351444,455.00657858336376,456.30426025390625,6773000,0.0,0.0
2010-08-12 00:00:00+09:00,448.68017182529377,450.46452076471337,442.8405068887247,450.14007568359375,5388000,0.0,0.0
2010-08-13 00:00:00+09:00,454.03323682716234,458.89961674921847,451.11342867527924,456.9530944824219,4777000,0.0,0.0
2010-08-16 00:00:00+09:00,446.2470556955696,449.9779272258372,443.00280236372737,448.84246826171875,4084500,0.0,0.0
2010-08-17 00:00:00+09:00,440.7317985561873,447.220304684341,438.460781808635,442.02947998046875,4351500,0.0,0.0
2010-08-18 00:00:00+09:00,442.6782468335393,444.4625956217448,435.7031237108944,437.9740905761719,4830000,0.0,0.0
2010-08-19 00:00:00+09:00,442.51598974186066,456.4662844008597,442.19159421693945,455.81744384765625,6532000,0.0,0.0
2010-08-20 00:00:00+09:00,449.166831696246,452.4110847955376,442.6783254976628,443.651611328125,4252500,0.0,0.0
2010-08-23 00:00:00+09:00,445.5982131405412,447.869180563036,439.4341021327672,440.5696105957031,4411500,0.0,0.0
2010-08-24 00:00:00+09:00,440.5695710569763,441.70502991463394,431.48565267885226,432.945556640625,4091500,0.0,0.0
2010-08-25 00:00:00+09:00,432.7833990663222,434.89219355293784,424.0239244771727,428.4036865234375,4889000,0.0,0.0
2010-08-26 00:00:00+09:00,431.8100152161864,431.8100152161864,425.15928788049933,427.75469970703125,3052500,0.0,0.0
2010-08-27 00:00:00+09:00,420.1307804540585,429.05247656408676,417.6975906058689,427.26812744140625,4609500,0.0,0.0
2010-08-30 00:00:00+09:00,437.9741534444313,448.5179756569824,437.0008676472137,443.16497802734375,5030500,0.0,0.0
2010-08-31 00:00:00+09:00,433.9188758429204,434.0810984074622,423.6994978206807,426.29486083984375,5233000,0.0,0.0
2010-09-01 00:00:00+09:00,427.2681779919229,431.6479400381877,422.72624287262465,428.4036865234375,5422500,0.0,0.0
2010-09-02 00:00:00+09:00,436.67649653842705,439.5963045904454,429.21470434581096,439.43408203125,3765500,0.0,0.0
2010-09-03 00:00:00+09:00,442.51606180760507,451.27558396414327,442.51606180760507,450.14007568359375,5322000,0.0,0.0
2010-09-06 00:00:00+09:00,451.6000214481201,461.00838513657754,447.70692763027074,458.5751953125,3360500,0.0,0.0
2010-09-07 00:00:00+09:00,453.5464640758711,458.0883973206308,450.6266074156459,451.7621154785156,2788500,0.0,0.0
2010-09-08 00:00:00+09:00,447.70689753706665,450.4645322870127,436.1897899098956,438.298583984375,3688000,0.0,0.0
2010-09-09 00:00:00+09:00,441.8673750699719,444.7872333070521,438.9475663362781,440.407470703125,2258500,0.0,0.0
2010-09-10 00:00:00+09:00,440.24513468638634,457.6019085300407,437.9741674226473,456.4664001464844,12803500,0.0,0.0
2010-09-13 00:00:00+09:00,459.8728692654187,460.6839325269097,455.330934802418,457.115234375,3917000,0.0,0.0
2010-09-14 00:00:00+09:00,456.6286089514604,458.2507354486237,447.70691321706244,454.6820373535156,3177000,0.0,0.0
2010-09-16 00:00:00+09:00,466.8480001402724,470.092253232292,454.3576554380211,456.4664001464844,5235500,0.0,0.0
2010-09-17 00:00:00+09:00,464.41474904624306,472.03876260792407,462.14378208213606,468.3078918457031,5478500,0.0,0.0
2010-09-21 00:00:00+09:00,467.1723501788909,467.1723501788909,447.7068355881038,453.38427734375,7534000,0.0,0.0
2010-09-22 00:00:00+09:00,449.49114885613574,455.97965320771226,445.2736111269391,451.7621154785156,4604000,0.0,0.0
2010-09-24 00:00:00+09:00,443.6514881954475,453.2220222814414,439.43395043624474,445.9224548339844,4486500,0.0,0.0
2010-09-27 00:00:00+09:00,451.43779410926953,451.7622392170584,445.43595564216196,449.49127197265625,2965500,0.0,0.0
2010-09-28 00:00:00+09:00,449.32722093575956,451.4590453965809,442.43970337049814,443.2596435546875,2810000,6.0,0.0
2010-09-29 00:00:00+09:00,441.6197907079606,453.75494622636495,441.6197907079606,446.70343017578125,5516500,0.0,0.0
2010-09-30 00:00:00+09:00,446.86744801228105,448.5073285554454,432.272521187155,432.76446533203125,5118500,0.0,0.0
2010-10-01 00:00:00+09:00,432.1084430426856,432.1084430426856,416.20160972646653,422.10516357421875,8563500,0.0,0.0
2010-10-04 00:00:00+09:00,432.10846199880314,432.10846199880314,404.5584677662784,407.67425537109375,9357500,0.0,0.0
2010-10-05 00:00:00+09:00,410.13411611088037,418.66148956189846,408.98617976225523,417.67755126953125,5964000,0.0,0.0
2010-10-06 00:00:00+09:00,421.28531091772976,427.02489294670477,415.7097269557622,426.04095458984375,5945000,0.0,0.0
2010-10-07 00:00:00+09:00,422.76104325103955,428.1726772687832,422.2690992699564,425.0569152832031,3698000,0.0,0.0
2010-10-08 00:00:00+09:00,425.7129867542707,426.2049308849793,417.0216151212867,418.49749755859375,3988500,0.0,0.0
2010-10-12 00:00:00+09:00,426.6968636545999,427.51680378457013,410.29803603260746,410.6260070800781,4925000,0.0,0.0
2010-10-13 00:00:00+09:00,415.8737333318397,418.4975272982389,405.05051128049007,405.54248046875,4891000,0.0,0.0
2010-10-14 00:00:00+09:00,411.93801933382144,419.3174823494366,409.64219640466735,416.3656921386719,4881000,0.0,0.0
2010-10-15 00:00:00+09:00,410.2981288094688,412.921947827708,402.42669677734375,402.42669677734375,6185500,0.0,0.0
2010-10-18 00:00:00+09:00,404.8864475740997,410.29805772249887,402.4266270541535,409.150146484375,4239500,0.0,0.0
2010-10-19 00:00:00+09:00,407.6742972208517,414.88976132175924,407.0183300154845,409.8061218261719,3205500,0.0,0.0
2010-10-20 00:00:00+09:00,403.410656392333,407.0183889653066,400.7868372360282,405.050537109375,4227500,0.0,0.0
2010-10-21 00:00:00+09:00,416.85759498651925,418.16950431831026,406.1983723274251,410.95404052734375,5720000,0.0,0.0
2010-10-22 00:00:00+09:00,414.8897803791788,417.6775723179198,410.95407705655515,411.7740173339844,3353500,0.0,0.0
2010-10-25 00:00:00+09:00,408.494204354758,417.34954821752876,408.1662082673612,409.150146484375,3782000,0.0,0.0
2010-10-26 00:00:00+09:00,410.62608663232874,412.26596720997,405.542471855196,408.9862060546875,3898000,0.0,0.0
2010-10-27 00:00:00+09:00,403.7385079193807,414.0697583805209,401.93465467860165,413.5777893066406,5793500,0.0,0.0
2010-10-28 00:00:00+09:00,407.8382506730208,413.0858629510447,405.05045899618835,411.1180114746094,6484000,0.0,0.0
2010-10-29 00:00:00+09:00,407.8383033171733,413.085916272564,405.05051128049007,405.54248046875,4156000,0.0,0.0
2010-11-01 00:00:00+09:00,408.3302441095249,414.0698258540363,406.36239251592485,410.298095703125,6068500,0.0,0.0
2010-11-02 00:00:00+09:00,406.85433618337174,413.4138577661905,406.6903381347656,406.6903381347656,4645500,0.0,0.0
2010-11-04 00:00:00+09:00,405.87044918172325,426.86090087890625,395.3752233331317,426.86090087890625,11366000,0.0,0.0
2010-11-05 00:00:00+09:00,428.50069141449336,443.09566574741706,427.1888072261104,442.7676696777344,8252000,0.0,0.0
2010-11-08 00:00:00+09:00,443.5876067558216,444.0795508117882,436.7000897012477,438.01202392578125,4038000,0.0,0.0
2010-11-09 00:00:00+09:00,428.0088509166628,434.0764293576937,426.3689702618097,427.51690673828125,5853000,0.0,0.0
2010-11-10 00:00:00+09:00,434.0763058902854,445.7194151918614,429.8126073913842,444.89947509765625,6203000,0.0,0.0
2010-11-11 00:00:00+09:00,444.4075961863722,446.86741682947024,438.5040166339012,444.57159423828125,3530500,0.0,0.0
2010-11-12 00:00:00+09:00,444.40758056640624,446.8674011230469,434.56829833984375,434.56829833984375,5174000,0.0,0.0
2010-11-15 00:00:00+09:00,433.9123144621015,438.01201499548273,430.9605000509635,436.5361328125,3603500,0.0,0.0
2010-11-16 00:00:00+09:00,436.5361616448182,440.9638084862034,428.82870411493076,429.3206481933594,3557000,0.0,0.0
2010-11-17 00:00:00+09:00,422.2691869060461,431.12453071950654,422.2691869060461,428.9927062988281,3003000,0.0,0.0
2010-11-18 00:00:00+09:00,428.9926855190174,442.7676696777344,428.50069141449336,442.7676696777344,4314500,0.0,0.0
2010-11-19 00:00:00+09:00,446.703415577636,449.3272342538475,435.2242526587421,436.20819091796875,4245500,0.0,0.0
2010-11-22 00:00:00+09:00,441.94779325522717,451.9510742804299,437.3561478888297,451.1311340332031,5427500,0.0,0.0
2010-11-24 00:00:00+09:00,442.76767512165895,447.6873159563441,438.66797442608805,444.0795593261719,3705500,0.0,0.0
2010-11-25 00:00:00+09:00,442.7676397201118,447.6872801614464,440.47181752318977,446.8673400878906,3815500,0.0,0.0
2010-11-26 00:00:00+09:00,443.25973593100247,451.29519144680665,442.7677917360375,446.37554931640625,2598500,0.0,0.0
2010-11-29 00:00:00+09:00,453.42690968053347,457.8546065743269,448.3432706660384,453.9188537597656,4745500,0.0,0.0
2010-11-30 00:00:00+09:00,453.9188161339131,455.8866923780742,444.89947509765625,444.89947509765625,4676000,0.0,0.0
2010-12-01 00:00:00+09:00,446.53954830689815,448.8354215992224,443.4237846111353,445.88360595703125,3374000,0.0,0.0
2010-12-02 00:00:00+09:00,455.5588193200053,460.31451318653666,452.77105227413324,457.1986999511719,4905000,0.0,0.0
2010-12-03 00:00:00+09:00,464.08623083873084,472.12163613396837,461.62640982721814,466.0541076660156,4862500,0.0,0.0
2010-12-06 00:00:00+09:00,466.21797822303165,470.48167727683295,465.7260341205531,468.841796875,4198000,0.0,0.0
2010-12-07 00:00:00+09:00,463.43015802621863,470.97361701217824,461.4622817532996,469.16973876953125,4243000,0.0,0.0
2010-12-08 00:00:00+09:00,469.49770079192604,477.697102133351,468.18581659536767,475.0733337402344,4440000,0.0,0.0
2010-12-09 00:00:00+09:00,476.3852749577002,478.02515542227053,472.12157574078105,475.4013366699219,4705000,0.0,0.0
2010-12-10 00:00:00+09:00,480.15697483749085,482.45284749931005,466.5459871462008,469.98974609375,19419000,0.0,0.0
2010-12-13 00:00:00+09:00,467.3660174371378,474.74548087035583,466.0541328448637,474.08953857421875,3699500,0.0,0.0
2010-12-14 00:00:00+09:00,474.5814436695805,475.4013839834689,470.4817421001384,472.6136169433594,3559000,0.0,0.0
2010-12-15 00:00:00+09:00,472.6134658245911,473.1054098375503,466.5458894238581,469.6616516113281,4099500,0.0,0.0
2010-12-16 00:00:00+09:00,468.6777446787152,473.4334373307408,466.87391648124066,469.16973876953125,2999500,0.0,0.0
2010-12-17 00:00:00+09:00,462.77436402470295,467.03801390498455,461.626427490665,464.90618896484375,6256500,0.0,0.0
2010-12-20 00:00:00+09:00,460.64244016017756,466.3820221309581,459.33055572778676,462.9382629394531,4048500,0.0,0.0
2010-12-21 00:00:00+09:00,466.87393414505874,473.26945720625656,465.0700558341633,472.12152099609375,4180500,0.0,0.0
2010-12-22 00:00:00+09:00,465.8899895957845,470.15368825996023,465.23404750402835,467.2018737792969,4193500,0.0,0.0
2010-12-24 00:00:00+09:00,460.15050950631195,464.90615326969873,459.98651143615695,463.5942687988281,2080000,0.0,0.0
2010-12-27 00:00:00+09:00,464.08616909332807,471.7936272553528,462.938232755944,470.64569091796875,2369500,0.0,0.0
2010-12-28 00:00:00+09:00,465.39803884409406,467.0379192488233,464.25015258789057,464.2501525878906,1744000,0.0,0.0
2010-12-29 00:00:00+09:00,466.87391648124066,471.4655610578218,463.5941560564906,469.16973876953125,1850500,0.0,0.0
2010-12-30 00:00:00+09:00,466.70997944260415,469.0058020309225,458.67457536090035,460.97039794921875,2821500,0.0,0.0
2011-01-04 00:00:00+09:00,462.1182658977455,467.6938991635315,460.15043949085964,466.7099609375,3020000,0.0,0.0
2011-01-05 00:00:00+09:00,464.08616251582504,468.1858635981203,462.77427818756223,466.2179870605469,2790000,0.0,0.0
2011-01-06 00:00:00+09:00,469.0058982000752,475.073477041019,469.0058982000752,474.08953857421875,4991500,0.0,0.0
2011-01-07 00:00:00+09:00,469.82570435142554,471.30158660736885,463.1021851352672,464.7420654296875,5259000,0.0,0.0
2011-01-11 00:00:00+09:00,461.2983867970937,462.2823251534078,454.5749164601792,454.9028625488281,8564500,0.0,0.0
2011-01-12 00:00:00+09:00,453.91893756526156,455.06687402231086,450.14723214098854,451.95111083984375,7238500,0.0,0.0
2011-01-13 00:00:00+09:00,453.4270605029487,455.0669413727604,451.2952353902704,452.7711181640625,5274500,0.0,0.0
2011-01-14 00:00:00+09:00,446.2115384128239,451.1311804018403,440.1439599416292,441.6198425292969,12190000,0.0,0.0
2011-01-17 00:00:00+09:00,444.24363773726,444.73563193684663,440.63593049954227,441.94781494140625,3473500,0.0,0.0
2011-01-18 00:00:00+09:00,441.2917911194157,449.3271944416364,440.963795047009,447.0313720703125,4965500,0.0,0.0
2011-01-19 00:00:00+09:00,448.50727613821545,451.6230387970507,447.68733596246005,449.65521240234375,3319000,0.0,0.0
2011-01-20 00:00:00+09:00,446.04760157688764,448.99936715748095,443.4237821468085,445.2276611328125,2473500,0.0,0.0
2011-01-21 00:00:00+09:00,464.0860861281388,465.8899643164696,457.69056350148486,459.8223876953125,13089500,0.0,0.0
2011-01-24 00:00:00+09:00,463.1022683461529,463.4302644820418,454.9028654007707,459.16656494140625,3276000,0.0,0.0
2011-01-25 00:00:00+09:00,456.8707081299896,463.10223388671875,454.24688937366886,463.10223388671875,3313000,0.0,0.0
2011-01-26 00:00:00+09:00,457.52664243058825,462.44628374704615,457.52664243058825,461.1343994140625,1999500,0.0,0.0
2011-01-27 00:00:00+09:00,458.1824923261905,459.16643040036803,451.9509679316818,452.9349060058594,5154500,0.0,0.0
2011-01-28 00:00:00+09:00,448.1792800498426,451.2950927538546,445.3915134793802,449.65521240234375,4302000,0.0,0.0
2011-01-31 00:00:00+09:00,442.9317202559708,448.5073037857707,436.3721984455756,437.192138671875,4878000,0.0,0.0
2011-02-01 00:00:00+09:00,434.896277212586,445.3915011629963,434.896277212586,443.9156188964844,4343000,0.0,0.0
2011-02-02 00:00:00+09:00,466.87397634381426,476.38526277705745,463.26621939593366,473.7614440917969,12126500,0.0,0.0
2011-02-03 00:00:00+09:00,473.2693628924001,484.91252052954076,471.6294829447793,483.108642578125,7291500,0.0,0.0
2011-02-04 00:00:00+09:00,484.9127189184514,493.60406617860536,483.7647824674039,485.4046630859375,5043000,0.0,0.0
2011-02-07 00:00:00+09:00,492.783942852642,492.783942852642,483.9286008104132,486.0604248046875,3825000,0.0,0.0
2011-02-08 00:00:00+09:00,488.8484877191737,490.98031279007114,486.06067027705404,490.8163146972656,2784000,0.0,0.0
2011-02-09 00:00:00+09:00,491.80011328198015,492.78405151367184,487.0444702148437,487.8644104003906,2655000,0.0,0.0
2011-02-10 00:00:00+09:00,484.7486236883845,494.42390738945835,484.2566295743249,492.7840270996094,4201000,0.0,0.0
2011-02-14 00:00:00+09:00,493.60406374463844,502.6234071020986,492.78412343941477,501.803466796875,2942500,0.0,0.0
2011-02-15 00:00:00+09:00,502.62346233361677,505.0832835195888,497.7038199616727,500.98358154296875,3535500,0.0,0.0
2011-02-16 00:00:00+09:00,499.3435913387098,503.44329241702434,497.703710907384,498.5236511230469,3623500,0.0,0.0
2011-02-17 00:00:00+09:00,500.16351318359375,502.6233337402344,493.60399169921874,496.0638122558594,3763000,0.0,0.0
2011-02-18 00:00:00+09:00,493.60405678372837,520.6620864745307,493.60405678372837,509.18292236328125,9620000,0.0,0.0
2011-02-21 00:00:00+09:00,497.7037167626794,505.0831787904621,496.8837765373702,503.44329833984375,4694000,0.0,0.0
2011-02-22 00:00:00+09:00,494.42395646186026,495.2438966881652,486.3885522531081,491.1441955566406,6359000,0.0,0.0
2011-02-23 00:00:00+09:00,486.38851044528064,489.50427302838597,482.124811625948,484.9126281738281,4471000,0.0,0.0
2011-02-24 00:00:00+09:00,483.76482321602583,487.2085828140591,476.5493578957399,478.6811828613281,5841000,0.0,0.0
2011-02-25 00:00:00+09:00,476.38528817607533,477.2052284311116,468.6778297606617,472.4495849609375,6962000,0.0,0.0
2011-02-28 00:00:00+09:00,472.4495543614408,476.877201424759,468.0218572529443,476.54925537109375,4186000,0.0,0.0
2011-03-01 00:00:00+09:00,479.82906084445403,483.9287622357341,476.54929973143,479.3370666503906,4630000,0.0,0.0
2011-03-02 00:00:00+09:00,471.13749863604625,474.41725859883155,464.5779787104756,465.3979187011719,4210000,0.0,0.0
2011-03-03 00:00:00+09:00,469.1699060377623,481.1410158379654,469.1699060377623,480.3210754394531,4534000,0.0,0.0
2011-03-04 00:00:00+09:00,487.0444921583523,489.9962569412402,480.32097232490815,482.2888488769531,4067500,0.0,0.0
2011-03-07 00:00:00+09:00,477.36919498260255,479.9930136345709,467.52991257160494,468.841796875,3875000,0.0,0.0
2011-03-08 00:00:00+09:00,467.6939757006136,471.957625302525,465.72609892651195,468.513916015625,2215500,0.0,0.0
2011-03-09 00:00:00+09:00,473.7613929676415,480.4849119839603,473.2694489120072,478.84503173828125,3842000,0.0,0.0
2011-03-10 00:00:00+09:00,474.41748469969264,479.99311932983096,471.3017212591496,474.08953857421875,2775000,0.0,0.0
2011-03-11 00:00:00+09:00,466.54605779795367,476.87728615993893,466.54605779795367,466.8740539550781,17268000,0.0,0.0
2011-03-14 00:00:00+09:00,443.58768074626954,449.6552586895223,426.5329333439891,431.94451904296875,7256000,0.0,0.0
2011-03-15 00:00:00+09:00,414.0698645580774,415.5457471355839,349.95052106697756,356.6740417480469,13112500,0.0,0.0
2011-03-16 00:00:00+09:00,377.1724475416119,396.03106991869254,368.9730465080986,392.0953674316406,15439000,0.0,0.0
2011-03-17 00:00:00+09:00,367.49720249232945,379.46830922628004,359.4617736315288,373.4007568359375,12919500,0.0,0.0
2011-03-18 00:00:00+09:00,381.60024340102865,394.88328741129084,380.9443011137096,384.8800048828125,10327500,0.0,0.0
2011-03-22 00:00:00+09:00,405.3784477278926,420.46534306778466,403.4105961657485,417.67755126953125,13323000,0.0,0.0
2011-03-23 00:00:00+09:00,419.8094068877551,420.7933451941845,397.34304910179566,401.7707214355469,10036500,0.0,0.0
2011-03-24 00:00:00+09:00,406.85435327057746,409.31417396744285,401.77071382135284,404.7225036621094,4633000,0.0,0.0
2011-03-25 00:00:00+09:00,411.28196767216815,411.60993871443526,403.410537544825,405.70635986328125,4065000,0.0,0.0
2011-03-28 00:00:00+09:00,412.2659730987913,412.4299711679347,397.83504382749,401.2787780761719,4178000,0.0,0.0
2011-03-29 00:00:00+09:00,399.12044410613424,403.6030984261103,394.3057732190446,399.9505615234375,6003000,6.0,0.0
2011-03-30 00:00:00+09:00,402.27486544048116,416.2208265294181,398.62235423463295,415.2247009277344,4981500,0.0,0.0
2011-03-31 00:00:00+09:00,417.54907941015495,428.17457268931065,414.7266851328643,426.8464050292969,6573500,0.0,0.0
2011-04-01 00:00:00+09:00,426.18233001424176,431.3290178030081,421.8657090303913,426.01629638671875,4464500,0.0,0.0
2011-04-04 00:00:00+09:00,430.83088602520394,433.6533051597278,421.3675537109375,421.3675537109375,3182000,0.0,0.0
2011-04-05 00:00:00+09:00,421.0354833304588,423.52583510410153,412.73431075164984,413.23236083984375,4092000,0.0,0.0
2011-04-06 00:00:00+09:00,413.5645428448201,417.71513028672643,412.0703161658286,413.06646728515625,3893500,0.0,0.0
2011-04-07 00:00:00+09:00,418.71118537902584,422.5297302475039,413.23240581409397,413.8965148925781,2472000,0.0,0.0
2011-04-08 00:00:00+09:00,415.5568075778501,426.34830927752773,410.07802724838257,425.0201416015625,8603500,0.0,0.0
2011-04-11 00:00:00+09:00,422.0316798611101,426.34827512860284,416.2208580780766,418.213134765625,2582000,0.0,0.0
2011-04-12 00:00:00+09:00,410.9081361267827,413.23245484433124,406.42550698112535,407.9197082519531,3937000,0.0,0.0
2011-04-13 00:00:00+09:00,404.5992723370933,409.7460110709036,404.4332640337558,408.9158935546875,4493000,0.0,0.0
2011-04-14 00:00:00+09:00,402.2748608614314,408.251690403012,399.1203998257467,406.92352294921875,5229000,0.0,0.0
2011-04-15 00:00:00+09:00,406.59136581542134,412.9002611581058,405.0971650938329,412.7342529296875,3728000,0.0,0.0
2011-04-18 00:00:00+09:00,417.3830630248337,418.3792141441614,413.06646728515625,413.06646728515625,3254500,0.0,0.0
2011-04-19 00:00:00+09:00,406.09339723782034,406.75748095100306,401.2787016511515,403.43701171875,2781000,0.0,0.0
2011-04-20 00:00:00+09:00,406.9234853652008,417.21693418040314,406.9234853652008,415.0586242675781,4999000,0.0,0.0
2011-04-21 00:00:00+09:00,419.20925400081046,419.20925400081046,411.7381979889148,415.2247009277344,2380500,0.0,0.0
2011-04-22 00:00:00+09:00,416.5528251816742,418.7111350944992,413.3983897705078,415.0586242675781,2742500,0.0,0.0
2011-04-25 00:00:00+09:00,420.20547817526057,424.19003194282334,417.383058478964,417.8811340332031,2150000,0.0,0.0
2011-04-26 00:00:00+09:00,415.0587316136038,416.55293291414296,409.4139429969286,412.9004211425781,2810000,0.0,0.0
2011-04-27 00:00:00+09:00,418.213150101763,434.48348209070696,418.04714181606363,430.9969787597656,6421500,0.0,0.0
2011-04-28 00:00:00+09:00,430.16679206053414,443.2826351778468,425.1860882944909,441.9544677734375,7998500,0.0,0.0
2011-05-02 00:00:00+09:00,445.4410281052762,452.7461026034558,442.1205581211404,451.9159851074219,4335500,0.0,0.0
2011-05-06 00:00:00+09:00,443.614782481744,446.1051348145389,436.4757420612564,444.77691650390625,3396500,0.0,0.0
2011-05-09 00:00:00+09:00,446.4371158051751,452.0819038429391,442.28652891470983,446.6031494140625,4616000,0.0,0.0
2011-05-10 00:00:00+09:00,442.1204741182404,445.9390442742788,438.8000047649939,441.4563903808594,2853500,0.0,0.0
2011-05-11 00:00:00+09:00,446.7692380865233,457.22869807306944,443.94681838661074,454.24029541015625,6224500,0.0,0.0
2011-05-12 00:00:00+09:00,453.24407958984375,453.24407958984375,441.6224365234375,441.6224365234375,6665500,0.0,0.0
2011-05-13 00:00:00+09:00,444.61076693443374,444.61076693443374,430.1667575707976,435.1474609375,6595000,0.0,0.0
2011-05-16 00:00:00+09:00,430.000866713361,434.8155380992751,427.6765478373699,428.6726989746094,2972500,0.0,0.0
2011-05-17 00:00:00+09:00,423.8579386570788,433.32127170820996,423.8579386570788,429.1706848144531,2797000,0.0,0.0
2011-05-18 00:00:00+09:00,427.5104317068743,437.47183982431596,426.6803143637541,433.6533203125,3305500,0.0,0.0
2011-05-19 00:00:00+09:00,432.6572368530164,434.9815556430298,426.84641454480794,429.00469970703125,2514000,0.0,0.0
2011-05-20 00:00:00+09:00,428.34062102147664,431.9931582114557,425.68423494388736,427.1784362792969,2656500,0.0,0.0
2011-05-23 00:00:00+09:00,425.0200648264054,425.0200648264054,419.0432100315161,421.3675537109375,2480500,0.0,0.0
2011-05-24 00:00:00+09:00,421.5335905990569,423.85793443631815,417.88107923555685,420.8695068359375,2872500,0.0,0.0
2011-05-25 00:00:00+09:00,420.70349263398583,425.35218052293425,418.5452076377087,419.7073669433594,2020500,0.0,0.0
2011-05-26 00:00:00+09:00,424.02391616867806,429.1706536767935,423.8579079048754,427.67645263671875,3335000,0.0,0.0
2011-05-27 00:00:00+09:00,423.35991817950736,423.52595181010275,418.711255187764,418.8772888183594,4088500,0.0,0.0
2011-05-30 00:00:00+09:00,415.0587043875839,422.3637274515362,413.06642767315805,419.7073669433594,2587000,0.0,0.0
2011-05-31 00:00:00+09:00,419.87336066151556,426.0162495399183,415.3907318762483,424.85406494140625,3894500,0.0,0.0
2011-06-01 00:00:00+09:00,423.8579516145398,423.8579516145398,415.05870206414534,417.715087890625,7115500,0.0,0.0
2011-06-02 00:00:00+09:00,411.90423641338884,415.2247057908989,408.25169983159105,413.3984375,6742000,0.0,0.0
2011-06-03 00:00:00+09:00,411.57214679265076,417.3829678868045,410.9080630865867,411.0740966796875,3213000,0.0,0.0
2011-06-06 00:00:00+09:00,413.2323477996165,413.2323477996165,404.1010582510795,404.7651672363281,2599500,0.0,0.0
2011-06-07 00:00:00+09:00,404.2671571333656,408.9158194483507,402.7729560082357,407.2555847167969,2521000,0.0,0.0
2011-06-08 00:00:00+09:00,406.5914473561225,408.08567371053823,402.1088189592148,403.43701171875,4179500,0.0,0.0
2011-06-09 00:00:00+09:00,403.6031236856184,403.6031236856184,397.460234146583,400.28265380859375,5310500,0.0,0.0
2011-06-10 00:00:00+09:00,404.93124527872516,409.91194952733514,401.9428429960966,403.93511962890625,14203000,0.0,0.0
2011-06-13 00:00:00+09:00,397.46019139924545,400.44861903379353,397.12814951388947,400.1165771484375,3838000,0.0,0.0
2011-06-14 00:00:00+09:00,397.6261520229081,405.42924889576386,397.4601184441201,404.26708984375,3101500,0.0,0.0
2011-06-15 00:00:00+09:00,408.749774735699,413.23240332246166,404.43317975084904,411.90423583984375,5533000,0.0,0.0
2011-06-16 00:00:00+09:00,411.7381022265187,415.05857079286164,410.07786794334726,412.7342529296875,5081500,0.0,0.0
2011-06-17 00:00:00+09:00,412.07024706707585,414.7266327177252,408.25170219420664,409.57989501953125,6220000,0.0,0.0
2011-06-20 00:00:00+09:00,410.0779567035606,410.2439903010811,406.2594119591201,406.4254455566406,2028000,0.0,0.0
2011-06-21 00:00:00+09:00,406.9235774625208,412.07029036837207,404.7652670612144,409.7459716796875,3507000,0.0,0.0
2011-06-22 00:00:00+09:00,414.7266908213921,420.53751307976535,413.3984978099861,419.2093200683594,4371000,0.0,0.0
2011-06-23 00:00:00+09:00,415.7227858541789,421.6996412971717,413.39846725588876,417.715087890625,5641000,0.0,0.0
2011-06-24 00:00:00+09:00,421.69967540286825,428.67268242803823,419.04328936154883,426.01629638671875,4538500,0.0,0.0
2011-06-27 00:00:00+09:00,427.5104667312061,432.49117119797745,423.69192157338017,431.82708740234375,5549500,0.0,0.0
2011-06-28 00:00:00+09:00,439.29815214591633,441.4564371878298,433.4873301616221,435.3135986328125,5683000,0.0,0.0
2011-06-29 00:00:00+09:00,442.6186453156041,444.27888025627306,438.4680579639318,442.12054443359375,5011500,0.0,0.0
2011-06-30 00:00:00+09:00,446.271024493152,448.0972926220879,441.12433794752013,441.7884216308594,4228000,0.0,0.0
2011-07-01 00:00:00+09:00,441.62247204406134,447.1012268066406,441.29040480606085,447.1012268066406,3455000,0.0,0.0
2011-07-04 00:00:00+09:00,453.74205226228344,460.54902360070264,453.74205226228344,456.3984375,5411500,0.0,0.0
2011-07-05 00:00:00+09:00,456.56461790814143,459.38703763084106,453.24414795971853,455.2364501953125,2884000,0.0,0.0
2011-07-06 00:00:00+09:00,455.0704010864093,457.0626525878906,450.4217129169218,457.0626525878906,3975000,0.0,0.0
2011-07-07 00:00:00+09:00,457.0625986465432,459.2209341846962,454.4062636247286,457.5606994628906,2763000,0.0,0.0
2011-07-08 00:00:00+09:00,465.8618357007077,470.5104722823148,460.7150983427106,468.6842041015625,7786000,0.0,0.0
2011-07-11 00:00:00+09:00,466.8579515903519,472.33670505556967,466.8579515903519,470.51043701171875,3272000,0.0,0.0
2011-07-12 00:00:00+09:00,465.1978817328125,469.3484693618835,462.0433946016363,466.3600158691406,3935000,0.0,0.0
2011-07-13 00:00:00+09:00,465.6958906899986,476.81948481615643,463.7035885381544,475.8233337402344,5465000,0.0,0.0
2011-07-14 00:00:00+09:00,471.6726379394531,474.4950062276853,468.352168894707,471.6726379394531,3910000,0.0,0.0
2011-07-15 00:00:00+09:00,469.6803369890622,473.8309233015607,464.8656669998313,468.8502197265625,3044000,0.0,0.0
2011-07-19 00:00:00+09:00,470.5105465577934,472.6688822635238,469.01634532542425,470.3445129394531,2731500,0.0,0.0
2011-07-20 00:00:00+09:00,475.9892286785402,476.1552115875424,471.3405419008063,474.6610107421875,3433500,0.0,0.0
2011-07-21 00:00:00+09:00,474.6611416091356,474.82717523024786,470.8426216552915,473.8310241699219,4745500,0.0,0.0
2011-07-22 00:00:00+09:00,474.32911711423327,477.4835531973119,468.1862279000695,470.3445129394531,5813500,0.0,0.0
2011-07-25 00:00:00+09:00,464.2016084260274,469.3483458651163,462.8733903343989,464.8656921386719,4143500,0.0,0.0
2011-07-26 00:00:00+09:00,466.1939769907729,470.8426654828937,463.3716078345393,468.186279296875,3498500,0.0,0.0
2011-07-27 00:00:00+09:00,468.8503439756692,474.1631161301293,466.6920587877418,472.6689147949219,5893000,0.0,0.0
2011-07-28 00:00:00+09:00,448.26331427013275,451.41774968172945,440.95829261529406,447.4331970214844,10483500,0.0,0.0
2011-07-29 00:00:00+09:00,444.6108125724316,447.76529889487637,440.958326795067,444.1127624511719,5717500,0.0,0.0
2011-08-01 00:00:00+09:00,448.26344785833203,456.5646228186715,448.09741422585506,451.9159851074219,4506500,0.0,0.0
2011-08-02 00:00:00+09:00,448.09733636513096,449.25952092417947,444.44485041704274,447.76531982421875,3070500,0.0,0.0
2011-08-03 00:00:00+09:00,433.6534039944553,438.63410901430115,427.5105142034381,428.6726989746094,7749000,0.0,0.0
2011-08-04 00:00:00+09:00,433.98541503621135,445.9391271972439,430.83097869732387,439.2981872558594,7686500,0.0,0.0
2011-08-05 00:00:00+09:00,423.3599073957689,423.3599073957689,416.7189676719137,419.2093200683594,6813500,0.0,0.0
2011-08-08 00:00:00+09:00,411.7383315602112,420.03950759973156,409.08194509429313,412.07037353515625,5550500,0.0,0.0
2011-08-09 00:00:00+09:00,401.11283636289664,413.23253311405335,398.4564498969786,412.07037353515625,8268000,0.0,0.0
2011-08-10 00:00:00+09:00,420.3715153558037,423.1939099128577,411.90433168464165,417.3830871582031,5822000,0.0,0.0
2011-08-11 00:00:00+09:00,406.757529226474,415.05870329232044,405.429336309304,414.8926696777344,6246500,0.0,0.0
2011-08-12 00:00:00+09:00,418.047134806179,420.03941153337854,413.89654773569106,415.8888244628906,5969500,0.0,0.0
2011-08-15 00:00:00+09:00,422.52983301067036,422.52983301067036,412.56842240924,414.5606994628906,5292000,0.0,0.0
2011-08-16 00:00:00+09:00,409.4137843633446,417.0508468660344,409.4137843633446,412.7342529296875,4886000,0.0,0.0
2011-08-17 00:00:00+09:00,411.73824650540877,418.21315234540987,411.07416269270175,416.55291748046875,3742000,0.0,0.0
2011-08-18 00:00:00+09:00,412.23629583412463,413.89653059355874,405.26331491113575,405.9273986816406,5661500,0.0,0.0
2011-08-19 00:00:00+09:00,398.456298828125,404.10108626158905,395.30186326233667,398.456298828125,4336000,0.0,0.0
2011-08-22 00:00:00+09:00,393.6417114748246,399.6185420143952,393.6417114748246,394.9698791503906,4076500,0.0,0.0
2011-08-23 00:00:00+09:00,401.2786713601905,409.2478019826733,398.6223113748082,407.75360107421875,6218000,0.0,0.0
2011-08-24 00:00:00+09:00,407.91966159990665,407.91966159990665,401.77679826334105,402.77294921875,4640000,0.0,0.0
2011-08-25 00:00:00+09:00,409.2479171190506,410.74211844787857,405.0973297243341,405.76141357421875,3593500,0.0,0.0
2011-08-26 00:00:00+09:00,402.4408287803532,402.606862362017,393.97364811202175,396.1319580078125,6731000,0.0,0.0
2011-08-29 00:00:00+09:00,390.8192561567738,401.11273203502896,390.65324787906883,396.09881591796875,6249000,0.0,0.0
2011-08-30 00:00:00+09:00,399.6185288429178,404.76526708220973,399.1204533144099,403.0369873046875,5115500,0.0,0.0
2011-08-31 00:00:00+09:00,403.6031085047658,407.9197039826316,401.94287362870045,405.622314453125,3271500,0.0,0.0
2011-09-01 00:00:00+09:00,410.07799816477075,414.89266898161435,409.2478807595789,412.6513671875,4789500,0.0,0.0
2011-09-02 00:00:00+09:00,405.429324725014,406.59148399439164,401.61077969719696,404.22235107421875,2866500,0.0,0.0
2011-09-05 00:00:00+09:00,397.29421491173844,404.1011627722808,396.96217299981487,399.8924865722656,3234000,0.0,0.0
2011-09-06 00:00:00+09:00,393.30959592839434,397.128140859705,391.9814284159137,395.1358642578125,5146500,0.0,0.0
2011-09-07 00:00:00+09:00,398.45628356915034,399.1203672418316,395.1358145394074,397.7368469238281,3973000,0.0,0.0
2011-09-08 00:00:00+09:00,406.09349218104876,409.41396218961603,402.10891297086255,402.3546447753906,3802500,0.0,0.0
2011-09-09 00:00:00+09:00,401.1127015156262,407.42157291818336,398.6223495409841,403.478515625,15608500,0.0,0.0
2011-09-12 00:00:00+09:00,391.81537944043237,398.45631807501593,390.3211783809192,393.73626708984375,3758500,0.0,0.0
2011-09-13 00:00:00+09:00,393.97366609330516,393.97366609330516,389.4910378486368,391.6493225097656,3472000,0.0,0.0
2011-09-14 00:00:00+09:00,391.8153942626694,393.30959537870757,386.3366146152435,387.8308410644531,3091500,0.0,0.0
2011-09-15 00:00:00+09:00,393.80764164991604,398.12426173876156,391.9813987916887,396.6300354003906,3421000,0.0,0.0
2011-09-16 00:00:00+09:00,400.94676642871116,401.61085031851087,395.301977365884,397.0103454589844,3969500,0.0,0.0
2011-09-20 00:00:00+09:00,391.1512961359044,395.4678910531789,390.98526253659094,392.9775390625,2570500,0.0,0.0
2011-09-21 00:00:00+09:00,397.12819701665234,401.77685996720544,395.6339956872344,396.9621887207031,3442000,0.0,0.0
2011-09-22 00:00:00+09:00,397.1281211832389,398.4563139630832,390.3211743529383,390.4871826171875,4446500,0.0,0.0
2011-09-26 00:00:00+09:00,393.4755772973637,398.6223143910606,387.9967983696276,389.98907470703125,5937000,0.0,0.0
2011-09-27 00:00:00+09:00,395.79995287495717,399.28645597096613,392.31347511212,399.12042236328125,5698000,0.0,0.0
2011-09-28 00:00:00+09:00,395.9261410045113,398.44796355868016,392.89994880884757,397.2711181640625,4740000,6.0,0.0
2011-09-29 00:00:00+09:00,395.4217943608921,399.62483219562375,392.7318655386481,399.45672607421875,5676000,0.0,0.0
2011-09-30 00:00:00+09:00,402.3148004043559,408.1990535738416,399.62484583698205,405.8453369140625,6012500,0.0,0.0
2011-10-03 00:00:00+09:00,404.1641163746421,412.5701922198161,401.474187496171,410.88897705078125,4984000,0.0,0.0
2011-10-04 00:00:00+09:00,408.3671200149896,413.24265898787576,405.5090595982249,409.71209716796875,5260500,0.0,0.0
2011-10-05 00:00:00+09:00,414.9238876619218,428.70984621341745,411.89769538151876,426.5242614746094,8651500,0.0,0.0
2011-10-06 00:00:00+09:00,429.2141923736995,436.1071584454708,426.6923698869602,435.0984191894531,5480500,0.0,0.0
2011-10-07 00:00:00+09:00,430.89537697640685,440.3101910847622,427.5329726843424,440.1420593261719,5808000,0.0,0.0
2011-10-11 00:00:00+09:00,440.31019592336975,443.8407576661268,434.08973124004524,435.0984191894531,5433500,0.0,0.0
2011-10-12 00:00:00+09:00,435.266609841244,435.266609841244,426.8605337481083,427.7011413574219,3863000,0.0,0.0
2011-10-13 00:00:00+09:00,430.72730131568505,430.72730131568505,421.984962837835,424.3386535644531,4372000,0.0,0.0
2011-10-14 00:00:00+09:00,424.6749493625617,437.1159309830646,423.16184036332845,432.5766296386719,8653000,0.0,0.0
2011-10-17 00:00:00+09:00,440.1420907770986,440.9826983235076,434.76223326404886,438.96527099609375,3374000,0.0,0.0
2011-10-18 00:00:00+09:00,434.2578351404922,438.7971363843547,431.06353674614314,431.9041442871094,3212500,0.0,0.0
2011-10-19 00:00:00+09:00,438.7971278984854,444.51324880518933,437.4521763815945,440.3102111816406,3762000,0.0,0.0
2011-10-20 00:00:00+09:00,440.31011247226473,440.47824420083697,434.76212457558125,436.27520751953125,2899500,0.0,0.0
2011-10-21 00:00:00+09:00,436.4434154946581,439.9739771850632,430.8953753221333,431.0635070800781,2744500,0.0,0.0
2011-10-24 00:00:00+09:00,439.4695860536659,441.6551963143321,433.75346537592526,437.2840270996094,3938500,0.0,0.0
2011-10-25 00:00:00+09:00,432.57664195818506,435.77099182086386,428.0373917911311,430.3910827636719,3443000,0.0,0.0
2011-10-26 00:00:00+09:00,423.4980705538534,432.576621770903,423.4980705538534,430.2229309082031,2740000,0.0,0.0
2011-10-27 00:00:00+09:00,430.7272965244258,441.99140605744674,430.22290124865486,440.1420593261719,4216000,0.0,0.0
2011-10-28 00:00:00+09:00,444.17695423868764,455.2729304626183,443.5044272983022,453.0873718261719,8910500,0.0,0.0
2011-10-31 00:00:00+09:00,446.53061825850557,455.94543049566965,440.9825791673522,448.043701171875,4855000,0.0,0.0
2011-11-01 00:00:00+09:00,437.28404965009855,442.3276948564282,433.7534877443454,435.2665710449219,4230000,0.0,0.0
2011-11-02 00:00:00+09:00,437.1158896668577,437.28402142420515,425.3473849450577,432.40850830078125,6263500,0.0,0.0
2011-11-04 00:00:00+09:00,438.2928293753119,442.15960386747577,432.240444308198,435.6028747558594,2951000,0.0,0.0
2011-11-07 00:00:00+09:00,435.7709559111579,438.96525420399536,432.7447380758822,435.4346923828125,1863000,0.0,0.0
2011-11-08 00:00:00+09:00,432.24031485965327,436.779563820599,428.7097536856278,433.58526611328125,2836500,0.0,0.0
2011-11-09 00:00:00+09:00,436.7796946285707,438.12469759160547,432.240444308198,435.6028747558594,1967000,0.0,0.0
2011-11-10 00:00:00+09:00,427.1967628998691,430.22292952696586,426.1880235886327,426.5242614746094,3669500,0.0,0.0
2011-11-11 00:00:00+09:00,428.0373102274643,430.0547629128264,418.79062857069374,419.4631042480469,5293000,0.0,0.0
2011-11-14 00:00:00+09:00,427.19670960162546,430.89535153922276,421.4805636399583,423.4980163574219,2455000,0.0,0.0
2011-11-15 00:00:00+09:00,420.3038081770367,424.3387144742128,417.44574741209453,419.7994384765625,1816000,0.0,0.0
2011-11-16 00:00:00+09:00,416.9413267718273,419.799387187586,410.72083630145704,415.09197998046875,2366000,0.0,0.0
2011-11-17 00:00:00+09:00,409.0395857016048,417.61376620321846,409.0395857016048,415.5963134765625,2314500,0.0,0.0
2011-11-18 00:00:00+09:00,408.8714647822538,413.57887170467507,408.19898907332384,409.20770263671875,3602500,0.0,0.0
2011-11-21 00:00:00+09:00,408.8714499171135,410.3845586871504,401.13787693236935,402.819091796875,3944500,0.0,0.0
2011-11-22 00:00:00+09:00,402.9872178412498,402.9872178412498,396.4304898064077,397.9435729980469,5389500,0.0,0.0
2011-11-24 00:00:00+09:00,395.4217479646253,395.926117576275,389.36938958474116,389.70562744140625,3702000,0.0,0.0
2011-11-25 00:00:00+09:00,389.36939919806883,394.24491237334695,387.35192070165954,390.37811279296875,2582500,0.0,0.0
2011-11-28 00:00:00+09:00,395.5897973233359,396.7666424031941,388.36056947092305,389.53741455078125,2546500,0.0,0.0
2011-11-29 00:00:00+09:00,392.39554978055673,396.43048095703125,389.53748956386875,396.43048095703125,2823500,0.0,0.0
2011-11-30 00:00:00+09:00,395.0855590849897,398.2798575992476,392.2274984690789,396.9349060058594,4248000,0.0,0.0
2011-12-01 00:00:00+09:00,407.8627810152885,411.22521111218845,403.3234798618289,404.66845703125,4706000,0.0,0.0
2011-12-02 00:00:00+09:00,405.00468995919454,410.38459857111104,405.00468995919454,409.71209716796875,3208500,0.0,0.0
2011-12-05 00:00:00+09:00,409.71210991176514,412.40206430139244,408.03089483157464,412.0658264160156,1840500,0.0,0.0
2011-12-06 00:00:00+09:00,408.7033240591705,410.7207766683597,405.3408944927546,408.03082275390625,1837000,0.0,0.0
2011-12-07 00:00:00+09:00,411.5614421873237,417.61380086970314,407.8627742725409,416.773193359375,3238000,0.0,0.0
2011-12-08 00:00:00+09:00,413.7469924993375,418.2862675476393,410.88890667882976,415.5963134765625,2376500,0.0,0.0
2011-12-09 00:00:00+09:00,407.19023468820575,414.7557015717107,406.68586509864485,409.0395812988281,18633000,0.0,0.0
2011-12-12 00:00:00+09:00,413.074477437677,418.1181219134809,412.7382396032839,413.7469787597656,3253500,0.0,0.0
2011-12-13 00:00:00+09:00,413.91511775124644,415.0919630918176,409.3758424928693,411.2251892089844,3976500,0.0,0.0
2011-12-14 00:00:00+09:00,411.22523230862475,418.1181989705813,410.21649296623735,413.9151611328125,4286500,0.0,0.0
2011-12-15 00:00:00+09:00,411.7295659488936,416.4369733392062,411.05709017312313,414.0832824707031,4054500,0.0,0.0
2011-12-16 00:00:00+09:00,415.2600674329211,417.6137579586692,412.4020073221405,413.24261474609375,3446000,0.0,0.0
2011-12-19 00:00:00+09:00,410.04829707012294,410.88890450622677,405.6771537943649,406.51776123046875,2084500,0.0,0.0
2011-12-20 00:00:00+09:00,406.6858464979607,410.2164078101061,406.34960867139966,407.1902160644531,1526500,0.0,0.0
2011-12-21 00:00:00+09:00,412.57012410062646,421.98493775407053,412.233886252997,418.4543762207031,4011000,0.0,0.0
2011-12-22 00:00:00+09:00,418.118195451103,419.29504090511085,414.75576520919094,417.277587890625,2938500,0.0,0.0
2011-12-26 00:00:00+09:00,419.4631476537472,419.7993855272174,415.76447973896444,416.773193359375,1664500,0.0,0.0
2011-12-27 00:00:00+09:00,413.07447528478286,418.7906210528835,413.07447528478286,416.268798828125,1390500,0.0,0.0
2011-12-28 00:00:00+09:00,414.4195273156611,418.118195451103,413.5789197551831,417.277587890625,2558000,0.0,0.0
2011-12-29 00:00:00+09:00,413.24268143400434,415.93261023276614,410.5527269819357,412.7383117675781,2408000,0.0,0.0
2011-12-30 00:00:00+09:00,412.906376907173,417.27752011974843,410.7207924742339,413.24261474609375,2378500,0.0,0.0
2012-01-04 00:00:00+09:00,416.60500877077584,417.9499856646002,412.73820982101864,412.9063415527344,2839000,0.0,0.0
2012-01-05 00:00:00+09:00,409.3758004170526,411.561384769652,406.51774041133103,407.1902160644531,3321500,0.0,0.0
2012-01-06 00:00:00+09:00,405.00459047450437,408.1989136348445,398.95223325274804,401.1378173828125,2773000,0.0,0.0
2012-01-10 00:00:00+09:00,404.66844895579993,409.37585612818134,402.4828643057687,407.69464111328125,3675500,0.0,0.0
2012-01-11 00:00:00+09:00,407.8627352869929,410.04829408229523,406.5177582683664,409.88018798828125,2858000,0.0,0.0
2012-01-12 00:00:00+09:00,406.51780300901885,409.03962557650243,403.99598044153527,405.5090637207031,2714000,0.0,0.0
2012-01-13 00:00:00+09:00,411.2251565218637,415.7644314194267,409.5439416965957,413.7469787597656,6977000,0.0,0.0
2012-01-16 00:00:00+09:00,408.36715671194867,408.36715671194867,399.28860500680133,403.827880859375,3586000,0.0,0.0
2012-01-17 00:00:00+09:00,404.83655922206634,410.0483100995331,402.6509746880881,409.20770263671875,1936000,0.0,0.0
2012-01-18 00:00:00+09:00,408.3671241665234,409.03962557650243,401.9785275182095,405.5090637207031,3510000,0.0,0.0
2012-01-19 00:00:00+09:00,403.82784867571405,409.7121013331758,403.65974256319856,405.5090637207031,3631000,0.0,0.0
2012-01-20 00:00:00+09:00,410.21642657226835,412.5701171191487,407.35836643582707,409.0395812988281,2946500,0.0,0.0
2012-01-23 00:00:00+09:00,408.8714439844738,411.72950408200296,408.53520614711204,409.5439453125,1970000,0.0,0.0
2012-01-24 00:00:00+09:00,412.7383239980426,412.7383239980426,408.70341785368214,410.88897705078125,1990500,0.0,0.0
2012-01-25 00:00:00+09:00,412.06570019364915,418.7905584544787,409.7119844103797,417.949951171875,2864000,0.0,0.0
2012-01-26 00:00:00+09:00,417.7818860293221,420.13557653436345,414.2513246184575,417.4456481933594,2417500,0.0,0.0
2012-01-27 00:00:00+09:00,419.2949358119984,420.80804443359375,415.764400334877,420.80804443359375,3859500,0.0,0.0
2012-01-30 00:00:00+09:00,416.605105109802,418.1181884319388,412.73830526585573,414.0832824707031,3344500,0.0,0.0
2012-01-31 00:00:00+09:00,414.0832163763757,419.96746826171875,413.5788467984001,419.96746826171875,4291500,0.0,0.0
2012-02-01 00:00:00+09:00,425.34738262529487,436.77962377005065,424.3386433933203,434.9303283691406,6525000,0.0,0.0
2012-02-02 00:00:00+09:00,434.76228232535425,436.7797098804272,430.05487440358917,431.2317199707031,4637500,0.0,0.0
2012-02-03 00:00:00+09:00,430.8954035839295,430.8954035839295,426.69239154598944,428.2054748535156,3185500,0.0,0.0
2012-02-06 00:00:00+09:00,432.4085098370277,433.41719777147847,429.21418600920776,431.0635070800781,2125000,0.0,0.0
2012-02-07 00:00:00+09:00,430.39109596854865,433.5853946226169,426.35618970516686,427.7011413574219,3811500,0.0,0.0
2012-02-08 00:00:00+09:00,428.20548222869013,430.5591987683109,424.8430520177804,426.0198974609375,4749000,0.0,0.0
2012-02-09 00:00:00+09:00,423.66623600701695,429.5504892848922,420.64004347630515,426.86053466796875,4477500,0.0,0.0
2012-02-10 00:00:00+09:00,427.5330152410952,429.55046827847355,425.851800101062,427.19677734375,4958500,0.0,0.0
2012-02-13 00:00:00+09:00,426.1879548970501,430.39099192759295,424.8429779166159,429.5503845214844,2276500,0.0,0.0
2012-02-14 00:00:00+09:00,428.03733680835757,436.9477555264812,426.8604658199525,434.9303283691406,4340000,0.0,0.0
2012-02-15 00:00:00+09:00,435.6027780521913,444.00885230519924,433.2490875226702,441.4870300292969,4307500,0.0,0.0
2012-02-16 00:00:00+09:00,438.7971418102214,440.31022514134776,434.08976004524743,436.4434509277344,3371000,0.0,0.0
2012-02-17 00:00:00+09:00,441.8232670323664,443.6726137332258,435.6028025197046,436.6115417480469,4903000,0.0,0.0
2012-02-20 00:00:00+09:00,445.0176237922445,445.0176237922445,438.46084435348735,440.1420593261719,3152500,0.0,0.0
2012-02-21 00:00:00+09:00,439.1334019110526,442.8320443240776,438.1246625960047,439.8058776855469,3294500,0.0,0.0
2012-02-22 00:00:00+09:00,442.3276028491077,448.5480665257124,439.8057807705,446.8668518066406,4073000,0.0,0.0
2012-02-23 00:00:00+09:00,447.0350334549352,450.061251071127,442.83199618795277,447.5394287109375,4171000,0.0,0.0
2012-02-24 00:00:00+09:00,448.5480041503906,451.06982587831243,445.6899703093692,448.5480041503906,4274500,0.0,0.0
2012-02-27 00:00:00+09:00,452.9193465100892,453.4237418338922,446.69888130276513,448.3800964355469,3166500,0.0,0.0
2012-02-28 00:00:00+09:00,447.8755843042053,455.1048382737204,442.8319402212602,454.93670654296875,3815000,0.0,0.0
2012-02-29 00:00:00+09:00,455.2729045243372,466.7051948737304,455.2729045243372,460.48468017578125,5138000,0.0,0.0
2012-03-01 00:00:00+09:00,466.03271800462295,466.03271800462295,457.9628569612353,462.1658935546875,4515000,0.0,0.0
2012-03-02 00:00:00+09:00,466.8734033989275,469.3952257767252,461.82975864333207,466.5371398925781,4255000,0.0,0.0
2012-03-05 00:00:00+09:00,464.519521401758,468.0500819274313,462.3339631893181,463.8470458984375,2450500,0.0,0.0
2012-03-06 00:00:00+09:00,462.5020635466194,466.70509929076064,460.6527175578795,465.5282287597656,4504500,0.0,0.0
2012-03-07 00:00:00+09:00,459.13975602405105,465.1921393529139,458.63536081779455,464.3515319824219,4824500,0.0,0.0
2012-03-08 00:00:00+09:00,464.35172349928604,466.8735466508608,459.8124213038021,465.86480712890625,5653000,0.0,0.0
2012-03-09 00:00:00+09:00,474.27075915194354,481.4999630895253,467.2096356681489,477.4650573730469,18126500,0.0,0.0
2012-03-12 00:00:00+09:00,484.69433779898793,484.69433779898793,473.4302263673674,473.5983581542969,3765000,0.0,0.0
2012-03-13 00:00:00+09:00,473.430039086091,483.8535387663142,472.5894317905925,479.482421875,6069500,0.0,0.0
2012-03-14 00:00:00+09:00,484.1897784845031,487.0478636718066,482.0042201459264,484.6941223144531,4618000,0.0,0.0
2012-03-15 00:00:00+09:00,485.03055688457323,490.91480974105855,484.6942933415574,486.2074279785156,6645500,0.0,0.0
2012-03-16 00:00:00+09:00,484.18987141693503,488.7291719841108,482.3405248411744,482.6767883300781,3679000,0.0,0.0
2012-03-19 00:00:00+09:00,482.50869911033794,483.51743835934695,479.98687664112015,480.8274841308594,2491000,0.0,0.0
2012-03-21 00:00:00+09:00,483.1811740728765,494.6134666991266,483.1811740728765,492.4278564453125,5682500,0.0,0.0
2012-03-22 00:00:00+09:00,488.0566800363631,492.5959809293452,486.54359684090525,489.2335510253906,5018500,0.0,0.0
2012-03-23 00:00:00+09:00,482.00421147226626,485.87098424988716,481.49981634479775,482.3404235839844,4733000,0.0,0.0
2012-03-26 00:00:00+09:00,481.16370524322116,486.03921799269574,479.3143586674605,482.6767883300781,3325500,0.0,0.0
2012-03-27 00:00:00+09:00,492.2597150542797,493.77284954908566,486.0392505457768,491.75537109375,3562500,0.0,0.0
2012-03-28 00:00:00+09:00,492.2649140000976,494.98274319306984,488.3580701740175,492.7745361328125,2557000,6.0,0.0
2012-03-29 00:00:00+09:00,491.9253040060619,496.51159297499333,491.07598547422765,493.11431884765625,3665500,0.0,0.0
2012-03-30 00:00:00+09:00,489.71701739990925,494.9828023711711,487.3389360111,494.13348388671875,4447500,0.0,0.0
2012-04-02 00:00:00+09:00,497.70064049750664,497.70064049750664,488.1882629394531,488.1882629394531,4442000,0.0,0.0
2012-04-03 00:00:00+09:00,487.3389839174172,489.2074951345477,481.56362802307035,482.2430725097656,2723000,0.0,0.0
2012-04-04 00:00:00+09:00,482.4128099705527,484.4511946916545,472.7305603027344,472.7305603027344,4027500,0.0,0.0
2012-04-05 00:00:00+09:00,474.76895553948026,478.6757991968017,467.12509042346005,475.10870361328125,5748000,0.0,0.0
2012-04-06 00:00:00+09:00,475.2785203818299,477.4867791597509,470.5223584326233,472.390869140625,2940000,0.0,0.0
2012-04-09 00:00:00+09:00,466.95526428941923,470.1826639685012,463.8977386646644,464.91693115234375,3187500,0.0,0.0
2012-04-10 00:00:00+09:00,465.0867108832269,470.8621171730719,462.53875581592297,467.46484375,3179000,0.0,0.0
2012-04-11 00:00:00+09:00,460.33054591806206,462.0291826188667,457.27302059192493,459.1414794921875,4269000,0.0,0.0
2012-04-12 00:00:00+09:00,458.9717631533716,460.67040024596247,454.21554819114306,458.2922668457031,2470000,0.0,0.0
2012-04-13 00:00:00+09:00,458.6319265113227,463.218266511748,452.17712754017913,459.3113708496094,11011000,0.0,0.0
2012-04-16 00:00:00+09:00,459.481274405781,459.99084473265515,451.6675344179151,453.87579345703125,2594500,0.0,0.0
2012-04-17 00:00:00+09:00,454.7251686059314,458.6320131679722,452.51690929140796,456.5936279296875,2334000,0.0,0.0
2012-04-18 00:00:00+09:00,457.9524590318476,462.5387469622391,456.9332666567792,460.6702880859375,3511500,0.0,0.0
2012-04-19 00:00:00+09:00,456.0841256454862,460.8402894606601,455.9142515438805,460.3307189941406,3784500,0.0,0.0
2012-04-20 00:00:00+09:00,460.3305362614399,466.7853348537802,459.8209659971993,463.3880615234375,3311000,0.0,0.0
2012-04-23 00:00:00+09:00,463.55793555761005,466.6155126578848,460.67028432978503,463.3880615234375,2815000,0.0,0.0
2012-04-24 00:00:00+09:00,459.6511669122633,460.1607372595928,453.1963154291386,456.42376708984375,3693000,0.0,0.0
2012-04-25 00:00:00+09:00,464.9169727387486,466.1059875488281,460.1607579835668,466.1059875488281,4522500,0.0,0.0
2012-04-26 00:00:00+09:00,471.37178023923195,475.1088024755432,467.464935768961,472.9005432128906,4372500,0.0,0.0
2012-04-27 00:00:00+09:00,469.16346479822147,479.0155366609009,465.7661914885697,472.7305603027344,6183000,0.0,0.0
2012-05-01 00:00:00+09:00,469.8430172655733,477.99645435061205,466.95531355221567,472.9005432128906,3616500,0.0,0.0
2012-05-02 00:00:00+09:00,472.22109609410387,472.90054054097004,467.9745035033295,468.8238220214844,3425000,0.0,0.0
2012-05-07 00:00:00+09:00,454.89494009674405,466.2758280373407,450.1387775223872,465.0867614746094,3562000,0.0,0.0
2012-05-08 00:00:00+09:00,465.2566071273569,468.4840066656537,461.68945949522634,466.7853698730469,3499000,0.0,0.0
2012-05-09 00:00:00+09:00,432.8126537130985,441.98530781269113,407.16322814610186,411.7495422363281,18468000,0.0,0.0
2012-05-10 00:00:00+09:00,411.91943771268694,417.35507046980956,409.88107866865863,415.31671142578125,9003500,0.0,0.0
2012-05-11 00:00:00+09:00,413.9578198666324,416.33592715004534,407.33314612392115,408.1824645996094,6316500,0.0,0.0
2012-05-14 00:00:00+09:00,408.8618675251184,415.1468184236464,408.1824231811684,413.10845947265625,3109000,0.0,0.0
2012-05-15 00:00:00+09:00,410.90026671560787,410.90026671560787,404.955037406838,406.14410400390625,3297000,0.0,0.0
2012-05-16 00:00:00+09:00,405.8042952206084,410.9002052949692,405.46457306614553,409.2015686035156,4905500,0.0,0.0
2012-05-17 00:00:00+09:00,404.27551499370753,408.1823843980625,401.72756006727656,405.9741516113281,4942500,0.0,0.0
2012-05-18 00:00:00+09:00,399.6892537229195,402.57693116772043,398.3303390667951,398.8399353027344,4725500,0.0,0.0
2012-05-21 00:00:00+09:00,400.70843407395347,402.0673487768717,395.95227149245284,398.3303527832031,2492500,0.0,0.0
2012-05-22 00:00:00+09:00,401.89754702696314,401.89754702696314,394.76325049296116,396.8016357421875,2683500,0.0,0.0
2012-05-23 00:00:00+09:00,393.9138736827587,396.80157705233523,387.1193263080211,388.4782409667969,4445500,0.0,0.0
2012-05-24 00:00:00+09:00,389.3275650268252,393.23443500770634,388.3083984573399,390.8563537597656,3580500,0.0,0.0
2012-05-25 00:00:00+09:00,391.5358696414473,392.21531414518387,385.25091726487153,386.9495544433594,4409500,0.0,0.0
2012-05-28 00:00:00+09:00,387.2891972022812,387.4590712529211,383.7220494919722,384.4015197753906,2641500,0.0,0.0
2012-05-29 00:00:00+09:00,384.0617939965355,385.7604308104625,381.0042425476389,383.7220458984375,3886000,0.0,0.0
2012-05-30 00:00:00+09:00,382.7028688238767,386.6097385721615,381.6836763959276,385.2508239746094,3463500,0.0,0.0
2012-05-31 00:00:00+09:00,379.305637464897,382.7029113769531,374.7193228674498,382.7029113769531,4994500,0.0,0.0
2012-06-01 00:00:00+09:00,375.908337336422,378.2864185413531,372.3411896098841,373.3603820800781,5004500,0.0,0.0
2012-06-04 00:00:00+09:00,364.8671928078452,373.0206546983553,362.3192375870071,370.6425476074219,3611500,0.0,0.0
2012-06-05 00:00:00+09:00,370.81244546509816,376.2480784347285,369.79325294366765,375.5686340332031,3191500,0.0,0.0
2012-06-06 00:00:00+09:00,379.4754333496094,381.683666272168,374.5493972231735,379.4754333496094,3595500,0.0,0.0
2012-06-07 00:00:00+09:00,386.9495252449387,389.83720304664047,383.38237707162534,388.9878845214844,4533500,0.0,0.0
2012-06-08 00:00:00+09:00,386.60975938399497,386.7796075183696,374.37955326679406,376.4179382324219,13034500,0.0,0.0
2012-06-11 00:00:00+09:00,386.26992884993405,390.8562681247656,385.5904846191406,385.5904846191406,3904000,0.0,0.0
2012-06-12 00:00:00+09:00,379.81510674665503,383.5521016166466,377.9465963520921,379.9849548339844,3387500,0.0,0.0
2012-06-13 00:00:00+09:00,380.6645344944837,386.6097635638451,380.49466043913094,382.87274169921875,3238500,0.0,0.0
2012-06-14 00:00:00+09:00,379.1357990625804,380.49471393904895,375.22892851241284,376.0782470703125,4572500,0.0,0.0
2012-06-15 00:00:00+09:00,376.4178491391531,383.5521170728363,376.4178491391531,378.1164855957031,3581500,0.0,0.0
2012-06-18 00:00:00+09:00,395.1029391220016,395.9522575415079,385.08096622034213,386.10015869140625,3010000,0.0,0.0
2012-06-19 00:00:00+09:00,386.26997454902164,388.81792959464616,382.87270115485563,384.061767578125,2450500,0.0,0.0
2012-06-20 00:00:00+09:00,385.0809688247254,391.87551622672896,385.0809688247254,390.5166015625,2996500,0.0,0.0
2012-06-21 00:00:00+09:00,390.3468161202483,394.25368668768823,387.1193900344738,389.49749755859375,3344500,0.0,0.0
2012-06-22 00:00:00+09:00,388.47828822256184,390.6865215717965,385.0810141219375,388.9878845214844,2550000,0.0,0.0
2012-06-25 00:00:00+09:00,391.53577816596413,396.4618144650381,388.81794894769826,389.3275451660156,2597000,0.0,0.0
2012-06-26 00:00:00+09:00,384.7413121797371,386.7796715637476,379.98512300428206,381.1741638183594,4065000,0.0,0.0
2012-06-27 00:00:00+09:00,388.64810294242335,391.53578030313025,386.7795921047739,391.02618408203125,3985500,0.0,0.0
2012-06-28 00:00:00+09:00,397.14126364567846,410.05088694924245,396.46179341761365,409.2015686035156,6497500,0.0,0.0
2012-06-29 00:00:00+09:00,405.46464089223235,415.3167405345493,402.9166854288302,413.27838134765625,4435500,0.0,0.0
2012-07-02 00:00:00+09:00,415.82630140374283,416.1660235861073,408.52215784677065,410.2207946777344,1641500,0.0,0.0
2012-07-03 00:00:00+09:00,411.7495914605924,414.46742098223154,411.0701470397542,413.95782470703125,1436500,0.0,0.0
2012-07-04 00:00:00+09:00,414.1276519077215,416.16601085871156,412.76873730068127,413.10845947265625,2121000,0.0,0.0
2012-07-05 00:00:00+09:00,412.7687540857209,417.0153462059444,412.2591578474658,413.6180725097656,1639500,0.0,0.0
2012-07-06 00:00:00+09:00,410.73041804151023,411.7495846559245,404.4454665356224,406.48382568359375,2309500,0.0,0.0
2012-07-09 00:00:00+09:00,402.91666115650366,407.16325333968587,402.0673427198672,403.743896484375,1613000,0.0,0.0
2012-07-10 00:00:00+09:00,405.63449825665623,412.76876807662126,404.95502794290485,409.7850341796875,3484000,0.0,0.0
2012-07-11 00:00:00+09:00,405.8043075921044,413.2783248138392,404.954989220485,411.260986328125,2809000,0.0,0.0
2012-07-12 00:00:00+09:00,412.5988266924975,416.50569612185143,405.1248358947979,409.99822998046875,2954000,0.0,0.0
2012-07-13 00:00:00+09:00,405.12483132285473,410.2207411508152,405.12483132285473,407.70166015625,4092000,0.0,0.0
2012-07-17 00:00:00+09:00,410.3906220633817,414.97693580165037,405.9741564374115,411.2671813964844,3363000,0.0,0.0
2012-07-18 00:00:00+09:00,412.7688136121221,414.9770470169213,411.07017651906807,412.01702880859375,2783500,0.0,0.0
2012-07-19 00:00:00+09:00,414.97698141389645,420.7523362496057,413.4481927203445,415.3944091796875,3399000,0.0,0.0
2012-07-20 00:00:00+09:00,416.1659641015803,419.7331113043916,410.56045817679274,411.7901916503906,2564000,0.0,0.0
2012-07-23 00:00:00+09:00,405.97422994171285,408.86190756500105,403.2564004614752,406.14410400390625,3246500,0.0,0.0
2012-07-24 00:00:00+09:00,409.0318263609724,411.40990797690216,404.7852335331366,408.35235595703125,3637000,0.0,0.0
2012-07-25 00:00:00+09:00,405.1248747303526,408.0125520917723,402.74679359015767,405.4079895019531,3245500,0.0,0.0
2012-07-26 00:00:00+09:00,407.1631762185083,409.3714089193279,402.7467367360059,405.61798095703125,3377000,0.0,0.0
2012-07-27 00:00:00+09:00,410.9002602862089,421.2619558584487,410.9002602862089,416.8454895019531,4668000,0.0,0.0
2012-07-30 00:00:00+09:00,417.015344925072,419.90302237412607,401.89748739116783,412.2455749511719,4961000,0.0,0.0
2012-07-31 00:00:00+09:00,405.8043620893955,409.0317878864587,400.19888081923386,405.638427734375,6910000,0.0,0.0
2012-08-01 00:00:00+09:00,404.1056746628647,417.524920612588,403.0865081587863,410.0509033203125,5370500,0.0,0.0
2012-08-02 00:00:00+09:00,409.0316686312562,412.0892194720824,404.6152034257144,404.9549255371094,3769000,0.0,0.0
2012-08-03 00:00:00+09:00,399.689322718254,403.08659698543994,398.67013007043994,400.69830322265625,2801000,0.0,0.0
2012-08-06 00:00:00+09:00,406.65364330715977,410.7303872162866,404.27556213285817,408.50115966796875,2573000,0.0,0.0
2012-08-07 00:00:00+09:00,408.6920581210004,410.73041726511866,406.65367305773935,410.01593017578125,1902000,0.0,0.0
2012-08-08 00:00:00+09:00,415.31675813636,424.4893878257016,413.7879951611846,416.16607666015625,5411500,0.0,0.0
2012-08-09 00:00:00+09:00,416.675676278233,420.7523948572795,412.938679927583,416.8909606933594,4089000,0.0,0.0
2012-08-10 00:00:00+09:00,414.63724412982623,417.6947695672791,411.23997060453195,414.0218200683594,2670000,0.0,0.0
2012-08-13 00:00:00+09:00,410.7303917958413,412.429028630465,408.6920327781211,409.7845764160156,1065500,0.0,0.0
2012-08-14 00:00:00+09:00,409.54145402808035,411.2400912892185,401.7277122591855,403.1932067871094,6267500,0.0,0.0
2012-08-15 00:00:00+09:00,404.44540796474905,405.29472631333596,398.3303054872676,401.1593017578125,4905500,0.0,0.0
2012-08-16 00:00:00+09:00,404.78518821794097,409.7112249791086,404.1057178900657,406.82354736328125,3342000,0.0,0.0
2012-08-17 00:00:00+09:00,406.14408867294037,413.9578027751746,404.95502212075655,411.4794921875,2768000,0.0,0.0
2012-08-20 00:00:00+09:00,414.80710266562846,415.9961432454965,409.2015960243752,411.1618347167969,3734500,0.0,0.0
2012-08-21 00:00:00+09:00,412.7686341742593,416.6755029737272,410.56040172941795,413.20977783203125,3099500,0.0,0.0
2012-08-22 00:00:00+09:00,409.5413773651222,411.2400143082888,402.57695553048205,406.48382568359375,4520500,0.0,0.0
2012-08-23 00:00:00+09:00,405.2947431605391,408.0125464375069,401.72759558053997,406.6330261230469,4422000,0.0,0.0
2012-08-24 00:00:00+09:00,401.72761244236625,404.2755677009859,400.19884965485096,403.3667907714844,2405500,0.0,0.0
2012-08-27 00:00:00+09:00,407.1631731801735,407.1631731801735,402.9165818330312,403.4261779785156,2439500,0.0,0.0
2012-08-28 00:00:00+09:00,404.95501655592216,406.65365341382306,400.5385762768647,402.2372131347656,3906000,0.0,0.0
2012-08-29 00:00:00+09:00,405.6344909667969,407.5029759779637,403.59613190045957,405.6344909667969,2501000,0.0,0.0
2012-08-30 00:00:00+09:00,405.63442716551083,406.8234676072577,403.59606841978217,404.2755126953125,2408000,0.0,0.0
2012-08-31 00:00:00+09:00,400.70844539447097,403.5961489394318,395.27281234837665,396.46185302734375,3794000,0.0,0.0
2012-09-03 00:00:00+09:00,394.08375498409237,397.990624980263,392.2152440540111,392.89471435546875,2917000,0.0,0.0
2012-09-04 00:00:00+09:00,390.68653958997083,392.3851767186229,388.4783061388941,391.5358581542969,2592000,0.0,0.0
2012-09-05 00:00:00+09:00,396.29192608015586,399.17960313174945,393.0645009714378,393.234375,4554500,0.0,0.0
2012-09-06 00:00:00+09:00,395.4426077756202,396.6316482181426,391.70561241949093,393.234375,2830000,0.0,0.0
2012-09-07 00:00:00+09:00,401.38794718080015,401.5577953373102,395.27284332524926,396.1221618652344,3957500,0.0,0.0
2012-09-10 00:00:00+09:00,395.78236594620654,397.650876753952,394.4234513514044,395.9522399902344,2554000,0.0,0.0
2012-09-11 00:00:00+09:00,395.4426717133433,396.6317123481174,393.23443858068174,394.5933532714844,2376000,0.0,0.0
2012-09-12 00:00:00+09:00,396.97143303694315,405.6344914787374,395.95226646205913,405.2947692871094,3735000,0.0,0.0
2012-09-13 00:00:00+09:00,405.4645849532322,408.5221362713153,401.2179931001,406.65362548828125,2302000,0.0,0.0
2012-09-14 00:00:00+09:00,409.8810755755638,416.6756229504786,407.67284249488824,411.239990234375,10545000,0.0,0.0
2012-09-18 00:00:00+09:00,413.6181016089237,415.31673857651685,410.39070173815406,411.5797424316406,3699000,0.0,0.0
2012-09-19 00:00:00+09:00,414.1276728552339,419.9030278283598,411.74956569283853,417.0153503417969,3583000,0.0,0.0
2012-09-20 00:00:00+09:00,417.1852064383992,417.86465078747057,412.2591441906398,414.1276550292969,5277500,0.0,0.0
2012-09-21 00:00:00+09:00,418.714053202351,423.6400905194263,417.18529015060926,419.7332458496094,4875000,0.0,0.0
2012-09-24 00:00:00+09:00,419.9029992810237,421.601636030477,416.16600361605447,418.7139587402344,4781500,0.0,0.0
2012-09-25 00:00:00+09:00,416.8455403153928,421.2620072102553,416.8455403153928,420.7524108886719,3141000,0.0,0.0
2012-09-26 00:00:00+09:00,422.98763495815956,426.2546021317728,420.5803987499084,420.9242858886719,2230000,6.0,0.0
2012-09-27 00:00:00+09:00,421.09616615848773,425.39482047303704,420.2364352955779,424.3631591796875,2502000,0.0,0.0
2012-09-28 00:00:00+09:00,424.53514583088077,426.0826773311988,417.14148042024345,421.0962219238281,3421000,0.0,0.0
2012-10-01 00:00:00+09:00,417.3133597297441,425.22289424137745,416.96947262856526,420.5803527832031,2353000,0.0,0.0
2012-10-02 00:00:00+09:00,420.5804041420492,428.1460262394697,419.89260361879724,427.458251953125,4908500,0.0,0.0
2012-10-03 00:00:00+09:00,428.4898883969558,431.24103785572663,425.91069561819774,427.6301574707031,3995000,0.0,0.0
2012-10-04 00:00:00+09:00,432.272760859645,436.74337280835255,430.0374811222007,432.7886047363281,3715500,0.0,0.0
2012-10-05 00:00:00+09:00,435.1958016170194,436.7433067761886,433.6482702209447,436.57135009765625,3156500,0.0,0.0
2012-10-09 00:00:00+09:00,433.6482893353537,437.25916984845,431.06909646511536,431.75689697265625,3268000,0.0,0.0
2012-10-10 00:00:00+09:00,425.7387954050303,428.4899188222413,422.815689058689,425.0509948730469,3741000,0.0,0.0
2012-10-11 00:00:00+09:00,421.44021125630354,425.5669101937203,421.26825453519785,423.33160400390625,2779000,0.0,0.0
2012-10-12 00:00:00+09:00,427.2863057044244,429.86549869660405,424.535156018003,426.42657470703125,7299000,0.0,0.0
2012-10-15 00:00:00+09:00,422.64376849647823,427.8021545410156,419.720688318622,427.8021545410156,4178500,0.0,0.0
2012-10-16 00:00:00+09:00,429.8655037114489,432.27274003746976,425.2229615187469,427.8021545410156,3512500,0.0,0.0
2012-10-17 00:00:00+09:00,430.2093257026518,436.0555114097428,429.5215514956548,432.2726745605469,4629500,0.0,0.0
2012-10-18 00:00:00+09:00,436.3995297074211,444.82491057901746,434.50811071420844,443.9651794433594,3862500,0.0,0.0
2012-10-19 00:00:00+09:00,445.8565267529132,446.3723968963762,439.8384352995097,444.9967956542969,2664000,0.0,0.0
2012-10-22 00:00:00+09:00,445.1687315101576,453.5940853870589,443.96513951278286,452.90631103515625,3978500,0.0,0.0
2012-10-23 00:00:00+09:00,456.5171409394259,458.7524204516754,450.6709808910848,451.87457275390625,3258500,0.0,0.0
2012-10-24 00:00:00+09:00,445.34062683056976,453.9379362288433,444.30893920801446,446.372314453125,3347000,0.0,0.0
2012-10-25 00:00:00+09:00,446.5442230189013,454.96957482658104,445.5125355075145,454.4537048339844,2645000,0.0,0.0
2012-10-26 00:00:00+09:00,456.001342891048,458.7524401089879,449.6393125084763,451.5307312011719,2407500,0.0,0.0
2012-10-29 00:00:00+09:00,457.032999676913,460.81583724080514,453.5940755183995,455.31353759765625,3313000,0.0,0.0
2012-10-30 00:00:00+09:00,460.4719021071083,464.0827827979242,450.6710002021117,451.5307312011719,4104000,0.0,0.0
2012-10-31 00:00:00+09:00,451.702616357544,454.1098522789044,445.5125436498975,446.8880920410156,3641000,0.0,0.0
2012-11-01 00:00:00+09:00,430.03750799236104,437.7750879153486,406.8247682233984,413.35870361328125,10969500,0.0,0.0
2012-11-02 00:00:00+09:00,419.5487264643149,419.5487264643149,410.7794598016501,414.2183837890625,6259500,0.0,0.0
2012-11-05 00:00:00+09:00,411.98310406199147,415.25007135428064,409.91972868064266,411.6391906738281,2892000,0.0,0.0
2012-11-06 00:00:00+09:00,413.5306092342679,416.45368937440503,405.27718642212756,409.05999755859375,4571500,0.0,0.0
2012-11-07 00:00:00+09:00,411.1233774934439,413.0147699641746,405.2771909115018,407.1686096191406,3692000,0.0,0.0
2012-11-08 00:00:00+09:00,406.8247275634866,406.8247275634866,399.7749227323675,401.494384765625,3297500,0.0,0.0
2012-11-09 00:00:00+09:00,395.82016451557496,399.0871582010289,393.75681527244615,396.5079650878906,5623500,0.0,0.0
2012-11-12 00:00:00+09:00,394.1007279646467,397.88353952820023,394.1007279646467,395.1324157714844,2152000,0.0,0.0
2012-11-13 00:00:00+09:00,399.77492287792745,400.1188100373225,392.20930042360317,394.444580078125,2042500,0.0,0.0
2012-11-14 00:00:00+09:00,393.0690160173518,399.4310200457078,393.0690160173518,398.5712890625,2621000,0.0,0.0
2012-11-15 00:00:00+09:00,398.91519171573873,401.494384765625,396.3359986658525,401.494384765625,3036000,0.0,0.0
2012-11-16 00:00:00+09:00,402.18213934513824,410.9514057791208,402.18213934513824,410.0916748046875,4982500,0.0,0.0
2012-11-19 00:00:00+09:00,411.9831032163274,415.0781138081818,406.3088734030812,407.6844482421875,3055000,0.0,0.0
2012-11-20 00:00:00+09:00,406.8246769389208,411.6391490434104,404.07352753329377,407.512451171875,3373000,0.0,0.0
2012-11-21 00:00:00+09:00,412.3270420323629,414.9062353400254,409.74784872470036,413.35870361328125,3743000,0.0,0.0
2012-11-22 00:00:00+09:00,421.78410421971637,422.9877225731518,410.09175542153133,413.70263671875,3370500,0.0,0.0
2012-11-26 00:00:00+09:00,418.6889690601013,419.3767433194416,412.32696533203125,412.32696533203125,3146500,0.0,0.0
2012-11-27 00:00:00+09:00,406.1368771877976,416.6256047987942,406.1368771877976,414.562255859375,4630000,0.0,0.0
2012-11-28 00:00:00+09:00,414.3903143469585,418.86092574338943,412.32696533203125,412.32696533203125,1968500,0.0,0.0
2012-11-29 00:00:00+09:00,411.81123341451587,411.9831901445273,408.88815266271405,411.46734619140625,4643500,0.0,0.0
2012-11-30 00:00:00+09:00,412.3269753547878,415.5939425214265,410.2636262897051,410.6075134277344,3493000,0.0,0.0
2012-12-03 00:00:00+09:00,411.2952777061145,415.42200197287525,410.60750344677416,412.32696533203125,1833500,0.0,0.0
2012-12-04 00:00:00+09:00,410.2636413574219,412.1550338045015,408.5441793672179,410.2636413574219,2404500,0.0,0.0
2012-12-05 00:00:00+09:00,409.23195907482796,417.65731244336996,409.23195907482796,414.90618896484375,2545000,0.0,0.0
2012-12-06 00:00:00+09:00,416.1098177302775,423.6754402851554,415.9378610298403,421.6120910644531,4814000,0.0,0.0
2012-12-07 00:00:00+09:00,420.9243011999612,422.81569365041383,417.48537721342046,418.6889953613281,2173000,0.0,0.0
2012-12-10 00:00:00+09:00,417.48533094332663,418.5169922828046,413.8744506628913,415.765869140625,3156500,0.0,0.0
2012-12-11 00:00:00+09:00,414.04651858584515,418.34517424758167,414.04651858584515,417.4854431152344,2552500,0.0,0.0
2012-12-12 00:00:00+09:00,424.3632095278197,424.70709666640306,417.65729225936394,418.3450927734375,3212500,0.0,0.0
2012-12-13 00:00:00+09:00,424.1913393600288,426.5986022949219,419.72075317279115,426.5986022949219,3782500,0.0,0.0
2012-12-14 00:00:00+09:00,428.3180141532022,431.9288687750982,423.84740225533966,428.8338317871094,14920500,0.0,0.0
2012-12-17 00:00:00+09:00,439.15057299648674,439.83837352091973,432.788569007699,433.3044128417969,3798500,0.0,0.0
2012-12-18 00:00:00+09:00,433.47642544283127,438.80674245093877,433.3044687303169,437.0872802734375,2960000,0.0,0.0
2012-12-19 00:00:00+09:00,442.93341063367535,447.7478831239203,439.4944867195534,447.4040222167969,4208000,0.0,0.0
2012-12-20 00:00:00+09:00,446.0284003862162,448.4356365191846,442.07365905875474,443.1053466796875,4632000,0.0,0.0
2012-12-21 00:00:00+09:00,448.6076453483353,449.9832464940846,437.6030985514323,438.46282958984375,4677000,0.0,0.0
2012-12-25 00:00:00+09:00,446.37233510865383,448.951528047486,441.9017235199151,446.20037841796875,3097500,0.0,0.0
2012-12-26 00:00:00+09:00,450.3270272993084,457.3768310546875,445.8564162002526,457.3768310546875,3462500,0.0,0.0
2012-12-27 00:00:00+09:00,460.4718322753906,461.33156314407046,454.96958620012447,460.4718322753906,3458000,0.0,0.0
2012-12-28 00:00:00+09:00,462.1913439105139,467.69364305361125,460.4718819875227,462.0194396972656,3583500,0.0,0.0
2013-01-04 00:00:00+09:00,473.5397531046761,474.22752730650046,466.14608860590016,469.4130554199219,3148000,0.0,0.0
2013-01-07 00:00:00+09:00,460.9877827173456,464.25475009361134,456.5171709253845,457.5488586425781,4289000,0.0,0.0
2013-01-08 00:00:00+09:00,454.1099042009379,460.1280209293423,450.6709803561353,453.0782165527344,4065500,0.0,0.0
2013-01-09 00:00:00+09:00,451.3587556855193,463.2230324830617,450.8429380971185,461.5035705566406,3283500,0.0,0.0
2013-01-10 00:00:00+09:00,459.44030837715223,466.31815699073945,457.37693280354785,464.08282470703125,3900000,0.0,0.0
2013-01-11 00:00:00+09:00,465.80234786964496,470.7887782728373,463.2231543017357,467.349853515625,6209000,0.0,0.0
2013-01-15 00:00:00+09:00,467.52160727929913,473.1958621495856,463.3949098569665,471.9922180175781,4073500,0.0,0.0
2013-01-16 00:00:00+09:00,470.44482416089573,472.16428619914916,467.34976100774935,467.8656311035156,3377000,0.0,0.0
2013-01-17 00:00:00+09:00,467.0059422394984,468.03763005034097,450.32713797337203,454.62579345703125,7103000,0.0,0.0
2013-01-18 00:00:00+09:00,463.39501997620994,469.2411804199219,462.19137555817343,469.2411804199219,4947000,0.0,0.0
2013-01-21 00:00:00+09:00,472.3362015523917,472.68006244565265,462.5352478027344,462.5352478027344,2977000,0.0,0.0
2013-01-22 00:00:00+09:00,462.70712235981006,466.489906357145,454.28177110006027,458.9242858886719,5068000,0.0,0.0
2013-01-23 00:00:00+09:00,447.5759889501459,455.1416645970274,444.9967956542969,444.9967956542969,6468500,0.0,0.0
2013-01-24 00:00:00+09:00,444.1370137062458,451.1868184025292,442.417551705875,450.32708740234375,3294500,0.0,0.0
2013-01-25 00:00:00+09:00,455.657450043086,466.14617919921875,454.6257623029417,466.14617919921875,3237000,0.0,0.0
2013-01-28 00:00:00+09:00,470.78870594121395,471.9923504108422,465.114501953125,465.114501953125,2205500,0.0,0.0
2013-01-29 00:00:00+09:00,456.5171906729691,473.195994146594,456.5171906729691,468.8973388671875,2918500,0.0,0.0
2013-01-30 00:00:00+09:00,472.5082371847967,480.07391357421875,468.55349473254824,480.07391357421875,3680000,0.0,0.0
2013-01-31 00:00:00+09:00,471.47642321930573,481.2773235100388,471.1325098867998,480.2456359863281,3252500,0.0,0.0
2013-02-01 00:00:00+09:00,484.8883154072448,492.45393820252303,484.8883154072448,490.2186584472656,4443500,0.0,0.0
2013-02-04 00:00:00+09:00,472.8519979977217,473.0239546735738,458.408529280917,464.5986022949219,7943500,0.0,0.0
2013-02-05 00:00:00+09:00,460.8159291546979,460.98788589168555,450.67111135837143,452.5625305175781,7939500,0.0,0.0
2013-02-06 00:00:00+09:00,461.5036210180596,467.17787747996795,456.1732779685649,465.114501953125,6730500,0.0,0.0
2013-02-07 00:00:00+09:00,458.9243567969775,467.6936227176966,457.37685162833566,459.0963134765625,5506500,0.0,0.0
2013-02-08 00:00:00+09:00,450.4990435075365,460.8158154962587,449.46735581390107,451.5307312011719,8990500,0.0,0.0
2013-02-12 00:00:00+09:00,460.8157869812208,467.6936345481047,456.689088935853,466.489990234375,5504000,0.0,0.0
2013-02-13 00:00:00+09:00,462.19129401275023,467.6935925618243,458.5804663433413,460.4718322753906,2846500,0.0,0.0
2013-02-14 00:00:00+09:00,458.58048595676905,465.8021940782664,458.58048595676905,464.5986022949219,3594500,0.0,0.0
2013-02-15 00:00:00+09:00,462.8792727993238,467.3498328065396,458.58061704328935,460.3000793457031,3887000,0.0,0.0
2013-02-18 00:00:00+09:00,467.3497917837301,473.0240483679185,463.051136405021,468.5534362792969,2789500,0.0,0.0
2013-02-19 00:00:00+09:00,464.4267076954102,472.5081478025417,464.4267076954102,469.2411804199219,2132500,0.0,0.0
2013-02-20 00:00:00+09:00,472.85197849118515,475.43117110113707,468.3813674725069,470.61669921875,2839500,0.0,0.0
2013-02-21 00:00:00+09:00,469.41303576372775,475.2591949451449,466.14606908650694,470.9605407714844,3856500,0.0,0.0
2013-02-22 00:00:00+09:00,467.8656518555541,479.72992995097565,466.31814644725034,478.6982421875,3497500,0.0,0.0
2013-02-25 00:00:00+09:00,486.43574065061114,489.8746643066406,484.0285045861526,489.8746643066406,3016500,0.0,0.0
2013-02-26 00:00:00+09:00,472.68010404985256,484.2005207012525,471.99232972898176,478.1824035644531,4711000,0.0,0.0
2013-02-27 00:00:00+09:00,482.6529958538018,508.1010120142269,480.0738028994149,494.51727294921875,11003500,0.0,0.0
2013-02-28 00:00:00+09:00,496.064799823137,506.5535287890309,489.7027692691539,506.03765869140625,5951500,0.0,0.0
2013-03-01 00:00:00+09:00,503.45854554208927,511.1961259703416,499.15988974861574,508.9608459472656,3405000,0.0,0.0
2013-03-04 00:00:00+09:00,520.9969686688228,524.4358925544255,510.5082403229714,513.7752075195312,3253000,0.0,0.0
2013-03-05 00:00:00+09:00,511.02408924164104,513.6032820491047,504.83401600896605,508.78875732421875,2780500,0.0,0.0
2013-03-06 00:00:00+09:00,513.4313466152595,520.137237697422,507.5851865044976,513.7752075195312,3519500,0.0,0.0
2013-03-07 00:00:00+09:00,520.9969579915636,522.7164198991264,514.1191103613119,516.6983032226562,2635500,0.0,0.0
2013-03-08 00:00:00+09:00,520.9970602184229,522.7165224633682,508.78886778454665,513.6033935546875,19471500,0.0,0.0
2013-03-11 00:00:00+09:00,514.1192527376697,514.9789839295388,507.41335993585705,509.3047790527344,4078500,0.0,0.0
2013-03-12 00:00:00+09:00,509.8204557271374,520.1372271752414,509.8204557271374,514.806884765625,5131500,0.0,0.0
2013-03-13 00:00:00+09:00,514.1190996210726,514.1190996210726,508.44489643417745,508.78875732421875,2807000,0.0,0.0
2013-03-14 00:00:00+09:00,515.8385724051981,515.8385724051981,508.10099381912005,514.806884765625,2569500,0.0,0.0
2013-03-15 00:00:00+09:00,515.1508886805996,524.4359741210938,514.1192008596952,524.4359741210938,3556000,0.0,0.0
2013-03-18 00:00:00+09:00,512.399647811212,519.277495432839,511.3679601732054,513.4313354492188,2889000,0.0,0.0
2013-03-19 00:00:00+09:00,524.4359435537317,527.8748677737561,520.9970193337072,527.01513671875,2383000,0.0,0.0
2013-03-21 00:00:00+09:00,532.1734729235685,543.3499755859375,530.4540109755118,543.3499755859375,3821000,0.0,0.0
2013-03-22 00:00:00+09:00,536.4722599637681,539.9111847071256,533.89306640625,533.89306640625,4187500,0.0,0.0
2013-03-25 00:00:00+09:00,544.2097574231015,551.9473369125294,541.6305642599588,547.648681640625,3919000,0.0,0.0
2013-03-26 00:00:00+09:00,537.3318990071615,545.9292093912761,534.7527058919271,536.47216796875,2679000,0.0,0.0
2013-03-27 00:00:00+09:00,536.4722651106032,539.0764994072566,529.5276403195274,535.6041870117188,3459500,6.0,0.0
2013-03-28 00:00:00+09:00,529.5273887128938,539.9443209498687,528.6593110264791,537.340087890625,5615500,0.0,0.0
2013-03-29 00:00:00+09:00,548.6251791143341,548.6251791143341,536.4720897035736,544.2847900390625,2912000,0.0,0.0
2013-04-01 00:00:00+09:00,546.021140625,549.493453125,539.94459375,542.548828125,5453500,0.0,0.0
2013-04-02 00:00:00+09:00,541.6805359089493,541.6805359089493,520.8466691432205,522.5828247070312,4634000,0.0,0.0
2013-04-03 00:00:00+09:00,531.2635706851357,532.999726144891,520.8466379266036,527.791259765625,3297500,0.0,0.0
2013-04-04 00:00:00+09:00,520.8468593306827,535.6041870117188,514.4230602056247,535.6041870117188,5285000,0.0,0.0
2013-04-05 00:00:00+09:00,545.1529256521178,550.361393094654,524.3190558819731,525.1871337890625,6586000,0.0,0.0
2013-04-08 00:00:00+09:00,539.0763109992532,539.0763109992532,529.5274552488639,531.2636108398438,4211000,0.0,0.0
2013-04-09 00:00:00+09:00,538.2082119235745,539.0762896847415,532.1316675954051,534.7359008789062,4143000,0.0,0.0
2013-04-10 00:00:00+09:00,537.3401808870947,540.8124922336996,529.5274803572339,532.1317138671875,6567500,0.0,0.0
2013-04-11 00:00:00+09:00,538.2082119235745,539.9443674459086,531.263589834238,534.7359008789062,7451500,0.0,0.0
2013-04-12 00:00:00+09:00,542.548647907002,543.4167257436532,530.3955581938851,532.1317138671875,10306500,0.0,0.0
2013-04-15 00:00:00+09:00,519.9785913613151,529.5274469622742,519.9785913613151,522.5828247070312,5170500,0.0,0.0
2013-04-16 00:00:00+09:00,516.5063932572288,530.395640807003,510.42984745420256,528.6594848632812,5603500,0.0,0.0
2013-04-17 00:00:00+09:00,527.7913285042476,539.0763404623976,526.0551728183783,536.4721069335938,4083500,0.0,0.0
2013-04-18 00:00:00+09:00,536.4722315428063,536.4722315428063,521.7149047851562,521.7149047851562,4617500,0.0,0.0
2013-04-19 00:00:00+09:00,520.8466796875,525.1870686848958,519.9786018880208,520.8466796875,2842000,0.0,0.0
2013-04-22 00:00:00+09:00,538.2083905412026,538.2083905412026,523.4510637037824,526.0552978515625,6361000,0.0,0.0
2013-04-23 00:00:00+09:00,521.7147510409159,527.7912955621911,521.7147510409159,526.9232177734375,2668000,0.0,0.0
2013-04-24 00:00:00+09:00,534.7358755716464,536.472031011814,529.5274092511432,533.8677978515625,4058000,0.0,0.0
2013-04-25 00:00:00+09:00,530.3956363696407,541.6806499094203,530.3956363696407,539.076416015625,4282000,0.0,0.0
2013-04-26 00:00:00+09:00,544.2849680005635,544.2849680005635,533.8680308139498,535.6041870117188,3673500,0.0,0.0
2013-04-30 00:00:00+09:00,534.7359008789062,539.0762896847415,531.263589834238,534.7359008789062,2922500,0.0,0.0
2013-05-01 00:00:00+09:00,535.6040252137923,538.2082587237459,526.9232468472803,532.1317138671875,2120000,0.0,0.0
2013-05-02 00:00:00+09:00,526.923221862394,535.6039998172935,526.923221862394,531.2636108398438,2447500,0.0,0.0
2013-05-07 00:00:00+09:00,543.4168058386172,546.0210397324124,534.7360261926328,539.076416015625,3368500,0.0,0.0
2013-05-08 00:00:00+09:00,539.0763586854782,548.6252152805512,537.3402029409195,543.416748046875,4015000,0.0,0.0
2013-05-09 00:00:00+09:00,564.2506488533908,664.9476877256882,564.2506488533908,597.2376098632812,18852000,0.0,0.0
2013-05-10 00:00:00+09:00,633.6967951688804,700.5387858921732,626.7521727560706,665.815673828125,30323500,0.0,0.0
2013-05-13 00:00:00+09:00,714.4281153918851,716.1642712008568,666.6838306451613,672.7603759765625,14747500,0.0,0.0
2013-05-14 00:00:00+09:00,660.6072281303756,672.760317741184,657.1349168130017,662.3433837890625,5617500,0.0,0.0
2013-05-15 00:00:00+09:00,659.7392360827062,669.2880934470611,655.3988463716357,663.2115478515625,7111500,0.0,0.0
2013-05-16 00:00:00+09:00,658.8709682248673,660.6071236088591,634.5647928489828,644.1136474609375,5930500,0.0,0.0
2013-05-17 00:00:00+09:00,630.2245655059814,669.2880716323853,630.2245655059814,666.683837890625,5712000,0.0,0.0
2013-05-20 00:00:00+09:00,690.1219340662802,690.1219340662802,670.1561422631048,672.7603759765625,6040000,0.0,0.0
2013-05-21 00:00:00+09:00,651.0583654626623,670.1560775162337,645.849898538961,668.419921875,4187500,0.0,0.0
2013-05-22 00:00:00+09:00,656.2668180105117,668.4199072329286,652.7945068041068,665.815673828125,4730000,0.0,0.0
2013-05-23 00:00:00+09:00,671.8922869812786,680.5730658828455,615.4672241210938,615.4672241210938,9970000,0.0,0.0
2013-05-24 00:00:00+09:00,634.5649882725307,654.530781337193,596.3695580618722,631.9607543945312,10027000,0.0,0.0
2013-05-27 00:00:00+09:00,607.6545125153833,623.2799142657789,603.3141231402734,617.203369140625,4446500,0.0,0.0
2013-05-28 00:00:00+09:00,605.9184599831636,626.752332532728,605.9184599831636,610.2588500976562,4424000,0.0,0.0
2013-05-29 00:00:00+09:00,622.4117922008547,622.4117922008547,606.7863915598291,609.390625,4404500,0.0,0.0
2013-05-30 00:00:00+09:00,586.8206938314294,598.1057071743415,570.3272127917886,574.6676025390625,8482500,0.0,0.0
2013-05-31 00:00:00+09:00,589.4248026559391,601.5778913704945,581.6121027680106,599.8417358398438,6109000,0.0,0.0
2013-06-03 00:00:00+09:00,584.2163252313453,585.0844029805746,571.1951589929052,576.4036254882812,6340500,0.0,0.0
2013-06-04 00:00:00+09:00,578.1399304252525,602.4461136863742,576.4037744780295,596.3695678710938,6103000,0.0,0.0
2013-06-05 00:00:00+09:00,598.1057036935467,605.0503272487692,569.4591315282535,570.3272094726562,5118000,0.0,0.0
2013-06-06 00:00:00+09:00,571.1952907412434,586.8206938314294,565.9868230445147,574.6676025390625,5739500,0.0,0.0
2013-06-07 00:00:00+09:00,558.1741004920937,586.8206717459648,552.9656329913898,578.139892578125,5466500,0.0,0.0
2013-06-10 00:00:00+09:00,590.2928555253623,600.7097882699276,578.1397673233696,598.9736328125,5281000,0.0,0.0
2013-06-11 00:00:00+09:00,587.6888371000047,598.1057736512603,576.4038225028111,579.008056640625,5026000,0.0,0.0
2013-06-12 00:00:00+09:00,590.2928676266642,590.2928676266642,571.1951572034486,586.820556640625,3338000,0.0,0.0
2013-06-13 00:00:00+09:00,574.6675361155699,575.5356139646871,539.9444221508828,540.8125,6224000,0.0,0.0
2013-06-14 00:00:00+09:00,541.6806136296949,564.2506391975988,541.6806136296949,554.7017822265625,12813500,0.0,0.0
2013-06-17 00:00:00+09:00,546.021009657118,578.139892578125,546.021009657118,578.139892578125,3112000,0.0,0.0
2013-06-18 00:00:00+09:00,573.7994995117188,581.6122007153579,566.8548762195951,573.7994995117188,2723500,0.0,0.0
2013-06-19 00:00:00+09:00,584.2162578372415,587.6885684335996,574.6674036972569,582.4801025390625,2346500,0.0,0.0
2013-06-20 00:00:00+09:00,573.7993715023566,592.029003577318,573.7993715023566,579.8759155273438,4662500,0.0,0.0
2013-06-21 00:00:00+09:00,572.9314625835835,605.0503476072087,568.591072715526,596.3695678710938,4540000,0.0,0.0
2013-06-24 00:00:00+09:00,600.7099290307223,606.7864745555995,586.8206821167172,591.1610717773438,3098000,0.0,0.0
2013-06-25 00:00:00+09:00,588.5566821653451,590.2928375699627,569.4589727145523,581.612060546875,4297000,0.0,0.0
2013-06-26 00:00:00+09:00,593.7653721009669,598.1057622479038,572.0634213662825,580.7442016601562,3752500,0.0,0.0
2013-06-27 00:00:00+09:00,580.7441472768433,592.0291606021033,569.4591339515832,589.4249267578125,4707500,0.0,0.0
2013-06-28 00:00:00+09:00,597.2375252463601,615.4671590111473,594.6332918513905,611.1267700195312,5202500,0.0,0.0
2013-07-01 00:00:00+09:00,608.5225655569158,617.2033439528774,602.4460206797426,616.3352661132812,3671000,0.0,0.0
2013-07-02 00:00:00+09:00,616.3352661132812,618.9394996320698,611.1267990757042,616.3352661132812,2707500,0.0,0.0
2013-07-03 00:00:00+09:00,612.863012002715,618.0714795268174,607.6545444786126,611.9949340820312,2890500,0.0,0.0
2013-07-04 00:00:00+09:00,611.994912560467,618.9395356817205,609.3906788899969,615.4672241210938,3220500,0.0,0.0
2013-07-05 00:00:00+09:00,625.0160775533536,640.6414794921875,625.0160775533536,640.6414794921875,4488000,0.0,0.0
2013-07-08 00:00:00+09:00,649.3223067684758,652.7946185693768,622.4118903114935,623.2799682617188,3886000,0.0,0.0
2013-07-09 00:00:00+09:00,631.9606300147805,642.3775634765625,627.6202410723712,642.3775634765625,2807500,0.0,0.0
2013-07-10 00:00:00+09:00,639.7732647746599,644.1136532738095,632.8286431760205,638.037109375,2891000,0.0,0.0
2013-07-11 00:00:00+09:00,632.8286374649912,644.1136474609375,631.9605597729952,644.1136474609375,2015000,0.0,0.0
2013-07-12 00:00:00+09:00,642.3776069916138,656.2668525481893,638.037217755184,650.1903076171875,8816500,0.0,0.0
2013-07-16 00:00:00+09:00,656.2669243138498,664.9477037359907,652.7946125449935,663.2115478515625,7143500,0.0,0.0
2013-07-17 00:00:00+09:00,661.4752197265625,664.0794528750923,651.92636484862,661.4752197265625,3983500,0.0,0.0
2013-07-18 00:00:00+09:00,664.079649552055,678.8369750976562,663.2115715787844,678.8369750976562,22231000,0.0,0.0
2013-07-19 00:00:00+09:00,683.1773258164113,685.781559586995,657.1349881105762,660.6072998046875,6089000,0.0,0.0
2013-07-22 00:00:00+09:00,668.4197540085806,676.2324524320576,661.4751331877122,671.0239868164062,2809000,0.0,0.0
2013-07-23 00:00:00+09:00,667.5517916948368,682.3091134878306,666.6837139423077,677.1006469726562,3126000,0.0,0.0
2013-07-24 00:00:00+09:00,669.2880825112445,676.2327059354857,664.0796149430636,664.9476928710938,2248500,0.0,0.0
2013-07-25 00:00:00+09:00,668.4200330348831,675.364656754726,666.6838771049223,670.1561889648438,3800000,0.0,0.0
2013-07-26 00:00:00+09:00,655.3986574568838,660.6071236088591,638.9051813089623,644.1136474609375,4249000,0.0,0.0
2013-07-29 00:00:00+09:00,631.9606930159986,641.5095496412404,616.335291265603,617.203369140625,3588500,0.0,0.0
2013-07-30 00:00:00+09:00,611.126799991403,632.828746013825,608.5225664687124,631.0925903320312,3047000,0.0,0.0
2013-07-31 00:00:00+09:00,609.3906144228848,621.5437035994096,609.3906144228848,611.1267700195312,3927500,0.0,0.0
2013-08-01 00:00:00+09:00,594.6334066679983,595.501484633937,555.5698982007575,572.9314575195312,9359000,0.0,0.0
2013-08-02 00:00:00+09:00,589.4247517497325,611.1266940085592,579.0078194654957,608.5224609375,11677500,0.0,0.0
2013-08-05 00:00:00+09:00,585.9526321877559,604.1822696335972,579.8760863724755,596.3695678710938,4424000,0.0,0.0
2013-08-06 00:00:00+09:00,598.973761858259,607.654541015625,589.4249047851563,607.654541015625,3861000,0.0,0.0
2013-08-07 00:00:00+09:00,590.2928013808681,598.9735778717633,582.4801025390625,582.4801025390625,4286500,0.0,0.0
2013-08-08 00:00:00+09:00,582.4802034505208,604.1821484375,581.6121256510417,585.9525146484375,5168500,0.0,0.0
2013-08-09 00:00:00+09:00,581.612260756591,588.556884765625,572.9314807452987,588.556884765625,6540500,0.0,0.0
2013-08-12 00:00:00+09:00,581.6121718997047,589.4248727162679,577.2717825571696,583.3483276367188,2167000,0.0,0.0
2013-08-13 00:00:00+09:00,587.6887106182932,605.0502678005174,585.9525549000707,604.1821899414062,2895500,0.0,0.0
2013-08-14 00:00:00+09:00,607.6545619028313,619.807653140888,604.1822501205295,618.9395751953125,3869500,0.0,0.0
2013-08-15 00:00:00+09:00,606.786434294511,614.5991351652558,599.8418112982935,602.446044921875,4648500,0.0,0.0
2013-08-16 00:00:00+09:00,590.2928804212645,607.6544357277722,588.5567248906137,599.8417358398438,3433500,0.0,0.0
2013-08-19 00:00:00+09:00,605.9182278664408,608.5224609375,602.4459171050286,608.5224609375,1492500,0.0,0.0
2013-08-20 00:00:00+09:00,601.5780069628477,609.3907083519755,590.2929938452185,591.1610717773438,3199500,0.0,0.0
2013-08-21 00:00:00+09:00,592.0290065793225,596.3693951906079,581.6120739122376,594.6332397460938,2899000,0.0,0.0
2013-08-22 00:00:00+09:00,587.6886031970251,596.3693802014125,585.9524477961477,592.0289916992188,2046500,0.0,0.0
2013-08-23 00:00:00+09:00,604.1822293526786,610.2587747628348,599.8418397739956,607.654541015625,3255000,0.0,0.0
2013-08-26 00:00:00+09:00,616.3353056066177,616.3353056066177,602.4460592830882,605.05029296875,2399500,0.0,0.0
2013-08-27 00:00:00+09:00,596.3696178331085,605.0503982964725,595.501539786772,598.1057739257812,1130500,0.0,0.0
2013-08-28 00:00:00+09:00,585.9526812770716,599.841930018454,583.3484471380624,598.1057739257812,2057500,0.0,0.0
2013-08-29 00:00:00+09:00,597.2376060267858,607.654541015625,595.5014501953125,607.654541015625,2280000,0.0,0.0
2013-08-30 00:00:00+09:00,607.6544588262384,611.1267700195312,601.5779142379761,611.1267700195312,3312000,0.0,0.0
2013-09-02 00:00:00+09:00,610.2587747628348,612.8630085100447,602.4460735212054,607.654541015625,3357500,0.0,0.0
2013-09-03 00:00:00+09:00,615.4673160976834,625.0161743164062,610.25884797838,625.0161743164062,3965000,0.0,0.0
2013-09-04 00:00:00+09:00,615.4672101074894,630.2245339041428,613.7310543667066,627.6203002929688,3166500,0.0,0.0
2013-09-05 00:00:00+09:00,626.7523020682883,629.3565360104002,612.8630543770242,619.8076782226562,3104000,0.0,0.0
2013-09-06 00:00:00+09:00,618.0713491146596,618.0713491146596,592.8970947265625,592.8970947265625,4949500,0.0,0.0
2013-09-09 00:00:00+09:00,612.8629547548966,618.0714217924736,603.3140985193387,616.3352661132812,3815000,0.0,0.0
2013-09-10 00:00:00+09:00,624.1479345566734,625.0160123516062,618.0713899921438,621.543701171875,3279500,0.0,0.0
2013-09-11 00:00:00+09:00,622.4118869776144,626.7522767054918,618.071497249737,618.9395751953125,2799000,0.0,0.0
2013-09-12 00:00:00+09:00,618.9394996320698,623.2798888300506,614.599110434089,616.3352661132812,2037500,0.0,0.0
2013-09-13 00:00:00+09:00,611.1267594723796,616.3352261724283,605.9182927723309,612.8629150390625,10764500,0.0,0.0
2013-09-17 00:00:00+09:00,615.4672241210938,623.279925132504,611.1268346703104,615.4672241210938,1840000,0.0,0.0
2013-09-18 00:00:00+09:00,620.6756806407129,630.2245372659546,615.467213390581,617.203369140625,3430500,0.0,0.0
2013-09-19 00:00:00+09:00,625.8842086791992,631.9607543945312,622.4118968418667,631.9607543945312,2872500,0.0,0.0
2013-09-20 00:00:00+09:00,632.8288323538644,638.0373001098633,625.016130719866,631.9607543945312,2782000,0.0,0.0
2013-09-24 00:00:00+09:00,631.9607327153774,639.7734340813641,630.2245768562692,635.4330444335938,2144500,0.0,0.0
2013-09-25 00:00:00+09:00,613.7310042317708,614.59908203125,579.8759700520833,585.9525146484375,14532500,0.0,0.0
2013-09-26 00:00:00+09:00,592.083644827266,599.9664152465639,588.5801913075779,589.4560546875,5444500,6.0,100.0
2013-09-27 00:00:00+09:00,596.462899421243,601.7180791518267,588.5801298253676,595.5870361328125,6244500,0.0,0.0
2013-09-30 00:00:00+09:00,585.9525855637173,585.9525855637173,578.06981535434,578.9456787109375,5073500,0.0,0.0
2013-10-01 00:00:00+09:00,583.325091258589,587.7044087605304,577.1940467558711,581.5733642578125,2921000,0.0,0.0
2013-10-02 00:00:00+09:00,578.0698276573504,581.573281158304,557.0491066516286,559.6766967773438,8168000,0.0,0.0
2013-10-03 00:00:00+09:00,557.0491333007812,563.1801772207584,554.4215430493624,557.0491333007812,5186000,0.0,0.0
2013-10-04 00:00:00+09:00,556.1732521176712,564.9318860092881,556.1732521176712,558.8008422851562,5180500,0.0,0.0
2013-10-07 00:00:00+09:00,559.6766991210937,562.3042892578125,546.5387484375,547.4146118164062,3621500,0.0,0.0
2013-10-08 00:00:00+09:00,545.6627461069888,553.5455145098185,545.6627461069888,549.1661987304688,3717000,0.0,0.0
2013-10-09 00:00:00+09:00,547.4145931400335,557.0490899792981,544.7870030929613,555.29736328125,3511000,0.0,0.0
2013-10-10 00:00:00+09:00,550.918105483985,563.1801936823566,550.918105483985,561.428466796875,3362500,0.0,0.0
2013-10-11 00:00:00+09:00,571.0628831186976,575.4421997070312,564.9318398950306,575.4421997070312,6819500,0.0,0.0
2013-10-15 00:00:00+09:00,577.1939441011152,579.8215341349594,571.9387640334268,573.6904907226562,3183000,0.0,0.0
2013-10-16 00:00:00+09:00,569.3113064655381,571.9388971107636,564.9319887234955,566.6837158203125,3641000,0.0,0.0
2013-10-17 00:00:00+09:00,574.5662405031536,574.5662405031536,568.4351983026627,572.8145141601562,2842500,0.0,0.0
2013-10-18 00:00:00+09:00,567.5594671544894,568.4353305297278,557.924970026867,559.6766967773438,5011500,0.0,0.0
2013-10-21 00:00:00+09:00,564.9317887457568,569.3111049375843,562.3041990306601,568.4352416992188,3134500,0.0,0.0
2013-10-22 00:00:00+09:00,568.4353622808688,574.56640625,566.6836354325458,574.56640625,2202500,0.0,0.0
2013-10-23 00:00:00+09:00,577.193892288208,577.193892288208,560.552490234375,560.552490234375,4508000,0.0,0.0
2013-10-24 00:00:00+09:00,556.1732169178044,563.1801235876351,553.5456269166181,562.3042602539062,3526500,0.0,0.0
2013-10-25 00:00:00+09:00,564.9320371132197,571.0630824772392,553.5458100086122,556.1734008789062,5612000,0.0,0.0
2013-10-28 00:00:00+09:00,564.9318572765088,573.6904907226562,560.5525405534352,573.6904907226562,3433500,0.0,0.0
2013-10-29 00:00:00+09:00,563.1802081214706,574.5664331690275,556.1733003998971,571.9388427734375,5600000,0.0,0.0
2013-10-30 00:00:00+09:00,572.8146273780415,578.0698074457299,566.6835839657383,573.6904907226562,8012000,0.0,0.0
2013-10-31 00:00:00+09:00,574.5663371394231,574.5663371394231,562.3042506760818,569.3111572265625,4394500,0.0,0.0
2013-11-01 00:00:00+09:00,525.5180790274131,549.1663925836467,514.1318539818192,542.1594848632812,13583000,0.0,0.0
2013-11-05 00:00:00+09:00,569.3111939049662,572.8146474059199,548.2904728992444,559.6766967773438,7120500,0.0,0.0
2013-11-06 00:00:00+09:00,569.3111049375843,571.0628314143153,557.9248828388326,568.4352416992188,4100500,0.0,0.0
2013-11-07 00:00:00+09:00,571.0628831186976,578.0697896600313,568.4352931656975,575.4421997070312,4849500,0.0,0.0
2013-11-08 00:00:00+09:00,563.1800622690257,572.8145578910463,560.5524725539292,568.4352416992188,4832000,0.0,0.0
2013-11-11 00:00:00+09:00,576.318088641145,580.6974054241324,567.5594550751701,578.9456787109375,4477000,0.0,0.0
2013-11-12 00:00:00+09:00,584.20079617766,597.3387451171875,579.8214798644841,597.3387451171875,7265000,0.0,0.0
2013-11-13 00:00:00+09:00,589.4560447390384,598.2146783904357,580.6974110876411,596.4629516601562,5070000,0.0,0.0
2013-11-14 00:00:00+09:00,599.9663419952177,630.6215565497179,599.090478722232,620.987060546875,11819500,0.0,0.0
2013-11-15 00:00:00+09:00,626.2423261006674,632.3733698527019,617.4836921691895,630.6216430664062,7862000,0.0,0.0
2013-11-18 00:00:00+09:00,630.621624228395,642.0078479991855,627.1181707604595,638.50439453125,5437000,0.0,0.0
2013-11-19 00:00:00+09:00,635.0009410633145,642.0078479991855,630.621624228395,638.50439453125,4549000,0.0,0.0
2013-11-20 00:00:00+09:00,639.3801704781955,644.635349961578,636.7525807365042,641.1318969726562,4013000,0.0,0.0
2013-11-21 00:00:00+09:00,641.1320585363052,657.7734644272748,637.6286046645221,655.1458740234375,5443000,0.0,0.0
2013-11-22 00:00:00+09:00,663.0286180925433,670.0355255492676,655.1458472037284,657.7734375,5578500,0.0,0.0
2013-11-25 00:00:00+09:00,662.1528387595349,670.9114741928621,656.0217939562059,667.4080200195312,4042000,0.0,0.0
2013-11-26 00:00:00+09:00,646.3871905442637,656.8975513661217,640.2561467315132,642.0078735351562,6457000,0.0,0.0
2013-11-27 00:00:00+09:00,635.0009587640775,644.6354560694635,632.3733685898814,636.752685546875,4693000,0.0,0.0
2013-11-28 00:00:00+09:00,647.2629735154686,656.897469738297,647.2629735154686,656.0216064453125,4359000,0.0,0.0
2013-11-29 00:00:00+09:00,655.1457883920243,661.2768318662812,637.6285213227188,645.5112915039062,5667000,0.0,0.0
2013-12-02 00:00:00+09:00,645.5114681802272,647.263195366605,630.6217870960157,640.2562866210938,4295500,0.0,0.0
2013-12-03 00:00:00+09:00,646.3871815860759,648.1389083654419,641.1320012479778,642.8837280273438,4216500,0.0,0.0
2013-12-04 00:00:00+09:00,630.6215472999477,635.8767268607805,624.4905044789759,627.9939575195312,3363500,0.0,0.0
2013-12-05 00:00:00+09:00,624.4906032054721,628.8699201984978,611.3526522263949,612.228515625,4105500,0.0,0.0
2013-12-06 00:00:00+09:00,606.0974454961271,616.6078058226495,604.34571877504,614.8560791015625,3292500,0.0,0.0
2013-12-09 00:00:00+09:00,634.125043380359,636.7526333391173,629.7457267824283,635.8767700195312,3948000,0.0,0.0
2013-12-10 00:00:00+09:00,627.1180421610261,634.1249476600319,626.2421789736503,633.2490844726562,2877000,0.0,0.0
2013-12-11 00:00:00+09:00,627.1181640625,631.497480850646,617.483667128579,627.1181640625,3002000,0.0,0.0
2013-12-12 00:00:00+09:00,620.987060546875,621.8629238198607,613.1042910900035,620.987060546875,4824000,0.0,0.0
2013-12-13 00:00:00+09:00,620.1112572014665,632.3733442082752,617.483667128579,627.1181640625,13633500,0.0,0.0
2013-12-16 00:00:00+09:00,622.7388403771781,627.1181571168207,614.8560702458215,615.73193359375,2567000,0.0,0.0
2013-12-17 00:00:00+09:00,619.2353427692995,626.2422490524033,616.6077529131355,620.1112060546875,3136000,0.0,0.0
2013-12-18 00:00:00+09:00,624.4905893514444,639.3802667974115,622.7388625930954,637.6285400390625,5657500,0.0,0.0
2013-12-19 00:00:00+09:00,646.3871283453864,649.0147182980099,642.0078117576805,648.1388549804688,5155500,0.0,0.0
2013-12-20 00:00:00+09:00,638.5042474146384,660.4008265440841,637.6283842494605,659.5249633789062,4679000,0.0,0.0
2013-12-24 00:00:00+09:00,662.152763671875,665.6562174479167,655.1458561197917,656.8975830078125,5359500,0.0,0.0
2013-12-25 00:00:00+09:00,656.0216575632637,663.028564453125,655.1457942020311,663.028564453125,3493500,0.0,0.0
2013-12-26 00:00:00+09:00,674.414681582209,678.7939976963793,668.2836390223708,673.538818359375,3521500,0.0,0.0
2013-12-27 00:00:00+09:00,677.0422712507111,679.6698609192133,665.6560493538686,673.538818359375,2643500,0.0,0.0
2013-12-30 00:00:00+09:00,674.4146815034533,681.4215872853073,674.4146815034533,679.6698608398438,3165000,0.0,0.0
2014-01-06 00:00:00+09:00,667.4079443359375,673.5389884440104,656.0217195638021,656.8975830078125,6841000,0.0,0.0
2014-01-07 00:00:00+09:00,651.6423242447224,663.0285476522242,649.8905975666452,658.6492309570312,3686500,0.0,0.0
2014-01-08 00:00:00+09:00,669.1594848632812,670.9112112634468,662.1525792626186,669.1594848632812,4614500,0.0,0.0
2014-01-09 00:00:00+09:00,657.7732370485506,665.656005535151,656.0215107181949,659.5249633789062,4005500,0.0,0.0
2014-01-10 00:00:00+09:00,649.0147958230652,653.3941129338821,639.380298179268,652.5182495117188,8542500,0.0,0.0
2014-01-14 00:00:00+09:00,630.6214769580696,640.255971744929,620.9869821712102,622.7387084960938,7362500,0.0,0.0
2014-01-15 00:00:00+09:00,634.1251029187628,643.7596003387993,630.6216493114769,642.0078735351562,4129500,0.0,0.0
2014-01-16 00:00:00+09:00,638.5043777550122,648.1388745386956,632.3733343472138,634.1250610351562,3334000,0.0,0.0
2014-01-17 00:00:00+09:00,629.7457771820983,647.2630449757589,629.7457771820983,642.8837280273438,5103000,0.0,0.0
2014-01-20 00:00:00+09:00,637.6285055226293,641.1319588496767,632.3733255320582,635.0009155273438,2709000,0.0,0.0
2014-01-21 00:00:00+09:00,645.511375876034,659.5251913631664,642.8837854721967,655.1458740234375,4169500,0.0,0.0
2014-01-22 00:00:00+09:00,653.3939212226614,662.1525528744397,647.2628790664166,659.5249633789062,4326500,0.0,0.0
2014-01-23 00:00:00+09:00,661.2768209741471,670.035454364533,657.7733676179927,658.6492309570312,3962500,0.0,0.0
2014-01-24 00:00:00+09:00,642.0077602198867,649.01466619773,633.2491277475826,641.1318969726562,5177000,0.0,0.0
2014-01-27 00:00:00+09:00,622.7387520681758,630.6215210816971,620.1111623970021,624.490478515625,4630000,0.0,0.0
2014-01-28 00:00:00+09:00,623.6147447355268,634.1251056018559,622.7388813299993,629.7457885742188,3374000,0.0,0.0
2014-01-29 00:00:00+09:00,639.3803316004136,655.1458740234375,637.6286046645221,655.1458740234375,4214500,0.0,0.0
2014-01-30 00:00:00+09:00,628.8698809713289,635.8767877230987,625.3664275954441,634.1250610351562,4975000,0.0,0.0
2014-01-31 00:00:00+09:00,636.7526842995626,651.6423619241741,631.4975039614644,642.8837280273438,4916000,0.0,0.0
2014-02-03 00:00:00+09:00,634.1250953726787,644.6354560694635,634.1250953726787,636.752685546875,2909500,0.0,0.0
2014-02-04 00:00:00+09:00,634.1250659073386,634.1250659073386,602.5939852821118,603.4698486328125,5568500,0.0,0.0
2014-02-05 00:00:00+09:00,662.1525966214818,670.0353656288804,650.766374721906,661.2767333984375,9552500,0.0,0.0
2014-02-06 00:00:00+09:00,691.9319985837353,697.1871783198143,678.7940492435378,686.6768188476562,12158500,0.0,0.0
2014-02-07 00:00:00+09:00,691.0562236165573,699.8148576294415,679.6699993998079,684.04931640625,5869500,0.0,0.0
2014-02-10 00:00:00+09:00,687.5526210239955,693.6836635044642,682.2974417550223,692.8078002929688,3366000,0.0,0.0
2014-02-12 00:00:00+09:00,688.428484235491,697.1871163504464,684.0491681780134,692.8078002929688,4186500,0.0,0.0
2014-02-13 00:00:00+09:00,695.4355056095859,699.8148223955404,677.9182384657677,681.4216918945312,4230000,0.0,0.0
2014-02-14 00:00:00+09:00,677.9182766563014,689.3045009412264,663.9044621517784,665.6561889648438,7754500,0.0,0.0
2014-02-17 00:00:00+09:00,662.1527442178236,669.159651564044,652.5182466167706,664.7803344726562,2510000,0.0,0.0
2014-02-18 00:00:00+09:00,677.0422881460431,695.4354162845515,670.9112454332071,690.1802368164062,4060500,0.0,0.0
2014-02-19 00:00:00+09:00,681.4217223360057,704.1941706402938,677.0424053544118,702.4424438476562,4314000,0.0,0.0
2014-02-20 00:00:00+09:00,696.3112531389509,700.6905691964286,685.8008946010044,692.8078002929688,4064000,0.0,0.0
2014-02-21 00:00:00+09:00,698.9390299081219,718.2080257201253,695.4355761241213,716.456298828125,4063000,0.0,0.0
2014-02-24 00:00:00+09:00,716.4561246141975,717.3319878472222,698.9388599537037,709.44921875,3934000,0.0,0.0
2014-02-25 00:00:00+09:00,719.9597452097926,720.8356086467875,711.2011108398438,711.2011108398438,2620000,0.0,0.0
2014-02-26 00:00:00+09:00,718.207969938656,741.8562811439532,713.8286530487861,733.9735107421875,7127000,0.0,0.0
2014-02-27 00:00:00+09:00,739.228749163274,755.8701546539164,735.7252953757703,746.2356567382812,7503000,0.0,0.0
2014-02-28 00:00:00+09:00,740.980329552105,750.6148255628298,733.973423362487,736.6010131835938,5835000,0.0,0.0
2014-03-03 00:00:00+09:00,733.0975524679317,733.0975524679317,712.0768341175967,719.083740234375,4706500,0.0,0.0
2014-03-04 00:00:00+09:00,708.5735086904615,724.3390502929688,706.8217818457385,724.3390502929688,4052000,0.0,0.0
2014-03-05 00:00:00+09:00,741.8562111487755,743.6079377394456,725.2148085374098,728.71826171875,4267500,0.0,0.0
2014-03-06 00:00:00+09:00,726.0908095930639,737.477034592714,717.3321749779485,733.0977172851562,3693500,0.0,0.0
2014-03-07 00:00:00+09:00,737.476876457296,739.2286030047005,726.966517172869,736.6010131835938,3680500,0.0,0.0
2014-03-10 00:00:00+09:00,727.8425039824148,735.7252747836684,722.5873234482457,724.3390502929688,3262000,0.0,0.0
2014-03-11 00:00:00+09:00,726.0906284562077,728.718218185241,718.2078592691078,726.9664916992188,2557500,0.0,0.0
2014-03-12 00:00:00+09:00,711.2009893002718,720.8354854607434,704.1940830017469,705.0699462890625,3463000,0.0,0.0
2014-03-13 00:00:00+09:00,713.8285519490857,724.3389109961888,708.5733724255342,719.9595947265625,3747000,0.0,0.0
2014-03-14 00:00:00+09:00,696.3113949670816,696.3113949670816,679.6699905590633,684.9251708984375,12619500,0.0,0.0
2014-03-17 00:00:00+09:00,677.9182725972312,690.1803602152689,677.0424091959427,684.04931640625,3242500,0.0,0.0
2014-03-18 00:00:00+09:00,699.8148536586999,706.8217608292501,694.5596732807874,702.4424438476562,3758500,0.0,0.0
2014-03-19 00:00:00+09:00,703.3181937952315,712.0768263456081,692.8078347347798,701.5664672851562,2997000,0.0,0.0
2014-03-20 00:00:00+09:00,711.2011756748541,711.2011756748541,673.5390444506932,675.290771484375,5700500,0.0,0.0
2014-03-24 00:00:00+09:00,674.414785037004,687.5527353948677,667.4078781794766,681.4216918945312,5715000,0.0,0.0
2014-03-25 00:00:00+09:00,664.7804004095997,681.4218070074684,663.9045369044486,676.1666259765625,2939000,0.0,0.0
2014-03-26 00:00:00+09:00,669.1595980775123,677.9182315602022,664.7802813361673,670.0354614257812,4856000,0.0,0.0
2014-03-27 00:00:00+09:00,667.3869996197456,700.0501199715056,667.3869996197456,698.2845458984375,4883500,6.0,0.0
2014-03-28 00:00:00+09:00,692.9879699090515,702.6986293600063,691.2223954634233,699.16748046875,2611000,0.0,0.0
2014-03-31 00:00:00+09:00,706.2298120330013,710.6437483582075,697.4019393825888,708.878173828125,3644000,0.0,0.0
2014-04-01 00:00:00+09:00,707.9954654107466,708.8782527741017,700.9331665039062,700.9331665039062,3171500,0.0,0.0
2014-04-02 00:00:00+09:00,705.3469831323212,723.8855146038841,704.4641959193896,715.9404296875,3459000,0.0,0.0
2014-04-03 00:00:00+09:00,721.2370249554698,729.1821084617111,718.5886637867226,722.1198120117188,2641500,0.0,0.0
2014-04-04 00:00:00+09:00,713.2919463538408,714.1747334161598,702.6985016060114,705.3468627929688,4621000,0.0,0.0
2014-04-07 00:00:00+09:00,689.4568035540804,692.1051651554404,681.51171875,681.51171875,4505500,0.0,0.0
2014-04-08 00:00:00+09:00,682.3944805852789,688.5739907587549,673.5666089088846,680.62890625,4556000,0.0,0.0
2014-04-09 00:00:00+09:00,673.5665742572985,677.9805098684211,669.152638646176,670.918212890625,3715000,0.0,0.0
2014-04-10 00:00:00+09:00,672.6837926613857,677.0977283087701,662.9731342371399,664.7387084960938,5258000,0.0,0.0
2014-04-11 00:00:00+09:00,654.145171745456,655.9107457582642,647.9656627006271,648.8484497070312,9951000,0.0,0.0
2014-04-14 00:00:00+09:00,646.2002440751718,663.8559884488103,642.6690952004441,658.5592651367188,3863000,0.0,0.0
2014-04-15 00:00:00+09:00,674.4494693408396,676.2150438679099,662.9732349148829,668.2699584960938,4536500,0.0,0.0
2014-04-16 00:00:00+09:00,674.4494315011161,680.628941999163,670.9182826450893,679.7461547851562,2720500,0.0,0.0
2014-04-17 00:00:00+09:00,675.3323435137348,685.9257920394405,674.4495561365927,684.1602172851562,2676000,0.0,0.0
2014-04-18 00:00:00+09:00,691.2221562828469,692.104943200194,679.7459263573335,682.394287109375,1855000,0.0,0.0
2014-04-21 00:00:00+09:00,685.042857088784,688.5740058366642,682.3944955278737,683.2772827148438,1236500,0.0,0.0
2014-04-22 00:00:00+09:00,685.0426677808031,691.2221763819185,678.8631591796875,678.8631591796875,2657000,0.0,0.0
2014-04-23 00:00:00+09:00,681.5115918219471,690.3394621823351,680.6288047859084,687.6911010742188,2267000,0.0,0.0
2014-04-24 00:00:00+09:00,690.3395650940338,692.987926596952,677.9805447470817,680.62890625,2362500,0.0,0.0
2014-04-25 00:00:00+09:00,684.1599681493266,692.1050516504156,680.6288199266204,690.3394775390625,2738500,0.0,0.0
2014-04-28 00:00:00+09:00,683.2771710765605,693.8706155893755,682.394384033826,692.1050415039062,2128500,0.0,0.0
2014-04-30 00:00:00+09:00,692.9878236792332,704.4640551541759,689.4566755330969,698.2845458984375,4282000,0.0,0.0
2014-05-01 00:00:00+09:00,703.581425160244,712.409297496006,700.050276225939,707.995361328125,2979500,0.0,0.0
2014-05-02 00:00:00+09:00,707.9952085868797,708.8779956300054,694.753402939993,702.698486328125,2690000,0.0,0.0
2014-05-07 00:00:00+09:00,696.5190589317909,701.8157818134015,688.573974609375,688.573974609375,5096500,0.0,0.0
2014-05-08 00:00:00+09:00,692.9878136729834,704.4640449822175,689.4566655778344,700.0501098632812,2878000,0.0,0.0
2014-05-09 00:00:00+09:00,687.6911787772871,697.401837270933,665.6215003826374,669.1526489257812,7091500,0.0,0.0
2014-05-12 00:00:00+09:00,666.5042820350797,679.746088962929,665.6214949065563,675.3321533203125,2949500,0.0,0.0
2014-05-13 00:00:00+09:00,687.69118746244,692.9879103440505,680.6288902869592,688.573974609375,3326500,0.0,0.0
2014-05-14 00:00:00+09:00,677.9804787917737,692.9878591816959,676.2149046282535,686.808349609375,2394000,0.0,0.0
2014-05-15 00:00:00+09:00,675.3322291374207,680.6289525032043,671.8010802268982,677.9805908203125,2241000,0.0,0.0
2014-05-16 00:00:00+09:00,668.2699034016927,670.0354777832031,657.6764571126301,662.0903930664062,3193000,0.0,0.0
2014-05-19 00:00:00+09:00,665.6216056844406,667.3871802353277,651.4970092773438,651.4970092773438,2439000,0.0,0.0
2014-05-20 00:00:00+09:00,650.6142393093868,654.1453885050959,640.903579021187,643.5519409179688,2915000,0.0,0.0
2014-05-21 00:00:00+09:00,643.5519237983517,655.0281583791179,643.5519237983517,651.4970092773438,2731000,0.0,0.0
2014-05-22 00:00:00+09:00,651.4969172323904,661.2075758903258,648.8485557802262,656.7936401367188,3822000,0.0,0.0
2014-05-23 00:00:00+09:00,654.1453247070312,658.5592607711812,651.4969630685413,654.1453247070312,3920500,0.0,0.0
2014-05-26 00:00:00+09:00,658.5592694441266,663.8559927908622,655.0281205463028,662.9732055664062,2190500,0.0,0.0
2014-05-27 00:00:00+09:00,663.8560616171156,674.4495094088782,663.8560616171156,671.8011474609375,3095000,0.0,0.0
2014-05-28 00:00:00+09:00,667.3871818087748,669.1527563638246,662.9732454211506,666.50439453125,2679000,0.0,0.0
2014-05-29 00:00:00+09:00,657.6766498586073,660.3250122070312,648.8487753638609,660.3250122070312,3872000,0.0,0.0
2014-05-30 00:00:00+09:00,663.8559583509291,664.7387455295873,651.496937849715,653.2625122070312,3480000,0.0,0.0
2014-06-02 00:00:00+09:00,660.3247775679214,672.6837974689253,657.6764161605633,669.1526489257812,3152000,0.0,0.0
2014-06-03 00:00:00+09:00,679.7461443490932,691.2223779549871,677.0977827477332,681.51171875,3842000,0.0,0.0
2014-06-04 00:00:00+09:00,678.8633018344057,682.3944503484988,673.566579063266,675.3321533203125,2595000,0.0,0.0
2014-06-05 00:00:00+09:00,677.0978352704386,681.5117716150959,665.6216007743294,672.6838989257812,3094000,0.0,0.0
2014-06-06 00:00:00+09:00,676.2149404488358,682.3944503484988,672.6837919347427,675.3321533203125,3328500,0.0,0.0
2014-06-09 00:00:00+09:00,681.5115001920278,685.0426478614165,675.3319917705975,682.394287109375,2252000,0.0,0.0
2014-06-10 00:00:00+09:00,677.097743604549,680.628892202226,665.621510662099,667.3870849609375,3577500,0.0,0.0
2014-06-11 00:00:00+09:00,670.035505771637,679.7461652755737,669.1527185440063,677.9805908203125,2683000,0.0,0.0
2014-06-12 00:00:00+09:00,678.8634459887792,683.2773825686802,668.2699981970167,671.8011474609375,3793500,0.0,0.0
2014-06-13 00:00:00+09:00,661.2075242383314,690.3394979364155,661.2075242383314,686.808349609375,8474000,0.0,0.0
2014-06-16 00:00:00+09:00,677.9805492912371,686.8084210268001,677.0977621176808,685.0428466796875,3375500,0.0,0.0
2014-06-17 00:00:00+09:00,689.4567309663496,700.0501762564857,689.4567309663496,693.8706665039062,4650500,0.0,0.0
2014-06-18 00:00:00+09:00,698.2846889083843,703.5814122123669,691.2223911697407,694.7535400390625,3746000,0.0,0.0
2014-06-19 00:00:00+09:00,700.0502204375048,716.8231765387817,698.2846461110546,712.4092407226562,5233500,0.0,0.0
2014-06-20 00:00:00+09:00,707.9952033003121,713.2919255195164,698.2845458984375,698.2845458984375,9165000,0.0,0.0
2014-06-23 00:00:00+09:00,706.2297556659962,714.1748404172387,700.0502453039188,713.2920532226562,5647500,0.0,0.0
2014-06-24 00:00:00+09:00,715.0575928347024,715.9403799863502,701.8157855599857,703.5813598632812,4480500,0.0,0.0
2014-06-25 00:00:00+09:00,704.4642143925533,705.3470016286343,695.6363420317444,697.4019165039062,2261500,0.0,0.0
2014-06-26 00:00:00+09:00,703.5813598632812,705.3469341665768,697.4018498017468,703.5813598632812,2349000,0.0,0.0
2014-06-27 00:00:00+09:00,706.2297175480769,706.2297175480769,685.9256131685697,688.573974609375,3503000,0.0,0.0
2014-06-30 00:00:00+09:00,689.4567108546554,691.2222850181756,682.3944142005744,686.808349609375,2574500,0.0,0.0
2014-07-01 00:00:00+09:00,684.1600388746996,692.9879103440505,683.2772517277645,688.573974609375,2847500,0.0,0.0
2014-07-02 00:00:00+09:00,690.339518073861,695.636240718929,688.5739438588383,693.8706665039062,2512500,0.0,0.0
2014-07-03 00:00:00+09:00,700.9329994153065,701.8157865682225,690.3395535803145,692.9879150390625,2308500,0.0,0.0
2014-07-04 00:00:00+09:00,694.7534893448945,696.5190636507265,691.2223407332305,692.9879150390625,2165000,0.0,0.0
2014-07-07 00:00:00+09:00,694.7534893448945,700.0502122623906,691.2223407332305,692.9879150390625,2934000,0.0,0.0
2014-07-08 00:00:00+09:00,686.808416423476,687.6912035911155,679.7461190823606,680.62890625,2872500,0.0,0.0
2014-07-09 00:00:00+09:00,672.6838467454663,681.51171875,672.6838467454663,681.51171875,2949000,0.0,0.0
2014-07-10 00:00:00+09:00,677.980658672799,678.8634459887792,671.8011474609375,671.8011474609375,2873500,0.0,0.0
2014-07-11 00:00:00+09:00,667.3870698845244,670.9182184024319,662.0903471076631,664.7387084960938,5093000,0.0,0.0
2014-07-14 00:00:00+09:00,670.0354556887953,677.9805401436031,669.15266852715,676.2149658203125,2771000,0.0,0.0
2014-07-15 00:00:00+09:00,679.7459263573335,685.9254347787637,677.9803525226391,682.394287109375,2782000,0.0,0.0
2014-07-16 00:00:00+09:00,685.0428420881972,687.6912035911155,679.7461190823606,680.62890625,2750000,0.0,0.0
2014-07-17 00:00:00+09:00,680.6289211539336,685.925644275754,675.3321980321131,683.2772827148438,3525500,0.0,0.0
2014-07-18 00:00:00+09:00,665.6215967054884,674.4494693408396,663.8560221784181,668.2699584960938,3083000,0.0,0.0
2014-07-22 00:00:00+09:00,676.2150163650513,680.6289525032043,673.5666546821594,677.9805908203125,2345500,0.0,0.0
2014-07-23 00:00:00+09:00,679.7461822067481,685.0429057044631,669.1527352113183,670.0355224609375,2189000,0.0,0.0
2014-07-24 00:00:00+09:00,671.8011075502343,676.2150438679099,667.3871712325587,668.2699584960938,2472500,0.0,0.0
2014-07-25 00:00:00+09:00,677.0977931431362,680.628941999163,671.8010698590961,679.7461547851562,2547500,0.0,0.0
2014-07-28 00:00:00+09:00,677.9805908203125,684.1601014137268,675.3322291374207,677.9805908203125,2539500,0.0,0.0
2014-07-29 00:00:00+09:00,683.2772710964765,699.1674401917434,679.7461224086394,695.6362915039062,4841500,0.0,0.0
2014-07-30 00:00:00+09:00,697.4018658478249,701.8158017076212,692.9879299880284,695.6362915039062,3238000,0.0,0.0
2014-07-31 00:00:00+09:00,696.5191292678253,708.8781505729578,696.5191292678253,697.4019165039062,4981500,0.0,0.0
2014-08-01 00:00:00+09:00,676.2150059291295,689.4568141392299,675.3322187151228,679.7461547851562,5178000,0.0,0.0
2014-08-04 00:00:00+09:00,677.0977331478551,678.8633074194272,668.2698617899953,669.1526489257812,3638500,0.0,0.0
2014-08-05 00:00:00+09:00,673.5666820773046,675.3322566043748,667.3871712325587,668.2699584960938,3126000,0.0,0.0
2014-08-06 00:00:00+09:00,670.0355033620536,670.9182905865097,661.2076311174943,662.9732055664062,3014000,0.0,0.0
2014-08-07 00:00:00+09:00,662.0904581436258,668.2699690862996,658.5593090335265,666.50439453125,2079000,0.0,0.0
2014-08-08 00:00:00+09:00,655.9110143324908,658.5593764361213,643.551991182215,645.3175659179688,6339000,0.0,0.0
2014-08-11 00:00:00+09:00,657.6763712293474,661.20751953125,649.7312875500668,661.20751953125,3026000,0.0,0.0
2014-08-12 00:00:00+09:00,657.6764735583513,661.2076224096713,652.3797502813712,654.1453247070312,2586500,0.0,0.0
2014-08-13 00:00:00+09:00,648.8485763137405,655.0280865643476,647.0830019564243,653.2625122070312,2349500,0.0,0.0
2014-08-14 00:00:00+09:00,660.3248648892444,664.7388011518731,657.6765031316672,659.4420776367188,2161500,0.0,0.0
2014-08-15 00:00:00+09:00,660.3248648892444,663.8560138993473,658.559290384193,659.4420776367188,1747000,0.0,0.0
2014-08-18 00:00:00+09:00,656.7935226212687,656.7935226212687,649.7312266791045,650.614013671875,3410500,0.0,0.0
2014-08-19 00:00:00+09:00,660.3248648892444,663.8560138993473,654.1453541215643,659.4420776367188,3364500,0.0,0.0
2014-08-20 00:00:00+09:00,665.6215628861742,665.6215628861742,655.910903480673,658.5592651367188,2628000,0.0,0.0
2014-08-21 00:00:00+09:00,665.6214956255706,666.5042827550475,660.3247728487092,664.7387084960938,2523000,0.0,0.0
2014-08-22 00:00:00+09:00,664.7389494544044,665.6217369038791,660.3250122070312,660.3250122070312,2437000,0.0,0.0
2014-08-25 00:00:00+09:00,661.207605875651,663.8559674479167,658.5592443033854,662.0903930664062,2105500,0.0,0.0
2014-08-26 00:00:00+09:00,659.4420374668784,662.0903990631309,655.0281014731241,655.910888671875,1619500,0.0,0.0
2014-08-27 00:00:00+09:00,661.2074631025207,662.0902501026576,653.2623801012887,655.0279541015625,2288500,0.0,0.0
2014-08-28 00:00:00+09:00,653.2624717380689,654.1452588620393,648.8485361182171,649.7313232421875,2117500,0.0,0.0
2014-08-29 00:00:00+09:00,651.4969673872633,660.3248395740826,648.8486057312176,658.5592651367188,3472500,0.0,0.0
2014-09-01 00:00:00+09:00,661.2074786499843,662.0902656708788,656.7935435455117,657.6763305664062,1855000,0.0,0.0
2014-09-02 00:00:00+09:00,660.3248438930384,669.1527161375977,656.7936949952147,662.9732055664062,2696500,0.0,0.0
2014-09-03 00:00:00+09:00,665.6214137544567,667.3869877962458,656.7935435455117,657.6763305664062,2911500,0.0,0.0
2014-09-04 00:00:00+09:00,655.0280658352759,661.2075758903258,653.2624915338331,656.7936401367188,2487000,0.0,0.0
2014-09-05 00:00:00+09:00,666.5043290201822,666.5043290201822,662.0903930664062,662.0903930664062,3259000,0.0,0.0
2014-09-08 00:00:00+09:00,660.3248438930384,663.8559927908622,656.7936949952147,662.9732055664062,1841000,0.0,0.0
2014-09-09 00:00:00+09:00,663.8560138993473,664.7388011518731,659.4420776367188,659.4420776367188,2702000,0.0,0.0
2014-09-10 00:00:00+09:00,656.7936243308018,666.5042827550475,655.028050071848,664.7387084960938,3478500,0.0,0.0
2014-09-11 00:00:00+09:00,664.7388094419532,668.2699584960938,660.3248731242776,668.2699584960938,4173500,0.0,0.0
2014-09-12 00:00:00+09:00,664.7387132468513,669.1526489257812,662.9731389752793,669.1526489257812,11539000,0.0,0.0
2014-09-16 00:00:00+09:00,663.8560616171156,673.566722092898,663.8560616171156,671.8011474609375,3029500,0.0,0.0
2014-09-17 00:00:00+09:00,676.2149150109416,678.8632762968853,673.5665537249979,674.4493408203125,2541000,0.0,0.0
2014-09-18 00:00:00+09:00,679.7461190823606,685.9256292558366,677.0977575794423,680.62890625,4390500,0.0,0.0
2014-09-19 00:00:00+09:00,688.5740441430972,699.1674909760679,685.9256824348546,697.4019165039062,6352500,0.0,0.0
2014-09-22 00:00:00+09:00,691.2223556441099,700.9330145356619,691.2223556441099,695.6362915039062,3355500,0.0,0.0
2014-09-24 00:00:00+09:00,691.2223407332305,696.5190636507265,685.9256178157344,692.9879150390625,2448500,0.0,0.0
2014-09-25 00:00:00+09:00,694.7535400390625,698.2846889083843,692.1051783870711,694.7535400390625,3191000,0.0,0.0
2014-09-26 00:00:00+09:00,683.1890984654731,696.5326355448768,682.2995293268461,695.64306640625,2960000,6.0,0.0
2014-09-29 00:00:00+09:00,696.5326837839814,702.7596681856262,692.0848377828065,700.9805297851562,2909000,0.0,0.0
2014-09-30 00:00:00+09:00,693.8640723892405,702.759765625,688.5266564477848,702.759765625,4840500,0.0,0.0
2014-10-01 00:00:00+09:00,708.0970632938352,724.1093084436958,708.0970632938352,717.88232421875,8660500,0.0,0.0
2014-10-02 00:00:00+09:00,713.4344791809618,720.5510325892507,708.0970641247451,708.9866333007812,6196000,0.0,0.0
2014-10-03 00:00:00+09:00,700.9805107164563,709.8762024768173,698.3118031883479,708.9866333007812,5496500,0.0,0.0
2014-10-06 00:00:00+09:00,711.6553408288896,716.1031867090701,708.9866333007812,708.9866333007812,3210500,0.0,0.0
2014-10-07 00:00:00+09:00,705.4283940807193,708.0971017506338,698.3118402942807,701.8701171875,4384000,0.0,0.0
2014-10-08 00:00:00+09:00,692.9744069830415,704.5388065860961,692.0848377828065,700.9805297851562,4152000,0.0,0.0
2014-10-09 00:00:00+09:00,704.5387145294541,705.4282836134558,692.0847473534283,696.5325927734375,4640000,0.0,0.0
2014-10-10 00:00:00+09:00,682.2995542055601,687.6369692319399,675.1830008370536,684.96826171875,8078000,0.0,0.0
2014-10-14 00:00:00+09:00,672.5143004484189,685.8578381557288,668.9560237264695,673.4038696289062,6552500,0.0,0.0
2014-10-15 00:00:00+09:00,675.1830262357768,677.8517338493568,668.9560418040898,674.29345703125,4224500,0.0,0.0
2014-10-16 00:00:00+09:00,656.5020079825089,664.5081300310761,655.6124388660014,659.1707153320312,5238500,0.0,0.0
2014-10-17 00:00:00+09:00,660.0603032346631,660.9498723764889,648.4959043909291,651.1646118164062,6697000,0.0,0.0
2014-10-20 00:00:00+09:00,663.6186212979048,669.8456056800568,658.2812061132032,668.0664672851562,6361500,0.0,0.0
2014-10-21 00:00:00+09:00,675.1830509730748,679.6308971586682,665.3977893647693,672.5143432617188,8118000,0.0,0.0
2014-10-22 00:00:00+09:00,679.6307197758327,690.305547835139,676.072443756064,687.6368408203125,4547500,0.0,0.0
2014-10-23 00:00:00+09:00,680.5202762916277,685.8576902233267,678.7411383143947,684.0785522460938,3423500,0.0,0.0
2014-10-24 00:00:00+09:00,688.5266903981855,691.195398500504,684.0788435609878,689.416259765625,3711000,0.0,0.0
2014-10-27 00:00:00+09:00,696.5326656743865,702.759649914132,693.8639581430671,700.0909423828125,3959500,0.0,0.0
2014-10-28 00:00:00+09:00,693.8640478885535,705.428448686696,693.8640478885535,704.5388793945312,2801500,0.0,0.0
2014-10-29 00:00:00+09:00,703.6492236692513,718.7718997784515,703.6492236692513,715.213623046875,4985000,0.0,0.0
2014-10-30 00:00:00+09:00,719.6614990234375,725.8884835638133,717.8823605833302,719.6614990234375,8581500,0.0,0.0
2014-10-31 00:00:00+09:00,722.330154830378,778.373011670666,721.440585674183,758.802490234375,13578500,0.0,0.0
2014-11-04 00:00:00+09:00,786.3791206105258,787.268689751488,773.0355834960938,773.0355834960938,9060000,0.0,0.0
2014-11-05 00:00:00+09:00,770.3668455913901,781.0416748605548,769.4772764856264,777.4833984375,7135000,0.0,0.0
2014-11-06 00:00:00+09:00,782.8209609285408,792.6062229401475,772.1461296431515,775.7044067382812,6515000,0.0,0.0
2014-11-07 00:00:00+09:00,779.2625428297215,781.9312501681795,771.2564208143477,774.814697265625,5071500,0.0,0.0
2014-11-10 00:00:00+09:00,773.0355530491581,775.7042603669344,764.1398619899044,768.5877075195312,3951500,0.0,0.0
2014-11-11 00:00:00+09:00,769.4773069322453,775.7042909189802,765.9190303683968,773.0355834960938,5995000,0.0,0.0
2014-11-12 00:00:00+09:00,782.8209099005361,799.7227250006613,779.2626330373519,788.1583251953125,8062000,0.0,0.0
2014-11-13 00:00:00+09:00,784.5999389648438,786.3790771484375,773.9251098632812,782.82080078125,4976500,0.0,0.0
2014-11-14 00:00:00+09:00,789.0478944111086,789.9374636269046,780.152202253148,788.1583251953125,9012000,0.0,0.0
2014-11-17 00:00:00+09:00,787.2686650611797,788.1582341742433,760.5815916692753,765.9190063476562,5709500,0.0,0.0
2014-11-18 00:00:00+09:00,776.5937630740469,789.9372985220547,775.7041940441798,789.0477294921875,3770500,0.0,0.0
2014-11-19 00:00:00+09:00,787.2686339077885,792.6060483749599,778.3729431291694,779.2625122070312,3826500,0.0,0.0
2014-11-20 00:00:00+09:00,789.0478088103973,791.716516168268,786.3791014525268,789.9373779296875,2826500,0.0,0.0
2014-11-21 00:00:00+09:00,791.7165402003698,798.8330933707101,779.2625721522741,797.053955078125,4826000,0.0,0.0
2014-11-25 00:00:00+09:00,800.6121765339493,807.7287292142511,799.7226074489116,803.2808837890625,3527500,0.0,0.0
2014-11-26 00:00:00+09:00,803.2809385590206,808.6183534331669,799.7226619762564,805.9496459960938,4161000,0.0,0.0
2014-11-27 00:00:00+09:00,797.9435305194919,800.6122379794233,792.6061155996291,794.38525390625,3443500,0.0,0.0
2014-11-28 00:00:00+09:00,800.6122311219475,806.8392151417848,799.7226619762564,805.9496459960938,2564500,0.0,0.0
2014-12-01 00:00:00+09:00,802.3914712207566,817.5141486162696,802.3914712207566,813.9558715820312,2175000,0.0,0.0
2014-12-02 00:00:00+09:00,805.0599615257906,813.9556517083961,804.1703925075301,812.176513671875,3085000,0.0,0.0
2014-12-03 00:00:00+09:00,817.5140454428537,818.4036145891462,795.2748167855399,797.053955078125,5283500,0.0,0.0
2014-12-04 00:00:00+09:00,807.7288901558136,808.6184594180997,794.3853512215215,796.1644897460938,2621500,0.0,0.0
2014-12-05 00:00:00+09:00,787.2686401228942,788.1582092077789,777.4833801891633,785.489501953125,4658500,0.0,0.0
2014-12-08 00:00:00+09:00,785.4896687498881,788.1583765712353,772.1461296431515,775.7044067382812,4127000,0.0,0.0
2014-12-09 00:00:00+09:00,776.5938049734456,779.2625122070312,773.9250977398599,779.2625122070312,2843500,0.0,0.0
2014-12-10 00:00:00+09:00,766.8087091875904,774.8148326013819,759.6921550419978,769.4774169921875,4219500,0.0,0.0
2014-12-11 00:00:00+09:00,763.2503297039282,765.9190371504454,752.5754999178592,761.47119140625,2444500,0.0,0.0
2014-12-12 00:00:00+09:00,768.5877136868467,773.9251283652276,762.3607298954023,765.9190063476562,11198000,0.0,0.0
2014-12-15 00:00:00+09:00,749.906982421875,760.5818149118661,748.1278436735432,749.906982421875,4137500,0.0,0.0
2014-12-16 00:00:00+09:00,740.1214659981906,745.4588804164467,735.6736206496438,737.4527587890625,5452500,0.0,0.0
2014-12-17 00:00:00+09:00,731.2258476632841,748.1276616603673,731.2258476632841,741.0111083984375,6153000,0.0,0.0
2014-12-18 00:00:00+09:00,757.9128843300849,772.1459901391006,756.133746103958,765.9190063476562,5517500,0.0,0.0
2014-12-19 00:00:00+09:00,782.8208129330458,788.1582275666802,775.7042600881999,786.3790893554688,4373500,0.0,0.0
2014-12-22 00:00:00+09:00,789.9373841366526,790.8269532629326,781.9312620001325,787.2686767578125,3892000,0.0,0.0
2014-12-24 00:00:00+09:00,793.495726456399,803.2809876570946,793.495726456399,802.3914184570312,3900000,0.0,0.0
2014-12-25 00:00:00+09:00,797.0539545391832,805.9496459960938,797.0539545391832,805.9496459960938,2355000,0.0,0.0
2014-12-26 00:00:00+09:00,805.0599919736775,818.4035277522468,801.501715766059,816.6243896484375,3497500,0.0,0.0
2014-12-29 00:00:00+09:00,823.74110322051,824.63067244645,796.1644572163676,809.5079956054688,4030500,0.0,0.0
2014-12-30 00:00:00+09:00,816.6244200646283,822.8514036598924,801.501745618987,803.2808837890625,4353500,0.0,0.0
2015-01-05 00:00:00+09:00,791.716539665037,810.397491724549,787.2686939365817,805.9496459960938,3441000,0.0,0.0
2015-01-06 00:00:00+09:00,786.3791696428572,790.8270156250001,776.5939084821429,778.373046875,5408000,0.0,0.0
2015-01-07 00:00:00+09:00,769.4773257943087,781.0417249102925,763.2503416549328,765.0294799804688,4381000,0.0,0.0
2015-01-08 00:00:00+09:00,767.6982473088407,781.9313550225619,766.8086780767331,773.9252319335938,4353500,0.0,0.0
2015-01-09 00:00:00+09:00,774.8146666775674,779.2625120660724,765.9189759005575,770.3668212890625,4912500,0.0,0.0
2015-01-13 00:00:00+09:00,758.8024772406997,773.0355834960938,756.1337698178132,773.0355834960938,3477500,0.0,0.0
2015-01-14 00:00:00+09:00,761.4711793711488,770.3668707189426,750.7963497537962,757.9129028320312,5804000,0.0,0.0
2015-01-15 00:00:00+09:00,759.6919683641003,775.7042112570205,759.6919683641003,772.1459350585938,3417000,0.0,0.0
2015-01-16 00:00:00+09:00,756.1337703043146,770.3668765688664,743.6798023228317,764.139892578125,5542500,0.0,0.0
2015-01-19 00:00:00+09:00,770.3668212890625,773.0355285221655,764.1398377451555,770.3668212890625,2441500,0.0,0.0
2015-01-20 00:00:00+09:00,775.7042717540716,799.7226379666403,773.9251335161035,798.8330688476562,3631500,0.0,0.0
2015-01-21 00:00:00+09:00,787.268658600901,789.0477968124285,773.0355529086813,777.4833984375,4444500,0.0,0.0
2015-01-22 00:00:00+09:00,777.4833923832631,780.1520996797732,764.1398559007127,771.2564086914062,3253500,0.0,0.0
2015-01-23 00:00:00+09:00,781.0416625976563,786.3790771484375,771.2564025878906,782.82080078125,3244000,0.0,0.0
2015-01-26 00:00:00+09:00,773.0356253448,781.9313172359945,771.256486966561,781.041748046875,1347500,0.0,0.0
2015-01-27 00:00:00+09:00,787.2686462402344,793.4956298828125,785.4895080566407,791.7164916992188,1936500,0.0,0.0
2015-01-28 00:00:00+09:00,784.6000649952967,802.3914496890677,783.7104957606082,797.943603515625,2865500,0.0,0.0
2015-01-29 00:00:00+09:00,786.3791867637203,804.1705710796416,786.3791867637203,788.1583251953125,2211500,0.0,0.0
2015-01-30 00:00:00+09:00,797.9434692788361,808.6182982992888,797.0539001937984,803.2808837890625,3356000,0.0,0.0
2015-02-02 00:00:00+09:00,778.3729553222656,797.9434753417969,773.9251098632812,782.82080078125,4358000,0.0,0.0
2015-02-03 00:00:00+09:00,786.3792278609462,800.6123360575244,784.600089336374,796.1644897460938,3778500,0.0,0.0
2015-02-04 00:00:00+09:00,824.6306735625866,844.2011965597569,815.7349812911456,842.4220581054688,6223500,0.0,0.0
2015-02-05 00:00:00+09:00,834.4159009448902,834.4159009448902,813.9558095571157,822.8515014648438,4604000,0.0,0.0
2015-02-06 00:00:00+09:00,832.6366393716577,834.4157774899733,823.7409487800802,831.7470703125,2863500,0.0,0.0
2015-02-09 00:00:00+09:00,840.6428658528298,844.2011425336883,829.0784666400396,830.8576049804688,2836000,0.0,0.0
2015-02-10 00:00:00+09:00,821.9618775208446,830.8575688360053,814.8453244687162,820.1827392578125,4175000,0.0,0.0
2015-02-12 00:00:00+09:00,840.6427060266968,845.090551032129,834.4157230190916,837.9739990234375,3762500,0.0,0.0
2015-02-13 00:00:00+09:00,829.968011318109,837.0845644698184,825.5201655982906,832.63671875,3892000,0.0,0.0
2015-02-16 00:00:00+09:00,834.4158570379274,842.4219793336005,830.8575804620727,832.63671875,2734500,0.0,0.0
2015-02-17 00:00:00+09:00,832.6366393716577,842.4218990223931,829.9679321941844,831.7470703125,2436000,0.0,0.0
2015-02-18 00:00:00+09:00,832.6367001488096,840.642822265625,827.2992854042659,840.642822265625,3647000,0.0,0.0
2015-02-19 00:00:00+09:00,837.9741336137821,849.5385324853098,830.8575804620727,832.63671875,3364500,0.0,0.0
2015-02-20 00:00:00+09:00,840.6428907664549,842.4220291596114,825.5202144246246,829.0784912109375,2928500,0.0,0.0
2015-02-23 00:00:00+09:00,837.9741583421859,838.8637275124005,828.1888974698248,830.8576049804688,1990500,0.0,0.0
2015-02-24 00:00:00+09:00,829.9680520901505,849.53857421875,829.0784829024869,849.53857421875,3165500,0.0,0.0
2015-02-25 00:00:00+09:00,876.2255060403498,878.8942131653458,864.6611084987005,866.4402465820312,4670500,0.0,0.0
2015-02-26 00:00:00+09:00,868.2195062404726,876.2256287365425,865.5507987417826,875.3360595703125,3197000,0.0,0.0
2015-02-27 00:00:00+09:00,877.1151915823676,883.3421757011066,871.7777766234486,878.0047607421875,3739000,0.0,0.0
2015-03-02 00:00:00+09:00,878.8943845190182,886.9005074549202,872.6674000133168,880.6735229492188,3318000,0.0,0.0
2015-03-03 00:00:00+09:00,886.01093823982,888.6796458851206,877.1152460888178,880.6735229492188,2305500,0.0,0.0
2015-03-04 00:00:00+09:00,874.4464904040825,877.1151979027725,868.2195062404726,875.3360595703125,2053000,0.0,0.0
2015-03-05 00:00:00+09:00,869.1089783957923,875.3359618643394,868.219409328857,873.5568237304688,1902500,0.0,0.0
2015-03-06 00:00:00+09:00,878.0047971534535,881.5630739402964,875.3360895633215,879.783935546875,2156000,0.0,0.0
2015-03-09 00:00:00+09:00,872.6674077513275,877.115253866268,862.8821462984583,869.109130859375,3166500,0.0,0.0
2015-03-10 00:00:00+09:00,868.2193906491375,880.673357318285,858.4341311233788,863.7715454101562,4087000,0.0,0.0
2015-03-11 00:00:00+09:00,863.7716604093226,886.0108895650724,859.3238145781727,875.3360595703125,3580500,0.0,0.0
2015-03-12 00:00:00+09:00,879.7839387307955,903.8023071289062,877.1152311310054,903.8023071289062,4057000,0.0,0.0
2015-03-13 00:00:00+09:00,916.2561399456107,916.2561399456107,902.0230348590769,909.1395874023438,10892000,0.0,0.0
2015-03-16 00:00:00+09:00,909.1397329385999,930.4893939860816,907.3605945179763,916.2562866210938,4810000,0.0,0.0
2015-03-17 00:00:00+09:00,934.047693150644,937.6059700769322,923.3728623717795,932.2685546875,4762000,0.0,0.0
2015-03-18 00:00:00+09:00,937.6058594446218,939.3849976978374,926.9310299253283,935.8267211914062,3007000,0.0,0.0
2015-03-19 00:00:00+09:00,935.8267457217262,937.6058840215774,923.3727776227678,934.047607421875,4148500,0.0,0.0
2015-03-20 00:00:00+09:00,942.94340724122,950.059961258135,937.6059917285339,948.2808227539062,3562000,0.0,0.0
2015-03-23 00:00:00+09:00,950.0599130306604,950.0599130306604,937.6059441332548,942.943359375,2520000,0.0,0.0
2015-03-24 00:00:00+09:00,944.7225473577327,946.5016858649976,934.0477163141425,939.3851318359375,2874500,0.0,0.0
2015-03-25 00:00:00+09:00,937.6059700769322,939.3851085400763,907.3606162034828,932.2685546875,3944000,0.0,0.0
2015-03-26 00:00:00+09:00,932.2685546874999,935.8268316137882,919.8145854454914,932.2685546875,4769000,0.0,0.0
2015-03-27 00:00:00+09:00,930.4790644682655,941.2153613659763,912.5852363054142,923.321533203125,4807500,6.0,0.0
2015-03-30 00:00:00+09:00,923.3215186765235,939.4259637697187,919.7427531002579,932.2684326171875,2943000,0.0,0.0
2015-03-31 00:00:00+09:00,946.5835260861691,946.5835260861691,928.689697615731,935.8472290039062,6650000,0.0,0.0
2015-04-01 00:00:00+09:00,934.0578606100644,939.4260092342602,909.0065003638174,912.5852661132812,6266000,0.0,0.0
2015-04-02 00:00:00+09:00,912.5851900283604,923.3214863816353,909.0064245772688,914.3745727539062,5067500,0.0,0.0
2015-04-03 00:00:00+09:00,914.3746644837253,926.9003448191187,914.3746644837253,925.1109619140625,2223000,0.0,0.0
2015-04-06 00:00:00+09:00,917.9535354088093,941.2155158382723,917.9535354088093,934.0579833984375,2722000,0.0,0.0
2015-04-07 00:00:00+09:00,948.3728038773554,955.5303344726562,939.4258906332294,955.5303344726562,4425500,0.0,0.0
2015-04-08 00:00:00+09:00,959.1093126283075,989.5288244094291,959.1093126283075,980.5819091796875,5728000,0.0,0.0
2015-04-09 00:00:00+09:00,985.9500578728275,991.3182070082513,980.5819087374038,987.7394409179688,3238000,0.0,0.0
2015-04-10 00:00:00+09:00,989.5288244094291,991.3182074553775,975.2137600418425,980.5819091796875,6119000,0.0,0.0
2015-04-13 00:00:00+09:00,993.1072495009873,994.8966319325206,975.2134251856542,977.0028076171875,2780000,0.0,0.0
2015-04-14 00:00:00+09:00,971.6347062635683,984.1603838765425,971.6347062635683,978.792236328125,2382500,0.0,0.0
2015-04-15 00:00:00+09:00,971.6348725487204,975.2136381934671,962.6879584368537,973.4242553710938,2956500,0.0,0.0
2015-04-16 00:00:00+09:00,977.0028835471617,984.1604138295585,960.8984404117689,975.2135009765625,5048500,0.0,0.0
2015-04-17 00:00:00+09:00,977.0028835471617,987.7391789707569,969.8453532647649,975.2135009765625,4015000,0.0,0.0
2015-04-20 00:00:00+09:00,975.2137295809658,984.16064453125,968.0561976207385,984.16064453125,3823500,0.0,0.0
2015-04-21 00:00:00+09:00,993.1073596213561,994.8967422513044,984.1604464716141,985.9498291015625,3000500,0.0,0.0
2015-04-22 00:00:00+09:00,993.1073177242619,1007.4223781599269,987.7391700608874,1005.6329956054688,3735500,0.0,0.0
2015-04-23 00:00:00+09:00,998.4757082281561,1005.6332401867809,984.1606443109065,991.3181762695312,6142000,0.0,0.0
2015-04-24 00:00:00+09:00,985.9500273005627,1003.8438571971246,984.1606443109065,991.3181762695312,6190500,0.0,0.0
2015-04-27 00:00:00+09:00,1002.0542124155405,1002.0542124155405,991.3179172825169,993.1072998046875,2923500,0.0,0.0
2015-04-28 00:00:00+09:00,1002.0544742074685,1002.0544742074685,987.7394102902189,991.3181762695312,3683500,0.0,0.0
2015-04-30 00:00:00+09:00,984.1605204188692,985.9499031832671,957.3197789528999,962.6879272460938,5429000,0.0,0.0
2015-05-01 00:00:00+09:00,957.3198090738325,962.6879575359287,946.58351214964,959.1091918945312,3719500,0.0,0.0
2015-05-07 00:00:00+09:00,948.3729400346319,964.4773861861635,946.5835571289062,946.5835571289062,4685000,0.0,0.0
2015-05-08 00:00:00+09:00,943.004912127697,960.8987434773686,937.6367627227954,953.7412109375,4042000,0.0,0.0
2015-05-11 00:00:00+09:00,953.7409960983827,957.3197615621665,930.479020583788,943.0046997070312,6385500,0.0,0.0
2015-05-12 00:00:00+09:00,944.794189453125,944.794189453125,928.6897430419922,930.4791259765625,5916500,0.0,0.0
2015-05-13 00:00:00+09:00,937.6366881163855,946.5836030793281,930.4791561460314,941.2154541015625,5949000,0.0,0.0
2015-05-14 00:00:00+09:00,934.0579848233828,935.8473679360712,916.164153696498,919.742919921875,5785000,0.0,0.0
2015-05-15 00:00:00+09:00,919.7429472027403,946.5836946892016,919.7429472027403,944.7943115234375,6435000,0.0,0.0
2015-05-18 00:00:00+09:00,951.9517211914062,957.3198699951172,948.3729553222656,951.9517211914062,4447500,0.0,0.0
2015-05-19 00:00:00+09:00,953.7411041259766,957.3198699951172,944.794189453125,951.9517211914062,3709000,0.0,0.0
2015-05-20 00:00:00+09:00,959.1091617172979,975.2136065968795,957.3197789528999,962.6879272460938,4813500,0.0,0.0
2015-05-21 00:00:00+09:00,964.4773100104917,973.4242238324814,959.1091617172979,962.6879272460938,3378000,0.0,0.0
2015-05-22 00:00:00+09:00,971.6347806022616,973.4241632553044,962.6878673370474,969.8453979492188,3012500,0.0,0.0
2015-05-25 00:00:00+09:00,973.4243769958941,980.5819091796875,969.8456109039975,980.5819091796875,2861500,0.0,0.0
2015-05-26 00:00:00+09:00,982.3712768554688,984.1606598734204,971.6349787477586,982.3712768554688,4014500,0.0,0.0
2015-05-27 00:00:00+09:00,982.3712615411931,985.9500275213068,977.0031125710227,984.16064453125,3166000,0.0,0.0
2015-05-28 00:00:00+09:00,985.9500275213068,989.5287935014204,978.7924955610795,984.16064453125,3726000,0.0,0.0
2015-05-29 00:00:00+09:00,984.1603560214879,993.1072683489559,982.3709735559943,989.5285034179688,4028000,0.0,0.0
2015-06-01 00:00:00+09:00,989.5288239631101,994.8969730985337,984.1606748276863,987.7394409179688,3107000,0.0,0.0
2015-06-02 00:00:00+09:00,991.3181762695312,996.6863252384999,984.1606443109065,991.3181762695312,2652500,0.0,0.0
2015-06-03 00:00:00+09:00,984.1603838765425,985.9497663926816,975.2134712958466,978.792236328125,4296500,0.0,0.0
2015-06-04 00:00:00+09:00,984.16064453125,989.5287935014204,975.2137295809658,984.16064453125,3035000,0.0,0.0
2015-06-05 00:00:00+09:00,978.7924955610795,985.9500275213068,975.2137295809658,984.16064453125,1997500,0.0,0.0
2015-06-08 00:00:00+09:00,987.7392117315109,996.6861248812528,984.1604464716141,985.9498291015625,2548000,0.0,0.0
2015-06-09 00:00:00+09:00,980.5818948585894,980.5818948585894,959.10929862081,960.898681640625,3250500,0.0,0.0
2015-06-10 00:00:00+09:00,957.3198699951172,960.8986358642578,943.0048065185547,951.9517211914062,4122500,0.0,0.0
2015-06-11 00:00:00+09:00,964.477341259227,973.4242553710938,962.6879584368537,973.4242553710938,2825000,0.0,0.0
2015-06-12 00:00:00+09:00,984.1603373433207,984.1603373433207,968.0558954595209,977.0028076171875,7435000,0.0,0.0
2015-06-15 00:00:00+09:00,975.2136381934671,975.2136381934671,960.8985756144805,973.4242553710938,2515500,0.0,0.0
2015-06-16 00:00:00+09:00,969.8455967396997,969.8455967396997,957.319915600995,960.898681640625,2676500,0.0,0.0
2015-06-17 00:00:00+09:00,959.1092529296875,964.4774017333984,943.0048065185547,951.9517211914062,3346000,0.0,0.0
2015-06-18 00:00:00+09:00,944.7942509541984,944.7942509541984,932.2685695968511,937.63671875,3601500,0.0,0.0
2015-06-19 00:00:00+09:00,948.3729399181548,951.9517057291667,939.426025390625,939.426025390625,5166000,0.0,0.0
2015-06-22 00:00:00+09:00,944.7941742231806,951.9517058460834,939.4260255060034,946.5835571289062,2931000,0.0,0.0
2015-06-23 00:00:00+09:00,955.5305322446136,968.0562133789062,951.9517662062442,968.0562133789062,3615000,0.0,0.0
2015-06-24 00:00:00+09:00,975.2137454556449,975.2137454556449,962.6880643213523,968.0562133789062,2959000,0.0,0.0
2015-06-25 00:00:00+09:00,973.4242553710938,975.2136381934671,966.2667240816004,973.4242553710938,2919500,0.0,0.0
2015-06-26 00:00:00+09:00,977.0031125710227,989.5287935014204,971.6349636008522,984.16064453125,4203500,0.0,0.0
2015-06-29 00:00:00+09:00,968.0561987535009,968.0561987535009,946.5836028476931,948.3729858398438,5011500,0.0,0.0
2015-06-30 00:00:00+09:00,955.5305022908149,957.3198852539062,944.7942045122663,957.3198852539062,3544500,0.0,0.0
2015-07-01 00:00:00+09:00,960.8986358642578,960.8986358642578,944.794189453125,951.9517211914062,2467500,0.0,0.0
2015-07-02 00:00:00+09:00,957.3198699951172,960.8986358642578,946.5835723876953,951.9517211914062,2521500,0.0,0.0
2015-07-03 00:00:00+09:00,950.1621865261807,960.8984824191318,944.794038579705,955.5303344726562,2744000,0.0,0.0
2015-07-06 00:00:00+09:00,937.6366577148438,946.5835723876953,925.1109771728516,930.4791259765625,5137000,0.0,0.0
2015-07-07 00:00:00+09:00,939.4260708790905,950.1623688319944,937.6366878869399,948.3729858398438,2485500,0.0,0.0
2015-07-08 00:00:00+09:00,937.6365490367111,939.4259317638805,921.5321044921875,921.5321044921875,4055500,0.0,0.0
2015-07-09 00:00:00+09:00,909.006470672844,925.1109160194101,884.8498026529948,923.321533203125,6513000,0.0,0.0
2015-07-10 00:00:00+09:00,921.5323016287267,946.5836651681484,916.1641522988506,934.0579833984375,5895000,0.0,0.0
2015-07-13 00:00:00+09:00,939.4258928474904,975.2135459083472,939.4258928474904,969.8453979492188,4539500,0.0,0.0
2015-07-14 00:00:00+09:00,973.4243778935186,975.2137609411169,959.1093135127314,966.266845703125,3382500,0.0,0.0
2015-07-15 00:00:00+09:00,971.6348725487204,977.0030210158404,966.2667240816004,973.4242553710938,2209000,0.0,0.0
2015-07-16 00:00:00+09:00,980.5816221494932,994.8966823268581,973.4240920608108,993.1072998046875,4559000,0.0,0.0
2015-07-17 00:00:00+09:00,994.8967136129656,1003.8436265051686,987.7391832992033,996.6860961914062,3828500,0.0,0.0
2015-07-21 00:00:00+09:00,1003.8438563296669,1019.9483032226562,1002.054473341557,1019.9483032226562,4176500,0.0,0.0
2015-07-22 00:00:00+09:00,1009.2119750976562,1018.1588897705078,1005.6332092285156,1009.2119750976562,3427500,0.0,0.0
2015-07-23 00:00:00+09:00,1014.580032186879,1019.948180505328,1011.0012666412462,1012.7906494140625,3109000,0.0,0.0
2015-07-24 00:00:00+09:00,1011.0012666412462,1021.7375632781444,1007.4225010956135,1012.7906494140625,2102000,0.0,0.0
2015-07-27 00:00:00+09:00,1011.0012666412462,1019.948180505328,1003.8437355499807,1012.7906494140625,2505000,0.0,0.0
2015-07-28 00:00:00+09:00,1012.7907712702165,1025.316452186986,1002.054473341557,1019.9483032226562,4058500,0.0,0.0
2015-07-29 00:00:00+09:00,1034.2631269034694,1066.4720132084217,1030.6843617584746,1055.7357177734375,6457000,0.0,0.0
2015-07-30 00:00:00+09:00,1064.682921853806,1077.2086032873801,1050.3678573582924,1071.8404541015625,7096500,0.0,0.0
2015-07-31 00:00:00+09:00,1091.5238883161626,1093.3132717396315,1053.946836423311,1061.1043701171875,5982500,0.0,0.0
2015-08-03 00:00:00+09:00,1053.9466699136271,1064.682968758248,1044.9997542097763,1059.3148193359375,3743000,0.0,0.0
2015-08-04 00:00:00+09:00,1050.3680106974216,1062.8936939595712,1050.3680106974216,1053.94677734375,3466000,0.0,0.0
2015-08-05 00:00:00+09:00,1052.1568770820115,1064.6825541901305,1044.9993473059433,1057.5250244140625,3223000,0.0,0.0
2015-08-06 00:00:00+09:00,1066.4722442883403,1068.2616272485557,1057.5253294872637,1064.682861328125,3504000,0.0,0.0
2015-08-07 00:00:00+09:00,1068.261428525784,1070.05081115313,1053.9463675070128,1066.4720458984375,3098000,0.0,0.0
2015-08-10 00:00:00+09:00,1059.3147274770067,1073.6297913618312,1055.7359615058006,1070.051025390625,2920500,0.0,0.0
2015-08-11 00:00:00+09:00,1071.84036249771,1082.5766599517772,1061.1040650436428,1068.2615966796875,3437500,0.0,0.0
2015-08-12 00:00:00+09:00,1061.1040956149516,1068.2616274572108,1037.8421171276086,1050.3677978515625,4151000,0.0,0.0
2015-08-13 00:00:00+09:00,1062.8936767578125,1066.4724433462227,1050.367993698377,1062.8936767578125,3237000,0.0,0.0
2015-08-14 00:00:00+09:00,1062.8935856174778,1064.682968758248,1053.9466699136271,1059.3148193359375,2524000,0.0,0.0
2015-08-17 00:00:00+09:00,1064.6830600520175,1070.0512099346329,1057.5255268751973,1062.8936767578125,1755000,0.0,0.0
2015-08-18 00:00:00+09:00,1061.1043701171875,1068.261903811064,1057.5256032702491,1061.1043701171875,1546500,0.0,0.0
2015-08-19 00:00:00+09:00,1059.3146664355802,1064.682815083058,1046.7889862581326,1048.578369140625,2448000,0.0,0.0
2015-08-20 00:00:00+09:00,1062.8934785755164,1062.8934785755164,1048.5784148909977,1050.3677978515625,2150500,0.0,0.0
2015-08-21 00:00:00+09:00,1032.4736902005643,1037.8418376366158,1018.1586303710938,1018.1586303710938,4304500,0.0,0.0
2015-08-24 00:00:00+09:00,1009.211742504223,1027.105567725929,989.5285347603462,993.1072998046875,7737000,0.0,0.0
2015-08-25 00:00:00+09:00,953.741227352258,1000.2651896621242,941.2155451919093,944.7943115234375,7915000,0.0,0.0
2015-08-26 00:00:00+09:00,941.2151768496411,993.1072683489559,941.2151768496411,989.5285034179688,6334500,0.0,0.0
2015-08-27 00:00:00+09:00,1000.2648479420943,1019.9480560411338,998.4754653876362,1005.6329956054688,3872000,0.0,0.0
2015-08-28 00:00:00+09:00,1027.1057285460897,1034.26325975547,1018.1588145343642,1032.473876953125,3442500,0.0,0.0
2015-08-31 00:00:00+09:00,1050.3680279875455,1052.1574113401648,1023.5272776982556,1044.9998779296875,4374500,0.0,0.0
2015-09-01 00:00:00+09:00,1034.2631164767988,1041.4206466946314,1005.6329956054688,1005.6329956054688,3474500,0.0,0.0
2015-09-02 00:00:00+09:00,989.5287932798751,1021.7376870936866,984.1606443109065,991.3181762695312,4127500,0.0,0.0
2015-09-03 00:00:00+09:00,1003.8438262939453,1018.1588897705078,993.1075286865234,1002.054443359375,4028500,0.0,0.0
2015-09-04 00:00:00+09:00,1019.9482881535856,1025.3164370386046,996.6863096518372,1007.422607421875,5139500,0.0,0.0
2015-09-07 00:00:00+09:00,1002.0542752124329,1009.2118057496647,984.1604488693538,1000.264892578125,3556500,0.0,0.0
2015-09-08 00:00:00+09:00,1011.0014712564493,1011.0014712564493,948.3730615325985,953.7412109375,5031000,0.0,0.0
2015-09-09 00:00:00+09:00,989.5285845474458,1016.3693237304688,977.0029062620351,1016.3693237304688,5740500,0.0,0.0
2015-09-10 00:00:00+09:00,980.5818783315941,994.8969422488437,968.0561974040008,991.3181762695312,3842000,0.0,0.0
2015-09-11 00:00:00+09:00,987.7394849807821,1012.7908487302948,985.9501018558169,1003.8439331054688,10729500,0.0,0.0
2015-09-14 00:00:00+09:00,1034.2631995616393,1062.8933227328957,1027.1056687688254,1039.63134765625,7236500,0.0,0.0
2015-09-15 00:00:00+09:00,1052.1571808121273,1057.5253296938217,1039.6315000881734,1050.3677978515625,5100000,0.0,0.0
2015-09-16 00:00:00+09:00,1064.6828760329647,1095.1023867767635,1059.3147270781765,1084.3660888671875,7902500,0.0,0.0
2015-09-17 00:00:00+09:00,1086.1552734375,1096.8915693858114,1071.8402121730849,1086.1552734375,4692000,0.0,0.0
2015-09-18 00:00:00+09:00,1082.57664474538,1089.7341762808867,1075.4191132098733,1077.20849609375,4850500,0.0,0.0
2015-09-24 00:00:00+09:00,1059.3145153890518,1093.312785308633,1057.5251327617057,1066.4720458984375,3868000,0.0,0.0
2015-09-25 00:00:00+09:00,1078.9978340036178,1089.734130859375,1070.0509199571532,1089.734130859375,4651000,0.0,0.0
2015-09-28 00:00:00+09:00,1098.7252951990722,1123.900670211817,1091.5323309097166,1102.32177734375,4869000,6.0,0.0
2015-09-29 00:00:00+09:00,1084.3395357572117,1087.936018462874,1048.3747087005877,1051.97119140625,6896000,0.0,0.0
2015-09-30 00:00:00+09:00,1086.1376433158277,1086.1376433158277,1062.760508608699,1080.742919921875,4699000,0.0,0.0
2015-10-01 00:00:00+09:00,1093.3305078125,1093.3305078125,1068.1551342773437,1078.944580078125,5572000,0.0,0.0
2015-10-02 00:00:00+09:00,1051.9710927466824,1064.5587810359589,1042.9798868257706,1050.1728515625,5063000,0.0,0.0
2015-10-05 00:00:00+09:00,1069.9534380416496,1107.7165005607667,1062.760473752294,1102.32177734375,7074500,0.0,0.0
2015-10-06 00:00:00+09:00,1123.9005523977928,1129.2952750493023,1104.1199026755917,1111.3128662109375,5531000,0.0,0.0
2015-10-07 00:00:00+09:00,1122.102429139478,1122.102429139478,1086.1376076927,1102.32177734375,5042500,0.0,0.0
2015-10-08 00:00:00+09:00,1093.3307711693549,1095.1290125693045,1050.1729775705644,1059.1641845703125,7386500,0.0,0.0
2015-10-09 00:00:00+09:00,1060.9620917731802,1069.9532959407495,1033.9884792704722,1037.5849609375,12270500,0.0,0.0
2015-10-13 00:00:00+09:00,1026.795808358028,1051.971187196929,1024.9975670123922,1042.97998046875,5932500,0.0,0.0
2015-10-14 00:00:00+09:00,1039.383277589999,1048.374482413442,1032.1903137312447,1041.1815185546875,4409000,0.0,0.0
2015-10-15 00:00:00+09:00,1030.3923682971545,1059.1642319843352,1026.795885336257,1055.5677490234375,3423500,0.0,0.0
2015-10-16 00:00:00+09:00,1066.356844719839,1068.1550856046956,1037.584990562137,1044.7779541015625,4660000,0.0,0.0
2015-10-19 00:00:00+09:00,1048.3747361706148,1068.1553915700604,1044.7782533707157,1059.1641845703125,4211000,0.0,0.0
2015-10-20 00:00:00+09:00,1075.3482431656928,1082.5412080029216,1068.1552783284642,1077.146484375,4124000,0.0,0.0
2015-10-21 00:00:00+09:00,1080.742902023592,1096.9270719374229,1075.3481787189817,1091.5323486328125,4926000,0.0,0.0
2015-10-22 00:00:00+09:00,1096.92724609375,1107.7166944159835,1089.7342805455942,1096.92724609375,3761500,0.0,0.0
2015-10-23 00:00:00+09:00,1105.9182538484272,1105.9182538484272,1089.7340842799138,1093.33056640625,5627000,0.0,0.0
2015-10-26 00:00:00+09:00,1100.5235072544644,1102.32174827939,1084.339338030134,1095.1287841796875,3601000,0.0,0.0
2015-10-27 00:00:00+09:00,1098.725272014009,1107.7164771859732,1089.734066842045,1104.1199951171875,4322500,0.0,0.0
2015-10-28 00:00:00+09:00,1111.3131928943453,1134.6903312562004,1109.514951481895,1132.89208984375,7577500,0.0,0.0
2015-10-29 00:00:00+09:00,1123.9007101104592,1136.4883980636962,1114.9095044295755,1127.4971923828125,3155500,0.0,0.0
2015-10-30 00:00:00+09:00,1055.5675718701575,1095.1288778005553,1042.9798836195764,1087.9359130859375,9756000,0.0,0.0
2015-11-02 00:00:00+09:00,1089.7344412843856,1093.3309245889545,1062.7608165001186,1066.3572998046875,4610500,0.0,0.0
2015-11-04 00:00:00+09:00,1077.1466431503034,1078.9448846246778,1042.9800551371886,1046.5765380859375,6770000,0.0,0.0
2015-11-05 00:00:00+09:00,1044.778296611563,1055.56774545781,1035.7870892396907,1046.5765380859375,4078000,0.0,0.0
2015-11-06 00:00:00+09:00,1048.3745175316221,1059.1639636811756,1041.1815534319196,1057.36572265625,3410500,0.0,0.0
2015-11-09 00:00:00+09:00,1060.9622802734375,1069.9534860384665,1050.1728333554024,1060.9622802734375,4173000,0.0,0.0
2015-11-10 00:00:00+09:00,1053.7695075429888,1060.962473464784,1046.5765416211937,1055.5677490234375,3702000,0.0,0.0
2015-11-11 00:00:00+09:00,1060.9621414082162,1075.3480687493447,1057.3656595729342,1071.7515869140625,3013000,0.0,0.0
2015-11-12 00:00:00+09:00,1068.155232002652,1084.3394021845102,1066.3569908713341,1080.742919921875,3742000,0.0,0.0
2015-11-13 00:00:00+09:00,1082.5411895499742,1096.9271189792096,1071.7517424780474,1087.9359130859375,5903500,0.0,0.0
2015-11-16 00:00:00+09:00,1069.9533459964216,1077.1463096669856,1060.9621414082162,1071.7515869140625,2905000,0.0,0.0
2015-11-17 00:00:00+09:00,1078.9446323072139,1089.7340786302861,1069.9534270379872,1084.33935546875,4361000,0.0,0.0
2015-11-18 00:00:00+09:00,1093.3305897343494,1098.7253130389597,1089.7341075312759,1091.5323486328125,3418500,0.0,0.0
2015-11-19 00:00:00+09:00,1102.322169868061,1114.9098618567666,1095.1292030173722,1109.51513671875,4954000,0.0,0.0
2015-11-20 00:00:00+09:00,1109.51513671875,1113.1116201440943,1095.1292030173722,1109.51513671875,3256500,0.0,0.0
2015-11-24 00:00:00+09:00,1100.5234899009147,1113.1111768769056,1095.1287669112044,1105.918212890625,2931500,0.0,0.0
2015-11-25 00:00:00+09:00,1104.1200363435698,1104.1200363435698,1086.1376253282024,1091.5323486328125,3099500,0.0,0.0
2015-11-26 00:00:00+09:00,1102.3217952420332,1104.1200363435698,1091.5323486328125,1091.5323486328125,2300500,0.0,0.0
2015-11-27 00:00:00+09:00,1091.5323196841314,1095.128801791822,1078.9446323072139,1084.33935546875,3250000,0.0,0.0
2015-11-30 00:00:00+09:00,1082.5410620117189,1086.1375439453125,1069.9533752441407,1078.944580078125,3399000,0.0,0.0
2015-12-01 00:00:00+09:00,1078.9446840191831,1095.128854279471,1071.7517194590553,1089.734130859375,3236500,0.0,0.0
2015-12-02 00:00:00+09:00,1084.3395563844774,1098.7254874807888,1080.7430736103995,1096.92724609375,2168000,0.0,0.0
2015-12-03 00:00:00+09:00,1087.9360391585553,1100.523728867828,1087.9360391585553,1096.92724609375,2933500,0.0,0.0
2015-12-04 00:00:00+09:00,1084.3393029785157,1093.3305078125,1073.5498571777343,1078.944580078125,3321500,0.0,0.0
2015-12-07 00:00:00+09:00,1096.9271189792096,1098.725360157864,1086.137671907283,1087.9359130859375,2240500,0.0,0.0
2015-12-08 00:00:00+09:00,1084.339407439279,1098.725336559535,1082.5411662992472,1089.734130859375,3822500,0.0,0.0
2015-12-09 00:00:00+09:00,1091.5322962880923,1102.3217423799022,1084.3393322268857,1086.1375732421875,5446500,0.0,0.0
2015-12-10 00:00:00+09:00,1080.7429483713197,1091.5323954432463,1075.3482248353564,1087.9359130859375,3671500,0.0,0.0
2015-12-11 00:00:00+09:00,1086.1376485793112,1100.5235776995669,1084.339407439279,1089.734130859375,8635500,0.0,0.0
2015-12-14 00:00:00+09:00,1077.14645065049,1084.3394152625133,1055.56755681442,1060.9622802734375,5235000,0.0,0.0
2015-12-15 00:00:00+09:00,1062.7605398517767,1071.7517457726883,1050.1728515625,1050.1728515625,4354500,0.0,0.0
2015-12-16 00:00:00+09:00,1064.5586232434985,1071.7515869140625,1050.17269590237,1071.7515869140625,4165500,0.0,0.0
2015-12-17 00:00:00+09:00,1093.330613139439,1095.128854279471,1084.339407439279,1089.734130859375,5501000,0.0,0.0
2015-12-18 00:00:00+09:00,1087.935755172832,1125.698814443294,1069.9533459964216,1071.7515869140625,7951000,0.0,0.0
2015-12-21 00:00:00+09:00,1064.5589564256816,1068.155439386579,1035.7870927385009,1055.5677490234375,5003000,0.0,0.0
2015-12-22 00:00:00+09:00,1060.962473464784,1068.155439386579,1048.3747831016424,1055.5677490234375,2533500,0.0,0.0
2015-12-24 00:00:00+09:00,1069.9536006532867,1069.9536006532867,1041.181739123114,1042.97998046875,2577000,0.0,0.0
2015-12-25 00:00:00+09:00,1042.97998046875,1042.97998046875,1042.97998046875,1042.97998046875,0,0.0,0.0
2015-12-28 00:00:00+09:00,1042.9797132167062,1048.3744358712752,1035.7867496772806,1044.7779541015625,1615500,0.0,0.0
2015-12-29 00:00:00+09:00,1048.3747087005877,1053.7694327590812,1039.3835019364317,1051.97119140625,1806000,0.0,0.0
2015-12-30 00:00:00+09:00,1059.1639636811756,1059.1639636811756,1048.3745175316221,1057.36572265625,1908000,0.0,0.0
2016-01-04 00:00:00+09:00,1042.979900366765,1055.5675888194671,1026.7957294990047,1030.3922119140625,4254000,0.0,0.0
2016-01-05 00:00:00+09:00,1030.3919976034447,1046.5761651050693,1024.997275102903,1037.5849609375,3219000,0.0,0.0
2016-01-06 00:00:00+09:00,1032.1903013956778,1041.1815061116679,1019.6026147932914,1023.1990966796875,3997500,0.0,0.0
2016-01-07 00:00:00+09:00,1024.9974076233989,1033.9886129534286,1014.2079612273631,1017.804443359375,3611000,0.0,0.0
2016-01-08 00:00:00+09:00,999.8222758866024,1041.1818304646454,998.0240343832093,1026.7958984375,9022500,0.0,0.0
2016-01-12 00:00:00+09:00,1010.6114442780801,1023.1991313064548,998.0237572497055,1001.6202392578125,5383000,0.0,0.0
2016-01-13 00:00:00+09:00,1016.0063561480978,1035.7870108695652,1008.8133907948369,1033.98876953125,4494000,0.0,0.0
2016-01-14 00:00:00+09:00,1012.409912109375,1014.2081535163188,989.0327738191053,1012.409912109375,5532000,0.0,0.0
2016-01-15 00:00:00+09:00,1028.5938897554108,1037.5850950854406,1014.2079612273631,1017.804443359375,5324000,0.0,0.0
2016-01-18 00:00:00+09:00,1003.4185324532646,1012.409737941197,983.637880379813,1007.0150146484375,4060500,0.0,0.0
2016-01-19 00:00:00+09:00,1005.2166057328736,1016.0060505171264,996.2254017459965,1010.611328125,3739500,0.0,0.0
2016-01-20 00:00:00+09:00,1014.2080348391374,1014.2080348391374,972.8484873191018,974.646728515625,4975500,0.0,0.0
2016-01-21 00:00:00+09:00,978.24336011482,992.6292918812144,945.8750136404326,949.4714965820312,5922000,0.0,0.0
2016-01-22 00:00:00+09:00,980.0412729624156,1001.620163376267,963.8571051520271,998.023681640625,5027000,0.0,0.0
2016-01-25 00:00:00+09:00,1007.0150002100135,1012.4097234254243,989.0325894919775,1003.4185180664062,3578500,0.0,0.0
2016-01-26 00:00:00+09:00,989.0325085870151,999.821954135237,981.8395448882004,990.8307495117188,4385000,0.0,0.0
2016-01-27 00:00:00+09:00,999.8221387930796,1017.8045513613005,994.4274150226133,1014.2080688476562,4007500,0.0,0.0
2016-01-28 00:00:00+09:00,1003.4186213067237,1019.6027926181225,996.2256562794354,1014.2080688476562,3470500,0.0,0.0
2016-01-29 00:00:00+09:00,1017.8045974864131,1042.979976222826,994.4274600883152,1033.98876953125,7746500,0.0,0.0
2016-02-01 00:00:00+09:00,1033.9886349622707,1060.962251526504,1030.3921527537063,1053.769287109375,5744500,0.0,0.0
2016-02-02 00:00:00+09:00,1035.7867909663864,1078.9445739233192,1035.7867909663864,1069.953369140625,4600500,0.0,0.0
2016-02-03 00:00:00+09:00,1120.3043725741938,1127.4973380481854,1104.1202002577127,1125.6990966796875,10172000,0.0,0.0
2016-02-04 00:00:00+09:00,1116.7077170382724,1131.0936457601827,1114.9094759480338,1120.30419921875,5768000,0.0,0.0
2016-02-05 00:00:00+09:00,1104.1201920942826,1114.9096402254972,1089.7342612526634,1107.7166748046875,4466500,0.0,0.0
2016-02-08 00:00:00+09:00,1098.725329040331,1122.1024637007636,1089.734123401703,1118.5059814453125,5092500,0.0,0.0
2016-02-09 00:00:00+09:00,1078.9447346028087,1082.5412170514849,1044.7781513403866,1048.3746337890625,7643500,0.0,0.0
2016-02-10 00:00:00+09:00,1051.9710384959906,1053.7692795874368,1001.6202879354987,1021.4009399414062,9744500,0.0,0.0
2016-02-12 00:00:00+09:00,996.2253806272852,1005.2165844235603,962.0588062014397,983.6376953125,8943000,0.0,0.0
2016-02-15 00:00:00+09:00,1001.6204335269765,1064.5588808760685,1001.6204335269765,1051.97119140625,5982500,0.0,0.0
2016-02-16 00:00:00+09:00,1033.9888644510727,1046.5765549748248,1023.1994154307137,1026.7958984375,5158500,0.0,0.0
2016-02-17 00:00:00+09:00,1014.2079644972279,1028.5938930716566,985.4361073483703,1003.4185180664062,6189500,0.0,0.0
2016-02-18 00:00:00+09:00,1021.4007729092526,1026.795495301379,1005.2166057328736,1010.611328125,5010500,0.0,0.0
2016-02-19 00:00:00+09:00,1001.6200869458493,1003.4183276764522,978.2429574480109,994.4271240234375,4809000,0.0,0.0
2016-02-22 00:00:00+09:00,983.6377161643684,1017.8042913145018,981.8394753669929,1010.611328125,5668500,0.0,0.0
2016-02-23 00:00:00+09:00,1023.1991313064548,1030.3920953226689,994.4272752415984,1001.6202392578125,4127000,0.0,0.0
2016-02-24 00:00:00+09:00,994.4273127073883,1017.8044466408351,994.4273127073883,1003.4185180664062,2854000,0.0,0.0
2016-02-25 00:00:00+09:00,1014.208167260094,1023.1993744166551,1008.8134429661574,1016.0064086914062,5339000,0.0,0.0
2016-02-26 00:00:00+09:00,1028.5941399408932,1044.7783134714316,1024.9976569341068,1026.7958984375,4645000,0.0,0.0
2016-02-29 00:00:00+09:00,1026.7958572792795,1035.7870644358406,1014.208167260094,1016.0064086914062,4939000,0.0,0.0
2016-03-01 00:00:00+09:00,1010.6116707024312,1023.199360551038,1001.620463667712,1012.409912109375,4307000,0.0,0.0
2016-03-02 00:00:00+09:00,1037.5851097644215,1037.5851097644215,1016.0062166670679,1021.4009399414062,4924500,0.0,0.0
2016-03-03 00:00:00+09:00,1017.8046638179287,1030.3923540064898,1010.6116979958939,1019.6029052734375,3773500,0.0,0.0
2016-03-04 00:00:00+09:00,1012.4095689223755,1016.0060505171264,996.2254017459965,1010.611328125,3614000,0.0,0.0
2016-03-07 00:00:00+09:00,1008.8131268475507,1008.8131268475507,990.8307181693413,998.023681640625,4408500,0.0,0.0
2016-03-08 00:00:00+09:00,985.4359203704227,998.0236054846434,958.4623094113782,994.4271240234375,8740000,0.0,0.0
2016-03-09 00:00:00+09:00,990.8308572404372,999.82206284153,981.8396516393443,987.234375,5354000,0.0,0.0
2016-03-10 00:00:00+09:00,1001.620163376267,1007.0148859797298,992.6289590371622,998.023681640625,3077000,0.0,0.0
2016-03-11 00:00:00+09:00,980.0414105191257,992.6290983606558,974.64668715847,987.234375,10520500,0.0,0.0
2016-03-14 00:00:00+09:00,1001.6204320583962,1003.4186734085908,985.4362599066448,996.2257080078125,3434000,0.0,0.0
2016-03-15 00:00:00+09:00,999.821954135237,1001.6201950599407,985.4360267376077,990.8307495117188,3546000,0.0,0.0
2016-03-16 00:00:00+09:00,987.2346957638968,1005.2171128087764,985.4364540594088,999.8223876953125,4127000,0.0,0.0
2016-03-17 00:00:00+09:00,1005.2169007011081,1014.2081073263416,990.8309701007345,992.6292114257812,3672000,0.0,0.0
2016-03-18 00:00:00+09:00,994.4273816773813,996.2256228739045,972.8484873191018,974.646728515625,3444500,0.0,0.0
2016-03-22 00:00:00+09:00,983.6380185564502,1001.6204320583962,981.8397772062556,996.2257080078125,3042500,0.0,0.0
2016-03-23 00:00:00+09:00,998.023949358007,999.8221907082017,987.2345012568394,996.2257080078125,2221000,0.0,0.0
2016-03-24 00:00:00+09:00,996.2257663518243,1026.7958710954722,992.6292834408068,1019.6029052734375,5215000,0.0,0.0
2016-03-25 00:00:00+09:00,1023.1992751317667,1028.593998902233,1012.4098275908342,1014.2080688476562,2495500,0.0,0.0
2016-03-28 00:00:00+09:00,1024.9974076233989,1026.7956486894047,1012.4097201613571,1017.804443359375,2560500,0.0,0.0
2016-03-29 00:00:00+09:00,1025.0486669241343,1043.1590673998257,1021.426586828996,1039.5369873046875,4039500,8.0,0.0
2016-03-30 00:00:00+09:00,1044.9701074473949,1057.647387780379,1037.7259472571184,1039.5369873046875,3505000,0.0,0.0
2016-03-31 00:00:00+09:00,1050.4035234029316,1050.4035234029316,1023.2379150390625,1023.2379150390625,3698500,0.0,0.0
2016-04-01 00:00:00+09:00,1023.2377266453491,1028.6708473178023,999.6942037313853,1003.3162841796875,4699000,0.0,0.0
2016-04-04 00:00:00+09:00,1001.5053100585938,1019.6157134954581,997.883229371221,1001.5053100585938,4434500,0.0,0.0
2016-04-05 00:00:00+09:00,1008.7492311155642,1010.5602710278004,972.5284328708401,976.1505126953125,3963000,0.0,0.0
2016-04-06 00:00:00+09:00,972.5283954063159,976.1504750912555,948.9848774542077,967.0952758789062,3987000,0.0,0.0
2016-04-07 00:00:00+09:00,970.7173650067551,979.7725643071913,950.7959265457956,963.4732055664062,3785000,0.0,0.0
2016-04-08 00:00:00+09:00,958.0401276545738,981.5836468596956,954.4180477768627,970.7174072265625,4704500,0.0,0.0
2016-04-11 00:00:00+09:00,972.528447165418,976.150527043129,959.8511675934293,970.7174072265625,3107000,0.0,0.0
2016-04-12 00:00:00+09:00,974.3396657592092,981.5838268429208,967.0955046754976,972.5286254882812,2856000,0.0,0.0
2016-04-13 00:00:00+09:00,983.3948014692827,999.6941628196023,981.5837613192472,996.0720825195312,3290500,0.0,0.0
2016-04-14 00:00:00+09:00,1006.938203750556,1019.6154832941781,1001.5050839461466,1017.804443359375,4230500,0.0,0.0
2016-04-15 00:00:00+09:00,1015.9933332078001,1023.2374924463584,1008.7491739692418,1021.4264526367188,2875500,0.0,0.0
2016-04-18 00:00:00+09:00,1003.3161153637562,1010.5602750414729,996.0719556860396,997.8829956054688,3354000,0.0,0.0
2016-04-19 00:00:00+09:00,1019.61583392388,1026.859996154245,1014.1827122511063,1023.2379150390625,3539000,0.0,0.0
2016-04-20 00:00:00+09:00,1032.2927293291411,1035.9148090811732,1023.2375299490608,1030.481689453125,3699000,0.0,0.0
2016-04-21 00:00:00+09:00,1052.214577907986,1064.8918619791666,1043.159375,1059.458740234375,4905000,0.0,0.0
2016-04-22 00:00:00+09:00,1057.6475571015492,1066.7027587890625,1043.159234401528,1066.7027587890625,6653500,0.0,0.0
2016-04-25 00:00:00+09:00,1061.2695412831763,1063.0805814560144,1050.4033002461472,1057.6474609375,3640000,0.0,0.0
2016-04-26 00:00:00+09:00,1061.2696172961898,1077.568980019169,1055.8364963885303,1073.9468994140625,4529000,0.0,0.0
2016-04-27 00:00:00+09:00,1070.32470703125,1077.5688674849303,1059.4584663507296,1070.32470703125,5182000,0.0,0.0
2016-04-28 00:00:00+09:00,1081.1909083987778,1095.679228779331,1034.1038671619801,1039.5369873046875,7081500,0.0,0.0
2016-05-02 00:00:00+09:00,1006.9382084865196,1021.4265280330883,1006.9382084865196,1015.993408203125,3986000,0.0,0.0
2016-05-06 00:00:00+09:00,1010.5600629768851,1019.6152606738106,999.6938257405744,1008.7490234375,4688000,0.0,0.0
2016-05-09 00:00:00+09:00,1025.0487060546875,1037.7259868716183,1023.237665937983,1025.0487060546875,2761500,0.0,0.0
2016-05-10 00:00:00+09:00,1019.6156615149456,1050.4033457880435,1019.6156615149456,1041.34814453125,4942500,0.0,0.0
2016-05-11 00:00:00+09:00,1006.9382372606982,1026.8596772065034,1005.127197265625,1005.127197265625,5413500,0.0,0.0
2016-05-12 00:00:00+09:00,1001.5052439555363,1006.9383646279896,990.63900261063,1003.3162841796875,3340000,0.0,0.0
2016-05-13 00:00:00+09:00,1015.9936171058271,1017.8046574215238,999.6942542645571,1006.9384155273438,4807000,0.0,0.0
2016-05-16 00:00:00+09:00,1012.3715521207124,1014.1825924643988,996.0721890275345,1001.5053100585938,2469500,0.0,0.0
2016-05-17 00:00:00+09:00,1006.9384155273438,1010.5604961587371,1001.5052945802538,1006.9384155273438,3373000,0.0,0.0
2016-05-18 00:00:00+09:00,1008.7492772557714,1012.3713572459178,996.071997290259,1005.127197265625,4172500,0.0,0.0
2016-05-19 00:00:00+09:00,1006.9379838981148,1012.3711025162702,999.6938257405744,1008.7490234375,4144500,0.0,0.0
2016-05-20 00:00:00+09:00,1012.371525493421,1037.7260896381579,1010.5604851973684,1032.29296875,4200500,0.0,0.0
2016-05-23 00:00:00+09:00,1026.859996154245,1028.6710367118362,1014.1827122511063,1023.2379150390625,2783000,0.0,0.0
2016-05-24 00:00:00+09:00,1023.237665937983,1030.4818264048006,1017.8045455878698,1025.0487060546875,3114000,0.0,0.0
2016-05-25 00:00:00+09:00,1025.0483792919658,1030.481497910121,1003.3159048193446,1008.7490234375,4251000,0.0,0.0
2016-05-26 00:00:00+09:00,1014.1823167067307,1017.8043964092548,988.8277587890625,988.8277587890625,5093000,0.0,0.0
2016-05-27 00:00:00+09:00,1003.3164168648098,1005.1274573284647,996.0722550101902,999.6943359375,2218000,0.0,0.0
2016-05-30 00:00:00+09:00,1015.9934178115218,1017.8044577719701,1005.1271780488316,1012.371337890625,1974500,0.0,0.0
2016-05-31 00:00:00+09:00,1021.4267168378497,1046.7812807309879,1015.9935960036058,1035.9150390625,13117000,0.0,0.0
2016-06-01 00:00:00+09:00,1032.2926914945563,1044.9699701620332,1015.9933332078001,1021.4264526367188,3850000,0.0,0.0
2016-06-02 00:00:00+09:00,1008.7492772557714,1015.9934372360641,997.8830372853322,1005.127197265625,2923500,0.0,0.0
2016-06-03 00:00:00+09:00,1005.1273907459666,1008.7494714333395,997.883229371221,1001.5053100585938,2068500,0.0,0.0
2016-06-06 00:00:00+09:00,979.7724945235732,999.6939315656422,979.7724945235732,990.6387329101562,2564000,0.0,0.0
2016-06-07 00:00:00+09:00,990.6387329101562,996.0718521034478,985.2056137168647,990.6387329101562,2849500,0.0,0.0
2016-06-08 00:00:00+09:00,990.6390329625485,999.6942343607436,981.5838315643533,992.4500732421875,3458000,0.0,0.0
2016-06-09 00:00:00+09:00,981.5838268429208,987.0169476557045,968.9065449464255,972.5286254882812,3835000,0.0,0.0
2016-06-10 00:00:00+09:00,941.7407504521466,954.4180297851562,936.3076307379996,954.4180297851562,10171500,0.0,0.0
2016-06-13 00:00:00+09:00,938.118752632889,943.5518728218826,923.6304321289062,923.6304321289062,3925500,0.0,0.0
2016-06-14 00:00:00+09:00,927.2524801587301,930.8745601593502,909.14208015563,912.76416015625,4013500,0.0,0.0
2016-06-15 00:00:00+09:00,905.5200001550099,920.0083201574901,902.8034401545449,912.76416015625,3191000,0.0,0.0
2016-06-16 00:00:00+09:00,909.1421470836518,914.5752674845502,887.4096654800586,888.315185546875,3892000,0.0,0.0
2016-06-17 00:00:00+09:00,896.46484375,907.3310842803031,892.8427635732323,896.46484375,4916000,0.0,0.0
2016-06-20 00:00:00+09:00,905.5200001550099,920.0083201574901,905.5200001550099,912.76416015625,4328500,0.0,0.0
2016-06-21 00:00:00+09:00,905.5201766514542,920.0084994778775,897.3704950615911,914.5753784179688,2585500,0.0,0.0
2016-06-22 00:00:00+09:00,909.1421459038736,916.3863064290041,897.3703850505366,910.9531860351562,2495500,0.0,0.0
2016-06-23 00:00:00+09:00,920.0083917260645,921.8194318672575,905.5200705965202,909.1421508789062,1637000,0.0,0.0
2016-06-24 00:00:00+09:00,912.7643296466948,916.386410319896,828.5509539947676,832.1730346679688,7411000,0.0,0.0
2016-06-27 00:00:00+09:00,836.7004815463363,867.4881616032361,834.8894415429892,866.5826416015625,5263000,0.0,0.0
2016-06-28 00:00:00+09:00,851.1888015731126,875.6378416182978,837.6060015480098,866.5826416015625,3928000,0.0,0.0
2016-06-29 00:00:00+09:00,877.4488573360344,883.7874971723112,866.5826176167027,875.6378173828125,3867500,0.0,0.0
2016-06-30 00:00:00+09:00,874.7324829101562,888.315285439817,872.015922404224,874.7324829101562,5582000,0.0,0.0
2016-07-01 00:00:00+09:00,883.7875220770749,893.7482421004845,879.2599220664341,889.2206420898438,2810000,0.0,0.0
2016-07-04 00:00:00+09:00,884.6931003326075,892.8427808883838,881.0710200855958,890.126220703125,1886500,0.0,0.0
2016-07-05 00:00:00+09:00,885.598603219697,900.0869239267677,885.598603219697,896.46484375,2874000,0.0,0.0
2016-07-06 00:00:00+09:00,883.787717102738,890.1263585163847,874.7325150832428,884.6932373046875,4341000,0.0,0.0
2016-07-07 00:00:00+09:00,876.5432856511228,882.881925113476,871.1101661119629,872.0156860351562,3294500,0.0,0.0
2016-07-08 00:00:00+09:00,869.2993551587301,880.1655970982142,855.716552734375,855.716552734375,6962500,0.0,0.0
2016-07-11 00:00:00+09:00,855.716552734375,855.716552734375,855.716552734375,855.716552734375,0,0.0,0.0
2016-07-12 00:00:00+09:00,905.5200363189158,927.2525171905697,904.6145162825968,921.8193969726562,4346000,0.0,0.0
2016-07-13 00:00:00+09:00,936.307636223806,939.929716054459,923.6303568165205,929.0634765625,4056500,0.0,0.0
2016-07-14 00:00:00+09:00,923.6304633561955,939.929824474246,920.0083831077397,934.4967041015625,3091500,0.0,0.0
2016-07-15 00:00:00+09:00,936.3077846737359,938.1188248761996,914.5753022441714,920.0084228515625,4068000,0.0,0.0
2016-07-19 00:00:00+09:00,934.4965954914746,956.2290744563926,927.252435836502,952.6069946289062,3628000,0.0,0.0
2016-07-20 00:00:00+09:00,945.3629915916314,961.662353515625,943.5519513778543,961.662353515625,4210500,0.0,0.0
2016-07-21 00:00:00+09:00,968.9063962540536,972.52847624005,956.229116303066,959.8511962890625,3526500,0.0,0.0
2016-07-22 00:00:00+09:00,956.229248046875,958.040288289388,947.1740468343098,956.229248046875,2758500,0.0,0.0
2016-07-25 00:00:00+09:00,952.6070852426382,958.040205500676,941.7408447265625,941.7408447265625,2191000,0.0,0.0
2016-07-26 00:00:00+09:00,932.6856491882677,945.3629298568461,930.8746090927565,939.9298095703125,2967000,0.0,0.0
2016-07-27 00:00:00+09:00,947.1739699523573,958.0402105254245,938.1187694748013,939.9298095703125,3825500,0.0,0.0
2016-07-28 00:00:00+09:00,925.441472191904,927.252512254902,910.9531516879213,923.6304321289062,2981000,0.0,0.0
2016-07-29 00:00:00+09:00,907.3310667512001,932.6856274987387,905.5200266978045,925.4414672851562,6349000,0.0,0.0
2016-08-01 00:00:00+09:00,914.5752578823893,936.3077392578125,909.1421375385336,936.3077392578125,3263000,0.0,0.0
2016-08-02 00:00:00+09:00,920.0083326050279,936.3076928283454,920.0083326050279,930.8745727539062,1812500,0.0,0.0
2016-08-03 00:00:00+09:00,896.4646515568018,912.7640088578345,896.4646515568018,900.0867309570312,4374500,0.0,0.0
2016-08-04 00:00:00+09:00,903.7090107914016,916.3862915039062,892.8427701806834,916.3862915039062,3972500,0.0,0.0
2016-08-05 00:00:00+09:00,968.9063251466679,974.3394447269296,952.6069664058829,963.4732055664062,5628000,0.0,0.0
2016-08-08 00:00:00+09:00,963.473330811958,965.2843709074692,936.3077293792901,939.9298095703125,3553500,0.0,0.0
2016-08-09 00:00:00+09:00,938.1186894549922,948.9849291011891,929.0634897498282,947.1738891601562,2758000,0.0,0.0
2016-08-10 00:00:00+09:00,932.6856849029773,950.7960865515788,932.6856849029773,948.9850463867188,2660500,0.0,0.0
2016-08-12 00:00:00+09:00,961.6622362820607,963.4732762750589,950.7959963240713,959.8511962890625,3580000,0.0,0.0
2016-08-15 00:00:00+09:00,956.2290368240871,968.9063157213761,952.6069571391474,967.0952758789062,1924500,0.0,0.0
2016-08-16 00:00:00+09:00,968.9063490228815,968.9063490228815,950.7959499757249,954.4180297851562,3057000,0.0,0.0
2016-08-17 00:00:00+09:00,961.6622583325467,979.7726586777924,954.4180981944485,974.3395385742188,3739000,0.0,0.0
2016-08-18 00:00:00+09:00,983.3948879564009,983.3948879564009,959.8513639353453,965.2844848632812,3774000,0.0,0.0
2016-08-19 00:00:00+09:00,974.3396350120645,976.1506752258416,958.0402730880709,961.662353515625,3034500,0.0,0.0
2016-08-22 00:00:00+09:00,956.2290696898718,956.2290696898718,943.5517903568622,954.4180297851562,2711000,0.0,0.0
2016-08-23 00:00:00+09:00,950.7959499757249,963.4732293087345,948.9849100710093,954.4180297851562,2919000,0.0,0.0
2016-08-24 00:00:00+09:00,950.7961422371465,977.961746301065,950.7961422371465,972.5286254882812,3087000,0.0,0.0
2016-08-25 00:00:00+09:00,976.1506548444802,981.5837753723715,965.2844137886974,968.906494140625,4762500,0.0,0.0
2016-08-26 00:00:00+09:00,958.0402472110194,958.0402472110194,930.8746447381172,948.9850463867188,5398000,0.0,0.0
2016-08-29 00:00:00+09:00,967.0954539646613,976.1506548444802,963.4733736127337,968.906494140625,3301000,0.0,0.0
2016-08-30 00:00:00+09:00,967.0954539646613,970.7175343165889,959.8512932608061,968.906494140625,2401500,0.0,0.0
2016-08-31 00:00:00+09:00,970.7173929586039,979.7725925197849,961.6621933974229,976.1505126953125,2619500,0.0,0.0
2016-09-01 00:00:00+09:00,977.9616950204439,977.9616950204439,963.4733736127337,968.906494140625,3247000,0.0,0.0
2016-09-02 00:00:00+09:00,972.5286102294922,977.9617309570312,968.9065297444661,977.9617309570312,3046500,0.0,0.0
2016-09-05 00:00:00+09:00,990.6390126546223,992.4500528971354,974.3396504720051,977.9617309570312,1746500,0.0,0.0
2016-09-06 00:00:00+09:00,972.5284328708401,981.5836324320211,968.9063530463677,976.1505126953125,2934500,0.0,0.0
2016-09-07 00:00:00+09:00,968.9063672877069,974.3394871042735,959.8511675934293,970.7174072265625,3430000,0.0,0.0
2016-09-08 00:00:00+09:00,981.5836087395163,992.4498479506549,972.5284093969009,985.2056884765625,3505000,0.0,0.0
2016-09-09 00:00:00+09:00,985.2058557242991,985.2058557242991,963.4733736127337,968.906494140625,5617000,0.0,0.0
2016-09-12 00:00:00+09:00,965.2844492594401,967.0954895019531,950.7961273193359,956.229248046875,2057000,0.0,0.0
2016-09-13 00:00:00+09:00,956.2290461260573,967.0952852865806,954.4180062659701,963.4732055664062,2055000,0.0,0.0
2016-09-14 00:00:00+09:00,959.8511542838789,961.6621941976222,948.9849148014199,952.6069946289062,2348000,0.0,0.0
2016-09-15 00:00:00+09:00,945.3629963407185,947.1740365635934,936.3077952263437,938.1188354492188,2774000,0.0,0.0
2016-09-16 00:00:00+09:00,939.9298756720937,943.5519561178435,932.6857147805939,938.1188354492188,2549500,0.0,0.0
2016-09-20 00:00:00+09:00,932.6856394235095,947.1739600359135,930.874599346959,943.5518798828125,2946500,0.0,0.0
2016-09-21 00:00:00+09:00,930.874674557719,945.3629963407185,927.2525941119691,938.1188354492188,4601500,0.0,0.0
2016-09-23 00:00:00+09:00,916.3862670181782,934.4966675521342,916.3862670181782,925.4414672851562,4419500,0.0,0.0
2016-09-26 00:00:00+09:00,921.8195398311805,929.0637012443921,914.5753784179688,914.5753784179688,3589500,0.0,0.0
2016-09-27 00:00:00+09:00,907.3310763915536,925.4414771179319,905.5200363189158,921.8193969726562,3117500,0.0,0.0
2016-09-28 00:00:00+09:00,911.7897275894408,930.0255221412295,911.7897275894408,919.0840454101562,3979000,7.0,0.0
2016-09-29 00:00:00+09:00,924.5547396118877,940.9669539245249,924.5547396118877,935.4962158203125,2945500,0.0,0.0
2016-09-30 00:00:00+09:00,924.5547546022692,924.5547546022692,913.6132782164435,917.2604370117188,3661500,0.0,0.0
2016-10-03 00:00:00+09:00,920.9075289694281,930.025425295858,920.9075289694281,924.5546875,2202500,0.0,0.0
2016-10-04 00:00:00+09:00,928.2019013108106,935.4962188063769,924.5547425630275,931.8490600585938,1841000,0.0,0.0
2016-10-05 00:00:00+09:00,931.8491566575418,935.496315783403,922.7312588428888,926.37841796875,2744000,0.0,0.0
2016-10-06 00:00:00+09:00,939.1433396450309,944.6140775458757,931.8490224439045,940.9669189453125,2966500,0.0,0.0
2016-10-07 00:00:00+09:00,933.6726778656126,935.4962573145689,922.731201171875,922.731201171875,2786000,0.0,0.0
2016-10-11 00:00:00+09:00,922.7310712337494,937.3197047710419,920.9074920415878,933.6725463867188,2489000,0.0,0.0
2016-10-12 00:00:00+09:00,922.7312555051318,939.1434715121401,922.7312555051318,930.0255737304688,2171000,0.0,0.0
2016-10-13 00:00:00+09:00,940.9670120979976,951.908488982858,933.6726941747572,939.1434326171875,2842500,0.0,0.0
2016-10-14 00:00:00+09:00,935.4962736555673,948.2613300212378,933.6726941747572,939.1434326171875,4940000,0.0,0.0
2016-10-17 00:00:00+09:00,942.7905883789062,946.4377473281477,935.4962704804234,942.7905883789062,2226000,0.0,0.0
2016-10-18 00:00:00+09:00,937.319754732572,950.084809758113,935.4961754432092,948.26123046875,2580000,0.0,0.0
2016-10-19 00:00:00+09:00,951.9085589322176,964.6736162359064,948.2613997025923,962.8500366210938,2638000,0.0,0.0
2016-10-20 00:00:00+09:00,957.3791021751205,981.0856323242188,957.3791021751205,981.0856323242188,3510000,0.0,0.0
2016-10-21 00:00:00+09:00,982.9091529276833,982.9091529276833,970.1440989935576,977.4384155273438,3094000,0.0,0.0
2016-10-24 00:00:00+09:00,982.9092115664571,982.9092115664571,970.1441568707888,981.0856323242188,2663500,0.0,0.0
2016-10-25 00:00:00+09:00,988.3799411549287,993.850678836598,982.9092034732594,992.027099609375,2950000,0.0,0.0
2016-10-26 00:00:00+09:00,988.3799438476562,990.2035230798475,979.2620476866999,988.3799438476562,2247000,0.0,0.0
2016-10-27 00:00:00+09:00,982.9093306929976,990.2036485460069,981.0857512297454,984.73291015625,2398000,0.0,0.0
2016-10-28 00:00:00+09:00,992.0270140016233,992.0270140016233,973.7912233030642,982.9091186523438,3249000,0.0,0.0
2016-10-31 00:00:00+09:00,975.6148892223175,988.3799438476562,973.7913099901263,988.3799438476562,2767500,0.0,0.0
2016-11-01 00:00:00+09:00,979.2621972521366,990.2036743164062,977.438617741425,990.2036743164062,2098000,0.0,0.0
2016-11-02 00:00:00+09:00,992.0271077776487,997.4978455043637,975.6148945975037,981.0856323242188,3308000,0.0,0.0
2016-11-04 00:00:00+09:00,973.791529138661,982.9094273515698,962.8500512831704,979.2622680664062,2935500,0.0,0.0
2016-11-07 00:00:00+09:00,1012.086478656626,1035.7930087873217,999.3214239708668,1023.0279541015625,6915500,0.0,0.0
2016-11-08 00:00:00+09:00,1023.0280889749096,1023.0280889749096,997.4979762375679,1008.439453125,3686000,0.0,0.0
2016-11-09 00:00:00+09:00,1017.5573709422144,1021.2045299778497,948.2613492651461,951.9085083007812,6055000,0.0,0.0
2016-11-10 00:00:00+09:00,1001.145048606179,1006.6157865767045,988.3799933416193,1002.9686279296875,4551000,0.0,0.0
2016-11-11 00:00:00+09:00,1021.2043318670018,1021.2043318670018,988.3799069141339,997.497802734375,6009500,0.0,0.0
2016-11-14 00:00:00+09:00,1006.6159024565659,1019.3809591906165,1002.9687433896943,1010.2630615234375,3161000,0.0,0.0
2016-11-15 00:00:00+09:00,1015.733465786638,1019.3806236530173,999.321255387931,1004.7919921875,3213500,0.0,0.0
2016-11-16 00:00:00+09:00,1010.2629684860642,1019.3808653135558,1006.6158097550675,1012.0865478515625,3590000,0.0,0.0
2016-11-17 00:00:00+09:00,1006.6158736437613,1013.9101915687161,999.3215557188065,1008.439453125,3086500,0.0,0.0
2016-11-18 00:00:00+09:00,1006.615730704842,1008.4393099271334,995.6742553710938,995.6742553710938,5074500,0.0,0.0
2016-11-21 00:00:00+09:00,1001.1451605927173,1017.5573763401388,1001.1451605927173,1013.9102172851562,3382000,0.0,0.0
2016-11-22 00:00:00+09:00,1019.380795619917,1024.8515333423852,1006.6157409341578,1023.0279541015625,3021000,0.0,0.0
2016-11-24 00:00:00+09:00,1033.9695114350654,1043.0874083613005,1028.4987732793243,1035.7930908203125,3431000,0.0,0.0
2016-11-25 00:00:00+09:00,1030.3223876953125,1032.1459671425607,1021.2044904590707,1030.3223876953125,3711500,0.0,0.0
2016-11-28 00:00:00+09:00,1030.3222364060423,1039.4401323034408,1024.8514988676031,1028.4986572265625,2618000,0.0,0.0
2016-11-29 00:00:00+09:00,1026.675407503858,1039.4404658564815,1021.2046682098766,1033.9697265625,4125000,0.0,0.0
2016-11-30 00:00:00+09:00,1030.3223814738028,1041.2638580912237,1030.3223814738028,1037.61669921875,3543500,0.0,0.0
2016-12-01 00:00:00+09:00,1044.9109290025258,1050.3816668507066,1032.1458740234375,1032.1458740234375,3888500,0.0,0.0
2016-12-02 00:00:00+09:00,1024.851536076909,1028.498694568286,1012.08648135709,1019.3807983398438,3784500,0.0,0.0
2016-12-05 00:00:00+09:00,1030.3223836857037,1032.1459631258554,992.0272154425184,999.321533203125,4623500,0.0,0.0
2016-12-06 00:00:00+09:00,1002.9686920834284,1006.6158509637318,997.4979537629733,999.321533203125,3737000,0.0,0.0
2016-12-07 00:00:00+09:00,1006.6159414489413,1012.0866802611638,997.4980434285704,1001.1452026367188,2359000,0.0,0.0
2016-12-08 00:00:00+09:00,982.9093182417598,999.321533203125,964.673523840243,999.321533203125,5397000,0.0,0.0
2016-12-09 00:00:00+09:00,1012.0865478515625,1017.5572859480574,993.8507541965794,1012.0865478515625,9895000,0.0,0.0
2016-12-12 00:00:00+09:00,1021.2046682098766,1037.616886091821,1019.381088445216,1033.9697265625,4797000,0.0,0.0
2016-12-13 00:00:00+09:00,1037.6168356502758,1055.8526324103861,1035.7932559742646,1054.029052734375,4398500,0.0,0.0
2016-12-14 00:00:00+09:00,1057.67629039797,1070.441349075187,1055.852710586939,1066.794189453125,4271500,0.0,0.0
2016-12-15 00:00:00+09:00,1074.0881748265008,1077.735333314876,1057.6759616288123,1061.3231201171875,3325000,0.0,0.0
2016-12-16 00:00:00+09:00,1072.2647481038273,1072.2647481038273,1061.3232710823595,1063.1468505859375,3961000,0.0,0.0
2016-12-19 00:00:00+09:00,1055.8525325716257,1068.6175890966713,1054.0289530680477,1063.1468505859375,2436500,0.0,0.0
2016-12-20 00:00:00+09:00,1063.14698647164,1085.0299433115367,1059.4998269983241,1079.5592041015625,3744000,0.0,0.0
2016-12-21 00:00:00+09:00,1083.2062185570167,1083.2062185570167,1068.6175826168549,1070.441162109375,3620500,0.0,0.0
2016-12-22 00:00:00+09:00,1075.9119005869356,1077.735480079456,1064.9704236318144,1070.441162109375,3268000,0.0,0.0
2016-12-26 00:00:00+09:00,1063.1465476162462,1068.6172845679594,1059.4993896484375,1059.4993896484375,2769500,0.0,0.0
2016-12-27 00:00:00+09:00,1054.0289883317619,1064.9704657192888,1052.205408767174,1057.6761474609375,2884000,0.0,0.0
2016-12-28 00:00:00+09:00,1046.734555138482,1054.028872595893,1044.9109757741292,1050.3817138671875,2422000,0.0,0.0
2016-12-29 00:00:00+09:00,1039.4402786549867,1048.558175836171,1032.1459609100395,1037.61669921875,2693500,0.0,0.0
2016-12-30 00:00:00+09:00,1023.028069906319,1037.6167054843058,1023.028069906319,1030.3223876953125,2684000,0.0,0.0
2017-01-04 00:00:00+09:00,1039.4402724660504,1048.5581695929457,1035.7931136152924,1044.9110107421875,3566500,0.0,0.0
2017-01-05 00:00:00+09:00,1035.7931136152924,1050.3817490183246,1035.7931136152924,1044.9110107421875,3221000,0.0,0.0
2017-01-06 00:00:00+09:00,1044.9109757741292,1054.028872595893,1041.2638170454236,1050.3817138671875,2428000,0.0,0.0
2017-01-10 00:00:00+09:00,1041.2637648197642,1055.8523990028782,1039.440185546875,1039.440185546875,3422000,0.0,0.0
2017-01-11 00:00:00+09:00,1039.440185546875,1048.5580819113213,1037.6166062739858,1039.440185546875,2793500,0.0,0.0
2017-01-12 00:00:00+09:00,1041.2640380859375,1046.7347773403294,1035.7932988315456,1041.2640380859375,3228000,0.0,0.0
2017-01-13 00:00:00+09:00,1054.0288376882286,1057.6759962961464,1048.558099776352,1055.8524169921875,4413500,0.0,0.0
2017-01-16 00:00:00+09:00,1048.5581695929457,1057.6760667198407,1041.2638518914296,1044.9110107421875,2847500,0.0,0.0
2017-01-17 00:00:00+09:00,1050.381607380319,1050.381607380319,1026.6750780470827,1028.4986572265625,3402000,0.0,0.0
2017-01-18 00:00:00+09:00,1028.4987239292689,1032.1458825247628,1013.9100895472935,1021.2044067382812,2817500,0.0,0.0
2017-01-19 00:00:00+09:00,1023.0278613541899,1033.9693358071759,1021.2042822786922,1024.8514404296875,3191500,0.0,0.0
2017-01-20 00:00:00+09:00,1030.3222710648536,1032.1458503056763,1021.2043748607398,1023.0279541015625,2971500,0.0,0.0
2017-01-23 00:00:00+09:00,1019.3809558676302,1026.6752739775952,1010.2630582301737,1013.9102172851562,4662000,0.0,0.0
2017-01-24 00:00:00+09:00,1015.7337065825591,1024.8516034100508,1012.0865478515625,1012.0865478515625,3835500,0.0,0.0
2017-01-25 00:00:00+09:00,1023.0279541015625,1028.4986918240309,1019.380795619917,1023.0279541015625,2421500,0.0,0.0
2017-01-26 00:00:00+09:00,1028.4989798256895,1043.0876178374015,1023.0282405712976,1041.2640380859375,4288500,0.0,0.0
2017-01-27 00:00:00+09:00,1043.0874601889154,1050.3817780923346,1041.2638807130609,1046.734619140625,3381500,0.0,0.0
2017-01-30 00:00:00+09:00,1043.0874889605977,1050.3818070652173,1043.0874889605977,1048.5582275390625,3042000,0.0,0.0
2017-01-31 00:00:00+09:00,1037.6166062739858,1046.734502638432,1028.4987099095395,1039.440185546875,4329000,0.0,0.0
2017-02-01 00:00:00+09:00,1035.7929148826736,1037.616493958171,1021.2042822786922,1024.8514404296875,3441500,0.0,0.0
2017-02-02 00:00:00+09:00,1030.3222710648536,1041.26374650979,1021.2043748607398,1023.0279541015625,4500500,0.0,0.0
2017-02-03 00:00:00+09:00,1033.9697265625,1044.911205150463,1032.1461467978395,1033.9697265625,3055500,0.0,0.0
2017-02-06 00:00:00+09:00,1046.7346700734106,1057.6761474609375,1039.4403518150593,1057.6761474609375,3412500,0.0,0.0
2017-02-07 00:00:00+09:00,1050.381620992201,1054.028779398424,1035.7929873673095,1052.2052001953125,3937000,0.0,0.0
2017-02-08 00:00:00+09:00,1019.3807527029536,1021.2043318670018,997.497802734375,997.497802734375,7174500,0.0,0.0
2017-02-09 00:00:00+09:00,979.2622531544079,981.0858327692205,962.8500366210938,962.8500366210938,6949500,0.0,0.0
2017-02-10 00:00:00+09:00,986.5562767920557,990.2034349317674,979.2619605126318,982.9091186523438,5323000,0.0,0.0
2017-02-13 00:00:00+09:00,995.6742235703267,999.3213818984232,988.3799069141339,997.497802734375,3614000,0.0,0.0
2017-02-14 00:00:00+09:00,995.6743869357639,999.3215458622685,982.9093306929976,984.73291015625,3661000,0.0,0.0
2017-02-15 00:00:00+09:00,993.850678836598,997.4978372910443,988.3799411549287,992.027099609375,2067000,0.0,0.0
2017-02-16 00:00:00+09:00,999.3213231077982,999.3213231077982,990.2034278239679,993.8505859375,2861000,0.0,0.0
2017-02-17 00:00:00+09:00,984.7330608826248,992.0273798521257,981.0859013978743,986.556640625,2569500,0.0,0.0
2017-02-20 00:00:00+09:00,981.0855737942368,984.7327320611298,973.7912572604506,977.4384155273438,2641500,0.0,0.0
2017-02-21 00:00:00+09:00,979.2619946607903,981.0855737942368,971.9676781270041,977.4384155273438,3358500,0.0,0.0
2017-02-22 00:00:00+09:00,982.9094811402496,988.3802203673753,975.6151621707487,986.556640625,3350000,0.0,0.0
2017-02-23 00:00:00+09:00,982.9094273515698,986.5565866367333,975.6151087812427,979.2622680664062,4271000,0.0,0.0
2017-02-24 00:00:00+09:00,973.7915361987717,977.4386955103777,970.1443768871659,971.9679565429688,3282500,0.0,0.0
2017-02-27 00:00:00+09:00,970.1442903338739,975.6150288132002,959.2028133752211,966.4971313476562,4627500,0.0,0.0
2017-02-28 00:00:00+09:00,973.7914493200914,979.2621877994178,964.6735518545474,966.4971313476562,4647000,0.0,0.0
2017-03-01 00:00:00+09:00,966.497153594115,977.4386308046145,961.0264149888653,975.6150512695312,4264000,0.0,0.0
2017-03-02 00:00:00+09:00,993.8508333378295,999.3215718699644,984.7329357842714,990.2036743164062,5379500,0.0,0.0
2017-03-03 00:00:00+09:00,990.2037459218968,992.0273255644786,975.6151087812427,979.2622680664062,3855500,0.0,0.0
2017-03-06 00:00:00+09:00,979.2619605126318,988.3798558619116,975.61480237292,982.9091186523438,2300500,0.0,0.0
2017-03-07 00:00:00+09:00,982.9092061510825,990.2035230798475,981.0856269188912,988.3799438476562,3466500,0.0,0.0
2017-03-08 00:00:00+09:00,981.0859013978743,995.6745393368763,979.2623216554991,986.556640625,3490500,0.0,0.0
2017-03-09 00:00:00+09:00,995.6743743228217,1004.7922715235801,988.3800565622149,999.321533203125,3711000,0.0,0.0
2017-03-10 00:00:00+09:00,988.379949293172,990.2035285354103,977.4384738397421,981.0856323242188,8565500,0.0,0.0
2017-03-13 00:00:00+09:00,982.9093562735598,995.6744128485411,981.0857767628482,990.2036743164062,3420500,0.0,0.0
2017-03-14 00:00:00+09:00,990.2035230798475,992.0271023120387,986.556364615465,988.3799438476562,1675000,0.0,0.0
2017-03-15 00:00:00+09:00,986.556364615465,990.2035230798475,979.2620476866999,988.3799438476562,1737500,0.0,0.0
2017-03-16 00:00:00+09:00,979.2622680664062,984.7330069941515,975.6151087812427,979.2622680664062,4246500,0.0,0.0
2017-03-17 00:00:00+09:00,977.4386308046145,982.9093694098642,975.6150512695312,975.6150512695312,3234000,0.0,0.0
2017-03-21 00:00:00+09:00,968.3207972313629,979.2622751661805,964.6736379197571,971.9679565429688,2594500,0.0,0.0
2017-03-22 00:00:00+09:00,961.026402597209,966.4971411319179,953.7320845509304,955.5556640625,4095500,0.0,0.0
2017-03-23 00:00:00+09:00,959.2028520275297,964.6735907273065,957.3792724609375,957.3792724609375,2774000,0.0,0.0
2017-03-24 00:00:00+09:00,955.5557396407423,975.6151158545747,955.5557396407423,971.9679565429688,3889500,0.0,0.0
2017-03-27 00:00:00+09:00,962.8500111607143,968.320749860491,955.5556928943452,957.3792724609375,3623000,0.0,0.0
2017-03-28 00:00:00+09:00,962.8500582639541,975.6151158545747,961.0264786081511,971.9679565429688,3753000,0.0,0.0
2017-03-29 00:00:00+09:00,973.8052774683396,984.8294881566604,971.9679090202861,979.3173828125,3367500,8.0,0.0
2017-03-30 00:00:00+09:00,971.96792936505,982.9921402841244,970.1305608785377,973.8052978515625,3667000,0.0,0.0
2017-03-31 00:00:00+09:00,981.1548267711293,992.1790383078835,970.130615234375,970.130615234375,4008500,0.0,0.0
2017-04-03 00:00:00+09:00,975.6425989246901,995.8536508798155,968.2931254864627,986.6668090820312,4211500,0.0,0.0
2017-04-04 00:00:00+09:00,979.3172088799449,982.9919451233968,951.7566870540553,953.5940551757812,6073000,0.0,0.0
2017-04-05 00:00:00+09:00,953.5940551757812,962.7808957844111,949.9193189323292,953.5940551757812,3071500,0.0,0.0
2017-04-06 00:00:00+09:00,948.0820441497982,953.5941490576458,935.220466031487,938.8952026367188,4069000,0.0,0.0
2017-04-07 00:00:00+09:00,948.0820169448853,953.5941216945648,933.3830709457397,940.7325439453125,4533000,0.0,0.0
2017-04-10 00:00:00+09:00,949.9194537804748,955.4315589281371,940.7326118677042,944.4073486328125,2292500,0.0,0.0
2017-04-11 00:00:00+09:00,937.0577806617782,944.4072534512823,935.2204124644021,942.5698852539062,2511500,0.0,0.0
2017-04-12 00:00:00+09:00,937.0577806617782,944.4072534512823,935.2204124644021,942.5698852539062,4344000,0.0,0.0
2017-04-13 00:00:00+09:00,938.8951756954193,942.5699121952057,929.7083344459534,940.7325439453125,2893500,0.0,0.0
2017-04-14 00:00:00+09:00,957.2689268206606,957.2689268206606,924.1962959516167,927.8710327148438,5250000,0.0,0.0
2017-04-17 00:00:00+09:00,924.1963364007905,937.0579156349963,924.1963364007905,933.3831787109375,2520500,0.0,0.0
2017-04-18 00:00:00+09:00,938.8951756954193,944.4072804450989,933.3830709457397,940.7325439453125,2201500,0.0,0.0
2017-04-19 00:00:00+09:00,931.5457562614889,940.7325980392156,927.8710195503983,937.057861328125,4920000,0.0,0.0
2017-04-20 00:00:00+09:00,929.7083941662524,935.220499270005,922.3589206945825,924.1962890625,3528000,0.0,0.0
2017-04-21 00:00:00+09:00,929.7082861424433,933.3830224513067,924.1961816791483,931.545654296875,4030000,0.0,0.0
2017-04-24 00:00:00+09:00,944.407389483114,944.407389483114,929.7084417868788,933.3831787109375,3804500,0.0,0.0
2017-04-25 00:00:00+09:00,935.2205469363893,955.4316000136,931.54581001326,949.9194946289062,3936000,0.0,0.0
2017-04-26 00:00:00+09:00,946.2445826888774,955.4314232975072,946.2445826888774,953.5940551757812,2991000,0.0,0.0
2017-04-27 00:00:00+09:00,951.7567211444562,959.1061938946063,949.9193529569185,955.4314575195312,2408500,0.0,0.0
2017-04-28 00:00:00+09:00,959.1063369367293,959.1063369367293,946.244757705777,949.9194946289062,2739500,0.0,0.0
2017-05-01 00:00:00+09:00,1005.0403442382812,1016.0645527674031,997.6908718855333,1005.0403442382812,7607500,0.0,0.0
2017-05-02 00:00:00+09:00,1003.2029761500943,1006.8777123264682,997.6908718855333,1005.0403442382812,3442500,0.0,0.0
2017-05-08 00:00:00+09:00,1016.0646043529272,1030.7635498046875,1012.3898679899871,1030.7635498046875,5401000,0.0,0.0
2017-05-09 00:00:00+09:00,1030.7636037427326,1030.7636037427326,1021.5767623546511,1027.0888671875,3709000,0.0,0.0
2017-05-10 00:00:00+09:00,1034.438198103175,1036.2755661282251,1028.9260940280249,1032.600830078125,3475500,0.0,0.0
2017-05-11 00:00:00+09:00,1049.137564160832,1074.8607268547928,1049.137564160832,1061.9991455078125,6079500,0.0,0.0
2017-05-12 00:00:00+09:00,1067.5109325166836,1074.8604053739414,1054.6493550164826,1071.1856689453125,7418500,0.0,0.0
2017-05-15 00:00:00+09:00,1069.3486115284456,1078.535455270099,1061.999136535123,1074.8607177734375,2768500,0.0,0.0
2017-05-16 00:00:00+09:00,1082.2098584484322,1087.7219629906144,1076.69775390625,1076.69775390625,3895500,0.0,0.0
2017-05-17 00:00:00+09:00,1073.023132838849,1093.234184998485,1071.1857644607003,1089.5594482421875,6208000,0.0,0.0
2017-05-18 00:00:00+09:00,1073.023219752956,1089.5595364957242,1073.023219752956,1087.72216796875,4393500,0.0,0.0
2017-05-19 00:00:00+09:00,1087.7220660016978,1091.396802711163,1069.3483824543719,1082.2099609375,4814500,0.0,0.0
2017-05-22 00:00:00+09:00,1082.2098927278535,1085.8846292057071,1074.8604197721465,1078.53515625,2438500,0.0,0.0
2017-05-23 00:00:00+09:00,1084.04736328125,1095.0715737552966,1084.04736328125,1084.04736328125,2773500,0.0,0.0
2017-05-24 00:00:00+09:00,1100.5835498701188,1107.9330226572315,1095.0714452797843,1096.9088134765625,4812000,0.0,0.0
2017-05-25 00:00:00+09:00,1106.095838490099,1117.1200495049504,1102.4211014851485,1113.4453125,4556000,0.0,0.0
2017-05-26 00:00:00+09:00,1111.6078697991254,1122.632080078125,1104.2583962797924,1122.632080078125,6622500,0.0,0.0
2017-05-29 00:00:00+09:00,1117.1200495049504,1117.1200495049504,1107.9332069925742,1113.4453125,2682500,0.0,0.0
2017-05-30 00:00:00+09:00,1111.6077736649854,1115.2825101068531,1100.5835643393823,1104.25830078125,2491000,0.0,0.0
2017-05-31 00:00:00+09:00,1095.0714452797843,1100.5835498701188,1093.2340770830062,1096.9088134765625,3299500,0.0,0.0
2017-06-01 00:00:00+09:00,1102.4209273488898,1118.957241259123,1100.5835591366417,1117.119873046875,3566500,0.0,0.0
2017-06-02 00:00:00+09:00,1118.9572070151617,1124.4693114832166,1113.4451025471067,1115.282470703125,5530000,0.0,0.0
2017-06-05 00:00:00+09:00,1111.6075754087863,1131.8186222344004,1107.932839622311,1126.3065185546875,2950500,0.0,0.0
2017-06-06 00:00:00+09:00,1126.3068168377915,1129.981553597458,1113.4452381789588,1122.632080078125,3405500,0.0,0.0
2017-06-07 00:00:00+09:00,1113.4452044377563,1124.4694143826844,1111.6078361136015,1120.794677734375,3409000,0.0,0.0
2017-06-08 00:00:00+09:00,1122.6319776836194,1126.3067141081158,1117.119873046875,1117.119873046875,3289500,0.0,0.0
2017-06-09 00:00:00+09:00,1115.2826129837542,1118.9573497645904,1104.258402641246,1109.7705078125,6679000,0.0,0.0
2017-06-12 00:00:00+09:00,1096.9089290795737,1111.607876202918,1089.5594555179016,1109.7705078125,2889500,0.0,0.0
2017-06-13 00:00:00+09:00,1104.2582471350927,1113.4450877934546,1104.2582471350927,1107.9329833984375,2831000,0.0,0.0
2017-06-14 00:00:00+09:00,1109.7705754950496,1122.6321550123762,1109.7705754950496,1113.4453125,1892000,0.0,0.0
2017-06-15 00:00:00+09:00,1109.7704340491584,1122.6320119272116,1109.7704340491584,1118.957275390625,3040000,0.0,0.0
2017-06-16 00:00:00+09:00,1126.3067428787033,1137.3309524337967,1126.3067428787033,1131.81884765625,4406000,0.0,0.0
2017-06-19 00:00:00+09:00,1139.16850390625,1148.3553466796875,1139.16850390625,1148.3553466796875,3731000,0.0,0.0
2017-06-20 00:00:00+09:00,1153.8674183380908,1163.0542608407827,1146.5179443359375,1146.5179443359375,3846500,0.0,0.0
2017-06-21 00:00:00+09:00,1153.8673435326411,1159.3794486769052,1152.0299751512198,1155.7047119140625,2591000,0.0,0.0
2017-06-22 00:00:00+09:00,1159.3796845442093,1174.0786345859742,1159.3796845442093,1168.5665283203125,3944500,0.0,0.0
2017-06-23 00:00:00+09:00,1175.915689077287,1177.7530573414704,1164.8914794921875,1164.8914794921875,2972500,0.0,0.0
2017-06-26 00:00:00+09:00,1164.8914063264133,1175.9156152190922,1163.0540381776334,1174.0782470703125,2500500,0.0,0.0
2017-06-27 00:00:00+09:00,1179.5906856142242,1183.2654229525863,1166.729104929957,1172.2412109375,3117000,0.0,0.0
2017-06-28 00:00:00+09:00,1185.1025390625,1190.6146438953488,1167.6475404251453,1185.1025390625,3956400,0.0,5.0
2017-06-29 00:00:00+09:00,1186.9398986623867,1192.4520034549364,1163.054111228004,1164.8914794921875,5624800,0.0,0.0
2017-06-30 00:00:00+09:00,1157.542189453125,1160.2982422851562,1144.6806095703125,1148.3553466796875,4680000,0.0,0.0
2017-07-03 00:00:00+09:00,1141.9243985970181,1156.6233449989106,1140.0870302967817,1152.9486083984375,2608500,0.0,0.0
2017-07-04 00:00:00+09:00,1155.7048247529917,1158.4608775942152,1138.249823425244,1141.924560546875,3304300,0.0,0.0
2017-07-05 00:00:00+09:00,1136.4123195138538,1136.4123195138538,1119.8760044360452,1134.574951171875,2970900,0.0,0.0
2017-07-06 00:00:00+09:00,1124.469219226372,1134.5747432553671,1122.6318512211,1129.9813232421875,2560700,0.0,0.0
2017-07-07 00:00:00+09:00,1130.8999382877817,1131.8186222344004,1116.2009951418804,1126.3065185546875,3151800,0.0,0.0
2017-07-10 00:00:00+09:00,1129.981476642895,1143.7617385531742,1129.981476642895,1138.2496337890625,2665500,0.0,0.0
2017-07-11 00:00:00+09:00,1126.306703818956,1148.3551221645148,1124.4693356234927,1142.843017578125,3316600,0.0,0.0
2017-07-12 00:00:00+09:00,1137.330795263275,1142.8428992790905,1126.3065872316438,1129.9813232421875,2600700,0.0,0.0
2017-07-13 00:00:00+09:00,1135.493561746988,1146.5177710843373,1135.493561746988,1143.76171875,2466100,0.0,0.0
2017-07-14 00:00:00+09:00,1146.517947975423,1146.517947975423,1138.249789696754,1140.087158203125,2902900,0.0,0.0
2017-07-17 00:00:00+09:00,1140.087158203125,1140.087158203125,1140.087158203125,1140.087158203125,0,0.0,0.0
2017-07-18 00:00:00+09:00,1152.9483499834614,1152.9483499834614,1135.4933550434728,1139.1680908203125,2508500,0.0,0.0
2017-07-19 00:00:00+09:00,1140.0870838485462,1151.1112941677907,1139.1683996552756,1149.27392578125,2001500,0.0,0.0
2017-07-20 00:00:00+09:00,1158.4608323570287,1160.2982008460963,1146.5179371780903,1159.3795166015625,2385700,0.0,0.0
2017-07-21 00:00:00+09:00,1150.1926643475592,1154.7860855310557,1144.680558927363,1145.5992431640625,2284000,0.0,0.0
2017-07-24 00:00:00+09:00,1142.843244827283,1142.843244827283,1132.7377177427973,1141.924560546875,2196100,0.0,0.0
2017-07-25 00:00:00+09:00,1139.1681613783346,1140.0868453794462,1134.574741372777,1136.412109375,2550900,0.0,0.0
2017-07-26 00:00:00+09:00,1136.412377251519,1139.168429904514,1122.6321139865452,1124.469482421875,2720100,0.0,0.0
2017-07-27 00:00:00+09:00,1120.7944148749746,1131.8186222344004,1118.038363035118,1126.3065185546875,2168900,0.0,0.0
2017-07-28 00:00:00+09:00,1116.2013142398805,1119.8760510768843,1109.7705247751242,1110.689208984375,2302100,0.0,0.0
2017-07-31 00:00:00+09:00,1103.3397555711958,1108.851860927921,1102.4210713450748,1105.1771240234375,2918500,0.0,0.0
2017-08-01 00:00:00+09:00,1100.5835302734374,1111.6077392578125,1097.8274780273437,1102.4208984375,2123600,0.0,0.0
2017-08-02 00:00:00+09:00,1100.5836152262707,1114.3638775204226,1096.9088786144969,1107.014404296875,2344600,0.0,0.0
2017-08-03 00:00:00+09:00,1107.014318847656,1117.11984375,1101.5022143554686,1102.4208984375,2342300,0.0,0.0
2017-08-04 00:00:00+09:00,1129.9816556551557,1131.8190242009364,1118.9574443804713,1128.144287109375,3141600,0.0,0.0
2017-08-07 00:00:00+09:00,1129.9817187096462,1129.9817187096462,1109.7706635782542,1111.6080322265625,1905700,0.0,0.0
2017-08-08 00:00:00+09:00,1107.0142993326012,1111.6077196617823,1105.176931200929,1107.9329833984375,1594900,0.0,0.0
2017-08-09 00:00:00+09:00,1111.6076004745178,1112.5262844418519,1091.3965531931628,1095.0712890625,2609600,0.0,0.0
2017-08-10 00:00:00+09:00,1100.5836011333672,1104.2583376980863,1093.234128003929,1099.6649169921875,2330900,0.0,0.0
2017-08-11 00:00:00+09:00,1099.6649169921875,1099.6649169921875,1099.6649169921875,1099.6649169921875,0,0.0,0.0
2017-08-14 00:00:00+09:00,1093.2342190212673,1096.908955891927,1085.884745279948,1091.3968505859375,2408000,0.0,0.0
2017-08-15 00:00:00+09:00,1099.6648918158126,1120.7946265791907,1097.8275235755189,1118.03857421875,2633700,0.0,0.0
2017-08-16 00:00:00+09:00,1118.0385571529991,1128.1440823203639,1116.2011889407509,1117.119873046875,1809600,0.0,0.0
2017-08-17 00:00:00+09:00,1113.4454008748708,1118.0388224956419,1108.8519792541,1111.6080322265625,1737100,0.0,0.0
2017-08-18 00:00:00+09:00,1097.8274780273437,1107.014318847656,1095.9901098632813,1102.4208984375,2672800,0.0,0.0
2017-08-21 00:00:00+09:00,1106.09539083783,1108.8514424761304,1093.2338165257622,1095.9898681640625,1430700,0.0,0.0
2017-08-22 00:00:00+09:00,1100.5837268989626,1103.3397796374409,1091.3968844373687,1093.2342529296875,1393600,0.0,0.0
2017-08-23 00:00:00+09:00,1092.3155211367848,1095.0715737552966,1082.2099948689088,1084.04736328125,2095700,0.0,0.0
2017-08-24 00:00:00+09:00,1095.0714704003408,1095.0714704003408,1076.6977880110733,1078.53515625,2792100,0.0,0.0
2017-08-25 00:00:00+09:00,1071.1856859954075,1076.697790726087,1068.4296336300677,1072.1043701171875,1930700,0.0,0.0
2017-08-28 00:00:00+09:00,1074.8604197721465,1084.0472609667804,1073.9417356526833,1078.53515625,1774500,0.0,0.0
2017-08-29 00:00:00+09:00,1068.4296166238407,1073.941721266784,1061.9988278737403,1071.1856689453125,2150800,0.0,0.0
2017-08-30 00:00:00+09:00,1072.1043674137566,1082.2098927278535,1070.2669991748296,1078.53515625,1713400,0.0,0.0
2017-08-31 00:00:00+09:00,1081.2913241916233,1096.908955891927,1081.2913241916233,1091.3968505859375,2425800,0.0,0.0
2017-09-01 00:00:00+09:00,1103.3397316108314,1104.258415817002,1080.3726264565678,1084.04736328125,2092400,0.0,0.0
2017-09-04 00:00:00+09:00,1076.6978929394447,1081.2913139844084,1068.4297350585105,1077.6165771484375,2481600,0.0,0.0
2017-09-05 00:00:00+09:00,1081.291389393171,1085.8848107584774,1067.5111252972513,1068.4298095703125,1822700,0.0,0.0
2017-09-06 00:00:00+09:00,1065.6736209753788,1072.1044100674717,1059.242831883286,1061.0802001953125,3585400,0.0,0.0
2017-09-07 00:00:00+09:00,1065.6736582880435,1071.1857634171195,1051.8933954653533,1056.48681640625,2089000,0.0,0.0
2017-09-08 00:00:00+09:00,1038.113310615466,1054.649628837659,1038.113310615466,1046.3814697265625,6689500,0.0,0.0
2017-09-11 00:00:00+09:00,1061.998810940853,1073.9417041434751,1058.3240745708154,1070.2669677734375,2331700,0.0,0.0
2017-09-12 00:00:00+09:00,1071.1857058502906,1072.1043899890988,1059.2428120457848,1066.59228515625,3259100,0.0,0.0
2017-09-13 00:00:00+09:00,1074.8603832448712,1084.9659082155495,1070.2669628036538,1083.1285400390625,1873900,0.0,0.0
2017-09-14 00:00:00+09:00,1084.9660166048984,1085.8847007849195,1069.34838554454,1075.7791748046875,2264200,0.0,0.0
2017-09-15 00:00:00+09:00,1074.8604508284684,1088.640713018577,1073.941766682461,1086.8033447265625,3602900,0.0,0.0
2017-09-18 00:00:00+09:00,1086.8033447265625,1086.8033447265625,1086.8033447265625,1086.8033447265625,0,0.0,0.0
2017-09-19 00:00:00+09:00,1099.6648461914062,1105.1769506835938,1094.1527416992187,1102.4208984375,3346500,0.0,0.0
2017-09-20 00:00:00+09:00,1095.071642076647,1099.6650633940826,1083.1287466513145,1087.72216796875,3387800,0.0,0.0
2017-09-21 00:00:00+09:00,1095.0715533766336,1099.6649743220055,1085.8847114858902,1089.5594482421875,3148900,0.0,0.0
2017-09-22 00:00:00+09:00,1100.5837268989626,1100.5837268989626,1090.4782001912092,1093.2342529296875,2986100,0.0,0.0
2017-09-25 00:00:00+09:00,1102.4210713450748,1107.9331767018002,1100.5837028928331,1105.1771240234375,2036600,0.0,0.0
2017-09-26 00:00:00+09:00,1102.421037481786,1107.0144584712934,1099.6649848880816,1103.3397216796875,2257500,0.0,0.0
2017-09-27 00:00:00+09:00,1104.7262148960951,1107.4995861468803,1096.4061011437395,1103.8017578125,1984600,7.5,0.0
2017-09-28 00:00:00+09:00,1094.5571240396596,1118.5930068310709,1094.5571240396596,1113.0462646484375,3830300,0.0,0.0
2017-09-29 00:00:00+09:00,1107.4995224658041,1115.8196357397542,1097.3304951309763,1113.0462646484375,4144800,0.0,0.0
2017-10-02 00:00:00+09:00,1111.197528467488,1116.7442715380412,1107.4996997537858,1110.2730712890625,1889200,0.0,0.0
2017-10-03 00:00:00+09:00,1106.5754010795367,1121.3667180530308,1102.877571836163,1120.4422607421875,3114300,0.0,0.0
2017-10-04 00:00:00+09:00,1116.7441674804688,1119.5175387573242,1109.3485107421875,1109.3485107421875,1948300,0.0,0.0
2017-10-05 00:00:00+09:00,1109.348436526682,1115.8196357397542,1108.423979496243,1113.0462646484375,1553900,0.0,0.0
2017-10-06 00:00:00+09:00,1122.2909204789853,1123.215377579874,1110.2729781674311,1114.895263671875,2530200,0.0,0.0
2017-10-09 00:00:00+09:00,1114.895263671875,1114.895263671875,1114.895263671875,1114.895263671875,0,0.0,0.0
2017-10-10 00:00:00+09:00,1112.1218210814532,1132.4598759973235,1108.4239929149314,1130.6109619140625,2758000,0.0,0.0
2017-10-11 00:00:00+09:00,1128.762226633782,1143.5535416429059,1125.0643978815008,1139.855712890625,2003700,0.0,0.0
2017-10-12 00:00:00+09:00,1138.0065623247604,1146.326675290579,1132.4598203475477,1133.38427734375,2598400,0.0,0.0
2017-10-13 00:00:00+09:00,1119.517469651137,1141.7044384964113,1119.517469651137,1137.0821533203125,5655000,0.0,0.0
2017-10-16 00:00:00+09:00,1142.629252734375,1162.0428565429688,1139.8558807617187,1155.5716552734375,2925500,0.0,0.0
2017-10-17 00:00:00+09:00,1164.8159098756905,1174.0604805889898,1156.4957962337214,1171.287109375,3556600,0.0,0.0
2017-10-18 00:00:00+09:00,1175.9095467534046,1194.398690570282,1172.2117179900292,1187.927490234375,4253700,0.0,0.0
2017-10-19 00:00:00+09:00,1188.852032001202,1197.172147310697,1182.3808312049277,1189.7764892578125,2224000,0.0,0.0
2017-10-20 00:00:00+09:00,1191.6253943223678,1191.6253943223678,1179.6074500817233,1184.229736328125,2812100,0.0,0.0
2017-10-23 00:00:00+09:00,1199.9454623909885,1199.9454623909885,1190.700890261628,1192.5498046875,3358400,0.0,0.0
2017-10-24 00:00:00+09:00,1190.7009558681361,1196.2476994513727,1189.7764986042635,1195.3232421875,2193300,0.0,0.0
2017-10-25 00:00:00+09:00,1195.3230144628983,1195.3230144628983,1180.5317010588717,1182.380615234375,2616300,0.0,0.0
2017-10-26 00:00:00+09:00,1178.6827868833684,1186.0784435853816,1176.833872707865,1182.380615234375,1928500,0.0,0.0
2017-10-27 00:00:00+09:00,1191.6254866103257,1215.661376953125,1185.1542853641872,1215.661376953125,4085400,0.0,0.0
2017-10-30 00:00:00+09:00,1229.52809435256,1231.3770087801577,1212.8878645041793,1216.585693359375,3376800,0.0,0.0
2017-10-31 00:00:00+09:00,1215.6613393217303,1217.51025390625,1204.567851814612,1217.51025390625,2685200,0.0,0.0
2017-11-01 00:00:00+09:00,1224.9058099162535,1254.4884407972497,1222.13243827116,1252.6395263671875,3986000,0.0,0.0
2017-11-02 00:00:00+09:00,1257.2619440553822,1260.0353159907984,1242.4706270664951,1258.1864013671875,3347700,0.0,0.0
2017-11-03 00:00:00+09:00,1258.1864013671875,1258.1864013671875,1258.1864013671875,1258.1864013671875,0,0.0,0.0
2017-11-06 00:00:00+09:00,1254.4884311005837,1254.4884311005837,1243.394944605958,1247.0927734375,2940200,0.0,0.0
2017-11-07 00:00:00+09:00,1229.5281604884826,1260.0352501848133,1227.6792459614323,1255.4129638671875,4089100,0.0,0.0
2017-11-08 00:00:00+09:00,1201.7944799378322,1238.772771628227,1201.7944799378322,1217.51025390625,5670800,0.0,0.0
2017-11-09 00:00:00+09:00,1221.2078670899914,1259.1106093690903,1202.7187245148214,1222.13232421875,6006400,0.0,0.0
2017-11-10 00:00:00+09:00,1197.1720170573415,1222.13236027012,1196.2475599013128,1208.2655029296875,6011800,0.0,0.0
2017-11-13 00:00:00+09:00,1199.9453669650693,1204.5676526621612,1185.154052734375,1185.154052734375,3748200,0.0,0.0
2017-11-14 00:00:00+09:00,1185.1541464140196,1196.2476329639169,1180.5318603515625,1180.5318603515625,3629300,0.0,0.0
2017-11-15 00:00:00+09:00,1174.0606017774371,1182.3807162782223,1159.269287109375,1159.269287109375,5038400,0.0,0.0
2017-11-16 00:00:00+09:00,1159.2695013786765,1182.38093481924,1157.4205867034314,1178.68310546875,3375700,0.0,0.0
2017-11-17 00:00:00+09:00,1202.7188529405971,1222.1324547175013,1184.2297083911644,1191.6253662109375,4477500,0.0,0.0
2017-11-20 00:00:00+09:00,1189.776194270577,1191.6251083253874,1170.3625966950663,1174.0604248046875,2598600,0.0,0.0
2017-11-21 00:00:00+09:00,1187.0032890470602,1188.8522038275075,1168.514141242589,1169.4385986328125,3069500,0.0,0.0
2017-11-22 00:00:00+09:00,1181.4561603180025,1200.8697591964674,1177.7583319601997,1194.3985595703125,3745100,0.0,0.0
2017-11-23 00:00:00+09:00,1194.3985595703125,1194.3985595703125,1194.3985595703125,1194.3985595703125,0,0.0,0.0
2017-11-24 00:00:00+09:00,1188.8518625855538,1192.5496910850422,1178.6828342119604,1186.0784912109375,2015400,0.0,0.0
2017-11-27 00:00:00+09:00,1201.79443359375,1202.7188908503606,1182.3808312049277,1189.7764892578125,1793200,0.0,0.0
2017-11-28 00:00:00+09:00,1187.9275654198766,1197.1721379134165,1176.8340784276286,1196.2476806640625,2739400,0.0,0.0
2017-11-29 00:00:00+09:00,1204.5675630823675,1217.5099620717406,1201.7941918703589,1213.8121337890625,3086800,0.0,0.0
2017-11-30 00:00:00+09:00,1209.189822015755,1226.7545059746994,1202.7186226624597,1221.207763671875,5324400,0.0,0.0
2017-12-01 00:00:00+09:00,1229.5278135051772,1239.6968405341672,1216.5854154682804,1230.4522705078125,3733300,0.0,0.0
2017-12-04 00:00:00+09:00,1239.6970096651617,1239.6970096651617,1221.2078670899914,1222.13232421875,2725000,0.0,0.0
2017-12-05 00:00:00+09:00,1220.283447265625,1224.9057330507221,1207.3410470673532,1220.283447265625,2935200,0.0,0.0
2017-12-06 00:00:00+09:00,1222.1323691030648,1225.8301977539063,1196.2475685471754,1201.7943115234375,4608500,0.0,0.0
2017-12-07 00:00:00+09:00,1205.4922626201922,1226.7547795222356,1203.6433481069712,1225.830322265625,3996100,0.0,0.0
2017-12-08 00:00:00+09:00,1233.226027409833,1233.226027409833,1219.3591680311617,1229.5281982421875,6780600,0.0,0.0
2017-12-11 00:00:00+09:00,1231.376767563571,1242.4702519560358,1223.981111301928,1240.621337890625,2526600,0.0,0.0
2017-12-12 00:00:00+09:00,1248.0169458774174,1248.0169458774174,1235.07454792017,1236.9234619140625,2526900,0.0,0.0
2017-12-13 00:00:00+09:00,1242.470411613806,1244.3193259168027,1222.1323542808418,1238.7725830078125,2628200,0.0,0.0
2017-12-14 00:00:00+09:00,1234.1504096560063,1256.3373833127434,1234.1504096560063,1245.243896484375,2293600,0.0,0.0
2017-12-15 00:00:00+09:00,1237.8479986785935,1245.2436551307433,1208.2653728699938,1214.736572265625,4469200,0.0,0.0
2017-12-18 00:00:00+09:00,1232.3014027070717,1254.4883746987969,1223.9812882101746,1249.8660888671875,3156500,0.0,0.0
2017-12-19 00:00:00+09:00,1248.0171645732726,1249.866078891159,1236.9236786659546,1244.3193359375,1632900,0.0,0.0
2017-12-20 00:00:00+09:00,1240.6214973108092,1246.1682402197994,1231.3769257958254,1238.7725830078125,1858900,0.0,0.0
2017-12-21 00:00:00+09:00,1235.07454792017,1242.4702038957398,1228.6033489415463,1236.9234619140625,1556500,0.0,0.0
2017-12-22 00:00:00+09:00,1237.8480064014286,1250.7904052734375,1235.999092276856,1250.7904052734375,2211200,0.0,0.0
2017-12-25 00:00:00+09:00,1237.848069998371,1245.2437268766287,1236.9236128885889,1241.5458984375,871700,0.0,0.0
2017-12-26 00:00:00+09:00,1242.4705156019202,1252.6395451194953,1240.6216011441793,1251.715087890625,1509100,0.0,0.0
2017-12-27 00:00:00+09:00,1247.0927173682219,1251.7150031998312,1241.5459743702904,1249.8660888671875,1438100,0.0,0.0
2017-12-28 00:00:00+09:00,1248.9414028743636,1249.8658598713098,1234.1500909232238,1236.9234619140625,1510100,0.0,0.0
2017-12-29 00:00:00+09:00,1240.6213936837776,1248.9415073522978,1236.9235653866576,1237.8480224609375,1632200,0.0,0.0
2018-01-01 00:00:00+09:00,1237.8480224609375,1237.8480224609375,1237.8480224609375,1237.8480224609375,0,0.0,0.0
2018-01-02 00:00:00+09:00,1237.8480224609375,1237.8480224609375,1237.8480224609375,1237.8480224609375,0,0.0,0.0
2018-01-03 00:00:00+09:00,1237.8480224609375,1237.8480224609375,1237.8480224609375,1237.8480224609375,0,0.0,0.0
2018-01-04 00:00:00+09:00,1260.035140414792,1297.013427734375,1259.1106832318023,1297.013427734375,4249800,0.0,0.0
2018-01-05 00:00:00+09:00,1298.8625389725898,1309.0315695268237,1289.6179657414682,1305.333740234375,3359400,0.0,0.0
2018-01-08 00:00:00+09:00,1305.333740234375,1305.333740234375,1305.333740234375,1305.333740234375,0,0.0,0.0
2018-01-09 00:00:00+09:00,1314.5783514793884,1316.427266179078,1297.013661832336,1303.48486328125,2866900,0.0,0.0
2018-01-10 00:00:00+09:00,1297.0136630495872,1302.560407153862,1286.8446321917502,1291.4669189453125,2014200,0.0,0.0
2018-01-11 00:00:00+09:00,1284.9954087901833,1296.0888943336959,1277.5997517611752,1288.6932373046875,2664500,0.0,0.0
2018-01-12 00:00:00+09:00,1285.9198435859319,1289.6176720362148,1262.8084157716628,1265.581787109375,4619600,0.0,0.0
2018-01-15 00:00:00+09:00,1284.995605646049,1309.9559519427708,1271.1287465923147,1272.9776611328125,4372200,0.0,0.0
2018-01-16 00:00:00+09:00,1274.826519683378,1290.5422925873788,1274.826519683378,1287.7689208984375,1871400,0.0,0.0
2018-01-17 00:00:00+09:00,1274.8265382613258,1290.5423113943516,1269.279794802611,1286.844482421875,3421600,0.0,0.0
2018-01-18 00:00:00+09:00,1296.0891979643845,1301.6359420355586,1269.2799349537088,1273.9022216796875,5064300,0.0,0.0
2018-01-19 00:00:00+09:00,1273.9020617470396,1277.5998906635768,1259.1107460808912,1263.7330322265625,3425900,0.0,0.0
2018-01-22 00:00:00+09:00,1260.9595660728248,1264.6573947123345,1249.8660801542956,1256.3372802734375,1967400,0.0,0.0
2018-01-23 00:00:00+09:00,1264.6573401988637,1275.7508256392045,1261.8839688387784,1271.1285400390625,2325300,0.0,0.0
2018-01-24 00:00:00+09:00,1262.8082909148,1268.355033041805,1252.6392636819576,1253.563720703125,2798400,0.0,0.0
2018-01-25 00:00:00+09:00,1248.941763204855,1251.7151349958356,1231.3770751953125,1231.3770751953125,2793800,0.0,0.0
2018-01-26 00:00:00+09:00,1243.3946608926863,1248.0169458774174,1233.2256339262776,1236.9234619140625,3029200,0.0,0.0
2018-01-29 00:00:00+09:00,1234.1503523627796,1246.1682958689341,1220.283494471063,1223.9813232421875,2740100,0.0,0.0
2018-01-30 00:00:00+09:00,1220.283306621404,1238.7724476308194,1215.6610213690503,1221.207763671875,3214000,0.0,0.0
2018-01-31 00:00:00+09:00,1219.358947706334,1222.1323190809503,1185.1540340860654,1186.0784912109375,5508400,0.0,0.0
2018-02-01 00:00:00+09:00,1195.3230842800315,1209.18994140625,1189.7763414295441,1209.18994140625,3227800,0.0,0.0
2018-02-02 00:00:00+09:00,1202.7188533191124,1211.9634255967383,1190.700909358199,1203.643310546875,3699000,0.0,0.0
2018-02-05 00:00:00+09:00,1187.927659850883,1193.4744037879298,1177.7586292996302,1179.6075439453125,3720100,0.0,0.0
2018-02-06 00:00:00+09:00,1124.1399863232866,1133.3845585792346,1086.2372400738993,1119.5177001953125,7788900,0.0,0.0
2018-02-07 00:00:00+09:00,1082.53931524008,1130.6110867110315,1071.4458295160143,1076.068115234375,10616700,0.0,0.0
2018-02-08 00:00:00+09:00,1073.2947636818399,1092.708364058514,1071.445849360252,1087.16162109375,4887100,0.0,0.0
2018-02-09 00:00:00+09:00,1065.8992822055159,1082.5395138444571,1058.5036236993199,1072.3704833984375,7605200,0.0,0.0
2018-02-12 00:00:00+09:00,1072.3704833984375,1072.3704833984375,1072.3704833984375,1072.3704833984375,0,0.0,0.0
2018-02-13 00:00:00+09:00,1082.5395451438999,1086.237374503913,1037.2411354837366,1040.93896484375,4788500,0.0,0.0
2018-02-14 00:00:00+09:00,1027.9963891027633,1033.543132209433,1013.2050741516445,1022.4496459960938,4852400,0.0,0.0
2018-02-15 00:00:00+09:00,1028.9208050831912,1038.1653765574338,1023.3740621986458,1033.5430908203125,3475400,0.0,0.0
2018-02-16 00:00:00+09:00,1027.9962529912725,1043.7120230459952,1022.4495106190174,1026.1473388671875,5440300,0.0,0.0
2018-02-19 00:00:00+09:00,1024.2985564201108,1032.6186710480722,1015.9784417921497,1031.6942138671875,4640200,0.0,0.0
2018-02-20 00:00:00+09:00,1024.2985603649836,1027.0719319183183,1014.1295313360894,1022.4496459960938,4191900,0.0,0.0
2018-02-21 00:00:00+09:00,1023.3741550496967,1034.4676418253032,1016.9029544305929,1028.9208984375,4991000,0.0,0.0
2018-02-22 00:00:00+09:00,1018.751706742496,1020.6006209108127,1002.1114792276458,1006.7337646484375,4731500,0.0,0.0
2018-02-23 00:00:00+09:00,999.3380711010898,1009.5070986516097,994.7157858508535,1008.5826416015625,3269500,0.0,0.0
2018-02-26 00:00:00+09:00,1021.5251789439809,1024.2985504705257,1012.2806071888317,1016.9028930664062,2417000,0.0,0.0
2018-02-27 00:00:00+09:00,1043.7123557942707,1050.1835572916666,1028.9210380859374,1040.0145263671875,5497300,0.0,0.0
2018-02-28 00:00:00+09:00,1034.4676606981018,1039.0899469389333,1027.9964599609375,1027.9964599609375,4012300,0.0,0.0
2018-03-01 00:00:00+09:00,1028.9208363481002,1028.9208363481002,1011.3561500133168,1016.9028930664062,3068400,0.0,0.0
2018-03-02 00:00:00+09:00,992.8669038559061,994.7158180157867,978.0755905768609,982.6978759765625,5244400,0.0,0.0
2018-03-05 00:00:00+09:00,975.3024713920825,982.6981299429228,971.6046421166623,976.2269287109375,3787400,0.0,0.0
2018-03-06 00:00:00+09:00,988.2447792777803,999.3382660423578,988.2447792777803,992.8670654296875,2731500,0.0,0.0
2018-03-07 00:00:00+09:00,992.8669400936564,1012.2805394809625,991.0180258662939,1002.1115112304688,5152900,0.0,0.0
2018-03-08 00:00:00+09:00,1012.2804271453017,1013.2048841563933,999.3380289900193,1007.6581420898438,4157500,0.0,0.0
2018-03-09 00:00:00+09:00,1015.9785344136,1027.9964788607126,1008.5828762922999,1015.0540771484375,7051900,0.0,0.0
2018-03-12 00:00:00+09:00,1053.8811970849395,1053.8811970849395,1045.5610823711108,1049.2589111328125,3792400,0.0,0.0
2018-03-13 00:00:00+09:00,1045.561016500628,1052.9566735581038,1039.0898165753367,1046.4854736328125,3052600,0.0,0.0
2018-03-14 00:00:00+09:00,1042.7878795237566,1049.25908090378,1030.7699341037132,1040.93896484375,4950300,0.0,0.0
2018-03-15 00:00:00+09:00,1040.9389837239582,1047.4101852213541,1032.6188675130209,1040.0145263671875,2666700,0.0,0.0
2018-03-16 00:00:00+09:00,1038.1652057312122,1041.8630337124453,1027.0717217875126,1029.8450927734375,4175800,0.0,0.0
2018-03-19 00:00:00+09:00,1021.5252405870956,1034.4676418253032,1015.9784971992924,1028.9208984375,2837300,0.0,0.0
2018-03-20 00:00:00+09:00,1015.0538541226773,1027.9962529912725,1003.9603693781672,1026.1473388671875,4511400,0.0,0.0
2018-03-21 00:00:00+09:00,1026.1473388671875,1026.1473388671875,1026.1473388671875,1026.1473388671875,0,0.0,0.0
2018-03-22 00:00:00+09:00,1026.1473966326032,1035.3919677734375,1024.2984824044363,1035.3919677734375,3627200,0.0,0.0
2018-03-23 00:00:00+09:00,1007.6583281698469,1013.20507126069,981.7735270792452,986.3958129882812,7280700,0.0,0.0
2018-03-26 00:00:00+09:00,976.2266918580923,991.0180053710938,972.5288634798419,991.0180053710938,3911900,0.0,0.0
2018-03-27 00:00:00+09:00,993.7916285749794,1021.5253484421881,990.0937992593516,1020.6008911132812,4585900,0.0,0.0
2018-03-28 00:00:00+09:00,1005.2427455357142,1023.8583519345237,1003.3811848958333,1016.412109375,4421800,7.5,0.0
2018-03-29 00:00:00+09:00,1035.9584374380242,1038.750778239744,1017.3428320932259,1026.650634765625,3862300,0.0,0.0
2018-03-30 00:00:00+09:00,1038.750945937086,1054.574213034694,1032.2354830145416,1053.6434326171875,3889800,0.0,0.0
2018-04-02 00:00:00+09:00,1053.6434636816755,1057.3665854614694,1037.8201961175514,1038.7509765625,2322000,0.0,0.0
2018-04-03 00:00:00+09:00,1029.4428471670826,1033.1659677716652,1020.1350456556261,1025.7197265625,3348600,0.0,0.0
2018-04-04 00:00:00+09:00,1023.8582939639053,1031.3045361018246,1014.5504912915062,1026.650634765625,3162400,0.0,0.0
2018-04-05 00:00:00+09:00,1035.9585479899524,1054.5741553213081,1029.4430854239777,1044.3355712890625,3007200,0.0,0.0
2018-04-06 00:00:00+09:00,1039.681884765625,1048.9896903588715,1035.0279819690018,1039.681884765625,3649600,0.0,0.0
2018-04-09 00:00:00+09:00,1041.5433653187376,1069.4667799385431,1039.681804344084,1066.6744384765625,3245500,0.0,0.0
2018-04-10 00:00:00+09:00,1096.4593703697467,1101.1132726208916,1069.466737313106,1079.705322265625,4906500,0.0,0.0
2018-04-11 00:00:00+09:00,1071.3281781737408,1072.258958519678,1039.6816464118754,1040.6124267578125,3290600,0.0,0.0
2018-04-12 00:00:00+09:00,1042.4738201812554,1062.9509845062444,1037.8199191983035,1052.71240234375,3109400,0.0,0.0
2018-04-13 00:00:00+09:00,1060.1587785685472,1064.8126801425972,1052.7125360500675,1054.5740966796875,3914200,0.0,0.0
2018-04-16 00:00:00+09:00,1061.089710309342,1068.5359538904602,1056.4358080711431,1059.2281494140625,2232600,0.0,0.0
2018-04-17 00:00:00+09:00,1057.366732568958,1064.812977164514,1048.9897073989573,1062.951416015625,2544000,0.0,0.0
2018-04-18 00:00:00+09:00,1065.7435291218308,1088.0822581165241,1062.9511879974941,1085.2899169921875,2709300,0.0,0.0
2018-04-19 00:00:00+09:00,1092.736328125,1099.2517917509583,1089.9439865710178,1092.736328125,3326200,0.0,0.0
2018-04-20 00:00:00+09:00,1092.7364280765892,1095.5287698859843,1081.567060839009,1089.0133056640625,3517200,0.0,0.0
2018-04-23 00:00:00+09:00,1091.8054566062176,1091.8054566062176,1076.9129695595855,1077.84375,2179000,0.0,0.0
2018-04-24 00:00:00+09:00,1085.2899740828948,1097.3901195915378,1075.9821698454773,1094.5977783203125,2574200,0.0,0.0
2018-04-25 00:00:00+09:00,1082.497663616312,1084.35922451677,1074.120639564251,1079.705322265625,2375700,0.0,0.0
2018-04-26 00:00:00+09:00,1076.913020352165,1089.0131666482569,1075.9822398678502,1086.2208251953125,2400100,0.0,0.0
2018-04-27 00:00:00+09:00,1100.182355652632,1107.628598330484,1094.597673644243,1097.3900146484375,3535400,0.0,0.0
2018-04-30 00:00:00+09:00,1097.3900146484375,1097.3900146484375,1097.3900146484375,1097.3900146484375,0,0.0,0.0
2018-05-01 00:00:00+09:00,1089.0131799039673,1113.213472790722,1086.220838417034,1108.5595703125,3087400,0.0,0.0
2018-05-02 00:00:00+09:00,1116.9365063048244,1118.798067148666,1106.697921663697,1114.1441650390625,2715900,0.0,0.0
2018-05-03 00:00:00+09:00,1114.1441650390625,1114.1441650390625,1114.1441650390625,1114.1441650390625,0,0.0,0.0
2018-05-04 00:00:00+09:00,1114.1441650390625,1114.1441650390625,1114.1441650390625,1114.1441650390625,0,0.0,0.0
2018-05-07 00:00:00+09:00,1114.144302860383,1116.936644471562,1089.9440088968324,1096.45947265625,2985000,0.0,0.0
2018-05-08 00:00:00+09:00,1111.351804832176,1137.4136562017748,1105.7671223958334,1130.898193359375,5107900,0.0,0.0
2018-05-09 00:00:00+09:00,1132.7598054175282,1147.652292588178,1125.3135618322035,1139.2752685546875,4164200,0.0,0.0
2018-05-10 00:00:00+09:00,1154.1678522864624,1158.8217549166498,1138.3445833438254,1155.0986328125,4055800,0.0,0.0
2018-05-11 00:00:00+09:00,1139.275224731956,1143.9291267937697,1099.2516670003597,1112.2825927734375,7498000,0.0,0.0
2018-05-14 00:00:00+09:00,1112.2827587725246,1115.0751004263468,1093.6671477470431,1099.2518310546875,3848800,0.0,0.0
2018-05-15 00:00:00+09:00,1110.4211717949538,1140.2061487416752,1104.8364886174436,1135.55224609375,4150900,0.0,0.0
2018-05-16 00:00:00+09:00,1129.0365398492886,1129.0365398492886,1109.4901529269184,1116.005615234375,2534100,0.0,0.0
2018-05-17 00:00:00+09:00,1104.836403080093,1117.8673294854184,1092.7362571322908,1101.11328125,4170900,0.0,0.0
2018-05-18 00:00:00+09:00,1100.1826729016425,1107.628917726696,1086.2209638546674,1089.0133056640625,4220600,0.0,0.0
2018-05-21 00:00:00+09:00,1093.6669845261833,1114.144153598163,1092.7362041138206,1112.2825927734375,2850600,0.0,0.0
2018-05-22 00:00:00+09:00,1115.0748349047383,1119.7287365529219,1106.6978119380083,1116.005615234375,2728400,0.0,0.0
2018-05-23 00:00:00+09:00,1121.5904513155115,1126.2443536031276,1097.3901594199071,1101.11328125,3953400,0.0,0.0
2018-05-24 00:00:00+09:00,1105.7670651508972,1143.9290598236132,1103.9055044351549,1141.13671875,7294200,0.0,0.0
2018-05-25 00:00:00+09:00,1154.1678014978186,1165.3371673187653,1135.552191796241,1146.7215576171875,5617800,0.0,0.0
2018-05-28 00:00:00+09:00,1147.6523886042003,1155.0986328125,1139.275363869863,1155.0986328125,2731300,0.0,0.0
2018-05-29 00:00:00+09:00,1141.13671875,1142.9982794657421,1124.3826723083196,1141.13671875,3694700,0.0,0.0
2018-05-30 00:00:00+09:00,1117.86748157848,1129.9676291725852,1116.936700994318,1126.2445068359375,3603700,0.0,0.0
2018-05-31 00:00:00+09:00,1127.174961663703,1140.205886076,1112.2824766210776,1132.7596435546875,9644400,0.0,0.0
2018-06-01 00:00:00+09:00,1138.344587682505,1145.7908319191854,1127.1752213274847,1135.55224609375,3292100,0.0,0.0
2018-06-04 00:00:00+09:00,1148.5829436372715,1159.7523077569208,1147.6521632939673,1157.8907470703125,2091700,0.0,0.0
2018-06-05 00:00:00+09:00,1166.2677754045098,1179.2987002693646,1164.4062147095306,1178.367919921875,3545600,0.0,0.0
2018-06-06 00:00:00+09:00,1176.5063592268957,1180.2294806168543,1170.9216771419578,1178.367919921875,2834800,0.0,0.0
2018-06-07 00:00:00+09:00,1182.0912203893392,1190.4682447857992,1174.644976481375,1187.6759033203125,3662600,0.0,0.0
2018-06-08 00:00:00+09:00,1187.675682449341,1197.9142659187316,1178.3678792953492,1191.3988037109375,5072300,0.0,0.0
2018-06-11 00:00:00+09:00,1189.537353515625,1196.0528163283084,1181.1603298993177,1189.537353515625,1641100,0.0,0.0
2018-06-12 00:00:00+09:00,1196.0528507410922,1200.7067528840537,1186.7450464551694,1195.1220703125,2721900,0.0,0.0
2018-06-13 00:00:00+09:00,1199.7759724554614,1200.7067528840537,1188.606607312354,1195.1220703125,1774900,0.0,0.0
2018-06-14 00:00:00+09:00,1184.8834416241284,1185.8142220181774,1168.12939453125,1168.12939453125,3149500,0.0,0.0
2018-06-15 00:00:00+09:00,1177.4373789730234,1198.8453313179875,1177.4373789730234,1197.91455078125,3133900,0.0,0.0
2018-06-18 00:00:00+09:00,1190.4681624831023,1196.9836254521265,1184.8834799382246,1194.1912841796875,1755900,0.0,0.0
2018-06-19 00:00:00+09:00,1180.2294753096112,1180.2294753096112,1153.236845353792,1157.8907470703125,3181600,0.0,0.0
2018-06-20 00:00:00+09:00,1162.5448893550827,1179.298939001513,1161.6141088191698,1177.4373779296875,3080200,0.0,0.0
2018-06-21 00:00:00+09:00,1176.5065653054255,1196.9837365370072,1171.8526627527933,1192.329833984375,3400900,0.0,0.0
2018-06-22 00:00:00+09:00,1183.022055517269,1183.022055517269,1169.0603475449961,1176.506591796875,2955400,0.0,0.0
2018-06-25 00:00:00+09:00,1179.2987002693646,1183.9526020068129,1170.9216771419578,1178.367919921875,2157900,0.0,0.0
2018-06-26 00:00:00+09:00,1168.129238338921,1184.8832831915909,1158.8214356429933,1182.0909423828125,3125800,0.0,0.0
2018-06-27 00:00:00+09:00,1182.0912034962932,1194.1913496738143,1177.4373011203236,1184.883544921875,3035500,0.0,0.0
2018-06-28 00:00:00+09:00,1174.6447002260704,1184.8832831915909,1165.3368975301428,1182.0909423828125,2737400,0.0,0.0
2018-06-29 00:00:00+09:00,1182.0912203893392,1190.4682447857992,1176.506537458366,1187.6759033203125,2486900,0.0,0.0
2018-07-02 00:00:00+09:00,1186.7451034289757,1194.1913472151966,1161.6140306504797,1164.4063720703125,2375800,0.0,0.0
2018-07-03 00:00:00+09:00,1168.1295601770246,1174.6450238592868,1141.1369249219379,1155.0986328125,3435500,0.0,0.0
2018-07-04 00:00:00+09:00,1144.8600591727395,1182.0912806092515,1142.998498100914,1177.4373779296875,2100400,0.0,0.0
2018-07-05 00:00:00+09:00,1181.1603604420995,1192.3297255526631,1163.475532350374,1174.6448974609375,3467900,0.0,0.0
2018-07-06 00:00:00+09:00,1178.3681857769307,1179.2989663344163,1154.1678912823018,1161.6141357421875,3424000,0.0,0.0
2018-07-09 00:00:00+09:00,1155.0986230352585,1179.2989165073911,1150.4447204444637,1173.7142333984375,2468000,0.0,0.0
2018-07-10 00:00:00+09:00,1165.3371919713832,1182.0912410572337,1163.4756309618442,1170.921875,2584300,0.0,0.0
2018-07-11 00:00:00+09:00,1163.4756688235368,1168.129571498831,1148.5831802625955,1156.960205078125,2955500,0.0,0.0
2018-07-12 00:00:00+09:00,1156.0290948342151,1188.6064042699618,1155.0983145646223,1182.0909423828125,4076800,0.0,0.0
2018-07-13 00:00:00+09:00,1190.4683397002489,1210.9455120797684,1185.8144368867218,1203.499267578125,4309000,0.0,0.0
2018-07-16 00:00:00+09:00,1203.499267578125,1203.499267578125,1203.499267578125,1203.499267578125,0,0.0,0.0
2018-07-17 00:00:00+09:00,1213.737548828125,1219.3222308012605,1209.0836471838454,1213.737548828125,3029200,0.0,0.0
2018-07-18 00:00:00+09:00,1219.3222131729126,1221.183773803711,1189.5372430801392,1191.3988037109375,3201900,0.0,0.0
2018-07-19 00:00:00+09:00,1197.9143697447696,1213.737636477995,1196.0528089526254,1208.1529541015625,3206500,0.0,0.0
2018-07-20 00:00:00+09:00,1200.7067528840537,1201.637533312646,1180.2295834550234,1195.1220703125,3109600,0.0,0.0
2018-07-23 00:00:00+09:00,1183.952502921998,1189.5371845395546,1174.6447002260704,1182.0909423828125,2868300,0.0,0.0
2018-07-24 00:00:00+09:00,1195.1219249725343,1197.9142659187316,1185.8141218185426,1191.3988037109375,2190500,0.0,0.0
2018-07-25 00:00:00+09:00,1200.7068358610268,1200.7068358610268,1183.0220064956318,1188.606689453125,1780200,0.0,0.0
2018-07-26 00:00:00+09:00,1208.1530740672144,1208.1530740672144,1183.022000877835,1187.6759033203125,3308500,0.0,0.0
2018-07-27 00:00:00+09:00,1192.3297517195992,1203.4991170752862,1188.6066299343702,1198.84521484375,2512600,0.0,0.0
2018-07-30 00:00:00+09:00,1193.2604230154773,1193.2604230154773,1178.367937236813,1181.1602783203125,1711600,0.0,0.0
2018-07-31 00:00:00+09:00,1172.783398744354,1188.6066668226508,1170.921837793966,1184.883544921875,2825200,0.0,0.0
2018-08-01 00:00:00+09:00,1176.5064617406542,1196.0528507410922,1175.575681312062,1195.1220703125,2244100,0.0,0.0
2018-08-02 00:00:00+09:00,1196.0527052879333,1211.8759706497192,1184.8833415031434,1191.3988037109375,2350600,0.0,0.0
2018-08-03 00:00:00+09:00,1199.7760496707547,1200.70683015925,1178.368098435357,1187.6759033203125,2775900,0.0,0.0
2018-08-06 00:00:00+09:00,1290.9924682973078,1298.438711805872,1260.2767138244808,1277.03076171875,7805400,0.0,0.0
2018-08-07 00:00:00+09:00,1296.5771881103515,1321.708260672433,1293.7848467145648,1303.0926513671875,5619700,0.0,0.0
2018-08-08 00:00:00+09:00,1257.4844211010222,1258.4152015755603,1214.668519272268,1224.9071044921875,7633400,0.0,0.0
2018-08-09 00:00:00+09:00,1223.9761437629522,1240.7301898372739,1216.5299010632536,1235.1455078125,3167200,0.0,0.0
2018-08-10 00:00:00+09:00,1237.9378727337787,1237.9378727337787,1215.5991442032444,1219.322265625,3522500,0.0,0.0
2018-08-13 00:00:00+09:00,1211.8760351865076,1220.253058471207,1201.637451171875,1201.637451171875,2940100,0.0,0.0
2018-08-14 00:00:00+09:00,1225.837681361607,1250.96875,1218.3914388020833,1250.96875,3364700,0.0,0.0
2018-08-15 00:00:00+09:00,1256.5535372535655,1259.3458784474624,1237.9379292942535,1248.176513671875,2276900,0.0,0.0
2018-08-16 00:00:00+09:00,1243.522598805147,1273.3075712316177,1238.868696863511,1265.861328125,3442300,0.0,0.0
2018-08-17 00:00:00+09:00,1272.3768964527105,1279.823140177379,1262.1383113312916,1263.069091796875,1962500,0.0,0.0
2018-08-20 00:00:00+09:00,1263.0691746238426,1264.9307356770832,1250.0382472511574,1256.5537109375,1743600,0.0,0.0
2018-08-21 00:00:00+09:00,1261.2075814600396,1275.1692890038776,1254.6921179395817,1271.4461669921875,2920500,0.0,0.0
2018-08-22 00:00:00+09:00,1294.7157364778739,1300.3004197408986,1272.3770034257755,1280.7540283203125,2583800,0.0,0.0
2018-08-23 00:00:00+09:00,1284.4771236904387,1299.3696120810525,1281.6847821171987,1296.5772705078125,2573300,0.0,0.0
2018-08-24 00:00:00+09:00,1301.2310706651092,1321.708240589739,1295.646387958392,1319.8466796875,2701600,0.0,0.0
2018-08-27 00:00:00+09:00,1324.5003603735386,1335.6697239185016,1316.1233377148162,1323.569580078125,2431600,0.0,0.0
2018-08-28 00:00:00+09:00,1335.6697239185016,1341.254405690983,1319.8464588964705,1323.569580078125,2963100,0.0,0.0
2018-08-29 00:00:00+09:00,1323.5698411800986,1339.393109323602,1317.0543778268914,1326.3621826171875,2731200,0.0,0.0
2018-08-30 00:00:00+09:00,1340.323855377907,1340.323855377907,1318.9159049100654,1320.7774658203125,3129100,0.0,0.0
2018-08-31 00:00:00+09:00,1313.3311520531063,1331.0159797561603,1306.8156892151392,1329.1544189453125,3251500,0.0,0.0
2018-09-03 00:00:00+09:00,1327.2928524110898,1333.808315220962,1315.192707192756,1328.2236328125,1972900,0.0,0.0
2018-09-04 00:00:00+09:00,1326.3620548033982,1327.292835192734,1314.2619097420338,1325.4312744140625,2412000,0.0,0.0
2018-09-05 00:00:00+09:00,1325.4311406689521,1332.877383032261,1316.1233377148162,1323.569580078125,2615800,0.0,0.0
2018-09-06 00:00:00+09:00,1314.2622014943968,1317.9853238782337,1304.9543955348047,1313.3314208984375,2652600,0.0,0.0
2018-09-07 00:00:00+09:00,1310.5389533868715,1332.877685546875,1305.8850508535375,1332.877685546875,3372100,0.0,0.0
2018-09-10 00:00:00+09:00,1333.808181192865,1346.8391055031932,1322.638817498298,1345.9083251953125,2656700,0.0,0.0
2018-09-11 00:00:00+09:00,1349.6315559673635,1363.59326171875,1345.9084344336604,1363.59326171875,3143300,0.0,0.0
2018-09-12 00:00:00+09:00,1391.5167860459205,1404.5477124704307,1377.5550791625167,1401.75537109375,4998900,0.0,0.0
2018-09-13 00:00:00+09:00,1402.6862469959322,1434.3327847516466,1402.6862469959322,1417.5787353515625,4271300,0.0,0.0
2018-09-14 00:00:00+09:00,1433.4021280734719,1433.4021280734719,1383.1399755306359,1397.1016845703125,7762200,0.0,0.0
2018-09-17 00:00:00+09:00,1397.1016845703125,1397.1016845703125,1397.1016845703125,1397.1016845703125,0,0.0,0.0
2018-09-18 00:00:00+09:00,1410.1324061498883,1446.4328443280042,1404.547723353255,1443.6405029296875,4232300,0.0,0.0
2018-09-19 00:00:00+09:00,1469.702154623231,1472.4944956389813,1444.5710854814786,1451.0865478515625,3671700,0.0,0.0
2018-09-20 00:00:00+09:00,1451.086735251952,1452.0175157107408,1429.6787846998063,1441.7789306640625,3924600,0.0,0.0
2018-09-21 00:00:00+09:00,1458.53274960862,1458.53274960862,1443.6402646094255,1444.571044921875,4933100,0.0,0.0
2018-09-24 00:00:00+09:00,1444.571044921875,1444.571044921875,1444.571044921875,1444.571044921875,0,0.0,0.0
2018-09-25 00:00:00+09:00,1446.432869223605,1484.5948689907657,1446.432869223605,1467.8408203125,4088300,0.0,0.0
2018-09-26 00:00:00+09:00,1472.0519780177697,1482.3460477941176,1459.8862591911764,1479.53857421875,4168200,8.5,0.0
2018-09-27 00:00:00+09:00,1472.0520844839532,1483.281979597626,1456.14306640625,1456.14306640625,3247200,0.0,0.0
2018-09-28 00:00:00+09:00,1470.1803528724472,1482.3460718968531,1459.886282928719,1472.052001953125,4691700,0.0,0.0
2018-10-01 00:00:00+09:00,1476.7312314588416,1500.1268466593938,1476.7312314588416,1486.0894775390625,3093900,0.0,0.0
2018-10-02 00:00:00+09:00,1501.9982153458593,1503.8698642123338,1482.345902247876,1487.0250244140625,4378100,0.0,0.0
2018-10-03 00:00:00+09:00,1482.3460142422566,1487.0251367619608,1471.116120194967,1480.474365234375,2896800,0.0,0.0
2018-10-04 00:00:00+09:00,1491.704288128725,1494.5117616948392,1448.6563601149726,1452.399658203125,4242000,0.0,0.0
2018-10-05 00:00:00+09:00,1441.1698212441268,1451.4638913958706,1421.5175054998888,1443.977294921875,3936500,0.0,0.0
2018-10-08 00:00:00+09:00,1443.977294921875,1443.977294921875,1443.977294921875,1443.977294921875,0,0.0,0.0
2018-10-09 00:00:00+09:00,1421.5174322321905,1453.3354656067095,1421.5174322321905,1429.0040283203125,4485000,0.0,0.0
2018-10-10 00:00:00+09:00,1439.298105342334,1457.078771143052,1437.4264563106794,1445.848876953125,3479600,0.0,0.0
2018-10-11 00:00:00+09:00,1389.699487188981,1398.1219083234598,1370.9829957790284,1382.212890625,5033800,0.0,0.0
2018-10-12 00:00:00+09:00,1354.1380509580974,1406.5442229371254,1354.1380509580974,1405.6083984375,6901600,0.0,0.0
2018-10-15 00:00:00+09:00,1393.4427854709716,1401.8652066054503,1362.56057464455,1382.212890625,3713100,0.0,0.0
2018-10-16 00:00:00+09:00,1403.7369508794286,1422.453443557821,1386.8921074688753,1399.99365234375,4147800,0.0,0.0
2018-10-17 00:00:00+09:00,1414.9668641349338,1432.7475324011796,1406.5444423246067,1413.09521484375,3755200,0.0,0.0
2018-10-18 00:00:00+09:00,1420.581607721175,1435.5547998974193,1419.6457832101598,1429.0040283203125,2743500,0.0,0.0
2018-10-19 00:00:00+09:00,1398.1217574820112,1417.7740713422,1393.442635134347,1410.2874755859375,4110700,0.0,0.0
2018-10-22 00:00:00+09:00,1404.672654310862,1443.9772855440774,1404.672654310862,1437.426513671875,3115600,0.0,0.0
2018-10-23 00:00:00+09:00,1435.554870041075,1436.4906945978162,1412.1592561225436,1416.83837890625,3830300,0.0,0.0
2018-10-24 00:00:00+09:00,1432.7473746400096,1433.683199182557,1397.1860420232101,1414.0308837890625,3869100,0.0,0.0
2018-10-25 00:00:00+09:00,1376.5980045315985,1384.084601429119,1354.1382138390368,1363.4964599609375,3697700,0.0,0.0
2018-10-26 00:00:00+09:00,1366.3036477240423,1372.8544186377876,1326.0631978253205,1337.2930908203125,4787100,0.0,0.0
2018-10-29 00:00:00+09:00,1335.4216703322538,1341.9724423661191,1312.026055925592,1313.897705078125,3625500,0.0,0.0
2018-10-30 00:00:00+09:00,1306.4109601774974,1346.6514123892684,1302.6676622973325,1341.9722900390625,8574000,0.0,0.0
2018-10-31 00:00:00+09:00,1333.5499857808206,1365.3680205292753,1323.255915715144,1362.560546875,4087200,0.0,0.0
2018-11-01 00:00:00+09:00,1368.1754581129194,1387.8277731747328,1358.8172128453891,1373.7904052734375,3924100,0.0,0.0
2018-11-02 00:00:00+09:00,1377.5339439655172,1408.416158741918,1364.4323983028016,1384.084716796875,5678100,0.0,0.0
2018-11-05 00:00:00+09:00,1299.860235973797,1307.3468320053237,1254.9406597846378,1268.97802734375,6630400,0.0,0.0
2018-11-06 00:00:00+09:00,1285.8231075380986,1293.3097049619012,1268.9782633345428,1289.56640625,4470500,0.0,0.0
2018-11-07 00:00:00+09:00,1295.181262101495,1310.154455883015,1269.9139975951796,1298.924560546875,4558800,0.0,0.0
2018-11-08 00:00:00+09:00,1320.4484741642282,1336.357491925243,1313.8977021449869,1324.1917724609375,2726400,0.0,0.0
2018-11-09 00:00:00+09:00,1326.063325373696,1331.67827241127,1302.6677127171383,1306.4110107421875,3609700,0.0,0.0
2018-11-12 00:00:00+09:00,1287.6944760438973,1315.7692102599706,1283.951178148421,1311.090087890625,2020500,0.0,0.0
2018-11-13 00:00:00+09:00,1268.042333858991,1284.887176670402,1255.8766140507498,1275.5289306640625,3811900,0.0,0.0
2018-11-14 00:00:00+09:00,1282.0797401953414,1286.7588633347405,1259.619949126226,1264.299072265625,2363400,0.0,0.0
2018-11-15 00:00:00+09:00,1249.3257317090556,1283.951238880018,1248.3899071909216,1282.07958984375,2141200,0.0,0.0
2018-11-16 00:00:00+09:00,1284.8871582574186,1286.7588074318649,1261.4915435768391,1262.4273681640625,2520500,0.0,0.0
2018-11-19 00:00:00+09:00,1254.9407531052493,1270.8497708552784,1247.4541565170002,1249.3258056640625,1753400,0.0,0.0
2018-11-20 00:00:00+09:00,1236.2240344783743,1239.0315076830943,1213.7642488406143,1214.7000732421875,2942700,0.0,0.0
2018-11-21 00:00:00+09:00,1202.534313772607,1202.534313772607,1184.753650767409,1188.4969482421875,2908300,0.0,0.0
2018-11-22 00:00:00+09:00,1206.2777888356757,1210.0210868615427,1194.1120702516075,1200.662841796875,2456500,0.0,0.0
2018-11-23 00:00:00+09:00,1200.662841796875,1200.662841796875,1200.662841796875,1200.662841796875,0,0.0,0.0
2018-11-26 00:00:00+09:00,1207.213649554669,1214.700245830977,1181.010562587591,1189.4329833984375,3249500,0.0,0.0
2018-11-27 00:00:00+09:00,1209.0852793655629,1224.9942961993202,1196.9195606103365,1224.0584716796875,3925600,0.0,0.0
2018-11-28 00:00:00+09:00,1228.7378388934824,1254.9409306596801,1217.507942422255,1251.1976318359375,4181300,0.0,0.0
2018-11-29 00:00:00+09:00,1256.8124770012455,1268.0423725515172,1225.9302642379982,1226.8660888671875,3465100,0.0,0.0
2018-11-30 00:00:00+09:00,1224.0585571289062,1240.9033996582032,1223.1227325439452,1235.2884521484375,3956600,0.0,0.0
2018-12-03 00:00:00+09:00,1254.940673828125,1261.4914454290176,1246.518253198406,1254.940673828125,2682400,0.0,0.0
2018-12-04 00:00:00+09:00,1254.9409395979385,1276.4649079877613,1230.6094970703125,1230.6094970703125,4132600,0.0,0.0
2018-12-05 00:00:00+09:00,1222.1868391902663,1252.1332242240246,1218.4435410610465,1247.4541015625,3452900,0.0,0.0
2018-12-06 00:00:00+09:00,1239.9673320846675,1247.4539272972543,1209.0851268327476,1214.7000732421875,3663900,0.0,0.0
2018-12-07 00:00:00+09:00,1223.1225570192466,1237.1599237792227,1219.3792592165864,1233.4166259765625,3062600,0.0,0.0
2018-12-10 00:00:00+09:00,1207.2135561538555,1221.250923085877,1201.5986093810468,1209.085205078125,3133800,0.0,0.0
2018-12-11 00:00:00+09:00,1224.9945487947066,1246.5185171845294,1219.3796005191004,1230.6094970703125,5693700,0.0,0.0
2018-12-12 00:00:00+09:00,1252.1330524008458,1303.6033946146324,1247.4539303814106,1293.309326171875,7706800,0.0,0.0
2018-12-13 00:00:00+09:00,1303.6034636403454,1308.28258590754,1278.3362033974959,1281.1436767578125,3344400,0.0,0.0
2018-12-14 00:00:00+09:00,1263.3631211365946,1283.015436354275,1235.288385111337,1237.1600341796875,7333300,0.0,0.0
2018-12-17 00:00:00+09:00,1231.5451057114287,1255.8765439701651,1230.6092811630158,1250.2615966796875,3085300,0.0,0.0
2018-12-18 00:00:00+09:00,1246.5182526344477,1251.1973752043968,1206.277798532885,1207.213623046875,3564300,0.0,0.0
2018-12-19 00:00:00+09:00,1190.3688629222308,1213.7644773664572,1183.8180908778477,1191.3046875,3381300,0.0,0.0
2018-12-20 00:00:00+09:00,1170.7165526335737,1176.3315001282192,1125.7969726764102,1133.2835693359375,4351200,0.0,0.0
2018-12-21 00:00:00+09:00,1137.962636993383,1139.8342860673852,1120.1819707903614,1131.411865234375,4060500,0.0,0.0
2018-12-24 00:00:00+09:00,1131.411865234375,1131.411865234375,1131.411865234375,1131.411865234375,0,0.0,0.0
2018-12-25 00:00:00+09:00,1082.7490817079977,1093.043152493467,1070.5833616888067,1074.32666015625,3819900,0.0,0.0
2018-12-26 00:00:00+09:00,1083.684920601223,1107.0805363309557,1072.4550250509512,1097.7222900390625,4295000,0.0,0.0
2018-12-27 00:00:00+09:00,1125.7967309570313,1137.0266235351562,1116.4384871419272,1122.9892578125,4365000,0.0,0.0
2018-12-28 00:00:00+09:00,1117.3745090848677,1132.3477018364238,1110.823737256062,1127.6685791015625,3242300,0.0,0.0
2018-12-31 00:00:00+09:00,1127.6685791015625,1127.6685791015625,1127.6685791015625,1127.6685791015625,0,0.0,0.0
2019-01-04 00:00:00+09:00,1107.080439068173,1128.6044036485348,1095.850544504506,1127.6685791015625,3252500,0.0,0.0
2019-01-07 00:00:00+09:00,1157.614859852466,1165.1014555507843,1137.9625461443807,1140.77001953125,4069700,0.0,0.0
2019-01-08 00:00:00+09:00,1182.8823616588459,1183.818186312057,1158.5509206753568,1171.6524658203125,4386500,0.0,0.0
2019-01-09 00:00:00+09:00,1179.138704555241,1198.7910162978285,1166.0371633935163,1188.4969482421875,3052300,0.0,0.0
2019-01-10 00:00:00+09:00,1181.01035535191,1183.817828462889,1152.9356242421181,1157.61474609375,2975300,0.0,0.0
2019-01-11 00:00:00+09:00,1160.4224063879415,1172.5881251645892,1154.8074592602577,1166.037353515625,4006600,0.0,0.0
2019-01-15 00:00:00+09:00,1164.1657925407926,1205.3420745920746,1162.2941433566434,1204.40625,3291400,0.0,0.0
2019-01-16 00:00:00+09:00,1215.6359559538218,1215.6359559538218,1190.3686958993544,1195.983642578125,2424700,0.0,0.0
2019-01-17 00:00:00+09:00,1193.1762815365914,1205.342000485592,1188.497158863899,1189.4329833984375,2285100,0.0,0.0
2019-01-18 00:00:00+09:00,1206.2776868080487,1223.122526499705,1200.6627402441632,1213.7642822265625,2520300,0.0,0.0
2019-01-21 00:00:00+09:00,1229.6734260110293,1229.6734260110293,1189.4329714307598,1193.17626953125,2255100,0.0,0.0
2019-01-22 00:00:00+09:00,1201.598702347438,1202.5345268819765,1180.0747380530524,1189.4329833984375,3046400,0.0,0.0
2019-01-23 00:00:00+09:00,1183.8180337272086,1206.2778225093848,1179.1389110642551,1199.72705078125,2063900,0.0,0.0
2019-01-24 00:00:00+09:00,1194.1121223355517,1214.7002623758199,1191.304648693697,1212.82861328125,1720700,0.0,0.0
2019-01-25 00:00:00+09:00,1209.0853820517773,1219.3794526420015,1207.2137328535548,1210.95703125,1718200,0.0,0.0
2019-01-28 00:00:00+09:00,1208.1493941794733,1210.0210431247554,1192.240378144577,1195.0478515625,1691600,0.0,0.0
2019-01-29 00:00:00+09:00,1191.3045967322073,1205.3419643292088,1176.3314046287387,1200.662841796875,2988000,0.0,0.0
2019-01-30 00:00:00+09:00,1196.9194670245868,1204.406062596281,1189.4328714528926,1195.983642578125,2526200,0.0,0.0
2019-01-31 00:00:00+09:00,1218.4435605649596,1218.4435605649596,1201.598718713831,1212.82861328125,2620200,0.0,0.0
2019-02-01 00:00:00+09:00,1214.7001736320583,1215.6359981109736,1190.3687371802605,1211.8927001953125,2519300,0.0,0.0
2019-02-04 00:00:00+09:00,1224.9944028501156,1245.5825440744875,1222.1869290467923,1238.095947265625,2382700,0.0,0.0
2019-02-05 00:00:00+09:00,1258.683971885778,1265.2347434866704,1242.7749551407533,1254.940673828125,4172200,0.0,0.0
2019-02-06 00:00:00+09:00,1170.7164366773784,1186.6254530031301,1127.6685101488736,1139.834228515625,10118900,0.0,0.0
2019-02-07 00:00:00+09:00,1136.0912213712124,1136.0912213712124,1091.1716343647724,1108.0164794921875,6529300,0.0,0.0
2019-02-08 00:00:00+09:00,1079.9414732191299,1089.2997182210286,1070.583228217231,1078.06982421875,6482200,0.0,0.0
2019-02-12 00:00:00+09:00,1077.1341858423057,1115.502996980042,1077.1341858423057,1113.63134765625,4287200,0.0,0.0
2019-02-13 00:00:00+09:00,1115.5029441313168,1149.1926303634707,1111.7596456610775,1138.8985595703125,5142200,0.0,0.0
2019-02-14 00:00:00+09:00,1140.769997747321,1151.064066635935,1134.2192266363847,1137.9625244140625,3110000,0.0,0.0
2019-02-15 00:00:00+09:00,1125.7968552880573,1130.4759777123634,1101.4654186816654,1112.6953125,3212600,0.0,0.0
2019-02-18 00:00:00+09:00,1122.0537232977576,1123.9253725442927,1107.0805293254773,1118.3104248046875,2588500,0.0,0.0
2019-02-19 00:00:00+09:00,1125.7970027689266,1144.5134949180358,1121.1178797316493,1142.641845703125,3252900,0.0,0.0
2019-02-20 00:00:00+09:00,1147.320981128351,1149.1926303634707,1130.476138012274,1138.8985595703125,2543300,0.0,0.0
2019-02-21 00:00:00+09:00,1124.8611480939694,1135.1552185008193,1115.5029022695603,1133.2835693359375,3627500,0.0,0.0
2019-02-22 00:00:00+09:00,1139.8343841878723,1142.6418580405518,1129.540313394714,1138.8985595703125,2402900,0.0,0.0
2019-02-25 00:00:00+09:00,1150.1283629525456,1155.74331020862,1142.6417666111133,1148.2567138671875,2710400,0.0,0.0
2019-02-26 00:00:00+09:00,1151.0641023249325,1152.9357512718022,1121.1177191750155,1126.732666015625,3123600,0.0,0.0
2019-02-27 00:00:00+09:00,1135.1550844545718,1138.8983823423032,1127.6684886791088,1137.0267333984375,2850200,0.0,0.0
2019-02-28 00:00:00+09:00,1143.5776826581116,1147.320981128351,1135.1552611000732,1138.8985595703125,2943600,0.0,0.0
2019-03-01 00:00:00+09:00,1148.2567138671875,1158.550783836657,1147.3208893245085,1148.2567138671875,2679700,0.0,0.0
2019-03-04 00:00:00+09:00,1164.1655928116272,1174.4596615583537,1158.5506462225035,1172.5880126953125,2878100,0.0,0.0
2019-03-05 00:00:00+09:00,1169.78076171875,1172.588235546875,1158.55086640625,1169.78076171875,2175900,0.0,0.0
2019-03-06 00:00:00+09:00,1174.4598724511252,1178.2031708493757,1160.4225034576855,1173.5240478515625,2471000,0.0,0.0
2019-03-07 00:00:00+09:00,1163.2299498769198,1168.8448973421343,1148.256756636348,1153.8717041015625,3252100,0.0,0.0
2019-03-08 00:00:00+09:00,1160.4223110801295,1164.1656088578075,1132.3475777475458,1137.9625244140625,5691500,0.0,0.0
2019-03-11 00:00:00+09:00,1148.2567900620497,1155.7433869002703,1135.1552455951642,1152.9359130859375,1019700,0.0,0.0
2019-03-12 00:00:00+09:00,1169.7804728352216,1180.0745409961717,1167.9088240786853,1174.4595947265625,1378800,0.0,0.0
2019-03-13 00:00:00+09:00,1157.61474609375,1167.9088141673403,1150.1281511311388,1157.61474609375,1453800,0.0,0.0
2019-03-14 00:00:00+09:00,1170.7163094797443,1177.2670801962574,1157.6147680467175,1160.4222412109375,1240400,0.0,0.0
2019-03-15 00:00:00+09:00,1174.459851064461,1182.8822723071544,1170.716552734375,1170.716552734375,3614700,0.0,0.0
2019-03-18 00:00:00+09:00,1171.6521338678176,1172.587958255891,1158.5505924347908,1160.4222412109375,1672100,0.0,0.0
2019-03-19 00:00:00+09:00,1153.871562003307,1156.6790353901763,1139.83419506896,1140.77001953125,1740800,0.0,0.0
2019-03-20 00:00:00+09:00,1145.4490518841537,1151.0639982169191,1138.898281162594,1150.128173828125,2792800,0.0,0.0
2019-03-22 00:00:00+09:00,1153.8717101496375,1153.8717101496375,1125.7969726764102,1133.2835693359375,3265800,0.0,0.0
2019-03-25 00:00:00+09:00,1108.9521855893342,1113.6313087352808,1095.850640780684,1097.7222900390625,1814300,0.0,0.0
2019-03-26 00:00:00+09:00,1113.6311447788291,1131.4118101156341,1111.7594957960077,1129.5401611328125,1872400,0.0,0.0
2019-03-27 00:00:00+09:00,1140.378535650914,1155.4579212462982,1140.378535650914,1153.572998046875,2254700,8.5,0.0
2019-03-28 00:00:00+09:00,1151.6880592383775,1153.5729824122536,1132.8388274996153,1147.918212890625,1621400,0.0,0.0
2019-03-29 00:00:00+09:00,1162.9976061821765,1166.7674525555385,1148.860682282069,1150.74560546875,2447300,0.0,0.0
2019-04-01 00:00:00+09:00,1176.1920482862083,1182.7892793262752,1157.34281674316,1158.2852783203125,1911900,0.0,0.0
2019-04-02 00:00:00+09:00,1176.1922236161802,1176.1922236161802,1159.227912698639,1162.0552978515625,1122900,0.0,0.0
2019-04-03 00:00:00+09:00,1168.652134711985,1173.3644417067915,1160.1699821213335,1166.7672119140625,1285900,0.0,0.0
2019-04-04 00:00:00+09:00,1159.2277001470475,1159.2277001470475,1140.3784692503475,1144.1483154296875,1336400,0.0,0.0
2019-04-05 00:00:00+09:00,1143.2059170423506,1148.8606866237637,1136.6086858640354,1137.5511474609375,2306500,0.0,0.0
2019-04-08 00:00:00+09:00,1145.0907609952205,1146.033222526904,1133.7812226150209,1138.4935302734375,1188200,0.0,0.0
2019-04-09 00:00:00+09:00,1157.3429481866742,1183.7318753440252,1153.57310144991,1177.1346435546875,2349300,0.0,0.0
2019-04-10 00:00:00+09:00,1177.134481915392,1181.8467896892726,1155.4578661555408,1162.99755859375,1750100,0.0,0.0
2019-04-11 00:00:00+09:00,1152.6306806751509,1170.5374533103331,1152.6306806751509,1162.0552978515625,1032400,0.0,0.0
2019-04-12 00:00:00+09:00,1180.9041328984815,1180.9041328984815,1147.917983934837,1166.7672119140625,3723800,0.0,0.0
2019-04-15 00:00:00+09:00,1185.6167347901946,1188.4441196903301,1176.1921184564092,1183.7318115234375,1882200,0.0,0.0
2019-04-16 00:00:00+09:00,1178.0770417231663,1187.5016580569516,1168.652425389381,1183.7318115234375,2011800,0.0,0.0
2019-04-17 00:00:00+09:00,1187.5015790479565,1189.3865021893025,1179.9618864825727,1184.6741943359375,3044000,0.0,0.0
2019-04-18 00:00:00+09:00,1182.789413659834,1184.6743370282163,1174.307258502114,1177.1346435546875,2302200,0.0,0.0
2019-04-19 00:00:00+09:00,1188.444099522844,1195.041330844541,1182.7893298185325,1191.271484375,2153300,0.0,0.0
2019-04-22 00:00:00+09:00,1187.501486156104,1212.0054850767854,1184.674101665256,1209.1781005859375,2260300,0.0,0.0
2019-04-23 00:00:00+09:00,1210.120699791505,1222.372700646092,1208.235776583107,1214.8330078125,2020900,0.0,0.0
2019-04-24 00:00:00+09:00,1224.2576316620912,1228.9699397131385,1215.7754771702062,1217.660400390625,2433300,0.0,0.0
2019-04-25 00:00:00+09:00,1213.8905341045672,1228.0274580265925,1213.8905341045672,1225.2000732421875,2146600,0.0,0.0
2019-04-26 00:00:00+09:00,1212.9480570066473,1225.200057582472,1208.2357490928684,1219.5452880859375,3221600,0.0,0.0
2019-05-07 00:00:00+09:00,1213.8906226949746,1216.7180076857237,1191.2715427689811,1197.8687744140625,3472100,0.0,0.0
2019-05-08 00:00:00+09:00,1181.8467391253841,1191.2713542699246,1175.2495085242058,1188.4439697265625,3199100,0.0,0.0
2019-05-09 00:00:00+09:00,1168.6523903269078,1187.5016224289548,1165.8250055116007,1185.61669921875,3764200,0.0,0.0
2019-05-10 00:00:00+09:00,1203.5234628315845,1225.200079624949,1147.918228448606,1153.572998046875,7795400,0.0,0.0
2019-05-13 00:00:00+09:00,1150.7454272166792,1179.0192706372363,1141.32081274316,1173.364501953125,3862800,0.0,0.0
2019-05-14 00:00:00+09:00,1152.6304464494526,1164.8824462890625,1135.6661389792234,1164.8824462890625,2896000,0.0,0.0
2019-05-15 00:00:00+09:00,1162.99756239594,1163.9400239537974,1140.3784850073641,1149.8031005859375,3825100,0.0,0.0
2019-05-16 00:00:00+09:00,1143.2059708884174,1158.2853571491055,1139.4361243232454,1157.3428955078125,2925300,0.0,0.0
2019-05-17 00:00:00+09:00,1162.997504034993,1177.1344266934411,1162.997504034993,1172.422119140625,2218000,0.0,0.0
2019-05-20 00:00:00+09:00,1180.9043480532455,1192.2138869013213,1180.9043480532455,1184.6741943359375,2106600,0.0,0.0
2019-05-21 00:00:00+09:00,1175.249736857864,1199.7537409944355,1173.364813462743,1198.811279296875,2399900,0.0,0.0
2019-05-22 00:00:00+09:00,1215.775487946301,1236.5096435546875,1206.3508717606708,1236.5096435546875,3423300,0.0,0.0
2019-05-23 00:00:00+09:00,1234.6246301011377,1251.588937995657,1232.7397070017466,1247.819091796875,2936400,0.0,0.0
2019-05-24 00:00:00+09:00,1241.222047728577,1257.243896484375,1221.4303522067091,1257.243896484375,3101100,0.0,0.0
2019-05-27 00:00:00+09:00,1259.1284800601957,1264.7832486832206,1250.6463271256584,1252.53125,1395200,0.0,0.0
2019-05-28 00:00:00+09:00,1250.6464604795974,1257.2436912432427,1239.3369220276343,1242.164306640625,3142300,0.0,0.0
2019-05-29 00:00:00+09:00,1229.9123377282403,1231.7972608511957,1204.4658755683458,1224.257568359375,3455300,0.0,0.0
2019-05-30 00:00:00+09:00,1241.2219593816837,1247.819190752733,1232.7398047617633,1239.3370361328125,2562800,0.0,0.0
2019-05-31 00:00:00+09:00,1228.9699196213942,1241.2219203538161,1221.4302268629808,1225.2000732421875,3278200,0.0,0.0
2019-06-03 00:00:00+09:00,1217.660302246469,1230.8547637259198,1213.890456109483,1226.1424560546875,2456300,0.0,0.0
2019-06-04 00:00:00+09:00,1216.7181017378005,1219.545486947106,1184.6744026990048,1186.559326171875,2800900,0.0,0.0
2019-06-05 00:00:00+09:00,1214.832968338422,1231.7972766627754,1210.120660470546,1229.912353515625,3119600,0.0,0.0
2019-06-06 00:00:00+09:00,1225.200057582472,1232.7397502445178,1212.9480570066473,1219.5452880859375,2833500,0.0,0.0
2019-06-07 00:00:00+09:00,1230.8547717135375,1239.336925576801,1228.0273870924498,1228.9698486328125,1657300,0.0,0.0
2019-06-10 00:00:00+09:00,1240.2794150904606,1255.3588000763627,1234.6246457207471,1253.473876953125,3609900,0.0,0.0
2019-06-11 00:00:00+09:00,1245.9340574870287,1250.646364814892,1237.451904296875,1237.451904296875,2455000,0.0,0.0
2019-06-12 00:00:00+09:00,1273.265478642971,1290.2297855382883,1264.7833251953125,1264.7833251953125,5133400,0.0,0.0
2019-06-13 00:00:00+09:00,1267.6106743585497,1274.2079046340216,1255.3586752755302,1266.668212890625,3352000,0.0,0.0
2019-06-14 00:00:00+09:00,1262.8983670189268,1277.0352890377953,1253.473752339681,1266.668212890625,4799500,0.0,0.0
2019-06-17 00:00:00+09:00,1270.4383112646158,1279.862927817024,1264.783541333171,1269.495849609375,2799000,0.0,0.0
2019-06-18 00:00:00+09:00,1267.610725832976,1288.3448789692775,1262.8984183019984,1270.4381103515625,2402800,0.0,0.0
2019-06-19 00:00:00+09:00,1277.0355377085152,1289.2875391773052,1274.2081527541789,1282.6903076171875,2913600,0.0,0.0
2019-06-20 00:00:00+09:00,1288.344888822387,1306.2516575770508,1281.7476582285635,1302.4818115234375,3297500,0.0,0.0
2019-06-21 00:00:00+09:00,1314.7340786196778,1315.6765403247816,1291.1725359920852,1294.9423828125,3935100,0.0,0.0
2019-06-24 00:00:00+09:00,1295.8846744596538,1336.4105224609375,1295.8846744596538,1336.4105224609375,4110100,0.0,0.0
2019-06-25 00:00:00+09:00,1343.950230802043,1354.317308318749,1333.5831532853374,1342.0653076171875,3954400,0.0,0.0
2019-06-26 00:00:00+09:00,1328.8706895311952,1351.4897650976836,1324.1583821215102,1343.9500732421875,4302800,0.0,0.0
2019-06-27 00:00:00+09:00,1354.3172764768224,1359.9720458984375,1339.2378913525154,1359.9720458984375,4272400,0.0,0.0
2019-06-28 00:00:00+09:00,1347.7201867718313,1353.3749567862587,1342.0654167574041,1352.4324951171875,4452400,0.0,0.0
2019-07-01 00:00:00+09:00,1366.5692025875899,1386.3608944871341,1356.2021258783047,1376.936279296875,4275600,0.0,0.0
2019-07-02 00:00:00+09:00,1385.4186450855152,1399.5555700353673,1378.8214134422508,1394.84326171875,3465600,0.0,0.0
2019-07-03 00:00:00+09:00,1388.245951650595,1402.382875801823,1387.3034900405132,1395.78564453125,3589400,0.0,0.0
2019-07-04 00:00:00+09:00,1401.4404450587115,1410.865061367109,1398.6130601661923,1407.09521484375,2307000,0.0,0.0
2019-07-05 00:00:00+09:00,1400.4978381051528,1402.3827611712431,1392.9581458407913,1398.6129150390625,2624000,0.0,0.0
2019-07-08 00:00:00+09:00,1399.5553331638782,1407.0950251943907,1390.1307181257375,1397.67041015625,2790500,0.0,0.0
2019-07-09 00:00:00+09:00,1407.0950574179558,1415.57721114653,1400.4978267401757,1408.97998046875,2560800,0.0,0.0
2019-07-10 00:00:00+09:00,1398.6128472958362,1407.0950006824012,1389.188232421875,1389.188232421875,3273200,0.0,0.0
2019-07-11 00:00:00+09:00,1386.3610637631264,1402.3829115428498,1380.7062939585182,1393.9007568359375,2247300,0.0,0.0
2019-07-12 00:00:00+09:00,1404.2677316464672,1404.2677316464672,1379.7637309600186,1386.3609619140625,2793700,0.0,0.0
2019-07-16 00:00:00+09:00,1377.8788707295403,1385.4185635926294,1366.5693314349064,1379.7637939453125,2159400,0.0,0.0
2019-07-17 00:00:00+09:00,1372.2239313191562,1375.0513157930282,1357.1445474585062,1362.79931640625,2288300,0.0,0.0
2019-07-18 00:00:00+09:00,1348.6624911268948,1351.4898758043096,1318.5037212344694,1325.1009521484375,3789400,0.0,0.0
2019-07-19 00:00:00+09:00,1329.813267940945,1357.1446533203125,1329.813267940945,1357.1446533203125,2114700,0.0,0.0
2019-07-22 00:00:00+09:00,1343.9501359548426,1348.6624435844178,1332.6405976438623,1337.3529052734375,2163100,0.0,0.0
2019-07-23 00:00:00+09:00,1329.8132757343585,1339.2378914376495,1323.2160447420547,1330.7557373046875,1841200,0.0,0.0
2019-07-24 00:00:00+09:00,1327.9284204610553,1330.7558053165437,1303.4244183801559,1310.964111328125,4031600,0.0,0.0
2019-07-25 00:00:00+09:00,1301.5394521589758,1317.5612991442783,1299.6545289842345,1310.0216064453125,2309200,0.0,0.0
2019-07-26 00:00:00+09:00,1316.6186982162187,1350.5473117708243,1313.7913137533349,1346.7774658203125,2904000,0.0,0.0
2019-07-29 00:00:00+09:00,1355.2600387257544,1369.3969654162177,1351.4901916082974,1366.569580078125,3364900,0.0,0.0
2019-07-30 00:00:00+09:00,1372.2243507543103,1375.9941978717673,1363.7421947400323,1366.569580078125,2540900,0.0,0.0
2019-07-31 00:00:00+09:00,1348.6626484409026,1360.9146501388284,1340.1804934192617,1352.4324951171875,4033200,0.0,0.0
2019-08-01 00:00:00+09:00,1356.2021449929832,1369.3966064453125,1347.7199912022002,1369.3966064453125,3072000,0.0,0.0
2019-08-02 00:00:00+09:00,1356.202045219416,1365.6266598491547,1330.7555857191212,1348.662353515625,3604300,0.0,0.0
2019-08-05 00:00:00+09:00,1281.7477075859138,1297.7695539307379,1226.1424761538779,1247.819091796875,6206100,0.0,0.0
2019-08-06 00:00:00+09:00,1208.2354620818744,1247.8188391547596,1196.9259257753358,1244.991455078125,4217600,0.0,0.0
2019-08-07 00:00:00+09:00,1239.3368247405156,1255.3586696230925,1228.9697486400246,1250.6463623046875,2863300,0.0,0.0
2019-08-08 00:00:00+09:00,1261.0134440830775,1278.9202119736444,1250.6463679359074,1266.668212890625,2477200,0.0,0.0
2019-08-09 00:00:00+09:00,1284.5751048473012,1301.5394129083807,1277.977873934659,1295.8846435546875,3627500,0.0,0.0
2019-08-13 00:00:00+09:00,1275.15061954082,1277.0355428513014,1255.358924780763,1269.495849609375,2709200,0.0,0.0
2019-08-14 00:00:00+09:00,1281.7478511275056,1288.3450827141912,1262.8986180226893,1269.495849609375,2406300,0.0,0.0
2019-08-15 00:00:00+09:00,1239.3370840567131,1275.150627170139,1237.4521607349538,1272.3232421875,2312900,0.0,0.0
2019-08-16 00:00:00+09:00,1258.1858600001726,1289.2870835057947,1256.3009373634682,1280.804931640625,2648200,0.0,0.0
2019-08-19 00:00:00+09:00,1292.114962112072,1301.539578903553,1281.7478836414425,1296.8272705078125,1598300,0.0,0.0
2019-08-20 00:00:00+09:00,1300.5968853532413,1318.5036540646265,1289.287347219735,1315.67626953125,2367600,0.0,0.0
2019-08-21 00:00:00+09:00,1300.597147213279,1310.021764222071,1290.230068503608,1308.1368408203125,2171600,0.0,0.0
2019-08-22 00:00:00+09:00,1307.1941079210224,1315.676261469176,1301.53933888892,1312.848876953125,1995400,0.0,0.0
2019-08-23 00:00:00+09:00,1284.5749732784034,1309.0789713013223,1280.8051274287236,1306.2515869140625,2422100,0.0,0.0
2019-08-26 00:00:00+09:00,1265.7257838066348,1284.575013647389,1262.8983993305217,1277.977783203125,3223100,0.0,0.0
2019-08-27 00:00:00+09:00,1291.1722765470806,1300.5968917043585,1286.4599689684417,1289.287353515625,2160300,0.0,0.0
2019-08-28 00:00:00+09:00,1300.5971172244049,1303.4245022618493,1285.5177303580351,1296.8272705078125,1813300,0.0,0.0
2019-08-29 00:00:00+09:00,1297.76958643614,1299.6545095827428,1279.8628165434118,1288.344970703125,1631800,0.0,0.0
2019-08-30 00:00:00+09:00,1298.7119767448487,1299.6544382664342,1287.4024384858224,1292.11474609375,2746100,0.0,0.0
2019-09-02 00:00:00+09:00,1277.9777315579927,1287.4023460975059,1270.438039926382,1274.2078857421875,2454900,0.0,0.0
2019-09-03 00:00:00+09:00,1280.8052270991436,1289.2873809209923,1274.207996348817,1284.5750732421875,1809800,0.0,0.0
2019-09-04 00:00:00+09:00,1279.8627690795265,1286.4599998479775,1265.725846004274,1271.380615234375,1986700,0.0,0.0
2019-09-05 00:00:00+09:00,1284.5751935611327,1315.6764271543223,1278.9204238169164,1313.79150390625,4030300,0.0,0.0
2019-09-06 00:00:00+09:00,1320.3888488503,1323.2162339656113,1289.2876125818777,1294.9423828125,3200200,0.0,0.0
2019-09-09 00:00:00+09:00,1307.1941159311202,1323.2159616202543,1306.2516544199946,1315.67626953125,2265500,0.0,0.0
2019-09-10 00:00:00+09:00,1310.0217700941594,1311.9066935043668,1293.0574594022926,1294.9423828125,2504500,0.0,0.0
2019-09-11 00:00:00+09:00,1279.8626602875047,1295.8845050775544,1275.1503529963136,1290.229736328125,2966900,0.0,0.0
2019-09-12 00:00:00+09:00,1309.0792363890716,1310.9641596956073,1296.8272348965893,1298.712158203125,3852800,0.0,0.0
2019-09-13 00:00:00+09:00,1309.0791056430865,1329.813259944129,1303.4243362882567,1325.1009521484375,6948600,0.0,0.0
2019-09-17 00:00:00+09:00,1330.7557255523104,1341.122802734375,1327.9283408662927,1341.122802734375,3473500,0.0,0.0
2019-09-18 00:00:00+09:00,1341.1227752941998,1351.4898522641479,1333.5830829524193,1345.8350830078125,2825000,0.0,0.0
2019-09-19 00:00:00+09:00,1354.317308318749,1370.3391553900215,1340.180384432332,1342.0653076171875,2607900,0.0,0.0
2019-09-20 00:00:00+09:00,1345.8350428360536,1350.547350409009,1330.7556586025964,1331.6981201171875,2895700,0.0,0.0
2019-09-24 00:00:00+09:00,1320.3887305693193,1334.5256548794832,1317.5613457072864,1326.9859619140625,2271600,0.0,0.0
2019-09-25 00:00:00+09:00,1328.870822003368,1335.4680530345904,1314.7338983650343,1333.5831298828125,2440000,0.0,0.0
2019-09-26 00:00:00+09:00,1347.7201486506933,1353.3749185051715,1332.640762372084,1338.2955322265625,2764000,0.0,0.0
2019-09-27 00:00:00+09:00,1337.3468450730848,1343.9861556514618,1314.583494518649,1323.1197509765625,2765800,9.0,0.0
2019-09-30 00:00:00+09:00,1325.9654012102649,1329.7592936314675,1316.4806701572588,1322.1715087890625,2938300,0.0,0.0
2019-10-01 00:00:00+09:00,1318.377496932818,1323.1198620296989,1310.7897127778092,1313.6351318359375,2561400,0.0,0.0
2019-10-02 00:00:00+09:00,1317.42882990433,1346.831489175053,1316.4803570246293,1343.03759765625,2562300,0.0,0.0
2019-10-03 00:00:00+09:00,1314.5837301209915,1316.4806763405022,1290.8719023771064,1305.0989990234375,3414000,0.0,0.0
2019-10-04 00:00:00+09:00,1299.4081866481654,1308.892917937568,1290.871928487703,1306.9959716796875,2551500,0.0,0.0
2019-10-07 00:00:00+09:00,1310.7896027595766,1327.8621156754032,1309.8411298198084,1323.1197509765625,1375600,0.0,0.0
2019-10-08 00:00:00+09:00,1326.913532089816,1344.9345164427157,1317.4288034830267,1341.140625,1911700,0.0,0.0
2019-10-09 00:00:00+09:00,1321.2229693792467,1323.1199154946512,1309.8412926868195,1317.4290771484375,1770400,0.0,0.0
2019-10-10 00:00:00+09:00,1326.913776047459,1337.3469794331072,1311.7382074865159,1332.6046142578125,1921600,0.0,0.0
2019-10-11 00:00:00+09:00,1349.6769213195241,1352.5223399870986,1324.0681533113532,1343.986083984375,2736500,0.0,0.0
2019-10-15 00:00:00+09:00,1361.0585668314943,1369.5948226513433,1357.264675356006,1359.16162109375,2473200,0.0,0.0
2019-10-16 00:00:00+09:00,1366.749390500884,1374.3371733766694,1354.4192433277321,1358.213134765625,2496400,0.0,0.0
2019-10-17 00:00:00+09:00,1351.5740279136962,1364.852649942322,1346.8316629034728,1355.367919921875,1649900,0.0,0.0
2019-10-18 00:00:00+09:00,1362.9557598842664,1364.8527059662208,1344.9347721056993,1350.6256103515625,2657800,0.0,0.0
2019-10-21 00:00:00+09:00,1349.6768924050289,1362.0070397003665,1345.8830009295405,1359.16162109375,1237200,0.0,0.0
2019-10-23 00:00:00+09:00,1351.5738409918708,1353.4707867336137,1318.3772905113688,1333.5528564453125,3232300,0.0,0.0
2019-10-24 00:00:00+09:00,1344.9345280606683,1361.0585668314943,1341.1406365851797,1359.16162109375,2128200,0.0,0.0
2019-10-25 00:00:00+09:00,1362.955499062991,1370.5432819387765,1352.5222976087857,1358.213134765625,1969400,0.0,0.0
2019-10-28 00:00:00+09:00,1352.5223399870986,1354.4192857654816,1343.986083984375,1343.986083984375,1483800,0.0,0.0
2019-10-29 00:00:00+09:00,1348.7284078854314,1348.7284078854314,1333.5528421145686,1341.140625,2312600,0.0,0.0
2019-10-30 00:00:00+09:00,1337.3470591349774,1350.6256824171687,1336.3985860433925,1338.2955322265625,2746500,0.0,0.0
2019-10-31 00:00:00+09:00,1351.5738247493125,1371.4917547982498,1345.8829875924735,1358.213134765625,3630900,0.0,0.0
2019-11-01 00:00:00+09:00,1347.7801828187555,1358.213386204404,1325.016829977341,1332.6046142578125,3142900,0.0,0.0
2019-11-05 00:00:00+09:00,1389.5129333168827,1417.967123077638,1378.1312574125807,1415.1217041015625,5920800,0.0,0.0
2019-11-06 00:00:00+09:00,1415.1218750665232,1415.1218750665232,1384.7707356549088,1392.3585205078125,3160300,0.0,0.0
2019-11-07 00:00:00+09:00,1395.2037449369495,1414.1732044194368,1394.2552719628252,1413.2247314453125,2831200,0.0,0.0
2019-11-08 00:00:00+09:00,1421.761030582726,1436.9365986209673,1402.7915705349246,1407.533935546875,5441400,0.0,0.0
2019-11-11 00:00:00+09:00,1400.8945344293502,1406.5853720776752,1383.822021484375,1383.822021484375,2310100,0.0,0.0
2019-11-12 00:00:00+09:00,1388.5646280813608,1394.2554667210384,1373.3890583755533,1392.3585205078125,2202300,0.0,0.0
2019-11-13 00:00:00+09:00,1377.1826464299704,1381.925010914922,1356.316242696183,1362.007080078125,2663000,0.0,0.0
2019-11-14 00:00:00+09:00,1375.2858598508815,1394.2553199867557,1372.4404408305004,1381.9251708984375,2384200,0.0,0.0
2019-11-15 00:00:00+09:00,1377.1827905023463,1393.3068314379798,1376.2343175061326,1389.512939453125,2264600,0.0,0.0
2019-11-18 00:00:00+09:00,1407.5339201653612,1419.8640690616885,1403.7400281972605,1415.1217041015625,2012000,0.0,0.0
2019-11-19 00:00:00+09:00,1417.9670944366558,1424.606405246727,1406.5854187622479,1421.760986328125,2358900,0.0,0.0
2019-11-20 00:00:00+09:00,1418.9154311131388,1432.1940514577805,1416.0700124678583,1429.3486328125,1999400,0.0,0.0
2019-11-21 00:00:00+09:00,1422.7095281798704,1427.4518932738033,1396.152283653846,1417.9671630859375,2640400,0.0,0.0
2019-11-22 00:00:00+09:00,1426.5032275779179,1442.6272667194235,1424.6062817965642,1430.297119140625,2529400,0.0,0.0
2019-11-25 00:00:00+09:00,1431.2459352298347,1436.936773938502,1417.0188384581663,1419.8642578125,1629100,0.0,0.0
2019-11-26 00:00:00+09:00,1426.5034312707642,1442.627472714649,1425.554958244653,1427.451904296875,3706500,0.0,0.0
2019-11-27 00:00:00+09:00,1436.9365464996438,1465.3907355392407,1435.0396005636705,1455.906005859375,2915400,0.0,0.0
2019-11-28 00:00:00+09:00,1453.0604283949908,1453.0604283949908,1418.9154052734375,1418.9154052734375,2414100,0.0,0.0
2019-11-29 00:00:00+09:00,1430.2972719739653,1435.9881099261165,1414.1732311095375,1415.1217041015625,2446300,0.0,0.0
2019-12-02 00:00:00+09:00,1425.5548877339118,1444.5243473178627,1420.812522837924,1439.781982421875,1491500,0.0,0.0
2019-12-03 00:00:00+09:00,1417.9671058123913,1434.0911464804922,1413.2247409100087,1431.2457275390625,1843600,0.0,0.0
2019-12-04 00:00:00+09:00,1426.5032928506898,1443.5758056640625,1417.0185635099274,1443.5758056640625,1971400,0.0,0.0
2019-12-05 00:00:00+09:00,1450.215049844838,1455.9058871888988,1428.4001733592715,1430.297119140625,1582300,0.0,0.0
2019-12-06 00:00:00+09:00,1435.0394701030607,1440.7303073936214,1425.5547412854596,1429.3486328125,1398000,0.0,0.0
2019-12-09 00:00:00+09:00,1440.7304728162997,1441.678945806962,1419.864067021725,1423.657958984375,1540000,0.0,0.0
2019-12-10 00:00:00+09:00,1410.3791751772976,1431.2455785760203,1403.7398650049768,1429.3486328125,1882600,0.0,0.0
2019-12-11 00:00:00+09:00,1429.3489889936122,1431.2459352298347,1410.3795266313878,1419.8642578125,2108600,0.0,0.0
2019-12-12 00:00:00+09:00,1414.173177657589,1418.915542438466,1404.6884480958345,1411.3277587890625,2308500,0.0,0.0
2019-12-13 00:00:00+09:00,1439.782001894217,1441.6789478782675,1407.5339201653612,1415.1217041015625,5995500,0.0,0.0
2019-12-16 00:00:00+09:00,1414.173043684054,1416.069989416695,1387.6158034270763,1393.306640625,2991100,0.0,0.0
2019-12-17 00:00:00+09:00,1403.7400990164385,1403.7400990164385,1391.409949498051,1402.7916259765625,2133700,0.0,0.0
2019-12-18 00:00:00+09:00,1407.5339376986228,1415.1217217293433,1394.2553156448623,1398.9976806640625,1918600,0.0,0.0
2019-12-19 00:00:00+09:00,1401.843020922517,1404.6884397741867,1384.7705078125,1384.7705078125,1430300,0.0,0.0
2019-12-20 00:00:00+09:00,1388.5646280813608,1400.894778467329,1383.8222625482958,1392.3585205078125,2065900,0.0,0.0
2019-12-23 00:00:00+09:00,1403.7400990164385,1413.2248294151982,1395.2038416575547,1402.7916259765625,1767100,0.0,0.0
2019-12-24 00:00:00+09:00,1403.7398127666918,1418.9153783101153,1400.8943942272997,1417.0184326171875,1758500,0.0,0.0
2019-12-25 00:00:00+09:00,1411.3277721520315,1414.1731910474994,1401.8430425004722,1412.2762451171875,1124400,0.0,0.0
2019-12-26 00:00:00+09:00,1414.1732311095375,1421.7610150457388,1409.4308661494115,1415.1217041015625,1155900,0.0,0.0
2019-12-27 00:00:00+09:00,1419.8639343508823,1427.4517175671865,1404.6883679182745,1405.6368408203125,1327000,0.0,0.0
2019-12-30 00:00:00+09:00,1394.2552088325986,1398.9975734884918,1384.7704795208122,1391.4097900390625,2091800,0.0,0.0
2020-01-06 00:00:00+09:00,1371.4919300118943,1380.976659818339,1366.749565108672,1370.54345703125,2134300,0.0,0.0
2020-01-07 00:00:00+09:00,1384.770609674672,1410.37938122345,1380.0282445730463,1409.430908203125,3108400,0.0,0.0
2020-01-08 00:00:00+09:00,1387.616004617982,1406.5854646947828,1377.1828015757417,1398.9976806640625,3257500,0.0,0.0
2020-01-09 00:00:00+09:00,1427.451972788815,1467.287841796875,1425.5550266455741,1467.287841796875,3870100,0.0,0.0
2020-01-10 00:00:00+09:00,1473.9271240234375,1473.9271240234375,1457.8030821261411,1473.9271240234375,2986700,0.0,0.0
2020-01-14 00:00:00+09:00,1467.2878285317959,1477.7210322252993,1454.957678712201,1466.33935546875,1913900,0.0,0.0
2020-01-15 00:00:00+09:00,1456.854667207792,1472.0302366578733,1452.1123017546417,1460.6485595703125,1409000,0.0,0.0
2020-01-16 00:00:00+09:00,1474.8755547939202,1486.2572311010115,1469.1847166403745,1479.617919921875,1858800,0.0,0.0
2020-01-17 00:00:00+09:00,1487.2055931528662,1499.5357415654858,1485.3086472432326,1489.1025390625,3023800,0.0,0.0
2020-01-20 00:00:00+09:00,1489.1025256806684,1493.8448904121356,1483.411688002908,1488.154052734375,1480000,0.0,0.0
2020-01-21 00:00:00+09:00,1496.6901729350186,1506.1749015341,1479.6176614566725,1487.2054443359375,2731000,0.0,0.0
2020-01-22 00:00:00+09:00,1487.2058501750478,1498.5875275998567,1483.4119577001113,1490.05126953125,1812600,0.0,0.0
2020-01-23 00:00:00+09:00,1482.4632434722862,1490.0510271880753,1474.875459756497,1481.5147705078125,2068800,0.0,0.0
2020-01-24 00:00:00+09:00,1489.102621169781,1494.7934592124682,1479.617891098636,1486.2572021484375,1593500,0.0,0.0
2020-01-27 00:00:00+09:00,1467.287841796875,1475.8240994414593,1459.7000572239112,1467.287841796875,2008800,0.0,0.0
2020-01-28 00:00:00+09:00,1470.133274285368,1475.8241127664728,1462.5454896438953,1468.236328125,2031300,0.0,0.0
2020-01-29 00:00:00+09:00,1471.0817340833569,1475.8240994414593,1455.9061649374294,1467.287841796875,2608000,0.0,0.0
2020-01-30 00:00:00+09:00,1463.4937236918813,1467.2876153929622,1436.9364817843166,1442.6273193359375,3233000,0.0,0.0
2020-01-31 00:00:00+09:00,1454.957555642082,1489.1025830235128,1453.060609676447,1474.87548828125,3212700,0.0,0.0
2020-02-03 00:00:00+09:00,1455.9060702437812,1485.3087335516361,1449.2667591742656,1469.1846923828125,3035700,0.0,0.0
2020-02-04 00:00:00+09:00,1477.7208901131123,1492.8964576624126,1467.2876874229682,1490.99951171875,3212900,0.0,0.0
2020-02-05 00:00:00+09:00,1358.2132914030437,1391.4098453130343,1326.913683430767,1386.66748046875,11525700,0.0,0.0
2020-02-06 00:00:00+09:00,1394.2551793042503,1409.4307458817116,1380.9765585489718,1406.5853271484375,5559700,0.0,0.0
2020-02-07 00:00:00+09:00,1412.2763563753222,1419.86414069433,1402.7916259765625,1402.7916259765625,3405900,0.0,0.0
2020-02-10 00:00:00+09:00,1380.976843228457,1412.2764557466844,1380.028370121844,1392.3585205078125,2821500,0.0,0.0
2020-02-12 00:00:00+09:00,1372.4405546440369,1380.0283393276252,1359.1619314477573,1363.904296875,3516600,0.0,0.0
2020-02-13 00:00:00+09:00,1370.5436390557145,1392.3585205078125,1365.8012735226498,1392.3585205078125,2944300,0.0,0.0
2020-02-14 00:00:00+09:00,1381.9251327989834,1389.5129166441393,1365.8010921280277,1370.54345703125,2346000,0.0,0.0
2020-02-17 00:00:00+09:00,1358.2132285875607,1369.5949036874565,1347.7800264126563,1364.8525390625,1526700,0.0,0.0
2020-02-18 00:00:00+09:00,1358.2131482248778,1368.6463497824714,1354.4192567493894,1359.16162109375,1866300,0.0,0.0
2020-02-19 00:00:00+09:00,1365.8011145477815,1392.358358441766,1365.8011145477815,1389.512939453125,3223000,0.0,0.0
2020-02-20 00:00:00+09:00,1400.8943561567064,1412.2760300049667,1380.0279541015625,1380.0279541015625,2509000,0.0,0.0
2020-02-21 00:00:00+09:00,1369.5948351822374,1380.0280368352878,1362.9555250393873,1368.6463623046875,1897000,0.0,0.0
2020-02-25 00:00:00+09:00,1311.738154997407,1341.1408179076886,1303.2018980234543,1328.8106689453125,4494200,0.0,0.0
2020-02-26 00:00:00+09:00,1313.6350498694164,1323.1197794713617,1297.5110095461096,1316.48046875,3865600,0.0,0.0
2020-02-27 00:00:00+09:00,1304.150383828212,1308.8927488603147,1270.9538286034938,1277.5931396484375,4004500,0.0,0.0
2020-02-28 00:00:00+09:00,1223.5301646994214,1237.7572596377868,1209.3030697610561,1224.4786376953125,7553700,0.0,0.0
2020-03-02 00:00:00+09:00,1198.8699212674962,1230.169531553752,1196.9729751895413,1219.736328125,5233200,0.0,0.0
2020-03-03 00:00:00+09:00,1261.4690550817363,1270.953784819193,1223.5301361319098,1231.117919921875,5875300,0.0,0.0
2020-03-04 00:00:00+09:00,1210.2515580852983,1234.911856290798,1209.3030850773944,1216.890869140625,3238500,0.0,0.0
2020-03-05 00:00:00+09:00,1244.3966515275638,1245.3451245851304,1220.6848250883952,1230.1695556640625,4051400,0.0,0.0
2020-03-06 00:00:00+09:00,1204.560574903813,1214.9937767336885,1184.6426441376868,1197.9212646484375,3794700,0.0,0.0
2020-03-09 00:00:00+09:00,1150.4975320876338,1151.446004908811,1122.0433474523254,1140.0643310546875,4927000,0.0,0.0
2020-03-10 00:00:00+09:00,1127.7343823222127,1161.8794098778053,1086.9500438530326,1154.2916259765625,5509400,0.0,0.0
2020-03-11 00:00:00+09:00,1140.064623070087,1153.343245967742,1111.6104311465408,1117.30126953125,5539200,0.0,0.0
2020-03-12 00:00:00+09:00,1091.692207545913,1119.1979191174435,1063.2380231615714,1070.8258056640625,5532300,0.0,0.0
2020-03-13 00:00:00+09:00,965.5455393064123,1049.011165494,942.7821867097974,1013.9176635742188,9629000,0.0,0.0
2020-03-16 00:00:00+09:00,1026.2476962804794,1041.4232629537582,967.442375421524,971.2362670898438,4569600,0.0,0.0
2020-03-17 00:00:00+09:00,958.9061293916074,995.8965735521144,938.0397249933726,950.369873046875,8826200,0.0,0.0
2020-03-18 00:00:00+09:00,961.7516454303075,962.7001184534143,891.5646417204034,896.3070068359375,10113800,0.0,0.0
2020-03-19 00:00:00+09:00,925.7096380238129,931.4004759624838,813.7898252299502,828.9653930664062,9632400,0.0,0.0
2020-03-23 00:00:00+09:00,843.1924292720965,906.7401151677439,841.2954834244653,889.6676025390625,10237500,0.0,0.0
2020-03-24 00:00:00+09:00,923.8127141351878,960.8031616210938,915.2764570230557,960.8031616210938,8122600,0.0,0.0
2020-03-25 00:00:00+09:00,1027.1961789423463,1036.680908203125,995.8965723817761,1036.680908203125,7349800,0.0,0.0
2020-03-26 00:00:00+09:00,998.7420307058743,1000.6389766331409,952.2668554878421,970.287841796875,7513300,0.0,0.0
2020-03-27 00:00:00+09:00,1000.6391469531991,1013.9177707042369,971.2364800759013,999.690673828125,7781900,0.0,0.0
2020-03-30 00:00:00+09:00,973.861300035954,998.7339854985618,951.8585398190316,997.77734375,6565300,9.0,0.0
2020-03-31 00:00:00+09:00,1007.3435050964355,1013.083354128324,979.6009014423076,994.9071655273438,5545100,0.0,0.0
2020-04-01 00:00:00+09:00,978.644459400807,991.0808015046297,940.3787913890453,955.68505859375,4541700,0.0,0.0
2020-04-02 00:00:00+09:00,941.3352846011087,947.0751338974569,912.6360381193675,922.2024536132812,5748700,0.0,0.0
2020-04-03 00:00:00+09:00,917.4192978742253,940.3786963611715,898.2864658017702,906.896240234375,3896500,0.0,0.0
2020-04-06 00:00:00+09:00,903.0697380514706,966.2080883813403,901.1564547081412,959.5115966796875,3847600,0.0,0.0
2020-04-07 00:00:00+09:00,1000.6472331360633,1017.8667839930893,961.4249228506153,986.297607421875,4071000,0.0,0.0
2020-04-08 00:00:00+09:00,991.0806134468329,1000.6470286345436,960.4680848461585,992.993896484375,4159400,0.0,0.0
2020-04-09 00:00:00+09:00,992.0374876997853,1005.4304721046041,986.2976372405773,1002.560546875,3383900,0.0,0.0
2020-04-10 00:00:00+09:00,1031.2597786998297,1031.2597786998297,992.9941097313758,1009.2570190429688,4944400,0.0,0.0
2020-04-13 00:00:00+09:00,1005.4303887549867,1008.3003137466756,988.2108388048537,989.16748046875,2385400,0.0,0.0
2020-04-14 00:00:00+09:00,1007.3435531743249,1036.9994412544809,996.8204961136246,1034.1295166015625,3657600,0.0,0.0
2020-04-15 00:00:00+09:00,1007.3436695026902,1028.3897860545032,1001.6038195340138,1014.0401611328125,4703400,0.0,0.0
2020-04-16 00:00:00+09:00,1000.6472456157779,1012.1269463302993,988.2109031750465,996.8206787109375,3287800,0.0,0.0
2020-04-17 00:00:00+09:00,1017.8667870456663,1032.2164128028892,1009.2570115913327,1026.4765625,4485200,0.0,0.0
2020-04-20 00:00:00+09:00,1011.1701285169016,1025.5197519111812,1007.343562278427,1024.5631103515625,3371500,0.0,0.0
2020-04-21 00:00:00+09:00,995.8639342377152,1002.5604256302838,973.8611768049894,990.1240844726562,3793600,0.0,0.0
2020-04-22 00:00:00+09:00,971.9478290264423,973.8611121544471,944.2052236703726,970.0345458984375,5734300,0.0,0.0
2020-04-23 00:00:00+09:00,984.384197693766,987.2541224683833,968.1212906376007,978.6443481445312,2967200,0.0,0.0
2020-04-24 00:00:00+09:00,972.9044985952964,981.5142729191487,966.2080074545225,978.6443481445312,2777300,0.0,0.0
2020-04-27 00:00:00+09:00,991.0807804060571,1009.256972324701,988.2108553662713,1007.3436889648438,3527400,0.0,0.0
2020-04-28 00:00:00+09:00,1007.343735594546,1016.9101528366594,999.6906018008552,1009.2570190429688,2600900,0.0,0.0
2020-04-30 00:00:00+09:00,1033.1729487768666,1064.7421222117152,1020.7366077267747,1057.0889892578125,4864900,0.0,0.0
2020-05-01 00:00:00+09:00,1057.088837205318,1059.9587616502192,1029.3462342379387,1036.042724609375,5975000,0.0,0.0
2020-05-07 00:00:00+09:00,1023.6065521943405,1043.6960265832013,1021.6932689192108,1037.9561767578125,3506700,0.0,0.0
2020-05-08 00:00:00+09:00,1065.698642180938,1081.9615478515625,1054.2189440604968,1081.9615478515625,4750400,0.0,0.0
2020-05-11 00:00:00+09:00,1099.1811385007247,1121.1838941016968,1086.7447983784364,1113.53076171875,4610500,0.0,0.0
2020-05-12 00:00:00+09:00,1114.4874032666182,1116.400686362355,1098.2244969528565,1113.53076171875,3603000,0.0,0.0
2020-05-13 00:00:00+09:00,1090.5713921908675,1109.7042236328125,1088.658109046673,1109.7042236328125,3617900,0.0,0.0
2020-05-14 00:00:00+09:00,1099.1812613274385,1101.0945446369728,1084.8316365059316,1088.658203125,4056100,0.0,0.0
2020-05-15 00:00:00+09:00,1069.5253672382078,1079.0917837609109,1058.0456674109641,1068.5687255859375,6569400,0.0,0.0
2020-05-18 00:00:00+09:00,1065.6988471937136,1081.00511429883,1063.7855638055742,1070.4820556640625,3188600,0.0,0.0
2020-05-19 00:00:00+09:00,1084.8315656795057,1116.4007382257348,1083.8749240871957,1110.660888671875,5696500,0.0,0.0
2020-05-20 00:00:00+09:00,1123.0972007668188,1145.099956829542,1115.444068223263,1139.360107421875,5368500,0.0,0.0
2020-05-21 00:00:00+09:00,1150.8397829156172,1171.8858969838996,1147.9698582699423,1163.276123046875,5705000,0.0,0.0
2020-05-22 00:00:00+09:00,1171.8862015679972,1184.322544931576,1155.623291015625,1155.623291015625,5138100,0.0,0.0
2020-05-25 00:00:00+09:00,1173.7993771993954,1208.238478730918,1169.9728103625596,1206.3251953125,3332200,0.0,0.0
2020-05-26 00:00:00+09:00,1213.9782246602456,1226.4145658112175,1197.7153170012825,1212.06494140625,3907900,0.0,0.0
2020-05-27 00:00:00+09:00,1195.8018977467607,1198.671822301353,1174.7557843464176,1176.6690673828125,4849500,0.0,0.0
2020-05-28 00:00:00+09:00,1185.2790724044728,1213.0216818473539,1175.7126553552034,1211.1083984375,3604400,0.0,0.0
2020-05-29 00:00:00+09:00,1201.5419796372992,1204.4119047478978,1185.27907067724,1191.0189208984375,6031500,0.0,0.0
2020-06-01 00:00:00+09:00,1207.2816396971498,1217.8046967785037,1197.715224168646,1208.23828125,3887800,0.0,0.0
2020-06-02 00:00:00+09:00,1204.4119011543569,1222.5880934672502,1201.541976052321,1215.8916015625,2898800,0.0,0.0
2020-06-03 00:00:00+09:00,1234.067759513855,1242.6775345802307,1213.9782843589783,1224.5013427734375,3916900,0.0,0.0
2020-06-04 00:00:00+09:00,1243.634094854798,1248.4173029119318,1224.5012626262626,1231.19775390625,3881800,0.0,0.0
2020-06-05 00:00:00+09:00,1224.501257739938,1238.850881854078,1214.9348416638447,1235.98095703125,3643800,0.0,0.0
2020-06-08 00:00:00+09:00,1257.0271770823565,1283.8131443261207,1252.24396864597,1275.203369140625,4403000,0.0,0.0
2020-06-09 00:00:00+09:00,1272.3333656624573,1278.073215432363,1248.4173249545163,1257.027099609375,2809200,0.0,0.0
2020-06-10 00:00:00+09:00,1253.2007186820395,1269.4636287718065,1244.5909427521628,1264.680419921875,3629500,0.0,0.0
2020-06-11 00:00:00+09:00,1241.7208823507146,1262.7669990007269,1232.1544656916183,1234.0677490234375,4355500,0.0,0.0
2020-06-12 00:00:00+09:00,1205.3684130664842,1226.414528215264,1175.712523538658,1200.585205078125,10321200,0.0,0.0
2020-06-15 00:00:00+09:00,1171.8860275332938,1195.8020689115242,1130.7504363627372,1133.620361328125,6138300,0.0,0.0
2020-06-16 00:00:00+09:00,1178.5824483316733,1207.2816962618276,1176.6691651363296,1200.585205078125,6200000,0.0,0.0
2020-06-17 00:00:00+09:00,1198.6718416183126,1199.6284831519265,1174.7558032779632,1182.408935546875,3418100,0.0,0.0
2020-06-18 00:00:00+09:00,1172.8428142266068,1183.3658737343496,1161.363112945433,1179.539306640625,3013400,0.0,0.0
2020-06-19 00:00:00+09:00,1189.1055059060634,1200.585205078125,1179.5390899293452,1200.585205078125,5024700,0.0,0.0
2020-06-22 00:00:00+09:00,1184.3223643075485,1195.8020641231305,1176.6692310971605,1183.36572265625,2312400,0.0,0.0
2020-06-23 00:00:00+09:00,1210.151478604759,1212.0647615748849,1173.7991021723628,1194.84521484375,3342600,0.0,0.0
2020-06-24 00:00:00+09:00,1194.8453417222984,1199.628549655534,1186.235567442474,1190.0621337890625,2814200,0.0,0.0
2020-06-25 00:00:00+09:00,1171.8860014608085,1179.539134531573,1153.7098104177428,1157.536376953125,3113400,0.0,0.0
2020-06-26 00:00:00+09:00,1171.8861721529818,1171.8861721529818,1152.7533366892596,1159.4498291015625,2841400,0.0,0.0
2020-06-29 00:00:00+09:00,1150.8399694502707,1155.6231779683517,1122.1407183417853,1125.96728515625,3619700,0.0,0.0
2020-06-30 00:00:00+09:00,1140.317057020173,1157.5366098946388,1138.4037733674547,1147.0135498046875,4098300,0.0,0.0
2020-07-01 00:00:00+09:00,1147.9698815333752,1159.449580348709,1133.620258014208,1139.360107421875,2458200,0.0,0.0
2020-07-02 00:00:00+09:00,1142.2301704251036,1149.8833038952887,1122.1406950658682,1125.0106201171875,2430000,0.0,0.0
2020-07-03 00:00:00+09:00,1127.880626512043,1136.490402286944,1107.7911497039404,1118.314208984375,2390800,0.0,0.0
2020-07-06 00:00:00+09:00,1109.7043099503137,1149.8832591036871,1108.7476683038049,1143.186767578125,2465500,0.0,0.0
2020-07-07 00:00:00+09:00,1136.4903256931843,1142.2301758229478,1118.3141336155998,1120.2274169921875,3107600,0.0,0.0
2020-07-08 00:00:00+09:00,1109.7043584209543,1125.0106254336572,1104.9211499794847,1120.2274169921875,3411800,0.0,0.0
2020-07-09 00:00:00+09:00,1129.793766365019,1149.883240618758,1128.8371247338887,1137.4468994140625,4112500,0.0,0.0
2020-07-10 00:00:00+09:00,1150.8398062372087,1150.8398062372087,1129.7936917424302,1139.360107421875,4748200,0.0,0.0
2020-07-13 00:00:00+09:00,1154.6665344238281,1174.7560101677389,1153.709892721737,1170.929443359375,3181600,0.0,0.0
2020-07-14 00:00:00+09:00,1163.2762349612563,1172.8426513671875,1158.4930267582904,1172.8426513671875,2700300,0.0,0.0
2020-07-15 00:00:00+09:00,1181.4522469642675,1190.0620204239262,1167.1026245315031,1180.49560546875,3131000,0.0,0.0
2020-07-16 00:00:00+09:00,1192.93212890625,1210.1516784814805,1180.4957875463613,1192.93212890625,3573100,0.0,0.0
2020-07-17 00:00:00+09:00,1199.6287102874778,1223.544753156048,1195.8021434285067,1221.6314697265625,4683600,0.0,0.0
2020-07-20 00:00:00+09:00,1231.1977489932033,1240.7641650692965,1225.4578993475473,1235.98095703125,4035000,0.0,0.0
2020-07-21 00:00:00+09:00,1239.807625679348,1246.5041174847147,1208.2384500254755,1210.1517333984375,3929600,0.0,0.0
2020-07-22 00:00:00+09:00,1214.934677354299,1214.934677354299,1196.758489267896,1204.41162109375,3001200,0.0,0.0
2020-07-27 00:00:00+09:00,1194.845388740062,1200.5852384858108,1181.4524059999812,1191.9754638671875,2910400,0.0,0.0
2020-07-28 00:00:00+09:00,1190.0622791949045,1213.0216800796936,1190.0622791949045,1191.0189208984375,2515500,0.0,0.0
2020-07-29 00:00:00+09:00,1182.4089075888355,1190.0620396767893,1177.6257000338646,1186.2354736328125,1860400,0.0,0.0
2020-07-30 00:00:00+09:00,1195.8019356978566,1198.6718603435315,1161.3628399497584,1163.276123046875,2854500,0.0,0.0
2020-07-31 00:00:00+09:00,1158.4929387807645,1166.1460713243205,1138.4034658539306,1139.360107421875,3285800,0.0,0.0
2020-08-03 00:00:00+09:00,1161.3627755583975,1181.4522469642675,1154.666285089774,1180.49560546875,3587000,0.0,0.0
2020-08-04 00:00:00+09:00,1189.105529104828,1213.0215695132117,1189.105529104828,1201.5418701171875,2805400,0.0,0.0
2020-08-05 00:00:00+09:00,1200.5852384858108,1204.4118049829767,1189.105538994313,1191.9754638671875,2338100,0.0,0.0
2020-08-06 00:00:00+09:00,1183.365709413712,1191.0188425384572,1168.0594431642219,1172.8426513671875,3213200,0.0,0.0
2020-08-07 00:00:00+09:00,1174.7558263121903,1177.6257509693048,1149.8831459505316,1158.492919921875,3953900,0.0,0.0
2020-08-11 00:00:00+09:00,1139.3602898796237,1172.842750119579,1110.6610382453762,1171.8861083984375,8713600,0.0,0.0
2020-08-12 00:00:00+09:00,1158.4932047526042,1210.1518612816221,1154.6666376023065,1205.36865234375,6459700,0.0,0.0
2020-08-13 00:00:00+09:00,1214.9347304702735,1233.1109193513248,1212.0648059101075,1226.4144287109375,6005200,0.0,0.0
2020-08-14 00:00:00+09:00,1238.8508015023567,1241.7207261390417,1211.1081966810684,1217.8046875,4322700,0.0,0.0
2020-08-17 00:00:00+09:00,1205.3683659217877,1207.2816490422983,1191.018742517957,1198.671875,2318800,0.0,0.0
2020-08-18 00:00:00+09:00,1190.0623661483678,1197.715500335817,1173.7994560000382,1179.539306640625,2493200,0.0,0.0
2020-08-19 00:00:00+09:00,1181.4523731246888,1208.2383378594996,1177.6258067340016,1200.585205078125,1858400,0.0,0.0
2020-08-20 00:00:00+09:00,1195.8020877375934,1195.8020877375934,1177.625896003982,1184.3223876953125,2037000,0.0,0.0
2020-08-21 00:00:00+09:00,1194.8452562285631,1197.7151807831553,1172.8425013100227,1176.6690673828125,2080800,0.0,0.0
2020-08-24 00:00:00+09:00,1173.7993503814848,1173.7993503814848,1159.4497250711977,1165.1895751953125,2107000,0.0,0.0
2020-08-25 00:00:00+09:00,1179.5392611080085,1200.585379311071,1177.6259776350028,1197.7154541015625,2629200,0.0,0.0
2020-08-26 00:00:00+09:00,1195.8018887427545,1196.7585302537486,1182.4089075888355,1186.2354736328125,1208600,0.0,0.0
2020-08-27 00:00:00+09:00,1186.2358457742914,1188.1491293965082,1177.6260694743169,1181.45263671875,1632200,0.0,0.0
2020-08-28 00:00:00+09:00,1179.5393596488252,1192.9323450787388,1138.4037615426619,1156.5799560546875,3709500,0.0,0.0
2020-08-31 00:00:00+09:00,1171.8861721529818,1185.2791569775875,1159.4498291015625,1159.4498291015625,3858700,0.0,0.0
2020-09-01 00:00:00+09:00,1156.579792549527,1159.449717593074,1143.186809012973,1149.88330078125,2304400,0.0,0.0
2020-09-02 00:00:00+09:00,1147.9700174188852,1154.666509187162,1144.1434506941555,1149.88330078125,2210400,0.0,0.0
2020-09-03 00:00:00+09:00,1156.5798394592894,1166.146256659118,1151.796630859375,1151.796630859375,1966000,0.0,0.0
2020-09-04 00:00:00+09:00,1128.83718685228,1139.3602453737842,1119.2707700145488,1125.0106201171875,2600700,0.0,0.0
2020-09-07 00:00:00+09:00,1145.0999336242676,1174.7558216295743,1139.3600843329177,1163.276123046875,2850900,0.0,0.0
2020-09-08 00:00:00+09:00,1172.8426313813577,1193.8887471157705,1169.0160648841918,1191.9754638671875,2883400,0.0,0.0
2020-09-09 00:00:00+09:00,1179.5392241255,1179.5392241255,1162.3196734083392,1166.146240234375,3143000,0.0,0.0
2020-09-10 00:00:00+09:00,1179.5391459032928,1194.8454121923867,1172.8426544018143,1192.93212890625,2622000,0.0,0.0
2020-09-11 00:00:00+09:00,1221.6311677019212,1221.6311677019212,1187.1920744855788,1204.41162109375,5631900,0.0,0.0
2020-09-14 00:00:00+09:00,1191.0188456201133,1202.4985453369336,1187.1922790478397,1192.93212890625,2864700,0.0,0.0
2020-09-15 00:00:00+09:00,1187.1924583798364,1206.3252941313244,1181.4526076543898,1205.36865234375,2207600,0.0,0.0
2020-09-16 00:00:00+09:00,1209.1951132655622,1209.1951132655622,1186.235712380773,1191.0189208984375,2195300,0.0,0.0
2020-09-17 00:00:00+09:00,1172.8427354901864,1213.021687276963,1171.8860937809775,1206.3251953125,2876900,0.0,0.0
2020-09-18 00:00:00+09:00,1221.6316174343394,1298.1629638671875,1217.805050112697,1298.1629638671875,8815100,0.0,0.0
2020-09-23 00:00:00+09:00,1319.2088494506404,1358.4311575198763,1305.8158662074868,1353.64794921875,8519400,0.0,0.0
2020-09-24 00:00:00+09:00,1378.5208218692883,1381.39074724445,1327.8188069081,1341.2117919921875,8304700,0.0,0.0
2020-09-25 00:00:00+09:00,1329.7318019321986,1350.777916782924,1312.5122534179686,1339.2982177734375,5789100,0.0,0.0
2020-09-28 00:00:00+09:00,1363.2145354262736,1366.084460764013,1321.1222971394272,1335.471923828125,5102800,0.0,0.0
2020-09-29 00:00:00+09:00,1381.6887128110177,1398.0571505237615,1312.3635648511618,1370.134521484375,9722000,9.0,0.0
2020-09-30 00:00:00+09:00,1314.2892092208747,1336.434741683937,1290.2179782827636,1292.1436767578125,9078000,0.0,0.0
2020-10-02 00:00:00+09:00,1302.7350997754124,1313.3264420500093,1286.3666617146719,1291.180908203125,4532500,0.0,0.0
2020-10-05 00:00:00+09:00,1300.8093018288869,1326.8062308809817,1300.8093018288869,1322.954833984375,3317800,0.0,0.0
2020-10-06 00:00:00+09:00,1337.397383850007,1339.3230820268968,1291.1806276046505,1295.994873046875,3472400,0.0,0.0
2020-10-07 00:00:00+09:00,1284.4405878553541,1290.217681953654,1275.774946707904,1279.6263427734375,3889800,0.0,0.0
2020-10-08 00:00:00+09:00,1279.626630412486,1292.1436704390942,1262.2953442217977,1283.47802734375,3903200,0.0,0.0
2020-10-09 00:00:00+09:00,1296.9578465602413,1299.8463941026916,1289.255053113707,1298.883544921875,4582000,0.0,0.0
2020-10-12 00:00:00+09:00,1299.8464223500846,1301.7721207535662,1278.663739911787,1282.51513671875,3370200,0.0,0.0
2020-10-13 00:00:00+09:00,1292.143484238065,1307.5490697431387,1287.3292387677295,1304.6605224609375,3223300,0.0,0.0
2020-10-14 00:00:00+09:00,1303.6977099609376,1304.660559082031,1287.3292749023437,1299.8463134765625,2677900,0.0,0.0
2020-10-15 00:00:00+09:00,1291.1808233204001,1293.1065217891853,1281.5523309764747,1286.3665771484375,2652600,0.0,0.0
2020-10-16 00:00:00+09:00,1271.9238910011238,1272.8867402751596,1243.0384127800537,1244.964111328125,4293700,0.0,0.0
2020-10-19 00:00:00+09:00,1257.4809666635053,1274.8122510432472,1256.5181175312973,1269.03515625,2244000,0.0,0.0
2020-10-20 00:00:00+09:00,1266.1466040262362,1274.8122461830696,1257.4809618694026,1263.258056640625,2682400,0.0,0.0
2020-10-21 00:00:00+09:00,1268.0722730817838,1285.4035569963412,1266.1465748690553,1276.7379150390625,2843100,0.0,0.0
2020-10-22 00:00:00+09:00,1272.886453543312,1272.886453543312,1243.0381327718726,1249.778076171875,2505000,0.0,0.0
2020-10-23 00:00:00+09:00,1254.5924416324808,1259.4066873793438,1243.0382518400097,1246.8896484375,1650700,0.0,0.0
2020-10-26 00:00:00+09:00,1241.1126206735833,1242.0754698750368,1218.9670890401524,1228.5955810546875,2550300,0.0,0.0
2020-10-27 00:00:00+09:00,1211.2643588254398,1217.0414543365307,1197.7844692995604,1204.5244140625,3438300,0.0,0.0
2020-10-28 00:00:00+09:00,1189.1186866666985,1191.0443849447013,1171.7874021646737,1181.4158935546875,3627200,0.0,0.0
2020-10-29 00:00:00+09:00,1163.1219539595318,1181.4160906526038,1160.2334060606256,1171.78759765625,2349100,0.0,0.0
2020-10-30 00:00:00+09:00,1169.861745241855,1170.8245944148937,1130.384929147274,1131.3477783203125,4588300,0.0,0.0
2020-11-02 00:00:00+09:00,1136.1621546243155,1154.456291012334,1135.1993053407355,1142.902099609375,3518500,0.0,0.0
2020-11-04 00:00:00+09:00,1279.6264967042866,1290.2178371585735,1248.8153244736343,1269.03515625,12280000,0.0,0.0
2020-11-05 00:00:00+09:00,1273.8494960827773,1289.2550833369908,1266.1467024556707,1285.4036865234375,6766200,0.0,0.0
2020-11-06 00:00:00+09:00,1269.035226903362,1311.400591079195,1266.1466793459188,1307.5491943359375,5734600,0.0,0.0
2020-11-09 00:00:00+09:00,1324.880484214626,1335.47182529483,1311.4005955670934,1313.3262939453125,5775100,0.0,0.0
2020-11-10 00:00:00+09:00,1333.546122352926,1340.2860666536267,1290.2179089912786,1307.5491943359375,5262300,0.0,0.0
2020-11-11 00:00:00+09:00,1320.0663396502603,1347.9889682788944,1312.3635455458095,1341.2490234375,5653200,0.0,0.0
2020-11-12 00:00:00+09:00,1353.7658593329672,1355.6915575681492,1330.6574805107828,1342.211669921875,5607900,0.0,0.0
2020-11-13 00:00:00+09:00,1337.397618276498,1337.397618276498,1305.6235927882876,1329.69482421875,5012600,0.0,0.0
2020-11-16 00:00:00+09:00,1333.5460180346079,1345.1002073605396,1323.917526929665,1330.657470703125,2929400,0.0,0.0
2020-11-17 00:00:00+09:00,1344.1374419989613,1349.9145370218796,1330.6575536121522,1332.583251953125,3390700,0.0,0.0
2020-11-18 00:00:00+09:00,1330.6577524311228,1339.3233962602692,1321.0292592876272,1325.843505859375,2890700,0.0,0.0
2020-11-19 00:00:00+09:00,1342.2117366832385,1342.2117366832385,1310.437714222301,1323.9176025390625,3386100,0.0,0.0
2020-11-20 00:00:00+09:00,1320.0662905485733,1333.5461797299592,1318.1405920940897,1328.73193359375,2564900,0.0,0.0
2020-11-24 00:00:00+09:00,1330.6574084507436,1359.5428804142184,1326.8060121889469,1351.840087890625,3775300,0.0,0.0
2020-11-25 00:00:00+09:00,1368.20840997211,1382.6511447712528,1359.5427690926244,1363.3941650390625,4159100,0.0,0.0
2020-11-26 00:00:00+09:00,1364.357219227951,1368.2086157536473,1353.7658787822859,1365.320068359375,2299300,0.0,0.0
2020-11-27 00:00:00+09:00,1348.951710572843,1363.3944483734087,1345.1003138260255,1361.46875,3302400,0.0,0.0
2020-11-30 00:00:00+09:00,1361.468647278008,1364.3571946201819,1335.471721198442,1336.4345703125,3321500,0.0,0.0
2020-12-01 00:00:00+09:00,1342.2115532575335,1356.6542887660435,1331.620213884626,1347.9886474609375,2519100,0.0,0.0
2020-12-02 00:00:00+09:00,1343.17459743143,1348.9516924741456,1326.8061614770684,1338.3603515625,2846300,0.0,0.0
2020-12-03 00:00:00+09:00,1329.694822181292,1335.4719177157508,1323.917726646833,1326.8062744140625,1888400,0.0,0.0
2020-12-04 00:00:00+09:00,1309.4749511365692,1331.6204833984375,1307.5492526790154,1331.6204833984375,1772400,0.0,0.0
2020-12-07 00:00:00+09:00,1337.3974609375,1342.2117066572175,1333.5460643617262,1337.3974609375,1749700,0.0,0.0
2020-12-08 00:00:00+09:00,1338.3604258661685,1340.286124320652,1326.8062351392664,1328.73193359375,1601800,0.0,0.0
2020-12-09 00:00:00+09:00,1333.546022970326,1336.4345703125,1324.880380943804,1336.4345703125,2065100,0.0,0.0
2020-12-10 00:00:00+09:00,1332.5831935171163,1335.4717409019079,1307.5491161822572,1311.4005126953125,2415000,0.0,0.0
2020-12-11 00:00:00+09:00,1313.3263223105744,1316.2148699402899,1285.4036952233262,1296.9578857421875,4158600,0.0,0.0
2020-12-14 00:00:00+09:00,1309.4749878106857,1334.5090684600077,1307.5492892991995,1326.8062744140625,2499200,0.0,0.0
2020-12-15 00:00:00+09:00,1315.2519092083678,1318.1404565931591,1304.6605687974659,1311.4005126953125,1486300,0.0,0.0
2020-12-16 00:00:00+09:00,1320.0661548496869,1326.8060987475335,1309.474814438785,1311.4005126953125,1964800,0.0,0.0
2020-12-17 00:00:00+09:00,1310.4376320279782,1321.9918212890625,1303.6976882923457,1321.9918212890625,1840000,0.0,0.0
2020-12-18 00:00:00+09:00,1313.3262961777616,1316.21484375,1303.6978042703,1316.21484375,2922400,0.0,0.0
2020-12-21 00:00:00+09:00,1319.103397990382,1330.657588337743,1312.3634536210882,1324.8804931640625,1590700,0.0,0.0
2020-12-22 00:00:00+09:00,1305.6236476684844,1313.3264420500093,1285.4038124169813,1291.180908203125,2507400,0.0,0.0
2020-12-23 00:00:00+09:00,1290.2178657565546,1306.5863013668989,1283.477921681707,1303.69775390625,1820200,0.0,0.0
2020-12-24 00:00:00+09:00,1306.586421624896,1312.3635170779169,1296.9579292031945,1300.809326171875,1084100,0.0,0.0
2020-12-25 00:00:00+09:00,1303.6977220695971,1318.1404590201466,1302.7348729395605,1314.2890625,1244100,0.0,0.0
2020-12-28 00:00:00+09:00,1321.9920178733148,1325.8434148663907,1303.6978821562043,1312.363525390625,1526200,0.0,0.0
2020-12-29 00:00:00+09:00,1321.991817240153,1367.2457250407992,1320.0661190358703,1364.357177734375,3325900,0.0,0.0
2020-12-30 00:00:00+09:00,1367.2457200124024,1383.6141546886074,1353.7658326319986,1358.580078125,3070600,0.0,0.0
2021-01-04 00:00:00+09:00,1370.1344321793943,1372.060130608318,1345.1003526033828,1359.5430908203125,1695600,0.0,0.0
2021-01-05 00:00:00+09:00,1355.6914451458038,1363.3942374477685,1348.9515018815846,1353.7657470703125,2200900,0.0,0.0
2021-01-06 00:00:00+09:00,1346.0631563125557,1353.7659497678492,1339.3232120391738,1352.8031005859375,1860700,0.0,0.0
2021-01-07 00:00:00+09:00,1360.505848522436,1400.9455128097272,1357.617301073344,1397.0941162109375,4486900,0.0,0.0
2021-01-08 00:00:00+09:00,1414.425346811211,1429.8309326171875,1399.0197610052346,1429.8309326171875,4754300,0.0,0.0
2021-01-12 00:00:00+09:00,1421.1655799278847,1452.9396071213944,1418.277032001202,1439.459716796875,3514400,0.0,0.0
2021-01-13 00:00:00+09:00,1431.756665187828,1436.5709108676795,1407.6854367885705,1422.128173828125,3270800,0.0,0.0
2021-01-14 00:00:00+09:00,1403.8340902238883,1448.125152055369,1403.8340902238883,1434.645263671875,3214500,0.0,0.0
2021-01-15 00:00:00+09:00,1431.7565841158607,1435.60798044166,1419.2395460570133,1423.0909423828125,3029200,0.0,0.0
2021-01-18 00:00:00+09:00,1415.3882524367048,1416.3511015880224,1393.2427219564026,1399.982666015625,3144200,0.0,0.0
2021-01-19 00:00:00+09:00,1399.982559369958,1433.6822770989459,1396.1311630580735,1417.3138427734375,2074900,0.0,0.0
2021-01-20 00:00:00+09:00,1429.8309788435458,1448.1251125795911,1422.1281856915266,1436.5709228515625,2924700,0.0,0.0
2021-01-21 00:00:00+09:00,1459.679267578125,1465.4563623046874,1435.6080395507813,1444.273681640625,2333600,0.0,0.0
2021-01-22 00:00:00+09:00,1435.6080395507813,1451.976474609375,1430.7937939453125,1444.273681640625,2361300,0.0,0.0
2021-01-25 00:00:00+09:00,1451.976645281457,1455.828042218543,1442.3481529387416,1453.90234375,3185900,0.0,0.0
2021-01-26 00:00:00+09:00,1456.7908083968832,1460.64220511439,1444.2737690649867,1451.9765625,3354100,0.0,0.0
2021-01-27 00:00:00+09:00,1463.5309755204946,1492.4164553005044,1458.716728890493,1479.8994140625,3606700,0.0,0.0
2021-01-28 00:00:00+09:00,1447.1624521937847,1477.010779551075,1442.3482058458346,1472.196533203125,5577100,0.0,0.0
2021-01-29 00:00:00+09:00,1477.973485710459,1506.8589610012173,1441.3852170088321,1446.199462890625,8244600,0.0,0.0
2021-02-01 00:00:00+09:00,1461.6050425303706,1496.2676127089564,1453.9022491573517,1488.5648193359375,4480000,0.0,0.0
2021-02-02 00:00:00+09:00,1488.5648629662298,1511.6732437626008,1476.0478233681956,1492.416259765625,4636000,0.0,0.0
2021-02-03 00:00:00+09:00,1502.0446193128148,1537.670036565747,1494.341826393262,1529.00439453125,4740700,0.0,0.0
2021-02-04 00:00:00+09:00,1516.4873681986478,1520.3387646893111,1488.5647436413394,1495.3046875,4708900,0.0,0.0
2021-02-05 00:00:00+09:00,1572.332888971561,1668.6178178736773,1564.6300946593917,1637.806640625,9618400,0.0,0.0
2021-02-08 00:00:00+09:00,1612.7722997784826,1623.36364025464,1592.5524679603643,1614.697998046875,5590800,0.0,0.0
2021-02-09 00:00:00+09:00,1622.4007494068373,1622.4007494068373,1599.292370780271,1613.735107421875,3230000,0.0,0.0
2021-02-10 00:00:00+09:00,1608.9211600475512,1643.5837344112329,1607.9583107596711,1634.9180908203125,3520600,0.0,0.0
2021-02-12 00:00:00+09:00,1640.6950420132644,1640.6950420132644,1584.8497882358176,1606.032470703125,4716700,0.0,0.0
2021-02-15 00:00:00+09:00,1593.5153170945605,1614.697998046875,1586.7753731551877,1614.697998046875,2705400,0.0,0.0
2021-02-16 00:00:00+09:00,1606.032512100247,1626.252345885682,1601.218265960858,1606.995361328125,3625700,0.0,0.0
2021-02-17 00:00:00+09:00,1605.0694580078125,1613.735099952666,1592.5524196430247,1605.0694580078125,2951900,0.0,0.0
2021-02-18 00:00:00+09:00,1595.4410329281707,1607.958071810528,1577.1468991770328,1586.775390625,3040100,0.0,0.0
2021-02-19 00:00:00+09:00,1587.7383864933893,1587.7383864933893,1553.075814077524,1564.6300048828125,2459500,0.0,0.0
2021-02-22 00:00:00+09:00,1581.961078669749,1583.8867768787202,1555.0013037441538,1556.927001953125,2804000,0.0,0.0
2021-02-24 00:00:00+09:00,1565.5925265892156,1592.552299494811,1558.8525833628169,1562.7039794921875,4675700,0.0,0.0
2021-02-25 00:00:00+09:00,1572.3327311494925,1587.7383182275034,1561.74139003336,1582.924072265625,3285700,0.0,0.0
2021-02-26 00:00:00+09:00,1607.9582204026442,1608.9210696364182,1564.6300048828125,1564.6300048828125,5233200,0.0,0.0
2021-03-01 00:00:00+09:00,1650.3234388061594,1706.16868936086,1647.4348913636748,1691.7259521484375,14048100,0.0,0.0
2021-03-02 00:00:00+09:00,1679.2090260046625,1693.651764187042,1613.7352795778752,1626.2523193359375,11490700,0.0,0.0
2021-03-03 00:00:00+09:00,1613.735408399471,1662.8407221395503,1608.921161954365,1637.806640625,5955800,0.0,0.0
2021-03-04 00:00:00+09:00,1625.2894744422936,1655.1378000985205,1612.7724346509726,1632.0294189453125,4479800,0.0,0.0
2021-03-05 00:00:00+09:00,1645.509222156483,1681.1346412435455,1617.5865963855422,1678.24609375,7688800,0.0,0.0
2021-03-08 00:00:00+09:00,1665.7289893604884,1667.6546876140844,1632.9921190493574,1648.397705078125,5092900,0.0,0.0
2021-03-09 00:00:00+09:00,1648.3976038216445,1671.5059814453125,1643.5833584833804,1671.5059814453125,3942800,0.0,0.0
2021-03-10 00:00:00+09:00,1655.1377183446343,1687.874590028007,1654.1748691774762,1684.023193359375,4614500,0.0,0.0
2021-03-11 00:00:00+09:00,1670.5433050191627,1695.577383365271,1668.6176066848466,1684.023193359375,4258400,0.0,0.0
2021-03-12 00:00:00+09:00,1673.4318136567051,1686.9117016838593,1658.0262273399576,1685.9488525390625,6656900,0.0,0.0
2021-03-15 00:00:00+09:00,1683.0603578629034,1710.020134762309,1676.3204136380518,1701.3544921875,5256200,0.0,0.0
2021-03-16 00:00:00+09:00,1694.61436954734,1702.3171621361914,1672.4688408543916,1683.0601806640625,3727400,0.0,0.0
2021-03-17 00:00:00+09:00,1674.3947130406525,1701.3544899038718,1670.543316345907,1698.4659423828125,3424800,0.0,0.0
2021-03-18 00:00:00+09:00,1704.2431640625,1718.6859027409957,1695.5775208554026,1704.2431640625,3729700,0.0,0.0
2021-03-19 00:00:00+09:00,1683.0602413804047,1687.8744869221107,1650.323371696804,1658.989013671875,7315700,0.0,0.0
2021-03-22 00:00:00+09:00,1636.8435179596393,1659.9518970367164,1628.177875805735,1651.2862548828125,3722900,0.0,0.0
2021-03-23 00:00:00+09:00,1653.2122272900333,1657.0636244415534,1629.1409950930322,1634.9180908203125,4598200,0.0,0.0
2021-03-24 00:00:00+09:00,1621.4380732751442,1643.5836051547928,1611.809581153558,1626.2523193359375,4589900,0.0,0.0
2021-03-25 00:00:00+09:00,1631.0664303241915,1665.7289990914117,1627.2150337945004,1659.951904296875,3883400,0.0,0.0
2021-03-26 00:00:00+09:00,1669.580363776567,1681.134553145263,1658.026174407871,1670.543212890625,3905000,0.0,0.0
2021-03-29 00:00:00+09:00,1685.948941336986,1690.7631873145333,1630.1036879974401,1642.6207275390625,7564200,0.0,0.0
2021-03-30 00:00:00+09:00,1654.236225447718,1682.3069396302715,1642.6207575101098,1675.53125,3779400,9.0,0.0
2021-03-31 00:00:00+09:00,1671.6592882894593,1680.370888517951,1657.1399545753065,1658.10791015625,3082600,0.0,0.0
2021-04-01 00:00:00+09:00,1685.2107758665338,1686.17873151034,1628.10139288197,1642.6207275390625,4893600,0.0,0.0
2021-04-02 00:00:00+09:00,1646.4924936081632,1658.107960935205,1640.6847599446423,1647.46044921875,2289500,0.0,0.0
2021-04-05 00:00:00+09:00,1657.1399977863045,1661.0118202110389,1639.716796875,1639.716796875,2368500,0.0,0.0
2021-04-06 00:00:00+09:00,1664.8835776953356,1664.8835776953356,1636.8128662109375,1636.8128662109375,3285700,0.0,0.0
2021-04-07 00:00:00+09:00,1645.524478000679,1673.59518968422,1641.6526556995009,1648.4283447265625,3874000,0.0,0.0
2021-04-08 00:00:00+09:00,1662.9478051085603,1663.915760757634,1642.6207364780134,1652.30029296875,2156100,0.0,0.0
2021-04-09 00:00:00+09:00,1671.659326199729,1701.6659498894753,1661.9797701707787,1696.826171875,7798300,0.0,0.0
2021-04-12 00:00:00+09:00,1694.8901730003665,1706.5056396342925,1666.8194619683788,1670.6912841796875,3349200,0.0,0.0
2021-04-13 00:00:00+09:00,1677.4670081079073,1712.313408737962,1676.4990525348503,1705.5377197265625,3871800,0.0,0.0
2021-04-14 00:00:00+09:00,1694.890186949982,1696.8260980715697,1671.6592534909303,1684.24267578125,2240000,0.0,0.0
2021-04-15 00:00:00+09:00,1676.4990332479729,1688.1144999910305,1675.5310776860513,1686.1785888671875,1724600,0.0,0.0
2021-04-16 00:00:00+09:00,1693.9222294112756,1696.8260960902662,1676.499029337331,1682.3067626953125,2651600,0.0,0.0
2021-04-19 00:00:00+09:00,1669.7235589278373,1674.5633373595122,1651.3324008874727,1655.2042236328125,4423900,0.0,0.0
2021-04-20 00:00:00+09:00,1635.8449028137532,1637.7808139413435,1618.421702665441,1629.0692138671875,3704300,0.0,0.0
2021-04-21 00:00:00+09:00,1603.902506236493,1609.7102401154425,1576.7997481347297,1581.6395263671875,4475600,0.0,0.0
2021-04-22 00:00:00+09:00,1594.2228723768671,1628.101318359375,1589.383094379366,1628.101318359375,3693200,0.0,0.0
2021-04-23 00:00:00+09:00,1606.8062895636,1622.2935791015625,1599.062644794619,1622.2935791015625,2456300,0.0,0.0
2021-04-26 00:00:00+09:00,1614.5499474158655,1639.7167931189904,1610.678125,1635.844970703125,2767000,0.0,0.0
2021-04-27 00:00:00+09:00,1635.8449047779118,1638.7487714727838,1626.1653491283384,1631.005126953125,2338000,0.0,0.0
2021-04-28 00:00:00+09:00,1624.2294902938079,1629.0692682744211,1618.421756717072,1622.2935791015625,1979300,0.0,0.0
2021-04-30 00:00:00+09:00,1616.4857459545697,1648.428278659061,1610.6780127355712,1643.5885009765625,3397700,0.0,0.0
2021-05-06 00:00:00+09:00,1630.0372482281875,1647.46044921875,1623.2615589540799,1647.46044921875,3430000,0.0,0.0
2021-05-07 00:00:00+09:00,1647.4604044809391,1673.5952052570763,1644.556537728035,1663.9156494140625,3908400,0.0,0.0
2021-05-10 00:00:00+09:00,1673.5952355489944,1706.505726010918,1670.6913687435306,1694.8902587890625,3690100,0.0,0.0
2021-05-11 00:00:00+09:00,1684.2428239018407,1689.0826021314438,1640.684819835414,1646.4925537109375,3989400,0.0,0.0
2021-05-12 00:00:00+09:00,1647.4603695792946,1679.4029031845337,1614.5498804102606,1629.0692138671875,5881200,0.0,0.0
2021-05-13 00:00:00+09:00,1607.7741538931896,1615.5177982225969,1577.7675321167364,1592.286865234375,4985800,0.0,0.0
2021-05-14 00:00:00+09:00,1614.5499474158655,1639.7167931189904,1610.678125,1635.844970703125,5188400,0.0,0.0
2021-05-17 00:00:00+09:00,1647.4606560601128,1647.4606560601128,1589.3833121331993,1602.9346923828125,3239200,0.0,0.0
2021-05-18 00:00:00+09:00,1619.3896484375,1631.97307069075,1613.581915089846,1619.3896484375,4692300,0.0,0.0
2021-05-19 00:00:00+09:00,1592.2871262375656,1623.2617086324606,1584.543480638842,1611.646240234375,3226200,0.0,0.0
2021-05-20 00:00:00+09:00,1608.742328707226,1641.6528215929334,1603.9025503416808,1630.037353515625,2696900,0.0,0.0
2021-05-21 00:00:00+09:00,1647.4603625474235,1682.3067626953125,1644.5564958684326,1682.3067626953125,3224500,0.0,0.0
2021-05-24 00:00:00+09:00,1681.3389364026257,1706.5057828887905,1679.4030251344593,1690.050537109375,2753300,0.0,0.0
2021-05-25 00:00:00+09:00,1711.345398949795,1721.024954373719,1697.794021356301,1712.3133544921875,3600300,0.0,0.0
2021-05-26 00:00:00+09:00,1709.4095763141772,1745.223933235822,1705.5377539442695,1740.3841552734375,4037300,0.0,0.0
2021-05-27 00:00:00+09:00,1726.8328126102838,1735.5444131223312,1703.6018779114906,1714.2493896484375,6405300,0.0,0.0
2021-05-28 00:00:00+09:00,1741.352218747808,1748.12790831492,1724.89697265625,1724.89697265625,4494500,0.0,0.0
2021-05-31 00:00:00+09:00,1714.2493372542135,1731.6725377457865,1710.3775149227529,1722.9609375,3019700,0.0,0.0
2021-06-01 00:00:00+09:00,1745.2238490316902,1749.0956712147888,1717.1531382042253,1718.12109375,2239600,0.0,0.0
2021-06-02 00:00:00+09:00,1706.5057865513393,1707.4737421875002,1676.4991618303573,1693.92236328125,3575200,0.0,0.0
2021-06-03 00:00:00+09:00,1688.1146258412086,1710.3776054251236,1684.2428033048755,1690.050537109375,2224600,0.0,0.0
2021-06-04 00:00:00+09:00,1676.4990155071782,1678.4349266105353,1660.0437711286436,1668.75537109375,2758800,0.0,0.0
2021-06-07 00:00:00+09:00,1693.9224216961218,1699.7301557133658,1679.4030866530122,1691.0185546875,2103600,0.0,0.0
2021-06-08 00:00:00+09:00,1681.3389273085352,1706.5057736585766,1678.435060421992,1680.3709716796875,1947800,0.0,0.0
2021-06-09 00:00:00+09:00,1666.819627704855,1668.7555390030025,1650.3643816706026,1652.30029296875,1999400,0.0,0.0
2021-06-10 00:00:00+09:00,1646.4924431849279,1661.9797324800243,1639.7167541183233,1658.10791015625,3010100,0.0,0.0
2021-06-11 00:00:00+09:00,1674.5630625179288,1689.082395429934,1660.0437296059235,1687.146484375,3589100,0.0,0.0
2021-06-14 00:00:00+09:00,1695.8581914763681,1700.697969420079,1661.9797458703904,1671.6593017578125,1692200,0.0,0.0
2021-06-15 00:00:00+09:00,1676.4990390803775,1700.6979282126001,1672.627216819222,1691.986328125,3497800,0.0,0.0
2021-06-16 00:00:00+09:00,1697.794001287566,1697.794001287566,1682.3067127923546,1692.9542236328125,1768600,0.0,0.0
2021-06-17 00:00:00+09:00,1691.018413532657,1693.9222802988836,1653.2681455717104,1671.6593017578125,2191900,0.0,0.0
2021-06-18 00:00:00+09:00,1691.0184835970126,1693.9223504835559,1673.5952822777533,1680.3709716796875,2937500,0.0,0.0
2021-06-21 00:00:00+09:00,1645.5244604274853,1646.4924159924426,1619.389660173637,1631.005126953125,4077000,0.0,0.0
2021-06-22 00:00:00+09:00,1655.2039579257344,1692.9542236328125,1647.4603136781286,1692.9542236328125,3778700,0.0,0.0
2021-06-23 00:00:00+09:00,1678.4349889605978,1690.050456012228,1669.723388671875,1669.723388671875,1767100,0.0,0.0
2021-06-24 00:00:00+09:00,1658.1079291747062,1677.467041015625,1647.4604176622008,1677.467041015625,1648300,0.0,0.0
2021-06-25 00:00:00+09:00,1690.0505261272706,1691.9864373828575,1675.5311917103697,1678.43505859375,2195400,0.0,0.0
2021-06-28 00:00:00+09:00,1674.5632943385326,1677.4671613229348,1667.7876047082611,1675.53125,1631900,0.0,0.0
2021-06-29 00:00:00+09:00,1673.5951388524877,1673.5951388524877,1653.2680723886924,1659.0758056640625,2302300,0.0,0.0
2021-06-30 00:00:00+09:00,1675.5311298315332,1687.1465969360845,1671.6593074633495,1677.467041015625,2351100,0.0,0.0
2021-07-01 00:00:00+09:00,1684.2427166843913,1684.2427166843913,1657.139960323953,1663.9156494140625,1963900,0.0,0.0
2021-07-02 00:00:00+09:00,1662.947699558424,1679.4029445482336,1656.1720104449728,1669.723388671875,1904100,0.0,0.0
2021-07-05 00:00:00+09:00,1672.6272630553954,1692.9543304883603,1668.7554406872116,1677.467041015625,1563800,0.0,0.0
2021-07-06 00:00:00+09:00,1676.4990797015237,1678.4349908790082,1662.9477014591325,1671.6593017578125,1128500,0.0,0.0
2021-07-07 00:00:00+09:00,1667.7874351291482,1688.114501953125,1655.2040128095434,1688.114501953125,2451900,0.0,0.0
2021-07-08 00:00:00+09:00,1674.5631685240392,1678.4349908790082,1661.9797458703904,1671.6593017578125,2730100,0.0,0.0
2021-07-09 00:00:00+09:00,1664.8836049983638,1668.7554273355693,1636.8128930536238,1663.9156494140625,4469400,0.0,0.0
2021-07-12 00:00:00+09:00,1684.2428105179233,1703.6019232824972,1683.2748548796947,1697.794189453125,2979800,0.0,0.0
2021-07-13 00:00:00+09:00,1709.4094818513365,1730.7045037090543,1699.7299264614649,1706.505615234375,2359300,0.0,0.0
2021-07-14 00:00:00+09:00,1703.6018907563025,1729.7366924894957,1700.6980238970586,1727.80078125,2483300,0.0,0.0
2021-07-15 00:00:00+09:00,1719.0890977493616,1719.0890977493616,1694.8902084229346,1705.5377197265625,2226100,0.0,0.0
2021-07-16 00:00:00+09:00,1691.986328125,1702.633839343178,1677.4669946456665,1691.986328125,1983300,0.0,0.0
2021-07-19 00:00:00+09:00,1679.4030160508396,1684.2427941950784,1662.947770360428,1680.3709716796875,1716300,0.0,0.0
2021-07-20 00:00:00+09:00,1670.6913327085158,1673.5951994513464,1653.2681322515325,1658.10791015625,2105600,0.0,0.0
2021-07-21 00:00:00+09:00,1680.3709020564925,1690.0504579439148,1664.883612636617,1671.6593017578125,1794600,0.0,0.0
2021-07-26 00:00:00+09:00,1691.9863242053111,1704.569746524916,1685.2106352639855,1688.114501953125,1735000,0.0,0.0
2021-07-27 00:00:00+09:00,1703.6019232824972,1711.3455683883267,1693.9223669002104,1697.794189453125,1151300,0.0,0.0
2021-07-28 00:00:00+09:00,1675.5310757341056,1688.1144980244253,1673.595164612518,1684.24267578125,1898500,0.0,0.0
2021-07-29 00:00:00+09:00,1694.89026066921,1702.6339054923703,1686.1786602431546,1696.826171875,1306300,0.0,0.0
2021-07-30 00:00:00+09:00,1680.370866790176,1685.2106446323137,1634.8769550740826,1636.8128662109375,3847200,0.0,0.0
2021-08-02 00:00:00+09:00,1645.5244220671107,1658.107844118212,1636.8128221855789,1653.26806640625,2074500,0.0,0.0
2021-08-03 00:00:00+09:00,1638.7489049638377,1658.1080178399611,1638.7489049638377,1642.6207275390625,1861400,0.0,0.0
2021-08-04 00:00:00+09:00,1645.5245379975765,1650.3643160505105,1623.2615589540799,1647.46044921875,2091200,0.0,0.0
2021-08-05 00:00:00+09:00,1643.5886867731756,1654.2361988783023,1632.9411746680491,1646.4925537109375,2063000,0.0,0.0
2021-08-06 00:00:00+09:00,1685.21056434861,1739.4160735981918,1684.242608826296,1736.51220703125,5646900,0.0,0.0
2021-08-10 00:00:00+09:00,1743.2879174735133,1771.358627971421,1696.8260518218037,1698.761962890625,3560900,0.0,0.0
2021-08-11 00:00:00+09:00,1691.986480473134,1724.89697265625,1691.0185248206894,1724.89697265625,1998000,0.0,0.0
2021-08-12 00:00:00+09:00,1725.864856997834,1746.191924859278,1713.2814340359878,1714.2493896484375,1642700,0.0,0.0
2021-08-13 00:00:00+09:00,1729.7365623049072,1729.7365623049072,1707.4735847262766,1720.0570068359375,2015100,0.0,0.0
2021-08-16 00:00:00+09:00,1713.281448782658,1729.7366943359375,1699.7300700917215,1729.7366943359375,2401700,0.0,0.0
2021-08-17 00:00:00+09:00,1736.512331004663,1751.0316648759394,1732.6405086389893,1738.4482421875,2183600,0.0,0.0
2021-08-18 00:00:00+09:00,1736.5123385748682,1747.1598501268882,1723.928915831572,1746.19189453125,1899900,0.0,0.0
2021-08-19 00:00:00+09:00,1771.3587994136442,1812.0129357936296,1765.551065645075,1808.14111328125,4136900,0.0,0.0
2021-08-20 00:00:00+09:00,1796.5255357388553,1799.4294024453297,1752.9675351417386,1758.7752685546875,3334200,0.0,0.0
2021-08-23 00:00:00+09:00,1781.0384235981621,1821.69256152812,1781.0384235981621,1816.852783203125,2694500,0.0,0.0
2021-08-24 00:00:00+09:00,1830.4041164764758,1842.0195841643224,1805.2372698194752,1833.3079833984375,2665000,0.0,0.0
2021-08-25 00:00:00+09:00,1805.2372733659815,1843.9554990682009,1804.269317723426,1837.1798095703125,2318500,0.0,0.0
2021-08-26 00:00:00+09:00,1868.1542105689296,1907.8403880991505,1847.8271440290605,1903.0006103515625,4709100,0.0,0.0
2021-08-27 00:00:00+09:00,1895.2571365817412,1895.2571365817412,1861.378689298615,1890.4173583984375,2950200,0.0,0.0
2021-08-30 00:00:00+09:00,1907.8404992063554,1909.7764104181326,1870.0902305767015,1891.38525390625,2492600,0.0,0.0
2021-08-31 00:00:00+09:00,1903.0005645674928,1925.2635416707747,1896.2248758838853,1917.5198974609375,3253200,0.0,0.0
2021-09-01 00:00:00+09:00,1907.840508187916,1973.6614896982042,1907.840508187916,1963.98193359375,4965800,0.0,0.0
2021-09-02 00:00:00+09:00,2027.8670989635377,2042.3864338009855,1991.0847840420035,1997.8604736328125,4538700,0.0,0.0
2021-09-03 00:00:00+09:00,1988.1809380191496,2026.8991646602237,1981.4052483569617,2021.0914306640625,4195200,0.0,0.0
2021-09-06 00:00:00+09:00,2042.386155278873,2129.5021524234694,2035.610466612071,2086.912109375,4891700,0.0,0.0
2021-09-07 00:00:00+09:00,2104.3353348030114,2118.8546678398307,2049.161869263098,2053.03369140625,4268000,0.0,0.0
2021-09-08 00:00:00+09:00,2044.3222337260847,2084.976369055865,2039.482455710635,2074.328857421875,3979800,0.0,0.0
2021-09-09 00:00:00+09:00,2071.4248169399107,2088.848016334732,2065.617083808303,2083.040283203125,2673500,0.0,0.0
2021-09-10 00:00:00+09:00,2091.751882124357,2144.0214802894266,2077.2325493007265,2140.149658203125,5754800,0.0,0.0
2021-09-13 00:00:00+09:00,2141.1176836993245,2156.6049725506755,2122.7265281883447,2148.861328125,2533800,0.0,0.0
2021-09-14 00:00:00+09:00,2153.7013029572145,2169.188593225671,2147.8935691065435,2163.380859375,2822200,0.0,0.0
2021-09-15 00:00:00+09:00,2150.797305126405,2177.9000614466295,2144.9895716292135,2153.701171875,2498300,0.0,0.0
2021-09-16 00:00:00+09:00,2148.861558086859,2151.765425057247,2121.7587996965744,2133.374267578125,2299900,0.0,0.0
2021-09-17 00:00:00+09:00,2139.1820086018733,2155.637254821888,2119.8228954018564,2141.117919921875,2764700,0.0,0.0
2021-09-21 00:00:00+09:00,2110.143489583333,2123.6948697916664,2087.8805078124997,2105.3037109375,2946400,0.0,0.0
2021-09-22 00:00:00+09:00,2092.7197005269236,2095.6235669013827,2067.552858614944,2069.48876953125,2679400,0.0,0.0
2021-09-24 00:00:00+09:00,2092.7202415501083,2126.598691343935,2088.848418716528,2123.69482421875,3266600,0.0,0.0
2021-09-27 00:00:00+09:00,2115.951227223999,2118.8550944159806,2098.5280240721086,2109.175537109375,2100600,0.0,0.0
2021-09-28 00:00:00+09:00,2077.2326927430713,2109.175227160835,2066.5851812704836,2104.33544921875,3744600,0.0,0.0
2021-09-29 00:00:00+09:00,2090.238750566653,2096.071974986839,2056.2116081155677,2077.60009765625,3299600,9.5,0.0
2021-09-30 00:00:00+09:00,2081.4883971745094,2113.5711235204967,2078.5717856885103,2104.8212890625,5041100,0.0,0.0
2021-10-01 00:00:00+09:00,2113.571702789968,2133.9879887874795,2060.1004775583915,2063.01708984375,3513400,0.0,0.0
2021-10-04 00:00:00+09:00,2089.2663775248393,2103.849437395883,2032.878546023471,2042.6005859375,2689000,0.0,0.0
2021-10-05 00:00:00+09:00,1990.1016043577677,2012.4622965415629,1958.9910761020528,1998.8514404296875,2767800,0.0,0.0
2021-10-06 00:00:00+09:00,2020.2400413168436,2027.0454697524635,1946.3525325872574,1979.407470703125,4283000,0.0,0.0
2021-10-07 00:00:00+09:00,1994.9625525293823,2030.9340995291811,1986.2127167726744,2000.7957763671875,2734100,0.0,0.0
2021-10-08 00:00:00+09:00,2023.156307156668,2051.350220134824,2018.2952876776756,2034.82275390625,2775200,0.0,0.0
2021-10-11 00:00:00+09:00,2024.1286009029322,2085.3774490570554,2011.4899496965259,2078.572021484375,1962000,0.0,0.0
2021-10-12 00:00:00+09:00,2065.9339541480654,2095.1000805595677,2047.4620740874475,2082.46142578125,2174200,0.0,0.0
2021-10-13 00:00:00+09:00,2098.016357421875,2109.6828061193087,2084.405500608202,2098.016357421875,2124500,0.0,0.0
2021-10-14 00:00:00+09:00,2123.293765512184,2160.237521505528,2120.37715319692,2154.404296875,2682800,0.0,0.0
2021-10-15 00:00:00+09:00,2176.764612470354,2183.5700400216238,2146.626290457589,2177.73681640625,2876700,0.0,0.0
2021-10-18 00:00:00+09:00,2180.653255622871,2182.597663340769,2155.3759552901934,2175.792236328125,1888300,0.0,0.0
2021-10-19 00:00:00+09:00,2175.792387723816,2195.2364662557534,2164.1259406046534,2165.09814453125,1491200,0.0,0.0
2021-10-20 00:00:00+09:00,2188.431095861015,2200.09754328453,2175.7924444855403,2176.7646484375,1850100,0.0,0.0
2021-10-21 00:00:00+09:00,2194.264424743238,2210.7918927187075,2142.7376128197147,2147.5986328125,2692600,0.0,0.0
2021-10-22 00:00:00+09:00,2138.8486178156054,2165.0981235797058,2130.098782560905,2152.45947265625,1604600,0.0,0.0
2021-10-25 00:00:00+09:00,2138.8484176677243,2154.4036788871263,2134.959602362874,2144.681640625,1425100,0.0,0.0
2021-10-26 00:00:00+09:00,2174.820467566682,2202.0421810632697,2169.959447299434,2190.375732421875,2658000,0.0,0.0
2021-10-27 00:00:00+09:00,2190.3756162312197,2200.09765625,2179.681372210561,2200.09765625,1395300,0.0,0.0
2021-10-28 00:00:00+09:00,2168.0151915939014,2206.903356465541,2167.042987472111,2205.93115234375,2358900,0.0,0.0
2021-10-29 00:00:00+09:00,2192.320035850067,2228.291584110135,2183.5701997868073,2219.541748046875,2819000,0.0,0.0
2021-11-01 00:00:00+09:00,2258.429800260306,2283.707103233516,2243.8467408526844,2281.7626953125,4079500,0.0,0.0
2021-11-02 00:00:00+09:00,2264.2630755521013,2272.0407074131645,2238.985772003645,2267.1796875,2348800,0.0,0.0
2021-11-04 00:00:00+09:00,2305.095730959291,2318.7065872365706,2282.73503850376,2310.928955078125,2664400,0.0,0.0
2021-11-05 00:00:00+09:00,2330.3727095189056,2330.3727095189056,2294.401165817529,2319.678466796875,1939400,0.0,0.0
2021-11-08 00:00:00+09:00,2330.3731724330355,2333.2897846638652,2312.8734990480566,2313.845703125,1991800,0.0,0.0
2021-11-09 00:00:00+09:00,2315.7902093142775,2332.317679321978,2217.597593386174,2238.986083984375,3921600,0.0,0.0
2021-11-10 00:00:00+09:00,2343.0116386145487,2378.0109825938534,2333.2895986202975,2351.761474609375,4372200,0.0,0.0
2021-11-11 00:00:00+09:00,2333.2896649326804,2384.8164783666107,2305.0957481480773,2382.8720703125,3579000,0.0,0.0
2021-11-12 00:00:00+09:00,2391.621778748876,2437.315365578631,2377.0387191223585,2432.454345703125,3962700,0.0,0.0
2021-11-15 00:00:00+09:00,2457.7319061013086,2468.4261509458947,2425.6491715675493,2451.898681640625,2700300,0.0,0.0
2021-11-16 00:00:00+09:00,2456.75954265833,2460.6483587131906,2382.872037615974,2410.09375,3398600,0.0,0.0
2021-11-17 00:00:00+09:00,2430.509492312801,2456.758994829779,2403.287785998897,2424.67626953125,2850100,0.0,0.0
2021-11-18 00:00:00+09:00,2430.510017893853,2456.759526087106,2404.260509700599,2423.70458984375,2095000,0.0,0.0
2021-11-19 00:00:00+09:00,2421.759759839677,2470.3699517272657,2403.287886922393,2461.6201171875,2807700,0.0,0.0
2021-11-22 00:00:00+09:00,2459.6760378370095,2486.897748927696,2450.9262021292893,2479.1201171875,2377800,0.0,0.0
2021-11-24 00:00:00+09:00,2491.758947298203,2505.369803818755,2434.398909104448,2448.009765625,3536800,0.0,0.0
2021-11-25 00:00:00+09:00,2430.5098735670304,2448.009544656713,2415.926814325628,2427.59326171875,2384100,0.0,0.0
2021-11-26 00:00:00+09:00,2391.6217287978684,2400.3715643910314,2327.4562677813406,2354.677978515625,4157500,0.0,0.0
2021-11-29 00:00:00+09:00,2326.4844567177456,2388.705520332428,2319.67902788489,2343.984130859375,3165900,0.0,0.0
2021-11-30 00:00:00+09:00,2381.899721022935,2388.7051487972863,2318.7064631182448,2327.456298828125,4276200,0.0,0.0
2021-12-01 00:00:00+09:00,2336.205954966636,2354.6778289343288,2282.7347408496303,2299.26220703125,3498700,0.0,0.0
2021-12-02 00:00:00+09:00,2240.930243162809,2292.4570556954027,2240.930243162809,2272.040771484375,3417400,0.0,0.0
2021-12-03 00:00:00+09:00,2281.7629057360195,2308.984619140625,2250.6523761307567,2308.984619140625,2567700,0.0,0.0
2021-12-06 00:00:00+09:00,2305.0954303894687,2308.0120420685785,2255.513031844609,2299.26220703125,1724000,0.0,0.0
2021-12-07 00:00:00+09:00,2310.9286676370875,2344.9558040978773,2298.290016951651,2318.706298828125,3218500,0.0,0.0
2021-12-08 00:00:00+09:00,2367.3168668907924,2372.1778871513484,2328.428704806344,2361.483642578125,2853100,0.0,0.0
2021-12-09 00:00:00+09:00,2352.7337311349575,2375.0944236209507,2332.317446691224,2337.178466796875,2128000,0.0,0.0
2021-12-10 00:00:00+09:00,2301.206970036005,2338.1507236740986,2287.5961134324966,2322.595458984375,3229400,0.0,0.0
2021-12-13 00:00:00+09:00,2338.150634765625,2361.4835309129744,2319.6787586489736,2338.150634765625,1589800,0.0,0.0
2021-12-14 00:00:00+09:00,2335.2336276140063,2342.0390545054706,2299.2620854734073,2315.78955078125,1981800,0.0,0.0
2021-12-15 00:00:00+09:00,2299.26220703125,2303.151022603396,2273.984905812302,2299.26220703125,1653600,0.0,0.0
2021-12-16 00:00:00+09:00,2373.149966323366,2379.9553943300284,2339.1228262900527,2378.010986328125,2724000,0.0,0.0
2021-12-17 00:00:00+09:00,2331.3453231015137,2367.3168731243477,2320.6510785001306,2328.4287109375,2729400,0.0,0.0
2021-12-20 00:00:00+09:00,2308.012283259931,2323.567547174067,2263.29089950679,2273.012939453125,2216500,0.0,0.0
2021-12-21 00:00:00+09:00,2299.262470986484,2322.5953670979748,2293.4292469586117,2311.901123046875,1460000,0.0,0.0
2021-12-22 00:00:00+09:00,2328.4286274346273,2331.3452394940446,2306.0679349790967,2310.928955078125,1043100,0.0,0.0
2021-12-23 00:00:00+09:00,2348.8448788331602,2350.789286845439,2324.539778679671,2338.150634765625,1083800,0.0,0.0
2021-12-24 00:00:00+09:00,2342.0394426791822,2355.6502987179983,2335.234014659774,2344.9560546875,890400,0.0,0.0
2021-12-27 00:00:00+09:00,2351.7611444430186,2378.0106487423,2338.15029036191,2367.31640625,1631900,0.0,0.0
2021-12-28 00:00:00+09:00,2383.8437298606195,2408.148824985626,2376.066099420618,2404.260009765625,1714900,0.0,0.0
2021-12-29 00:00:00+09:00,2405.2328654987787,2423.7047428005076,2392.5942126081222,2413.010498046875,1602600,0.0,0.0
2021-12-30 00:00:00+09:00,2393.5665058467025,2423.7048330933508,2379.9556483804745,2397.455322265625,2022000,0.0,0.0
2022-01-04 00:00:00+09:00,2413.982566054861,2419.815790137152,2383.8442416296893,2410.09375,1718400,0.0,0.0
2022-01-05 00:00:00+09:00,2406.204955502333,2414.95479170416,2355.6503463362237,2363.427978515625,2526500,0.0,0.0
2022-01-06 00:00:00+09:00,2305.095609567849,2320.650873065565,2234.1247198595174,2235.096923828125,4092400,0.0,0.0
2022-01-07 00:00:00+09:00,2245.791312423407,2281.7628615834356,2222.4584156709557,2231.208251953125,2932400,0.0,0.0
2022-01-11 00:00:00+09:00,2236.0690967279493,2280.790478662508,2233.152484862652,2262.318603515625,3284400,0.0,0.0
2022-01-12 00:00:00+09:00,2285.6516617451502,2331.345250899562,2284.6794577205883,2330.373046875,4294300,0.0,0.0
2022-01-13 00:00:00+09:00,2310.929027240954,2323.567679893092,2285.6517219366774,2308.984619140625,1944000,0.0,0.0
2022-01-14 00:00:00+09:00,2260.3738937213147,2276.901358750675,2237.0410019151595,2250.65185546875,3150200,0.0,0.0
2022-01-17 00:00:00+09:00,2240.929903482454,2306.067562282161,2240.929903482454,2301.20654296875,2306600,0.0,0.0
2022-01-18 00:00:00+09:00,2320.6508379576317,2324.539653773229,2277.8738639860626,2295.37353515625,1809200,0.0,0.0
2022-01-19 00:00:00+09:00,2282.7350626412313,2285.651674731488,2197.1811079936892,2204.958740234375,2874900,0.0,0.0
2022-01-20 00:00:00+09:00,2196.2088358924343,2239.958015890292,2176.764755893387,2233.152587890625,2592000,0.0,0.0
2022-01-21 00:00:00+09:00,2199.125615509463,2210.7920643981074,2168.9872892137982,2208.84765625,2126000,0.0,0.0
2022-01-24 00:00:00+09:00,2191.3476203055707,2194.264232045108,2164.1259107365577,2192.31982421875,1989100,0.0,0.0
2022-01-25 00:00:00+09:00,2177.736924115349,2181.6257400512695,2095.0995854770435,2115.515869140625,3268000,0.0,0.0
2022-01-26 00:00:00+09:00,2105.793691990329,2152.4594801784806,2105.793691990329,2145.654052734375,2678200,0.0,0.0
2022-01-27 00:00:00+09:00,2143.709801043402,2148.5708210004163,2029.9619340492623,2042.6005859375,3650300,0.0,0.0
2022-01-28 00:00:00+09:00,2085.377326416582,2103.8492001703885,2052.322394436086,2095.099365234375,2692700,0.0,0.0
2022-01-31 00:00:00+09:00,2054.266906012337,2132.043220485118,2054.266906012337,2125.23779296875,2244300,0.0,0.0
2022-02-01 00:00:00+09:00,2140.79282532015,2196.208443414268,2129.1263794055985,2144.681640625,2252400,0.0,0.0
2022-02-02 00:00:00+09:00,2158.292595358456,2182.597692153033,2150.514964384191,2181.62548828125,2124300,0.0,0.0
2022-02-03 00:00:00+09:00,2175.7925006420755,2207.8752318847874,2159.265033032194,2188.43115234375,2123900,0.0,0.0
2022-02-04 00:00:00+09:00,2167.042401597583,2182.597663340769,2129.1264510985675,2175.792236328125,2951400,0.0,0.0
2022-02-07 00:00:00+09:00,2210.791662337932,2230.2357402828566,2169.9590986535904,2193.2919921875,4371300,0.0,0.0
2022-02-08 00:00:00+09:00,2177.7367669405676,2219.541535234516,2159.264892578125,2159.264892578125,2816600,0.0,0.0
2022-02-09 00:00:00+09:00,2191.347780230219,2210.7918599128298,2173.8481085158696,2174.8203125,4078400,0.0,0.0
2022-02-10 00:00:00+09:00,2199.1253289473684,2220.513815789474,2180.6534539473687,2216.625,3670400,0.0,0.0
2022-02-14 00:00:00+09:00,2152.459555198497,2167.04261451556,2099.9605416570703,2110.65478515625,3806500,0.0,0.0
2022-02-15 00:00:00+09:00,2119.4047302332997,2124.265750256771,2034.8229818249067,2048.433837890625,4093900,0.0,0.0
2022-02-16 00:00:00+09:00,2087.3218132936277,2098.0160563985323,2071.7665505955847,2086.349609375,3231600,0.0,0.0
2022-02-17 00:00:00+09:00,2077.5999296280047,2080.5165416022132,2017.3232821610245,2042.6005859375,3337900,0.0,0.0
2022-02-18 00:00:00+09:00,2005.656700461563,2062.0445282011515,2005.656700461563,2039.683837890625,3240100,0.0,0.0
2022-02-21 00:00:00+09:00,2015.3787029711675,2084.4051804969527,2000.7956443389592,2073.7109375,2208400,0.0,0.0
2022-02-22 00:00:00+09:00,2028.9894733257609,2063.016608719341,2007.6009882212247,2056.211181640625,2515700,0.0,0.0
2022-02-24 00:00:00+09:00,2032.878423501682,2085.377435873318,2023.156384173601,2059.1279296875,2780400,0.0,0.0
2022-02-25 00:00:00+09:00,2090.2382316325056,2115.515531177829,2065.9331359158487,2104.8212890625,3193000,0.0,0.0
2022-02-28 00:00:00+09:00,2099.960227436148,2113.571080762123,2065.9330941212106,2112.598876953125,2531000,0.0,0.0
2022-03-01 00:00:00+09:00,2139.821000824044,2162.181692790856,2130.0989608384734,2147.5986328125,2943400,0.0,0.0
2022-03-02 00:00:00+09:00,2112.5990704356864,2141.765187376814,2098.0160119651223,2127.18212890625,2399500,0.0,0.0
2022-03-03 00:00:00+09:00,2140.793084360387,2161.2093671812627,2122.321209427214,2131.071044921875,1746100,0.0,0.0
2022-03-04 00:00:00+09:00,2134.9598069624467,2143.709642236883,2045.5170463793206,2053.294677734375,3614200,0.0,0.0
2022-03-07 00:00:00+09:00,2023.156307156668,2045.5169967600334,2006.6288409280937,2034.82275390625,3159200,0.0,0.0
2022-03-08 00:00:00+09:00,1993.0181524684988,2054.2670030077743,1983.2961127003596,1993.9903564453125,3124800,0.0,0.0
2022-03-09 00:00:00+09:00,2010.5178502817623,2010.5178502817623,1939.546959048412,1957.046630859375,3441900,0.0,0.0
2022-03-10 00:00:00+09:00,2070.7944104395483,2095.0995091536274,2054.2669433139745,2091.210693359375,4564700,0.0,0.0
2022-03-11 00:00:00+09:00,2063.988921667568,2064.961125587336,2009.5455021605571,2036.7672119140625,3528800,0.0,0.0
2022-03-14 00:00:00+09:00,2064.961579567027,2108.7107655748027,2061.0727630330025,2080.516845703125,2165600,0.0,0.0
2022-03-15 00:00:00+09:00,2071.7664018819887,2132.043040510184,2071.7664018819887,2130.0986328125,2466600,0.0,0.0
2022-03-16 00:00:00+09:00,2169.959447299434,2201.0699770098204,2151.487570283892,2190.375732421875,3430600,0.0,0.0
2022-03-17 00:00:00+09:00,2270.0963647503845,2272.0407727715838,2196.2088599448043,2212.736328125,2482000,0.0,0.0
2022-03-18 00:00:00+09:00,2228.292037937144,2228.292037937144,2192.3204823508986,2220.514404296875,2829800,0.0,0.0
2022-03-22 00:00:00+09:00,2269.123921815514,2308.0120781448286,2261.3462905496513,2298.2900390625,3414200,0.0,0.0
2022-03-23 00:00:00+09:00,2338.150340182722,2354.677806204804,2309.956427556818,2352.7333984375,3297100,0.0,0.0
2022-03-24 00:00:00+09:00,2316.76212269908,2362.4557105156377,2309.9566947264016,2358.56689453125,2654400,0.0,0.0
2022-03-25 00:00:00+09:00,2376.0669218391326,2378.983534263649,2307.040427792251,2329.401123046875,2418800,0.0,0.0
2022-03-28 00:00:00+09:00,2330.3726879172923,2331.344891792101,2295.373348424166,2307.039794921875,1829700,0.0,0.0
2022-03-29 00:00:00+09:00,2322.59529130204,2349.8170025437553,2310.9288436270194,2346.900390625,2711600,0.0,0.0
2022-03-30 00:00:00+09:00,2375.117541303791,2385.8206518954917,2325.4940285604507,2374.14453125,2931600,2.0,0.0
2022-03-31 00:00:00+09:00,2329.3860402450373,2377.063532296836,2329.3860402450373,2352.73828125,3113200,0.0,0.0
2022-04-01 00:00:00+09:00,2333.2782323357437,2335.224252546199,2272.9516058116337,2316.737060546875,3422500,0.0,0.0
2022-04-04 00:00:00+09:00,2329.386340245312,2342.035472418741,2291.4389437250247,2328.413330078125,1713200,0.0,0.0
2022-04-05 00:00:00+09:00,2355.6573113756203,2366.360421836228,2336.1971105381513,2352.73828125,2758700,0.0,0.0
2022-04-06 00:00:00+09:00,2333.2781998643845,2351.765391606429,2308.95294757222,2343.00830078125,2378800,0.0,0.0
2022-04-07 00:00:00+09:00,2308.9528950940844,2331.3321266942376,2290.4657037722186,2319.656005859375,2378700,0.0,0.0
2022-04-08 00:00:00+09:00,2342.035472418741,2351.7655740906093,2303.115065731267,2328.413330078125,2890800,0.0,0.0
2022-04-11 00:00:00+09:00,2328.4130069295916,2332.3050470581825,2291.438625707977,2303.11474609375,1986400,0.0,0.0
2022-04-12 00:00:00+09:00,2301.168800350789,2323.548031812974,2296.3037500329224,2308.952880859375,1714200,0.0,0.0
2022-04-13 00:00:00+09:00,2305.061015174653,2344.9544308024124,2285.600812429405,2342.035400390625,2050600,0.0,0.0
2022-04-14 00:00:00+09:00,2354.6843898389375,2376.090611564746,2353.7113797604916,2369.279541015625,1889800,0.0,0.0
2022-04-15 00:00:00+09:00,2337.1704379267467,2381.9289059303396,2315.764214098941,2378.036865234375,1334600,0.0,0.0
2022-04-18 00:00:00+09:00,2343.981360288402,2357.603501859194,2318.6830973712167,2346.900390625,1312400,0.0,0.0
2022-04-19 00:00:00+09:00,2363.4414627151364,2370.2525332128744,2326.467080013129,2339.1162109375,1521600,0.0,0.0
2022-04-20 00:00:00+09:00,2344.954364641521,2357.6034960690477,2290.465798492174,2307.97998046875,2506400,0.0,0.0
2022-04-21 00:00:00+09:00,2310.8993042197694,2333.2785395869505,2297.2771609527895,2311.872314453125,2362400,0.0,0.0
2022-04-22 00:00:00+09:00,2290.465640376016,2314.7908914420314,2272.9514596084846,2305.060791015625,1960900,0.0,0.0
2022-04-25 00:00:00+09:00,2268.0866230077627,2311.8720790503835,2265.167592604921,2283.65478515625,2431600,0.0,0.0
2022-04-26 00:00:00+09:00,2307.007008627326,2340.089352909624,2294.3578769899764,2320.629150390625,2354900,0.0,0.0
2022-04-27 00:00:00+09:00,2304.0881475935266,2320.629320950406,2262.248709102597,2314.791259765625,3212200,0.0,0.0
2022-04-28 00:00:00+09:00,2320.6291284454,2343.008361130618,2272.9516327247193,2338.143310546875,2594300,0.0,0.0
2022-05-02 00:00:00+09:00,2318.6832077045196,2368.306725787999,2307.0070858025247,2365.3876953125,2472700,0.0,0.0
2022-05-06 00:00:00+09:00,2365.3874447210046,2406.2538670485583,2342.0352033909744,2393.604736328125,2814500,0.0,0.0
2022-05-09 00:00:00+09:00,2365.387440765881,2807.134005186988,2280.735566086066,2374.14453125,33059000,0.0,0.0
2022-05-10 00:00:00+09:00,2358.5767901490067,2362.4688310568436,2163.9747447571744,2203.8681640625,8870200,0.0,0.0
2022-05-11 00:00:00+09:00,2196.0835857408133,2232.0849559988596,2164.9472655176382,2212.624755859375,4448300,0.0,0.0
2022-05-12 00:00:00+09:00,2174.6775182212273,2191.218689500762,1989.8056039205412,1994.670654296875,6876200,0.0,0.0
2022-05-13 00:00:00+09:00,1820.5018715299548,1919.7489003359703,1801.041669803285,1842.881103515625,12856700,0.0,0.0
2022-05-16 00:00:00+09:00,1916.8300091498184,1981.048679507122,1907.09990758053,1959.6424560546875,7190100,0.0,0.0
2022-05-17 00:00:00+09:00,1925.58698668661,1949.9122391712817,1902.2347443013252,1921.6949462890625,4141000,0.0,0.0
2022-05-18 00:00:00+09:00,1970.3454163397244,2011.2118397897334,1944.0741441218613,2005.373779296875,6654700,0.0,0.0
2022-05-19 00:00:00+09:00,1902.2348285543508,1943.1012545386386,1883.747635847173,1918.7760009765625,5736200,0.0,0.0
2022-05-20 00:00:00+09:00,1942.128224356732,1957.696386475824,1912.9379203834344,1955.7503662109375,3571900,0.0,0.0
2022-05-23 00:00:00+09:00,1973.2646133385545,2003.4279284339664,1948.9393592293513,1989.8057861328125,3244000,0.0,0.0
2022-05-24 00:00:00+09:00,1986.8867786108242,1990.778819313294,1964.507544571623,1972.2916259765625,3633000,0.0,0.0
2022-05-25 00:00:00+09:00,1936.290063819732,1964.5073562070547,1930.4520033258032,1938.236083984375,3726500,0.0,0.0
2022-05-26 00:00:00+09:00,1934.343994140625,1970.3453662649727,1930.4519539109658,1934.343994140625,3060000,0.0,0.0
2022-05-27 00:00:00+09:00,1975.2105926300262,1976.1836027741788,1941.155237584681,1947.96630859375,2273800,0.0,0.0
2022-05-30 00:00:00+09:00,1965.480434472033,1991.751707606065,1953.80431307913,1982.0216064453125,3689100,0.0,0.0
2022-05-31 00:00:00+09:00,1988.8326384653687,1999.5357495334308,1967.4264163292444,1969.3724365234375,5688400,0.0,0.0
2022-06-01 00:00:00+09:00,1975.2105712890625,1992.7247536945813,1963.5344496853834,1975.2105712890625,2055500,0.0,0.0
2022-06-02 00:00:00+09:00,1961.5885116737606,1961.5885116737606,1928.5061657427548,1943.101318359375,2336200,0.0,0.0
2022-06-03 00:00:00+09:00,1982.0216434254367,1992.7247549019608,1959.6424103381587,1984.940673828125,2773600,0.0,0.0
2022-06-06 00:00:00+09:00,1959.6424079517326,1976.18358021349,1948.9392964882425,1965.48046875,2678900,0.0,0.0
2022-06-07 00:00:00+09:00,1933.3712390068522,1939.2093001211156,1910.0189945497991,1915.8570556640625,5620900,0.0,0.0
2022-06-08 00:00:00+09:00,1916.8298818428987,1920.721922212123,1898.342690089084,1910.9918212890625,4581200,0.0,0.0
2022-06-09 00:00:00+09:00,1919.7491093182803,1935.3172723943535,1915.857068549262,1926.5601806640625,3722800,0.0,0.0
2022-06-10 00:00:00+09:00,1917.802951207951,1917.802951207951,1889.5856576589756,1896.396728515625,4076800,0.0,0.0
2022-06-13 00:00:00+09:00,1861.3683935572683,1869.1524746594419,1827.3130387352587,1840.9351806640625,3537000,0.0,0.0
2022-06-14 00:00:00+09:00,1802.98774358606,1811.744834623445,1772.824430012845,1799.095703125,4876500,0.0,0.0
2022-06-15 00:00:00+09:00,1814.6638663601273,1834.124068680343,1800.0687146199655,1808.8258056640625,3440000,0.0,0.0
2022-06-16 00:00:00+09:00,1858.4493837490309,1861.3684141947099,1803.9608154296875,1803.9608154296875,2364800,0.0,0.0
2022-06-17 00:00:00+09:00,1753.3641673851428,1801.0416613928408,1753.3641673851428,1794.2305908203125,3795300,0.0,0.0
2022-06-20 00:00:00+09:00,1832.1781463209977,1832.1781463209977,1772.8245260737428,1797.1497802734375,2517200,0.0,0.0
2022-06-21 00:00:00+09:00,1822.4478407190202,1843.8540620195106,1808.8256998914353,1829.2589111328125,2548100,0.0,0.0
2022-06-22 00:00:00+09:00,1835.0971536999414,1837.043174011394,1805.90684902815,1814.6639404296875,2020100,0.0,0.0
2022-06-23 00:00:00+09:00,1838.9890597902215,1843.854110212947,1817.5828379302295,1823.4208984375,2326500,0.0,0.0
2022-06-24 00:00:00+09:00,1842.8811665650373,1873.0444802733352,1820.5019338137197,1857.476318359375,2829500,0.0,0.0
2022-06-27 00:00:00+09:00,1854.5573138227567,1880.828587418357,1840.9351719583713,1869.1524658203125,3175500,0.0,0.0
2022-06-28 00:00:00+09:00,1864.2873565421617,1884.7205686963293,1856.5032757215263,1883.74755859375,2882900,0.0,0.0
2022-06-29 00:00:00+09:00,1845.8002580824068,1862.3414306640625,1839.962197171234,1862.3414306640625,4166100,0.0,0.0
2022-06-30 00:00:00+09:00,1879.8555088327892,1884.720559321487,1819.5288827729378,1825.366943359375,4338300,0.0,0.0
2022-07-01 00:00:00+09:00,1830.2319548233697,1841.9080757472827,1802.0146625905797,1812.7177734375,2798100,0.0,0.0
2022-07-04 00:00:00+09:00,1830.2320336798357,1855.5302967716357,1823.420962847428,1847.7462158203125,2187700,0.0,0.0
2022-07-05 00:00:00+09:00,1871.0985118157494,1888.6126944536504,1861.368410350249,1880.82861328125,2096900,0.0,0.0
2022-07-06 00:00:00+09:00,1853.5843889545108,1885.6937248261638,1853.5843889545108,1875.963623046875,2781600,0.0,0.0
2022-07-07 00:00:00+09:00,1889.5855853524624,1905.1537467147898,1873.0444139049898,1900.2886962890625,2851600,0.0,0.0
2022-07-08 00:00:00+09:00,1918.776023591431,1921.6950540532841,1893.4777595887042,1901.2618408203125,4257400,0.0,0.0
2022-07-11 00:00:00+09:00,1903.2077606453383,1909.0458212608148,1882.7745484911707,1883.74755859375,3535800,0.0,0.0
2022-07-12 00:00:00+09:00,1864.2873864726707,1871.098457300076,1835.0970829266475,1838.01611328125,3286000,0.0,0.0
2022-07-13 00:00:00+09:00,1834.1240342390308,1844.8271453141658,1815.6368423819797,1825.366943359375,2171200,0.0,0.0
2022-07-14 00:00:00+09:00,1815.636987461523,1824.3940790409195,1797.1497941272416,1817.5830078125,2515800,0.0,0.0
2022-07-15 00:00:00+09:00,1824.3940543515123,1839.9622169486452,1802.0148206181336,1815.636962890625,1857600,0.0,0.0
2022-07-19 00:00:00+09:00,1830.2319830694628,1846.7731546336206,1816.6098417813328,1834.1240234375,2302400,0.0,0.0
2022-07-20 00:00:00+09:00,1855.5303020821582,1895.4237170718636,1850.6652514736575,1886.6666259765625,2789800,0.0,0.0
2022-07-21 00:00:00+09:00,1899.3158952809342,1927.5331908563169,1897.369874896425,1926.5601806640625,2552500,0.0,0.0
2022-07-22 00:00:00+09:00,1936.290113185355,1942.128173828125,1907.0998099715055,1942.128173828125,2164700,0.0,0.0
2022-07-25 00:00:00+09:00,1915.8569361714035,1943.1012196720635,1914.88392604638,1935.317138671875,1956700,0.0,0.0
2022-07-26 00:00:00+09:00,1922.667947200978,1941.1551390009874,1917.8028967272912,1940.18212890625,1559300,0.0,0.0
2022-07-27 00:00:00+09:00,1925.5870374216393,1945.0472399221105,1924.6140272966156,1935.317138671875,1991300,0.0,0.0
2022-07-28 00:00:00+09:00,1945.0473387082577,1958.6694811504365,1936.2902471382856,1943.101318359375,2091200,0.0,0.0
2022-07-29 00:00:00+09:00,1946.0202883054444,1958.6694201794298,1926.56008542239,1947.96630859375,2565900,0.0,0.0
2022-08-01 00:00:00+09:00,1949.9122943849834,1964.5074462890625,1923.6410209576406,1964.5074462890625,2557300,0.0,0.0
2022-08-02 00:00:00+09:00,1939.2091915264803,1948.9392928387053,1929.479090214255,1936.2901611328125,1876900,0.0,0.0
2022-08-03 00:00:00+09:00,1949.91226848608,1970.3454808803951,1941.1551774599448,1952.831298828125,1834900,0.0,0.0
2022-08-04 00:00:00+09:00,1966.4534788830445,1966.4534788830445,1953.8043471534652,1965.48046875,2108000,0.0,0.0
2022-08-05 00:00:00+09:00,1966.4534200682394,1984.940612043151,1955.7503089248694,1980.0755615234375,2654000,0.0,0.0
2022-08-08 00:00:00+09:00,1987.8595872961957,1991.7516276041667,1926.5599524456522,1946.9931640625,4141700,0.0,0.0
2022-08-09 00:00:00+09:00,1965.4804711435354,1997.5898055731082,1950.8853191300934,1984.940673828125,2825400,0.0,0.0
2022-08-10 00:00:00+09:00,1976.1836666790323,1989.8058091376765,1962.561524220388,1972.2916259765625,3738100,0.0,0.0
2022-08-12 00:00:00+09:00,2041.3752640511225,2041.3752640511225,1970.3455241675515,2004.40087890625,5691900,0.0,0.0
2022-08-15 00:00:00+09:00,1992.7248033431663,1997.5898541325782,1973.2646001855182,1979.1026611328125,1973600,0.0,0.0
2022-08-16 00:00:00+09:00,1994.6706595787637,2035.537082848182,1984.9405588003306,2023.8609619140625,2738200,0.0,0.0
2022-08-17 00:00:00+09:00,2016.0770416332323,2056.9434681528246,2005.37392992572,2046.2403564453125,3903400,0.0,0.0
2022-08-18 00:00:00+09:00,2012.1849038353969,2046.2402576237134,2006.346843185971,2038.4561767578125,2662800,0.0,0.0
2022-08-19 00:00:00+09:00,2059.862645547624,2073.4847886924836,2025.8072876854765,2028.726318359375,3789000,0.0,0.0
2022-08-22 00:00:00+09:00,2003.4278317582684,2011.2119126975915,1979.1025788228837,2001.4818115234375,2515300,0.0,0.0
2022-08-23 00:00:00+09:00,1988.8327346481642,1996.616815801386,1947.96630859375,1947.96630859375,2316300,0.0,0.0
2022-08-24 00:00:00+09:00,1949.9123266626198,1956.7233976639363,1924.6140629434442,1928.506103515625,2416200,0.0,0.0
2022-08-25 00:00:00+09:00,1942.1281490957247,1946.9931995694114,1935.3170784325632,1940.18212890625,1330800,0.0,0.0
2022-08-26 00:00:00+09:00,1941.1552241434108,1952.831345792394,1935.3171633189195,1937.26318359375,1873900,0.0,0.0
2022-08-29 00:00:00+09:00,1898.3428073177217,1908.0729088416465,1872.071533203125,1872.071533203125,3005700,0.0,0.0
2022-08-30 00:00:00+09:00,1887.6396291827286,1931.4250844988228,1881.8015684739162,1924.614013671875,2146200,0.0,0.0
2022-08-31 00:00:00+09:00,1897.3696815931326,1927.5329944799978,1897.3696815931326,1920.721923828125,4640200,0.0,0.0
2022-09-01 00:00:00+09:00,1927.532992858265,1929.4790130428773,1898.342690089084,1910.9918212890625,2847600,0.0,0.0
2022-09-02 00:00:00+09:00,1908.072826574576,1912.9378771267804,1889.5856344761992,1904.1807861328125,1843900,0.0,0.0
2022-09-05 00:00:00+09:00,1894.4506005734816,1911.9647817806324,1892.5045804393535,1907.0997314453125,1133800,0.0,0.0
2022-09-06 00:00:00+09:00,1901.2618014366747,1903.2078217042658,1876.9365480917836,1878.882568359375,1608100,0.0,0.0
2022-09-07 00:00:00+09:00,1873.0444829534408,1887.6396347686625,1859.422341259234,1876.9365234375,2455800,0.0,0.0
2022-09-08 00:00:00+09:00,1900.288820462969,1926.560094478586,1896.3967798680626,1919.7490234375,2621800,0.0,0.0
2022-09-09 00:00:00+09:00,1951.8582144474638,1951.8582144474638,1921.6949020606885,1946.9931640625,4103900,0.0,0.0
2022-09-12 00:00:00+09:00,1970.3455340447583,1985.9136962890625,1965.4804833434132,1985.9136962890625,2022600,0.0,0.0
2022-09-13 00:00:00+09:00,1988.8327131600215,1990.7787334273014,1972.2915408881427,1975.2105712890625,2009400,0.0,0.0
2022-09-14 00:00:00+09:00,1912.9377918476962,1931.424983121911,1902.2346811099928,1907.0997314453125,3905600,0.0,0.0
2022-09-15 00:00:00+09:00,1914.8840583570075,1942.1283437401357,1906.1269666267162,1926.5601806640625,2328800,0.0,0.0
2022-09-16 00:00:00+09:00,1908.0728111582355,1912.9378616711326,1883.74755859375,1883.74755859375,2797900,0.0,0.0
2022-09-20 00:00:00+09:00,1909.045970626925,1915.8570418778877,1881.801685623075,1895.423828125,2471900,0.0,0.0
2022-09-21 00:00:00+09:00,1873.0444927115714,1884.7206142245786,1852.6112800638089,1858.4493408203125,2545000,0.0,0.0
2022-09-22 00:00:00+09:00,1845.8002079050166,1854.5572990337173,1834.1240864000824,1848.71923828125,1960300,0.0,0.0
2022-09-26 00:00:00+09:00,1828.2861056490467,1830.2321259850223,1791.3117192655109,1797.1497802734375,3477700,0.0,0.0
2022-09-27 00:00:00+09:00,1818.5559451763445,1830.232066814716,1809.798853947566,1821.4749755859375,2701700,0.0,0.0
2022-09-28 00:00:00+09:00,1811.744836012095,1836.0700889123648,1780.6085122997497,1808.8258056640625,3829800,0.0,0.0
2022-09-29 00:00:00+09:00,1833.7785147688214,1843.5638857120916,1810.2936245049732,1841.6068115234375,3445600,10.5,0.0
2022-09-30 00:00:00+09:00,1835.7356888586046,1862.1561918432433,1813.2293344642826,1825.9503173828125,6031200,0.0,0.0
2022-10-03 00:00:00+09:00,1807.3579776264228,1837.692626953125,1780.93747659994,1837.692626953125,2908400,0.0,0.0
2022-10-04 00:00:00+09:00,1871.9414796307606,1896.4049072265625,1848.4565891387908,1896.4049072265625,3211600,0.0,0.0
2022-10-05 00:00:00+09:00,1909.1258411844713,1923.8038973698979,1898.3619333151585,1920.8682861328125,3435100,0.0,0.0
2022-10-06 00:00:00+09:00,1909.1259273884268,1940.4391153312406,1909.1259273884268,1933.58935546875,2397500,0.0,0.0
2022-10-07 00:00:00+09:00,1923.803869319083,1941.4175364847715,1909.125813347676,1927.718017578125,2873900,0.0,0.0
2022-10-11 00:00:00+09:00,1904.2330879543138,1915.9755324843507,1882.7052729825796,1890.5335693359375,3149600,0.0,0.0
2022-10-12 00:00:00+09:00,1892.490679780314,1911.0828839767078,1880.7482350246967,1894.44775390625,2164300,0.0,0.0
2022-10-13 00:00:00+09:00,1888.576564728776,1895.4263242899683,1865.0916748046875,1865.0916748046875,1998700,0.0,0.0
2022-10-14 00:00:00+09:00,1904.2331873841945,1977.6234695290118,1896.4048906220805,1963.9239501953125,6319100,0.0,0.0
2022-10-17 00:00:00+09:00,1936.524930632864,1951.202987206635,1917.9327256394206,1929.6751708984375,2476000,0.0,0.0
2022-10-18 00:00:00+09:00,1968.8165957786498,2021.657597852232,1964.902447476903,1999.1512451171875,4175200,0.0,0.0
2022-10-19 00:00:00+09:00,2001.1084275442897,2024.5933186254942,1997.1942790307558,2010.893798828125,2493500,0.0,0.0
2022-10-20 00:00:00+09:00,1997.1941318998204,2034.3785400390625,1993.279983674637,2034.3785400390625,3816200,0.0,0.0
2022-10-21 00:00:00+09:00,2036.3358083523,2044.1641055492335,2018.7221396592,2042.20703125,2706900,0.0,0.0
2022-10-24 00:00:00+09:00,2077.4339659001166,2088.1978724591845,2067.648596300964,2071.562744140625,2865500,0.0,0.0
2022-10-25 00:00:00+09:00,2080.369929920543,2094.0694496848364,2063.7347987781873,2066.67041015625,2891600,0.0,0.0
2022-10-26 00:00:00+09:00,2086.240890268398,2119.5111483683627,2080.3696682507566,2100.9189453125,3120100,0.0,0.0
2022-10-27 00:00:00+09:00,2083.30570722041,2094.0696164639166,2067.6491119571288,2081.3486328125,2459000,0.0,0.0
2022-10-28 00:00:00+09:00,2074.4987577719826,2081.3485178212295,2055.906551924026,2075.477294921875,7347700,0.0,0.0
2022-10-31 00:00:00+09:00,2117.5545946880798,2124.404355391784,2093.0911636034207,2110.704833984375,3725200,0.0,0.0
2022-11-01 00:00:00+09:00,2109.7258729217447,2118.532706343032,2098.961965406838,2107.768798828125,2047500,0.0,0.0
2022-11-02 00:00:00+09:00,2077.434133447357,2109.7258557289224,2072.5414482531805,2086.240966796875,2567100,0.0,0.0
2022-11-04 00:00:00+09:00,2048.0779326608586,2063.73452459711,2037.314025704686,2056.884765625,3580300,0.0,0.0
2022-11-07 00:00:00+09:00,2077.4343686362004,2077.4343686362004,2036.3358083523,2042.20703125,3489100,0.0,0.0
2022-11-08 00:00:00+09:00,1896.4048315057898,1961.9668148447415,1896.4048315057898,1927.718017578125,9287600,0.0,0.0
2022-11-09 00:00:00+09:00,1927.718015828013,1952.1814424248153,1901.2975151034666,1911.0828857421875,5202300,0.0,0.0
2022-11-10 00:00:00+09:00,1874.8771461123513,1882.7054431733632,1837.6927350725448,1849.4351806640625,6243000,0.0,0.0
2022-11-11 00:00:00+09:00,1917.9327636477863,1991.3230479710433,1900.3190954102045,1983.4947509765625,8179800,0.0,0.0
2022-11-14 00:00:00+09:00,2006.0008661235263,2059.8204015561087,2006.0008661235263,2033.39990234375,4743100,0.0,0.0
2022-11-15 00:00:00+09:00,2037.314258777762,2058.842075152935,2014.8079052946262,2029.4859619140625,3675100,0.0,0.0
2022-11-16 00:00:00+09:00,2033.3999665850902,2039.271188817771,2008.9365406155873,2030.46435546875,3187600,0.0,0.0
2022-11-17 00:00:00+09:00,2039.2712831524675,2061.7776360855323,2030.464449396051,2037.314208984375,3002000,0.0,0.0
2022-11-18 00:00:00+09:00,2050.0350492931548,2068.6272526041666,2041.2282161458334,2054.927734375,3182300,0.0,0.0
2022-11-21 00:00:00+09:00,2034.3787484105187,2058.842177323584,2029.4860626279055,2047.0997314453125,2593500,0.0,0.0
2022-11-22 00:00:00+09:00,2062.755987601094,2076.455505545314,2047.099395664843,2056.884765625,2735000,0.0,0.0
2022-11-24 00:00:00+09:00,2083.305411622477,2108.747375315377,2070.584429776027,2072.54150390625,3242300,0.0,0.0
2022-11-25 00:00:00+09:00,2071.5629750937574,2087.219568197914,2054.927844920591,2083.305419921875,1909500,0.0,0.0
2022-11-28 00:00:00+09:00,2076.4555146433536,2090.155032647598,2060.798922638503,2067.648681640625,2048700,0.0,0.0
2022-11-29 00:00:00+09:00,2076.4559683310795,2087.2198776862356,2069.6062078323434,2080.3701171875,2427600,0.0,0.0
2022-11-30 00:00:00+09:00,2056.884765625,2064.7130615931255,2038.2925627007016,2056.884765625,4117500,0.0,0.0
2022-12-01 00:00:00+09:00,2123.425615266605,2123.425615266605,2070.584609172413,2075.477294921875,3094000,0.0,0.0
2022-12-02 00:00:00+09:00,2055.9064648344092,2058.842076159732,2029.485962906504,2046.12109375,3261400,0.0,0.0
2022-12-05 00:00:00+09:00,2046.1210996528198,2049.0567109866115,2017.7435234261666,2023.61474609375,2354200,0.0,0.0
2022-12-06 00:00:00+09:00,2006.9795153968048,2040.2497755252743,2006.9795153968048,2022.6361083984375,2259500,0.0,0.0
2022-12-07 00:00:00+09:00,1994.2585318216463,2011.8721989329267,1992.3014576981707,2006.0009765625,2097900,0.0,0.0
2022-12-08 00:00:00+09:00,1993.2800128188974,2003.0653835249302,1961.9668265595922,1971.752197265625,2889900,0.0,0.0
2022-12-09 00:00:00+09:00,1986.4301992884364,2012.8506994760166,1980.5589770245297,2002.0867919921875,3642000,0.0,0.0
2022-12-12 00:00:00+09:00,1998.172773465985,2014.8079042930772,1989.3659394987012,2012.850830078125,1593700,0.0,0.0
2022-12-13 00:00:00+09:00,2041.228310785061,2042.2068478467988,2003.0653653772865,2006.0009765625,2272300,0.0,0.0
2022-12-14 00:00:00+09:00,2006.9795939029273,2034.3786327275407,2003.065445499411,2024.59326171875,2746700,0.0,0.0
2022-12-15 00:00:00+09:00,2018.7219667096904,2044.1639304200403,2011.8722072492114,2016.764892578125,2320400,0.0,0.0
2022-12-16 00:00:00+09:00,1967.8380637593789,1989.3658794742998,1967.8380637593789,1976.6448974609375,3977600,0.0,0.0
2022-12-19 00:00:00+09:00,1967.8380892436994,1968.8166263343228,1935.5463652531264,1936.52490234375,2830100,0.0,0.0
2022-12-20 00:00:00+09:00,1921.846833787738,1926.7395192098045,1851.3921637099797,1875.8555908203125,4413000,0.0,0.0
2022-12-21 00:00:00+09:00,1878.7912382873503,1901.2975916626674,1864.1131817382304,1879.769775390625,3375800,0.0,0.0
2022-12-22 00:00:00+09:00,1899.3404836336933,1917.932688264832,1885.6409644318016,1909.1258544921875,2324200,0.0,0.0
2022-12-23 00:00:00+09:00,1882.70540822347,1904.2332247416177,1878.791259765625,1878.791259765625,2443300,0.0,0.0
2022-12-26 00:00:00+09:00,1878.7912751029867,1901.2976289193246,1874.8771266131887,1900.319091796875,1701300,0.0,0.0
2022-12-27 00:00:00+09:00,1917.9327030610941,1928.6966110884778,1908.147332127109,1914.0185546875,1568800,0.0,0.0
2022-12-28 00:00:00+09:00,1901.2975791892027,1917.9327098357371,1895.4263566080729,1908.1473388671875,2573800,0.0,0.0
2022-12-29 00:00:00+09:00,1882.70538104022,1902.276123046875,1863.1346390335648,1902.276123046875,3186400,0.0,0.0
2022-12-30 00:00:00+09:00,1941.4174956327638,1941.4174956327638,1890.5335693359375,1890.5335693359375,3017800,0.0,0.0
2023-01-04 00:00:00+09:00,1871.9414491758241,1876.8341346153848,1858.241929945055,1869.984375,2129800,0.0,0.0
2023-01-05 00:00:00+09:00,1882.7053639169126,1882.7053639169126,1860.1990108139557,1864.1131591796875,2280500,0.0,0.0
2023-01-06 00:00:00+09:00,1837.6925989773292,1852.370654879704,1836.714061917171,1844.5423583984375,3209800,0.0,0.0
2023-01-10 00:00:00+09:00,1852.3707354249073,1870.9629403763458,1846.4995128086637,1863.1346435546875,2771800,0.0,0.0
2023-01-11 00:00:00+09:00,1868.027330151329,1879.769775390625,1858.2419591185824,1879.769775390625,3432500,0.0,0.0
2023-01-12 00:00:00+09:00,1890.5335973011363,1895.4262825943588,1870.9628561282466,1883.683837890625,2453300,0.0,0.0
2023-01-13 00:00:00+09:00,1912.0615577477713,1914.9971691465653,1861.1776268353435,1866.0703125,3637200,0.0,0.0
2023-01-16 00:00:00+09:00,1844.5423583984375,1857.2633401804958,1833.778450736696,1844.5423583984375,2490000,0.0,0.0
2023-01-17 00:00:00+09:00,1844.5424160714877,1859.2204724327994,1836.714119345455,1847.47802734375,2348800,0.0,0.0
2023-01-18 00:00:00+09:00,1861.1775438323425,1908.1473241183323,1854.3277842073023,1903.254638671875,2661700,0.0,0.0
2023-01-19 00:00:00+09:00,1894.4478103050208,1894.4478103050208,1865.0916975420298,1880.748291015625,2887700,0.0,0.0
2023-01-20 00:00:00+09:00,1889.555240362017,1889.555240362017,1868.0274230197258,1886.61962890625,1961200,0.0,0.0
2023-01-23 00:00:00+09:00,1923.8039688219678,1923.8039688219678,1909.125912091383,1912.0615234375,1841500,0.0,0.0
2023-01-24 00:00:00+09:00,1939.460586517395,1966.8596260847446,1925.76106673372,1960.9884033203125,3039100,0.0,0.0
2023-01-25 00:00:00+09:00,1936.524875772279,1968.8165993197704,1936.524875772279,1960.009765625,1835200,0.0,0.0
2023-01-26 00:00:00+09:00,1967.83819228535,1981.5377122714242,1958.0528208667258,1970.7738037109375,2075300,0.0,0.0
2023-01-27 00:00:00+09:00,1964.9025019803057,1973.709335903524,1956.095668057087,1968.816650390625,1733100,0.0,0.0
2023-01-30 00:00:00+09:00,1972.7308495175657,1979.5806094117238,1960.009866856986,1977.62353515625,2005700,0.0,0.0
2023-01-31 00:00:00+09:00,1983.494655477721,1984.4731925549177,1957.0741543934098,1960.009765625,2662400,0.0,0.0
2023-02-01 00:00:00+09:00,1982.516131919811,1982.516131919811,1944.3531856488967,1948.267333984375,2251900,0.0,0.0
2023-02-02 00:00:00+09:00,1962.945462162391,1962.945462162391,1936.5249599298963,1939.4605712890625,2074200,0.0,0.0
2023-02-03 00:00:00+09:00,1957.074211934509,1967.838120100149,1945.331766662902,1962.9454345703125,1950600,0.0,0.0
2023-02-06 00:00:00+09:00,1981.5377118411993,1982.5162489828492,1950.2245233084002,1954.138671875,2285800,0.0,0.0
2023-02-07 00:00:00+09:00,1952.1815901004295,1958.052812927799,1939.460607307795,1943.374755859375,2074600,0.0,0.0
2023-02-08 00:00:00+09:00,1936.5250037457522,1971.7523408527998,1931.6323180364402,1970.7738037109375,3068400,0.0,0.0
2023-02-09 00:00:00+09:00,1949.245821412852,2091.13369495947,1948.2672843539099,2084.283935546875,6380500,0.0,0.0
2023-02-10 00:00:00+09:00,2004.043924050633,2010.8936835566653,1928.696569484276,1932.6107177734375,8355500,0.0,0.0
2023-02-13 00:00:00+09:00,1931.6321707374327,1944.35315261159,1893.4692251149606,1905.211669921875,2640500,0.0,0.0
2023-02-14 00:00:00+09:00,1924.782454636287,1934.5678255292014,1903.254638671875,1903.254638671875,2036400,0.0,0.0
2023-02-15 00:00:00+09:00,1899.3404356177298,1903.2545838621763,1861.177490234375,1861.177490234375,2762700,0.0,0.0
2023-02-16 00:00:00+09:00,1868.02729947212,1877.8126703441583,1853.3492431640625,1853.3492431640625,2540300,0.0,0.0
2023-02-17 00:00:00+09:00,1829.8643731155885,1847.4780408781983,1824.9716876259745,1835.735595703125,2878700,0.0,0.0
2023-02-20 00:00:00+09:00,1832.8000777412208,1842.58544921875,1823.0147062636916,1842.58544921875,1902200,0.0,0.0
2023-02-21 00:00:00+09:00,1843.563986366503,1852.3708206962792,1830.8430034457149,1842.58544921875,1937900,0.0,0.0
2023-02-22 00:00:00+09:00,1834.7571148135798,1837.6927261972814,1802.465389592861,1805.4010009765625,3250700,0.0,0.0
2023-02-24 00:00:00+09:00,1800.508351545753,1827.9073916779707,1789.7444429223815,1825.9503173828125,2107300,0.0,0.0
2023-02-27 00:00:00+09:00,1810.2935873008043,1825.950180488271,1808.336513152371,1821.0574951171875,1690900,0.0,0.0
2023-02-28 00:00:00+09:00,1828.8859008789063,1859.2205519903275,1828.8859008789063,1849.4351806640625,4287600,0.0,0.0
2023-03-01 00:00:00+09:00,1831.8214111328125,1843.5638560759717,1816.164817875267,1831.8214111328125,2598300,0.0,0.0
2023-03-02 00:00:00+09:00,1792.6798653009832,1821.057439587953,1778.9803466796875,1778.9803466796875,5231700,0.0,0.0
2023-03-03 00:00:00+09:00,1784.8516766926366,1789.744362209886,1771.1521572443378,1774.0877685546875,5543800,0.0,0.0
2023-03-06 00:00:00+09:00,1782.8946387417448,1787.7873243584893,1771.1521932615576,1778.001953125,4122700,0.0,0.0
2023-03-07 00:00:00+09:00,1771.152143755351,1796.5941082512843,1768.2165324673588,1785.8302001953125,3377200,0.0,0.0
2023-03-08 00:00:00+09:00,1773.109188565341,1779.9589481238163,1763.323817767519,1776.0447998046875,3580500,0.0,0.0
2023-03-09 00:00:00+09:00,1777.0233798650372,1783.8731395891866,1761.3667862098387,1774.0877685546875,3664200,0.0,0.0
2023-03-10 00:00:00+09:00,1758.431122697127,1773.1091788131296,1748.645751953125,1748.645751953125,6223200,0.0,0.0
2023-03-13 00:00:00+09:00,1736.9032774470668,1745.7101109665166,1720.2681474658837,1738.8603515625,2385400,0.0,0.0
2023-03-14 00:00:00+09:00,1707.5473123653605,1710.4829237906306,1676.2341238291476,1682.1053466796875,3778600,0.0,0.0
2023-03-15 00:00:00+09:00,1685.0409794560185,1686.9980537643298,1658.620476293816,1664.49169921875,3345800,0.0,0.0
2023-03-16 00:00:00+09:00,1631.2212706166445,1647.8564005509475,1620.4573630120956,1633.1783447265625,3641100,0.0,0.0
2023-03-17 00:00:00+09:00,1651.7707162147265,1665.4702363729054,1634.157047439925,1664.49169921875,4072400,0.0,0.0
2023-03-20 00:00:00+09:00,1668.405695666511,1686.9978998997449,1654.7061767578125,1654.7061767578125,3210700,0.0,0.0
2023-03-22 00:00:00+09:00,1680.1483442696913,1685.0410301877741,1651.77076594481,1673.298583984375,3726000,0.0,0.0
2023-03-23 00:00:00+09:00,1654.7062209778906,1674.2769627990365,1649.813535522604,1669.38427734375,2408800,0.0,0.0
2023-03-24 00:00:00+09:00,1666.44869432904,1666.44869432904,1649.8135634989792,1662.5345458984375,2622700,0.0,0.0
2023-03-27 00:00:00+09:00,1663.5130694426687,1681.1267372367677,1663.5130694426687,1674.2769775390625,2079400,0.0,0.0
2023-03-28 00:00:00+09:00,1686.9978819457017,1693.847641327152,1677.212511400773,1688.9549560546875,2030200,0.0,0.0
2023-03-29 00:00:00+09:00,1680.1481667156538,1705.5901308010393,1676.2340183948252,1703.633056640625,3603200,0.0,0.0
2023-03-30 00:00:00+09:00,1706.0957773370033,1716.9312586018457,1696.2453398235102,1711.02099609375,3046700,11.5,0.0
2023-03-31 00:00:00+09:00,1723.826489878031,1723.826489878031,1698.2153534569861,1706.095703125,4698900,0.0,0.0
2023-04-03 00:00:00+09:00,1724.8113927464026,1750.4225270761608,1720.8712182341321,1743.5272216796875,2694600,0.0,0.0
2023-04-04 00:00:00+09:00,1749.4376591680814,1752.3927903491085,1732.6919158089274,1740.572265625,2187400,0.0,0.0
2023-04-05 00:00:00+09:00,1747.4674345965877,1762.2430893423311,1734.6618671502767,1757.31787109375,3799700,0.0,0.0
2023-04-06 00:00:00+09:00,1745.4973890554656,1753.3777384417206,1738.6020833424925,1750.422607421875,3162000,0.0,0.0
2023-04-07 00:00:00+09:00,1750.4226657764332,1755.3478843070366,1741.5572724213473,1749.4376220703125,1685300,0.0,0.0
2023-04-10 00:00:00+09:00,1758.3030475386038,1767.1684410556052,1752.392785193936,1761.2581787109375,1932400,0.0,0.0
2023-04-11 00:00:00+09:00,1777.0188731904711,1793.764616452244,1773.0786983053483,1781.944091796875,3445600,0.0,0.0
2023-04-12 00:00:00+09:00,1782.9291194634377,1783.9141631758484,1765.1983326400443,1776.0338134765625,2348600,0.0,0.0
2023-04-13 00:00:00+09:00,1766.183302152674,1777.0187825339788,1755.3478217713694,1771.1085205078125,2221300,0.0,0.0
2023-04-14 00:00:00+09:00,1802.6298497769699,1802.6298497769699,1776.0336716655063,1790.809326171875,4089400,0.0,0.0
2023-04-17 00:00:00+09:00,1791.7943532240574,1795.7345277226261,1779.9738297283518,1784.8990478515625,1791200,0.0,0.0
2023-04-18 00:00:00+09:00,1797.704707814193,1822.3307997020586,1786.869227383532,1818.390625,2780800,0.0,0.0
2023-04-19 00:00:00+09:00,1807.555207901538,1824.3009509720155,1804.6000767714538,1819.375732421875,2808200,0.0,0.0
2023-04-20 00:00:00+09:00,1815.4355522341843,1826.271033012576,1809.525289991425,1817.4056396484375,2217900,0.0,0.0
2023-04-21 00:00:00+09:00,1807.5552234753886,1816.4206169420254,1797.7047862902366,1802.6300048828125,1794000,0.0,0.0
2023-04-24 00:00:00+09:00,1823.3158542282517,1826.2709852723817,1814.4504610958616,1822.330810546875,1837100,0.0,0.0
2023-04-25 00:00:00+09:00,1815.4355522341843,1820.360770769817,1809.525289991425,1817.4056396484375,1604200,0.0,0.0
2023-04-26 00:00:00+09:00,1800.6599599196893,1811.4954410789435,1791.794566243936,1795.7347412109375,1769600,0.0,0.0
2023-04-27 00:00:00+09:00,1787.8542858893393,1801.6448974609375,1783.9141111545969,1801.6448974609375,1752500,0.0,0.0
2023-04-28 00:00:00+09:00,1817.405623518429,1818.390667216813,1792.7795310588297,1811.495361328125,3574000,0.0,0.0
2023-05-01 00:00:00+09:00,1824.300962075607,1851.8821861242664,1823.3159183595835,1845.971923828125,3191300,0.0,0.0
2023-05-02 00:00:00+09:00,1856.8073038391049,1863.7026094767036,1850.8970418640201,1853.8521728515625,2137800,0.0,0.0
2023-05-08 00:00:00+09:00,1844.0018041756177,1845.9718915732412,1825.2859738981942,1834.1513671875,2361800,0.0,0.0
2023-05-09 00:00:00+09:00,1842.0315964595077,1858.7773382455032,1841.0465528250372,1856.8072509765625,2281400,0.0,0.0
2023-05-10 00:00:00+09:00,1859.7624238718051,1859.7624238718051,1841.0465943942818,1849.9119873046875,1796000,0.0,0.0
2023-05-11 00:00:00+09:00,1843.0167877921956,1866.6578369140625,1843.0167877921956,1866.6578369140625,3091300,0.0,0.0
2023-05-12 00:00:00+09:00,1846.9568848422782,1921.8202039078851,1846.9568848422782,1882.41845703125,6370900,0.0,0.0
2023-05-15 00:00:00+09:00,1890.2988918304443,1910.9848098754883,1884.3886295318603,1891.283935546875,2693600,0.0,0.0
2023-05-16 00:00:00+09:00,1904.0893754531494,1907.0445064031544,1883.4034588031152,1889.313720703125,3216700,0.0,0.0
2023-05-17 00:00:00+09:00,1890.2988389164473,1899.1642321161596,1867.642834072738,1894.239013671875,2750600,0.0,0.0
2023-05-18 00:00:00+09:00,1906.0596075787064,1926.7455258004907,1901.134388954472,1919.8502197265625,3809500,0.0,0.0
2023-05-19 00:00:00+09:00,1932.655809498954,1937.5810281775957,1905.0745848985614,1927.7305908203125,2667500,0.0,0.0
2023-05-22 00:00:00+09:00,1935.6108880439795,1959.251937058257,1928.7155820814817,1953.3416748046875,2473700,0.0,0.0
2023-05-23 00:00:00+09:00,1988.8031697711888,2009.4890868416173,1972.057427380842,1991.75830078125,4388300,0.0,0.0
2023-05-24 00:00:00+09:00,2004.5637932069596,2004.5637932069596,1975.0124842161936,1986.8330078125,2593000,0.0,0.0
2023-05-25 00:00:00+09:00,1963.1920056772208,1975.997573200454,1951.371481809621,1959.2518310546875,2041600,0.0,0.0
2023-05-26 00:00:00+09:00,1960.2369167970721,1965.1621351809845,1944.4762179685529,1952.3565673828125,1709300,0.0,0.0
2023-05-29 00:00:00+09:00,1984.8631220278533,1987.818253226902,1964.1772036345108,1971.072509765625,2368800,0.0,0.0
2023-05-30 00:00:00+09:00,1974.0275254696753,1996.683530003509,1969.1023070927552,1995.698486328125,2046000,0.0,0.0
2023-05-31 00:00:00+09:00,1975.01255148103,1993.7283811459376,1967.1322021484375,1967.1322021484375,4261000,0.0,0.0
2023-06-01 00:00:00+09:00,1979.9377970560072,1981.9078844162618,1963.1920544938419,1976.982666015625,2179100,0.0,0.0
2023-06-02 00:00:00+09:00,1979.9378347420445,1993.7284465263174,1975.9976599465379,1990.7733154296875,2130000,0.0,0.0
2023-06-05 00:00:00+09:00,2005.5489980970776,2013.9218696510193,1989.7882987014227,2011.9517822265625,2832000,0.0,0.0
2023-06-06 00:00:00+09:00,1999.6387041560818,2015.3994033021395,1978.4602646785665,2011.459228515625,2503700,0.0,0.0
2023-06-07 00:00:00+09:00,2019.339486614699,2037.070272350828,1998.1610480965446,2000.6236572265625,3443000,0.0,0.0
2023-06-08 00:00:00+09:00,1985.3556763343145,1989.2958513307606,1936.1034888787374,1948.9090576171875,3216000,0.0,0.0
2023-06-09 00:00:00+09:00,1976.982626566981,2019.832025797506,1963.6845371506113,2017.8619384765625,4745600,0.0,0.0
2023-06-12 00:00:00+09:00,2028.205078125,2044.9508218491985,2015.3995093947303,2028.205078125,2522700,0.0,0.0
2023-06-13 00:00:00+09:00,2033.6229351321251,2066.6219025949135,2021.3098875713833,2037.5631103515625,2563500,0.0,0.0
2023-06-14 00:00:00+09:00,2065.1438734202934,2110.9484000666293,2056.77100295806,2102.0830078125,3249600,0.0,0.0
2023-06-15 00:00:00+09:00,2094.2029549817657,2097.158086150602,2068.591818185187,2076.47216796875,2693500,0.0,0.0
2023-06-16 00:00:00+09:00,2074.502002284667,2112.426184187782,2053.3235630400704,2103.560791015625,3728900,0.0,0.0
2023-06-19 00:00:00+09:00,2113.411441796691,2113.411441796691,2077.949865518583,2091.740478515625,2391300,0.0,0.0
2023-06-20 00:00:00+09:00,2088.2926166240986,2088.2926166240986,2029.6825172424317,2048.890869140625,3050700,0.0,0.0
2023-06-21 00:00:00+09:00,2031.6527046291985,2048.3984481340212,2020.817223537843,2041.0106201171875,2105200,0.0,0.0
2023-06-22 00:00:00+09:00,2042.4879344896635,2053.815936055437,2020.8169749725319,2027.7122802734375,1961300,0.0,0.0
2023-06-23 00:00:00+09:00,2039.040499912219,2039.040499912219,1962.2070897705992,1972.550048828125,3001000,0.0,0.0
2023-06-26 00:00:00+09:00,1951.3714809181415,1970.0873103666245,1926.7453895385588,1947.923828125,1875900,0.0,0.0
2023-06-27 00:00:00+09:00,1938.5658960459184,1942.5060706313775,1916.8949358258928,1930.685546875,2598300,0.0,0.0
2023-06-28 00:00:00+09:00,1932.6556523525878,1959.7443528825042,1926.252868590971,1959.2518310546875,3029600,0.0,0.0
2023-06-29 00:00:00+09:00,1986.8331185692762,1998.1611209805537,1971.0724195622813,1971.56494140625,2484900,0.0,0.0
2023-06-30 00:00:00+09:00,1983.8779717765167,1983.8779717765167,1956.7892705730142,1976.982666015625,2963000,0.0,0.0
2023-07-03 00:00:00+09:00,1995.6985172188904,2000.6237356720467,1970.5799031077938,1973.5350341796875,2049000,0.0,0.0
2023-07-04 00:00:00+09:00,1964.669688208954,1967.1322974947511,1952.8491636371277,1957.2818603515625,1820300,0.0,0.0
2023-07-05 00:00:00+09:00,1921.8201803636393,1942.5060972204494,1921.8201803636393,1929.2080078125,2239000,0.0,0.0
2023-07-06 00:00:00+09:00,1905.0744942493013,1914.432409293442,1888.3287515387335,1894.239013671875,3475600,0.0,0.0
2023-07-07 00:00:00+09:00,1868.1353559171664,1917.8800622044414,1867.642834072738,1894.239013671875,3594400,0.0,0.0
2023-07-10 00:00:00+09:00,1899.6567267633768,1901.134292275508,1876.5082004066542,1884.3885498046875,2977600,0.0,0.0
2023-07-11 00:00:00+09:00,1897.1941073695002,1912.9548060807733,1885.3735833360454,1891.7763671875,1623700,0.0,0.0
2023-07-12 00:00:00+09:00,1910.9847990605429,1910.9847990605429,1879.4634003131523,1887.34375,1520500,0.0,0.0
2023-07-13 00:00:00+09:00,1891.7763846887324,1920.8351732064712,1880.9409042244906,1920.3426513671875,1499000,0.0,0.0
2023-07-14 00:00:00+09:00,1920.8351780213031,1956.7892723791379,1907.5370883273094,1910.9847412109375,3694400,0.0,0.0
2023-07-18 00:00:00+09:00,1920.8352579931302,1930.193173352584,1896.70168680296,1906.5521240234375,1694800,0.0,0.0
2023-07-19 00:00:00+09:00,1931.6706812378116,1943.4912055493128,1926.745462774686,1941.5211181640625,1840800,0.0,0.0
2023-07-20 00:00:00+09:00,1938.5660879852037,1938.5660879852037,1915.417560003673,1922.3128662109375,1595900,0.0,0.0
2023-07-21 00:00:00+09:00,1917.8800843463441,1926.7454776484074,1907.0446036438225,1913.4473876953125,1605300,0.0,0.0
2023-07-24 00:00:00+09:00,1937.5809320865828,1942.0136286775282,1919.8501457228012,1926.2529296875,1830800,0.0,0.0
2023-07-25 00:00:00+09:00,1924.775390997639,1936.1033935546875,1916.4025195424292,1936.1033935546875,1549800,0.0,0.0
2023-07-26 00:00:00+09:00,1924.7754385369785,1942.5062255859375,1914.432479425086,1942.5062255859375,1530200,0.0,0.0
2023-07-27 00:00:00+09:00,1942.506134764629,1943.4911784435158,1922.312739347451,1931.670654296875,2012300,0.0,0.0
2023-07-28 00:00:00+09:00,1872.568105307916,1921.820291139266,1870.5980178746622,1913.93994140625,4520900,0.0,0.0
2023-07-31 00:00:00+09:00,1947.9238226563982,1968.609739357174,1932.6556460439208,1945.9537353515625,3525300,0.0,0.0
2023-08-01 00:00:00+09:00,1947.923858564528,1949.4014240703923,1925.7603759765625,1925.7603759765625,2039300,0.0,0.0
2023-08-02 00:00:00+09:00,1906.0595487744065,1914.4324201772915,1887.836240426951,1898.17919921875,2491700,0.0,0.0
2023-08-03 00:00:00+09:00,1890.7914402462657,1914.9250116377914,1887.8363090554667,1901.1343994140625,2612500,0.0,0.0
2023-08-04 00:00:00+09:00,1902.6119119848418,1904.5819993904693,1884.8811253341935,1904.0894775390625,1919100,0.0,0.0
2023-08-07 00:00:00+09:00,1891.2838568569216,1914.924905067633,1877.9857672383964,1907.0445556640625,1748600,0.0,0.0
2023-08-08 00:00:00+09:00,1920.8351094140926,1922.8051967057993,1901.6267583199517,1919.3575439453125,2262800,0.0,0.0
2023-08-09 00:00:00+09:00,1842.03174795817,1842.5242698159127,1783.9141687445165,1789.3319091796875,7212500,0.0,0.0
2023-08-10 00:00:00+09:00,1798.19727744565,1849.4195499338305,1797.704755594802,1836.1214599609375,4960800,0.0,0.0
2023-08-14 00:00:00+09:00,1841.0465438219546,1847.4493274147007,1813.465322191663,1820.8531494140625,2748900,0.0,0.0
2023-08-15 00:00:00+09:00,1841.0467844693856,1857.7925283623654,1829.2262593684584,1852.8673095703125,2286800,0.0,0.0
2023-08-16 00:00:00+09:00,1822.3308257307438,1827.2560441786645,1800.1673427150995,1805.5850830078125,2314400,0.0,0.0
2023-08-17 00:00:00+09:00,1804.1076391793486,1816.9132080078125,1791.7945922289027,1816.9132080078125,2354800,0.0,0.0
2023-08-18 00:00:00+09:00,1798.6897514897075,1825.7784525663596,1797.704707814193,1818.390625,1732500,0.0,0.0
2023-08-21 00:00:00+09:00,1831.1962623245463,1833.166349750393,1811.9879099225407,1821.3458251953125,1617200,0.0,0.0
2023-08-22 00:00:00+09:00,1832.181247954019,1838.584031885041,1820.3607237736703,1833.6588134765625,1920800,0.0,0.0
2023-08-23 00:00:00+09:00,1829.2262174315372,1862.7177044496698,1824.7935206203138,1859.7625732421875,2002800,0.0,0.0
2023-08-24 00:00:00+09:00,1857.299895664431,1879.955900756068,1851.3896334666126,1879.46337890625,2260800,0.0,0.0
2023-08-25 00:00:00+09:00,1840.061529925425,1870.597882938106,1838.5839644570697,1853.359619140625,2576900,0.0,0.0
2023-08-28 00:00:00+09:00,1881.433508859273,1888.8213367736416,1870.1055060572405,1883.8961181640625,1957000,0.0,0.0
2023-08-29 00:00:00+09:00,1889.8062161293835,1891.2837815837456,1877.985692494485,1890.791259765625,1888400,0.0,0.0
2023-08-30 00:00:00+09:00,1899.16416003121,1927.2379040980616,1897.6865945540073,1923.2977294921875,2495800,0.0,0.0
2023-08-31 00:00:00+09:00,1926.2529140629981,1938.5659600490822,1920.835173829121,1931.670654296875,3502000,0.0,0.0
2023-09-01 00:00:00+09:00,1931.178154026572,1954.3266807389539,1925.7604137321848,1939.551025390625,2453000,0.0,0.0
2023-09-04 00:00:00+09:00,1948.908914514074,1957.774307605116,1940.043521423032,1952.3565673828125,1697100,0.0,0.0
2023-09-05 00:00:00+09:00,1945.461277246415,1947.4313646157784,1929.7005782915073,1946.9388427734375,2242500,0.0,0.0
2023-09-06 00:00:00+09:00,1957.7742967133092,1965.1621242480765,1942.5061198081237,1948.4163818359375,2154400,0.0,0.0
2023-09-07 00:00:00+09:00,1952.3566099983482,1969.5948747183133,1945.953825959504,1956.789306640625,2295900,0.0,0.0
2023-09-08 00:00:00+09:00,1971.5649239234297,1971.5649239234297,1931.1781330761348,1942.9986572265625,4416900,0.0,0.0
2023-09-11 00:00:00+09:00,1970.0873331481596,1979.9377698139006,1954.8191563162613,1967.1322021484375,2819800,0.0,0.0
2023-09-12 00:00:00+09:00,1979.9378620444127,2041.503094073157,1973.5350779134233,2034.6077880859375,3689100,0.0,0.0
2023-09-13 00:00:00+09:00,2041.99562170197,2068.591802013573,2037.0704031257474,2059.23388671875,3867600,0.0,0.0
2023-09-14 00:00:00+09:00,2073.5168459856295,2137.0521602688,2067.114062375698,2128.186767578125,5251300,0.0,0.0
2023-09-15 00:00:00+09:00,2137.544757047665,2139.0223225479285,2104.54579420845,2133.112060546875,5463800,0.0,0.0
2023-09-19 00:00:00+09:00,2122.7691704153626,2153.30552507099,2117.84395192252,2124.7392578125,3567100,0.0,0.0
2023-09-20 00:00:00+09:00,2121.2915176930146,2121.2915176930146,2085.829946001838,2093.2177734375,3147300,0.0,0.0
2023-09-21 00:00:00+09:00,2072.039269223547,2085.3373581869496,2050.860831244794,2069.57666015625,3826400,0.0,0.0
2023-09-22 00:00:00+09:00,2036.0851768410132,2077.949530985059,2030.1749150795008,2069.57666015625,2680000,0.0,0.0
2023-09-25 00:00:00+09:00,2076.4718449519232,2086.3222806490385,2059.233582481971,2080.904541015625,1898500,0.0,0.0
2023-09-26 00:00:00+09:00,2066.12920267651,2066.12920267651,2006.5340576171875,2006.5340576171875,3620200,0.0,0.0
2023-09-27 00:00:00+09:00,1978.4602179888345,2016.3843994140625,1969.5948249283917,2016.3843994140625,3781900,0.0,0.0
2023-09-28 00:00:00+09:00,2023.8139615101516,2035.2059637408745,1977.2553436976323,1995.0863037109375,3966200,11.5,0.0
2023-09-29 00:00:00+09:00,1993.1051038483724,2002.5158883844358,1961.9009235445833,1985.675537109375,5852900,0.0,0.0
2023-10-02 00:00:00+09:00,2002.515903787945,2035.2059976909884,1988.152074648729,1991.1239013671875,3507900,0.0,0.0
2023-10-03 00:00:00+09:00,1982.2084574064736,1997.0675912700904,1952.9854941413607,1972.3023681640625,3315600,0.0,0.0
2023-10-04 00:00:00+09:00,1936.640419815218,1942.5840732775664,1854.915184707926,1859.3729248046875,5031200,0.0,0.0
2023-10-05 00:00:00+09:00,1866.3072280405956,1898.5020183332279,1851.4480940593808,1898.0067138671875,4199200,0.0,0.0
2023-10-06 00:00:00+09:00,1882.1568886191428,1923.7624619465132,1880.6709752860224,1907.9127197265625,2592200,0.0,0.0
2023-10-10 00:00:00+09:00,1915.342319927041,1970.321114215094,1915.342319927041,1947.537109375,3875400,0.0,0.0
2023-10-11 00:00:00+09:00,1928.71559395908,1933.668638627696,1871.2602758031342,1883.1475830078125,5693600,0.0,0.0
2023-10-12 00:00:00+09:00,1911.875188631024,1925.743713315394,1897.5113594936406,1903.9503173828125,4274100,0.0,0.0
2023-10-13 00:00:00+09:00,1868.2884247154318,1877.203905003045,1825.6922411190565,1842.5325927734375,5756700,0.0,0.0
2023-10-16 00:00:00+09:00,1830.6453304771971,1834.112461784919,1782.1054921690895,1786.563232421875,3618600,0.0,0.0
2023-10-17 00:00:00+09:00,1807.8611417965526,1813.8047948654728,1780.6193985640018,1800.9268798828125,3699800,0.0,0.0
2023-10-18 00:00:00+09:00,1788.0490805886009,1796.4692563143644,1765.2650756835938,1787.0584716796875,3088500,0.0,0.0
2023-10-19 00:00:00+09:00,1763.2838537101156,1793.0021209074773,1760.3120269903795,1765.7603759765625,2569500,0.0,0.0
2023-10-20 00:00:00+09:00,1753.3778243259067,1758.8261734975408,1734.5562544602615,1751.3966064453125,2847200,0.0,0.0
2023-10-23 00:00:00+09:00,1748.4247284594198,1750.405946282037,1718.7064611201663,1721.1829833984375,2930000,0.0,0.0
2023-10-24 00:00:00+09:00,1731.5844241496384,1737.5280777794428,1687.502326395257,1730.0985107421875,3208100,0.0,0.0
2023-10-25 00:00:00+09:00,1740.4998735051104,1776.161794646934,1738.518655663898,1762.78857421875,4202100,0.0,0.0
2023-10-26 00:00:00+09:00,1735.0514791556805,1758.3307881823198,1731.089043576678,1746.4434814453125,3396800,0.0,0.0
2023-10-27 00:00:00+09:00,1770.7134532536008,1807.8612879372429,1761.3026684670783,1805.384765625,4565400,0.0,0.0
2023-10-30 00:00:00+09:00,1780.1241807043632,1818.7579275310022,1771.2087006674467,1812.3189697265625,14353900,0.0,0.0
2023-10-31 00:00:00+09:00,1819.7485421752103,1841.0466334418227,1806.8706265256308,1826.1875,4030300,0.0,0.0
2023-11-01 00:00:00+09:00,1849.4667814645657,1857.3916525152977,1833.6170393631019,1844.0184326171875,2989200,0.0,0.0
2023-11-02 00:00:00+09:00,1858.3823995401212,1860.3636174500787,1845.5044831253977,1849.4669189453125,3061000,0.0,0.0
2023-11-06 00:00:00+09:00,1882.1569725078596,1913.8564583606235,1867.2978385143763,1890.5771484375,5033100,0.0,0.0
2023-11-07 00:00:00+09:00,1783.0959660246074,1817.2719720400792,1748.424655574129,1766.255615234375,10607400,0.0,0.0
2023-11-08 00:00:00+09:00,1780.1241669479239,1781.6100802759272,1746.4434648465165,1748.4246826171875,4990500,0.0,0.0
2023-11-09 00:00:00+09:00,1767.2462706807703,1836.588893409276,1755.3589639273123,1826.1875,4878000,0.0,0.0
2023-11-10 00:00:00+09:00,1826.1875152835464,1841.5419533019326,1803.40351048207,1831.6358642578125,4515200,0.0,0.0
2023-11-13 00:00:00+09:00,1851.943393653872,1856.8964383012478,1799.9364248564243,1804.3941650390625,2552200,0.0,0.0
2023-11-14 00:00:00+09:00,1830.6452622567624,1830.6452622567624,1794.488037109375,1794.488037109375,2060700,0.0,0.0
2023-11-15 00:00:00+09:00,1823.2157338064947,1858.8776552501424,1820.739211484019,1847.98095703125,3951100,0.0,0.0
2023-11-16 00:00:00+09:00,1834.112294457779,1869.2789087992596,1833.6169900304342,1849.9620361328125,2993100,0.0,0.0
2023-11-17 00:00:00+09:00,1832.6264609322848,1854.9151611328125,1827.1781119943778,1854.9151611328125,2892600,0.0,0.0
2023-11-20 00:00:00+09:00,1857.3917940934844,1871.7556239678072,1828.1688298664135,1834.6077880859375,2319100,0.0,0.0
2023-11-21 00:00:00+09:00,1827.6734299961392,1832.6264745218741,1811.3283830612145,1824.206298828125,3208900,0.0,0.0
2023-11-22 00:00:00+09:00,1824.701617107458,1838.570141884605,1814.300223524598,1837.084228515625,2498400,0.0,0.0
2023-11-24 00:00:00+09:00,1822.720396595111,1837.5795302630058,1799.4410871820755,1808.3565673828125,3931900,0.0,0.0
2023-11-27 00:00:00+09:00,1799.4410162919405,1809.3471050136138,1788.5443186981,1794.9832763671875,2853800,0.0,0.0
2023-11-28 00:00:00+09:00,1797.9551933442556,1813.8049360954997,1791.0209308905862,1791.5162353515625,3637400,0.0,0.0
2023-11-29 00:00:00+09:00,1791.5161924828285,1808.3565437530567,1787.5537568898335,1803.8988037109375,2756100,0.0,0.0
2023-11-30 00:00:00+09:00,1802.908149596115,1811.823629456755,1761.3025769131277,1780.1241455078125,9966000,0.0,0.0
2023-12-01 00:00:00+09:00,1790.525575954003,1790.525575954003,1753.873046875,1753.873046875,4589000,0.0,0.0
2023-12-04 00:00:00+09:00,1744.9575610553102,1755.3589544081804,1725.1453832403195,1740.0045166015625,3416000,0.0,0.0
2023-12-05 00:00:00+09:00,1725.6407721301755,1745.9482553842906,1722.6689453125,1722.6689453125,3201800,0.0,0.0
2023-12-06 00:00:00+09:00,1728.1173029663396,1763.2839204815618,1723.1642582458858,1757.8355712890625,3627100,0.0,0.0
2023-12-07 00:00:00+09:00,1757.3402128062376,1765.2650841153975,1736.04212116287,1742.4810791015625,2719100,0.0,0.0
2023-12-08 00:00:00+09:00,1704.8378763310523,1715.7345739717505,1670.1665656561036,1691.9599609375,6216500,0.0,0.0
2023-12-11 00:00:00+09:00,1706.8190781449582,1751.3964771678968,1696.4176850396059,1744.95751953125,4183000,0.0,0.0
2023-12-12 00:00:00+09:00,1763.2838352648562,1778.1429687080995,1730.0984372416133,1731.5843505859375,3823100,0.0,0.0
2023-12-13 00:00:00+09:00,1731.0890887593514,1764.2744875996593,1731.0890887593514,1762.78857421875,2908400,0.0,0.0
2023-12-14 00:00:00+09:00,1783.096109461685,1790.5256765844422,1764.7698438922178,1785.5726318359375,4992000,0.0,0.0
2023-12-15 00:00:00+09:00,1800.9270004513237,1864.3259707642417,1791.5162157955,1851.943359375,8977300,0.0,0.0
2023-12-18 00:00:00+09:00,1857.8870500282565,1872.2508795272754,1841.0466982018208,1869.279052734375,4580900,0.0,0.0
2023-12-19 00:00:00+09:00,1872.250826853626,1905.4362251073808,1856.4010844040715,1890.081787109375,4511700,0.0,0.0
2023-12-20 00:00:00+09:00,1901.9691532258064,1937.1357703818044,1898.0067174899193,1919.3048095703125,4959500,0.0,0.0
2023-12-21 00:00:00+09:00,1911.8751398358177,1920.295315322141,1885.624004496103,1902.46435546875,3421300,0.0,0.0
2023-12-22 00:00:00+09:00,1921.7811951968044,1928.715457241329,1895.0347558822098,1906.4267578125,3130500,0.0,0.0
2023-12-25 00:00:00+09:00,1966.3586061663987,2003.5064387765951,1964.8726928619908,1992.6097412109375,4455300,0.0,0.0
2023-12-26 00:00:00+09:00,1993.1051121962346,1999.5440700636677,1970.816411885889,1984.6849365234375,2591200,0.0,0.0
2023-12-27 00:00:00+09:00,2000.5346859756394,2008.459557224862,1987.6567701956526,1991.1239013671875,3148600,0.0,0.0
2023-12-28 00:00:00+09:00,1977.2553037320563,1999.5440032981742,1973.788172688438,1992.6097412109375,1955700,0.0,0.0
2023-12-29 00:00:00+09:00,1982.7036950787406,1993.6003928783239,1967.3492572702366,1980.2271728515625,2562600,0.0,0.0
2024-01-04 00:00:00+09:00,1951.4995642708463,1977.7507005414948,1937.631039448617,1974.2835693359375,3299100,0.0,0.0
2024-01-05 00:00:00+09:00,1974.7788599187677,1980.2272089177911,1955.4619861949575,1961.4056396484375,2587600,0.0,0.0
2024-01-09 00:00:00+09:00,1973.2929615322432,2010.4407958984375,1965.3680902007884,2010.4407958984375,3118000,0.0,0.0
2024-01-10 00:00:00+09:00,2015.8891609812486,2064.4289982726887,2015.393856519091,2052.04638671875,3948500,0.0,0.0
2024-01-11 00:00:00+09:00,2081.269427710562,2109.997087588528,2063.933770887652,2071.858642578125,4679700,0.0,0.0
2024-01-12 00:00:00+09:00,2153.583864023194,2153.583864023194,2093.652022361095,2146.154296875,7261200,0.0,0.0
2024-01-15 00:00:00+09:00,2147.640020802303,2170.9193291458705,2144.668194205252,2161.508544921875,548500,0.0,0.0
2024-01-16 00:00:00+09:00,2188.255126953125,2216.98278593078,2168.938252812977,2188.255126953125,3933900,0.0,0.0
2024-01-17 00:00:00+09:00,2183.797164310028,2197.1703835063017,2141.6962890625,2141.6962890625,3545200,0.0,0.0
2024-01-18 00:00:00+09:00,2124.856154195378,2144.1730283244274,2111.482933644498,2115.940673828125,2495700,0.0,0.0
2024-01-19 00:00:00+09:00,2135.7527114345435,2150.6118443990695,2113.959316419905,2125.351318359375,2489300,0.0,0.0
2024-01-22 00:00:00+09:00,2133.771678331163,2155.5650752314814,2105.539323255751,2139.71533203125,2967400,0.0,0.0
2024-01-23 00:00:00+09:00,2159.5274437485587,2177.8537087528466,2132.781002931489,2147.64013671875,2752100,0.0,0.0
2024-01-24 00:00:00+09:00,2131.790268707632,2134.762095290403,2110.492178197774,2118.912353515625,2561200,0.0,0.0
2024-01-25 00:00:00+09:00,2114.950058080132,2153.58380621368,2107.5204911313726,2109.501708984375,2488100,0.0,0.0
2024-01-26 00:00:00+09:00,2105.0441304785945,2106.034739481173,2072.849337894804,2083.250732421875,2266700,0.0,0.0
2024-01-29 00:00:00+09:00,2080.2787751752617,2103.0627808081335,2075.3257304724634,2084.2412109375,2139700,0.0,0.0
2024-01-30 00:00:00+09:00,2094.147143341187,2111.482798501296,2084.7363591114135,2095.633056640625,1446400,0.0,0.0
2024-01-31 00:00:00+09:00,2109.5014962666614,2124.8559330791213,2093.1564506275913,2120.398193359375,2239100,0.0,0.0
2024-02-01 00:00:00+09:00,2097.61433130852,2107.5204202403193,2081.2692845710512,2096.12841796875,2117200,0.0,0.0
2024-02-02 00:00:00+09:00,2119.9032571312414,2144.173177598398,2105.0441221513493,2112.968994140625,2129800,0.0,0.0
2024-02-05 00:00:00+09:00,2127.827928057632,2152.593150684001,2108.0157499565366,2136.743408203125,2396800,0.0,0.0
2024-02-06 00:00:00+09:00,2112.968726256937,2130.799685972185,2105.539159708917,2108.510986328125,2914900,0.0,0.0
2024-02-07 00:00:00+09:00,2095.633159452059,2109.0063798030883,2067.4008053776633,2068.88671875,2726200,0.0,0.0
2024-02-08 00:00:00+09:00,2167.9475147368144,2210.5436962006856,2092.165936085973,2189.24560546875,9329900,0.0,0.0
2024-02-09 00:00:00+09:00,2204.104818081894,2236.7949120129965,2152.097850464231,2158.04150390625,5155200,0.0,0.0
2024-02-13 00:00:00+09:00,2158.0415094189266,2222.43108853861,2140.210549047322,2215.496826171875,2773500,0.0,0.0
2024-02-14 00:00:00+09:00,2214.506125114762,2245.7103044666364,2192.217425577709,2233.822998046875,2885600,0.0,0.0
2024-02-15 00:00:00+09:00,2248.1870611306895,2287.8114199961788,2215.9922695524797,2278.400634765625,3290900,0.0,0.0
2024-02-16 00:00:00+09:00,2377.4614521355716,2387.36754151947,2320.006133708962,2330.90283203125,5483700,0.0,0.0
2024-02-19 00:00:00+09:00,2337.8368810147,2372.0128862668216,2323.9683571442733,2341.79931640625,2504100,0.0,0.0
2024-02-20 00:00:00+09:00,2337.836868077108,2341.303999025528,2296.231296696075,2314.062255859375,1848400,0.0,0.0
2024-02-21 00:00:00+09:00,2314.062393230835,2344.7712691684014,2299.698564163263,2319.5107421875,2280000,0.0,0.0
2024-02-22 00:00:00+09:00,2320.0062162235367,2373.499100799144,2303.165863671957,2357.154052734375,2821600,0.0,0.0
2024-02-26 00:00:00+09:00,2377.461380020597,2434.421392250257,2368.050595391349,2404.703125,3677100,0.0,0.0
2024-02-27 00:00:00+09:00,2393.3112986938,2418.5718277156097,2383.9005133719493,2412.628173828125,2627400,0.0,0.0
2024-02-28 00:00:00+09:00,2421.048130946522,2463.6443132831428,2414.113868705677,2453.242919921875,2580600,0.0,0.0
2024-02-29 00:00:00+09:00,2417.0858003119224,2429.963716461125,2382.41448760253,2411.637451171875,3503000,0.0,0.0
2024-03-01 00:00:00+09:00,2382.414396016198,2450.2711054245597,2365.0787403279305,2429.963623046875,2244600,0.0,0.0
2024-03-04 00:00:00+09:00,2426.992002814333,2460.6727081595113,2418.076521987668,2448.785400390625,2348400,0.0,0.0
2024-03-05 00:00:00+09:00,2438.8792405122745,2490.3909060308115,2426.9919330849198,2471.5693359375,3585100,0.0,0.0
2024-03-06 00:00:00+09:00,2458.6911067286005,2466.615977338524,2429.96345076763,2443.336669921875,2590500,0.0,0.0
2024-03-07 00:00:00+09:00,2479.493884475832,2489.399972707857,2432.935269785315,2436.897705078125,2798400,0.0,0.0
2024-03-08 00:00:00+09:00,2447.2993829260163,2464.139734883006,2388.3581510765534,2403.21728515625,4613700,0.0,0.0
2024-03-11 00:00:00+09:00,2365.078705722846,2374.9847945426272,2324.4637415617417,2346.75244140625,3159200,0.0,0.0
2024-03-12 00:00:00+09:00,2308.1185270508845,2351.70531468618,2266.5129570353747,2345.266357421875,2618400,0.0,0.0
2024-03-13 00:00:00+09:00,2347.7431603200844,2359.135162996743,2299.203322828235,2326.445068359375,2288700,0.0,0.0
2024-03-14 00:00:00+09:00,2332.8838294505567,2345.7617444326615,2301.184346417683,2335.3603515625,2529600,0.0,0.0
2024-03-15 00:00:00+09:00,2295.2408026821213,2355.667945091966,2288.3065404383688,2351.210205078125,2368500,0.0,0.0
2024-03-18 00:00:00+09:00,2385.3863210838285,2421.54354729627,2371.517795961248,2418.076416015625,2465600,0.0,0.0
2024-03-19 00:00:00+09:00,2406.684320910865,2436.402587890625,2390.83457852166,2436.402587890625,2156400,0.0,0.0
2024-03-21 00:00:00+09:00,2476.5223475091207,2515.156096130263,2469.092780466593,2511.68896484375,3323700,0.0,0.0
2024-03-22 00:00:00+09:00,2506.240622193674,2511.1936669015663,2435.412082870809,2481.970703125,4920400,0.0,0.0
2024-03-25 00:00:00+09:00,2460.672489145338,2467.111446947047,2426.9917867979384,2438.3837890625,2504900,0.0,0.0
2024-03-26 00:00:00+09:00,2439.374599358974,2456.7102564102565,2408.665721153846,2414.609375,2596800,0.0,0.0
2024-03-27 00:00:00+09:00,2424.515255082474,2466.1208284076893,2411.1420350850835,2446.803955078125,2739300,0.0,0.0
2024-03-28 00:00:00+09:00,2444.316068562069,2444.316068562069,2369.175244793162,2383.108642578125,2873600,11.5,0.0
2024-03-29 00:00:00+09:00,2396.0466395750846,2414.956249607037,2384.6013492925867,2411.472900390625,1001100,0.0,0.0
2024-04-01 00:00:00+09:00,2443.8183361482,2456.2588693193884,2342.8012067981526,2343.298828125,2130000,0.0,0.0
2024-04-02 00:00:00+09:00,2343.7964088992844,2371.6632027205924,2334.3416038527694,2355.24169921875,2384300,0.0,0.0
2024-04-03 00:00:00+09:00,2313.939236380388,2335.336954050142,2289.555790663692,2305.977294921875,2301800,0.0,0.0
2024-04-04 00:00:00+09:00,2338.8203340038112,2390.0753328128308,2322.896450878679,2350.265625,2528200,0.0,0.0
2024-04-05 00:00:00+09:00,2300.5034329322075,2331.8535770539315,2286.0724142095096,2313.939208984375,2558000,0.0,0.0
2024-04-08 00:00:00+09:00,2323.891608364532,2354.246509458801,2303.489133858548,2321.901123046875,1872100,0.0,0.0
2024-04-09 00:00:00+09:00,2338.3225321529376,2356.734520595087,2321.40340763853,2349.767822265625,1435500,0.0,0.0
2024-04-10 00:00:00+09:00,2360.715646846853,2386.094335293141,2360.218025504769,2375.644287109375,2198100,0.0,0.0
2024-04-11 00:00:00+09:00,2332.3510651998095,2345.786840484724,2304.484272016283,2316.9248046875,2384500,0.0,0.0
2024-04-12 00:00:00+09:00,2345.2893049705735,2353.2512461714073,2317.4225107676557,2327.87255859375,3110000,0.0,0.0
2024-04-15 00:00:00+09:00,2297.0201390567913,2315.43212890625,2277.1152851654847,2315.43212890625,1654800,0.0,0.0
2024-04-16 00:00:00+09:00,2285.5747561778194,2297.020046705163,2260.1960684867527,2289.05810546875,1900100,0.0,0.0
2024-04-17 00:00:00+09:00,2292.5415211972786,2305.9772974230928,2234.31982421875,2234.31982421875,2585500,0.0,0.0
2024-04-18 00:00:00+09:00,2237.803162262444,2274.62714136127,2215.9078233388177,2273.13427734375,1975600,0.0,0.0
2024-04-19 00:00:00+09:00,2254.7222923207505,2257.7080203617843,2204.462536963347,2236.310302734375,2788700,0.0,0.0
2024-04-22 00:00:00+09:00,2286.072464470231,2365.6918798631864,2249.248484850989,2352.256103515625,3340100,0.0,0.0
2024-04-23 00:00:00+09:00,2402.0180973177244,2449.789743752881,2392.5632922940995,2428.8896484375,4055300,0.0,0.0
2024-04-24 00:00:00+09:00,2473.177944756701,2522.9400764419465,2467.7041102713238,2483.13037109375,4482500,0.0,0.0
2024-04-25 00:00:00+09:00,2448.296893437051,2477.1589299856996,2411.4729157715346,2424.90869140625,2747500,0.0,0.0
2024-04-26 00:00:00+09:00,2396.0466682457604,2441.8278299235612,2390.572833697328,2420.927734375,3172800,0.0,0.0
2024-04-30 00:00:00+09:00,2470.1921655135284,2477.1588638046624,2449.7896919466357,2462.230224609375,2366200,0.0,0.0
2024-05-01 00:00:00+09:00,2426.8992205963164,2449.7898017214816,2417.444415348966,2447.79931640625,1647800,0.0,0.0
2024-05-02 00:00:00+09:00,2419.4347899545846,2457.254009213439,2418.4395473425097,2444.8134765625,1798100,0.0,0.0
2024-05-07 00:00:00+09:00,2457.751746028763,2482.6328125,2438.8421355106234,2482.6328125,2464200,0.0,0.0
2024-05-08 00:00:00+09:00,2450.2873906169125,2461.7326810279988,2389.079967983712,2403.510986328125,2787500,0.0,0.0
2024-05-09 00:00:00+09:00,2392.0656941434763,2435.856370466469,2385.5966169593976,2386.09423828125,2715100,0.0,0.0
2024-05-10 00:00:00+09:00,2413.46356235655,2437.349387303584,2289.555845443812,2290.053466796875,6538700,0.0,0.0
2024-05-13 00:00:00+09:00,2289.0579916619804,2322.896240234375,2263.1816839301496,2322.896240234375,3173600,0.0,0.0
2024-05-14 00:00:00+09:00,2306.9725423177083,2319.9106972142267,2244.27225320381,2269.1533203125,2939500,0.0,0.0
2024-05-15 00:00:00+09:00,2244.2720910946728,2262.1864581189316,2183.5622917346836,2191.026611328125,4139400,0.0,0.0
2024-05-16 00:00:00+09:00,2216.405444677991,2280.59859743135,2212.424473964604,2273.13427734375,2747600,0.0,0.0
2024-05-17 00:00:00+09:00,2259.6985635742826,2288.062980690278,2248.2532724573025,2272.63671875,2223400,0.0,0.0
2024-05-20 00:00:00+09:00,2294.034308490207,2367.6822645979187,2293.5366871651545,2327.87255859375,3387500,0.0,0.0
2024-05-21 00:00:00+09:00,2362.2085075974846,2367.682342352819,2318.4178295548095,2323.39404296875,1978000,0.0,0.0
2024-05-22 00:00:00+09:00,2358.7251304862593,2365.691829183898,2325.882122340248,2331.35595703125,2248200,0.0,0.0
2024-05-23 00:00:00+09:00,2438.344514923568,2438.344514923568,2378.6299553744193,2410.975341796875,3465500,0.0,0.0
2024-05-24 00:00:00+09:00,2378.6299939419687,2477.159018795632,2378.6299939419687,2470.68994140625,3443000,0.0,0.0
2024-05-27 00:00:00+09:00,2437.8469709296974,2454.2684753266517,2399.5301273368036,2406.496826171875,3300500,0.0,0.0
2024-05-28 00:00:00+09:00,2401.520554149499,2407.4920101482126,2355.739391492691,2370.17041015625,2030900,0.0,0.0
2024-05-29 00:00:00+09:00,2367.6823296279777,2377.137135063651,2333.346457256324,2344.791748046875,1786500,0.0,0.0
2024-05-30 00:00:00+09:00,2335.8345571425734,2354.2465466215413,2314.9344609772584,2346.7822265625,4085600,0.0,0.0
2024-05-31 00:00:00+09:00,2346.7822369018577,2411.473011031892,2336.33218877316,2397.0419921875,5444100,0.0,0.0
2024-06-03 00:00:00+09:00,2410.4777174001965,2436.8516478341785,2372.6584964005237,2376.141845703125,2031100,0.0,0.0
2024-06-04 00:00:00+09:00,2393.0608693307304,2399.529946332456,2326.8772353899967,2351.75830078125,3013200,0.0,0.0
2024-06-05 00:00:00+09:00,2350.763218934638,2382.6109848135156,2322.8964237906202,2358.2275390625,2010200,0.0,0.0
2024-06-06 00:00:00+09:00,2373.1561008633867,2400.027652435335,2345.289306640625,2345.289306640625,2257100,0.0,0.0
2024-06-07 00:00:00+09:00,2331.853641963505,2357.729952117603,2323.891700377629,2348.275146484375,2128400,0.0,0.0
2024-06-10 00:00:00+09:00,2348.772595217414,2383.6060870956385,2334.8391984661243,2363.20361328125,1761200,0.0,0.0
2024-06-11 00:00:00+09:00,2343.7964599978404,2348.2750519596198,2297.020055063701,2304.484375,2757600,0.0,0.0
2024-06-12 00:00:00+09:00,2279.1056992681315,2292.043853892798,2259.2008459994145,2283.086669921875,2143800,0.0,0.0
2024-06-13 00:00:00+09:00,2294.0342448275564,2302.99142842992,2248.253084193254,2256.712646484375,2282100,0.0,0.0
2024-06-14 00:00:00+09:00,2206.950692743641,2284.08200218564,2206.4530713924023,2257.21044921875,5764300,0.0,0.0
2024-06-17 00:00:00+09:00,2238.300665087206,2251.7364405334833,2193.017125620124,2200.4814453125,2308000,0.0,0.0
2024-06-18 00:00:00+09:00,2225.8602329050236,2242.2817369707213,2209.438728839326,2224.864990234375,2144000,0.0,0.0
2024-06-19 00:00:00+09:00,2214.4147882345924,2224.36721424913,2194.5099362055175,2216.4052734375,2028100,0.0,0.0
2024-06-20 00:00:00+09:00,2203.467334149521,2213.9173824822083,2186.5482082775507,2206.95068359375,2074900,0.0,0.0
2024-06-21 00:00:00+09:00,2210.931635706515,2285.077216107206,2210.931635706515,2247.755615234375,3674200,0.0,0.0
2024-06-24 00:00:00+09:00,2289.0581070489484,2310.953445464199,2268.158011288936,2306.474853515625,3276100,0.0,0.0
2024-06-25 00:00:00+09:00,2322.896260575157,2381.615574788497,2319.910532733801,2371.16552734375,3171300,0.0,0.0
2024-06-26 00:00:00+09:00,2375.146504527755,2393.0608716266443,2359.720243970378,2369.175048828125,3081700,0.0,0.0
2024-06-27 00:00:00+09:00,2360.7155540901026,2367.6822526055457,2312.4462858045335,2349.270263671875,3022400,0.0,0.0
2024-06-28 00:00:00+09:00,2357.7298822750186,2379.1275996532004,2338.322650234342,2350.76318359375,3295300,0.0,0.0
2024-07-01 00:00:00+09:00,2370.668107194652,2385.59674766817,2345.2894183896715,2348.275146484375,1417200,0.0,0.0
2024-07-02 00:00:00+09:00,2336.8296482229616,2369.67265435216,2316.42717471846,2355.7392578125,2264500,0.0,0.0
2024-07-03 00:00:00+09:00,2322.8964482138504,2361.213291939743,2201.4768395240094,2298.015380859375,15011900,0.0,0.0
2024-07-04 00:00:00+09:00,2292.043890567729,2326.3797630056733,2274.129522339236,2307.9677734375,3425200,0.0,0.0
2024-07-05 00:00:00+09:00,2315.431967689251,2333.843956256735,2295.5271151838633,2308.962890625,2163500,0.0,0.0
2024-07-08 00:00:00+09:00,2301.0009630694085,2317.4224664823173,2267.1627136125053,2304.98193359375,2623100,0.0,0.0
2024-07-09 00:00:00+09:00,2315.431982452546,2397.539499560792,2301.000964294127,2376.639404296875,3495900,0.0,0.0
2024-07-10 00:00:00+09:00,2360.2180519532076,2365.1942654298114,2339.3179553514715,2350.265625,2951600,0.0,0.0
2024-07-11 00:00:00+09:00,2380.1227738310768,2383.6061230714736,2355.7393291483,2370.66796875,2264000,0.0,0.0
2024-07-12 00:00:00+09:00,2320.905797512823,2364.6964729375936,2320.905797512823,2328.3701171875,4448300,0.0,0.0
2024-07-16 00:00:00+09:00,2333.3463728199126,2359.7203028176637,2325.384431688516,2333.843994140625,2115700,0.0,0.0
2024-07-17 00:00:00+09:00,2360.21796845101,2370.170395052111,2329.8630673176535,2356.734619140625,2375400,0.0,0.0
2024-07-18 00:00:00+09:00,2338.8202851661895,2391.070525579477,2335.8345571425734,2346.7822265625,2438200,0.0,0.0
2024-07-19 00:00:00+09:00,2341.8060841212287,2381.615792308585,2336.332249245467,2379.127685546875,3037600,0.0,0.0
2024-07-22 00:00:00+09:00,2367.6823652480102,2368.179986594216,2335.834599090828,2352.256103515625,1554600,0.0,0.0
2024-07-23 00:00:00+09:00,2388.0847286035073,2404.5062322592516,2353.7488573233154,2366.68701171875,3227300,0.0,0.0
2024-07-24 00:00:00+09:00,2343.79641376458,2357.729810704157,2327.3749102286497,2335.83447265625,1934500,0.0,0.0
2024-07-25 00:00:00+09:00,2290.551032238666,2315.432099284491,2273.1342853065885,2288.560546875,3175700,0.0,0.0
2024-07-26 00:00:00+09:00,2308.4654153641613,2345.289394828905,2295.029639072971,2301.996337890625,3840700,0.0,0.0
2024-07-29 00:00:00+09:00,2309.958238302251,2345.7869744413642,2298.512947591146,2313.939208984375,2916600,0.0,0.0
2024-07-30 00:00:00+09:00,2313.939127915968,2337.824951171875,2301.9962162880147,2337.824951171875,2417800,0.0,0.0
2024-07-31 00:00:00+09:00,2329.365535217919,2348.275146484375,2309.4606812532284,2348.275146484375,3063500,0.0,0.0
2024-08-01 00:00:00+09:00,2322.3987991800586,2330.8583619797287,2291.54627602832,2305.977294921875,2613400,0.0,0.0
2024-08-02 00:00:00+09:00,2206.452896791346,2234.8173115674185,2159.178872164558,2165.64794921875,4196600,0.0,0.0
2024-08-05 00:00:00+09:00,2115.885926773694,2149.22655638184,1854.1371032828747,1866.57763671875,7032600,0.0,0.0
2024-08-06 00:00:00+09:00,2010.3900895015643,2187.045654296875,1920.8182538307026,2187.045654296875,6507900,0.0,0.0
2024-08-07 00:00:00+09:00,1908.3778451413525,2065.6261890956334,1870.0610018360371,1950.6756591796875,13857600,0.0,0.0
2024-08-08 00:00:00+09:00,1935.7469516330293,1943.7088928222656,1854.1370544433594,1863.09423828125,6946500,0.0,0.0
2024-08-09 00:00:00+09:00,1870.5585883503654,1910.3682949393597,1843.1894150704318,1889.9658203125,6986900,0.0,0.0
2024-08-13 00:00:00+09:00,1920.320745059525,1977.5471989807081,1913.8516676597392,1972.0733642578125,3757100,0.0,0.0
2024-08-14 00:00:00+09:00,1988.4948154351155,1996.456756638059,1945.6993814692948,1969.585205078125,3376700,0.0,0.0
2024-08-15 00:00:00+09:00,1958.6374936660754,1974.5613757284013,1935.7469132014821,1964.111328125,2941600,0.0,0.0
2024-08-16 00:00:00+09:00,2000.4377105356655,2056.171298490888,1985.5090709048022,2046.2188720703125,2961600,0.0,0.0
2024-08-19 00:00:00+09:00,2040.745081695691,2057.664206976757,2016.8592577694794,2033.28076171875,2591100,0.0,0.0
2024-08-20 00:00:00+09:00,2062.142663451152,2090.009456200492,2053.683101366531,2073.09033203125,2177300,0.0,0.0
2024-08-21 00:00:00+09:00,2044.2284608997584,2072.095255887681,2043.2332182216182,2060.15234375,1700000,0.0,0.0
2024-08-22 00:00:00+09:00,2089.5119442034597,2112.900146484375,2059.1570433707825,2112.900146484375,2494600,0.0,0.0
2024-08-23 00:00:00+09:00,2107.9238908463694,2123.847772930195,2096.9762219137397,2107.42626953125,1883000,0.0,0.0
2024-08-26 00:00:00+09:00,2092.000025908337,2138.27880859375,2084.0380848011696,2138.27880859375,1655400,0.0,0.0
2024-08-27 00:00:00+09:00,2156.1931042993747,2191.0265954835327,2139.2739800099266,2177.5908203125,1809700,0.0,0.0
2024-08-28 00:00:00+09:00,2193.5147806572295,2209.9362842329306,2177.5908984020048,2190.529052734375,2273900,0.0,0.0
2024-08-29 00:00:00+09:00,2202.471919456461,2204.462404697723,2147.7335753217544,2167.638427734375,2562200,0.0,0.0
2024-08-30 00:00:00+09:00,2189.5337697342406,2221.381533657648,2173.609887772537,2202.471923828125,2977500,0.0,0.0
2024-09-02 00:00:00+09:00,2231.831600940678,2266.167471724381,2221.8791746265615,2250.7412109375,2549700,0.0,0.0
2024-09-03 00:00:00+09:00,2300.5033620066456,2365.691754916633,2291.0485569280977,2299.010498046875,4366000,0.0,0.0
2024-09-04 00:00:00+09:00,2209.4386766954053,2274.1294487608116,2204.4624634596053,2258.20556640625,3656800,0.0,0.0
2024-09-05 00:00:00+09:00,2208.443544173298,2299.0106295810356,2204.4625733861444,2278.608154296875,2467500,0.0,0.0
2024-09-06 00:00:00+09:00,2314.934451654906,2363.7013425109208,2302.4939182732696,2313.939208984375,3632600,0.0,0.0
2024-09-09 00:00:00+09:00,2264.1769396082013,2321.403389730167,2245.764951308091,2318.915283203125,2667700,0.0,0.0
2024-09-10 00:00:00+09:00,2336.829728846564,2353.748853799883,2319.4129825710893,2331.853515625,2594900,0.0,0.0
2024-09-11 00:00:00+09:00,2319.9105620816567,2326.3796391530987,2237.8030454056648,2272.138916015625,3456600,0.0,0.0
2024-09-12 00:00:00+09:00,2317.422492352844,2365.6917604993387,2300.005746114418,2351.2607421875,3580700,0.0,0.0
2024-09-13 00:00:00+09:00,2370.6679552434775,2384.601352125681,2329.8630072313103,2374.64892578125,5014800,0.0,0.0
2024-09-17 00:00:00+09:00,2438.3445532375126,2469.1970761560283,2406.4967876442065,2453.273193359375,4693500,0.0,0.0
2024-09-18 00:00:00+09:00,2433.3683816693233,2462.2304197341127,2421.4254693666517,2458.7470703125,3859300,0.0,0.0
2024-09-19 00:00:00+09:00,2508.0116124306955,2519.954524870842,2446.3065648232737,2468.201904296875,4037300,0.0,0.0
2024-09-20 00:00:00+09:00,2506.021029911037,2515.4758352264284,2402.515792774124,2406.994384765625,6287100,0.0,0.0
2024-09-24 00:00:00+09:00,2436.851661115545,2550.309324732932,2424.411127824165,2532.892578125,6670300,0.0,0.0
2024-09-25 00:00:00+09:00,2561.2570355487255,2597.5833933484255,2520.94970703125,2520.94970703125,5879900,0.0,0.0
2024-09-26 00:00:00+09:00,2577.6784015223598,2617.488106565176,2559.2664129400573,2615.0,5414900,0.0,0.0
2024-09-27 00:00:00+09:00,2626.5,2668.0,2610.0,2668.0,4784300,12.5,0.0
2024-09-30 00:00:00+09:00,2520.0,2608.5,2520.0,2574.5,4649700,0.0,0.0
2024-10-01 00:00:00+09:00,2607.5,2656.0,2591.0,2633.5,3422600,0.0,0.0
2024-10-02 00:00:00+09:00,2566.5,2594.5,2549.0,2558.0,3552600,0.0,0.0
2024-10-03 00:00:00+09:00,2658.0,2658.5,2569.0,2569.0,2766700,0.0,0.0
2024-10-04 00:00:00+09:00,2578.5,2596.0,2542.0,2551.5,2285700,0.0,0.0
2024-10-07 00:00:00+09:00,2625.0,2625.0,2569.0,2569.0,2365100,0.0,0.0
2024-10-08 00:00:00+09:00,2569.0,2581.5,2538.5,2550.5,1992500,0.0,0.0
2024-10-09 00:00:00+09:00,2565.0,2589.0,2550.5,2564.0,2551900,0.0,0.0
2024-10-10 00:00:00+09:00,2578.0,2581.0,2518.5,2534.5,2128300,0.0,0.0
2024-10-11 00:00:00+09:00,2552.5,2553.0,2491.5,2499.5,4330200,0.0,0.0
2024-10-15 00:00:00+09:00,2527.0,2535.0,2509.5,2509.5,2880200,0.0,0.0
2024-10-16 00:00:00+09:00,2470.5,2522.0,2470.0,2483.0,2475600,0.0,0.0
2024-10-17 00:00:00+09:00,2472.0,2496.0,2448.5,2450.5,2719400,0.0,0.0
2024-10-18 00:00:00+09:00,2455.5,2489.0,2441.5,2442.5,1750300,0.0,0.0
2024-10-21 00:00:00+09:00,2444.5,2447.5,2414.0,2414.0,1451600,0.0,0.0
2024-10-22 00:00:00+09:00,2425.0,2428.0,2382.5,2411.5,1985900,0.0,0.0
2024-10-23 00:00:00+09:00,2410.5,2426.0,2383.5,2390.5,1983600,0.0,0.0
2024-10-24 00:00:00+09:00,2360.0,2401.5,2357.0,2378.5,1902700,0.0,0.0
2024-10-25 00:00:00+09:00,2381.0,2395.0,2364.5,2394.5,1971500,0.0,0.0
2024-10-28 00:00:00+09:00,2389.5,2427.0,2371.5,2399.0,2378100,0.0,0.0
2024-10-29 00:00:00+09:00,2401.0,2441.5,2389.0,2441.5,2036800,0.0,0.0
2024-10-30 00:00:00+09:00,2450.0,2465.5,2417.5,2443.5,4064700,0.0,0.0
2024-10-31 00:00:00+09:00,2456.0,2468.5,2405.5,2444.0,3148100,0.0,0.0
2024-11-01 00:00:00+09:00,2358.5,2379.0,2295.5,2310.5,3942100,0.0,0.0
2024-11-05 00:00:00+09:00,2311.0,2347.5,2302.0,2310.0,1918900,0.0,0.0
2024-11-06 00:00:00+09:00,2333.5,2687.5,2330.0,2628.0,8915600,0.0,0.0
2024-11-07 00:00:00+09:00,2635.0,2784.0,2634.0,2689.5,9978300,0.0,0.0
2024-11-08 00:00:00+09:00,2770.0,2816.0,2732.5,2749.5,5428100,0.0,0.0
2024-11-11 00:00:00+09:00,2688.0,2746.0,2645.5,2667.0,2642200,0.0,0.0
2024-11-12 00:00:00+09:00,2678.0,2723.5,2657.5,2698.5,2882200,0.0,0.0
2024-11-13 00:00:00+09:00,2667.0,2704.0,2621.5,2641.0,2872500,0.0,0.0
2024-11-14 00:00:00+09:00,2653.5,2758.0,2646.5,2745.0,2929600,0.0,0.0
2024-11-15 00:00:00+09:00,2756.5,2792.5,2720.0,2720.0,3376100,0.0,0.0
2024-11-18 00:00:00+09:00,2717.5,2790.0,2711.0,2766.5,2752600,0.0,0.0
2024-11-19 00:00:00+09:00,2800.0,2883.0,2797.0,2860.0,4604200,0.0,0.0
2024-11-20 00:00:00+09:00,2885.0,2891.5,2807.5,2832.0,1848100,0.0,0.0
2024-11-21 00:00:00+09:00,2821.0,2835.0,2788.5,2807.5,1598100,0.0,0.0
2024-11-22 00:00:00+09:00,2833.5,2923.0,2820.5,2884.5,3441400,0.0,0.0
2024-11-25 00:00:00+09:00,2984.5,2997.0,2933.0,2956.5,6580400,0.0,0.0
2024-11-26 00:00:00+09:00,2865.0,2906.0,2831.5,2869.5,3663800,0.0,0.0
2024-11-27 00:00:00+09:00,2883.0,2896.0,2833.0,2857.5,2131700,0.0,0.0
2024-11-28 00:00:00+09:00,2835.0,2864.5,2815.0,2826.5,2236300,0.0,0.0
2024-11-29 00:00:00+09:00,2843.0,2898.0,2832.0,2898.0,2825300,0.0,0.0
2024-12-02 00:00:00+09:00,2872.5,2897.5,2844.0,2879.5,2352600,0.0,0.0
2024-12-03 00:00:00+09:00,2863.5,2947.0,2863.0,2920.5,3133300,0.0,0.0
2024-12-04 00:00:00+09:00,2928.0,3007.0,2928.0,2978.5,3772400,0.0,0.0
2024-12-05 00:00:00+09:00,3000.0,3024.0,2981.0,3000.0,3009400,0.0,0.0
2024-12-06 00:00:00+09:00,3000.0,3023.0,2936.0,2992.0,3052800,0.0,0.0
2024-12-09 00:00:00+09:00,3001.0,3048.0,2987.0,3015.0,2694000,0.0,0.0
2024-12-10 00:00:00+09:00,3031.0,3038.0,2971.0,2989.0,2750900,0.0,0.0
2024-12-11 00:00:00+09:00,3005.0,3036.0,2974.5,3011.0,2747000,0.0,0.0
2024-12-12 00:00:00+09:00,3049.0,3120.0,3040.0,3072.0,4165500,0.0,0.0
2024-12-13 00:00:00+09:00,3038.0,3060.0,2998.0,3040.0,3030200,0.0,0.0
2024-12-16 00:00:00+09:00,3050.0,3074.0,3031.0,3047.0,1536300,0.0,0.0
2024-12-17 00:00:00+09:00,3047.0,3081.0,3041.0,3066.0,2033900,0.0,0.0
2024-12-18 00:00:00+09:00,3047.0,3058.0,3015.0,3017.0,1828300,0.0,0.0
2024-12-19 00:00:00+09:00,2950.5,3007.0,2942.0,2984.0,2907400,0.0,0.0
2024-12-20 00:00:00+09:00,2980.0,2983.0,2922.5,2966.5,6703300,0.0,0.0
2024-12-23 00:00:00+09:00,2988.0,3037.0,2981.0,3019.0,1750100,0.0,0.0
2024-12-24 00:00:00+09:00,3009.0,3013.0,2975.5,2979.0,1420000,0.0,0.0
2024-12-25 00:00:00+09:00,2995.0,3005.0,2976.0,2983.0,1583200,0.0,0.0
2024-12-26 00:00:00+09:00,2991.5,3033.0,2983.5,3022.0,1464000,0.0,0.0
2024-12-27 00:00:00+09:00,3032.0,3086.0,3027.0,3066.0,2371700,0.0,0.0
2024-12-30 00:00:00+09:00,3075.0,3080.0,3026.0,3030.0,2158900,0.0,0.0
2025-01-06 00:00:00+09:00,3006.0,3033.0,2924.0,2939.5,3471800,0.0,0.0
2025-01-07 00:00:00+09:00,2951.0,3017.0,2950.0,2992.0,2315900,0.0,0.0
2025-01-08 00:00:00+09:00,2963.0,2979.5,2903.5,2935.5,2854000,0.0,0.0
2025-01-09 00:00:00+09:00,2960.0,2995.0,2936.0,2971.0,3008300,0.0,0.0
2025-01-10 00:00:00+09:00,2986.5,3050.0,2986.5,3007.0,3716200,0.0,0.0
2025-01-14 00:00:00+09:00,3030.0,3048.0,2934.0,2967.0,3478200,0.0,0.0
2025-01-15 00:00:00+09:00,2978.0,2984.0,2904.0,2922.5,2788700,0.0,0.0
2025-01-16 00:00:00+09:00,2955.0,2973.0,2920.0,2925.5,2026500,0.0,0.0
2025-01-17 00:00:00+09:00,2900.0,2919.0,2868.5,2901.0,2018500,0.0,0.0
2025-01-20 00:00:00+09:00,2886.0,2906.5,2874.0,2897.0,1996900,0.0,0.0
2025-01-21 00:00:00+09:00,2926.5,2928.0,2861.0,2885.0,1563900,0.0,0.0
2025-01-22 00:00:00+09:00,2913.0,2944.0,2900.0,2917.0,2362200,0.0,0.0
2025-01-23 00:00:00+09:00,2938.0,3035.0,2920.0,3006.0,4080500,0.0,0.0
2025-01-24 00:00:00+09:00,3047.0,3088.0,3009.0,3009.0,2358300,0.0,0.0
2025-01-27 00:00:00+09:00,3072.0,3090.0,3017.0,3028.0,3001100,0.0,0.0
2025-01-28 00:00:00+09:00,2979.5,2981.0,2813.0,2932.5,7728400,0.0,0.0
2025-01-29 00:00:00+09:00,2982.5,3010.0,2941.5,2969.0,4298600,0.0,0.0
2025-01-30 00:00:00+09:00,2941.0,2977.0,2934.0,2965.5,2333000,0.0,0.0
2025-01-31 00:00:00+09:00,2999.0,3059.0,2960.5,3029.0,3258000,0.0,0.0
2025-02-03 00:00:00+09:00,2975.0,3002.0,2938.0,2984.0,3064000,0.0,0.0
2025-02-04 00:00:00+09:00,3060.0,3140.0,3052.0,3115.0,4075800,0.0,0.0
2025-02-05 00:00:00+09:00,3115.0,3210.0,3108.0,3180.0,4619900,0.0,0.0
2025-02-06 00:00:00+09:00,3215.0,3258.0,3151.0,3194.0,4227100,0.0,0.0
2025-02-07 00:00:00+09:00,3060.0,3149.0,3031.0,3060.0,6391200,0.0,0.0
