Date,Open,High,Low,Close,Volume,Dividends,Stock Splits
2008-01-21 00:00:00+08:00,16.28879088894875,16.28879088894875,12.352652549743652,12.352652549743652,14258,0.0,0.0
2008-01-22 00:00:00+08:00,11.731762513766178,11.881235769257874,11.689603025970609,11.743260383605957,5184,0.0,0.0
2008-01-23 00:00:00+08:00,12.436970489758847,12.436970489758847,11.497969627380371,11.497969627380371,18173,0.0,0.0
2008-01-24 00:00:00+08:00,11.409818665249668,11.555458973302779,10.865581136786783,11.497969627380371,47863,0.0,0.0
2008-01-25 00:00:00+08:00,11.497969627380371,11.497969627380371,11.497969627380371,11.497969627380371,0,0.0,0.0
2008-01-28 00:00:00+08:00,11.497969627380371,11.497969627380371,11.497969627380371,11.497969627380371,0,0.0,0.0
2008-01-29 00:00:00+08:00,11.497969627380371,11.497969627380371,11.497969627380371,11.497969627380371,0,0.0,0.0
2008-01-30 00:00:00+08:00,11.497969627380371,11.497969627380371,11.497969627380371,11.497969627380371,0,0.0,0.0
2008-01-31 00:00:00+08:00,11.497969627380371,11.497969627380371,11.497969627380371,11.497969627380371,0,0.0,0.0
2008-02-01 00:00:00+08:00,11.497969627380371,11.497969627380371,11.497969627380371,11.497969627380371,0,0.0,0.0
2008-02-12 00:00:00+08:00,11.497969627380371,11.497969627380371,11.497969627380371,11.497969627380371,0,0.0,0.0
2008-02-13 00:00:00+08:00,11.497969627380371,11.497969627380371,11.497969627380371,11.497969627380371,0,0.0,0.0
2008-02-14 00:00:00+08:00,11.497969627380371,11.497969627380371,11.497969627380371,11.497969627380371,0,0.0,0.0
2008-02-15 00:00:00+08:00,11.497969627380371,11.497969627380371,11.497969627380371,11.497969627380371,0,0.0,0.0
2008-02-18 00:00:00+08:00,11.497969627380371,11.497969627380371,11.497969627380371,11.497969627380371,0,0.0,0.0
2008-02-19 00:00:00+08:00,11.497969627380371,11.497969627380371,11.497969627380371,11.497969627380371,0,0.0,0.0
2008-02-20 00:00:00+08:00,11.497969627380371,11.497969627380371,11.497969627380371,11.497969627380371,0,0.0,0.0
2008-02-21 00:00:00+08:00,11.497969627380371,11.497969627380371,11.497969627380371,11.497969627380371,0,0.0,0.0
2008-02-22 00:00:00+08:00,11.497969627380371,11.497969627380371,11.497969627380371,11.497969627380371,0,0.0,0.0
2008-02-25 00:00:00+08:00,10.731439590454102,10.731439590454102,10.731439590454102,10.731439590454102,1296,0.0,0.0
2008-02-26 00:00:00+08:00,10.800426811298673,10.800426811298673,10.731439590454102,10.731439590454102,2592,0.0,0.0
2008-02-27 00:00:00+08:00,10.731439590454102,10.731439590454102,10.731439590454102,10.731439590454102,0,0.0,0.0
2008-02-29 00:00:00+08:00,10.731439590454102,10.731439590454102,10.731439590454102,10.731439590454102,0,0.0,0.0
2008-03-03 00:00:00+08:00,10.731439590454102,10.731439590454102,10.731439590454102,10.731439590454102,0,0.0,0.0
2008-03-04 00:00:00+08:00,10.731439590454102,10.731439590454102,10.731439590454102,10.731439590454102,0,0.0,0.0
2008-03-05 00:00:00+08:00,10.731439590454102,10.731439590454102,10.731439590454102,10.731439590454102,0,0.0,0.0
2008-03-06 00:00:00+08:00,10.731439590454102,10.731439590454102,10.731439590454102,10.731439590454102,0,0.0,0.0
2008-03-07 00:00:00+08:00,10.731439590454102,10.731439590454102,10.731439590454102,10.731439590454102,0,0.0,0.0
2008-03-10 00:00:00+08:00,10.731439590454102,10.731439590454102,10.731439590454102,10.731439590454102,0,0.0,0.0
2008-03-11 00:00:00+08:00,10.77743148803711,10.77743148803711,10.77743148803711,10.77743148803711,1296,0.0,0.0
2008-03-12 00:00:00+08:00,10.77743148803711,10.77743148803711,10.77743148803711,10.77743148803711,0,0.0,0.0
2008-03-13 00:00:00+08:00,10.77743148803711,10.77743148803711,10.77743148803711,10.77743148803711,0,0.0,0.0
2008-03-14 00:00:00+08:00,10.77743148803711,10.77743148803711,10.77743148803711,10.77743148803711,0,0.0,0.0
2008-03-17 00:00:00+08:00,10.77743148803711,10.77743148803711,10.77743148803711,10.77743148803711,0,0.0,0.0
2008-03-18 00:00:00+08:00,11.287175307454849,11.287175307454849,10.666285514831543,10.666285514831543,2592,0.0,0.0
2008-03-19 00:00:00+08:00,11.528633937770985,11.528633937770985,10.769767761230469,10.769767761230469,5424,0.0,0.0
2008-03-20 00:00:00+08:00,10.73143866840308,11.114704132080078,10.73143866840308,11.114704132080078,432,0.0,0.0
2008-03-21 00:00:00+08:00,11.114704132080078,11.114704132080078,11.114704132080078,11.114704132080078,0,0.0,0.0
2008-03-24 00:00:00+08:00,11.114704132080078,11.114704132080078,11.114704132080078,11.114704132080078,0,0.0,0.0
2008-03-25 00:00:00+08:00,11.114704132080078,11.114704132080078,11.114704132080078,11.114704132080078,0,0.0,0.0
2008-03-26 00:00:00+08:00,11.114704132080078,11.114704132080078,11.114704132080078,11.114704132080078,0,0.0,0.0
2008-03-27 00:00:00+08:00,11.114704132080078,11.114704132080078,11.114704132080078,11.114704132080078,0,0.0,0.0
2008-03-28 00:00:00+08:00,11.32933281164974,11.344663619995117,11.32933281164974,11.344663619995117,2592,0.0,0.0
2008-03-31 00:00:00+08:00,11.344663619995117,11.344663619995117,11.344663619995117,11.344663619995117,0,0.0,0.0
2008-04-01 00:00:00+08:00,11.344663619995117,11.344663619995117,11.344663619995117,11.344663619995117,0,0.0,0.0
2008-04-02 00:00:00+08:00,11.344663619995117,11.344663619995117,11.344663619995117,11.344663619995117,0,0.0,0.0
2008-04-03 00:00:00+08:00,11.881235122680664,12.07286785553927,11.708766136895179,11.881235122680664,9073,0.0,0.0
2008-04-07 00:00:00+08:00,12.5711139676737,12.647767066955566,12.475298067358665,12.647767066955566,34901,0.0,0.0
2008-04-08 00:00:00+08:00,12.647767066955566,12.647767066955566,12.647767066955566,12.647767066955566,0,0.0,0.0
2008-04-09 00:00:00+08:00,13.605931760764353,13.605931760764353,12.456135271095999,13.031033515930176,5184,0.0,0.0
2008-04-10 00:00:00+08:00,13.031033515930176,13.031033515930176,13.031033515930176,13.031033515930176,0,0.0,0.0
2008-04-11 00:00:00+08:00,12.647766683382965,12.647766683382965,12.41780739251141,12.571113586425781,28517,0.0,0.0
2008-04-14 00:00:00+08:00,12.571113586425781,12.571113586425781,12.571113586425781,12.571113586425781,0,0.0,0.0
2008-04-15 00:00:00+08:00,12.571113586425781,12.571113586425781,12.571113586425781,12.571113586425781,0,0.0,0.0
2008-04-16 00:00:00+08:00,12.571113586425781,12.571113586425781,12.571113586425781,12.571113586425781,0,0.0,0.0
2008-04-17 00:00:00+08:00,13.031033510939494,13.031033510939494,12.647767066955566,12.647767066955566,5184,0.0,0.0
2008-04-18 00:00:00+08:00,12.647767066955566,12.647767066955566,12.647767066955566,12.647767066955566,0,0.0,0.0
2008-04-21 00:00:00+08:00,12.647767066955566,12.647767066955566,12.647767066955566,12.647767066955566,0,0.0,0.0
2008-04-22 00:00:00+08:00,12.647767066955566,12.647767066955566,12.647767066955566,12.647767066955566,0,0.0,0.0
2008-04-23 00:00:00+08:00,12.647767066955566,12.647767066955566,12.647767066955566,12.647767066955566,0,0.0,0.0
2008-04-24 00:00:00+08:00,12.647767066955566,12.647767066955566,12.647767066955566,12.647767066955566,0,0.0,0.0
2008-04-25 00:00:00+08:00,12.647767066955566,12.647767066955566,12.647767066955566,12.647767066955566,0,0.0,0.0
2008-04-28 00:00:00+08:00,12.647767066955566,12.647767066955566,12.647767066955566,12.647767066955566,0,0.0,0.0
2008-04-29 00:00:00+08:00,12.647767066955566,12.647767066955566,12.647767066955566,12.647767066955566,0,0.0,0.0
2008-04-30 00:00:00+08:00,12.647767066955566,12.647767066955566,12.647767066955566,12.647767066955566,0,0.0,0.0
2008-05-02 00:00:00+08:00,12.647767066955566,12.647767066955566,12.647767066955566,12.647767066955566,0,0.0,0.0
2008-05-05 00:00:00+08:00,12.647767066955566,12.647767066955566,12.647767066955566,12.647767066955566,0,0.0,0.0
2008-05-06 00:00:00+08:00,13.184338569641113,13.184338569641113,13.184338569641113,13.184338569641113,2592,0.0,0.0
2008-05-07 00:00:00+08:00,13.203503608703613,13.203503608703613,13.203503608703613,13.203503608703613,1296,0.0,0.0
2008-05-08 00:00:00+08:00,13.203503608703613,13.203503608703613,13.203503608703613,13.203503608703613,0,0.0,0.0
2008-05-09 00:00:00+08:00,14.00836235762435,14.050521850585938,14.00836235762435,14.050521850585938,2057,0.0,0.0
2008-05-12 00:00:00+08:00,14.050521850585938,14.050521850585938,14.050521850585938,14.050521850585938,0,0.0,0.0
2008-05-13 00:00:00+08:00,14.180830003017112,14.180830003017112,13.797564506530762,13.797564506530762,3888,0.0,0.0
2008-05-14 00:00:00+08:00,13.797564506530762,13.797564506530762,13.797564506530762,13.797564506530762,0,0.0,0.0
2008-05-15 00:00:00+08:00,13.874217607054753,13.874217607054753,13.414299011230469,13.414299011230469,3888,0.0,0.0
2008-05-16 00:00:00+08:00,12.954379081726074,12.954379081726074,12.954379081726074,12.954379081726074,1296,0.0,0.0
2008-05-19 00:00:00+08:00,12.916051864624023,12.916051864624023,12.916051864624023,12.916051864624023,1296,0.0,0.0
2008-05-20 00:00:00+08:00,12.885393246393397,12.885393246393397,12.26450252532959,12.26450252532959,1532,0.0,0.0
2008-05-21 00:00:00+08:00,13.069357872009277,13.069357872009277,13.069357872009277,13.069357872009277,1296,0.0,0.0
2008-05-22 00:00:00+08:00,13.069357872009277,13.069357872009277,13.069357872009277,13.069357872009277,0,0.0,0.0
2008-05-23 00:00:00+08:00,13.069357872009277,13.069357872009277,13.069357872009277,13.069357872009277,0,0.0,0.0
2008-05-26 00:00:00+08:00,13.069357872009277,13.069357872009277,13.069357872009277,13.069357872009277,0,0.0,0.0
2008-05-27 00:00:00+08:00,12.647767066955566,12.647767066955566,12.647767066955566,12.647767066955566,1044,0.0,0.0
2008-05-28 00:00:00+08:00,12.647767066955566,12.647767066955566,12.647767066955566,12.647767066955566,0,0.0,0.0
2008-05-29 00:00:00+08:00,12.647767066955566,12.647767066955566,12.647767066955566,12.647767066955566,0,0.0,0.0
2008-05-30 00:00:00+08:00,12.264501570546233,12.647767066955566,12.264501570546233,12.647767066955566,10369,0.0,0.0
2008-06-02 00:00:00+08:00,12.647767066955566,12.647767066955566,12.647767066955566,12.647767066955566,0,0.0,0.0
2008-06-03 00:00:00+08:00,12.647767066955566,12.647767066955566,12.647767066955566,12.647767066955566,0,0.0,0.0
2008-06-04 00:00:00+08:00,12.647767066955566,12.647767066955566,12.647767066955566,12.647767066955566,0,0.0,0.0
2008-06-05 00:00:00+08:00,12.647767066955566,12.647767066955566,12.647767066955566,12.647767066955566,0,0.0,0.0
2008-06-06 00:00:00+08:00,12.26450252532959,12.26450252532959,12.26450252532959,12.26450252532959,2592,0.0,0.0
2008-06-09 00:00:00+08:00,12.567280769348145,12.567280769348145,12.567280769348145,12.567280769348145,1296,0.0,0.0
2008-06-10 00:00:00+08:00,12.567280769348145,12.567280769348145,12.567280769348145,12.567280769348145,0,0.0,0.0
2008-06-11 00:00:00+08:00,12.567280769348145,12.567280769348145,12.567280769348145,12.567280769348145,0,0.0,0.0
2008-06-12 00:00:00+08:00,12.567280769348145,12.567280769348145,12.567280769348145,12.567280769348145,0,0.0,0.0
2008-06-13 00:00:00+08:00,12.567280769348145,12.567280769348145,12.567280769348145,12.567280769348145,0,0.0,0.0
2008-06-16 00:00:00+08:00,12.567280769348145,12.567280769348145,12.567280769348145,12.567280769348145,0,0.0,0.0
2008-06-17 00:00:00+08:00,12.475296974182129,12.475296974182129,12.475296974182129,12.475296974182129,1296,0.0,0.0
2008-06-18 00:00:00+08:00,12.475296974182129,12.475296974182129,12.475296974182129,12.475296974182129,0,0.0,0.0
2008-06-19 00:00:00+08:00,12.475296974182129,12.475296974182129,12.475296974182129,12.475296974182129,0,0.0,0.0
2008-06-20 00:00:00+08:00,12.456136703491211,12.456136703491211,12.456136703491211,12.456136703491211,1296,0.0,0.0
2008-06-23 00:00:00+08:00,12.456136703491211,12.456136703491211,12.456136703491211,12.456136703491211,0,0.0,0.0
2008-06-24 00:00:00+08:00,11.689602359745926,11.689602359745926,11.497969627380371,11.497969627380371,2716,0.0,0.0
2008-06-25 00:00:00+08:00,11.497969627380371,11.497969627380371,11.497969627380371,11.497969627380371,0,0.0,0.0
2008-06-26 00:00:00+08:00,11.497969627380371,11.497969627380371,11.497969627380371,11.497969627380371,0,0.0,0.0
2008-06-27 00:00:00+08:00,11.578456816429338,11.578456816429338,10.808092871055145,10.961398124694824,7777,0.0,0.0
2008-06-30 00:00:00+08:00,11.08404541015625,11.08404541015625,11.08404541015625,11.08404541015625,1296,0.0,0.0
2008-07-01 00:00:00+08:00,11.08404541015625,11.08404541015625,11.08404541015625,11.08404541015625,0,0.0,0.0
2008-07-02 00:00:00+08:00,11.08404541015625,11.08404541015625,11.08404541015625,11.08404541015625,0,0.0,0.0
2008-07-03 00:00:00+08:00,10.37500086484023,10.37500086484023,10.348172187805176,10.348172187805176,2592,0.0,0.0
2008-07-04 00:00:00+08:00,10.382667541503906,10.382667541503906,10.382667541503906,10.382667541503906,1296,0.0,0.0
2008-07-07 00:00:00+08:00,10.382667541503906,10.382667541503906,10.382667541503906,10.382667541503906,0,0.0,0.0
2008-07-08 00:00:00+08:00,10.156540632756029,10.252357482910156,10.156540632756029,10.252357482910156,12962,0.0,0.0
2008-07-09 00:00:00+08:00,10.252357482910156,10.252357482910156,10.252357482910156,10.252357482910156,0,0.0,0.0
2008-07-10 00:00:00+08:00,9.964907177763518,10.156539916992188,9.964907177763518,10.156539916992188,14258,0.0,0.0
2008-07-11 00:00:00+08:00,10.156539916992188,10.156539916992188,10.156539916992188,10.156539916992188,0,0.0,0.0
2008-07-14 00:00:00+08:00,10.505311012268066,10.505311012268066,10.505311012268066,10.505311012268066,1296,0.0,0.0
2008-07-15 00:00:00+08:00,10.501479811960051,10.53980541229248,10.501479811960051,10.53980541229248,23332,0.0,0.0
2008-07-16 00:00:00+08:00,10.53980541229248,10.53980541229248,10.53980541229248,10.53980541229248,0,0.0,0.0
2008-07-17 00:00:00+08:00,10.53980541229248,10.53980541229248,10.53980541229248,10.53980541229248,0,0.0,0.0
2008-07-18 00:00:00+08:00,7.692142802802471,11.126203536987305,7.692142802802471,11.126203536987305,2592,0.0,0.0
2008-07-21 00:00:00+08:00,11.126203536987305,11.126203536987305,11.126203536987305,11.126203536987305,0,0.0,0.0
2008-07-22 00:00:00+08:00,9.964905396755873,10.302179336547852,9.964905396755873,10.302179336547852,9073,0.0,0.0
2008-07-23 00:00:00+08:00,10.302179336547852,10.302179336547852,10.302179336547852,10.302179336547852,0,0.0,0.0
2008-07-24 00:00:00+08:00,10.302179336547852,10.302179336547852,10.302179336547852,10.302179336547852,0,0.0,0.0
2008-07-25 00:00:00+08:00,10.302179336547852,10.302179336547852,10.302179336547852,10.302179336547852,0,0.0,0.0
2008-07-28 00:00:00+08:00,10.302179336547852,10.302179336547852,10.302179336547852,10.302179336547852,0,0.0,0.0
2008-07-29 00:00:00+08:00,10.302179336547852,10.302179336547852,10.302179336547852,10.302179336547852,0,0.0,0.0
2008-07-30 00:00:00+08:00,10.302179336547852,10.302179336547852,10.302179336547852,10.302179336547852,0,0.0,0.0
2008-07-31 00:00:00+08:00,10.302179336547852,10.302179336547852,10.302179336547852,10.302179336547852,0,0.0,0.0
2008-08-01 00:00:00+08:00,10.302179336547852,10.302179336547852,10.302179336547852,10.302179336547852,0,0.0,0.0
2008-08-04 00:00:00+08:00,10.302179336547852,10.302179336547852,10.302179336547852,10.302179336547852,0,0.0,0.0
2008-08-05 00:00:00+08:00,11.64299488067627,11.64299488067627,11.64299488067627,11.64299488067627,0,0.333007,1.112
2008-08-06 00:00:00+08:00,11.64299488067627,11.64299488067627,11.64299488067627,11.64299488067627,0,0.0,0.0
2008-08-07 00:00:00+08:00,11.64299488067627,11.64299488067627,11.64299488067627,11.64299488067627,0,0.0,0.0
2008-08-08 00:00:00+08:00,11.64299488067627,11.64299488067627,11.64299488067627,11.64299488067627,0,0.0,0.0
2008-08-11 00:00:00+08:00,11.64299488067627,11.64299488067627,11.64299488067627,11.64299488067627,0,0.0,0.0
2008-08-12 00:00:00+08:00,11.64299488067627,11.64299488067627,11.64299488067627,11.64299488067627,0,0.0,0.0
2008-08-13 00:00:00+08:00,11.64299488067627,11.64299488067627,11.64299488067627,11.64299488067627,0,0.0,0.0
2008-08-14 00:00:00+08:00,11.64299488067627,11.64299488067627,11.64299488067627,11.64299488067627,0,0.0,0.0
2008-08-15 00:00:00+08:00,11.64299488067627,11.64299488067627,11.64299488067627,11.64299488067627,0,0.0,0.0
2008-08-18 00:00:00+08:00,11.64299488067627,11.64299488067627,11.64299488067627,11.64299488067627,0,0.0,0.0
2008-08-19 00:00:00+08:00,11.64299488067627,11.64299488067627,11.64299488067627,11.64299488067627,0,0.0,0.0
2008-08-20 00:00:00+08:00,11.64299488067627,11.64299488067627,11.64299488067627,11.64299488067627,0,0.0,0.0
2008-08-21 00:00:00+08:00,11.64299488067627,11.64299488067627,11.64299488067627,11.64299488067627,0,0.0,0.0
2008-08-22 00:00:00+08:00,11.64299488067627,11.64299488067627,11.64299488067627,11.64299488067627,0,0.0,0.0
2008-08-25 00:00:00+08:00,11.64299488067627,11.64299488067627,11.64299488067627,11.64299488067627,0,0.0,0.0
2008-08-26 00:00:00+08:00,11.64299488067627,11.64299488067627,11.64299488067627,11.64299488067627,0,0.0,0.0
2008-08-27 00:00:00+08:00,9.897411754672682,10.092328071594238,9.897411754672682,10.092328071594238,11656,0.0,0.0
2008-08-28 00:00:00+08:00,10.092328071594238,10.092328071594238,10.092328071594238,10.092328071594238,0,0.0,0.0
2008-08-29 00:00:00+08:00,10.092328071594238,10.092328071594238,10.092328071594238,10.092328071594238,0,0.0,0.0
2008-09-01 00:00:00+08:00,9.962386581745797,9.962386581745797,9.74581241607666,9.74581241607666,3497,0.0,0.0
2008-09-02 00:00:00+08:00,9.74581241607666,9.74581241607666,9.74581241607666,9.74581241607666,0,0.0,0.0
2008-09-03 00:00:00+08:00,9.74581241607666,9.74581241607666,9.74581241607666,9.74581241607666,0,0.0,0.0
2008-09-04 00:00:00+08:00,9.672173951502755,9.78912353515625,9.672173951502755,9.78912353515625,6994,0.0,0.0
2008-09-05 00:00:00+08:00,9.576882362365723,9.576882362365723,9.576882362365723,9.576882362365723,1165,0.0,0.0
2008-09-08 00:00:00+08:00,9.806449888809123,9.806449888809123,9.187049865722656,9.187049865722656,5828,0.0,0.0
2008-09-09 00:00:00+08:00,9.529238543507613,9.529238543507613,9.226035118103027,9.226035118103027,4662,0.0,0.0
2008-09-10 00:00:00+08:00,9.226035118103027,9.226035118103027,9.226035118103027,9.226035118103027,0,0.0,0.0
2008-09-11 00:00:00+08:00,9.87142276763916,9.87142276763916,9.87142276763916,9.87142276763916,1165,0.0,0.0
2008-09-12 00:00:00+08:00,9.87142276763916,9.87142276763916,9.226033168397237,9.87142276763916,15153,0.0,0.0
2008-09-15 00:00:00+08:00,9.191383361816406,9.191383361816406,9.191383361816406,9.191383361816406,1165,0.0,0.0
2008-09-16 00:00:00+08:00,9.182720480622333,9.226035118103027,9.139405843141637,9.226035118103027,13988,0.0,0.0
2008-09-17 00:00:00+08:00,9.226035118103027,9.226035118103027,9.226035118103027,9.226035118103027,1165,0.0,0.0
2008-09-18 00:00:00+08:00,9.226035118103027,9.226035118103027,9.226035118103027,9.226035118103027,0,0.0,0.0
2008-09-19 00:00:00+08:00,9.221702460474962,9.221702460474962,9.096089363098145,9.096089363098145,8038,0.0,0.0
2008-09-22 00:00:00+08:00,9.096089363098145,9.096089363098145,9.096089363098145,9.096089363098145,0,0.0,0.0
2008-09-23 00:00:00+08:00,9.096089363098145,9.096089363098145,9.096089363098145,9.096089363098145,0,0.0,0.0
2008-09-24 00:00:00+08:00,9.096089363098145,9.096089363098145,9.096089363098145,9.096089363098145,0,0.0,0.0
2008-09-25 00:00:00+08:00,9.546563536786856,9.767468452453613,9.546563536786856,9.767468452453613,2331,0.0,0.0
2008-09-26 00:00:00+08:00,9.767468452453613,9.767468452453613,9.767468452453613,9.767468452453613,0,0.0,0.0
2008-09-29 00:00:00+08:00,9.767468452453613,9.767468452453613,9.767468452453613,9.767468452453613,0,0.0,0.0
2008-09-30 00:00:00+08:00,9.767468452453613,9.767468452453613,9.767468452453613,9.767468452453613,0,0.0,0.0
2008-10-01 00:00:00+08:00,9.767468452453613,9.767468452453613,9.767468452453613,9.767468452453613,0,0.0,0.0
2008-10-02 00:00:00+08:00,9.767468452453613,9.767468452453613,9.767468452453613,9.767468452453613,0,0.0,0.0
2008-10-03 00:00:00+08:00,9.767468452453613,9.767468452453613,9.767468452453613,9.767468452453613,0,0.0,0.0
2008-10-06 00:00:00+08:00,9.312663078308105,9.40795584513609,9.312663078308105,9.312663078308105,9325,0.0,0.0
2008-10-07 00:00:00+08:00,9.360311328892307,9.6721773147583,9.360311328892307,9.6721773147583,5828,0.0,0.0
2008-10-08 00:00:00+08:00,9.096089363098145,9.096089363098145,9.096089363098145,9.096089363098145,2331,0.0,0.0
2008-10-09 00:00:00+08:00,9.104754207370323,9.291007041931152,9.104754207370323,9.291007041931152,4662,0.0,0.0
2008-10-13 00:00:00+08:00,9.096089363098145,9.096089363098145,9.096089363098145,9.096089363098145,2331,0.0,0.0
2008-10-14 00:00:00+08:00,9.148068056942725,9.312663078308105,9.148068056942725,9.312663078308105,6994,0.0,0.0
2008-10-15 00:00:00+08:00,9.182720184326172,9.182720184326172,9.182720184326172,9.182720184326172,1165,0.0,0.0
2008-10-16 00:00:00+08:00,9.182720184326172,9.182720184326172,9.182720184326172,9.182720184326172,0,0.0,0.0
2008-10-17 00:00:00+08:00,8.662941932678223,8.662941932678223,8.662941932678223,8.662941932678223,1165,0.0,0.0
2008-10-20 00:00:00+08:00,8.316425344539955,8.316425344539955,7.800980091094971,7.800980091094971,5828,0.0,0.0
2008-10-21 00:00:00+08:00,7.800980091094971,7.800980091094971,7.800980091094971,7.800980091094971,0,0.0,0.0
2008-10-22 00:00:00+08:00,8.18648083178091,8.20380687713623,8.18648083178091,8.20380687713623,6994,0.0,0.0
2008-10-23 00:00:00+08:00,8.498347282409668,8.498347282409668,8.498347282409668,8.498347282409668,1,0.0,0.0
2008-10-24 00:00:00+08:00,8.498347282409668,8.498347282409668,8.498347282409668,8.498347282409668,0,0.0,0.0
2008-10-27 00:00:00+08:00,8.498347282409668,8.498347282409668,8.498347282409668,8.498347282409668,0,0.0,0.0
2008-10-28 00:00:00+08:00,8.498347282409668,8.498347282409668,8.498347282409668,8.498347282409668,0,0.0,0.0
2008-10-29 00:00:00+08:00,8.498347282409668,8.498347282409668,8.498347282409668,8.498347282409668,0,0.0,0.0
2008-10-30 00:00:00+08:00,8.498347282409668,8.498347282409668,8.498347282409668,8.498347282409668,0,0.0,0.0
2008-10-31 00:00:00+08:00,8.498347282409668,8.498347282409668,8.498347282409668,8.498347282409668,0,0.0,0.0
2008-11-03 00:00:00+08:00,8.498347282409668,8.498347282409668,8.498347282409668,8.498347282409668,0,0.0,0.0
2008-11-04 00:00:00+08:00,8.498347282409668,8.498347282409668,8.498347282409668,8.498347282409668,0,0.0,0.0
2008-11-05 00:00:00+08:00,8.498347282409668,8.498347282409668,8.498347282409668,8.498347282409668,0,0.0,0.0
2008-11-06 00:00:00+08:00,8.498347282409668,8.498347282409668,8.498347282409668,8.498347282409668,0,0.0,0.0
2008-11-07 00:00:00+08:00,8.498347282409668,8.498347282409668,8.498347282409668,8.498347282409668,0,0.0,0.0
2008-11-10 00:00:00+08:00,8.273111197475922,8.273111197475922,8.251453399658203,8.251453399658203,4662,0.0,0.0
2008-11-11 00:00:00+08:00,8.251453399658203,8.251453399658203,8.251453399658203,8.251453399658203,0,0.0,0.0
2008-11-12 00:00:00+08:00,8.251453399658203,8.251453399658203,8.251453399658203,8.251453399658203,0,0.0,0.0
2008-11-13 00:00:00+08:00,8.251453399658203,8.251453399658203,8.251453399658203,8.251453399658203,0,0.0,0.0
2008-11-14 00:00:00+08:00,7.8616199391631705,7.887609004974365,7.8616199391631705,7.887609004974365,3497,0.0,0.0
2008-11-17 00:00:00+08:00,7.515103778159426,7.874616146087646,7.515103778159426,7.8746161460876465,2337,0.0,0.0
2008-11-18 00:00:00+08:00,7.454462864819982,7.454462864819982,7.060298919677735,7.060298919677734,9325,0.0,0.0
2008-11-19 00:00:00+08:00,6.497206533394849,6.497206533394849,5.934115380753925,6.012082099914551,29141,0.0,0.0
2008-11-20 00:00:00+08:00,6.012082099914552,6.012082099914552,6.012082099914552,6.012082099914551,0,0.0,0.0
2008-11-21 00:00:00+08:00,6.012082099914552,6.012082099914552,6.012082099914552,6.012082099914551,0,0.0,0.0
2008-11-24 00:00:00+08:00,6.012082099914552,6.012082099914552,6.012082099914552,6.012082099914551,0,0.0,0.0
2008-11-25 00:00:00+08:00,6.150689601898194,6.150689601898194,6.150689601898194,6.150689601898193,2331,0.0,0.0
2008-11-26 00:00:00+08:00,6.155019549166523,6.380256175994872,6.155019549166523,6.380256175994873,11656,0.0,0.0
2008-11-27 00:00:00+08:00,6.427903652191161,6.427903652191161,6.427903652191161,6.427903652191162,4662,0.0,0.0
2008-11-28 00:00:00+08:00,6.6098254387198745,6.640145778656006,6.6098254387198745,6.640145778656006,5828,0.0,0.0
2008-12-01 00:00:00+08:00,6.835062026977539,6.835062026977539,6.835062026977539,6.835062026977539,1165,0.0,0.0
2008-12-02 00:00:00+08:00,6.930354118347169,6.930354118347169,6.930354118347169,6.930354118347168,3497,0.0,0.0
2008-12-03 00:00:00+08:00,6.4972068354755335,6.973668750330372,6.4972068354755335,6.930354118347168,122396,0.0,0.0
2008-12-04 00:00:00+08:00,6.627150576071766,6.627150576071766,6.497206211090087,6.497206211090088,130555,0.0,0.0
2008-12-05 00:00:00+08:00,7.580075333253358,8.229795800949464,6.679129123687744,6.679129123687744,255283,0.0,0.0
2008-12-08 00:00:00+08:00,6.8350611078353,6.8350611078353,6.705117225646973,6.705117225646973,5828,0.0,0.0
2008-12-09 00:00:00+08:00,6.70078706741333,6.70078706741333,6.70078706741333,6.70078706741333,1165,0.0,0.0
2008-12-10 00:00:00+08:00,6.70078706741333,6.70078706741333,6.70078706741333,6.70078706741333,1165,0.0,0.0
2008-12-11 00:00:00+08:00,6.70078706741333,6.70078706741333,6.70078706741333,6.70078706741333,0,0.0,0.0
2008-12-12 00:00:00+08:00,6.70078706741333,6.70078706741333,6.70078706741333,6.70078706741333,0,0.0,0.0
2008-12-15 00:00:00+08:00,6.744100093841553,6.744100093841553,6.744100093841553,6.744100093841553,2331,0.0,0.0
2008-12-16 00:00:00+08:00,6.744100093841553,6.744100093841553,6.744100093841553,6.744100093841553,0,0.0,0.0
2008-12-17 00:00:00+08:00,6.414910316467285,6.414910316467285,6.414910316467285,6.414910316467285,2331,0.0,0.0
2008-12-18 00:00:00+08:00,6.3585996927554325,6.3585996927554325,6.280632972717286,6.280632972717285,8159,0.0,0.0
2008-12-19 00:00:00+08:00,6.280634667204583,6.280634667204583,6.1073760986328125,6.1073760986328125,6994,0.0,0.0
2008-12-22 00:00:00+08:00,6.1073760986328125,6.1073760986328125,6.1073760986328125,6.1073760986328125,0,0.0,0.0
2008-12-23 00:00:00+08:00,6.1073760986328125,6.1073760986328125,6.1073760986328125,6.1073760986328125,0,0.0,0.0
2008-12-24 00:00:00+08:00,6.1073760986328125,6.1073760986328125,6.1073760986328125,6.1073760986328125,0,0.0,0.0
2008-12-25 00:00:00+08:00,6.155021667480469,6.155021667480469,6.155021667480469,6.155021667480469,2331,0.0,0.0
2008-12-26 00:00:00+08:00,6.280632972717286,6.280632972717286,6.280632972717286,6.280632972717285,2331,0.0,0.0
2008-12-29 00:00:00+08:00,6.280632972717286,6.280632972717286,6.280632972717286,6.280632972717285,0,0.0,0.0
2008-12-30 00:00:00+08:00,6.280632972717286,6.280632972717286,6.280632972717286,6.280632972717285,0,0.0,0.0
2008-12-31 00:00:00+08:00,6.280632972717286,6.280632972717286,6.280632972717286,6.280632972717285,0,0.0,0.0
2009-01-02 00:00:00+08:00,6.280632972717286,6.280632972717286,6.280632972717286,6.280632972717285,0,0.0,0.0
2009-01-05 00:00:00+08:00,6.280632972717286,6.280632972717286,6.280632972717286,6.280632972717285,0,0.0,0.0
2009-01-06 00:00:00+08:00,6.064058780670167,6.064058780670167,6.064058780670167,6.064058780670166,3497,0.0,0.0
2009-01-07 00:00:00+08:00,6.064058780670167,6.064058780670167,6.064058780670167,6.064058780670166,0,0.0,0.0
2009-01-08 00:00:00+08:00,6.064058780670167,6.064058780670167,6.064058780670167,6.064058780670166,0,0.0,0.0
2009-01-09 00:00:00+08:00,6.064058780670167,6.064058780670167,6.064058780670167,6.064058780670166,0,0.0,0.0
2009-01-12 00:00:00+08:00,6.064058780670167,6.064058780670167,6.064058780670167,6.064058780670166,0,0.0,0.0
2009-01-13 00:00:00+08:00,6.064058780670167,6.064058780670167,6.064058780670167,6.064058780670166,0,0.0,0.0
2009-01-14 00:00:00+08:00,6.310953310341033,6.310953310341033,6.280632972717286,6.280632972717285,2331,0.0,0.0
2009-01-15 00:00:00+08:00,6.280632972717286,6.280632972717286,6.280632972717286,6.280632972717285,0,0.0,0.0
2009-01-16 00:00:00+08:00,6.3282790184021,6.3282790184021,6.3282790184021,6.3282790184021,2331,0.0,0.0
2009-01-19 00:00:00+08:00,6.380257717118947,6.479881763458252,6.380257717118947,6.479881763458252,3497,0.0,0.0
2009-01-20 00:00:00+08:00,6.332610607147218,6.332610607147218,6.332610607147218,6.332610607147217,2331,0.0,0.0
2009-01-21 00:00:00+08:00,6.077055212178074,6.077055212178074,5.91679048538208,5.91679048538208,3497,0.0,0.0
2009-02-02 00:00:00+08:00,6.150689601898194,6.150689601898194,6.150689601898194,6.150689601898193,2331,0.0,0.0
2009-02-03 00:00:00+08:00,6.37159315472921,6.380256175994872,6.37159315472921,6.380256175994873,4662,0.0,0.0
2009-02-04 00:00:00+08:00,6.380256175994872,6.380256175994872,6.380256175994872,6.380256175994873,0,0.0,0.0
2009-02-05 00:00:00+08:00,6.380256175994872,6.380256175994872,6.380256175994872,6.380256175994873,0,0.0,0.0
2009-02-06 00:00:00+08:00,6.380256175994872,6.380256175994872,6.380256175994872,6.380256175994873,0,0.0,0.0
2009-02-09 00:00:00+08:00,6.349937151879889,6.380257007983855,6.258976139008645,6.280632972717285,16319,0.0,0.0
2009-02-10 00:00:00+08:00,6.518864154815674,6.518864154815674,6.518864154815674,6.518864154815674,3497,0.0,0.0
2009-02-11 00:00:00+08:00,6.518864154815674,6.518864154815674,6.518864154815674,6.518864154815674,0,0.0,0.0
2009-02-12 00:00:00+08:00,6.7441015193123635,7.385159969329834,6.7441015193123635,7.385159969329834,15153,0.0,0.0
2009-02-13 00:00:00+08:00,7.692691475647327,7.796646759351755,7.692691475647327,7.753332138061523,9325,0.0,0.0
2009-02-16 00:00:00+08:00,7.753332138061523,7.753332138061523,7.753332138061523,7.753332138061523,0,0.0,0.0
2009-02-17 00:00:00+08:00,7.753332138061523,7.753332138061523,7.753332138061523,7.753332138061523,0,0.0,0.0
2009-02-18 00:00:00+08:00,7.753332138061523,7.753332138061523,7.753332138061523,7.753332138061523,0,0.0,0.0
2009-02-19 00:00:00+08:00,7.753332138061523,7.753332138061523,7.753332138061523,7.753332138061523,0,0.0,0.0
2009-02-20 00:00:00+08:00,7.753332138061523,7.753332138061523,7.753332138061523,7.753332138061523,0,0.0,0.0
2009-02-23 00:00:00+08:00,7.753332138061523,7.753332138061523,7.753332138061523,7.753332138061523,0,0.0,0.0
2009-02-24 00:00:00+08:00,7.753332138061523,7.753332138061523,7.753332138061523,7.753332138061523,0,0.0,0.0
2009-02-25 00:00:00+08:00,7.753332138061523,7.753332138061523,7.753332138061523,7.753332138061523,0,0.0,0.0
2009-02-26 00:00:00+08:00,7.753332138061523,7.753332138061523,7.753332138061523,7.753332138061523,0,0.0,0.0
2009-02-27 00:00:00+08:00,7.753332138061523,7.753332138061523,7.753332138061523,7.753332138061523,0,0.0,0.0
2009-03-02 00:00:00+08:00,7.753332138061523,7.753332138061523,7.753332138061523,7.753332138061523,0,0.0,0.0
2009-03-03 00:00:00+08:00,7.753332138061523,7.753332138061523,7.753332138061523,7.753332138061523,0,0.0,0.0
2009-03-04 00:00:00+08:00,7.753332138061523,7.753332138061523,7.753332138061523,7.753332138061523,0,0.0,0.0
2009-03-05 00:00:00+08:00,7.753332138061523,7.753332138061523,7.753332138061523,7.753332138061523,0,0.0,0.0
2009-03-06 00:00:00+08:00,7.753332138061523,7.753332138061523,7.753332138061523,7.753332138061523,0,0.0,0.0
2009-03-09 00:00:00+08:00,7.753332138061523,7.753332138061523,7.753332138061523,7.753332138061523,0,0.0,0.0
2009-03-10 00:00:00+08:00,7.753332138061523,7.753332138061523,7.753332138061523,7.753332138061523,0,0.0,0.0
2009-03-11 00:00:00+08:00,7.753332138061523,7.753332138061523,7.753332138061523,7.753332138061523,0,0.0,0.0
2009-03-12 00:00:00+08:00,7.753332138061523,7.753332138061523,7.753332138061523,7.753332138061523,0,0.0,0.0
2009-03-13 00:00:00+08:00,7.753332138061523,7.753332138061523,7.753332138061523,7.753332138061523,0,0.0,0.0
2009-03-16 00:00:00+08:00,7.753332138061523,7.753332138061523,7.753332138061523,7.753332138061523,0,0.0,0.0
2009-03-17 00:00:00+08:00,7.753332138061523,7.753332138061523,7.753332138061523,7.753332138061523,0,0.0,0.0
2009-03-18 00:00:00+08:00,7.753332138061523,7.753332138061523,7.753332138061523,7.753332138061523,0,0.0,0.0
2009-03-19 00:00:00+08:00,7.753332138061523,7.753332138061523,7.753332138061523,7.753332138061523,0,0.0,0.0
2009-03-20 00:00:00+08:00,7.753332138061523,7.753332138061523,7.753332138061523,7.753332138061523,0,0.0,0.0
2009-03-23 00:00:00+08:00,7.753332138061523,7.753332138061523,7.753332138061523,7.753332138061523,0,0.0,0.0
2009-03-24 00:00:00+08:00,7.753332138061523,7.753332138061523,7.753332138061523,7.753332138061523,0,0.0,0.0
2009-03-25 00:00:00+08:00,7.753332138061523,7.753332138061523,7.753332138061523,7.753332138061523,0,0.0,0.0
2009-03-26 00:00:00+08:00,7.753332138061523,7.753332138061523,7.753332138061523,7.753332138061523,0,0.0,0.0
2009-03-27 00:00:00+08:00,7.753332138061523,7.753332138061523,7.753332138061523,7.753332138061523,0,0.0,0.0
2009-03-30 00:00:00+08:00,7.753332138061523,7.753332138061523,7.753332138061523,7.753332138061523,0,0.0,0.0
2009-03-31 00:00:00+08:00,7.753332138061523,7.753332138061523,7.753332138061523,7.753332138061523,0,0.0,0.0
2009-04-02 00:00:00+08:00,7.753332138061523,7.753332138061523,7.753332138061523,7.753332138061523,0,0.0,0.0
2009-04-03 00:00:00+08:00,7.753332138061523,7.753332138061523,7.753332138061523,7.753332138061523,0,0.0,0.0
2009-04-06 00:00:00+08:00,7.753332138061523,7.753332138061523,7.753332138061523,7.753332138061523,0,0.0,0.0
2009-04-07 00:00:00+08:00,7.753332138061523,7.753332138061523,7.753332138061523,7.753332138061523,0,0.0,0.0
2009-04-08 00:00:00+08:00,7.753332138061523,7.753332138061523,7.753332138061523,7.753332138061523,0,0.0,0.0
2009-04-09 00:00:00+08:00,7.753332138061523,7.753332138061523,7.753332138061523,7.753332138061523,0,0.0,0.0
2009-04-10 00:00:00+08:00,7.753332138061523,7.753332138061523,7.753332138061523,7.753332138061523,0,0.0,0.0
2009-04-13 00:00:00+08:00,7.753332138061523,7.753332138061523,7.753332138061523,7.753332138061523,0,0.0,0.0
2009-04-14 00:00:00+08:00,7.753332138061523,7.753332138061523,7.753332138061523,7.753332138061523,0,0.0,0.0
2009-04-15 00:00:00+08:00,7.753332138061523,7.753332138061523,7.753332138061523,7.753332138061523,0,0.0,0.0
2009-04-16 00:00:00+08:00,7.753332138061523,7.753332138061523,7.753332138061523,7.753332138061523,0,0.0,0.0
2009-04-17 00:00:00+08:00,7.753332138061523,7.753332138061523,7.753332138061523,7.753332138061523,0,0.0,0.0
2009-04-20 00:00:00+08:00,7.753332138061523,7.753332138061523,7.753332138061523,7.753332138061523,0,0.0,0.0
2009-04-21 00:00:00+08:00,7.753332138061523,7.753332138061523,7.753332138061523,7.753332138061523,0,0.0,0.0
2009-04-22 00:00:00+08:00,7.753332138061523,7.753332138061523,7.753332138061523,7.753332138061523,0,0.0,0.0
2009-04-23 00:00:00+08:00,7.753332138061523,7.753332138061523,7.753332138061523,7.753332138061523,0,0.0,0.0
2009-04-24 00:00:00+08:00,7.753332138061523,7.753332138061523,7.753332138061523,7.753332138061523,0,0.0,0.0
2009-04-27 00:00:00+08:00,7.753332138061523,7.753332138061523,7.753332138061523,7.753332138061523,0,0.0,0.0
2009-04-28 00:00:00+08:00,7.753332138061523,7.753332138061523,7.753332138061523,7.753332138061523,0,0.0,0.0
2009-04-29 00:00:00+08:00,7.753332138061523,7.753332138061523,7.753332138061523,7.753332138061523,0,0.0,0.0
2009-04-30 00:00:00+08:00,7.753332138061523,7.753332138061523,7.753332138061523,7.753332138061523,0,0.0,0.0
2009-05-04 00:00:00+08:00,7.753332138061523,7.753332138061523,7.753332138061523,7.753332138061523,0,0.0,0.0
2009-05-05 00:00:00+08:00,7.753332138061523,7.753332138061523,7.753332138061523,7.753332138061523,0,0.0,0.0
2009-05-06 00:00:00+08:00,7.753332138061523,7.753332138061523,7.753332138061523,7.753332138061523,0,0.0,0.0
2009-05-07 00:00:00+08:00,7.753332138061523,7.753332138061523,7.753332138061523,7.753332138061523,0,0.0,0.0
2009-05-08 00:00:00+08:00,7.753332138061523,7.753332138061523,7.753332138061523,7.753332138061523,0,0.0,0.0
2009-05-11 00:00:00+08:00,7.753332138061523,7.753332138061523,7.753332138061523,7.753332138061523,0,0.0,0.0
2009-05-12 00:00:00+08:00,7.753332138061523,7.753332138061523,7.753332138061523,7.753332138061523,0,0.0,0.0
2009-05-13 00:00:00+08:00,7.753332138061523,7.753332138061523,7.753332138061523,7.753332138061523,0,0.0,0.0
2009-05-14 00:00:00+08:00,7.753332138061523,7.753332138061523,7.753332138061523,7.753332138061523,0,0.0,0.0
2009-05-15 00:00:00+08:00,7.753332138061523,7.753332138061523,7.753332138061523,7.753332138061523,0,0.0,0.0
2009-05-18 00:00:00+08:00,7.753332138061523,7.753332138061523,7.753332138061523,7.753332138061523,0,0.0,0.0
2009-05-19 00:00:00+08:00,7.753332138061523,7.753332138061523,7.753332138061523,7.753332138061523,0,0.0,0.0
2009-05-20 00:00:00+08:00,7.753332138061523,7.753332138061523,7.753332138061523,7.753332138061523,0,0.0,0.0
2009-05-21 00:00:00+08:00,7.753332138061523,7.753332138061523,7.753332138061523,7.753332138061523,0,0.0,0.0
2009-05-22 00:00:00+08:00,7.753332138061523,7.753332138061523,7.753332138061523,7.753332138061523,0,0.0,0.0
2009-05-25 00:00:00+08:00,7.753332138061523,7.753332138061523,7.753332138061523,7.753332138061523,0,0.0,0.0
2009-05-26 00:00:00+08:00,7.753332138061523,7.753332138061523,7.753332138061523,7.753332138061523,0,0.0,0.0
2009-05-27 00:00:00+08:00,7.753332138061523,7.753332138061523,7.753332138061523,7.753332138061523,0,0.0,0.0
2009-06-01 00:00:00+08:00,7.753332138061523,7.753332138061523,7.753332138061523,7.753332138061523,0,0.0,0.0
2009-06-02 00:00:00+08:00,7.753332138061523,7.753332138061523,7.753332138061523,7.753332138061523,0,0.0,0.0
2009-06-03 00:00:00+08:00,7.753332138061523,7.753332138061523,7.753332138061523,7.753332138061523,0,0.0,0.0
2009-06-04 00:00:00+08:00,7.753332138061523,7.753332138061523,7.753332138061523,7.753332138061523,0,0.0,0.0
2009-06-05 00:00:00+08:00,7.753332138061523,7.753332138061523,7.753332138061523,7.753332138061523,0,0.0,0.0
2009-06-08 00:00:00+08:00,7.753332138061523,7.753332138061523,7.753332138061523,7.753332138061523,0,0.0,0.0
2009-06-09 00:00:00+08:00,7.753332138061523,7.753332138061523,7.753332138061523,7.753332138061523,0,0.0,0.0
2009-06-10 00:00:00+08:00,7.753332138061523,7.753332138061523,7.753332138061523,7.753332138061523,0,0.0,0.0
2009-06-11 00:00:00+08:00,7.753332138061523,7.753332138061523,7.753332138061523,7.753332138061523,0,0.0,0.0
2009-06-12 00:00:00+08:00,7.753332138061523,7.753332138061523,7.753332138061523,7.753332138061523,0,0.0,0.0
2009-06-15 00:00:00+08:00,7.753332138061523,7.753332138061523,7.753332138061523,7.753332138061523,0,0.0,0.0
2009-06-16 00:00:00+08:00,7.753332138061523,7.753332138061523,7.753332138061523,7.753332138061523,0,0.0,0.0
2009-06-17 00:00:00+08:00,7.753332138061523,7.753332138061523,7.753332138061523,7.753332138061523,0,0.0,0.0
2009-06-18 00:00:00+08:00,7.753332138061523,7.753332138061523,7.753332138061523,7.753332138061523,0,0.0,0.0
2009-06-19 00:00:00+08:00,7.753332138061523,7.753332138061523,7.753332138061523,7.753332138061523,0,0.0,0.0
2009-06-22 00:00:00+08:00,7.753332138061523,7.753332138061523,7.753332138061523,7.753332138061523,0,0.0,0.0
2009-06-23 00:00:00+08:00,7.753332138061523,7.753332138061523,7.753332138061523,7.753332138061523,0,0.0,0.0
2009-06-24 00:00:00+08:00,7.753332138061523,7.753332138061523,7.753332138061523,7.753332138061523,0,0.0,0.0
2009-06-25 00:00:00+08:00,7.753332138061523,7.753332138061523,7.753332138061523,7.753332138061523,0,0.0,0.0
2009-06-26 00:00:00+08:00,7.753332138061523,7.753332138061523,7.753332138061523,7.753332138061523,0,0.0,0.0
2009-06-29 00:00:00+08:00,7.753332138061523,7.753332138061523,7.753332138061523,7.753332138061523,0,0.0,0.0
2009-06-30 00:00:00+08:00,7.753332138061523,7.753332138061523,7.753332138061523,7.753332138061523,0,0.0,0.0
2009-07-01 00:00:00+08:00,7.753332138061523,7.753332138061523,7.753332138061523,7.753332138061523,0,0.0,0.0
2009-07-02 00:00:00+08:00,7.753332138061523,7.753332138061523,7.753332138061523,7.753332138061523,0,0.0,0.0
2009-07-03 00:00:00+08:00,7.753332138061523,7.753332138061523,7.753332138061523,7.753332138061523,0,0.0,0.0
2009-07-06 00:00:00+08:00,7.753332138061523,7.753332138061523,7.753332138061523,7.753332138061523,0,0.0,0.0
2009-07-07 00:00:00+08:00,7.753332138061523,7.753332138061523,7.753332138061523,7.753332138061523,0,0.0,0.0
2009-07-08 00:00:00+08:00,7.753332138061523,7.753332138061523,7.753332138061523,7.753332138061523,0,0.0,0.0
2009-07-09 00:00:00+08:00,7.753332138061523,7.753332138061523,7.753332138061523,7.753332138061523,0,0.0,0.0
2009-07-10 00:00:00+08:00,7.753332138061523,7.753332138061523,7.753332138061523,7.753332138061523,0,0.0,0.0
2009-07-13 00:00:00+08:00,7.753332138061523,7.753332138061523,7.753332138061523,7.753332138061523,0,0.0,0.0
2009-07-14 00:00:00+08:00,7.753332138061523,7.753332138061523,7.753332138061523,7.753332138061523,0,0.0,0.0
2009-07-15 00:00:00+08:00,7.753332138061523,7.753332138061523,7.753332138061523,7.753332138061523,0,0.0,0.0
2009-07-16 00:00:00+08:00,7.753332138061523,7.753332138061523,7.753332138061523,7.753332138061523,0,0.0,0.0
2009-07-17 00:00:00+08:00,7.753332138061523,7.753332138061523,7.753332138061523,7.753332138061523,0,0.0,0.0
2009-07-20 00:00:00+08:00,7.753332138061523,7.753332138061523,7.753332138061523,7.753332138061523,0,0.0,0.0
2009-07-21 00:00:00+08:00,7.753332138061523,7.753332138061523,7.753332138061523,7.753332138061523,0,0.0,0.0
2009-07-22 00:00:00+08:00,7.753332138061523,7.753332138061523,7.753332138061523,7.753332138061523,0,0.0,0.0
2009-07-23 00:00:00+08:00,7.753332138061523,7.753332138061523,7.753332138061523,7.753332138061523,0,0.0,0.0
2009-07-24 00:00:00+08:00,7.753332138061523,7.753332138061523,7.753332138061523,7.753332138061523,0,0.0,0.0
2009-07-27 00:00:00+08:00,7.753332138061523,7.753332138061523,7.753332138061523,7.753332138061523,0,0.0,0.0
2009-07-28 00:00:00+08:00,7.753332138061523,7.753332138061523,7.753332138061523,7.753332138061523,0,0.0,0.0
2009-07-29 00:00:00+08:00,7.753332138061523,7.753332138061523,7.753332138061523,7.753332138061523,0,0.0,0.0
2009-07-30 00:00:00+08:00,7.753332138061523,7.753332138061523,7.753332138061523,7.753332138061523,0,0.0,0.0
2009-07-31 00:00:00+08:00,7.753332138061523,7.753332138061523,7.753332138061523,7.753332138061523,0,0.0,0.0
2009-08-03 00:00:00+08:00,7.753332138061523,7.753332138061523,7.753332138061523,7.753332138061523,0,0.0,0.0
2009-08-04 00:00:00+08:00,7.753332138061523,7.753332138061523,7.753332138061523,7.753332138061523,0,0.0,0.0
2009-08-05 00:00:00+08:00,7.753332138061523,7.753332138061523,7.753332138061523,7.753332138061523,0,0.0,0.0
2009-08-06 00:00:00+08:00,7.753332138061523,7.753332138061523,7.753332138061523,7.753332138061523,0,0.0,0.0
2009-08-07 00:00:00+08:00,7.753332138061523,7.753332138061523,7.753332138061523,7.753332138061523,0,0.0,0.0
2009-08-10 00:00:00+08:00,7.753332138061523,7.753332138061523,7.753332138061523,7.753332138061523,0,0.0,0.0
2009-08-11 00:00:00+08:00,7.753332138061523,7.753332138061523,7.753332138061523,7.753332138061523,0,0.0,0.0
2009-08-12 00:00:00+08:00,7.753332138061523,7.753332138061523,7.753332138061523,7.753332138061523,0,0.0,0.0
2009-08-13 00:00:00+08:00,7.753332138061523,7.753332138061523,7.753332138061523,7.753332138061523,0,0.0,0.0
2009-08-14 00:00:00+08:00,7.753332138061523,7.753332138061523,7.753332138061523,7.753332138061523,0,0.0,0.0
2009-08-17 00:00:00+08:00,7.753332138061523,7.753332138061523,7.753332138061523,7.753332138061523,0,0.0,0.0
2009-08-18 00:00:00+08:00,7.753332138061523,7.753332138061523,7.753332138061523,7.753332138061523,0,0.0,0.0
2009-08-19 00:00:00+08:00,7.753332138061523,7.753332138061523,7.753332138061523,7.753332138061523,0,0.0,0.0
2009-08-20 00:00:00+08:00,7.753332138061523,7.753332138061523,7.753332138061523,7.753332138061523,0,0.0,0.0
2009-08-21 00:00:00+08:00,7.753332138061523,7.753332138061523,7.753332138061523,7.753332138061523,0,0.0,0.0
2009-08-24 00:00:00+08:00,7.753332138061523,7.753332138061523,7.753332138061523,7.753332138061523,0,0.0,0.0
2009-08-25 00:00:00+08:00,7.753332138061523,7.753332138061523,7.753332138061523,7.753332138061523,0,0.0,0.0
2009-08-26 00:00:00+08:00,7.753332138061523,7.753332138061523,7.753332138061523,7.753332138061523,0,0.0,0.0
2009-08-27 00:00:00+08:00,7.753332138061523,7.753332138061523,7.753332138061523,7.753332138061523,0,0.0,0.0
2009-08-28 00:00:00+08:00,7.753332138061523,7.753332138061523,7.753332138061523,7.753332138061523,0,0.0,0.0
2009-08-31 00:00:00+08:00,7.753332138061523,7.753332138061523,7.753332138061523,7.753332138061523,0,0.0,0.0
2009-09-01 00:00:00+08:00,7.753332138061523,7.753332138061523,7.753332138061523,7.753332138061523,0,0.0,0.0
2009-09-02 00:00:00+08:00,7.753332138061523,7.753332138061523,7.753332138061523,7.753332138061523,0,0.0,0.0
2009-09-03 00:00:00+08:00,7.753332138061523,7.753332138061523,7.753332138061523,7.753332138061523,0,0.0,0.0
2009-09-04 00:00:00+08:00,7.753332138061523,7.753332138061523,7.753332138061523,7.753332138061523,0,0.0,0.0
2009-09-07 00:00:00+08:00,7.753332138061523,7.753332138061523,7.753332138061523,7.753332138061523,0,0.0,0.0
2009-09-08 00:00:00+08:00,7.753332138061523,7.753332138061523,7.753332138061523,7.753332138061523,0,0.0,0.0
2009-09-09 00:00:00+08:00,7.753332138061523,7.753332138061523,7.753332138061523,7.753332138061523,0,0.0,0.0
2009-09-10 00:00:00+08:00,7.753332138061523,7.753332138061523,7.753332138061523,7.753332138061523,0,0.0,0.0
2009-09-11 00:00:00+08:00,7.753332138061523,7.753332138061523,7.753332138061523,7.753332138061523,0,0.0,0.0
2009-09-14 00:00:00+08:00,7.753332138061523,7.753332138061523,7.753332138061523,7.753332138061523,0,0.0,0.0
2009-09-15 00:00:00+08:00,7.753332138061523,7.753332138061523,7.753332138061523,7.753332138061523,0,0.0,0.0
2009-09-16 00:00:00+08:00,7.753332138061523,7.753332138061523,7.753332138061523,7.753332138061523,0,0.0,0.0
2009-09-17 00:00:00+08:00,7.753332138061523,7.753332138061523,7.753332138061523,7.753332138061523,0,0.0,0.0
2009-09-18 00:00:00+08:00,7.753332138061523,7.753332138061523,7.753332138061523,7.753332138061523,0,0.0,0.0
2009-09-21 00:00:00+08:00,7.753332138061523,7.753332138061523,7.753332138061523,7.753332138061523,0,0.0,0.0
2009-09-22 00:00:00+08:00,7.753332138061523,7.753332138061523,7.753332138061523,7.753332138061523,0,0.0,0.0
2009-09-23 00:00:00+08:00,7.753332138061523,7.753332138061523,7.753332138061523,7.753332138061523,0,0.0,0.0
2009-09-24 00:00:00+08:00,8.375249862670898,8.375249862670898,8.375249862670898,8.375249862670898,0,0.234314,1.06373
2009-09-25 00:00:00+08:00,8.375249862670898,8.375249862670898,8.375249862670898,8.375249862670898,0,0.0,0.0
2009-09-28 00:00:00+08:00,8.375249862670898,8.375249862670898,8.375249862670898,8.375249862670898,0,0.0,0.0
2009-09-29 00:00:00+08:00,8.375249862670898,8.375249862670898,8.375249862670898,8.375249862670898,0,0.0,0.0
2009-09-30 00:00:00+08:00,8.375249862670898,8.375249862670898,8.375249862670898,8.375249862670898,0,0.0,0.0
2009-10-01 00:00:00+08:00,8.375249862670898,8.375249862670898,8.375249862670898,8.375249862670898,0,0.0,0.0
2009-10-02 00:00:00+08:00,8.375249862670898,8.375249862670898,8.375249862670898,8.375249862670898,0,0.0,0.0
2009-10-05 00:00:00+08:00,8.375249862670898,8.375249862670898,8.375249862670898,8.375249862670898,0,0.0,0.0
2009-10-06 00:00:00+08:00,8.375249862670898,8.375249862670898,8.375249862670898,8.375249862670898,0,0.0,0.0
2009-10-07 00:00:00+08:00,8.375249862670898,8.375249862670898,8.375249862670898,8.375249862670898,0,0.0,0.0
2009-10-08 00:00:00+08:00,8.375249862670898,8.375249862670898,8.375249862670898,8.375249862670898,0,0.0,0.0
2009-10-09 00:00:00+08:00,8.375249862670898,8.375249862670898,8.375249862670898,8.375249862670898,0,0.0,0.0
2009-10-12 00:00:00+08:00,8.375249862670898,8.375249862670898,8.375249862670898,8.375249862670898,0,0.0,0.0
2009-10-13 00:00:00+08:00,8.375249862670898,8.375249862670898,8.375249862670898,8.375249862670898,0,0.0,0.0
2009-10-14 00:00:00+08:00,8.375249862670898,8.375249862670898,8.375249862670898,8.375249862670898,0,0.0,0.0
2009-10-15 00:00:00+08:00,8.375249862670898,8.375249862670898,8.375249862670898,8.375249862670898,0,0.0,0.0
2009-10-16 00:00:00+08:00,8.375249862670898,8.375249862670898,8.375249862670898,8.375249862670898,0,0.0,0.0
2009-10-19 00:00:00+08:00,8.375249862670898,8.375249862670898,8.375249862670898,8.375249862670898,0,0.0,0.0
2009-10-20 00:00:00+08:00,8.375249862670898,8.375249862670898,8.375249862670898,8.375249862670898,0,0.0,0.0
2009-10-21 00:00:00+08:00,8.375249862670898,8.375249862670898,8.375249862670898,8.375249862670898,0,0.0,0.0
2009-10-22 00:00:00+08:00,8.375249862670898,8.375249862670898,8.375249862670898,8.375249862670898,0,0.0,0.0
2009-10-23 00:00:00+08:00,8.375249862670898,8.375249862670898,8.375249862670898,8.375249862670898,0,0.0,0.0
2009-10-26 00:00:00+08:00,8.375249862670898,8.375249862670898,8.375249862670898,8.375249862670898,0,0.0,0.0
2009-10-27 00:00:00+08:00,8.375249862670898,8.375249862670898,8.375249862670898,8.375249862670898,0,0.0,0.0
2009-10-28 00:00:00+08:00,8.375249862670898,8.375249862670898,8.375249862670898,8.375249862670898,0,0.0,0.0
2009-10-29 00:00:00+08:00,8.375249862670898,8.375249862670898,8.375249862670898,8.375249862670898,0,0.0,0.0
2009-10-30 00:00:00+08:00,8.375249862670898,8.375249862670898,8.375249862670898,8.375249862670898,0,0.0,0.0
2009-11-02 00:00:00+08:00,8.375249862670898,8.375249862670898,8.375249862670898,8.375249862670898,0,0.0,0.0
2009-11-03 00:00:00+08:00,8.375249862670898,8.375249862670898,8.375249862670898,8.375249862670898,0,0.0,0.0
2009-11-04 00:00:00+08:00,8.375249862670898,8.375249862670898,8.375249862670898,8.375249862670898,0,0.0,0.0
2009-11-05 00:00:00+08:00,8.375249862670898,8.375249862670898,8.375249862670898,8.375249862670898,0,0.0,0.0
2009-11-06 00:00:00+08:00,8.375249862670898,8.375249862670898,8.375249862670898,8.375249862670898,0,0.0,0.0
2009-11-09 00:00:00+08:00,8.375249862670898,8.375249862670898,8.375249862670898,8.375249862670898,0,0.0,0.0
2009-11-10 00:00:00+08:00,8.375249862670898,8.375249862670898,8.375249862670898,8.375249862670898,0,0.0,0.0
2009-11-11 00:00:00+08:00,8.375249862670898,8.375249862670898,8.375249862670898,8.375249862670898,0,0.0,0.0
2009-11-12 00:00:00+08:00,8.375249862670898,8.375249862670898,8.375249862670898,8.375249862670898,0,0.0,0.0
2009-11-13 00:00:00+08:00,8.375249862670898,8.375249862670898,8.375249862670898,8.375249862670898,0,0.0,0.0
2009-11-16 00:00:00+08:00,8.375249862670898,8.375249862670898,8.375249862670898,8.375249862670898,0,0.0,0.0
2009-11-17 00:00:00+08:00,8.375249862670898,8.375249862670898,8.375249862670898,8.375249862670898,0,0.0,0.0
2009-11-18 00:00:00+08:00,8.375249862670898,8.375249862670898,8.375249862670898,8.375249862670898,0,0.0,0.0
2009-11-19 00:00:00+08:00,8.375249862670898,8.375249862670898,8.375249862670898,8.375249862670898,0,0.0,0.0
2009-11-20 00:00:00+08:00,8.375249862670898,8.375249862670898,8.375249862670898,8.375249862670898,0,0.0,0.0
2009-11-23 00:00:00+08:00,8.375249862670898,8.375249862670898,8.375249862670898,8.375249862670898,0,0.0,0.0
2009-11-24 00:00:00+08:00,8.375249862670898,8.375249862670898,8.375249862670898,8.375249862670898,0,0.0,0.0
2009-11-25 00:00:00+08:00,8.375249862670898,8.375249862670898,8.375249862670898,8.375249862670898,0,0.0,0.0
2009-11-26 00:00:00+08:00,8.375249862670898,8.375249862670898,8.375249862670898,8.375249862670898,0,0.0,0.0
2009-11-27 00:00:00+08:00,8.375249862670898,8.375249862670898,8.375249862670898,8.375249862670898,0,0.0,0.0
2009-11-30 00:00:00+08:00,8.375249862670898,8.375249862670898,8.375249862670898,8.375249862670898,0,0.0,0.0
2009-12-01 00:00:00+08:00,8.375249862670898,8.375249862670898,8.375249862670898,8.375249862670898,0,0.0,0.0
2009-12-02 00:00:00+08:00,8.375249862670898,8.375249862670898,8.375249862670898,8.375249862670898,0,0.0,0.0
2009-12-03 00:00:00+08:00,8.375249862670898,8.375249862670898,8.375249862670898,8.375249862670898,0,0.0,0.0
2009-12-04 00:00:00+08:00,8.375249862670898,8.375249862670898,8.375249862670898,8.375249862670898,0,0.0,0.0
2009-12-07 00:00:00+08:00,8.375249862670898,8.375249862670898,8.375249862670898,8.375249862670898,0,0.0,0.0
2009-12-08 00:00:00+08:00,8.375249862670898,8.375249862670898,8.375249862670898,8.375249862670898,0,0.0,0.0
2009-12-09 00:00:00+08:00,8.375249862670898,8.375249862670898,8.375249862670898,8.375249862670898,0,0.0,0.0
2009-12-10 00:00:00+08:00,8.375249862670898,8.375249862670898,8.375249862670898,8.375249862670898,0,0.0,0.0
2009-12-11 00:00:00+08:00,8.375249862670898,8.375249862670898,8.375249862670898,8.375249862670898,0,0.0,0.0
2009-12-14 00:00:00+08:00,8.375249862670898,8.375249862670898,8.375249862670898,8.375249862670898,0,0.0,0.0
2009-12-15 00:00:00+08:00,8.375249862670898,8.375249862670898,8.375249862670898,8.375249862670898,0,0.0,0.0
2009-12-16 00:00:00+08:00,8.375249862670898,8.375249862670898,8.375249862670898,8.375249862670898,0,0.0,0.0
2009-12-17 00:00:00+08:00,8.375249862670898,8.375249862670898,8.375249862670898,8.375249862670898,0,0.0,0.0
2009-12-18 00:00:00+08:00,8.375249862670898,8.375249862670898,8.375249862670898,8.375249862670898,0,0.0,0.0
2009-12-21 00:00:00+08:00,8.375249862670898,8.375249862670898,8.375249862670898,8.375249862670898,0,0.0,0.0
2009-12-22 00:00:00+08:00,8.375249862670898,8.375249862670898,8.375249862670898,8.375249862670898,0,0.0,0.0
2009-12-23 00:00:00+08:00,8.375249862670898,8.375249862670898,8.375249862670898,8.375249862670898,0,0.0,0.0
2009-12-24 00:00:00+08:00,8.375249862670898,8.375249862670898,8.375249862670898,8.375249862670898,0,0.0,0.0
2009-12-25 00:00:00+08:00,8.375249862670898,8.375249862670898,8.375249862670898,8.375249862670898,0,0.0,0.0
2009-12-28 00:00:00+08:00,8.375249862670898,8.375249862670898,8.375249862670898,8.375249862670898,0,0.0,0.0
2009-12-29 00:00:00+08:00,8.375249862670898,8.375249862670898,8.375249862670898,8.375249862670898,0,0.0,0.0
2009-12-30 00:00:00+08:00,8.375249862670898,8.375249862670898,8.375249862670898,8.375249862670898,0,0.0,0.0
2009-12-31 00:00:00+08:00,8.375249862670898,8.375249862670898,8.375249862670898,8.375249862670898,0,0.0,0.0
2010-01-04 00:00:00+08:00,8.375249862670898,8.375249862670898,8.375249862670898,8.375249862670898,0,0.0,0.0
2010-01-05 00:00:00+08:00,8.375249862670898,8.375249862670898,8.375249862670898,8.375249862670898,0,0.0,0.0
2010-01-06 00:00:00+08:00,8.375249862670898,8.375249862670898,8.375249862670898,8.375249862670898,0,0.0,0.0
2010-01-07 00:00:00+08:00,8.375249862670898,8.375249862670898,8.375249862670898,8.375249862670898,0,0.0,0.0
2010-01-08 00:00:00+08:00,8.375249862670898,8.375249862670898,8.375249862670898,8.375249862670898,0,0.0,0.0
2010-01-11 00:00:00+08:00,8.375249862670898,8.375249862670898,8.375249862670898,8.375249862670898,0,0.0,0.0
2010-01-12 00:00:00+08:00,8.375249862670898,8.375249862670898,8.375249862670898,8.375249862670898,0,0.0,0.0
2010-01-13 00:00:00+08:00,8.375249862670898,8.375249862670898,8.375249862670898,8.375249862670898,0,0.0,0.0
2010-01-14 00:00:00+08:00,8.375249862670898,8.375249862670898,8.375249862670898,8.375249862670898,0,0.0,0.0
2010-01-15 00:00:00+08:00,8.375249862670898,8.375249862670898,8.375249862670898,8.375249862670898,0,0.0,0.0
2010-01-18 00:00:00+08:00,8.375249862670898,8.375249862670898,8.375249862670898,8.375249862670898,0,0.0,0.0
2010-01-19 00:00:00+08:00,8.375249862670898,8.375249862670898,8.375249862670898,8.375249862670898,0,0.0,0.0
2010-01-20 00:00:00+08:00,8.375249862670898,8.375249862670898,8.375249862670898,8.375249862670898,0,0.0,0.0
2010-01-21 00:00:00+08:00,8.375249862670898,8.375249862670898,8.375249862670898,8.375249862670898,0,0.0,0.0
2010-01-22 00:00:00+08:00,8.375249862670898,8.375249862670898,8.375249862670898,8.375249862670898,0,0.0,0.0
2010-01-25 00:00:00+08:00,8.375249862670898,8.375249862670898,8.375249862670898,8.375249862670898,0,0.0,0.0
2010-01-26 00:00:00+08:00,8.375249862670898,8.375249862670898,8.375249862670898,8.375249862670898,0,0.0,0.0
2010-01-27 00:00:00+08:00,8.375249862670898,8.375249862670898,8.375249862670898,8.375249862670898,0,0.0,0.0
2010-01-28 00:00:00+08:00,8.375249862670898,8.375249862670898,8.375249862670898,8.375249862670898,0,0.0,0.0
2010-01-29 00:00:00+08:00,8.375249862670898,8.375249862670898,8.375249862670898,8.375249862670898,0,0.0,0.0
2010-02-01 00:00:00+08:00,8.375249862670898,8.375249862670898,8.375249862670898,8.375249862670898,0,0.0,0.0
2010-02-02 00:00:00+08:00,8.375249862670898,8.375249862670898,8.375249862670898,8.375249862670898,0,0.0,0.0
2010-02-03 00:00:00+08:00,8.375249862670898,8.375249862670898,8.375249862670898,8.375249862670898,0,0.0,0.0
2010-02-04 00:00:00+08:00,8.375249862670898,8.375249862670898,8.375249862670898,8.375249862670898,0,0.0,0.0
2010-02-05 00:00:00+08:00,8.375249862670898,8.375249862670898,8.375249862670898,8.375249862670898,0,0.0,0.0
2010-02-08 00:00:00+08:00,8.375249862670898,8.375249862670898,8.375249862670898,8.375249862670898,0,0.0,0.0
2010-02-09 00:00:00+08:00,8.375249862670898,8.375249862670898,8.375249862670898,8.375249862670898,0,0.0,0.0
2010-02-10 00:00:00+08:00,8.375249862670898,8.375249862670898,8.375249862670898,8.375249862670898,0,0.0,0.0
2010-02-22 00:00:00+08:00,11.884434963736165,12.02480188615082,11.416543592416886,11.556910514831543,58,0.0,0.0
2010-02-23 00:00:00+08:00,11.556909922112634,11.62709435768267,11.322964737432462,11.416543006896973,74,0.0,0.0
2010-02-24 00:00:00+08:00,11.322963489976111,11.556908648882432,11.322963489976111,11.346358299255371,62,0.0,0.0
2010-02-25 00:00:00+08:00,11.439937365279178,11.556909464001436,11.36975391045339,11.463332176208496,39,0.0,0.0
2010-02-26 00:00:00+08:00,11.510121866680741,11.697278415208453,11.416543592416886,11.556910514831543,53,0.0,0.0
2010-03-01 00:00:00+08:00,11.884434633049182,12.071591176369221,11.556910193257997,11.79085636138916,150,0.0,0.0
2010-03-02 00:00:00+08:00,11.79085629389043,11.931223211595793,11.580304939370164,11.697278022766113,61,0.0,0.0
2010-03-03 00:00:00+08:00,11.837645530700682,12.165168979926896,11.837645530700682,11.837645530700684,170,0.0,0.0
2010-03-04 00:00:00+08:00,12.071590711867666,12.375719349588524,11.790855907689972,11.837645530700684,250,0.0,0.0
2010-03-05 00:00:00+08:00,11.954618355519838,12.305536637480857,11.931223542599168,12.165169715881348,269,0.0,0.0
2010-03-08 00:00:00+08:00,12.586271458642122,12.586271458642122,12.118380090040013,12.165169715881348,101,0.0,0.0
2010-03-09 00:00:00+08:00,12.165169650475601,12.30553657132043,12.0715913772583,12.0715913772583,71,0.0,0.0
2010-03-10 00:00:00+08:00,12.071590147175316,12.28214050698769,12.001405715942383,12.001405715942383,86,0.0,0.0
2010-03-11 00:00:00+08:00,12.165169650475601,12.258747923692901,11.954618291246113,12.0715913772583,42,0.0,0.0
2010-03-12 00:00:00+08:00,12.071590167267237,12.913793563842773,12.071590167267237,12.913793563842773,532,0.0,0.0
2010-03-15 00:00:00+08:00,13.8027925491333,13.8027925491333,13.42847935846511,13.8027925491333,2632,0.0,0.0
2010-03-16 00:00:00+08:00,13.80279036289486,13.80279036289486,13.147742382979263,13.334898948669434,859,0.0,0.0
2010-03-17 00:00:00+08:00,13.428475300829861,14.247283935546873,13.33489703143903,14.247283935546875,1844298,0.0,0.0
2010-03-18 00:00:00+08:00,14.364256203278863,15.229854412650598,14.364256203278863,14.738569259643555,2639878,0.0,0.0
2010-03-19 00:00:00+08:00,15.136277197848669,15.136277197848669,14.270678928471233,14.832148551940918,935847,0.0,0.0
2010-03-22 00:00:00+08:00,14.832148551940918,14.832148551940918,14.832148551940918,14.832148551940918,0,0.0,0.0
2010-03-23 00:00:00+08:00,14.832149745828266,15.089489766142108,14.036734870868488,14.106918334960938,1180219,0.0,0.0
2010-03-24 00:00:00+08:00,14.177101799053386,14.481231447403726,14.106918334960938,14.106918334960938,529290,0.0,0.0
2010-03-25 00:00:00+08:00,14.27067760940236,14.27067760940236,13.709208037830493,13.755997657775879,437240,0.0,0.0
2010-03-26 00:00:00+08:00,13.756000023806186,13.943156579854378,13.685816559778686,13.709210395812988,325464,0.0,0.0
2010-03-29 00:00:00+08:00,13.709209057756244,14.644991746662233,13.709209057756244,13.849576950073242,604903,0.0,0.0
2010-03-30 00:00:00+08:00,14.177101658864391,14.177101658864391,13.498659882742269,13.522053718566895,327656,0.0,0.0
2010-03-31 00:00:00+08:00,13.568843383162774,13.802789565745622,13.568843383162774,13.615633010864258,283822,0.0,0.0
2010-04-01 00:00:00+08:00,13.709208846394796,13.779392302490145,13.381685399308386,13.568841934204102,234509,0.0,0.0
2010-04-02 00:00:00+08:00,13.779393001727906,14.504624366760254,13.475264350560943,14.504624366760254,781333,0.0,0.0
2010-04-06 00:00:00+08:00,15.159670599518918,15.463800195092485,14.78535852999423,14.878935813903809,1002693,0.0,0.0
2010-04-07 00:00:00+08:00,14.785364409895614,15.206466266802645,14.644996472284927,14.761968612670898,350668,0.0,0.0
2010-04-08 00:00:00+08:00,14.785361254760035,15.533986509734245,14.644993347103286,14.691781997680664,831742,0.0,0.0
2010-04-09 00:00:00+08:00,14.832149379974076,15.112884207381478,14.64499282836914,14.64499282836914,329847,0.0,0.0
2010-04-12 00:00:00+08:00,14.738572504464903,15.066096011910002,14.52802111941456,14.59820556640625,298068,0.0,0.0
2010-04-13 00:00:00+08:00,14.598206323781149,14.691783635366926,13.849580007395607,14.223893165588379,207113,0.0,0.0
2010-04-14 00:00:00+08:00,13.802789831164175,14.364258528642647,13.802789831164175,13.989945411682129,226838,0.0,0.0
2010-04-15 00:00:00+08:00,14.130313817203998,14.223892099740027,13.989945904418784,14.036735534667969,187388,0.0,0.0
2010-04-16 00:00:00+08:00,14.03673780431967,14.223894399653766,13.709213273503753,13.8027925491333,268480,0.0,0.0
2010-04-19 00:00:00+08:00,13.66242035170969,14.036733425612294,12.913794203904482,13.147740364074707,260809,0.0,0.0
2010-04-20 00:00:00+08:00,13.147740150224596,13.475263595581055,13.147740150224596,13.475263595581055,208209,0.0,0.0
2010-04-21 00:00:00+08:00,13.522050228028553,14.411044120788572,13.522050228028553,14.411044120788574,367106,0.0,0.0
2010-04-22 00:00:00+08:00,14.31746970520058,14.31746970520058,13.943156592757791,14.106918334960938,210401,0.0,0.0
2010-04-23 00:00:00+08:00,14.106916725494413,14.4812297952316,14.036733269409238,14.17710018157959,242180,0.0,0.0
2010-04-26 00:00:00+08:00,14.270679343226842,14.41104724215495,13.966549710517809,14.08352279663086,103008,0.0,0.0
2010-04-27 00:00:00+08:00,14.130312551626009,14.738570844650523,14.036734277471295,14.270679473876953,465732,0.0,0.0
2010-04-28 00:00:00+08:00,14.013339659415,15.253251075744629,13.615632722195707,15.253251075744629,701337,0.0,0.0
2010-04-29 00:00:00+08:00,15.72114425677028,16.30600878996881,14.972517967224121,14.972517967224121,2400985,0.0,0.0
2010-04-30 00:00:00+08:00,14.738572164707016,14.925728729779074,13.94315725213194,14.036735534667969,753937,0.0,0.0
2010-05-03 00:00:00+08:00,13.849578215484819,13.896366865224016,13.334898178542215,13.615633010864258,366010,0.0,0.0
2010-05-04 00:00:00+08:00,13.755999361198501,14.03673418174818,13.615632439904786,13.779393196105957,175334,0.0,0.0
2010-05-05 00:00:00+08:00,13.615632614926772,13.615632614926772,13.334897790768393,13.358291625976562,186292,0.0,0.0
2010-05-06 00:00:00+08:00,13.358291977983091,13.592238159927627,13.2179250511862,13.522053718566895,149034,0.0,0.0
2010-05-07 00:00:00+08:00,13.264714459255144,14.45783731709893,12.703245742001311,14.036735534667969,894205,0.0,0.0
2010-05-10 00:00:00+08:00,14.036735040283347,14.247285435101908,13.592238458383306,13.989945411682129,366010,0.0,0.0
2010-05-11 00:00:00+08:00,14.17709950195957,14.270677764907923,13.63902473449707,13.63902473449707,244372,0.0,0.0
2010-05-12 00:00:00+08:00,13.709209214813216,14.060128460644851,13.639025756831773,13.732604026794434,132596,0.0,0.0
2010-05-13 00:00:00+08:00,13.849577019337687,14.4578352811875,13.849577019337687,13.943155288696289,161088,0.0,0.0
2010-05-14 00:00:00+08:00,13.943155744574979,14.106917476816255,13.849577472156787,13.896366119384766,168759,0.0,0.0
2010-05-17 00:00:00+08:00,13.61563379720469,13.66242244964606,13.334898948669434,13.334898948669434,127117,0.0,0.0
2010-05-18 00:00:00+08:00,13.47526588395589,13.545449351599117,13.334898948669434,13.334898948669434,70133,0.0,0.0
2010-05-19 00:00:00+08:00,13.334896754565548,13.755998469099817,13.17113405306016,13.568841934204102,65750,0.0,0.0
2010-05-20 00:00:00+08:00,13.56884186253464,13.75599839644181,13.311501872902825,13.475263595581055,142459,0.0,0.0
2010-05-21 00:00:00+08:00,12.539481208300097,12.890400450746622,12.539481208300097,12.633060455322266,278343,0.0,0.0
2010-05-24 00:00:00+08:00,12.679852044881661,12.726640701293944,12.656457227694307,12.726640701293945,88763,0.0,0.0
2010-05-25 00:00:00+08:00,12.633060320223052,12.633060320223052,11.837645530700682,11.837645530700684,167663,0.0,0.0
2010-05-26 00:00:00+08:00,11.837646315585364,11.837646315585364,11.276175692039974,11.556910514831543,79996,0.0,0.0
2010-05-27 00:00:00+08:00,11.463333465871163,12.0248021456067,11.463333465871163,11.93122386932373,49312,0.0,0.0
2010-05-28 00:00:00+08:00,11.97801223924906,12.375719138237148,11.79085570632684,11.861039161682129,90954,0.0,0.0
2010-05-31 00:00:00+08:00,11.884434539951364,12.3055362701416,11.83764589346899,12.305536270141602,88763,0.0,0.0
2010-06-01 00:00:00+08:00,12.165170112080077,12.211958761482988,12.001407394264179,12.024802207946777,47121,0.0,0.0
2010-06-02 00:00:00+08:00,11.978013496446353,12.0248021456067,11.93122386932373,11.93122386932373,29587,0.0,0.0
2010-06-03 00:00:00+08:00,12.071589996943667,12.445903047012395,11.954616924306658,12.118378639221191,95338,0.0,0.0
2010-06-04 00:00:00+08:00,12.328932237754504,12.328932237754504,11.884435653686523,11.884435653686523,59175,0.0,0.0
2010-06-07 00:00:00+08:00,11.744065558547941,11.744065558547941,11.322963867299062,11.510120391845703,41641,0.0,0.0
2010-06-08 00:00:00+08:00,11.510119743875242,11.884432771896305,11.510119743875242,11.580303192138672,41641,0.0,0.0
2010-06-09 00:00:00+08:00,11.580305172048309,11.603699984790005,11.322965165776374,11.369754791259766,71229,0.0,0.0
2010-06-10 00:00:00+08:00,11.36975458788022,11.533516318218279,11.36975458788022,11.393148422241211,26300,0.0,0.0
2010-06-11 00:00:00+08:00,11.556910193257997,11.837645986200284,11.556910193257997,11.79085636138916,53696,0.0,0.0
2010-06-14 00:00:00+08:00,11.790857110116065,12.02480231514067,11.790857110116065,11.814250946044922,37258,0.0,0.0
2010-06-15 00:00:00+08:00,11.814250840727968,12.024802207946777,11.814250840727968,12.024802207946777,31779,0.0,0.0
2010-06-17 00:00:00+08:00,12.094987319569437,12.165170786546085,11.931224592674146,11.954619407653809,86571,0.0,0.0
2010-06-18 00:00:00+08:00,11.978015899658205,12.14177767151921,11.954621081403069,11.978015899658203,49312,0.0,0.0
2010-06-21 00:00:00+08:00,12.024802207946777,12.211958761482988,12.024802207946777,12.024802207946777,40546,0.0,0.0
2010-06-22 00:00:00+08:00,12.048196629240259,12.328931450401525,12.048196629240259,12.165169715881348,61367,0.0,0.0
2010-06-23 00:00:00+08:00,12.165169421012656,12.305536339209842,12.094985961914062,12.094985961914062,105200,0.0,0.0
2010-06-24 00:00:00+08:00,12.211956977844238,12.258746598375492,12.11837871474387,12.211956977844238,72325,0.0,0.0
2010-06-25 00:00:00+08:00,12.211958298103129,12.211958298103129,12.0715913772583,12.0715913772583,49312,0.0,0.0
2010-06-28 00:00:00+08:00,12.0715913772583,12.0715913772583,12.0715913772583,12.0715913772583,0,0.0,0.0
2010-06-29 00:00:00+08:00,12.048197398664888,12.305537423339791,11.884435653686523,11.884435653686523,56983,0.0,0.0
2010-06-30 00:00:00+08:00,11.744066669347161,11.744066669347161,11.697278022766113,11.697278022766113,39450,0.0,0.0
2010-07-01 00:00:00+08:00,11.697279644731907,11.697279644731907,11.627096176147461,11.627096176147461,19725,0.0,0.0
2010-07-02 00:00:00+08:00,11.697278667597446,11.93122386932373,11.603700391314478,11.93122386932373,33971,0.0,0.0
2010-07-05 00:00:00+08:00,11.907829643618586,12.0715913772583,11.8844348308237,12.0715913772583,30683,0.0,0.0
2010-07-06 00:00:00+08:00,12.04819937646114,12.071594194716274,11.931226263147932,11.978015899658203,38354,0.0,0.0
2010-07-07 00:00:00+08:00,11.978011883493547,12.211957053716898,11.931222262671591,12.001405715942383,36162,0.0,0.0
2010-07-08 00:00:00+08:00,12.071591569016055,12.39911504149821,12.071591569016055,12.352326393127441,96433,0.0,0.0
2010-07-09 00:00:00+08:00,12.445904366336485,12.679849558447659,12.39911474113691,12.586271286010742,124925,0.0,0.0
2010-07-12 00:00:00+08:00,12.399114012252841,12.539480923675605,12.258747100830078,12.258747100830078,33971,0.0,0.0
2010-07-13 00:00:00+08:00,12.305536339209842,12.305536339209842,12.094985961914062,12.094985961914062,31779,0.0,0.0
2010-07-14 00:00:00+08:00,12.211960070401558,12.282143541009566,12.165171415983682,12.188565254211426,59175,0.0,0.0
2010-07-15 00:00:00+08:00,12.141775131225584,12.211958593344786,12.118380317865096,12.141775131225586,39450,0.0,0.0
2010-07-16 00:00:00+08:00,12.14177490296068,12.25874798960177,12.14177490296068,12.165169715881348,20820,0.0,0.0
2010-07-19 00:00:00+08:00,12.118380057759659,12.118380057759659,11.767461776733397,11.767461776733398,38354,0.0,0.0
2010-07-20 00:00:00+08:00,11.767462191325055,12.024802207946777,11.767462191325055,12.024802207946777,5479,0.0,0.0
2010-07-21 00:00:00+08:00,12.024800376704011,12.118378639221193,12.024800376704011,12.118378639221191,35066,0.0,0.0
2010-07-22 00:00:00+08:00,12.258749126159428,12.258749126159428,12.048197746276855,12.048197746276855,4383,0.0,0.0
2010-07-23 00:00:00+08:00,12.071591669106384,12.258748220065764,12.048196855745894,12.141775131225586,42737,0.0,0.0
2010-07-26 00:00:00+08:00,12.165171415983682,12.399116643997836,12.165171415983682,12.188565254211426,71229,0.0,0.0
2010-07-27 00:00:00+08:00,12.211957478381038,12.375719201028321,12.165168833894176,12.258747100830078,82188,0.0,0.0
2010-07-28 00:00:00+08:00,12.25874807187083,13.007373288696016,12.211958445715487,12.96058464050293,482169,0.0,0.0
2010-07-29 00:00:00+08:00,12.913794424681637,13.007372694757123,12.586270968398539,12.82021713256836,214784,0.0,0.0
2010-07-30 00:00:00+08:00,12.820216495959265,13.194528579711912,12.679848608835131,13.194528579711914,196155,0.0,0.0
2010-08-02 00:00:00+08:00,13.615630441723106,13.779391173891332,13.241317402589724,13.381684303283691,330943,0.0,0.0
2010-08-03 00:00:00+08:00,13.3348980570302,13.52205363224385,13.030768413628744,13.428476333618164,213688,0.0,0.0
2010-08-04 00:00:00+08:00,13.568842317874228,13.568842317874228,13.100950967404929,13.124345779418945,173142,0.0,0.0
2010-08-05 00:00:00+08:00,13.12434490196773,13.381684883030374,12.703243203679962,12.913793563842773,157800,0.0,0.0
2010-08-06 00:00:00+08:00,12.843610399590762,13.334896540288122,12.49269214679072,13.288106918334961,174238,0.0,0.0
2010-08-09 00:00:00+08:00,13.381685184279117,13.545446905190849,13.171133841414225,13.288106918334961,229030,0.0,0.0
2010-08-10 00:00:00+08:00,13.194526496424398,13.241316110732205,12.91379174446358,13.007369995117188,112871,0.0,0.0
2010-08-11 00:00:00+08:00,12.960585418198802,13.147741978125934,12.679850578308105,12.679850578308105,179717,0.0,0.0
2010-08-12 00:00:00+08:00,12.633060455322266,12.843610827235539,12.633060455322266,12.633060455322266,83283,0.0,0.0
2010-08-13 00:00:00+08:00,12.633060157002076,12.867005335146452,12.56287670135498,12.56287670135498,81092,0.0,0.0
2010-08-16 00:00:00+08:00,13.124347401966505,13.124347401966505,12.53948289708322,12.656455993652344,44929,0.0,0.0
2010-08-17 00:00:00+08:00,12.726638851472506,13.522053718566895,12.67985020186097,13.522053718566895,581891,0.0,0.0
2010-08-18 00:00:00+08:00,13.755999455007155,14.457836022186381,13.66242118085244,14.270679473876953,1621843,0.0,0.0
2010-08-19 00:00:00+08:00,14.270678742470295,14.411046635489301,13.779392583847084,13.943155288696289,596137,0.0,0.0
2010-08-20 00:00:00+08:00,13.943155003995532,14.083521916186228,13.568841934204102,13.568841934204102,224647,0.0,0.0
2010-08-23 00:00:00+08:00,13.802788173131825,14.481229882654581,13.662420282151889,13.966548919677734,519428,0.0,0.0
2010-08-24 00:00:00+08:00,14.177102469490842,14.177102469490842,13.802790317309066,14.036735534667969,254234,0.0,0.0
2010-08-25 00:00:00+08:00,13.802789528085249,13.989945104493678,13.194530237399288,13.522053718566895,275055,0.0,0.0
2010-08-26 00:00:00+08:00,13.522053739569378,13.615632994862368,13.054162352915865,13.217925071716309,138075,0.0,0.0
2010-08-27 00:00:00+08:00,13.311504133467576,13.84957901533623,13.100952752575548,13.334898948669434,123829,0.0,0.0
2010-08-30 00:00:00+08:00,13.428476333618164,13.615632886794094,13.381686706343043,13.428476333618164,156705,0.0,0.0
2010-08-31 00:00:00+08:00,13.662423609163866,13.662423609163866,12.679852044881661,12.726640701293945,232318,0.0,0.0
2010-09-01 00:00:00+08:00,12.96058457576086,13.007373223720224,12.867006301879883,12.867006301879883,76708,0.0,0.0
2010-09-02 00:00:00+08:00,13.100951497601203,13.100951497601203,12.773428027998904,12.867006301879883,92050,0.0,0.0
2010-09-03 00:00:00+08:00,13.007374816770044,13.100953102111818,12.890402693564603,13.100953102111816,81092,0.0,0.0
2010-09-06 00:00:00+08:00,13.124344333370015,13.405079112720053,13.100949523933654,13.381684303283691,155609,0.0,0.0
2010-09-07 00:00:00+08:00,13.381687601110803,13.545449351599117,13.334898948669434,13.334898948669434,119446,0.0,0.0
2010-09-08 00:00:00+08:00,13.381684371457558,13.381684371457558,13.147739209788398,13.171133041381836,63558,0.0,0.0
2010-09-09 00:00:00+08:00,13.241318274343968,13.498658261199854,13.194528652390805,13.288106918334961,150130,0.0,0.0
2010-09-10 00:00:00+08:00,13.405079921417034,13.405079921417034,13.124345125130926,13.194528579711914,99721,0.0,0.0
2010-09-13 00:00:00+08:00,13.451871068754032,13.52205453639726,13.334898948669434,13.334898948669434,87667,0.0,0.0
2010-09-14 00:00:00+08:00,13.358290587955876,13.802788091804837,13.358290587955876,13.568841934204102,119446,0.0,0.0
2010-09-15 00:00:00+08:00,13.568843259518973,13.709210185419781,13.405081519980603,13.428476333618164,58079,0.0,0.0
2010-09-16 00:00:00+08:00,13.42847516950166,13.42847516950166,13.147740364074705,13.147740364074707,60271,0.0,0.0
2010-09-17 00:00:00+08:00,13.241319885539557,13.381686812554468,13.194530257893062,13.217925071716309,81092,0.0,0.0
2010-09-20 00:00:00+08:00,13.194528652390805,13.522052094214267,13.194528652390805,13.288106918334961,33971,0.0,0.0
2010-09-21 00:00:00+08:00,13.381687451415807,13.545449200072191,13.334898799497841,13.451870918273926,123829,0.0,0.0
2010-09-23 00:00:00+08:00,13.47526588395589,13.47526588395589,13.241320665824349,13.334898948669434,64654,0.0,0.0
2010-09-24 00:00:00+08:00,13.17113806197536,13.288111176378978,13.17113806197536,13.24132251739502,53696,0.0,0.0
2010-09-27 00:00:00+08:00,13.334900813325415,13.334900813325415,13.24132251739502,13.24132251739502,103008,0.0,0.0
2010-09-28 00:00:00+08:00,13.241319885539557,13.33489816287026,13.21792507171631,13.217925071716309,59175,0.0,0.0
2010-09-29 00:00:00+08:00,13.52205426927764,13.52205426927764,13.241320404250448,13.264714241027832,78900,0.0,0.0
2010-09-30 00:00:00+08:00,13.311503410339355,13.498659965862517,13.288108596408387,13.311503410339355,44929,0.0,0.0
2010-10-01 00:00:00+08:00,13.381686439146993,13.568842988585914,13.334897790768393,13.358291625976562,141363,0.0,0.0
2010-10-04 00:00:00+08:00,13.358293142311105,13.405082773963176,13.100953102111818,13.100953102111816,199442,0.0,0.0
2010-10-05 00:00:00+08:00,13.007371827680293,13.100950091517813,12.867004920905085,12.913793563842773,61367,0.0,0.0
2010-10-06 00:00:00+08:00,12.983979141394475,12.983979141394475,12.890401840209961,12.890401840209961,56983,0.0,0.0
2010-10-07 00:00:00+08:00,12.84361164021096,13.05416202545166,12.84361164021096,13.05416202545166,31779,0.0,0.0
2010-10-08 00:00:00+08:00,12.913793563842773,12.93718837429269,12.867004920905085,12.913793563842773,36162,0.0,0.0
2010-10-11 00:00:00+08:00,12.960583184742607,13.007371827680293,12.867004920905085,12.913793563842773,40546,0.0,0.0
2010-10-12 00:00:00+08:00,13.007373288696016,13.171135024315205,12.960584640502928,12.96058464050293,35066,0.0,0.0
2010-10-13 00:00:00+08:00,13.171136220218775,13.66242244964606,13.171136220218775,13.334898948669434,74517,0.0,0.0
2010-10-14 00:00:00+08:00,13.568844166800975,13.61563379720469,13.241320665824349,13.334898948669434,121638,0.0,0.0
2010-10-15 00:00:00+08:00,13.334894589897434,13.522050116449805,12.983975410461426,12.983975410461426,54792,0.0,0.0
2010-10-18 00:00:00+08:00,13.007372186651555,13.007372186651555,12.562876643609039,12.77342700958252,85475,0.0,0.0
2010-10-19 00:00:00+08:00,12.773427369931115,12.773427369931115,12.586270831811182,12.633060455322266,69037,0.0,0.0
2010-10-20 00:00:00+08:00,12.60966609861053,12.633060911210318,12.492693013573826,12.586271286010742,96433,0.0,0.0
2010-10-21 00:00:00+08:00,12.633060911210318,12.633060911210318,12.56287745137319,12.586271286010742,93146,0.0,0.0
2010-10-22 00:00:00+08:00,12.633060455322266,12.633060455322266,12.586270831811182,12.633060455322266,65750,0.0,0.0
2010-10-25 00:00:00+08:00,12.633060455322266,12.983977741844388,12.633060455322266,12.633060455322266,24108,0.0,0.0
2010-10-26 00:00:00+08:00,12.679849817457638,12.960584640502928,12.679849817457638,12.96058464050293,65750,0.0,0.0
2010-10-27 00:00:00+08:00,12.867006366154499,13.217924650470549,12.867006366154499,12.96058464050293,64654,0.0,0.0
2010-10-28 00:00:00+08:00,13.054161936889104,13.147741189199788,12.960584640502928,12.96058464050293,63558,0.0,0.0
2010-10-29 00:00:00+08:00,12.750033215038098,13.100951497601203,12.750033215038098,12.867006301879883,64654,0.0,0.0
2010-11-01 00:00:00+08:00,12.960586917242638,12.960586917242638,12.63306338846938,12.726640701293945,56983,0.0,0.0
2010-11-02 00:00:00+08:00,12.750032558175572,12.750032558175572,12.258747379082399,12.633060455322266,103008,0.0,0.0
2010-11-03 00:00:00+08:00,12.539480562469759,12.539480562469759,12.118378862369328,12.399113655090332,113967,0.0,0.0
2010-11-04 00:00:00+08:00,12.258747623659227,12.352325894586194,12.094985894027593,12.305536270141602,76708,0.0,0.0
2010-11-05 00:00:00+08:00,12.3055362701416,12.328931082363898,12.165169352732262,12.305536270141602,25204,0.0,0.0
2010-11-08 00:00:00+08:00,12.165170522723265,12.282142639160156,12.094987057268668,12.282142639160156,25,0.0,0.0
2010-11-09 00:00:00+08:00,12.165169352732262,12.3055362701416,11.697277998097432,12.305536270141602,53696,0.0,0.0
2010-11-10 00:00:00+08:00,12.071591081805295,12.3055362701416,11.931223186433737,12.305536270141602,77804,0.0,0.0
2010-11-11 00:00:00+08:00,12.282143185651888,12.633062484463593,12.282143185651888,12.422511100769043,59175,0.0,0.0
2010-11-12 00:00:00+08:00,12.328929854210667,12.726636732560815,12.305535044318859,12.539480209350586,32875,0.0,0.0
2010-11-15 00:00:00+08:00,12.492692267745708,12.56287670135498,12.211957467195148,12.56287670135498,10958,0.0,0.0
2010-11-16 00:00:00+08:00,12.56287635098253,12.56287635098253,12.399113655090332,12.399113655090332,16437,0.0,0.0
2010-11-17 00:00:00+08:00,12.165168483470572,12.516086729881287,12.165168483470572,12.399113655090332,17533,0.0,0.0
2010-11-18 00:00:00+08:00,12.46929850303549,12.46929850303549,12.352326393127441,12.352326393127441,32875,0.0,0.0
2010-11-19 00:00:00+08:00,12.375720228331696,12.445904667831238,12.352326393127441,12.352326393127441,39450,0.0,0.0
2010-11-22 00:00:00+08:00,12.399114000895521,12.56287670135498,12.352325356451518,12.56287670135498,15341,0.0,0.0
2010-11-23 00:00:00+08:00,12.539483222410587,12.562879015886196,12.39911628525579,12.422511100769043,56983,0.0,0.0
2010-11-24 00:00:00+08:00,12.445905916282294,12.445905916282294,12.305538001165141,12.422511100769043,25204,0.0,0.0
2010-11-25 00:00:00+08:00,12.586272853437091,12.586272853437091,12.39911628525579,12.422511100769043,20820,0.0,0.0
2010-11-26 00:00:00+08:00,12.445904898510028,12.469298734147875,12.258748345633581,12.32893180847168,40546,0.0,0.0
2010-11-29 00:00:00+08:00,12.562875997204516,12.67984809073932,12.399113305923974,12.539480209350586,55887,0.0,0.0
2010-11-30 00:00:00+08:00,12.633060108893442,12.633060108893442,12.44590357590579,12.469297409057617,42737,0.0,0.0
2010-12-01 00:00:00+08:00,12.49269485473633,12.49269485473633,12.352327914374914,12.492694854736328,29587,0.0,0.0
2010-12-02 00:00:00+08:00,12.586272526895801,12.773429090221466,12.492694245232968,12.656455993652344,132596,0.0,0.0
2010-12-03 00:00:00+08:00,12.726637746420032,12.726637746420032,12.492692562751214,12.633060455322266,85475,0.0,0.0
2010-12-06 00:00:00+08:00,12.679849100871149,12.867005638991081,12.633060455322266,12.633060455322266,46025,0.0,0.0
2010-12-07 00:00:00+08:00,12.633060455322266,12.633060455322266,12.492692562751214,12.633060455322266,36162,0.0,0.0
2010-12-08 00:00:00+08:00,12.75003466165683,12.75003466165683,12.399116339278537,12.51608943939209,46025,0.0,0.0
2010-12-09 00:00:00+08:00,12.516086377420898,12.65645328084751,12.399113305923974,12.539480209350586,97529,0.0,0.0
2010-12-10 00:00:00+08:00,12.656457227694307,12.7500355184813,12.58627375409467,12.726640701293945,42737,0.0,0.0
2010-12-13 00:00:00+08:00,12.89040160518955,13.61563301086426,12.867006791338808,13.615633010864258,324368,0.0,0.0
2010-12-14 00:00:00+08:00,14.551414489746094,14.551414489746094,14.317469290231035,14.551414489746094,2022920,0.0,0.0
2010-12-15 00:00:00+08:00,14.551410924359347,14.832145681769145,14.317465782165527,14.317465782165527,1135290,0.0,0.0
2010-12-16 00:00:00+08:00,14.294072276518836,15.300038337707521,14.270677466779953,15.30003833770752,1403771,0.0,0.0
2010-12-17 00:00:00+08:00,15.440406961623761,16.35279486353857,15.019305229187013,15.019305229187012,2306743,0.0,0.0
2010-12-20 00:00:00+08:00,15.019304429781265,15.300039229117667,14.644991363999393,14.902331352233887,538057,0.0,0.0
2010-12-21 00:00:00+08:00,14.949120764252543,15.931692123413086,14.925726929911313,15.931692123413086,902972,0.0,0.0
2010-12-22 00:00:00+08:00,15.814717993535691,16.797289226927074,15.580772834332828,16.352792739868164,1195,0.0,0.0
2010-12-23 00:00:00+08:00,16.2826105322003,16.610133975665434,15.791324389040431,15.814719200134277,641066,0.0,0.0
2010-12-24 00:00:00+08:00,15.814717821949081,16.142241236871943,15.533983047174303,15.861506462097168,436144,0.0,0.0
2010-12-27 00:00:00+08:00,15.767931975358083,15.884904085432938,15.440407524446611,15.463802337646484,305739,0.0,0.0
2010-12-28 00:00:00+08:00,15.463802043983756,15.814720323468789,15.393618583679197,15.3936185836792,351764,0.0,0.0
2010-12-29 00:00:00+08:00,15.346828096664344,15.346828096664344,14.364256773671052,14.574808120727539,379160,0.0,0.0
2010-12-30 00:00:00+08:00,13.94315450603462,14.715174451436162,13.94315450603462,14.434439659118652,177526,0.0,0.0
2010-12-31 00:00:00+08:00,14.294073987789794,14.738570536232631,14.294073987789794,14.504624366760254,117254,0.0,0.0
2011-01-03 00:00:00+08:00,15.510592460632324,15.510592460632324,15.510592460632324,15.510592460632324,573124,0.0,0.0
2011-01-04 00:00:00+08:00,15.510592460632324,15.861510780142229,15.440408992322816,15.510592460632324,270672,0.0,0.0
2011-01-05 00:00:00+08:00,15.510590350872887,15.814719976129348,14.738570348554175,14.925726890563965,170951,0.0,0.0
2011-01-06 00:00:00+08:00,14.972517967224121,15.159674539610661,14.808756210876494,14.972517967224121,177526,0.0,0.0
2011-01-07 00:00:00+08:00,14.972517967224121,15.767933888848104,14.878939681030852,14.972517967224121,193963,0.0,0.0
2011-01-10 00:00:00+08:00,15.440406727912592,15.697746725948878,14.972515377863797,15.042699813842773,249851,0.0,0.0
2011-01-11 00:00:00+08:00,15.300038180525538,15.300038180525538,15.042698209927908,15.112881660461426,147938,0.0,0.0
2011-01-12 00:00:00+08:00,15.066092337647216,15.183065409477376,14.878935813903809,14.878935813903809,166567,0.0,0.0
2011-01-13 00:00:00+08:00,14.972515727742774,14.972515727742774,14.504624366760254,14.504624366760254,208209,0.0,0.0
2011-01-14 00:00:00+08:00,14.504624670282611,14.785360470709007,14.247284660847711,14.270679473876953,210401,0.0,0.0
2011-01-17 00:00:00+08:00,14.457837374485976,14.457837374485976,14.083524242856111,14.130313873291016,302451,0.0,0.0
2011-01-18 00:00:00+08:00,14.130309277225663,14.364254419419481,14.130309277225663,14.317465782165527,403269,0.0,0.0
2011-01-19 00:00:00+08:00,14.411048044720847,14.457836694994427,14.200496673583984,14.200496673583984,87667,0.0,0.0
2011-01-20 00:00:00+08:00,14.270678905456924,14.270678905456924,13.802788531282301,13.82618236541748,163280,0.0,0.0
2011-01-21 00:00:00+08:00,13.849576818150343,14.106916810657673,13.849576818150343,13.966548919677734,81092,0.0,0.0
2011-01-24 00:00:00+08:00,13.966549282077425,13.966549282077425,13.77939274122269,13.82618236541748,55887,0.0,0.0
2011-01-25 00:00:00+08:00,13.826184154471319,14.153707654366249,13.826184154471319,14.036735534667969,63558,0.0,0.0
2011-01-26 00:00:00+08:00,14.036735534667969,14.083524186954813,13.872973784720504,14.036735534667969,56983,0.0,0.0
2011-01-27 00:00:00+08:00,14.130313817203998,14.223892099740027,14.036735534667969,14.036735534667969,92050,0.0,0.0
2011-01-28 00:00:00+08:00,14.036735534667969,14.130313817203998,13.96655108929419,14.036735534667969,123829,0.0,0.0
2011-02-08 00:00:00+08:00,13.96655108929419,14.036735534667969,13.94315725213194,14.036735534667969,36162,0.0,0.0
2011-02-09 00:00:00+08:00,14.036735534667969,14.083524186954813,13.919762437007348,14.036735534667969,65750,0.0,0.0
2011-02-10 00:00:00+08:00,14.036734148962985,14.106917609445917,14.036734148962985,14.08352279663086,88763,0.0,0.0
2011-02-11 00:00:00+08:00,14.177100473111693,14.270678742470295,13.94315528869629,13.943155288696289,184101,0.0,0.0
2011-02-14 00:00:00+08:00,13.288107131860528,13.849576736547675,13.288107131860528,13.568841934204102,151225,0.0,0.0
2011-02-15 00:00:00+08:00,13.709208846394796,13.755998469099817,13.568841934204102,13.568841934204102,46025,0.0,0.0
2011-02-16 00:00:00+08:00,13.568841133918589,13.872970729677215,13.568841133918589,13.755997657775879,54792,0.0,0.0
2011-02-17 00:00:00+08:00,13.756000023806186,13.756000023806186,13.615633095751187,13.709210395812988,82188,0.0,0.0
2011-02-18 00:00:00+08:00,13.615631627840562,14.013338533094197,13.592236816366174,13.662420272827148,78900,0.0,0.0
2011-02-21 00:00:00+08:00,13.639025390299448,13.639025390299448,13.568841934204102,13.568841934204102,55887,0.0,0.0
2011-02-22 00:00:00+08:00,13.568840822850381,13.568840822850381,13.241317402589724,13.381684303283691,126021,0.0,0.0
2011-02-23 00:00:00+08:00,13.334899304447438,13.428477589789214,13.100953102111818,13.100953102111816,173142,0.0,0.0
2011-02-24 00:00:00+08:00,13.10095031428321,13.194528579711912,12.960583405121238,13.194528579711914,36162,0.0,0.0
2011-02-25 00:00:00+08:00,13.241318274343968,13.428474806232279,13.194528652390805,13.288106918334961,54792,0.0,0.0
2011-03-01 00:00:00+08:00,13.475268018317385,14.083526464171944,13.475268018317385,13.8027925491333,121638,0.0,0.0
2011-03-02 00:00:00+08:00,13.568846315984432,13.849581208985574,13.568846315984432,13.8027925491333,54792,0.0,0.0
2011-03-03 00:00:00+08:00,13.896365595537443,13.98994386442804,13.802788304609042,13.849576950073242,76708,0.0,0.0
2011-03-04 00:00:00+08:00,13.989944556008778,13.989944556008778,13.732604548328801,13.779393196105957,79996,0.0,0.0
2011-03-07 00:00:00+08:00,13.943154503849662,14.738569259643553,13.919759693336331,14.738569259643555,357243,0.0,0.0
2011-03-08 00:00:00+08:00,15.627564235313915,15.627564235313915,14.551414552566673,14.64499282836914,919409,0.0,0.0
2011-03-09 00:00:00+08:00,14.73857014053003,14.878937056075085,14.270678792109504,14.340863227844238,253139,0.0,0.0
2011-03-10 00:00:00+08:00,14.270680249402519,14.270680249402519,13.943156761043216,13.989945411682129,141363,0.0,0.0
2011-03-11 00:00:00+08:00,13.33489998528777,13.919763565063477,13.33489998528777,13.919763565063477,88763,0.0,0.0
2011-03-14 00:00:00+08:00,13.615631556909122,13.66242020165196,13.381685399308386,13.568841934204102,158896,0.0,0.0
2011-03-15 00:00:00+08:00,13.475263898899762,13.522052544448645,12.633060455322266,12.633060455322266,455869,0.0,0.0
2011-03-16 00:00:00+08:00,12.703243770623862,12.773427227143744,12.165168974034458,12.445903778076172,295876,0.0,0.0
2011-03-17 00:00:00+08:00,12.399113655090332,12.820216333152912,12.165168483470572,12.399113655090332,166567,0.0,0.0
2011-03-18 00:00:00+08:00,12.633062156708384,12.820218720034049,12.492694245232968,12.656455993652344,156705,0.0,0.0
2011-03-21 00:00:00+08:00,12.890397915271684,13.100948245770793,12.820214471771981,13.007369995117188,89858,0.0,0.0
2011-03-22 00:00:00+08:00,13.147742235901308,13.662422296810607,13.147742235901308,13.451870918273926,189580,0.0,0.0
2011-03-23 00:00:00+08:00,13.451871068754032,13.451871068754032,13.171136220218775,13.334898948669434,86571,0.0,0.0
2011-03-24 00:00:00+08:00,13.568844166800975,13.709211102087432,13.334898948669434,13.334898948669434,134788,0.0,0.0
2011-03-25 00:00:00+08:00,13.405079112720053,13.405079112720053,13.241317402589724,13.381684303283691,99721,0.0,0.0
2011-03-28 00:00:00+08:00,13.381689472309374,13.52205642722373,13.24132251739502,13.24132251739502,111775,0.0,0.0
2011-03-29 00:00:00+08:00,13.288106918334961,13.451868639246692,13.10095038644665,13.288106918334961,44929,0.0,0.0
2011-03-30 00:00:00+08:00,13.334898178542215,13.802789565745622,13.334898178542215,13.615633010864258,164376,0.0,0.0
2011-03-31 00:00:00+08:00,13.802789565745622,13.802789565745622,13.428476455982896,13.615633010864258,36162,0.0,0.0
2011-04-01 00:00:00+08:00,13.709208917813733,13.709208917813733,13.451868925482042,13.662420272827148,67942,0.0,0.0
2011-04-06 00:00:00+08:00,13.709208917813733,13.943155076633225,13.662420272827147,13.662420272827148,44929,0.0,0.0
2011-04-07 00:00:00+08:00,14.036735534667969,14.294075567151463,13.94315725213194,14.036735534667969,307931,0.0,0.0
2011-04-08 00:00:00+08:00,14.036732293184889,14.036732293184889,13.802787129850618,13.872970581054688,168759,0.0,0.0
2011-04-11 00:00:00+08:00,13.80278816371128,13.943155076633225,13.615631627840562,13.662420272827148,135884,0.0,0.0
2011-04-12 00:00:00+08:00,13.615632280092424,13.896366119384766,13.615632280092424,13.896366119384766,103008,0.0,0.0
2011-04-13 00:00:00+08:00,13.849577177514877,13.896365823747454,13.732604094990114,13.82618236541748,41641,0.0,0.0
2011-04-14 00:00:00+08:00,13.755998749979085,13.98994393439449,13.732603938148884,13.943155288696289,97529,0.0,0.0
2011-04-15 00:00:00+08:00,14.036733558054893,14.036733558054893,13.896365665035887,13.943155288696289,62462,0.0,0.0
2011-04-18 00:00:00+08:00,13.943158382083983,14.036736672203585,13.919763565063477,13.919763565063477,66846,0.0,0.0
2011-04-19 00:00:00+08:00,13.802787277721263,13.989942823616426,13.755997657775877,13.755997657775879,65750,0.0,0.0
2011-04-20 00:00:00+08:00,13.802789664572893,14.71517665369932,13.802789664572893,14.106918334960938,451486,0.0,0.0
2011-04-21 00:00:00+08:00,14.130312422260976,14.223890695558968,14.036734148962985,14.08352279663086,141363,0.0,0.0
2011-04-22 00:00:00+08:00,14.036733269409238,14.247283637664767,14.036733269409238,14.17710018157959,134788,0.0,0.0
2011-04-25 00:00:00+08:00,14.270680752026871,14.317470382276056,13.96655108929419,14.036735534667969,196155,0.0,0.0
2011-04-26 00:00:00+08:00,14.036735534667969,14.083524186954813,14.013340719543377,14.036735534667969,153417,0.0,0.0
2011-04-27 00:00:00+08:00,14.036735534667969,14.083524186954813,14.013340719543377,14.036735534667969,180813,0.0,0.0
2011-04-28 00:00:00+08:00,14.083521999167317,14.083521999167317,13.966548919677736,13.966548919677734,140267,0.0,0.0
2011-04-29 00:00:00+08:00,13.966548835361877,14.17710018157959,13.919760190625821,14.17710018157959,152321,0.0,0.0
2011-05-03 00:00:00+08:00,14.177099347473716,14.177099347473716,13.217922896176702,13.755997657775879,224647,0.0,0.0
2011-05-04 00:00:00+08:00,13.709206182733674,14.364253927594701,13.615628911429807,14.060125350952148,563261,0.0,0.0
2011-05-05 00:00:00+08:00,14.083524186954813,14.083524186954813,13.802790317309066,14.036735534667969,236701,0.0,0.0
2011-05-06 00:00:00+08:00,13.98994393439449,14.083522203753091,13.802788373639489,13.943155288696289,209305,0.0,0.0
2011-05-09 00:00:00+08:00,14.036733558054893,14.130311827413495,13.802788373639489,13.943155288696289,432856,0.0,0.0
2011-05-10 00:00:00+08:00,13.943155003995532,13.943155003995532,13.498658478108753,13.568841934204102,585178,0.0,0.0
2011-05-11 00:00:00+08:00,13.568843259518973,13.568843259518973,13.194530153167113,13.428476333618164,398885,0.0,0.0
2011-05-12 00:00:00+08:00,13.381685176123296,13.80278786159643,13.288106910236174,13.592236518859863,132596,0.0,0.0
2011-05-13 00:00:00+08:00,14.317469515601204,14.528019905090332,14.317469515601204,14.528019905090332,366010,0.0,0.0
2011-05-16 00:00:00+08:00,15.206464171688486,15.487198052305915,14.78536237279996,14.972517967224121,1891420,0.0,0.0
2011-05-17 00:00:00+08:00,15.11288181572069,15.463800049955468,14.785358391224795,15.30003833770752,1010364,0.0,0.0
2011-05-18 00:00:00+08:00,15.440410041958032,15.440410041958032,14.715178538213213,14.808756828308105,843796,0.0,0.0
2011-05-19 00:00:00+08:00,14.97251548990608,15.838114738464355,14.97251548990608,15.838114738464355,2184009,0.0,0.0
2011-05-20 00:00:00+08:00,16.14224338480027,16.282611279846414,15.557379926334283,15.838114738464355,2411944,0.0,0.0
2011-05-23 00:00:00+08:00,15.838114011228122,16.235820910012613,15.744534766852743,15.814719200134277,2073329,0.0,0.0
2011-05-24 00:00:00+08:00,15.838113327284836,15.908296779573437,15.019303776018798,15.276643753051758,1066252,0.0,0.0
2011-05-25 00:00:00+08:00,15.276647641842843,15.487198052305915,14.832151026915406,14.972517967224121,592849,0.0,0.0
2011-05-26 00:00:00+08:00,14.972515377863797,15.4170119159196,14.972515377863797,15.042699813842773,623533,0.0,0.0
2011-05-27 00:00:00+08:00,15.206461906433105,15.674352289737023,15.159672281325374,15.206461906433105,710104,0.0,0.0
2011-05-30 00:00:00+08:00,15.206459920493481,15.393616440557595,15.066092041464342,15.112881660461426,350668,0.0,0.0
2011-05-31 00:00:00+08:00,15.300038486297018,15.323433296263104,15.019303700590358,15.183065414428711,401077,0.0,0.0
2011-06-01 00:00:00+08:00,15.206460524355926,15.838113560165304,15.206460524355926,15.557378768920898,941326,0.0,0.0
2011-06-02 00:00:00+08:00,15.393619527588541,15.440408178006496,14.925728133597483,14.995911598205566,742979,0.0,0.0
2011-06-03 00:00:00+08:00,15.066094009072144,15.27664536613247,15.066094009072144,15.206461906433105,357243,0.0,0.0
2011-06-07 00:00:00+08:00,15.112883988779542,15.627564009267335,15.019305714330647,15.370223999023438,327656,0.0,0.0
2011-06-08 00:00:00+08:00,15.440407752990724,15.90829913410251,15.393619103860683,15.440407752990723,635587,0.0,0.0
2011-06-09 00:00:00+08:00,15.44040903446991,16.189035306381122,15.44040903446991,16.00187873840332,1077210,0.0,0.0
2011-06-10 00:00:00+08:00,16.235824861595983,16.235824861595983,15.253253314093596,15.417015075683594,829550,0.0,0.0
2011-06-13 00:00:00+08:00,15.417010809338235,15.417010809338235,15.112882187107507,15.15967082977295,325464,0.0,0.0
2011-06-14 00:00:00+08:00,15.346829351201333,15.346829351201333,14.832149325170594,15.253251075744629,264097,0.0,0.0
2011-06-15 00:00:00+08:00,15.253250350099982,15.253250350099982,14.832148619559069,14.925726890563965,636683,0.0,0.0
2011-06-16 00:00:00+08:00,14.69178121859204,14.785360470709007,14.270679473876953,14.270679473876953,436144,0.0,0.0
2011-06-17 00:00:00+08:00,14.27067937588591,14.621597657065909,14.27067937588591,14.481230735778809,201634,0.0,0.0
2011-06-20 00:00:00+08:00,14.411048157243867,14.481231622183387,13.872973296103696,13.989945411682129,357243,0.0,0.0
2011-06-21 00:00:00+08:00,14.036734117563833,14.387652397155762,13.849577571386506,14.387652397155762,149034,0.0,0.0
2011-06-22 00:00:00+08:00,14.504624366760254,14.66838707657581,14.364257447446613,14.504624366760254,243276,0.0,0.0
2011-06-23 00:00:00+08:00,14.434437864281424,14.504621309143367,14.177097914479615,14.317465782165527,78900,0.0,0.0
2011-06-24 00:00:00+08:00,14.27067829376379,14.340862727047616,14.130311383120482,14.294073104858398,30683,0.0,0.0
2011-06-27 00:00:00+08:00,14.130312551626009,14.270679473876953,14.083522925567525,14.270679473876953,79996,0.0,0.0
2011-06-28 00:00:00+08:00,14.4344435836,14.4344435836,14.177103531833074,14.223893165588379,50408,0.0,0.0
2011-06-29 00:00:00+08:00,14.270678590463847,14.387651670406692,14.223889945264025,14.364256858825684,49312,0.0,0.0
2011-06-30 00:00:00+08:00,14.36426011092946,14.36426011092946,14.223893165588377,14.223893165588379,33971,0.0,0.0
2011-07-01 00:00:00+08:00,14.504627056270541,14.504627056270541,14.177103531833074,14.223893165588379,144650,0.0,0.0
2011-07-04 00:00:00+08:00,14.223890695558968,14.434441077007765,14.08352279663086,14.08352279663086,195059,0.0,0.0
2011-07-05 00:00:00+08:00,14.036735040283347,14.177101970162388,13.966550597381518,13.989945411682129,133692,0.0,0.0
2011-07-06 00:00:00+08:00,14.504626409562336,14.94912302060717,14.504626409562336,14.785362243652344,1533080,0.0,0.0
2011-07-07 00:00:00+08:00,14.691781413862675,14.691781413862675,14.387652752289325,14.551414489746094,618053,0.0,0.0
2011-07-08 00:00:00+08:00,14.55141101135161,14.738567517410347,14.411044120788572,14.411044120788574,261905,0.0,0.0
2011-07-11 00:00:00+08:00,14.598203822159556,14.644992469934508,14.457835922910208,14.481230735778809,231222,0.0,0.0
2011-07-12 00:00:00+08:00,14.457836694994427,14.598204601739768,14.200496673583984,14.200496673583984,252043,0.0,0.0
2011-07-13 00:00:00+08:00,14.270675678328839,14.270675678328839,14.036730544145184,14.060125350952148,219168,0.0,0.0
2011-07-14 00:00:00+08:00,14.083522203753091,14.223890096772097,13.709209126318683,13.943155288696289,370393,0.0,0.0
2011-07-15 00:00:00+08:00,13.943157104270943,14.177102319148961,13.84957882272727,14.153707504272461,93146,0.0,0.0
2011-07-18 00:00:00+08:00,14.15370750427246,14.317470230445636,14.13031366735829,14.153707504272461,106296,0.0,0.0
2011-07-19 00:00:00+08:00,14.17710119972224,14.41104737409015,14.130312551626009,14.270679473876953,147938,0.0,0.0
2011-07-20 00:00:00+08:00,14.504624366760254,14.551413991839622,14.340863612869162,14.504624366760254,184101,0.0,0.0
2011-07-21 00:00:00+08:00,14.504623112707492,14.598202354775477,14.434439659118652,14.434439659118652,118350,0.0,0.0
2011-07-22 00:00:00+08:00,14.574809303086278,14.668387578484754,14.504624863065722,14.551414489746094,111775,0.0,0.0
2011-07-25 00:00:00+08:00,14.644992570495809,14.644992570495809,14.153706386692997,14.270679473876953,166567,0.0,0.0
2011-07-26 00:00:00+08:00,14.34086318289991,14.364257016775962,14.177100477994301,14.247283935546875,58079,0.0,0.0
2011-07-27 00:00:00+08:00,14.223889945264025,14.364256858825685,14.177100322102008,14.364256858825684,117254,0.0,0.0
2011-07-28 00:00:00+08:00,14.317468936829824,14.551414130570363,14.153706225452982,14.387652397155762,188484,0.0,0.0
2011-07-29 00:00:00+08:00,14.387651670406692,14.55141339554936,14.270678590463847,14.364256858825684,153417,0.0,0.0
2011-08-01 00:00:00+08:00,14.504623628618537,14.504623628618537,14.106916725494413,14.17710018157959,112871,0.0,0.0
2011-08-02 00:00:00+08:00,14.17710018157959,14.364256716448184,14.17710018157959,14.17710018157959,94242,0.0,0.0
2011-08-03 00:00:00+08:00,14.036734930683004,14.364258416484967,13.61563316637158,14.200496673583984,200538,0.0,0.0
2011-08-04 00:00:00+08:00,14.177102469490842,14.270680752026871,14.036735534667969,14.036735534667969,65750,0.0,0.0
2011-08-05 00:00:00+08:00,13.05416272500366,13.568843753973818,13.05416272500366,13.077558517456055,438336,0.0,0.0
2011-08-08 00:00:00+08:00,13.147741278397211,13.989944775284537,12.796822013738185,13.05416202545166,334231,0.0,0.0
2011-08-09 00:00:00+08:00,12.258749030057054,12.960585653547131,12.258749030057054,12.656455993652344,184101,0.0,0.0
2011-08-10 00:00:00+08:00,13.334898142158467,13.522053718566895,13.334898142158467,13.522053718566895,184101,0.0,0.0
2011-08-11 00:00:00+08:00,13.522053718566895,13.849578177696785,13.171135423612379,13.522053718566895,326560,0.0,0.0
2011-08-12 00:00:00+08:00,13.89636986883785,14.03673780431967,13.756002911318527,13.8027925491333,239988,0.0,0.0
2011-08-15 00:00:00+08:00,14.432951650365688,14.432951650365688,14.121448691067224,14.225282669067383,178089,1.242841,1.05837
2011-08-16 00:00:00+08:00,14.432951650365688,14.432951650365688,14.017614713067065,14.225282669067383,105611,0.0,0.0
2011-08-17 00:00:00+08:00,14.043572858478798,14.199323821607456,14.017614364624023,14.017614364624023,76619,0.0,0.0
2011-08-18 00:00:00+08:00,14.017616108084578,14.017616108084578,13.809948131417375,13.913782119750977,103540,0.0,0.0
2011-08-19 00:00:00+08:00,13.498446747824179,13.706115774508094,13.290777721140262,13.316736221313477,119071,0.0,0.0
2011-08-22 00:00:00+08:00,13.342695885378577,13.550363888921375,13.057151355209006,13.083109855651855,112858,0.0,0.0
2011-08-23 00:00:00+08:00,13.238862313624821,13.498448371887205,13.238862313624821,13.498448371887207,106646,0.0,0.0
2011-08-24 00:00:00+08:00,13.550363386348003,13.550363386348003,13.420570888947665,13.446529388427734,63159,0.0,0.0
2011-08-25 00:00:00+08:00,13.602280889807075,13.602280889807075,13.083109855651855,13.083109855651855,94221,0.0,0.0
2011-08-26 00:00:00+08:00,13.290776281959625,13.290776281959625,12.875439298864427,13.005232810974121,84903,0.0,0.0
2011-08-29 00:00:00+08:00,13.031192214741864,13.446529226726492,13.031192214741864,13.290777206420898,48663,0.0,0.0
2011-08-30 00:00:00+08:00,13.446528908769402,13.758030891418457,13.34269491455305,13.758030891418457,145991,0.0,0.0
2011-08-31 00:00:00+08:00,13.758032285058102,13.809950312723538,13.498447273222187,13.732073783874512,157381,0.0,0.0
2011-09-01 00:00:00+08:00,13.783990255763406,13.939741245285594,13.654196739196777,13.654196739196777,142885,0.0,0.0
2011-09-02 00:00:00+08:00,13.654197539752069,13.758031538854722,13.524405040873752,13.550363540649414,122177,0.0,0.0
2011-09-05 00:00:00+08:00,13.550364119906812,13.550364119906812,13.238861083984373,13.238861083984375,85938,0.0,0.0
2011-09-06 00:00:00+08:00,13.238860208085091,13.7061152437037,13.238860208085091,13.290777206420898,53840,0.0,0.0
2011-09-07 00:00:00+08:00,13.316735705588801,13.394611203092511,13.08310921307767,13.290777206420898,127354,0.0,0.0
2011-09-08 00:00:00+08:00,13.472487725894394,13.628238720901816,13.238860208085091,13.290777206420898,99398,0.0,0.0
2011-09-09 00:00:00+08:00,13.446530116365413,13.446530116365413,13.238861083984373,13.238861083984375,62124,0.0,0.0
2011-09-13 00:00:00+08:00,13.238860858308954,13.238860858308954,13.083109855651855,13.083109855651855,103540,0.0,0.0
2011-09-14 00:00:00+08:00,13.238859650541208,13.238859650541208,12.875439652197526,12.92735767364502,85938,0.0,0.0
2011-09-15 00:00:00+08:00,13.186944082213675,13.238861083984373,13.109068579557626,13.238861083984375,69372,0.0,0.0
2011-09-16 00:00:00+08:00,13.602281348155627,13.602281348155627,13.342696334980037,13.394612312316895,75584,0.0,0.0
2011-09-19 00:00:00+08:00,13.394612013785622,13.394612013785622,13.186944007873533,13.186944007873535,41416,0.0,0.0
2011-09-20 00:00:00+08:00,13.186944082213675,13.342696112824013,13.186944082213675,13.238861083984375,36239,0.0,0.0
2011-09-21 00:00:00+08:00,13.26481825774825,13.809947704964063,13.26481825774825,13.602278709411621,198797,0.0,0.0
2011-09-22 00:00:00+08:00,13.446529515253092,13.446529515253092,13.083109493806248,13.160984992980957,126319,0.0,0.0
2011-09-23 00:00:00+08:00,13.083110443597972,13.083110443597972,12.46010537967393,12.771607398986816,139779,0.0,0.0
2011-09-26 00:00:00+08:00,12.693730142224899,12.693730142224899,12.200517654418945,12.200517654418945,123213,0.0,0.0
2011-09-27 00:00:00+08:00,12.22647835904999,12.771606870280866,12.22647835904999,12.356269836425781,94221,0.0,0.0
2011-09-28 00:00:00+08:00,12.408187107008915,13.212901599870765,12.356269083803415,12.901399612426758,494922,0.0,0.0
2011-09-29 00:00:00+08:00,12.90139989110049,12.90139989110049,12.615855371144148,12.71968936920166,74549,0.0,0.0
2011-09-30 00:00:00+08:00,12.719690395768001,12.849483929113308,12.64181489093978,12.771607398986816,35203,0.0,0.0
2011-10-03 00:00:00+08:00,12.51202186493283,12.51202186493283,12.22647835904999,12.356269836425781,107681,0.0,0.0
2011-10-04 00:00:00+08:00,11.96689345443942,12.563940048217773,11.96689345443942,12.563940048217773,42451,0.0,0.0
2011-10-05 00:00:00+08:00,12.563940048217773,12.589898551195166,12.356270999100309,12.563940048217773,13460,0.0,0.0
2011-10-06 00:00:00+08:00,12.771606007749067,13.186943013554325,12.745648534265534,12.797564506530762,98363,0.0,0.0
2011-10-07 00:00:00+08:00,13.03119166594375,13.03119166594375,12.79756415797348,12.92735767364502,73513,0.0,0.0
2011-10-11 00:00:00+08:00,13.18694467349885,13.18694467349885,12.927359653005903,12.979276657104492,61088,0.0,0.0
2011-10-12 00:00:00+08:00,13.031191308336439,13.083108303061076,12.901398821524847,13.005232810974121,49699,0.0,0.0
2011-10-13 00:00:00+08:00,13.005233608241427,13.135026103009764,12.901399612426758,12.901399612426758,74549,0.0,0.0
2011-10-14 00:00:00+08:00,12.875440088174924,12.953316610334092,12.875440088174924,12.901399612426758,44522,0.0,0.0
2011-10-17 00:00:00+08:00,12.901399175570338,13.03119166594375,12.901399175570338,12.92735767364502,39345,0.0,0.0
2011-10-18 00:00:00+08:00,12.823523349127663,12.823523349127663,12.667771339416502,12.667771339416504,21743,0.0,0.0
2011-10-19 00:00:00+08:00,12.719690395768001,12.797565900596224,12.56393938611156,12.771607398986816,66265,0.0,0.0
2011-10-20 00:00:00+08:00,12.771606212162991,12.771606212162991,12.589896717782814,12.61585521697998,11389,0.0,0.0
2011-10-21 00:00:00+08:00,12.64181316133901,12.875439643859863,12.512020671049648,12.875439643859863,42451,0.0,0.0
2011-10-24 00:00:00+08:00,12.875441474729096,13.238861524515247,12.875441474729096,13.212903022766113,96292,0.0,0.0
2011-10-25 00:00:00+08:00,13.290777206420897,13.446529226726492,13.135026211413477,13.290777206420898,95257,0.0,0.0
2011-10-26 00:00:00+08:00,13.186943492705861,13.238860492155668,13.031192494356441,13.160984992980957,34168,0.0,0.0
2011-10-27 00:00:00+08:00,13.186944082213675,13.238861083984373,13.135027080442976,13.238861083984375,73513,0.0,0.0
2011-10-28 00:00:00+08:00,13.47248906555573,13.47248906555573,13.083110514020444,13.212903022766113,65230,0.0,0.0
2011-10-31 00:00:00+08:00,13.394609117480057,13.62823659891231,13.264817667147938,13.524402618408203,199832,0.0,0.0
2011-11-01 00:00:00+08:00,13.550365378480015,13.550365378480015,13.342697352108777,13.498448371887207,69372,0.0,0.0
2011-11-02 00:00:00+08:00,13.342695542444108,13.758031538854722,13.342695542444108,13.550363540649414,93186,0.0,0.0
2011-11-03 00:00:00+08:00,13.550364345520508,13.550364345520508,13.342696334980037,13.394612312316895,99398,0.0,0.0
2011-11-04 00:00:00+08:00,13.420571196532944,13.70611572265625,13.420571196532944,13.70611572265625,136673,0.0,0.0
2011-11-07 00:00:00+08:00,13.70611572265625,13.809949722956285,13.49844669675797,13.70611572265625,103540,0.0,0.0
2011-11-08 00:00:00+08:00,13.706114652214604,14.173367617072504,13.706114652214604,13.939741134643555,229859,0.0,0.0
2011-11-09 00:00:00+08:00,13.913784317457905,13.913784317457905,13.706116307989173,13.732073783874512,126319,0.0,0.0
2011-11-10 00:00:00+08:00,13.498447567304863,13.550364570803131,13.18694452101698,13.212903022766113,125283,0.0,0.0
2011-11-11 00:00:00+08:00,13.420572062057461,13.420572062057461,13.057152012271308,13.212903022766113,39345,0.0,0.0
2011-11-14 00:00:00+08:00,13.394612681507706,13.44653071087208,13.316737175408575,13.36865520477295,14495,0.0,0.0
2011-11-15 00:00:00+08:00,13.368655058559193,13.498447567304863,13.212903022766113,13.212903022766113,96292,0.0,0.0
2011-11-16 00:00:00+08:00,13.212901992430766,13.238860492155668,12.979275494906634,13.160984992980957,139779,0.0,0.0
2011-11-17 00:00:00+08:00,13.109069015769578,13.290778528013515,12.979276507023906,13.212903022766113,38309,0.0,0.0
2011-11-18 00:00:00+08:00,13.083108323149427,13.160983815355955,12.667771339416502,12.667771339416504,158416,0.0,0.0
2011-11-21 00:00:00+08:00,12.771604549561514,12.771604549561514,12.148599624633789,12.148599624633789,59018,0.0,0.0
2011-11-22 00:00:00+08:00,11.992850303649904,12.38222881991535,11.785182308467363,11.992850303649902,143921,0.0,0.0
2011-11-23 00:00:00+08:00,11.992850725019334,12.044767725639076,11.525596694143442,11.577513694763184,70407,0.0,0.0
2011-11-24 00:00:00+08:00,11.577514066094869,11.940934107387442,11.577514066094869,11.889017105102539,35203,0.0,0.0
2011-11-25 00:00:00+08:00,11.889016306058634,12.12264280063899,11.837098281964815,11.992850303649902,32097,0.0,0.0
2011-11-28 00:00:00+08:00,12.09668413740359,12.122642636449825,11.837098121643068,11.837098121643066,143921,0.0,0.0
2011-11-29 00:00:00+08:00,11.889014157383642,12.148599104447609,11.889014157383642,12.122640609741211,69372,0.0,0.0
2011-11-30 00:00:00+08:00,12.14860069560314,12.14860069560314,11.733263700604287,11.914974212646484,65230,0.0,0.0
2011-12-01 00:00:00+08:00,11.889015678098213,12.226477177743801,11.889015678098213,12.200517654418945,140814,0.0,0.0
2011-12-02 00:00:00+08:00,12.096685189962098,12.330312727004818,12.096685189962098,12.27839469909668,31062,0.0,0.0
2011-12-05 00:00:00+08:00,12.200517654418945,12.278393148499127,12.14860065836549,12.200517654418945,16566,0.0,0.0
2011-12-06 00:00:00+08:00,12.200518377147413,12.382228899396715,11.889016382374074,12.044767379760742,59018,0.0,0.0
2011-12-07 00:00:00+08:00,12.200519861945555,12.25243686739272,12.070727348327635,12.070727348327637,162558,0.0,0.0
2011-12-08 00:00:00+08:00,12.174561874688186,12.174561874688186,11.940935340284277,12.096686363220215,75584,0.0,0.0
2011-12-09 00:00:00+08:00,11.837100299695292,12.096686363220217,11.837100299695292,12.096686363220215,76619,0.0,0.0
2011-12-12 00:00:00+08:00,12.278392273031317,12.278392273031317,12.200516784503773,12.252433776855469,60053,0.0,0.0
2011-12-13 00:00:00+08:00,12.096682115034815,12.174557599154005,12.096682115034815,12.122640609741211,61088,0.0,0.0
2011-12-14 00:00:00+08:00,12.200519195181858,12.43414673222458,12.148602192571978,12.27839469909668,93186,0.0,0.0
2011-12-15 00:00:00+08:00,12.278392273031317,12.330310290681068,12.200516784503773,12.252433776855469,59018,0.0,0.0
2011-12-16 00:00:00+08:00,12.330312728881836,12.408188232808511,12.148602194421334,12.330312728881836,53840,0.0,0.0
2011-12-19 00:00:00+08:00,12.330311741283358,12.408187238972582,11.940933227539062,11.940933227539062,128390,0.0,0.0
2011-12-20 00:00:00+08:00,11.94093330485427,12.148601300036809,11.68134728557791,11.992850303649902,136673,0.0,0.0
2011-12-21 00:00:00+08:00,12.356269836425781,12.667772868141652,12.252435834286565,12.356269836425781,167735,0.0,0.0
2011-12-22 00:00:00+08:00,12.382229362258812,12.382229362258812,12.122643331612547,12.356269836425781,56947,0.0,0.0
2011-12-23 00:00:00+08:00,12.408187069259524,12.64181355913177,12.356269046211976,12.5120210647583,201903,0.0,0.0
2011-12-26 00:00:00+08:00,12.563938866002438,12.563938866002438,12.330312361189204,12.356269836425781,66265,0.0,0.0
2011-12-27 00:00:00+08:00,12.408185439434751,12.460102430364802,12.330309953039675,12.382226943969727,61088,0.0,0.0
2011-12-28 00:00:00+08:00,12.408185439434751,12.771604375945106,12.330309953039675,12.382226943969727,42451,0.0,0.0
2011-12-29 00:00:00+08:00,12.330309953039675,12.563936412224903,12.226475971179575,12.382226943969727,19672,0.0,0.0
2011-12-30 00:00:00+08:00,12.5120222361394,12.5120222361394,12.27839469909668,12.27839469909668,42451,0.0,0.0
2012-01-02 00:00:00+08:00,12.200517898863895,12.408186912536621,12.174559400317072,12.408186912536621,45557,0.0,0.0
2012-01-03 00:00:00+08:00,12.356269046211976,12.589896561382382,12.356269046211976,12.5120210647583,19672,0.0,0.0
2012-01-04 00:00:00+08:00,12.667772058006463,12.71968905575585,12.5120210647583,12.5120210647583,26920,0.0,0.0
2012-01-05 00:00:00+08:00,12.512020355003445,12.69372983681868,12.512020355003445,12.667771339416504,18637,0.0,0.0
2012-01-06 00:00:00+08:00,12.667771398925055,13.16098387718144,12.486061916256217,13.057149887084961,107681,0.0,0.0
2012-01-09 00:00:00+08:00,13.394611937677851,13.394611937677851,12.901400426439054,13.135026931762695,95257,0.0,0.0
2012-01-10 00:00:00+08:00,13.083108822653207,13.238859813012725,12.901399333900434,13.0311918258667,63159,0.0,0.0
2012-01-11 00:00:00+08:00,13.031192929396632,13.342695961793051,13.031192929396632,13.135026931762695,144956,0.0,0.0
2012-01-12 00:00:00+08:00,13.031193661203082,13.18694467349885,12.979276657104492,12.979276657104492,72478,0.0,0.0
2012-01-13 00:00:00+08:00,12.979274669794385,13.057150164018433,12.901399175570338,12.92735767364502,60053,0.0,0.0
2012-01-16 00:00:00+08:00,13.057151355209006,13.083109855651855,12.849483351666208,13.083109855651855,48663,0.0,0.0
2012-01-17 00:00:00+08:00,13.083110296506188,13.47248884156783,13.083110296506188,13.394612312316895,137708,0.0,0.0
2012-01-18 00:00:00+08:00,13.39461333340325,13.550365378480015,13.29077932021763,13.498448371887207,130460,0.0,0.0
2012-01-30 00:00:00+08:00,13.49844574967459,14.01761674004669,13.49844574967459,13.654196739196777,211222,0.0,0.0
2012-01-31 00:00:00+08:00,13.498444724284429,13.73207119082061,13.498444724284429,13.602278709411621,125283,0.0,0.0
2012-02-01 00:00:00+08:00,13.498443462230542,14.173365327752679,13.498443462230542,14.017614364624023,188443,0.0,0.0
2012-02-02 00:00:00+08:00,14.017615734928814,14.381035709720091,14.017615734928814,14.277200698852539,174983,0.0,0.0
2012-02-03 00:00:00+08:00,14.225283706067794,14.406994206112465,14.017615734928814,14.277200698852539,77655,0.0,0.0
2012-02-06 00:00:00+08:00,14.588705501279499,14.692539499805692,14.381037504227113,14.56274700164795,65230,0.0,0.0
2012-02-07 00:00:00+08:00,14.536786699946273,14.536786699946273,14.225283717685342,14.329118728637695,163593,0.0,0.0
2012-02-08 00:00:00+08:00,14.32912151535158,14.614665031433105,14.32912151535158,14.614665031433105,196726,0.0,0.0
2012-02-09 00:00:00+08:00,14.588707041581099,14.77041655818715,14.381039022602755,14.640624046325684,255744,0.0,0.0
2012-02-10 00:00:00+08:00,14.640624046325685,14.666582548697978,14.432956027347341,14.640624046325684,287842,0.0,0.0
2012-02-13 00:00:00+08:00,14.640623750526489,14.848292790607388,14.588706746830834,14.770416259765625,271275,0.0,0.0
2012-02-14 00:00:00+08:00,14.770412963905471,14.952123461591782,14.718495971794539,14.796371459960938,202939,0.0,0.0
2012-02-15 00:00:00+08:00,14.796371459960936,14.848289477369919,14.744454467850005,14.796371459960938,345824,0.0,0.0
2012-02-16 00:00:00+08:00,14.796371289333727,14.848289306144007,14.30315986996744,14.35507583618164,488710,0.0,0.0
2012-02-17 00:00:00+08:00,14.381036758422852,14.64062174127619,14.277201739983376,14.381036758422852,312691,0.0,0.0
2012-02-20 00:00:00+08:00,14.536786514270487,14.562745010352495,14.432952529942451,14.510828018188477,210186,0.0,0.0
2012-02-21 00:00:00+08:00,14.562745010352495,14.71849598684455,14.432952529942451,14.510828018188477,152204,0.0,0.0
2012-02-22 00:00:00+08:00,14.640623953086923,15.315546035766603,14.51083144205204,15.315546035766602,504241,0.0,0.0
2012-02-23 00:00:00+08:00,15.315544700984466,15.575130725729053,15.055959701538084,15.055959701538086,345824,0.0,0.0
2012-02-24 00:00:00+08:00,15.055960281506268,15.055960281506268,14.744457244873047,14.744457244873047,305444,0.0,0.0
2012-02-29 00:00:00+08:00,14.926169771357873,15.030003789011472,14.822335753704275,14.848294258117676,199832,0.0,0.0
2012-03-01 00:00:00+08:00,14.8482918360555,14.952125836771636,14.822333335876467,14.822333335876465,120106,0.0,0.0
2012-03-02 00:00:00+08:00,14.848293983505734,15.549174615003462,14.848293983505734,15.419382095336914,390347,0.0,0.0
2012-03-05 00:00:00+08:00,15.419379070652845,15.471296068335365,15.159793056942092,15.263627052307129,122177,0.0,0.0
2012-03-06 00:00:00+08:00,15.133835784340013,15.133835784340013,14.744457244873047,14.744457244873047,252638,0.0,0.0
2012-03-07 00:00:00+08:00,14.614665248678662,15.004043801694353,14.536789743135179,14.770416259765625,124248,0.0,0.0
2012-03-08 00:00:00+08:00,14.82233348632806,15.211710992965875,14.796373960587314,14.926167488098145,137708,0.0,0.0
2012-03-09 00:00:00+08:00,15.10787801811079,15.393421542387532,14.952127004868933,15.315546035766602,381028,0.0,0.0
2012-03-12 00:00:00+08:00,15.315545745036964,15.497256282334746,15.081919229609028,15.107877731323242,221576,0.0,0.0
2012-03-13 00:00:00+08:00,15.159794734751673,15.211711738180103,14.952126721037951,15.107877731323242,86973,0.0,0.0
2012-03-14 00:00:00+08:00,15.31554581846611,15.31554581846611,15.159794807434082,15.159794807434082,173947,0.0,0.0
2012-03-15 00:00:00+08:00,15.211709940060894,16.01642544867571,15.211709940060894,15.549171447753906,585003,0.0,0.0
2012-03-16 00:00:00+08:00,15.575130462646483,15.808756958201997,15.523213463634148,15.575130462646484,440046,0.0,0.0
2012-03-19 00:00:00+08:00,15.990466906272863,16.5096379030655,15.834714889526365,15.834714889526367,405878,0.0,0.0
2012-03-20 00:00:00+08:00,16.094301025924103,16.198135021031725,15.57513002508784,15.601088523864746,362391,0.0,0.0
2012-03-21 00:00:00+08:00,15.627046230031272,15.834714209713505,15.627046230031272,15.70492172241211,206045,0.0,0.0
2012-03-22 00:00:00+08:00,15.704920518373902,16.042381984783717,15.704920518373902,15.88663101196289,215363,0.0,0.0
2012-03-23 00:00:00+08:00,15.886633715604265,15.912591190193906,15.67896469120332,15.730881690979004,168770,0.0,0.0
2012-03-26 00:00:00+08:00,16.19813550083193,16.19813550083193,15.912590980529785,15.912590980529785,275417,0.0,0.0
2012-03-27 00:00:00+08:00,16.094300510737323,16.587512997008698,16.016425016899444,16.250051498413086,315798,0.0,0.0
2012-03-28 00:00:00+08:00,16.431760820759653,16.431760820759653,16.146217346191406,16.146217346191406,149098,0.0,0.0
2012-03-29 00:00:00+08:00,15.678964826095601,15.886633852283207,15.341503299352125,15.497255325317383,541516,0.0,0.0
2012-03-30 00:00:00+08:00,15.49725440805495,15.86067338810109,15.367461915181327,15.834714889526367,178089,0.0,0.0
2012-04-02 00:00:00+08:00,15.886632671952245,15.886632671952245,15.678963661193848,15.678963661193848,156345,0.0,0.0
2012-04-03 00:00:00+08:00,15.575130432105203,15.575130432105203,15.133834916067494,15.185751914978027,376886,0.0,0.0
2012-04-05 00:00:00+08:00,14.744454467850005,14.900206469480851,14.484869507295347,14.796371459960938,316833,0.0,0.0
2012-04-06 00:00:00+08:00,15.107876798351557,15.497255325317381,15.004042797906859,15.497255325317383,206045,0.0,0.0
2012-04-09 00:00:00+08:00,15.834714348637025,16.353885327695586,15.808755850949003,16.146217346191406,433834,0.0,0.0
2012-04-10 00:00:00+08:00,16.405803831250445,16.79518130803153,16.353885809048155,16.457719802856445,450400,0.0,0.0
2012-04-11 00:00:00+08:00,16.198136697136388,16.509639739990234,16.198136697136388,16.509639739990234,334435,0.0,0.0
2012-04-12 00:00:00+08:00,16.717306862924097,16.717306862924097,16.405804861929415,16.561555862426758,270240,0.0,0.0
2012-04-13 00:00:00+08:00,16.71730746119468,17.236479532028774,16.71730746119468,16.976892471313477,385170,0.0,0.0
2012-04-16 00:00:00+08:00,16.97689041195624,17.28839443690875,16.769222429052064,16.92497444152832,234001,0.0,0.0
2012-04-17 00:00:00+08:00,16.87305467204598,16.92497268769018,16.25004976259377,16.353883743286133,357214,0.0,0.0
2012-04-18 00:00:00+08:00,16.5096357396227,16.66538671066125,16.353883743286133,16.353883743286133,136673,0.0,0.0
2012-04-19 00:00:00+08:00,16.353883743286133,16.53559423479579,16.30196675293995,16.353883743286133,184301,0.0,0.0
2012-04-20 00:00:00+08:00,16.353885133121363,16.561554137452863,16.198134148846314,16.327926635742188,299231,0.0,0.0
2012-04-23 00:00:00+08:00,16.353885886319002,16.405803908766604,15.62704690092857,15.834714889526367,190514,0.0,0.0
2012-04-24 00:00:00+08:00,15.65300472749155,15.990466219773287,15.627046230031272,15.70492172241211,150133,0.0,0.0
2012-04-25 00:00:00+08:00,15.860672846325047,16.250051336943496,15.860672846325047,16.146217346191406,186372,0.0,0.0
2012-04-26 00:00:00+08:00,15.990467715155638,15.990467715155638,15.471296692100573,15.730881690979004,807614,0.0,0.0
2012-04-27 00:00:00+08:00,15.67896469120332,15.834715690530377,15.471296692100573,15.730881690979004,402771,0.0,0.0
2012-04-30 00:00:00+08:00,15.730881690979004,15.730881690979004,15.549172191764102,15.730881690979004,150133,0.0,0.0
2012-05-02 00:00:00+08:00,15.730881992341248,16.042385022261143,15.730881992341248,15.938549995422363,208116,0.0,0.0
2012-05-03 00:00:00+08:00,15.964506498373304,16.042381984783717,15.88663101196289,15.88663101196289,54876,0.0,0.0
2012-05-04 00:00:00+08:00,15.886634019950307,15.990468021490866,15.834715993881806,15.938549995422363,76619,0.0,0.0
2012-05-07 00:00:00+08:00,15.808755691830916,16.042383193969727,15.782797194404171,16.042383193969727,59018,0.0,0.0
2012-05-08 00:00:00+08:00,15.990468757374344,16.172178268432617,15.886634751055333,16.172178268432617,62124,0.0,0.0
2012-05-09 00:00:00+08:00,15.990468021490866,16.2760115257274,15.912591495037224,15.938549995422363,90080,0.0,0.0
2012-05-10 00:00:00+08:00,15.93855109277113,16.094303131103516,15.93855109277113,16.094303131103516,83867,0.0,0.0
2012-05-11 00:00:00+08:00,15.990468021490866,15.990468021490866,15.808757493496667,15.938549995422363,70407,0.0,0.0
2012-05-14 00:00:00+08:00,15.93854969008175,15.93854969008175,15.575130691651946,15.730881690979004,231930,0.0,0.0
2012-05-15 00:00:00+08:00,15.73088133042947,15.808756828308105,15.575130334672203,15.808756828308105,190514,0.0,0.0
2012-05-16 00:00:00+08:00,15.808756152106513,15.808756152106513,15.575129668463717,15.678963661193848,119071,0.0,0.0
2012-05-17 00:00:00+08:00,15.627047691427633,15.730881690979004,15.575130691651946,15.730881690979004,103540,0.0,0.0
2012-05-18 00:00:00+08:00,15.57513229901784,15.653007806718184,15.497256791317497,15.523215293884277,63159,0.0,0.0
2012-05-21 00:00:00+08:00,15.315543661340254,15.678963661193848,15.315543661340254,15.678963661193848,23814,0.0,0.0
2012-05-22 00:00:00+08:00,15.471295596782618,15.678963581183137,15.367461604582358,15.627046585083008,85938,0.0,0.0
2012-05-23 00:00:00+08:00,15.575133118936773,15.575133118936773,15.289588550372,15.419382095336914,82832,0.0,0.0
2012-05-24 00:00:00+08:00,15.419379070652845,15.523213066017883,15.21171005462461,15.263627052307129,99398,0.0,0.0
2012-05-25 00:00:00+08:00,15.263628741608533,15.497256282334746,15.055960727894812,15.107877731323242,132531,0.0,0.0
2012-05-28 00:00:00+08:00,15.133836012854758,15.3934210262202,15.107877511518215,15.289587020874023,20708,0.0,0.0
2012-05-29 00:00:00+08:00,15.36746246659714,15.730881459683491,15.36746246659714,15.575130462646484,118036,0.0,0.0
2012-05-30 00:00:00+08:00,15.575129347339798,15.678963337929108,15.47129535675049,15.471295356750488,36239,0.0,0.0
2012-05-31 00:00:00+08:00,15.471299103203533,15.549174615003462,15.39342256610524,15.419382095336914,13460,0.0,0.0
2012-06-01 00:00:00+08:00,15.419379726061225,15.419379726061225,15.055959701538084,15.055959701538086,127354,0.0,0.0
2012-06-04 00:00:00+08:00,15.055956169410988,15.055956169410988,14.017614364624023,14.017614364624023,320975,0.0,0.0
2012-06-05 00:00:00+08:00,14.277201609263148,14.277201609263148,13.576321136678168,13.939741134643555,348931,0.0,0.0
2012-06-06 00:00:00+08:00,14.22528810159932,14.900211266944474,14.22528810159932,14.848294258117676,274381,0.0,0.0
2012-06-07 00:00:00+08:00,14.848288623058782,15.23766604148755,14.848288623058782,14.900205612182617,143921,0.0,0.0
2012-06-08 00:00:00+08:00,15.055958392131734,15.185750880566962,15.004041396757643,15.133833885192871,51770,0.0,0.0
2012-06-11 00:00:00+08:00,15.31554581846611,15.36746384744173,15.10787780375674,15.159794807434082,45557,0.0,0.0
2012-06-12 00:00:00+08:00,15.159793992080834,15.159793992080834,14.84829198677058,14.926167488098145,43486,0.0,0.0
2012-06-13 00:00:00+08:00,15.211709214828328,15.211709214828328,14.92616574333854,15.029999732971191,85938,0.0,0.0
2012-06-14 00:00:00+08:00,14.978082738154866,15.13383372260384,14.952124240746702,15.029999732971191,64195,0.0,0.0
2012-06-15 00:00:00+08:00,15.030000169915745,15.237668155218264,15.00404167175293,15.00404167175293,83867,0.0,0.0
2012-06-18 00:00:00+08:00,15.367465399713936,15.367465399713936,15.185754843190322,15.237671852111816,71442,0.0,0.0
2012-06-19 00:00:00+08:00,15.107875981366599,15.367461993738981,15.107875981366599,15.211709976196289,36239,0.0,0.0
2012-06-20 00:00:00+08:00,15.367459297180174,15.367459297180174,15.211707306967595,15.367459297180176,67301,0.0,0.0
2012-06-21 00:00:00+08:00,15.367463698121535,15.549173209226625,15.367463698121535,15.44533920288086,65230,0.0,0.0
2012-06-22 00:00:00+08:00,15.315543345568411,15.47129535675049,15.211709354979103,15.471295356750488,25885,0.0,0.0
2012-06-25 00:00:00+08:00,15.237669298907427,15.523213825428556,15.237669298907427,15.497255325317383,25885,0.0,0.0
2012-06-26 00:00:00+08:00,15.315546035766603,15.471298074306755,15.10787801811079,15.315546035766602,26920,0.0,0.0
2012-06-27 00:00:00+08:00,15.263630046438692,15.419382095336912,15.263630046438692,15.419382095336914,37274,0.0,0.0
2012-06-28 00:00:00+08:00,15.419376285485043,15.678961227009383,15.315541283577332,15.367459297180176,17601,0.0,0.0
2012-06-29 00:00:00+08:00,15.393419940805119,15.575130462646483,15.36746246659714,15.575130462646484,93186,0.0,0.0
2012-07-02 00:00:00+08:00,15.99046734865643,15.99046734865643,15.678964331843716,15.808756828308105,49699,0.0,0.0
2012-07-03 00:00:00+08:00,15.808754401374667,15.938546877913534,15.782795906066895,15.782795906066895,40380,0.0,0.0
2012-07-04 00:00:00+08:00,16.06834160974339,16.06834160974339,15.886632128679551,15.990466117858887,70407,0.0,0.0
2012-07-05 00:00:00+08:00,15.99046646533736,16.06834195891412,15.86067295074463,15.860672950744629,45557,0.0,0.0
2012-07-06 00:00:00+08:00,16.016426521876006,16.042385022261143,15.860674494266947,15.938549995422363,62124,0.0,0.0
2012-07-09 00:00:00+08:00,15.990468021490866,15.990468021490866,15.834715993881806,15.938549995422363,23814,0.0,0.0
2012-07-10 00:00:00+08:00,15.886633715604265,15.886633715604265,15.575130691651946,15.730881690979004,112858,0.0,0.0
2012-07-11 00:00:00+08:00,15.730881690979004,15.730881690979004,15.653006191315475,15.730881690979004,86973,0.0,0.0
2012-07-12 00:00:00+08:00,15.730880138278176,15.782797132929446,15.575129154324362,15.65300464630127,27955,0.0,0.0
2012-07-13 00:00:00+08:00,15.653005083133072,15.653005083133072,15.471295596782618,15.627046585083008,60053,0.0,0.0
2012-07-16 00:00:00+08:00,15.730881826317951,15.730881826317951,15.31554479924095,15.497255325317383,37274,0.0,0.0
2012-07-17 00:00:00+08:00,15.497255325317381,15.497255325317381,15.36746282476151,15.497255325317383,13460,0.0,0.0
2012-07-18 00:00:00+08:00,15.497257607136842,15.497257607136842,15.367465087470293,15.419382095336914,35203,0.0,0.0
2012-07-19 00:00:00+08:00,15.65300544233694,15.65300544233694,15.445337453170874,15.549171447753906,8283,0.0,0.0
2012-07-20 00:00:00+08:00,15.627047825873253,15.627047825873253,15.497255325317381,15.497255325317383,25885,0.0,0.0
2012-07-23 00:00:00+08:00,15.523215078720707,15.523215078720707,15.211712026938697,15.315546035766602,35203,0.0,0.0
2012-07-24 00:00:00+08:00,15.315546035766603,15.73088309637652,15.159795022524744,15.315546035766602,65230,0.0,0.0
2012-07-25 00:00:00+08:00,15.36746282476151,15.497255325317381,15.36746282476151,15.497255325317383,26920,0.0,0.0
2012-07-26 00:00:00+08:00,15.549171963140315,15.575130462646483,15.36746246659714,15.575130462646484,8283,0.0,0.0
2012-07-27 00:00:00+08:00,15.471296029980222,15.601088523864746,15.471296029980222,15.601088523864746,79726,0.0,0.0
2012-07-30 00:00:00+08:00,15.523212949108148,15.601088445045423,15.523212949108148,15.549171447753906,34168,0.0,0.0
2012-07-31 00:00:00+08:00,15.575129668463717,15.678963661193848,15.471295675733586,15.678963661193848,56947,0.0,0.0
2012-08-01 00:00:00+08:00,15.88663233760341,16.53559580380683,15.88663233760341,16.431760787963867,486639,0.0,0.0
2012-08-02 00:00:00+08:00,16.431760787963867,16.431760787963867,16.431760787963867,16.431760787963867,0,0.0,0.0
2012-08-03 00:00:00+08:00,16.50963981037977,17.080727870298126,16.50963981037977,16.899017333984375,504241,0.0,0.0
2012-08-06 00:00:00+08:00,17.028810349093558,17.080727350661398,16.769224315956116,16.873058319091797,311656,0.0,0.0
2012-08-07 00:00:00+08:00,16.924974270423142,17.002849763224916,16.66538826911912,16.769222259521484,237107,0.0,0.0
2012-08-08 00:00:00+08:00,16.691348813604353,17.028810349093558,16.691348813604353,16.873058319091797,367568,0.0,0.0
2012-08-09 00:00:00+08:00,16.873058467265956,17.028810498635487,16.821141465242196,16.976892471313477,251603,0.0,0.0
2012-08-10 00:00:00+08:00,16.976892322227478,17.028810349093558,16.795182816740034,16.873058319091797,291983,0.0,0.0
2012-08-13 00:00:00+08:00,16.97689041195624,17.028808432980405,16.873056420504152,16.92497444152832,287842,0.0,0.0
2012-08-14 00:00:00+08:00,16.976892471313477,17.132644502683004,16.899016968277838,16.976892471313477,501135,0.0,0.0
2012-08-15 00:00:00+08:00,17.089321658409776,17.426611354501944,17.0049995119302,17.145536422729492,447294,2.414517,0.0
2012-08-16 00:00:00+08:00,17.42661065159165,17.42661065159165,16.948784063973545,17.173643112182617,240213,0.0,0.0
2012-08-17 00:00:00+08:00,17.370397822353464,17.960653999754246,17.370397822353464,17.932546615600586,346860,0.0,0.0
2012-08-20 00:00:00+08:00,17.93254523054139,18.213619050368624,17.707685064505736,17.988759994506836,361355,0.0,0.0
2012-08-21 00:00:00+08:00,18.213620819592606,18.213620819592606,17.76390266418457,17.76390266418457,303373,0.0,0.0
2012-08-22 00:00:00+08:00,17.763899269772086,17.93254354582473,17.59525388354568,17.79200553894043,160487,0.0,0.0
2012-08-23 00:00:00+08:00,17.932546096024257,17.932546096024257,17.707685919136118,17.876331329345703,107681,0.0,0.0
2012-08-24 00:00:00+08:00,17.876330466575943,17.988759994506836,17.876330466575943,17.988759994506836,113894,0.0,0.0
2012-08-27 00:00:00+08:00,17.988760174071395,18.213619232177734,17.904438027281515,18.213619232177734,129425,0.0,0.0
2012-08-28 00:00:00+08:00,18.269834233300674,18.269834233300674,17.707685470581055,17.707685470581055,214328,0.0,0.0
2012-08-29 00:00:00+08:00,17.735792446488457,17.988759994506836,17.735792446488457,17.988759994506836,95257,0.0,0.0
2012-08-30 00:00:00+08:00,17.98875953349035,17.98875953349035,17.73579199195503,17.820114135742188,134602,0.0,0.0
2012-08-31 00:00:00+08:00,17.848224114573966,18.157405334226077,17.848224114573966,18.1011905670166,192585,0.0,0.0
2012-09-03 00:00:00+08:00,18.32604757629572,18.494691848754883,18.15740219366282,18.494691848754883,279558,0.0,0.0
2012-09-04 00:00:00+08:00,18.550907117947105,19.169270577527968,18.550907117947105,18.972518920898438,513560,0.0,0.0
2012-09-05 00:00:00+08:00,19.084948438972454,19.084948438972454,18.550907117947105,18.972518920898438,243319,0.0,0.0
2012-09-06 00:00:00+08:00,19.19737704543757,19.366021314540333,18.775766372680664,18.775766372680664,413126,0.0,0.0
2012-09-07 00:00:00+08:00,19.169273729893217,19.169273729893217,18.944414656767364,19.000629425048828,236072,0.0,0.0
2012-09-10 00:00:00+08:00,19.000626885092764,19.815743136559185,19.000626885092764,19.647096633911133,722711,0.0,0.0
2012-09-11 00:00:00+08:00,19.647096633911133,19.787635756175778,19.281700688926836,19.647096633911133,329258,0.0,0.0
2012-09-12 00:00:00+08:00,19.675205751238273,20.12492609742209,19.59088360264402,19.731420516967773,379993,0.0,0.0
2012-09-13 00:00:00+08:00,20.040603769290634,20.040603769290634,19.506561279296875,19.506561279296875,158416,0.0,0.0
2012-09-14 00:00:00+08:00,19.675203486544692,19.675203486544692,19.394129690249887,19.59088134765625,212257,0.0,0.0
2012-09-17 00:00:00+08:00,19.562777107863457,19.562777107863457,18.972522040908096,19.000629425048828,335470,0.0,0.0
2012-09-18 00:00:00+08:00,19.000628730520955,19.45034686033416,18.888199198067653,19.33791732788086,166699,0.0,0.0
2012-09-19 00:00:00+08:00,19.39413089347179,19.67520470720456,19.225486605232128,19.618989944458008,245390,0.0,0.0
2012-09-20 00:00:00+08:00,20.237354013457423,20.518427819668535,19.562774658203125,19.562774658203125,1309785,0.0,0.0
2012-09-21 00:00:00+08:00,19.56277761880652,19.618992388556208,19.197381615433557,19.366025924682617,271275,0.0,0.0
2012-09-24 00:00:00+08:00,19.366025924682617,19.618992388556208,19.30981115493293,19.366025924682617,160487,0.0,0.0
2012-09-25 00:00:00+08:00,19.366023663334982,19.39413104492776,19.169271992185536,19.225486755371094,142885,0.0,0.0
2012-09-26 00:00:00+08:00,19.028733843994612,19.084948603516285,18.860089565429593,18.88819694519043,187408,0.0,0.0
2012-09-27 00:00:00+08:00,18.88819694519043,19.028733843994612,18.80387480590792,18.88819694519043,78690,0.0,0.0
2012-09-28 00:00:00+08:00,18.888197825908225,19.141164255551054,18.888197825908225,19.084949493408203,62124,0.0,0.0
2012-10-01 00:00:00+08:00,19.169271167393205,19.843850516942595,19.000626885092764,19.647096633911133,128390,0.0,0.0
2012-10-02 00:00:00+08:00,20.743289108678255,20.996257781982422,20.349785737412898,20.996257781982422,2205409,0.0,0.0
2012-10-03 00:00:00+08:00,20.96814389485795,21.249219894409176,20.518425848131848,21.24921989440918,997093,0.0,0.0
2012-10-04 00:00:00+08:00,21.36165158859334,21.586510634930058,20.546535325275098,20.630857467651367,1101669,0.0,0.0
2012-10-05 00:00:00+08:00,20.79950182114433,21.13679261211176,20.79950182114433,21.080577850341797,447294,0.0,0.0
2012-10-08 00:00:00+08:00,21.41786814990411,21.867588500714835,20.518429668630493,20.715181350708008,1141014,0.0,0.0
2012-10-09 00:00:00+08:00,20.799503851955844,20.996257757708925,20.546537399291992,20.546537399291992,307514,0.0,0.0
2012-10-11 00:00:00+08:00,20.405997834376862,20.405997834376862,19.84385023470412,19.956279754638672,485604,0.0,0.0
2012-10-12 00:00:00+08:00,19.956283367414247,20.406001528566936,19.956283367414247,20.34978675842285,157381,0.0,0.0
2012-10-15 00:00:00+08:00,20.349785737412898,21.249224234938723,20.181141435442033,20.996257781982422,455577,0.0,0.0
2012-10-16 00:00:00+08:00,21.05247305529254,21.193009976979337,20.602752685546875,20.602752685546875,266098,0.0,0.0
2012-10-17 00:00:00+08:00,20.911934553792637,20.9681470978728,20.574643746877378,20.743288040161133,335470,0.0,0.0
2012-10-18 00:00:00+08:00,20.799501929581815,22.14866065979004,20.687072405455737,22.14866065979004,1315997,0.0,0.0
2012-10-19 00:00:00+08:00,22.14866059258704,22.204875354479512,21.445973848583485,21.69894027709961,506312,0.0,0.0
2012-10-22 00:00:00+08:00,22.204874894993594,22.37351917718125,21.698939828083017,22.092445373535156,1493051,0.0,0.0
2012-10-23 00:00:00+08:00,22.23298380442238,22.23298380442238,21.811370849609375,21.811370849609375,426586,0.0,0.0
2012-10-24 00:00:00+08:00,21.389760984956,23.21674534929499,21.389760984956,22.767024993896484,2527420,0.0,0.0
2012-10-25 00:00:00+08:00,23.019988246614986,23.019988246614986,22.20487424008231,22.429733276367188,792083,0.0,0.0
2012-10-26 00:00:00+08:00,22.767026226948833,23.6664647661112,22.204878527689836,22.485952377319336,1970373,0.0,0.0
2012-10-29 00:00:00+08:00,22.767022068612512,23.216742366227457,22.598377789637244,22.963773727416992,1224882,0.0,0.0
2012-10-30 00:00:00+08:00,23.497816164519573,23.610245683836418,22.90755896775857,22.963773727416992,869739,0.0,0.0
2012-10-31 00:00:00+08:00,23.048098828303143,23.048098828303143,22.682702843574486,22.767024993896484,449365,0.0,0.0
2012-11-01 00:00:00+08:00,22.935670629335327,24.34104432385333,22.514059853188716,24.088075637817383,1582096,0.0,0.0
2012-11-02 00:00:00+08:00,24.172396763444443,25.296694338961576,24.172396763444443,24.734546661376953,1563459,0.0,0.0
2012-11-05 00:00:00+08:00,24.73454965084968,25.830739974975586,24.650227489020622,25.830739974975586,1113058,0.0,0.0
2012-11-06 00:00:00+08:00,25.662091829453324,25.830736127995188,25.07183456420898,25.071834564208984,732030,0.0,0.0
2012-11-07 00:00:00+08:00,25.268584828486187,25.69019551414515,25.07183095483117,25.296689987182617,755844,0.0,0.0
2012-11-08 00:00:00+08:00,25.01562152212814,25.577771443026062,24.959406752073146,25.156158447265625,431763,0.0,0.0
2012-11-09 00:00:00+08:00,24.790763128145983,25.352913064604888,24.790763128145983,25.1280517578125,607781,0.0,0.0
2012-11-12 00:00:00+08:00,25.352911496332144,25.409126264465915,24.537795138044572,24.95940589904785,603640,0.0,0.0
2012-11-13 00:00:00+08:00,24.959406752073146,26.02748960346602,24.959406752073146,25.156158447265625,1114094,0.0,0.0
2012-11-14 00:00:00+08:00,25.521555473130192,25.60587762424846,25.015620346072712,25.26858901977539,638844,0.0,0.0
2012-11-15 00:00:00+08:00,24.734541628037466,25.184259678590085,24.509682602761156,24.70643424987793,508383,0.0,0.0
2012-11-16 00:00:00+08:00,24.70643858403495,25.35291061545991,24.650223817854325,25.071834564208984,455577,0.0,0.0
2012-11-19 00:00:00+08:00,25.01561940602012,25.09994155396968,24.172395706176754,24.172395706176758,465931,0.0,0.0
2012-11-20 00:00:00+08:00,24.341040039392304,24.73454336119881,23.10431309336712,23.329172134399414,761021,0.0,0.0
2012-11-21 00:00:00+08:00,23.385386479026316,24.14428572902229,22.51405549016487,23.048095703125,788977,0.0,0.0
2012-11-22 00:00:00+08:00,23.58213813643268,23.58213813643268,22.767021906830195,23.048095703125,293019,0.0,0.0
2012-11-23 00:00:00+08:00,23.160529766324302,24.256717681884766,23.160529766324302,24.256717681884766,837641,0.0,0.0
2012-11-26 00:00:00+08:00,25.240478050448115,25.943164825439453,25.099941139519398,25.943164825439453,2184701,0.0,0.0
2012-11-27 00:00:00+08:00,25.85884235359104,26.786388174400265,25.718305444430207,26.420989990234375,2030426,0.0,0.0
2012-11-28 00:00:00+08:00,26.36477878044678,28.219870672124905,26.3085640092049,28.02311897277832,2816297,0.0,0.0
2012-11-29 00:00:00+08:00,28.332296186789833,29.512808435391587,27.798255935913,28.107437133789062,2882563,0.0,0.0
2012-11-30 00:00:00+08:00,28.02311672027512,28.669586537593393,27.742042886658478,27.882579803466797,1363626,0.0,0.0
2012-12-03 00:00:00+08:00,27.99500921658232,29.793886184692383,27.770150150655525,29.793886184692383,2324481,0.0,0.0
2012-12-04 00:00:00+08:00,30.46845958792305,31.87383079528809,30.243600550000252,31.873830795288086,2446658,0.0,0.0
2012-12-05 00:00:00+08:00,32.94191104906421,33.89756411105465,31.761398965510697,32.267333984375,4430491,0.0,0.0
2012-12-06 00:00:00+08:00,32.5484168615101,33.897573588445375,31.761407845652847,32.21112823486328,3615629,0.0,0.0
2012-12-07 00:00:00+08:00,32.37976456415484,33.054341651114804,31.19925244162744,31.536540985107422,1906178,0.0,0.0
2012-12-10 00:00:00+08:00,31.536542411396407,32.323551268790865,30.299815475689446,30.637104034423828,1844053,0.0,0.0
2012-12-11 00:00:00+08:00,30.749536442446757,32.66084289550781,30.693321677377185,32.66084289550781,4374580,0.0,0.0
2012-12-12 00:00:00+08:00,33.61649755122053,33.89757138851806,32.21112614438502,32.60462951660156,3096892,0.0,0.0
2012-12-13 00:00:00+08:00,32.6046316326179,33.39164064847515,31.930052158976256,32.21112823486328,2480826,0.0,0.0
2012-12-14 00:00:00+08:00,32.26734197026383,32.604630586084454,31.930051134095255,32.098697662353516,889411,0.0,0.0
2012-12-17 00:00:00+08:00,32.43598592296127,32.43598592296127,30.131175966064852,30.74953842163086,1654574,0.0,0.0
2012-12-18 00:00:00+08:00,30.8619679590065,31.03061448541788,30.356035040816128,30.74953842163086,797260,0.0,0.0
2012-12-19 00:00:00+08:00,31.199255067873782,31.199255067873782,30.29981665586805,30.35603141784668,899765,0.0,0.0
2012-12-20 00:00:00+08:00,30.356034878796613,31.143043856573488,29.793887194918778,30.52467918395996,1281829,0.0,0.0
2012-12-21 00:00:00+08:00,30.805749595353557,30.861964357481234,29.51280784606934,29.512807846069336,799331,0.0,0.0
2012-12-24 00:00:00+08:00,30.131175815748165,30.24360535256292,29.23173730088221,29.45659637451172,577755,0.0,0.0
2012-12-25 00:00:00+08:00,29.6814578165623,31.086829254105698,29.231737446711826,30.74953842163086,1487874,0.0,0.0
2012-12-26 00:00:00+08:00,31.030613982512882,31.93005026694106,30.412249316620628,31.143043518066406,1555176,0.0,0.0
2012-12-27 00:00:00+08:00,30.91818151332224,31.59275866263687,30.80574976808879,31.030611038208008,920473,0.0,0.0
2012-12-28 00:00:00+08:00,31.086826532399822,32.04247973677156,31.086826532399822,31.9300479888916,1238342,0.0,0.0
2013-01-02 00:00:00+08:00,32.717057317962045,33.447851476561354,32.548413024519384,32.82948684692383,2209551,0.0,0.0
2013-01-03 00:00:00+08:00,33.05434055984574,33.11055531523651,32.15490447359347,32.267333984375,905978,0.0,0.0
2013-01-04 00:00:00+08:00,32.09869450053768,32.660842138198866,31.53654464252877,31.9300479888916,722711,0.0,0.0
2013-01-07 00:00:00+08:00,32.04248130644554,32.04248130644554,31.199257588298803,31.480331420898438,427621,0.0,0.0
2013-01-08 00:00:00+08:00,31.53654825530002,32.2111277181198,31.36790394468207,31.70519256591797,603640,0.0,0.0
2013-01-09 00:00:00+08:00,31.705190486978143,32.09869607296547,31.367901887858583,31.480331420898438,473179,0.0,0.0
2013-01-10 00:00:00+08:00,31.930047086897858,32.26733788031415,31.1992551785825,31.424114227294922,806579,0.0,0.0
2013-01-11 00:00:00+08:00,31.536546014284088,31.76140507912933,31.25547218322754,31.25547218322754,277488,0.0,0.0
2013-01-14 00:00:00+08:00,31.255468441000396,32.26733633200054,31.255468441000396,31.873830795288086,766198,0.0,0.0
2013-01-15 00:00:00+08:00,32.492199438604956,32.492199438604956,31.367901887858583,31.480331420898438,412090,0.0,0.0
2013-01-16 00:00:00+08:00,31.48032846351784,31.59275798599564,30.918180851128835,31.36789894104004,326152,0.0,0.0
2013-01-17 00:00:00+08:00,31.705187925681447,31.817617449638707,30.074957607953532,30.35603141784668,637808,0.0,0.0
2013-01-18 00:00:00+08:00,30.91818125798063,31.03061078193789,30.243601893889423,30.35603141784668,534268,0.0,0.0
2013-01-21 00:00:00+08:00,30.356030430738823,31.143039293195585,30.187386150286855,30.861963272094727,346860,0.0,0.0
2013-01-22 00:00:00+08:00,31.14303490486685,31.14303490486685,30.524670409995075,30.805744171142578,277488,0.0,0.0
2013-01-23 00:00:00+08:00,30.97439331541983,30.97439331541983,30.580887795580832,30.91817855834961,217434,0.0,0.0
2013-01-24 00:00:00+08:00,30.974399354471977,33.05434799194336,30.693323293972256,33.05434799194336,3758515,0.0,0.0
2013-01-25 00:00:00+08:00,33.166779748351985,33.44785358850381,32.492200311639714,33.05434799194336,1737407,0.0,0.0
2013-01-28 00:00:00+08:00,33.054343105284005,35.3591526944883,33.054343105284005,35.24672317504883,4748360,0.0,0.0
2013-01-29 00:00:00+08:00,35.24673284886911,35.75266804555329,34.74079987253309,35.47159194946289,1680460,0.0,0.0
2013-01-30 00:00:00+08:00,35.75266317054633,37.43911063574275,34.74079513549805,34.74079513549805,3388875,0.0,0.0
2013-01-31 00:00:00+08:00,34.74079479562344,35.30294246495742,33.61649723660762,34.29107666015625,1553105,0.0,0.0
2013-02-01 00:00:00+08:00,34.34729072972715,35.52780532836914,34.12243165202313,35.52780532836914,1325316,0.0,0.0
2013-02-04 00:00:00+08:00,36.03373270806975,36.03373270806975,34.79700575066626,34.9094352722168,1056111,0.0,0.0
2013-02-05 00:00:00+08:00,34.79700575066626,35.19050907609313,33.560278793262775,34.9094352722168,1043686,0.0,0.0
2013-02-06 00:00:00+08:00,35.134297952414336,35.134297952414336,34.234859466552734,34.234859466552734,890447,0.0,0.0
2013-02-18 00:00:00+08:00,34.6845778707478,36.42723775760933,34.6845778707478,36.14616394042969,2008682,0.0,0.0
2013-02-19 00:00:00+08:00,36.708316802978516,36.708316802978516,35.58401922178842,36.708316802978516,1606946,0.0,0.0
2013-02-20 00:00:00+08:00,36.989387158706165,39.237979888916016,36.539669056733736,39.237979888916016,3220105,0.0,0.0
2013-02-21 00:00:00+08:00,39.51905618950642,41.03685470862282,39.40662666957187,39.912559509277344,2850466,0.0,0.0
2013-02-22 00:00:00+08:00,40.08120771702952,42.667091369628906,39.519060062267826,42.667091369628906,2543986,0.0,0.0
2013-02-25 00:00:00+08:00,47.05185154715808,48.79451370239257,46.883207252202695,48.79451370239258,3069971,0.0,0.0
2013-02-26 00:00:00+08:00,48.79451370239257,50.368527121976136,47.5015696670391,48.79451370239258,4060852,0.0,0.0
2013-02-27 00:00:00+08:00,48.344796186090285,48.344796186090285,45.421619488977065,46.32106018066406,3268769,0.0,0.0
2013-03-01 00:00:00+08:00,46.32106018066406,47.10806690028152,45.59026378603795,46.32106018066406,1956912,0.0,0.0
2013-03-04 00:00:00+08:00,46.32105939136352,46.32105939136352,44.18489389096315,45.14054489135742,1621442,0.0,0.0
2013-03-05 00:00:00+08:00,45.14054042808046,48.00749758648802,45.14054042808046,47.78263854980469,3431327,0.0,0.0
2013-03-06 00:00:00+08:00,48.007501015686785,48.176145305245626,46.48970240965723,46.714561462402344,1576919,0.0,0.0
2013-03-07 00:00:00+08:00,46.82699315118111,49.975024475679966,46.82699315118111,48.45722579956055,5730958,0.0,0.0
2013-03-08 00:00:00+08:00,48.45722228117801,48.45722228117801,45.084327697753906,45.084327697753906,3022343,0.0,0.0
2013-03-11 00:00:00+08:00,44.01624737571172,44.12867689949666,42.72330341148955,43.39788055419922,1386405,0.0,0.0
2013-03-12 00:00:00+08:00,43.397886840217296,45.19676392203218,43.397886840217296,43.73517990112305,2136596,0.0,0.0
2013-03-13 00:00:00+08:00,43.96003341674805,44.971899149294245,43.62274039853726,43.96003341674805,1387440,0.0,0.0
2013-03-14 00:00:00+08:00,43.96003378496902,44.409751892089844,43.735174731408605,44.409751892089844,692142,0.0,0.0
2013-03-15 00:00:00+08:00,44.69082570904036,45.477832396501796,44.18489283852943,44.409751892089844,1060305,0.0,0.0
2013-03-18 00:00:00+08:00,44.18489805714741,44.29732759720651,42.723309595683084,42.83573913574219,740994,0.0,0.0
2013-03-19 00:00:00+08:00,43.28545345268791,43.622742042917565,42.779520567343425,43.454097747802734,671682,0.0,0.0
2013-03-20 00:00:00+08:00,43.45409139457659,43.622735665034696,42.72329955592477,42.77951431274414,475612,0.0,0.0
2013-03-21 00:00:00+08:00,43.28545345268791,44.40975319414898,43.11680915757308,43.454097747802734,1013660,0.0,0.0
2013-03-22 00:00:00+08:00,43.173021412542944,43.45409522139276,42.161155700683594,42.161155700683594,720531,0.0,0.0
2013-03-25 00:00:00+08:00,43.00438132607324,43.00438132607324,40.53092712599766,41.093074798583984,933062,0.0,0.0
2013-03-26 00:00:00+08:00,41.093074798583984,42.16115981719375,40.812000962290824,41.093074798583984,505578,0.0,0.0
2013-03-27 00:00:00+08:00,41.205497389063254,43.11680359445513,41.205497389063254,43.06058883666992,1252598,0.0,0.0
2013-03-28 00:00:00+08:00,43.06059047851891,43.51030855794775,42.217369079589844,42.217369079589844,715457,0.0,0.0
2013-03-29 00:00:00+08:00,43.173020460628464,43.39787950275044,42.32979905267105,43.28544998168945,941417,0.0,0.0
2013-04-01 00:00:00+08:00,43.7351808896224,44.69083200181639,43.341673049787644,43.566532135009766,1532650,0.0,0.0
2013-04-02 00:00:00+08:00,43.622732862254765,44.016240575402215,42.8357263173491,42.89194107055664,481671,0.0,0.0
2013-04-03 00:00:00+08:00,42.891957352761025,44.01625728440179,42.891957352761025,43.00438690185547,854207,0.0,0.0
2013-04-08 00:00:00+08:00,42.610879738846954,43.229242204575016,41.59900944514148,42.38602066040039,671074,0.0,0.0
2013-04-09 00:00:00+08:00,42.89194983270227,44.971900566977126,42.72330553862827,43.9038200378418,2008024,0.0,0.0
2013-04-10 00:00:00+08:00,44.12867291710394,44.40974670120079,42.16115198773107,42.77951431274414,1012158,0.0,0.0
2013-04-11 00:00:00+08:00,43.28544712411848,43.84759913300709,42.55465528546666,42.77951431274414,1008264,0.0,0.0
2013-04-12 00:00:00+08:00,43.22924252594906,43.45410160606727,42.723309595683084,42.83573913574219,478886,0.0,0.0
2013-04-15 00:00:00+08:00,43.0043799558178,43.67895714142723,41.823869881001286,42.048728942871094,918932,0.0,0.0
2013-04-16 00:00:00+08:00,41.03686074596776,42.61087869731618,40.75578690477979,42.273590087890625,518937,0.0,0.0
2013-04-17 00:00:00+08:00,42.49843779810381,42.89194107055664,42.27357878527362,42.89194107055664,428487,0.0,0.0
2013-04-18 00:00:00+08:00,42.8357353323817,43.454097747802734,42.49844674215205,43.454097747802734,553149,0.0,0.0
2013-04-19 00:00:00+08:00,45.5340503383192,45.5340503383192,44.52218452666576,45.36540603637695,2216202,0.0,0.0
2013-04-22 00:00:00+08:00,45.87133683283539,45.87133683283539,44.29732342042131,45.14054489135742,842586,0.0,0.0
2013-04-23 00:00:00+08:00,44.971898464336526,45.02811322639957,44.128677033390964,44.29732131958008,506169,0.0,0.0
2013-04-24 00:00:00+08:00,44.29732202869124,44.97189918424632,44.12867773980247,44.57839584350586,506446,0.0,0.0
2013-04-25 00:00:00+08:00,44.69082639605479,44.69082639605479,43.62274143452816,44.07246398925781,521066,0.0,0.0
2013-04-26 00:00:00+08:00,44.40974384785505,44.40974384785505,42.8357263173491,42.89194107055664,485811,0.0,0.0
2013-04-29 00:00:00+08:00,42.891947603693126,43.00437712723305,42.048726177143664,42.161155700683594,704642,0.0,0.0
2013-04-30 00:00:00+08:00,42.94817043944784,43.1168147564618,42.16116362671604,42.61088180541992,733134,0.0,0.0
2013-05-02 00:00:00+08:00,42.94817043944784,43.1168147564618,42.442237488405965,42.61088180541992,392417,0.0,0.0
2013-05-03 00:00:00+08:00,42.89194456331431,44.01624415971335,42.89194456331431,43.06058883666992,821597,0.0,0.0
2013-05-06 00:00:00+08:00,43.173027755919506,43.62274591615593,42.723309595683084,42.83573913574219,354271,0.0,0.0
2013-05-07 00:00:00+08:00,43.510316376096824,43.56653114612637,42.835739135742195,42.83573913574219,424860,0.0,0.0
2013-05-08 00:00:00+08:00,42.835739135742195,43.22924252594906,42.32980620547622,42.83573913574219,559892,0.0,0.0
2013-05-09 00:00:00+08:00,43.00437712723305,43.060591889003014,41.880081891833775,42.161155700683594,676891,0.0,0.0
2013-05-10 00:00:00+08:00,41.93629863644111,42.16115769415278,41.149287493754755,41.486576080322266,580595,0.0,0.0
2013-05-13 00:00:00+08:00,41.486580298862904,41.7676585902793,40.47471443626935,40.6995735168457,522229,0.0,0.0
2013-05-14 00:00:00+08:00,40.47470783810304,41.205499730842845,40.02498975026317,40.193634033203125,436454,0.0,0.0
2013-05-15 00:00:00+08:00,40.19364031236623,40.41849939141429,39.3504143252401,39.631492614746094,805689,0.0,0.0
2013-05-16 00:00:00+08:00,39.91256367768429,41.880084922718936,39.91256367768429,41.59900665283203,1152766,0.0,0.0
2013-05-17 00:00:00+08:00,41.82387050626671,41.82387050626671,40.8682150383374,41.430362701416016,650368,0.0,0.0
2013-05-20 00:00:00+08:00,41.48657921446734,41.48657921446734,40.64335768434656,41.20550537109375,292958,0.0,0.0
2013-05-21 00:00:00+08:00,40.868209761656274,41.20549831595458,40.02498837591051,40.249847412109375,556738,0.0,0.0
2013-05-22 00:00:00+08:00,40.24984806908098,40.811995668753724,39.80012998934279,39.912559509277344,427102,0.0,0.0
2013-05-23 00:00:00+08:00,40.02498902921189,40.811995668753724,39.912559509277344,39.912559509277344,444515,0.0,0.0
2013-05-24 00:00:00+08:00,40.30607017091572,40.69957356236442,39.80013723905311,40.08121109008789,354108,0.0,0.0
2013-05-27 00:00:00+08:00,40.02498690617069,40.08120166315617,39.069331596722606,39.68769836425781,423687,0.0,0.0
2013-05-28 00:00:00+08:00,39.18177139298017,39.6314940075775,39.013127077767194,39.575279235839844,357437,0.0,0.0
2013-05-29 00:00:00+08:00,39.74391555786133,40.24984840174836,39.687700797429436,39.74391555786133,455577,0.0,0.0
2013-05-30 00:00:00+08:00,39.74391472859721,39.74391472859721,38.788259380499774,39.1817626953125,326561,0.0,0.0
2013-05-31 00:00:00+08:00,39.35040237824877,39.856339593197596,38.90068435668945,38.90068435668945,273794,0.0,0.0
2013-06-03 00:00:00+08:00,38.33854293823242,38.78826103144547,37.945039606671,38.33854293823242,344018,0.0,0.0
2013-06-04 00:00:00+08:00,38.39475975838141,38.61961881704353,36.876958892064316,37.32667922973633,542818,0.0,0.0
2013-06-05 00:00:00+08:00,37.326677972286085,37.326677972286085,36.25859303892681,37.15803146362305,360755,0.0,0.0
2013-06-06 00:00:00+08:00,37.10181520417663,38.11368311359803,36.87695616216023,37.43910598754883,483657,0.0,0.0
2013-06-07 00:00:00+08:00,37.158035802889444,38.56340725664916,37.158035802889444,37.663970947265625,531524,0.0,0.0
2013-06-10 00:00:00+08:00,38.22611341492916,38.78826103144547,37.945039606671,38.33854293823242,506784,0.0,0.0
2013-06-11 00:00:00+08:00,39.06933302253704,39.06933302253704,37.72017880564884,37.945037841796875,277686,0.0,0.0
2013-06-13 00:00:00+08:00,37.945041764359985,37.945041764359985,35.977520553977406,36.483455657958984,282881,0.0,0.0
2013-06-14 00:00:00+08:00,36.595881849017616,36.82074088789656,35.134293655609355,35.24672317504883,410766,0.0,0.0
2013-06-17 00:00:00+08:00,35.24672443562381,35.52780046462255,34.572147294861196,35.41537094116211,360987,0.0,0.0
2013-06-18 00:00:00+08:00,35.52780894495951,35.86509759585019,35.30294762401755,35.47159194946289,149201,0.0,0.0
2013-06-19 00:00:00+08:00,35.865093944925164,36.42724163918521,35.52780532836914,35.52780532836914,368587,0.0,0.0
2013-06-20 00:00:00+08:00,35.52779986109234,35.52779986109234,34.85322051144153,34.9094352722168,118319,0.0,0.0
2013-06-21 00:00:00+08:00,33.616498429817405,34.0100018123185,33.22299282696837,33.56028366088867,419959,0.0,0.0
2013-06-24 00:00:00+08:00,33.61649647772698,33.61649647772698,32.435984178427425,32.4921989440918,403156,0.0,0.0
2013-06-25 00:00:00+08:00,32.43598452520653,32.43598452520653,30.91818361569366,32.32355499267578,563559,0.0,0.0
2013-06-26 00:00:00+08:00,32.60462626389066,34.572147369384766,32.43598197833648,34.572147369384766,606689,0.0,0.0
2013-06-27 00:00:00+08:00,36.93316894002338,36.989383697509766,36.93316894002338,36.989383697509766,411420,0.0,0.0
2013-06-28 00:00:00+08:00,38.95690384033598,38.95690384033598,37.72017913085919,37.77639389038086,1595649,0.0,0.0
2013-07-01 00:00:00+08:00,37.72018093167086,39.01312046239598,37.66396616946542,38.78826141357422,773101,0.0,0.0
2013-07-02 00:00:00+08:00,39.181767197634784,39.181767197634784,37.94504235182731,38.22611618041992,454681,0.0,0.0
2013-07-03 00:00:00+08:00,37.888823409424205,38.22611196655424,37.4953200927725,37.77639389038086,272484,0.0,0.0
2013-07-04 00:00:00+08:00,38.28232501306169,38.28232501306169,36.146159806129724,36.31480407714844,430785,0.0,0.0
2013-07-05 00:00:00+08:00,37.15803607602603,38.84448138886461,37.10182130627634,38.732051849365234,1502598,0.0,0.0
2013-07-08 00:00:00+08:00,38.00125499704113,38.45097309769462,37.21424610054984,37.38289260864258,575749,0.0,0.0
2013-07-09 00:00:00+08:00,37.04560181280478,37.495322133805956,36.87695752505972,37.38289260864258,331242,0.0,0.0
2013-07-10 00:00:00+08:00,37.38289235843822,39.80013157396747,37.38289235843822,38.78826141357422,1053409,0.0,0.0
2013-07-11 00:00:00+08:00,39.23797985178514,39.29419905517387,38.16989936061134,38.6196174621582,570360,0.0,0.0
2013-07-12 00:00:00+08:00,38.675833581709064,39.743918551049674,38.50718928771247,37.32667922973633,1519972,0.0,0.0
2013-07-15 00:00:00+08:00,39.40367921178066,40.70922015970932,39.40367921178066,40.23447799682617,1451780,3.380324,0.0
2013-07-16 00:00:00+08:00,40.590530960545685,40.590530960545685,39.87841778040404,40.05644607543945,460762,0.0,0.0
2013-07-17 00:00:00+08:00,40.05645059409328,40.05645059409328,39.166306674605394,39.28499221801758,509761,0.0,0.0
2013-07-18 00:00:00+08:00,39.28499264029918,39.46302330122764,37.682735443115234,37.682735443115234,653474,0.0,0.0
2013-07-19 00:00:00+08:00,36.19916266457041,37.386020418426874,36.19916266457041,36.317848205566406,591695,0.0,0.0
2013-07-22 00:00:00+08:00,36.67390469608709,36.7925902366544,35.96178910878682,36.25850296020508,236382,0.0,0.0
2013-07-23 00:00:00+08:00,36.7925910949707,37.26733326831495,36.67390555163464,36.7925910949707,301768,0.0,0.0
2013-07-24 00:00:00+08:00,37.02996657752467,37.97945338082464,36.79259546267387,37.50471115112305,381396,0.0,0.0
2013-07-25 00:00:00+08:00,37.68273188071137,37.68273188071137,37.08930186947602,37.267330169677734,240524,0.0,0.0
2013-07-26 00:00:00+08:00,37.9794484725681,38.869592382118036,37.38602076213246,38.39484786987305,520898,0.0,0.0
2013-07-29 00:00:00+08:00,37.8014200850523,39.04762061841136,37.8014200850523,38.63222122192383,321609,0.0,0.0
2013-07-30 00:00:00+08:00,38.09813370210032,38.57287821045053,35.96178927426551,37.564048767089844,697090,0.0,0.0
2013-07-31 00:00:00+08:00,37.32667582966211,37.50470648755957,36.55521980232455,36.970619201660156,349966,0.0,0.0
2013-08-01 00:00:00+08:00,36.67390555163464,37.32667603998298,36.377191693294485,36.7925910949707,244355,0.0,0.0
2013-08-02 00:00:00+08:00,36.97061728895137,39.16630440249381,36.851931752424356,39.0476188659668,799338,0.0,0.0
2013-08-05 00:00:00+08:00,39.0476188659668,39.75973442902523,38.57287671985875,39.0476188659668,770943,0.0,0.0
2013-08-06 00:00:00+08:00,39.522366487952354,40.53119362837725,39.40368094202001,39.8190803527832,835375,0.0,0.0
2013-08-07 00:00:00+08:00,39.8190764299783,39.8190764299783,38.5728759765625,38.5728759765625,274796,0.0,0.0
2013-08-08 00:00:00+08:00,39.16630500686991,39.16630500686991,37.97944727938901,38.51353454589844,346963,0.0,0.0
2013-08-09 00:00:00+08:00,38.0981330871582,38.928934205438765,37.9201047783616,38.0981330871582,334712,0.0,0.0
2013-08-12 00:00:00+08:00,37.68273237768989,38.51353346681788,37.68273237768989,38.157474517822266,241541,0.0,0.0
2013-08-13 00:00:00+08:00,37.74207910008453,39.225650787353516,37.74207910008453,39.225650787353516,412178,0.0,0.0
2013-08-14 00:00:00+08:00,40.412507236094285,41.896081216971474,40.17513614920082,40.531192779541016,1547622,0.0,0.0
2013-08-15 00:00:00+08:00,40.531187446536556,41.243300613518684,39.819074279554435,40.768558502197266,594813,0.0,0.0
2013-08-16 00:00:00+08:00,40.768558317945775,40.94658660888672,39.997102390535034,40.94658660888672,243776,0.0,0.0
2013-08-19 00:00:00+08:00,40.827904342976424,40.827904342976424,40.23447665910288,40.293819427490234,293242,0.0,0.0
2013-08-20 00:00:00+08:00,40.70922387060216,40.70922387060216,38.632224374760824,39.16630935668945,404992,0.0,0.0
2013-08-22 00:00:00+08:00,38.57287671985875,39.34433505118069,38.57287671985875,39.0476188659668,171980,0.0,0.0
2013-08-23 00:00:00+08:00,39.46302526483615,40.056453017803825,39.46302526483615,39.58171081542969,251618,0.0,0.0
2013-08-26 00:00:00+08:00,40.234476107128835,40.29381887470207,39.46302012867678,39.641048431396484,137708,0.0,0.0
2013-08-27 00:00:00+08:00,40.05644847449271,40.05644847449271,38.869590759277344,38.869590759277344,217606,0.0,0.0
2013-08-28 00:00:00+08:00,38.57287758784556,38.75090589664216,37.860762008762734,38.0981330871582,412132,0.0,0.0
2013-08-29 00:00:00+08:00,38.157475455661704,38.572877182383664,38.157475455661704,38.45418930053711,234069,0.0,0.0
2013-08-30 00:00:00+08:00,38.63222254956324,39.87842312574937,38.63222254956324,39.8190803527832,373847,0.0,0.0
2013-09-02 00:00:00+08:00,40.23447665910288,41.42133202684997,40.17513389071553,40.293819427490234,1017905,0.0,0.0
2013-09-03 00:00:00+08:00,40.41250630790735,40.82790570043011,39.819078604303414,40.23447799682617,373847,0.0,0.0
2013-09-04 00:00:00+08:00,40.234474370474864,40.53118819553388,39.87841778040404,40.05644607543945,283700,0.0,0.0
2013-09-05 00:00:00+08:00,40.471849078267745,40.887248470790496,40.17513522646578,40.23447799682617,722559,0.0,0.0
2013-09-06 00:00:00+08:00,40.35315739806873,40.53118568206403,39.81907254608283,39.997100830078125,365818,0.0,0.0
2013-09-09 00:00:00+08:00,40.11578575339746,40.293814034732954,39.04761372148843,39.106956481933594,379362,0.0,0.0
2013-09-10 00:00:00+08:00,39.58170652955193,39.58170652955193,38.33550369546444,38.69156265258789,366186,0.0,0.0
2013-09-11 00:00:00+08:00,38.750905622615335,39.10696223769069,37.68273343349288,38.51353454589844,245390,0.0,0.0
2013-09-12 00:00:00+08:00,38.276160729721475,39.10696183354114,38.276160729721475,38.869590759277344,137708,0.0,0.0
2013-09-13 00:00:00+08:00,39.16630898043813,39.16630898043813,38.21682223334515,38.27616500854492,157484,0.0,0.0
2013-09-16 00:00:00+08:00,38.09812776458139,38.98827152810147,37.97944224196486,38.33549880981445,243395,0.0,0.0
2013-09-17 00:00:00+08:00,38.39485213702444,38.39485213702444,37.97945269355257,38.038795471191406,150133,0.0,0.0
2013-09-18 00:00:00+08:00,38.09813175030572,38.454188355404995,38.03878898278917,38.157474517822266,101469,0.0,0.0
2013-09-23 00:00:00+08:00,38.57287731507766,38.750905622615335,38.27616112528513,38.51353454589844,190511,0.0,0.0
2013-09-24 00:00:00+08:00,38.572877182383664,38.750905489308906,38.27616099361187,38.45418930053711,165313,0.0,0.0
2013-09-25 00:00:00+08:00,38.5135348182467,38.632220357444425,38.03879031755933,38.0981330871582,155345,0.0,0.0
2013-09-26 00:00:00+08:00,38.09813391098541,38.09813391098541,37.148647232975584,37.38602066040039,416900,0.0,0.0
2013-09-27 00:00:00+08:00,37.623390873143094,37.623390873143094,36.79258975612616,36.851932525634766,288602,0.0,0.0
2013-09-30 00:00:00+08:00,36.851934286403,37.682735443115234,36.49587765233913,37.682735443115234,141057,0.0,0.0
2013-10-01 00:00:00+08:00,37.445361087386004,37.564048973046646,37.0893044620935,37.38602066040039,139883,0.0,0.0
2013-10-02 00:00:00+08:00,37.504704173238665,37.742075243925726,36.67390308193761,36.733245849609375,315729,0.0,0.0
2013-10-03 00:00:00+08:00,37.089307003813275,37.504708772351705,36.79259312906914,37.20799255371094,209669,0.0,0.0
2013-10-04 00:00:00+08:00,37.267328835732,37.56404500267719,37.207986071122214,37.3266716003418,195052,0.0,0.0
2013-10-07 00:00:00+08:00,37.44536179636042,37.44536179636042,36.61456298828125,36.61456298828125,284497,0.0,0.0
2013-10-08 00:00:00+08:00,36.67390421710894,36.851932525634766,36.55521867809173,36.851932525634766,186838,0.0,0.0
2013-10-09 00:00:00+08:00,36.8519315828723,36.8519315828723,36.43653220693897,36.55521774291992,92254,0.0,0.0
2013-10-11 00:00:00+08:00,36.85193300693805,37.02996131778901,36.25850296020508,36.25850296020508,143769,0.0,0.0
2013-10-14 00:00:00+08:00,36.25849949346932,37.504702238067395,36.25849949346932,37.3266716003418,316592,0.0,0.0
2013-10-15 00:00:00+08:00,38.928937515940945,39.937767028808594,38.276164650945425,39.937767028808594,1408764,0.0,0.0
2013-10-16 00:00:00+08:00,40.531198409964425,41.36199732950266,40.11579895019531,40.11579895019531,2785029,0.0,0.0
2013-10-17 00:00:00+08:00,40.64987841123084,42.0147668516242,40.64987841123084,41.54001998901367,2220940,0.0,0.0
2013-10-18 00:00:00+08:00,42.13344483639764,42.72687244845593,41.243298730518035,41.36198425292969,1348509,0.0,0.0
2013-10-21 00:00:00+08:00,41.361989258462614,42.07410716690361,40.115791122328176,40.293819427490234,882277,0.0,0.0
2013-10-22 00:00:00+08:00,40.4718478765853,41.59936516774765,40.4718478765853,41.30264663696289,902595,0.0,0.0
2013-10-23 00:00:00+08:00,41.302647654419516,41.658708962573954,40.35316333345536,40.412506103515625,592333,0.0,0.0
2013-10-24 00:00:00+08:00,40.35316446437092,41.065277725051324,39.93776506230735,40.531192779541016,334435,0.0,0.0
2013-10-25 00:00:00+08:00,40.76856407706126,40.76856407706126,39.937765268641876,40.35316467285156,329689,0.0,0.0
2013-10-28 00:00:00+08:00,40.35316467285156,40.76856407706126,40.05645081270178,40.35316467285156,264338,0.0,0.0
2013-10-29 00:00:00+08:00,40.35316425771371,41.48068160247644,40.11579317203587,40.70922088623047,453633,0.0,0.0
2013-10-30 00:00:00+08:00,40.94658802913306,43.557674407958984,40.94658802913306,43.557674407958984,1888762,0.0,0.0
2013-10-31 00:00:00+08:00,43.91373560375244,44.38848246693442,41.540020039014664,41.83673858642578,3454176,0.0,0.0
2013-11-01 00:00:00+08:00,42.13344726087489,42.96424596556299,41.54001492687665,41.89607620239258,1118623,0.0,0.0
2013-11-04 00:00:00+08:00,42.37082396087459,42.489509505918285,41.005935505079016,41.480682373046875,550967,0.0,0.0
2013-11-05 00:00:00+08:00,41.540025669403704,41.540025669403704,39.87842783032725,40.11579895019531,772569,0.0,0.0
2013-11-06 00:00:00+08:00,40.35315819447652,40.64987200699128,39.878416094452895,40.47184371948242,445291,0.0,0.0
2013-11-07 00:00:00+08:00,40.4718477326523,41.00593264813849,40.115791122328176,40.293819427490234,382063,0.0,0.0
2013-11-08 00:00:00+08:00,39.700393975413874,40.64987832298775,39.463022888520406,40.531192779541016,439218,0.0,0.0
2013-11-11 00:00:00+08:00,41.2433082963592,41.48068408403088,39.70039614714954,39.75973892211914,524052,0.0,0.0
2013-11-12 00:00:00+08:00,39.75974047515074,39.93776880701341,37.74208135958041,38.21682357788086,799383,0.0,0.0
2013-11-13 00:00:00+08:00,38.21682223334515,38.335507783744696,36.911278835053544,38.27616500854492,475822,0.0,0.0
2013-11-14 00:00:00+08:00,37.920104118325774,39.344335251701324,37.920104118325774,38.869590759277344,377508,0.0,0.0
2013-11-15 00:00:00+08:00,38.869595477840214,39.87842500982429,38.572881598990975,39.16630935668945,345022,0.0,0.0
2013-11-18 00:00:00+08:00,39.75973243816584,40.05644626462624,39.463018611705444,39.87841796875,300577,0.0,0.0
2013-11-19 00:00:00+08:00,40.234479462295,42.133452870787195,39.93776559968576,41.480682373046875,1209662,0.0,0.0
2013-11-20 00:00:00+08:00,42.72687783955046,42.72687783955046,40.94659009095433,41.599365234375,579929,0.0,0.0
2013-11-21 00:00:00+08:00,41.955418278677755,42.4301603878536,40.827901081592756,40.94658660888672,757190,0.0,0.0
2013-11-22 00:00:00+08:00,41.42133779751003,41.658713591922464,40.76856725430767,40.88725280761719,245888,0.0,0.0
2013-11-25 00:00:00+08:00,40.88725054907346,41.54002105621786,40.41250836205935,40.649879455566406,206045,0.0,0.0
2013-11-26 00:00:00+08:00,40.64988014984821,41.421336216922256,40.64988014984821,41.1246223449707,294054,0.0,0.0
2013-11-27 00:00:00+08:00,41.421336216922256,41.95542587422828,41.1246223449707,41.1246223449707,736586,0.0,0.0
2013-11-28 00:00:00+08:00,41.421336216922256,41.421336216922256,40.70922292423852,41.1246223449707,439445,0.0,0.0
2013-11-29 00:00:00+08:00,41.24330467759542,41.24330467759542,40.59053421020508,40.59053421020508,362391,0.0,0.0
2013-12-02 00:00:00+08:00,40.59053576097139,40.827906849091214,40.234479128791655,40.35316467285156,275610,0.0,0.0
2013-12-03 00:00:00+08:00,40.0564477697736,41.065274817646284,40.0564477697736,40.827903747558594,346515,0.0,0.0
2013-12-04 00:00:00+08:00,40.887249913364215,41.77739618796894,40.887249913364215,41.183963775634766,856589,0.0,0.0
2013-12-05 00:00:00+08:00,41.30264332179895,43.55767303533053,41.30264332179895,42.43016052246094,2885073,0.0,0.0
2013-12-06 00:00:00+08:00,42.6675346193917,43.91373274876803,42.6675346193917,43.142276763916016,1952276,0.0,0.0
2013-12-09 00:00:00+08:00,43.79505005990521,43.91373560375244,41.83673858642578,41.83673858642578,1280113,0.0,0.0
2013-12-10 00:00:00+08:00,42.25213684321854,42.48950792447104,41.71805191040039,41.71805191040039,488830,0.0,0.0
2013-12-11 00:00:00+08:00,41.71804641983671,41.95541746984852,40.35315819447652,40.47184371948242,901981,0.0,0.0
2013-12-12 00:00:00+08:00,40.4125073724659,41.83673858642578,40.29382182861867,41.83673858642578,592519,0.0,0.0
2013-12-13 00:00:00+08:00,40.768560980036675,41.421331422777826,40.768560980036675,40.827903747558594,466441,0.0,0.0
2013-12-16 00:00:00+08:00,40.64987279065182,41.36198595441558,40.64987279065182,40.94658660888672,286858,0.0,0.0
2013-12-17 00:00:00+08:00,41.12461586153212,41.59936266960235,41.12461586153212,41.24330139160156,268376,0.0,0.0
2013-12-18 00:00:00+08:00,41.30264818288758,41.42133372452668,40.82790601633117,41.065277099609375,307696,0.0,0.0
2013-12-19 00:00:00+08:00,41.658703819387654,42.54884526039462,41.42132808066016,41.95541763305664,967313,0.0,0.0
2013-12-20 00:00:00+08:00,42.25213741277334,44.863224029541016,42.25213741277334,44.863224029541016,3736154,0.0,0.0
2013-12-23 00:00:00+08:00,45.39731621406341,46.5841765135168,44.507174505318645,45.21928787231445,3945803,0.0,0.0
2013-12-24 00:00:00+08:00,45.3973159790039,46.10942934231251,44.685202615695296,45.397315979003906,1314345,0.0,0.0
2013-12-25 00:00:00+08:00,45.75336436114435,47.17759551720428,45.75336436114435,45.931392669677734,1866595,0.0,0.0
2013-12-26 00:00:00+08:00,45.69402187451788,45.69402187451788,44.21045262755511,44.56650924682617,1477493,0.0,0.0
2013-12-27 00:00:00+08:00,45.21928608931572,45.5159999805312,44.56651552864167,44.625858306884766,895806,0.0,0.0
2013-12-30 00:00:00+08:00,44.80388870890831,44.981917051851994,44.032432556152344,44.032432556152344,668280,0.0,0.0
2013-12-31 00:00:00+08:00,44.329133412927945,44.86321828455292,44.03241959535851,44.26979064941406,610180,0.0,0.0
2014-01-02 00:00:00+08:00,44.269800747120264,45.27862795696445,44.269800747120264,44.32914352416992,761301,0.0,0.0
2014-01-03 00:00:00+08:00,44.329138723367564,44.62585257648204,43.617020788099914,43.7357063293457,743647,0.0,0.0
2014-01-06 00:00:00+08:00,43.61701579916578,43.67635856300102,42.31147499479045,42.43016052246094,1021854,0.0,0.0
2014-01-07 00:00:00+08:00,42.48951294663188,43.08294071990492,42.19279905999536,42.8455696105957,616372,0.0,0.0
2014-01-08 00:00:00+08:00,42.72688581871818,43.49834195580099,42.54885747939138,43.43899917602539,819199,0.0,0.0
2014-01-09 00:00:00+08:00,43.438995097396926,43.617023420008074,42.60819625854492,42.60819625854492,615748,0.0,0.0
2014-01-10 00:00:00+08:00,42.6081944093983,43.20162212568137,41.777395606602006,42.014766693115234,883293,0.0,0.0
2014-01-13 00:00:00+08:00,42.548848929400016,42.548848929400016,41.89607848303956,42.13344955444336,658768,0.0,0.0
2014-01-14 00:00:00+08:00,42.01476916335922,42.07411193847656,41.65871251265515,42.07411193847656,504759,0.0,0.0
2014-01-15 00:00:00+08:00,42.19279905999536,43.08294071990492,42.19279905999536,42.8455696105957,751484,0.0,0.0
2014-01-16 00:00:00+08:00,43.498342839527545,44.80388870890831,43.43900005854632,44.032432556152344,2118773,0.0,0.0
2014-01-17 00:00:00+08:00,44.2104510753229,44.38847937870785,43.26096210281049,43.32030487060547,926609,0.0,0.0
2014-01-20 00:00:00+08:00,43.320310469512684,43.320310469512684,42.60819716393625,42.904911041259766,618291,0.0,0.0
2014-01-21 00:00:00+08:00,43.20161781163082,43.20161781163082,42.252133560392025,42.370819091796875,556529,0.0,0.0
2014-01-22 00:00:00+08:00,42.19279662619197,43.32030933037253,42.19279662619197,42.786224365234375,616407,0.0,0.0
2014-01-23 00:00:00+08:00,43.08294184437341,43.55768407538265,42.72688517111647,42.964256286621094,318914,0.0,0.0
2014-01-24 00:00:00+08:00,43.023592972231384,43.08293574270305,42.252136956099704,42.72687911987305,433609,0.0,0.0
2014-01-27 00:00:00+08:00,42.19278933326568,42.19278933326568,40.412501736063895,40.94658660888672,2231426,0.0,0.0
2014-02-05 00:00:00+08:00,40.47184283484226,41.480674463133525,40.353157312430604,41.36198425292969,560438,0.0,0.0
2014-02-06 00:00:00+08:00,41.48067867994835,41.65870698166372,41.00593185424805,41.00593185424805,326152,0.0,0.0
2014-02-07 00:00:00+08:00,41.54001521677515,41.65870543463707,41.12461586153212,41.24330139160156,277498,0.0,0.0
2014-02-10 00:00:00+08:00,41.54002024750037,42.430166518615245,41.48068216307197,41.65871047973633,495026,0.0,0.0
2014-02-11 00:00:00+08:00,41.65870514391026,42.01476173163373,41.65870514391026,41.89607620239258,260981,0.0,0.0
2014-02-12 00:00:00+08:00,42.72687490708068,42.72687490708068,41.71804790853084,41.89607620239258,385170,0.0,0.0
2014-02-13 00:00:00+08:00,42.13344755491482,42.13344755491482,41.24330139160156,41.24330139160156,362391,0.0,0.0
2014-02-14 00:00:00+08:00,41.540020410359425,41.83673896042305,41.06527823072654,41.183963775634766,280594,0.0,0.0
2014-02-17 00:00:00+08:00,41.42132968670571,41.54001521677515,40.88724480139325,41.24330139160156,281629,0.0,0.0
2014-02-18 00:00:00+08:00,41.6587125440593,43.438995798921695,41.540022305941854,43.08293914794922,1823392,0.0,0.0
2014-02-19 00:00:00+08:00,43.676360963518825,44.68519269195722,43.676360963518825,44.15110778808594,3231481,0.0,0.0
2014-02-20 00:00:00+08:00,45.10060261381445,45.10060261381445,43.913742306396145,44.032432556152344,1564757,0.0,0.0
2014-02-21 00:00:00+08:00,44.50716647694766,44.7445375564617,44.26979539743362,44.56650924682617,932825,0.0,0.0
2014-02-24 00:00:00+08:00,45.278626807931495,45.39731235901893,44.09177129705709,44.21045684814453,1055593,0.0,0.0
2014-02-25 00:00:00+08:00,44.507171855318894,44.62585740941821,43.37965440358196,44.32914352416992,825320,0.0,0.0
2014-02-26 00:00:00+08:00,44.625852696952734,46.70285436215397,44.50716715538655,46.52482604980469,3242034,0.0,0.0
2014-02-27 00:00:00+08:00,47.41496324949489,49.72933578491211,47.058906657552626,49.72933578491211,3950813,0.0,0.0
2014-03-03 00:00:00+08:00,50.32277455612082,51.094235363562866,49.43263287960331,50.08540344238281,4174448,0.0,0.0
2014-03-04 00:00:00+08:00,50.322765588251926,50.50079389182954,48.186421257527876,48.957881927490234,2194399,0.0,0.0
2014-03-05 00:00:00+08:00,49.729338280218585,52.340424773272815,49.19525336550601,51.272254943847656,4160821,0.0,0.0
2014-03-06 00:00:00+08:00,51.27225648684321,51.80634141762863,50.44145301782858,51.03488540649414,1910530,0.0,0.0
2014-03-07 00:00:00+08:00,51.62831258079149,51.74699811975551,48.36445088369524,48.89854049682617,2187655,0.0,0.0
2014-03-10 00:00:00+08:00,48.89854325257531,50.14474148192886,48.1864252908659,49.7886848449707,1026214,0.0,0.0
2014-03-11 00:00:00+08:00,50.144740131777525,50.441453987920276,49.37328410580636,49.848026275634766,609311,0.0,0.0
2014-03-12 00:00:00+08:00,49.848023245636696,49.848023245636696,49.07656726655827,49.13591003417969,524130,0.0,0.0
2014-03-13 00:00:00+08:00,49.72933642752759,52.04370899285174,49.72933642752759,51.86568069458008,2012035,0.0,0.0
2014-03-14 00:00:00+08:00,51.33159824797266,51.39094101689351,50.20408095068381,50.44145202636719,1193038,0.0,0.0
2014-03-17 00:00:00+08:00,50.441450721190726,50.441450721190726,49.254595373483795,49.31393814086914,690030,0.0,0.0
2014-03-18 00:00:00+08:00,49.907369046863316,50.144740131777525,49.37328410580636,49.848026275634766,524516,0.0,0.0
2014-03-19 00:00:00+08:00,50.085397259446076,50.085397259446076,48.423794980607816,48.83919906616211,741592,0.0,0.0
2014-03-20 00:00:00+08:00,48.83920282668476,48.83920282668476,47.47431429829658,47.53365707397461,826820,0.0,0.0
2014-03-21 00:00:00+08:00,48.48312828144346,48.48312828144346,46.70284549592562,47.77101516723633,703861,0.0,0.0
2014-03-24 00:00:00+08:00,46.40613368918353,47.11824683394064,45.69401585663417,46.99956130981445,578765,0.0,0.0
2014-03-25 00:00:00+08:00,46.9995714465279,48.30511249349076,46.9995714465279,48.06774139404297,362821,0.0,0.0
2014-03-26 00:00:00+08:00,48.66117745822564,49.07657691322798,47.7710310811413,48.24577331542969,554564,0.0,0.0
2014-03-27 00:00:00+08:00,48.30510792087534,48.839197531868614,47.35562361296342,47.592994689941406,554044,0.0,0.0
2014-03-28 00:00:00+08:00,47.35562484076801,47.88970977781586,46.287454966672314,46.52482604980469,744925,0.0,0.0
2014-03-31 00:00:00+08:00,46.64351097983759,47.771023609933806,46.52482543982747,47.05891036987305,384135,0.0,0.0
2014-04-01 00:00:00+08:00,47.11825875629243,48.89854675644444,47.11825875629243,47.65234375,934969,0.0,0.0
2014-04-02 00:00:00+08:00,48.06773365846256,48.8985370606212,48.00839089315069,48.54248046875,795113,0.0,0.0
2014-04-03 00:00:00+08:00,49.017224655249855,51.21291175203688,49.017224655249855,50.144737243652344,2559833,0.0,0.0
2014-04-07 00:00:00+08:00,50.4414520901221,50.797508704097204,49.25459671020508,49.25459671020508,1481372,0.0,0.0
2014-04-08 00:00:00+08:00,49.61065233335643,50.500793850516295,49.13591019087117,50.144737243652344,1193846,0.0,0.0
2014-04-09 00:00:00+08:00,50.56013756420888,51.21291271013097,50.20408095068381,50.44145202636719,1538235,0.0,0.0
2014-04-10 00:00:00+08:00,50.73816475995795,50.79750752757937,49.017224498936855,49.13591003417969,897009,0.0,0.0
2014-04-11 00:00:00+08:00,47.94904557735523,48.66116341101149,47.88970281519989,48.18641662597656,909457,0.0,0.0
2014-04-14 00:00:00+08:00,47.593001653347876,48.186429432618176,46.940231096150555,47.11825942993164,662959,0.0,0.0
2014-04-15 00:00:00+08:00,47.41496372169603,48.24576244450183,47.41496372169603,47.71167755126953,468002,0.0,0.0
2014-04-16 00:00:00+08:00,47.8897124253458,49.01722982035108,47.771026877218205,48.60182571411133,535433,0.0,0.0
2014-04-17 00:00:00+08:00,48.601825010342985,48.601825010342985,48.00839727829805,48.12708282470703,454698,0.0,0.0
2014-04-18 00:00:00+08:00,48.95788097831887,50.14473631249278,48.66116714477539,48.66116714477539,1085370,0.0,0.0
2014-04-21 00:00:00+08:00,48.720509911484086,48.77985267819278,48.12707755660452,48.66116714477539,165775,0.0,0.0
2014-04-22 00:00:00+08:00,48.54248046875,48.95787982593307,48.30510471971002,48.54248046875,212775,0.0,0.0
2014-04-23 00:00:00+08:00,49.19525088718054,49.491964713739875,48.42379025033376,48.54248046875,450711,0.0,0.0
2014-04-24 00:00:00+08:00,49.07656840321753,49.432625017192635,48.542483482254866,49.25459671020508,687845,0.0,0.0
2014-04-25 00:00:00+08:00,49.49197297029727,50.97554235059218,48.186427227844455,49.19525909423828,2691617,0.0,0.0
2014-04-28 00:00:00+08:00,48.60182075941691,48.720510983237865,47.47430816714867,48.48313522338867,665011,0.0,0.0
2014-04-29 00:00:00+08:00,48.48313301564563,48.779851529997465,48.127076423774426,48.54248046875,458801,0.0,0.0
2014-04-30 00:00:00+08:00,48.83920579608378,49.67000470608846,48.18643053614364,48.24577331542969,505691,0.0,0.0
2014-05-02 00:00:00+08:00,48.3644486234393,48.83919544490148,48.12707755660452,48.66116714477539,283768,0.0,0.0
2014-05-05 00:00:00+08:00,48.83919544490148,49.432623111988434,48.12707755660452,48.66116714477539,552077,0.0,0.0
2014-05-06 00:00:00+08:00,48.779851340520814,48.779851340520814,48.24576176699608,48.72050857543945,444208,0.0,0.0
2014-05-07 00:00:00+08:00,49.135905325610004,49.43261913528375,48.364444732666016,48.364444732666016,634987,0.0,0.0
2014-05-08 00:00:00+08:00,48.48313025653552,48.720505992066755,48.245759208796514,48.364444732666016,259405,0.0,0.0
2014-05-09 00:00:00+08:00,48.36445526835271,48.6018263678005,48.06774139404297,48.06774139404297,225780,0.0,0.0
2014-05-12 00:00:00+08:00,48.0677386174086,48.0677386174086,47.17759704589844,47.17759704589844,454828,0.0,0.0
2014-05-13 00:00:00+08:00,47.17759303871003,47.71167793625182,46.52482260838117,47.355621337890625,319862,0.0,0.0
2014-05-14 00:00:00+08:00,47.35562307382989,47.47430861096767,46.76219538814099,46.940223693847656,179849,0.0,0.0
2014-05-15 00:00:00+08:00,46.76219764586036,47.29628258876646,46.76219764586036,47.17759704589844,70438,0.0,0.0
2014-05-16 00:00:00+08:00,46.70284749949899,47.474303406319194,46.70284749949899,46.99956130981445,113339,0.0,0.0
2014-05-19 00:00:00+08:00,47.23693253915917,47.23693253915917,46.70284767854381,46.821533203125,186579,0.0,0.0
2014-05-20 00:00:00+08:00,46.821533203125,47.414960826030956,46.643504916253214,46.821533203125,221576,0.0,0.0
2014-05-21 00:00:00+08:00,46.8215433027897,47.59299937897476,46.28745832696927,46.88088607788086,245390,0.0,0.0
2014-05-22 00:00:00+08:00,47.949050507159825,48.30510711669922,47.177594519824474,48.30510711669922,425023,0.0,0.0
2014-05-23 00:00:00+08:00,48.30510711669922,48.83919671880105,47.88970773890326,48.30510711669922,326225,0.0,0.0
2014-05-26 00:00:00+08:00,48.305101970731265,49.135905325610004,48.305101970731265,48.364444732666016,373884,0.0,0.0
2014-05-27 00:00:00+08:00,48.36444797633123,48.95788032327077,47.59299201944013,47.71167755126953,135844,0.0,0.0
2014-05-28 00:00:00+08:00,47.889708134573446,48.48313582204207,47.77102259707972,47.94905090332031,179384,0.0,0.0
2014-05-29 00:00:00+08:00,47.949043445788114,48.186414483857156,47.77101516723633,47.77101516723633,101479,0.0,0.0
2014-05-30 00:00:00+08:00,47.77102031718423,47.77102031718423,47.296278189866634,47.71167755126953,327394,0.0,0.0
2014-06-03 00:00:00+08:00,48.00839584597459,48.00839584597459,47.17759704589844,47.17759704589844,155707,0.0,0.0
2014-06-04 00:00:00+08:00,47.17759704589844,47.17759704589844,46.70285487442635,47.17759704589844,456017,0.0,0.0
2014-06-05 00:00:00+08:00,47.177601533371046,47.949057635393096,46.94023042505657,47.65234375,409087,0.0,0.0
2014-06-06 00:00:00+08:00,48.2457660615277,49.729340008412535,48.06773775043667,49.37328338623047,1592094,0.0,0.0
2014-06-09 00:00:00+08:00,49.848029621568045,50.144743497627026,48.601826654327034,49.19525909423828,1386759,0.0,0.0
2014-06-10 00:00:00+08:00,49.19525704467432,50.02605586302688,48.77985763549805,48.77985763549805,653040,0.0,0.0
2014-06-11 00:00:00+08:00,49.1952531273508,49.1952531273508,48.2457641513322,48.48313522338867,412229,0.0,0.0
2014-06-12 00:00:00+08:00,48.483135421468916,48.60182095798205,48.186421580186085,48.30510711669922,189478,0.0,0.0
2014-06-13 00:00:00+08:00,48.18641644686176,48.42378749460077,48.18641644686176,48.364444732666016,180988,0.0,0.0
2014-06-16 00:00:00+08:00,48.36445028454835,48.36445028454835,47.652337059585996,47.94905090332031,406939,0.0,0.0
2014-06-17 00:00:00+08:00,48.06773868059811,48.364452538158226,45.69402313232422,45.69402313232422,951021,0.0,0.0
2014-06-18 00:00:00+08:00,48.5107726635138,49.38709954624935,48.5107726635138,48.76115036010742,1184889,3.863228,0.0
2014-06-19 00:00:00+08:00,48.823757449363306,49.0741351855489,48.51078033447265,48.510780334472656,223971,0.0,0.0
2014-06-20 00:00:00+08:00,48.510776581561856,48.63596543996974,48.13521000633821,48.260398864746094,250938,0.0,0.0
2014-06-23 00:00:00+08:00,48.26039719648901,48.76115261281051,47.071103082725436,47.133697509765625,459305,0.0,0.0
2014-06-24 00:00:00+08:00,47.13370233721864,47.57186337137659,46.820730169962964,46.945919036865234,294521,0.0,0.0
2014-06-25 00:00:00+08:00,46.945917163909684,47.13370045677128,46.69553944009422,46.82072830200195,183581,0.0,0.0
2014-06-26 00:00:00+08:00,46.94592201621956,47.00851645364316,46.63294982910156,46.63294982910156,284735,0.0,0.0
2014-06-27 00:00:00+08:00,46.63294594061692,46.94591810163776,46.38256821180025,46.883323669433594,199844,0.0,0.0
2014-06-30 00:00:00+08:00,46.94591516404771,47.822237160071154,46.94591516404771,47.196292877197266,288877,0.0,0.0
2014-07-01 00:00:00+08:00,47.44667240572516,47.571861267089844,47.19629468299579,47.571861267089844,175454,0.0,0.0
2014-07-02 00:00:00+08:00,47.82224300294997,47.82224300294997,46.695543156117786,47.071109771728516,305959,0.0,0.0
2014-07-03 00:00:00+08:00,47.25888805830283,48.0100212097168,46.75813262402685,48.0100212097168,323304,0.0,0.0
2014-07-04 00:00:00+08:00,48.072607084287725,48.072607084287725,47.44666290283203,47.44666290283203,157734,0.0,0.0
2014-07-07 00:00:00+08:00,46.820727890845546,46.820727890845546,45.068078894869764,45.44364547729492,674554,0.0,0.0
2014-07-08 00:00:00+08:00,45.443643541983974,46.0069933916303,45.25586025876853,45.56883239746094,161824,0.0,0.0
2014-07-09 00:00:00+08:00,45.56882865347025,45.63142307606589,44.94288442751378,45.06807327270508,257310,0.0,0.0
2014-07-10 00:00:00+08:00,45.068081835043486,45.381054007482284,45.00548740055573,45.13067626953125,142990,0.0,0.0
2014-07-11 00:00:00+08:00,45.63143015449122,45.63143015449122,43.816186672976045,44.00397491455078,302962,0.0,0.0
2014-07-14 00:00:00+08:00,44.442135719668144,45.25586333559152,44.442135719668144,44.75510787963867,185518,0.0,0.0
2014-07-15 00:00:00+08:00,44.81770594491495,45.5688391897371,44.81770594491495,45.25586700439453,246426,0.0,0.0
2014-07-16 00:00:00+08:00,45.44364758007612,45.44364758007612,44.75510881376973,44.81770324707031,94221,0.0,0.0
2014-07-17 00:00:00+08:00,44.69251921424048,45.068085854663806,44.31695257381715,44.62992477416992,93186,0.0,0.0
2014-07-18 00:00:00+08:00,44.316939271176366,45.381044432962746,44.19175042861326,45.00547790527344,109321,0.0,0.0
2014-07-21 00:00:00+08:00,45.19326211789637,45.31845096308766,44.81769558232249,45.06807327270508,99398,0.0,0.0
2014-07-22 00:00:00+08:00,44.567325360113315,45.819214021805976,44.567325360113315,45.318458557128906,143135,0.0,0.0
2014-07-23 00:00:00+08:00,45.318458557128906,45.318458557128906,45.318458557128906,45.318458557128906,0,0.0,0.0
2014-07-24 00:00:00+08:00,45.255866911662814,45.81921684412509,45.13067803778231,45.50624465942383,92200,0.0,0.0
2014-07-25 00:00:00+08:00,45.506242876457804,45.631431745433325,45.13067626953125,45.13067626953125,83867,0.0,0.0
2014-07-28 00:00:00+08:00,44.504734967970194,44.81770716181061,44.504734967970194,44.56732940673828,129425,0.0,0.0
2014-07-29 00:00:00+08:00,44.62992384550636,44.94289603934678,44.316951651665946,44.56732940673828,142989,0.0,0.0
2014-07-30 00:00:00+08:00,44.62992112907996,44.81770443395467,44.12916564941407,44.12916564941406,79864,0.0,0.0
2014-07-31 00:00:00+08:00,44.755102219516026,44.755102219516026,44.12915797873737,44.37953567504883,50745,0.0,0.0
2014-08-01 00:00:00+08:00,44.12916083791417,44.69251069111502,43.94137755351389,44.31694412231445,61088,0.0,0.0
2014-08-04 00:00:00+08:00,44.00397677949759,44.62992112907996,44.00397677949759,44.12916564941406,65302,0.0,0.0
2014-08-05 00:00:00+08:00,44.12916593372218,44.12916593372218,43.81618881225586,43.81618881225586,83097,0.0,0.0
2014-08-06 00:00:00+08:00,43.190242922355495,43.565809521165576,41.93835425965522,42.68948745727539,551357,0.0,0.0
2014-08-07 00:00:00+08:00,42.68948476599944,42.68948476599944,41.93835161573301,42.000946044921875,229653,0.0,0.0
2014-08-08 00:00:00+08:00,41.93835043922763,41.93835043922763,41.06202598283804,41.24980926513672,227092,0.0,0.0
2014-08-11 00:00:00+08:00,41.374999160524354,43.065051216043955,41.374999160524354,42.50170135498047,119206,0.0,0.0
2014-08-12 00:00:00+08:00,42.56429968839251,42.752082992638954,41.93835534090436,42.25132751464844,74549,0.0,0.0
2014-08-13 00:00:00+08:00,42.50170229202502,42.56429672241211,42.31391900086376,42.56429672241211,62124,0.0,0.0
2014-08-14 00:00:00+08:00,42.93986235802985,42.93986235802985,42.25132363895225,42.50170135498047,68397,0.0,0.0
2014-08-15 00:00:00+08:00,42.063544135238566,42.62689404697125,41.312408447265625,41.312408447265625,139790,0.0,0.0
2014-08-18 00:00:00+08:00,41.31240632792221,41.31240632792221,39.246785146210875,39.30937957763672,445420,0.0,0.0
2014-08-19 00:00:00+08:00,39.309385353413816,39.62236002885803,39.18419647216797,39.18419647216797,244417,0.0,0.0
2014-08-20 00:00:00+08:00,39.24678834528376,39.74754630983739,39.24678834528376,39.434574127197266,94471,0.0,0.0
2014-08-21 00:00:00+08:00,39.935325622558594,40.12310891334868,39.309378847595795,39.935325622558594,98363,0.0,0.0
2014-08-22 00:00:00+08:00,40.18570335240667,41.75056905399155,39.87273120102137,41.375,273876,0.0,0.0
2014-08-25 00:00:00+08:00,41.87575798183153,41.87575798183153,40.68646133232725,41.1246223449707,112858,0.0,0.0
2014-08-26 00:00:00+08:00,41.24980857388993,42.43910514751426,41.24980857388993,41.875755310058594,101663,0.0,0.0
2014-08-27 00:00:00+08:00,42.00094610701822,42.43910711198811,41.68797396061117,41.75056838989258,165718,0.0,0.0
2014-08-28 00:00:00+08:00,41.8131618782065,41.93835073395206,41.62537859458816,41.68797302246094,99467,0.0,0.0
2014-08-29 00:00:00+08:00,41.75056999822438,41.75056999822438,41.375000935738946,41.43759536743164,51770,0.0,0.0
2014-09-01 00:00:00+08:00,41.43759536743164,41.93835329330248,41.43759536743164,41.43759536743164,99398,0.0,0.0
2014-09-02 00:00:00+08:00,41.56278292606006,41.56278292606006,40.74905291567478,41.18721389770508,88009,0.0,0.0
2014-09-03 00:00:00+08:00,41.43759160172239,41.56278292606006,41.18721389770508,41.18721389770508,61399,0.0,0.0
2014-09-04 00:00:00+08:00,41.31240274971373,41.43759160172239,40.99943061969209,41.18721389770508,72953,0.0,0.0
2014-09-05 00:00:00+08:00,43.503212157022695,43.503212157022695,41.68797371840811,42.752079010009766,380035,0.0,0.0
2014-09-09 00:00:00+08:00,42.87726613220201,42.87726613220201,41.875755310058594,41.875755310058594,271337,0.0,0.0
2014-09-10 00:00:00+08:00,41.68797496387053,41.81316382544614,41.3124059068145,41.56278610229492,148062,0.0,0.0
2014-09-11 00:00:00+08:00,41.56279084649116,42.06354634995247,41.500196408558494,41.62538528442383,97360,0.0,0.0
2014-09-12 00:00:00+08:00,41.625382230537625,41.625382230537625,40.686463258102876,40.99943542480469,122695,0.0,0.0
2014-09-15 00:00:00+08:00,40.87424475724215,40.87424475724215,40.18570354850535,40.62386703491211,51252,0.0,0.0
2014-09-16 00:00:00+08:00,40.68645760133118,41.12461857379476,40.68645760133118,40.87424087524414,25885,0.0,0.0
2014-09-17 00:00:00+08:00,41.0620286559478,41.0620286559478,40.43608186854108,40.49867630004883,61088,0.0,0.0
2014-09-18 00:00:00+08:00,40.49866964672994,41.06202191007865,40.18569754060778,40.31088638305664,67301,0.0,0.0
2014-09-19 00:00:00+08:00,40.62386251713761,41.87575346189436,40.62386251713761,41.500186920166016,143346,0.0,0.0
2014-09-22 00:00:00+08:00,42.87726455252217,44.37953567504883,42.31391473582137,44.37953567504883,1453802,0.0,0.0
2014-09-23 00:00:00+08:00,45.06808397646418,46.00700053839341,44.50473403930664,44.50473403930664,1672834,0.0,0.0
2014-09-24 00:00:00+08:00,44.567324197164446,44.94289078587213,43.37802505493164,43.37802505493164,549800,0.0,0.0
2014-09-25 00:00:00+08:00,43.56580652450433,44.06656689979838,42.06354023259695,43.00245666503906,383617,0.0,0.0
2014-09-26 00:00:00+08:00,42.31391906738281,42.87726894175221,41.8131636234989,42.31391906738281,212257,0.0,0.0
2014-09-29 00:00:00+08:00,42.626893101994106,42.626893101994106,41.81316546975273,42.439109802246094,163593,0.0,0.0
2014-09-30 00:00:00+08:00,42.564296857034,42.564296857034,41.31240577300359,42.063541412353516,182231,0.0,0.0
2014-10-01 00:00:00+08:00,42.06354421040199,42.376516384146065,41.87576090615555,42.25132751464844,109933,0.0,0.0
2014-10-02 00:00:00+08:00,41.68797630396459,43.44062042236328,41.68797630396459,43.44062042236328,292309,0.0,0.0
2014-10-03 00:00:00+08:00,43.440618547697426,44.1291622234416,43.3154296875,43.3154296875,322181,0.0,0.0
2014-10-06 00:00:00+08:00,43.50321358564751,43.94137954711914,43.25283586175425,43.94137954711914,189478,0.0,0.0
2014-10-07 00:00:00+08:00,44.19175575745733,44.81770004575207,43.00245666503906,43.00245666503906,564294,0.0,0.0
2014-10-08 00:00:00+08:00,43.06505677750904,43.440623400052424,42.939867903327915,43.12765121459961,177054,0.0,0.0
2014-10-09 00:00:00+08:00,43.56580960073415,43.62840403398348,42.12613763599941,42.439109802246094,132635,0.0,0.0
2014-10-13 00:00:00+08:00,41.50019310642014,41.50019310642014,40.37348836862425,40.56127166748047,239479,0.0,0.0
2014-10-14 00:00:00+08:00,40.561271919092846,40.99943542480469,40.561271919092846,40.99943542480469,100564,0.0,0.0
2014-10-15 00:00:00+08:00,41.06202899448663,41.187217858534254,40.37348776989543,40.68646240234375,100434,0.0,0.0
2014-10-16 00:00:00+08:00,40.373487437033326,40.749056498409054,38.80862417701038,40.49867630004883,131496,0.0,0.0
2014-10-17 00:00:00+08:00,40.74905743866598,40.87424630457012,38.808625072493136,40.56127166748047,192895,0.0,0.0
2014-10-20 00:00:00+08:00,41.312403803486674,41.312403803486674,40.749053955078125,40.749053955078125,101469,0.0,0.0
2014-10-21 00:00:00+08:00,40.749051084620845,40.93683435419581,40.56126534271698,40.8116455078125,81796,0.0,0.0
2014-10-22 00:00:00+08:00,41.312401847707726,41.312401847707726,40.87424087524414,40.87424087524414,121259,0.0,0.0
2014-10-23 00:00:00+08:00,40.87424536142455,40.87424536142455,40.06051527949459,40.49867630004883,72581,0.0,0.0
2014-10-24 00:00:00+08:00,40.561275788835964,40.561275788835964,39.747548077777665,39.810142517089844,104739,0.0,0.0
2014-10-27 00:00:00+08:00,39.62235121861513,39.62235121861513,37.869702326224974,37.93229675292969,380226,0.0,0.0
2014-10-28 00:00:00+08:00,38.620842901881524,40.561272852411555,38.433059597539525,39.87273406982422,309911,0.0,0.0
2014-10-29 00:00:00+08:00,40.68645941824067,41.56278387463026,39.872729389283975,41.24980926513672,208424,0.0,0.0
2014-10-30 00:00:00+08:00,41.312408447265625,41.75057196205374,40.62386966625901,41.312408447265625,101469,0.0,0.0
2014-10-31 00:00:00+08:00,41.43759731653956,41.87576083132767,41.06203070871777,41.312408447265625,108875,0.0,0.0
2014-11-03 00:00:00+08:00,42.06354335915165,42.37651552656203,41.50019345781297,41.9383544921875,133639,0.0,0.0
2014-11-04 00:00:00+08:00,41.93835747408714,42.00095191201981,41.43759949829635,41.62538528442383,50734,0.0,0.0
2014-11-05 00:00:00+08:00,41.93835241220918,41.93835241220918,40.936839053837794,41.1246223449707,79902,0.0,0.0
2014-11-06 00:00:00+08:00,41.12462515157449,41.249814020873444,40.06051729020404,40.123111724853516,76619,0.0,0.0
2014-11-07 00:00:00+08:00,40.68646410902816,40.81165297832711,39.87273398625561,40.123111724853516,104575,0.0,0.0
2014-11-10 00:00:00+08:00,40.06051737416622,40.37348954806955,39.87273406982422,39.87273406982422,100438,0.0,0.0
2014-11-11 00:00:00+08:00,39.99792293938555,40.561272852411555,39.747545200262884,39.87273406982422,92150,0.0,0.0
2014-11-12 00:00:00+08:00,40.31089803158726,40.31089803158726,39.49716784819942,39.810142517089844,86249,0.0,0.0
2014-11-13 00:00:00+08:00,40.1857091529629,40.1857091529629,39.810142517089844,39.810142517089844,27955,0.0,0.0
2014-11-14 00:00:00+08:00,39.49716414159596,40.0605165148674,39.49716414159596,39.55976104736328,18637,0.0,0.0
2014-11-17 00:00:00+08:00,39.93532747107115,39.93532747107115,38.871219635009766,38.871219635009766,42451,0.0,0.0
2014-11-18 00:00:00+08:00,39.12159162932565,39.37196932524328,38.37045854157278,38.74602508544922,49751,0.0,0.0
2014-11-19 00:00:00+08:00,38.37046133097586,38.996405616273954,38.37046133097586,38.93381118774414,28991,0.0,0.0
2014-11-20 00:00:00+08:00,38.933818709676274,39.37197979403674,38.933818709676274,39.18419647216797,47818,0.0,0.0
2014-11-21 00:00:00+08:00,39.184192814907526,39.93532850460489,39.184192814907526,39.87273406982422,144956,0.0,0.0
2014-11-24 00:00:00+08:00,40.06051849247751,40.123112929005536,39.434574127197266,39.434574127197266,93269,0.0,0.0
2014-11-25 00:00:00+08:00,39.49716414159596,39.74754434767733,39.49716414159596,39.55976104736328,46624,0.0,0.0
2014-11-26 00:00:00+08:00,39.747548077777665,39.872736956402015,39.49716784819942,39.810142517089844,71442,0.0,0.0
2014-11-27 00:00:00+08:00,40.31089803158726,40.31089803158726,39.43457588121678,39.810142517089844,104714,0.0,0.0
2014-11-28 00:00:00+08:00,39.74754630983739,39.74754630983739,39.37197721833981,39.434574127197266,34261,0.0,0.0
2014-12-01 00:00:00+08:00,38.683437247854386,41.43759731653956,38.683437247854386,41.312408447265625,372002,0.0,0.0
2014-12-02 00:00:00+08:00,40.99943542480469,40.99943542480469,40.99943542480469,40.99943542480469,536697,0.0,0.0
2014-12-03 00:00:00+08:00,41.312408447265625,41.312408447265625,41.312408447265625,41.312408447265625,534268,0.0,0.0
2014-12-04 00:00:00+08:00,41.375,41.375,41.375,41.375,476285,0.0,0.0
2014-12-05 00:00:00+08:00,41.375000935738946,41.43759536743164,40.99943434558275,41.43759536743164,134612,0.0,0.0
2014-12-08 00:00:00+08:00,41.625382230537625,41.75057109721835,40.99943542480469,40.99943542480469,159452,0.0,0.0
2014-12-09 00:00:00+08:00,40.99943542480469,41.06202985814505,40.123110885710304,40.99943542480469,185337,0.0,0.0
2014-12-10 00:00:00+08:00,40.686461465494624,41.938352549474004,40.498675701417895,40.62386703491211,224755,0.0,0.0
2014-12-11 00:00:00+08:00,40.62386882476251,40.99943542480469,40.18570531905067,40.99943542480469,129425,0.0,0.0
2014-12-12 00:00:00+08:00,41.249806470154084,41.87575317439953,40.8116455078125,40.8116455078125,140814,0.0,0.0
2014-12-15 00:00:00+08:00,41.12462989490188,41.12462989490188,40.43608856201172,40.43608856201172,160565,0.0,0.0
2014-12-16 00:00:00+08:00,40.43608856201172,40.68646880181792,40.37349412014258,40.43608856201172,76619,0.0,0.0
2014-12-17 00:00:00+08:00,40.498679272797176,40.498679272797176,39.74754603956832,40.185707092285156,78794,0.0,0.0
2014-12-18 00:00:00+08:00,40.18569754060778,40.623860961507624,40.06050869815891,40.31088638305664,122225,0.0,0.0
2014-12-19 00:00:00+08:00,40.87423864640535,40.87423864640535,39.810131013261184,40.31088638305664,67301,0.0,0.0
2014-12-22 00:00:00+08:00,40.18570522380589,40.68646316167124,39.55976089188582,40.060516357421875,117000,0.0,0.0
2014-12-23 00:00:00+08:00,40.12310891334868,40.498675494928854,39.810136762031874,39.935325622558594,152204,0.0,0.0
2014-12-24 00:00:00+08:00,39.99792005282196,40.24829777387541,39.872731192295234,39.935325622558594,97327,0.0,0.0
2014-12-25 00:00:00+08:00,39.93533139571419,39.93533139571419,39.810142517089844,39.810142517089844,93186,0.0,0.0
2014-12-26 00:00:00+08:00,39.62235919915331,39.93533139571419,39.55976475984113,39.810142517089844,155059,0.0,0.0
2014-12-29 00:00:00+08:00,39.93532111080044,40.874239931004155,39.93532111080044,40.8116455078125,215093,0.0,0.0
2014-12-30 00:00:00+08:00,40.87424741297659,40.87424741297659,40.06051729020404,40.123111724853516,98363,0.0,0.0
2014-12-31 00:00:00+08:00,40.185700404636734,40.373483681693315,40.060511553265684,40.248294830322266,44523,0.0,0.0
2015-01-05 00:00:00+08:00,40.373483005813945,40.9368352998818,40.18569973190098,40.87424087524414,74549,0.0,0.0
2015-01-06 00:00:00+08:00,40.87424475724215,40.87424475724215,40.24829797908786,40.62386703491211,93186,0.0,0.0
2015-01-07 00:00:00+08:00,40.62386763539356,40.686462066901306,40.31089300552558,40.49867630004883,37274,0.0,0.0
2015-01-08 00:00:00+08:00,40.81165768555619,40.87425212742533,40.43608856201172,40.43608856201172,82832,0.0,0.0
2015-01-09 00:00:00+08:00,40.81165119354886,40.999434489285136,40.49867656165916,40.93684005737305,115965,0.0,0.0
2015-01-12 00:00:00+08:00,40.93684656929447,40.93684656929447,40.37349412014258,40.43608856201172,92150,0.0,0.0
2015-01-13 00:00:00+08:00,40.436075225505505,40.436075225505505,40.06050869815891,40.31088638305664,53840,0.0,0.0
2015-01-14 00:00:00+08:00,40.123111724853516,40.24830059415247,40.06051729020404,40.123111724853516,52805,0.0,0.0
2015-01-15 00:00:00+08:00,39.93532655826026,40.12310985345018,39.93532655826026,39.997920989990234,51770,0.0,0.0
2015-01-16 00:00:00+08:00,40.81165297832711,41.56278866645018,40.123111724853516,40.123111724853516,251650,0.0,0.0
2015-01-19 00:00:00+08:00,40.3734867015718,40.3734867015718,39.62235353716179,39.6849479675293,120106,0.0,0.0
2015-01-20 00:00:00+08:00,39.747542331768514,39.935325622558594,39.4345701804517,39.935325622558594,136880,0.0,0.0
2015-01-21 00:00:00+08:00,39.872733057845856,40.12311079061388,39.872733057845856,40.060516357421875,48663,0.0,0.0
2015-01-22 00:00:00+08:00,39.99791712758015,40.561266958749904,39.99791712758015,40.248294830322266,54880,0.0,0.0
2015-01-23 00:00:00+08:00,40.248299656997894,40.248299656997894,39.872733057845856,40.060516357421875,64195,0.0,0.0
2015-01-26 00:00:00+08:00,39.872731192295234,40.06051448308532,39.872731192295234,39.935325622558594,41416,0.0,0.0
2015-01-27 00:00:00+08:00,39.747539424838045,40.31088925600779,39.747539424838045,40.248294830322266,56015,0.0,0.0
2015-01-28 00:00:00+08:00,40.06051448308532,40.06051448308532,39.935325622558594,39.935325622558594,48802,0.0,0.0
2015-01-29 00:00:00+08:00,39.9353266304905,40.06051549417688,39.74754333496094,39.74754333496094,58592,0.0,0.0
2015-01-30 00:00:00+08:00,39.87273406982422,40.24830067850822,39.87273406982422,39.87273406982422,17601,0.0,0.0
2015-02-02 00:00:00+08:00,39.872736956402015,40.06052027433855,39.747548077777665,39.810142517089844,30026,0.0,0.0
2015-02-03 00:00:00+08:00,39.872731258631795,39.872731258631795,39.6849479675293,39.6849479675293,46593,0.0,0.0
2015-02-04 00:00:00+08:00,39.62235353716179,39.872731258631795,39.62235353716179,39.6849479675293,50734,0.0,0.0
2015-02-05 00:00:00+08:00,39.747542331768514,39.935325622558594,39.68494790150515,39.935325622558594,65265,0.0,0.0
2015-02-06 00:00:00+08:00,40.06051849247751,40.37349067511764,39.37197721833981,39.434574127197266,208193,0.0,0.0
2015-02-09 00:00:00+08:00,39.74754333496094,39.87273219864731,39.68494890311775,39.74754333496094,95360,0.0,0.0
2015-02-10 00:00:00+08:00,39.74754016379556,39.74754016379556,39.24678227667261,39.371971130371094,88245,0.0,0.0
2015-02-11 00:00:00+08:00,39.37197721833981,39.55976300025331,39.37197721833981,39.434574127197266,34271,0.0,0.0
2015-02-12 00:00:00+08:00,39.55976558823511,39.55976558823511,39.121602031545045,39.18419647216797,126350,0.0,0.0
2015-02-13 00:00:00+08:00,39.309385353413816,39.43457670698926,39.121602031545045,39.18419647216797,124300,0.0,0.0
2015-02-24 00:00:00+08:00,39.30937197046303,39.371966389775565,39.05899429321289,39.05899429321289,105776,0.0,0.0
2015-02-25 00:00:00+08:00,39.12159906467598,39.872734767516704,39.12159906467598,39.49716567993164,138744,0.0,0.0
2015-02-26 00:00:00+08:00,39.99792208142939,39.99792208142939,39.55976104736328,39.55976104736328,59648,0.0,0.0
2015-03-02 00:00:00+08:00,39.497162871914256,39.55975977566933,39.246785146210875,39.30937957763672,79804,0.0,0.0
2015-03-03 00:00:00+08:00,39.309380841281914,39.55976104736328,39.309380841281914,39.55976104736328,51770,0.0,0.0
2015-03-04 00:00:00+08:00,39.55976104736328,39.622355480801296,39.43457218048725,39.55976104736328,126350,0.0,0.0
2015-03-05 00:00:00+08:00,39.74754312195584,40.686462066901306,39.55975982743259,40.49867630004883,336630,0.0,0.0
2015-03-06 00:00:00+08:00,40.37348663440213,40.37348663440213,39.68494790150515,39.935325622558594,249740,0.0,0.0
2015-03-09 00:00:00+08:00,39.55976104736328,39.81013878111534,39.43457218048725,39.55976104736328,131522,0.0,0.0
2015-03-10 00:00:00+08:00,39.55975977566933,39.81013750137271,39.30937957763672,39.30937957763672,168770,0.0,0.0
2015-03-11 00:00:00+08:00,39.371971130371094,39.434568029549375,39.30937670352185,39.371971130371094,83870,0.0,0.0
2015-03-12 00:00:00+08:00,39.371971130371094,39.434568029549375,39.121593422974136,39.371971130371094,193620,0.0,0.0
2015-03-13 00:00:00+08:00,39.434568029549375,39.62235131009709,39.121593422974136,39.371971130371094,119631,0.0,0.0
2015-03-16 00:00:00+08:00,39.371971130371094,39.371971130371094,39.371971130371094,39.371971130371094,0,0.0,0.0
2015-03-17 00:00:00+08:00,39.43457091281764,39.747543069946865,39.30937957763672,39.30937957763672,107061,0.0,0.0
2015-03-18 00:00:00+08:00,39.309374198767586,39.74753763112196,39.18418535304602,39.62234878540039,101479,0.0,0.0
2015-03-19 00:00:00+08:00,39.622355480801296,39.81013878111534,39.309380841281914,39.55976104736328,122472,0.0,0.0
2015-03-20 00:00:00+08:00,39.559759106794296,39.747542397896794,39.434570246059295,39.6849479675293,99398,0.0,0.0
2015-03-23 00:00:00+08:00,39.747542397896794,39.9353256889993,39.62235353716179,39.6849479675293,60294,0.0,0.0
2015-03-24 00:00:00+08:00,39.74754630983739,39.74754630983739,39.434574127197266,39.434574127197266,77655,0.0,0.0
2015-03-25 00:00:00+08:00,39.43456997233329,39.55975883219933,39.24678421020508,39.24678421020508,84903,0.0,0.0
2015-03-26 00:00:00+08:00,39.24678421020508,39.43456997233329,39.24678421020508,39.24678421020508,46696,0.0,0.0
2015-03-27 00:00:00+08:00,39.30937864013809,39.62235326213234,38.871217630606985,39.24678421020508,158417,0.0,0.0
2015-03-30 00:00:00+08:00,39.43456997233329,39.43456997233329,39.12159535033905,39.24678421020508,47732,0.0,0.0
2015-03-31 00:00:00+08:00,39.30938058914865,39.30938058914865,38.80862512485641,39.12159729003906,118294,0.0,0.0
2015-04-01 00:00:00+08:00,38.87121393340803,39.058997205346245,38.74602508544922,38.74602508544922,73513,0.0,0.0
2015-04-02 00:00:00+08:00,38.74603280562,38.74603280562,38.182682877557525,38.49565505981445,201584,0.0,0.0
2015-04-07 00:00:00+08:00,38.24527586176638,38.370467210337715,38.120086985524544,38.3078727722168,157762,0.0,0.0
2015-04-08 00:00:00+08:00,38.18267881972055,38.49565096871659,37.994893057993764,38.05748748779297,125283,0.0,0.0
2015-04-09 00:00:00+08:00,37.99489399254695,38.24527171790227,37.99489399254695,38.12008285522461,70407,0.0,0.0
2015-04-10 00:00:00+08:00,38.1826769320776,38.1826769320776,37.807107899520254,37.93229675292969,121142,0.0,0.0
2015-04-13 00:00:00+08:00,37.99489147477914,38.370460510253906,37.932297047588186,38.370460510253906,70510,0.0,0.0
2015-04-14 00:00:00+08:00,38.18268389597496,38.3078727722168,38.18268389597496,38.3078727722168,28991,0.0,0.0
2015-04-15 00:00:00+08:00,38.18267822265625,38.24527017914754,37.869703606225045,38.18267822265625,91115,0.0,0.0
2015-04-16 00:00:00+08:00,38.1826769320776,38.1826769320776,37.869702326224974,37.93229675292969,89044,0.0,0.0
2015-04-17 00:00:00+08:00,37.18116186056439,38.05748379266835,37.118567436842675,37.30635070800781,176277,0.0,0.0
2015-04-20 00:00:00+08:00,37.1185651830204,37.181159602941406,36.99337387084961,36.99337387084961,94523,0.0,0.0
2015-04-21 00:00:00+08:00,36.993380852168315,37.24376105143238,35.67889778576049,35.92927551269531,370645,0.0,0.0
2015-04-22 00:00:00+08:00,35.74149398906146,36.43003277226043,35.74149398906146,36.30484390258789,107680,0.0,0.0
2015-04-23 00:00:00+08:00,36.3048390958419,36.680405655134656,35.99186696309794,36.49262237548828,103643,0.0,0.0
2015-04-24 00:00:00+08:00,36.49262611337385,36.80559827817509,36.304842814493114,36.743003845214844,60420,0.0,0.0
2015-04-27 00:00:00+08:00,36.74300190606733,36.86819076538086,36.74300190606733,36.86819076538086,34191,0.0,0.0
2015-04-28 00:00:00+08:00,37.11857001058789,37.11857001058789,36.743000969887305,36.80559539794922,35209,0.0,0.0
2015-04-29 00:00:00+08:00,36.80559827817509,36.93078961642488,36.61781497929435,36.743003845214844,17602,0.0,0.0
2015-04-30 00:00:00+08:00,36.61781217107981,36.6804065992397,36.43002888660014,36.55521774291992,20783,0.0,0.0
2015-05-04 00:00:00+08:00,35.0529468241011,35.303324521236036,34.05143356323242,34.05143356323242,439909,0.0,0.0
2015-05-05 00:00:00+08:00,33.550682126944615,33.550682126944615,31.923221958917786,31.98581886291504,441191,0.0,0.0
2015-05-06 00:00:00+08:00,31.297277346644503,31.672843933105472,30.76522468249146,31.67284393310547,353801,0.0,0.0
2015-05-07 00:00:00+08:00,31.67283992716982,31.67283992716982,30.295760145321474,30.358354568481445,389311,0.0,0.0
2015-05-08 00:00:00+08:00,30.35836033310424,30.671332508333098,30.233171463012695,30.233171463012695,111823,0.0,0.0
2015-05-11 00:00:00+08:00,30.358358539803753,30.671330696545017,28.136253754611573,28.41792869567871,450460,0.0,0.0
2015-05-12 00:00:00+08:00,28.167544813224524,30.389651780061435,27.572897793204763,30.358354568481445,352554,0.0,0.0
2015-05-13 00:00:00+08:00,30.358359317658277,30.60873704946657,29.419440351047896,30.42095375061035,129477,0.0,0.0
2015-05-14 00:00:00+08:00,29.638523490821804,30.23317060691837,29.638523490821804,29.920198440551758,79727,0.0,0.0
2015-05-15 00:00:00+08:00,30.23316772966927,30.514842652592606,29.826303952113335,29.857601165771484,76931,0.0,0.0
2015-05-18 00:00:00+08:00,29.4194362875127,29.920194154291806,29.4194362875127,29.888896942138672,48669,0.0,0.0
2015-05-19 00:00:00+08:00,29.88890071991493,30.358358961548635,29.79500907158819,30.014089584350586,67404,0.0,0.0
2015-05-20 00:00:00+08:00,30.04538917541504,30.42095579840889,30.04538917541504,30.04538917541504,65230,0.0,0.0
2015-05-21 00:00:00+08:00,30.0453820016999,30.514840168353135,30.0453820016999,30.201868057250977,66265,0.0,0.0
2015-05-22 00:00:00+08:00,30.42095791718905,30.827824259432887,30.42095791718905,30.702632904052734,95257,0.0,0.0
2015-05-25 00:00:00+08:00,30.765224587747376,31.04689952672566,30.577438822765977,30.608736038208008,88064,0.0,0.0
2015-05-26 00:00:00+08:00,30.60873516120004,30.60873516120004,30.04538529938469,30.29576301574707,69372,0.0,0.0
2015-05-27 00:00:00+08:00,30.17057418823242,30.23316861738664,30.014088115346876,30.170574188232422,54876,0.0,0.0
2015-05-28 00:00:00+08:00,30.17057415756588,30.577437946654747,29.9514936557488,30.29576301574707,70459,0.0,0.0
2015-05-29 00:00:00+08:00,30.546146800239576,31.359877012397625,30.546146800239576,30.702632904052734,172979,0.0,0.0
2015-06-01 00:00:00+08:00,30.70263089672266,30.733930587768555,30.20187539725982,30.733930587768555,60053,0.0,0.0
2015-06-02 00:00:00+08:00,30.733926741387734,30.984304459784138,30.48354655066217,30.859115600585938,61088,0.0,0.0
2015-06-03 00:00:00+08:00,30.859119049427072,30.98430792261649,30.48354995752939,30.79652214050293,53892,0.0,0.0
2015-06-04 00:00:00+08:00,30.796518859231334,30.796518859231334,30.139277345013898,30.577438354492188,75688,0.0,0.0
2015-06-05 00:00:00+08:00,31.26597655842122,32.86213684082031,31.015598862723937,32.86213684082031,758161,0.0,0.0
2015-06-08 00:00:00+08:00,33.55068000914131,33.613274436858205,32.29878898247431,32.486572265625,429805,0.0,0.0
2015-06-09 00:00:00+08:00,32.48657411729933,32.86214070500729,31.297277450561523,31.297277450561523,234104,0.0,0.0
2015-06-10 00:00:00+08:00,31.672839141185907,31.923216827612507,31.29727261154601,31.86062240600586,81796,0.0,0.0
2015-06-11 00:00:00+08:00,32.236200117272006,32.298794555789875,31.798036575317383,31.798036575317383,76619,0.0,0.0
2015-06-12 00:00:00+08:00,32.17360567875413,32.17360567875413,31.297281067174396,31.798036575317383,91115,0.0,0.0
2015-06-15 00:00:00+08:00,31.798037663504928,31.92322654482487,31.422471019545107,31.485065460205078,45557,0.0,0.0
2015-06-16 00:00:00+08:00,31.297282138225164,31.610254341525017,30.796524140615805,31.485065460205078,59018,0.0,0.0
2015-06-17 00:00:00+08:00,32.23619628512614,32.298790716202966,31.42246620879816,31.67284393310547,46593,0.0,0.0
2015-06-18 00:00:00+08:00,31.735447704891172,32.17361132372309,31.485069906890047,32.04841995239258,37274,0.0,0.0
2015-06-22 00:00:00+08:00,32.048407870447676,33.175112481355704,32.048407870447676,32.42397689819336,172752,0.0,0.0
2015-06-23 00:00:00+08:00,32.486572265625,32.86213883192637,32.29878898247431,32.486572265625,73513,0.0,0.0
2015-06-24 00:00:00+08:00,32.86213978067682,32.86213978067682,32.48657320353261,32.54916763305664,36239,0.0,0.0
2015-06-25 00:00:00+08:00,32.54916763305664,32.674356492104714,31.98581776734032,32.54916763305664,46593,0.0,0.0
2015-06-26 00:00:00+08:00,32.549166693341895,32.549166693341895,32.17360012704052,32.486572265625,40380,0.0,0.0
2015-06-29 00:00:00+08:00,32.48657232189698,32.48657232189698,31.8606255713147,32.2361946105957,51770,0.0,0.0
2015-06-30 00:00:00+08:00,31.79803114348938,32.36138346624634,31.67284228783874,32.2361946105957,33192,0.0,0.0
2015-07-01 00:00:00+08:00,32.48657326696612,32.48657326696612,32.23619554838109,32.298789978027344,127354,0.0,0.0
2015-07-02 00:00:00+08:00,32.29879084386709,32.799546294460995,32.29879084386709,32.61176300048828,80761,0.0,0.0
2015-07-03 00:00:00+08:00,32.67435375666135,34.05143356323242,32.67435375666135,34.05143356323242,315978,0.0,0.0
2015-07-06 00:00:00+08:00,33.80105972290039,34.23922074288202,33.30030427149282,33.80105972290039,160536,0.0,0.0
2015-07-07 00:00:00+08:00,33.80105891477495,33.80105891477495,33.04992575562189,33.237709045410156,141938,0.0,0.0
2015-07-08 00:00:00+08:00,33.30030325967422,33.30030325967422,31.98581776734032,32.54916763305664,110788,0.0,0.0
2015-07-09 00:00:00+08:00,32.23620577322337,32.67436691972534,31.297286558389203,32.04841995239258,177073,0.0,0.0
2015-07-10 00:00:00+08:00,32.04841995239258,32.04841995239258,32.04841995239258,32.04841995239258,0,0.0,0.0
2015-07-13 00:00:00+08:00,33.049926563849894,33.049926563849894,31.923221852908686,32.361385345458984,85110,0.0,0.0
2015-07-14 00:00:00+08:00,32.42397771986976,32.736949857314876,31.798030972650462,29.48203468322754,579959,0.0,0.0
2015-07-15 00:00:00+08:00,32.56020369000741,32.56020369000741,32.21818542480469,32.21818542480469,562960,3.863228,0.0
2015-07-16 00:00:00+08:00,32.14977767691428,32.14977767691428,31.70515395141657,31.94456672668457,93911,0.0,0.0
2015-07-17 00:00:00+08:00,31.807762145996094,31.807762145996094,31.534147522296607,31.807762145996094,55911,0.0,0.0
2015-07-20 00:00:00+08:00,31.87616611364515,31.910367941942056,31.12372589111328,31.12372589111328,105652,0.0,0.0
2015-07-21 00:00:00+08:00,30.986920389514605,31.32893869247906,30.78170670595615,31.294736862182617,122569,0.0,0.0
2015-07-22 00:00:00+08:00,31.294738968069407,31.294738968069407,30.952720642089844,30.952720642089844,24849,0.0,0.0
2015-07-23 00:00:00+08:00,30.95271923995757,30.95271923995757,29.17421862186849,29.413631439208984,171048,0.0,0.0
2015-07-24 00:00:00+08:00,29.413629861253824,29.413629861253824,28.6269877893361,28.72959327697754,106646,0.0,0.0
2015-07-27 00:00:00+08:00,28.524383657813146,28.72959464285226,26.267057418823242,26.267057418823242,292397,0.0,0.0
2015-07-28 00:00:00+08:00,25.99344513152796,27.361521191082062,25.343610286585296,27.29311752319336,198072,0.0,0.0
2015-07-29 00:00:00+08:00,27.293117523193363,27.293117523193363,26.43806897280452,27.29311752319336,72498,0.0,0.0
2015-07-30 00:00:00+08:00,27.019498359648498,28.04555320739746,27.019498359648498,28.04555320739746,69372,0.0,0.0
2015-07-31 00:00:00+08:00,29.07161075692605,29.413629039509036,28.04555320739746,28.04555320739746,125283,0.0,0.0
2015-08-03 00:00:00+08:00,27.977154093806988,27.977154093806988,27.01950013777282,27.429922103881836,112858,0.0,0.0
2015-08-04 00:00:00+08:00,27.395723025026413,28.490184413025712,26.88269551586115,27.29311752319336,261247,0.0,0.0
2015-08-05 00:00:00+08:00,27.635130891034063,27.97715187072754,27.293112613120172,27.97715187072754,88674,0.0,0.0
2015-08-06 00:00:00+08:00,28.31917264356692,28.31917264356692,27.29311501764975,27.703536987304688,102504,0.0,0.0
2015-08-07 00:00:00+08:00,27.39571928032053,27.977153079678697,27.12210464616596,27.90874671936035,193620,0.0,0.0
2015-08-10 00:00:00+08:00,28.045556278414566,28.045556278414566,27.46412513435618,28.011354446411133,79726,0.0,0.0
2015-08-11 00:00:00+08:00,28.250763690737966,28.38757098833299,27.73773362297731,28.28496551513672,180160,0.0,0.0
2015-08-12 00:00:00+08:00,28.250768557167294,28.250768557167294,27.156307286097753,27.771940231323242,194655,0.0,0.0
2015-08-13 00:00:00+08:00,27.771937305046876,28.04555191853906,27.019497117943363,27.464120864868164,66265,0.0,0.0
2015-08-14 00:00:00+08:00,27.46412335825613,27.46412335825613,27.019499570965227,27.053701400756836,36653,0.0,0.0
2015-08-17 00:00:00+08:00,27.361516356299376,27.361516356299376,26.472266129096788,26.98529624938965,39345,0.0,0.0
2015-08-18 00:00:00+08:00,27.361521191082062,27.498328526859467,26.609080844306348,27.29311752319336,145991,0.0,0.0
2015-08-19 00:00:00+08:00,27.25890707168601,27.293108894817884,26.33545514534626,26.81428337097168,137915,0.0,0.0
2015-08-20 00:00:00+08:00,26.232856874901625,26.985299892071172,26.232856874901625,26.677480697631836,41519,0.0,0.0
2015-08-21 00:00:00+08:00,26.540673545246595,26.677480876233332,25.6514258938328,25.719829559326172,117145,0.0,0.0
2015-08-24 00:00:00+08:00,25.309402349097223,25.993441637824564,23.154684398432465,23.25728988647461,246773,0.0,0.0
2015-08-25 00:00:00+08:00,22.231232384214977,23.46250094692796,21.88921408951129,23.086280822753906,207149,0.0,0.0
2015-08-26 00:00:00+08:00,23.052078993283537,23.25728997010575,22.231232384214977,23.086280822753906,95257,0.0,0.0
2015-08-27 00:00:00+08:00,23.120484090359266,24.14654174007264,23.120484090359266,23.941328048706055,103540,0.0,0.0
2015-08-28 00:00:00+08:00,24.009730329450093,24.762173283056438,23.907124840564645,24.35175132751465,141850,0.0,0.0
2015-08-31 00:00:00+08:00,24.24914699665608,24.35175249044149,24.078137840347065,24.317550659179688,131496,0.0,0.0
2015-09-01 00:00:00+08:00,24.9673858149568,26.164452628246497,24.9673858149568,25.685626983642578,327187,0.0,0.0
2015-09-02 00:00:00+08:00,25.65142304632246,26.91689341925256,25.343606585772356,26.84848976135254,310621,0.0,0.0
2015-09-03 00:00:00+08:00,26.882692492901093,27.429921774474746,26.677478810531206,27.327316284179688,242284,0.0,0.0
2015-09-04 00:00:00+08:00,27.46412015166037,28.934801362768674,27.46412015166037,28.250764846801758,365497,0.0,0.0
2015-09-07 00:00:00+08:00,28.866405524671762,29.618848597684558,28.866405524671762,29.345233917236328,503206,0.0,0.0
2015-09-08 00:00:00+08:00,29.687248976299237,29.721450807563226,28.661191336599714,29.071613311767578,209151,0.0,0.0
2015-09-09 00:00:00+08:00,30.029265747428685,30.029265747428685,28.86640084236725,29.00320816040039,193724,0.0,0.0
2015-09-10 00:00:00+08:00,28.387579833887358,29.755655937908674,28.387579833887358,29.345233917236328,286806,0.0,0.0
2015-09-11 00:00:00+08:00,29.584644891781092,29.584644891781092,29.003211030816637,29.31102752685547,112858,0.0,0.0
2015-09-14 00:00:00+08:00,29.413630536365403,29.413630536365403,28.72959393638888,28.934804916381836,124248,0.0,0.0
2015-09-15 00:00:00+08:00,28.626989878856513,28.69539354227701,28.25076973004377,28.387577056884766,100572,0.0,0.0
2015-09-16 00:00:00+08:00,28.387576222103913,28.763796359853316,28.07975974576349,28.524383544921875,172912,0.0,0.0
2015-09-17 00:00:00+08:00,28.524382383944403,29.071611652943357,28.455978725319532,28.558584213256836,159120,0.0,0.0
2015-09-18 00:00:00+08:00,28.969005664604307,28.969005664604307,28.49018006250131,28.797996520996094,188546,0.0,0.0
2015-09-21 00:00:00+08:00,28.72959335981901,28.86640067706875,28.148159559727915,28.558584213256836,142885,0.0,0.0
2015-09-22 00:00:00+08:00,28.798002051909158,29.789857977111232,28.798002051909158,29.61884880065918,284735,0.0,0.0
2015-09-23 00:00:00+08:00,29.892458721208254,31.636754744938507,29.550440422786583,31.363140106201172,618512,0.0,0.0
2015-09-24 00:00:00+08:00,32.14978252992437,32.52600536391573,30.81591115208332,31.46574592590332,586098,0.0,0.0
2015-09-25 00:00:00+08:00,31.46574585731609,31.602553177822095,30.54229374212078,30.850112915039062,149300,0.0,0.0
2015-09-29 00:00:00+08:00,30.850112915039062,30.850112915039062,30.850112915039062,30.850112915039062,0,0.0,0.0
2015-09-30 00:00:00+08:00,30.268678932431257,32.01297496094221,30.268678932431257,31.19213104248047,239229,0.0,0.0
2015-10-01 00:00:00+08:00,32.012971605436675,32.081375258138614,31.670953341926964,31.739356994628906,164629,0.0,0.0
2015-10-02 00:00:00+08:00,31.49994387099595,31.944567608771077,31.49994387099595,31.636751174926758,146054,0.0,0.0
2015-10-05 00:00:00+08:00,31.70516036872657,32.2865915120625,31.3631420491172,31.978775024414062,180315,0.0,0.0
2015-10-06 00:00:00+08:00,35.1595458984375,35.1595458984375,33.928277512340756,35.1595458984375,1315658,0.0,0.0
2015-10-07 00:00:00+08:00,34.88592860014319,35.29635319669499,34.40710305624197,35.1595458984375,497689,0.0,0.0
2015-10-08 00:00:00+08:00,35.36476266619013,38.64814376831055,35.36476266619013,38.64814376831055,1681151,0.0,0.0
2015-10-12 00:00:00+08:00,42.478755950927734,42.478755950927734,40.90546909374963,42.478755950927734,2587637,0.0,0.0
2015-10-13 00:00:00+08:00,42.341949941384655,42.88917922973633,41.72631699198902,42.88917922973633,1015052,0.0,0.0
2015-10-14 00:00:00+08:00,43.36800453525598,44.66767670625934,42.54715795817715,42.75236892700195,1649074,0.0,0.0
2015-10-15 00:00:00+08:00,42.75237190764841,43.98364050821948,42.47875726347257,42.88917922973633,941555,0.0,0.0
2015-10-16 00:00:00+08:00,44.6676799245566,44.6676799245566,43.23120033750531,43.36800765991211,865372,0.0,0.0
2015-10-19 00:00:00+08:00,44.12044839240081,44.12044839240081,41.726317523581265,41.86312484741211,564672,0.0,0.0
2015-10-20 00:00:00+08:00,41.72631862528281,42.75237358110508,41.72631862528281,42.61556625366211,492023,0.0,0.0
2015-10-21 00:00:00+08:00,42.61556326878846,42.957581563440286,41.38429470626218,42.478755950927734,424546,0.0,0.0
2015-10-22 00:00:00+08:00,42.47876020620945,43.6416252262946,42.47876020620945,43.0259895324707,414161,0.0,0.0
2015-10-23 00:00:00+08:00,44.120449641620766,44.120449641620766,43.09439468383789,43.09439468383789,387500,0.0,0.0
2015-10-26 00:00:00+08:00,43.77842678593489,46.651385773583904,43.2996011885866,45.28330993652344,1214146,0.0,0.0
2015-10-27 00:00:00+08:00,45.83054052563137,45.83054052563137,43.98363644452239,44.872886657714844,574713,0.0,0.0
2015-10-28 00:00:00+08:00,45.62532956145916,45.62532956145916,44.32565471814274,44.872886657714844,468461,0.0,0.0
2015-10-29 00:00:00+08:00,44.8728952936758,45.28331730100751,42.41035784612541,43.91524124145508,983080,0.0,0.0
2015-10-30 00:00:00+08:00,42.54715826954785,42.75236923987443,40.35823855095128,42.06833267211914,1117167,0.0,0.0
2015-11-02 00:00:00+08:00,41.24748608903316,42.41035095599679,40.70025683482892,42.06833267211914,349024,0.0,0.0
2015-11-03 00:00:00+08:00,42.410352460293566,42.410352460293566,41.52110218889031,42.13673782348633,264423,0.0,0.0
2015-11-04 00:00:00+08:00,42.34194837607323,44.462467193603516,42.34194837607323,44.462467193603516,784337,0.0,0.0
2015-11-05 00:00:00+08:00,44.462467193603516,44.667678169149085,43.778427906671915,44.462467193603516,464983,0.0,0.0
2015-11-06 00:00:00+08:00,42.61556141622494,42.6839650721817,40.358238067872485,40.70025634765625,1011763,0.0,0.0
2015-11-09 00:00:00+08:00,40.56345226535034,41.04227789517107,39.126972674108345,39.67420196533203,445223,0.0,0.0
2015-11-10 00:00:00+08:00,38.6481443425078,39.947816610943875,38.57974068110484,39.67420196533203,307825,0.0,0.0
2015-11-11 00:00:00+08:00,39.40058299013269,39.46898664401902,38.306121826171875,38.306121826171875,140918,0.0,0.0
2015-11-12 00:00:00+08:00,37.96410452194423,38.5113337669477,36.8696433301577,37.82729721069336,265151,0.0,0.0
2015-11-13 00:00:00+08:00,37.14326105483732,38.306125999370906,37.14326105483732,37.62208938598633,146137,0.0,0.0
2015-11-16 00:00:00+08:00,36.5276281027912,37.62208938598633,36.5276281027912,37.62208938598633,72478,0.0,0.0
2015-11-17 00:00:00+08:00,38.032515629473075,38.85335965781041,38.032515629473075,38.1693229675293,134602,0.0,0.0
2015-11-18 00:00:00+08:00,38.169320519699205,39.60580017894703,38.169320519699205,39.058570861816406,177593,0.0,0.0
2015-11-19 00:00:00+08:00,39.74260750822968,39.74260750822968,38.990167197175076,39.058570861816406,99398,0.0,0.0
2015-11-20 00:00:00+08:00,38.57974223826266,39.19537791751745,37.9641092607878,38.92176055908203,93186,0.0,0.0
2015-11-23 00:00:00+08:00,38.92176055908203,39.53739623833682,38.57974223826266,38.92176055908203,131555,0.0,0.0
2015-11-24 00:00:00+08:00,38.99016628743164,38.99016628743164,36.39082168815087,36.66443634033203,249532,0.0,0.0
2015-11-25 00:00:00+08:00,36.39082020817469,36.732838509491614,35.569973583234294,36.596031188964844,157407,0.0,0.0
2015-11-26 00:00:00+08:00,36.52762954684807,38.16932018565227,36.52762954684807,37.690494537353516,236122,0.0,0.0
2015-11-27 00:00:00+08:00,38.579741593635895,39.26378092562498,38.442934267594055,38.716548919677734,482601,0.0,0.0
2015-11-30 00:00:00+08:00,38.7165423243684,38.7165423243684,36.93804468700919,37.074851989746094,217434,0.0,0.0
2015-12-01 00:00:00+08:00,37.07485877938685,37.82730178401662,36.732840459909646,37.211666107177734,355143,0.0,0.0
2015-12-02 00:00:00+08:00,37.69049070075452,40.90546798706055,37.48527702773573,40.90546798706055,540687,0.0,0.0
2015-12-03 00:00:00+08:00,41.45269243698967,42.683960823430674,41.11067419125032,41.3842887878418,1084294,0.0,0.0
2015-12-04 00:00:00+08:00,41.31588612353072,42.341943586986,40.70025326652519,41.72631072998047,373182,0.0,0.0
2015-12-07 00:00:00+08:00,41.794714842964304,42.13673582452767,40.70025634765625,40.70025634765625,246529,0.0,0.0
2015-12-08 00:00:00+08:00,41.99993358411553,42.136740912548554,40.768664926438404,41.452701568603516,461828,0.0,0.0
2015-12-09 00:00:00+08:00,41.863125523979726,41.863125523979726,38.51133793061497,38.716548919677734,482536,0.0,0.0
2015-12-10 00:00:00+08:00,38.1009118331951,38.3061228000714,37.2800652639103,37.82729721069336,260921,0.0,0.0
2015-12-11 00:00:00+08:00,38.30612452918361,38.30612452918361,35.364761800959684,36.73283767700195,498029,0.0,0.0
2015-12-14 00:00:00+08:00,35.638378327590004,35.98039663931087,35.091149028836625,35.29636001586914,186773,0.0,0.0
2015-12-15 00:00:00+08:00,34.40710997347871,36.527628926339524,34.40710997347871,36.18560791015625,187511,0.0,0.0
2015-12-16 00:00:00+08:00,36.459223091611904,36.52762675041783,35.501569166549196,35.911991119384766,115136,0.0,0.0
2015-12-17 00:00:00+08:00,36.86964640948349,38.10091501535553,36.39082078011428,37.62208938598633,270480,0.0,0.0
2015-12-18 00:00:00+08:00,37.62208861759995,37.62208861759995,36.59603101669928,36.93804931640625,140996,0.0,0.0
2015-12-21 00:00:00+08:00,36.4592213964051,38.3061228000714,36.4592213964051,37.82729721069336,99398,0.0,0.0
2015-12-22 00:00:00+08:00,38.16931519012548,38.579737120666316,37.89570056976492,38.51133346557617,141125,0.0,0.0
2015-12-23 00:00:00+08:00,38.511336447537175,39.12697209279712,38.511336447537175,38.64814376831055,208116,0.0,0.0
2015-12-24 00:00:00+08:00,38.9901662735413,39.26378092562498,38.23772327853129,38.716548919677734,179124,0.0,0.0
2015-12-25 00:00:00+08:00,39.26378017617536,39.53739482303641,38.7849518423887,39.332183837890625,159452,0.0,0.0
2015-12-28 00:00:00+08:00,39.40058815160053,39.94781745437809,38.8533561470431,39.53739547729492,185036,0.0,0.0
2015-12-29 00:00:00+08:00,39.400581910611656,40.358235740561426,39.263774606587326,39.947811126708984,293070,0.0,0.0
2015-12-30 00:00:00+08:00,40.70025620932997,40.70025620932997,39.67419867168629,40.22142791748047,225987,0.0,0.0
2015-12-31 00:00:00+08:00,39.879411883458395,40.973873138427734,39.879411883458395,40.973873138427734,209151,0.0,0.0
2016-01-04 00:00:00+08:00,41.38429358661857,41.38429358661857,39.879410429085134,40.90546798706055,286806,0.0,0.0
2016-01-05 00:00:00+08:00,40.289831573204744,40.289831573204744,39.332180393064924,40.22142791748047,275417,0.0,0.0
2016-01-06 00:00:00+08:00,42.273539936207605,42.95757644399153,41.31588612353072,41.72631072998047,897016,0.0,0.0
2016-01-07 00:00:00+08:00,41.6579073764233,41.6579073764233,38.99016210223257,41.042274475097656,409191,0.0,0.0
2016-01-08 00:00:00+08:00,41.04227152041715,41.72631072998047,40.42663596163222,41.72631072998047,301664,0.0,0.0
2016-01-11 00:00:00+08:00,41.726316764986414,42.34194971103284,40.49504817111379,41.17908477783203,277488,0.0,0.0
2016-01-12 00:00:00+08:00,41.1790841777146,41.72631615689398,40.15302658081055,40.15302658081055,299386,0.0,0.0
2016-01-13 00:00:00+08:00,40.700259506747635,40.83706682927992,40.358241200416934,40.49504852294922,167735,0.0,0.0
2016-01-14 00:00:00+08:00,39.53739500671355,39.74260599281268,38.64814469850417,38.99016571044922,218672,0.0,0.0
2016-01-15 00:00:00+08:00,39.67420148305797,39.742605143629426,39.05856853791487,39.12697219848633,145991,0.0,0.0
2016-01-18 00:00:00+08:00,38.442933358298916,39.67420196533203,38.442933358298916,39.67420196533203,111823,0.0,0.0
2016-01-19 00:00:00+08:00,39.332184488753335,39.67420280298931,38.71654882134871,39.53739547729492,139105,0.0,0.0
2016-01-20 00:00:00+08:00,39.60580401717374,39.60580401717374,38.57974624633789,38.57974624633789,123213,0.0,0.0
2016-01-21 00:00:00+08:00,38.579741593635895,38.9217599087405,38.37453060457313,38.716548919677734,98363,0.0,0.0
2016-01-22 00:00:00+08:00,38.99016571044922,39.1269730345153,38.78495202257025,38.99016571044922,83867,0.0,0.0
2016-01-25 00:00:00+08:00,39.53739229764818,40.70025717431131,39.46898864030209,40.56344985961914,188546,0.0,0.0
2016-01-26 00:00:00+08:00,40.56345359139436,40.56345359139436,39.94781791686239,40.084625244140625,56015,0.0,0.0
2016-01-27 00:00:00+08:00,40.221426701448614,40.4266376624172,39.126968242949495,39.46898651123047,103540,0.0,0.0
2016-01-28 00:00:00+08:00,39.6741935302551,40.35823270063188,39.46898258967584,39.81100082397461,84903,0.0,0.0
2016-01-29 00:00:00+08:00,40.01622139168391,40.42664337158203,39.195377431887664,40.42664337158203,121349,0.0,0.0
2016-02-01 00:00:00+08:00,40.495047580965064,40.495047580965064,39.879411942110735,40.15302658081055,74549,0.0,0.0
2016-02-02 00:00:00+08:00,40.01622139168391,40.63185706331099,39.742606738418495,40.42664337158203,142885,0.0,0.0
2016-02-03 00:00:00+08:00,39.81100828243578,40.426641219510365,39.81100828243578,40.15302658081055,70407,0.0,0.0
2016-02-15 00:00:00+08:00,39.33217529595633,39.879404470834366,39.33217529595633,39.81100082397461,85040,0.0,0.0
2016-02-16 00:00:00+08:00,39.74260261250059,40.49504553264477,39.605795300070675,40.358238220214844,95257,0.0,0.0
2016-02-17 00:00:00+08:00,40.70025653697431,43.43640819153091,40.70025653697431,42.75236892700195,1014952,0.0,0.0
2016-02-18 00:00:00+08:00,43.43640819153091,43.98363744173039,42.54715795817715,42.75236892700195,467272,0.0,0.0
2016-02-19 00:00:00+08:00,43.094394020047446,46.993408203125,43.094394020047446,46.993408203125,2103445,0.0,0.0
2016-02-22 00:00:00+08:00,48.56670056236322,51.302852630615234,48.56670056236322,51.302852630615234,3198296,0.0,0.0
2016-02-23 00:00:00+08:00,50.824025491438086,52.05529145486797,49.52435045981332,51.23444747924805,1492448,0.0,0.0
2016-02-24 00:00:00+08:00,51.508061982166204,53.491773654147494,50.276790618896484,50.276790618896484,1561603,0.0,0.0
2016-02-25 00:00:00+08:00,51.234448963997934,52.12369663002282,50.482003227647596,51.302852630615234,669444,0.0,0.0
2016-02-26 00:00:00+08:00,52.465704510711575,54.175801239012756,51.302842409886864,52.05528259277344,1446625,0.0,0.0
2016-03-01 00:00:00+08:00,53.2181448643609,54.312603204580796,52.67091029069252,53.62856674194336,1398237,0.0,0.0
2016-03-02 00:00:00+08:00,54.72302862044546,54.72302862044546,52.53410639491589,52.67091369628906,1271526,0.0,0.0
2016-03-03 00:00:00+08:00,53.62856674194336,54.65462143589951,53.08133216827498,53.62856674194336,1132216,0.0,0.0
2016-03-04 00:00:00+08:00,54.44941049710828,54.44941049710828,53.08133216827498,53.62856674194336,494006,0.0,0.0
2016-03-07 00:00:00+08:00,53.696970388207106,55.065043313481965,53.62856674194336,53.62856674194336,845019,0.0,0.0
2016-03-08 00:00:00+08:00,54.038993835449226,54.381012099780044,51.439649622976006,54.03899383544922,1043934,0.0,0.0
2016-03-09 00:00:00+08:00,54.24421586662063,54.72304153442383,53.76539019881743,54.72304153442383,813256,0.0,0.0
2016-03-10 00:00:00+08:00,55.81748839368964,57.32237414908097,55.06504821777344,55.06504821777344,1501606,0.0,0.0
2016-03-11 00:00:00+08:00,56.15951881143154,56.29632613259276,55.40707314148526,55.543880462646484,816247,0.0,0.0
2016-03-14 00:00:00+08:00,56.22792079351196,56.22792079351196,54.44942026794784,55.8174934387207,530270,0.0,0.0
2016-03-15 00:00:00+08:00,55.81748922358594,56.091109240637124,54.51781980949805,54.92824172973633,442522,0.0,0.0
2016-03-16 00:00:00+08:00,54.92825338583023,55.13346438949633,54.17581303905451,54.58623504638672,403020,0.0,0.0
2016-03-17 00:00:00+08:00,54.99664203875505,55.61227488167574,53.35495445763321,53.56016540527344,661674,0.0,0.0
2016-03-18 00:00:00+08:00,53.354955606713716,53.354955606713716,51.02922607981097,52.67091369628906,938396,0.0,0.0
2016-03-21 00:00:00+08:00,52.670919250645376,53.69697952270508,51.98688267164515,53.69697952270508,385471,0.0,0.0
2016-03-22 00:00:00+08:00,54.928241988832156,54.928241988832156,51.64486120787926,52.60251235961914,819006,0.0,0.0
2016-03-23 00:00:00+08:00,51.98687893978375,52.60251181669095,51.713264327824994,52.05528259277344,188861,0.0,0.0
2016-03-24 00:00:00+08:00,52.05528259277344,52.05528259277344,50.61880047643101,52.05528259277344,484682,0.0,0.0
2016-03-25 00:00:00+08:00,51.30284582827867,51.30284582827867,50.48199653414892,51.166038513183594,274381,0.0,0.0
2016-03-28 00:00:00+08:00,50.96082552401547,51.37124745306024,50.07157260752602,50.5504035949707,228979,0.0,0.0
2016-03-29 00:00:00+08:00,49.93476529784443,50.96082552401547,49.93476529784443,50.5504035949707,189050,0.0,0.0
2016-03-30 00:00:00+08:00,50.8240197571623,52.39730386625964,50.75561610024502,52.19209289550781,374852,0.0,0.0
2016-03-31 00:00:00+08:00,52.328894879293074,52.6709131290426,51.98687662954355,52.12368392944336,320975,0.0,0.0
2016-04-01 00:00:00+08:00,52.465704510711575,52.67091546968064,51.37124606287655,52.05528259277344,188754,0.0,0.0
2016-04-06 00:00:00+08:00,52.05529234969605,52.32890701293945,51.37125569158756,52.32890701293945,274692,0.0,0.0
2016-04-07 00:00:00+08:00,52.73932900780455,53.83379306433812,51.986888683885205,52.32890701293945,640914,0.0,0.0
2016-04-08 00:00:00+08:00,53.6969873638336,54.85984971794153,52.73933060983163,54.58623504638672,1533463,0.0,0.0
2016-04-11 00:00:00+08:00,56.296329147131935,56.296329147131935,54.85984679445923,55.68069076538086,848316,0.0,0.0
2016-04-12 00:00:00+08:00,56.2279209629928,56.2279209629928,53.902191162109375,53.902191162109375,646102,0.0,0.0
2016-04-13 00:00:00+08:00,54.31261703435642,55.20186466221672,54.31261703435642,55.133460998535156,274683,0.0,0.0
2016-04-14 00:00:00+08:00,55.885897097259345,57.45918664720754,55.201860511872916,55.8174934387207,662140,0.0,0.0
2016-04-15 00:00:00+08:00,56.02269908076166,56.02269908076166,55.06504795239271,55.74908447265625,189478,0.0,0.0
2016-04-18 00:00:00+08:00,55.88589204604566,56.0226993507577,54.928240913061394,55.06504821777344,251706,0.0,0.0
2016-04-19 00:00:00+08:00,55.065053704878245,55.40707200073967,53.14974584449482,53.21815490722656,362403,0.0,0.0
2016-04-20 00:00:00+08:00,53.62857882808141,53.62857882808141,51.78167455916974,52.534114837646484,389415,0.0,0.0
2016-04-21 00:00:00+08:00,52.80772125362397,53.14973950871468,51.4396482332611,51.98687744140625,432798,0.0,0.0
2016-04-22 00:00:00+08:00,52.39730251305547,52.53410982335686,51.371247685795055,51.78166961669922,200868,0.0,0.0
2016-04-25 00:00:00+08:00,51.98687936004653,51.98687936004653,50.89242090336389,51.02922821044922,170841,0.0,0.0
2016-04-26 00:00:00+08:00,51.3028517876656,51.85008111161255,50.89242979470539,51.439659118652344,289913,0.0,0.0
2016-04-27 00:00:00+08:00,52.602519910552374,52.602519910552374,50.960831986196084,51.371253967285156,230894,0.0,0.0
2016-04-28 00:00:00+08:00,51.371252659114226,51.78167462975189,50.34519232896041,50.96083068847656,270240,0.0,0.0
2016-04-29 00:00:00+08:00,51.713265727264215,51.713265727264215,50.3451872268892,50.5504035949707,147098,0.0,0.0
2016-05-03 00:00:00+08:00,51.16604580862044,51.16604580862044,48.63510471493172,49.31914138793945,184301,0.0,0.0
2016-05-04 00:00:00+08:00,49.25072891292708,49.31913256799495,46.58298096172122,46.92499923706055,403848,0.0,0.0
2016-05-05 00:00:00+08:00,47.13021998795598,47.609045672850066,46.51458696452074,47.19862365722656,282706,0.0,0.0
2016-05-06 00:00:00+08:00,47.814258483417355,51.91848373413086,47.47223475926137,51.91848373413086,1040824,0.0,0.0
2016-05-09 00:00:00+08:00,52.0552887646954,52.534114392395054,48.977118611637984,49.11392593383789,941183,0.0,0.0
2016-05-10 00:00:00+08:00,48.977118611637984,49.59275156153755,48.15627467843857,49.11392593383789,212495,0.0,0.0
2016-05-11 00:00:00+08:00,49.113927633267835,49.455945950602036,47.5406379699707,47.5406379699707,286133,0.0,0.0
2016-05-12 00:00:00+08:00,46.92500189385592,47.54063482432255,45.62533237398192,46.17256164550781,257085,0.0,0.0
2016-05-13 00:00:00+08:00,46.582980433089666,46.856595050256104,44.46246444827027,46.377769470214844,333399,0.0,0.0
2016-05-16 00:00:00+08:00,45.48852681317146,47.47223299907683,45.48852681317146,47.13021469116211,91115,0.0,0.0
2016-05-17 00:00:00+08:00,47.67744500770909,48.01946872652849,46.65139006193019,47.95106506347656,168770,0.0,0.0
2016-05-18 00:00:00+08:00,47.882656287304904,48.90871664286731,47.26702331610334,47.5406379699707,206045,0.0,0.0
2016-05-19 00:00:00+08:00,47.88265412035293,51.302847946032074,47.54063581849692,50.13998031616211,671241,0.0,0.0
2016-05-20 00:00:00+08:00,51.302846925302376,51.64486522035353,50.20838297757924,50.618804931640625,588264,0.0,0.0
2016-05-23 00:00:00+08:00,51.576463585933,54.65463376578374,50.75561964558871,53.83378982543945,779229,0.0,0.0
2016-05-24 00:00:00+08:00,53.423365981908354,53.560173300501745,52.534113007491854,53.14974594116211,274597,0.0,0.0
2016-05-25 00:00:00+08:00,53.354955606713716,53.628570209460065,52.53410639491589,52.67091369628906,325323,0.0,0.0
2016-05-26 00:00:00+08:00,53.3549641813626,53.560175166401706,52.32890385260737,52.534114837646484,288877,0.0,0.0
2016-05-27 00:00:00+08:00,52.80772099766224,53.354955606713716,52.32889544285612,52.67091369628906,231966,0.0,0.0
2016-05-30 00:00:00+08:00,53.28655995320901,53.69698736410343,52.53411960642951,53.3549690246582,296125,0.0,0.0
2016-05-31 00:00:00+08:00,53.354960822849954,53.49176813759781,52.87612981767314,53.08134078979492,181247,0.0,0.0
2016-06-01 00:00:00+08:00,53.4233653144114,53.76538360662154,52.87613064331578,52.94453430175781,160487,0.0,0.0
2016-06-02 00:00:00+08:00,52.807724672089144,54.03899587367987,52.807724672089144,53.012935638427734,251644,0.0,0.0
2016-06-03 00:00:00+08:00,52.80772099766224,53.21814830534054,52.60251004560247,52.67091369628906,150556,0.0,0.0
2016-06-06 00:00:00+08:00,53.28655995320901,53.49177636043629,52.87613794587474,53.3549690246582,294054,0.0,0.0
2016-06-07 00:00:00+08:00,53.3549690246582,53.3549690246582,53.3549690246582,53.3549690246582,0,0.0,0.0
2016-06-08 00:00:00+08:00,54.72302744190141,54.72302744190141,53.42335810684662,53.56016540527344,294054,0.0,0.0
2016-06-13 00:00:00+08:00,53.560178401094724,53.560178401094724,51.986888683885205,52.32890701293945,197967,0.0,0.0
2016-06-14 00:00:00+08:00,51.37125569158756,52.534118010372,51.37125569158756,52.32890701293945,106646,0.0,0.0
2016-06-15 00:00:00+08:00,52.67091256194044,53.56016540527344,52.12368336823316,53.56016540527344,122181,0.0,0.0
2016-06-16 00:00:00+08:00,53.560173203087984,53.560173203087984,53.14974584449482,53.21815490722656,162461,0.0,0.0
2016-06-17 00:00:00+08:00,55.27025944791232,55.338663100606304,53.90218639403279,54.381011962890625,675384,0.0,0.0
2016-06-20 00:00:00+08:00,54.381012099780044,54.44941575264621,54.038993835449226,54.03899383544922,121195,0.0,0.0
2016-06-21 00:00:00+08:00,53.62857259133137,54.24420547485351,52.87612699680084,54.244205474853516,191653,0.0,0.0
2016-06-22 00:00:00+08:00,53.21815228495984,53.9705924987793,53.21815228495984,53.9705924987793,142999,0.0,0.0
2016-06-23 00:00:00+08:00,53.7653861637441,54.03900081052552,53.286555128316934,53.83378982543945,171878,0.0,0.0
2016-06-24 00:00:00+08:00,54.92825253491091,55.817500203688276,53.42337186467229,54.72304153442383,780696,0.0,0.0
2016-06-27 00:00:00+08:00,54.72303792029142,58.48524475097656,54.72303792029142,58.48524475097656,1926294,0.0,0.0
2016-06-28 00:00:00+08:00,57.93802154249376,58.827274649572885,57.11717750847636,58.416847229003906,1087204,0.0,0.0
2016-06-29 00:00:00+08:00,60.05853438769782,62.0422459982873,58.48524475097656,58.48524475097656,1588692,0.0,0.0
2016-06-30 00:00:00+08:00,58.622047525510936,60.81096995313616,58.622047525510936,59.921722412109375,745023,0.0,0.0
2016-07-01 00:00:00+08:00,60.46895729227569,61.15299392591777,59.23769135171993,60.87937927246094,758637,0.0,0.0
2016-07-04 00:00:00+08:00,60.87937454802337,62.931489693258605,59.648108703017854,62.657875061035156,997545,0.0,0.0
2016-07-05 00:00:00+08:00,62.79468518563488,64.29957113372915,62.45266688005883,63.13670349121094,1039735,0.0,0.0
2016-07-06 00:00:00+08:00,63.615527962653545,63.615527962653545,61.837032805986446,62.38426208496094,855388,0.0,0.0
2016-07-07 00:00:00+08:00,62.45266275200799,63.61552491410269,62.24745178222656,62.24745178222656,419879,0.0,0.0
2016-07-08 00:00:00+08:00,62.24745178222656,62.24745178222656,62.24745178222656,62.24745178222656,0,0.0,0.0
2016-07-11 00:00:00+08:00,61.768629665317434,62.24745528844494,60.74256935505609,61.35820770263672,551177,0.0,0.0
2016-07-12 00:00:00+08:00,60.87937699774469,61.22139530178646,58.827267173494114,59.37449645996094,740042,0.0,0.0
2016-07-13 00:00:00+08:00,59.44290234181256,62.93149457694698,59.23769135171993,60.87937927246094,908457,0.0,0.0
2016-07-14 00:00:00+08:00,64.95584454307347,64.95584454307347,62.26704025268555,62.26704025268555,973544,2.859884,0.0
2016-07-15 00:00:00+08:00,62.550070756215575,64.03599139497368,62.479312896728516,62.479312896728516,372755,0.0,0.0
2016-07-18 00:00:00+08:00,63.25765225737218,63.68220502332994,61.984010728089466,62.69158935546875,241352,0.0,0.0
2016-07-19 00:00:00+08:00,62.83310219416379,63.32840721057318,62.33779717775441,62.479312896728516,158148,0.0,0.0
2016-07-20 00:00:00+08:00,62.47931669448381,62.47931669448381,61.205675146299534,61.91325378417969,140201,0.0,0.0
2016-07-21 00:00:00+08:00,61.488705663841074,62.6208314671861,61.488705663841074,62.125526428222656,320156,0.0,0.0
2016-07-22 00:00:00+08:00,62.620834351332554,63.5406866089163,61.77173995971679,61.7717399597168,274485,0.0,0.0
2016-07-25 00:00:00+08:00,61.630220438934614,62.55007263996853,59.86126830895467,62.05476760864258,278627,0.0,0.0
2016-07-26 00:00:00+08:00,62.40855501147901,62.76234430876824,61.700976416900545,62.19628143310547,212257,0.0,0.0
2016-07-27 00:00:00+08:00,62.267037681473916,64.03598971168037,62.267037681473916,63.61144256591797,419477,0.0,0.0
2016-07-28 00:00:00+08:00,64.03599161933482,64.5312966374796,63.32840743245519,63.46992874145508,299231,0.0,0.0
2016-07-29 00:00:00+08:00,62.9038619480585,63.11613553291248,61.91325188540659,62.05476760864258,383099,0.0,0.0
2016-08-01 00:00:00+08:00,62.69158936808313,63.18689440734829,62.40855791707447,62.9746208190918,220596,0.0,0.0
2016-08-02 00:00:00+08:00,63.1161336835193,63.186891543063986,62.267039368983056,63.04537582397461,263045,0.0,0.0
2016-08-03 00:00:00+08:00,63.328416921405015,64.17751695498131,62.40856460702238,63.89448547363281,365861,0.0,0.0
2016-08-04 00:00:00+08:00,64.10675416042554,64.24826989022957,63.39916992187501,63.399169921875,229859,0.0,0.0
2016-08-05 00:00:00+08:00,63.68220520019531,64.17751024073642,63.399168158927324,63.68220520019531,248604,0.0,0.0
2016-08-08 00:00:00+08:00,64.10675334740309,65.09736344346808,63.89447975538915,64.03599548339844,382217,0.0,0.0
2016-08-09 00:00:00+08:00,63.75295995702545,63.75295995702545,61.91325002083207,62.479312896728516,448648,0.0,0.0
2016-08-10 00:00:00+08:00,62.47930725155384,62.97461222321108,61.913244426802706,62.90385437011719,228824,0.0,0.0
2016-08-11 00:00:00+08:00,62.90386099762557,62.90386099762557,61.7717352288433,62.26704025268555,179128,0.0,0.0
2016-08-12 00:00:00+08:00,62.408554016540755,62.762343308189756,61.84249114990235,61.842491149902344,90280,0.0,0.0
2016-08-15 00:00:00+08:00,62.26703929256332,62.5500707303947,61.630218557442696,62.19628143310547,131496,0.0,0.0
2016-08-16 00:00:00+08:00,62.47931383433222,62.47931383433222,61.7717352288433,62.26704025268555,135697,0.0,0.0
2016-08-17 00:00:00+08:00,62.33780288746063,62.479318619396594,61.70098209374881,61.7717399597168,84903,0.0,0.0
2016-08-18 00:00:00+08:00,62.267039240446984,62.3377970998456,61.55946064646075,61.630218505859375,109752,0.0,0.0
2016-08-19 00:00:00+08:00,62.05476656178365,62.12552442220797,60.85188293457031,60.85188293457031,172968,0.0,0.0
2016-08-22 00:00:00+08:00,61.20566599034971,61.20566599034971,58.37534627269532,58.87065124511719,417329,0.0,0.0
2016-08-23 00:00:00+08:00,58.37534826599634,59.71974752276192,58.37534826599634,59.57823181152344,99522,0.0,0.0
2016-08-24 00:00:00+08:00,59.57823660287547,59.932025909423835,58.870657989778756,59.93202590942383,173947,0.0,0.0
2016-08-25 00:00:00+08:00,59.861259341347164,60.78111140458123,59.22443868218512,59.295196533203125,159458,0.0,0.0
2016-08-26 00:00:00+08:00,59.79050916001453,59.79050916001453,58.799899118690995,59.01217269897461,76930,0.0,0.0
2016-08-29 00:00:00+08:00,58.79990005493164,59.50747866714344,58.79990005493164,58.79990005493164,55932,0.0,0.0
2016-08-30 00:00:00+08:00,58.79989723430286,59.648991528226,58.729139376475935,59.1536865234375,82832,0.0,0.0
2016-08-31 00:00:00+08:00,59.578235508299535,59.648993368309235,58.02156258808606,58.16307830810547,217476,0.0,0.0
2016-09-01 00:00:00+08:00,58.375344291532265,58.94140709794602,58.233828589928834,58.446102142333984,107681,0.0,0.0
2016-09-02 00:00:00+08:00,58.58761983230469,60.073534749570285,58.37534627269532,58.87065124511719,132531,0.0,0.0
2016-09-05 00:00:00+08:00,59.01217173833723,59.648992468821504,57.384735393125304,58.94141387939453,97327,0.0,0.0
2016-09-06 00:00:00+08:00,59.082925679964276,59.15368353421559,58.092315720445924,58.37534713745117,97327,0.0,0.0
2016-09-07 00:00:00+08:00,58.658384294739406,58.72914215591505,58.09232140533426,58.23383712768555,74569,0.0,0.0
2016-09-08 00:00:00+08:00,58.23382575777492,58.587614994577265,58.02155221569351,58.5168571472168,111823,0.0,0.0
2016-09-09 00:00:00+08:00,58.44611071121248,59.08293146179326,58.163079266509904,58.23383712768555,90131,0.0,0.0
2016-09-12 00:00:00+08:00,57.17246138219926,57.17246138219926,55.96957778930664,55.96957778930664,95402,0.0,0.0
2016-09-13 00:00:00+08:00,56.464882858072194,56.81867215047492,55.969577848708376,56.535640716552734,85938,0.0,0.0
2016-09-14 00:00:00+08:00,56.535634725894695,56.535634725894695,55.19123555722025,55.261993408203125,129435,0.0,0.0
2016-09-19 00:00:00+08:00,55.545030697825105,57.24321930135819,55.545030697825105,56.535640716552734,118036,0.0,0.0
2016-09-20 00:00:00+08:00,56.60639576518562,56.88942718505859,53.84683383189458,56.889427185058594,223647,0.0,0.0
2016-09-21 00:00:00+08:00,57.172464560315426,58.65838525895939,57.030948835637915,58.304595947265625,190648,0.0,0.0
2016-09-22 00:00:00+08:00,59.29520512091189,59.719752288506974,58.37535292445587,59.365962982177734,236087,0.0,0.0
2016-09-23 00:00:00+08:00,59.79050922966678,60.49808783143645,59.79050922966678,59.86126708984375,209568,0.0,0.0
2016-09-26 00:00:00+08:00,60.07354233031704,60.07354233031704,57.455495841897836,57.59701156616211,203394,0.0,0.0
2016-09-27 00:00:00+08:00,57.59701156616211,57.59701156616211,57.59701156616211,57.59701156616211,0,0.0,0.0
2016-09-28 00:00:00+08:00,57.59701156616211,57.59701156616211,57.59701156616211,57.59701156616211,0,0.0,0.0
2016-09-29 00:00:00+08:00,58.092311626770204,58.092311626770204,57.59700109238528,57.66775894165039,104635,0.0,0.0
2016-09-30 00:00:00+08:00,57.667765505745336,57.95079693502215,56.6063976459573,56.7479133605957,154298,0.0,0.0
2016-10-03 00:00:00+08:00,57.03094959521494,57.313981048339556,56.25261309912224,57.101707458496094,71442,0.0,0.0
2016-10-04 00:00:00+08:00,57.03094676835858,57.45549392700195,57.03094676835858,57.45549392700195,77655,0.0,0.0
2016-10-05 00:00:00+08:00,58.304595961464734,58.79990099795663,57.66776961073071,58.58762741088867,142634,0.0,0.0
2016-10-06 00:00:00+08:00,58.72914123535156,59.22444625581729,58.72914123535156,58.72914123535156,83867,0.0,0.0
2016-10-07 00:00:00+08:00,58.37534627269532,59.08292480472655,58.37534627269532,58.87065124511719,71442,0.0,0.0
2016-10-11 00:00:00+08:00,58.94140631417975,60.07353191195295,58.870648464318926,59.22443771362305,151533,0.0,0.0
2016-10-12 00:00:00+08:00,59.01217083986816,59.43671798706055,58.94141298200276,59.43671798706055,65230,0.0,0.0
2016-10-13 00:00:00+08:00,59.08293243299191,59.50747960702442,58.02156449791062,58.304595947265625,111832,0.0,0.0
2016-10-14 00:00:00+08:00,58.30459576165823,58.37535362377172,57.101706516198554,57.31398010253906,100434,0.0,0.0
2016-10-17 00:00:00+08:00,57.66776941310657,57.66776941310657,56.60640148140404,57.31398010253906,88250,0.0,0.0
2016-10-18 00:00:00+08:00,57.313973341847415,58.16307317658072,56.60639480417757,56.818668365478516,99709,0.0,0.0
2016-10-19 00:00:00+08:00,57.030948669105015,57.59701156616211,56.96019080697288,57.59701156616211,87036,0.0,0.0
2016-10-20 00:00:00+08:00,57.0004275878609,57.78911018319203,56.7853313183107,57.07212448120117,121903,0.0,0.0
2016-10-21 00:00:00+08:00,57.28723020518864,58.29100923572932,57.28723020518864,57.789119720458984,34946,0.0,0.0
2016-10-24 00:00:00+08:00,57.71741977807214,57.8608191704021,57.35892409201225,57.57402038574219,29632,0.0,0.0
2016-10-25 00:00:00+08:00,57.57402038574218,58.075909874602026,57.35892409201225,57.57402038574219,54335,0.0,0.0
2016-10-26 00:00:00+08:00,59.50988578562992,59.50988578562992,57.86081796118387,58.07590866088867,60287,0.0,0.0
2016-10-27 00:00:00+08:00,58.07591214468099,58.36271094055134,57.93251833627604,58.004215240478516,86854,0.0,0.0
2016-10-28 00:00:00+08:00,57.78911370417511,58.004209986830716,56.857031675844034,57.000431060791016,146120,0.0,0.0
2016-10-31 00:00:00+08:00,56.71363909742025,57.28723111651846,56.06835576153905,57.21553421020508,61309,0.0,0.0
2016-11-01 00:00:00+08:00,58.07590688453935,59.07969140010877,57.000431060791016,57.000431060791016,254433,0.0,0.0
2016-11-02 00:00:00+08:00,57.00043387141009,57.00043387141009,54.99287033081055,54.99287033081055,250345,0.0,0.0
2016-11-03 00:00:00+08:00,54.99287128984006,55.13627068435865,53.05700461672455,53.34380340576172,239785,0.0,0.0
2016-11-04 00:00:00+08:00,53.0570020128447,53.70229087221434,52.69851192843699,52.84191131591797,196958,0.0,0.0
2016-11-07 00:00:00+08:00,53.272098541259766,53.702291116126766,53.05700225382626,53.272098541259766,94323,0.0,0.0
2016-11-08 00:00:00+08:00,53.70229087221434,53.70229087221434,52.69851192843699,52.84191131591797,78170,0.0,0.0
2016-11-09 00:00:00+08:00,53.057008376529005,53.057008376529005,51.12114715576172,51.12114715576172,313713,0.0,0.0
2016-11-10 00:00:00+08:00,52.34001507362752,52.55511135523116,51.479635536742634,52.26831817626953,234677,0.0,0.0
2016-11-11 00:00:00+08:00,52.26832048958131,52.26832048958131,51.264541524025134,51.62303161621094,76703,0.0,0.0
2016-11-14 00:00:00+08:00,51.98152729792668,52.053224198457855,51.12114213343285,51.62303161621094,92063,0.0,0.0
2016-11-15 00:00:00+08:00,51.981533521401026,51.981533521401026,51.40794147988868,51.694740295410156,75665,0.0,0.0
2016-11-16 00:00:00+08:00,51.694740295410156,52.12492733963116,51.694740295410156,51.694740295410156,53487,0.0,0.0
2016-11-17 00:00:00+08:00,51.26453815057354,51.55133132335582,51.26453815057354,51.33623504638672,242541,0.0,0.0
2016-11-18 00:00:00+08:00,51.33623809137607,51.62303128116936,51.33623809137607,51.551334381103516,105664,0.0,0.0
2016-11-21 00:00:00+08:00,51.55133022558524,51.69472960368751,51.47963333129883,51.47963333129883,57766,0.0,0.0
2016-11-22 00:00:00+08:00,51.26454766165855,52.053230430516095,51.26454766165855,51.694740295410156,115573,0.0,0.0
2016-11-23 00:00:00+08:00,51.6947359195988,53.0570050251259,51.6947359195988,52.34001922607422,186216,0.0,0.0
2016-11-24 00:00:00+08:00,52.34001397579792,52.62681273827365,51.98152390699763,52.41171646118164,61094,0.0,0.0
2016-11-25 00:00:00+08:00,52.41172171865048,52.41172171865048,52.053226024359574,52.34001922607422,54369,0.0,0.0
2016-11-28 00:00:00+08:00,52.34001397579792,52.41171646118164,52.26831707994378,52.41171646118164,40188,0.0,0.0
2016-11-29 00:00:00+08:00,52.411721206135155,53.702293395996094,52.411721206135155,53.702293395996094,113787,0.0,0.0
2016-11-30 00:00:00+08:00,53.917391165866505,54.70607947133325,53.917391165866505,54.34758377075195,229024,0.0,0.0
2016-12-01 00:00:00+08:00,54.347580726429086,54.77777330721696,53.91738814564122,54.132484436035156,140040,0.0,0.0
2016-12-02 00:00:00+08:00,53.77398906415849,53.77398906415849,53.128700256347656,53.128700256347656,82767,0.0,0.0
2016-12-05 00:00:00+08:00,52.77020577084664,52.84190825519887,52.19661943320577,52.62681198120117,119552,0.0,0.0
2016-12-06 00:00:00+08:00,53.12871202641626,54.13249111236728,53.057009527755035,53.200408935546875,342309,0.0,0.0
2016-12-07 00:00:00+08:00,54.275881201005376,54.84946755462688,53.917385537844694,54.70607376098633,567001,0.0,0.0
2016-12-08 00:00:00+08:00,55.20796966552734,55.20796966552734,54.275887539887265,55.207969665527344,304860,0.0,0.0
2016-12-09 00:00:00+08:00,55.20796921270129,55.494762420654304,54.84947351061235,55.4947624206543,232559,0.0,0.0
2016-12-12 00:00:00+08:00,55.566451344769405,55.709850722915924,54.921168116933714,55.423057556152344,164026,0.0,0.0
2016-12-13 00:00:00+08:00,55.423062007081334,56.857033545588436,54.92117252755684,56.641937255859375,243909,0.0,0.0
2016-12-14 00:00:00+08:00,57.4306292767694,59.15139411779264,57.143830478656966,57.71742248535156,391574,0.0,0.0
2016-12-15 00:00:00+08:00,57.430620470443735,57.430620470443735,56.64193228086622,57.143821716308594,131260,0.0,0.0
2016-12-16 00:00:00+08:00,57.5023224147756,57.645721804438274,56.28344716599756,56.641937255859375,62433,0.0,0.0
2016-12-19 00:00:00+08:00,56.713636611242606,57.0004354029844,55.638160705566406,55.638160705566406,105453,0.0,0.0
2016-12-20 00:00:00+08:00,55.63815414377759,57.00042868053322,55.63815414377759,56.92872619628906,65646,0.0,0.0
2016-12-21 00:00:00+08:00,57.28722234372085,57.28722234372085,56.283443450927734,56.283443450927734,55382,0.0,0.0
2016-12-22 00:00:00+08:00,56.283447600113035,56.857033984128,55.92495191795622,56.35514450073242,111879,0.0,0.0
2016-12-23 00:00:00+08:00,56.355144066063936,56.64193725585938,56.0683508762685,56.641937255859375,48530,0.0,0.0
2016-12-26 00:00:00+08:00,56.78533813790055,57.932516516761275,56.78533813790055,57.287227630615234,118092,0.0,0.0
2016-12-27 00:00:00+08:00,57.50232128322926,58.29100393702928,57.50232128322926,57.860816955566406,207629,0.0,0.0
2016-12-28 00:00:00+08:00,58.434402127900995,58.5060990250891,57.93251266852492,58.36270523071289,219793,0.0,0.0
2016-12-29 00:00:00+08:00,58.577801511806875,58.93629158727707,58.36270523071289,58.36270523071289,93423,0.0,0.0
2016-12-30 00:00:00+08:00,58.50610810803936,59.15139705150107,58.29101179355213,59.00800323486328,130574,0.0,0.0
2017-01-03 00:00:00+08:00,59.00800172375892,61.30235862651411,59.00800172375892,60.94386291503906,518378,0.0,0.0
2017-01-04 00:00:00+08:00,60.872162030447086,62.66462929162046,60.872162030447086,62.377830505371094,507457,0.0,0.0
2017-01-05 00:00:00+08:00,64.0269066275225,64.38539674095823,63.16652141202829,63.59671401977539,571307,0.0,0.0
2017-01-06 00:00:00+08:00,63.094816291934436,63.81180766802781,62.377830505371094,62.377830505371094,598044,0.0,0.0
2017-01-09 00:00:00+08:00,62.377832981152416,64.88728612848954,62.234439171866455,63.955204010009766,635506,0.0,0.0
2017-01-10 00:00:00+08:00,63.81181480403327,64.24200744198525,63.23822275692041,63.7401123046875,196348,0.0,0.0
2017-01-11 00:00:00+08:00,63.81180335987647,66.24955375170502,63.09481203218961,64.81558227539062,706627,0.0,0.0
2017-01-12 00:00:00+08:00,64.88728779868491,65.96276934366374,64.74389398570801,65.74767303466797,475489,0.0,0.0
2017-01-13 00:00:00+08:00,65.17407444732122,65.60426139554315,64.88727569580078,64.88727569580078,261650,0.0,0.0
2017-01-16 00:00:00+08:00,64.88728002528967,65.17407879594624,64.02690048190915,64.24199676513672,128795,0.0,0.0
2017-01-17 00:00:00+08:00,63.811809219825555,65.96276663182331,63.811809219825555,65.6042709350586,226644,0.0,0.0
2017-01-18 00:00:00+08:00,65.60426139554315,66.3929495779303,64.88727569580078,64.88727569580078,419579,0.0,0.0
2017-01-19 00:00:00+08:00,64.60048217958976,65.38916476812301,63.094808305716214,63.38160705566406,374070,0.0,0.0
2017-01-20 00:00:00+08:00,63.45331573486328,63.95520525620419,63.09482002560243,63.45331573486328,104439,0.0,0.0
2017-01-23 00:00:00+08:00,64.1702908079723,64.31369018554688,63.23820882756114,64.31369018554688,168974,0.0,0.0
2017-01-24 00:00:00+08:00,64.31369847862086,64.81558798055501,64.17029908255533,64.45709228515625,202377,0.0,0.0
2017-02-02 00:00:00+08:00,64.45708049611153,64.8155761259423,64.24198982564802,64.38538360595703,141560,0.0,0.0
2017-02-03 00:00:00+08:00,64.52879696162513,70.7665786743164,64.38539756070693,70.7665786743164,1759785,0.0,0.0
2017-02-06 00:00:00+08:00,73.13262184086037,76.35906597165967,71.41185722729693,75.28358459472656,1826310,0.0,0.0
2017-02-07 00:00:00+08:00,75.28358646532905,76.35906786898508,73.13262365801698,76.00057220458984,986968,0.0,0.0
2017-02-08 00:00:00+08:00,76.71757279333555,79.94401203928489,75.28360103725379,78.51004028320312,1325989,0.0,0.0
2017-02-09 00:00:00+08:00,79.58552304761702,83.88744396769508,78.15154568123711,81.73648071289062,1360591,0.0,0.0
2017-02-10 00:00:00+08:00,82.0949572532091,84.60441007060183,78.15152740478516,78.15152740478516,1280345,0.0,0.0
2017-02-13 00:00:00+08:00,78.86851871506553,80.66098022217788,77.43454168403431,78.15152740478516,887042,0.0,0.0
2017-02-14 00:00:00+08:00,78.51002687865231,81.73646557372983,78.51002687865231,79.22701263427734,834209,0.0,0.0
2017-02-15 00:00:00+08:00,79.58550262451172,81.37796968035843,78.51002127309782,79.58550262451172,549472,0.0,0.0
2017-02-16 00:00:00+08:00,80.66097643766064,80.66097643766064,78.86851501464844,78.86851501464844,428746,0.0,0.0
2017-02-17 00:00:00+08:00,79.58550830685475,81.73646557372983,78.86852255122973,79.22701263427734,895442,0.0,0.0
2017-02-20 00:00:00+08:00,80.30249720982144,87.83085632324219,80.30249720982144,87.83085632324219,2583007,0.0,0.0
2017-02-21 00:00:00+08:00,88.18933867701449,88.54783433216548,79.22700878306445,80.66098022460938,2096314,0.0,0.0
2017-02-22 00:00:00+08:00,81.7364712793067,82.45345708498058,80.66098977603076,81.01948547363281,550361,0.0,0.0
2017-02-23 00:00:00+08:00,82.09496307373047,84.96290616007062,81.37797730214542,82.09496307373047,851866,0.0,0.0
2017-02-24 00:00:00+08:00,82.45345488726478,83.17044067382812,80.66098762609141,83.17044067382812,395461,0.0,0.0
2017-03-01 00:00:00+08:00,84.24591070411472,86.75536341095668,83.52892501494976,83.88742065429688,543714,0.0,0.0
2017-03-02 00:00:00+08:00,85.67988965272973,88.90633392333984,84.60441381872279,88.90633392333984,1145640,0.0,0.0
2017-03-03 00:00:00+08:00,89.62331169375909,89.62331169375909,82.45344362812197,84.24591064453125,1528834,0.0,0.0
2017-03-06 00:00:00+08:00,84.24591634616601,87.47235495825143,83.88742627233965,86.03838348388672,450826,0.0,0.0
2017-03-07 00:00:00+08:00,86.03838928897602,86.75537507453406,84.24592203031588,85.32140350341797,328183,0.0,0.0
2017-03-08 00:00:00+08:00,85.6798917539365,86.39688311356426,84.2459202137408,84.60441589355469,315818,0.0,0.0
2017-03-09 00:00:00+08:00,84.60440634346183,84.60440634346183,83.17042937560265,83.88742065429688,146063,0.0,0.0
2017-03-10 00:00:00+08:00,83.88743428585856,83.88743428585856,78.86852805661113,81.01948547363281,515783,0.0,0.0
2017-03-13 00:00:00+08:00,81.37797910859206,83.52893647109461,81.37797910859206,82.81195068359375,290544,0.0,0.0
2017-03-14 00:00:00+08:00,83.17043893634306,83.52893461690054,81.73646739317299,82.09496307373047,286156,0.0,0.0
2017-03-15 00:00:00+08:00,82.09496697690874,82.81195278258264,81.01948547363281,81.01948547363281,375109,0.0,0.0
2017-03-16 00:00:00+08:00,81.7364712793067,82.45345708498058,81.01948547363281,81.01948547363281,104652,0.0,0.0
2017-03-17 00:00:00+08:00,81.37797524006707,87.11386685693259,81.37797524006707,86.39688110351562,1014742,0.0,0.0
2017-03-20 00:00:00+08:00,86.39688497652006,87.11387076207811,84.96290781587393,85.32140350341797,360822,0.0,0.0
2017-03-21 00:00:00+08:00,86.03839290743272,93.20825665408117,85.3214070917209,86.75537872314453,1432080,0.0,0.0
2017-03-22 00:00:00+08:00,85.67989360143198,85.67989360143198,83.17044055721381,85.32140350341797,534360,0.0,0.0
2017-03-23 00:00:00+08:00,86.39687914724273,87.83085062160744,84.60441200952201,86.03838348388672,455731,0.0,0.0
2017-03-24 00:00:00+08:00,84.96290605620982,85.67989182691839,81.37797720266694,82.45345306396484,615617,0.0,0.0
2017-03-27 00:00:00+08:00,83.17043705757422,83.88742840249279,81.0194797914079,81.37797546386719,223373,0.0,0.0
2017-03-28 00:00:00+08:00,82.0949572532091,82.45344731881977,77.07605161842365,78.15152740478516,920358,0.0,0.0
2017-03-29 00:00:00+08:00,78.86852255122973,79.58550830685475,78.1515312060749,79.22701263427734,187314,0.0,0.0
2017-03-30 00:00:00+08:00,78.15153490554424,80.30249786376953,77.79304480552673,80.30249786376953,228086,0.0,0.0
2017-03-31 00:00:00+08:00,81.0194836533346,81.37797934288217,79.94400217422196,80.30249786376953,203989,0.0,0.0
2017-04-05 00:00:00+08:00,80.66098594103048,82.8119488453155,80.66098594103048,82.09496307373047,252449,0.0,0.0
2017-04-06 00:00:00+08:00,82.45345316475802,82.8119488453155,81.01948162158794,82.09496307373047,391301,0.0,0.0
2017-04-07 00:00:00+08:00,82.09496697690874,82.45345708498058,79.94400397035687,81.01948547363281,276146,0.0,0.0
2017-04-10 00:00:00+08:00,81.01947403337734,81.01947403337734,79.58550262451172,79.58550262451172,533671,0.0,0.0
2017-04-11 00:00:00+08:00,79.94400217422196,81.37797934288217,79.58551207420446,80.30249786376953,191075,0.0,0.0
2017-04-12 00:00:00+08:00,80.66097643766064,80.66097643766064,78.86851501464844,78.86851501464844,162772,0.0,0.0
2017-04-13 00:00:00+08:00,78.15154280961423,78.51003853541924,77.43455694753483,77.79305267333984,168383,0.0,0.0
2017-04-14 00:00:00+08:00,77.7930454495834,77.7930454495834,72.77413929154577,73.13262939453125,518909,0.0,0.0
2017-04-17 00:00:00+08:00,73.84961713991167,74.20810722522911,69.61939388855116,71.34016418457031,544665,0.0,0.0
2017-04-18 00:00:00+08:00,72.41564359903018,74.20811088254791,72.41564359903018,73.13262939453125,164735,0.0,0.0
2017-04-19 00:00:00+08:00,74.20810321779346,77.79303741455078,73.84961315183546,75.28358459472656,500023,0.0,0.0
2017-04-20 00:00:00+08:00,76.35907385858125,76.35907385858125,73.13262939453125,73.13262939453125,288276,0.0,0.0
2017-04-21 00:00:00+08:00,75.28360037968076,75.28360037968076,72.7741470336914,72.7741470336914,218669,0.0,0.0
2017-04-24 00:00:00+08:00,73.13262939453125,74.20811088254791,73.13262939453125,73.13262939453125,59265,0.0,0.0
2017-04-25 00:00:00+08:00,73.13261992425741,74.20810127300513,71.6986485189467,72.05714416503906,171665,0.0,0.0
2017-04-26 00:00:00+08:00,73.84962450296335,74.20811462402344,72.77414296072232,74.20811462402344,117524,0.0,0.0
2017-04-27 00:00:00+08:00,74.20811462402344,74.56661033461391,73.84962450296335,74.20811462402344,55291,0.0,0.0
2017-04-28 00:00:00+08:00,74.56660461425781,76.7175619441994,74.56660461425781,74.56660461425781,164517,0.0,0.0
2017-05-02 00:00:00+08:00,75.64208628732455,75.64208628732455,73.49112879237288,74.20811462402344,159537,0.0,0.0
2017-05-03 00:00:00+08:00,74.56661033461391,75.28359616626446,74.20811462402344,74.20811462402344,94317,0.0,0.0
2017-05-04 00:00:00+08:00,74.20810127244769,75.28358262118734,73.84961121588739,74.92508697509766,74594,0.0,0.0
2017-05-05 00:00:00+08:00,74.92510464902627,75.64209052080456,72.7741470336914,72.7741470336914,176980,0.0,0.0
2017-05-08 00:00:00+08:00,72.05715349604469,73.13262939453125,71.55526399814696,73.13262939453125,245653,0.0,0.0
2017-05-09 00:00:00+08:00,73.49113290546968,74.92510464902627,72.7741470336914,72.7741470336914,142316,0.0,0.0
2017-05-10 00:00:00+08:00,73.13261992370805,74.92508697509766,73.13261992370805,74.92508697509766,101736,0.0,0.0
2017-05-11 00:00:00+08:00,75.28359616626446,75.28359616626446,73.84962450296335,74.20811462402344,96058,0.0,0.0
2017-05-12 00:00:00+08:00,74.56661008570508,77.4345534027339,74.20811437631129,76.35907745361328,210085,0.0,0.0
2017-05-15 00:00:00+08:00,76.71757279333555,79.58552189502983,76.71757279333555,78.51004028320312,321387,0.0,0.0
2017-05-16 00:00:00+08:00,79.22700878306445,80.66098022460938,78.86851871744298,80.66098022460938,257714,0.0,0.0
2017-05-17 00:00:00+08:00,81.73646944289968,81.73646944289968,79.94400217422196,80.30249786376953,120753,0.0,0.0
2017-05-18 00:00:00+08:00,78.86852805661113,81.01948547363281,78.86852805661113,81.01948547363281,218975,0.0,0.0
2017-05-19 00:00:00+08:00,81.01947778750471,83.5289306640625,81.01947778750471,83.5289306640625,274806,0.0,0.0
2017-05-22 00:00:00+08:00,84.60440628362481,84.60440628362481,83.52892495587339,84.24591064453125,197393,0.0,0.0
2017-05-23 00:00:00+08:00,84.60441579392725,87.11386878107962,84.60441579392725,84.96290588378906,545846,0.0,0.0
2017-05-24 00:00:00+08:00,84.96289633318911,84.96289633318911,83.88742059496695,84.24591064453125,150340,0.0,0.0
2017-05-25 00:00:00+08:00,84.24591070411472,84.96289639327966,83.88742065429688,83.88742065429688,83860,0.0,0.0
2017-05-26 00:00:00+08:00,84.60441206531003,84.60441206531003,82.81194492640736,83.5289306640625,85899,0.0,0.0
2017-05-31 00:00:00+08:00,83.88743215961006,83.88743215961006,81.73646920757746,82.81195068359375,114443,0.0,0.0
2017-06-01 00:00:00+08:00,83.52893647109461,83.88743215961006,82.81195068359375,82.81195068359375,72671,0.0,0.0
2017-06-02 00:00:00+08:00,82.81195278258264,83.17044289065448,80.66098977603076,81.01948547363281,145030,0.0,0.0
2017-06-05 00:00:00+08:00,81.37797546386719,82.45345130218544,81.37797546386719,81.37797546386719,68870,0.0,0.0
2017-06-06 00:00:00+08:00,81.37797720266694,84.60441596562049,81.37797720266694,82.45345306396484,159682,0.0,0.0
2017-06-07 00:00:00+08:00,82.81195068359375,83.52893647109461,82.81195068359375,82.81195068359375,64374,0.0,0.0
2017-06-08 00:00:00+08:00,82.81194492640736,83.88742632765491,82.81194492640736,83.5289306640625,70710,0.0,0.0
2017-06-09 00:00:00+08:00,83.17044067382812,84.24592214843815,83.17044067382812,83.17044067382812,94059,0.0,0.0
2017-06-12 00:00:00+08:00,83.17042931677983,84.60440628362481,82.81193926721554,84.24591064453125,96365,0.0,0.0
2017-06-13 00:00:00+08:00,84.60440628362481,85.32139197228267,83.88742059496695,84.24591064453125,120794,0.0,0.0
2017-06-14 00:00:00+08:00,84.24593411714193,84.24593411714193,81.37799056344377,81.73648071289062,170825,0.0,0.0
2017-06-15 00:00:00+08:00,81.37797546386719,82.09496121925595,80.30249403601913,81.37797546386719,68461,0.0,0.0
2017-06-16 00:00:00+08:00,81.73646554679667,82.81194697464473,81.0194797914079,81.37797546386719,107741,0.0,0.0
2017-06-19 00:00:00+08:00,81.73646729325627,84.24592028550124,81.73646729325627,82.45345306396484,97103,0.0,0.0
2017-06-20 00:00:00+08:00,83.52893636187481,83.8874320499215,82.81195057531147,83.17044067382812,84863,0.0,0.0
2017-06-21 00:00:00+08:00,83.52893060898366,86.75536922106907,83.52893060898366,86.03838348388672,519194,0.0,0.0
2017-06-22 00:00:00+08:00,86.03838733243434,86.39688301182608,84.60441579392725,84.96290588378906,208502,0.0,0.0
2017-06-23 00:00:00+08:00,85.32140166365254,86.75537320384824,84.60441589355469,84.60441589355469,245645,0.0,0.0
2017-06-26 00:00:00+08:00,84.60440628362481,85.32139197228267,83.17042931677983,84.24591064453125,168702,0.0,0.0
2017-06-27 00:00:00+08:00,83.88742059496695,84.60440628362481,83.88742059496695,84.24591064453125,92261,0.0,0.0
2017-06-28 00:00:00+08:00,84.24591064453125,84.24591064453125,83.52892495587339,84.24591064453125,69585,0.0,0.0
2017-06-29 00:00:00+08:00,85.6798913343858,90.34030720149593,85.32140124585726,89.9818115234375,1381826,0.0,0.0
2017-06-30 00:00:00+08:00,89.6233139038086,89.98180396221301,85.32139407624979,89.6233139038086,718441,0.0,0.0
2017-07-03 00:00:00+08:00,90.69879341016502,95.35920907791464,90.69879341016502,93.56674194335938,1493584,0.0,0.0
2017-07-04 00:00:00+08:00,93.56674399814908,96.07619133420005,91.41578674316406,91.41578674316406,840085,0.0,0.0
2017-07-05 00:00:00+08:00,91.77427654552002,94.64221954345703,90.69879512652876,94.64221954345703,561388,0.0,0.0
2017-07-06 00:00:00+08:00,94.28373155143215,95.00072290632423,92.49126434326172,92.49126434326172,481151,0.0,0.0
2017-07-07 00:00:00+08:00,92.49126257589168,92.84975824648741,91.05729107256833,91.41578674316406,235141,0.0,0.0
2017-07-10 00:00:00+08:00,91.77428070705889,91.77428070705889,89.98181345730329,90.3403091430664,348779,0.0,0.0
2017-07-11 00:00:00+08:00,90.34030936104911,91.05729514477538,87.83085632324219,87.83085632324219,534568,0.0,0.0
2017-07-12 00:00:00+08:00,88.90634371626274,89.62332954775238,87.47236646375306,87.11387634277344,555310,0.0,0.0
2017-07-13 00:00:00+08:00,90.0668777108631,94.49639723030242,89.69775444151374,90.80513000488281,520379,3.425262,0.0
2017-07-14 00:00:00+08:00,92.2816459936851,92.2816459936851,90.4360122680664,90.4360122680664,203513,0.0,0.0
2017-07-17 00:00:00+08:00,90.80511916653768,91.5433771277612,88.59036254882812,88.59036254882812,235018,0.0,0.0
2017-07-18 00:00:00+08:00,87.8521149102152,91.17425288715233,87.8521149102152,90.0668716430664,231953,0.0,0.0
2017-07-19 00:00:00+08:00,90.80511766870133,91.1742466432243,89.32861328125,89.32861328125,210607,0.0,0.0
2017-07-20 00:00:00+08:00,90.06687717339663,90.8051294630109,89.69775390625,89.69775390625,84890,0.0,0.0
2017-07-21 00:00:00+08:00,89.69774839858486,91.17425288715233,89.32861939878268,90.0668716430664,113421,0.0,0.0
2017-07-24 00:00:00+08:00,90.80511766870133,90.80511766870133,89.32861328125,89.32861328125,47184,0.0,0.0
2017-07-25 00:00:00+08:00,90.06687649171988,93.01989138314784,89.69775322736697,92.2816390991211,310939,0.0,0.0
2017-07-26 00:00:00+08:00,92.2816404779729,95.23464965820312,92.2816404779729,95.23464965820312,407217,0.0,0.0
2017-07-27 00:00:00+08:00,94.86552429199219,95.97289983244717,94.49639527495992,94.86552429199219,295418,0.0,0.0
2017-07-28 00:00:00+08:00,92.28163366540065,93.01988590595768,85.6373519897461,85.6373519897461,1392430,0.0,0.0
2017-07-31 00:00:00+08:00,78.99308013916016,80.10046143470863,77.14744656501964,78.99308013916016,2888417,0.0,0.0
2017-08-01 00:00:00+08:00,79.36219644802112,81.2078297266244,78.99306749017248,80.10044860839844,746954,0.0,0.0
2017-08-02 00:00:00+08:00,79.73132992763162,80.10045893305967,76.77832090549012,77.88569641113281,784867,0.0,0.0
2017-08-03 00:00:00+08:00,77.88568988044442,79.7313232421875,77.88568988044442,79.7313232421875,253411,0.0,0.0
2017-08-04 00:00:00+08:00,79.73133329191965,80.83871459960938,78.99308100523349,80.83871459960938,328201,0.0,0.0
2017-08-07 00:00:00+08:00,81.20784207338146,83.05346987727211,80.10046078679038,81.57696533203125,363767,0.0,0.0
2017-08-08 00:00:00+08:00,81.57695292915307,81.57695292915307,78.99306749017248,80.10044860839844,327493,0.0,0.0
2017-08-09 00:00:00+08:00,80.10045674641928,80.10045674641928,77.51657104492188,77.51657104492188,277584,0.0,0.0
2017-08-10 00:00:00+08:00,77.51657375722282,78.25482601843626,75.30181121826172,75.30181121826172,452794,0.0,0.0
2017-08-11 00:00:00+08:00,75.30181121826172,76.04006923479594,74.19443570410195,75.30181121826172,275698,0.0,0.0
2017-08-14 00:00:00+08:00,76.04006452582999,76.04006452582999,73.16087340348147,73.82530212402344,425765,0.0,0.0
2017-08-15 00:00:00+08:00,74.19443456042221,76.7783203125,74.19443456042221,76.7783203125,237182,0.0,0.0
2017-08-16 00:00:00+08:00,76.77832714800464,76.77832714800464,74.93269348144531,74.93269348144531,189516,0.0,0.0
2017-08-17 00:00:00+08:00,75.30181121826172,78.25482601843626,75.30181121826172,75.30181121826172,217648,0.0,0.0
2017-08-18 00:00:00+08:00,75.30181518614953,76.40919651398144,73.825310585921,75.67094421386719,142035,0.0,0.0
2017-08-21 00:00:00+08:00,76.04007483244514,76.04007483244514,74.56356444600497,74.93269348144531,109947,0.0,0.0
2017-08-22 00:00:00+08:00,74.9326873750267,75.30181062506523,74.1944351196289,74.1944351196289,183019,0.0,0.0
2017-08-23 00:00:00+08:00,74.56355433951882,74.93268332492671,73.82530212402344,73.82530212402344,166709,0.0,0.0
2017-08-24 00:00:00+08:00,73.82530820948986,74.93268950167527,73.82530820948986,74.56356048583984,154550,0.0,0.0
2017-08-25 00:00:00+08:00,74.56356615245875,74.56356615245875,73.53001403808594,73.53001403808594,178818,0.0,0.0
2017-08-28 00:00:00+08:00,73.53000238888937,74.56355433951882,73.53000238888937,73.82530212402344,108680,0.0,0.0
2017-08-29 00:00:00+08:00,73.53000388095121,73.82530362207746,73.08705139160156,73.08705139160156,93474,0.0,0.0
2017-08-30 00:00:00+08:00,73.08705035892466,73.08705035892466,69.02666027101785,71.24141693115234,611237,0.0,0.0
2017-08-31 00:00:00+08:00,71.61054547753731,74.56355433951882,71.53671622726348,73.82530212402344,238153,0.0,0.0
2017-09-01 00:00:00+08:00,73.82531504957194,73.82531504957194,72.71793365478516,72.71793365478516,96153,0.0,0.0
2017-09-04 00:00:00+08:00,72.71792239870335,73.67765662917459,72.71792239870335,73.08705139160156,60287,0.0,0.0
2017-09-05 00:00:00+08:00,73.45619314095813,77.88570729304632,73.16088759322837,76.4092025756836,347418,0.0,0.0
2017-09-06 00:00:00+08:00,77.88570729304632,77.88570729304632,74.56356880131942,76.4092025756836,436572,0.0,0.0
2017-09-07 00:00:00+08:00,77.1474463307252,77.51657534656063,74.56356048583984,74.56356048583984,274869,0.0,0.0
2017-09-08 00:00:00+08:00,74.93269348144531,75.6709457970048,74.56356444600497,74.93269348144531,124832,0.0,0.0
2017-09-11 00:00:00+08:00,74.93269896309017,74.93269896309017,73.160888671875,73.160888671875,173709,0.0,0.0
2017-09-12 00:00:00+08:00,73.30853169065124,73.82530770503294,72.4226266629564,72.79175567626953,129341,0.0,0.0
2017-09-13 00:00:00+08:00,73.8253124330641,73.8253124330641,72.34880779589277,72.93940734863281,132836,0.0,0.0
2017-09-14 00:00:00+08:00,73.45618444704066,73.67766070396436,71.97967414910899,72.79175567626953,63427,0.0,0.0
2017-09-15 00:00:00+08:00,72.71792549329957,72.71792549329957,70.94612121582031,70.94612121582031,241320,0.0,0.0
2017-09-18 00:00:00+08:00,71.01995867808436,71.7582110851194,70.35552978515625,70.35552978515625,180081,0.0,0.0
2017-09-19 00:00:00+08:00,70.87229115196064,71.24141437105821,70.134033203125,70.134033203125,124721,0.0,0.0
2017-09-20 00:00:00+08:00,70.134033203125,70.57698567029828,69.76490998402743,70.134033203125,127973,0.0,0.0
2017-09-21 00:00:00+08:00,70.13404223788565,70.72464752197266,69.39578994926761,70.72464752197266,79701,0.0,0.0
2017-09-22 00:00:00+08:00,70.35552006440702,70.72464909458436,69.98639678955078,69.98639678955078,51090,0.0,0.0
2017-09-25 00:00:00+08:00,70.13404183474037,70.35551809558478,68.28841400146484,68.28841400146484,162561,0.0,0.0
2017-09-26 00:00:00+08:00,68.28840340274526,69.1004790629224,67.77162170410156,67.77162170410156,97169,0.0,0.0
2017-09-27 00:00:00+08:00,68.28840892259504,68.36223241894565,67.77162718217913,68.06693267822266,71001,0.0,0.0
2017-09-28 00:00:00+08:00,68.06694314080328,68.28841941921881,66.36895642117703,66.51660919189453,222859,0.0,0.0
2017-09-29 00:00:00+08:00,66.07364650061359,67.55015096003497,66.07364650061359,67.40250396728516,161447,0.0,0.0
2017-10-02 00:00:00+08:00,71.90584966561575,75.30181121826172,71.24142090392742,75.30181121826172,831004,0.0,0.0
2017-10-03 00:00:00+08:00,75.30181676156445,76.77832714800464,74.56356444600497,74.93269348144531,351557,0.0,0.0
2017-10-05 00:00:00+08:00,75.30181071914237,75.30181071914237,72.71792494436158,72.8655776977539,376038,0.0,0.0
2017-10-06 00:00:00+08:00,73.75148420449865,73.75148420449865,72.2011504060327,72.79175567626953,316769,0.0,0.0
2017-10-11 00:00:00+08:00,73.60382481623414,73.60382481623414,71.97966766357422,71.97966766357422,171686,0.0,0.0
2017-10-12 00:00:00+08:00,71.90584968023909,71.90584968023909,71.09377391933539,71.61054992675781,204565,0.0,0.0
2017-10-13 00:00:00+08:00,71.61055517905191,72.42263099951752,70.503173828125,70.503173828125,318351,0.0,0.0
2017-10-16 00:00:00+08:00,70.13404340447335,70.87230146069231,69.8387436351784,69.91256713867188,209575,0.0,0.0
2017-10-17 00:00:00+08:00,69.91256620590141,70.57699499444105,68.73136138916016,68.73136138916016,192465,0.0,0.0
2017-10-18 00:00:00+08:00,68.80518599737924,69.46961474101916,67.84545750833959,67.91928100585938,281003,0.0,0.0
2017-10-19 00:00:00+08:00,68.21458441901328,68.36223717731244,67.55015563964844,67.55015563964844,426396,0.0,0.0
2017-10-20 00:00:00+08:00,66.4427856841965,66.73808547031007,65.70453334125185,66.51660919189453,711799,0.0,0.0
2017-10-23 00:00:00+08:00,66.14748038020517,66.29512738328486,64.30184679914156,64.52332305908203,749105,0.0,0.0
2017-10-24 00:00:00+08:00,64.22801846924081,66.07365207694123,63.63741893775645,65.70452880859375,664821,0.0,0.0
2017-10-25 00:00:00+08:00,65.55687604806215,66.44278110060971,64.74479449811989,65.70452880859375,1004691,0.0,0.0
2017-10-26 00:00:00+08:00,65.356439590839,65.5800050298665,63.94050979614258,63.94050979614258,824088,0.0,0.0
2017-10-27 00:00:00+08:00,62.52456956836711,62.897186279296875,61.704822012834335,62.897186279296875,1281750,0.0,0.0
2017-10-30 00:00:00+08:00,62.37552425504696,63.94050523795868,62.37552425504696,62.97170639038086,291741,0.0,0.0
2017-10-31 00:00:00+08:00,62.97170804627139,65.05834557480982,62.74814261730258,64.98382568359375,400853,0.0,0.0
2017-11-01 00:00:00+08:00,65.43096700708504,65.58000680024622,63.86598587036133,63.86598587036133,422404,0.0,0.0
2017-11-02 00:00:00+08:00,64.08956374994959,64.9838371340411,64.08956374994959,64.23860931396484,284464,0.0,0.0
2017-11-03 00:00:00+08:00,64.76025449930432,65.43096229685199,64.16407234829335,64.98382568359375,307832,0.0,0.0
2017-11-06 00:00:00+08:00,64.98382440696616,65.20738983154297,64.46216215741947,65.20738983154297,196580,0.0,0.0
2017-11-07 00:00:00+08:00,64.9838257794945,65.05834567082053,64.08955255165829,64.31311798095703,231971,0.0,0.0
2017-11-08 00:00:00+08:00,63.71693232246753,64.31311444154804,62.9717046736169,63.04623031616211,334267,0.0,0.0
2017-11-09 00:00:00+08:00,63.0462412297941,64.53669678550096,63.0462412297941,63.56789779663086,405914,0.0,0.0
2017-11-10 00:00:00+08:00,63.195284559365156,64.23860341160996,63.195284559365156,64.16407775878906,139295,0.0,0.0
2017-11-13 00:00:00+08:00,64.16407536202559,64.16407536202559,63.26980209350586,63.26980209350586,243548,0.0,0.0
2017-11-14 00:00:00+08:00,63.3443284583969,63.3443284583969,62.74814627265571,62.82266616821289,299830,0.0,0.0
2017-11-15 00:00:00+08:00,62.67361820849379,63.56789145267108,62.67361820849379,63.34432601928711,110416,0.0,0.0
2017-11-16 00:00:00+08:00,62.822672828563505,63.716946201984605,62.822672828563505,63.195289611816406,125013,0.0,0.0
2017-11-17 00:00:00+08:00,63.269809515274055,64.313128450932,63.046244049579556,63.195289611816406,240917,0.0,0.0
2017-11-20 00:00:00+08:00,63.195277568791305,63.567888525714764,62.673615322713914,62.97170639038086,183218,0.0,0.0
2017-11-21 00:00:00+08:00,63.49337466331528,64.01503120358839,63.26980346368323,63.791465759277344,331310,0.0,0.0
2017-11-22 00:00:00+08:00,64.08956011878891,64.31312557448429,63.49337789650616,63.56789779663086,258491,0.0,0.0
2017-11-23 00:00:00+08:00,64.08956299026366,65.20740182946692,63.567900644733,64.68574523925781,418161,0.0,0.0
2017-11-24 00:00:00+08:00,64.83478081697675,66.69784718051125,64.53668973838558,66.62332153320312,735171,0.0,0.0
2017-11-27 00:00:00+08:00,67.1449875669576,67.74116975760109,65.58000643885794,65.87809753417969,933442,0.0,0.0
2017-11-28 00:00:00+08:00,66.02714586653224,66.39976262906,64.53669608238486,64.76026153564453,395698,0.0,0.0
2017-11-29 00:00:00+08:00,64.98383036163841,65.50548690366564,63.19528377985189,63.86598587036133,521858,0.0,0.0
2017-11-30 00:00:00+08:00,63.86598089123871,63.86598089123871,62.673616596340196,62.74814224243164,311375,0.0,0.0
2017-12-01 00:00:00+08:00,62.971716853797666,62.971716853797666,62.226489060802805,62.59910583496094,248100,0.0,0.0
2017-12-04 00:00:00+08:00,62.97171536512207,63.49337768554688,62.673624254971116,63.493377685546875,128923,0.0,0.0
2017-12-05 00:00:00+08:00,63.49338486499672,63.49338486499672,61.77935791015624,61.77935791015625,326958,0.0,0.0
2017-12-06 00:00:00+08:00,62.077449054013556,62.971722485585474,61.55579242992423,61.77935791015625,328983,0.0,0.0
2017-12-07 00:00:00+08:00,62.00292357978927,62.450060255436355,61.55578690414218,61.853878021240234,238037,0.0,0.0
2017-12-08 00:00:00+08:00,62.22648751278154,62.59910427767001,61.55578539343207,62.00292205810547,394450,0.0,0.0
2017-12-11 00:00:00+08:00,62.07743893273367,62.52457557561722,61.704827941324545,62.30101013183594,631769,0.0,0.0
2017-12-12 00:00:00+08:00,62.30100399853104,62.97170601916771,62.00291293262131,62.15195846557617,387987,0.0,0.0
2017-12-13 00:00:00+08:00,62.15196326192262,66.92141492922252,62.15196326192262,66.77236938476562,1448107,0.0,0.0
2017-12-14 00:00:00+08:00,66.77237298696708,68.41187406443993,65.80357977339372,66.6978530883789,1298413,0.0,0.0
2017-12-15 00:00:00+08:00,65.87809611878373,66.69784949096656,63.71693860179422,63.94050979614258,680921,0.0,0.0
2017-12-18 00:00:00+08:00,63.716937102965986,65.35643805344442,63.418846021060816,64.08955383300781,700625,0.0,0.0
2017-12-19 00:00:00+08:00,63.865986465965356,63.865986465965356,61.92839431762695,61.92839431762695,1035510,0.0,0.0
2017-12-20 00:00:00+08:00,61.92839431762695,62.45005661984014,61.70482887047921,61.92839431762695,537592,0.0,0.0
2017-12-21 00:00:00+08:00,62.15196479596818,62.15196479596818,58.127734996305165,58.79844284057617,1145763,0.0,0.0
2017-12-22 00:00:00+08:00,58.872958767079886,58.94748441378283,56.04109354345969,56.63727569580078,1757187,0.0,0.0
2017-12-25 00:00:00+08:00,57.30798561063118,58.50034995933495,56.48823224323692,56.7118034362793,706287,0.0,0.0
2017-12-26 00:00:00+08:00,57.00989006945678,57.00989006945678,53.3582774145006,53.73088836669922,1083762,0.0,0.0
2017-12-27 00:00:00+08:00,53.65636929724188,54.77420792621756,52.389479378727614,54.02898025512695,584708,0.0,0.0
2017-12-28 00:00:00+08:00,55.51943694492725,59.394615173339844,55.221345869255465,59.394615173339844,1760750,0.0,0.0
2017-12-29 00:00:00+08:00,60.43793255835888,61.48125129939057,58.94748296934837,60.28888702392578,1894173,0.0,0.0
2018-01-02 00:00:00+08:00,60.288889705702445,60.288889705702445,58.351303427204726,59.171051025390625,426981,0.0,0.0
2018-01-03 00:00:00+08:00,59.17105433126006,60.36341872638077,59.17105433126006,59.692710876464844,249433,0.0,0.0
2018-01-04 00:00:00+08:00,59.61818604459977,60.3634137298648,59.39461486135997,59.99080276489258,300697,0.0,0.0
2018-01-05 00:00:00+08:00,59.99080700948023,62.67362111093351,59.91628135802045,60.13984680175781,701467,0.0,0.0
2018-01-08 00:00:00+08:00,62.002908930495664,62.077428814502824,60.736019104493536,61.4067268371582,590957,0.0,0.0
2018-01-09 00:00:00+08:00,61.40673365790417,61.70482473768333,60.81055149834584,61.108642578125,345145,0.0,0.0
2018-01-10 00:00:00+08:00,61.10864246244143,61.33220789419223,59.69270695851054,60.3634147644043,206169,0.0,0.0
2018-01-11 00:00:00+08:00,61.48125688123437,62.971712360882854,61.33221133326953,61.63030242919922,608786,0.0,0.0
2018-01-12 00:00:00+08:00,61.85387141245721,62.22648239135742,61.481254678236205,62.22648239135742,333715,0.0,0.0
2018-01-15 00:00:00+08:00,61.928397922854046,62.07744348140308,61.55578690414218,61.853878021240234,199963,0.0,0.0
2018-01-16 00:00:00+08:00,61.85387572268808,62.301012381719126,61.10864795763635,61.704830169677734,223030,0.0,0.0
2018-01-17 00:00:00+08:00,62.226488500360595,62.82267072938697,61.92839738584741,62.37553405761719,357336,0.0,0.0
2018-01-18 00:00:00+08:00,62.59910583496094,62.971716853797666,62.226489060802805,62.59910583496094,488449,0.0,0.0
2018-01-19 00:00:00+08:00,63.716936993367284,66.99593888868398,63.26980037127865,63.34432601928711,2337716,0.0,0.0
2018-01-22 00:00:00+08:00,63.344327238291115,63.49337278185558,60.06532527987301,60.959598541259766,981346,0.0,0.0
2018-01-23 00:00:00+08:00,60.95959622760486,61.40673284132766,60.810550689697266,60.810550689697266,461437,0.0,0.0
2018-01-24 00:00:00+08:00,60.88507055169877,61.18316162737056,57.90416555030153,59.394615173339844,1116924,0.0,0.0
2018-01-25 00:00:00+08:00,60.73602715236996,61.63030041087255,59.320097370734594,59.46914291381836,1019724,0.0,0.0
2018-01-26 00:00:00+08:00,59.46914199717481,59.76723307874763,58.127732130097094,58.42582321166992,529595,0.0,0.0
2018-01-29 00:00:00+08:00,59.171053903984685,59.320099452298514,57.00989633109469,57.38250732421875,526555,0.0,0.0
2018-01-30 00:00:00+08:00,57.97869396788191,59.09653854370117,57.233466169109555,59.09653854370117,308522,0.0,0.0
2018-01-31 00:00:00+08:00,58.87296602229167,60.586987043839436,58.79844612172588,59.32010269165039,380609,0.0,0.0
2018-02-01 00:00:00+08:00,59.320097370734594,60.51246171540471,58.8729607414833,59.46914291381836,471767,0.0,0.0
2018-02-02 00:00:00+08:00,59.46915187999217,59.91628857665833,58.50035858154297,58.50035858154297,281429,0.0,0.0
2018-02-05 00:00:00+08:00,56.11562107209404,60.065325086153415,56.04109542289175,59.46914291381836,267149,0.0,0.0
2018-02-06 00:00:00+08:00,57.45702667977567,58.5748652919738,55.221343700059045,56.48822784423828,528438,0.0,0.0
2018-02-07 00:00:00+08:00,56.78631890820049,58.27677422801158,55.96657135996459,56.48822784423828,397674,0.0,0.0
2018-02-08 00:00:00+08:00,57.38251266423478,59.24558506919564,57.23346710205078,57.23346710205078,480078,0.0,0.0
2018-02-09 00:00:00+08:00,57.23346710205078,57.23346710205078,57.23346710205078,57.23346710205078,0,0.0,0.0
2018-02-12 00:00:00+08:00,56.63727943642244,56.63727943642244,55.892051696777344,55.892051696777344,129791,0.0,0.0
2018-02-21 00:00:00+08:00,57.38250862615217,57.38250862615217,56.413715417792154,57.15894317626953,137691,0.0,0.0
2018-02-22 00:00:00+08:00,57.38250710935214,57.60607830864623,56.637279370573474,57.307987213134766,96530,0.0,0.0
2018-02-23 00:00:00+08:00,58.127731103575044,58.500347826621116,57.904165674003906,58.0532112121582,173097,0.0,0.0
2018-02-26 00:00:00+08:00,58.12773506578789,58.202260717605306,57.38250732421875,57.38250732421875,170109,0.0,0.0
2018-02-27 00:00:00+08:00,57.904169620977655,57.904169620977655,57.38250732421875,57.38250732421875,126734,0.0,0.0
2018-03-01 00:00:00+08:00,57.38250052196072,58.202253818171776,57.307980634298076,57.68059158325195,174110,0.0,0.0
2018-03-02 00:00:00+08:00,58.127732130097094,59.394616349121236,57.90416669657784,58.42582321166992,473938,0.0,0.0
2018-03-05 00:00:00+08:00,58.87296103878567,58.87296103878567,57.38250560042137,57.45703125,158458,0.0,0.0
2018-03-06 00:00:00+08:00,57.75512163327434,57.9786870686419,57.606076091255716,57.90416717529297,116526,0.0,0.0
2018-03-07 00:00:00+08:00,57.75511774373789,58.27677422801158,56.1156168919457,56.48822784423828,248185,0.0,0.0
2018-03-08 00:00:00+08:00,57.15893795675955,57.15893795675955,56.48823015771551,56.63727569580078,141715,0.0,0.0
2018-03-09 00:00:00+08:00,56.78632792825992,57.158944695060114,56.48823681694829,57.0098991394043,142869,0.0,0.0
2018-03-12 00:00:00+08:00,58.72392043430255,59.17105710342115,57.97869265243822,58.57487487792969,333954,0.0,0.0
2018-03-13 00:00:00+08:00,59.022003173828125,59.469139779513206,58.574866568143044,59.022003173828125,355438,0.0,0.0
2018-03-14 00:00:00+08:00,59.99081057334914,59.99081057334914,59.022011578744575,59.32010269165039,244090,0.0,0.0
2018-03-15 00:00:00+08:00,59.320094244284846,59.320094244284846,58.2022556077324,59.022003173828125,149881,0.0,0.0
2018-03-16 00:00:00+08:00,59.543670366684516,60.88507453975067,59.543670366684516,60.13984680175781,417752,0.0,0.0
2018-03-19 00:00:00+08:00,60.95959267484299,60.95959267484299,59.543663024902344,59.543663024902344,216673,0.0,0.0
2018-03-20 00:00:00+08:00,59.320095754027946,59.5436669402208,58.87295913696289,58.87295913696289,139635,0.0,0.0
2018-03-21 00:00:00+08:00,59.76723932891261,59.76723932891261,58.500354977403916,58.57487487792969,242531,0.0,0.0
2018-03-22 00:00:00+08:00,58.574864703955825,59.32009235638022,56.860843981039885,58.35129928588867,230153,0.0,0.0
2018-03-23 00:00:00+08:00,56.93537067927726,58.202260717605306,56.86085078278086,57.38250732421875,222697,0.0,0.0
2018-03-26 00:00:00+08:00,57.38250341280353,58.42582217988365,57.38250341280353,58.0532112121582,209750,0.0,0.0
2018-03-27 00:00:00+08:00,58.127734996305165,59.09653393684751,58.127734996305165,58.79844284057617,231954,0.0,0.0
2018-03-28 00:00:00+08:00,58.50035086794221,58.50035086794221,57.60607759252484,57.755123138427734,120698,0.0,0.0
2018-03-29 00:00:00+08:00,57.829643033718725,58.12773412552451,57.755123138427734,57.755123138427734,162770,0.0,0.0
2018-03-30 00:00:00+08:00,58.202258969182154,58.50035005685501,57.45703125,57.45703125,236038,0.0,0.0
2018-04-02 00:00:00+08:00,57.97869265243822,58.87296599067542,57.755127195539586,58.57487487792969,360593,0.0,0.0
2018-04-03 00:00:00+08:00,58.276778371533666,58.276778371533666,57.60607630759146,57.97868728637695,150904,0.0,0.0
2018-04-09 00:00:00+08:00,57.829642231930656,58.127733319603514,57.38250560042137,57.45703125,143457,0.0,0.0
2018-04-10 00:00:00+08:00,58.127733538676615,58.127733538676615,56.93536918349136,57.531551361083984,187419,0.0,0.0
2018-04-11 00:00:00+08:00,57.606076091255716,57.9786870686419,57.38250490056739,57.90416717529297,202618,0.0,0.0
2018-04-12 00:00:00+08:00,57.904162756880545,57.904162756880545,57.38250052196072,57.68059158325195,120973,0.0,0.0
2018-04-13 00:00:00+08:00,57.904175009539586,58.05322057172359,57.23346710205078,57.23346710205078,145091,0.0,0.0
2018-04-16 00:00:00+08:00,57.97869237350646,57.97869237350646,57.0098991394043,57.0098991394043,77341,0.0,0.0
2018-04-17 00:00:00+08:00,56.637277786824896,57.68059659194069,56.637277786824896,56.7118034362793,205488,0.0,0.0
2018-04-18 00:00:00+08:00,56.71179984325372,57.75511858226915,56.71179984325372,56.786319732666016,186255,0.0,0.0
2018-04-19 00:00:00+08:00,57.00990163643554,57.904175009539586,56.86085607425154,57.23346710205078,168193,0.0,0.0
2018-04-20 00:00:00+08:00,57.08441080095614,57.08441080095614,56.71179984325372,56.786319732666016,112938,0.0,0.0
2018-04-23 00:00:00+08:00,56.78632941319311,56.935374972746395,55.370399475097656,55.370399475097656,311786,0.0,0.0
2018-04-24 00:00:00+08:00,54.99777536297426,54.99777536297426,53.358280181884766,53.358280181884766,360363,0.0,0.0
2018-04-25 00:00:00+08:00,53.358276591109856,53.87993306720213,52.9111400021792,53.432796478271484,210550,0.0,0.0
2018-04-26 00:00:00+08:00,53.65637066526498,54.77420932274108,52.911142975174045,53.134708404541016,186457,0.0,0.0
2018-04-27 00:00:00+08:00,53.432805587395414,54.550644372628945,52.24044114697497,52.53853225708008,285456,0.0,0.0
2018-04-30 00:00:00+08:00,52.613054673848005,53.28375675264106,52.613054673848005,52.76210021972656,61200,0.0,0.0
2018-05-02 00:00:00+08:00,53.28375094862793,53.65636765039695,52.9111400021792,53.432796478271484,185717,0.0,0.0
2018-05-03 00:00:00+08:00,53.73088814361741,53.87993367494212,52.836614955669134,53.656368255615234,256303,0.0,0.0
2018-05-04 00:00:00+08:00,53.43280159287396,56.6372779092835,53.0601906107588,56.04109573364258,636435,0.0,0.0
2018-05-07 00:00:00+08:00,57.904163275719,58.05320880770011,56.041091248294954,56.48822784423828,447977,0.0,0.0
2018-05-08 00:00:00+08:00,56.86084757777559,57.75512081725216,56.19013977050781,56.19013977050781,194378,0.0,0.0
2018-05-09 00:00:00+08:00,56.56275954011843,56.56275954011843,55.74300614884832,55.892051696777344,121632,0.0,0.0
2018-05-10 00:00:00+08:00,55.96657571833944,57.0844144175888,55.59395898170909,56.7118034362793,324532,0.0,0.0
2018-05-11 00:00:00+08:00,56.71180052487443,57.23345702299171,56.04109273550016,56.33918380737305,146777,0.0,0.0
2018-05-14 00:00:00+08:00,56.488233812615974,56.488233812615974,55.14682388305664,55.14682388305664,161698,0.0,0.0
2018-05-15 00:00:00+08:00,55.14682295654337,56.488232863565884,55.14682295654337,55.519439697265625,248859,0.0,0.0
2018-05-16 00:00:00+08:00,57.382504689753056,58.3513035869753,56.26466600638051,56.41371154785156,1136266,0.0,0.0
2018-05-17 00:00:00+08:00,56.86084960428814,57.15894069473759,55.3703941520409,55.519439697265625,242202,0.0,0.0
2018-05-18 00:00:00+08:00,56.041095316875776,56.041095316875776,54.40159434605589,54.47611999511719,240917,0.0,0.0
2018-05-21 00:00:00+08:00,54.625167052118606,55.072303692918574,54.02898486438531,54.32707595825195,158355,0.0,0.0
2018-05-22 00:00:00+08:00,54.327076895464884,54.77421354397854,53.95446014404297,53.95446014404297,172740,0.0,0.0
2018-05-23 00:00:00+08:00,54.10350484958937,54.327070268916266,53.656368255615234,53.656368255615234,57425,0.0,0.0
2018-05-24 00:00:00+08:00,53.730898288191234,54.62517164498132,53.730898288191234,53.87994384765625,104263,0.0,0.0
2018-05-25 00:00:00+08:00,53.656368255615234,53.87993367494212,53.35827719296581,53.656368255615234,166010,0.0,0.0
2018-05-28 00:00:00+08:00,53.65637299498806,53.65637299498806,53.20923636151913,53.283756256103516,153863,0.0,0.0
2018-05-29 00:00:00+08:00,53.35828442255204,53.879940975208314,53.35828442255204,53.50732421875,112380,0.0,0.0
2018-05-30 00:00:00+08:00,53.581844796700075,53.581844796700075,52.98566264709626,53.06018829345703,130582,0.0,0.0
2018-05-31 00:00:00+08:00,53.358280181884766,53.87993669308221,53.358280181884766,53.358280181884766,170494,0.0,0.0
2018-06-01 00:00:00+08:00,53.805413786939944,54.25254462559373,53.5818426122927,53.656368255615234,183724,0.0,0.0
2018-06-04 00:00:00+08:00,55.07230549976363,55.37039660341023,54.327077740647134,54.997779846191406,316444,0.0,0.0
2018-06-05 00:00:00+08:00,54.99778062674192,55.51944294318768,54.55064396492608,55.29587173461914,157268,0.0,0.0
2018-06-06 00:00:00+08:00,55.14682535072004,57.97869083293407,54.99777979902457,57.15894317626953,634907,0.0,0.0
2018-06-07 00:00:00+08:00,58.05321423023353,58.64939641384511,57.23346085010714,57.755123138427734,464881,0.0,0.0
2018-06-08 00:00:00+08:00,58.79844114452787,58.87296103878567,57.00989461849071,57.45703125,403059,0.0,0.0
2018-06-11 00:00:00+08:00,57.53155287253257,57.97868951747406,57.23346177590492,57.38250732421875,253251,0.0,0.0
2018-06-12 00:00:00+08:00,57.38250639601004,57.904168684330635,57.30798650071905,57.755123138427734,239165,0.0,0.0
2018-06-13 00:00:00+08:00,58.127738143933875,58.27678370014039,57.009899350045686,57.08441925048828,202451,0.0,0.0
2018-06-14 00:00:00+08:00,57.084419003613576,57.084419003613576,56.11562577012166,56.264671325683594,168135,0.0,0.0
2018-06-15 00:00:00+08:00,56.19013977050781,57.15893865760111,56.19013977050781,56.19013977050781,77943,0.0,0.0
2018-06-19 00:00:00+08:00,56.19014168325494,56.19014168325494,54.6996862333913,54.77421188354492,131593,0.0,0.0
2018-06-20 00:00:00+08:00,55.07230501089374,55.14682490848332,53.656375158802014,54.103511810302734,205785,0.0,0.0
2018-06-21 00:00:00+08:00,54.103510515512454,54.625167052118606,54.02898486438531,54.32707595825195,107322,0.0,0.0
2018-06-22 00:00:00+08:00,54.327072611649314,54.327072611649314,53.73089046064145,53.805416107177734,75311,0.0,0.0
2018-06-25 00:00:00+08:00,54.25255197634549,54.25255197634549,53.50732421875,53.50732421875,103321,0.0,0.0
2018-06-26 00:00:00+08:00,53.35828110093828,53.58184653663915,52.98566436767578,52.98566436767578,139743,0.0,0.0
2018-06-27 00:00:00+08:00,53.06019331951385,53.656375525590235,52.98566766609373,53.50732421875,93178,0.0,0.0
2018-06-28 00:00:00+08:00,53.507327071332995,54.3270805260513,53.358287267189425,53.87994384765625,64784,0.0,0.0
2018-06-29 00:00:00+08:00,53.87994010117322,54.62516784667969,53.805420204283095,54.62516784667969,87054,0.0,0.0
2018-07-02 00:00:00+08:00,54.84873710651812,54.84873710651812,53.87994384765625,53.87994384765625,48612,0.0,0.0
2018-07-03 00:00:00+08:00,54.10351639093895,54.10351639093895,52.91115188598633,52.91115188598633,146940,0.0,0.0
2018-07-04 00:00:00+08:00,52.91114366685829,53.28375463911443,52.4640070469585,52.68757247924805,119449,0.0,0.0
2018-07-05 00:00:00+08:00,52.68757273716821,52.91114392587289,50.67546081542969,50.67546081542969,193444,0.0,0.0
2018-07-06 00:00:00+08:00,52.01687044852207,52.01687044852207,48.067163637777576,49.18500518798828,419783,0.0,0.0
2018-07-09 00:00:00+08:00,50.74998023891,50.74998023891,49.40857038504604,47.694549560546875,284512,0.0,0.0
2018-07-10 00:00:00+08:00,50.79663739865628,50.79663739865628,49.78846232221827,50.098670959472656,162463,2.469729,0.0
2018-07-11 00:00:00+08:00,50.40887456009288,50.95173662640891,49.866009499138414,50.87418746948242,114590,0.0,0.0
2018-07-12 00:00:00+08:00,50.87419379262626,52.58034133911133,50.641534314375846,52.58034133911133,179489,0.0,0.0
2018-07-13 00:00:00+08:00,54.6742428127542,57.776329040527344,54.6742428127542,57.776329040527344,751479,0.0,0.0
2018-07-16 00:00:00+08:00,57.77633395048764,60.49065663581967,57.54367446899414,57.54367446899414,1486377,0.0,0.0
2018-07-17 00:00:00+08:00,57.621222163368856,58.474292843382166,56.535492031993876,57.46611785888672,438749,0.0,0.0
2018-07-18 00:00:00+08:00,58.93961363690653,58.93961363690653,55.2171158209235,56.070186614990234,444354,0.0,0.0
2018-07-19 00:00:00+08:00,56.07017646457816,56.84569795028111,55.449759276015804,56.22528076171875,88339,0.0,0.0
2018-07-20 00:00:00+08:00,56.61304492077025,56.92325355017933,55.68241903254302,56.53549575805664,121951,0.0,0.0
2018-07-23 00:00:00+08:00,56.53548691168292,56.53548691168292,55.13954829777116,55.837520599365234,133191,0.0,0.0
2018-07-24 00:00:00+08:00,55.99262853968634,56.45793545204497,55.91507339477539,55.91507339477539,63776,0.0,0.0
2018-07-25 00:00:00+08:00,56.14772424521082,56.14772424521082,55.44975791978782,55.604862213134766,98188,0.0,0.0
2018-07-26 00:00:00+08:00,55.83752539457578,56.613040924072266,55.83752539457578,56.613040924072266,88400,0.0,0.0
2018-07-27 00:00:00+08:00,55.60486116907508,56.225278330813644,55.061999147192026,55.837520599365234,269381,0.0,0.0
2018-07-30 00:00:00+08:00,55.44975791978782,55.99262594114037,55.372208767752596,55.604862213134766,100213,0.0,0.0
2018-07-31 00:00:00+08:00,55.604865851435555,56.225283065418054,55.2946572444443,55.68241500854492,42559,0.0,0.0
2018-08-01 00:00:00+08:00,55.60487363933264,57.23346605949535,55.60487363933264,56.070186614990234,149813,0.0,0.0
2018-08-02 00:00:00+08:00,56.4579353948962,56.53549053972865,55.13955183623546,55.44976043701172,134655,0.0,0.0
2018-08-03 00:00:00+08:00,55.52731558184417,55.52731558184417,55.062002680679775,55.44976043701172,109337,0.0,0.0
2018-08-06 00:00:00+08:00,55.52732051362689,56.14773178100586,55.44976536190621,56.14773178100586,81993,0.0,0.0
2018-08-07 00:00:00+08:00,56.22528693272655,56.30284208444723,55.75997399023434,56.14773178100586,39478,0.0,0.0
2018-08-08 00:00:00+08:00,56.225278330813644,56.38038262124829,55.837520599365234,55.837520599365234,80980,0.0,0.0
2018-08-09 00:00:00+08:00,56.302839654074546,56.380388813170434,54.674241431013385,55.29465866088867,176247,0.0,0.0
2018-08-10 00:00:00+08:00,55.294658770556815,55.294658770556815,54.28648376464844,54.28648376464844,209537,0.0,0.0
2018-08-13 00:00:00+08:00,53.58851236887141,53.97627614007019,51.64971148070903,52.65788650512695,264464,0.0,0.0
2018-08-14 00:00:00+08:00,52.19257357325472,53.04565027632572,52.19257357325472,52.65788650512695,78259,0.0,0.0
2018-08-15 00:00:00+08:00,52.657886635806605,52.657886635806605,51.261947836725646,51.64971160888672,107459,0.0,0.0
2018-08-16 00:00:00+08:00,50.79663470066877,51.64971140244715,50.486426079890656,51.26194763183594,97176,0.0,0.0
2018-08-17 00:00:00+08:00,51.26194892323406,52.03747049471639,51.26194892323406,51.88236618041992,96164,0.0,0.0
2018-08-20 00:00:00+08:00,51.88236231619161,51.88236231619161,51.26194510521478,51.417049407958984,69845,0.0,0.0
2018-08-21 00:00:00+08:00,51.18439867585973,51.80481591989572,51.18439867585973,51.64971160888672,47722,0.0,0.0
2018-08-22 00:00:00+08:00,51.57215259022327,51.57215259022327,51.18439483642578,51.18439483642578,67995,0.0,0.0
2018-08-23 00:00:00+08:00,51.49460732231992,52.27012887773301,51.417052172140025,52.11502456665039,65728,0.0,0.0
2018-08-24 00:00:00+08:00,52.11502433361432,52.11502433361432,50.79663470066877,51.26194763183594,51819,0.0,0.0
2018-08-27 00:00:00+08:00,51.26195036196513,51.959922790527344,51.26195036196513,51.959922790527344,45248,0.0,0.0
2018-08-28 00:00:00+08:00,51.959921514547794,51.959921514547794,51.57215773280721,51.80481719970703,25442,0.0,0.0
2018-08-29 00:00:00+08:00,51.80481579133311,53.58851236887141,51.80481579133311,52.65788650512695,160970,0.0,0.0
2018-08-30 00:00:00+08:00,52.58033624096269,53.433406936853345,52.42523193359375,52.42523193359375,46622,0.0,0.0
2018-08-31 00:00:00+08:00,52.03747195521344,52.580340065126,51.80481847187768,51.959922790527344,65897,0.0,0.0
2018-09-03 00:00:00+08:00,51.95992260334254,51.95992260334254,51.49460964906983,51.57215881347656,37744,0.0,0.0
2018-09-04 00:00:00+08:00,52.34767273256755,52.34767273256755,51.57215125576293,52.0374641418457,27331,0.0,0.0
2018-09-05 00:00:00+08:00,51.49460983276367,51.64971415140787,51.41705467880284,51.49460983276367,39478,0.0,0.0
2018-09-06 00:00:00+08:00,51.64971415140787,51.80481847005207,51.41705467880284,51.49460983276367,24674,0.0,0.0
2018-09-07 00:00:00+08:00,51.572151062419174,51.572151062419174,49.09048534058641,49.63335037231445,180242,0.0,0.0
2018-09-10 00:00:00+08:00,49.63335046699633,49.63335046699633,44.670016019224356,44.980224609375,593455,0.0,0.0
2018-09-11 00:00:00+08:00,44.98022966185358,45.60064691184425,42.49856066189088,44.204708099365234,498595,0.0,0.0
2018-09-12 00:00:00+08:00,44.28225828331834,44.28225828331834,43.42918460257637,43.506736755371094,102359,0.0,0.0
2018-09-13 00:00:00+08:00,43.11897535337215,44.2047054764329,43.11897535337215,43.42918395996094,107299,0.0,0.0
2018-09-14 00:00:00+08:00,44.2047031339984,44.980224609375,43.58428595369711,44.980224609375,85211,0.0,0.0
2018-09-17 00:00:00+08:00,44.98022718311504,45.367987942990766,44.43736211928903,45.290435791015625,157093,0.0,0.0
2018-09-18 00:00:00+08:00,45.21288550309877,45.21288550309877,44.20470748585624,44.59246826171875,64835,0.0,0.0
2018-09-19 00:00:00+08:00,44.82512283325195,45.212883592730506,44.74757068135624,44.82512283325195,48647,0.0,0.0
2018-09-20 00:00:00+08:00,44.98022903758126,44.98022903758126,44.35981179620124,44.59246826171875,65194,0.0,0.0
2018-09-21 00:00:00+08:00,44.74756816676202,44.980224609375,44.670016019224356,44.980224609375,23281,0.0,0.0
2018-09-25 00:00:00+08:00,44.980229064263916,45.13533337470093,44.8251247538269,45.05778121948242,40491,0.0,0.0
2018-09-26 00:00:00+08:00,44.82512347565497,45.057779934676375,44.82512347565497,44.90267562866211,59990,0.0,0.0
2018-09-27 00:00:00+08:00,44.35981055761216,45.21288424069065,44.35981055761216,44.90267562866211,32392,0.0,0.0
2018-09-28 00:00:00+08:00,44.90267246183734,45.05777675691266,44.90267246183734,44.980224609375,20655,0.0,0.0
2018-10-01 00:00:00+08:00,44.9802259590416,45.600643157958984,44.9802259590416,45.600643157958984,93128,0.0,0.0
2018-10-02 00:00:00+08:00,46.221060356876364,46.37616166196734,45.600643157958984,45.600643157958984,76931,0.0,0.0
2018-10-03 00:00:00+08:00,45.290433199525644,45.910850379826925,44.980224609375,44.980224609375,78971,0.0,0.0
2018-10-04 00:00:00+08:00,44.359812411862904,44.67002103685824,44.204708099365234,44.204708099365234,51626,0.0,0.0
2018-10-05 00:00:00+08:00,44.20470671153477,44.28225886534881,42.49855932762582,42.653663635253906,150827,0.0,0.0
2018-10-08 00:00:00+08:00,41.878145217996966,42.42101033515118,41.49038442002966,42.110801696777344,208614,0.0,0.0
2018-10-09 00:00:00+08:00,42.188353218207915,42.26590537662828,41.41283163400426,42.03324890136719,78956,0.0,0.0
2018-10-11 00:00:00+08:00,38.00054424645721,39.551587602142575,37.84543991088867,37.84543991088867,439349,0.0,0.0
2018-10-12 00:00:00+08:00,35.247443201694,37.84543928197402,35.247443201694,37.767887115478516,278421,0.0,0.0
2018-10-15 00:00:00+08:00,38.54340353712781,38.54340353712781,36.64337421914149,36.682151794433594,187267,0.0,0.0
2018-10-16 00:00:00+08:00,36.68215370721603,36.68215370721603,34.97600618744632,35.51887130737305,648681,0.0,0.0
2018-10-17 00:00:00+08:00,36.37193990245928,36.68214849836793,35.712748133472566,35.82907485961914,294566,0.0,0.0
2018-10-18 00:00:00+08:00,36.06173453736169,36.06173453736169,34.549468994140625,34.549468994140625,363400,0.0,0.0
2018-10-19 00:00:00+08:00,33.65762022209467,33.812727540189385,32.571892952542285,32.99842834472656,471842,0.0,0.0
2018-10-22 00:00:00+08:00,33.192304647070905,34.355586981705336,32.99842575528446,33.89027404785156,343155,0.0,0.0
2018-10-23 00:00:00+08:00,33.541287554593936,33.81272157003532,32.300453186035156,32.300453186035156,264199,0.0,0.0
2018-10-24 00:00:00+08:00,32.30045772692852,32.416787462654035,31.79637019115456,32.1065788269043,241196,0.0,0.0
2018-10-25 00:00:00+08:00,30.865741708252315,30.865741708252315,29.663684842349458,30.633085250854492,427172,0.0,0.0
2018-10-26 00:00:00+08:00,30.90451757791294,32.222904224897206,30.63308653026489,30.788190841674805,150789,0.0,0.0
2018-10-29 00:00:00+08:00,31.796369545820816,31.796369545820816,30.788191500095976,31.56371307373047,139180,0.0,0.0
2018-10-30 00:00:00+08:00,31.05962255354872,31.56371307373047,31.05962255354872,31.56371307373047,91103,0.0,0.0
2018-10-31 00:00:00+08:00,31.680036635175597,32.920871028543985,31.680036635175597,32.37800598144531,173095,0.0,0.0
2018-11-01 00:00:00+08:00,32.57189178869044,33.73517417304344,32.41678747077671,33.03720474243164,251039,0.0,0.0
2018-11-02 00:00:00+08:00,33.03720860754467,33.03720860754467,32.1841347592157,32.571895599365234,312787,0.0,0.0
2018-11-05 00:00:00+08:00,32.18412589239144,32.882095212367936,32.18412589239144,32.68821334838867,110609,0.0,0.0
2018-11-06 00:00:00+08:00,32.726990799683875,32.76576537555537,31.95146933587167,31.990243911743164,121472,0.0,0.0
2018-11-07 00:00:00+08:00,32.02903042315589,32.64944776739514,31.951478255125984,32.571895599365234,115397,0.0,0.0
2018-11-08 00:00:00+08:00,33.812723086767555,33.812723086767555,33.03720157163086,33.11475372314453,152881,0.0,0.0
2018-11-09 00:00:00+08:00,32.7269929167789,32.959649370973004,32.64944076538086,32.64944076538086,52637,0.0,0.0
2018-11-12 00:00:00+08:00,32.64944331718417,32.959651947021484,32.57189115972484,32.959651947021484,86041,0.0,0.0
2018-11-13 00:00:00+08:00,32.18412537810542,32.95964683235353,31.75758708094986,32.804542541503906,107299,0.0,0.0
2018-11-14 00:00:00+08:00,32.804546282815394,33.2310816339785,32.804546282815394,33.07597732543945,69439,0.0,0.0
2018-11-15 00:00:00+08:00,32.843322226294504,33.424964904785156,32.765770068805,33.424964904785156,80980,0.0,0.0
2018-11-16 00:00:00+08:00,33.73517608642578,33.92905499749496,33.347415269648536,33.73517608642578,141715,0.0,0.0
2018-11-19 00:00:00+08:00,33.89027185353758,36.10050964355469,33.89027185353758,36.10050964355469,222696,0.0,0.0
2018-11-20 00:00:00+08:00,35.82907619329191,36.720927437046,35.2086589783807,36.449493408203125,168444,0.0,0.0
2018-11-21 00:00:00+08:00,36.29438735992092,36.992356693146895,35.59641802669495,36.87602996826172,148902,0.0,0.0
2018-11-22 00:00:00+08:00,37.45767269952217,38.42707313458782,36.60459899902344,36.60459899902344,394982,0.0,0.0
2018-11-23 00:00:00+08:00,36.7597034128238,37.26379391641788,36.061734019520216,36.79848098754883,175120,0.0,0.0
2018-11-26 00:00:00+08:00,37.14746532153547,38.155643364879474,36.91480884999455,37.961761474609375,485048,0.0,0.0
2018-11-27 00:00:00+08:00,38.23319109727715,38.4658475418924,38.03930922944528,38.349517822265625,128829,0.0,0.0
2018-11-28 00:00:00+08:00,38.77605947805824,38.9311637878418,38.34952112883417,38.9311637878418,202515,0.0,0.0
2018-11-29 00:00:00+08:00,39.55158166288879,42.80876922607422,39.396477350611455,42.80876922607422,1411782,0.0,0.0
2018-11-30 00:00:00+08:00,43.118975578978535,45.7557487487793,42.18834975434297,45.7557487487793,814932,0.0,0.0
2018-12-03 00:00:00+08:00,46.84147839890891,49.090490929247515,46.84147839890891,48.0047607421875,675764,0.0,0.0
2018-12-04 00:00:00+08:00,47.3843428067315,47.46189496182781,46.06595617009438,46.99658203125,714668,0.0,0.0
2018-12-05 00:00:00+08:00,46.14351007677628,46.29861438279055,44.82512347565497,44.90267562866211,331336,0.0,0.0
2018-12-06 00:00:00+08:00,44.90267245638035,44.90267245638035,40.86996078491211,40.86996078491211,443492,0.0,0.0
2018-12-07 00:00:00+08:00,42.57611337825888,42.88632200733523,41.49038317649165,42.4210090637207,208642,0.0,0.0
2018-12-10 00:00:00+08:00,42.6536674708413,43.27408475714403,41.10262425508447,41.257728576660156,174108,0.0,0.0
2018-12-11 00:00:00+08:00,41.87814073406577,42.033245036645525,41.33527567503661,41.56793212890625,40591,0.0,0.0
2018-12-12 00:00:00+08:00,41.87814092701701,43.739392566549725,41.87814092701701,43.42918395996094,235096,0.0,0.0
2018-12-13 00:00:00+08:00,43.81694354366899,46.45371363435572,43.50673494539545,45.678192138671875,619602,0.0,0.0
2018-12-14 00:00:00+08:00,45.83329948735092,45.83329948735092,44.43736079344779,44.67001724243164,223708,0.0,0.0
2018-12-17 00:00:00+08:00,45.2128802366641,45.36798452894242,43.9720458984375,43.9720458984375,114385,0.0,0.0
2018-12-18 00:00:00+08:00,42.65366681393156,42.88632329271194,41.49038442002966,42.110801696777344,199414,0.0,0.0
2018-12-19 00:00:00+08:00,42.80876665032339,43.11897525621319,42.498558044433594,42.498558044433594,75919,0.0,0.0
2018-12-20 00:00:00+08:00,42.49855932762582,43.041424404324125,41.87814209711348,42.653663635253906,85029,0.0,0.0
2018-12-21 00:00:00+08:00,42.65366299248913,42.731215145134506,42.26590222926223,42.57611083984375,36441,0.0,0.0
2018-12-24 00:00:00+08:00,43.81694662865607,44.049603093741695,42.65366430322794,43.196529388427734,80980,0.0,0.0
2018-12-25 00:00:00+08:00,42.73121396058628,43.50673546554191,42.11079675662178,43.35163116455078,96265,0.0,0.0
2018-12-26 00:00:00+08:00,43.97204836851528,44.049600519010845,43.35163116455078,43.35163116455078,71870,0.0,0.0
2018-12-27 00:00:00+08:00,43.506736111608134,44.2047054764329,42.653662443488976,43.42918395996094,111406,0.0,0.0
2018-12-28 00:00:00+08:00,43.8169423963101,44.980224609375,43.04142092093349,44.980224609375,203746,0.0,0.0
2019-01-02 00:00:00+08:00,46.37616166196734,46.37616166196734,44.82512165931225,45.600643157958984,93132,0.0,0.0
2019-01-03 00:00:00+08:00,45.36799112513215,45.52309543996156,44.82512602322921,45.212886810302734,68837,0.0,0.0
2019-01-04 00:00:00+08:00,44.98022966185358,44.98022966185358,44.049603786867564,44.204708099365234,142750,0.0,0.0
2019-01-07 00:00:00+08:00,45.135330682387576,45.36798713416518,43.35163121875923,43.81694412231445,241484,0.0,0.0
2019-01-08 00:00:00+08:00,44.670019705915614,44.670019705915614,43.58428955078125,43.58428955078125,103067,0.0,0.0
2019-01-09 00:00:00+08:00,43.58428645030863,44.12715148925781,43.50673430188732,44.12715148925781,134127,0.0,0.0
2019-01-10 00:00:00+08:00,44.28226216640524,44.59247080478616,43.58429273004817,44.4373664855957,66302,0.0,0.0
2019-01-11 00:00:00+08:00,44.43736456811174,44.43736456811174,43.894499474369894,44.204708099365234,65849,0.0,0.0
2019-01-14 00:00:00+08:00,44.67002039858623,47.46189498901367,44.359811778023335,47.46189498901367,908661,0.0,0.0
2019-01-15 00:00:00+08:00,47.92720549541617,48.00475764663384,46.68637407057178,47.074134826660156,529430,0.0,0.0
2019-01-16 00:00:00+08:00,47.694550809974785,48.23741588862451,46.76392496086097,47.384342193603516,285954,0.0,0.0
2019-01-17 00:00:00+08:00,47.53944708914922,49.94356389572995,46.06595614318038,46.53126907348633,896960,0.0,0.0
2019-01-18 00:00:00+08:00,46.5312667500218,49.245592041270996,46.5312667500218,48.54762268066406,777476,0.0,0.0
2019-01-21 00:00:00+08:00,50.40887333955407,51.18439483642578,49.32314324393368,51.18439483642578,807145,0.0,0.0
2019-01-22 00:00:00+08:00,51.184394782434616,52.50277833108748,50.79663103976943,52.192569732666016,538128,0.0,0.0
2019-01-23 00:00:00+08:00,52.192569732666016,52.5803334753312,51.41704823661235,52.192569732666016,422194,0.0,0.0
2019-01-24 00:00:00+08:00,52.58033880031572,54.208931112322965,51.80481722572243,52.735443115234375,547259,0.0,0.0
2019-01-25 00:00:00+08:00,53.433409353482595,53.433409353482595,52.19257483841193,52.812992095947266,295670,0.0,0.0
2019-01-28 00:00:00+08:00,53.82117185567773,53.82117185567773,52.65788653079161,53.123199462890625,166524,0.0,0.0
2019-01-29 00:00:00+08:00,53.12320347289959,53.355862951149994,51.80481972707266,52.58034133911133,267347,0.0,0.0
2019-01-30 00:00:00+08:00,53.123195583966684,53.123195583966684,51.18439483642578,51.18439483642578,304606,0.0,0.0
2019-02-11 00:00:00+08:00,51.95992260334254,53.35586146616066,51.184401012888024,51.57215881347656,408944,0.0,0.0
2019-02-12 00:00:00+08:00,51.72726457122998,52.81299482808412,51.72726457122998,52.58034133911133,254444,0.0,0.0
2019-02-13 00:00:00+08:00,52.73543925345487,52.73543925345487,51.41704967855236,52.27012634277344,204728,0.0,0.0
2019-02-14 00:00:00+08:00,51.57215625261405,52.192573494170276,51.184398471279984,51.26194763183594,234084,0.0,0.0
2019-02-15 00:00:00+08:00,51.26194262173807,51.26194262173807,50.02111125453714,50.5639762878418,314002,0.0,0.0
2019-02-18 00:00:00+08:00,51.26194889330439,51.26194889330439,50.641531636480764,50.95174026489258,157355,0.0,0.0
2019-02-19 00:00:00+08:00,50.951736499726366,51.57215371070319,49.78845722378323,51.417049407958984,224012,0.0,0.0
2019-02-20 00:00:00+08:00,51.417046960402004,53.43340280009403,51.417046960402004,52.0374641418457,272803,0.0,0.0
2019-02-21 00:00:00+08:00,52.42522957898152,53.97627258300781,52.03746583333657,53.97627258300781,346295,0.0,0.0
2019-02-22 00:00:00+08:00,54.67424386855326,54.67424386855326,52.2701299902425,52.812992095947266,298346,0.0,0.0
2019-02-25 00:00:00+08:00,52.96809915049185,53.27830779530732,52.11502837188813,52.58034133911133,104768,0.0,0.0
2019-02-26 00:00:00+08:00,52.502778386469316,52.812986985218004,50.796631093351564,51.18439483642578,313898,0.0,0.0
2019-02-27 00:00:00+08:00,51.26194399147459,51.33949913580012,50.48642249460288,51.18439483642578,212938,0.0,0.0
2019-03-04 00:00:00+08:00,51.804817061299055,53.27830505371094,51.804817061299055,53.27830505371094,606041,0.0,0.0
2019-03-05 00:00:00+08:00,53.12320092088109,53.43340955079425,52.657887976011345,53.20075607299805,124507,0.0,0.0
2019-03-06 00:00:00+08:00,53.27830138798518,57.311013285606755,53.27830138798518,56.613040924072266,1281623,0.0,0.0
2019-03-07 00:00:00+08:00,55.837524182620434,56.61303969528433,54.90689838029164,55.44976043701172,664358,0.0,0.0
2019-03-08 00:00:00+08:00,55.44976420169394,55.44976420169394,52.8905460661737,54.51913833618164,488929,0.0,0.0
2019-03-11 00:00:00+08:00,54.51913726596259,54.90690103028611,54.13137949091613,54.75179672241211,141869,0.0,0.0
2019-03-12 00:00:00+08:00,54.75179407990351,55.449760437011726,54.59668977951538,55.44976043701172,248002,0.0,0.0
2019-03-13 00:00:00+08:00,56.92324975430382,58.31918849355775,56.613041145580716,57.00080490112305,1019586,0.0,0.0
2019-03-14 00:00:00+08:00,57.00080091501942,58.164080121743694,56.53548803447441,57.07835006713867,469201,0.0,0.0
2019-03-15 00:00:00+08:00,58.55185440910554,61.498836517333984,57.31101983721988,61.498836517333984,2060330,0.0,0.0
2019-03-18 00:00:00+08:00,60.49064401696976,60.87840774214229,59.09470538704625,60.568199157714844,1551912,0.0,0.0
2019-03-19 00:00:00+08:00,60.56820543885184,61.96414421353913,59.172266664164546,59.48247528076172,655682,0.0,0.0
2019-03-20 00:00:00+08:00,58.706954824358384,59.792685002516215,58.706954824358384,59.71512985229492,447059,0.0,0.0
2019-03-21 00:00:00+08:00,59.71512336983252,60.10288710029036,58.55184415701204,58.93960189819336,430375,0.0,0.0
2019-03-22 00:00:00+08:00,59.637580762397796,61.57638165963648,59.48247645104762,61.11106872558594,1360592,0.0,0.0
2019-03-25 00:00:00+08:00,59.71512977774994,59.71512977774994,57.38856511317322,58.319190979003906,780896,0.0,0.0
2019-03-26 00:00:00+08:00,58.93961226559667,58.93961226559667,58.16409065754424,58.24164581298828,378585,0.0,0.0
2019-03-27 00:00:00+08:00,58.24164330020807,60.02533992713397,58.164088148110075,59.32737350463867,414276,0.0,0.0
2019-03-28 00:00:00+08:00,59.560020682905346,60.49064647398798,58.93960348885025,59.947784423828125,452741,0.0,0.0
2019-03-29 00:00:00+08:00,60.80086000555002,60.80086000555002,58.78450396122562,59.24981689453125,557378,0.0,0.0
2019-04-01 00:00:00+08:00,59.560020695280045,61.42127227783203,59.404916396734045,61.42127227783203,710116,0.0,0.0
2019-04-02 00:00:00+08:00,61.42127233949059,62.041689534297404,60.335542248578676,61.8865852355957,1076393,0.0,0.0
2019-04-03 00:00:00+08:00,61.886585046351335,61.886585046351335,60.49064636230469,60.49064636230469,800706,0.0,0.0
2019-04-08 00:00:00+08:00,61.188621386471674,62.42945582679042,59.94778694615294,61.731483459472656,1186972,0.0,0.0
2019-04-09 00:00:00+08:00,63.7478435524291,64.29070566057841,61.57638314127723,61.65393829345703,1446707,0.0,0.0
2019-04-10 00:00:00+08:00,61.96414291167089,62.04169206955234,60.645753324193755,61.731483459472656,439592,0.0,0.0
2019-04-11 00:00:00+08:00,62.041686764420795,62.041686764420795,60.645748138427734,60.645748138427734,322080,0.0,0.0
2019-04-12 00:00:00+08:00,61.18862639328152,61.26617555750849,57.77633140319112,58.16408920288086,592769,0.0,0.0
2019-04-15 00:00:00+08:00,58.86205416369632,60.10288854821155,58.164081827768165,60.025333404541016,470972,0.0,0.0
2019-04-16 00:00:00+08:00,60.18043368834497,60.18043368834497,58.784495098879674,59.094703674316406,330442,0.0,0.0
2019-04-17 00:00:00+08:00,60.02533606225392,61.34372564881339,59.560023147458274,61.266170501708984,769163,0.0,0.0
2019-04-18 00:00:00+08:00,61.964145358831885,62.041694519775994,59.24981691879871,59.71512985229492,656143,0.0,0.0
2019-04-19 00:00:00+08:00,60.49064897704957,61.49882995374528,60.10289120935833,61.266170501708984,674983,0.0,0.0
2019-04-22 00:00:00+08:00,62.04169206955234,63.04986705767284,61.188621386471674,61.731483459472656,1251658,0.0,0.0
2019-04-23 00:00:00+08:00,61.731480748123936,61.731480748123936,59.94778431314711,60.49064636230469,404903,0.0,0.0
2019-04-24 00:00:00+08:00,61.033519699504566,61.033519699504566,59.48247658257313,60.1028938293457,279508,0.0,0.0
2019-04-25 00:00:00+08:00,60.10288861137452,60.49064636230469,59.40491627471285,60.49064636230469,193992,0.0,0.0
2019-04-26 00:00:00+08:00,60.33554313179206,60.41309827691654,58.551846665250444,58.78450012207031,532750,0.0,0.0
2019-04-29 00:00:00+08:00,58.629397102280855,58.93960571100395,56.76814544994227,57.00080490112305,367955,0.0,0.0
2019-04-30 00:00:00+08:00,57.00080365552869,58.78450012207031,57.00080365552869,58.78450012207031,322909,0.0,0.0
2019-05-02 00:00:00+08:00,58.86206035037939,59.482477607845816,58.319192255457615,58.47429656982422,149813,0.0,0.0
2019-05-03 00:00:00+08:00,58.55184807664398,61.42127471915841,58.55184807664398,60.33554458618164,658082,0.0,0.0
2019-05-06 00:00:00+08:00,59.87023819525959,59.87023819525959,58.24164581298828,58.24164581298828,283806,0.0,0.0
2019-05-07 00:00:00+08:00,58.78449902002578,60.257992846275954,58.78449902002578,60.025333404541016,261569,0.0,0.0
2019-05-08 00:00:00+08:00,58.629395821098136,59.63757677205567,58.39674236427827,58.78450012207031,297837,0.0,0.0
2019-05-09 00:00:00+08:00,58.784501451944905,58.784501451944905,55.13955329127798,55.52731704711914,736205,0.0,0.0
2019-05-10 00:00:00+08:00,54.674238882396004,56.0701775845443,52.96809157977031,53.51095962524414,727509,0.0,0.0
2019-05-13 00:00:00+08:00,52.81299220991471,53.433409468788874,48.237417920356464,50.408878326416016,1174612,0.0,0.0
2019-05-14 00:00:00+08:00,49.788454882013696,51.02928924560547,48.08230763207501,51.02928924560547,1178772,0.0,0.0
2019-05-15 00:00:00+08:00,51.88236258923379,53.123197017717615,51.41704967855236,52.27012634277344,393107,0.0,0.0
2019-05-16 00:00:00+08:00,52.42523448539706,53.89872248248565,51.64971291080377,52.735443115234375,336134,0.0,0.0
2019-05-17 00:00:00+08:00,53.200753133257905,54.13137897157334,50.486424776866045,50.64152908325195,324444,0.0,0.0
2019-05-20 00:00:00+08:00,51.184394537831984,51.184394537831984,50.09866444854541,50.33131790161133,130581,0.0,0.0
2019-05-21 00:00:00+08:00,50.64152908325195,51.18439715024112,50.098667005539774,50.64152908325195,88066,0.0,0.0
2019-05-22 00:00:00+08:00,51.184394782434616,52.192569732666016,51.184394782434616,52.192569732666016,129568,0.0,0.0
2019-05-23 00:00:00+08:00,52.3476792657591,52.3476792657591,50.33132317441808,50.408878326416016,176638,0.0,0.0
2019-05-24 00:00:00+08:00,50.40887640338784,51.8823643423638,50.17621994018555,50.17621994018555,115397,0.0,0.0
2019-05-27 00:00:00+08:00,50.71908095685958,50.71908095685958,48.47006865945129,48.780277252197266,231806,0.0,0.0
2019-05-28 00:00:00+08:00,48.47007238454029,48.85783315527348,47.15168576404745,47.84965515136719,303879,0.0,0.0
2019-05-29 00:00:00+08:00,47.306790039510695,47.77210296406761,46.53126849858251,47.384342193603516,178157,0.0,0.0
2019-05-30 00:00:00+08:00,46.608825544495296,48.39252216659577,46.608825544495296,48.082313537597656,104262,0.0,0.0
2019-05-31 00:00:00+08:00,48.08231045424501,49.32314489066702,48.08231045424501,49.09048843383789,81992,0.0,0.0
2019-06-03 00:00:00+08:00,49.09048838931041,49.09048838931041,48.23741471504406,48.62517547607422,44060,0.0,0.0
2019-06-04 00:00:00+08:00,48.62517497990529,50.17621800819916,48.62517497990529,49.94356155395508,153066,0.0,0.0
2019-06-05 00:00:00+08:00,50.40887633918812,51.106842733267534,49.01293756175222,49.2455940246582,250027,0.0,0.0
2019-06-06 00:00:00+08:00,48.85783511009293,49.16804373909104,48.082313537597656,48.082313537597656,90090,0.0,0.0
2019-06-10 00:00:00+08:00,48.780276751027536,49.63335037231445,48.70272460363782,49.63335037231445,114700,0.0,0.0
2019-06-11 00:00:00+08:00,50.021112472389156,50.25376892089844,49.866008173382966,50.25376892089844,112481,0.0,0.0
2019-06-12 00:00:00+08:00,50.25377209458631,50.25377209458631,49.24559408737639,50.17621994018555,101898,0.0,0.0
2019-06-13 00:00:00+08:00,50.25377080660465,50.87418802590974,50.021114349365234,50.021114349365234,145790,0.0,0.0
2019-06-14 00:00:00+08:00,50.64152529374253,50.64152529374253,49.63335037231445,49.63335037231445,42514,0.0,0.0
2019-06-17 00:00:00+08:00,49.86601060886509,49.86601060886509,49.16804122924805,49.16804122924805,48866,0.0,0.0
2019-06-18 00:00:00+08:00,49.555801957017046,49.555801957017046,48.702728271484375,48.702728271484375,57698,0.0,0.0
2019-06-19 00:00:00+08:00,49.63335289886632,49.63335289886632,49.090487839504114,49.478248596191406,87054,0.0,0.0
2019-06-20 00:00:00+08:00,49.71090519600857,50.87418746948242,49.4782487413138,50.87418746948242,187469,0.0,0.0
2019-06-21 00:00:00+08:00,51.1843934687614,51.649706354451105,50.48642114558856,50.5639762878418,195365,0.0,0.0
2019-06-24 00:00:00+08:00,51.029292882402586,51.106842041015625,50.098667043384154,51.106842041015625,96574,0.0,0.0
2019-06-25 00:00:00+08:00,51.33950404504599,52.03747046433393,50.79663595068667,50.95174026489258,150826,0.0,0.0
2019-06-26 00:00:00+08:00,50.95174026489258,51.029295416634184,50.48642732227486,50.95174026489258,100668,0.0,0.0
2019-06-27 00:00:00+08:00,51.572154960524834,51.88236357353098,50.87418857589952,51.106842041015625,228258,0.0,0.0
2019-06-28 00:00:00+08:00,50.87418853746931,51.10684200240967,49.86601054596092,50.64152908325195,121470,0.0,0.0
2019-07-01 00:00:00+08:00,51.33950534439558,53.43341064453125,51.33950534439558,53.43341064453125,601280,0.0,0.0
2019-07-02 00:00:00+08:00,53.4334030843423,54.20892456527245,53.123194491970246,53.89871597290039,263708,0.0,0.0
2019-07-03 00:00:00+08:00,54.286481126437636,54.286481126437636,53.51095962524414,53.51095962524414,374534,0.0,0.0
2019-07-04 00:00:00+08:00,54.05381826472867,55.837520599365234,53.74360968385939,55.837520599365234,848271,0.0,0.0
2019-07-05 00:00:00+08:00,56.727687525845,57.0513834781954,56.242143597319405,56.646766662597656,701493,2.963675,0.0
2019-07-08 00:00:00+08:00,56.64676523594038,58.18431784604102,56.64676523594038,57.45600509643555,414013,0.0,0.0
2019-07-09 00:00:00+08:00,57.77970304974829,57.9415510274751,56.80861518338744,57.617855072021484,320885,0.0,0.0
2019-07-10 00:00:00+08:00,58.26524565433882,58.831710438625585,57.77970173222998,58.18431854248047,385669,0.0,0.0
2019-07-11 00:00:00+08:00,58.26524633450339,59.31725505317971,57.61785443080088,58.91263198852539,358743,0.0,0.0
2019-07-12 00:00:00+08:00,59.31725110235277,59.31725110235277,58.66985924176982,59.15540313720703,253651,0.0,0.0
2019-07-15 00:00:00+08:00,59.23632712466346,59.23632712466346,57.860622473080014,58.427093505859375,161454,0.0,0.0
2019-07-16 00:00:00+08:00,59.07448080644268,59.07448080644268,57.941551208496094,57.941551208496094,152881,0.0,0.0
2019-07-17 00:00:00+08:00,57.617858708916565,57.617858708916565,56.323074805374084,56.727691650390625,312787,0.0,0.0
2019-07-18 00:00:00+08:00,56.64676865631206,56.88953750427899,56.48492067444053,56.808616638183594,68833,0.0,0.0
2019-07-19 00:00:00+08:00,57.294161892078634,58.83171463012695,57.21323477445458,58.83171463012695,393980,0.0,0.0
2019-07-22 00:00:00+08:00,59.96464680846287,61.98774337768555,59.640950857412804,61.98774337768555,1555807,0.0,0.0
2019-07-23 00:00:00+08:00,63.03975946084348,63.52530339602504,60.04556873571688,60.53111267089844,912063,0.0,0.0
2019-07-24 00:00:00+08:00,61.340345491192664,61.744968515370275,60.12648891801956,61.502193450927734,340118,0.0,0.0
2019-07-25 00:00:00+08:00,61.50219999451398,63.44437571797451,61.1785040406039,62.958831787109375,630129,0.0,0.0
2019-07-26 00:00:00+08:00,62.95883343330684,62.95883343330684,62.31144150855918,62.473289489746094,119486,0.0,0.0
2019-07-29 00:00:00+08:00,62.47328504891693,65.06285256383167,62.06866824955163,64.57730865478516,822249,0.0,0.0
2019-07-30 00:00:00+08:00,64.57731288147856,64.65823999645659,61.09758443039794,61.825897216796875,901212,0.0,0.0
2019-07-31 00:00:00+08:00,61.74497397632471,61.82589483850925,59.721871175865665,61.01665496826172,412525,0.0,0.0
2019-08-01 00:00:00+08:00,59.47910387686411,59.47910387686411,57.698776116307116,57.941551208496094,944049,0.0,0.0
2019-08-02 00:00:00+08:00,56.72768471371724,57.05138065002125,54.86643620480927,55.19013214111328,682308,0.0,0.0
2019-08-05 00:00:00+08:00,54.86644144033379,55.27105827448348,53.81442642211914,53.81442642211914,317145,0.0,0.0
2019-08-06 00:00:00+08:00,52.60056806831088,54.380895833656616,52.438720089643084,54.29996871948242,424396,0.0,0.0
2019-08-07 00:00:00+08:00,55.028287250333854,55.10920811409513,53.5716554555059,53.89535140991211,261162,0.0,0.0
2019-08-08 00:00:00+08:00,53.89534920963858,54.54274109202128,53.005182246522224,53.40980529785156,478240,0.0,0.0
2019-08-12 00:00:00+08:00,53.409807478302795,53.97627227367339,53.247959501099686,53.89535140991211,251697,0.0,0.0
2019-08-13 00:00:00+08:00,53.49072980531006,53.65257778694054,53.00518586041862,53.08611297607422,216420,0.0,0.0
2019-08-14 00:00:00+08:00,53.81442826340909,54.38089935021774,53.81442826340909,54.219051361083984,368664,0.0,0.0
2019-08-15 00:00:00+08:00,53.00518650413895,54.138122389311214,52.68149053694687,53.81442642211914,370623,0.0,0.0
2019-08-16 00:00:00+08:00,53.89535323169737,54.138122080867895,53.65257813284609,53.73350524902344,95455,0.0,0.0
2019-08-19 00:00:00+08:00,53.81442267924774,54.461814568604844,53.81442267924774,54.38089370727539,211952,0.0,0.0
2019-08-20 00:00:00+08:00,54.62366124076062,55.10920514622126,54.38089241287041,54.947357177734375,191776,0.0,0.0
2019-08-21 00:00:00+08:00,54.94736267773786,55.35198576429626,54.5427458408603,55.028289794921875,240917,0.0,0.0
2019-08-22 00:00:00+08:00,55.43290240264051,55.59475037497978,54.29996659626557,54.38089370727539,422111,0.0,0.0
2019-08-23 00:00:00+08:00,54.38089351433085,54.54274148609589,53.814422488313056,54.05719757080078,126796,0.0,0.0
2019-08-26 00:00:00+08:00,53.005183863414416,53.40980692708654,52.92426300048828,52.92426300048828,255291,0.0,0.0
2019-08-27 00:00:00+08:00,53.49072994085775,53.49072994085775,52.762417146515375,52.84333801269531,214898,0.0,0.0
2019-08-28 00:00:00+08:00,53.24795895155379,53.24795895155379,52.843335887881665,52.92426300048828,68023,0.0,0.0
2019-08-29 00:00:00+08:00,53.16703202407448,53.24795913696289,52.924263184770275,53.24795913696289,57698,0.0,0.0
2019-08-30 00:00:00+08:00,53.49073228514158,54.704595328485254,53.409811415415206,54.219051361083984,203564,0.0,0.0
2019-09-02 00:00:00+08:00,54.29997073898909,55.594754616486625,54.29997073898909,55.028289794921875,235126,0.0,0.0
2019-09-03 00:00:00+08:00,55.02829130675276,55.02829130675276,54.219051361083984,54.219051361083984,208086,0.0,0.0
2019-09-04 00:00:00+08:00,54.46181744119648,56.161224365234375,54.46181744119648,56.161224365234375,539773,0.0,0.0
2019-09-05 00:00:00+08:00,56.40399138910586,56.97046242870748,55.91844746216754,56.32307052612305,338220,0.0,0.0
2019-09-06 00:00:00+08:00,56.48491297348409,57.05137770796425,55.43289810990684,56.24213790893555,269311,0.0,0.0
2019-09-10 00:00:00+08:00,55.67567915914628,55.67567915914628,53.89535140991211,53.89535140991211,212996,0.0,0.0
2019-09-11 00:00:00+08:00,54.21904472093834,56.16122035268734,54.21904472093834,55.8375244140625,397276,0.0,0.0
2019-09-12 00:00:00+08:00,56.6467659088728,56.6467659088728,55.190134142677515,55.35198211669922,140804,0.0,0.0
2019-09-16 00:00:00+08:00,55.3519824271704,56.403991139371975,55.19013445224089,55.43290328979492,165188,0.0,0.0
2019-09-17 00:00:00+08:00,55.43290128328005,55.67567636172677,54.70458854730036,55.271053314208984,179292,0.0,0.0
2019-09-18 00:00:00+08:00,55.27105339662892,56.16122035268734,55.10920542731651,55.8375244140625,304836,0.0,0.0
2019-09-19 00:00:00+08:00,55.83752635195893,56.24214316444247,55.43290328979492,55.43290328979492,108311,0.0,0.0
2019-09-20 00:00:00+08:00,55.43290128328005,55.513828392655704,55.109205345137916,55.271053314208984,120572,0.0,0.0
2019-09-23 00:00:00+08:00,56.9704618569162,56.9704618569162,55.27105500484815,55.35198211669922,195365,0.0,0.0
2019-09-24 00:00:00+08:00,55.83753035907943,56.16122633216814,55.190138412902,55.7566032409668,296157,0.0,0.0
2019-09-25 00:00:00+08:00,55.7565969048052,56.16121995002532,54.94735706404517,55.19013214111328,162467,0.0,0.0
2019-09-26 00:00:00+08:00,55.35198576429626,55.43290663179943,54.785514693050665,55.028289794921875,117011,0.0,0.0
2019-09-27 00:00:00+08:00,55.19013572699559,55.351983705663386,54.05719987632103,54.29996871948242,170059,0.0,0.0
2019-10-01 00:00:00+08:00,54.62366820907787,54.62366820907787,53.895355382816476,54.219051361083984,68934,0.0,0.0
2019-10-02 00:00:00+08:00,54.057197762596836,55.43290240264051,54.057197762596836,54.38089370727539,63772,0.0,0.0
2019-10-03 00:00:00+08:00,54.219048032800906,54.94736081435419,53.895352074403746,54.62366485595703,82210,0.0,0.0
2019-10-04 00:00:00+08:00,55.27105864711224,55.35198576429626,54.86644181023468,55.028289794921875,115842,0.0,0.0
2019-10-07 00:00:00+08:00,55.513833748983444,55.513833748983444,54.785514693050665,55.028289794921875,125449,0.0,0.0
2019-10-08 00:00:00+08:00,56.646767439126535,60.53111267089844,55.99937552555112,60.53111267089844,3522023,0.0,0.0
2019-10-09 00:00:00+08:00,60.288342272562716,60.288342272562716,58.26524571968063,58.750789642333984,1559505,0.0,0.0
2019-10-14 00:00:00+08:00,59.80279847138442,61.50219907928287,58.91263148653823,61.34035110473633,1276879,0.0,0.0
2019-10-15 00:00:00+08:00,61.34035256286771,61.34035256286771,59.88372075732302,60.53111267089844,936460,0.0,0.0
2019-10-16 00:00:00+08:00,61.01665515975528,61.66404705798507,57.69877480616784,58.50801467895508,1489079,0.0,0.0
2019-10-17 00:00:00+08:00,58.50801455616709,59.31725442725601,58.18431860773152,58.750789642333984,303677,0.0,0.0
2019-10-18 00:00:00+08:00,59.479105558545925,61.502202218811306,59.479105558545925,60.045570373535156,1238618,0.0,0.0
2019-10-21 00:00:00+08:00,60.0455713970408,60.12649851466485,58.508018658992476,58.83171463012695,521518,0.0,0.0
2019-10-22 00:00:00+08:00,59.07447602979412,59.80279499778999,58.91262806464838,59.15540313720703,460841,0.0,0.0
2019-10-23 00:00:00+08:00,59.155413350289244,61.016662145966656,58.91263823581588,60.61204528808594,916158,0.0,0.0
2019-10-24 00:00:00+08:00,61.90682505861685,66.03394547925517,61.90682505861685,63.68715286254883,5156823,0.0,0.0
2019-10-25 00:00:00+08:00,63.768073728796274,64.90100960402572,63.039760933846296,63.68715286254883,1950539,0.0,0.0
2019-10-28 00:00:00+08:00,65.14378278877682,65.30562451651822,63.12067994616203,63.282527923583984,1383183,0.0,0.0
2019-10-29 00:00:00+08:00,63.52529960149931,63.848995538951854,60.12649225824768,60.85480499267578,1604983,0.0,0.0
2019-10-30 00:00:00+08:00,61.42127732764082,61.66404616110579,59.96464557780993,60.2883415222168,610634,0.0,0.0
2019-10-31 00:00:00+08:00,60.692961818958764,60.854809800471735,59.640953063964844,59.640953063964844,642074,0.0,0.0
2019-11-01 00:00:00+08:00,59.6409501285707,61.17850275242863,59.6409501285707,60.69295883178711,690460,0.0,0.0
2019-11-04 00:00:00+08:00,61.421277837589585,62.79698248790034,60.69295883178711,60.69295883178711,1155997,0.0,0.0
2019-11-05 00:00:00+08:00,60.77388656425915,62.31143920382451,60.28834263865738,62.23051834106445,625574,0.0,0.0
2019-11-06 00:00:00+08:00,62.39235388545006,65.46745855190865,62.14957884617852,63.12066650390625,3526702,0.0,0.0
2019-11-07 00:00:00+08:00,63.363455470143755,63.68715142719973,61.01665665664766,61.09758377075195,1207622,0.0,0.0
2019-11-08 00:00:00+08:00,60.612041264800794,60.612041264800794,57.69877758258303,59.72187423706055,2652047,0.0,0.0
2019-11-11 00:00:00+08:00,59.56002248404263,59.56002248404263,57.45600509643555,57.45600509643555,813854,0.0,0.0
2019-11-12 00:00:00+08:00,57.456007928799885,59.1554085947736,57.29415994872235,58.669864654541016,326958,0.0,0.0
2019-11-13 00:00:00+08:00,58.26524782918752,59.31725657485113,58.184320714308434,58.669864654541016,267235,0.0,0.0
2019-11-14 00:00:00+08:00,59.4790997903106,60.61203556009862,59.15540385608544,59.88371658325195,579010,0.0,0.0
2019-11-15 00:00:00+08:00,60.28834499001671,60.28834499001671,59.47910508245188,59.640953063964844,355580,0.0,0.0
2019-11-18 00:00:00+08:00,60.04556871633455,64.57731210989964,60.04556871633455,63.9299201965332,2983120,0.0,0.0
2019-11-19 00:00:00+08:00,63.92991677605647,66.76225312065435,63.12067692764561,64.57730865478516,6414670,0.0,0.0
2019-11-20 00:00:00+08:00,63.92991278445956,65.54839238022814,63.92991278445956,64.25360870361328,1805866,0.0,0.0
2019-11-21 00:00:00+08:00,64.33455080973175,70.4038475842588,64.33455080973175,67.97612762451172,8397681,0.0,0.0
2019-11-22 00:00:00+08:00,67.81427560564244,72.18416502436071,67.16688365476848,71.37493133544922,6585736,0.0,0.0
2019-11-25 00:00:00+08:00,71.21307709804977,71.94139616762345,69.67552433956459,71.37493133544922,2610610,0.0,0.0
2019-11-26 00:00:00+08:00,72.42693158017545,75.90665978047156,70.08013916015625,70.08013916015625,8046428,0.0,0.0
2019-11-27 00:00:00+08:00,70.97029986267657,71.7795397057315,69.10905134849033,70.08013916015625,2633892,0.0,0.0
2019-11-28 00:00:00+08:00,70.08014626274885,70.56569021779148,68.38073929525922,68.54258728027344,1612524,0.0,0.0
2019-11-29 00:00:00+08:00,68.54258747169695,71.0512343712637,68.13797063287184,69.43275451660156,2812514,0.0,0.0
2019-12-02 00:00:00+08:00,69.10904659062332,69.27089454809176,64.82007259286986,68.21887969970703,2199633,0.0,0.0
2019-12-03 00:00:00+08:00,68.94721002959895,70.40384188758492,67.65242615583362,67.89519500732422,1805866,0.0,0.0
2019-12-04 00:00:00+08:00,67.57149253641659,68.94720339474674,66.43855675589538,67.0050277709961,969741,0.0,0.0
2019-12-05 00:00:00+08:00,70.08014626274885,71.1321550405008,68.46166641260676,68.54258728027344,4840611,0.0,0.0
2019-12-06 00:00:00+08:00,68.78535512880232,70.0801388723732,68.78535512880232,69.18997192382812,1481316,0.0,0.0
2019-12-09 00:00:00+08:00,69.27090396147067,69.99921674421078,67.65242416684744,67.73334503173828,1130690,0.0,0.0
2019-12-10 00:00:00+08:00,66.43856399574223,69.43275486680987,65.62932406432948,66.3576431274414,2282638,0.0,0.0
2019-12-11 00:00:00+08:00,65.79117653589867,68.29982361914466,64.82008855199985,67.97612762451172,2399048,0.0,0.0
2019-12-12 00:00:00+08:00,68.38073317732132,70.08013999276717,67.73334129518581,68.29981231689453,2541776,0.0,0.0
2019-12-13 00:00:00+08:00,68.29981394269068,69.6755186001355,66.76225506117893,67.81427001953125,1672249,0.0,0.0
2019-12-16 00:00:00+08:00,67.2477954047265,68.70442709666803,67.2477954047265,68.1379623413086,732873,0.0,0.0
2019-12-17 00:00:00+08:00,68.70443221918399,70.56568708916659,68.46166337726658,70.40383911132812,2439538,0.0,0.0
2019-12-18 00:00:00+08:00,69.91829368655544,70.16106252329493,67.7333429074978,67.81427001953125,1670223,0.0,0.0
2019-12-19 00:00:00+08:00,67.32873563524583,68.29982361914466,66.76226451979751,67.97612762451172,916092,0.0,0.0
2019-12-20 00:00:00+08:00,68.1379635515173,68.46165948880908,66.8431798023502,67.0050277709961,701018,0.0,0.0
2019-12-23 00:00:00+08:00,67.00502951293471,67.57149429308167,66.11486253740044,66.2767105102539,594194,0.0,0.0
2019-12-24 00:00:00+08:00,66.43855028150799,66.43855028150799,65.79115847001229,65.87208557128906,389718,0.0,0.0
2019-12-25 00:00:00+08:00,66.35763200171193,66.92409673388515,65.8720881242721,66.43855285644531,286468,0.0,0.0
2019-12-26 00:00:00+08:00,66.92410117093513,67.5714930504435,66.27670929142677,67.4096450805664,531434,0.0,0.0
2019-12-27 00:00:00+08:00,68.38073442285601,69.837366184193,67.16687774658203,67.16687774658203,2215018,0.0,0.0
2019-12-30 00:00:00+08:00,67.166871797445,67.5714885704716,66.19578404256532,66.43855285644531,603305,0.0,0.0
2019-12-31 00:00:00+08:00,66.43856213371623,66.60041011546278,65.7102493406971,65.95301818847656,608990,0.0,0.0
2020-01-02 00:00:00+08:00,66.1957814770369,66.43855028150799,65.62931051713836,65.87208557128906,483858,0.0,0.0
2020-01-03 00:00:00+08:00,66.03395020992906,66.51949419124034,64.73916625976562,64.73916625976562,723480,0.0,0.0
2020-01-06 00:00:00+08:00,64.65823235758204,64.65823235758204,61.98773787369616,62.71605682373047,967717,0.0,0.0
2020-01-07 00:00:00+08:00,62.71606257901705,63.12067939419344,60.69295975409359,62.311439514160156,819927,0.0,0.0
2020-01-08 00:00:00+08:00,61.66404784766215,64.49638431384848,61.09758305429709,63.20160675048828,630635,0.0,0.0
2020-01-09 00:00:00+08:00,64.09177428468391,65.38655823484734,63.60623030337262,64.73916625976562,639746,0.0,0.0
2020-01-10 00:00:00+08:00,66.19578989057736,66.19578989057736,64.33454132080078,64.33454132080078,705542,0.0,0.0
2020-01-13 00:00:00+08:00,64.98193390378977,65.71025298690344,64.5773170518119,65.62932586669922,503091,0.0,0.0
2020-01-14 00:00:00+08:00,66.35763787917259,67.49057369354581,66.27671076759144,67.16687774658203,1226855,0.0,0.0
2020-01-15 00:00:00+08:00,67.16687914088499,67.16687914088499,65.71024734931007,65.79116821289062,487907,0.0,0.0
2020-01-16 00:00:00+08:00,66.35763762152084,66.35763762152084,65.62931861884003,66.2767105102539,237880,0.0,0.0
2020-01-17 00:00:00+08:00,66.76225796198065,67.49057700320527,66.19579315185547,66.19579315185547,574961,0.0,0.0
2020-01-20 00:00:00+08:00,66.35763912933164,66.51948710586271,65.79116808663268,66.03394317626953,228771,0.0,0.0
2020-01-30 00:00:00+08:00,59.47910308837891,62.23051868185646,59.47910308837891,59.479103088378906,785511,0.0,0.0
2020-01-31 00:00:00+08:00,58.83171178013226,59.964647624219914,56.403992114230135,57.617855072021484,786512,0.0,0.0
2020-02-03 00:00:00+08:00,55.67567656034795,56.72768523822279,53.0051819363083,55.594749450683594,1331117,0.0,0.0
2020-02-04 00:00:00+08:00,55.99937229986891,56.64676417615319,55.0282844854425,55.271053314208984,1040599,0.0,0.0
2020-02-05 00:00:00+08:00,56.32307417661778,57.45601007957005,55.675682232073626,55.9993782043457,948484,0.0,0.0
2020-02-06 00:00:00+08:00,56.8895316251667,59.15540313720703,56.56583569487522,59.15540313720703,688334,0.0,0.0
2020-02-07 00:00:00+08:00,59.074478691246476,59.64094971961753,57.21323013305664,57.21323013305664,642270,0.0,0.0
2020-02-10 00:00:00+08:00,56.2421476865622,57.53693159010468,55.432907746848144,56.727691650390625,385750,0.0,0.0
2020-02-11 00:00:00+08:00,58.18432005100448,59.1554079203992,57.0513842033773,57.941551208496094,612415,0.0,0.0
2020-02-12 00:00:00+08:00,58.91262915313762,58.91262915313762,57.94154759400125,58.26524353027344,318860,0.0,0.0
2020-02-13 00:00:00+08:00,58.83170829390967,59.155404230181865,58.26524353027344,58.26524353027344,321897,0.0,0.0
2020-02-14 00:00:00+08:00,58.26525044636982,60.53111601955363,57.941554471674856,60.12649917602539,941480,0.0,0.0
2020-02-17 00:00:00+08:00,59.72187186815352,59.72187186815352,58.42709431042901,58.91263198852539,463613,0.0,0.0
2020-02-18 00:00:00+08:00,58.912629470052615,59.72186931508632,58.10338962501891,58.34616470336914,257113,0.0,0.0
2020-02-19 00:00:00+08:00,58.34616869438596,58.99356061469607,58.34616869438596,58.669864654541016,147789,0.0,0.0
2020-02-20 00:00:00+08:00,58.912629470052615,59.72186931508632,58.10338962501891,58.34616470336914,587108,0.0,0.0
2020-02-21 00:00:00+08:00,58.2652472950357,58.34616815949228,57.69877624511719,57.69877624511719,235863,0.0,0.0
2020-02-24 00:00:00+08:00,57.294162733030944,57.294162733030944,56.080299698619385,56.727691650390625,384657,0.0,0.0
2020-02-25 00:00:00+08:00,55.675677215971874,57.13230895996094,55.675677215971874,57.13230895996094,160948,0.0,0.0
2020-02-26 00:00:00+08:00,56.32306501367835,57.05137770796425,55.918441989324066,56.24213790893555,239904,0.0,0.0
2020-02-27 00:00:00+08:00,56.242146555235394,56.97046561116817,55.028289794921875,55.028289794921875,538520,0.0,0.0
2020-03-02 00:00:00+08:00,53.409811415415206,55.02829130675276,53.00518831774031,54.219051361083984,388706,0.0,0.0
2020-03-03 00:00:00+08:00,56.16122006622608,56.16122006622608,54.94735717773438,54.947357177734375,227757,0.0,0.0
2020-03-04 00:00:00+08:00,54.86643631833105,54.94735717773438,54.21904444438353,54.947357177734375,254076,0.0,0.0
2020-03-05 00:00:00+08:00,55.43290148103514,55.83752452999641,55.27105351138668,55.594749450683594,298615,0.0,0.0
2020-03-06 00:00:00+08:00,55.67567837702941,55.67567837702941,55.028286477311376,55.43290328979492,137666,0.0,0.0
2020-03-09 00:00:00+08:00,55.43290328979492,55.43290328979492,55.43290328979492,55.43290328979492,0,0.0,0.0
2020-03-10 00:00:00+08:00,54.05719705447802,55.99937269710792,53.895349084258854,55.9184455871582,895847,0.0,0.0
2020-03-11 00:00:00+08:00,56.16121779077221,56.8086096384897,54.38089020954912,54.46181106567383,489932,0.0,0.0
2020-03-12 00:00:00+08:00,53.89535159836345,53.89535159836345,49.84915215413779,50.82024002075195,997072,0.0,0.0
2020-03-13 00:00:00+08:00,50.82024002075195,50.82024002075195,50.82024002075195,50.82024002075195,0,0.0,0.0
2020-03-16 00:00:00+08:00,47.74513096615521,48.23067489334202,44.50817145157643,45.15556335449219,486895,0.0,0.0
2020-03-17 00:00:00+08:00,41.83767523256832,44.50816653723519,41.028438568115234,41.028438568115234,752106,0.0,0.0
2020-03-18 00:00:00+08:00,41.028438568115234,41.028438568115234,41.028438568115234,41.028438568115234,0,0.0,0.0
2020-03-19 00:00:00+08:00,41.27121842228642,41.27121842228642,37.26548225925411,37.629638671875,685297,0.0,0.0
2020-03-20 00:00:00+08:00,40.461970715610136,41.35213135899253,39.69319135336185,41.028438568115234,607354,0.0,0.0
2020-03-23 00:00:00+08:00,38.196105790893554,40.13828161495811,37.30594187153064,39.73366165161133,272297,0.0,0.0
2020-03-24 00:00:00+08:00,41.99953029248373,43.13246297993901,41.27121441315093,42.32322311401367,374534,0.0,0.0
2020-03-25 00:00:00+08:00,43.618007843014574,45.317411598218335,43.05153992461332,43.94170379638672,574961,0.0,0.0
2020-03-26 00:00:00+08:00,43.941698186554426,44.67001398866106,42.48506658234116,44.103546142578125,383645,0.0,0.0
2020-03-27 00:00:00+08:00,45.31741467344893,45.64111064878702,44.1035547659311,44.184478759765625,416037,0.0,0.0
2020-03-30 00:00:00+08:00,42.88969485841327,44.91279470427632,41.43306609423236,44.184478759765625,331007,0.0,0.0
2020-03-31 00:00:00+08:00,44.99371802278158,45.39833798588108,44.346326081822376,44.750946044921875,292542,0.0,0.0
2020-04-01 00:00:00+08:00,44.50817145157643,45.31741133022113,44.265399487983025,45.15556335449219,239904,0.0,0.0
2020-04-06 00:00:00+08:00,45.722032099484004,49.606380462646484,45.398336142150434,49.606380462646484,594194,0.0,0.0
2020-04-07 00:00:00+08:00,50.253768718188134,51.386704486363215,49.60637685065952,49.93007278442383,673150,0.0,0.0
2020-04-08 00:00:00+08:00,49.60637982969681,50.334695724404426,48.79713994668835,50.172847747802734,373522,0.0,0.0
2020-04-09 00:00:00+08:00,51.224860793616465,51.224860793616465,49.44453300936455,50.57746887207031,383645,0.0,0.0
2020-04-10 00:00:00+08:00,50.98209066297833,51.22486264231976,50.25377472495401,50.41562271118164,381620,0.0,0.0
2020-04-13 00:00:00+08:00,50.25377439371492,50.73931834919741,49.444534467910756,49.76823043823242,279382,0.0,0.0
2020-04-14 00:00:00+08:00,49.849151890529825,52.438719521140314,49.849151890529825,52.03409957885742,823976,0.0,0.0
2020-04-15 00:00:00+08:00,52.35779736118331,53.571657230423796,51.95317740476982,53.16703414916992,891798,0.0,0.0
2020-04-16 00:00:00+08:00,53.167029795567515,57.456004107186665,52.35779307384556,55.8375244140625,1974912,0.0,0.0
2020-04-17 00:00:00+08:00,57.132310151395004,58.91263162593914,55.19013445224089,55.43290328979492,1373632,0.0,0.0
2020-04-20 00:00:00+08:00,55.43290442105276,58.022472072772025,55.19013557854438,57.941551208496094,1218757,0.0,0.0
2020-04-21 00:00:00+08:00,56.80861762648098,57.61785754991694,54.29997073898909,55.028289794921875,1170168,0.0,0.0
2020-04-22 00:00:00+08:00,54.94735599306491,56.40398767804172,53.652572273085525,56.080291748046875,471711,0.0,0.0
2020-04-23 00:00:00+08:00,56.484918812326995,56.97046274193487,55.999374882719124,56.40399169921875,75919,0.0,0.0
2020-04-24 00:00:00+08:00,56.48492097925735,57.05138579402423,55.83752904827764,56.8895378112793,327971,0.0,0.0
2020-04-27 00:00:00+08:00,57.21323213055455,58.50801595525876,57.21323213055455,57.37508010864258,728824,0.0,0.0
2020-04-28 00:00:00+08:00,58.184318420473815,58.66986234156452,56.97046174258727,58.427093505859375,596219,0.0,0.0
2020-04-29 00:00:00+08:00,60.04556181331209,63.768064887218735,59.88371385357702,61.502193450927734,3133946,0.0,0.0
2020-04-30 00:00:00+08:00,61.74496819562592,62.068664113419814,60.69295333795584,61.42127227783203,1043636,0.0,0.0
2020-05-04 00:00:00+08:00,59.80279741405716,60.77388524416734,59.074478416634356,59.96464538574219,829038,0.0,0.0
2020-05-05 00:00:00+08:00,60.53110694789947,61.42127386974388,60.288338128101906,60.93572998046875,948484,0.0,0.0
2020-05-06 00:00:00+08:00,61.82589464661731,61.82589464661731,60.450189996306555,60.69295883178711,708579,0.0,0.0
2020-05-07 00:00:00+08:00,61.178510733172594,61.906829833984375,60.450197882042026,61.906829833984375,738947,0.0,0.0
2020-05-08 00:00:00+08:00,62.39236759897584,63.120680377511476,61.09758377075195,61.09758377075195,806768,0.0,0.0
2020-05-11 00:00:00+08:00,62.14958657881657,62.14958657881657,60.612034054285324,60.93572998046875,747045,0.0,0.0
2020-05-12 00:00:00+08:00,61.09758489758154,61.09758489758154,59.074482003829104,59.640953063964844,688334,0.0,0.0
2020-05-13 00:00:00+08:00,59.479095683583374,60.28833546327238,59.23632062483681,59.802791595458984,331007,0.0,0.0
2020-05-14 00:00:00+08:00,59.56002307205726,60.61203802592732,58.265245532162474,58.427093505859375,889773,0.0,0.0
2020-05-15 00:00:00+08:00,59.23632799940828,59.883719903755946,57.860623327509764,59.479103088378906,592170,0.0,0.0
2020-05-18 00:00:00+08:00,59.964648851649066,60.4501927947682,58.91263385005061,59.317256927490234,900908,0.0,0.0
2020-05-19 00:00:00+08:00,60.69295813348466,61.016654076854714,59.4791014706871,59.96464538574219,1207622,0.0,0.0
2020-05-20 00:00:00+08:00,59.47910252229134,61.825895028375946,59.47910252229134,61.34035110473633,930263,0.0,0.0
2020-05-21 00:00:00+08:00,61.906829833984375,62.87791780194595,61.74498183932412,61.906829833984375,1192438,0.0,0.0
2020-05-22 00:00:00+08:00,61.8258913915397,61.90681849889275,60.531107671331526,61.66404342651367,629623,0.0,0.0
2020-05-25 00:00:00+08:00,61.90682398211115,65.14378356933594,61.502200908867735,65.14378356933594,2337300,0.0,0.0
2020-05-26 00:00:00+08:00,69.18997563612113,69.59459870253662,62.716062820598005,63.20160675048828,4458990,0.0,0.0
2020-05-27 00:00:00+08:00,63.68714533920025,64.57730601117139,62.3114345283794,63.44437026977539,1208634,0.0,0.0
2020-05-28 00:00:00+08:00,63.28252156293054,64.25360932985632,62.71605682373046,62.71605682373047,732873,0.0,0.0
2020-05-29 00:00:00+08:00,62.71606427742971,63.12068110356352,62.23052033626073,62.39236831665039,345179,0.0,0.0
2020-06-01 00:00:00+08:00,63.039757533241286,64.33454132080078,62.311438527898865,64.33454132080078,458552,0.0,0.0
2020-06-02 00:00:00+08:00,65.54840153272825,65.79117038115133,63.44437776444501,63.68715286254883,838148,0.0,0.0
2020-06-03 00:00:00+08:00,64.33454479125137,64.57731363967444,63.28252978226937,63.68715286254883,497018,0.0,0.0
2020-06-04 00:00:00+08:00,64.25360976420578,64.25360976420578,63.03975317218293,63.36344909667969,473736,0.0,0.0
2020-06-05 00:00:00+08:00,63.52530337551947,64.73916008824125,63.52530337551947,63.9299201965332,520299,0.0,0.0
2020-06-08 00:00:00+08:00,64.4963748470209,66.11485437576015,63.52529337945697,65.87208557128906,1116519,0.0,0.0
2020-06-09 00:00:00+08:00,65.95302278168556,66.03394990303526,64.01085311514787,64.0917739868164,1103359,0.0,0.0
2020-06-10 00:00:00+08:00,63.92992768404783,64.7391676705346,63.52531081564511,63.606231689453125,464625,0.0,0.0
2020-06-11 00:00:00+08:00,63.363452994082,63.76806979975041,60.04556643907147,60.2883415222168,1310872,0.0,0.0
2020-06-12 00:00:00+08:00,58.66986472626704,61.825897216796875,58.66986472626704,61.825897216796875,408951,0.0,0.0
2020-06-15 00:00:00+08:00,61.9068193892902,61.9068193892902,60.28833971575161,60.45018768310547,640758,0.0,0.0
2020-06-16 00:00:00+08:00,60.854814152878134,61.25943726044002,60.36927017361258,60.61204528808594,605329,0.0,0.0
2020-06-17 00:00:00+08:00,60.85480447665003,61.097579552520905,60.45018768310547,60.45018768310547,336069,0.0,0.0
2020-06-18 00:00:00+08:00,60.69296069959169,61.25943174927994,60.5311127210637,61.09758377075195,227757,0.0,0.0
2020-06-19 00:00:00+08:00,61.987737330132944,62.31143324960309,61.502193450927734,61.502193450927734,401865,0.0,0.0
2020-06-22 00:00:00+08:00,61.82589540216052,62.55421441686341,61.58312656371321,61.98774337768555,379596,0.0,0.0
2020-06-23 00:00:00+08:00,62.3114404131171,64.57731210989964,62.149592434775485,63.9299201965332,1518385,0.0,0.0
2020-06-24 00:00:00+08:00,64.0917700015534,64.17269711787101,63.201609220144384,63.76807403564453,726800,0.0,0.0
2020-06-29 00:00:00+08:00,63.12068141449376,63.12068141449376,61.987745546185344,62.473289489746094,494993,0.0,0.0
2020-06-30 00:00:00+08:00,63.60623030337262,65.7102542223882,63.12068632206133,64.73916625976562,1129678,0.0,0.0
2020-07-01 00:00:00+08:00,65.14379079631412,68.6235196137776,64.4963925573669,67.97612762451172,2852539,0.0,0.0
2020-07-02 00:00:00+08:00,68.78535861314008,70.08014242229854,67.73334364335858,69.10905456542969,2847478,0.0,0.0
2020-07-03 00:00:00+08:00,69.5946002817988,70.80845700922943,67.24780144256792,68.3807373046875,2073101,0.0,0.0
2020-07-06 00:00:00+08:00,68.78536187689546,70.80845854985799,68.78536187689546,70.72753143310547,2219879,0.0,0.0
2020-07-07 00:00:00+08:00,73.07395036748893,73.32534844829595,71.06273983372878,71.39794158935547,2440550,2.963675,0.0
2020-07-08 00:00:00+08:00,71.56554216527817,72.99014638476909,71.56554216527817,72.9063491821289,1704640,0.0,0.0
2020-07-09 00:00:00+08:00,74.24714593407536,79.94557546457422,74.16334873571614,78.77236938476562,5643331,0.0,0.0
2020-07-10 00:00:00+08:00,79.61037343223342,81.45398297938091,73.15774325313001,76.0069580078125,4439758,0.0,0.0
2020-07-13 00:00:00+08:00,76.8449574709386,81.286376953125,75.42034694808858,81.286376953125,3369802,0.0,0.0
2020-07-14 00:00:00+08:00,80.19697182712136,80.86738175887571,77.59916165580988,78.60476684570312,2956801,0.0,0.0
2020-07-15 00:00:00+08:00,79.61037050192189,80.44837481068899,75.83935434838264,76.92875671386719,3039806,0.0,0.0
2020-07-16 00:00:00+08:00,77.01255981384656,77.76676045027337,74.33094604552845,75.6717529296875,2177364,0.0,0.0
2020-07-17 00:00:00+08:00,76.25835145952273,76.50975598210722,71.31412939088811,72.0683364868164,2269479,0.0,0.0
2020-07-20 00:00:00+08:00,72.48734092367553,74.2471468286795,71.7331402420526,73.8281478881836,1192438,0.0,0.0
2020-07-21 00:00:00+08:00,74.2471468286795,75.16895485269166,73.40914894768768,73.8281478881836,1012256,0.0,0.0
2020-07-22 00:00:00+08:00,73.74433677600663,74.33094299970178,72.99013617048438,73.40914154052734,978852,0.0,0.0
2020-07-23 00:00:00+08:00,74.16335339337722,75.839362184076,73.57675355254568,75.42035675048828,1666174,0.0,0.0
2020-07-24 00:00:00+08:00,75.16895600825285,77.43156455973009,74.16335076941279,77.01256561279297,3141032,0.0,0.0
2020-07-27 00:00:00+08:00,81.28637714314706,84.63839429671813,78.60476342029021,80.86737823486328,12207816,0.0,0.0
2020-07-28 00:00:00+08:00,83.63279322018563,85.89540167303113,74.58234646515258,75.58795166015625,8634549,0.0,0.0
2020-07-29 00:00:00+08:00,75.42034969239221,80.1131738671781,73.91194839375075,77.76676177978516,2724995,0.0,0.0
2020-07-30 00:00:00+08:00,79.52657579434602,80.28077645991318,78.0181679913861,79.02377319335938,1538630,0.0,0.0
2020-07-31 00:00:00+08:00,78.52096964912478,79.52657483901802,77.59916165580988,78.60476684570312,925202,0.0,0.0
2020-08-03 00:00:00+08:00,78.18576791916036,80.11317463054301,78.18576791916036,78.60476684570312,1086151,0.0,0.0
2020-08-04 00:00:00+08:00,78.77236696009642,79.61037127702247,77.59916091639994,77.76676177978516,1096274,0.0,0.0
2020-08-05 00:00:00+08:00,78.43717675576588,80.95119007585319,78.43717675576588,80.02938842773438,1940496,0.0,0.0
2020-08-06 00:00:00+08:00,80.7835764064018,80.7835764064018,78.35336715073434,79.52657318115234,1406024,0.0,0.0
2020-08-07 00:00:00+08:00,78.6047687442342,78.85617328369241,77.26396179199219,77.26396179199219,1623659,0.0,0.0
2020-08-10 00:00:00+08:00,77.26396225032556,78.18577027137299,75.33655548095703,75.33655548095703,1123604,0.0,0.0
2020-08-11 00:00:00+08:00,75.50415051140992,75.75554856109038,73.32533936960341,73.99574279785156,1114494,0.0,0.0
2020-08-12 00:00:00+08:00,73.66054462412575,73.99574635436086,71.48173337759752,73.91194915771484,971766,0.0,0.0
2020-08-13 00:00:00+08:00,74.74995211524607,75.33655841912251,73.32534790039062,73.32534790039062,552692,0.0,0.0
2020-08-14 00:00:00+08:00,72.90634894490113,73.74434685588012,72.48734351758567,73.32534790039062,404902,0.0,0.0
2020-08-17 00:00:00+08:00,73.57674865884907,76.50976061157999,73.32534412105251,76.0069580078125,1077041,0.0,0.0
2020-08-18 00:00:00+08:00,75.42035100543639,76.09075447064873,74.24714494131477,75.16895294189453,761217,0.0,0.0
2020-08-19 00:00:00+08:00,75.83936129557691,76.50976480400227,72.73874830502257,72.9063491821289,953545,0.0,0.0
2020-08-20 00:00:00+08:00,72.65493846683704,72.65493846683704,65.61570869737335,67.7107162475586,2067028,0.0,0.0
2020-08-21 00:00:00+08:00,68.29731021014838,68.9677136045551,66.53750453574317,67.45931243896484,1257222,0.0,0.0
2020-08-24 00:00:00+08:00,67.20791993976813,70.30853295704618,66.28611834365137,69.88953399658203,1003146,0.0,0.0
2020-08-25 00:00:00+08:00,70.05713404336429,73.32534790039062,69.97333036917081,73.32534790039062,895847,0.0,0.0
2020-08-26 00:00:00+08:00,73.32534478052547,74.7499489347665,72.06834149571431,72.5711441040039,783486,0.0,0.0
2020-08-27 00:00:00+08:00,72.57115311082791,74.24715554130998,72.57115311082791,73.15775299072266,682261,0.0,0.0
2020-08-28 00:00:00+08:00,73.24153570515979,74.41474170459406,72.82253679841729,73.99574279785156,547630,0.0,0.0
2020-08-31 00:00:00+08:00,74.58234688042762,74.83375141649114,73.40914728488316,73.6605453491211,415025,0.0,0.0
2020-09-01 00:00:00+08:00,73.4091526734758,77.09636554118704,73.4091526734758,75.42035675048828,1739057,0.0,0.0
2020-09-02 00:00:00+08:00,75.50415636782203,77.01256419837868,74.16334940732723,74.24714660644531,1855466,0.0,0.0
2020-09-03 00:00:00+08:00,74.24714587650506,76.42595716588872,74.24714587650506,74.49855041503906,1232928,0.0,0.0
2020-09-04 00:00:00+08:00,72.90634865625647,75.0013563690615,72.82254498239479,74.83375549316406,430209,0.0,0.0
2020-09-07 00:00:00+08:00,74.74995405854699,75.83936302042815,72.90635084027323,73.0739517211914,476772,0.0,0.0
2020-09-08 00:00:00+08:00,74.58235317762882,75.33656037767365,73.0739517211914,73.0739517211914,526373,0.0,0.0
2020-09-09 00:00:00+08:00,72.23594050653928,74.33094808459597,71.39793618095149,73.91194915771484,365424,0.0,0.0
2020-09-10 00:00:00+08:00,74.16334549512706,74.4985472175685,72.65493774414062,72.65493774414062,285456,0.0,0.0
2020-09-11 00:00:00+08:00,72.40354516762463,72.99014499037753,70.81133362961873,71.23033905029297,444380,0.0,0.0
2020-09-14 00:00:00+08:00,71.31413342009459,72.7387440276376,71.31413342009459,72.15213775634766,319873,0.0,0.0
2020-09-15 00:00:00+08:00,72.31973586741918,74.41474339229615,72.31973586741918,74.16334533691406,608366,0.0,0.0
2020-09-16 00:00:00+08:00,75.16895724495895,75.16895724495895,74.24714919161006,74.83375549316406,1106396,0.0,0.0
2020-09-17 00:00:00+08:00,74.58234237275082,75.08514494266342,74.07953980283823,74.41474151611328,498030,0.0,0.0
2020-09-18 00:00:00+08:00,74.2471468286795,74.83375311156463,73.74434421698898,73.8281478881836,501067,0.0,0.0
2020-09-21 00:00:00+08:00,73.91194947364232,76.00695706065387,72.90634427863866,75.58795166015625,1650990,0.0,0.0
2020-09-22 00:00:00+08:00,74.83374917786213,77.76676102263428,73.49294228383478,76.92875671386719,2695639,0.0,0.0
2020-09-23 00:00:00+08:00,77.59915958975348,78.93996647391253,75.6717529296875,75.6717529296875,2408158,0.0,0.0
2020-09-24 00:00:00+08:00,74.41474375592146,74.74994547928576,71.90073730251461,72.2359390258789,1113482,0.0,0.0
2020-09-25 00:00:00+08:00,72.5711470971751,72.90634884986011,68.54872606495496,69.47052764892578,1023391,0.0,0.0
2020-09-28 00:00:00+08:00,70.30853104978561,70.47613192378996,69.72193122668328,70.14093017578125,258125,0.0,0.0
2020-09-29 00:00:00+08:00,70.81133125360907,70.81133125360907,69.13532257080078,69.13532257080078,294566,0.0,0.0
2020-09-30 00:00:00+08:00,69.72193386407345,69.88953474441769,69.05153034269648,69.63813018798828,127544,0.0,0.0
2020-10-05 00:00:00+08:00,70.30852769568288,70.89513396262672,68.96772076761188,69.80572509765625,183218,0.0,0.0
2020-10-06 00:00:00+08:00,70.47613352546907,71.98454142578919,70.0571345668487,71.39794158935547,477785,0.0,0.0
2020-10-07 00:00:00+08:00,71.48173522949219,71.9007406390541,70.55993368337704,71.48173522949219,296591,0.0,0.0
2020-10-08 00:00:00+08:00,72.1521379715494,72.57114337683844,71.64933536829788,71.73313903808594,349228,0.0,0.0
2020-10-12 00:00:00+08:00,72.06834055863514,72.9063448948882,71.73313882413392,72.15213775634766,340118,0.0,0.0
2020-10-13 00:00:00+08:00,72.0683447965972,72.9063491821289,70.72753777974647,72.9063491821289,336069,0.0,0.0
2020-10-14 00:00:00+08:00,73.32534289389064,74.414745281242,72.9063439670095,73.91194915771484,592170,0.0,0.0
2020-10-15 00:00:00+08:00,73.91195444476696,73.91195444476696,72.9063491821289,72.9063491821289,195365,0.0,0.0
2020-10-16 00:00:00+08:00,72.99014060572027,73.49294319722952,71.2303347713506,71.56553649902344,203463,0.0,0.0
2020-10-19 00:00:00+08:00,71.56553391347262,72.99013796870074,71.56553391347262,72.0683364868164,193341,0.0,0.0
2020-10-20 00:00:00+08:00,71.73313380283201,72.2359363693878,71.31412842812297,71.64933013916016,120458,0.0,0.0
2020-10-21 00:00:00+08:00,72.57114337683844,72.57114337683844,71.64933536829788,71.73313903808594,169046,0.0,0.0
2020-10-22 00:00:00+08:00,71.56554488093663,72.23594841480143,71.14653943635801,71.31414031982422,180181,0.0,0.0
2020-10-23 00:00:00+08:00,71.23033035454264,72.57113718209403,71.23033035454264,72.31973266601562,211561,0.0,0.0
2020-10-26 00:00:00+08:00,71.81692777083369,72.40353397472872,70.8113226828635,70.89512634277344,428184,0.0,0.0
2020-10-27 00:00:00+08:00,70.89513061021005,71.39793318446065,70.55992889404297,70.55992889404297,167022,0.0,0.0
2020-10-28 00:00:00+08:00,70.55993826579464,70.72753914613888,69.63813018798828,69.63813018798828,466650,0.0,0.0
2020-10-29 00:00:00+08:00,68.71632197132011,69.13532089595888,68.38112024287891,68.96772003173828,554716,0.0,0.0
2020-10-30 00:00:00+08:00,69.21912645896589,69.72192906539273,68.71632385253906,68.71632385253906,292542,0.0,0.0
2020-11-02 00:00:00+08:00,68.38112212367699,68.7163238613378,67.37551691069456,67.62691497802734,303677,0.0,0.0
2020-11-03 00:00:00+08:00,67.87831929460738,69.30292343908161,67.87831929460738,69.13532257080078,181193,0.0,0.0
2020-11-04 00:00:00+08:00,69.55433132301,69.9733302779533,69.13532589624077,69.47052764892578,152850,0.0,0.0
2020-11-05 00:00:00+08:00,69.6381233289919,71.56553649902344,69.55432613298642,71.56553649902344,779437,0.0,0.0
2020-11-06 00:00:00+08:00,74.58235732177168,74.9175591022334,72.48734942979924,73.15775299072266,1401975,0.0,0.0
2020-11-09 00:00:00+08:00,73.9119513381473,74.582348346569,73.57674959802361,74.24714660644531,614439,0.0,0.0
2020-11-10 00:00:00+08:00,74.07954011390797,74.07954011390797,72.1521334903955,72.48733520507812,324934,0.0,0.0
2020-11-11 00:00:00+08:00,71.73314304238451,73.82815077030081,71.73314304238451,72.9063491821289,184230,0.0,0.0
2020-11-12 00:00:00+08:00,73.32534478052547,73.91195105944284,72.31973956394627,72.5711441040039,242941,0.0,0.0
2020-11-13 00:00:00+08:00,72.90633897957082,73.57674239417952,72.73873812591864,73.40914154052734,162973,0.0,0.0
2020-11-16 00:00:00+08:00,74.5823490573857,75.08515167236328,73.9119520425747,75.08515167236328,888761,0.0,0.0
2020-11-17 00:00:00+08:00,76.50975364269134,76.92875253842028,74.3309425581558,75.75554656982422,1035538,0.0,0.0
2020-11-18 00:00:00+08:00,75.75554656982422,76.67735449534793,75.00134596878212,75.75554656982422,780449,0.0,0.0
2020-11-19 00:00:00+08:00,75.83935546875,76.50975892566748,75.42035007226384,75.83935546875,470699,0.0,0.0
2020-11-20 00:00:00+08:00,75.83935191660964,77.09635510354205,75.58794739612806,75.92314910888672,626586,0.0,0.0
2020-11-23 00:00:00+08:00,77.01256226638255,77.43156119511299,76.50975966881067,76.67736053466797,695420,0.0,0.0
2020-11-24 00:00:00+08:00,77.51537097477475,77.68297185384463,75.42035675048828,75.42035675048828,450454,0.0,0.0
2020-11-25 00:00:00+08:00,75.83935565780102,75.83935565780102,74.16334701132939,74.33094787597656,437294,0.0,0.0
2020-11-26 00:00:00+08:00,74.41474151611328,75.00134775025724,74.24714065947575,74.41474151611328,289505,0.0,0.0
2020-11-27 00:00:00+08:00,75.2527544469947,75.67175987265125,74.58235094340495,74.83375549316406,252051,0.0,0.0
2020-11-30 00:00:00+08:00,74.833751932355,76.50976061157999,74.833751932355,76.0069580078125,548643,0.0,0.0
2020-12-01 00:00:00+08:00,76.25835418701172,76.50975871858806,75.67175439970933,76.25835418701172,382633,0.0,0.0
2020-12-02 00:00:00+08:00,76.50976039571184,77.0963601958727,75.58795238882611,76.42595672607422,448429,0.0,0.0
2020-12-03 00:00:00+08:00,77.09635339107686,77.09635339107686,75.58794571716764,75.75554656982422,457540,0.0,0.0
2020-12-04 00:00:00+08:00,76.17455644078757,76.17455644078757,74.41474414794156,75.00135040283203,536496,0.0,0.0
2020-12-07 00:00:00+08:00,75.42035537887071,75.42035537887071,73.74434661865234,73.74434661865234,450454,0.0,0.0
2020-12-08 00:00:00+08:00,73.74433975308446,75.25274749684884,73.74433975308446,74.58234405517578,522324,0.0,0.0
2020-12-09 00:00:00+08:00,74.5823523551389,75.92315938769791,74.5823523551389,75.42035675048828,459564,0.0,0.0
2020-12-10 00:00:00+08:00,75.42035269687825,75.75555443700196,74.07954573638347,74.24714660644531,376559,0.0,0.0
2020-12-11 00:00:00+08:00,74.58234518334346,74.91754690925042,72.65493849529122,73.4929428100586,546618,0.0,0.0
2020-12-14 00:00:00+08:00,73.0739464926415,73.74434349652014,72.82254195333955,72.99014282226562,305701,0.0,0.0
2020-12-15 00:00:00+08:00,72.99014060572027,73.32534233339311,71.31413196735608,71.56553649902344,655942,0.0,0.0
2020-12-16 00:00:00+08:00,71.73313976959447,72.23594237797337,71.14653349057292,71.48173522949219,555728,0.0,0.0
2020-12-17 00:00:00+08:00,71.39793752319099,71.7331392597277,70.05713057704415,70.2247314453125,631648,0.0,0.0
2020-12-18 00:00:00+08:00,70.39232970897166,71.06273315723926,70.22472884690477,70.72753143310547,283431,0.0,0.0
2020-12-21 00:00:00+08:00,70.97893211660728,71.06273578665427,69.72192884050743,70.2247314453125,373522,0.0,0.0
2020-12-22 00:00:00+08:00,70.2247340811973,70.8951375794343,69.72193145751953,69.72193145751953,326958,0.0,0.0
2020-12-23 00:00:00+08:00,69.72193049538924,70.392333984375,69.63812682335313,70.392333984375,196377,0.0,0.0
2020-12-24 00:00:00+08:00,70.47613352546907,71.81694054797585,70.47613352546907,71.39794158935547,240917,0.0,0.0
2020-12-25 00:00:00+08:00,71.73313058274859,71.73313058274859,70.64372183486847,70.89512634277344,277358,0.0,0.0
2020-12-28 00:00:00+08:00,70.81133197035173,71.31413458028352,70.72753477127594,71.06273651123047,185242,0.0,0.0
2020-12-29 00:00:00+08:00,71.06273388365496,71.23033474743511,70.47612762451172,70.47612762451172,255088,0.0,0.0
2020-12-30 00:00:00+08:00,70.47612670499352,71.31413101296062,70.30852584340009,71.14653015136719,227757,0.0,0.0
2020-12-31 00:00:00+08:00,71.06273891543596,71.64933874428945,70.81133436605165,70.97893524169922,194353,0.0,0.0
2021-01-04 00:00:00+08:00,70.97894141772154,73.32535388095351,70.97894141772154,73.15775299072266,604317,0.0,0.0
2021-01-05 00:00:00+08:00,73.24154613028347,73.99575333032828,72.65494628298293,73.0739517211914,341130,0.0,0.0
2021-01-06 00:00:00+08:00,73.24153866556216,73.32534233339311,71.2303347713506,71.56553649902344,497018,0.0,0.0
2021-01-07 00:00:00+08:00,71.64933257681633,73.66054291146492,71.56553538211865,72.65493774414062,612415,0.0,0.0
2021-01-08 00:00:00+08:00,75.83935120785442,77.43155609266559,73.99574180491118,76.17455291748047,3158240,0.0,0.0
2021-01-11 00:00:00+08:00,76.17455719720874,76.67735978989685,75.33655287606189,75.83935546875,934312,0.0,0.0
2021-01-12 00:00:00+08:00,76.67736342007176,76.92876149240514,74.4147484099424,74.66615295410156,945447,0.0,0.0
2021-01-13 00:00:00+08:00,74.83374607897629,76.84495633673257,74.83374607897629,76.17455291748047,957594,0.0,0.0
2021-01-14 00:00:00+08:00,75.92315433793844,77.59916301716343,75.83935713989,76.0069580078125,712628,0.0,0.0
2021-01-15 00:00:00+08:00,79.94557569647623,81.20257897829028,76.76115918490143,77.26396179199219,3048917,0.0,0.0
2021-01-18 00:00:00+08:00,77.93436421393035,84.63839888445798,76.34215921559283,83.71659088134766,4509603,0.0,0.0
2021-01-19 00:00:00+08:00,84.21939086914062,89.24741671606633,82.54338225349872,84.21939086914062,5719250,0.0,0.0
2021-01-20 00:00:00+08:00,85.4764024632243,85.8954013905183,81.95678429228758,82.87858581542969,2687541,0.0,0.0
2021-01-21 00:00:00+08:00,83.80039754079827,90.92343139648438,82.96239317708074,90.92343139648438,6450099,0.0,0.0
2021-01-22 00:00:00+08:00,88.82841108926115,97.20845414511385,87.99040678367588,93.0184326171875,8961508,0.0,0.0
2021-01-25 00:00:00+08:00,90.92342996570976,94.27544736783241,88.82841585347026,89.24742126464844,2715884,0.0,0.0
2021-01-26 00:00:00+08:00,89.66641925868815,91.34242794208006,86.31440836372994,88.82841491699219,2451685,0.0,0.0
2021-01-27 00:00:00+08:00,90.50442433137455,91.34242867983895,87.57141234766202,89.66641998291016,1806878,0.0,0.0
2021-01-28 00:00:00+08:00,87.99040722814509,87.99040722814509,83.8003921508789,83.8003921508789,2423342,0.0,0.0
2021-01-29 00:00:00+08:00,85.05739594120752,85.47640133479547,80.36457824707031,80.36457824707031,2356533,0.0,0.0
2021-02-01 00:00:00+08:00,81.20257079904836,81.70537335549362,78.77236167880872,80.28076934814453,1132715,0.0,0.0
2021-02-02 00:00:00+08:00,81.53778500131602,83.29759745452797,81.37018412347803,82.2919921875,1023391,0.0,0.0
2021-02-03 00:00:00+08:00,84.21939904672395,84.21939904672395,81.70538587915401,82.2919921875,1136764,0.0,0.0
2021-02-04 00:00:00+08:00,82.37578342840142,84.63839835136629,82.12438536575284,82.45958709716797,1314921,0.0,0.0
2021-02-05 00:00:00+08:00,80.8673830342848,82.12438630556359,80.02937869615707,81.7891845703125,1972888,0.0,0.0
2021-02-17 00:00:00+08:00,84.21939941385688,84.6384048461914,82.878592385308,84.6384048461914,1121580,0.0,0.0
2021-02-18 00:00:00+08:00,83.71659653972293,85.05740356445312,83.2137939054491,85.05740356445312,863454,0.0,0.0
2021-02-19 00:00:00+08:00,85.895401209124,87.15240446017695,84.63839795807104,85.47640228271484,890785,0.0,0.0
2021-02-22 00:00:00+08:00,86.31440734863281,88.82841387232918,85.47640301679216,86.31440734863281,1202560,0.0,0.0
2021-02-23 00:00:00+08:00,85.47640056678473,85.47640056678473,83.38138656131967,84.21939086914062,845234,0.0,0.0
2021-02-24 00:00:00+08:00,85.05740380669992,87.15241155289452,84.6384048461914,84.6384048461914,901920,0.0,0.0
2021-02-25 00:00:00+08:00,86.31440836372994,89.66641925868815,85.05739861527319,88.82841491699219,1832184,0.0,0.0
2021-02-26 00:00:00+08:00,86.73340729866511,90.9234290071449,86.31440836372994,88.82841491699219,2495212,0.0,0.0
2021-03-02 00:00:00+08:00,90.50441819371736,97.20845252679099,89.66641390208315,91.34242248535156,6089736,0.0,0.0
2021-03-03 00:00:00+08:00,92.18043191662785,97.20845794677734,89.66641890155312,97.20845794677734,4639172,0.0,0.0
2021-03-04 00:00:00+08:00,97.2084549326013,100.14146678999745,93.43743876283119,93.85643768310547,9291504,0.0,0.0
2021-03-05 00:00:00+08:00,92.18042959288144,95.95144578451843,91.76143067017753,95.11344146728516,2330214,0.0,0.0
2021-03-08 00:00:00+08:00,96.37045652473543,97.62745983439882,89.66642161499519,90.92343139648438,3259466,0.0,0.0
2021-03-09 00:00:00+08:00,89.24741958918491,90.08542392398351,87.15240551627562,87.99040985107422,1312896,0.0,0.0
2021-03-10 00:00:00+08:00,89.66641852067143,89.66641852067143,87.99040985107422,87.99040985107422,634684,0.0,0.0
2021-03-11 00:00:00+08:00,88.82840903593785,90.92342298738616,88.4094101287433,90.08541870117188,563826,0.0,0.0
2021-03-12 00:00:00+08:00,90.9234290071449,91.76143334884087,88.82841491699219,88.82841491699219,619501,0.0,0.0
2021-03-15 00:00:00+08:00,89.66641539484642,94.69444122835804,89.66641539484642,93.0184326171875,1472833,0.0,0.0
2021-03-16 00:00:00+08:00,93.85643822734798,97.20845549628105,93.43743930464406,95.11344146728516,1760314,0.0,0.0
2021-03-17 00:00:00+08:00,95.11344091575371,96.37045062022734,92.59943445045724,93.85643768310547,890785,0.0,0.0
2021-03-18 00:00:00+08:00,94.69444199547944,95.11344091575371,92.59943445045724,93.85643768310547,778425,0.0,0.0
2021-03-19 00:00:00+08:00,93.01843954869538,93.01843954869538,91.76143623256132,92.18043518066406,749069,0.0,0.0
2021-03-22 00:00:00+08:00,93.43744003371262,96.37045193100188,91.76143138616861,95.95144653320312,1402987,0.0,0.0
2021-03-23 00:00:00+08:00,97.62745462975944,98.88446434423591,94.69444274902344,94.69444274902344,3233147,0.0,0.0
2021-03-24 00:00:00+08:00,93.85643768310547,95.53244630785339,93.43743876283119,93.85643768310547,579010,0.0,0.0
2021-03-25 00:00:00+08:00,94.69444274902344,95.11344167263196,92.59943518732995,94.69444274902344,645819,0.0,0.0
2021-03-26 00:00:00+08:00,95.53245544433594,97.62746318971938,95.11345001216364,95.53245544433594,1475870,0.0,0.0
2021-03-29 00:00:00+08:00,96.78945835438427,97.20846378463959,93.85644622990091,94.27545166015625,1265320,0.0,0.0
2021-03-30 00:00:00+08:00,95.11345001216364,96.37045983685452,93.85644665929878,95.53245544433594,805756,0.0,0.0
2021-03-31 00:00:00+08:00,96.37045288085938,98.8844658769543,95.53244854882774,96.37045288085938,2638953,0.0,0.0
2021-04-01 00:00:00+08:00,98.88445897616435,106.00749206542969,98.88445897616435,106.00749206542969,7851063,0.0,0.0
2021-04-07 00:00:00+08:00,125.28158949965966,127.3765971497335,118.15855572321779,119.41556549072266,14168557,0.0,0.0
2021-04-08 00:00:00+08:00,119.41556644757942,125.28159050351988,118.99656750293758,121.92957305908203,4084455,0.0,0.0
2021-04-09 00:00:00+08:00,122.76758081244813,126.5385971069336,118.15855370604855,126.5385971069336,4584510,0.0,0.0
2021-04-12 00:00:00+08:00,130.30961587025334,135.3376420060449,118.99656677246094,118.99656677246094,5982437,0.0,0.0
2021-04-13 00:00:00+08:00,121.51057016113216,125.28158642752304,115.64454629604093,116.06354522705078,2268467,0.0,0.0
2021-04-14 00:00:00+08:00,118.15854947120911,122.34856454965455,111.03551607166138,121.51056671142578,3203792,0.0,0.0
2021-04-15 00:00:00+08:00,123.60558155259501,124.02458049646158,118.15855645137495,122.34857177734375,2005280,0.0,0.0
2021-04-16 00:00:00+08:00,122.34856977191211,124.02457846355826,117.320556640625,117.320556640625,2073101,0.0,0.0
2021-04-19 00:00:00+08:00,114.80653591431907,118.99656407084355,114.38753698176198,115.22554779052734,1275443,0.0,0.0
2021-04-20 00:00:00+08:00,115.22554901198015,118.99656533227115,113.96853925733271,117.320556640625,1250137,0.0,0.0
2021-04-21 00:00:00+08:00,116.06354565564153,117.320555396964,114.80653591431907,115.22554779052734,874589,0.0,0.0
2021-04-22 00:00:00+08:00,117.32055663097634,117.32055663097634,108.9405131734348,109.77851104736328,1543691,0.0,0.0
2021-04-23 00:00:00+08:00,108.94051833858944,117.32056219345077,108.94051833858944,116.90155029296875,1664150,0.0,0.0
2021-04-26 00:00:00+08:00,116.90153521871888,117.73954596797094,114.3875288582632,116.48253631591797,922165,0.0,0.0
2021-04-27 00:00:00+08:00,116.48254287905904,117.32055367552833,113.96853637695312,113.96853637695312,552692,0.0,0.0
2021-04-28 00:00:00+08:00,115.22554779052734,119.83456193595774,113.9685380492049,115.22554779052734,1404000,0.0,0.0
2021-04-29 00:00:00+08:00,115.64454934859991,118.99656677246094,114.38753957873915,118.99656677246094,1145874,0.0,0.0
2021-05-03 00:00:00+08:00,118.15855450490483,118.57755344186907,108.10250882768064,109.77851104736328,1616573,0.0,0.0
2021-05-04 00:00:00+08:00,110.61652157560854,111.03552051147683,99.72247158112526,108.10250854492188,1637831,0.0,0.0
2021-05-05 00:00:00+08:00,106.84550176138646,111.03551686995621,103.07447910311808,103.49348449707031,741984,0.0,0.0
2021-05-06 00:00:00+08:00,104.75048828125,106.8455023182798,102.65548071604566,104.75048828125,443368,0.0,0.0
2021-05-07 00:00:00+08:00,106.84550848301525,114.80654027885481,106.42650306270347,112.71153259277344,1402987,0.0,0.0
2021-05-10 00:00:00+08:00,109.7785085071588,111.03551823261647,105.58849334716797,105.58849334716797,1190413,0.0,0.0
2021-05-11 00:00:00+08:00,100.5604680319485,103.49347976829873,96.37044664300164,98.4654541015625,1476882,0.0,0.0
2021-05-12 00:00:00+08:00,97.62746274306893,100.56048133937827,88.82841989779291,94.27545166015625,2001231,0.0,0.0
2021-05-13 00:00:00+08:00,88.40941288858745,97.2084549326013,87.99040749648776,93.85643768310547,1173205,0.0,0.0
2021-05-14 00:00:00+08:00,97.20846138885197,98.04646575688328,91.34243081263274,92.18043518066406,853332,0.0,0.0
2021-05-17 00:00:00+08:00,85.47640352662772,92.18043174951438,85.47640352662772,87.5714111328125,1057808,0.0,0.0
2021-05-18 00:00:00+08:00,90.50442166459786,95.95144653320312,89.2474184148526,95.95144653320312,807780,0.0,0.0
2021-05-19 00:00:00+08:00,97.20845794677734,98.88446662349384,94.27544599843628,97.20845794677734,713640,0.0,0.0
2021-05-20 00:00:00+08:00,96.78944974976125,97.62745406394698,93.43743896484375,93.43743896484375,417049,0.0,0.0
2021-05-21 00:00:00+08:00,95.11345001216364,96.7894587972008,94.27545209147108,95.53245544433594,310762,0.0,0.0
2021-05-24 00:00:00+08:00,95.11343699040502,100.5604680319485,94.69443808742291,98.4654541015625,756155,0.0,0.0
2021-05-25 00:00:00+08:00,100.5604716962634,105.1694921561401,99.30346199786271,103.07447814941406,1197499,0.0,0.0
2021-05-26 00:00:00+08:00,103.07448459461142,104.7504933160621,100.97947692871094,100.97947692871094,667077,0.0,0.0
2021-05-27 00:00:00+08:00,100.14147256798559,102.65548565016162,99.30346820726024,100.97947692871094,369473,0.0,0.0
2021-05-28 00:00:00+08:00,103.0744853085101,104.33149509421712,101.8174819946289,101.8174819946289,350240,0.0,0.0
2021-05-31 00:00:00+08:00,102.65548071604566,106.8455023182798,101.39847099946267,104.75048828125,846246,0.0,0.0
2021-06-01 00:00:00+08:00,105.58849260169683,106.42649692214366,104.75048828125,104.75048828125,521312,0.0,0.0
2021-06-02 00:00:00+08:00,104.75048560438904,105.16949098981766,100.14146519562607,100.56047058105469,713640,0.0,0.0
2021-06-03 00:00:00+08:00,101.39846878138053,103.4934827725821,101.39846878138053,102.2364730834961,478797,0.0,0.0
2021-06-04 00:00:00+08:00,102.6554799795923,106.42649615863692,102.23647458646211,103.91248321533203,778425,0.0,0.0
2021-06-07 00:00:00+08:00,105.16949137681323,105.16949137681323,99.72246664897473,102.2364730834961,455515,0.0,0.0
2021-06-08 00:00:00+08:00,102.65548706054688,103.91249038299199,102.65548706054688,102.65548706054688,230794,0.0,0.0
2021-06-09 00:00:00+08:00,102.6554799795923,104.33148860846222,102.23647458646211,103.91248321533203,258125,0.0,0.0
2021-06-10 00:00:00+08:00,105.16950269000267,109.77851713969662,103.91249286569885,106.42650604248047,1464735,0.0,0.0
2021-06-11 00:00:00+08:00,107.26450124259048,107.68350016690117,104.75048828125,104.75048828125,603305,0.0,0.0
2021-06-15 00:00:00+08:00,106.42649985779742,109.77851076022068,106.00750092192914,108.10250854492188,960631,0.0,0.0
2021-06-16 00:00:00+08:00,107.26450221306516,108.52150546919539,104.33149030087758,105.16949462890625,791584,0.0,0.0
2021-06-17 00:00:00+08:00,104.33149174193197,107.26450369463107,103.49348740232855,106.84550476074219,449441,0.0,0.0
2021-06-18 00:00:00+08:00,106.84549633898003,108.5214984142556,105.58848669274197,106.00749206542969,553704,0.0,0.0
2021-06-21 00:00:00+08:00,104.75048676606474,105.58849107439008,102.23647384108872,103.07447814941406,605329,0.0,0.0
2021-06-22 00:00:00+08:00,104.33148707469766,105.16949137681323,101.81747416835097,102.2364730834961,446405,0.0,0.0
2021-06-23 00:00:00+08:00,102.23647458646211,104.75048752976699,102.23647458646211,103.91248321533203,382633,0.0,0.0
2021-06-24 00:00:00+08:00,104.75049117067297,108.9405128884841,104.75049117067297,108.10250854492188,1324031,0.0,0.0
2021-06-25 00:00:00+08:00,111.45451218621245,114.38753043351032,109.35950469970703,109.35950469970703,2476992,0.0,0.0
2021-06-28 00:00:00+08:00,110.61651277284471,110.61651277284471,106.84549676282164,107.6834945678711,591157,0.0,0.0
2021-06-29 00:00:00+08:00,108.94050421909554,109.778502024145,106.84549676282164,107.6834945678711,484870,0.0,0.0
2021-06-30 00:00:00+08:00,107.6835009271634,108.52150525352666,105.1694944198991,105.58849334716797,543581,0.0,0.0
2021-07-01 00:00:00+08:00,105.58849205135519,106.84550176138646,102.23647478703904,103.49348449707031,767290,0.0,0.0
2021-07-02 00:00:00+08:00,103.49348597284892,106.00749895693491,103.49348597284892,105.16949462890625,372510,0.0,0.0
2021-07-05 00:00:00+08:00,106.00750092192914,110.61652157560854,106.00750092192914,108.10250854492188,1013268,0.0,0.0
2021-07-06 00:00:00+08:00,110.61652083067918,111.4545186967724,107.2645034790039,107.2645034790039,703518,0.0,0.0
2021-07-07 00:00:00+08:00,107.26451043474101,108.10251482700156,106.42650604248047,106.42650604248047,517263,0.0,0.0
2021-07-08 00:00:00+08:00,107.26450398627361,108.94051267003734,106.8455050512455,108.5215072631836,479809,0.0,0.0
2021-07-09 00:00:00+08:00,106.8455045459573,108.52150674996933,105.58849480316627,107.2645034790039,547630,0.0,0.0
2021-07-12 00:00:00+08:00,108.94051639244849,112.7115328238567,106.84550870207188,112.29253387451172,1412098,0.0,0.0
2021-07-13 00:00:00+08:00,113.968533322005,115.64454192636688,108.94050750891937,110.61651611328125,2287700,0.0,0.0
2021-07-14 00:00:00+08:00,111.87353843805985,118.57756066904476,109.77851773824669,118.15856170654297,3031708,0.0,0.0
2021-07-15 00:00:00+08:00,117.320556640625,120.67257402391729,115.22554901198015,117.320556640625,2650088,0.0,0.0
2021-07-16 00:00:00+08:00,113.96853925733271,119.41556426926985,113.13052843968397,117.320556640625,1857491,0.0,0.0
2021-07-19 00:00:00+08:00,117.32056177335755,117.73956072868732,113.13053338910429,113.54954528808594,1844331,0.0,0.0
2021-07-20 00:00:00+08:00,121.92956113279423,124.86257934570312,117.73954620891033,124.86257934570312,7704285,0.0,0.0
2021-07-21 00:00:00+08:00,129.47160431957016,129.8906162029519,117.32055740548245,120.2535629272461,8420963,0.0,0.0
2021-07-22 00:00:00+08:00,122.34857556271562,123.18658642002772,116.48255133613866,116.90155029296875,2681468,0.0,0.0
2021-07-23 00:00:00+08:00,119.83455956190959,126.53859412461385,119.4155606376533,123.18657684326172,4936776,0.0,0.0
2021-07-26 00:00:00+08:00,130.72860439900094,135.33763122558594,126.53858942476036,135.33763122558594,9240891,0.0,0.0
2021-07-27 00:00:00+08:00,135.75663921916285,139.94665447380075,126.53859789276868,129.4716033935547,6676845,0.0,0.0
2021-07-28 00:00:00+08:00,128.63361735465807,128.63361735465807,117.32056736011991,123.6055908203125,3188608,0.0,0.0
2021-07-29 00:00:00+08:00,125.7005783399531,127.79559876532765,120.6725655612753,127.3765869140625,2002243,0.0,0.0
2021-07-30 00:00:00+08:00,127.37659497519648,131.5666231474646,124.86258842675659,126.5385971069336,2187486,0.0,0.0
2021-08-02 00:00:00+08:00,127.37659371028101,128.21460451387324,123.18657852327313,124.44358825683594,1187377,0.0,0.0
2021-08-03 00:00:00+08:00,125.70058793521146,130.3096151017515,125.28158899561275,127.79560852050781,1674272,0.0,0.0
2021-08-04 00:00:00+08:00,128.2145976729424,129.8906062470518,126.95758800644775,127.3765869140625,875602,0.0,0.0
2021-08-05 00:00:00+08:00,126.957597697659,128.63360639970523,124.86259005601404,127.79560852050781,845234,0.0,0.0
2021-08-06 00:00:00+08:00,128.6335953659287,130.30960392421233,124.86257934570312,124.86257934570312,1007195,0.0,0.0
2021-08-09 00:00:00+08:00,125.70058333245035,127.37659197312642,121.92956712684193,123.18657684326172,1333142,0.0,0.0
2021-08-10 00:00:00+08:00,124.86259009523383,124.86259009523383,119.41556504778545,120.2535629272461,1398938,0.0,0.0
2021-08-11 00:00:00+08:00,119.83455974310748,121.09156946142794,114.38753488858673,114.80653381347656,1994145,0.0,0.0
2021-08-12 00:00:00+08:00,117.32055642266643,118.99656511119888,115.64454773413398,117.73955535888672,849283,0.0,0.0
2021-08-13 00:00:00+08:00,117.3205598570738,117.3205598570738,112.71153259277344,112.71153259277344,1071979,0.0,0.0
2021-08-16 00:00:00+08:00,111.87353492516675,116.48254925526493,108.94051639244849,112.29253387451172,1272406,0.0,0.0
2021-08-17 00:00:00+08:00,112.29253387451172,112.29253387451172,112.29253387451172,112.29253387451172,0,0.0,0.0
2021-08-18 00:00:00+08:00,107.26449573604681,116.48253631591797,106.42649145861986,116.48253631591797,1180291,0.0,0.0
2021-08-19 00:00:00+08:00,119.83457050020222,121.0915803313597,114.38754515672268,118.15856170654297,2527605,0.0,0.0
2021-08-20 00:00:00+08:00,119.83457050020222,119.83457050020222,115.64455498788014,118.15856170654297,1221793,0.0,0.0
2021-08-23 00:00:00+08:00,120.25355720989451,122.34856475259218,118.5775485870062,121.09156799316406,1338203,0.0,0.0
2021-08-24 00:00:00+08:00,122.76757486369173,123.18657377752041,119.41555766576118,119.83455657958984,644807,0.0,0.0
2021-08-25 00:00:00+08:00,122.34855811838196,128.21459445223732,121.51056032420267,124.02456665039062,2654137,0.0,0.0
2021-08-26 00:00:00+08:00,127.37659034059254,130.72860757898323,123.18657526442955,129.89060974121094,2675394,0.0,0.0
2021-08-27 00:00:00+08:00,130.7286140413502,133.24263356624527,126.53859875806029,127.79560852050781,2053868,0.0,0.0
2021-08-30 00:00:00+08:00,129.47161793030324,129.47161793030324,126.11961311642902,126.95761108398438,591157,0.0,0.0
2021-08-31 00:00:00+08:00,126.53858331232111,129.05258958669643,125.28157370330854,128.6335906982422,797658,0.0,0.0
2021-09-01 00:00:00+08:00,128.63361643844544,131.98563410413388,127.37660657789915,131.56663513183594,1138788,0.0,0.0
2021-09-02 00:00:00+08:00,131.56663513183594,132.8236320487298,127.79561849384953,131.56663513183594,1277467,0.0,0.0
2021-09-03 00:00:00+08:00,132.4046161981786,140.78465929415532,129.47159787867403,129.89060974121094,5925750,0.0,0.0
2021-09-06 00:00:00+08:00,129.89062580056617,132.40463256835938,127.3766060891206,132.40463256835938,1409061,0.0,0.0
2021-09-07 00:00:00+08:00,130.7286123355505,132.82361994985897,124.02457761484247,126.5385971069336,1727922,0.0,0.0
2021-09-08 00:00:00+08:00,124.8625865559141,129.47160064960462,124.8625865559141,125.7005844116211,1472833,0.0,0.0
2021-09-09 00:00:00+08:00,124.86256892628057,131.5666025999827,124.86256892628057,130.7285919189453,1209646,0.0,0.0
2021-09-10 00:00:00+08:00,131.5666088047216,132.82360547008435,127.37658108922962,128.6335906982422,1245075,0.0,0.0
2021-09-13 00:00:00+08:00,128.63358159698933,131.14758769349038,126.11957550048828,126.11957550048828,965692,0.0,0.0
2021-09-14 00:00:00+08:00,126.95760454996825,130.72862109719333,126.53860558775483,129.0526123046875,1277467,0.0,0.0
2021-09-15 00:00:00+08:00,130.3474475448902,130.3474475448902,123.87323026068688,124.73646545410156,1604426,4.445513,0.0
2021-09-16 00:00:00+08:00,125.59968703013355,126.89453315069692,123.01000812226589,123.87322998046875,593182,0.0,0.0
2021-09-17 00:00:00+08:00,124.30485238092199,126.89453125,121.71516017858511,126.89453125,515238,0.0,0.0
2021-09-22 00:00:00+08:00,122.14677320711661,125.59968731425717,122.14677320711661,124.73646545410156,373522,0.0,0.0
2021-09-23 00:00:00+08:00,126.89453315069692,126.89453315069692,123.01000812226589,123.87322998046875,613427,0.0,0.0
2021-09-24 00:00:00+08:00,125.16807262881491,128.62098663235915,124.73646171168656,127.75775146484375,683273,0.0,0.0
2021-09-27 00:00:00+08:00,128.62098964597,128.62098964597,125.16807556152344,125.16807556152344,467662,0.0,0.0
2021-09-28 00:00:00+08:00,126.03129795923499,126.03129795923499,123.01000812226589,123.87322998046875,488919,0.0,0.0
2021-09-29 00:00:00+08:00,122.1467712633683,122.1467712633683,118.26224628796524,118.6938705444336,962656,0.0,0.0
2021-09-30 00:00:00+08:00,120.8519396225947,127.75775445822887,119.98870443485355,125.16807556152344,1290627,0.0,0.0
2021-10-01 00:00:00+08:00,124.30485817837697,126.89453716823505,120.85194396972656,120.85194396972656,1096274,0.0,0.0
2021-10-04 00:00:00+08:00,122.57840621551682,124.30486339225706,119.55710282290639,122.14678192138672,874589,0.0,0.0
2021-10-05 00:00:00+08:00,120.42032837491328,126.89454631618003,119.12549545326829,126.03131103515625,1268357,0.0,0.0
2021-10-06 00:00:00+08:00,126.89453043754877,131.2106663027974,126.03129526454379,127.32614135742188,2187486,0.0,0.0
2021-10-07 00:00:00+08:00,135.52681225830793,138.1164910488374,130.34744134399057,132.0738983154297,3712957,0.0,0.0
2021-10-08 00:00:00+08:00,132.50550358494442,142.43262074823275,130.3474357958172,139.4113311767578,6440989,0.0,0.0
2021-10-12 00:00:00+08:00,137.25325451347908,138.54808710328285,128.6209705818353,130.34742736816406,3409280,0.0,0.0
2021-10-13 00:00:00+08:00,132.07390373041662,133.36873651213983,124.73646463428236,125.16807556152344,2253283,0.0,0.0
2021-10-14 00:00:00+08:00,127.75775671568668,128.62099191868106,121.2835526928955,123.010009765625,1695530,0.0,0.0
2021-10-15 00:00:00+08:00,126.03129446307163,129.91583271700293,124.30485079455819,127.75775146484375,1941508,0.0,0.0
2021-10-18 00:00:00+08:00,127.3261405477154,128.62098663235915,124.73646171168656,127.75775146484375,1001121,0.0,0.0
2021-10-19 00:00:00+08:00,127.32613877880132,131.21066364550708,127.32613877880132,130.779052734375,1420196,0.0,0.0
2021-10-20 00:00:00+08:00,130.3474576725955,130.7790686362085,128.18938952127039,129.48422241210938,1000109,0.0,0.0
2021-10-21 00:00:00+08:00,129.0525991964415,133.36873508932447,126.46292032736348,126.89453125,1572034,0.0,0.0
2021-10-22 00:00:00+08:00,127.32614035418004,130.34744343600357,126.46291852123542,129.91583251953125,832075,0.0,0.0
2021-10-25 00:00:00+08:00,129.48420959371063,129.48420959371063,126.46291981425462,128.1893768310547,591157,0.0,0.0
2021-10-26 00:00:00+08:00,128.62098880643006,130.7790567618082,125.59968566894531,125.59968566894531,1039587,0.0,0.0
2021-10-27 00:00:00+08:00,125.59968514883155,127.32614217263652,123.44161720239008,126.89453125,566863,0.0,0.0
2021-10-28 00:00:00+08:00,127.32614436782744,129.48421235147552,124.30485452402377,124.73646545410156,858393,0.0,0.0
2021-10-29 00:00:00+08:00,125.59968786617812,126.46292306338611,122.57839800909804,123.44161987304688,1514336,0.0,0.0
2021-11-01 00:00:00+08:00,124.73647811351127,126.89454631618003,124.3048671396296,126.03131103515625,1405012,0.0,0.0
2021-11-02 00:00:00+08:00,127.32614811100147,127.32614811100147,119.98870875093421,120.85194396972656,3162290,0.0,0.0
2021-11-03 00:00:00+08:00,120.85194231088622,122.14677512141235,118.26225002331536,121.71516418457031,1304798,0.0,0.0
2021-11-04 00:00:00+08:00,122.14676877198822,122.14676877198822,119.55708995229314,119.98870086669922,658979,0.0,0.0
2021-11-05 00:00:00+08:00,120.85194396972656,121.28355491249299,119.12548686540136,120.85194396972656,695420,0.0,0.0
2021-11-08 00:00:00+08:00,119.55709262463814,119.9887035486916,115.67256764163916,116.5357894897461,1497127,0.0,0.0
2021-11-09 00:00:00+08:00,115.67256764163916,117.83063559516539,114.80933246027334,116.5357894897461,657966,0.0,0.0
2021-11-10 00:00:00+08:00,115.67256662330792,120.42031341261671,115.24095570305417,119.12548065185547,1487005,0.0,0.0
2021-11-11 00:00:00+08:00,118.6938719017973,118.6938719017973,116.53579059455268,116.96741485595703,735910,0.0,0.0
2021-11-12 00:00:00+08:00,117.39903259277344,119.98871164509528,117.39903259277344,117.39903259277344,478797,0.0,0.0
2021-11-15 00:00:00+08:00,118.26224308329417,122.14676795343433,117.83063217178048,120.4203109741211,971766,0.0,0.0
2021-11-16 00:00:00+08:00,121.28354858638299,122.57839468040302,119.12548065185547,119.12548065185547,722751,0.0,0.0
2021-11-17 00:00:00+08:00,120.4203109741211,121.28354613040698,119.55708915109372,120.4203109741211,416037,0.0,0.0
2021-11-18 00:00:00+08:00,121.28354858638299,121.28354858638299,118.69386973160172,119.12548065185547,428184,0.0,0.0
2021-11-19 00:00:00+08:00,119.98870167659669,121.71515867913283,119.55709075927734,119.55709075927734,548643,0.0,0.0
2021-11-22 00:00:00+08:00,120.42031969370065,121.71516585525941,119.98870875093421,120.85194396972656,395792,0.0,0.0
2021-11-23 00:00:00+08:00,121.71516705016568,121.71516705016568,118.26225280761719,118.26225280761719,387694,0.0,0.0
2021-11-24 00:00:00+08:00,118.26225365027435,119.1254888836921,116.96742080003726,117.83064270019531,394780,0.0,0.0
2021-11-25 00:00:00+08:00,118.26224467406057,122.57839384703024,117.83063375674121,119.55709075927734,1004158,0.0,0.0
2021-11-26 00:00:00+08:00,119.55709346555618,119.55709346555618,115.24095752814573,116.10417938232422,845234,0.0,0.0
2021-11-29 00:00:00+08:00,113.94611358642578,115.24095972564358,111.78803890993933,113.94611358642578,935325,0.0,0.0
2021-11-30 00:00:00+08:00,115.67256927490234,117.39902632875217,115.24095834475466,115.67256927490234,461589,0.0,0.0
2021-12-01 00:00:00+08:00,114.80933354871242,117.39902578410234,114.80933354871242,116.96741485595703,290517,0.0,0.0
2021-12-02 00:00:00+08:00,117.39902688573375,117.83063781792913,113.94611276165226,114.37772369384766,493981,0.0,0.0
2021-12-03 00:00:00+08:00,115.24095752814573,116.10417938232422,114.80933326779747,116.10417938232422,140703,0.0,0.0
2021-12-06 00:00:00+08:00,115.67256899271813,116.10417992181289,114.80933380126953,114.80933380126953,213586,0.0,0.0
2021-12-07 00:00:00+08:00,117.83063536475576,120.42031423727151,117.83063536475576,118.6938705444336,1008207,0.0,0.0
2021-12-08 00:00:00+08:00,120.42032173392917,120.85194601726792,117.83064270019531,117.83064270019531,533459,0.0,0.0
2021-12-09 00:00:00+08:00,118.69386812348098,120.85193602876998,117.83063296141022,119.98870086669922,584072,0.0,0.0
2021-12-10 00:00:00+08:00,119.55708915109372,121.28354613040698,118.69386732806636,120.4203109741211,552692,0.0,0.0
2021-12-13 00:00:00+08:00,122.57839586471948,130.34744583738436,122.57839586471948,125.59968566894531,3954887,0.0,0.0
2021-12-14 00:00:00+08:00,126.89453399536053,129.05260198849177,123.01000894107246,123.44161987304688,1680346,0.0,0.0
2021-12-15 00:00:00+08:00,124.73646382009763,128.62098880643006,124.73646382009763,125.59968566894531,1218757,0.0,0.0
2021-12-16 00:00:00+08:00,127.75776607199779,129.0526123046875,125.5996979063551,129.0526123046875,1523446,0.0,0.0
2021-12-17 00:00:00+08:00,127.32614135742188,131.2106663027974,126.89453043754877,127.32614135742188,1611512,0.0,0.0
2021-12-20 00:00:00+08:00,127.32614035418004,132.07390043515147,126.46291852123542,129.91583251953125,2531654,0.0,0.0
2021-12-21 00:00:00+08:00,129.91582964799875,133.80035447690716,129.48420540780796,132.50550842285156,1614549,0.0,0.0
2021-12-22 00:00:00+08:00,134.23196538383957,134.66357629077197,130.77905146186356,132.50550842285156,1080077,0.0,0.0
2021-12-23 00:00:00+08:00,133.80036818088257,134.23197913202102,131.64230009193054,133.36874389648438,887749,0.0,0.0
2021-12-24 00:00:00+08:00,134.66357677622028,134.66357677622028,129.48420587458517,131.21066284179688,766278,0.0,0.0
2021-12-27 00:00:00+08:00,132.07389799203193,132.50550890052025,129.91583011633193,131.21066284179688,826001,0.0,0.0
2021-12-28 00:00:00+08:00,131.64230009193054,133.80036818088257,131.21067580753234,133.36874389648438,950509,0.0,0.0
2021-12-29 00:00:00+08:00,134.2319762882114,138.9797366499286,132.50551918697417,136.8216552734375,1987059,0.0,0.0
2021-12-30 00:00:00+08:00,137.2532820843036,138.9797392174353,135.52682495117188,135.52682495117188,1242039,0.0,0.0
2022-01-03 00:00:00+08:00,137.2532795486914,138.9797366499286,135.09519817220027,136.8216552734375,1506238,0.0,0.0
2022-01-04 00:00:00+08:00,138.9797392174353,142.00102920047107,135.09520066794414,135.52682495117188,3437623,0.0,0.0
2022-01-05 00:00:00+08:00,136.39004808660437,136.39004808660437,129.91584377865823,132.9371337890625,1609488,0.0,0.0
2022-01-06 00:00:00+08:00,133.36874188704823,137.25328038854613,132.07390905314182,136.39004516601562,1762338,0.0,0.0
2022-01-07 00:00:00+08:00,138.11649326553984,138.54810418201214,129.91583251953125,129.91583251953125,1657064,0.0,0.0
2022-01-10 00:00:00+08:00,130.3474549591504,135.95843736909592,130.3474549591504,133.8003692626953,1245075,0.0,0.0
2022-01-11 00:00:00+08:00,132.93710588102869,133.80034094082157,128.6209705818353,130.34742736816406,974803,0.0,0.0
2022-01-12 00:00:00+08:00,131.21066284179688,134.23196586773196,129.05259496609688,131.21066284179688,1331117,0.0,0.0
2022-01-13 00:00:00+08:00,134.66357677622028,137.25326889366704,130.77905193330855,131.21066284179688,3404219,0.0,0.0
2022-01-14 00:00:00+08:00,131.2106694050458,131.64229366838268,123.44161933060909,124.73646545410156,2339325,0.0,0.0
2022-01-17 00:00:00+08:00,125.59970006127459,126.46293534229837,123.87324283248749,126.03131103515625,566863,0.0,0.0
2022-01-18 00:00:00+08:00,126.46292222159549,126.89453315069692,123.44161905136733,123.87322998046875,546618,0.0,0.0
2022-01-19 00:00:00+08:00,122.57839586471948,126.89453177547577,121.71516068261288,125.59968566894531,783486,0.0,0.0
2022-01-20 00:00:00+08:00,125.16807082757039,125.16807082757039,121.71515687371566,122.5783920288086,805756,0.0,0.0
2022-01-21 00:00:00+08:00,121.28354694317606,122.14676877198822,119.12547903788706,119.98870086669922,707567,0.0,0.0
2022-01-24 00:00:00+08:00,118.26224308329417,121.28354613040698,115.24095336943986,120.4203109741211,710604,0.0,0.0
2022-01-25 00:00:00+08:00,120.85193766612925,120.85193766612925,118.69386973160172,119.12548065185547,473736,0.0,0.0
2022-01-26 00:00:00+08:00,118.69386892463862,119.98870167659669,117.83063375674121,119.55709075927734,426160,0.0,0.0
2022-02-07 00:00:00+08:00,120.42031969370065,121.28355491249299,118.69387592263492,120.85194396972656,283431,0.0,0.0
2022-02-08 00:00:00+08:00,120.85194231088622,122.14677512141235,120.85194231088622,121.71516418457031,274321,0.0,0.0
2022-02-09 00:00:00+08:00,122.14677401549022,124.30485534667969,121.715163082556,124.30485534667969,508152,0.0,0.0
2022-02-10 00:00:00+08:00,125.16807721254813,125.16807721254813,122.57839828168363,124.30485534667969,431221,0.0,0.0
2022-02-11 00:00:00+08:00,123.87322998046875,124.30485424282925,122.57839719316445,123.87322998046875,184230,0.0,0.0
2022-02-14 00:00:00+08:00,122.57839384703024,122.57839384703024,119.12547984195798,119.55709075927734,538520,0.0,0.0
2022-02-15 00:00:00+08:00,122.57839800909804,126.89453399536053,122.57839800909804,123.44161987304688,1102347,0.0,0.0
2022-02-16 00:00:00+08:00,126.03129526454379,127.32614135742188,124.73646250492446,127.32614135742188,650881,0.0,0.0
2022-02-17 00:00:00+08:00,127.32614436782744,127.32614436782744,124.73646545410156,124.73646545410156,395792,0.0,0.0
2022-02-18 00:00:00+08:00,123.87322863799102,126.46292085105192,123.87322863799102,125.59968566894531,241929,0.0,0.0
2022-02-21 00:00:00+08:00,125.16808777587134,129.48422413598405,124.73647680651213,128.62100219726562,609378,0.0,0.0
2022-02-22 00:00:00+08:00,128.18937871872896,131.21066854267548,124.73646463428236,125.16807556152344,1109433,0.0,0.0
2022-02-23 00:00:00+08:00,125.59968354594326,127.75775146484375,125.16807262881491,127.75775146484375,325946,0.0,0.0
2022-02-24 00:00:00+08:00,126.46292306338611,126.89453399536053,122.57839800909804,123.44161987304688,711616,0.0,0.0
2022-02-25 00:00:00+08:00,125.16807610103213,125.59968703013355,123.87322998046875,123.87322998046875,276346,0.0,0.0
2022-03-01 00:00:00+08:00,125.16807474452146,126.03129659336915,123.87322863799102,125.59968566894531,292542,0.0,0.0
2022-03-02 00:00:00+08:00,124.73647597340211,129.484223271164,124.73647597340211,129.0526123046875,688334,0.0,0.0
2022-03-03 00:00:00+08:00,130.77907037732197,131.64230564930068,127.32615595592769,128.62100219726562,664040,0.0,0.0
2022-03-04 00:00:00+08:00,127.32614135742188,128.62098745029996,126.46291951767566,127.32614135742188,326958,0.0,0.0
2022-03-07 00:00:00+08:00,126.03130021950935,126.4629244896107,121.71516418457031,121.71516418457031,510177,0.0,0.0
2022-03-08 00:00:00+08:00,119.98870167659669,122.57839384703024,118.69386892463862,119.55709075927734,694408,0.0,0.0
2022-03-09 00:00:00+08:00,121.28354613040698,121.28354613040698,119.55708915109372,120.4203109741211,203463,0.0,0.0
2022-03-10 00:00:00+08:00,123.01000840053129,126.03129824433496,123.01000840053129,124.73646545410156,454503,0.0,0.0
2022-03-11 00:00:00+08:00,124.30485424282925,124.73646517193069,123.44161905136733,123.87322998046875,197390,0.0,0.0
2022-03-14 00:00:00+08:00,124.30485534667969,125.16807721254813,123.01000921461785,124.30485534667969,159936,0.0,0.0
2022-03-15 00:00:00+08:00,123.44161736625561,123.87322828946509,117.83063536475576,118.6938705444336,719714,0.0,0.0
2022-03-16 00:00:00+08:00,120.85194601726792,120.85194601726792,116.96742080003726,117.83064270019531,521312,0.0,0.0
2022-03-17 00:00:00+08:00,121.71515687371566,123.01000293972581,120.42031080770552,122.5783920288086,473736,0.0,0.0
2022-03-18 00:00:00+08:00,124.30485452402377,125.16807638417937,122.5783974704535,124.73646545410156,656954,0.0,0.0
2022-03-21 00:00:00+08:00,126.03129741600559,126.46292167650566,123.87322944654122,125.16807556152344,340118,0.0,0.0
2022-03-22 00:00:00+08:00,125.16807556152344,125.16807556152344,123.01000759205907,125.16807556152344,232819,0.0,0.0
2022-03-23 00:00:00+08:00,126.03129824433496,126.46292250767185,124.73646545410156,124.73646545410156,467662,0.0,0.0
2022-03-24 00:00:00+08:00,125.16807342479757,127.75775227729498,124.30485158505135,127.32614135742188,564839,0.0,0.0
2022-03-25 00:00:00+08:00,128.62099049131993,128.62099049131993,124.30485452402377,124.73646545410156,401865,0.0,0.0
2022-03-28 00:00:00+08:00,123.87322863799102,125.59968566894531,122.57839586471948,125.59968566894531,271284,0.0,0.0
2022-03-29 00:00:00+08:00,125.59968566894531,126.46292085105192,125.16807474452146,125.59968566894531,171071,0.0,0.0
2022-03-30 00:00:00+08:00,125.59970006127459,127.32615729006169,125.59970006127459,126.03131103515625,234843,0.0,0.0
2022-03-31 00:00:00+08:00,126.03129824433496,126.03129824433496,124.30485452402377,124.73646545410156,183218,0.0,0.0
2022-04-01 00:00:00+08:00,123.01000921461785,124.30485534667969,123.01000921461785,124.30485534667969,215610,0.0,0.0
2022-04-06 00:00:00+08:00,123.44162070049256,123.87323163536013,122.57839883075744,123.010009765625,187267,0.0,0.0
2022-04-07 00:00:00+08:00,121.71516034015882,123.01000644304614,118.26224628796524,118.6938705444336,562814,0.0,0.0
2022-04-08 00:00:00+08:00,120.85193505188123,123.87322476156024,120.85193505188123,122.5783920288086,447417,0.0,0.0
2022-04-11 00:00:00+08:00,123.01000393405899,123.01000393405899,119.12547903788706,119.98870086669922,355302,0.0,0.0
2022-04-12 00:00:00+08:00,119.55710282290639,122.57840621551682,118.26225660703619,122.14678192138672,466650,0.0,0.0
2022-04-13 00:00:00+08:00,122.5783974704535,125.16807638417937,121.7151622770388,124.73646545410156,464625,0.0,0.0
2022-04-14 00:00:00+08:00,125.6306299911759,125.6306299911759,123.84229278564453,123.84229278564453,355302,4.939458,0.0
2022-04-15 00:00:00+08:00,122.94812942357288,124.73645279373449,122.50103476987921,123.39521026611328,268248,0.0,0.0
2022-04-18 00:00:00+08:00,123.39520918228875,123.39520918228875,119.81853485107422,119.81853485107422,463613,0.0,0.0
2022-04-19 00:00:00+08:00,121.60687087347308,122.05395170788368,120.2656145590883,121.1597900390625,145764,0.0,0.0
2022-04-20 00:00:00+08:00,121.15979455235494,121.60687540341962,120.26561903907204,120.71269989013672,137666,0.0,0.0
2022-04-21 00:00:00+08:00,120.71269539349889,122.05395170788368,120.71269539349889,121.1597900390625,108311,0.0,0.0
2022-04-22 00:00:00+08:00,119.3714540124607,121.15979117806796,118.92435936269402,119.81853485107422,181193,0.0,0.0
2022-04-25 00:00:00+08:00,117.13602469514146,117.13602469514146,113.55935719322713,115.34769439697266,526373,0.0,0.0
2022-04-26 00:00:00+08:00,116.24186299884542,116.24186299884542,114.00644494695187,115.34769439697266,207512,0.0,0.0
2022-04-27 00:00:00+08:00,111.77101949364105,113.55935668945312,109.08851369992294,113.55935668945312,465638,0.0,0.0
2022-04-28 00:00:00+08:00,114.45352476337071,114.45352476337071,111.32393813781573,111.7710189819336,414013,0.0,0.0
2022-04-29 00:00:00+08:00,114.4535272103954,114.4535272103954,111.7710213716061,112.21810913085938,288493,0.0,0.0
2022-05-03 00:00:00+08:00,112.21810620116634,112.21810620116634,108.1943440952429,109.98268127441406,305701,0.0,0.0
2022-05-04 00:00:00+08:00,109.98268725057498,111.32394366062191,109.0885186124027,109.53560638427734,138679,0.0,0.0
2022-05-05 00:00:00+08:00,112.66518757574596,113.11227532544048,111.32393813781573,111.7710189819336,151838,0.0,0.0
2022-05-06 00:00:00+08:00,109.08851268482847,110.42976902199517,108.1943440952429,109.98268127441406,157912,0.0,0.0
2022-05-09 00:00:00+08:00,108.64143150295195,108.64143150295195,106.40601348876953,106.40601348876953,418062,0.0,0.0
2022-05-10 00:00:00+08:00,104.17059370744815,105.95893096923828,102.82934421389402,105.95893096923828,264199,0.0,0.0
2022-05-11 00:00:00+08:00,107.30017852783203,109.53559646810356,106.85309079643189,107.30017852783203,265211,0.0,0.0
2022-05-12 00:00:00+08:00,106.40601294569933,108.19434320457209,104.61767578125,104.61767578125,125519,0.0,0.0
2022-05-13 00:00:00+08:00,104.17058856901052,106.40601348876953,104.17058856901052,106.40601348876953,122483,0.0,0.0
2022-05-16 00:00:00+08:00,107.30017905064474,108.194340706649,103.72350480432209,104.17058563232422,327971,0.0,0.0
2022-05-17 00:00:00+08:00,104.17058970424843,105.511846051836,101.93517166570471,105.06475830078125,794621,0.0,0.0
2022-05-18 00:00:00+08:00,105.95892930534549,107.74726653905303,105.06476068849172,105.51184844970703,385669,0.0,0.0
2022-05-19 00:00:00+08:00,102.82934026223754,105.511846051836,101.93517166570471,105.06475830078125,446405,0.0,0.0
2022-05-20 00:00:00+08:00,105.51184436347467,105.51184436347467,103.72350719902532,104.61767578125,201439,0.0,0.0
2022-05-23 00:00:00+08:00,106.40601294569933,106.40601294569933,103.72350719902532,104.61767578125,171071,0.0,0.0
2022-05-24 00:00:00+08:00,105.06475606469799,105.51184380623742,102.82933807373047,102.82933807373047,201439,0.0,0.0
2022-05-25 00:00:00+08:00,103.72350834208937,103.72350834208937,102.8293397500107,103.27642059326172,117421,0.0,0.0
2022-05-26 00:00:00+08:00,103.72350665123278,105.51184380623742,102.82933807373047,102.82933807373047,167022,0.0,0.0
2022-05-27 00:00:00+08:00,104.61767578125,105.06475661957404,104.17058803734938,104.61767578125,111348,0.0,0.0
2022-05-30 00:00:00+08:00,106.40601960346285,110.42977502244963,105.51185096529056,109.53560638427734,312787,0.0,0.0
2022-05-31 00:00:00+08:00,109.08851268482847,110.42976902199517,107.74726325323842,109.98268127441406,166010,0.0,0.0
2022-06-01 00:00:00+08:00,109.98267606753058,111.32393234119849,109.53559524669213,110.42976379394531,191316,0.0,0.0
2022-06-02 00:00:00+08:00,110.42976954400335,112.21810673162811,109.98268179430883,111.7710189819336,248002,0.0,0.0
2022-06-06 00:00:00+08:00,112.66518898553734,112.66518898553734,107.30018426110688,108.64143371582031,261162,0.0,0.0
2022-06-07 00:00:00+08:00,109.53560638427734,109.98268725057498,109.0885186124027,109.53560638427734,73894,0.0,0.0
2022-06-08 00:00:00+08:00,109.98268073733267,110.87684932255173,108.19434356689453,108.19434356689453,147789,0.0,0.0
2022-06-09 00:00:00+08:00,107.30018188725207,109.08851215211361,107.30018188725207,108.19434356689453,108311,0.0,0.0
2022-06-10 00:00:00+08:00,107.30018590355192,109.98268485403982,107.30018590355192,109.08851623535156,186255,0.0,0.0
2022-06-13 00:00:00+08:00,107.30018376150808,107.30018376150808,105.06475880662504,106.85309600830078,268248,0.0,0.0
2022-06-14 00:00:00+08:00,105.0647571557988,107.30018207555781,103.72350772840468,106.40601348876953,293554,0.0,0.0
2022-06-15 00:00:00+08:00,106.40601348876953,109.53560008974023,105.95892574258708,106.40601348876953,516250,0.0,0.0
2022-06-16 00:00:00+08:00,109.08851234355778,110.42976867652851,106.40601348876953,106.40601348876953,607354,0.0,0.0
2022-06-17 00:00:00+08:00,104.61767578125,105.9589252017987,103.72350719902532,104.61767578125,290517,0.0,0.0
2022-06-20 00:00:00+08:00,104.61766970209686,104.61766970209686,98.35848999023438,98.35848999023438,649868,0.0,0.0
2022-06-21 00:00:00+08:00,99.25266486986163,102.38225147320973,99.25266486986163,101.48808288574219,214598,0.0,0.0
2022-06-22 00:00:00+08:00,101.93517349507687,101.93517349507687,95.22891235351562,95.22891235351562,537508,0.0,0.0
2022-06-23 00:00:00+08:00,95.22891047252068,96.57015991210938,91.65223609284861,96.57015991210938,456527,0.0,0.0
2022-06-24 00:00:00+08:00,97.4643285070274,97.91141625727474,96.57015991210938,96.57015991210938,301652,0.0,0.0
2022-06-27 00:00:00+08:00,97.91141959974559,101.4880871959402,97.91141959974559,100.59392547607422,275333,0.0,0.0
2022-06-28 00:00:00+08:00,101.04100799560547,101.48808886288177,99.69975848819958,101.04100799560547,187267,0.0,0.0
2022-06-29 00:00:00+08:00,99.69975150526064,103.27641890969336,99.25266376372122,102.82933807373047,224720,0.0,0.0
2022-06-30 00:00:00+08:00,101.93516661930342,102.3822474426483,98.80558013916016,98.80558013916016,264199,0.0,0.0
2022-07-01 00:00:00+08:00,97.01724658219014,97.46432742188313,92.99348449707031,92.99348449707031,491956,0.0,0.0
2022-07-04 00:00:00+08:00,93.4405746459961,95.22891186192422,91.20515657887431,93.4405746459961,250027,0.0,0.0
2022-07-05 00:00:00+08:00,95.2289082591942,95.2289082591942,91.65223396265179,94.3347396850586,183218,0.0,0.0
2022-07-06 00:00:00+08:00,94.3347396850586,96.12307683332979,92.99348337106694,94.3347396850586,154875,0.0,0.0
2022-07-07 00:00:00+08:00,94.78181982095597,99.69975039525318,92.54640185487649,99.2526626586914,283431,0.0,0.0
2022-07-08 00:00:00+08:00,101.48808288574219,103.72350780719937,100.59392120385125,101.48808288574219,449441,0.0,0.0
2022-07-11 00:00:00+08:00,101.48808288574219,102.38225147320973,98.35849628239407,101.48808288574219,258125,0.0,0.0
2022-07-12 00:00:00+08:00,100.59392452913782,100.59392452913782,96.57016229973391,97.01725006103516,128556,0.0,0.0
2022-07-13 00:00:00+08:00,99.25266984514631,100.59392624636973,97.4643325805664,97.4643325805664,159936,0.0,0.0
2022-07-14 00:00:00+08:00,97.01724469261192,99.69975039525318,97.01724469261192,99.2526626586914,130581,0.0,0.0
2022-07-15 00:00:00+08:00,100.14683234122353,102.82933807373047,99.69975150526064,102.82933807373047,219659,0.0,0.0
2022-07-18 00:00:00+08:00,105.06475606469799,105.51184380623742,102.82933807373047,102.82933807373047,189292,0.0,0.0
2022-07-19 00:00:00+08:00,101.93517166570471,105.511846051836,101.93517166570471,105.06475830078125,207512,0.0,0.0
2022-07-20 00:00:00+08:00,107.30018188725207,109.08851215211361,106.85309414185423,108.19434356689453,303677,0.0,0.0
2022-07-21 00:00:00+08:00,109.98268073733267,109.98268073733267,107.74726272707329,108.19434356689453,155887,0.0,0.0
2022-07-22 00:00:00+08:00,108.64142791087967,109.08850873670343,106.85309079643189,107.30017852783203,174108,0.0,0.0
2022-07-25 00:00:00+08:00,105.95892574258708,107.74726291616366,105.95892574258708,106.40601348876953,67821,0.0,0.0
2022-07-26 00:00:00+08:00,107.30018207555781,107.30018207555781,105.0647571557988,106.40601348876953,111348,0.0,0.0
2022-07-27 00:00:00+08:00,106.40601706656079,106.40601706656079,105.06476068849172,105.51184844970703,162973,0.0,0.0
2022-07-28 00:00:00+08:00,106.85309079643189,108.19434017947954,106.40600997060814,107.30017852783203,205488,0.0,0.0
2022-07-29 00:00:00+08:00,108.64143320997654,108.64143320997654,106.85309600830078,106.85309600830078,113372,0.0,0.0
2022-08-01 00:00:00+08:00,106.85309378402337,106.85309378402337,104.17058803734938,104.61767578125,173095,0.0,0.0
2022-08-02 00:00:00+08:00,104.61767935495668,105.06476020855287,102.82934212941832,103.7235107421875,124507,0.0,0.0
2022-08-03 00:00:00+08:00,103.72351025175051,104.61767886029179,101.93517303466797,101.93517303466797,177144,0.0,0.0
2022-08-04 00:00:00+08:00,102.38225750301136,102.38225750301136,99.69975848819958,101.04100799560547,161961,0.0,0.0
2022-08-05 00:00:00+08:00,101.93517351664913,104.17059159578369,101.93517351664913,103.7235107421875,131593,0.0,0.0
2022-08-08 00:00:00+08:00,102.8293397500107,103.27642059326172,101.93517115793203,103.27642059326172,103250,0.0,0.0
2022-08-09 00:00:00+08:00,103.27641998222224,106.40601348876953,102.8293391416164,106.40601348876953,124507,0.0,0.0
2022-08-10 00:00:00+08:00,105.06475830078125,106.85309549384688,105.06475830078125,105.06475830078125,86041,0.0,0.0
2022-08-11 00:00:00+08:00,105.95892223920801,107.74725935365578,105.51184141338425,107.30017852783203,192328,0.0,0.0
2022-08-12 00:00:00+08:00,107.30017852783203,108.64142791087967,107.30017852783203,107.30017852783203,134630,0.0,0.0
2022-08-15 00:00:00+08:00,107.74726325323842,109.98268127441406,106.40601382164834,109.98268127441406,262174,0.0,0.0
2022-08-16 00:00:00+08:00,111.77101784011683,116.68894160305663,111.77101784011683,113.11227416992188,1166119,0.0,0.0
2022-08-17 00:00:00+08:00,111.77101487442889,113.11227116864558,109.98267775252424,110.87684631347656,348216,0.0,0.0
2022-08-18 00:00:00+08:00,112.6651840209961,114.90060198220803,109.98267832419592,112.6651840209961,314811,0.0,0.0
2022-08-19 00:00:00+08:00,113.11227532544048,113.55935616955834,111.32393813781573,111.7710189819336,175120,0.0,0.0
2022-08-22 00:00:00+08:00,110.42976548578861,111.77101487442889,110.42976548578861,110.87684631347656,97176,0.0,0.0
2022-08-23 00:00:00+08:00,108.64143184282399,110.87684986399965,108.64143184282399,109.98268127441406,148801,0.0,0.0
2022-08-24 00:00:00+08:00,110.42976902199517,111.32393761158076,109.53560043240958,109.98268127441406,114385,0.0,0.0
2022-08-25 00:00:00+08:00,111.32393813781573,113.55935616955834,110.87685038812121,111.7710189819336,156899,0.0,0.0
2022-08-26 00:00:00+08:00,113.11227175658435,114.90060198220803,111.77101545539604,112.6651840209961,307726,0.0,0.0
2022-08-29 00:00:00+08:00,108.64143371582031,109.98268317053373,108.19434596053134,108.64143371582031,198402,0.0,0.0
2022-08-30 00:00:00+08:00,108.19433897302422,110.42976379394531,108.19433897302422,110.42976379394531,112360,0.0,0.0
2022-08-31 00:00:00+08:00,109.53559692483628,111.77101487442889,109.53559692483628,110.87684631347656,86041,0.0,0.0
2022-09-01 00:00:00+08:00,109.98267902277394,111.32393533248151,107.74726104736328,107.74726104736328,246990,0.0,0.0
2022-09-02 00:00:00+08:00,108.64143131229237,109.53559989751143,108.19434356689453,108.19434356689453,93127,0.0,0.0
2022-09-05 00:00:00+08:00,109.08851045149437,109.08851045149437,106.85309247608372,107.74726104736328,131593,0.0,0.0
2022-09-06 00:00:00+08:00,108.64143000585803,117.58311575052319,107.74726143139151,116.24185943603516,1119555,0.0,0.0
2022-09-07 00:00:00+08:00,117.58312130520888,117.58312130520888,110.87685322711427,114.0064468383789,1283541,0.0,0.0
2022-09-08 00:00:00+08:00,116.24186299884542,118.03020020259095,112.21810774320635,115.34769439697266,799682,0.0,0.0
2022-09-12 00:00:00+08:00,118.030196023436,121.15978947196794,117.58311519111801,119.37145233154297,1807890,0.0,0.0
2022-09-13 00:00:00+08:00,121.15979275154895,125.6306288180525,119.81853640713655,125.18354797363281,2424354,0.0,0.0
2022-09-14 00:00:00+08:00,121.6068747315187,125.18354914258141,121.15979388292422,123.84229278564453,1307835,0.0,0.0
2022-09-15 00:00:00+08:00,125.63062828996856,133.23105785776846,122.05395392733881,123.39521026611328,5041038,0.0,0.0
2022-09-16 00:00:00+08:00,127.41895532312766,132.78396643978132,126.5247798981093,129.6543731689453,7583827,0.0,0.0
2022-09-19 00:00:00+08:00,128.76021738085294,131.4427161549737,123.84228684861992,124.28936767578125,3572253,0.0,0.0
2022-09-20 00:00:00+08:00,126.07769742005974,129.65437145042125,124.28936040487896,129.20729064941406,2259357,0.0,0.0
2022-09-21 00:00:00+08:00,128.76022577280168,128.76022577280168,125.63063215639548,126.07771301269531,777413,0.0,0.0
2022-09-22 00:00:00+08:00,124.73644285922475,129.6543731689453,124.73644285922475,129.6543731689453,950509,0.0,0.0
2022-09-23 00:00:00+08:00,129.20730319571666,129.20730319571666,123.84229162922041,125.18354797363281,1189401,0.0,0.0
2022-09-26 00:00:00+08:00,125.18354862772173,125.18354862772173,119.37145618643737,122.053955078125,1146886,0.0,0.0
2022-09-27 00:00:00+08:00,122.94812889156448,123.39520973217031,118.03019821144062,121.60687255859375,970754,0.0,0.0
2022-09-28 00:00:00+08:00,122.50103432074201,124.28937149550013,116.6889419555664,116.6889419555664,1540654,0.0,0.0
2022-09-29 00:00:00+08:00,121.60687359596864,127.86604685130428,121.15979275154895,125.18354797363281,2479016,0.0,0.0
2022-09-30 00:00:00+08:00,123.84229654801112,130.54855091412668,122.50104015032646,126.52479553222656,4822391,0.0,0.0
2022-10-03 00:00:00+08:00,126.52479386899513,129.2073066291015,124.28937577634231,126.07771301269531,1828135,0.0,0.0
2022-10-04 00:00:00+08:00,128.31312830377036,132.33688354492188,126.97188576415545,132.33688354492188,2515457,0.0,0.0
2022-10-05 00:00:00+08:00,132.3368700676164,133.23104548078277,128.31311523624768,129.20729064941406,1955679,0.0,0.0
2022-10-06 00:00:00+08:00,130.54853478281152,131.88979101476295,129.6543731689453,129.6543731689453,1397926,0.0,0.0
2022-10-07 00:00:00+08:00,130.5485496790521,132.33688692199485,127.41896986226759,127.86605072021484,1377681,0.0,0.0
2022-10-11 00:00:00+08:00,119.81853740633647,122.05395545823002,115.34769439697266,115.34769439697266,2122702,0.0,0.0
2022-10-12 00:00:00+08:00,112.66519047896035,113.55935909581412,104.17059207163796,105.51184844970703,3240233,0.0,0.0
2022-10-13 00:00:00+08:00,107.30018671410738,109.53560482492612,100.14683771056433,100.59392547607422,2417269,0.0,0.0
2022-10-14 00:00:00+08:00,109.08850752027739,110.42976379394531,108.19433897302422,110.42976379394531,2370705,0.0,0.0
2022-10-17 00:00:00+08:00,107.74726291616366,107.74726291616366,100.59392112743399,106.40601348876953,2115616,0.0,0.0
2022-10-18 00:00:00+08:00,108.19434188021482,109.5355981899224,103.7235059293935,107.74726104736328,1595316,0.0,0.0
2022-10-19 00:00:00+08:00,108.64142836388396,112.66518343538121,106.85309124197933,110.87684631347656,1451576,0.0,0.0
2022-10-20 00:00:00+08:00,110.87684631347656,112.66518343538121,106.40601041429137,110.87684631347656,1756265,0.0,0.0
2022-10-21 00:00:00+08:00,109.98268229782897,114.45352528735916,108.1943451020169,113.55935668945312,1451576,0.0,0.0
2022-10-24 00:00:00+08:00,116.6889433293359,117.58311883281863,113.55935668945312,113.55935668945312,1546728,0.0,0.0
2022-10-25 00:00:00+08:00,116.24185943603516,117.58311575052319,113.55935371263561,116.24185943603516,1394889,0.0,0.0
2022-10-26 00:00:00+08:00,115.79477884968254,116.68894747938977,114.006448495845,114.45352935791016,741984,0.0,0.0
2022-10-27 00:00:00+08:00,116.24186057568475,117.13602225334122,114.45352340921863,114.90060424804688,560790,0.0,0.0
2022-10-28 00:00:00+08:00,116.24186195099546,118.03019913862022,111.32393813781573,111.7710189819336,932288,0.0,0.0
2022-10-31 00:00:00+08:00,113.55935421995184,122.94812774658203,113.55935421995184,122.94812774658203,2046783,0.0,0.0
2022-11-01 00:00:00+08:00,122.94812519429726,126.5247856227407,120.26561260902369,124.28936767578125,2116628,0.0,0.0
2022-11-02 00:00:00+08:00,124.2893725966724,126.07770978727473,120.26561737060547,120.26561737060547,1270382,0.0,0.0
2022-11-03 00:00:00+08:00,118.03019711225751,122.94812774658203,116.68894079177754,122.94812774658203,1064894,0.0,0.0
2022-11-04 00:00:00+08:00,121.6068747315187,124.28937363423901,120.2656183745818,123.84229278564453,742996,0.0,0.0
2022-11-07 00:00:00+08:00,125.18354862772173,127.41896667265367,121.6068742313693,122.053955078125,1169156,0.0,0.0
2022-11-08 00:00:00+08:00,122.50103309898665,125.1835457399466,122.50103309898665,122.94812774658203,870540,0.0,0.0
2022-11-09 00:00:00+08:00,124.28937413086786,126.52479219392586,123.84229328048696,125.63063049316406,796646,0.0,0.0
2022-11-10 00:00:00+08:00,125.18354914258141,126.52479168836484,123.84229278564453,123.84229278564453,390731,0.0,0.0
2022-11-11 00:00:00+08:00,127.86604685130428,129.65438404013636,125.18354797363281,125.18354797363281,964680,0.0,0.0
2022-11-14 00:00:00+08:00,125.1835431412567,127.41896108821615,123.84228684861992,124.28936767578125,468674,0.0,0.0
2022-11-15 00:00:00+08:00,124.73645279373449,127.41896547128344,122.50103476987921,123.39521026611328,755143,0.0,0.0
2022-11-16 00:00:00+08:00,123.39521078480072,126.52479050689188,119.81853640713655,125.18354797363281,970754,0.0,0.0
2022-11-17 00:00:00+08:00,124.73645331805979,126.07770966247219,122.50103528480801,125.18354797363281,686310,0.0,0.0
2022-11-18 00:00:00+08:00,125.1835484850148,130.54854626227404,125.1835484850148,126.97188568115234,2040709,0.0,0.0
2022-11-21 00:00:00+08:00,129.20729996104274,132.3368796047856,124.28936936208537,124.7364501953125,1984023,0.0,0.0
2022-11-22 00:00:00+08:00,124.28937347499496,130.10146593273686,123.39521177895163,128.76022338867188,1375656,0.0,0.0
2022-11-23 00:00:00+08:00,129.65438627242304,130.99564263992812,127.4189682006836,127.4189682006836,588121,0.0,0.0
2022-11-24 00:00:00+08:00,128.7602262472631,129.20730710521033,127.41896986226759,127.86605072021484,442356,0.0,0.0
2022-11-25 00:00:00+08:00,129.20729996104274,129.20729996104274,124.7364501953125,124.7364501953125,576986,0.0,0.0
2022-11-28 00:00:00+08:00,123.39521243010606,126.52479219392586,122.50103691819075,125.63063049316406,322909,0.0,0.0
2022-11-29 00:00:00+08:00,126.07770913250896,126.07770913250896,122.50103476987921,123.39521026611328,438307,0.0,0.0
2022-11-30 00:00:00+08:00,122.94813044263121,127.41896652739838,122.50103578523178,126.97188568115234,673150,0.0,0.0
2022-12-01 00:00:00+08:00,128.76022746541895,129.20730832759588,126.52479553222656,126.52479553222656,422111,0.0,0.0
2022-12-02 00:00:00+08:00,126.07769742005974,129.20729064941406,126.07769742005974,129.20729064941406,592170,0.0,0.0
2022-12-05 00:00:00+08:00,130.54854302439136,135.0193928094253,129.20730051891894,131.44271850585938,2713860,0.0,0.0
2022-12-06 00:00:00+08:00,135.01938510724628,143.06689492562302,134.1252096767865,139.9373016357422,6641416,0.0,0.0
2022-12-07 00:00:00+08:00,141.7256485802347,142.6198240731223,130.99563934365625,131.88980102539062,6213231,0.0,0.0
2022-12-08 00:00:00+08:00,133.23106935120055,144.85525512695312,133.23106935120055,144.85525512695312,5425696,0.0,0.0
2022-12-09 00:00:00+08:00,150.22025414120998,153.3498338494487,145.7494042833424,148.87899780273438,20473904,0.0,0.0
2022-12-12 00:00:00+08:00,148.87898954757557,152.45566371108612,144.40815374876365,147.0906524658203,6645465,0.0,0.0
2022-12-13 00:00:00+08:00,147.9848377798797,150.220255828343,145.30232507280104,149.32608032226562,3344496,0.0,0.0
2022-12-14 00:00:00+08:00,146.64358040708893,148.43191759566034,137.25481361987735,145.74940490722656,4874016,0.0,0.0
2022-12-15 00:00:00+08:00,148.43192979813153,149.77318625261205,143.5139986724726,144.85525512695312,2168253,0.0,0.0
2022-12-16 00:00:00+08:00,140.38440553418712,146.19649787724882,140.38440553418712,145.3023223876953,1248112,0.0,0.0
2022-12-19 00:00:00+08:00,144.40817095882284,145.7494135716195,142.6198336639398,143.96109008789062,591157,0.0,0.0
2022-12-20 00:00:00+08:00,145.30232689849362,147.98483963927748,139.04315352192057,139.490234375,1685407,0.0,0.0
2022-12-21 00:00:00+08:00,141.7256534105712,145.7494087378211,141.27857255446645,143.06690979003906,1105384,0.0,0.0
2022-12-22 00:00:00+08:00,145.7494087378211,149.7731778762247,142.1727480778296,143.06690979003906,2447636,0.0,0.0
2022-12-23 00:00:00+08:00,143.06689913496757,147.53773498535156,140.83148120977555,147.53773498535156,1625684,0.0,0.0
2022-12-26 00:00:00+08:00,149.32607642580038,150.66733274434142,141.27856613686026,141.72564697265625,2250246,0.0,0.0
2022-12-27 00:00:00+08:00,143.06691616815897,145.3023343594943,142.61983529212276,144.40817260742188,944435,0.0,0.0
2022-12-28 00:00:00+08:00,142.6198224554013,146.19649676407536,141.72564697265625,141.72564697265625,985938,0.0,0.0
2022-12-29 00:00:00+08:00,140.83148530106428,142.17274161960532,139.49022898252323,141.72564697265625,649868,0.0,0.0
2022-12-30 00:00:00+08:00,143.96108153950433,144.8552432282736,135.4664764404297,135.4664764404297,2381840,0.0,0.0
2023-01-03 00:00:00+08:00,136.80773380570972,142.61982625954457,135.91355829911404,139.04315185546875,1680346,0.0,0.0
2023-01-04 00:00:00+08:00,137.70188853554848,142.17273822006354,137.70188853554848,140.83148193359375,611403,0.0,0.0
2023-01-05 00:00:00+08:00,141.7256534105712,143.9610853134022,139.93731617499859,143.06690979003906,1002134,0.0,0.0
2023-01-06 00:00:00+08:00,143.5139923095703,144.40816784329755,141.27857419198295,143.5139923095703,708579,0.0,0.0
2023-01-09 00:00:00+08:00,144.85524422533905,150.66733667580496,144.85524422533905,149.32608032226562,2015403,0.0,0.0
2023-01-10 00:00:00+08:00,149.77316325582825,150.2202440682903,146.19648913382701,146.64356994628906,1169156,0.0,0.0
2023-01-11 00:00:00+08:00,149.7731778762247,154.24401405957934,141.27857255446645,143.06690979003906,5176680,0.0,0.0
2023-01-12 00:00:00+08:00,143.06690644226256,143.96108194470193,140.3844075572512,142.17274475097656,987962,0.0,0.0
2023-01-13 00:00:00+08:00,143.06690882194277,143.96108433925528,139.490234375,139.490234375,658979,0.0,0.0
2023-01-16 00:00:00+08:00,139.04315607439557,143.96108698201087,139.04315607439557,143.5139923095703,806768,0.0,0.0
2023-01-17 00:00:00+08:00,143.51398897228833,145.3023261870029,142.6198272705078,142.6198272705078,482846,0.0,0.0
2023-01-30 00:00:00+08:00,144.85524259846082,149.7731732987692,143.96108091357925,148.87899780273438,1484980,0.0,0.0
2023-01-31 00:00:00+08:00,153.3498322627618,160.05610007459782,148.4319154244916,158.71484375,4456966,0.0,0.0
2023-02-01 00:00:00+08:00,160.5031840681358,160.5031840681358,154.24401078220345,159.1619415283203,2240124,0.0,0.0
2023-02-02 00:00:00+08:00,159.16193839896803,162.29151807482546,156.47942574977236,158.71484375,1803841,0.0,0.0
2023-02-03 00:00:00+08:00,160.05610560065662,162.29152367806378,156.03235029909303,156.47943115234375,2052856,0.0,0.0
2023-02-06 00:00:00+08:00,156.47943503232798,156.47943503232798,153.349841359666,153.79693603515625,763241,0.0,0.0
2023-02-07 00:00:00+08:00,156.47943993085005,164.5269509854431,156.47943993085005,161.84445190429688,3182535,0.0,0.0
2023-02-08 00:00:00+08:00,164.07986189324959,165.86819912820744,159.60902571143177,160.0561065673828,1712738,0.0,0.0
2023-02-09 00:00:00+08:00,160.05611619840784,166.31528999181552,160.05611619840784,162.29153442382812,1515348,0.0,0.0
2023-02-10 00:00:00+08:00,164.07986537126146,173.91571346644395,162.73860896382394,167.6565399169922,3411305,0.0,0.0
2023-02-13 00:00:00+08:00,166.31528661871735,166.7623674925031,160.5031938260399,161.39736938476562,1217744,0.0,0.0
2023-02-14 00:00:00+08:00,162.73858958077116,163.63276501627965,160.0560908965503,163.18568420410156,741984,0.0,0.0
2023-02-15 00:00:00+08:00,163.1856876001993,165.42110551876388,160.95025587048207,164.07984924316406,824989,0.0,0.0
2023-02-16 00:00:00+08:00,164.5269317626953,165.42110722604133,163.63277011050207,164.5269317626953,448429,0.0,0.0
2023-02-17 00:00:00+08:00,163.63277011050207,165.42110722604133,161.39735216886618,164.5269317626953,597231,0.0,0.0
2023-02-20 00:00:00+08:00,167.20944088068137,167.6565216975243,163.18568590678984,163.6327667236328,555728,0.0,0.0
2023-02-21 00:00:00+08:00,163.63277011050207,167.20944434158056,163.63277011050207,164.5269317626953,697444,0.0,0.0
2023-02-22 00:00:00+08:00,161.84444041910464,162.2915212657098,158.71484687056176,159.1619415283203,832075,0.0,0.0
2023-02-23 00:00:00+08:00,159.16193093289834,164.5269283573187,159.16193093289834,163.6327667236328,656954,0.0,0.0
2023-02-24 00:00:00+08:00,164.5269509854431,164.5269509854431,161.3973710259649,161.84445190429688,429196,0.0,0.0
2023-03-01 00:00:00+08:00,160.95025587048207,164.52693006464645,159.1619325845525,164.07984924316406,507140,0.0,0.0
2023-03-02 00:00:00+08:00,165.42110551876388,165.86818634024627,163.1856876001993,164.07984924316406,463613,0.0,0.0
2023-03-03 00:00:00+08:00,164.97402954101562,165.42111037562458,163.63277322603577,164.97402954101562,400853,0.0,0.0
2023-03-06 00:00:00+08:00,166.7623508788452,168.9977826473781,165.4211083911089,168.10360717773438,765266,0.0,0.0
2023-03-07 00:00:00+08:00,171.68028022485234,171.68028022485234,164.5269317626953,164.5269317626953,953545,0.0,0.0
2023-03-08 00:00:00+08:00,164.07986537126146,170.33903892071325,163.63278450583363,167.6565399169922,1462710,0.0,0.0
2023-03-09 00:00:00+08:00,168.9977891486727,170.7861263456041,167.6565327981858,169.4448699951172,781462,0.0,0.0
2023-03-10 00:00:00+08:00,168.99778981109787,169.4448706592948,164.07985904747125,166.31527709960938,887749,0.0,0.0
2023-03-13 00:00:00+08:00,165.42110551876388,166.76234798321104,157.37359548747028,164.07984924316406,837136,0.0,0.0
2023-03-14 00:00:00+08:00,163.6327875648486,164.5269493124201,159.16195120468265,161.39736938476562,606341,0.0,0.0
2023-03-15 00:00:00+08:00,165.42109886914895,165.42109886914895,162.29150562227065,162.73858642578125,323922,0.0,0.0
2023-03-16 00:00:00+08:00,162.73860211231496,163.63277761667865,156.92650967298775,159.1619415283203,674162,0.0,0.0
2023-03-17 00:00:00+08:00,160.95026491474093,160.95026491474093,155.13817247541374,159.1619415283203,1056796,0.0,0.0
2023-03-20 00:00:00+08:00,159.6090141199699,159.6090141199699,156.03233990980698,157.37359619140625,930263,0.0,0.0
2023-03-21 00:00:00+08:00,159.60901923678293,159.60901923678293,156.92650658758726,158.71484375,555728,0.0,0.0
2023-03-22 00:00:00+08:00,160.5031717087284,163.63276501627965,159.60901008437222,163.18568420410156,833087,0.0,0.0
2023-03-23 00:00:00+08:00,163.6327908835421,163.6327908835421,161.3973726581218,162.29153442382812,371498,0.0,0.0
2023-03-24 00:00:00+08:00,166.31528186429682,170.78613190780976,164.5269446091224,167.20945739746094,2326165,0.0,0.0
2023-03-27 00:00:00+08:00,168.55069023583812,177.93945682991043,167.20944773036567,175.2569580078125,2691590,0.0,0.0
2023-03-28 00:00:00+08:00,177.04529962928726,177.04529962928726,167.6565327981858,169.4448699951172,1147899,0.0,0.0
2023-03-29 00:00:00+08:00,169.89194600960536,170.7861214882162,166.31527171746802,168.55068969726562,506128,0.0,0.0
2023-03-30 00:00:00+08:00,170.7861214882162,170.7861214882162,167.6565280298078,168.55068969726562,415025,0.0,0.0
2023-03-31 00:00:00+08:00,169.8919580552854,169.8919580552854,166.76236437498252,167.6565399169922,489932,0.0,0.0
2023-04-06 00:00:00+08:00,167.6565280298078,169.89194600960536,164.52693457139938,168.55068969726562,591157,0.0,0.0
2023-04-07 00:00:00+08:00,169.89195637464564,170.33903723565078,166.31528186429682,167.20945739746094,431221,0.0,0.0
2023-04-10 00:00:00+08:00,168.55069684100496,168.55069684100496,164.07986069192089,166.76235961914062,663028,0.0,0.0
2023-04-11 00:00:00+08:00,174.80987258687946,174.80987258687946,169.44486127227054,170.78611755371094,999097,0.0,0.0
2023-04-12 00:00:00+08:00,171.23320176051038,172.57445806845246,168.99778378804223,171.68028259277344,435270,0.0,0.0
2023-04-13 00:00:00+08:00,171.68028090109985,173.91569885154104,168.997782122801,171.2332000732422,499042,0.0,0.0
2023-04-14 00:00:00+08:00,172.57445806845246,174.36278139750462,170.78612092824736,171.68028259277344,550667,0.0,0.0
2023-04-17 00:00:00+08:00,172.57445348917153,181.06904432137625,171.68027803721952,180.62196350097656,2161168,0.0,0.0
2023-04-18 00:00:00+08:00,179.2807231154817,181.06906036670554,176.59822414422277,177.4923858642578,576986,0.0,0.0
2023-04-19 00:00:00+08:00,178.83362328488204,183.75153984569218,177.49236703595548,180.17486572265625,826001,0.0,0.0
2023-04-20 00:00:00+08:00,180.17487826254947,181.06905376111786,175.25696135945992,176.151123046875,633672,0.0,0.0
2023-04-21 00:00:00+08:00,178.83363573142685,179.2807165751344,173.02154332976892,176.151123046875,893822,0.0,0.0
2023-04-24 00:00:00+08:00,179.72779784017501,179.72779784017501,171.68028738996043,172.574462890625,754131,0.0,0.0
2023-04-25 00:00:00+08:00,175.25696135337714,175.25696135337714,162.73860105192736,165.86819458007812,1042624,0.0,0.0
2023-04-26 00:00:00+08:00,165.42109886914895,166.31526047617012,161.39734401524947,162.73858642578125,756155,0.0,0.0
2023-04-27 00:00:00+08:00,163.6327667236328,165.86818461900003,161.84442964510853,163.6327667236328,410976,0.0,0.0
2023-04-28 00:00:00+08:00,165.42111311713242,168.99778747558594,165.42111311713242,168.99778747558594,467662,0.0,0.0
2023-05-02 00:00:00+08:00,173.46862251897363,177.0452968568271,168.10361101219345,175.70404052734375,933300,0.0,0.0
2023-05-03 00:00:00+08:00,173.02154707629907,176.15112686117166,173.02154707629907,173.4686279296875,363400,0.0,0.0
2023-05-04 00:00:00+08:00,173.46862625923941,174.36278795740577,171.68028905175325,173.02154541015625,299627,0.0,0.0
2023-05-05 00:00:00+08:00,173.02154059674882,173.46862143339436,170.3390279545695,172.1273651123047,391743,0.0,0.0
2023-05-08 00:00:00+08:00,173.46861630543907,173.46861630543907,169.8919420956998,170.78611755371094,414013,0.0,0.0
2023-05-09 00:00:00+08:00,171.68028349360895,171.68028349360895,162.73859774566483,164.97402954101562,1029465,0.0,0.0
2023-05-10 00:00:00+08:00,164.07987176639526,165.42112822610923,159.16195443270155,162.29153442382812,1007195,0.0,0.0
2023-05-11 00:00:00+08:00,167.20946556867634,167.20946556867634,161.3973726581218,162.29153442382812,961643,0.0,0.0
2023-05-12 00:00:00+08:00,163.6327844199118,163.6327844199118,159.16194814567297,160.9502716064453,952533,0.0,0.0
2023-05-15 00:00:00+08:00,160.95026660172513,161.39736126416986,156.92651131779735,159.60902404785156,585084,0.0,0.0
2023-05-16 00:00:00+08:00,161.39736628279238,162.29152801317855,159.16194814567297,160.9502716064453,487907,0.0,0.0
2023-05-17 00:00:00+08:00,160.95027796411415,162.73861530668128,160.503197081261,162.29153442382812,328983,0.0,0.0
2023-05-18 00:00:00+08:00,165.42110207614434,165.42110207614434,162.29150876859308,163.18568420410156,402878,0.0,0.0
2023-05-19 00:00:00+08:00,165.42110722604133,167.20944434158056,164.0798509365987,164.5269317626953,665052,0.0,0.0
2023-05-22 00:00:00+08:00,165.4211137363861,165.86819458007812,164.07985739415673,165.86819458007812,303677,0.0,0.0
2023-05-23 00:00:00+08:00,166.7623598842467,173.4686279296875,164.52694180615094,173.4686279296875,1380718,0.0,0.0
2023-05-24 00:00:00+08:00,172.57446716415066,177.04530334472656,170.78612992968957,177.04530334472656,1308847,0.0,0.0
2023-05-25 00:00:00+08:00,177.04529535273812,186.43406195705288,172.12736472718163,185.53988647460938,2708799,0.0,0.0
2023-05-26 00:00:00+08:00,190.45781595559666,194.0344902415702,186.88114166962313,191.799072265625,2233038,0.0,0.0
2023-05-29 00:00:00+08:00,193.58741448004278,195.3757516698788,189.5636454445467,193.14031982421875,1296700,0.0,0.0
2023-05-30 00:00:00+08:00,195.37574768066406,195.37574768066406,191.7990733740211,195.37574768066406,558765,0.0,0.0
2023-05-31 00:00:00+08:00,196.7169903724378,208.7882696215073,195.3757478645491,205.65867614746094,2388925,0.0,0.0
2023-06-01 00:00:00+08:00,208.7882679085957,209.23534874089071,196.7169887585597,205.2115936279297,1702615,0.0,0.0
2023-06-02 00:00:00+08:00,205.65869055172934,205.65869055172934,198.50534143069254,202.08201599121094,1149923,0.0,0.0
2023-06-05 00:00:00+08:00,205.65867782737732,207.44701499698994,201.1878418089224,206.1057586669922,725788,0.0,0.0
2023-06-06 00:00:00+08:00,206.99993246650268,207.89409413842847,200.29366468244706,205.65867614746094,804744,0.0,0.0
2023-06-07 00:00:00+08:00,205.65868260369598,209.68243787598573,203.87034539255015,206.99993896484375,485883,0.0,0.0
2023-06-08 00:00:00+08:00,208.3411861445377,212.3649415062422,200.29367542112865,201.18785095214844,1611512,0.0,0.0
2023-06-09 00:00:00+08:00,202.52909476686685,212.81203747494857,201.63493304154872,211.91786193847656,1100323,0.0,0.0
2023-06-12 00:00:00+08:00,211.9178492844006,212.81202476747947,204.31741982841922,205.65867614746094,632660,0.0,0.0
2023-06-13 00:00:00+08:00,210.12952180808574,223.54204418283263,210.12952180808574,218.17703247070312,2564046,0.0,0.0
2023-06-14 00:00:00+08:00,218.17701427303993,221.75368844947042,213.70617845807809,214.15325927734375,1234953,0.0,0.0
2023-06-15 00:00:00+08:00,216.38868206323016,221.75369344882816,213.25910244666264,215.0474395751953,944435,0.0,0.0
2023-06-16 00:00:00+08:00,215.94161467773986,217.28287106043004,205.65868590685844,207.89410400390625,1867613,0.0,0.0
2023-06-19 00:00:00+08:00,207.8940952363747,211.02368872694933,206.55283891024942,209.2353515625,301652,0.0,0.0
2023-06-20 00:00:00+08:00,209.68243956350955,210.12952041710574,205.65868425883664,207.447021484375,484870,0.0,0.0
2023-06-21 00:00:00+08:00,207.44701771754072,214.15327183317183,207.44701771754072,210.1295166015625,600268,0.0,0.0
2023-06-26 00:00:00+08:00,207.8940892500674,208.34117007551774,201.18783543485372,204.76449584960938,938361,0.0,0.0
2023-06-27 00:00:00+08:00,203.42325589168001,203.42325589168001,193.1403139121003,198.5053253173828,1545716,0.0,0.0
2023-06-28 00:00:00+08:00,200.74074705575646,202.08200338507004,195.3757493608085,195.8228302001953,483858,0.0,0.0
2023-06-29 00:00:00+08:00,197.61116365541218,199.84658162149168,195.82282652031802,198.5053253173828,513214,0.0,0.0
2023-06-30 00:00:00+08:00,198.95241621027935,207.447021484375,198.05825450308697,207.447021484375,1088175,0.0,0.0
2023-07-03 00:00:00+08:00,212.4987231365179,216.25145996895088,208.27689420003077,214.37509155273438,1051000,8.075424,0.0
2023-07-04 00:00:00+08:00,215.78237350905658,215.78237350905658,208.27689964787203,210.6223602294922,927000,0.0,0.0
2023-07-05 00:00:00+08:00,211.56053161621094,213.90599205541503,208.74597908916598,211.56053161621094,423000,0.0,0.0
2023-07-06 00:00:00+08:00,217.65873030496593,230.7933088578518,217.18963821379143,223.75692749023438,3304000,0.0,0.0
2023-07-07 00:00:00+08:00,226.10238999076512,226.57148208618165,213.43690341451892,215.78236389160156,1817000,0.0,0.0
2023-07-10 00:00:00+08:00,224.69512378606464,236.89151881411826,224.22603166960104,228.44786071777344,2549000,0.0,0.0
2023-07-11 00:00:00+08:00,232.2005861455744,235.95332289136147,226.57148102689382,227.0405731201172,1847000,0.0,0.0
2023-07-12 00:00:00+08:00,230.79332130009143,236.89151881411826,227.04058436838264,228.44786071777344,1956000,0.0,0.0
2023-07-13 00:00:00+08:00,232.6696832375448,232.6696832375448,226.57148589462528,228.9169464111328,1010000,0.0,0.0
2023-07-14 00:00:00+08:00,239.23696494201405,239.23696494201405,220.9423735052718,226.10238647460938,1625000,0.0,0.0
2023-07-17 00:00:00+08:00,227.9787543910718,233.60785943776492,225.1642018677252,231.7314910888672,1042000,0.0,0.0
2023-07-18 00:00:00+08:00,233.60787399887306,235.95333458119106,226.10240013545544,228.44786071777344,922000,0.0,0.0
2023-07-19 00:00:00+08:00,229.38604028101463,242.0515271676964,229.38604028101463,235.48423767089844,2265000,0.0,0.0
2023-07-20 00:00:00+08:00,236.42241498458486,236.42241498458486,226.10238893367043,227.0405731201172,1797000,0.0,0.0
2023-07-21 00:00:00+08:00,223.28784743667384,229.85513706716424,219.06601838850142,228.44786071777344,760000,0.0,0.0
2023-07-24 00:00:00+08:00,227.0405811006554,227.0405811006554,220.00419945497393,224.2260284423828,703000,0.0,0.0
2023-07-25 00:00:00+08:00,224.69512378606464,231.26241341655503,224.69512378606464,228.44786071777344,650000,0.0,0.0
2023-07-26 00:00:00+08:00,228.91694864649682,230.32422497014332,220.47329070461782,220.9423828125,840000,0.0,0.0
2023-07-27 00:00:00+08:00,222.34965365415826,229.3860350989101,222.34965365415826,224.6951141357422,581000,0.0,0.0
2023-07-28 00:00:00+08:00,228.4478548289252,246.74244689941406,226.10239430706764,246.74244689941406,4750000,0.0,0.0
2023-07-31 00:00:00+08:00,244.8660702424891,262.69156960880053,236.4224126479205,255.18609619140625,7282000,0.0,0.0
2023-08-01 00:00:00+08:00,269.25887888012124,280.51708984375,268.3206946331522,280.51708984375,3209000,0.0,0.0
2023-08-02 00:00:00+08:00,279.5788864107433,279.5788864107433,252.84063720703125,252.84063720703125,4134000,0.0,0.0
2023-08-04 00:00:00+08:00,243.9278949188351,250.49518439741914,235.4842370177985,241.11334228515625,3158000,0.0,0.0
2023-08-07 00:00:00+08:00,246.74245100971518,260.34612226310253,243.92789833660055,254.2479248046875,3405000,0.0,0.0
2023-08-08 00:00:00+08:00,253.30973452096308,266.444313347976,250.4951819151746,263.6297607421875,3887000,0.0,0.0
2023-08-09 00:00:00+08:00,263.62977197697734,270.19706167035395,259.40794288837805,265.03704833984375,2688000,0.0,0.0
2023-08-10 00:00:00+08:00,258.93884668890036,261.75339937030145,244.39699116832807,248.6188201904297,1957000,0.0,0.0
2023-08-11 00:00:00+08:00,249.55698696402618,267.3824860328852,249.55698696402618,262.22247314453125,3232000,0.0,0.0
2023-08-14 00:00:00+08:00,258.9388491981908,270.6661521510074,258.4697570800781,267.38250732421875,3465000,0.0,0.0
2023-08-15 00:00:00+08:00,276.7643334038069,284.26980685204575,270.1970441365979,273.0115966796875,5177000,0.0,0.0
2023-08-16 00:00:00+08:00,266.9133989730483,273.4806882272182,262.69157016679617,264.0988464355469,1759000,0.0,0.0
2023-08-17 00:00:00+08:00,265.0370311409337,275.3570571322621,260.8152023262994,273.0115966796875,2564000,0.0,0.0
2023-08-18 00:00:00+08:00,270.19705015569394,272.0734185595529,261.28430023736377,263.6297607421875,1470000,0.0,0.0
2023-08-21 00:00:00+08:00,267.38248815087127,273.94977733352425,264.56793564402,268.7897644042969,1615000,0.0,0.0
2023-08-22 00:00:00+08:00,271.6043412477713,274.8879861333229,269.2588806152344,269.2588806152344,972000,0.0,0.0
2023-08-23 00:00:00+08:00,271.6043317681117,287.55346351269856,270.6661475478419,283.3316345214844,3630000,0.0,0.0
2023-08-24 00:00:00+08:00,284.73891885469953,300.68805104754927,277.70253700491287,289.4298400878906,3714000,0.0,0.0
2023-08-25 00:00:00+08:00,281.9243405364281,291.7752742323765,281.9243405364281,282.3934326171875,1365000,0.0,0.0
2023-08-28 00:00:00+08:00,287.55346840306333,290.3680211117393,277.7025339226974,285.2080078125,1263000,0.0,0.0
2023-08-29 00:00:00+08:00,287.084352730943,296.9352864030832,285.67707649206585,293.6516418457031,1906000,0.0,0.0
2023-08-30 00:00:00+08:00,300.6880443782868,307.7244260720065,289.89892578125,289.89892578125,2461000,0.0,0.0
2023-08-31 00:00:00+08:00,290.83710668905223,296.9353040873711,285.2080013982964,285.6770935058594,1189000,0.0,0.0
2023-09-01 00:00:00+08:00,289.89892226396984,289.89892226396984,276.76434326171875,276.76434326171875,955000,0.0,0.0
2023-09-04 00:00:00+08:00,279.5788864668911,282.3934390152155,274.8879655530171,281.9243469238281,783000,0.0,0.0
2023-09-05 00:00:00+08:00,277.70252145235656,287.08436339331456,277.70252145235656,286.14617919921875,602000,0.0,0.0
2023-09-06 00:00:00+08:00,287.55346998601095,294.58985179643537,285.20800938253615,291.7752990722656,862000,0.0,0.0
2023-09-07 00:00:00+08:00,289.89891597560194,298.3425737224642,285.67708710217084,286.14617919921875,969000,0.0,0.0
2023-09-08 00:00:00+08:00,289.42982038602656,292.71346502573834,281.9243469238281,281.9243469238281,1032000,0.0,0.0
2023-09-11 00:00:00+08:00,283.80072465084896,284.2698167577099,266.44431669699543,267.8515930175781,1837000,0.0,0.0
2023-09-12 00:00:00+08:00,270.19703706781917,270.6661291460619,260.8151955029643,264.56793212890625,1025000,0.0,0.0
2023-09-13 00:00:00+08:00,268.7897608330909,268.7897608330909,262.6915638159353,264.56793212890625,493000,0.0,0.0
2023-09-14 00:00:00+08:00,266.91339606639605,274.88796150247464,265.9752118974456,268.7897644042969,1469000,0.0,0.0
2023-09-15 00:00:00+08:00,270.19705661900366,273.0116092921183,253.30974058031595,254.2479248046875,3554000,0.0,0.0
2023-09-18 00:00:00+08:00,248.6188146881898,254.24791992641295,247.68063048181926,252.37155151367188,1245000,0.0,0.0
2023-09-19 00:00:00+08:00,252.37154659885593,257.53155963340504,250.49517822265625,250.49517822265625,802000,0.0,0.0
2023-09-20 00:00:00+08:00,250.9642733508394,252.37154965000298,244.86607605446386,245.80426025390625,1048000,0.0,0.0
2023-09-21 00:00:00+08:00,243.9278998061957,244.39699192120761,237.82970231104082,242.98971557617188,1544000,0.0,0.0
2023-09-22 00:00:00+08:00,242.0515234561367,246.27335235362744,240.1751550572519,245.80426025390625,800000,0.0,0.0
2023-09-25 00:00:00+08:00,248.61880786602313,249.55699204664964,243.92788696289062,243.92788696289062,615000,0.0,0.0
2023-09-26 00:00:00+08:00,243.92788696289062,247.68062368539665,240.64424233069786,243.92788696289062,536000,0.0,0.0
2023-09-27 00:00:00+08:00,243.9278949188351,244.86607913006142,240.17515807392996,241.11334228515625,422000,0.0,0.0
2023-09-28 00:00:00+08:00,242.52061167070943,248.14971677718623,242.52061167070943,247.21153259277344,443000,0.0,0.0
2023-10-02 00:00:00+08:00,249.5570036828298,256.59338536561637,249.5570036828298,254.2479248046875,1062000,0.0,0.0
2023-10-03 00:00:00+08:00,253.30972979145665,254.24791397586944,246.74244050056703,247.21153259277344,729000,0.0,0.0
2023-10-04 00:00:00+08:00,242.05152252610463,243.92789091777985,241.113338330267,242.52061462402344,334000,0.0,0.0
2023-10-05 00:00:00+08:00,243.9278865039797,250.02608366657918,243.9278865039797,249.55699157714844,404000,0.0,0.0
2023-10-06 00:00:00+08:00,248.61880695118623,259.4079249886905,247.2115306854248,255.18609619140625,1221000,0.0,0.0
2023-10-11 00:00:00+08:00,256.59337950740604,259.8770242177385,249.08790588378906,249.08790588378906,936000,0.0,0.0
2023-10-12 00:00:00+08:00,250.49518310093083,256.124288339154,250.49518310093083,252.37155151367188,450000,0.0,0.0
2023-10-13 00:00:00+08:00,249.0879089882644,251.9024616321996,244.39698791503906,244.39698791503906,708000,0.0,0.0
2023-10-16 00:00:00+08:00,241.11333387911677,242.9897022361527,232.6696762724551,235.01513671875,1684000,0.0,0.0
2023-10-17 00:00:00+08:00,236.42241943359375,242.0515246582031,233.60786682128904,234.54605102539062,731000,0.0,0.0
2023-10-18 00:00:00+08:00,233.60786494502315,233.60786494502315,226.57148347077546,227.978759765625,879000,0.0,0.0
2023-10-19 00:00:00+08:00,227.04057065085257,227.97875482709574,221.41146559339342,226.10238647460938,1174000,0.0,0.0
2023-10-20 00:00:00+08:00,226.1023993174235,228.91695200602214,217.18964913686116,225.16421508789062,1045000,0.0,0.0
2023-10-23 00:00:00+08:00,223.756935459793,226.10239599920382,220.00419859673568,220.9423828125,600000,0.0,0.0
2023-10-24 00:00:00+08:00,222.34965607133577,225.63330078125,220.9423797670868,225.63330078125,346000,0.0,0.0
2023-10-25 00:00:00+08:00,226.10239847517923,228.44785904027444,221.8805694580078,221.8805694580078,407000,0.0,0.0
2023-10-26 00:00:00+08:00,217.65873785778484,218.59692207268907,210.15326413855087,212.02963256835938,1528000,0.0,0.0
2023-10-27 00:00:00+08:00,213.90599853515624,214.37509063720702,209.2150775146484,211.09144592285156,931000,0.0,0.0
2023-10-30 00:00:00+08:00,214.8441812033182,218.1278258941986,212.96781280852937,213.43690490722656,587000,0.0,0.0
2023-10-31 00:00:00+08:00,209.21507419493142,211.0914425733613,192.3277587890625,192.3277587890625,4519000,0.0,0.0
2023-11-01 00:00:00+08:00,192.3277548727631,194.67321529804073,186.69864985209688,193.7350311279297,2197000,0.0,0.0
2023-11-02 00:00:00+08:00,195.6114024500693,208.27688893964213,195.1423103578629,203.58596801757812,2364000,0.0,0.0
2023-11-03 00:00:00+08:00,206.4005180641457,208.7459784966928,200.77141302603263,202.6477813720703,1048000,0.0,0.0
2023-11-06 00:00:00+08:00,204.9932452697062,208.74598202521568,204.9932452697062,206.86961364746094,863000,0.0,0.0
2023-11-07 00:00:00+08:00,205.93142945858355,208.74598202521568,202.64778479751277,206.86961364746094,764000,0.0,0.0
2023-11-08 00:00:00+08:00,208.27689798289333,209.21508220804148,202.64779263200433,204.05506896972656,756000,0.0,0.0
2023-11-09 00:00:00+08:00,201.70960357736823,203.11687988139636,199.36414307065462,202.17869567871094,745000,0.0,0.0
2023-11-10 00:00:00+08:00,202.17869074729902,204.52415119680364,199.8332302977944,200.3023223876953,438000,0.0,0.0
2023-11-13 00:00:00+08:00,204.52415119680364,205.4623353766055,200.3023223876953,200.3023223876953,578000,0.0,0.0
2023-11-14 00:00:00+08:00,200.30232727334007,202.64778778005365,196.54959046259833,202.17869567871094,646000,0.0,0.0
2023-11-15 00:00:00+08:00,203.5859704673837,208.74598354374598,203.1168783695326,204.52415466308594,1073000,0.0,0.0
2023-11-16 00:00:00+08:00,204.52415220199092,206.40052057081652,201.70959964875252,203.58596801757812,580000,0.0,0.0
2023-11-17 00:00:00+08:00,205.46233593442903,223.75692749023438,205.46233593442903,223.75692749023438,3836000,0.0,0.0
2023-11-20 00:00:00+08:00,222.34964918626824,222.34964918626824,214.84417579601444,217.18963623046875,1709000,0.0,0.0
2023-11-21 00:00:00+08:00,218.12782287597656,221.88055961362775,216.25145450715095,218.12782287597656,1514000,0.0,0.0
2023-11-22 00:00:00+08:00,218.12783415557422,234.54605823180026,217.18964992264702,228.44786071777344,3674000,0.0,0.0
2023-11-23 00:00:00+08:00,228.4478598912557,230.7933204650879,221.4114781697591,225.16421508789062,1488000,0.0,0.0
2023-11-24 00:00:00+08:00,227.9787603450727,227.9787603450727,220.9423788529408,222.3496551513672,520000,0.0,0.0
2023-11-27 00:00:00+08:00,222.34965574586545,225.16420835024348,216.2514584363797,216.72055053710938,767000,0.0,0.0
2023-11-28 00:00:00+08:00,219.06600706038935,220.00419124480217,213.90599404611893,218.12782287597656,652000,0.0,0.0
2023-11-29 00:00:00+08:00,220.00419222298314,226.10238944878012,218.59691594010692,221.41146850585938,727000,0.0,0.0
2023-11-30 00:00:00+08:00,221.8805591255364,226.10238794610683,221.8805591255364,223.75692749023438,841000,0.0,0.0
2023-12-01 00:00:00+08:00,225.16420867983368,226.57148498408264,220.9423797670868,225.63330078125,876000,0.0,0.0
2023-12-04 00:00:00+08:00,227.04057708549897,231.73149809966216,225.16420867983368,225.63330078125,1448000,0.0,0.0
2023-12-05 00:00:00+08:00,224.69511469120133,224.69511469120133,217.65873322905514,219.06600952148438,959000,0.0,0.0
2023-12-06 00:00:00+08:00,222.34965170583416,222.34965170583416,218.12782287597656,218.12782287597656,518000,0.0,0.0
2023-12-07 00:00:00+08:00,216.72054560632165,220.47328232677745,214.3750851560368,214.84417724609375,539000,0.0,0.0
2023-12-08 00:00:00+08:00,224.6951156487445,232.66968133982726,222.3496551513672,222.3496551513672,2018000,0.0,0.0
2023-12-11 00:00:00+08:00,223.28783439473904,226.57147901819107,219.53509768222239,220.47328186035156,792000,0.0,0.0
2023-12-12 00:00:00+08:00,223.2878383987721,223.75693049624851,219.06600952148438,219.06600952148438,459000,0.0,0.0
2023-12-13 00:00:00+08:00,221.88056613659035,222.8187503485844,217.6587371826172,217.6587371826172,659000,0.0,0.0
2023-12-14 00:00:00+08:00,220.473291564686,227.0405811006554,219.0660152355497,224.2260284423828,1409000,0.0,0.0
2023-12-15 00:00:00+08:00,227.04058196077642,229.85513462971167,222.81875295737356,227.50967407226562,1572000,0.0,0.0
2023-12-18 00:00:00+08:00,226.1023944245667,230.79331547071953,220.00419706456802,223.287841796875,1343000,0.0,0.0
2023-12-19 00:00:00+08:00,224.22602509130547,225.16420929670844,218.59691985888776,220.0041961669922,789000,0.0,0.0
2023-12-20 00:00:00+08:00,221.41147403059333,222.8187503485844,216.25146086462613,217.6587371826172,920000,0.0,0.0
2023-12-21 00:00:00+08:00,215.78237189070245,215.78237189070245,211.0914507626437,212.9678192138672,1215000,0.0,0.0
2023-12-22 00:00:00+08:00,213.9060018701491,218.59692296379274,213.43690976078474,215.3132781982422,569000,0.0,0.0
2023-12-25 00:00:00+08:00,216.72054310848839,217.65872727778918,213.90599060058594,213.90599060058594,264000,0.0,0.0
2023-12-26 00:00:00+08:00,214.8441797007685,216.2514559870181,213.43690341451892,215.78236389160156,251000,0.0,0.0
2023-12-27 00:00:00+08:00,216.72055695837852,217.18964907300705,215.31328061449295,216.25146484375,208000,0.0,0.0
2023-12-28 00:00:00+08:00,215.7823614262077,217.6587297864356,214.84417724609375,214.84417724609375,263000,0.0,0.0
2023-12-29 00:00:00+08:00,214.84417823053175,218.59691496818294,214.37508613832534,218.12782287597656,408000,0.0,0.0
2024-01-02 00:00:00+08:00,218.12782287597656,219.06600706038935,216.72054659935736,218.12782287597656,257000,0.0,0.0
2024-01-03 00:00:00+08:00,218.12782838516736,218.12782838516736,212.967815240572,214.37509155273438,296000,0.0,0.0
2024-01-04 00:00:00+08:00,214.37509544635643,215.78237178407866,202.17870051943024,204.05506896972656,1422000,0.0,0.0
2024-01-05 00:00:00+08:00,204.0550674091686,208.74598849903455,204.0550674091686,206.40052795410156,317000,0.0,0.0
2024-01-08 00:00:00+08:00,208.27688798529613,217.6587297864356,208.27688798529613,214.84417724609375,1032000,0.0,0.0
2024-01-09 00:00:00+08:00,220.00419076083838,225.63329585493236,218.1278223961404,223.75692749023438,2301000,0.0,0.0
2024-01-10 00:00:00+08:00,223.75693144979357,227.9787603450727,220.9423788529408,222.3496551513672,1278000,0.0,0.0
2024-01-11 00:00:00+08:00,223.75692749023438,223.75692749023438,220.4732828520129,223.75692749023438,491000,0.0,0.0
2024-01-12 00:00:00+08:00,221.8805581275453,222.81874230567445,219.06600559315783,220.47328186035156,548000,0.0,0.0
2024-01-15 00:00:00+08:00,222.3496503087575,239.23696552208085,220.47328195172156,235.01513671875,2855726,0.0,0.0
2024-01-16 00:00:00+08:00,232.20059475052022,258.46975294451846,232.20059475052022,250.9642791748047,9787000,0.0,0.0
2024-01-17 00:00:00+08:00,252.37154308500746,253.77881934756326,242.52060924711682,246.27334594726562,5300000,0.0,0.0
2024-01-18 00:00:00+08:00,247.6806241733821,254.24791345070665,235.01513770997053,238.2987823486328,6136000,0.0,0.0
2024-01-19 00:00:00+08:00,245.80426493047028,250.0260939082837,238.76788330078125,238.76788330078125,3473000,0.0,0.0
2024-01-22 00:00:00+08:00,240.17515807392996,242.05152649638254,237.3606054402511,241.11334228515625,1668000,0.0,0.0
2024-01-23 00:00:00+08:00,241.1133348960576,241.58242698729507,236.42241398368293,238.2987823486328,1208000,0.0,0.0
2024-01-24 00:00:00+08:00,240.1751571745562,245.33517031697832,237.82969665527344,237.82969665527344,1297000,0.0,0.0
2024-01-25 00:00:00+08:00,241.58243506078227,241.58243506078227,229.85513238792876,235.48423767089844,2018000,0.0,0.0
2024-01-26 00:00:00+08:00,233.6078619187878,237.360598656439,232.669677734375,232.669677734375,567000,0.0,0.0
2024-01-29 00:00:00+08:00,235.48423315524133,242.52061462402344,232.66968056772848,242.52061462402344,1754000,0.0,0.0
2024-01-30 00:00:00+08:00,243.92789337217005,245.3351696800864,239.23697234578216,243.45880126953125,1685000,0.0,0.0
2024-01-31 00:00:00+08:00,242.98971388075088,243.45880599248977,236.42242431640625,236.42242431640625,1007000,0.0,0.0
2024-02-01 00:00:00+08:00,236.422416417739,241.1133373784084,236.422416417739,239.23696899414062,639000,0.0,0.0
2024-02-02 00:00:00+08:00,241.1133368481165,247.2115340835747,238.298784277905,244.86607360839844,2324000,0.0,0.0
2024-02-05 00:00:00+08:00,245.8042674204608,246.27335953385864,236.8915172659021,239.70606994628906,1554000,0.0,0.0
2024-02-15 00:00:00+08:00,242.9897037629158,247.68062468497982,233.6078619187878,247.21153259277344,2935000,0.0,0.0
2024-02-16 00:00:00+08:00,250.9642645770462,266.91339540998,250.02608041040304,259.87701416015625,6266000,0.0,0.0
2024-02-19 00:00:00+08:00,261.7533796594498,271.13522122430464,253.77881432932318,264.56793212890625,3502000,0.0,0.0
2024-02-20 00:00:00+08:00,262.69156666008575,263.6297508267289,256.12427749358363,259.87701416015625,2105000,0.0,0.0
2024-02-21 00:00:00+08:00,259.87703506413834,261.75340354835595,256.1242980957031,256.1242980957031,1281000,0.0,0.0
2024-02-22 00:00:00+08:00,259.87701908234624,268.3206767420615,254.24791397586944,261.7533874511719,2974000,0.0,0.0
2024-02-23 00:00:00+08:00,266.44432634626116,278.1716294424875,262.2224972316197,262.69158935546875,5110000,0.0,0.0
2024-02-26 00:00:00+08:00,264.0988509463568,265.0370351415481,257.0624694824219,257.0624694824219,1495000,0.0,0.0
2024-02-27 00:00:00+08:00,256.12429080539283,259.8770276670103,248.14972497445567,253.3097381591797,1601000,0.0,0.0
2024-02-29 00:00:00+08:00,253.30974058031595,254.71701691687326,250.9642800193871,254.2479248046875,788000,0.0,0.0
2024-03-01 00:00:00+08:00,256.1242901345958,263.6297638381737,254.2479217087013,258.9388427734375,1510000,0.0,0.0
2024-03-04 00:00:00+08:00,267.3824831890515,276.76432470445684,263.62974658288937,266.91339111328125,4555000,0.0,0.0
2024-03-05 00:00:00+08:00,270.1970441365979,274.8879650417472,262.6915706883591,273.0115966796875,2935000,0.0,0.0
2024-03-06 00:00:00+08:00,272.07340613442057,273.949774452589,265.9752091003732,273.4806823730469,1680000,0.0,0.0
2024-03-07 00:00:00+08:00,274.8879665328477,278.171611184264,266.4443088577773,270.6661376953125,2213000,0.0,0.0
2024-03-08 00:00:00+08:00,279.5788938018963,288.491643772091,259.87702544672914,261.2843017578125,6189000,0.0,0.0
2024-03-11 00:00:00+08:00,260.34612394922925,268.3206899080345,259.87703183400544,260.8152160644531,1113000,0.0,0.0
2024-03-12 00:00:00+08:00,261.2842875812071,269.2588529113337,259.8770113464788,264.56793212890625,1276000,0.0,0.0
2024-03-13 00:00:00+08:00,267.38250139024524,267.8515934979474,253.3097381591797,253.3097381591797,1985000,0.0,0.0
2024-03-14 00:00:00+08:00,253.30972979145665,255.65519025248864,246.74244050056703,247.21153259277344,981000,0.0,0.0
2024-03-15 00:00:00+08:00,246.74243950477015,251.43336040790265,243.92788696289062,243.92788696289062,885000,0.0,0.0
2024-03-18 00:00:00+08:00,243.92788696289062,243.92788696289062,243.92788696289062,243.92788696289062,0,0.0,0.0
2024-03-19 00:00:00+08:00,249.5569901279897,253.3097268216437,247.21152969445598,251.90245056152344,676000,0.0,0.0
2024-03-20 00:00:00+08:00,251.90245056152344,251.90245056152344,251.90245056152344,251.90245056152344,0,0.0,0.0
2024-03-21 00:00:00+08:00,250.96426739412195,255.6551882799934,250.49517530553481,255.18609619140625,1123000,0.0,0.0
2024-03-22 00:00:00+08:00,255.18610902905903,258.9388459265452,252.84064846813018,254.2479248046875,584000,0.0,0.0
2024-03-25 00:00:00+08:00,254.2479248046875,254.2479248046875,254.2479248046875,254.2479248046875,0,0.0,0.0
2024-03-26 00:00:00+08:00,254.2479248046875,254.2479248046875,254.2479248046875,254.2479248046875,0,0.0,0.0
2024-03-27 00:00:00+08:00,265.5061388517681,265.5061388517681,258.00066496196547,258.4697570800781,609000,0.0,0.0
2024-03-28 00:00:00+08:00,259.8770276670103,259.8770276670103,253.3097381591797,253.3097381591797,684000,0.0,0.0
2024-03-29 00:00:00+08:00,250.4951855129666,254.24792237458408,250.4951855129666,253.3097381591797,399000,0.0,0.0
2024-04-01 00:00:00+08:00,255.18611537388395,265.037049974714,252.37156263078964,262.69158935546875,1566000,0.0,0.0
2024-04-02 00:00:00+08:00,264.56795309047504,279.57890078355166,262.22249251343186,278.6407165527344,4035000,0.0,0.0
2024-04-03 00:00:00+08:00,278.6406973834014,284.7388944641829,273.48068446889397,280.0479736328125,2945000,0.0,0.0
2024-04-08 00:00:00+08:00,286.1461692632631,286.1461692632631,273.9497751635175,282.3934326171875,2007000,0.0,0.0
2024-04-09 00:00:00+08:00,289.4298219104741,295.52801913062996,278.1716116578787,279.5788879394531,3443000,0.0,0.0
2024-04-10 00:00:00+08:00,283.8007217407226,286.14618225097655,278.17161651611326,281.45526123046875,1307000,0.0,0.0
2024-04-11 00:00:00+08:00,281.45526924518623,284.73891405304676,277.7025323219171,278.6407165527344,887000,0.0,0.0
2024-04-12 00:00:00+08:00,281.92435362882105,291.77528778224075,279.1098010135583,290.3680114746094,2296000,0.0,0.0
2024-04-15 00:00:00+08:00,288.022560521176,292.71348170230266,284.2698235762747,285.2080078125,1742000,0.0,0.0
2024-04-16 00:00:00+08:00,282.39344391625775,285.20799651342975,273.4806940252131,283.80072021484375,1694000,0.0,0.0
2024-04-17 00:00:00+08:00,284.26981588788504,304.44077642118384,284.26981588788504,296.935302734375,4595000,0.0,0.0
2024-04-18 00:00:00+08:00,294.58985179643537,306.7862469345044,291.7752990722656,291.7752990722656,3987000,0.0,0.0
2024-04-19 00:00:00+08:00,282.86254559141213,287.08437463008994,270.19705847537875,278.6407165527344,2828000,0.0,0.0
2024-04-22 00:00:00+08:00,279.5789058140346,281.4552743094308,262.69158935546875,262.69158935546875,1777000,0.0,0.0
2024-04-23 00:00:00+08:00,266.9134182626986,282.86255046117265,265.506141892245,280.51708984375,2175000,0.0,0.0
2024-04-24 00:00:00+08:00,289.89892899362667,294.5898501747533,281.92436298571135,285.2080078125,2390000,0.0,0.0
2024-04-25 00:00:00+08:00,285.67709329896053,289.42983015674656,276.76434326171875,276.76434326171875,1252000,0.0,0.0
2024-04-26 00:00:00+08:00,283.3316377068208,287.08437463008994,277.7025323219171,278.6407165527344,1103000,0.0,0.0
2024-04-29 00:00:00+08:00,280.98615924732104,283.33161967509506,277.7025146484375,277.7025146484375,873000,0.0,0.0
2024-04-30 00:00:00+08:00,277.70250966597575,279.1097858973912,270.6661285088987,275.8261413574219,622000,0.0,0.0
2024-05-02 00:00:00+08:00,272.5425142967095,278.64071169061174,270.19705376059323,276.76434326171875,608000,0.0,0.0
2024-05-03 00:00:00+08:00,279.57888943693155,283.8007183042678,277.2334289550781,277.2334289550781,728000,0.0,0.0
2024-05-06 00:00:00+08:00,272.07341138054346,273.4806876463049,253.3097278370577,255.18609619140625,3489000,0.0,0.0
2024-05-07 00:00:00+08:00,255.18610477810122,257.5315652999588,242.05152585569897,246.74244689941406,3217000,0.0,0.0
2024-05-08 00:00:00+08:00,246.2733556808271,250.9642767414143,242.9897109384161,250.02609252929688,728000,0.0,0.0
2024-05-09 00:00:00+08:00,250.49517723821825,253.30972979145665,247.21153259277344,247.21153259277344,723000,0.0,0.0
2024-05-10 00:00:00+08:00,249.5569910120081,249.5569910120081,240.6442413330078,240.6442413330078,1239000,0.0,0.0
2024-05-13 00:00:00+08:00,240.64425332205636,242.05152965727308,235.48424009292845,236.42242431640625,955000,0.0,0.0
2024-05-14 00:00:00+08:00,238.29879204801813,242.98971315132556,236.42242360669513,242.05152893066406,768000,0.0,0.0
2024-05-15 00:00:00+08:00,245.33516422394783,250.02608514601184,243.92788794732863,247.21153259277344,994000,0.0,0.0
2024-05-16 00:00:00+08:00,247.2115422899478,251.43337128541182,247.2115422899478,250.9642791748047,688000,0.0,0.0
2024-05-17 00:00:00+08:00,250.96427127746472,254.71700804423054,249.0879028940818,253.77882385253906,693000,0.0,0.0
2024-05-20 00:00:00+08:00,253.77883343966502,253.77883343966502,248.6188201904297,248.6188201904297,487000,0.0,0.0
2024-05-21 00:00:00+08:00,248.61881531690008,249.5569995256431,243.927894273185,246.74244689941406,699000,0.0,0.0
2024-05-22 00:00:00+08:00,247.680628079087,252.840641164068,247.21153598045237,251.43336486816406,420000,0.0,0.0
2024-05-23 00:00:00+08:00,253.30972499365413,263.16065874340734,246.74243582715198,259.87701416015625,1731000,0.0,0.0
2024-05-24 00:00:00+08:00,257.5315671284994,258.46975134390374,252.37155394377533,253.3097381591797,1120000,0.0,0.0
2024-05-27 00:00:00+08:00,257.5315759931292,265.9752342224121,257.5315759931292,262.69158935546875,2045000,0.0,0.0
2024-05-28 00:00:00+08:00,265.03704015759456,266.4443164770154,258.00065856049025,258.9388427734375,795000,0.0,0.0
2024-05-29 00:00:00+08:00,260.81520475142685,260.81520475142685,257.5315600872902,259.4079284667969,485000,0.0,0.0
2024-05-30 00:00:00+08:00,258.4697473009647,258.4697473009647,254.71701049804688,254.71701049804688,384000,0.0,0.0
2024-05-31 00:00:00+08:00,254.71700124361885,259.87701416015625,253.7788170769757,259.87701416015625,1537000,0.0,0.0
2024-06-03 00:00:00+08:00,258.0006601169733,259.407936444884,255.65519957045532,256.5933837890625,358000,0.0,0.0
2024-06-04 00:00:00+08:00,257.5315744588663,260.34612718519276,255.65520597464874,256.1242980957031,245000,0.0,0.0
2024-06-05 00:00:00+08:00,257.0624709998705,257.0624709998705,252.37154999622322,254.71701049804688,420000,0.0,0.0
2024-06-06 00:00:00+08:00,258.46975870097515,260.8152193062472,255.18611385359432,256.1242980957031,550000,0.0,0.0
2024-06-07 00:00:00+08:00,257.06248233781196,259.87703506413834,253.3097453693767,256.1242980957031,591000,0.0,0.0
2024-06-11 00:00:00+08:00,258.00065923620156,258.46975134390374,251.43336972837096,253.3097381591797,465000,0.0,0.0
2024-06-12 00:00:00+08:00,252.84065324832233,256.1242980957031,251.43337688515913,256.1242980957031,379000,0.0,0.0
2024-06-13 00:00:00+08:00,258.0006601169733,258.46975222627685,255.18610746115172,256.5933837890625,648000,0.0,0.0
2024-06-14 00:00:00+08:00,257.5315606193049,258.46974481099636,253.77882385253906,253.77882385253906,450000,0.0,0.0
2024-06-17 00:00:00+08:00,254.2479042746804,259.8770091663707,254.2479042746804,258.0006408691406,542000,0.0,0.0
2024-06-18 00:00:00+08:00,259.87703506413834,259.87703506413834,255.65520597464874,256.1242980957031,355000,0.0,0.0
2024-06-19 00:00:00+08:00,257.06247345810635,258.0006576678075,255.18610503870414,255.6551971435547,377000,0.0,0.0
2024-06-20 00:00:00+08:00,255.65520597464874,258.93885082202956,255.65520597464874,256.1242980957031,538000,0.0,0.0
2024-06-21 00:00:00+08:00,256.1242818460836,256.1242818460836,252.37154511573806,252.84063720703125,592000,0.0,0.0
2024-06-24 00:00:00+08:00,253.30973636061518,253.30973636061518,246.27335479504254,246.74244689941406,697000,0.0,0.0
2024-06-25 00:00:00+08:00,244.86606926092222,251.90245056152344,239.706056307148,251.90245056152344,714000,0.0,0.0
2024-06-26 00:00:00+08:00,254.71700410281912,257.531556634342,251.4333594827091,255.18609619140625,475000,0.0,0.0
2024-06-27 00:00:00+08:00,253.7788293777666,256.1242899080602,250.02609252929688,250.02609252929688,366000,0.0,0.0
2024-06-28 00:00:00+08:00,258.0006450930269,274.41886796258314,256.1242767650776,271.1352233886719,4037000,0.0,0.0
2024-07-01 00:00:00+08:00,275.8261492227771,282.393438489986,272.54250458917255,273.0115966796875,3386000,0.0,0.0
2024-07-02 00:00:00+08:00,271.6043379796694,277.7025355508883,271.13524585880646,273.9497985839844,1482000,0.0,0.0
2024-07-03 00:00:00+08:00,278.6407164996603,278.6407164996603,269.72796630859375,269.72796630859375,934000,0.0,0.0
2024-07-04 00:00:00+08:00,272.0734104640047,273.9497788120323,264.5679370718942,266.4443054199219,1173000,0.0,0.0
2024-07-05 00:00:00+08:00,271.1352489657989,278.6407229856134,270.6661568395605,278.171630859375,1871000,0.0,0.0
2024-07-08 00:00:00+08:00,278.64070987701416,279.5788940853543,269.7279598977831,270.1970520019531,1184000,0.0,0.0
2024-07-09 00:00:00+08:00,270.1970551291961,270.1970551291961,262.6915813756073,265.5061340332031,898000,0.0,0.0
2024-07-10 00:00:00+08:00,265.5061404607992,267.8516010655766,263.62977197697734,265.03704833984375,494000,0.0,0.0
2024-07-11 00:00:00+08:00,266.9134120546538,273.480701630691,265.9752278295057,272.07342529296875,1296000,0.0,0.0
2024-07-12 00:00:00+08:00,280.0,280.0,275.0,275.5,989000,17.926586,0.0
2024-07-15 00:00:00+08:00,276.0,280.5,275.0,276.0,322000,0.0,0.0
2024-07-16 00:00:00+08:00,276.5,278.5,274.0,274.0,333000,0.0,0.0
2024-07-17 00:00:00+08:00,274.5,276.0,273.5,273.5,223000,0.0,0.0
2024-07-18 00:00:00+08:00,270.0,270.5,264.0,270.5,608000,0.0,0.0
2024-07-19 00:00:00+08:00,270.5,270.5,264.0,265.0,373000,0.0,0.0
2024-07-22 00:00:00+08:00,265.0,265.0,250.5,253.0,659000,0.0,0.0
2024-07-23 00:00:00+08:00,255.0,263.0,255.0,263.0,358000,0.0,0.0
2024-07-26 00:00:00+08:00,255.0,259.5,252.0,259.5,271000,0.0,0.0
2024-07-29 00:00:00+08:00,259.5,270.0,258.0,265.0,754000,0.0,0.0
2024-07-30 00:00:00+08:00,260.5,273.0,260.5,270.5,720000,0.0,0.0
2024-07-31 00:00:00+08:00,270.0,275.0,265.5,266.0,356000,0.0,0.0
2024-08-01 00:00:00+08:00,272.0,272.0,263.5,267.5,371000,0.0,0.0
2024-08-02 00:00:00+08:00,264.5,267.5,262.0,265.5,411000,0.0,0.0
2024-08-05 00:00:00+08:00,260.0,260.0,239.0,239.5,752000,0.0,0.0
2024-08-06 00:00:00+08:00,245.0,253.5,226.5,243.0,787000,0.0,0.0
2024-08-07 00:00:00+08:00,244.5,256.5,244.5,252.5,541000,0.0,0.0
2024-08-08 00:00:00+08:00,248.5,256.0,246.5,251.0,296000,0.0,0.0
2024-08-09 00:00:00+08:00,260.5,275.0,257.0,269.5,1027000,0.0,0.0
2024-08-12 00:00:00+08:00,274.0,286.0,271.5,278.5,1347000,0.0,0.0
2024-08-13 00:00:00+08:00,280.5,284.0,276.5,279.5,708000,0.0,0.0
2024-08-14 00:00:00+08:00,283.5,287.0,277.5,277.5,1067000,0.0,0.0
2024-08-15 00:00:00+08:00,280.0,284.0,277.0,277.0,761000,0.0,0.0
2024-08-16 00:00:00+08:00,281.0,285.0,279.0,285.0,1521000,0.0,0.0
2024-08-19 00:00:00+08:00,283.5,284.0,277.5,280.0,1338000,0.0,0.0
2024-08-20 00:00:00+08:00,281.0,293.0,281.0,284.0,2457000,0.0,0.0
2024-08-21 00:00:00+08:00,286.0,291.5,284.5,289.0,2184000,0.0,0.0
2024-08-22 00:00:00+08:00,294.0,295.0,280.0,282.0,1862000,0.0,0.0
2024-08-23 00:00:00+08:00,281.5,294.0,278.0,292.5,2115000,0.0,0.0
2024-08-26 00:00:00+08:00,292.0,296.0,285.0,285.0,1352000,0.0,0.0
2024-08-27 00:00:00+08:00,287.0,294.0,286.5,293.5,1511000,0.0,0.0
2024-08-28 00:00:00+08:00,292.0,296.0,291.0,291.0,1457000,0.0,0.0
2024-08-29 00:00:00+08:00,290.0,294.5,289.0,290.5,960000,0.0,0.0
2024-08-30 00:00:00+08:00,293.0,293.0,284.5,286.0,1399000,0.0,0.0
2024-09-02 00:00:00+08:00,289.0,292.5,287.0,287.5,579000,0.0,0.0
2024-09-03 00:00:00+08:00,287.5,289.0,281.0,281.0,985000,0.0,0.0
2024-09-04 00:00:00+08:00,270.0,275.0,261.0,270.0,1198000,0.0,0.0
2024-09-05 00:00:00+08:00,274.0,274.5,265.5,265.5,619000,0.0,0.0
2024-09-06 00:00:00+08:00,267.0,272.0,265.5,269.5,416000,0.0,0.0
2024-09-09 00:00:00+08:00,262.0,268.0,261.5,264.0,442000,0.0,0.0
2024-09-10 00:00:00+08:00,266.0,268.0,258.0,258.0,629000,0.0,0.0
2024-09-11 00:00:00+08:00,262.5,267.0,262.0,265.5,437000,0.0,0.0
2024-09-12 00:00:00+08:00,268.0,272.0,265.0,265.5,1271000,0.0,0.0
2024-09-13 00:00:00+08:00,268.0,270.5,259.0,260.0,1743000,0.0,0.0
2024-09-16 00:00:00+08:00,264.0,271.5,262.0,263.0,1569000,0.0,0.0
2024-09-18 00:00:00+08:00,266.5,283.0,266.5,273.0,2235000,0.0,0.0
2024-09-19 00:00:00+08:00,278.0,281.0,272.5,277.0,1226000,0.0,0.0
2024-09-20 00:00:00+08:00,282.5,282.5,274.0,276.5,1917000,0.0,0.0
2024-09-23 00:00:00+08:00,278.5,279.5,269.0,270.0,1552000,0.0,0.0
2024-09-24 00:00:00+08:00,270.0,273.0,267.0,271.0,796000,0.0,0.0
2024-09-25 00:00:00+08:00,273.0,277.5,272.5,275.0,606000,0.0,0.0
2024-09-26 00:00:00+08:00,276.0,277.5,274.0,275.0,493000,0.0,0.0
2024-09-27 00:00:00+08:00,278.5,279.0,274.0,275.5,625000,0.0,0.0
2024-09-30 00:00:00+08:00,273.0,275.0,269.5,269.5,426000,0.0,0.0
2024-10-01 00:00:00+08:00,270.0,279.0,269.0,276.5,705000,0.0,0.0
2024-10-04 00:00:00+08:00,276.5,281.0,275.0,276.5,618000,0.0,0.0
2024-10-07 00:00:00+08:00,277.0,287.5,277.0,286.0,1111000,0.0,0.0
2024-10-08 00:00:00+08:00,286.0,289.0,282.0,282.0,638000,0.0,0.0
2024-10-09 00:00:00+08:00,284.0,285.5,275.0,275.0,704000,0.0,0.0
2024-10-11 00:00:00+08:00,275.0,281.0,275.0,276.0,545000,0.0,0.0
2024-10-14 00:00:00+08:00,276.5,279.5,275.0,277.0,484000,0.0,0.0
2024-10-15 00:00:00+08:00,280.0,284.0,277.0,277.0,399000,0.0,0.0
2024-10-16 00:00:00+08:00,275.0,277.5,270.5,271.5,997000,0.0,0.0
2024-10-17 00:00:00+08:00,272.5,276.0,271.0,274.0,646000,0.0,0.0
2024-10-18 00:00:00+08:00,278.0,280.0,276.0,277.0,623000,0.0,0.0
2024-10-21 00:00:00+08:00,278.5,293.0,278.5,290.5,2122000,0.0,0.0
2024-10-22 00:00:00+08:00,290.5,292.5,285.5,285.5,765000,0.0,0.0
2024-10-23 00:00:00+08:00,288.5,295.0,286.0,287.5,846000,0.0,0.0
2024-10-24 00:00:00+08:00,287.5,287.5,281.0,281.0,425000,0.0,0.0
2024-10-25 00:00:00+08:00,284.0,284.0,280.5,281.0,296000,0.0,0.0
2024-10-28 00:00:00+08:00,281.0,281.5,273.5,276.0,396000,0.0,0.0
2024-10-29 00:00:00+08:00,276.0,276.0,270.5,273.5,368000,0.0,0.0
2024-10-30 00:00:00+08:00,276.5,276.5,271.0,271.5,245000,0.0,0.0
2024-11-01 00:00:00+08:00,268.0,270.0,266.0,268.0,703000,0.0,0.0
2024-11-04 00:00:00+08:00,271.5,275.0,268.0,268.0,550000,0.0,0.0
2024-11-05 00:00:00+08:00,269.0,269.5,263.5,264.5,552000,0.0,0.0
2024-11-06 00:00:00+08:00,266.0,270.5,265.5,269.5,326000,0.0,0.0
2024-11-07 00:00:00+08:00,271.0,272.5,269.5,269.5,330000,0.0,0.0
2024-11-08 00:00:00+08:00,270.5,273.0,261.0,266.5,907000,0.0,0.0
2024-11-11 00:00:00+08:00,267.0,268.5,260.5,263.5,770000,0.0,0.0
2024-11-12 00:00:00+08:00,263.0,263.0,256.5,257.0,649000,0.0,0.0
2024-11-13 00:00:00+08:00,256.0,259.0,255.0,258.0,491000,0.0,0.0
2024-11-14 00:00:00+08:00,258.0,263.5,251.5,258.5,862000,0.0,0.0
2024-11-15 00:00:00+08:00,259.0,263.0,256.0,259.5,384000,0.0,0.0
2024-11-18 00:00:00+08:00,258.0,259.0,251.0,251.0,478000,0.0,0.0
2024-11-19 00:00:00+08:00,252.5,260.5,252.0,260.0,323000,0.0,0.0
2024-11-20 00:00:00+08:00,260.5,260.5,255.0,256.5,172226,0.0,0.0
2024-11-21 00:00:00+08:00,257.0,258.5,254.5,256.0,145000,0.0,0.0
2024-11-22 00:00:00+08:00,258.5,261.0,256.5,258.0,135000,0.0,0.0
2024-11-25 00:00:00+08:00,259.0,262.0,259.0,260.5,238000,0.0,0.0
2024-11-26 00:00:00+08:00,260.0,262.0,259.0,260.5,115000,0.0,0.0
2024-11-27 00:00:00+08:00,261.5,261.5,254.0,254.5,211000,0.0,0.0
2024-11-28 00:00:00+08:00,255.0,255.0,251.0,254.0,222000,0.0,0.0
2024-11-29 00:00:00+08:00,254.0,256.0,252.0,256.0,69000,0.0,0.0
2024-12-02 00:00:00+08:00,258.0,259.0,256.0,257.0,97000,0.0,0.0
2024-12-03 00:00:00+08:00,264.0,269.0,260.0,260.5,584000,0.0,0.0
2024-12-04 00:00:00+08:00,262.0,262.5,259.5,262.0,179000,0.0,0.0
2024-12-05 00:00:00+08:00,263.0,265.0,261.0,262.0,316000,0.0,0.0
2024-12-06 00:00:00+08:00,264.0,264.0,258.5,258.5,290000,0.0,0.0
2024-12-09 00:00:00+08:00,260.0,262.5,256.0,256.0,337000,0.0,0.0
2024-12-10 00:00:00+08:00,259.0,259.5,254.5,255.5,187000,0.0,0.0
2024-12-11 00:00:00+08:00,254.0,257.0,254.0,254.5,137000,0.0,0.0
2024-12-12 00:00:00+08:00,256.5,258.5,252.0,253.5,484000,0.0,0.0
2024-12-13 00:00:00+08:00,253.5,253.5,244.0,247.0,727000,0.0,0.0
