Date,Open,High,Low,Close,Volume,Dividends,Stock Splits,Capital Gains
2020-02-28 00:00:00-05:00,21.476892471313477,21.476892471313477,21.476892471313477,21.476892471313477,6600,0.0,0.0,0.0
2020-03-02 00:00:00-05:00,21.655231597028823,21.655231597028823,21.604278564453125,21.604278564453125,2700,0.0,0.0,0.0
2020-03-03 00:00:00-05:00,21.646739702317973,21.884523226629856,21.646739702317973,21.833568572998047,7700,0.0,0.0,0.0
2020-03-04 00:00:00-05:00,21.86753179348008,21.86753179348008,21.791101455688477,21.791101455688477,4300,0.0,0.0,0.0
2020-03-05 00:00:00-05:00,21.89301300048828,21.89301300048828,21.89301300048828,21.89301300048828,800,0.0,0.0,0.0
2020-03-06 00:00:00-05:00,22.156281210571322,22.156281210571322,22.071358383432592,22.077302932739258,2600,0.0,0.0,0.0
2020-03-09 00:00:00-04:00,22.453496904914118,22.453496904914118,22.28365135192871,22.28365135192871,13000,0.0,0.0,0.0
2020-03-10 00:00:00-04:00,22.198731676689146,22.24119388075126,22.020395278930664,22.020395278930664,7200,0.0,0.0,0.0
2020-03-11 00:00:00-04:00,22.09682853441903,22.09682853441903,21.943967819213867,21.943967819213867,16800,0.0,0.0,0.0
2020-03-12 00:00:00-04:00,21.95246113259401,22.173259772236797,21.884523214224515,21.91849136352539,36200,0.0,0.0,0.0
2020-03-13 00:00:00-04:00,21.774121312696362,21.88452143341805,21.75713804931177,21.78261375427246,9700,0.0,0.0,0.0
2020-03-16 00:00:00-04:00,21.782610679506384,22.045869852134192,21.650981903076172,21.650981903076172,6000,0.0,0.0,0.0
2020-03-17 00:00:00-04:00,22.02040510974648,22.02040510974648,21.73166847229004,21.73166847229004,5000,0.0,0.0,0.0
2020-03-18 00:00:00-04:00,21.629751205444336,21.629751205444336,21.629751205444336,21.629751205444336,1100,0.0,0.0,0.0
2020-03-19 00:00:00-04:00,21.58730125427246,21.58730125427246,21.58730125427246,21.58730125427246,1500,0.0,0.0,0.0
2020-03-20 00:00:00-04:00,21.825085819487626,21.87179183959961,21.79111603784072,21.87179183959961,300,0.0,0.0,0.0
2020-03-23 00:00:00-04:00,22.1392822265625,22.1392822265625,22.1392822265625,22.1392822265625,100,0.0,0.0,0.0
2020-03-24 00:00:00-04:00,22.12230110168457,22.12230110168457,22.12230110168457,22.12230110168457,100,0.0,0.0,0.0
2020-03-25 00:00:00-04:00,22.12230110168457,22.12230110168457,22.12230110168457,22.12230110168457,0,0.0,0.0,0.0
2020-03-26 00:00:00-04:00,22.12230110168457,22.12230110168457,22.12230110168457,22.12230110168457,0,0.0,0.0,0.0
2020-03-27 00:00:00-04:00,22.12230110168457,22.12230110168457,22.12230110168457,22.12230110168457,0,0.0,0.0,0.0
2020-03-30 00:00:00-04:00,22.43652034587626,23.487861436798642,22.278563825838223,22.287906646728516,290100,0.0,0.0,0.0
2020-03-31 00:00:00-04:00,22.334607129432335,22.402545035067003,22.334607129432335,22.341402053833008,3000,0.0,0.0,0.0
2020-04-01 00:00:00-04:00,22.41447394774232,23.680493844124904,22.38898468017578,22.38898468017578,85300,0.014,0.0,0.0
2020-04-02 00:00:00-04:00,22.388991757099387,22.388991757099387,22.355003895427554,22.376245498657227,1800,0.0,0.0,0.0
2020-04-03 00:00:00-04:00,22.363493516761423,22.473952410290167,22.321010324253393,22.3804874420166,1300,0.0,0.0,0.0
2020-04-06 00:00:00-04:00,22.380494263117136,22.380494263117136,22.287029266357422,22.287029266357422,1000,0.0,0.0,0.0
2020-04-07 00:00:00-04:00,22.287029266357422,22.287029266357422,22.287029266357422,22.287029266357422,0,0.0,0.0,0.0
2020-04-08 00:00:00-04:00,22.18081251824186,22.191009521484375,22.18081251824186,22.191009521484375,300,0.0,0.0,0.0
2020-04-09 00:00:00-04:00,22.26578822078905,22.278532858618686,22.2190557212398,22.23604965209961,1500,0.0,0.0,0.0
2020-04-13 00:00:00-04:00,22.2445436263976,22.2445436263976,22.19356346130371,22.19356346130371,1300,0.0,0.0,0.0
2020-04-14 00:00:00-04:00,22.219053541995276,22.227550506591797,22.219053541995276,22.227550506591797,700,0.0,0.0,0.0
2020-04-15 00:00:00-04:00,22.304016398998215,22.3804874420166,22.304016398998215,22.3804874420166,1000,0.0,0.0,0.0
2020-04-16 00:00:00-04:00,22.397481642907938,22.448461798670948,22.38898468017578,22.38898468017578,2500,0.0,0.0,0.0
2020-04-17 00:00:00-04:00,22.431467326445155,22.431467326445155,22.363493246874683,22.36774253845215,600,0.0,0.0,0.0
2020-04-20 00:00:00-04:00,22.38898522486721,22.410226821899414,22.38898522486721,22.410226821899414,1100,0.0,0.0,0.0
2020-04-21 00:00:00-04:00,22.448466061207533,22.473106123368517,22.439969096861965,22.456113815307617,600,0.0,0.0,0.0
2020-04-22 00:00:00-04:00,22.363495147958698,22.371992111206055,22.363495147958698,22.371992111206055,600,0.0,0.0,0.0
2020-04-23 00:00:00-04:00,22.363495147958698,22.371992111206055,22.363495147958698,22.371992111206055,600,0.0,0.0,0.0
2020-04-24 00:00:00-04:00,22.38048826192833,22.439116171765598,22.371991298989457,22.410226821899414,700,0.0,0.0,0.0
2020-04-27 00:00:00-04:00,22.350752694166435,22.355000365889545,22.304020202061288,22.312517166137695,1200,0.0,0.0,0.0
2020-04-28 00:00:00-04:00,22.33801431052647,22.397491455078125,22.33801431052647,22.397491455078125,800,0.0,0.0,0.0
2020-04-29 00:00:00-04:00,22.39748736039273,22.43997056426842,22.37624413782454,22.393238067626953,1200,0.0,0.0,0.0
2020-04-30 00:00:00-04:00,22.39749315111178,22.422982431775136,22.36605453491211,22.36605453491211,1300,0.0,0.0,0.0
2020-05-01 00:00:00-04:00,22.382201724515202,22.382201724515202,22.35669920182931,22.36520004272461,900,0.012,0.0,0.0
2020-05-04 00:00:00-04:00,22.348194692228635,22.39069726527465,22.339693853345587,22.3821964263916,900,0.0,0.0,0.0
2020-05-05 00:00:00-04:00,22.322691997981067,22.36944580078125,22.322691997981067,22.36944580078125,600,0.0,0.0,0.0
2020-05-06 00:00:00-04:00,22.280194138177,22.322698344338054,22.280194138177,22.31844711303711,900,0.0,0.0,0.0
2020-05-07 00:00:00-04:00,22.40770188146658,22.44170362008835,22.40770188146658,22.428953170776367,1000,0.0,0.0,0.0
2020-05-08 00:00:00-04:00,22.428953170776367,22.428953170776367,22.428953170776367,22.428953170776367,0,0.0,0.0,0.0
2020-05-11 00:00:00-04:00,22.348193404855426,22.348193404855426,22.333742141723633,22.333742141723633,300,0.0,0.0,0.0
2020-05-12 00:00:00-04:00,22.373695623504712,22.377946853637695,22.373695623504712,22.377946853637695,300,0.0,0.0,0.0
2020-05-13 00:00:00-04:00,22.450206119901356,22.450206119901356,22.42470359802246,22.42470359802246,400,0.0,0.0,0.0
2020-05-14 00:00:00-04:00,22.47570167673066,22.47570167673066,22.44594955444336,22.44594955444336,700,0.0,0.0,0.0
2020-05-15 00:00:00-04:00,22.44594955444336,22.44594955444336,22.44594955444336,22.44594955444336,0,0.0,0.0,0.0
2020-05-18 00:00:00-04:00,22.33969663470817,22.33969663470817,22.335445404052734,22.335445404052734,200,0.0,0.0,0.0
2020-05-19 00:00:00-04:00,22.390703278968463,22.390703278968463,22.37965202331543,22.37965202331543,400,0.0,0.0,0.0
2020-05-20 00:00:00-04:00,22.37965202331543,22.37965202331543,22.37965202331543,22.37965202331543,0,0.0,0.0,0.0
2020-05-21 00:00:00-04:00,22.38219365395141,22.38984489440918,22.38219365395141,22.38984489440918,400,0.0,0.0,0.0
2020-05-22 00:00:00-04:00,22.424697911773446,22.424697911773446,22.420448303222656,22.420448303222656,300,0.0,0.0,0.0
2020-05-26 00:00:00-04:00,22.3737012703129,22.386451721191406,22.3737012703129,22.386451721191406,200,0.0,0.0,0.0
2020-05-27 00:00:00-04:00,22.35670364565121,22.39070701599121,22.35670364565121,22.39070701599121,400,0.0,0.0,0.0
2020-05-28 00:00:00-04:00,22.3991981041577,22.3991981041577,22.3821964263916,22.3821964263916,500,0.0,0.0,0.0
2020-05-29 00:00:00-04:00,22.3821964263916,22.3821964263916,22.3821964263916,22.3821964263916,0,0.0,0.0,0.0
2020-06-01 00:00:00-04:00,22.409415523030077,22.426424956130205,22.409415523030077,22.425573348999023,500,0.012,0.0,0.0
2020-06-02 00:00:00-04:00,22.400911029338683,22.400911029338683,22.383901596069336,22.383901596069336,600,0.0,0.0,0.0
2020-06-03 00:00:00-04:00,22.32436904340082,22.32436904340082,22.29460334777832,22.29460334777832,700,0.0,0.0,0.0
2020-06-04 00:00:00-04:00,22.24782889790011,22.24782889790011,22.232521057128906,22.232521057128906,600,0.0,0.0,0.0
2020-06-05 00:00:00-04:00,22.1032437277434,22.135560989379883,22.077729587890957,22.135560989379883,900,0.0,0.0,0.0
2020-06-08 00:00:00-04:00,22.145767146456983,22.1500186920166,22.145767146456983,22.1500186920166,500,0.0,0.0,0.0
2020-06-09 00:00:00-04:00,22.222314901693398,22.222314901693398,22.218063354492188,22.218063354492188,400,0.0,0.0,0.0
2020-06-10 00:00:00-04:00,22.31585748383123,22.354127883911133,22.31585748383123,22.354127883911133,500,0.0,0.0,0.0
2020-06-11 00:00:00-04:00,22.354127883911133,22.354127883911133,22.354127883911133,22.354127883911133,0,0.0,0.0,0.0
2020-06-12 00:00:00-04:00,22.400908816791922,22.400908816791922,22.36688995361328,22.36688995361328,500,0.0,0.0,0.0
2020-06-15 00:00:00-04:00,22.36688995361328,22.36688995361328,22.36688995361328,22.36688995361328,300,0.0,0.0,0.0
2020-06-16 00:00:00-04:00,22.375394280205555,22.375394280205555,22.33287232408057,22.33712387084961,2200,0.0,0.0,0.0
2020-06-17 00:00:00-04:00,22.32435769578588,22.358376543267454,22.32435769578588,22.353273391723633,500,0.0,0.0,0.0
2020-06-18 00:00:00-04:00,22.40940817368118,22.40940817368118,22.379642486572266,22.379642486572266,700,0.0,0.0,0.0
2020-06-19 00:00:00-04:00,22.379642486572266,22.379642486572266,22.379642486572266,22.379642486572266,0,0.0,0.0,0.0
2020-06-22 00:00:00-04:00,22.392409979267388,22.392409979267388,22.37540054321289,22.37540054321289,500,0.0,0.0,0.0
2020-06-23 00:00:00-04:00,22.358381359519086,22.371137619018555,22.358381359519086,22.371137619018555,1500,0.0,0.0,0.0
2020-06-24 00:00:00-04:00,22.40090363602505,22.405155181884766,22.397502074915618,22.405155181884766,500,0.0,0.0,0.0
2020-06-25 00:00:00-04:00,22.405155181884766,22.405155181884766,22.405155181884766,22.405155181884766,0,0.0,0.0,0.0
2020-06-26 00:00:00-04:00,22.460443346134358,22.460443346134358,22.45193862915039,22.45193862915039,200,0.0,0.0,0.0
2020-06-29 00:00:00-04:00,22.45193862915039,22.45193862915039,22.45193862915039,22.45193862915039,0,0.0,0.0,0.0
2020-06-30 00:00:00-04:00,22.485942058531332,22.485942058531332,22.443418502807617,22.443418502807617,300,0.0,0.0,0.0
2020-07-01 00:00:00-04:00,22.454490661621094,22.454490661621094,22.454490661621094,22.454490661621094,0,0.013,0.0,0.0
2020-07-02 00:00:00-04:00,22.436619109301155,22.44172477722168,22.436619109301155,22.44172477722168,700,0.0,0.0,0.0
2020-07-06 00:00:00-04:00,22.44172477722168,22.44172477722168,22.44172477722168,22.44172477722168,0,0.0,0.0,0.0
2020-07-07 00:00:00-04:00,22.44172477722168,22.44172477722168,22.44172477722168,22.44172477722168,0,0.0,0.0,0.0
2020-07-08 00:00:00-04:00,22.454487100758918,22.454487100758918,22.450233459472656,22.450233459472656,1100,0.0,0.0,0.0
2020-07-09 00:00:00-04:00,22.458737189098127,22.497026443481445,22.458737189098127,22.497026443481445,600,0.0,0.0,0.0
2020-07-10 00:00:00-04:00,22.505547955238473,22.514055240616425,22.458749771118164,22.458749771118164,1100,0.0,0.0,0.0
2020-07-13 00:00:00-04:00,22.445985794067383,22.445985794067383,22.445985794067383,22.445985794067383,1200,0.0,0.0,0.0
2020-07-14 00:00:00-04:00,22.514054532237196,22.514054532237196,22.48002052307129,22.48002052307129,400,0.0,0.0,0.0
2020-07-15 00:00:00-04:00,22.48852872485153,22.501291275024414,22.480019817100207,22.501291275024414,1000,0.0,0.0,0.0
2020-07-16 00:00:00-04:00,22.514042627612717,22.514042627612717,22.497026443481445,22.497026443481445,1500,0.0,0.0,0.0
2020-07-17 00:00:00-04:00,22.488521575927734,22.488521575927734,22.488521575927734,22.488521575927734,1500,0.0,0.0,0.0
2020-07-20 00:00:00-04:00,22.488525136333372,22.497034042726924,22.488525136333372,22.492778778076172,800,0.0,0.0,0.0
2020-07-21 00:00:00-04:00,22.514057159423828,22.53107497744674,22.514057159423828,22.514057159423828,59500,0.0,0.0,0.0
2020-07-22 00:00:00-04:00,22.531066266145544,22.531066266145544,22.515750885009766,22.515750885009766,8200,0.0,0.0,0.0
2020-07-23 00:00:00-04:00,22.531072871779948,22.539581779996194,22.526819229125977,22.526819229125977,16100,0.0,0.0,0.0
2020-07-24 00:00:00-04:00,22.539585067314583,22.54384033349747,22.53022575378418,22.53022575378418,3800,0.0,0.0,0.0
2020-07-27 00:00:00-04:00,22.514042627612717,22.514042627612717,22.497026443481445,22.497026443481445,600,0.0,0.0,0.0
2020-07-28 00:00:00-04:00,22.522558068918563,22.544681549072266,22.522558068918563,22.544681549072266,700,0.0,0.0,0.0
2020-07-29 00:00:00-04:00,22.548083812292155,22.565101623535156,22.54383017093531,22.565101623535156,500,0.0,0.0,0.0
2020-07-30 00:00:00-04:00,22.590625540012436,22.607643350368424,22.582118257742163,22.59913444519043,3500,0.0,0.0,0.0
2020-07-31 00:00:00-04:00,22.6161612992604,22.6161612992604,22.606801986694336,22.606801986694336,500,0.0,0.0,0.0
2020-08-03 00:00:00-04:00,22.5769953811616,22.598278045654297,22.5769953811616,22.598278045654297,300,0.014,0.0,0.0
2020-08-04 00:00:00-04:00,22.640846841686567,22.640846841686567,22.6365909576416,22.6365909576416,400,0.0,0.0,0.0
2020-08-05 00:00:00-04:00,22.61105245498327,22.61105245498327,22.6025390625,22.6025390625,500,0.0,0.0,0.0
2020-08-06 00:00:00-04:00,22.6536201244339,22.6536201244339,22.615310668945312,22.615310668945312,800,0.0,0.0,0.0
2020-08-07 00:00:00-04:00,22.636585043980123,22.636585043980123,22.584653854370117,22.584653854370117,1600,0.0,0.0,0.0
2020-08-10 00:00:00-04:00,22.611051492022217,22.611051492022217,22.559972763061523,22.559972763061523,600,0.0,0.0,0.0
2020-08-11 00:00:00-04:00,22.49186986894213,22.49186986894213,22.483356475830078,22.483356475830078,400,0.0,0.0,0.0
2020-08-12 00:00:00-04:00,22.457813262939453,22.474840046863612,22.449301494740862,22.457813262939453,1500,0.0,0.0,0.0
2020-08-13 00:00:00-04:00,22.40674310502587,22.41525650024414,22.40674310502587,22.41525650024414,1200,0.0,0.0,0.0
2020-08-14 00:00:00-04:00,22.457816656530976,22.457816656530976,22.44504737854004,22.44504737854004,800,0.0,0.0,0.0
2020-08-17 00:00:00-04:00,22.48335928040448,22.48335928040448,22.47484588623047,22.47484588623047,400,0.0,0.0,0.0
2020-08-18 00:00:00-04:00,22.50038618169233,22.50038618169233,22.491872787475586,22.491872787475586,300,0.0,0.0,0.0
2020-08-19 00:00:00-04:00,22.487616789373437,22.487616789373437,22.47484588623047,22.47484588623047,400,0.0,0.0,0.0
2020-08-20 00:00:00-04:00,22.517409098930436,22.525920867919922,22.517409098930436,22.525920867919922,800,0.0,0.0,0.0
2020-08-21 00:00:00-04:00,22.525920867919922,22.525920867919922,22.525920867919922,22.525920867919922,0,0.0,0.0,0.0
2020-08-24 00:00:00-04:00,22.525921276504143,22.534434669411684,22.5063419342041,22.5063419342041,900,0.0,0.0,0.0
2020-08-25 00:00:00-04:00,22.466330934775975,22.473142623901367,22.466330934775975,22.473142623901367,400,0.0,0.0,0.0
2020-08-26 00:00:00-04:00,22.449302506308502,22.483354451927713,22.449302506308502,22.466327667236328,600,0.0,0.0,0.0
2020-08-27 00:00:00-04:00,22.457814325425712,22.466327717790563,22.432275772094727,22.432275772094727,1800,0.0,0.0,0.0
2020-08-28 00:00:00-04:00,22.432275772094727,22.432275772094727,22.432275772094727,22.432275772094727,0,0.0,0.0,0.0
2020-08-31 00:00:00-04:00,22.500377655029297,22.500377655029297,22.491864264038757,22.500377655029297,800,0.0,0.0,0.0
2020-09-01 00:00:00-04:00,22.502948760986328,22.502948760986328,22.502948760986328,22.502948760986328,300,0.013,0.0,0.0
2020-09-02 00:00:00-04:00,22.502948760986328,22.502948760986328,22.502948760986328,22.502948760986328,0,0.0,0.0,0.0
2020-09-03 00:00:00-04:00,22.58811173473024,22.58811173473024,22.575334548950195,22.575334548950195,700,0.0,0.0,0.0
2020-09-04 00:00:00-04:00,22.51145234733805,22.51145234733805,22.46886444091797,22.46886444091797,700,0.0,0.0,0.0
2020-09-08 00:00:00-04:00,22.5114485456427,22.51996612548828,22.5114485456427,22.51996612548828,700,0.0,0.0,0.0
2020-09-09 00:00:00-04:00,22.502948760986328,22.502948760986328,22.502948760986328,22.502948760986328,600,0.0,0.0,0.0
2020-09-10 00:00:00-04:00,22.502930965797116,22.51996612548828,22.502930965797116,22.51996612548828,500,0.0,0.0,0.0
2020-09-11 00:00:00-04:00,22.52848152694294,22.545515060424805,22.52848152694294,22.545515060424805,500,0.0,0.0,0.0
2020-09-14 00:00:00-04:00,22.545528738830555,22.545528738830555,22.529346466064453,22.529346466064453,400,0.0,0.0,0.0
2020-09-15 00:00:00-04:00,22.52849006652832,22.52849006652832,22.524230463121654,22.52849006652832,1200,0.0,0.0,0.0
2020-09-16 00:00:00-04:00,22.554037407518916,22.554037407518916,22.51230239868164,22.51230239868164,900,0.0,0.0,0.0
2020-09-17 00:00:00-04:00,22.537006378173828,22.537006378173828,22.537006378173828,22.537006378173828,500,0.0,0.0,0.0
2020-09-18 00:00:00-04:00,22.52849006652832,22.52849006652832,22.52849006652832,22.52849006652832,200,0.0,0.0,0.0
2020-09-21 00:00:00-04:00,22.554038319068063,22.554038319068063,22.536151885986328,22.536151885986328,400,0.0,0.0,0.0
2020-09-22 00:00:00-04:00,22.537006024216243,22.554041188717495,22.52849006652832,22.52849006652832,1000,0.0,0.0,0.0
2020-09-23 00:00:00-04:00,22.51996357802758,22.51996357802758,22.511445999145508,22.511445999145508,500,0.0,0.0,0.0
2020-09-24 00:00:00-04:00,22.53699748140283,22.545515060424805,22.52848152694294,22.545515060424805,900,0.0,0.0,0.0
2020-09-25 00:00:00-04:00,22.56255658288945,22.56255658288945,22.542114712382908,22.554039001464844,1100,0.0,0.0,0.0
2020-09-28 00:00:00-04:00,22.554039001464844,22.554039001464844,22.554039001464844,22.554039001464844,500,0.0,0.0,0.0
2020-09-29 00:00:00-04:00,22.579596201367007,22.579596201367007,22.56256103515625,22.56256103515625,600,0.0,0.0,0.0
2020-09-30 00:00:00-04:00,22.519972484277694,22.537006024216243,22.519972484277694,22.52849006652832,1600,0.0,0.0,0.0
2020-10-01 00:00:00-04:00,22.48843350046877,22.548084259033203,22.48843350046877,22.548084259033203,1800,0.013,0.0,0.0
2020-10-02 00:00:00-04:00,22.548084259033203,22.548084259033203,22.548084259033203,22.548084259033203,0,0.0,0.0,0.0
2020-10-05 00:00:00-04:00,22.454347610473633,22.454347610473633,22.454347610473633,22.454347610473633,400,0.0,0.0,0.0
2020-10-06 00:00:00-04:00,22.46287727355957,22.46287727355957,22.46287727355957,22.46287727355957,4000,0.0,0.0,0.0
2020-10-07 00:00:00-04:00,22.42026710510254,22.42026710510254,22.42026710510254,22.42026710510254,800,0.0,0.0,0.0
2020-10-08 00:00:00-04:00,22.42878749419885,22.43730926513672,22.42878749419885,22.43730926513672,300,0.0,0.0,0.0
2020-10-09 00:00:00-04:00,22.445832419491826,22.445832419491826,22.42026710510254,22.42026710510254,1600,0.0,0.0,0.0
2020-10-12 00:00:00-04:00,22.4117374420166,22.4117374420166,22.4117374420166,22.4117374420166,600,0.0,0.0,0.0
2020-10-13 00:00:00-04:00,22.4117374420166,22.4117374420166,22.4117374420166,22.4117374420166,0,0.0,0.0,0.0
2020-10-14 00:00:00-04:00,22.484180450439453,22.484180450439453,22.484180450439453,22.484180450439453,700,0.0,0.0,0.0
2020-10-15 00:00:00-04:00,22.485029025245463,22.496959179031524,22.45861202395325,22.47139549255371,900,0.0,0.0,0.0
2020-10-16 00:00:00-04:00,22.471391148405036,22.4799112920095,22.454347610473633,22.454347610473633,1600,0.0,0.0,0.0
2020-10-19 00:00:00-04:00,22.42878749419885,22.43730926513672,22.42878749419885,22.43730926513672,700,0.0,0.0,0.0
2020-10-20 00:00:00-04:00,22.42793312538559,22.437306584688972,22.39981112211403,22.403221130371094,25500,0.0,0.0,0.0
2020-10-21 00:00:00-04:00,22.38618278503418,22.38618278503418,22.38618278503418,22.38618278503418,500,0.0,0.0,0.0
2020-10-22 00:00:00-04:00,22.34186733031135,22.352092479899042,22.34186733031135,22.343570709228516,10700,0.0,0.0,0.0
2020-10-23 00:00:00-04:00,22.33504295349121,22.33504295349121,22.33504295349121,22.33504295349121,500,0.0,0.0,0.0
2020-10-26 00:00:00-04:00,22.386179914461174,22.403223456070126,22.386179914461174,22.390439987182617,1300,0.0,0.0,0.0
2020-10-27 00:00:00-04:00,22.420268330651517,22.424530029296875,22.420268330651517,22.424530029296875,700,0.0,0.0,0.0
2020-10-28 00:00:00-04:00,22.43731187450935,22.43731187450935,22.424530029296875,22.424530029296875,400,0.0,0.0,0.0
2020-10-29 00:00:00-04:00,22.424530029296875,22.424530029296875,22.424530029296875,22.424530029296875,0,0.0,0.0,0.0
2020-10-30 00:00:00-04:00,22.326520919799805,22.326520919799805,22.326520919799805,22.326520919799805,800,0.0,0.0,0.0
2020-11-02 00:00:00-05:00,22.34698670997342,22.34698670997342,22.321409359890268,22.324819564819336,1400,0.014,0.0,0.0
2020-11-03 00:00:00-05:00,22.29583215802558,22.304358484141975,22.28730583190918,22.28730583190918,700,0.0,0.0,0.0
2020-11-04 00:00:00-05:00,22.432251831607363,22.43651580810547,22.432251831607363,22.43651580810547,600,0.0,0.0,0.0
2020-11-05 00:00:00-05:00,22.449303629443836,22.449303629443836,22.423724650121834,22.4322509765625,900,0.0,0.0,0.0
2020-11-06 00:00:00-05:00,22.364037074800777,22.38364778392618,22.364037074800777,22.380237579345703,1200,0.0,0.0,0.0
2020-11-09 00:00:00-05:00,22.227624338769942,22.254907608032227,22.227624338769942,22.254907608032227,700,0.0,0.0,0.0
2020-11-10 00:00:00-05:00,22.219100111214168,22.219100111214168,22.208017349243164,22.208017349243164,700,0.0,0.0,0.0
2020-11-11 00:00:00-05:00,22.21056785354437,22.223358154296875,22.21056785354437,22.223358154296875,600,0.0,0.0,0.0
2020-11-12 00:00:00-05:00,22.28731154165543,22.3214168548584,22.2839013355813,22.3214168548584,1400,0.0,0.0,0.0
2020-11-13 00:00:00-05:00,22.312887096559237,22.312887096559237,22.300098419189453,22.300098419189453,500,0.0,0.0,0.0
2020-11-16 00:00:00-05:00,22.29583168029785,22.29583168029785,22.29583168029785,22.29583168029785,400,0.0,0.0,0.0
2020-11-17 00:00:00-05:00,22.321404460411316,22.338457107543945,22.321404460411316,22.338457107543945,1300,0.0,0.0,0.0
2020-11-18 00:00:00-05:00,22.329938511508836,22.338464838025782,22.317148208618164,22.317148208618164,1800,0.0,0.0,0.0
2020-11-19 00:00:00-05:00,22.33846149692983,22.355512521182956,22.33846149692983,22.342723846435547,1500,0.0,0.0,0.0
2020-11-20 00:00:00-05:00,22.372561833122596,22.372561833122596,22.36829948425293,22.36829948425293,1200,0.0,0.0,0.0
2020-11-23 00:00:00-05:00,22.338457107543945,22.338457107543945,22.338457107543945,22.338457107543945,600,0.0,0.0,0.0
2020-11-24 00:00:00-05:00,22.33846521521072,22.33846521521072,22.32141256188889,22.329938888549805,3000,0.0,0.0,0.0
2020-11-25 00:00:00-05:00,22.372560775579267,22.372560775579267,22.338457107543945,22.338457107543945,1100,0.0,0.0,0.0
2020-11-27 00:00:00-05:00,22.364041804123843,22.372568130493164,22.364041804123843,22.372568130493164,600,0.0,0.0,0.0
2020-11-30 00:00:00-05:00,22.372561833122596,22.372561833122596,22.36829948425293,22.36829948425293,1100,0.0,0.0,0.0
2020-12-01 00:00:00-05:00,22.264238357543945,22.264238357543945,22.264238357543945,22.264238357543945,700,0.013,0.0,0.0
2020-12-02 00:00:00-05:00,22.264233653091413,22.272764205932617,22.264233653091413,22.272764205932617,900,0.0,0.0,0.0
2020-12-03 00:00:00-05:00,22.29835332372762,22.315414428710938,22.29835332372762,22.315414428710938,1000,0.0,0.0,0.0
2020-12-04 00:00:00-05:00,22.315414428710938,22.315414428710938,22.315414428710938,22.315414428710938,0,0.0,0.0,0.0
2020-12-07 00:00:00-05:00,22.30689239501953,22.323953506518333,22.30689239501953,22.30689239501953,500,0.0,0.0,0.0
2020-12-08 00:00:00-05:00,22.332477569580078,22.332477569580078,22.332477569580078,22.332477569580078,700,0.0,0.0,0.0
2020-12-09 00:00:00-05:00,22.30689239501953,22.30689239501953,22.30689239501953,22.30689239501953,600,0.0,0.0,0.0
2020-12-10 00:00:00-05:00,22.315414428710938,22.315414428710938,22.315414428710938,22.315414428710938,600,0.0,0.0,0.0
2020-12-11 00:00:00-05:00,22.3751220703125,22.3751220703125,22.3751220703125,22.3751220703125,800,0.0,0.0,0.0
2020-12-14 00:00:00-05:00,22.383652251147527,22.383652251147527,22.37085723876953,22.37085723876953,1000,0.0,0.0,0.0
2020-12-15 00:00:00-05:00,22.35806480268318,22.35806480268318,22.341005325317383,22.341005325317383,2300,0.0,0.0,0.0
2020-12-16 00:00:00-05:00,22.3239490483118,22.34954071044922,22.3239490483118,22.34954071044922,1200,0.0,0.0,0.0
2020-12-17 00:00:00-05:00,22.335023880004883,22.335023880004883,22.335023880004883,22.335023880004883,700,0.013,0.0,0.0
2020-12-18 00:00:00-05:00,22.352102837952035,22.352102837952035,22.330766677856445,22.330766677856445,1000,0.0,0.0,0.0
2020-12-21 00:00:00-05:00,22.330766677856445,22.330766677856445,22.330766677856445,22.330766677856445,0,0.0,0.0,0.0
2020-12-22 00:00:00-05:00,22.3520990619323,22.360633850097656,22.3520990619323,22.360633850097656,900,0.0,0.0,0.0
2020-12-23 00:00:00-05:00,22.326498469130524,22.330766677856445,22.324792487915893,22.330766677856445,1400,0.0,0.0,0.0
2020-12-24 00:00:00-05:00,22.326491598523887,22.347827752053632,22.326491598523887,22.34356117248535,600,0.0,0.0,0.0
2020-12-28 00:00:00-05:00,22.33503079498304,22.352100372314453,22.33503079498304,22.352100372314453,400,0.0,0.0,0.0
2020-12-29 00:00:00-05:00,22.359779231790043,22.369167010418618,22.359779231790043,22.360633850097656,1100,0.0,0.0,0.0
2020-12-30 00:00:00-05:00,22.369167010418618,22.369167010418618,22.360633850097656,22.360633850097656,500,0.0,0.0,0.0
2020-12-31 00:00:00-05:00,22.377700805664062,22.386235593450724,22.377700805664062,22.377700805664062,2600,0.0,0.0,0.0
2021-01-04 00:00:00-05:00,22.3862361907959,22.3862361907959,22.3862361907959,22.3862361907959,500,0.0,0.0,0.0
2021-01-05 00:00:00-05:00,22.369168321801375,22.369168321801375,22.3375913943672,22.352100372314453,4100,0.0,0.0,0.0
2021-01-06 00:00:00-05:00,22.24114227294922,22.24114227294922,22.24114227294922,22.24114227294922,300,0.0,0.0,0.0
2021-01-07 00:00:00-05:00,22.19847945251242,22.215549031397494,22.19847945251242,22.211280822753906,600,0.0,0.0,0.0
2021-01-08 00:00:00-05:00,22.16433334350586,22.16433334350586,22.16433334350586,22.16433334350586,700,0.0,0.0,0.0
2021-01-11 00:00:00-05:00,22.13873231244616,22.13873231244616,22.130197525024414,22.130197525024414,1000,0.0,0.0,0.0
2021-01-12 00:00:00-05:00,22.087525896443335,22.13873462632601,22.087525896443335,22.12934684753418,800,0.0,0.0,0.0
2021-01-13 00:00:00-05:00,22.155799593043238,22.185672162042966,22.155799593043238,22.17713737487793,900,0.0,0.0,0.0
2021-01-14 00:00:00-05:00,22.18994092509057,22.18994092509057,22.15580177307129,22.15580177307129,1000,0.0,0.0,0.0
2021-01-15 00:00:00-05:00,22.207011612264797,22.21554640069667,22.203598022460938,22.203598022460938,1400,0.0,0.0,0.0
2021-01-19 00:00:00-05:00,22.19079428032271,22.215545654296875,22.189941289861515,22.215545654296875,235300,0.0,0.0,0.0
2021-01-20 00:00:00-05:00,22.215541999042852,22.21980857849121,22.207007212302013,22.21980857849121,8800,0.0,0.0,0.0
2021-01-21 00:00:00-05:00,22.195061891651957,22.21554505708072,22.18994069333368,22.20701026916504,77600,0.0,0.0,0.0
2021-01-22 00:00:00-05:00,22.22407929104236,22.232612450900998,22.22407929104236,22.22834587097168,3400,0.0,0.0,0.0
2021-01-25 00:00:00-05:00,22.245416841956324,22.283822575106825,22.245416841956324,22.27955436706543,4900,0.0,0.0,0.0
2021-01-26 00:00:00-05:00,22.275287786868446,22.292357363345204,22.275287786868446,22.27955436706543,3700,0.0,0.0,0.0
2021-01-27 00:00:00-05:00,22.27955436706543,22.27955436706543,22.27955436706543,22.27955436706543,200,0.0,0.0,0.0
2021-01-28 00:00:00-05:00,22.253946464006383,22.25821304321289,22.24967825695584,22.25821304321289,1500,0.0,0.0,0.0
2021-01-29 00:00:00-05:00,22.232612642707572,22.241147430484148,22.224079482775316,22.237733840942383,600,0.0,0.0,0.0
2021-02-01 00:00:00-05:00,22.248836517333984,22.248836517333984,22.248836517333984,22.248836517333984,600,0.014,0.0,0.0
2021-02-02 00:00:00-05:00,22.21041275096953,22.21468162536621,22.21041275096953,22.21468162536621,300,0.0,0.0,0.0
2021-02-03 00:00:00-05:00,22.21040228806179,22.21040228806179,22.189054668695416,22.19076156616211,6200,0.0,0.0,0.0
2021-02-04 00:00:00-05:00,22.16771073081411,22.193328857421875,22.16771073081411,22.193328857421875,800,0.0,0.0,0.0
2021-02-05 00:00:00-05:00,22.189058602456143,22.189058602456143,22.167709350585938,22.167709350585938,1800,0.0,0.0,0.0
2021-02-08 00:00:00-05:00,22.167710035453755,22.167710035453755,22.165149688720703,22.165149688720703,500,0.0,0.0,0.0
2021-02-09 00:00:00-05:00,22.159186905972604,22.171995162963867,22.159186905972604,22.171995162963867,300,0.0,0.0,0.0
2021-02-10 00:00:00-05:00,22.171995162963867,22.171995162963867,22.171995162963867,22.171995162963867,0,0.0,0.0,0.0
2021-02-11 00:00:00-05:00,22.218954672272147,22.218954672272147,22.197607040405273,22.197607040405273,1000,0.0,0.0,0.0
2021-02-12 00:00:00-05:00,22.1591739654541,22.1591739654541,22.150634589539962,22.1591739654541,1400,0.0,0.0,0.0
2021-02-16 00:00:00-05:00,22.04816645217256,22.04816645217256,22.039627075195312,22.039627075195312,600,0.0,0.0,0.0
2021-02-17 00:00:00-05:00,22.03962730312804,22.03962730312804,22.035358428955078,22.035358428955078,300,0.0,0.0,0.0
2021-02-18 00:00:00-05:00,22.039623084895965,22.04816246032715,22.039623084895965,22.04816246032715,900,0.0,0.0,0.0
2021-02-19 00:00:00-05:00,21.97386932373047,21.97386932373047,21.97386932373047,21.97386932373047,300,0.0,0.0,0.0
2021-02-22 00:00:00-05:00,21.97131579017327,21.97131579017327,21.958507537841797,21.958507537841797,300,0.0,0.0,0.0
2021-02-23 00:00:00-05:00,21.975579578382828,21.979848451615627,21.972164154052734,21.972164154052734,2300,0.0,0.0,0.0
2021-02-24 00:00:00-05:00,21.9286170731739,21.954233573798756,21.9286170731739,21.941425323486328,600,0.0,0.0,0.0
2021-02-25 00:00:00-05:00,21.821883533860813,21.821883533860813,21.67244684648124,21.689525604248047,1000,0.0,0.0,0.0
2021-02-26 00:00:00-05:00,21.68951956973679,21.81333808601707,21.68951956973679,21.793697357177734,1500,0.0,0.0,0.0
2021-03-01 00:00:00-05:00,21.80394744873047,21.80394744873047,21.80394744873047,21.80394744873047,0,0.012,0.0,0.0
2021-03-02 00:00:00-05:00,21.844949612033876,21.862890243530273,21.844949612033876,21.862890243530273,800,0.0,0.0,0.0
2021-03-03 00:00:00-05:00,21.862890243530273,21.862890243530273,21.862890243530273,21.862890243530273,0,0.0,0.0,0.0
2021-03-04 00:00:00-05:00,21.793697691254124,21.793697691254124,21.697158813476562,21.697158813476562,400,0.0,0.0,0.0
2021-03-05 00:00:00-05:00,21.697158813476562,21.697158813476562,21.697158813476562,21.697158813476562,0,0.0,0.0,0.0
2021-03-08 00:00:00-05:00,21.597201067115947,21.597201067115947,21.59122085571289,21.59122085571289,800,0.0,0.0,0.0
2021-03-09 00:00:00-05:00,21.63992386199715,21.66555404663086,21.63992386199715,21.66555404663086,2300,0.0,0.0,0.0
2021-03-10 00:00:00-05:00,21.682645032435666,21.708275223955507,21.682645032435666,21.699731826782227,3000,0.0,0.0,0.0
2021-03-11 00:00:00-05:00,21.699731826782227,21.699731826782227,21.699731826782227,21.699731826782227,400,0.0,0.0,0.0
2021-03-12 00:00:00-05:00,21.588660487140235,21.605747273227514,21.588660487140235,21.60147476196289,1800,0.0,0.0,0.0
2021-03-15 00:00:00-04:00,21.60147476196289,21.60147476196289,21.60147476196289,21.60147476196289,0,0.0,0.0,0.0
2021-03-16 00:00:00-04:00,21.639921947545922,21.639921947545922,21.621981308735293,21.622835159301758,2100,0.0,0.0,0.0
2021-03-17 00:00:00-04:00,21.580119818177163,21.622835159301758,21.570722573488617,21.622835159301758,1100,0.0,0.0,0.0
2021-03-18 00:00:00-04:00,21.49467857352798,21.53739389690063,21.49467857352798,21.533123016357422,20200,0.0,0.0,0.0
2021-03-19 00:00:00-04:00,21.516044945382507,21.528860851170574,21.51177406311035,21.51177406311035,400,0.0,0.0,0.0
2021-03-22 00:00:00-04:00,21.554492950439453,21.563036345875332,21.554492950439453,21.554492950439453,3600,0.0,0.0,0.0
2021-03-23 00:00:00-04:00,21.588660929870912,21.631376266479492,21.588660929870912,21.631376266479492,2900,0.0,0.0,0.0
2021-03-24 00:00:00-04:00,21.605746319917866,21.647607803344727,21.605746319917866,21.647607803344727,300,0.0,0.0,0.0
2021-03-25 00:00:00-04:00,21.63991388609821,21.65700066797709,21.635643005371094,21.635643005371094,2600,0.0,0.0,0.0
2021-03-26 00:00:00-04:00,21.61428783471902,21.61428783471902,21.588659286499023,21.588659286499023,1800,0.0,0.0,0.0
2021-03-29 00:00:00-04:00,21.588660570039426,21.588660570039426,21.536546361118784,21.53825569152832,11200,0.0,0.0,0.0
2021-03-30 00:00:00-04:00,21.486147067574695,21.513484954833984,21.477603672277535,21.513484954833984,1400,0.0,0.0,0.0
2021-03-31 00:00:00-04:00,21.511764042189277,21.511764042189277,21.488697052001953,21.488697052001953,3700,0.0,0.0,0.0
2021-04-01 00:00:00-04:00,21.530583876537946,21.539131346254504,21.530583876537946,21.53485679626465,1700,0.012,0.0,0.0
2021-04-05 00:00:00-04:00,21.48784428590537,21.504939223554796,21.48784428590537,21.49211883544922,2400,0.0,0.0,0.0
2021-04-06 00:00:00-04:00,21.5647779959764,21.590420412107015,21.5647779959764,21.581872940063477,2400,0.0,0.0,0.0
2021-04-07 00:00:00-04:00,21.616062828237627,21.616062828237627,21.581872940063477,21.581872940063477,400,0.0,0.0,0.0
2021-04-08 00:00:00-04:00,21.616062509182726,21.63657448546814,21.616062509182726,21.633155822753906,1800,0.0,0.0,0.0
2021-04-09 00:00:00-04:00,21.590413588639162,21.607508527323528,21.590413588639162,21.59468650817871,2200,0.0,0.0,0.0
2021-04-12 00:00:00-04:00,21.569045093317094,21.573318012730432,21.564770543640723,21.571609497070312,600,0.0,0.0,0.0
2021-04-13 00:00:00-04:00,21.598965478910465,21.637428283691406,21.598965478910465,21.637428283691406,1800,0.0,0.0,0.0
2021-04-14 00:00:00-04:00,21.616063611547965,21.624609453637582,21.6117890602395,21.620336532592773,9400,0.0,0.0,0.0
2021-04-15 00:00:00-04:00,21.727169560974446,21.727169560974446,21.702383041381836,21.702383041381836,200,0.0,0.0,0.0
2021-04-16 00:00:00-04:00,21.684441899161875,21.684441899161875,21.667346954345703,21.667346954345703,4600,0.0,0.0,0.0
2021-04-19 00:00:00-04:00,21.658796310424805,21.675891252737753,21.658796310424805,21.658796310424805,6700,0.0,0.0,0.0
2021-04-20 00:00:00-04:00,21.667352986184692,21.727183679433526,21.667352986184692,21.7100887298584,644700,0.0,0.0,0.0
2021-04-21 00:00:00-04:00,21.718630297198125,21.718630297198125,21.692987879810143,21.714357376098633,15900,0.0,0.0,0.0
2021-04-22 00:00:00-04:00,21.714357376098633,21.718630297198125,21.66734709268584,21.714357376098633,203000,0.0,0.0,0.0
2021-04-23 00:00:00-04:00,21.71007647807111,21.71007647807111,21.680161148329002,21.697256088256836,16800,0.0,0.0,0.0
2021-04-26 00:00:00-04:00,21.68871371647994,21.701534109307794,21.67589332365208,21.680166244506836,9900,0.0,0.0,0.0
2021-04-27 00:00:00-04:00,21.6587891490979,21.667336617428212,21.628873825073242,21.628873825073242,6500,0.0,0.0,0.0
2021-04-28 00:00:00-04:00,21.633150268266125,21.658792677434356,21.607509489361046,21.654518127441406,14900,0.0,0.0,0.0
2021-04-29 00:00:00-04:00,21.590418007818766,21.641701204105548,21.581870536727067,21.637428283691406,8100,0.0,0.0,0.0
2021-04-30 00:00:00-04:00,21.633150268266125,21.654518127441406,21.628877348536328,21.654518127441406,4100,0.0,0.0,0.0
2021-05-03 00:00:00-04:00,21.649387837705927,21.709239755558848,21.649387837705927,21.687864303588867,6900,0.009,0.0,0.0
2021-05-04 00:00:00-04:00,21.739165781797976,21.739165781797976,21.7006893157959,21.7006893157959,1300,0.0,0.0,0.0
2021-05-05 00:00:00-04:00,21.713520249850287,21.734895706176758,21.713520249850287,21.734895706176758,2900,0.0,0.0,0.0
2021-05-06 00:00:00-04:00,21.734895706176758,21.734895706176758,21.734895706176758,21.734895706176758,0,0.0,0.0,0.0
2021-05-07 00:00:00-04:00,21.811847148402624,21.8203976565117,21.76054573059082,21.76054573059082,2600,0.0,0.0,0.0
2021-05-10 00:00:00-04:00,21.769097949365534,21.773374019497776,21.7348975425222,21.739171981811523,13200,0.0,0.0,0.0
2021-05-11 00:00:00-04:00,21.717792510986328,21.726343018828054,21.717792510986328,21.717792510986328,6700,0.0,0.0,0.0
2021-05-12 00:00:00-04:00,21.649400579127427,21.65795109111618,21.640850067138672,21.640850067138672,14600,0.0,0.0,0.0
2021-05-13 00:00:00-04:00,21.66648885161889,21.687864303588867,21.66648885161889,21.687864303588867,1000,0.0,0.0,0.0
2021-05-14 00:00:00-04:00,21.709239959716797,21.709239959716797,21.683590069448584,21.709239959716797,2900,0.0,0.0,0.0
2021-05-17 00:00:00-04:00,21.709241801080307,21.709241801080307,21.692142416398628,21.6964168548584,5300,0.0,0.0,0.0
2021-05-18 00:00:00-04:00,21.700689452679907,21.709239959716797,21.69641501458269,21.709239959716797,2100,0.0,0.0,0.0
2021-05-19 00:00:00-04:00,21.704964975638767,21.734036372664423,21.65793800354004,21.65793800354004,9400,0.0,0.0,0.0
2021-05-20 00:00:00-04:00,21.692146633754007,21.72207260131836,21.692146633754007,21.72207260131836,2200,0.0,0.0,0.0
2021-05-21 00:00:00-04:00,21.734897550033676,21.734897550033676,21.71779653118464,21.72207260131836,7700,0.0,0.0,0.0
2021-05-24 00:00:00-04:00,21.73404298083292,21.751998561365326,21.73404298083292,21.739171981811523,3300,0.0,0.0,0.0
2021-05-25 00:00:00-04:00,21.773365434364234,21.79901695251465,21.773365434364234,21.79901695251465,800,0.0,0.0,0.0
2021-05-26 00:00:00-04:00,21.799022196773223,21.799022196773223,21.777645111083984,21.777645111083984,4100,0.0,0.0,0.0
2021-05-27 00:00:00-04:00,21.747719017220746,21.751995086669922,21.741733824666028,21.751995086669922,9800,0.0,0.0,0.0
2021-05-28 00:00:00-04:00,21.76482391357422,21.773374423154298,21.76482391357422,21.76482391357422,4100,0.0,0.0,0.0
2021-06-01 00:00:00-04:00,21.73230024355306,21.75796890258789,21.73230024355306,21.75796890258789,1900,0.017,0.0,0.0
2021-06-02 00:00:00-04:00,21.775087356567383,21.783641946676536,21.766531134525742,21.775087356567383,5300,0.0,0.0,0.0
2021-06-03 00:00:00-04:00,21.740004562803186,21.740004562803186,21.72374725341797,21.72374725341797,1000,0.0,0.0,0.0
2021-06-04 00:00:00-04:00,21.793055233335743,21.817012002609196,21.79219846876704,21.809310913085938,3600,0.0,0.0,0.0
2021-06-07 00:00:00-04:00,21.792197437292295,21.796476364135742,21.792197437292295,21.796476364135742,1000,0.0,0.0,0.0
2021-06-08 00:00:00-04:00,21.843537121274196,21.843537121274196,21.839258193969727,21.839258193969727,600,0.0,0.0,0.0
2021-06-09 00:00:00-04:00,21.886311596151224,21.886311596151224,21.877755375432166,21.882034301757812,5000,0.0,0.0,0.0
2021-06-10 00:00:00-04:00,21.88631306343769,21.9205379486084,21.88631306343769,21.9205379486084,400,0.0,0.0,0.0
2021-06-11 00:00:00-04:00,21.894874572753906,21.894874572753906,21.894874572753906,21.894874572753906,1100,0.0,0.0,0.0
2021-06-14 00:00:00-04:00,21.866637127374396,21.866637127374396,21.839258193969727,21.839258193969727,600,0.0,0.0,0.0
2021-06-15 00:00:00-04:00,21.843537121274196,21.843537121274196,21.83669116397357,21.839258193969727,3600,0.0,0.0,0.0
2021-06-16 00:00:00-04:00,21.852094418526427,21.86064900969081,21.70065269676685,21.70407485961914,9800,0.0,0.0,0.0
2021-06-17 00:00:00-04:00,21.723758338046927,21.76226053600294,21.723758338046927,21.74172592163086,1600,0.0,0.0,0.0
2021-06-18 00:00:00-04:00,21.689525896542534,21.792197293051647,21.689525896542534,21.787919998168945,7400,0.0,0.0,0.0
2021-06-21 00:00:00-04:00,21.732312559784024,21.762258529663086,21.732312559784024,21.762258529663086,2000,0.0,0.0,0.0
2021-06-22 00:00:00-04:00,21.7750866257158,21.796476364135742,21.7750866257158,21.796476364135742,3600,0.0,0.0,0.0
2021-06-23 00:00:00-04:00,21.775093682420515,21.80076072406945,21.762258529663086,21.762258529663086,8700,0.0,0.0,0.0
2021-06-24 00:00:00-04:00,21.775081341944446,21.775081341944446,21.75796890258789,21.75796890258789,2800,0.0,0.0,0.0
2021-06-25 00:00:00-04:00,21.770816374380352,21.770816374380352,21.71520172678054,21.728036880493164,3600,0.0,0.0,0.0
2021-06-28 00:00:00-04:00,21.77508619299377,21.783640782645797,21.77080726623535,21.77080726623535,5800,0.0,0.0,0.0
2021-06-29 00:00:00-04:00,21.76653774060553,21.7836485579494,21.76653774060553,21.77937126159668,2300,0.0,0.0,0.0
2021-06-30 00:00:00-04:00,21.809314965231437,21.81787118898062,21.79733657836914,21.79733657836914,3500,0.0,0.0,0.0
2021-07-01 00:00:00-04:00,21.773366388546158,21.790490937881632,21.765659851419123,21.779359817504883,1200,0.018,0.0,0.0
2021-07-02 00:00:00-04:00,21.820451094362248,21.84185595763292,21.820451094362248,21.837574005126953,8400,0.0,0.0,0.0
2021-07-06 00:00:00-04:00,21.927480883043838,21.927480883043838,21.91891860961914,21.91891860961914,900,0.0,0.0,0.0
2021-07-07 00:00:00-04:00,21.92747885380195,21.95316403861238,21.92747885380195,21.949739456176758,1500,0.0,0.0,0.0
2021-07-08 00:00:00-04:00,22.0173820387082,22.0173820387082,21.99255258923684,22.00025749206543,600,0.0,0.0,0.0
2021-07-09 00:00:00-04:00,21.944600580872113,21.953162853042027,21.935182571411133,21.935182571411133,1500,0.0,0.0,0.0
2021-07-12 00:00:00-04:00,21.94459783911252,21.94459783911252,21.918912658898314,21.923192977905273,800,0.0,0.0,0.0
2021-07-13 00:00:00-04:00,21.927487779490548,21.927487779490548,21.87183380126953,21.87183380126953,2700,0.0,0.0,0.0
2021-07-14 00:00:00-04:00,21.910351926866895,21.940319061279297,21.910351926866895,21.940319061279297,1300,0.0,0.0,0.0
2021-07-15 00:00:00-04:00,21.94888204650941,21.983129501342773,21.935182084724225,21.983129501342773,1100,0.0,0.0,0.0
2021-07-16 00:00:00-04:00,21.961728908365323,21.974573135375977,21.961728908365323,21.974573135375977,900,0.0,0.0,0.0
2021-07-19 00:00:00-04:00,22.081599729073464,22.11584719153208,22.081599729073464,22.090160369873047,1600,0.0,0.0,0.0
2021-07-20 00:00:00-04:00,22.162942520732138,22.1672228418348,22.085883676187994,22.098726272583008,287800,0.0,0.0,0.0
2021-07-21 00:00:00-04:00,22.03451003210957,22.03451003210957,22.017385482788086,22.017385482788086,800,0.0,0.0,0.0
2021-07-22 00:00:00-04:00,22.051622254134827,22.079022172996034,22.047341935423706,22.06446647644043,132600,0.0,0.0,0.0
2021-07-23 00:00:00-04:00,22.013105392456055,22.013105392456055,22.013105392456055,22.013105392456055,600,0.0,0.0,0.0
2021-07-26 00:00:00-04:00,22.013105392456055,22.013105392456055,22.013105392456055,22.013105392456055,0,0.0,0.0,0.0
2021-07-27 00:00:00-04:00,22.090156784548828,22.090156784548828,22.081596145138672,22.08587646484375,2600,0.0,0.0,0.0
2021-07-28 00:00:00-04:00,22.04734687106131,22.094438552856445,22.04734687106131,22.094438552856445,900,0.0,0.0,0.0
2021-07-29 00:00:00-04:00,22.055050513085515,22.055906250289834,22.051624298095703,22.051624298095703,3000,0.0,0.0,0.0
2021-07-30 00:00:00-04:00,22.103000825281605,22.107281144950942,22.090156600100624,22.094438552856445,52600,0.0,0.0,0.0
2021-08-02 00:00:00-04:00,22.123572553179862,22.192119576312265,22.123572553179862,22.16213035583496,1300,0.019,0.0,0.0
2021-08-03 00:00:00-04:00,22.174981639688305,22.174981639688305,22.168127427900753,22.170698165893555,5000,0.0,0.0,0.0
2021-08-04 00:00:00-04:00,22.217827546569172,22.217827546569172,22.140711933540675,22.14842414855957,1900,0.0,0.0,0.0
2021-08-05 00:00:00-04:00,22.09786612497762,22.09786612497762,22.085012435913086,22.085012435913086,7500,0.0,0.0,0.0
2021-08-06 00:00:00-04:00,22.029319304829144,22.029319304829144,22.009613037109375,22.009613037109375,2700,0.0,0.0,0.0
2021-08-09 00:00:00-04:00,22.036171736650974,22.036171736650974,21.983903884887695,21.983903884887695,3700,0.0,0.0,0.0
2021-08-10 00:00:00-04:00,21.97876161272393,21.97876161272393,21.94791603088379,21.94791603088379,46000,0.0,0.0,0.0
2021-08-11 00:00:00-04:00,21.960773399668266,21.98647914694995,21.956489925599648,21.9736270904541,17900,0.0,0.0,0.0
2021-08-12 00:00:00-04:00,21.95220113820523,21.9676239291253,21.94791603088379,21.94791603088379,3200,0.0,0.0,0.0
2021-08-13 00:00:00-04:00,21.973627541914038,22.00790023803711,21.973627541914038,22.00790023803711,2100,0.0,0.0,0.0
2021-08-16 00:00:00-04:00,22.08072659510054,22.08072659510054,22.050737380981445,22.050737380981445,2600,0.0,0.0,0.0
2021-08-17 00:00:00-04:00,22.04645954054328,22.04645954054328,22.033607482910156,22.033607482910156,1200,0.0,0.0,0.0
2021-08-18 00:00:00-04:00,22.037885205141148,22.037885205141148,22.018178939819336,22.018178939819336,8400,0.0,0.0,0.0
2021-08-19 00:00:00-04:00,22.055023901508733,22.055023901508733,22.044742584228516,22.044742584228516,6100,0.0,0.0,0.0
2021-08-20 00:00:00-04:00,22.046456464359906,22.046456464359906,22.01475450871628,22.024179458618164,3300,0.0,0.0,0.0
2021-08-23 00:00:00-04:00,22.02074893641629,22.04216957092285,22.02074893641629,22.04216957092285,1700,0.0,0.0,0.0
2021-08-24 00:00:00-04:00,22.037892849098775,22.037892849098775,22.003620147705078,22.003620147705078,23400,0.0,0.0,0.0
2021-08-25 00:00:00-04:00,21.995048876924653,21.995048876924653,21.95306396484375,21.95306396484375,2800,0.0,0.0,0.0
2021-08-26 00:00:00-04:00,21.943638614876683,21.959061410053856,21.928214185409466,21.949636459350586,4100,0.0,0.0,0.0
2021-08-27 00:00:00-04:00,21.952210278469394,22.003620147705078,21.93507311062741,22.003620147705078,3600,0.0,0.0,0.0
2021-08-30 00:00:00-04:00,22.02074893641629,22.04216957092285,22.02074893641629,22.04216957092285,1200,0.0,0.0,0.0
2021-08-31 00:00:00-04:00,22.033600623975143,22.033600623975143,22.02503204345703,22.02503204345703,2400,0.0,0.0,0.0
2021-09-01 00:00:00-04:00,22.04475192848147,22.04475192848147,22.027604394505282,22.031890869140625,7300,0.018,0.0,0.0
2021-09-02 00:00:00-04:00,22.044752783395328,22.044752783395328,22.04046630859375,22.04046630859375,600,0.0,0.0,0.0
2021-09-03 00:00:00-04:00,22.027607355031243,22.027607355031243,22.019032769173315,22.023319244384766,2800,0.0,0.0,0.0
2021-09-07 00:00:00-04:00,21.967587761678903,21.971874237060547,21.967587761678903,21.971874237060547,1000,0.0,0.0,0.0
2021-09-08 00:00:00-04:00,21.976159458732123,22.010457801568975,21.976159458732123,21.997596740722656,2800,0.0,0.0,0.0
2021-09-09 00:00:00-04:00,22.001880640388784,22.03617897921078,22.001880640388784,22.031890869140625,3400,0.0,0.0,0.0
2021-09-10 00:00:00-04:00,22.019025802513855,22.019025802513855,21.989015579223633,21.989015579223633,1500,0.0,0.0,0.0
2021-09-13 00:00:00-04:00,22.010456747759026,22.019031333057708,22.00617027282715,22.00617027282715,3700,0.0,0.0,0.0
2021-09-14 00:00:00-04:00,22.049040893631776,22.053327368433354,22.04046630859375,22.04046630859375,3900,0.0,0.0,0.0
2021-09-15 00:00:00-04:00,22.027607355031243,22.036181940889175,22.001883597457457,22.023319244384766,21900,0.0,0.0,0.0
2021-09-16 00:00:00-04:00,21.97445564951095,21.993318765503055,21.967596631956688,21.97616958618164,9800,0.0,0.0,0.0
2021-09-17 00:00:00-04:00,21.9418631600877,21.9418631600877,21.92042751313284,21.93328857421875,3800,0.0,0.0,0.0
2021-09-20 00:00:00-04:00,21.99330863015055,22.010457801568975,21.989879122953866,21.997596740722656,6500,0.0,0.0,0.0
2021-09-21 00:00:00-04:00,22.010457338128983,22.010457338128983,21.9761589960143,21.98473358154297,5600,0.0,0.0,0.0
2021-09-22 00:00:00-04:00,21.99330988483895,22.010459057235714,21.971874237060547,21.971874237060547,1500,0.0,0.0,0.0
2021-09-23 00:00:00-04:00,21.91528284518781,21.91528284518781,21.868980407714844,21.868980407714844,2500,0.0,0.0,0.0
2021-09-24 00:00:00-04:00,21.83467654783737,21.83467654783737,21.814097875193113,21.821815490722656,2600,0.0,0.0,0.0
2021-09-27 00:00:00-04:00,21.796091079711914,21.796091079711914,21.796091079711914,21.796091079711914,1300,0.0,0.0,0.0
2021-09-28 00:00:00-04:00,21.761800670070844,21.761800670070844,21.744653133340616,21.74551010131836,7500,0.0,0.0,0.0
2021-09-29 00:00:00-04:00,21.78752643395578,21.78752643395578,21.761802673339844,21.761802673339844,2300,0.0,0.0,0.0
2021-09-30 00:00:00-04:00,21.75322722438659,21.78323745727539,21.75322722438659,21.78323745727539,1300,0.0,0.0,0.0
2021-10-01 00:00:00-04:00,21.835582421763018,21.845020294189453,21.82786127001897,21.845020294189453,600,0.017,0.0,0.0
2021-10-04 00:00:00-04:00,21.83471585597715,21.84501126622462,21.824420445729686,21.827852249145508,3600,0.0,0.0,0.0
2021-10-05 00:00:00-04:00,21.806405119037223,21.806405119037223,21.78924446317062,21.790102005004883,10400,0.0,0.0,0.0
2021-10-06 00:00:00-04:00,21.784952822395393,21.80039839412656,21.780663476823513,21.787527084350586,50400,0.0,0.0,0.0
2021-10-07 00:00:00-04:00,21.759208361533798,21.767788687190972,21.737756729125977,21.737756729125977,2600,0.0,0.0,0.0
2021-10-08 00:00:00-04:00,21.72488971102101,21.72488971102101,21.701722992571494,21.703439712524414,2200,0.0,0.0,0.0
2021-10-11 00:00:00-04:00,21.707727340401306,21.707727340401306,21.660538002053745,21.664827346801758,1800,0.0,0.0,0.0
2021-10-12 00:00:00-04:00,21.694859103887673,21.69915008544922,21.6897105806258,21.69915008544922,4300,0.0,0.0,0.0
2021-10-13 00:00:00-04:00,21.715455765965974,21.718887569961858,21.69057395959809,21.70172691345215,4200,0.0,0.0,0.0
2021-10-14 00:00:00-04:00,21.724894121881597,21.75063510722176,21.720604775923395,21.729185104370117,2800,0.0,0.0,0.0
2021-10-15 00:00:00-04:00,21.681139160883863,21.690578669585133,21.651968002319336,21.651968002319336,2400,0.0,0.0,0.0
2021-10-18 00:00:00-04:00,21.60047888705802,21.617639541625977,21.60047888705802,21.617639541625977,1300,0.0,0.0,0.0
2021-10-19 00:00:00-04:00,21.607347904669037,21.609062988507326,21.596193313598633,21.596193313598633,1300,0.0,0.0,0.0
2021-10-20 00:00:00-04:00,21.60476820020353,21.621928853445986,21.596187873582302,21.60047721862793,4800,0.0,0.0,0.0
2021-10-21 00:00:00-04:00,21.579032820208944,21.579032820208944,21.5361328125,21.5361328125,171500,0.0,0.0,0.0
2021-10-22 00:00:00-04:00,21.54471727254149,21.56187629699707,21.52069300177297,21.56187629699707,4000,0.0,0.0,0.0
2021-10-25 00:00:00-04:00,21.603917727766426,21.604775269750164,21.59190559387207,21.59190559387207,74500,0.0,0.0,0.0
2021-10-26 00:00:00-04:00,21.570453952034576,21.59619494032127,21.570453952034576,21.59190559387207,12700,0.0,0.0,0.0
2021-10-27 00:00:00-04:00,21.6348046044394,21.647674279722604,21.611637879705285,21.64338493347168,2800,0.0,0.0,0.0
2021-10-28 00:00:00-04:00,21.621928853445986,21.621928853445986,21.60047721862793,21.60047721862793,2400,0.0,0.0,0.0
2021-10-29 00:00:00-04:00,21.57045232725087,21.596193313598633,21.57045232725087,21.596193313598633,9000,0.0,0.0,0.0
2021-11-01 00:00:00-04:00,21.58159060575958,21.611642420807677,21.58159060575958,21.603055953979492,5100,0.018,0.0,0.0
2021-11-02 00:00:00-04:00,21.652856102514104,21.652856102514104,21.645985946654267,21.650279998779297,600,0.0,0.0,0.0
2021-11-03 00:00:00-04:00,21.607352588710718,21.627099990844727,21.589319859825533,21.627099990844727,1800,0.0,0.0,0.0
2021-11-04 00:00:00-04:00,21.679479698310594,21.70180320739746,21.679479698310594,21.70180320739746,3700,0.0,0.0,0.0
2021-11-05 00:00:00-04:00,21.749031011900573,21.783376892474163,21.749031011900573,21.770496368408203,5500,0.0,0.0,0.0
2021-11-08 00:00:00-05:00,21.7249850666182,21.7249850666182,21.688922882080078,21.688922882080078,2800,0.0,0.0,0.0
2021-11-09 00:00:00-05:00,21.749022254378406,21.78336812112219,21.749022254378406,21.751598358154297,2200,0.0,0.0,0.0
2021-11-10 00:00:00-05:00,21.6528630099288,21.6528630099288,21.59018325805664,21.59018325805664,1400,0.0,0.0,0.0
2021-11-11 00:00:00-05:00,21.605636170798263,21.605636170798263,21.53436995648859,21.54724884033203,5100,0.0,0.0,0.0
2021-11-12 00:00:00-05:00,21.585887493998356,21.603060431213812,21.568716194484328,21.577301025390625,4200,0.0,0.0,0.0
2021-11-15 00:00:00-05:00,21.551546295062256,21.560132764880287,21.53437335542619,21.538665771484375,47000,0.0,0.0,0.0
2021-11-16 00:00:00-05:00,21.53436851501465,21.559268125498942,21.53436851501465,21.53436851501465,4600,0.0,0.0,0.0
2021-11-17 00:00:00-05:00,21.542963223329767,21.579883575439453,21.542963223329767,21.579883575439453,4300,0.0,0.0,0.0
2021-11-18 00:00:00-05:00,21.577301854605054,21.59447479248047,21.577301854605054,21.59447479248047,1800,0.0,0.0,0.0
2021-11-19 00:00:00-05:00,21.663161512621222,21.67003166931603,21.6374037475447,21.65285873413086,2400,0.0,0.0,0.0
2021-11-22 00:00:00-05:00,21.542955081850632,21.547247496963703,21.491437911987305,21.491437911987305,17500,0.0,0.0,0.0
2021-11-23 00:00:00-05:00,21.48027115537124,21.487139673294624,21.45708786025359,21.461381912231445,2200,0.0,0.0,0.0
2021-11-24 00:00:00-05:00,21.457094140949128,21.478559494018555,21.457094140949128,21.478559494018555,1300,0.0,0.0,0.0
2021-11-26 00:00:00-05:00,21.658868524952037,21.67174740714974,21.651140213012695,21.651140213012695,4100,0.0,0.0,0.0
2021-11-29 00:00:00-05:00,21.65973081210423,21.65973081210423,21.637407302856445,21.637407302856445,600,0.0,0.0,0.0
2021-11-30 00:00:00-05:00,21.667456762704802,21.700084686279297,21.667456762704802,21.700084686279297,800,0.0,0.0,0.0
2021-12-01 00:00:00-05:00,21.64337160481432,21.716407775878906,21.635639423616457,21.716407775878906,4900,0.018,0.0,0.0
2021-12-02 00:00:00-05:00,21.678605440627432,21.678605440627432,21.639939609613783,21.641658782958984,2800,0.0,0.0,0.0
2021-12-03 00:00:00-05:00,21.64853095406559,21.712974548339844,21.64853095406559,21.712974548339844,4500,0.0,0.0,0.0
2021-12-06 00:00:00-05:00,21.69578942871412,21.69578942871412,21.671730836413442,21.67430877685547,2700,0.0,0.0,0.0
2021-12-07 00:00:00-05:00,21.618461369987713,21.632209841677827,21.593544006347656,21.593544006347656,800,0.0,0.0,0.0
2021-12-08 00:00:00-05:00,21.590964460042013,21.590964460042013,21.566905865524955,21.57979393005371,1400,0.0,0.0,0.0
2021-12-09 00:00:00-05:00,21.61158545787241,21.62619269520976,21.598695755004883,21.598695755004883,2300,0.0,0.0,0.0
2021-12-10 00:00:00-05:00,21.649395517205676,21.649395517205676,21.60987091064453,21.60987091064453,1000,0.0,0.0,0.0
2021-12-13 00:00:00-05:00,21.644243000098314,21.661426544189453,21.63994588492359,21.661426544189453,1200,0.0,0.0,0.0
2021-12-14 00:00:00-05:00,21.618453873186322,21.63993452117208,21.618453873186322,21.6313419342041,10800,0.0,0.0,0.0
2021-12-15 00:00:00-05:00,21.62705052551642,21.62705052551642,21.61845793693324,21.62275505065918,1900,0.0,0.0,0.0
2021-12-16 00:00:00-05:00,21.670912829969573,21.69671048518648,21.662313064818107,21.692411422729492,2000,0.021,0.0,0.0
2021-12-17 00:00:00-05:00,21.73111574625999,21.73111574625999,21.701017379760742,21.701017379760742,1700,0.0,0.0,0.0
2021-12-20 00:00:00-05:00,21.722503086939394,21.75604101252929,21.70530356193643,21.709604263305664,4300,0.0,0.0,0.0
2021-12-21 00:00:00-05:00,21.670910376517927,21.670910376517927,21.621032400381313,21.645111083984375,7100,0.0,0.0,0.0
2021-12-22 00:00:00-05:00,21.653714845228226,21.653714845228226,21.636515313697657,21.643394470214844,3000,0.0,0.0,0.0
2021-12-23 00:00:00-05:00,21.61931312534792,21.632213592529297,21.61931312534792,21.632213592529297,4500,0.0,0.0,0.0
2021-12-27 00:00:00-05:00,21.632213592529297,21.632213592529297,21.632213592529297,21.632213592529297,0,0.0,0.0,0.0
2021-12-28 00:00:00-05:00,21.627913800315238,21.636513565385627,21.627913800315238,21.6313533782959,1300,0.0,0.0,0.0
2021-12-29 00:00:00-05:00,21.59436630333349,21.59608691168072,21.57630729675293,21.57630729675293,23600,0.0,0.0,0.0
2021-12-30 00:00:00-05:00,21.57717411922667,21.6107120513916,21.57717411922667,21.6107120513916,400,0.0,0.0,0.0
2021-12-31 00:00:00-05:00,21.62877106411405,21.62877106411405,21.6107120513916,21.6107120513916,900,0.0,0.0,0.0
2022-01-03 00:00:00-05:00,21.541921447786734,21.541921447786734,21.498924255371094,21.498924255371094,2500,0.0,0.0,0.0
2022-01-04 00:00:00-05:00,21.481714721115672,21.498914246169484,21.480855236934076,21.490314483642578,3400,0.0,0.0,0.0
2022-01-05 00:00:00-05:00,21.490324823949855,21.490324823949855,21.43012809753418,21.43012809753418,6600,0.0,0.0,0.0
2022-01-06 00:00:00-05:00,21.3957231393182,21.3957231393182,21.37422454869502,21.38712501525879,6000,0.0,0.0,0.0
2022-01-07 00:00:00-05:00,21.352725982666016,21.352725982666016,21.31832856567678,21.352725982666016,3300,0.0,0.0,0.0
2022-01-10 00:00:00-05:00,21.308004929052075,21.317464176269482,21.308004929052075,21.310585021972656,1200,0.0,0.0,0.0
2022-01-11 00:00:00-05:00,21.309723578851543,21.326921463012695,21.29510414713687,21.326921463012695,2500,0.0,0.0,0.0
2022-01-12 00:00:00-05:00,21.35272073341295,21.365619556583265,21.35272073341295,21.36132049560547,2900,0.0,0.0,0.0
2022-01-13 00:00:00-05:00,21.387121852754838,21.394001007080078,21.387121852754838,21.394001007080078,1300,0.0,0.0,0.0
2022-01-14 00:00:00-05:00,21.36046545379841,21.36046545379841,21.313167572021484,21.313167572021484,2700,0.0,0.0,0.0
2022-01-18 00:00:00-05:00,21.216849413481167,21.22372856746015,21.19363021850586,21.19363021850586,900,0.0,0.0,0.0
2022-01-19 00:00:00-05:00,21.24953259823563,21.25813236341117,21.2452335357666,21.2452335357666,1000,0.0,0.0,0.0
2022-01-20 00:00:00-05:00,21.258128570288893,21.258128570288893,21.23233091960287,21.25554847717285,8500,0.0,0.0,0.0
2022-01-21 00:00:00-05:00,21.326062923636457,21.3441219329834,21.310584007087222,21.3441219329834,1200,0.0,0.0,0.0
2022-01-24 00:00:00-05:00,21.352720749609812,21.37852003620693,21.326921463012695,21.326921463012695,12200,0.0,0.0,0.0
2022-01-25 00:00:00-05:00,21.33466440870646,21.33552389296275,21.30112648010254,21.30112648010254,35400,0.0,0.0,0.0
2022-01-26 00:00:00-05:00,21.309730408550728,21.309730408550728,21.197935104370117,21.197935104370117,900,0.0,0.0,0.0
2022-01-27 00:00:00-05:00,21.220291945964984,21.245230112789848,21.209112089014297,21.215131759643555,4500,0.0,0.0,0.0
2022-01-28 00:00:00-05:00,21.240935411967133,21.266733068396313,21.240935411967133,21.262434005737305,7900,0.0,0.0,0.0
2022-01-31 00:00:00-05:00,21.25813076782536,21.266730532355428,21.25813076782536,21.265871047973633,1200,0.0,0.0,0.0
2022-02-01 00:00:00-05:00,21.25468779362664,21.258131798004758,21.2409183423761,21.24952507019043,23500,0.02,0.0,0.0
2022-02-02 00:00:00-05:00,21.27964140263486,21.308042118479335,21.26673049401011,21.27533721923828,2900,0.0,0.0,0.0
2022-02-03 00:00:00-05:00,21.223695755004883,21.223695755004883,21.20648230678252,21.223695755004883,4700,0.0,0.0,0.0
2022-02-04 00:00:00-05:00,21.12042885944177,21.12042885944177,21.09460867425873,21.097190856933594,2300,0.0,0.0,0.0
2022-02-07 00:00:00-05:00,21.111809980842683,21.111809980842683,21.094596533960623,21.107505798339844,1600,0.0,0.0,0.0
2022-02-08 00:00:00-05:00,21.068779759496227,21.07738648432449,21.06017303466797,21.06017303466797,2900,0.0,0.0,0.0
2022-02-09 00:00:00-05:00,21.0859943496354,21.101485798538192,21.06878089904785,21.06878089904785,1400,0.0,0.0,0.0
2022-02-10 00:00:00-05:00,20.982721166974105,21.00768116978927,20.905263900756836,20.905263900756836,2700,0.0,0.0,0.0
2022-02-11 00:00:00-05:00,20.991320040495836,21.060172194811255,20.931074610665448,21.052427291870117,2800,0.0,0.0,0.0
2022-02-14 00:00:00-05:00,20.96549650131555,20.99131502703944,20.939676334027205,20.969799041748047,3100,0.0,0.0,0.0
2022-02-15 00:00:00-05:00,20.947425173255223,20.96205643883294,20.93967862975009,20.943981170654297,4900,0.0,0.0,0.0
2022-02-16 00:00:00-05:00,20.965503797405223,20.982715606689453,20.965503797405223,20.982715606689453,3100,0.0,0.0,0.0
2022-02-17 00:00:00-05:00,21.03435439582055,21.047263662215475,21.03435439582055,21.04296112060547,1700,0.0,0.0,0.0
2022-02-18 00:00:00-05:00,21.085991672931684,21.085991672931684,21.06877822452925,21.07738494873047,1100,0.0,0.0,0.0
2022-02-22 00:00:00-05:00,21.04296122657636,21.079968665929457,21.04296122657636,21.06017303466797,4300,0.0,0.0,0.0
2022-02-23 00:00:00-05:00,21.022310993046776,21.025753355578445,21.01284408569336,21.01284408569336,1100,0.0,0.0,0.0
2022-02-24 00:00:00-05:00,21.05931968210722,21.086000045255155,21.03436132110918,21.038663864135742,2100,0.0,0.0,0.0
2022-02-25 00:00:00-05:00,21.004234017564695,21.032634735107422,20.999069653805986,21.032634735107422,3400,0.0,0.0,0.0
2022-02-28 00:00:00-05:00,21.172056566838272,21.18927001466627,21.146236395096278,21.174638748168945,6000,0.0,0.0,0.0
2022-03-01 00:00:00-05:00,21.31933497618374,21.368427416087254,21.31933497618374,21.33053207397461,1100,0.018,0.0,0.0
2022-03-02 00:00:00-05:00,21.2392320384785,21.2392320384785,21.153103436730163,21.16171646118164,5500,0.0,0.0,0.0
2022-03-03 00:00:00-05:00,21.178085097493653,21.178085097493653,21.168609619140625,21.168609619140625,600,0.0,0.0,0.0
2022-03-04 00:00:00-05:00,21.299530625044774,21.299530625044774,21.290917596930385,21.298669815063477,2300,0.0,0.0,0.0
2022-03-07 00:00:00-05:00,21.230630331941505,21.239243360984535,21.230630331941505,21.23493766784668,3100,0.0,0.0,0.0
2022-03-08 00:00:00-05:00,21.12726918419435,21.12726918419435,21.112627204700974,21.118656158447266,3400,0.0,0.0,0.0
2022-03-09 00:00:00-05:00,21.06697491639058,21.06697491639058,21.03252446121798,21.04458236694336,3800,0.0,0.0,0.0
2022-03-10 00:00:00-05:00,20.99807382183209,21.004965227558454,20.966207436068085,20.98515510559082,2600,0.0,0.0,0.0
2022-03-11 00:00:00-05:00,20.972239136207097,20.972239136207097,20.96793180171814,20.971378326416016,1400,0.0,0.0,0.0
2022-03-14 00:00:00-04:00,20.868881503395002,20.868881503395002,20.84304407119441,20.84648895263672,700,0.0,0.0,0.0
2022-03-15 00:00:00-04:00,20.84304855289188,20.84304855289188,20.791370391845703,20.791370391845703,5100,0.0,0.0,0.0
2022-03-16 00:00:00-04:00,20.75520176251824,20.76984374746756,20.696635465488257,20.74831199645996,2200,0.0,0.0,0.0
2022-03-17 00:00:00-04:00,20.756918740685617,20.78275617696482,20.73969268798828,20.73969268798828,4300,0.0,0.0,0.0
2022-03-18 00:00:00-04:00,20.769838086889667,20.782756805419922,20.769838086889667,20.782756805419922,39400,0.0,0.0,0.0
2022-03-21 00:00:00-04:00,20.68801559397277,20.68801559397277,20.576047897338867,20.576047897338867,2400,0.0,0.0,0.0
2022-03-22 00:00:00-04:00,20.520064902638786,20.532983619920202,20.504560470581055,20.504560470581055,3100,0.0,0.0,0.0
2022-03-23 00:00:00-04:00,20.567435431080266,20.58466148376465,20.532984968478303,20.58466148376465,2200,0.0,0.0,0.0
2022-03-24 00:00:00-04:00,20.522646931253107,20.541596244698187,20.522646931253107,20.524370193481445,4400,0.0,0.0,0.0
2022-03-25 00:00:00-04:00,20.43824155126067,20.45546760245305,20.35211293806543,20.369338989257812,13700,0.0,0.0,0.0
2022-03-28 00:00:00-04:00,20.377952014854,20.41068085501286,20.369338989257812,20.369338989257812,13300,0.0,0.0,0.0
2022-03-29 00:00:00-04:00,20.39518023709767,20.429630700382994,20.373648492198488,20.422740936279297,15100,0.0,0.0,0.0
2022-03-30 00:00:00-04:00,20.45547461979156,20.486480208361115,20.45547461979156,20.481313705444336,4000,0.0,0.0,0.0
2022-03-31 00:00:00-04:00,20.48992347717285,20.52178987070225,20.481310449990943,20.48992347717285,3900,0.0,0.0,0.0
2022-04-01 00:00:00-04:00,20.364039606662423,20.398524846198296,20.34679616468192,20.37265968322754,7100,0.024,0.0,0.0
2022-04-04 00:00:00-04:00,20.36231460469432,20.38128140421779,20.36231460469432,20.37265968322754,11500,0.0,0.0,0.0
2022-04-05 00:00:00-04:00,20.269210943432757,20.269210943432757,20.221792280025365,20.234724044799805,18800,0.0,0.0,0.0
2022-04-06 00:00:00-04:00,20.19851620078157,20.251969913392664,20.19161947800144,20.226104736328125,9700,0.0,0.0,0.0
2022-04-07 00:00:00-04:00,20.25196749411628,20.26058921877452,20.234724044799805,20.234724044799805,9000,0.0,0.0,0.0
2022-04-08 00:00:00-04:00,20.182993951669296,20.191615675733928,20.16575050354004,20.16575050354004,14300,0.0,0.0,0.0
2022-04-11 00:00:00-04:00,20.139893088986334,20.14851481566798,20.131271362304688,20.131271362304688,3400,0.0,0.0,0.0
2022-04-12 00:00:00-04:00,20.23472423359306,20.266624450683594,20.23472423359306,20.266624450683594,3300,0.0,0.0,0.0
2022-04-13 00:00:00-04:00,20.32697137098637,20.32697137098637,20.26058591082512,20.264034271240234,6000,0.0,0.0,0.0
2022-04-14 00:00:00-04:00,20.161440338138537,20.17437210194207,20.157128653920218,20.162302017211914,6800,0.0,0.0,0.0
2022-04-18 00:00:00-04:00,20.165756624605056,20.165756624605056,20.131271362304688,20.131271362304688,6200,0.0,0.0,0.0
2022-04-19 00:00:00-04:00,20.0709087191467,20.07953044058733,20.01917839050293,20.01917839050293,4600,0.0,0.0,0.0
2022-04-20 00:00:00-04:00,20.075227169830352,20.082987215706197,20.0709171295166,20.0709171295166,9500,0.0,0.0,0.0
2022-04-21 00:00:00-04:00,20.01918348375087,20.01918348375087,19.95021133910328,20.001941680908203,42600,0.0,0.0,0.0
2022-04-22 00:00:00-04:00,19.99331995727405,20.027805207385022,19.989871596705516,20.001941680908203,35800,0.0,0.0,0.0
2022-04-25 00:00:00-04:00,20.148513039856745,20.182998299117717,20.08816095840441,20.096782684326172,32700,0.0,0.0,0.0
2022-04-26 00:00:00-04:00,20.190754887857704,20.190754887857704,20.152819629184048,20.182994842529297,12500,0.0,0.0,0.0
2022-04-27 00:00:00-04:00,20.19161504645339,20.19161504645339,20.12695294019675,20.148508071899414,16500,0.0,0.0,0.0
2022-04-28 00:00:00-04:00,20.114022509904064,20.114022509904064,20.075225572463694,20.090744018554688,6300,0.0,0.0,0.0
2022-04-29 00:00:00-04:00,20.010563219200517,20.070915289040204,20.00625317928199,20.023496627807617,19000,0.0,0.0,0.0
2022-05-02 00:00:00-04:00,19.973430583872418,19.973430583872418,19.947536955882303,19.95012664794922,5300,0.027,0.0,0.0
2022-05-03 00:00:00-04:00,20.007966693088992,20.01228175093173,19.947546005249023,19.947546005249023,7600,0.0,0.0,0.0
2022-05-04 00:00:00-04:00,19.93458981093723,20.059747842279776,19.929412072801263,20.05284309387207,12200,0.0,0.0,0.0
2022-05-05 00:00:00-04:00,19.990684604821613,19.990684604821613,19.921632219080934,19.973421096801758,10200,0.0,0.0,0.0
2022-05-06 00:00:00-04:00,19.97342929509626,19.977745997042426,19.921640396118164,19.921640396118164,6500,0.0,0.0,0.0
2022-05-09 00:00:00-04:00,19.997596682127362,20.029534019040867,19.97774512233031,20.025218963623047,26000,0.0,0.0,0.0
2022-05-10 00:00:00-04:00,20.068374734486063,20.08563824765865,20.051111221313477,20.051111221313477,4600,0.0,0.0,0.0
2022-05-11 00:00:00-04:00,20.02349594553452,20.094275380676358,20.020043571244134,20.092548370361328,41700,0.0,0.0,0.0
2022-05-12 00:00:00-04:00,20.120167472249438,20.196988968109125,20.120167472249438,20.163326263427734,16800,0.0,0.0,0.0
2022-05-13 00:00:00-04:00,20.093417821650018,20.11154402753588,20.077018626661,20.094282150268555,7700,0.0,0.0,0.0
2022-05-16 00:00:00-04:00,20.137435804961314,20.1805929601219,20.137435804961314,20.154699325561523,3600,0.0,0.0,0.0
2022-05-17 00:00:00-04:00,20.059745622444243,20.085640895616983,20.0295352935791,20.0295352935791,8900,0.0,0.0,0.0
2022-05-18 00:00:00-04:00,20.07528436578487,20.11153676446442,20.07528436578487,20.08995819091797,10700,0.0,0.0,0.0
2022-05-19 00:00:00-04:00,20.154699325561523,20.168508824969738,20.137435804961314,20.154699325561523,5200,0.0,0.0,0.0
2022-05-20 00:00:00-04:00,20.159003110044626,20.189213431032037,20.159003110044626,20.184898376464844,3900,0.0,0.0,0.0
2022-05-23 00:00:00-04:00,20.18058834208611,20.18058834208611,20.12016768015171,20.128799438476562,3400,0.0,0.0,0.0
2022-05-24 00:00:00-04:00,20.197848438525522,20.274669922170414,20.195258746832636,20.236690521240234,15800,0.0,0.0,0.0
2022-05-25 00:00:00-04:00,20.301434303971643,20.301434303971643,20.24964374639053,20.279855728149414,3200,0.0,0.0,0.0
2022-05-26 00:00:00-04:00,20.310066063568495,20.310066063568495,20.2470557002173,20.279855728149414,8500,0.0,0.0,0.0
2022-05-27 00:00:00-04:00,20.297117601003315,20.301434303971643,20.266907265584233,20.279855728149414,4300,0.0,0.0,0.0
2022-05-31 00:00:00-04:00,20.215120754954306,20.215120754954306,20.170236587524414,20.170236587524414,1500,0.0,0.0,0.0
2022-06-01 00:00:00-04:00,20.171092862777662,20.171092862777662,20.05874223723913,20.067384719848633,17000,0.029,0.0,0.0
2022-06-02 00:00:00-04:00,20.10023064853702,20.101959804856318,20.080354416984985,20.084674835205078,18800,0.0,0.0,0.0
2022-06-03 00:00:00-04:00,20.074301889971217,20.076029397651006,20.058744430541992,20.058744430541992,27600,0.0,0.0,0.0
2022-06-06 00:00:00-04:00,20.057877771229155,20.057877771229155,19.98528289794922,19.98528289794922,3100,0.0,0.0,0.0
2022-06-07 00:00:00-04:00,20.024179732323567,20.041464702529424,20.019859313964844,20.019859313964844,2400,0.0,0.0,0.0
2022-06-08 00:00:00-04:00,20.011209786542484,20.01553020338077,19.989602757196334,19.998245239257812,22900,0.0,0.0,0.0
2022-06-09 00:00:00-04:00,19.980965808991776,19.980965808991776,19.942939210203647,19.946395874023438,12900,0.0,0.0,0.0
2022-06-10 00:00:00-04:00,19.855656608474575,19.864299094106222,19.786518371807006,19.787382125854492,27700,0.0,0.0,0.0
2022-06-13 00:00:00-04:00,19.650831626600155,19.656881200724037,19.527245585629093,19.567001342773438,4100,0.0,0.0,0.0
2022-06-14 00:00:00-04:00,19.60070328795909,19.60070328795909,19.47106933837541,19.476253509521484,14000,0.0,0.0,0.0
2022-06-15 00:00:00-04:00,19.54972221162779,19.652565002441406,19.54972221162779,19.652565002441406,2800,0.0,0.0,0.0
2022-06-16 00:00:00-04:00,19.617990330047196,19.731203079223633,19.617990330047196,19.731203079223633,8800,0.0,0.0,0.0
2022-06-17 00:00:00-04:00,19.66120328824723,19.73898400455509,19.66120328824723,19.717378616333008,546900,0.0,0.0,0.0
2022-06-21 00:00:00-04:00,19.674161624706198,19.69576865629828,19.669841207418827,19.682804107666016,10800,0.0,0.0,0.0
2022-06-22 00:00:00-04:00,19.812439736002368,19.842687604735147,19.803798900694616,19.83750343322754,41200,0.0,0.0,0.0
2022-06-23 00:00:00-04:00,19.99825136854303,19.99825136854303,19.9031873335003,19.909236907958984,4800,0.0,0.0,0.0
2022-06-24 00:00:00-04:00,19.903183556228157,19.93775184012359,19.880712770568792,19.88589859008789,19200,0.0,0.0,0.0
2022-06-27 00:00:00-04:00,19.864291939157404,19.8729344216761,19.79083166194098,19.81675910949707,15700,0.0,0.0,0.0
2022-06-28 00:00:00-04:00,19.807252873242003,19.81675910949707,19.806387471120637,19.81675910949707,4900,0.0,0.0,0.0
2022-06-29 00:00:00-04:00,19.842687219201952,19.911827087402344,19.836637645572935,19.911827087402344,3000,0.0,0.0,0.0
2022-06-30 00:00:00-04:00,19.989608984229033,20.050106377505138,19.989608984229033,20.018129348754883,12200,0.0,0.0,0.0
2022-07-01 00:00:00-04:00,20.170422278603255,20.192054748535156,20.166096444797542,20.192054748535156,7300,0.029,0.0,0.0
2022-07-05 00:00:00-04:00,20.2474404118342,20.26561188890117,20.213693618774414,20.213693618774414,2900,0.0,0.0,0.0
2022-07-06 00:00:00-04:00,20.230992752031835,20.230992752031835,20.1011962890625,20.1011962890625,134800,0.0,0.0,0.0
2022-07-07 00:00:00-04:00,20.0579360163548,20.06658933595877,20.00601774918295,20.01466941833496,10300,0.0,0.0,0.0
2022-07-08 00:00:00-04:00,19.98698002354825,19.98698002354825,19.945444749136065,19.962751388549805,6100,0.0,0.0,0.0
2022-07-11 00:00:00-04:00,20.01034419339468,20.05793662744048,20.01034419339468,20.027650833129883,3300,0.0,0.0,0.0
2022-07-12 00:00:00-04:00,20.115898077504948,20.115898077504948,20.06224852187547,20.06657600402832,8300,0.0,0.0,0.0
2022-07-13 00:00:00-04:00,19.98006318973818,20.109859717969712,19.98006318973818,20.057941436767578,7000,0.0,0.0,0.0
2022-07-14 00:00:00-04:00,19.962750601618723,20.031975506092856,19.962750601618723,20.015535354614258,14400,0.0,0.0,0.0
2022-07-15 00:00:00-04:00,20.057930930012116,20.066584247421755,20.031970977783203,20.031970977783203,2600,0.0,0.0,0.0
2022-07-18 00:00:00-04:00,20.01466941833496,20.02332273793893,19.98265395129743,20.01466941833496,6000,0.0,0.0,0.0
2022-07-19 00:00:00-04:00,19.988708727291716,19.997362045864197,19.936790466308594,19.936790466308594,628000,0.0,0.0,0.0
2022-07-20 00:00:00-04:00,20.006015364436674,20.014667032557398,19.928137147736113,19.936790466308594,20400,0.0,0.0,0.0
2022-07-21 00:00:00-04:00,20.001681493295926,20.1011921494276,20.001681493295926,20.092538833618164,316600,0.0,0.0,0.0
2022-07-22 00:00:00-04:00,20.222345737605437,20.23965072631836,20.196385778858133,20.23965072631836,26600,0.0,0.0,0.0
2022-07-25 00:00:00-04:00,20.205039978027344,20.213693297986485,20.17908001814992,20.205039978027344,9900,0.0,0.0,0.0
2022-07-26 00:00:00-04:00,20.256958247330164,20.256958247330164,20.196386658068203,20.205039978027344,1400,0.0,0.0,0.0
2022-07-27 00:00:00-04:00,20.231866120714407,20.283784393471155,20.222347963261754,20.248306274414062,7800,0.0,0.0,0.0
2022-07-28 00:00:00-04:00,20.38242915481873,20.40406162974928,20.343490039762926,20.386754989624023,5500,0.0,0.0,0.0
2022-07-29 00:00:00-04:00,20.36944460546395,20.421362861638045,20.365981957994286,20.395402908325195,11200,0.0,0.0,0.0
2022-08-01 00:00:00-04:00,20.429224014282227,20.437895360659653,20.41188297541759,20.429224014282227,12300,0.049,0.0,0.0
2022-08-02 00:00:00-04:00,20.42922521057497,20.42922521057497,20.229789193886283,20.238460540771484,3100,0.0,0.0,0.0
2022-08-03 00:00:00-04:00,20.217644609814464,20.27313923140689,20.169086402448613,20.26099967956543,3400,0.0,0.0,0.0
2022-08-04 00:00:00-04:00,20.302620916888312,20.351179122924805,20.302620916888312,20.351179122924805,2800,0.0,0.0,0.0
2022-08-05 00:00:00-04:00,20.14308302995456,20.158690797170472,20.14308302995456,20.15175437927246,1200,0.0,0.0,0.0
2022-08-08 00:00:00-04:00,20.2124391202084,20.2124391202084,20.19509808665982,20.203767776489258,2200,0.0,0.0,0.0
2022-08-09 00:00:00-04:00,20.16561494922064,20.16561494922064,20.143069125778673,20.14740562438965,5900,0.0,0.0,0.0
2022-08-10 00:00:00-04:00,20.255794718391414,20.2766056113883,20.195096969604492,20.195096969604492,3800,0.0,0.0,0.0
2022-08-11 00:00:00-04:00,20.24712715065519,20.24712715065519,20.125729976554673,20.134401321411133,1300,0.0,0.0,0.0
2022-08-12 00:00:00-04:00,20.195102939974912,20.195102939974912,20.13960665761339,20.160417556762695,8900,0.0,0.0,0.0
2022-08-15 00:00:00-04:00,20.221115651363576,20.221115651363576,20.203772959476268,20.212444305419922,17200,0.0,0.0,0.0
2022-08-16 00:00:00-04:00,20.169090270996094,20.169090270996094,20.16215385543907,20.169090270996094,2900,0.0,0.0,0.0
2022-08-17 00:00:00-04:00,20.09972054046274,20.108391886589544,20.06503515595553,20.091049194335938,4700,0.0,0.0,0.0
2022-08-18 00:00:00-04:00,20.134400742966406,20.16041477678842,20.108388363034262,20.1170597076416,17000,0.0,0.0,0.0
2022-08-19 00:00:00-04:00,20.047698180152,20.056367874145508,20.03035548438399,20.056367874145508,3800,0.0,0.0,0.0
2022-08-22 00:00:00-04:00,20.0286131374117,20.03034806790232,19.96965030907887,19.995662689208984,3100,0.0,0.0,0.0
2022-08-23 00:00:00-04:00,19.969648940707057,20.047689383529644,19.969648940707057,19.986989974975586,5900,0.0,0.0,0.0
2022-08-24 00:00:00-04:00,19.952309174000295,19.96098051934912,19.926295137953822,19.930631637573242,7000,0.0,0.0,0.0
2022-08-25 00:00:00-04:00,19.952306252548755,19.986989974975586,19.951439614307773,19.986989974975586,3900,0.0,0.0,0.0
2022-08-26 00:00:00-04:00,19.96964699020485,19.98698802277962,19.938429823791036,19.960975646972656,7500,0.0,0.0,0.0
2022-08-29 00:00:00-04:00,19.907222136581733,19.90895541357574,19.89161437418439,19.900285720825195,2500,0.0,0.0,0.0
2022-08-30 00:00:00-04:00,19.900285720825195,19.900285720825195,19.865600334261977,19.900285720825195,16200,0.0,0.0,0.0
2022-08-31 00:00:00-04:00,19.882939441737477,19.9002821318914,19.852590560913086,19.852590560913086,3800,0.0,0.0,0.0
2022-09-01 00:00:00-04:00,19.790035247802734,19.7987229069815,19.781347588623966,19.790035247802734,1010000,0.043,0.0,0.0
2022-09-02 00:00:00-04:00,19.88560676574707,19.88560676574707,19.850857767543886,19.88560676574707,3000,0.0,0.0,0.0
2022-09-06 00:00:00-04:00,19.76919219765071,19.772666931152344,19.762241073645296,19.772666931152344,9100,0.0,0.0,0.0
2022-09-07 00:00:00-04:00,19.811761055581634,19.840428850405843,19.811761055581634,19.83695411682129,9200,0.0,0.0,0.0
2022-09-08 00:00:00-04:00,19.836948844446795,19.836948844446795,19.790037468020405,19.798725128173828,10900,0.0,0.0,0.0
2022-09-09 00:00:00-04:00,19.798729917917814,19.82479124768114,19.763979268897184,19.772666931152344,8800,0.0,0.0,0.0
2022-09-12 00:00:00-04:00,19.798721995799298,19.850846291471456,19.746596043125656,19.768314361572266,309700,0.0,0.0,0.0
2022-09-13 00:00:00-04:00,19.642349556476695,19.659723218894694,19.616286577347203,19.651037216186523,24600,0.0,0.0,0.0
2022-09-14 00:00:00-04:00,19.62498064610273,19.651043633743768,19.61629298355572,19.620635986328125,14900,0.0,0.0,0.0
2022-09-15 00:00:00-04:00,19.590232790231035,19.59892045401724,19.564171455874856,19.581546783447266,33500,0.0,0.0,0.0
2022-09-16 00:00:00-04:00,19.572854394699768,19.62497870783155,19.564166733010797,19.616291046142578,190500,0.0,0.0,0.0
2022-09-19 00:00:00-04:00,19.555477485217814,19.58154046817081,19.542446822242265,19.56850814819336,18100,0.0,0.0,0.0
2022-09-20 00:00:00-04:00,19.512041061491963,19.533761044547813,19.494667394850172,19.50769805908203,14200,0.0,0.0,0.0
2022-09-21 00:00:00-04:00,19.520729345576463,19.529417007675328,19.451229705787668,19.525074005126953,13000,0.0,0.0,0.0
2022-09-22 00:00:00-04:00,19.407790885153453,19.425166207410992,19.360877846458486,19.366090774536133,5500,0.0,0.0,0.0
2022-09-23 00:00:00-04:00,19.364351896859983,19.364351896859983,19.29919527476757,19.325258255004883,95100,0.0,0.0,0.0
2022-09-26 00:00:00-04:00,19.268791803114063,19.277479464324898,19.147167860166267,19.168886184692383,13800,0.0,0.0,0.0
2022-09-27 00:00:00-04:00,19.19928897352925,19.19928897352925,19.12110169265275,19.129789352416992,644600,0.0,0.0,0.0
2022-09-28 00:00:00-04:00,19.30354182788102,19.390416787654072,19.255762174157773,19.381729125976562,20300,0.0,0.0,0.0
2022-09-29 00:00:00-04:00,19.29485445530834,19.338292764346743,19.27748078869504,19.329605102539062,26200,0.0,0.0,0.0
2022-09-30 00:00:00-04:00,19.35566583747937,19.373039502072636,19.242727904112876,19.260103225708008,53600,0.0,0.0,0.0
2022-10-03 00:00:00-04:00,19.372376273271783,19.494214585329797,19.363673299564425,19.40718650817871,22800,0.039,0.0,0.0
2022-10-04 00:00:00-04:00,19.44199969295154,19.49421587873764,19.42459374438197,19.450702667236328,17000,0.0,0.0,0.0
2022-10-05 00:00:00-04:00,19.381076034103472,19.381076034103472,19.32885820051567,19.35496711730957,18100,0.0,0.0,0.0
2022-10-06 00:00:00-04:00,19.32886019074463,19.33756316390538,19.280996328244107,19.28534698486328,30000,0.0,0.0,0.0
2022-10-07 00:00:00-04:00,19.23052174233245,19.250538748670433,19.20702387835363,19.215726852416992,21800,0.0,0.0,0.0
2022-10-10 00:00:00-04:00,19.18091393670849,19.18961524963379,19.133048416007618,19.18961524963379,20700,0.0,0.0,0.0
2022-10-11 00:00:00-04:00,19.211372121978354,19.241831694780515,19.189613861472047,19.207019805908203,14300,0.0,0.0,0.0
2022-10-12 00:00:00-04:00,19.207021100941443,19.25923727784836,19.198318128136567,19.25053596496582,23000,0.0,0.0,0.0
2022-10-13 00:00:00-04:00,19.076477237704434,19.2070184922025,19.076477237704434,19.154802322387695,6200,0.0,0.0,0.0
2022-10-14 00:00:00-04:00,19.207019362740773,19.207019362740773,19.093012587213348,19.119991302490234,25800,0.0,0.0,0.0
2022-10-17 00:00:00-04:00,19.207018231185927,19.207018231185927,19.137396119071624,19.146099090576172,38000,0.0,0.0,0.0
2022-10-18 00:00:00-04:00,19.180911504007508,19.18961281582923,19.12782387434665,19.167856216430664,72800,0.0,0.0,0.0
2022-10-19 00:00:00-04:00,19.085185489076466,19.11129275124516,19.059076566985205,19.067779541015625,1414400,0.0,0.0,0.0
2022-10-20 00:00:00-04:00,19.03208785126282,19.06776952807347,18.972038523932056,18.976390838623047,458300,0.0,0.0,0.0
2022-10-21 00:00:00-04:00,18.989445458733584,19.10258240772891,18.989445458733584,19.085176467895508,113100,0.0,0.0,0.0
2022-10-24 00:00:00-04:00,19.06777381248514,19.111287009642005,19.04166489823778,19.06342315673828,1066600,0.0,0.0,0.0
2022-10-25 00:00:00-04:00,19.162641724127212,19.19832342449423,19.146107233182114,19.16351318359375,52600,0.0,0.0,0.0
2022-10-26 00:00:00-04:00,19.189613861472047,19.233128722562437,19.180912549176195,19.207019805908203,183300,0.0,0.0,0.0
2022-10-27 00:00:00-04:00,19.26793610359333,19.311450958251953,19.233125879788403,19.311450958251953,64000,0.0,0.0,0.0
2022-10-28 00:00:00-04:00,19.23312759399414,19.276640792609022,19.207018678871936,19.23312759399414,29600,0.0,0.0,0.0
2022-10-31 00:00:00-04:00,19.163503756589456,19.20353609490508,19.146097814740234,19.17046546936035,39100,0.0,0.0,0.0
2022-11-01 00:00:00-04:00,19.254103408798386,19.262815872041777,19.149555511610124,19.158267974853516,50700,0.024,0.0,0.0
2022-11-02 00:00:00-04:00,19.175699932891366,19.254110469101864,19.12342679599539,19.140850067138672,51700,0.0,0.0,0.0
2022-11-03 00:00:00-04:00,19.045008987289474,19.092926703535117,19.045008987289474,19.08856964111328,37300,0.0,0.0,0.0
2022-11-04 00:00:00-04:00,19.08856453461571,19.140837637566868,19.071139613054665,19.105989456176758,40300,0.0,0.0,0.0
2022-11-07 00:00:00-05:00,19.097285007890253,19.097285007890253,19.058079748794853,19.062435150146484,113200,0.0,0.0,0.0
2022-11-08 00:00:00-05:00,19.097287191240145,19.137363202841136,19.088574725808126,19.13213539123535,231900,0.0,0.0,0.0
2022-11-09 00:00:00-05:00,19.123424801267277,19.19312286376953,19.123424801267277,19.19312286376953,147800,0.0,0.0,0.0
2022-11-10 00:00:00-05:00,19.393492061244743,19.46319007873535,19.393492061244743,19.46319007873535,155400,0.0,0.0,0.0
2022-11-11 00:00:00-05:00,19.41092588450548,19.44577407836914,19.402213420606422,19.44577407836914,31100,0.0,0.0,0.0
2022-11-14 00:00:00-05:00,19.419633558551887,19.419633558551887,19.384783711551368,19.410921096801758,24400,0.0,0.0,0.0
2022-11-15 00:00:00-05:00,19.471909180695896,19.49804490758764,19.43705932919706,19.489334106445312,98200,0.0,0.0,0.0
2022-11-16 00:00:00-05:00,19.53289825334015,19.550323182206725,19.515473324473575,19.541610717773438,45400,0.0,0.0,0.0
2022-11-17 00:00:00-05:00,19.471921920776367,19.480634389351465,19.450141580205354,19.471921920776367,27000,0.0,0.0,0.0
2022-11-18 00:00:00-05:00,19.463205982825443,19.471918449847518,19.410932842426167,19.419645309448242,233400,0.0,0.0,0.0
2022-11-21 00:00:00-05:00,19.471906667320503,19.471906667320503,19.406564035060608,19.410921096801758,91000,0.0,0.0,0.0
2022-11-22 00:00:00-05:00,19.445775681780535,19.463200611015434,19.4248660990452,19.437063217163086,28700,0.0,0.0,0.0
2022-11-23 00:00:00-05:00,19.445771792071767,19.49804490758764,19.445771792071767,19.489334106445312,318700,0.0,0.0,0.0
2022-11-25 00:00:00-05:00,19.47103843292814,19.489334106445312,19.47103843292814,19.489334106445312,2900,0.0,0.0,0.0
2022-11-28 00:00:00-05:00,19.50675392150879,19.52417884417734,19.484973599039147,19.50675392150879,41400,0.0,0.0,0.0
2022-11-29 00:00:00-05:00,19.471921920776367,19.498057664768194,19.454496983626168,19.471921920776367,44000,0.0,0.0,0.0
2022-11-30 00:00:00-05:00,19.43706006841428,19.589525681921582,19.41092434052856,19.57471466064453,142200,0.0,0.0,0.0
2022-12-01 00:00:00-05:00,19.62627570957163,19.713659286499023,19.615790480357834,19.713659286499023,55800,0.067,0.0,0.0
2022-12-02 00:00:00-05:00,19.62627008102198,19.731130676602863,19.608794704010684,19.719770431518555,106700,0.0,0.0,0.0
2022-12-05 00:00:00-05:00,19.661223679354546,19.661223679354546,19.585200374463053,19.600055694580078,13800,0.0,0.0,0.0
2022-12-06 00:00:00-05:00,19.600053177668237,19.652482634070473,19.600053177668237,19.639375686645508,141600,0.0,0.0,0.0
2022-12-07 00:00:00-05:00,19.696174366714256,19.75734234093225,19.696174366714256,19.74860382080078,37400,0.0,0.0,0.0
2022-12-08 00:00:00-05:00,19.696182262723422,19.71365764328978,19.669966691819443,19.6787052154541,624300,0.0,0.0,0.0
2022-12-09 00:00:00-05:00,19.652482634070473,19.66122115458791,19.62626707251817,19.639375686645508,58800,0.0,0.0,0.0
2022-12-12 00:00:00-05:00,19.669967930555234,19.669967930555234,19.600061403778483,19.617538452148438,39400,0.0,0.0,0.0
2022-12-13 00:00:00-05:00,19.80103327964458,19.80103327964458,19.72238826514475,19.73112678527832,46600,0.0,0.0,0.0
2022-12-14 00:00:00-05:00,19.74860762738883,19.78356004794957,19.696178163196407,19.766084671020508,52100,0.0,0.0,0.0
2022-12-15 00:00:00-05:00,19.788881169116813,19.788881169116813,19.727506970557627,19.7669620513916,994000,0.076,0.0,0.0
2022-12-16 00:00:00-05:00,19.70383244010323,19.795893732580648,19.692433897514203,19.77046775817871,101100,0.0,0.0,0.0
2022-12-19 00:00:00-05:00,19.70822159704464,19.70997419024564,19.68367191365665,19.70120620727539,42500,0.0,0.0,0.0
2022-12-20 00:00:00-05:00,19.63106182098125,19.655611501624467,19.62755496264959,19.644214630126953,82700,0.0,0.0,0.0
2022-12-21 00:00:00-05:00,19.69243042474081,19.69243042474081,19.650346464402233,19.666128158569336,44800,0.0,0.0,0.0
2022-12-22 00:00:00-05:00,19.666133681204645,19.68366964512413,19.648597717285156,19.648597717285156,66000,0.0,0.0,0.0
2022-12-23 00:00:00-05:00,19.595991234466698,19.622293507670847,19.5872232526248,19.604759216308594,35900,0.0,0.0,0.0
2022-12-27 00:00:00-05:00,19.54339040798582,19.560924704185993,19.517086455202566,19.523223876953125,39800,0.0,0.0,0.0
2022-12-28 00:00:00-05:00,19.52584812079631,19.538999256771163,19.50392900339774,19.5126953125,21500,0.0,0.0,0.0
2022-12-29 00:00:00-05:00,19.53373860157967,19.55039826838043,19.517080607100414,19.543384552001953,41000,0.0,0.0,0.0
2022-12-30 00:00:00-05:00,19.50831801609684,19.53462196826681,19.481137767217792,19.503934860229492,53000,0.0,0.0,0.0
2023-01-03 00:00:00-05:00,19.60475861575821,19.60475861575821,19.534616435493234,19.55215072631836,28800,0.0,0.0,0.0
2023-01-04 00:00:00-05:00,19.631057602873867,19.657361543191794,19.60475533487715,19.60913848876953,249900,0.0,0.0,0.0
2023-01-05 00:00:00-05:00,19.543384916181694,19.595991134643555,19.534616934384463,19.595991134643555,83700,0.0,0.0,0.0
2023-01-06 00:00:00-05:00,19.61352652257311,19.76170089532922,19.59599055949333,19.75381088256836,81200,0.0,0.0,0.0
2023-01-09 00:00:00-05:00,19.75819039361269,19.806413447028625,19.756437801020795,19.788877487182617,36100,0.0,0.0,0.0
2023-01-10 00:00:00-05:00,19.76258067293676,19.76258067293676,19.71874076122474,19.745044708251953,124200,0.0,0.0,0.0
2023-01-11 00:00:00-05:00,19.753814298514744,19.80642052452957,19.753814298514744,19.802913665771484,130500,0.0,0.0,0.0
2023-01-12 00:00:00-05:00,19.885328456212267,19.928290397714868,19.832722236132575,19.920398712158203,79300,0.0,0.0,0.0
2023-01-13 00:00:00-05:00,19.902860235712883,19.916011369887347,19.844992904095516,19.867788314819336,102100,0.0,0.0,0.0
2023-01-17 00:00:00-05:00,19.85025235437256,19.88532427526611,19.832718066247022,19.867788314819336,114700,0.0,0.0,0.0
2023-01-18 00:00:00-05:00,19.99053600621224,20.008071966056285,19.96423373876734,20.00368881225586,95100,0.0,0.0,0.0
2023-01-19 00:00:00-05:00,19.981778903102555,19.99054521474155,19.954598654520208,19.964242935180664,56500,0.0,0.0,0.0
2023-01-20 00:00:00-05:00,19.911632537841797,19.911632537841797,19.87656227871188,19.911632537841797,36200,0.0,0.0,0.0
2023-01-23 00:00:00-05:00,19.85902013162303,19.885324072024346,19.841484171355486,19.850252151489258,56100,0.0,0.0,0.0
2023-01-24 00:00:00-05:00,19.8677925278461,19.902864456176758,19.839735988574525,19.902864456176758,88300,0.0,0.0,0.0
2023-01-25 00:00:00-05:00,19.92040052070471,19.937936486430537,19.894098244437707,19.911632537841797,51700,0.0,0.0,0.0
2023-01-26 00:00:00-05:00,19.902856620713827,19.91162292702374,19.86778470619047,19.88532066345215,22500,0.0,0.0,0.0
2023-01-27 00:00:00-05:00,19.850252252975697,19.867788213332897,19.83710111886841,19.859020233154297,28500,0.0,0.0,0.0
2023-01-30 00:00:00-05:00,19.815181732177734,19.823949712235798,19.80641375211967,19.815181732177734,74800,0.0,0.0,0.0
2023-01-31 00:00:00-05:00,19.859022341613993,19.876558303833008,19.83272007060687,19.876558303833008,28000,0.0,0.0,0.0
2023-02-01 00:00:00-05:00,19.897665427886935,19.990867837379515,19.871288684810025,19.97679901123047,60100,0.064,0.0,0.0
2023-02-02 00:00:00-05:00,20.020759293985712,20.029552099049525,19.97679526866666,19.98558807373047,53800,0.0,0.0,0.0
2023-02-03 00:00:00-05:00,19.880076927030544,19.888869731722806,19.827320098876953,19.827320098876953,139300,0.0,0.0,0.0
2023-02-06 00:00:00-05:00,19.73939514295062,19.748186270469688,19.686638315500254,19.69894790649414,185000,0.0,0.0,0.0
2023-02-07 00:00:00-05:00,19.721807332651263,19.76576967356394,19.69542892187017,19.704221725463867,150100,0.0,0.0,0.0
2023-02-08 00:00:00-05:00,19.72180938720703,19.73939499622644,19.69543097367792,19.72180938720703,73200,0.0,0.0,0.0
2023-02-09 00:00:00-05:00,19.739394704697034,19.74818583202092,19.66641593769469,19.68663787841797,24300,0.0,0.0,0.0
2023-02-10 00:00:00-05:00,19.67785060182181,19.67785060182181,19.633888244628906,19.633888244628906,40900,0.0,0.0,0.0
2023-02-13 00:00:00-05:00,19.62508979114037,19.651468204100226,19.620694227508366,19.642675399780273,65500,0.0,0.0,0.0
2023-02-14 00:00:00-05:00,19.58991894830045,19.603107315375457,19.545954929624042,19.559144973754883,44700,0.0,0.0,0.0
2023-02-15 00:00:00-05:00,19.55474846202191,19.57233407014776,19.528370049833136,19.545955657958984,29900,0.0,0.0,0.0
2023-02-16 00:00:00-05:00,19.537168591996107,19.55915144713777,19.51079184911633,19.51958465576172,225900,0.0,0.0,0.0
2023-02-17 00:00:00-05:00,19.51957819547403,19.56793610043433,19.51078539173875,19.559144973754883,110300,0.0,0.0,0.0
2023-02-21 00:00:00-05:00,19.484412059349356,19.493204865376576,19.449242512296752,19.453638076782227,39100,0.0,0.0,0.0
2023-02-22 00:00:00-05:00,19.493209631807034,19.500243207526132,19.462435641715125,19.46683120727539,22000,0.0,0.0,0.0
2023-02-23 00:00:00-05:00,19.475610957778123,19.51078216690599,19.466818155496156,19.501989364624023,35800,0.0,0.0,0.0
2023-02-24 00:00:00-05:00,19.405274385567363,19.429893566423782,19.387688777225375,19.4184627532959,68200,0.0,0.0,0.0
2023-02-27 00:00:00-05:00,19.458027187672585,19.458027187672585,19.431650455395502,19.446598052978516,21300,0.0,0.0,0.0
2023-02-28 00:00:00-05:00,19.422861158945967,19.458030700683594,19.405275549549145,19.458030700683594,68000,0.0,0.0,0.0
2023-03-01 00:00:00-05:00,19.406895941027862,19.423648033150855,19.36280839007873,19.371625900268555,94800,0.062,0.0,0.0
2023-03-02 00:00:00-05:00,19.33634791381576,19.35398292541504,19.32753040801612,19.35398292541504,57400,0.0,0.0,0.0
2023-03-03 00:00:00-05:00,19.39806941118472,19.39806941118472,19.346928548570286,19.393661499023438,103700,0.0,0.0,0.0
2023-03-06 00:00:00-05:00,19.415708046888106,19.433343062359082,19.371620508210665,19.38925552368164,351400,0.0,0.0,0.0
2023-03-07 00:00:00-05:00,19.398075927267715,19.398075927267715,19.327537536621094,19.327537536621094,120300,0.0,0.0,0.0
2023-03-08 00:00:00-05:00,19.371621519006123,19.3804390272017,19.301083135209222,19.32312774658203,141900,0.0,0.0,0.0
2023-03-09 00:00:00-05:00,19.380438808279543,19.45097719127964,19.362803792087593,19.43775177001953,67700,0.0,0.0,0.0
2023-03-10 00:00:00-05:00,19.609686726047507,19.662590086792513,19.556783365302504,19.65377426147461,89500,0.0,0.0,0.0
2023-03-13 00:00:00-04:00,19.900657381991223,19.980013262593616,19.821301501388827,19.87420654296875,216100,0.0,0.0,0.0
2023-03-14 00:00:00-04:00,19.786034877591568,19.80366821121884,19.69786148238467,19.750764846801758,216500,0.0,0.0,0.0
2023-03-15 00:00:00-04:00,19.98883421682469,20.077007619563574,19.909478322536472,19.980016708374023,760000,0.0,0.0,0.0
2023-03-16 00:00:00-04:00,20.0329238209375,20.050558841134354,19.812491113781096,19.847761154174805,388500,0.0,0.0,0.0
2023-03-17 00:00:00-04:00,19.935929542128168,20.059371288816774,19.935929542128168,20.02410125732422,233100,0.0,0.0,0.0
2023-03-20 00:00:00-04:00,20.05937227250823,20.05937227250823,19.91829550315509,19.96238136291504,98400,0.0,0.0,0.0
2023-03-21 00:00:00-04:00,19.84775477026025,19.876851030635134,19.812484741210938,19.812484741210938,41900,0.0,0.0,0.0
2023-03-22 00:00:00-04:00,19.821303621545038,20.02410125732422,19.79485277969329,20.02410125732422,155700,0.0,0.0,0.0
2023-03-23 00:00:00-04:00,20.015281484470506,20.14313111900159,20.00646397833606,20.129905700683594,252800,0.0,0.0,0.0
2023-03-24 00:00:00-04:00,20.20044564905154,20.218080662700697,20.10698310389247,20.112272262573242,21600,0.0,0.0,0.0
2023-03-27 00:00:00-04:00,19.98883388783166,20.01528641274828,19.95444678267748,19.96238136291504,44300,0.0,0.0,0.0
2023-03-28 00:00:00-04:00,19.935928344726562,19.9447458520701,19.900658315352416,19.935928344726562,57600,0.0,0.0,0.0
2023-03-29 00:00:00-04:00,19.8918420532617,19.935929592739317,19.887434140197776,19.900659561157227,43000,0.0,0.0,0.0
2023-03-30 00:00:00-04:00,19.89183873894293,19.927108764648438,19.883021232516555,19.927108764648438,61800,0.0,0.0,0.0
2023-03-31 00:00:00-04:00,19.933285427176493,19.98883421682469,19.918295830987137,19.980016708374023,22300,0.0,0.0,0.0
2023-04-03 00:00:00-04:00,19.97117562574782,20.050777435302734,19.962330792799563,20.050777435302734,23700,0.07,0.0,0.0
2023-04-04 00:00:00-04:00,20.024243067723393,20.16487304465758,20.024243067723393,20.152490615844727,113600,0.0,0.0,0.0
2023-04-05 00:00:00-04:00,20.22766485926145,20.263042493824273,20.183440707334295,20.192285537719727,46100,0.0,0.0,0.0
2023-04-06 00:00:00-04:00,20.209975536432726,20.218820366966057,20.183441044832737,20.187864303588867,24100,0.0,0.0,0.0
2023-04-10 00:00:00-04:00,20.077311934147506,20.077311934147506,20.050777435302734,20.050777435302734,21500,0.0,0.0,0.0
2023-04-11 00:00:00-04:00,20.053423877713772,20.05961508986407,20.02865902911258,20.04192543029785,21500,0.0,0.0,0.0
2023-04-12 00:00:00-04:00,20.121532896857477,20.121532896857477,20.068465590143038,20.112688064575195,21900,0.0,0.0,0.0
2023-04-13 00:00:00-04:00,20.148065939836453,20.16575391614541,20.086152118328116,20.10384178161621,26300,0.0,0.0,0.0
2023-04-14 00:00:00-04:00,20.041930953315358,20.041930953315358,19.997708479192067,20.010974884033203,28000,0.0,0.0,0.0
2023-04-17 00:00:00-04:00,19.962328870125347,19.96852008389488,19.926951228719116,19.944639205932617,52600,0.0,0.0,0.0
2023-04-18 00:00:00-04:00,19.944639205932617,19.980018534318077,19.93579606081548,19.944639205932617,34400,0.0,0.0,0.0
2023-04-19 00:00:00-04:00,19.935789561879023,19.935789561879023,19.900410245026986,19.926944732666016,57600,0.0,0.0,0.0
2023-04-20 00:00:00-04:00,20.006550408010124,20.006550408010124,19.988860746136275,19.993282318115234,29200,0.0,0.0,0.0
2023-04-21 00:00:00-04:00,20.033080639690464,20.04192546949087,19.971168518066406,19.971168518066406,12200,0.0,0.0,0.0
2023-04-24 00:00:00-04:00,20.024232411690832,20.041922068289637,20.007428418806924,20.033077239990234,42600,0.0,0.0,0.0
2023-04-25 00:00:00-04:00,20.121531273619794,20.183443407621965,20.112686442051036,20.17902183532715,106300,0.0,0.0,0.0
2023-04-26 00:00:00-04:00,20.17459500975111,20.18343983975635,20.103838056688026,20.139217376708984,29300,0.0,0.0,0.0
2023-04-27 00:00:00-04:00,20.094999913064626,20.094999913064626,20.04193260235448,20.050777435302734,30500,0.0,0.0,0.0
2023-04-28 00:00:00-04:00,20.109150469058132,20.112688064575195,20.07731042242532,20.112688064575195,14200,0.0,0.0,0.0
2023-05-01 00:00:00-04:00,20.076311545150467,20.080748266549644,20.014210982469365,20.023082733154297,22000,0.069,0.0,0.0
2023-05-02 00:00:00-04:00,20.049702477297043,20.17390363048622,20.03195897195179,20.16059684753418,59400,0.0,0.0,0.0
2023-05-03 00:00:00-04:00,20.200514640322623,20.271486954664315,20.200514640322623,20.262615203857422,218100,0.0,0.0,0.0
2023-05-04 00:00:00-04:00,20.262616672914913,20.3868178089892,20.253744921464808,20.315845489501953,105100,0.0,0.0,0.0
2023-05-05 00:00:00-04:00,20.235995328031056,20.235995328031056,20.18986324964328,20.200510025024414,16100,0.0,0.0,0.0
2023-05-08 00:00:00-04:00,20.13841472984132,20.182771793200757,20.13841472984132,20.156156539916992,26800,0.0,0.0,0.0
2023-05-09 00:00:00-04:00,20.156155304628022,20.156155304628022,20.12244332938006,20.14728355407715,31300,0.0,0.0,0.0
2023-05-10 00:00:00-04:00,20.20938011738231,20.262608913586007,20.20050836932954,20.24486541748047,105700,0.0,0.0,0.0
2023-05-11 00:00:00-04:00,20.32471700566812,20.32471700566812,20.253744687002467,20.271488189697266,66600,0.0,0.0,0.0
2023-05-12 00:00:00-04:00,20.253735671511542,20.253735671511542,20.182763384437592,20.191635131835938,15400,0.0,0.0,0.0
2023-05-15 00:00:00-04:00,20.165019889640906,20.191635131835938,20.165019889640906,20.191635131835938,29900,0.0,0.0,0.0
2023-05-16 00:00:00-04:00,20.156158101733613,20.156158101733613,20.111801034937134,20.138416290283203,18500,0.0,0.0,0.0
2023-05-17 00:00:00-04:00,20.138410106372838,20.138410106372838,20.067437806023786,20.094051361083984,24100,0.0,0.0,0.0
2023-05-18 00:00:00-04:00,20.04082758129638,20.04082758129638,19.996470517004287,20.005340576171875,138100,0.0,0.0,0.0
2023-05-19 00:00:00-04:00,19.952109618689832,20.031953679534976,19.943237868361113,19.960981369018555,50600,0.0,0.0,0.0
2023-05-22 00:00:00-04:00,19.96985257650917,19.987596076684294,19.934365576158918,19.94856071472168,50800,0.0,0.0,0.0
2023-05-23 00:00:00-04:00,19.943240446400413,19.969855700827104,19.9166268840873,19.952112197875977,64500,0.0,0.0,0.0
2023-05-24 00:00:00-04:00,19.978723739317097,19.978723739317097,19.907751432816156,19.925493240356445,47900,0.0,0.0,0.0
2023-05-25 00:00:00-04:00,19.872265292913994,19.881137043124443,19.81903648376465,19.81903648376465,65900,0.0,0.0,0.0
2023-05-26 00:00:00-04:00,19.783552502083083,19.810167756776167,19.756938939503588,19.80573272705078,24400,0.0,0.0,0.0
2023-05-30 00:00:00-04:00,19.84565119717437,19.898880004882812,19.83677944720408,19.898880004882812,30100,0.0,0.0,0.0
2023-05-31 00:00:00-04:00,19.92549694344929,19.96098394935154,19.903318410817167,19.952112197875977,31800,0.0,0.0,0.0
2023-06-01 00:00:00-04:00,19.995718002319336,20.013516112047004,19.9868189474555,19.995718002319336,24100,0.069,0.0,0.0
2023-06-02 00:00:00-04:00,19.951221680301863,19.951221680301863,19.880030948507244,19.897829055786133,16200,0.0,0.0,0.0
2023-06-05 00:00:00-04:00,19.853333787588916,19.92452451938353,19.853333787588916,19.897829055786133,33300,0.0,0.0,0.0
2023-06-06 00:00:00-04:00,19.897826512218664,19.897826512218664,19.867570073176466,19.888927459716797,25100,0.0,0.0,0.0
2023-06-07 00:00:00-04:00,19.880027977253484,19.888927029562883,19.817736308408374,19.826635360717773,60400,0.0,0.0,0.0
2023-06-08 00:00:00-04:00,19.880035291408465,19.906732458158935,19.871136235824974,19.893383026123047,18200,0.0,0.0,0.0
2023-06-09 00:00:00-04:00,19.844433571697532,19.853332624815778,19.835536215900124,19.839984893798828,32100,0.0,0.0,0.0
2023-06-12 00:00:00-04:00,19.844431624847502,19.871128781583085,19.822184842894846,19.86311912536621,30000,0.0,0.0,0.0
2023-06-13 00:00:00-04:00,19.90672960952837,19.90672960952837,19.767907417469562,19.78214454650879,100300,0.0,0.0,0.0
2023-06-14 00:00:00-04:00,19.835536322602245,19.835536322602245,19.719850328763613,19.773242950439453,76700,0.0,0.0,0.0
2023-06-15 00:00:00-04:00,19.82664150001051,19.86223602294922,19.82219112381742,19.86223602294922,18100,0.0,0.0,0.0
2023-06-16 00:00:00-04:00,19.782147087125175,19.81329293254986,19.773248031672228,19.791046142578125,73800,0.0,0.0,0.0
2023-06-20 00:00:00-04:00,19.817734931823445,19.844430389576633,19.817734931823445,19.82218360900879,39800,0.0,0.0,0.0
2023-06-21 00:00:00-04:00,19.79993816272041,19.835534371884165,19.78214005813853,19.823074340820312,20700,0.0,0.0,0.0
2023-06-22 00:00:00-04:00,19.80883608309111,19.80883608309111,19.764340824178966,19.76879119873047,36900,0.0,0.0,0.0
2023-06-23 00:00:00-04:00,19.853331988185094,19.853331988185094,19.791929711762773,19.80438804626465,28000,0.0,0.0,0.0
2023-06-26 00:00:00-04:00,19.826637903336476,19.841766124470464,19.81773884988584,19.83553695678711,46600,0.0,0.0,0.0
2023-06-27 00:00:00-04:00,19.844431231987883,19.844431231987883,19.773240512756345,19.777690887451172,74000,0.0,0.0,0.0
2023-06-28 00:00:00-04:00,19.799943284856816,19.826640448636045,19.77324612107759,19.81774139404297,74700,0.0,0.0,0.0
2023-06-29 00:00:00-04:00,19.7198429107666,19.728741960585168,19.69759613488029,19.7198429107666,28100,0.0,0.0,0.0
2023-06-30 00:00:00-04:00,19.702051798465813,19.728748957389662,19.693152745491197,19.71095085144043,25500,0.0,0.0,0.0
2023-07-03 00:00:00-04:00,19.709161191885617,19.727014101638233,19.664530620051256,19.66899299621582,8700,0.068,0.0,0.0
2023-07-05 00:00:00-04:00,19.67346759501012,19.691318811761217,19.628835296762148,19.634191513061523,19100,0.0,0.0,0.0
2023-07-06 00:00:00-04:00,19.5395688374144,19.566348211476733,19.494938249858297,19.561885833740234,45600,0.0,0.0,0.0
2023-07-07 00:00:00-04:00,19.575276238849113,19.627049018501136,19.575276238849113,19.57973861694336,17900,0.0,0.0,0.0
2023-07-10 00:00:00-04:00,19.61544276226216,19.67346388777708,19.61544276226216,19.66453742980957,19700,0.0,0.0,0.0
2023-07-11 00:00:00-04:00,19.658287238253568,19.68238679970608,19.655609130859375,19.655609130859375,22900,0.0,0.0,0.0
2023-07-12 00:00:00-04:00,19.77164821236499,19.80735403826115,19.758259378927676,19.79842758178711,54600,0.0,0.0,0.0
2023-07-13 00:00:00-04:00,19.876979003166277,19.909114588579595,19.856449684548327,19.896617889404297,28200,0.0,0.0,0.0
2023-07-14 00:00:00-04:00,19.860914429487714,19.87876734545153,19.816283842125955,19.834135055541992,16200,0.0,0.0,0.0
2023-07-17 00:00:00-04:00,19.843063354492188,19.86091627211233,19.829674517551044,19.843063354492188,17100,0.0,0.0,0.0
2023-07-18 00:00:00-04:00,19.887697491992352,19.887697491992352,19.8341387341674,19.851991653442383,182300,0.0,0.0,0.0
2023-07-19 00:00:00-04:00,19.86091423034668,19.878767146131487,19.843061314561872,19.86091423034668,32900,0.0,0.0,0.0
2023-07-20 00:00:00-04:00,19.80735403826115,19.80735403826115,19.77164821236499,19.79842758178711,22900,0.0,0.0,0.0
2023-07-21 00:00:00-04:00,19.798421922061905,19.816274829906416,19.78860333351152,19.78949546813965,175600,0.0,0.0,0.0
2023-07-24 00:00:00-04:00,19.807353352152504,19.819850050273786,19.752010345458984,19.752010345458984,23300,0.0,0.0,0.0
2023-07-25 00:00:00-04:00,19.72255809048272,19.735948629548204,19.714525469591308,19.727022171020508,38400,0.0,0.0,0.0
2023-07-26 00:00:00-04:00,19.75379161945337,19.793959814829808,19.72701395756719,19.78057098388672,118500,0.0,0.0,0.0
2023-07-27 00:00:00-04:00,19.753796220312058,19.753796220312058,19.68685034745707,19.700239181518555,52400,0.0,0.0,0.0
2023-07-28 00:00:00-04:00,19.727022171020508,19.753799844055717,19.71809571249281,19.727022171020508,31500,0.0,0.0,0.0
2023-07-31 00:00:00-04:00,19.735942443390375,19.77164656376196,19.735942443390375,19.762720108032227,36400,0.0,0.0,0.0
2023-08-01 00:00:00-04:00,19.727796898444836,19.727796898444836,19.691976203361804,19.70988655090332,85500,0.071,0.0,0.0
2023-08-02 00:00:00-04:00,19.71884328743359,19.727798461914062,19.683022589511694,19.727798461914062,27900,0.0,0.0,0.0
2023-08-03 00:00:00-04:00,19.683025360107422,19.709890887330452,19.683025360107422,19.683025360107422,107800,0.0,0.0,0.0
2023-08-04 00:00:00-04:00,19.761829671664064,19.799440383911133,19.754664506456233,19.799440383911133,112500,0.0,0.0,0.0
2023-08-07 00:00:00-04:00,19.799442465861343,19.80839764229398,19.781532112996075,19.79048728942871,32500,0.0,0.0,0.0
2023-08-08 00:00:00-04:00,19.808396757924683,19.84332074883505,19.808396757924683,19.83078384399414,39200,0.0,0.0,0.0
2023-08-09 00:00:00-04:00,19.841527469218597,19.84421419261956,19.808395199331827,19.8128719329834,142400,0.0,0.0,0.0
2023-08-10 00:00:00-04:00,19.835251698109655,19.844206870133405,19.754656857920327,19.765403747558594,45200,0.0,0.0,0.0
2023-08-11 00:00:00-04:00,19.727801077352776,19.743919710344624,19.69645881652832,19.69645881652832,23600,0.0,0.0,0.0
2023-08-14 00:00:00-04:00,19.683019994926955,19.69197516822697,19.656156183051564,19.669588088989258,30700,0.0,0.0,0.0
2023-08-15 00:00:00-04:00,19.674062728881836,19.70988341827163,19.656154092211416,19.674062728881836,69200,0.0,0.0,0.0
2023-08-16 00:00:00-04:00,19.674071242700656,19.691981595146135,19.62840206439747,19.633773803710938,80400,0.0,0.0,0.0
2023-08-17 00:00:00-04:00,19.665110163320083,19.665110163320083,19.611380830137566,19.642723083496094,23300,0.0,0.0,0.0
2023-08-18 00:00:00-04:00,19.660635180418982,19.691977436567058,19.656158447265625,19.656158447265625,23300,0.0,0.0,0.0
2023-08-21 00:00:00-04:00,19.638254692171106,19.638254692171106,19.602433982817963,19.61138916015625,57000,0.0,0.0,0.0
2023-08-22 00:00:00-04:00,19.593471540668098,19.620337062721834,19.58630808466369,19.597949981689453,32900,0.0,0.0,0.0
2023-08-23 00:00:00-04:00,19.65616154090952,19.691980535848433,19.65616154090952,19.683025360107422,30000,0.0,0.0,0.0
2023-08-24 00:00:00-04:00,19.656161888571066,19.68123569787933,19.647206712671665,19.665115356445312,111900,0.0,0.0,0.0
2023-08-25 00:00:00-04:00,19.633770361158884,19.651680710463992,19.603324816970105,19.62481689453125,18300,0.0,0.0,0.0
2023-08-28 00:00:00-04:00,19.656163982138796,19.66511745096667,19.629298451579157,19.660640716552734,35800,0.0,0.0,0.0
2023-08-29 00:00:00-04:00,19.64720532644318,19.750187279982573,19.6463086132989,19.73675537109375,64600,0.0,0.0,0.0
2023-08-30 00:00:00-04:00,19.76899417203503,19.772575900815408,19.73675690498644,19.745710372924805,19200,0.0,0.0,0.0
2023-08-31 00:00:00-04:00,19.76272138472899,19.78152673771993,19.747497759732788,19.772571563720703,57100,0.0,0.0,0.0
2023-09-01 00:00:00-04:00,19.808505629472247,19.808505629472247,19.736638101403344,19.75011444091797,64800,0.07,0.0,0.0
2023-09-05 00:00:00-04:00,19.727658526193707,19.727658526193707,19.687234639660634,19.696216583251953,70500,0.0,0.0,0.0
2023-09-06 00:00:00-04:00,19.702501610695336,19.702501610695336,19.639617735539492,19.64231300354004,62700,0.0,0.0,0.0
2023-09-07 00:00:00-04:00,19.673759324078265,19.70071029663086,19.66657308344723,19.70071029663086,41800,0.0,0.0,0.0
2023-09-08 00:00:00-04:00,19.718675791915008,19.733946123482358,19.682741165161133,19.682741165161133,58400,0.0,0.0,0.0
2023-09-11 00:00:00-04:00,19.67734677194856,19.691720962524414,19.67375365266884,19.691720962524414,139200,0.0,0.0,0.0
2023-09-12 00:00:00-04:00,19.682741165161133,19.682741165161133,19.664773851784197,19.682741165161133,90600,0.0,0.0,0.0
2023-09-13 00:00:00-04:00,19.673756348137292,19.716877212315797,19.673756348137292,19.705198287963867,45000,0.0,0.0,0.0
2023-09-14 00:00:00-04:00,19.736637523706374,19.736637523706374,19.68273730759663,19.691720962524414,49800,0.0,0.0,0.0
2023-09-15 00:00:00-04:00,19.68274129922847,19.68274129922847,19.655790328979492,19.655790328979492,39500,0.0,0.0,0.0
2023-09-18 00:00:00-04:00,19.63782087484015,19.672855929867755,19.63782087484015,19.664770126342773,21400,0.0,0.0,0.0
2023-09-19 00:00:00-04:00,19.646804938909455,19.65129590976774,19.615361289073363,19.619853973388672,40800,0.0,0.0,0.0
2023-09-20 00:00:00-04:00,19.664774494302904,19.667469762743238,19.592906951904297,19.592906951904297,91800,0.0,0.0,0.0
2023-09-21 00:00:00-04:00,19.574940562232214,19.592906162014554,19.565956905612396,19.579431533813477,74600,0.0,0.0,0.0
2023-09-22 00:00:00-04:00,19.60189325883837,19.628844233427824,19.592909600641885,19.615367889404297,56400,0.0,0.0,0.0
2023-09-25 00:00:00-04:00,19.601885956723102,19.61985326642287,19.583918647023335,19.588411331176758,55500,0.0,0.0,0.0
2023-09-26 00:00:00-04:00,19.610872541525012,19.610872541525012,19.58302372136672,19.5902099609375,1332900,0.0,0.0,0.0
2023-09-27 00:00:00-04:00,19.61985255718388,19.61985255718388,19.53451040938046,19.556968688964844,40700,0.0,0.0,0.0
2023-09-28 00:00:00-04:00,19.57493559235892,19.610868496257908,19.54798462934203,19.601884841918945,65900,0.0,0.0,0.0
2023-09-29 00:00:00-04:00,19.65489662549577,19.65489662549577,19.610877897552438,19.62884521484375,34500,0.0,0.0,0.0
2023-10-02 00:00:00-04:00,19.57024558709873,19.579260186057635,19.552218108539865,19.556724548339844,33100,0.075,0.0,0.0
2023-10-03 00:00:00-04:00,19.552221745855277,19.56574278712949,19.49993774991077,19.50714874267578,58400,0.0,0.0,0.0
2023-10-04 00:00:00-04:00,19.543202572453378,19.579259247201076,19.516158776873453,19.574752807617188,44100,0.0,0.0,0.0
2023-10-05 00:00:00-04:00,19.615317485078723,19.615317485078723,19.59278184862104,19.610809326171875,351400,0.0,0.0,0.0
2023-10-06 00:00:00-04:00,19.543204321840665,19.57926099981594,19.534189722507094,19.561233520507812,63700,0.0,0.0,0.0
2023-10-09 00:00:00-04:00,19.642367206793818,19.696453094482422,19.642367206793818,19.696453094482422,23300,0.0,0.0,0.0
2023-10-10 00:00:00-04:00,19.651378972724636,19.687437375375744,19.633351490758354,19.664901733398438,56300,0.0,0.0,0.0
2023-10-11 00:00:00-04:00,19.66039276123047,19.67842196181125,19.64236528000889,19.66039276123047,71100,0.0,0.0,0.0
2023-10-12 00:00:00-04:00,19.651374159539245,19.651374159539245,19.597288288169036,19.610809326171875,95800,0.0,0.0,0.0
2023-10-13 00:00:00-04:00,19.660388164262276,19.660388164262276,19.633346089073253,19.64236068725586,31800,0.0,0.0,0.0
2023-10-16 00:00:00-04:00,19.615313977907093,19.615313977907093,19.58827018737793,19.58827018737793,104900,0.0,0.0,0.0
2023-10-17 00:00:00-04:00,19.534188098524233,19.534188098524233,19.480102226378268,19.50263786315918,413700,0.0,0.0,0.0
2023-10-18 00:00:00-04:00,19.498131926275022,19.50534463757965,19.46207524718817,19.480104446411133,70900,0.0,0.0,0.0
2023-10-19 00:00:00-04:00,19.45305827465372,19.507144146366034,19.45305827465372,19.489116668701172,80800,0.0,0.0,0.0
2023-10-20 00:00:00-04:00,19.525175123173522,19.570246400482365,19.525175123173522,19.561233520507812,104300,0.0,0.0,0.0
2023-10-23 00:00:00-04:00,19.5431989225212,19.58827018737793,19.52516972883509,19.58827018737793,79100,0.0,0.0,0.0
2023-10-24 00:00:00-04:00,19.579259247201076,19.588273845727716,19.547709012037267,19.574752807617188,103700,0.0,0.0,0.0
2023-10-25 00:00:00-04:00,19.56124051099769,19.56124051099769,19.516167498222337,19.520675659179688,94800,0.0,0.0,0.0
2023-10-26 00:00:00-04:00,19.552214489620173,19.606300354003906,19.552214489620173,19.606300354003906,62100,0.0,0.0,0.0
2023-10-27 00:00:00-04:00,19.62433005274657,19.633344650268555,19.597286260180617,19.633344650268555,137800,0.0,0.0,0.0
2023-10-30 00:00:00-04:00,19.597288288169036,19.615317485078723,19.583767250166197,19.610809326171875,172600,0.0,0.0,0.0
2023-10-31 00:00:00-04:00,19.606302104357898,19.61531670245307,19.588272908167554,19.59278106689453,85700,0.0,0.0,0.0
2023-11-01 00:00:00-04:00,19.61358074640199,19.703102428845355,19.595494965689497,19.689538955688477,193200,0.068,0.0,0.0
2023-11-02 00:00:00-04:00,19.731133139000193,19.74469661096611,19.694057809221537,19.70400619506836,210800,0.0,0.0,0.0
2023-11-03 00:00:00-04:00,19.812517166137695,19.83060294503012,19.783580954762698,19.812517166137695,80600,0.0,0.0,0.0
2023-11-06 00:00:00-05:00,19.749221952841424,19.76730773474497,19.722093279986098,19.74017906188965,140000,0.0,0.0,0.0
2023-11-07 00:00:00-05:00,19.758256452826153,19.794426276517502,19.753734146893258,19.78086280822754,135700,0.0,0.0,0.0
2023-11-08 00:00:00-05:00,19.776342227049007,19.794426276517502,19.76729933993758,19.78086280822754,105000,0.0,0.0,0.0
2023-11-09 00:00:00-05:00,19.78539624397548,19.78539624397548,19.7040136566071,19.708534240722656,584900,0.0,0.0,0.0
2023-11-10 00:00:00-05:00,19.75826928977118,19.75826928977118,19.694970763620507,19.708534240722656,106500,0.0,0.0,0.0
2023-11-13 00:00:00-05:00,19.68592787063391,19.713054824838213,19.667842084660727,19.708534240722656,68200,0.0,0.0,0.0
2023-11-14 00:00:00-05:00,19.848687661578257,19.880336910568662,19.83964477261604,19.871294021606445,70000,0.0,0.0,0.0
2023-11-15 00:00:00-05:00,19.830606914736073,19.830606914736073,19.785392458453945,19.803478240966797,161300,0.0,0.0,0.0
2023-11-16 00:00:00-05:00,19.86677171474798,19.884857492672417,19.857728825785763,19.871294021606445,155800,0.0,0.0,0.0
2023-11-17 00:00:00-05:00,19.875816811758327,19.875816811758327,19.839646976645984,19.85321044921875,434700,0.0,0.0,0.0
2023-11-20 00:00:00-05:00,19.857732788674593,19.866775679441446,19.83060584112909,19.862255096435547,137200,0.0,0.0,0.0
2023-11-21 00:00:00-05:00,19.884859251326805,19.897518952042613,19.871295779061256,19.880338668823242,383300,0.0,0.0,0.0
2023-11-22 00:00:00-05:00,19.893900381634634,19.893900381634634,19.850495204517873,19.871294021606445,715800,0.0,0.0,0.0
2023-11-24 00:00:00-05:00,19.839645369128224,19.848688258362333,19.830602479894118,19.83512306213379,44100,0.0,0.0,0.0
2023-11-27 00:00:00-05:00,19.866769181558826,19.902036961440935,19.857726293749657,19.898418426513672,341500,0.0,0.0,0.0
2023-11-28 00:00:00-05:00,19.90294697479829,19.97528837520501,19.89390408415307,19.970766067504883,382700,0.0,0.0,0.0
2023-11-29 00:00:00-05:00,20.02050019921804,20.0458196019788,20.002416143499616,20.025022506713867,148100,0.0,0.0,0.0
2023-11-30 00:00:00-05:00,20.01145695885649,20.01145695885649,19.969861044299442,19.981616973876953,3385400,0.0,0.0,0.0
2023-12-01 00:00:00-05:00,19.997933820231147,20.09765208764959,19.98886836600596,20.07952117919922,703300,0.055,0.0,0.0
2023-12-04 00:00:00-05:00,20.052327763189002,20.056859626047476,20.01606594408639,20.034196853637695,164100,0.0,0.0,0.0
2023-12-05 00:00:00-05:00,20.07045988485864,20.097656253171024,20.052330701709337,20.093124389648438,124600,0.0,0.0,0.0
2023-12-06 00:00:00-05:00,20.106714073266772,20.106714073266772,20.088583167944165,20.09764862060547,121700,0.0,0.0,0.0
2023-12-07 00:00:00-05:00,20.106712341308594,20.133906967891708,20.09764688942817,20.106712341308594,391100,0.0,0.0,0.0
2023-12-08 00:00:00-05:00,20.052329499616594,20.061393226118415,20.00972203138731,20.02513313293457,600900,0.0,0.0,0.0
2023-12-11 00:00:00-05:00,20.007000489310737,20.034196853637695,19.98886957975943,20.034196853637695,271400,0.0,0.0,0.0
2023-12-12 00:00:00-05:00,20.034197026835425,20.05685979944113,20.016066117127377,20.043262481689453,1212000,0.0,0.0,0.0
2023-12-13 00:00:00-05:00,20.065924375629525,20.224565505981445,20.054139111929487,20.224565505981445,1862900,0.0,0.0,0.0
2023-12-14 00:00:00-05:00,20.268209516607158,20.313673624762835,20.268209516607158,20.286394119262695,778300,0.068,0.0,0.0
2023-12-15 00:00:00-05:00,20.25002586410797,20.282759887571967,20.24275028773669,20.259119033813477,2773000,0.0,0.0,0.0
2023-12-18 00:00:00-05:00,20.268211133983566,20.268211133983566,20.23183845708089,20.250024795532227,373200,0.0,0.0,0.0
2023-12-19 00:00:00-05:00,20.240929214934276,20.268208719361382,20.240929214934276,20.254568099975586,169700,0.0,0.0,0.0
2023-12-20 00:00:00-05:00,20.295496545212774,20.31186356224058,20.26821876161489,20.30913543701172,162200,0.0,0.0,0.0
2023-12-21 00:00:00-05:00,20.331869235803754,20.350053846753895,20.298224670441634,20.30913543701172,190600,0.0,0.0,0.0
2023-12-22 00:00:00-05:00,20.340952018380886,20.340952018380886,20.30457934636891,20.318218231201172,144800,0.0,0.0,0.0
2023-12-26 00:00:00-05:00,20.31367655121067,20.322769721020705,20.2954902115906,20.311857223510742,483600,0.0,0.0,0.0
2023-12-27 00:00:00-05:00,20.331859548596352,20.377323655828146,20.331859548596352,20.372777938842773,305500,0.0,0.0,0.0
2023-12-28 00:00:00-05:00,20.350045825273487,20.377325332463815,20.340954390554703,20.35459327697754,259700,0.0,0.0,0.0
2023-12-29 00:00:00-05:00,20.32277135564603,20.368235474008227,20.32277135564603,20.359142303466797,91700,0.0,0.0,0.0
2024-01-02 00:00:00-05:00,20.313682890508264,20.32277606315601,20.30458971786052,20.30913543701172,190200,0.0,0.0,0.0
2024-01-03 00:00:00-05:00,20.28639788550511,20.33186373644624,20.268213279473535,20.327316284179688,112200,0.0,0.0,0.0
2024-01-04 00:00:00-05:00,20.29549161065081,20.29549161065081,20.269122630425336,20.28185272216797,181000,0.0,0.0,0.0
2024-01-05 00:00:00-05:00,20.259119033813477,20.322769487407246,20.25002586410797,20.259119033813477,153000,0.0,0.0,0.0
2024-01-08 00:00:00-05:00,20.268210252950478,20.33913454174514,20.268210252950478,20.30003547668457,198500,0.0,0.0,0.0
2024-01-09 00:00:00-05:00,20.27730168743626,20.322767531588262,20.27730168743626,20.30003547668457,312700,0.0,0.0,0.0
2024-01-10 00:00:00-05:00,20.331860700418666,20.331860700418666,20.28639485626666,20.30003547668457,198500,0.0,0.0,0.0
2024-01-11 00:00:00-05:00,20.331859548596352,20.377323655828146,20.318218928951197,20.372777938842773,143700,0.0,0.0,0.0
2024-01-12 00:00:00-05:00,20.413698759559885,20.448252109534025,20.40460559016198,20.427337646484375,269300,0.0,0.0,0.0
2024-01-16 00:00:00-05:00,20.38641682414341,20.4136963290892,20.350044150882358,20.372777938842773,143300,0.0,0.0,0.0
2024-01-17 00:00:00-05:00,20.31367436275786,20.31367436275786,20.28639485626666,20.30003547668457,237500,0.0,0.0,0.0
2024-01-18 00:00:00-05:00,20.304583434726496,20.320950446689622,20.28639709505866,20.295490264892578,132400,0.0,0.0,0.0
2024-01-19 00:00:00-05:00,20.286401188914823,20.286401188914823,20.264577923778386,20.272762298583984,215400,0.0,0.0,0.0
2024-01-22 00:00:00-05:00,20.295496545212774,20.32277606315601,20.295496545212774,20.30913543701172,604200,0.0,0.0,0.0
2024-01-23 00:00:00-05:00,20.30457878112793,20.30457878112793,20.286392445628216,20.30457878112793,207400,0.0,0.0,0.0
2024-01-24 00:00:00-05:00,20.322773367584198,20.331866539025842,20.268216073279447,20.277307510375977,205200,0.0,0.0,0.0
2024-01-25 00:00:00-05:00,20.313675995477794,20.33186233460033,20.30003710830827,20.322769165039062,161800,0.0,0.0,0.0
2024-01-26 00:00:00-05:00,20.32277606315601,20.32277606315601,20.295496545212774,20.30913543701172,153800,0.0,0.0,0.0
2024-01-29 00:00:00-05:00,20.33186122149126,20.35913899433693,20.324585645633707,20.35459327697754,87500,0.0,0.0,0.0
2024-01-30 00:00:00-05:00,20.350048342477816,20.359141512666042,20.31367739606979,20.327316284179688,167000,0.0,0.0,0.0
2024-01-31 00:00:00-05:00,20.395514657851432,20.431885605087672,20.37732831706085,20.422792434692383,257400,0.0,0.0,0.0
2024-02-01 00:00:00-05:00,20.46750552347067,20.494879583773937,20.4401297227007,20.449254989624023,181100,0.079,0.0,0.0
2024-02-02 00:00:00-05:00,20.348878756811235,20.36530528152327,20.31237942965123,20.33519172668457,296600,0.0,0.0,0.0
2024-02-05 00:00:00-05:00,20.29412411573036,20.29412411573036,20.24849953241016,20.253061294555664,236200,0.0,0.0,0.0
2024-02-06 00:00:00-05:00,20.266752721667775,20.32150432209894,20.266752721667775,20.307815551757812,254300,0.0,0.0,0.0
2024-02-07 00:00:00-05:00,20.312375916309083,20.338837967434728,20.294125385652446,20.298688888549805,99800,0.0,0.0,0.0
2024-02-08 00:00:00-05:00,20.294126915779266,20.294126915779266,20.266751117730244,20.27131462097168,96000,0.0,0.0,0.0
2024-02-09 00:00:00-05:00,20.25763191606098,20.26675544355816,20.239381380132823,20.26219367980957,131700,0.0,0.0,0.0
2024-02-12 00:00:00-05:00,20.275876383746585,20.285001649762926,20.257627592180434,20.27131462097168,75900,0.0,0.0,0.0
2024-02-13 00:00:00-05:00,20.19375440045231,20.19375440045231,20.13900453486954,20.14356803894043,114000,0.0,0.0,0.0
2024-02-14 00:00:00-05:00,20.175500466256484,20.211999787191893,20.166375200906028,20.198312759399414,172700,0.0,0.0,0.0
2024-02-15 00:00:00-05:00,20.248505661992482,20.248505661992482,20.212004591913768,20.230255126953125,355300,0.0,0.0,0.0
2024-02-16 00:00:00-05:00,20.157250848128022,20.18462664541876,20.148125582364443,20.1663761138916,157000,0.0,0.0,0.0
2024-02-20 00:00:00-05:00,20.212005615234375,20.230256151197747,20.20288034725269,20.212005615234375,218400,0.0,0.0,0.0
2024-02-21 00:00:00-05:00,20.22113371851694,20.22113371851694,20.166383843416998,20.180070877075195,398500,0.0,0.0,0.0
2024-02-22 00:00:00-05:00,20.17549858096883,20.18462384546658,20.148122787475586,20.148122787475586,261200,0.0,0.0,0.0
2024-02-23 00:00:00-05:00,20.166377000629332,20.193751058657252,20.157251734464506,20.184627532958984,214900,0.0,0.0,0.0
2024-02-26 00:00:00-05:00,20.166380440450833,20.180067471799422,20.148129905008147,20.157255172729492,99500,0.0,0.0,0.0
2024-02-27 00:00:00-05:00,20.166380440450833,20.18463097589352,20.148129905008147,20.157255172729492,179000,0.0,0.0,0.0
2024-02-28 00:00:00-05:00,20.18463015779018,20.202878952026367,20.170029381934445,20.202878952026367,152400,0.0,0.0,0.0
2024-02-29 00:00:00-05:00,20.212005615234375,20.230256151197747,20.20288034725269,20.212005615234375,220900,0.0,0.0,0.0
2024-03-01 00:00:00-05:00,20.23122845433158,20.286154376578896,20.199188187515347,20.267845153808594,149800,0.071,0.0,0.0
2024-03-04 00:00:00-05:00,20.246787385677727,20.267841416524092,20.231224723799006,20.240379333496094,151600,0.0,0.0,0.0
2024-03-05 00:00:00-05:00,20.286149978637695,20.29530458803817,20.258686150436272,20.286149978637695,155500,0.0,0.0,0.0
2024-03-06 00:00:00-05:00,20.295305290812156,20.321852436748546,20.276996071377205,20.281574249267578,185200,0.0,0.0,0.0
2024-03-07 00:00:00-05:00,20.322771573717247,20.331924438476562,20.30446235207166,20.331924438476562,158600,0.0,0.0,0.0
2024-03-08 00:00:00-05:00,20.359385819115865,20.359385819115865,20.331921989954882,20.33650016784668,153400,0.0,0.0,0.0
2024-03-11 00:00:00-04:00,20.341071451751695,20.341071451751695,20.313609375604088,20.318185806274414,156500,0.0,0.0,0.0
2024-03-12 00:00:00-04:00,20.304459197438643,20.304459197438643,20.27699536923722,20.286149978637695,124800,0.0,0.0,0.0
2024-03-13 00:00:00-04:00,20.267845153808594,20.286154376578896,20.258690542423444,20.267845153808594,137100,0.0,0.0,0.0
2024-03-14 00:00:00-04:00,20.24038427481013,20.24038427481013,20.203765827082066,20.217496871948242,134100,0.0,0.0,0.0
2024-03-15 00:00:00-04:00,20.19460678100586,20.202846453754592,20.185452171083927,20.19460678100586,130800,0.0,0.0,0.0
2024-03-18 00:00:00-04:00,20.194608025403035,20.194608025403035,20.167145940008325,20.185453414916992,100700,0.0,0.0,0.0
2024-03-19 00:00:00-04:00,20.212913513183594,20.22206812197884,20.199182473022272,20.212913513183594,94400,0.0,0.0,0.0
2024-03-20 00:00:00-04:00,20.22207698989308,20.267848307878147,20.21292237708329,20.25869369506836,138600,0.0,0.0,0.0
2024-03-21 00:00:00-04:00,20.27700292068793,20.27700292068793,20.249540828322434,20.25869369506836,154600,0.0,0.0,0.0
2024-03-22 00:00:00-04:00,20.286154455351763,20.304463678193162,20.286154455351763,20.29530906677246,143600,0.0,0.0,0.0
2024-03-25 00:00:00-04:00,20.295309650614197,20.295309650614197,20.26784581556204,20.277000427246094,94300,0.0,0.0,0.0
2024-03-26 00:00:00-04:00,20.26784146165973,20.286150681094682,20.258686851942258,20.281574249267578,159300,0.0,0.0,0.0
2024-03-27 00:00:00-04:00,20.30446881460819,20.33193090975377,20.29531420087165,20.313623428344727,263200,0.0,0.0,0.0
2024-03-28 00:00:00-04:00,20.286149978637695,20.29530458803817,20.267840759836748,20.286149978637695,229500,0.0,0.0,0.0
2024-04-01 00:00:00-04:00,20.291663378517775,20.291663378517775,20.2089900970459,20.2089900970459,135100,0.076,0.0,0.0
2024-04-02 00:00:00-04:00,20.208992393131293,20.227364624895166,20.19980627724936,20.22277069091797,204100,0.0,0.0,0.0
2024-04-03 00:00:00-04:00,20.208992827808167,20.24573729212625,20.190620595649126,20.233795166015625,121600,0.0,0.0,0.0
2024-04-04 00:00:00-04:00,20.2503309015279,20.282481434036193,20.236552602473665,20.277889251708984,148900,0.0,0.0,0.0
2024-04-05 00:00:00-04:00,20.21817883395337,20.245737182042088,20.199806601894227,20.213584899902344,308600,0.0,0.0,0.0
2024-04-08 00:00:00-04:00,20.190622329711914,20.19980844658038,20.176844030445537,20.190622329711914,93900,0.0,0.0,0.0
2024-04-09 00:00:00-04:00,20.208992393131293,20.231956806799907,20.19980627724936,20.22277069091797,118600,0.0,0.0,0.0
2024-04-10 00:00:00-04:00,20.10795080452077,20.10795080452077,20.057428033321823,20.066614151000977,155300,0.0,0.0,0.0
2024-04-11 00:00:00-04:00,20.08958157554366,20.09876594172345,20.07120933903827,20.08498764038086,85800,0.0,0.0,0.0
2024-04-12 00:00:00-04:00,20.117135024422886,20.14469337486059,20.117135024422886,20.127239227294922,179700,0.0,0.0,0.0
2024-04-15 00:00:00-04:00,20.07120933903827,20.094173758633556,20.052837102532877,20.08498764038086,74300,0.0,0.0,0.0
2024-04-16 00:00:00-04:00,20.071204595446833,20.080390711528498,20.048240181278913,20.057424545288086,162300,0.0,0.0,0.0
2024-04-17 00:00:00-04:00,20.080396708734277,20.11713943196202,20.071210589909086,20.103361129760742,121400,0.0,0.0,0.0
2024-04-18 00:00:00-04:00,20.107948566930933,20.107948566930933,20.071205852375805,20.07579803466797,104400,0.0,0.0,0.0
2024-04-19 00:00:00-04:00,20.08498764038086,20.08958157554366,20.07120933903827,20.08498764038086,130700,0.0,0.0,0.0
2024-04-22 00:00:00-04:00,20.080385600074326,20.107942189232315,20.080385600074326,20.09416389465332,89000,0.0,0.0,0.0
2024-04-23 00:00:00-04:00,20.08039224760138,20.135507196234965,20.07671815130216,20.121728897094727,96900,0.0,0.0,0.0
2024-04-24 00:00:00-04:00,20.10795331313683,20.10795331313683,20.089582827559468,20.103361129760742,147600,0.0,0.0,0.0
2024-04-25 00:00:00-04:00,20.071205852375805,20.080391969032735,20.05283361906194,20.07579803466797,173700,0.0,0.0,0.0
2024-04-26 00:00:00-04:00,20.096011683113257,20.09876594172345,20.080395457290965,20.08498764038086,159000,0.0,0.0,0.0
2024-04-29 00:00:00-04:00,20.089582827559468,20.11713943196202,20.089582827559468,20.103361129760742,90800,0.0,0.0,0.0
2024-04-30 00:00:00-04:00,20.080394203556107,20.08958032123526,20.0620219681978,20.066614151000977,406200,0.0,0.0,0.0
2024-05-01 00:00:00-04:00,20.09242065713372,20.13850524713221,20.08320549708138,20.120071411132812,131100,0.073,0.0,0.0
2024-05-02 00:00:00-04:00,20.1384989697312,20.17536487229111,20.120065139477838,20.170757293701172,153000,0.0,0.0,0.0
2024-05-03 00:00:00-04:00,20.249100371006804,20.249100371006804,20.203017548915074,20.226058959960938,189900,0.0,0.0,0.0
2024-05-06 00:00:00-04:00,20.239883454999063,20.239883454999063,20.212234464922815,20.226058959960938,115900,0.0,0.0,0.0
2024-05-07 00:00:00-04:00,20.239883454999063,20.249100371006804,20.221451380930556,20.226058959960938,199600,0.0,0.0,0.0
2024-05-08 00:00:00-04:00,20.2306696296276,20.2306696296276,20.212235796397792,20.221452713012695,197600,0.0,0.0,0.0
2024-05-09 00:00:00-04:00,20.239885446094195,20.258319279923104,20.23067028712689,20.253711700439453,189300,0.0,0.0,0.0
2024-05-10 00:00:00-04:00,20.221451380930556,20.235275875968682,20.212234464922815,20.226058959960938,93000,0.0,0.0,0.0
2024-05-13 00:00:00-04:00,20.249100371006804,20.249100371006804,20.221451380930556,20.226058959960938,82900,0.0,0.0,0.0
2024-05-14 00:00:00-04:00,20.250025285263103,20.258319279923104,20.239885446094195,20.253711700439453,115600,0.0,0.0,0.0
2024-05-15 00:00:00-04:00,20.30439945984792,20.322831531731197,20.2951825449329,20.31822395324707,85000,0.0,0.0,0.0
2024-05-16 00:00:00-04:00,20.322830836236577,20.322830836236577,20.29518185038449,20.299789428710938,96200,0.0,0.0,0.0
2024-05-17 00:00:00-04:00,20.285962332507815,20.295179245924615,20.276745419091014,20.281352996826172,170000,0.0,0.0,0.0
2024-05-20 00:00:00-04:00,20.267536771912305,20.276753689088284,20.258319854736328,20.258319854736328,271300,0.0,0.0,0.0
2024-05-21 00:00:00-04:00,20.285962332507815,20.295179245924615,20.276745419091014,20.281352996826172,81100,0.0,0.0,0.0
2024-05-22 00:00:00-04:00,20.267539403943218,20.276756322316146,20.249105567197365,20.26293182373047,138300,0.0,0.0,0.0
2024-05-23 00:00:00-04:00,20.258314769388424,20.26753168425072,20.221448867885986,20.235273361206055,189500,0.0,0.0,0.0
2024-05-24 00:00:00-04:00,20.230665782748286,20.239880939663824,20.226056446343758,20.235273361206055,69800,0.0,0.0,0.0
2024-05-28 00:00:00-04:00,20.253712261284836,20.258319840896075,20.203020095825195,20.203020095825195,208700,0.0,0.0,0.0
2024-05-29 00:00:00-04:00,20.193801304769618,20.202097056836685,20.175367472140827,20.189193725585938,104300,0.0,0.0,0.0
2024-05-30 00:00:00-04:00,20.221451380930556,20.230668296938298,20.212234464922815,20.226058959960938,127400,0.0,0.0,0.0
2024-05-31 00:00:00-04:00,20.249103626803347,20.29518821425187,20.239886709313645,20.27675437927246,892600,0.0,0.0,0.0
2024-06-03 00:00:00-04:00,20.271198786398294,20.308189107713407,20.271198786398294,20.303565979003906,319000,0.074,0.0,0.0
2024-06-04 00:00:00-04:00,20.31744025800303,20.35443234889482,20.31744025800303,20.345184326171875,169700,0.0,0.0,0.0
2024-06-05 00:00:00-04:00,20.345188360411825,20.382180458638768,20.33594033585509,20.37293243408203,103200,0.0,0.0,0.0
2024-06-06 00:00:00-04:00,20.372925800915276,20.391420080126917,20.36367777936958,20.386796951293945,128200,0.0,0.0,0.0
2024-06-07 00:00:00-04:00,20.317437129012113,20.317437129012113,20.289694828995703,20.303565979003906,120200,0.0,0.0,0.0
2024-06-10 00:00:00-04:00,20.2989444732666,20.2989444732666,20.281372702230225,20.2989444732666,185100,0.0,0.0,0.0
2024-06-11 00:00:00-04:00,20.317446462978083,20.3359425140727,20.308198437430775,20.32669448852539,375100,0.0,0.0,0.0
2024-06-12 00:00:00-04:00,20.428420019736542,20.428420019736542,20.363685607910156,20.363685607910156,161500,0.0,0.0,0.0
2024-06-13 00:00:00-04:00,20.409926168238698,20.437670246530413,20.409926168238698,20.419174194335938,64900,0.0,0.0,0.0
2024-06-14 00:00:00-04:00,20.42841558194189,20.43766360503386,20.42841558194189,20.43303871154785,203400,0.0,0.0,0.0
2024-06-17 00:00:00-04:00,20.40992213496519,20.40992213496519,20.39142608642578,20.39142608642578,137400,0.0,0.0,0.0
2024-06-18 00:00:00-04:00,20.428415298461914,20.456159367352818,20.41916727549828,20.428415298461914,149700,0.0,0.0,0.0
2024-06-20 00:00:00-04:00,20.409926168238698,20.428422220433173,20.400678142141462,20.419174194335938,138300,0.0,0.0,0.0
2024-06-21 00:00:00-04:00,20.456166298724888,20.456166298724888,20.419174194335938,20.419174194335938,83800,0.0,0.0,0.0
2024-06-24 00:00:00-04:00,20.437663321425546,20.437663321425546,20.41916727549828,20.428415298461914,93800,0.0,0.0,0.0
2024-06-25 00:00:00-04:00,20.428415298461914,20.437663321425546,20.41916727549828,20.428415298461914,169800,0.0,0.0,0.0
2024-06-26 00:00:00-04:00,20.419170159234895,20.419170159234895,20.39142608642578,20.39142608642578,140800,0.0,0.0,0.0
2024-06-27 00:00:00-04:00,20.419166848582197,20.43766289412276,20.419166848582197,20.423789978027344,110800,0.0,0.0,0.0
2024-06-28 00:00:00-04:00,20.45615645998855,20.46540271775802,20.40991635174233,20.414541244506836,157500,0.0,0.0,0.0
2024-07-01 00:00:00-04:00,20.38577830462585,20.39505743322631,20.36722181723775,20.37649917602539,135400,0.074,0.0,0.0
2024-07-02 00:00:00-04:00,20.41361646109378,20.42289559004455,20.39505820319224,20.408048629760742,197100,0.0,0.0,0.0
2024-07-03 00:00:00-04:00,20.42289376284709,20.4600085055167,20.413614634726503,20.446090698242188,223000,0.0,0.0,0.0
2024-07-05 00:00:00-04:00,20.497133245863914,20.515691509554657,20.47857498217317,20.501771926879883,130500,0.0,0.0,0.0
2024-07-08 00:00:00-04:00,20.506404876708984,20.506404876708984,20.487846619806632,20.506404876708984,115900,0.0,0.0,0.0
2024-07-09 00:00:00-04:00,20.487850310185035,20.506408570430196,20.478571180062456,20.497129440307617,116300,0.0,0.0,0.0
2024-07-10 00:00:00-04:00,20.515687813274592,20.524966943448156,20.497129552927465,20.51104736328125,185900,0.0,0.0,0.0
2024-07-11 00:00:00-04:00,20.56207872048632,20.594554786490303,20.56207872048632,20.580636978149414,305600,0.0,0.0,0.0
2024-07-12 00:00:00-04:00,20.599201312919334,20.61775780624404,20.580643049781244,20.61311912536621,148000,0.0,0.0,0.0
2024-07-15 00:00:00-04:00,20.617746353149414,20.622386801262873,20.599189870132776,20.617746353149414,158500,0.0,0.0,0.0
2024-07-16 00:00:00-04:00,20.61775232695653,20.636310585162654,20.60012322052975,20.631671905517578,210600,0.0,0.0,0.0
2024-07-17 00:00:00-04:00,20.608473197853467,20.645589714265718,20.608473197853467,20.631671905517578,223500,0.0,0.0,0.0
2024-07-18 00:00:00-04:00,20.61775780624404,20.63631606938213,20.608478674674995,20.61311912536621,276900,0.0,0.0,0.0
2024-07-19 00:00:00-04:00,20.595480498657913,20.608470924006312,20.58991443766054,20.603832244873047,107500,0.0,0.0,0.0
2024-07-22 00:00:00-04:00,20.58991431466886,20.599193442692677,20.571356058621227,20.594552993774414,693800,0.0,0.0,0.0
2024-07-23 00:00:00-04:00,20.589910743718256,20.617746353149414,20.589910743718256,20.617746353149414,394700,0.0,0.0,0.0
2024-07-24 00:00:00-04:00,20.645589592132918,20.65486872118109,20.61775220498841,20.622392654418945,271700,0.0,0.0,0.0
2024-07-25 00:00:00-04:00,20.61775004482402,20.65022610818358,20.608470916748047,20.608470916748047,196100,0.0,0.0,0.0
2024-07-26 00:00:00-04:00,20.664146300593526,20.664146300593526,20.645588043888896,20.65486717224121,143300,0.0,0.0,0.0
2024-07-29 00:00:00-04:00,20.673425544323283,20.673425544323283,20.65486728751508,20.668785095214844,189000,0.0,0.0,0.0
2024-07-30 00:00:00-04:00,20.673429489135742,20.69198597967203,20.654871228786337,20.673429489135742,197900,0.0,0.0,0.0
2024-07-31 00:00:00-04:00,20.701259703125352,20.743014893099406,20.66414496193323,20.734664916992188,345500,0.0,0.0,0.0
2024-08-01 00:00:00-04:00,20.761667330565267,20.808219221232854,20.752358728204804,20.78959846496582,218400,0.075,0.0,0.0
2024-08-02 00:00:00-04:00,20.910627767059285,20.961833953857422,20.892008788401412,20.961833953857422,174900,0.0,0.0,0.0
2024-08-05 00:00:00-04:00,21.013037905168975,21.040969033843634,20.919935918692804,20.938556671142578,373600,0.0,0.0,0.0
2024-08-06 00:00:00-04:00,20.919944449984975,20.93856521002842,20.873394325649787,20.896669387817383,123700,0.0,0.0,0.0
2024-08-07 00:00:00-04:00,20.873387074184244,20.89200782775879,20.854766320609695,20.89200782775879,272600,0.0,0.0,0.0
2024-08-08 00:00:00-04:00,20.845454324384903,20.864075076512844,20.83614394832093,20.859420776367188,254700,0.0,0.0,0.0
2024-08-09 00:00:00-04:00,20.873385452576816,20.8892129143083,20.85476470044887,20.859420776367188,178300,0.0,0.0,0.0
2024-08-12 00:00:00-04:00,20.854773565606344,20.90132546571495,20.854773565606344,20.896669387817383,163900,0.0,0.0,0.0
2024-08-13 00:00:00-04:00,20.91993628800828,20.93855704078678,20.91993628800828,20.933902740478516,164300,0.0,0.0,0.0
2024-08-14 00:00:00-04:00,20.92924796316698,20.957179094068,20.91993758619997,20.943214416503906,176900,0.0,0.0,0.0
2024-08-15 00:00:00-04:00,20.87338759974652,20.87338759974652,20.84545646868143,20.854766845703125,302200,0.0,0.0,0.0
2024-08-16 00:00:00-04:00,20.89200782775879,20.89200782775879,20.854766320609695,20.89200782775879,277700,0.0,0.0,0.0
2024-08-19 00:00:00-04:00,20.882705316880248,20.901326077468692,20.882705316880248,20.887359619140625,125200,0.0,0.0,0.0
2024-08-20 00:00:00-04:00,20.910628663523173,20.92924941875222,20.910628663523173,20.919939041137695,135500,0.0,0.0,0.0
2024-08-21 00:00:00-04:00,20.947864857594087,20.985106358600614,20.933900182602894,20.971139907836914,175000,0.0,0.0,0.0
2024-08-22 00:00:00-04:00,20.929243456699417,20.938553831661725,20.919933081737113,20.924589157104492,222300,0.0,0.0,0.0
2024-08-23 00:00:00-04:00,20.933905286724034,20.98511147520689,20.92459490920234,20.98045539855957,98400,0.0,0.0,0.0
2024-08-26 00:00:00-04:00,20.994420447494573,20.994420447494573,20.96649109020949,20.975801467895508,127600,0.0,0.0,0.0
2024-08-27 00:00:00-04:00,20.966491647221947,20.994421005249023,20.957181269288583,20.994421005249023,191700,0.0,0.0,0.0
2024-08-28 00:00:00-04:00,20.985111845581525,20.994420447494573,20.975801467895508,20.975801467895508,266700,0.0,0.0,0.0
2024-08-29 00:00:00-04:00,20.975795983348984,20.975795983348984,20.95717523284572,20.971139907836914,186300,0.0,0.0,0.0
2024-08-30 00:00:00-04:00,20.975800407566926,20.985110784782304,20.957179653136173,20.961833953857422,183600,0.0,0.0,0.0
2024-09-03 00:00:00-04:00,20.990792478658943,21.006673548835394,20.981450567861778,20.995464324951172,190800,0.076,0.0,0.0
2024-09-04 00:00:00-04:00,21.00947786839236,21.056187425864568,21.00947786839236,21.051515579223633,262700,0.0,0.0,0.0
2024-09-05 00:00:00-04:00,21.08421460282361,21.08421460282361,21.04684873291917,21.06553077697754,203000,0.0,0.0,0.0
2024-09-06 00:00:00-04:00,21.09354942149443,21.144929034397112,21.060853628154014,21.11690330505371,305900,0.0,0.0,0.0
2024-09-09 00:00:00-04:00,21.112238211920687,21.130922035882048,21.10476361326363,21.121580123901367,231900,0.0,0.0,0.0
2024-09-10 00:00:00-04:00,21.12157731510333,21.168285087007902,21.12157731510333,21.15894317626953,236600,0.0,0.0,0.0
2024-09-11 00:00:00-04:00,21.140261853746445,21.186971412959757,21.130921723691277,21.144933700561523,322800,0.0,0.0,0.0
2024-09-12 00:00:00-04:00,21.140261853746445,21.149603765589106,21.121579811848616,21.144933700561523,164600,0.0,0.0,0.0
2024-09-13 00:00:00-04:00,21.186970350190823,21.186970350190823,21.163616462649376,21.172958374023438,144200,0.0,0.0,0.0
2024-09-16 00:00:00-04:00,21.186965068206874,21.196306977251965,21.179492253685588,21.191635131835938,106200,0.0,0.0,0.0
2024-09-17 00:00:00-04:00,21.17762843881676,21.17762843881676,21.158944616068645,21.172958374023438,156800,0.0,0.0,0.0
2024-09-18 00:00:00-04:00,21.15894317626953,21.20098088369856,21.135589290317245,21.15894317626953,259500,0.0,0.0,0.0
2024-09-19 00:00:00-04:00,21.15894317626953,21.168285087007902,21.15147036039375,21.15894317626953,166700,0.0,0.0,0.0
2024-09-20 00:00:00-04:00,21.140259046114473,21.186968599124302,21.140259046114473,21.182296752929688,200400,0.0,0.0,0.0
2024-09-23 00:00:00-04:00,21.168286527442703,21.186970350190823,21.150538143083175,21.172958374023438,143500,0.0,0.0,0.0
2024-09-24 00:00:00-04:00,21.1682812501167,21.200977040881025,21.15893934107161,21.191635131835938,442000,0.0,0.0,0.0
2024-09-25 00:00:00-04:00,21.186970350190823,21.186970350190823,21.168286527442703,21.172958374023438,443600,0.0,0.0,0.0
2024-09-26 00:00:00-04:00,21.16828758927443,21.16828758927443,21.140261853746445,21.144933700561523,224700,0.0,0.0,0.0
2024-09-27 00:00:00-04:00,21.16828477792037,21.186968599124302,21.1589428673184,21.182296752929688,180200,0.0,0.0,0.0
2024-09-30 00:00:00-04:00,21.177629501117096,21.177629501117096,21.140261853746445,21.144933700561523,223700,0.0,0.0,0.0
2024-10-01 00:00:00-04:00,21.172110418084237,21.190855521994127,21.162737866129294,21.167423248291016,452400,0.074,0.0,0.0
2024-10-02 00:00:00-04:00,21.15336908852573,21.162741642152998,21.13931115190073,21.158056259155273,117700,0.0,0.0,0.0
2024-10-03 00:00:00-04:00,21.14399781344642,21.14399781344642,21.1158819384963,21.120567321777344,166300,0.0,0.0,0.0
2024-10-04 00:00:00-04:00,21.04090164559034,21.050272411418927,21.00341143174884,21.008098602294922,219300,0.0,0.0,0.0
2024-10-07 00:00:00-04:00,20.975290457663867,20.993098842714723,20.965919693315687,20.984663009643555,224400,0.0,0.0,0.0
2024-10-08 00:00:00-04:00,20.96591985230443,20.998722890666336,20.96591985230443,20.994035720825195,135300,0.0,0.0,0.0
2024-10-09 00:00:00-04:00,20.97528644248603,20.984658992671584,20.96591567993164,20.96591567993164,149400,0.0,0.0,0.0
2024-10-10 00:00:00-04:00,20.994035720825195,21.002471553960337,20.96591985230443,20.994035720825195,213400,0.0,0.0,0.0
2024-10-11 00:00:00-04:00,21.00341146972784,21.022156576682487,20.9959141419987,21.01746940612793,99600,0.0,0.0,0.0
2024-10-14 00:00:00-04:00,20.947173776777603,21.00340729884282,20.947173776777603,20.989349365234375,136000,0.0,0.0,0.0
2024-10-15 00:00:00-04:00,21.03152913015981,21.03152913015981,21.00341146972784,21.01746940612793,310800,0.0,0.0,0.0
2024-10-16 00:00:00-04:00,21.031527380125475,21.040899932822906,21.022154827428043,21.026840209960938,222800,0.0,0.0,0.0
2024-10-17 00:00:00-04:00,21.00341143174884,21.012783985209214,20.994038878288467,21.008098602294922,119700,0.0,0.0,0.0
2024-10-18 00:00:00-04:00,21.031527380125475,21.031527380125475,21.01278227473061,21.026840209960938,138500,0.0,0.0,0.0
2024-10-21 00:00:00-04:00,21.01277969064391,21.01277969064391,20.97528948446461,20.979976654052734,202200,0.0,0.0,0.0
2024-10-22 00:00:00-04:00,20.994036337218798,20.994036337218798,20.96592046787254,20.970605850219727,163300,0.0,0.0,0.0
2024-10-23 00:00:00-04:00,20.965920149947944,20.965920149947944,20.94717504558031,20.951860427856445,191300,0.0,0.0,0.0
2024-10-24 00:00:00-04:00,20.94717139233261,20.975287256349034,20.94717139233261,20.96122932434082,133300,0.0,0.0,0.0
2024-10-25 00:00:00-04:00,20.984663466684037,20.984663466684037,20.94717504558031,20.951860427856445,140200,0.0,0.0,0.0
2024-10-28 00:00:00-04:00,20.947178544630486,20.95655109837991,20.919060883382212,20.93311882019043,108500,0.0,0.0,0.0
2024-10-29 00:00:00-04:00,20.900312125983596,20.9471748865469,20.900312125983596,20.942487716674805,231900,0.0,0.0,0.0
2024-10-30 00:00:00-04:00,20.937801041788752,20.961231526808103,20.90968338718668,20.919055938720703,119400,0.0,0.0,0.0
2024-10-31 00:00:00-04:00,20.900313674800497,20.92843133322214,20.88344379480018,20.91437339782715,153100,0.0,0.0,0.0
2024-11-01 00:00:00-04:00,20.95293319014289,20.95293319014289,20.896505688924858,20.901208877563477,368800,0.076,0.0,0.0
2024-11-04 00:00:00-05:00,20.943523984516155,20.943523984516155,20.915310240133717,20.920013427734375,198500,0.0,0.0,0.0
2024-11-05 00:00:00-05:00,20.92472190111399,20.92472190111399,20.88710356254322,20.910615921020508,217100,0.0,0.0,0.0
2024-11-06 00:00:00-05:00,20.858887491924506,20.887099446552053,20.858887491924506,20.87299346923828,168000,0.0,0.0,0.0
2024-11-07 00:00:00-05:00,20.89650320221135,20.92471694946289,20.88898025377388,20.92471694946289,255800,0.0,0.0,0.0
2024-11-08 00:00:00-05:00,20.92471965921351,20.934124242848583,20.89650590830829,20.90591049194336,190600,0.0,0.0,0.0
2024-11-11 00:00:00-05:00,20.877699117616988,20.887101907773637,20.872995928797692,20.882400512695312,160200,0.0,0.0,0.0
2024-11-12 00:00:00-05:00,20.84947832333182,20.877692065494564,20.840073742610905,20.858882904052734,247200,0.0,0.0,0.0
2024-11-13 00:00:00-05:00,20.905911075568877,20.905911075568877,20.868294533719368,20.882400512695312,217400,0.0,0.0,0.0
2024-11-14 00:00:00-05:00,20.90590941482762,20.90590941482762,20.844782314960412,20.854185104370117,244400,0.0,0.0,0.0
2024-11-15 00:00:00-05:00,20.84948536592413,20.905911075568877,20.846663811380747,20.882400512695312,259200,0.0,0.0,0.0
2024-11-18 00:00:00-05:00,20.89650513622845,20.89650513622845,20.877697763394114,20.891803741455078,221000,0.0,0.0,0.0
2024-11-19 00:00:00-05:00,20.915314855997533,20.915314855997533,20.896505688924858,20.901208877563477,244500,0.0,0.0,0.0
2024-11-20 00:00:00-05:00,20.88709695946809,20.9059061228073,20.88709695946809,20.896501541137695,189400,0.0,0.0,0.0
2024-11-21 00:00:00-05:00,20.896506272172147,20.90591085597098,20.8682943145166,20.87769889831543,281700,0.0,0.0,0.0
2024-11-22 00:00:00-05:00,20.89650402934149,20.89650402934149,20.858887491924506,20.87299346923828,126800,0.0,0.0,0.0
2024-11-25 00:00:00-05:00,20.934125567525648,20.934125567525648,20.905911814835104,20.92942237854004,282900,0.0,0.0,0.0
2024-11-26 00:00:00-05:00,20.924720983295465,20.934125567525648,20.905911814835104,20.92942237854004,139600,0.0,0.0,0.0
2024-11-27 00:00:00-05:00,20.952928763566213,20.97173613292469,20.948225575921203,20.957630157470703,129500,0.0,0.0,0.0
2024-11-29 00:00:00-05:00,20.971739701549396,20.99054886784903,20.971739701549396,20.98584747314453,79800,0.0,0.0,0.0
2024-12-02 00:00:00-05:00,20.956597618236575,20.994341117814372,20.956597618236575,20.984905242919922,285600,0.074,0.0,0.0
2024-12-03 00:00:00-05:00,21.00377120998216,21.00377120998216,20.977351487435186,20.9896183013916,901600,0.0,0.0,0.0
2024-12-04 00:00:00-05:00,20.98489864790413,21.022642135620117,20.970745739864913,21.022642135620117,280000,0.0,0.0,0.0
2024-12-05 00:00:00-05:00,21.003772516398744,21.013208389282227,20.984900770631782,21.013208389282227,386900,0.0,0.0,0.0
2024-12-06 00:00:00-05:00,21.05095122373745,21.05095122373745,21.03208127665497,21.041515350341797,604300,0.0,0.0,0.0
2024-12-09 00:00:00-05:00,21.03207975234794,21.050949698062812,21.022643879636153,21.027360916137695,170800,0.0,0.0,0.0
2024-12-10 00:00:00-05:00,21.022642135620117,21.022642135620117,21.003770391762124,21.022642135620117,172800,0.0,0.0,0.0
2024-12-11 00:00:00-05:00,21.050949917432217,21.050949917432217,21.003772353090355,21.017925262451172,285200,0.0,0.0,0.0
2024-12-12 00:00:00-05:00,21.01321051678316,21.022646390621986,20.99433876910551,21.003774642944336,280300,0.0,0.0,0.0
2024-12-13 00:00:00-05:00,21.00376979279199,21.00376979279199,20.966026306152344,20.966026306152344,286400,0.0,0.0,0.0
2024-12-16 00:00:00-05:00,20.994341117814372,20.994341117814372,20.975469368025472,20.984905242919922,294000,0.0,0.0,0.0
2024-12-17 00:00:00-05:00,20.984905242919922,20.989624080221706,20.966033493131025,20.984905242919922,220500,0.0,0.0,0.0
2024-12-18 00:00:00-05:00,20.999102190553092,20.999102190553092,20.909158984316676,20.91862678527832,175400,0.075,0.0,0.0
2024-12-19 00:00:00-05:00,20.923363285701047,20.951764885091173,20.923363285701047,20.942298889160156,303100,0.0,0.0,0.0
2024-12-20 00:00:00-05:00,20.980167422902383,20.980167422902383,20.942298023348332,20.947031021118164,5081700,0.0,0.0,0.0
2024-12-23 00:00:00-05:00,20.951764607957003,20.951764607957003,20.923363008942555,20.932830810546875,662800,0.0,0.0,0.0
2024-12-24 00:00:00-05:00,20.942298889160156,20.942298889160156,20.923363285701047,20.942298889160156,228600,0.0,0.0,0.0
2024-12-26 00:00:00-05:00,20.932830222010203,20.951764018888,20.923362420672074,20.947031021118164,254600,0.0,0.0,0.0
2024-12-27 00:00:00-05:00,20.961233139038086,20.961233139038086,20.951765337104273,20.961233139038086,285500,0.0,0.0,0.0
2024-12-30 00:00:00-05:00,20.989635744569743,20.999103546142578,20.98016794299691,20.999103546142578,365700,0.0,0.0,0.0
2024-12-31 00:00:00-05:00,21.01804018244621,21.05590958480054,20.990583014795764,21.015199661254883,795600,0.0,0.0,0.0
2025-01-02 00:00:00-05:00,21.008570481591054,21.018038282773556,20.98963487922605,21.003835678100586,274300,0.0,0.0,0.0
2025-01-03 00:00:00-05:00,20.9991029915616,21.00857079288439,20.980167388916016,20.980167388916016,441500,0.0,0.0,0.0
2025-01-06 00:00:00-05:00,20.999102402915206,21.008570203972596,20.98111303916664,20.994367599487305,292800,0.0,0.0,0.0
2025-01-07 00:00:00-05:00,20.9991029915616,20.9991029915616,20.970699587593224,20.980167388916016,313100,0.0,0.0,0.0
2025-01-08 00:00:00-05:00,20.999102402915206,21.008570203972596,20.984901604228323,20.994367599487305,293000,0.0,0.0,0.0
2025-01-10 00:00:00-05:00,20.98016829027983,20.98016829027983,20.942298889160156,20.942298889160156,468400,0.0,0.0,0.0
2025-01-13 00:00:00-05:00,20.942298612151195,20.951764607957003,20.932830810546875,20.932830810546875,374600,0.0,0.0,0.0
2025-01-14 00:00:00-05:00,20.961230954023055,20.961230954023055,20.94229715792768,20.951763153076172,521700,0.0,0.0,0.0
2025-01-15 00:00:00-05:00,21.008575439453125,21.018043242869958,20.999107636036292,21.008575439453125,385900,0.0,0.0,0.0
2025-01-16 00:00:00-05:00,21.0085720766297,21.03697367653512,20.99910427472837,21.02750587463379,431800,0.0,0.0,0.0
2025-01-17 00:00:00-05:00,21.046445122889914,21.046445122889914,21.018043518066406,21.018043518066406,424000,0.0,0.0,0.0
2025-01-21 00:00:00-05:00,21.046441478436446,21.046441478436446,21.01803987853103,21.02750587463379,239400,0.0,0.0,0.0
2025-01-22 00:00:00-05:00,21.046445122889914,21.046445122889914,21.018043518066406,21.018043518066406,234900,0.0,0.0,0.0
2025-01-23 00:00:00-05:00,21.02750587463379,21.03697367653512,21.0085720766297,21.02750587463379,261500,0.0,0.0,0.0
2025-01-24 00:00:00-05:00,21.027506427559775,21.05590983401064,21.027506427559775,21.04644203186035,226900,0.0,0.0,0.0
2025-01-27 00:00:00-05:00,21.084313480041867,21.093781282299737,21.065377875526128,21.089046478271484,232000,0.0,0.0,0.0
2025-01-28 00:00:00-05:00,21.08431080917096,21.093778610229492,21.0653752070539,21.093778610229492,1293700,0.0,0.0,0.0
2025-01-29 00:00:00-05:00,21.10324967526886,21.10324967526886,21.055910662654416,21.074846267700195,265000,0.0,0.0,0.0
2025-01-30 00:00:00-05:00,21.084312438964844,21.093780240755223,21.07484463717446,21.084312438964844,158000,0.0,0.0,0.0
2025-01-31 00:00:00-05:00,21.103248042545605,21.103248042545605,21.07484463717446,21.084312438964844,256300,0.0,0.0,0.0
2025-02-03 00:00:00-05:00,21.09001103376267,21.099509443862114,21.063411136727222,21.07101058959961,1101300,0.076,0.0,0.0
2025-02-04 00:00:00-05:00,21.080513280834033,21.09951191524031,21.071013057639746,21.09001350402832,226900,0.0,0.0,0.0
2025-02-05 00:00:00-05:00,21.118509010749385,21.12800923243627,21.103310105635977,21.1090087890625,217100,0.0,0.0,0.0
2025-02-06 00:00:00-05:00,21.11851082607962,21.11851082607962,21.099510381072587,21.10426139831543,330800,0.0,0.0,0.0
2025-02-07 00:00:00-05:00,21.09001322355623,21.09001322355623,21.071012777420336,21.08051300048828,162200,0.0,0.0,0.0
2025-02-10 00:00:00-05:00,21.0995116346419,21.0995116346419,21.08051300048828,21.08051300048828,236800,0.0,0.0,0.0
2025-02-11 00:00:00-05:00,21.09001103376267,21.09001103376267,21.07101058959961,21.07101058959961,214000,0.0,0.0,0.0
2025-02-12 00:00:00-05:00,21.061511431451002,21.061511431451002,21.033010763766686,21.042510986328125,766200,0.0,0.0,0.0
2025-02-13 00:00:00-05:00,21.08051081168114,21.08051081168114,21.07101058959961,21.07101058959961,446800,0.0,0.0,0.0
2025-02-14 00:00:00-05:00,21.118509010749385,21.118509010749385,21.1090087890625,21.1090087890625,197800,0.0,0.0,0.0
2025-02-18 00:00:00-05:00,21.09001322355623,21.109011857709845,21.08051300048828,21.08051300048828,246800,0.0,0.0,0.0
2025-02-19 00:00:00-05:00,21.099510192871094,21.109010415289873,21.08431128658677,21.099510192871094,323300,0.0,0.0,0.0
2025-02-20 00:00:00-05:00,21.12800923243627,21.12800923243627,21.1090087890625,21.1090087890625,1698500,0.0,0.0,0.0
2025-02-21 00:00:00-05:00,21.11851585097661,21.16601697479652,21.11851585097661,21.147016525268555,365900,0.0,0.0,0.0
2025-02-24 00:00:00-05:00,21.156513494349333,21.1755139409534,21.1470132710473,21.166013717651367,349200,0.0,0.0,0.0
2025-02-25 00:00:00-05:00,21.185013656342438,21.22301455188976,21.185013656342438,21.21351432800293,503900,0.0,0.0,0.0
2025-02-26 00:00:00-05:00,21.19451253459971,21.232513427734375,21.19451253459971,21.232513427734375,245600,0.0,0.0,0.0
2025-02-27 00:00:00-05:00,21.204013037638383,21.242013931274414,21.204013037638383,21.242013931274414,355800,0.0,0.0,0.0
2025-02-28 00:00:00-05:00,21.24200914948885,21.280008222588577,21.24200914948885,21.275259017944336,369100,0.0,0.0,0.0
2025-03-03 00:00:00-05:00,21.26954128755155,21.29813003540039,21.25048212231899,21.29813003540039,458400,0.069,0.0,0.0
2025-03-04 00:00:00-05:00,21.326721459752232,21.345780629001045,21.28860493883702,21.302898406982422,322900,0.0,0.0,0.0
2025-03-05 00:00:00-05:00,21.317195198069303,21.326722965784114,21.269547271582507,21.27431297302246,681300,0.0,0.0,0.0
2025-03-06 00:00:00-05:00,21.288602065206213,21.298131648544274,21.260967545833356,21.283836364746094,569900,0.0,0.0,0.0
2025-03-07 00:00:00-05:00,21.336247018179552,21.336247018179552,21.26954175597855,21.28860092163086,343800,0.0,0.0,0.0
2025-03-10 00:00:00-04:00,21.317193424484145,21.33625077591075,21.307663839979647,21.32672119140625,191400,0.0,0.0,0.0
2025-03-11 00:00:00-04:00,21.345779482735544,21.345779482735544,21.307662963867188,21.307662963867188,1763600,0.0,0.0,0.0
2025-03-12 00:00:00-04:00,21.29813003540039,21.31718920063295,21.28860045278411,21.29813003540039,306300,0.0,0.0,0.0
2025-03-13 00:00:00-04:00,21.279076788458347,21.326722897209393,21.279076788458347,21.312429428100586,171900,0.0,0.0,0.0
2025-03-14 00:00:00-04:00,21.326716965667195,21.326716965667195,21.28860045278411,21.29813003540039,173400,0.0,0.0,0.0
2025-03-17 00:00:00-04:00,21.298136027474584,21.30766561277194,21.269547271582507,21.27431297302246,260800,0.0,0.0,0.0
2025-03-18 00:00:00-04:00,21.288601390897544,21.29813097393376,21.27621275119225,21.279071807861328,279700,0.0,0.0,0.0
2025-03-19 00:00:00-04:00,21.288603325929493,21.326719843956848,21.269544158124678,21.31719207763672,405300,0.0,0.0,0.0
2025-03-20 00:00:00-04:00,21.355307564711865,21.355307564711865,21.31719104852463,21.33624839782715,170600,0.0,0.0,0.0
2025-03-21 00:00:00-04:00,21.355307564711865,21.36483714815422,21.33624839782715,21.33624839782715,337900,0.0,0.0,0.0
2025-03-24 00:00:00-04:00,21.336246548283476,21.336246548283476,21.29813003540039,21.29813003540039,169900,0.0,0.0,0.0
2025-03-25 00:00:00-04:00,21.298134255475144,21.32672119140625,21.298134255475144,21.32672119140625,221100,0.0,0.0,0.0
2025-03-26 00:00:00-04:00,21.326719843956848,21.326719843956848,21.307662493734313,21.31719207763672,214800,0.0,0.0,0.0
2025-03-27 00:00:00-04:00,21.307663839979647,21.32672119140625,21.307663839979647,21.32672119140625,148500,0.0,0.0,0.0
2025-03-28 00:00:00-04:00,21.35530759334364,21.374366760253906,21.34482559681765,21.374366760253906,204700,0.0,0.0,0.0
2025-03-31 00:00:00-04:00,21.374369138348396,21.39342830737917,21.35530996931762,21.364839553833008,1208800,0.0,0.0,0.0
2025-04-01 00:00:00-04:00,21.389701300131293,21.399261474609375,21.380139301888526,21.399261474609375,351200,0.076,0.0,0.0
2025-04-02 00:00:00-04:00,21.41838456480484,21.41838456480484,21.361014401540473,21.380138397216797,176000,0.0,0.0,0.0
2025-04-03 00:00:00-04:00,21.46619551702587,21.485317689795462,21.447071520491594,21.47575569152832,235000,0.0,0.0,0.0
2025-04-04 00:00:00-04:00,21.552248843630913,21.566590927263352,21.456630697297616,21.494876861572266,256400,0.0,0.0,0.0
2025-04-07 00:00:00-04:00,21.54268685614869,21.54268685614869,21.404040635092315,21.45663070678711,486300,0.0,0.0,0.0
2025-04-08 00:00:00-04:00,21.399261529155897,21.491055253508684,21.399261529155897,21.47575569152832,453300,0.0,0.0,0.0
2025-04-09 00:00:00-04:00,21.437506638615186,21.467148282126743,21.351450489551237,21.41838264465332,1283200,0.0,0.0,0.0
2025-04-10 00:00:00-04:00,21.447068635596118,21.447068635596118,21.40882064767239,21.41838264465332,645300,0.0,0.0,0.0
2025-04-11 00:00:00-04:00,21.389697036496766,21.408819205405965,21.361011047486482,21.370573043823242,244000,0.0,0.0,0.0
2025-04-14 00:00:00-04:00,21.399260097815553,21.437508088325803,21.38969992395256,21.427946090698242,281800,0.0,0.0,0.0
2025-04-15 00:00:00-04:00,21.42794753846955,21.44707153501678,21.42794753846955,21.437509536743164,272200,0.0,0.0,0.0
2025-04-16 00:00:00-04:00,21.437506712759102,21.475752877050667,21.437506712759102,21.45663070678711,2151100,0.0,0.0,0.0
2025-04-17 00:00:00-04:00,21.46619551702587,21.485317689795462,21.456633518758732,21.47575569152832,452300,0.0,0.0,0.0
2025-04-21 00:00:00-04:00,21.456633518758732,21.504441686329738,21.456633518758732,21.47575569152832,342400,0.0,0.0,0.0
2025-04-22 00:00:00-04:00,21.466192703801113,21.48531487406467,21.45663070678711,21.45663070678711,289600,0.0,0.0,0.0
2025-04-23 00:00:00-04:00,21.48531552104484,21.48531552104484,21.43750735829964,21.44228744506836,338100,0.0,0.0,0.0
2025-04-24 00:00:00-04:00,21.475752147619644,21.485314144308873,21.45662997800558,21.470972061157227,645000,0.0,0.0,0.0
2025-04-25 00:00:00-04:00,21.49487640346257,21.504438400268555,21.466192236809025,21.504438400268555,249000,0.0,0.0,0.0
2025-04-28 00:00:00-04:00,21.494875218241532,21.533123203356485,21.494875218241532,21.52834129333496,375100,0.0,0.0,0.0
2025-04-29 00:00:00-04:00,21.542686004462663,21.552248001098633,21.529299573925176,21.552248001098633,477500,0.0,0.0,0.0
2025-04-30 00:00:00-04:00,21.5809326171875,21.5809326171875,21.55224845044592,21.5809326171875,272800,0.0,0.0,0.0
2025-05-01 00:00:00-04:00,21.57613719128468,21.595324946953387,21.518575754123656,21.528169631958008,573600,0.075,0.0,0.0
2025-05-02 00:00:00-04:00,21.528168328372193,21.528168328372193,21.470605064851675,21.484996795654297,384300,0.0,0.0,0.0
2025-05-05 00:00:00-04:00,21.508980573865355,21.508980573865355,21.470605064851675,21.484996795654297,203800,0.0,0.0,0.0
2025-05-06 00:00:00-04:00,21.518576532598587,21.518576532598587,21.4897948980543,21.504186630249023,191000,0.0,0.0,0.0
2025-05-07 00:00:00-04:00,21.489790225351634,21.518571853637695,21.489790225351634,21.518571853637695,278500,0.0,0.0,0.0
2025-05-08 00:00:00-04:00,21.489791686995456,21.499385563743346,21.45141800984879,21.46101188659668,911200,0.0,0.0,0.0
2025-05-09 00:00:00-04:00,21.48979559968607,21.499389478180735,21.47060784269674,21.480201721191406,208400,0.0,0.0,0.0
2025-05-12 00:00:00-04:00,21.432231816899574,21.441825694346022,21.422637939453125,21.422637939453125,343500,0.0,0.0,0.0
2025-05-13 00:00:00-04:00,21.451423306995228,21.451423306995228,21.413047790527344,21.413047790527344,394200,0.0,0.0,0.0
2025-05-14 00:00:00-04:00,21.44182934322066,21.44182934322066,21.403453826904297,21.403453826904297,297700,0.0,0.0,0.0
2025-05-15 00:00:00-04:00,21.432233895670866,21.451421652424838,21.432233895670866,21.44182777404785,231000,0.0,0.0,0.0
2025-05-16 00:00:00-04:00,21.461013535531244,21.470605583171242,21.432231903076172,21.432231903076172,213600,0.0,0.0,0.0
2025-05-19 00:00:00-04:00,21.45142364501953,21.46101752428768,21.432235886483234,21.45142364501953,464100,0.0,0.0,0.0
2025-05-20 00:00:00-04:00,21.46101752428768,21.47060957371046,21.44374744369779,21.45142364501953,475000,0.0,0.0,0.0
2025-05-21 00:00:00-04:00,21.432233895670866,21.451421652424838,21.432233895670866,21.44182777404785,294000,0.0,0.0,0.0
2025-05-22 00:00:00-04:00,21.461014666051554,21.461014666051554,21.441826910070738,21.45621681213379,225600,0.0,0.0,0.0
2025-05-23 00:00:00-04:00,21.49939034426684,21.49939034426684,21.461016658587543,21.46581268310547,203900,0.0,0.0,0.0
2025-05-27 00:00:00-04:00,21.470606885423855,21.484998617446802,21.470606885423855,21.475404739379883,305000,0.0,0.0,0.0
2025-05-28 00:00:00-04:00,21.47060393349968,21.480197810247567,21.46101188659668,21.46101188659668,249000,0.0,0.0,0.0
2025-05-29 00:00:00-04:00,21.48979377746582,21.499387655146975,21.475403875866622,21.48979377746582,304400,0.0,0.0,0.0
2025-05-30 00:00:00-04:00,21.489794120620594,21.528169631958008,21.489794120620594,21.528169631958008,152900,0.0,0.0,0.0
2025-06-02 00:00:00-04:00,21.514694213867188,21.514694213867188,21.495441250754062,21.514694213867188,290100,0.076,0.0,0.0
2025-06-03 00:00:00-04:00,21.514696403174828,21.514696403174828,21.485816955566406,21.485816955566406,488100,0.0,0.0,0.0
2025-06-04 00:00:00-04:00,21.505067382631427,21.54357147216797,21.505067382631427,21.54357147216797,288700,0.0,0.0,0.0
2025-06-05 00:00:00-04:00,21.543571729383313,21.543571729383313,21.514694120902025,21.524320602416992,486800,0.0,0.0,0.0
2025-06-06 00:00:00-04:00,21.49543789658421,21.49543789658421,21.4665584564209,21.4665584564209,249900,0.0,0.0,0.0
2025-06-09 00:00:00-04:00,21.495437622070312,21.495437622070312,21.476184662207316,21.495437622070312,232700,0.0,0.0,0.0
2025-06-10 00:00:00-04:00,21.48581503729683,21.505068000650194,21.48581503729683,21.490629196166992,152900,0.0,0.0,0.0
2025-06-11 00:00:00-04:00,21.52432069542375,21.52432069542375,21.505067732310625,21.514694213867188,247700,0.0,0.0,0.0
2025-06-12 00:00:00-04:00,21.524316696501437,21.553194299742444,21.524316696501437,21.53394317626953,186400,0.0,0.0,0.0
2025-06-13 00:00:00-04:00,21.54356781997435,21.54356781997435,21.514690216733342,21.53394317626953,229600,0.0,0.0,0.0
2025-06-16 00:00:00-04:00,21.533947176980313,21.538759499726783,21.514694213867188,21.514694213867188,200000,0.0,0.0,0.0
2025-06-17 00:00:00-04:00,21.54357147216797,21.54357147216797,21.51469386403146,21.54357147216797,271900,0.0,0.0,0.0
2025-06-18 00:00:00-04:00,21.524318347912555,21.56282243387581,21.524318347912555,21.55319595336914,277700,0.0,0.0,0.0
2025-06-20 00:00:00-04:00,21.562826063039147,21.572452545166016,21.54453703224271,21.572452545166016,181200,0.0,0.0,0.0
2025-06-23 00:00:00-04:00,21.58207902729288,21.610958473673485,21.567640222134447,21.572452545166016,417900,0.0,0.0,0.0
2025-06-24 00:00:00-04:00,21.591701324146175,21.61095428466797,21.582074843885277,21.61095428466797,164000,0.0,0.0,0.0
2025-06-25 00:00:00-04:00,21.582078489082875,21.620582580566406,21.582078489082875,21.620582580566406,141500,0.0,0.0,0.0
2025-06-26 00:00:00-04:00,21.630207061767578,21.63983354276398,21.620580580771176,21.630207061767578,158500,0.0,0.0,0.0
2025-06-27 00:00:00-04:00,21.610955843515054,21.64945993127266,21.610955843515054,21.639833450317383,392800,0.0,0.0,0.0
2025-06-30 00:00:00-04:00,21.639833357953,21.649459838867188,21.63020687703881,21.649459838867188,1449000,0.0,0.0,0.0
2025-07-01 00:00:00-04:00,21.64173366153075,21.64173366153075,21.622418865324715,21.632076263427734,332000,0.072,0.0,0.0
2025-07-02 00:00:00-04:00,21.63207675562256,21.63207675562256,21.612761958977053,21.622419357299805,628500,0.0,0.0,0.0
2025-07-03 00:00:00-04:00,21.61276491742527,21.61276491742527,21.593451960096512,21.60310935974121,208500,0.0,0.0,0.0
2025-07-07 00:00:00-04:00,21.62242231706997,21.62242231706997,21.593451960096512,21.60310935974121,359900,0.0,0.0,0.0
2025-07-08 00:00:00-04:00,21.60310935974121,21.60310935974121,21.583794560451814,21.60310935974121,278400,0.0,0.0,0.0
2025-07-09 00:00:00-04:00,21.593449004291934,21.622419357299805,21.593449004291934,21.622419357299805,227700,0.0,0.0,0.0
2025-07-10 00:00:00-04:00,21.612762451171875,21.617592071423434,21.603106894589622,21.612762451171875,181200,0.0,0.0,0.0
2025-07-11 00:00:00-04:00,21.593449496046937,21.612762451171875,21.593449496046937,21.612762451171875,204700,0.0,0.0,0.0
2025-07-14 00:00:00-04:00,21.603106894589622,21.62241984971456,21.603106894589622,21.612762451171875,244400,0.0,0.0,0.0
2025-07-15 00:00:00-04:00,21.622418991433687,21.622418991433687,21.585721615212325,21.593448638916016,360600,0.0,0.0,0.0
2025-07-16 00:00:00-04:00,21.583791605969182,21.622419357299805,21.583791605969182,21.622419357299805,398300,0.0,0.0,0.0
2025-07-17 00:00:00-04:00,21.622419357299805,21.622419357299805,21.612761958977053,21.622419357299805,240300,0.0,0.0,0.0
2025-07-18 00:00:00-04:00,21.622418373788705,21.645595760316994,21.622418373788705,21.641733169555664,219300,0.0,0.0,0.0
2025-07-21 00:00:00-04:00,21.651390075683594,21.651390075683594,21.64173267801946,21.651390075683594,142300,0.0,0.0,0.0
2025-07-22 00:00:00-04:00,21.66104719482334,21.6707045923633,21.646562019493523,21.656217575073242,578400,0.0,0.0,0.0
2025-07-23 00:00:00-04:00,21.651394169756035,21.651394169756035,21.641736770265776,21.64656639099121,238700,0.0,0.0,0.0
2025-07-24 00:00:00-04:00,21.63207654217163,21.641733940399092,21.62241914394417,21.627248764038086,287800,0.0,0.0,0.0
2025-07-25 00:00:00-04:00,21.63207795710483,21.641735355963974,21.63207795710483,21.63690757751465,317700,0.0,0.0,0.0
2025-07-28 00:00:00-04:00,21.63207654217163,21.63207654217163,21.62241914394417,21.627248764038086,102800,0.0,0.0,0.0
2025-07-29 00:00:00-04:00,21.651394169756035,21.651394169756035,21.632079370775518,21.64656639099121,224800,0.0,0.0,0.0
2025-07-30 00:00:00-04:00,21.63207654217163,21.661048736854013,21.62241914394417,21.627248764038086,288300,0.0,0.0,0.0
2025-07-31 00:00:00-04:00,21.63207654217163,21.641733940399092,21.62241914394417,21.627248764038086,313300,0.0,0.0,0.0
2025-08-01 00:00:00-04:00,21.709610279901533,21.743523827051114,21.704764431366044,21.738677978515625,319800,0.075,0.0,0.0
2025-08-04 00:00:00-04:00,21.743523827051114,21.743523827051114,21.72414412920858,21.738677978515625,342300,0.0,0.0,0.0
2025-08-05 00:00:00-04:00,21.733834496111914,21.733834496111914,21.72414464695971,21.728988647460938,272400,0.0,0.0,0.0
2025-08-06 00:00:00-04:00,21.733834496111914,21.733834496111914,21.72414464695971,21.728988647460938,383500,0.0,0.0,0.0
2025-08-07 00:00:00-04:00,21.733834496111914,21.73867849661314,21.72414464695971,21.728988647460938,255800,0.0,0.0,0.0
2025-08-08 00:00:00-04:00,21.72414727736008,21.733837127685547,21.72414727736008,21.733837127685547,185900,0.0,0.0,0.0
2025-08-11 00:00:00-04:00,21.714455374975103,21.724145224384863,21.714455374975103,21.719301223754883,199100,0.0,0.0,0.0
2025-08-12 00:00:00-04:00,21.733833978129844,21.743523827051114,21.725112559655795,21.738677978515625,210000,0.0,0.0,0.0
2025-08-13 00:00:00-04:00,21.762898733006928,21.762898733006928,21.753210733545806,21.758054733276367,256400,0.0,0.0,0.0
2025-08-14 00:00:00-04:00,21.75321367597238,21.75321367597238,21.733833978129844,21.738677978515625,291800,0.0,0.0,0.0
2025-08-15 00:00:00-04:00,21.762901676743937,21.762901676743937,21.733833978129844,21.738677978515625,295700,0.0,0.0,0.0
2025-08-18 00:00:00-04:00,21.75321367597238,21.75321367597238,21.733833978129844,21.738677978515625,397900,0.0,0.0,0.0
2025-08-19 00:00:00-04:00,21.743527123147498,21.753216973537647,21.743527123147498,21.748371124267578,287800,0.0,0.0,0.0
2025-08-20 00:00:00-04:00,21.73383103832465,21.762898733006928,21.73383103832465,21.758054733276367,373500,0.0,0.0,0.0
2025-08-21 00:00:00-04:00,21.75321367597238,21.75321367597238,21.733833978129844,21.738677978515625,606300,0.0,0.0,0.0
2025-08-22 00:00:00-04:00,21.74352314643173,21.791970541371846,21.74352314643173,21.787126541137695,415000,0.0,0.0,0.0
2025-08-25 00:00:00-04:00,21.772591879492822,21.772591879492822,21.762902030414082,21.76774787902832,291500,0.0,0.0,0.0
2025-08-26 00:00:00-04:00,21.782280692753893,21.791970541371846,21.77259084413594,21.787126541137695,280900,0.0,0.0,0.0
2025-08-27 00:00:00-04:00,21.791973259930494,21.811352959584028,21.782283410103727,21.806507110595703,265700,0.0,0.0,0.0
2025-08-28 00:00:00-04:00,21.791971930848238,21.811351629319812,21.791971930848238,21.796817779541016,279500,0.0,0.0,0.0
2025-08-29 00:00:00-04:00,21.811350534002003,21.82104038275119,21.80166068525282,21.816194534301758,238100,0.0,0.0,0.0
2025-09-02 00:00:00-04:00,21.796751022338867,21.816195491416657,21.796751022338867,21.796751022338867,1298800,0.075,0.0,0.0
2025-09-03 00:00:00-04:00,21.796751493384832,21.825918197631836,21.796751493384832,21.825918197631836,244300,0.0,0.0,0.0
2025-09-04 00:00:00-04:00,21.816195962882837,21.835638578054162,21.816195962882837,21.825918197631836,244500,0.0,0.0,0.0
2025-09-05 00:00:00-04:00,21.8842496910016,21.8842496910016,21.864805221557617,21.864805221557617,462700,0.0,0.0,0.0
2025-09-08 00:00:00-04:00,21.87452861874816,21.884250853986813,21.864806383509503,21.8793888092041,277000,0.0,0.0,0.0
2025-09-09 00:00:00-04:00,21.87452772233823,21.884249957178472,21.855083252657746,21.85994529724121,239800,0.0,0.0,0.0
2025-09-10 00:00:00-04:00,21.864806915670243,21.884251386620807,21.864806915670243,21.86966896057129,459500,0.0,0.0,0.0
2025-09-11 00:00:00-04:00,21.884251386620807,21.884251386620807,21.866752104496022,21.86966896057129,442600,0.0,0.0,0.0
2025-09-12 00:00:00-04:00,21.8842496910016,21.8842496910016,21.864805221557617,21.864805221557617,237400,0.0,0.0,0.0
2025-09-15 00:00:00-04:00,21.884250853986813,21.884250853986813,21.87452861874816,21.8793888092041,381300,0.0,0.0,0.0
2025-09-16 00:00:00-04:00,21.874528139810227,21.893972609861805,21.874528139810227,21.889110565185547,322600,0.0,0.0,0.0
2025-09-17 00:00:00-04:00,21.89397308922547,21.91341755970278,21.87452861874816,21.8793888092041,576200,0.0,0.0,0.0
2025-09-18 00:00:00-04:00,21.864806170581186,21.88425064086914,21.864806170581186,21.88425064086914,278500,0.0,0.0,0.0
2025-09-19 00:00:00-04:00,21.88425064086914,21.88425064086914,21.874528405725165,21.88425064086914,410900,0.0,0.0,0.0
2025-09-22 00:00:00-04:00,21.89397308922547,21.89397308922547,21.87452861874816,21.8793888092041,423500,0.0,0.0,0.0
2025-09-23 00:00:00-04:00,21.884250853986813,21.884250853986813,21.87452861874816,21.8793888092041,303900,0.0,0.0,0.0
2025-09-24 00:00:00-04:00,21.884251386620807,21.884251386620807,21.864806915670243,21.86966896057129,150200,0.0,0.0,0.0
2025-09-25 00:00:00-04:00,21.864807875297924,21.864807875297924,21.84536340349396,21.8502254486084,427300,0.0,0.0,0.0
2025-09-26 00:00:00-04:00,21.855083252657746,21.864805487497986,21.855083252657746,21.85994529724121,265100,0.0,0.0,0.0
2025-09-29 00:00:00-04:00,21.864806915670243,21.874529151145524,21.859946725096005,21.86966896057129,266200,0.0,0.0,0.0
2025-09-30 00:00:00-04:00,21.874529832642864,21.89397430419922,21.874529832642864,21.89397430419922,266300,0.0,0.0,0.0
2025-10-01 00:00:00-04:00,21.915426849780197,21.915426849780197,21.905673432279613,21.910551071166992,276300,0.072,0.0,0.0
2025-10-02 00:00:00-04:00,21.895921875053208,21.915426849780197,21.895921875053208,21.910551071166992,310200,0.0,0.0,0.0
2025-10-03 00:00:00-04:00,21.905673432279613,21.925180267280776,21.905673432279613,21.910551071166992,507600,0.0,0.0,0.0
2025-10-06 00:00:00-04:00,21.89592301873954,21.905674576475302,21.89592301873954,21.900798797607422,253600,0.0,0.0,0.0
2025-10-07 00:00:00-04:00,21.8959245428387,21.925182938631092,21.8959245428387,21.920307159423828,382800,0.0,0.0,0.0
2025-10-08 00:00:00-04:00,21.925180267280776,21.925180267280776,21.905673432279613,21.910551071166992,339100,0.0,0.0,0.0
2025-10-09 00:00:00-04:00,21.90567283703691,21.91542625427246,21.90567283703691,21.91542625427246,572200,0.0,0.0,0.0
2025-10-10 00:00:00-04:00,21.934934616088867,21.94468803400356,21.92518119817418,21.934934616088867,233400,0.0,0.0,0.0
2025-10-13 00:00:00-04:00,21.95444221525088,21.97004619623751,21.94468879699707,21.94468879699707,140800,0.0,0.0,0.0
2025-10-14 00:00:00-04:00,21.95444107055664,21.964194488301906,21.94468765281137,21.95444107055664,314700,0.0,0.0,0.0
2025-10-15 00:00:00-04:00,21.964195800311845,21.964195800311845,21.95444238198397,21.959318161010742,930000,0.0,0.0,0.0
2025-10-16 00:00:00-04:00,21.944690486447964,21.993455721196952,21.944690486447964,21.97882652282715,221700,0.0,0.0,0.0
2025-10-17 00:00:00-04:00,21.993455721196952,21.993455721196952,21.973950743462034,21.97882652282715,376400,0.0,0.0,0.0
2025-10-20 00:00:00-04:00,21.98370361328125,21.98370361328125,21.973950194520214,21.98370361328125,412000,0.0,0.0,0.0
2025-10-21 00:00:00-04:00,21.99345517176787,21.99345517176787,21.98370361328125,21.98370361328125,1685600,0.0,0.0,0.0
2025-10-22 00:00:00-04:00,21.983701110349905,21.99345266772627,21.983701110349905,21.988576889038086,6882600,0.0,0.0,0.0
2025-10-23 00:00:00-04:00,21.98370094260056,21.98370094260056,21.973947525024414,21.973947525024414,615100,0.0,0.0,0.0
2025-10-24 00:00:00-04:00,21.98370361328125,21.99345517176787,21.974924978313993,21.98370361328125,216200,0.0,0.0,0.0
2025-10-27 00:00:00-04:00,21.98370094260056,21.98370094260056,21.973947525024414,21.973947525024414,246000,0.0,0.0,0.0
2025-10-28 00:00:00-04:00,21.973950743462034,21.983704162466722,21.973950743462034,21.97882652282715,541400,0.0,0.0,0.0
2025-10-29 00:00:00-04:00,21.983701873201248,21.983701873201248,21.944688201245164,21.94956398010254,681500,0.0,0.0,0.0
2025-10-30 00:00:00-04:00,21.94468765281137,21.95444107055664,21.934934235066105,21.95444107055664,494700,0.0,0.0,0.0
2025-10-31 00:00:00-04:00,21.95444238198397,21.964195800311845,21.945663747406577,21.959318161010742,282900,0.0,0.0,0.0
2025-11-03 00:00:00-05:00,21.960296533633965,21.960296533633965,21.950510081476086,21.955402374267578,1501900,0.076,0.0,0.0
2025-11-04 00:00:00-05:00,21.960296687276816,21.970083139503167,21.960296687276816,21.96518898010254,368500,0.0,0.0,0.0
2025-11-05 00:00:00-05:00,21.970086747388603,21.970086747388603,21.95051383972168,21.95051383972168,451100,0.0,0.0,0.0
2025-11-06 00:00:00-05:00,21.970085200001577,21.979869786570685,21.965191040141946,21.974977493286133,440300,0.0,0.0,0.0
2025-11-07 00:00:00-05:00,21.970083349435725,21.999440839820387,21.970083349435725,21.979867935180664,747700,0.0,0.0,0.0
2025-11-10 00:00:00-05:00,21.979868032303443,21.98965448466655,21.979868032303443,21.98476219177246,713600,0.0,0.0,0.0
2025-11-11 00:00:00-05:00,21.979866182127672,21.999439085206316,21.979866182127672,21.989652633666992,242500,0.0,0.0,0.0
2025-11-12 00:00:00-05:00,21.989654638104255,21.999441090535647,21.97986818567286,21.994548797607422,375000,0.0,0.0,0.0
2025-11-13 00:00:00-05:00,21.989654387500526,21.989654387500526,21.979867935180664,21.979867935180664,326800,0.0,0.0,0.0
2025-11-14 00:00:00-05:00,21.999440937029654,21.999440937029654,21.979868032303443,21.98476219177246,524400,0.0,0.0,0.0
2025-11-17 00:00:00-05:00,21.979867935180664,21.989654387500526,21.979867935180664,21.979867935180664,321100,0.0,0.0,0.0
2025-11-18 00:00:00-05:00,21.999441090535647,22.00922754296704,21.989654638104255,21.994548797607422,372200,0.0,0.0,0.0
2025-11-19 00:00:00-05:00,21.999441090535647,22.00922754296704,21.989654638104255,21.994548797607422,507400,0.0,0.0,0.0
2025-11-20 00:00:00-05:00,22.009227849705965,22.019014302273753,21.99944139713818,22.014122009277344,712100,0.0,0.0,0.0
2025-11-21 00:00:00-05:00,22.03858731997782,22.03858731997782,22.019014414742276,22.023906707763672,688600,0.0,0.0,0.0
2025-11-24 00:00:00-05:00,22.03858747322904,22.03858747322904,22.028801020543217,22.033693313598633,374800,0.0,0.0,0.0
2025-11-25 00:00:00-05:00,22.03858571941887,22.048372171325898,22.028799267511843,22.04347801208496,260400,0.0,0.0,0.0
2025-11-26 00:00:00-05:00,22.048372171325898,22.048372171325898,22.03858571941887,22.04347801208496,574600,0.0,0.0,0.0
2025-11-28 00:00:00-05:00,22.05816062882223,22.05816062882223,22.038587723228552,22.04837417602539,82500,0.0,0.0,0.0
2025-12-01 00:00:00-05:00,22.04640859793948,22.04640859793948,22.026778311573114,22.03659439086914,369100,0.068,0.0,0.0
2025-12-02 00:00:00-05:00,22.036596802177883,22.046411010322117,22.036596802177883,22.04150390625,378600,0.0,0.0,0.0
2025-12-03 00:00:00-05:00,22.04641014620885,22.056226226194237,22.04641014620885,22.051319122314453,427100,0.0,0.0,0.0
2025-12-04 00:00:00-05:00,22.056226226194237,22.056226226194237,22.04641014620885,22.051319122314453,608200,0.0,0.0,0.0
2025-12-05 00:00:00-05:00,22.056223778480998,22.056223778480998,22.036593492914538,22.04640769958496,395300,0.0,0.0,0.0
2025-12-08 00:00:00-05:00,22.046411010322117,22.046411010322117,22.02678072180775,22.04150390625,350200,0.0,0.0,0.0
2025-12-09 00:00:00-05:00,22.046411010322117,22.046411010322117,22.036596802177883,22.04150390625,701500,0.0,0.0,0.0
2025-12-10 00:00:00-05:00,22.036595075489313,22.066041442066528,22.02677899588833,22.061134338378906,483200,0.0,0.0,0.0
2025-12-11 00:00:00-05:00,22.075858565711684,22.075858565711684,22.06604248564646,22.070951461791992,631400,0.0,0.0,0.0
2025-12-12 00:00:00-05:00,22.06604248564646,22.075858565711684,22.06604248564646,22.070951461791992,265700,0.0,0.0,0.0
2025-12-15 00:00:00-05:00,22.08567237854004,22.08567237854004,22.0758562994825,22.08567237854004,594900,0.0,0.0,0.0
2025-12-16 00:00:00-05:00,22.095488962325994,22.095488962325994,22.085672883044225,22.090579986572266,522600,0.0,0.0,0.0
2025-12-17 00:00:00-05:00,22.08567237854004,22.09548845759758,22.08567237854004,22.08567237854004,340600,0.0,0.0,0.0
2025-12-18 00:00:00-05:00,22.10530748967061,22.10530748967061,22.095491409301758,22.095491409301758,550700,0.0,0.0,0.0
2025-12-19 00:00:00-05:00,22.107305480260305,22.107305480260305,22.097457903099944,22.102380752563477,1158600,0.072,0.0,0.0
2025-12-22 00:00:00-05:00,22.107305480260305,22.107305480260305,22.097457903099944,22.102380752563477,1535500,0.0,0.0,0.0
2025-12-23 00:00:00-05:00,22.087610262122954,22.097457839254865,22.07776268499104,22.092533111572266,2451500,0.0,0.0,0.0
2025-12-24 00:00:00-05:00,22.097457903099944,22.107305480260305,22.08761032593958,22.102380752563477,1162000,0.0,0.0,0.0
2025-12-26 00:00:00-05:00,22.12699883757249,22.12699883757249,22.107305561412765,22.117151260375977,994300,0.0,0.0,0.0
2025-12-29 00:00:00-05:00,22.117153213744675,22.127000791810918,22.117153213744675,22.12207794189453,936500,0.0,0.0,0.0
2025-12-30 00:00:00-05:00,22.12699894779767,22.13684652504324,22.1171513705521,22.13192367553711,637500,0.0,0.0,0.0
2025-12-31 00:00:00-05:00,22.136848386789588,22.136848386789588,22.12700080871582,22.12700080871582,485100,0.0,0.0,0.0
2026-01-02 00:00:00-05:00,22.13684652504324,22.13684652504324,22.12699894779767,22.13192367553711,342900,0.0,0.0,0.0
2026-01-05 00:00:00-05:00,22.136848512568523,22.146696090698242,22.127000934438804,22.146696090698242,1065500,0.0,0.0,0.0
2026-01-06 00:00:00-05:00,22.136848495699105,22.14669607382132,22.136848495699105,22.141773223876953,685200,0.0,0.0,0.0
2026-01-07 00:00:00-05:00,22.14669607382132,22.14669607382132,22.136848495699105,22.141773223876953,418800,0.0,0.0,0.0
2026-01-08 00:00:00-05:00,22.14669607382132,22.14669607382132,22.136848495699105,22.141773223876953,376200,0.0,0.0,0.0
2026-01-09 00:00:00-05:00,22.13684652504324,22.13684652504324,22.12699894779767,22.13192367553711,442600,0.0,0.0,0.0
2026-01-12 00:00:00-05:00,22.13684652504324,22.13684652504324,22.12699894779767,22.13192367553711,458900,0.0,0.0,0.0
2026-01-13 00:00:00-05:00,22.136848495699105,22.14669607382132,22.127000917576893,22.141773223876953,665000,0.0,0.0,0.0
2026-01-14 00:00:00-05:00,22.1368465423584,22.146694119611666,22.1368465423584,22.1368465423584,662800,0.0,0.0,0.0
2026-01-15 00:00:00-05:00,22.13684652504324,22.146694102288805,22.12699894779767,22.13192367553711,788700,0.0,0.0,0.0
2026-01-16 00:00:00-05:00,22.13684652504324,22.13684652504324,22.12699894779767,22.13192367553711,340500,0.0,0.0,0.0
2026-01-20 00:00:00-05:00,22.13684652504324,22.13684652504324,22.12699894779767,22.13192367553711,501400,0.0,0.0,0.0
2026-01-21 00:00:00-05:00,22.146696090698242,22.146696090698242,22.136848512568523,22.146696090698242,594900,0.0,0.0,0.0
2026-01-22 00:00:00-05:00,22.12699894779767,22.13684652504324,22.12699894779767,22.13192367553711,355600,0.0,0.0,0.0
2026-01-23 00:00:00-05:00,22.1368465423584,22.146694119611666,22.1368465423584,22.1368465423584,565200,0.0,0.0,0.0
2026-01-26 00:00:00-05:00,22.14669422975175,22.156541807053994,22.136846652449506,22.15161895751953,443900,0.0,0.0,0.0
2026-01-27 00:00:00-05:00,22.156541807053994,22.156541807053994,22.14669422975175,22.15161895751953,1122000,0.0,0.0,0.0
2026-01-28 00:00:00-05:00,22.166389418937573,22.166389418937573,22.156541841619966,22.16146469116211,610100,0.0,0.0,0.0
2026-01-29 00:00:00-05:00,22.15654379449509,22.166391372680664,22.15654379449509,22.166391372680664,798700,0.0,0.0,0.0
2026-01-30 00:00:00-05:00,22.176237123574126,22.18608470094827,22.16638954619998,22.18115997314453,986800,0.0,0.0,0.0
2026-02-02 00:00:00-05:00,22.187087243236224,22.187087243236224,22.16733169555664,22.16733169555664,433000,0.071,0.0,0.0
2026-02-03 00:00:00-05:00,22.167331405354847,22.177210121151518,22.167331405354847,22.172269821166992,595700,0.0,0.0,0.0
2026-02-04 00:00:00-05:00,22.17721176147461,22.17721176147461,22.167333044947267,22.17721176147461,798400,0.0,0.0,0.0
2026-02-05 00:00:00-05:00,22.19696807861328,22.206846795482534,22.18708936174403,22.19696807861328,984800,0.0,0.0,0.0
2026-02-06 00:00:00-05:00,22.206844329833984,22.206844329833984,22.196965614061575,22.206844329833984,816400,0.0,0.0,0.0
2026-02-09 00:00:00-05:00,22.19696590418667,22.206844620088198,22.19696590418667,22.201906204223633,650200,0.0,0.0,0.0
2026-02-10 00:00:00-05:00,22.226600936979153,22.226600936979153,22.21672222157315,22.221662521362305,446600,0.0,0.0,0.0
2026-02-11 00:00:00-05:00,22.206844329833984,22.206844329833984,22.196965614061575,22.206844329833984,448400,0.0,0.0,0.0
2026-02-12 00:00:00-05:00,22.20684377287867,22.21672248840332,22.196965057354024,22.21672248840332,372200,0.0,0.0,0.0
2026-02-13 00:00:00-05:00,22.236482887788238,22.236482887788238,22.22660417094489,22.231542587280273,610100,0.0,0.0,0.0
2026-02-17 00:00:00-05:00,22.236481270446127,22.236481270446127,22.22660255432129,22.22660255432129,331300,0.0,0.0,0.0
2026-02-18 00:00:00-05:00,22.226600936979153,22.226600936979153,22.21672222157315,22.221662521362305,426100,0.0,0.0,0.0
2026-02-19 00:00:00-05:00,22.216723838196454,22.22660255432129,22.216723838196454,22.22660255432129,242300,0.0,0.0,0.0
2026-02-20 00:00:00-05:00,22.22660417094489,22.236482887788238,22.22660417094489,22.231542587280273,194100,0.0,0.0,0.0
2026-02-23 00:00:00-05:00,22.236482887788238,22.236482887788238,22.22660417094489,22.231542587280273,292200,0.0,0.0,0.0
2026-02-24 00:00:00-05:00,22.231542587280273,22.236482887788238,22.22660417094489,22.231542587280273,288100,0.0,0.0,0.0
2026-02-25 00:00:00-05:00,22.22660417094489,22.236482887788238,22.22660417094489,22.231542587280273,380000,0.0,0.0,0.0
2026-02-26 00:00:00-05:00,22.236482620239258,22.246361336963748,22.226603903514768,22.236482620239258,339800,0.0,0.0,0.0
2026-02-27 00:00:00-05:00,22.266115455352644,22.266115455352644,22.25623674009893,22.26117515563965,272400,0.0,0.0,0.0
2026-03-02 00:00:00-05:00,22.250278573536118,22.250278573536118,22.240373611450195,22.240373611450195,490500,0.064,0.0,0.0
2026-03-03 00:00:00-05:00,22.23046675982553,22.240373611450195,22.220559908200865,22.240373611450195,288100,0.0,0.0,0.0
2026-03-04 00:00:00-05:00,22.240372690078605,22.240372690078605,22.230465838864358,22.23541831970215,328600,0.0,0.0,0.0
2026-03-05 00:00:00-05:00,22.2205610602917,22.2205610602917,22.210654208153386,22.215606689453125,605700,0.0,0.0,0.0
2026-03-06 00:00:00-05:00,22.220559908200865,22.240373611450195,22.220559908200865,22.240373611450195,340600,0.0,0.0,0.0
2026-03-09 00:00:00-04:00,22.230465838864358,22.240372690078605,22.220558987650115,22.23541831970215,300300,0.0,0.0,0.0
2026-03-10 00:00:00-04:00,22.240372690078605,22.240372690078605,22.230465838864358,22.23541831970215,174100,0.0,0.0,0.0
2026-03-11 00:00:00-04:00,22.23046782907195,22.23046782907195,22.220560976970784,22.225513458251953,288000,0.0,0.0,0.0
2026-03-12 00:00:00-04:00,22.22056124498632,22.22056124498632,22.190840688324343,22.1957950592041,863600,0.0,0.0,0.0
2026-03-13 00:00:00-04:00,22.2205610602917,22.2205610602917,22.210654208153386,22.215606689453125,292000,0.0,0.0,0.0
2026-03-16 00:00:00-04:00,22.2205610602917,22.230467912430015,22.210654208153386,22.215606689453125,695200,0.0,0.0,0.0
2026-03-17 00:00:00-04:00,22.23046692555106,22.23046692555106,22.22056007385254,22.22056007385254,217700,0.0,0.0,0.0
2026-03-18 00:00:00-04:00,22.2205610602917,22.2205610602917,22.210654208153386,22.215606689453125,261500,0.0,0.0,0.0
2026-03-19 00:00:00-04:00,22.190840688324343,22.200747540545002,22.180933836103684,22.1957950592041,476600,0.0,0.0,0.0
2026-03-20 00:00:00-04:00,22.19083794230332,22.19083794230332,22.161119278857758,22.180931091308594,390600,0.0,0.0,0.0
2026-03-23 00:00:00-04:00,22.180933836103684,22.200747540545002,22.180933836103684,22.1957950592041,394500,0.0,0.0,0.0
2026-03-24 00:00:00-04:00,22.190840855279802,22.190840855279802,22.171027150689415,22.175981521606445,461600,0.0,0.0,0.0
2026-03-25 00:00:00-04:00,22.190840688324343,22.200747540545002,22.180933836103684,22.1957950592041,230700,0.0,0.0,0.0
2026-03-26 00:00:00-04:00,22.180934002984607,22.190840855279802,22.16607466931125,22.175981521606445,393000,0.0,0.0,0.0
2026-03-27 00:00:00-04:00,22.180933836103684,22.200747540545002,22.171026983883024,22.1957950592041,365400,0.0,0.0,0.0
2026-03-30 00:00:00-04:00,22.210654208153386,22.2205610602917,22.20074735601507,22.215606689453125,507200,0.0,0.0,0.0
2026-03-31 00:00:00-04:00,22.23046692555106,22.23046692555106,22.22056007385254,22.22056007385254,556800,0.0,0.0,0.0
2026-04-01 00:00:00-04:00,22.231494903564453,22.231494903564453,22.221556592027554,22.231494903564453,378200,0.071,0.0,0.0
2026-04-02 00:00:00-04:00,22.241429847074276,22.241429847074276,22.231493431734318,22.236461639404297,1161400,0.0,0.0,0.0
2026-04-06 00:00:00-04:00,22.226524353027344,22.231494456465395,22.221556145128364,22.226524353027344,392500,0.0,0.0,0.0
2026-04-07 00:00:00-04:00,22.241429847074276,22.241429847074276,22.231493431734318,22.236461639404297,372700,0.0,0.0,0.0
2026-04-08 00:00:00-04:00,22.2613058795856,22.2613058795856,22.241429258353854,22.251367568969727,405400,0.0,0.0,0.0
2026-04-09 00:00:00-04:00,22.25136801632951,22.261306327145192,22.241429705513827,22.256338119506836,431900,0.0,0.0,0.0
2026-04-10 00:00:00-04:00,22.261306327145192,22.261306327145192,22.25136801632951,22.256338119506836,255400,0.0,0.0,0.0
2026-04-13 00:00:00-04:00,22.261306327145192,22.261306327145192,22.25136801632951,22.256338119506836,295000,0.0,0.0,0.0
2026-04-14 00:00:00-04:00,22.271243613293564,22.271243613293564,22.26130530293513,22.26627540588379,225200,0.0,0.0,0.0
2026-04-15 00:00:00-04:00,22.271243613293564,22.271243613293564,22.26130530293513,22.26627540588379,346100,0.0,0.0,0.0
2026-04-16 00:00:00-04:00,22.281182807216165,22.281182807216165,22.271244496463627,22.276214599609375,353500,0.0,0.0,0.0
2026-04-17 00:00:00-04:00,22.281184560179817,22.301061183248684,22.281184560179817,22.296091079711914,231200,0.0,0.0,0.0
2026-04-20 00:00:00-04:00,22.29112008155236,22.29112008155236,22.2811817712619,22.286149978637695,685700,0.0,0.0,0.0
2026-04-21 00:00:00-04:00,22.29112008155236,22.29112008155236,22.2811817712619,22.286149978637695,276900,0.0,0.0,0.0
2026-04-22 00:00:00-04:00,22.29112008155236,22.29112008155236,22.2811817712619,22.286149978637695,193200,0.0,0.0,0.0
2026-04-23 00:00:00-04:00,22.29112008155236,22.29112008155236,22.2811817712619,22.286149978637695,326900,0.0,0.0,0.0
2026-04-24 00:00:00-04:00,22.29112287171425,22.301061183248684,22.281184560179817,22.296091079711914,261700,0.0,0.0,0.0
2026-04-27 00:00:00-04:00,22.301061183248684,22.301061183248684,22.29112287171425,22.296091079711914,237600,0.0,0.0,0.0
2026-04-28 00:00:00-04:00,22.29112008155236,22.29112008155236,22.2811817712619,22.286149978637695,312200,0.0,0.0,0.0
2026-04-29 00:00:00-04:00,22.281182807216165,22.291121117968707,22.271244496463627,22.276214599609375,460100,0.0,0.0,0.0
2026-04-30 00:00:00-04:00,22.29112008155236,22.29112008155236,22.2811817712619,22.286149978637695,283800,0.0,0.0,0.0
2026-05-01 00:00:00-04:00,22.289143191875734,22.309078368157635,22.289143191875734,22.294126510620117,712000,0.068,0.0,0.0
2026-05-04 00:00:00-04:00,22.299111882409434,22.299111882409434,22.2791748046875,22.2791748046875,296700,0.0,0.0,0.0
2026-05-05 00:00:00-04:00,22.29911114717487,22.29911114717487,22.289142608642578,22.289142608642578,415000,0.0,0.0,0.0
2026-05-06 00:00:00-04:00,22.309078957698432,22.309078957698432,22.29911231994629,22.29911231994629,330100,0.0,0.0,0.0
2026-05-07 00:00:00-04:00,22.319046755278126,22.319046755278126,22.299111579131697,22.309078216552734,289900,0.0,0.0,0.0
2026-05-08 00:00:00-04:00,22.309078805732376,22.319047344721035,22.309078805732376,22.314064025878906,224600,0.0,0.0,0.0
2026-05-11 00:00:00-04:00,22.319046171620105,22.319046171620105,22.299110995994994,22.304094314575195,348500,0.0,0.0,0.0
2026-05-12 00:00:00-04:00,22.299110995994994,22.309077633155397,22.299110995994994,22.304094314575195,372600,0.0,0.0,0.0
2026-05-13 00:00:00-04:00,22.309077633155397,22.309077633155397,22.299110995994994,22.304094314575195,403400,0.0,0.0,0.0
2026-05-14 00:00:00-04:00,22.319046171620105,22.319046171620105,22.299110995994994,22.304094314575195,413100,0.0,0.0,0.0
2026-05-15 00:00:00-04:00,22.299110995994994,22.309077633155397,22.299110995994994,22.304094314575195,203700,0.0,0.0,0.0
2026-05-18 00:00:00-04:00,22.299110995994994,22.309077633155397,22.299110995994994,22.304094314575195,316900,0.0,0.0,0.0
2026-05-19 00:00:00-04:00,22.309078368157635,22.309078368157635,22.289143191875734,22.294126510620117,414000,0.0,0.0,0.0
2026-05-20 00:00:00-04:00,22.299112168048122,22.319047344721035,22.299112168048122,22.314064025878906,636200,0.0,0.0,0.0
2026-05-21 00:00:00-04:00,22.309077633155397,22.309077633155397,22.299110995994994,22.304094314575195,289900,0.0,0.0,0.0
2026-05-22 00:00:00-04:00,22.319046171620105,22.319046171620105,22.299110995994994,22.304094314575195,382500,0.0,0.0,0.0
2026-05-26 00:00:00-04:00,22.319046609851593,22.32901514851203,22.319046609851593,22.324031829833984,263700,0.0,0.0,0.0
2026-05-27 00:00:00-04:00,22.319046609851593,22.32901514851203,22.319046609851593,22.324031829833984,411500,0.0,0.0,0.0
2026-05-28 00:00:00-04:00,22.319045875638157,22.338982952303176,22.319045875638157,22.333999633789062,517600,0.0,0.0,0.0
2026-05-29 00:00:00-04:00,22.32901441397067,22.338982952303176,22.32901441397067,22.333999633789062,517300,0.0,0.0,0.0
2026-06-01 00:00:00-04:00,22.34000015258789,22.34000015258789,22.329999923706055,22.34000015258789,395100,0.071,0.0,0.0
2026-06-02 00:00:00-04:00,22.34000015258789,22.347999572753906,22.329999923706055,22.334999084472656,451700,0.0,0.0,0.0
2026-06-03 00:00:00-04:00,22.329999923706055,22.34000015258789,22.329999923706055,22.329999923706055,279100,0.0,0.0,0.0
2026-06-04 00:00:00-04:00,22.350000381469727,22.350000381469727,22.34000015258789,22.344999313354492,310000,0.0,0.0,0.0
2026-06-05 00:00:00-04:00,22.34000015258789,22.34000015258789,22.31999969482422,22.329999923706055,388000,0.0,0.0,0.0
2026-06-08 00:00:00-04:00,22.329999923706055,22.34000015258789,22.329999923706055,22.34000015258789,254700,0.0,0.0,0.0
2026-06-09 00:00:00-04:00,22.329999923706055,22.34000015258789,22.329999923706055,22.334999084472656,287400,0.0,0.0,0.0
2026-06-10 00:00:00-04:00,22.350000381469727,22.350000381469727,22.34000015258789,22.344999313354492,976300,0.0,0.0,0.0
2026-06-11 00:00:00-04:00,22.34000015258789,22.360000610351562,22.329999923706055,22.360000610351562,390000,0.0,0.0,0.0
2026-06-12 00:00:00-04:00,22.360000610351562,22.360000610351562,22.350000381469727,22.354999542236328,1245000,0.0,0.0,0.0
2026-06-15 00:00:00-04:00,22.360000610351562,22.3700008392334,22.360000610351562,22.3700008392334,735900,0.0,0.0,0.0
2026-06-16 00:00:00-04:00,22.360000610351562,22.3700008392334,22.360000610351562,22.360000610351562,444600,0.0,0.0,0.0
2026-06-17 00:00:00-04:00,22.360000610351562,22.3700008392334,22.329999923706055,22.329999923706055,550300,0.0,0.0,0.0
2026-06-18 00:00:00-04:00,22.34000015258789,22.350000381469727,22.34000015258789,22.344999313354492,285500,0.0,0.0,0.0
2026-06-22 00:00:00-04:00,22.350000381469727,22.350000381469727,22.329999923706055,22.329999923706055,574200,0.0,0.0,0.0
2026-06-23 00:00:00-04:00,22.350000381469727,22.350000381469727,22.34000015258789,22.34000015258789,824500,0.0,0.0,0.0
2026-06-24 00:00:00-04:00,22.360000610351562,22.360000610351562,22.350000381469727,22.354999542236328,831400,0.0,0.0,0.0
2026-06-25 00:00:00-04:00,22.3700008392334,22.3700008392334,22.360000610351562,22.364999771118164,390600,0.0,0.0,0.0
2026-06-26 00:00:00-04:00,,,,,188721,0.0,0.0,0.0
