Date,Open,High,Low,Close,Volume,Dividends,Stock Splits
2007-02-23 00:00:00-05:00,4.415874481201172,4.428238875843817,4.415874481201172,4.415874481201172,162600,0.0,0.0
2007-02-26 00:00:00-05:00,4.417641639709473,4.417641639709473,4.415875249181254,4.417641639709473,77000,0.0,0.0
2007-02-27 00:00:00-05:00,4.415874692988483,4.433538259141337,4.415874692988483,4.422940254211426,72900,0.0,0.0
2007-02-28 00:00:00-05:00,4.419408196572616,4.442370600494603,4.415875415383215,4.440604209899902,34900,0.0,0.0
2007-03-01 00:00:00-05:00,4.424703705993306,4.437068430863294,4.415872096561904,4.428236484527588,25800,0.0,0.0
2007-03-02 00:00:00-05:00,4.424703705993306,4.440600872493273,4.419404875096186,4.428236484527588,22300,0.0,0.0
2007-03-05 00:00:00-05:00,4.42470609540178,4.426472485622799,4.415874481201172,4.415874481201172,37200,0.0,0.0
2007-03-06 00:00:00-05:00,4.424704366999739,4.426470756530762,4.415872756248984,4.426470756530762,23200,0.0,0.0
2007-03-07 00:00:00-05:00,4.41940726164321,4.42470609540178,4.415874481201172,4.415874481201172,22600,0.0,0.0
2007-03-08 00:00:00-05:00,4.424703705993306,4.428236484527588,4.415872096561904,4.428236484527588,21500,0.0,0.0
2007-03-09 00:00:00-05:00,4.428238875843817,4.428238875843817,4.415874481201172,4.415874481201172,33900,0.0,0.0
2007-03-12 00:00:00-04:00,4.417640871422191,4.417640871422191,4.415874481201172,4.415874481201172,20500,0.0,0.0
2007-03-13 00:00:00-04:00,4.417640871422191,4.42470609540178,4.415874481201172,4.415874481201172,104600,0.0,0.0
2007-03-14 00:00:00-04:00,4.417640871422191,4.417640871422191,4.415874481201172,4.415874481201172,44400,0.0,0.0
2007-03-15 00:00:00-04:00,4.417640871422191,4.417640871422191,4.415874481201172,4.415874481201172,20000,0.0,0.0
2007-03-16 00:00:00-04:00,4.415872096561904,4.428236484527588,4.415872096561904,4.428236484527588,73400,0.0,0.0
2007-03-19 00:00:00-04:00,4.428238875843817,4.428238875843817,4.415874481201172,4.415874481201172,18500,0.0,0.0
2007-03-20 00:00:00-04:00,4.415873813981641,4.430004596710205,4.415873813981641,4.430004596710205,27700,0.0,0.0
2007-03-21 00:00:00-04:00,4.42470609540178,4.430005266064836,4.415874481201172,4.415874481201172,30700,0.0,0.0
2007-03-22 00:00:00-04:00,4.415874481201172,4.42470609540178,4.415874481201172,4.415874481201172,35800,0.0,0.0
2007-03-23 00:00:00-04:00,4.415874481201172,4.422940042085248,4.415874481201172,4.415874481201172,7000,0.0,0.0
2007-03-26 00:00:00-04:00,4.415874481201172,4.42470609540178,4.415874481201172,4.415874481201172,50800,0.0,0.0
2007-03-27 00:00:00-04:00,4.415874481201172,4.417640871422191,4.415874481201172,4.415874481201172,46900,0.0,0.0
2007-03-28 00:00:00-04:00,4.415874481201172,4.41940726164321,4.415874481201172,4.415874481201172,25600,0.0,0.0
2007-03-29 00:00:00-04:00,4.415875249181254,4.417641639709473,4.415875249181254,4.417641639709473,38900,0.0,0.0
2007-03-30 00:00:00-04:00,4.415874481201172,4.417640871422191,4.415874481201172,4.415874481201172,171500,0.0,0.0
2007-04-02 00:00:00-04:00,4.417640871422191,4.417640871422191,4.415874481201172,4.415874481201172,62200,0.0,0.0
2007-04-03 00:00:00-04:00,4.415874481201172,4.417640871422191,4.415874481201172,4.415874481201172,28900,0.0,0.0
2007-04-04 00:00:00-04:00,4.417640871422191,4.417640871422191,4.415874481201172,4.415874481201172,26000,0.0,0.0
2007-04-05 00:00:00-04:00,4.415874481201172,4.417640871422191,4.415874481201172,4.415874481201172,59000,0.0,0.0
2007-04-09 00:00:00-04:00,4.415874481201172,4.417640871422191,4.415874481201172,4.415874481201172,45500,0.0,0.0
2007-04-10 00:00:00-04:00,4.4158750467549375,4.4158750467549375,4.398211479187012,4.398211479187012,73700,0.0,0.0
2007-04-11 00:00:00-04:00,4.398211702254163,4.399978092790996,4.346987724304199,4.346987724304199,185700,0.0,0.0
2007-04-12 00:00:00-04:00,4.346988000855626,4.346988000855626,4.315193642979001,4.3275580406188965,81800,0.0,0.0
2007-04-13 00:00:00-04:00,4.329321307644788,4.338152917614221,4.320489360771029,4.334620475769043,47900,0.0,0.0
2007-04-16 00:00:00-04:00,4.334622276829943,4.348753060795055,4.31519232253874,4.331089496612549,71000,0.0,0.0
2007-04-17 00:00:00-04:00,4.331089372255799,4.368182552760002,4.329322982197819,4.364649772644043,37500,0.0,0.0
2007-04-18 00:00:00-04:00,4.366417125481321,4.375249077718632,4.341688333025909,4.352286338806152,40000,0.0,0.0
2007-04-19 00:00:00-04:00,4.345220823051856,4.35405243779345,4.329323646993382,4.35051965713501,24500,0.0,0.0
2007-04-20 00:00:00-04:00,4.348753629844744,4.366416859434081,4.343454458825238,4.359351634979248,25900,0.0,0.0
2007-04-23 00:00:00-04:00,4.346987708407688,4.355819324155008,4.324024968417381,4.325791358947754,63500,0.0,0.0
2007-04-24 00:00:00-04:00,4.324023845282111,4.36818258635788,4.318725011971872,4.361117362976074,44100,0.0,0.0
2007-04-25 00:00:00-04:00,4.3628826112871915,4.375247001647949,4.348751831317131,4.375247001647949,23600,0.0,0.0
2007-04-26 00:00:00-04:00,4.3752479328845695,4.3752479328845695,4.350518809995289,4.35405158996582,28300,0.0,0.0
2007-04-27 00:00:00-04:00,4.35405047712686,4.396442815224984,4.35228408759306,4.389377593994141,21300,0.0,0.0
2007-04-30 00:00:00-04:00,4.3717166142956625,4.389380183148475,4.332857032343118,4.362884998321533,28000,0.0,0.0
2007-05-01 00:00:00-04:00,4.36111782063548,4.369949435015647,4.338155084199855,4.339921474456787,20600,0.0,0.0
2007-05-02 00:00:00-04:00,4.346986573260572,4.382313363929366,4.346986573260572,4.373481750488281,32700,0.0,0.0
2007-05-03 00:00:00-04:00,4.3858467924389455,4.396444797515869,4.354052440303668,4.396444797515869,39200,0.0,0.0
2007-05-04 00:00:00-04:00,4.382312033549148,4.407041150104953,4.380545644016279,4.401741981506348,56700,0.0,0.0
2007-05-07 00:00:00-04:00,4.412342573362861,4.430006142161785,4.392912950898141,4.4211745262146,61400,0.0,0.0
2007-05-08 00:00:00-04:00,4.392912266633728,4.421173837548007,4.3858467054529084,4.4141082763671875,28700,0.0,0.0
2007-05-09 00:00:00-04:00,4.419407818917997,4.472398184612551,4.403510641828724,4.410575866699219,76100,0.0,0.0
2007-05-10 00:00:00-04:00,4.410574561032542,4.4582660781821914,4.401742948332723,4.447668075561523,51300,0.0,0.0
2007-05-11 00:00:00-04:00,4.442369574080881,4.447668744640603,4.42470600911962,4.43353796005249,31000,0.0,0.0
2007-05-14 00:00:00-04:00,4.437070846557617,4.458266855494542,4.430005285642317,4.437070846557617,37700,0.0,0.0
2007-05-15 00:00:00-04:00,4.433539576560596,4.447670366300922,4.424707622407516,4.4317731857299805,35200,0.0,0.0
2007-05-16 00:00:00-04:00,4.4229399289368985,4.451201497941235,4.394678023028084,4.424705982208252,73500,0.0,0.0
2007-05-17 00:00:00-04:00,4.42470542684783,4.449434549301143,4.414107424027517,4.430004596710205,56100,0.0,0.0
2007-05-18 00:00:00-04:00,4.426470310772134,4.440601088692946,4.412339532851323,4.435302257537842,38100,0.0,0.0
2007-05-21 00:00:00-04:00,4.435302704185872,4.435302704185872,4.415872756248984,4.426470756530762,72700,0.0,0.0
2007-05-22 00:00:00-04:00,4.431772532732133,4.435305313872829,4.4211745262146,4.4211745262146,55000,0.0,0.0
2007-05-23 00:00:00-04:00,4.431772532732133,4.44766971096071,4.419408135644251,4.4211745262146,61000,0.0,0.0
2007-05-24 00:00:00-04:00,4.426473043788491,4.435304996007269,4.391146245626964,4.410575866699219,58400,0.0,0.0
2007-05-25 00:00:00-04:00,4.410575224531507,4.43353796005249,4.392911996474726,4.43353796005249,38900,0.0,0.0
2007-05-29 00:00:00-04:00,4.435302041596153,4.435302041596153,4.399974930061936,4.428236484527588,75400,0.0,0.0
2007-05-30 00:00:00-04:00,4.43177098666433,4.449434549301143,4.408808254165142,4.430004596710205,32700,0.0,0.0
2007-05-31 00:00:00-04:00,4.449434538789198,4.467098101384281,4.435303756094019,4.454733371734619,44200,0.0,0.0
2007-06-01 00:00:00-04:00,4.458890368454626,4.516704126133588,4.440823483030656,4.485990524291992,85400,0.563,0.0
2007-06-04 00:00:00-04:00,4.482375638831308,4.547416267631779,4.449855324431073,4.502249240875244,60800,0.0,0.0
2007-06-05 00:00:00-04:00,4.4950228510482555,4.498636296293901,4.467922700900127,4.469729423522949,41600,0.0,0.0
2007-06-06 00:00:00-04:00,4.462502877628764,4.485989582531248,4.453469264514651,4.469729423522949,35400,0.0,0.0
2007-06-07 00:00:00-04:00,4.462503915556932,4.4968306195832515,4.426370143890381,4.426370143890381,50600,0.0,0.0
2007-06-08 00:00:00-04:00,4.428175013650788,4.475148759318948,4.419141402216311,4.433595180511475,61800,0.0,0.0
2007-06-11 00:00:00-04:00,4.444435569379995,4.480568984576715,4.428175411932496,4.440822124481201,46900,0.0,0.0
2007-06-12 00:00:00-04:00,4.45166264498265,4.471536249696824,4.422755771542278,4.429982662200928,55400,0.0,0.0
2007-06-13 00:00:00-04:00,4.4462427291035596,4.464309266180171,4.424562402175676,4.4354023933410645,35900,0.0,0.0
2007-06-14 00:00:00-04:00,4.4390158799197055,4.466116030384016,4.4263691660095015,4.458889484405518,37800,0.0,0.0
2007-06-15 00:00:00-04:00,4.476955863552723,4.496829121209958,4.473342418670654,4.473342418670654,59500,0.0,0.0
2007-06-18 00:00:00-04:00,4.491408251274956,4.513088226318359,4.471534653654344,4.513088226318359,69300,0.0,0.0
2007-06-19 00:00:00-04:00,4.5130891527891634,4.516702597570514,4.498635718260821,4.5094757080078125,94300,0.0,0.0
2007-06-20 00:00:00-04:00,4.509474338985264,4.516701226353969,4.480567478704355,4.500441074371338,76300,0.0,0.0
2007-06-21 00:00:00-04:00,4.4769571868606475,4.5203175044707855,4.4769571868606475,4.495023727416992,83200,0.0,0.0
2007-06-22 00:00:00-04:00,4.480570331555709,4.516704102212278,4.4625037908246,4.464310169219971,98500,0.0,0.0
2007-06-25 00:00:00-04:00,4.476956352839378,4.478763075477869,4.442629311902267,4.457082748413086,43900,0.0,0.0
2007-06-26 00:00:00-04:00,4.444437064396375,4.448050510510657,4.373976243556628,4.3757829666137695,52000,0.0,0.0
2007-06-27 00:00:00-04:00,4.373976668017621,4.424563884735107,4.354103401654898,4.424563884735107,17900,0.0,0.0
2007-06-28 00:00:00-04:00,4.413722011211036,4.428175446321383,4.404688398893897,4.41010856628418,28800,0.0,0.0
2007-06-29 00:00:00-04:00,4.417335920395469,4.458889507630323,4.384815601830066,4.408302307128906,16700,0.0,0.0
2007-07-02 00:00:00-04:00,4.4083032580571055,4.428176866933427,4.392043095266876,4.426370143890381,24900,0.0,0.0
2007-07-03 00:00:00-04:00,4.444436905496316,4.471537061190155,4.4354032905335865,4.464310169219971,18800,0.0,0.0
2007-07-05 00:00:00-04:00,4.426369112918757,4.476956312549929,4.426369112918757,4.451662540435791,44800,0.0,0.0
2007-07-06 00:00:00-04:00,4.451662990533142,4.485990034632063,4.43720955269104,4.466116428375244,28600,0.0,0.0
2007-07-09 00:00:00-04:00,4.4625038686034895,4.4751505851745605,4.446243705984346,4.4751505851745605,23500,0.0,0.0
2007-07-10 00:00:00-04:00,4.469729514677119,4.476956405315792,4.411915767956181,4.446242809295654,36300,0.0,0.0
2007-07-11 00:00:00-04:00,4.43540233138555,4.491409698251453,4.422755617769734,4.480569362640381,38400,0.0,0.0
2007-07-12 00:00:00-04:00,4.4534687658334935,4.484182357788086,4.3938483043448215,4.484182357788086,78800,0.0,0.0
2007-07-13 00:00:00-04:00,4.46250282581613,4.480569362640381,4.42817578557527,4.480569362640381,41400,0.0,0.0
2007-07-16 00:00:00-04:00,4.4877963808891,4.4877963808891,4.386622324483379,4.408302307128906,77200,0.0,0.0
2007-07-17 00:00:00-04:00,4.408304746022062,4.458891974510846,4.375784409464794,4.377591133117676,67600,0.0,0.0
2007-07-18 00:00:00-04:00,4.35952230163897,4.390235900878906,4.339649039493469,4.390235900878906,42700,0.0,0.0
2007-07-19 00:00:00-04:00,4.417336506969663,4.417336506969663,4.36132913107114,4.368556022644043,35300,0.0,0.0
2007-07-20 00:00:00-04:00,4.377589281794677,4.413723050376404,4.321582250630441,4.330615520477295,41700,0.0,0.0
2007-07-23 00:00:00-04:00,4.32158123315867,4.433595613711666,4.32158123315867,4.41010856628418,99400,0.0,0.0
2007-07-24 00:00:00-04:00,4.408304298119193,4.439017907902943,4.354103972428936,4.363137245178223,99400,0.0,0.0
2007-07-25 00:00:00-04:00,4.4046885544549355,4.4046885544549355,4.229440604478085,4.289061069488525,58000,0.0,0.0
2007-07-26 00:00:00-04:00,4.1192341468971,4.2149884012551615,3.43269523727998,4.146334648132324,98400,0.0,0.0
2007-07-27 00:00:00-04:00,4.173434285701222,4.178854109596428,4.09213348130168,4.122847080230713,40800,0.0,0.0
2007-07-30 00:00:00-04:00,4.146334648132324,4.19330806918642,4.070454002787511,4.146334648132324,45000,0.0,0.0
2007-07-31 00:00:00-04:00,4.19150238338237,4.289063032320832,4.151755158787566,4.2402825355529785,44400,0.0,0.0
2007-08-01 00:00:00-04:00,4.204149786475524,4.263770288473531,4.0758751642390205,4.155369281768799,60000,0.0,0.0
2007-08-02 00:00:00-04:00,4.164400670920233,4.182467554628205,4.065033327422106,4.140913963317871,57400,0.0,0.0
2007-08-03 00:00:00-04:00,4.153558411011869,4.157171854700231,4.072257995605469,4.072257995605469,50700,0.0,0.0
2007-08-06 00:00:00-04:00,4.070453191363025,4.070453191363025,3.940371914076003,4.019865989685059,72400,0.0,0.0
2007-08-07 00:00:00-04:00,4.01986592710772,4.10297310221659,3.9620521801455286,4.083099842071533,82900,0.0,0.0
2007-08-08 00:00:00-04:00,4.1192341468971,4.169821358659372,4.095747436370053,4.146334648132324,72100,0.0,0.0
2007-08-09 00:00:00-04:00,4.101167988776252,4.151754860668501,4.0921343726546215,4.133687973022461,43500,0.0,0.0
2007-08-10 00:00:00-04:00,4.101165861134943,4.101165861134943,3.9909582138061523,3.9909582138061523,75700,0.0,0.0
2007-08-13 00:00:00-04:00,4.046966850383346,4.063227012894748,3.97831309891079,3.999993085861206,32800,0.0,0.0
2007-08-14 00:00:00-04:00,4.02528562070481,4.02528562070481,3.82293718558803,3.831970453262329,72800,0.0,0.0
2007-08-15 00:00:00-04:00,3.7434446299912305,3.7687384099527823,3.6693707024837683,3.6765975952148438,128400,0.0,0.0
2007-08-16 00:00:00-04:00,3.613362060287675,3.631428939508525,3.2339589750380573,3.611555337905884,272100,0.0,0.0
2007-08-17 00:00:00-04:00,3.6928580517150427,3.965667071168179,3.6928580517150427,3.936760187149048,112000,0.0,0.0
2007-08-20 00:00:00-04:00,3.974697122104401,4.018057412993905,3.8662962225821618,3.9927639961242676,119200,0.0,0.0
2007-08-21 00:00:00-04:00,4.0379319190979,4.043351741307714,3.9385642618878585,4.0379319190979,94700,0.0,0.0
2007-08-22 00:00:00-04:00,4.065033380695805,4.137300571877634,4.056000111022008,4.112007141113281,85100,0.0,0.0
2007-08-23 00:00:00-04:00,4.155366423439812,4.157173145845129,4.083099250212445,4.102972507476807,85000,0.0,0.0
2007-08-24 00:00:00-04:00,4.097552184767505,4.189692948610872,4.095745462582691,4.151752471923828,50500,0.0,0.0
2007-08-27 00:00:00-04:00,4.1860794962351155,4.198726206907602,4.148139019620635,4.168012619018555,56400,0.0,0.0
2007-08-28 00:00:00-04:00,4.168014716643827,4.168014716643827,4.041547201674985,4.065033912658691,63600,0.0,0.0
2007-08-29 00:00:00-04:00,4.1011679716529335,4.180661725608053,4.061420750078154,4.1499481201171875,54600,0.0,0.0
2007-08-30 00:00:00-04:00,4.151753006102288,4.1643997184261305,4.0704525649074155,4.10658597946167,75400,0.0,0.0
2007-08-31 00:00:00-04:00,4.155367216428521,4.224020957946777,4.12826706437124,4.224020957946777,66100,0.0,0.0
2007-09-04 00:00:00-04:00,4.224020586547306,4.231247476912288,4.193306991690329,4.220407485961914,52000,0.0,0.0
2007-09-05 00:00:00-04:00,4.211372437643602,4.234859478727608,4.155365434792253,4.202339172363281,48200,0.0,0.0
2007-09-06 00:00:00-04:00,4.233055073702571,4.252928681713417,4.198728026573975,4.245701789855957,55200,0.0,0.0
2007-09-07 00:00:00-04:00,4.234862280311429,4.274609156275261,4.131881471761837,4.209568500518799,58500,0.0,0.0
2007-09-10 00:00:00-04:00,4.2728030258109655,4.2728030258109655,4.157175483624267,4.205955982208252,89900,0.0,0.0
2007-09-11 00:00:00-04:00,4.245700809290965,4.261960967617719,4.200533779404891,4.242087364196777,77300,0.0,0.0
2007-09-12 00:00:00-04:00,4.260154349178019,4.260154349178019,4.202340604646557,4.220407485961914,55600,0.0,0.0
2007-09-13 00:00:00-04:00,4.236669021027894,4.2547355636153235,4.224021958780598,4.2493157386779785,57200,0.0,0.0
2007-09-14 00:00:00-04:00,4.247507531838059,4.256540799976437,4.214987215184551,4.242087364196777,50700,0.0,0.0
2007-09-17 00:00:00-04:00,4.242087854270549,4.280028342948472,4.211374256615899,4.243894577026367,43100,0.0,0.0
2007-09-18 00:00:00-04:00,4.298096564256359,4.373976876045654,4.2457026218145275,4.341456890106201,94300,0.0,0.0
2007-09-19 00:00:00-04:00,4.383010858743375,4.397464301900595,4.336037082333094,4.363137245178223,81200,0.0,0.0
2007-09-20 00:00:00-04:00,4.367388592281011,4.36923843914292,4.322993326061833,4.330392360687256,46100,0.563,0.0
2007-09-21 00:00:00-04:00,4.37479167167127,4.376641520243478,4.311898231506348,4.311898231506348,52400,0.0,0.0
2007-09-24 00:00:00-04:00,4.356291446173078,4.356291446173078,4.328544436563653,4.347042560577393,33600,0.0,0.0
2007-09-25 00:00:00-04:00,4.347040629622224,4.374787626906435,4.322993326061833,4.330392360687256,71400,0.0,0.0
2007-09-26 00:00:00-04:00,4.382188876025421,4.3877380661463805,4.321145314938333,4.3433427810668945,47300,0.0,0.0
2007-09-27 00:00:00-04:00,4.37108948990239,4.37108948990239,4.3248443603515625,4.3248443603515625,38500,0.0,0.0
2007-09-28 00:00:00-04:00,4.3988371589096555,4.3988371589096555,4.3007973503585495,4.306346893310547,62200,0.0,0.0
2007-10-01 00:00:00-04:00,4.3192942182686656,4.387736797332764,4.3192942182686656,4.387736797332764,42800,0.0,0.0
2007-10-02 00:00:00-04:00,4.408085729049839,4.450631163504976,4.378488874400845,4.430283546447754,95900,0.0,0.0
2007-10-03 00:00:00-04:00,4.432133023370942,4.439532413414687,4.3969869791301575,4.41363525390625,98000,0.0,0.0
2007-10-04 00:00:00-04:00,4.419185847665704,4.4506325596980965,4.389588983731977,4.433984279632568,354500,0.0,0.0
2007-10-05 00:00:00-04:00,4.465431159193478,4.495028024237584,4.3969885410874054,4.4413838386535645,77000,0.0,0.0
2007-10-08 00:00:00-04:00,4.439533823928561,4.452482407796761,4.402537567600176,4.433984279632568,43000,0.0,0.0
2007-10-09 00:00:00-04:00,4.445083534989694,4.44878287850336,4.393288844751276,4.4413838386535645,61300,0.0,0.0
2007-10-10 00:00:00-04:00,4.458030795899423,4.465429833552685,4.42103454916604,4.435832977294922,48200,0.0,0.0
2007-10-11 00:00:00-04:00,4.435832068240447,4.45248034057643,4.385887251232497,4.406235218048096,49300,0.0,0.0
2007-10-12 00:00:00-04:00,4.439530911800311,4.44138075868556,4.421032795770032,4.426582336425781,31700,0.0,0.0
2007-10-15 00:00:00-04:00,4.483927389252303,4.483927389252303,4.421033989461298,4.432132720947266,44000,0.0,0.0
2007-10-16 00:00:00-04:00,4.435832848168576,4.435832848168576,4.395137260204383,4.424734115600586,42600,0.0,0.0
2007-10-17 00:00:00-04:00,4.458032023522729,4.4598818716510324,4.387739205937004,4.4210357666015625,77800,0.0,0.0
2007-10-18 00:00:00-04:00,4.467279420434062,4.467279420434062,4.411785406395313,4.41363525390625,57800,0.0,0.0
2007-10-19 00:00:00-04:00,4.4339842829462714,4.4339842829462714,4.3766404031346235,4.380340099334717,56200,0.0,0.0
2007-10-22 00:00:00-04:00,4.374789654795167,4.391437931447274,4.313746091344905,4.350742340087891,99400,0.0,0.0
2007-10-23 00:00:00-04:00,4.396986961364746,4.458030517689667,4.365540259450555,4.396986961364746,74000,0.0,0.0
2007-10-24 00:00:00-04:00,4.408085742856482,4.411785437904779,4.304496751260549,4.367390155792236,79800,0.0,0.0
2007-10-25 00:00:00-04:00,4.393287557704559,4.4672796986382695,4.358141158452662,4.372939586639404,97500,0.0,0.0
2007-10-26 00:00:00-04:00,4.419186096149041,4.44878296174695,4.415486752566153,4.4450836181640625,57700,0.0,0.0
2007-10-29 00:00:00-04:00,4.493178117074363,4.502427004244526,4.445083127580172,4.482079029083252,68300,0.0,0.0
2007-10-30 00:00:00-04:00,4.495026672726691,4.519074338858702,4.483927939877801,4.4987263679504395,53400,0.0,0.0
2007-10-31 00:00:00-04:00,4.515375587411725,4.517225435410244,4.458031710747371,4.482079029083252,52600,0.0,0.0
2007-11-01 00:00:00-04:00,4.439532431217188,4.458030553578394,4.417334613819273,4.430283546447754,42700,0.0,0.0
2007-11-02 00:00:00-04:00,4.426584875682114,4.428434723628506,4.356292065008888,4.374790191650391,65200,0.0,0.0
2007-11-05 00:00:00-05:00,4.361841285674055,4.371090171898336,4.332244426369486,4.365540981292725,40400,0.0,0.0
2007-11-06 00:00:00-05:00,4.369239295019356,4.378488178318423,4.3081957479075825,4.31004524230957,48900,0.0,0.0
2007-11-07 00:00:00-05:00,4.291550484434795,4.295249828654592,4.154664516448975,4.154664516448975,61100,0.0,0.0
2007-11-08 00:00:00-05:00,4.162061756307429,4.176860183994739,3.977081233804876,4.069571495056152,128600,0.0,0.0
2007-11-09 00:00:00-05:00,3.98262982222256,4.136163604998728,3.98262982222256,4.11581563949585,62300,0.0,0.0
2007-11-12 00:00:00-05:00,4.115817518891552,4.115817518891552,4.023327237568146,4.028876781463623,77100,0.0,0.0
2007-11-13 00:00:00-05:00,4.045523342223953,4.13986307862471,4.045523342223953,4.1269145011901855,87200,0.0,0.0
2007-11-14 00:00:00-05:00,4.173159757558361,4.176859452037437,4.032574542754043,4.038124084472656,95300,0.0,0.0
2007-11-15 00:00:00-05:00,4.023325885426457,4.039974158695386,3.958582639694214,3.958582639694214,87800,0.0,0.0
2007-11-16 00:00:00-05:00,3.9955785751089117,3.9992782695126885,3.938234723139484,3.9715309143066406,77400,0.0,0.0
2007-11-19 00:00:00-05:00,3.9770817553531064,3.9844811465782795,3.8956902159881683,3.9067893028259277,91400,0.0,0.0
2007-11-20 00:00:00-05:00,3.9400842167865897,3.969681066366746,3.8549933624492114,3.903088331222534,101400,0.0,0.0
2007-11-21 00:00:00-05:00,3.884589323357781,3.908636625832039,3.8364943655870687,3.864241361618042,76500,0.0,0.0
2007-11-23 00:00:00-05:00,3.9289845024862813,4.010375994860438,3.9012375070561927,3.995577573776245,46300,0.0,0.0
2007-11-26 00:00:00-05:00,4.001128070127118,4.049223042590432,3.958582639694214,3.958582639694214,106600,0.0,0.0
2007-11-27 00:00:00-05:00,3.9955792992423826,4.004828184105756,3.875342031906821,3.9345357418060303,139200,0.0,0.0
2007-11-28 00:00:00-05:00,4.008526036441558,4.047371758396973,3.967830467799384,3.975229501724243,216900,0.0,0.0
2007-11-29 00:00:00-05:00,3.986328563516047,4.049221944854551,3.9752298352863726,4.041822910308838,108600,0.0,0.0
2007-11-30 00:00:00-05:00,4.152812271703451,4.152812271703451,4.080669638424643,4.11211633682251,108800,0.0,0.0
2007-12-03 00:00:00-05:00,4.065871168178988,4.169460498716932,4.065871168178988,4.1417131423950195,78900,0.0,0.0
2007-12-04 00:00:00-05:00,4.132465149922942,4.160212159405675,4.110267330643336,4.117666721343994,100000,0.0,0.0
2007-12-05 00:00:00-05:00,4.117666408915829,4.1935083937312205,4.117666408915829,4.16206169128418,131900,0.0,0.0
2007-12-06 00:00:00-05:00,4.202756947584374,4.2083064897517275,4.160211516101601,4.189808368682861,94600,0.0,0.0
2007-12-07 00:00:00-05:00,4.199057474812596,4.208306358647737,4.171310117662571,4.178709506988525,89300,0.0,0.0
2007-12-10 00:00:00-05:00,4.208306908175502,4.260101581753708,4.208306908175502,4.245303153991699,86600,0.0,0.0
2007-12-11 00:00:00-05:00,4.254553255797705,4.287849815990323,4.165762663832359,4.171311855316162,108900,0.0,0.0
2007-12-12 00:00:00-05:00,4.208305700958292,4.245301936161549,4.1047167363403165,4.134313583374023,109000,0.0,0.0
2007-12-13 00:00:00-05:00,4.125066307738628,4.125066307738628,4.062172889709473,4.062172889709473,77600,0.0,0.0
2007-12-14 00:00:00-05:00,4.064021952365031,4.136164596060222,4.047373677114013,4.069571495056152,97600,0.0,0.0
2007-12-17 00:00:00-05:00,4.078820995680851,4.078820995680851,3.988180568312654,4.001129150390625,101400,0.0,0.0
2007-12-18 00:00:00-05:00,4.084372771370656,4.106570604794573,3.9715344610423826,4.002981185913086,114900,0.0,0.0
2007-12-19 00:00:00-05:00,3.971533041100493,4.075122422945677,3.971533041100493,3.9974305629730225,105400,0.0,0.0
2007-12-20 00:00:00-05:00,4.023326602752064,4.0510736122065705,3.97153192636725,3.99003005027771,124800,0.0,0.0
2007-12-21 00:00:00-05:00,4.00112743796477,4.08806848526001,3.997428096684615,4.08806848526001,167500,0.0,0.0
2007-12-24 00:00:00-05:00,4.097318523549261,4.2527021914615295,4.097318523549261,4.245303153991699,79500,0.0,0.0
2007-12-26 00:00:00-05:00,4.263801149385339,4.267500844726928,4.154662606565041,4.234204292297363,159300,0.0,0.0
2007-12-27 00:00:00-05:00,4.2897717100221096,4.2897717100221096,4.155123520110467,4.200638294219971,150100,0.563,0.0
2007-12-28 00:00:00-05:00,4.202532122184899,4.219600196862541,4.172188958695546,4.191153526306152,106200,0.0,0.0
2007-12-31 00:00:00-05:00,4.196843066309384,4.257529761122639,4.175982365382684,4.234772205352783,243100,0.0,0.0
2008-01-02 00:00:00-05:00,4.267014357739522,4.306839651453166,4.1911563970569,4.227189064025879,66900,0.0,0.0
2008-01-03 00:00:00-05:00,4.2480479086695535,4.322009704307991,4.2366693100017665,4.297355651855469,55300,0.0,0.0
2008-01-04 00:00:00-05:00,4.304942004903135,4.304942004903135,4.210119496968874,4.212015628814697,68200,0.0,0.0
2008-01-07 00:00:00-05:00,4.210120262808787,4.248049055850413,4.172191108047933,4.194948673248291,86200,0.0,0.0
2008-01-08 00:00:00-05:00,4.185466440915948,4.285978453525418,4.1627092361450195,4.1627092361450195,98300,0.0,0.0
2008-01-09 00:00:00-05:00,4.177881299152352,4.246153282907068,4.172191816456422,4.227189064025879,86900,0.0,0.0
2008-01-10 00:00:00-05:00,4.227186376454374,4.322008857450991,4.198739342780141,4.2954583168029785,86800,0.0,0.0
2008-01-11 00:00:00-05:00,4.295459641462362,4.32011369668712,4.261323479901417,4.268909454345703,57100,0.0,0.0
2008-01-14 00:00:00-05:00,4.323907111246164,4.399765422655481,4.272703221279882,4.285978317260742,48500,0.0,0.0
2008-01-15 00:00:00-05:00,4.28597571022415,4.3030437837373015,4.267011143907425,4.289768695831299,77900,0.0,0.0
2008-01-16 00:00:00-05:00,4.297355007955208,4.348559236866684,4.274597814029491,4.314423084259033,48400,0.0,0.0
2008-01-17 00:00:00-05:00,4.333389266099749,4.333389266099749,4.183569509845768,4.20443058013916,101100,0.0,0.0
2008-01-18 00:00:00-05:00,4.191153765527862,4.227186409872774,4.029955474215433,4.050816535949707,71600,0.0,0.0
2008-01-22 00:00:00-05:00,3.9787521690817473,3.9825451560429546,3.8972047580115188,3.9578914642333984,69600,0.0,0.0
2008-01-23 00:00:00-05:00,3.9730640241493203,4.058404081378292,3.9104811708270475,4.056507587432861,61400,0.0,0.0
2008-01-24 00:00:00-05:00,4.054609745753669,4.122882058218829,4.048920627527648,4.105813980102539,70600,0.0,0.0
2008-01-25 00:00:00-05:00,4.166501836108664,4.204430992779317,4.096333366502975,4.155123233795166,60200,0.0,0.0
2008-01-28 00:00:00-05:00,4.181672792562962,4.208223342895508,4.138054522206967,4.208223342895508,54000,0.0,0.0
2008-01-29 00:00:00-05:00,4.238566499141184,4.246152112258477,4.1721906661987305,4.1721906661987305,57100,0.0,0.0
2008-01-30 00:00:00-05:00,4.200637320645735,4.215808908499278,4.128572368771206,4.164604663848877,60400,0.0,0.0
2008-01-31 00:00:00-05:00,4.126677093948974,4.213913659443641,4.124780599692226,4.175984859466553,72900,0.0,0.0
2008-02-01 00:00:00-05:00,4.162708978944624,4.251842021942139,4.162708978944624,4.251842021942139,50400,0.0,0.0
2008-02-04 00:00:00-05:00,4.257529761122639,4.261322385651717,4.212014649582928,4.234772205352783,42300,0.0,0.0
2008-02-05 00:00:00-05:00,4.217703533166492,4.2385645928654565,4.149431237220082,4.179774761199951,53600,0.0,0.0
2008-02-06 00:00:00-05:00,4.236670128365943,4.236670128365943,4.141847610473633,4.141847610473633,37900,0.0,0.0
2008-02-07 00:00:00-05:00,4.145640338565274,4.17219052616345,4.115297163676165,4.166501045227051,47200,0.0,0.0
2008-02-08 00:00:00-05:00,4.151328650933692,4.168396728706376,4.086849326396689,4.115296363830566,39500,0.0,0.0
2008-02-11 00:00:00-05:00,4.134261515454702,4.185465760443384,4.132365383464771,4.1721906661987305,27900,0.0,0.0
2008-02-12 00:00:00-05:00,4.208223181988958,4.263220050830777,4.166501045227051,4.166501045227051,46500,0.0,0.0
2008-02-13 00:00:00-05:00,4.172190685692247,4.2196019434842045,4.155122603949607,4.208223342895508,52500,0.0,0.0
2008-02-14 00:00:00-05:00,4.246150702454149,4.246150702454149,4.04133415222168,4.04133415222168,94000,0.0,0.0
2008-02-15 00:00:00-05:00,4.058402234753949,4.157017704729649,4.020473458261113,4.100124359130859,65300,0.0,0.0
2008-02-19 00:00:00-05:00,4.1209858185676,4.2063262144021065,4.102021245968917,4.109607219696045,44900,0.0,0.0
2008-02-20 00:00:00-05:00,4.11529742121393,4.160812186395935,4.0906433639991775,4.141847610473633,80000,0.0,0.0
2008-02-21 00:00:00-05:00,4.204431631821564,4.204431631821564,4.122884185788529,4.13236665725708,38300,0.0,0.0
2008-02-22 00:00:00-05:00,4.134260573161009,4.153225144210558,4.075470728454603,4.115296363830566,65700,0.0,0.0
2008-02-25 00:00:00-05:00,4.124778744288731,4.164604020608405,4.06598889565149,4.153225421905518,55000,0.0,0.0
2008-02-26 00:00:00-05:00,4.105815757728688,4.210120764900661,4.086851178086577,4.200638294219971,66100,0.0,0.0
2008-02-27 00:00:00-05:00,4.193053027778604,4.200638643234145,4.124780680082239,4.13236665725708,68900,0.0,0.0
2008-02-28 00:00:00-05:00,4.158915499424089,4.158915499424089,4.122882843017578,4.122882843017578,39800,0.0,0.0
2008-02-29 00:00:00-05:00,4.141847207503161,4.143743701082796,4.022370644020266,4.039438724517822,43300,0.0,0.0
2008-03-03 00:00:00-05:00,4.058404119556571,4.0925402874569805,4.020475325448857,4.035646915435791,51100,0.0,0.0
2008-03-04 00:00:00-05:00,4.035646560176279,4.05461077470109,4.00151039528089,4.005303382873535,48100,0.0,0.0
2008-03-05 00:00:00-05:00,3.982545481333968,4.0527142989710505,3.982545481333968,4.009095668792725,53600,0.0,0.0
2008-03-06 00:00:00-05:00,4.028059471838813,4.048920536114207,3.938926458358764,3.9389264583587646,63700,0.0,0.0
2008-03-07 00:00:00-05:00,3.925652853875596,3.9749602507505295,3.878241589271877,3.89151668548584,62500,0.0,0.0
2008-03-10 00:00:00-04:00,3.891515391331356,3.897204509691525,3.7473851514614034,3.749281644821167,71000,0.0,0.0
2008-03-11 00:00:00-04:00,3.7758344376415245,3.8820356071428366,3.7758344376415245,3.880139112472534,67900,0.0,0.0
2008-03-12 00:00:00-04:00,3.8896198822817656,3.937031143116425,3.8801374130833053,3.9351346492767334,35800,0.0,0.0
2008-03-13 00:00:00-04:00,3.8972060178588572,3.9161705970764156,3.819451568614204,3.916170597076416,49700,0.0,0.0
2008-03-14 00:00:00-04:00,3.954099706008413,3.954099706008413,3.703768276284587,3.8061764240264893,49700,0.0,0.0
2008-03-17 00:00:00-04:00,3.7284199271706675,3.8251389012796597,3.6241153426691,3.650665521621704,72300,0.0,0.0
2008-03-18 00:00:00-04:00,3.6942850983486215,3.8213472829435706,3.6942850983486215,3.802382707595825,47700,0.0,0.0
2008-03-19 00:00:00-04:00,3.8634551496372147,3.9376024799426372,3.7463810443878174,3.7463810443878174,47900,0.563,0.0
2008-03-20 00:00:00-04:00,3.746381731154938,3.8263825580864617,3.719064112375452,3.7756502628326416,41200,0.0,0.0
2008-03-24 00:00:00-04:00,3.7834552819070195,3.8946759329617784,3.7834552819070195,3.867358684539795,66600,0.0,0.0
2008-03-25 00:00:00-04:00,3.914187663717957,3.916138948541773,3.8595531773292295,3.8966264724731445,65800,0.0,0.0
2008-03-26 00:00:00-04:00,3.9005295126582262,3.9180907060215207,3.855651072805173,3.85760235786438,57100,0.0,0.0
2008-03-27 00:00:00-04:00,3.8673577680337545,3.904431433655968,3.8673577680337545,3.873211622238159,56700,0.0,0.0
2008-03-28 00:00:00-04:00,3.951262541653337,3.9571163979183384,3.8751642710565206,3.8927254676818848,52900,0.0,0.0
2008-03-31 00:00:00-04:00,3.8985784441920295,3.9337008328699095,3.8732124813522226,3.9219934940338135,46300,0.0,0.0
2008-04-01 00:00:00-04:00,3.9610187673306134,4.041019612219178,3.9415066566121584,4.039068698883057,106800,0.0,0.0
2008-04-02 00:00:00-04:00,4.048823968416956,4.056629108925184,3.982481762775352,4.044921398162842,52100,0.0,0.0
2008-04-03 00:00:00-04:00,4.015653310916268,4.107361489040521,4.015653310916268,4.105410575866699,69900,0.0,0.0
2008-04-04 00:00:00-04:00,4.117117365104216,4.117117365104216,4.058579929138912,4.09370231628418,57300,0.0,0.0
2008-04-07 00:00:00-04:00,4.117116271384172,4.128823606599326,4.083945178133339,4.097603797912598,55000,0.0,0.0
2008-04-08 00:00:00-04:00,4.080043071084324,4.080043071084324,4.009798307498981,4.062481880187988,46900,0.0,0.0
2008-04-09 00:00:00-04:00,4.074189260006619,4.085896968841553,4.025408256369632,4.085896968841553,56000,0.0,0.0
2008-04-10 00:00:00-04:00,4.056629108925184,4.177605809446049,4.042970113035785,4.044921398162842,70000,0.0,0.0
2008-04-11 00:00:00-04:00,3.998092310425572,4.019556078083033,3.9376039505004887,3.9376039505004883,28100,0.0,0.0
2008-04-14 00:00:00-04:00,3.9258951252550163,3.9336998918889035,3.873211554840642,3.8790650367736816,48600,0.0,0.0
2008-04-15 00:00:00-04:00,3.8771140646654283,3.91808992624507,3.8771140646654283,3.8985774517059326,33700,0.0,0.0
2008-04-16 00:00:00-04:00,3.9571157939357673,4.009799003601074,3.951261938564252,4.009799003601074,40000,0.0,0.0
2008-04-17 00:00:00-04:00,4.009799001447566,4.019555427061518,3.982481754067664,3.988335609436035,82700,0.0,0.0
2008-04-18 00:00:00-04:00,4.078091995000896,4.08004327988585,4.042969611410791,4.070287227630615,70500,0.0,0.0
2008-04-21 00:00:00-04:00,4.091750456708102,4.1171167870491,4.060530644111122,4.107360363006592,47500,0.0,0.0
2008-04-22 00:00:00-04:00,4.12687324139225,4.12687324139225,4.050774987286878,4.07418966293335,52900,0.0,0.0
2008-04-23 00:00:00-04:00,4.103459356057278,4.103459356057278,4.066385678278954,4.0683369636535645,46900,0.0,0.0
2008-04-24 00:00:00-04:00,4.068337537866614,4.146387103018915,4.066386252216596,4.111264705657959,45100,0.0,0.0
2008-04-25 00:00:00-04:00,4.1288241237305865,4.13272669334759,4.072238352962132,4.107360363006592,40200,0.0,0.0
2008-04-28 00:00:00-04:00,4.12492174220618,4.167849265611625,4.121019544580763,4.1619954109191895,31700,0.0,0.0
2008-04-29 00:00:00-04:00,4.179557523571323,4.181508808898664,4.101507971325797,4.117117881774902,49200,0.0,0.0
2008-04-30 00:00:00-04:00,4.124922108358237,4.175654403687349,4.113214770103696,4.14053201675415,70000,0.0,0.0
2008-05-01 00:00:00-04:00,4.134677678058195,4.222483255050638,4.119067772892683,4.208824634552002,57500,0.0,0.0
2008-05-02 00:00:00-04:00,4.2361445866785035,4.238095872594201,4.183461355633609,4.20297384262085,39100,0.0,0.0
2008-05-05 00:00:00-04:00,4.197118207588678,4.199069492678096,4.134678573405589,4.163947105407715,31000,0.0,0.0
2008-05-06 00:00:00-04:00,4.161995780362121,4.161995780362121,4.1229708232875515,4.14053201675415,43600,0.0,0.0
2008-05-07 00:00:00-04:00,4.126873699775072,4.144434894545275,4.126873699775072,4.134678840637207,35800,0.0,0.0
2008-05-08 00:00:00-04:00,4.156140728526949,4.173701916937385,4.130774774250465,4.1366286277771,40200,0.0,0.0
2008-05-09 00:00:00-04:00,4.138580696544217,4.140531981598335,4.126873358389078,4.1307759284973145,28500,0.0,0.0
2008-05-12 00:00:00-04:00,4.146386319254063,4.177606139413701,4.146386319254063,4.16589879989624,39500,0.0,0.0
2008-05-13 00:00:00-04:00,4.15614251123172,4.208826099060735,4.15224031270965,4.197118759155273,31500,0.0,0.0
2008-05-14 00:00:00-04:00,4.241996655502502,4.241996655502502,4.197118214876675,4.199069499969482,65100,0.0,0.0
2008-05-15 00:00:00-04:00,4.204923564424131,4.241997241973877,4.204923564424131,4.241997241973877,49900,0.0,0.0
2008-05-16 00:00:00-04:00,4.251752212383377,4.267362117767334,4.243947073606648,4.267362117767334,26400,0.0,0.0
2008-05-19 00:00:00-04:00,4.281022311008932,4.320046902719013,4.269314598543233,4.298583507537842,45500,0.0,0.0
2008-05-20 00:00:00-04:00,4.2732172024150445,4.282973629545252,4.214680128312367,4.251753807067871,58900,0.0,0.0
2008-05-21 00:00:00-04:00,4.249802449458136,4.269314559047851,4.204923629760742,4.204923629760742,67500,0.0,0.0
2008-05-22 00:00:00-04:00,4.220532615350015,4.26931362296796,4.189312800248095,4.193215370178223,68600,0.0,0.0
2008-05-23 00:00:00-04:00,4.187363789843385,4.206876277923584,4.183461589963149,4.206876277923584,55900,0.0,0.0
2008-05-27 00:00:00-04:00,4.232240744386875,4.275167901361999,4.214679550131235,4.230289459228516,64800,0.0,0.0
2008-05-28 00:00:00-04:00,4.259558302209396,4.288826837375309,4.238094536075239,4.245899677276611,65800,0.0,0.0
2008-05-29 00:00:00-04:00,4.263459406561167,4.312240405784591,4.245898217067175,4.25760555267334,60900,0.0,0.0
2008-05-30 00:00:00-04:00,4.281022376597669,4.28687586075056,4.2263875007629395,4.2263875007629395,66900,0.0,0.0
2008-06-02 00:00:00-04:00,4.245899157526217,4.245899157526217,4.185410809298567,4.20102071762085,51700,0.0,0.0
2008-06-03 00:00:00-04:00,4.216630835289594,4.24004551285072,4.154191198900472,4.230289459228516,48700,0.0,0.0
2008-06-04 00:00:00-04:00,4.253703558246218,4.253703558246218,4.218581546681451,4.243947505950928,44400,0.0,0.0
2008-06-05 00:00:00-04:00,4.265414389259949,4.306390285491943,4.249804470861598,4.306390285491943,57100,0.0,0.0
2008-06-06 00:00:00-04:00,4.318096556240997,4.318096556240997,4.218583583831787,4.218583583831787,70800,0.0,0.0
2008-06-09 00:00:00-04:00,4.236143451707847,4.247851164065238,4.193216289572986,4.204923629760742,44200,0.0,0.0
2008-06-10 00:00:00-04:00,4.165896920876294,4.173701686311072,4.146384449035181,4.154189586639404,39000,0.0,0.0
2008-06-11 00:00:00-04:00,4.154189933763216,4.156140846157845,4.097603797912598,4.097603797912598,43300,0.0,0.0
2008-06-12 00:00:00-04:00,4.126873358389078,4.15614188986171,4.111263450125703,4.1307759284973145,63600,0.0,0.0
2008-06-13 00:00:00-04:00,4.154191698223921,4.234192538484583,4.109312878526526,4.204923629760742,60700,0.0,0.0
2008-06-16 00:00:00-04:00,4.204924756366813,4.204924756366813,4.169802726393462,4.20297384262085,32900,0.0,0.0
2008-06-17 00:00:00-04:00,4.2127285644583035,4.220533333476995,4.163947548540231,4.175654888153076,57700,0.0,0.0
2008-06-18 00:00:00-04:00,4.175654241176491,4.183459381155469,4.093702132245019,4.169800758361816,87100,0.0,0.0
2008-06-19 00:00:00-04:00,4.1704024421349795,4.180422860208265,4.078216889299947,4.128317832946777,95600,0.563,0.0
2008-06-20 00:00:00-04:00,4.128316037967725,4.128316037967725,3.9980537175715942,4.042142391204834,42300,0.0,0.0
2008-06-23 00:00:00-04:00,4.088236669299104,4.088236669299104,3.965990634373877,3.9900388717651367,81600,0.0,0.0
2008-06-24 00:00:00-04:00,4.010079505211012,4.042144078004875,3.9699985980987544,3.969998598098755,70200,0.0,0.0
2008-06-25 00:00:00-04:00,4.000060517656588,4.060181899823208,3.976012270581937,3.9880363941192627,108800,0.0,0.0
2008-06-26 00:00:00-04:00,4.00406746896888,4.00406746896888,3.9158900801820518,3.9479546546936035,56200,0.0,0.0
2008-06-27 00:00:00-04:00,3.9980550478042645,3.9980550478042645,3.8798168022879396,3.883824586868286,87400,0.0,0.0
2008-06-30 00:00:00-04:00,3.963988895591396,3.9659929802660607,3.911883840770308,3.9599807262420654,94700,0.0,0.0
2008-07-01 00:00:00-04:00,3.9800190204959622,3.9800190204959622,3.9359299461746664,3.9519622325897217,63300,0.0,0.0
2008-07-02 00:00:00-04:00,3.9579751369207363,4.002063836282595,3.941942847858249,3.9499588012695312,68000,0.0,0.0
2008-07-03 00:00:00-04:00,3.9900390607173257,3.9900390607173257,3.9339258670806885,3.9339258670806885,30900,0.0,0.0
2008-07-07 00:00:00-04:00,3.9699984778033346,3.9780148118788254,3.8477524410708726,3.8617806434631348,75300,0.0,0.0
2008-07-08 00:00:00-04:00,3.8778126783426377,3.8798167617317754,3.795647170587104,3.8357276916503906,86200,0.0,0.0
2008-07-09 00:00:00-04:00,3.8357300992073844,3.8758110276679254,3.8116818479231096,3.8257100582122803,96700,0.0,0.0
2008-07-10 00:00:00-04:00,3.861780480831638,3.861780480831638,3.757570435677944,3.7916390895843506,73500,0.0,0.0
2008-07-11 00:00:00-04:00,3.7615771039749903,3.781617548096008,3.6874275753991284,3.7174880504608154,88400,0.0,0.0
2008-07-14 00:00:00-04:00,3.737531019546591,3.7395351035365603,3.633320945507817,3.645345449447632,63400,0.0,0.0
2008-07-15 00:00:00-04:00,3.6172880841713475,3.6172880841713475,3.47500158352916,3.551154851913452,108800,0.0,0.0
2008-07-16 00:00:00-04:00,3.6032600715155616,3.6513569355010986,3.5251027153190515,3.6513569355010986,132300,0.0,0.0
2008-07-17 00:00:00-04:00,3.819695925902433,3.819695925902433,3.653360804396038,3.7355263233184814,77200,0.0,0.0
2008-07-18 00:00:00-04:00,3.71147638981792,3.7134804725646973,3.687427779096294,3.7134804725646973,33800,0.0,0.0
2008-07-21 00:00:00-04:00,3.747552232334139,3.747552232334139,3.683422677807593,3.7054672241210938,49100,0.0,0.0
2008-07-22 00:00:00-04:00,3.7235013302645856,3.763582229614258,3.675404480388849,3.763582229614258,52800,0.0,0.0
2008-07-23 00:00:00-04:00,3.809674724145698,3.809674724145698,3.749553379416095,3.8016583919525146,65400,0.0,0.0
2008-07-24 00:00:00-04:00,3.823704665825816,3.823704665825816,3.717490509299568,3.727510929107666,59400,0.0,0.0
2008-07-25 00:00:00-04:00,3.7595745921273003,3.7595745921273003,3.7114777354853112,3.7395341396331787,37900,0.0,0.0
2008-07-28 00:00:00-04:00,3.7776111108296253,3.7776111108296253,3.6934415128111033,3.7154860496520996,43500,0.0,0.0
2008-07-29 00:00:00-04:00,3.751558313926107,3.8096755887978353,3.709473707079554,3.777611017227173,79200,0.0,0.0
2008-07-30 00:00:00-04:00,3.837731861857774,3.837731861857774,3.775606804348384,3.7916390895843506,68700,0.0,0.0
2008-07-31 00:00:00-04:00,3.7876310487316007,3.8156878355078763,3.7675905959599305,3.795647382736206,77700,0.0,0.0
2008-08-01 00:00:00-04:00,3.8156876942910887,3.8156876942910887,3.7776108736581047,3.7836227416992188,25500,0.0,0.0
2008-08-04 00:00:00-04:00,3.795647675968393,3.795647675968393,3.761579018296538,3.771599054336548,26200,0.0,0.0
2008-08-05 00:00:00-04:00,3.8016591843392584,3.813683685135322,3.777610947226805,3.8116796016693115,44900,0.0,0.0
2008-08-06 00:00:00-04:00,3.811679991818396,3.8377323150634766,3.791639537346862,3.8377323150634766,40100,0.0,0.0
2008-08-07 00:00:00-04:00,3.7836225139240844,3.8297156654901725,3.7836225139240844,3.827711582183838,25700,0.0,0.0
2008-08-08 00:00:00-04:00,3.837732023476509,3.863784726982008,3.8237038210842464,3.8617806434631348,39100,0.0,0.0
2008-08-11 00:00:00-04:00,3.8477513167198234,3.863783597946167,3.833722736187004,3.863783597946167,55400,0.0,0.0
2008-08-12 00:00:00-04:00,3.8637847763318094,3.8637847763318094,3.8317202040999976,3.8557684421539307,38600,0.0,0.0
2008-08-13 00:00:00-04:00,3.8677921485332534,3.8677921485332534,3.8297157119701897,3.839735746383667,25200,0.0,0.0
2008-08-14 00:00:00-04:00,3.8557679634049045,3.885828448359805,3.8457479291665395,3.8738043308258057,29700,0.0,0.0
2008-08-15 00:00:00-04:00,3.9078731124453308,3.9078731124453308,3.8477521405344066,3.859776258468628,17700,0.0,0.0
2008-08-18 00:00:00-04:00,3.87981695686775,3.87981695686775,3.811679647169382,3.8237037658691406,49200,0.0,0.0
2008-08-19 00:00:00-04:00,3.80767091310707,3.809674996298532,3.7575699800398716,3.763582229614258,53900,0.0,0.0
2008-08-20 00:00:00-04:00,3.771598637479435,3.793643173018825,3.7595745191124186,3.7916390895843506,46100,0.0,0.0
2008-08-21 00:00:00-04:00,3.9499578437403637,3.9499578437403637,3.765586755336047,3.7836227416992188,34200,0.0,0.0
2008-08-22 00:00:00-04:00,3.8277119328490072,3.831720099828874,3.79163919450989,3.8237037658691406,57000,0.0,0.0
2008-08-25 00:00:00-04:00,3.805667404055495,3.821699689766109,3.781619166609495,3.787631034851074,42800,0.0,0.0
2008-08-26 00:00:00-04:00,3.771598637479435,3.8116795416892657,3.771598637479435,3.7916390895843506,37200,0.0,0.0
2008-08-27 00:00:00-04:00,3.7956495529869057,3.83172231215338,3.7956495529869057,3.8257100582122803,39500,0.0,0.0
2008-08-28 00:00:00-04:00,3.837732072493555,3.865788859876279,3.8317202040999976,3.8557684421539307,46200,0.0,0.0
2008-08-29 00:00:00-04:00,3.837732390970636,3.8557687621277728,3.829716438367399,3.847752809524536,28300,0.0,0.0
2008-09-02 00:00:00-04:00,3.8978540623681157,3.8978540623681157,3.801659947878808,3.8056681156158447,50800,0.0,0.0
2008-09-03 00:00:00-04:00,3.8076719225729847,3.835728330212022,3.771599180042859,3.7756073474884033,75200,0.0,0.0
2008-09-04 00:00:00-04:00,3.7876308360892463,3.7896349194778858,3.7074694117427724,3.731518030166626,55700,0.0,0.0
2008-09-05 00:00:00-04:00,3.727510042138351,3.7375300773222278,3.6894332204079068,3.711477756500244,41300,0.0,0.0
2008-09-08 00:00:00-04:00,3.7796158742979027,3.7876318277112575,3.729514923184685,3.753563165664673,59400,0.0,0.0
2008-09-09 00:00:00-04:00,3.7375289853718066,3.7535612663259483,3.6553634977018645,3.671395778656006,72100,0.0,0.0
2008-09-10 00:00:00-04:00,3.6533617542191283,3.677410382169654,3.539131631494072,3.5571680068969727,108100,0.0,0.0
2008-09-11 00:00:00-04:00,3.557166228975569,3.557166228975569,3.458968446551496,3.5070652961730957,85200,0.0,0.0
2008-09-12 00:00:00-04:00,3.507066834139772,3.5591718729729283,3.4669859174250517,3.547147750854492,73200,0.0,0.0
2008-09-15 00:00:00-04:00,3.5070663439826224,3.509070427762257,3.402856280880992,3.418888568878174,64000,0.0,0.0
2008-09-16 00:00:00-04:00,3.3106704687590636,3.378807783126831,3.132311039450492,3.378807783126831,264500,0.0,0.0
2008-09-17 00:00:00-04:00,3.3166826610393985,3.322694912507883,2.927899382048516,2.955955982208252,181300,0.0,0.0
2008-09-18 00:00:00-04:00,2.9544976084025056,3.1961913108825684,2.744057326562161,3.1961913108825684,193300,0.563,0.0
2008-09-19 00:00:00-04:00,3.458719816816633,4.006697528052635,3.3149536441710485,3.37329363822937,121600,0.0,0.0
2008-09-22 00:00:00-04:00,3.385794681887473,3.385794681887473,3.2066080810257573,3.229527235031128,87500,0.0,0.0
2008-09-23 00:00:00-04:00,3.312870529038727,3.3503747881922843,3.1170153729460592,3.1524360179901123,96200,0.0,0.0
2008-09-24 00:00:00-04:00,3.1357678852625526,3.1982749252463902,3.096180007167548,3.1961913108825684,79500,0.0,0.0
2008-09-25 00:00:00-04:00,3.202440931147104,3.2503630526677694,3.18577241897583,3.18577241897583,86500,0.0,0.0
2008-09-26 00:00:00-04:00,3.1857730296669735,3.250363675740503,3.0732604515908073,3.129516839981079,94300,0.0,0.0
2008-09-29 00:00:00-04:00,3.062841928044415,3.0732597976076805,2.7044685265166786,2.7753098011016846,148800,0.0,0.0
2008-09-30 00:00:00-04:00,2.781561174077747,3.071176771363011,2.781561174077747,3.0420069694519043,112000,0.0,0.0
2008-10-01 00:00:00-04:00,2.96908207550367,3.208692128430989,2.96908207550367,3.1836893558502197,89200,0.0,0.0
2008-10-02 00:00:00-04:00,3.110764038258645,3.1253489363763474,2.996167870850645,3.0149199962615967,93500,0.0,0.0
2008-10-03 00:00:00-04:00,3.037838285137827,3.206607167069607,2.9399106573822436,2.9940834045410156,110400,0.0,0.0
2008-10-06 00:00:00-04:00,2.833651150524491,2.8440688263809566,2.3752662594805067,2.5419516563415527,189200,0.0,0.0
2008-10-07 00:00:00-04:00,2.5773717069558053,2.656547256887973,2.456524867244703,2.4794440269470215,142900,0.0,0.0
2008-10-08 00:00:00-04:00,2.4002680718151477,2.414852969892139,2.104401690767704,2.298173189163208,210400,0.0,0.0
2008-10-09 00:00:00-04:00,2.327343103345184,2.458607777600873,2.096067362249537,2.114819288253784,188000,0.0,0.0
2008-10-10 00:00:00-04:00,1.9523020489529277,2.1669093716488175,1.814786673270039,2.098151683807373,299000,0.0,0.0
2008-10-13 00:00:00-04:00,2.389850376260936,2.5982069866030213,2.389850376260936,2.5211150646209717,60400,0.0,0.0
2008-10-14 00:00:00-04:00,2.6878006192163975,2.7711433957629987,2.6377950725110644,2.6773829460144043,95400,0.0,0.0
2008-10-15 00:00:00-04:00,2.6461294360443333,2.6461294360443333,2.429438526290413,2.46694278717041,89400,0.0,0.0
2008-10-16 00:00:00-04:00,2.521115118135186,2.6857168358511627,2.4086025541103964,2.614875555038452,182300,0.0,0.0
2008-10-17 00:00:00-04:00,2.6357107979182426,2.766975474155014,2.619042286526684,2.735722064971924,82000,0.0,0.0
2008-10-20 00:00:00-04:00,2.729472261433835,2.8440682627812874,2.729472261433835,2.833650588989258,97300,0.0,0.0
2008-10-21 00:00:00-04:00,2.771143914822851,2.783645204488597,2.6669655736543563,2.6878011226654053,79100,0.0,0.0
2008-10-22 00:00:00-04:00,2.2940068290311775,2.666965235125,2.2919232147832296,2.5190320014953613,51400,0.0,0.0
2008-10-23 00:00:00-04:00,2.604458387796789,2.604458387796789,2.42943875234414,2.496112823486328,94300,0.0,0.0
2008-10-24 00:00:00-04:00,2.2960908994474685,2.50653101268891,2.0939848474447778,2.4773612022399902,64200,0.0,0.0
2008-10-27 00:00:00-04:00,2.4586070202747066,2.519030404221012,2.354428758387679,2.4148521423339844,83900,0.0,0.0
2008-10-28 00:00:00-04:00,2.4127700908960983,2.5002799034118652,2.373182413188677,2.5002799034118652,59100,0.0,0.0
2008-10-29 00:00:00-04:00,2.5419505176108617,2.648212432861328,2.5231983915426213,2.648212432861328,68900,0.0,0.0
2008-10-30 00:00:00-04:00,2.666965429177822,2.7836450536912207,2.6169598758149366,2.6440460681915283,68100,0.0,0.0
2008-10-31 00:00:00-04:00,2.664881905079181,2.7628095994281336,2.6357118986101877,2.7482244968414307,87100,0.0,0.0
2008-11-03 00:00:00-05:00,2.7919787795524207,2.798229621557702,2.679466206614144,2.739889621734619,42500,0.0,0.0
2008-11-04 00:00:00-05:00,2.831566534588098,2.8336501485043666,2.7523909941091187,2.802396535873413,95600,0.0,0.0
2008-11-05 00:00:00-05:00,2.8336500815890315,2.8544856241466188,2.74614028621584,2.7628087997436523,95700,0.0,0.0
2008-11-06 00:00:00-05:00,3.489972942887208,3.489972942887208,2.577371039051884,2.633627414703369,72000,0.0,0.0
2008-11-07 00:00:00-05:00,2.729471901596703,2.729471901596703,2.63154423096757,2.6461291313171387,41900,0.0,0.0
2008-11-10 00:00:00-05:00,2.721138211339817,2.7253052414345214,2.577371997041015,2.6440460681915283,56800,0.0,0.0
2008-11-11 00:00:00-05:00,2.658630803464899,2.6648814470967386,2.5169482231140137,2.5169482231140137,47700,0.0,0.0
2008-11-12 00:00:00-05:00,2.500280413720663,2.5211161633167762,2.344012887863122,2.3752663135528564,44400,0.0,0.0
2008-11-13 00:00:00-05:00,2.3335939756293755,2.3961009979248047,2.2981733362854437,2.3961009979248047,92100,0.0,0.0
2008-11-14 00:00:00-05:00,2.406518868091434,2.4544407926718437,2.3210926903928972,2.3961009979248047,115500,0.0,0.0
2008-11-17 00:00:00-05:00,2.35859673944321,2.35859673944321,2.2669199193349083,2.3065075874328613,86300,0.0,0.0
2008-11-18 00:00:00-05:00,2.3565136351054776,2.3565136351054776,2.1648255145352544,2.2398338317871094,85900,0.0,0.0
2008-11-19 00:00:00-05:00,2.2398337613173815,2.2898393045786753,2.0960677747650704,2.1523239612579346,111500,0.0,0.0
2008-11-20 00:00:00-05:00,2.08356521631833,2.08356521631833,1.8647908288640527,1.9002114534378052,168100,0.0,0.0
2008-11-21 00:00:00-05:00,1.8772931977631206,1.9439672527153182,1.7939504303685163,1.9252151250839233,191700,0.0,0.0
2008-11-24 00:00:00-05:00,1.9377167197306533,2.1419061239643824,1.9377167197306533,2.1044020652770996,105300,0.0,0.0
2008-11-25 00:00:00-05:00,2.2169156632220015,2.2169156632220015,2.0502302406473953,2.1502413749694824,65900,0.0,0.0
2008-11-26 00:00:00-05:00,2.0773158728183034,2.3023410407289293,2.0398116119317367,2.2773382663726807,41900,0.0,0.0
2008-11-28 00:00:00-05:00,2.375265412716938,2.375265412716938,2.3002571002863386,2.3502626419067383,39100,0.0,0.0
2008-12-01 00:00:00-05:00,2.656547061276311,2.677382803983755,2.1044020652770996,2.1044020652770996,171100,0.0,0.0
2008-12-02 00:00:00-05:00,2.1252371512494133,2.291922460871869,2.121070122828623,2.168992042541504,73300,0.0,0.0
2008-12-03 00:00:00-05:00,2.085649557922241,2.2127470089903047,2.085649557922241,2.1669085025787354,78600,0.0,0.0
2008-12-04 00:00:00-05:00,2.204412822786947,2.271086871524683,2.154407286233645,2.1773264408111572,91200,0.0,0.0
2008-12-05 00:00:00-05:00,2.166909730863287,2.231500399178529,2.1044028760668896,2.218998908996582,81200,0.0,0.0
2008-12-08 00:00:00-05:00,2.2148309048787405,2.3169256014706696,2.2148309048787405,2.285672187805176,136500,0.0,0.0
2008-12-09 00:00:00-05:00,2.271087646484375,2.3544304345498133,2.2294163518038594,2.271087646484375,69300,0.0,0.0
2008-12-10 00:00:00-05:00,2.2481682263562766,2.358597194276172,2.2398339683756125,2.3252601623535156,71300,0.0,0.0
2008-12-11 00:00:00-05:00,2.3856830745110686,2.396100944445177,2.191911568035759,2.260669231414795,80700,0.0,0.0
2008-12-12 00:00:00-05:00,2.3502629934824406,2.3627644801098167,2.196079117736338,2.300257444381714,107000,0.0,0.0
2008-12-15 00:00:00-05:00,2.3773486862916333,2.383599328423266,2.2648361344005834,2.3294267654418945,118700,0.0,0.0
2008-12-16 00:00:00-05:00,2.3940181143858026,2.427355150124166,2.264837001547441,2.419020891189575,82200,0.0,0.0
2008-12-17 00:00:00-05:00,2.3335941070667614,2.4356888033005495,2.298173465727797,2.4169368743896484,88500,0.0,0.0
2008-12-18 00:00:00-05:00,2.5106969145198397,2.6044573389823387,2.3961007518637514,2.4919447898864746,221700,0.0,0.0
2008-12-19 00:00:00-05:00,2.57737134518496,2.5836219880983378,2.500279420238787,2.5127809047698975,89300,0.0,0.0
2008-12-22 00:00:00-05:00,2.541950994865553,2.6002907990389663,2.541950994865553,2.5940401554107666,128700,0.0,0.0
2008-12-23 00:00:00-05:00,2.6044568328335194,2.696133625919373,2.550284083021553,2.6607131958007812,190500,0.0,0.0
2008-12-24 00:00:00-05:00,2.7713491887588066,2.8480269201818604,2.7165794402937706,2.7998294830322266,76500,0.625,0.0
2008-12-26 00:00:00-05:00,2.7603944340666775,2.7603944340666775,2.635519309471942,2.716578483581543,81900,0.0,0.0
2008-12-29 00:00:00-05:00,2.791066826150159,2.834882590899368,2.576369474414015,2.6070404052734375,109000,0.0,0.0
2008-12-30 00:00:00-05:00,2.7297243153159876,2.7297243153159876,2.5500796043480536,2.5741782188415527,155600,0.0,0.0
2008-12-31 00:00:00-05:00,2.6596186275057443,2.701243537630532,2.5697960791512457,2.6574277877807617,124200,0.0,0.0
2009-01-02 00:00:00-05:00,2.869935451035392,2.869935451035392,2.7713497178334503,2.8217380046844482,93300,0.0,0.0
2009-01-05 00:00:00-05:00,2.946612365162011,3.040816397446203,2.8348820304430857,3.0013821125030518,190900,0.0,0.0
2009-01-06 00:00:00-05:00,3.0123357285869807,3.1109212197365586,3.0123357285869807,3.1021580696105957,131300,0.0,0.0
2009-01-07 00:00:00-05:00,3.0999668376041742,3.0999668376041742,2.9685196023469027,2.97947359085083,90200,0.0,0.0
2009-01-08 00:00:00-05:00,2.979474243095292,2.9970005449663235,2.8852702138410002,2.957566261291504,110800,0.0,0.0
2009-01-09 00:00:00-05:00,2.9356573693790513,3.075867949809399,2.9356573693790513,3.0101442337036133,125900,0.0,0.0
2009-01-12 00:00:00-05:00,3.0342439886747643,3.0364346197111445,2.8786979028718633,2.957566261291504,76700,0.0,0.0
2009-01-13 00:00:00-05:00,2.959757418407461,2.959757418407461,2.8305007715607515,2.865553379058838,70000,0.0,0.0
2009-01-14 00:00:00-05:00,2.771349222378569,2.7735400624869504,2.6508559414377713,2.659619092941284,69100,0.0,0.0
2009-01-15 00:00:00-05:00,2.6114211998897168,2.685908079147339,2.5697960808081155,2.685908079147339,60700,0.0,0.0
2009-01-16 00:00:00-05:00,2.771349714613105,2.8962249068804415,2.668382718390803,2.7143893241882324,76800,0.0,0.0
2009-01-20 00:00:00-05:00,2.712198119797474,2.756013879218673,2.6530466878813397,2.6990532875061035,67600,0.0,0.0
2009-01-21 00:00:00-05:00,2.74944064459212,2.8370721340179443,2.7100063698855235,2.8370721340179443,72200,0.0,0.0
2009-01-22 00:00:00-05:00,2.8480269201818604,2.867744063058075,2.760395406209807,2.7998294830322266,111800,0.0,0.0
2009-01-23 00:00:00-05:00,2.705625480300514,2.7428689235285857,2.705625480300514,2.7384872436523438,100000,0.0,0.0
2009-01-26 00:00:00-05:00,2.7691590862634454,2.8655537700352838,2.7691590862634454,2.8217380046844482,68900,0.0,0.0
2009-01-27 00:00:00-05:00,2.8984148385898467,2.9750925660474614,2.8370727819817545,2.9006056785583496,89500,0.0,0.0
2009-01-28 00:00:00-05:00,2.9553755948116662,3.0539611008558856,2.795448028617934,2.9641387462615967,141200,0.0,0.0
2009-01-29 00:00:00-05:00,2.9663282269682676,2.9663282269682676,2.8326901763670453,2.869933605194092,64100,0.0,0.0
2009-01-30 00:00:00-05:00,2.894032208405157,2.89622304749614,2.8217361898420465,2.869933605194092,63200,0.0,0.0
2009-02-02 00:00:00-05:00,2.854598608074779,2.874315746644921,2.7976382408976574,2.843644618988037,94700,0.0,0.0
2009-02-03 00:00:00-05:00,2.815165863713083,2.8414553245260614,2.7669684144242583,2.828310489654541,68500,0.0,0.0
2009-02-04 00:00:00-05:00,2.804211143307308,2.920322950729272,2.7976388320385195,2.8874611854553223,51100,0.0,0.0
2009-02-05 00:00:00-05:00,2.904987281859178,2.948803035423345,2.863362159275724,2.9378490447998047,62600,0.0,0.0
2009-02-06 00:00:00-05:00,2.9378503828967863,3.0035741476431084,2.9378503828967863,2.9488043785095215,60300,0.0,0.0
2009-02-09 00:00:00-05:00,2.920322690602809,3.0386253275532833,2.920322690602809,3.0276713371276855,63100,0.0,0.0
2009-02-10 00:00:00-05:00,3.067106489701705,3.067106489701705,2.972902437803251,3.0123367309570312,93300,0.0,0.0
2009-02-11 00:00:00-05:00,3.0583430326350456,3.0583430326350456,2.9159417576267845,2.9356586933135986,72500,0.0,0.0
2009-02-12 00:00:00-05:00,2.9356582794877153,2.957566261291504,2.8239281572923907,2.957566261291504,68800,0.0,0.0
2009-02-13 00:00:00-05:00,2.994809332973018,2.9991908034314934,2.8305001166457346,2.861171245574951,90400,0.0,0.0
2009-02-17 00:00:00-05:00,2.804211079219805,2.8107833903383894,2.692480745553851,2.7538228034973145,61200,0.0,0.0
2009-02-18 00:00:00-05:00,2.7538221832960743,2.7713484816184555,2.6245655764710474,2.688098669052124,95300,0.0,0.0
2009-02-19 00:00:00-05:00,2.7647750588805313,2.77572904315443,2.5741764846622317,2.6136107444763184,112200,0.0,0.0
2009-02-20 00:00:00-05:00,2.5960863407864427,2.611421804562169,2.519408604047762,2.5873231887817383,124300,0.0,0.0
2009-02-23 00:00:00-05:00,2.593894764209468,2.6355196721830136,2.37919728764654,2.416440725326538,137200,0.0,0.0
2009-02-24 00:00:00-05:00,2.324428541420938,2.5194089624232996,2.3178562287150313,2.4887378215789795,195800,0.0,0.0
2009-02-25 00:00:00-05:00,2.484355949091062,2.63552037054871,2.418632205832511,2.5632243156433105,85000,0.0,0.0
2009-02-26 00:00:00-05:00,2.59608676923839,2.6289485424469534,2.5018827129430887,2.510645866394043,64900,0.0,0.0
2009-02-27 00:00:00-05:00,2.49750086887649,2.607040384334758,2.4536851044791916,2.556652307510376,62400,0.0,0.0
2009-03-02 00:00:00-05:00,2.475592692958589,2.4996913072684737,2.357290043649135,2.4383492469787598,176100,0.0,0.0
2009-03-03 00:00:00-05:00,2.4186320112044255,2.469020286922228,2.3047110464628786,2.3660531044006348,113700,0.0,0.0
2009-03-04 00:00:00-05:00,2.3441446677166167,2.44053952043526,2.3441446677166167,2.4208223819732666,79700,0.0,0.0
2009-03-05 00:00:00-05:00,2.3375727166253775,2.3616713290385274,2.2170792366996372,2.2652766704559326,93000,0.0,0.0
2009-03-06 00:00:00-05:00,2.2565136189822743,2.295947694763787,2.1097306802560776,2.252131938934326,112600,0.0,0.0
2009-03-09 00:00:00-04:00,2.203935514223504,2.267468435534824,2.160119533514942,2.1864089965820312,81000,0.0,0.0
2009-03-10 00:00:00-04:00,2.2170787086070796,2.30690103494195,2.2170787086070796,2.271848440170288,84100,0.0,0.0
2009-03-11 00:00:00-04:00,2.2740398212361685,2.341954187550498,2.225842387479873,2.2652766704559326,291800,0.0,0.0
2009-03-12 00:00:00-04:00,2.2411773582829673,2.394532776746432,2.2411773582829673,2.381387948989868,176700,0.0,0.0
2009-03-13 00:00:00-04:00,2.383578944640604,2.4361578412526113,2.379197265457955,2.4208223819732666,39100,0.0,0.0
2009-03-16 00:00:00-04:00,2.370434880441069,2.4471126194247756,2.3112836549099485,2.4142508506774902,228600,0.0,0.0
2009-03-17 00:00:00-04:00,2.38138913226697,2.4339680515590154,2.359481353693644,2.409869432449341,94800,0.0,0.0
2009-03-18 00:00:00-04:00,2.3791979234326623,2.4734019626124066,2.374816451968267,2.451493978500366,101600,0.0,0.0
2009-03-19 00:00:00-04:00,2.4784570826899364,2.494186330855326,2.3413892670842062,2.4425048828125,172800,0.28,0.0
2009-03-20 00:00:00-04:00,2.3930711397908757,2.4335174825982717,2.3638601303100586,2.3638601303100586,58000,0.0,0.0
2009-03-23 00:00:00-04:00,2.3908244334042603,2.49868106842041,2.372848327568235,2.49868106842041,152200,0.0,0.0
2009-03-24 00:00:00-04:00,2.5031756556960234,2.5256456849174356,2.455988315751297,2.471717357635498,144000,0.0,0.0
2009-03-25 00:00:00-04:00,2.4470003970572227,2.5099167823791504,2.4470003970572227,2.5099167823791504,166500,0.0,0.0
2009-03-26 00:00:00-04:00,2.514410341628174,2.5346335161501656,2.471717139864495,2.521151542663574,140700,0.0,0.0
2009-03-27 00:00:00-04:00,2.5256444406321465,2.527891506734884,2.4717161399185534,2.4919393062591553,55200,0.0,0.0
2009-03-30 00:00:00-04:00,2.4717165481212526,2.473963614595092,2.3998121352948187,2.415541172027588,63100,0.0,0.0
2009-03-31 00:00:00-04:00,2.386330067804197,2.498680825502843,2.3840830012201284,2.42677640914917,77200,0.0,0.0
2009-04-01 00:00:00-04:00,2.359365772166592,2.478457508283703,2.334648684079509,2.4604814052581787,78600,0.0,0.0
2009-04-02 00:00:00-04:00,2.4986810067473226,2.599796653152222,2.489692954051155,2.5638444423675537,178300,0.0,0.0
2009-04-03 00:00:00-04:00,2.52339769040025,2.6110313507485534,2.5144096391562223,2.593055248260498,59100,0.0,0.0
2009-04-06 00:00:00-04:00,2.5503627709406618,2.561597677415453,2.505422287873078,2.521151542663574,32300,0.0,0.0
2009-04-07 00:00:00-04:00,2.516657141479262,2.516657141479262,2.451493705099345,2.494187116622925,71900,0.0,0.0
2009-04-08 00:00:00-04:00,2.5144106198179155,2.5189047543387386,2.4514942365712926,2.4762115478515625,73800,0.0,0.0
2009-04-09 00:00:00-04:00,2.536881098199946,2.599797487258911,2.536881098199946,2.599797487258911,61800,0.0,0.0
2009-04-13 00:00:00-04:00,2.599796261571108,2.599796261571108,2.541374034991613,2.5728321075439453,61900,0.0,0.0
2009-04-14 00:00:00-04:00,2.561596922393631,2.561596922393631,2.5346327690759343,2.5413739681243896,69500,0.0,0.0
2009-04-15 00:00:00-04:00,2.5571031856423736,2.5638441708776645,2.5256448973909214,2.5593502521514893,54800,0.0,0.0
2009-04-16 00:00:00-04:00,2.5481156030852095,2.6065380573272705,2.5436214692394676,2.6065380573272705,97900,0.0,0.0
2009-04-17 00:00:00-04:00,2.633502790457411,2.651478901166979,2.597550569038275,2.6177735328674316,81800,0.0,0.0
2009-04-20 00:00:00-04:00,2.5953023430459377,2.5953023430459377,2.5368799021743955,2.5728321075439453,61900,0.0,0.0
2009-04-21 00:00:00-04:00,2.52339769040025,2.5953023146445164,2.52339769040025,2.593055248260498,81400,0.0,0.0
2009-04-22 00:00:00-04:00,2.5301397098253116,2.6312553726754,2.5301397098253116,2.5571038722991943,104700,0.0,0.0
2009-04-23 00:00:00-04:00,2.599797422157864,2.6177735328674316,2.5885625136834913,2.6177735328674316,164400,0.0,0.0
2009-04-24 00:00:00-04:00,2.6492308956818507,2.655971881237969,2.6110316203770685,2.6424899101257324,121000,0.0,0.0
2009-04-27 00:00:00-04:00,2.6290086520456817,2.6492318301393794,2.5840683753331,2.6155266761779785,148800,0.0,0.0
2009-04-28 00:00:00-04:00,2.6065388978251116,2.6335030667180677,2.5548574133944872,2.595303773880005,242100,0.0,0.0
2009-04-29 00:00:00-04:00,2.6132786012400078,2.6604659271685467,2.6087844681553563,2.6582188606262207,160300,0.0,0.0
2009-04-30 00:00:00-04:00,2.6941712470947325,2.6986653804779053,2.6245138939921477,2.6986653804779053,239500,0.0,0.0
2009-05-01 00:00:00-04:00,2.718888909674341,2.718888909674341,2.689677681718423,2.7099008560180664,343200,0.0,0.0
2009-05-04 00:00:00-04:00,2.70315884119519,2.7952864170074463,2.70315884119519,2.7952864170074463,369000,0.0,0.0
2009-05-05 00:00:00-04:00,2.795287398690091,2.797534465789795,2.761582249362982,2.797534465789795,70900,0.0,0.0
2009-05-06 00:00:00-04:00,2.842473409896066,2.842473409896066,2.7818041265598907,2.8312385082244873,80400,0.0,0.0
2009-05-07 00:00:00-04:00,2.87168647272779,2.87168647272779,2.8087700828732323,2.8222522735595703,79600,0.0,0.0
2009-05-08 00:00:00-04:00,2.820004754445656,2.894156255614939,2.820004754445656,2.8492159843444824,96600,0.0,0.0
2009-05-11 00:00:00-04:00,2.8492153873550876,2.853709306394475,2.813263177871704,2.813263177871704,40200,0.0,0.0
2009-05-12 00:00:00-04:00,2.8357330866073114,2.837980153181878,2.788545760001739,2.804274797439575,74500,0.0,0.0
2009-05-13 00:00:00-04:00,2.7930406479247454,2.797534567996223,2.7346181869506836,2.7346181869506836,53400,0.0,0.0
2009-05-14 00:00:00-04:00,2.752594057312345,2.759335043981525,2.7099008560180664,2.7099008560180664,95700,0.0,0.0
2009-05-15 00:00:00-04:00,2.6874302910880656,2.7346176206738324,2.6874302910880656,2.7256295680999756,89800,0.0,0.0
2009-05-18 00:00:00-04:00,2.709901816559197,2.7818062712963636,2.703160613208454,2.761583089828491,88600,0.0,0.0
2009-05-19 00:00:00-04:00,2.772817102217806,2.8177573684020305,2.741358808742803,2.7930402755737305,98900,0.0,0.0
2009-05-20 00:00:00-04:00,2.842474736323312,2.849215937622424,2.7795583575763883,2.797534465789795,64100,0.0,0.0
2009-05-21 00:00:00-04:00,2.763829378713302,2.7795584201812744,2.739112068644067,2.7795584201812744,64900,0.0,0.0
2009-05-22 00:00:00-04:00,2.7997811731224647,2.8110162928851787,2.768322880645283,2.8087692260742188,65600,0.0,0.0
2009-05-26 00:00:00-04:00,2.851462690836131,2.8874151202993366,2.817757542686252,2.8604507446289062,218100,0.0,0.0
2009-05-27 00:00:00-04:00,2.8806737643526583,2.8941559514629867,2.8604505908332123,2.867191791534424,161500,0.0,0.0
2009-05-28 00:00:00-04:00,2.898648859692443,2.9121310420991144,2.867190791230243,2.909883975982666,69000,0.0,0.0
2009-05-29 00:00:00-04:00,2.9458370750216365,3.022235631942749,2.932355102795608,3.022235631942749,231800,0.0,0.0
2009-06-01 00:00:00-04:00,3.05594054153573,3.0986337330270497,3.0334703054084757,3.094139814376831,159700,0.0,0.0
2009-06-02 00:00:00-04:00,3.1076219382853596,3.1885144066177538,3.0851517010469958,3.1570563316345215,187000,0.0,0.0
2009-06-03 00:00:00-04:00,3.150315256138996,3.150315256138996,3.0784106276066154,3.1480681896209717,109000,0.0,0.0
2009-06-04 00:00:00-04:00,3.152562171932084,3.204243631428446,3.103127993291118,3.2019965648651123,91200,0.0,0.0
2009-06-05 00:00:00-04:00,3.255925690187459,3.255925690187459,3.190762243612898,3.2357025146484375,76200,0.0,0.0
2009-06-08 00:00:00-04:00,3.2626656557130653,3.2626656557130653,3.1750319996689917,3.2312073707580566,81700,0.0,0.0
2009-06-09 00:00:00-04:00,3.2491842812939264,3.264913320541382,3.217725988506927,3.264913320541382,103100,0.0,0.0
2009-06-10 00:00:00-04:00,3.2986194963965967,3.2986194963965967,3.2424440974214073,3.249185085296631,98400,0.0,0.0
2009-06-11 00:00:00-04:00,3.2694078004670373,3.330077111341279,3.2694078004670373,3.323336124420166,98600,0.0,0.0
2009-06-12 00:00:00-04:00,3.2873835280690016,3.314347686925549,3.278395475116819,3.2851364612579346,80300,0.0,0.0
2009-06-15 00:00:00-04:00,3.2649131130345697,3.2649131130345697,3.1772796550346167,3.24468994140625,60600,0.0,0.0
2009-06-16 00:00:00-04:00,3.251432587646101,3.2761496893565436,3.1098705375761058,3.145822763442993,72700,0.0,0.0
2009-06-17 00:00:00-04:00,3.1548098018110386,3.172785908943356,3.130092708077128,3.1637978553771973,85300,0.0,0.0
2009-06-18 00:00:00-04:00,3.1660902526841306,3.23716094476487,3.1569198337498405,3.20047926902771,64200,0.28,0.0
2009-06-19 00:00:00-04:00,3.1981862473876226,3.2532087547611708,3.1752603119686484,3.2096493244171143,66400,0.0,0.0
2009-06-22 00:00:00-04:00,3.2188212210402307,3.2188212210402307,3.0973130734427596,3.120239019393921,102200,0.0,0.0
2009-06-23 00:00:00-04:00,3.1408717898241187,3.1500422097896177,3.097312349648014,3.1385791301727295,67300,0.0,0.0
2009-06-24 00:00:00-04:00,3.1454567554219692,3.211942347355581,3.1454567554219692,3.20047926902771,59400,0.0,0.0
2009-06-25 00:00:00-04:00,3.2165274239854997,3.2417462398504386,3.189016167383774,3.2371609210968018,51600,0.0,0.0
2009-06-26 00:00:00-04:00,3.2394536935927754,3.287598448986979,3.2394536935927754,3.2463314533233643,66600,0.0,0.0
2009-06-29 00:00:00-04:00,3.255501661179177,3.3151094913482666,3.255501661179177,3.3151094913482666,92800,0.0,0.0
2009-06-30 00:00:00-04:00,3.3334498284528733,3.3334498284528733,3.195893351566403,3.2623789310455322,74400,0.0,0.0
2009-07-01 00:00:00-04:00,3.253208671895998,3.324279572756532,3.253208671895998,3.3219869136810303,53000,0.0,0.0
2009-07-02 00:00:00-04:00,3.2623794802480828,3.278427877058487,3.1936014488664597,3.2577943801879883,65700,0.0,0.0
2009-07-06 00:00:00-04:00,3.1706758131683728,3.2325763139419297,3.1523349726369627,3.184431552886963,65600,0.0,0.0
2009-07-07 00:00:00-04:00,2.9987300377626096,3.1798459880116954,2.9849745177457443,3.0973122119903564,63700,0.0,0.0
2009-07-08 00:00:00-04:00,3.095019673494754,3.101897433772193,2.9987301550503793,3.035411834716797,72600,0.0,0.0
2009-07-09 00:00:00-04:00,3.0927271427347773,3.0927271427347773,3.0262415409088135,3.0262415409088135,62300,0.0,0.0
2009-07-10 00:00:00-04:00,3.026241456833042,3.0331192172060093,2.9735115962401917,2.980389356613159,64900,0.0,0.0
2009-07-13 00:00:00-04:00,2.9987297209177384,3.0239483173774353,2.9918519616360078,3.014777898788452,102900,0.0,0.0
2009-07-14 00:00:00-04:00,3.0377042434641806,3.0629228414919596,3.0193634051457883,3.0537524223327637,73200,0.0,0.0
2009-07-15 00:00:00-04:00,3.1064820715733514,3.2004789097582265,3.0766781587225362,3.156919479370117,85300,0.0,0.0
2009-07-16 00:00:00-04:00,3.168382065569852,3.232575204028974,3.1660896252705903,3.2302825450897217,69900,0.0,0.0
2009-07-17 00:00:00-04:00,3.2555018460547016,3.2669649246058876,3.2279905887158775,3.248624086380005,58700,0.0,0.0
2009-07-20 00:00:00-04:00,3.2944770298145962,3.2944770298145962,3.2440396023927733,3.27384352684021,70000,0.0,0.0
2009-07-21 00:00:00-04:00,3.2715503053547796,3.312817082823445,3.2692576458731755,3.2967689037323,56600,0.0,0.0
2009-07-22 00:00:00-04:00,3.303646915143987,3.319695095457367,3.2807209745020236,3.312817335128784,75100,0.0,0.0
2009-07-23 00:00:00-04:00,3.335745130367018,3.404523423304102,3.285307686394467,3.38388991355896,98200,0.0,0.0
2009-07-24 00:00:00-04:00,3.393059954697586,3.4366194114070194,3.381596870729796,3.4274489879608154,68400,0.0,0.0
2009-07-27 00:00:00-04:00,3.4136909467483307,3.429739121294125,3.3838870378490125,3.4205687046051025,65100,0.0,0.0
2009-07-28 00:00:00-04:00,3.3930584520449285,3.429740129584866,3.358669215371203,3.3815953731536865,55500,0.0,0.0
2009-07-29 00:00:00-04:00,3.3861807583384826,3.395351177902674,3.3449137609795963,3.3586692810058594,46000,0.0,0.0
2009-07-30 00:00:00-04:00,3.3678392119694847,3.411398862559869,3.34949837550196,3.377009630203247,95200,0.0,0.0
2009-07-31 00:00:00-04:00,3.3907652066118423,3.4159838009027466,3.358668634990687,3.406813383102417,54600,0.0,0.0
2009-08-03 00:00:00-04:00,3.411400172721187,3.443496758186181,3.404522411064439,3.4389114379882812,48500,0.0,0.0
2009-08-04 00:00:00-04:00,3.404522022883852,3.4710076276920585,3.404522022883852,3.450374126434326,67600,0.0,0.0
2009-08-05 00:00:00-04:00,3.4526672186456775,3.471008062362671,3.4159853125715864,3.471008062362671,63800,0.0,0.0
2009-08-06 00:00:00-04:00,3.299061727023648,3.4778850213071655,3.2875986476864876,3.4595441818237305,55800,0.0,0.0
2009-08-07 00:00:00-04:00,3.4595448629595804,3.51915271233672,3.4595448629595804,3.4962265491485596,53400,0.0,0.0
2009-08-10 00:00:00-04:00,3.4939337349790547,3.5283229782443337,3.491641075033352,3.5076894760131836,36900,0.0,0.0
2009-08-11 00:00:00-04:00,3.5191520191033536,3.5237371196537146,3.4480811021323055,3.4939332008361816,49100,0.0,0.0
2009-08-12 00:00:00-04:00,3.4939319900905814,3.496224648891318,3.4595429826394444,3.477883815765381,38500,0.0,0.0
2009-08-13 00:00:00-04:00,3.5076885336624493,3.5191516116712864,3.473299299635938,3.4893476963043213,42600,0.0,0.0
2009-08-14 00:00:00-04:00,3.4641297921826375,3.4710077719811823,3.409107265634793,3.422863006591797,82500,0.0,0.0
2009-08-17 00:00:00-04:00,3.3861814631851916,3.3861814631851916,3.2577953439223957,3.27384352684021,91200,0.0,0.0
2009-08-18 00:00:00-04:00,3.2509170027584604,3.335743440917539,3.2509170027584604,3.3174026012420654,88200,0.0,0.0
2009-08-19 00:00:00-04:00,3.3013541884790705,3.3701324462890625,3.2853060084914256,3.3701324462890625,57100,0.0,0.0
2009-08-20 00:00:00-04:00,3.3770084790881265,3.404519943051645,3.3563752090754013,3.393056869506836,79800,0.0,0.0
2009-08-21 00:00:00-04:00,3.43432568344273,3.46183716387048,3.3999366608681516,3.4182775020599365,75500,0.0,0.0
2009-08-24 00:00:00-04:00,3.4366183860491457,3.450374126434326,3.420570204466499,3.450374126434326,74200,0.0,0.0
2009-08-25 00:00:00-04:00,3.450374264456571,3.480178187616618,3.404522159071916,3.457252025604248,86600,0.0,0.0
2009-08-26 00:00:00-04:00,3.438908361401155,3.491638184662151,3.438908361401155,3.473297357559204,53800,0.0,0.0
2009-08-27 00:00:00-04:00,3.454959621400728,3.461837601697577,3.404522411064439,3.4389114379882812,73800,0.0,0.0
2009-08-28 00:00:00-04:00,3.457251844252497,3.4710075844663724,3.415984842250945,3.4182775020599365,65200,0.0,0.0
2009-08-31 00:00:00-04:00,3.409106042212501,3.411398701322585,3.3838874479215972,3.406813383102417,53800,0.0,0.0
2009-09-01 00:00:00-04:00,3.390766161289938,3.4159847626811977,3.326573218613961,3.338036298751831,61900,0.0,0.0
2009-09-02 00:00:00-04:00,3.321988436853349,3.3494997024536133,3.317403335240024,3.3494997024536133,49600,0.0,0.0
2009-09-03 00:00:00-04:00,3.3288656665151106,3.3770102064780456,3.3288656665151106,3.3701324462890625,73100,0.0,0.0
2009-09-04 00:00:00-04:00,3.3815958081515762,3.41139972964667,3.3747180473881153,3.4022293090820312,40800,0.0,0.0
2009-09-08 00:00:00-04:00,3.4182779343779357,3.4572522814996773,3.4182779343779357,3.4389114379882812,59600,0.0,0.0
2009-09-09 00:00:00-04:00,3.4503739732601986,3.4732999146976353,3.4503739732601986,3.46183705329895,65100,0.0,0.0
2009-09-10 00:00:00-04:00,3.4847625192284326,3.5306146144866943,3.464129021702206,3.5306146144866943,97700,0.0,0.0
2009-09-11 00:00:00-04:00,3.512273285569091,3.544369857084633,3.507688186004017,3.514565944671631,41300,0.0,0.0
2009-09-14 00:00:00-04:00,3.498517907821447,3.539784680113643,3.496225248627432,3.5214438438415527,55400,0.0,0.0
2009-09-15 00:00:00-04:00,3.530614813308287,3.5558336311005205,3.5237370532922454,3.55124831199646,84000,0.0,0.0
2009-09-16 00:00:00-04:00,3.576467341326084,3.601685941969874,3.5650042615279753,3.587930202484131,91300,0.0,0.0
2009-09-17 00:00:00-04:00,3.6019363696728357,3.632283234935651,3.5996019440472926,3.6159424781799316,98000,0.28,0.0
2009-09-18 00:00:00-04:00,3.5996024050182758,3.6346179033932384,3.590264923943412,3.6089398860931396,70300,0.0,0.0
2009-09-21 00:00:00-04:00,3.580926687225733,3.6042702736754033,3.569254782689367,3.594932794570923,64300,0.0,0.0
2009-09-22 00:00:00-04:00,3.6299491042727174,3.6346177332800864,3.604270865551343,3.606605291366577,61900,0.0,0.0
2009-09-23 00:00:00-04:00,3.622946049450115,3.6439552139179225,3.599602236543974,3.606605291366577,73600,0.0,0.0
2009-09-24 00:00:00-04:00,3.622945906079184,3.622945906079184,3.562252173023533,3.5809271335601807,75400,0.0,0.0
2009-09-25 00:00:00-04:00,3.597267805263476,3.604270860075439,3.5272365892745503,3.5459115505218506,67400,0.0,0.0
2009-09-28 00:00:00-04:00,3.5785933094880815,3.627615144794348,3.559918345811706,3.599602699279785,55000,0.0,0.0
2009-09-29 00:00:00-04:00,3.622946780691887,3.639287319450438,3.611274871883003,3.6136090755462646,85500,0.0,0.0
2009-09-30 00:00:00-04:00,3.6322841227157485,3.634618326288722,3.5879309154822234,3.6182777881622314,90300,0.0,0.0
2009-10-01 00:00:00-04:00,3.6112744240230548,3.6136086273968355,3.552915109839335,3.559918165206909,60300,0.0,0.0
2009-10-02 00:00:00-04:00,3.5249034136518014,3.5599189205422963,3.489887684138143,3.506228446960449,104000,0.0,0.0
2009-10-05 00:00:00-04:00,3.5062280374721833,3.548246596308846,3.5062280374721833,3.534240484237671,90800,0.0,0.0
2009-10-06 00:00:00-04:00,3.562251308805821,3.6019356459743777,3.562251308805821,3.585594892501831,71200,0.0,0.0
2009-10-07 00:00:00-04:00,3.6136077527798838,3.6182766036436553,3.576257836361962,3.594932794570923,61800,0.0,0.0
2009-10-08 00:00:00-04:00,3.6159431793978896,3.6462900505456903,3.6136087533196455,3.639286994934082,73300,0.0,0.0
2009-10-09 00:00:00-04:00,3.625280661087742,3.650958902702178,3.6206120315543777,3.639286994934082,28100,0.0,0.0
2009-10-12 00:00:00-04:00,3.6602955014518215,3.6766360348116014,3.6369516915466464,3.6672985553741455,49800,0.0,0.0
2009-10-13 00:00:00-04:00,3.6672980416222365,3.683638572692871,3.6299481291047635,3.683638572692871,56800,0.0,0.0
2009-10-14 00:00:00-04:00,3.6906421113413628,3.7209887504577637,3.6743013564828524,3.7209887504577637,58600,0.0,0.0
2009-10-15 00:00:00-04:00,3.690641990112004,3.7326605319976807,3.683638714278518,3.7326605319976807,64800,0.0,0.0
2009-10-16 00:00:00-04:00,3.697645017913154,3.7163199747613582,3.685973114227265,3.695310592651367,72400,0.0,0.0
2009-10-19 00:00:00-04:00,3.69764590523958,3.7349958278988726,3.6929770535956186,3.7279927730560303,75800,0.0,0.0
2009-10-20 00:00:00-04:00,3.753671099476376,3.753671099476376,3.697646210856876,3.725658655166626,46000,0.0,0.0
2009-10-21 00:00:00-04:00,3.7256576239340586,3.7560044858589623,3.6976451873779297,3.6976451873779297,47600,0.0,0.0
2009-10-22 00:00:00-04:00,3.7069824904823263,3.7233230220429347,3.685973108405518,3.7186543941497803,66200,0.0,0.0
2009-10-23 00:00:00-04:00,3.7069831543133662,3.7209892631240296,3.667298808311343,3.674301862716675,63200,0.0,0.0
2009-10-26 00:00:00-04:00,3.6906425152659663,3.7303266375206023,3.6182768797174623,3.6322832107543945,158400,0.0,0.0
2009-10-27 00:00:00-04:00,3.6416193075524457,3.6556254106470423,3.618275505564124,3.6229443550109863,64700,0.0,0.0
2009-10-28 00:00:00-04:00,3.6066050546882216,3.613608109051259,3.5132302544374467,3.5155646800994873,79000,0.0,0.0
2009-10-29 00:00:00-04:00,3.410516429210565,3.5949317551715128,3.410516429210565,3.5902631282806396,58300,0.0,0.0
2009-10-30 00:00:00-04:00,3.594933000318332,3.604270479957221,3.4852176702171573,3.496889352798462,97500,0.0,0.0
2009-11-02 00:00:00-05:00,3.5038929270711736,3.5669208643306987,3.478214688916139,3.5178990364074707,41900,0.0,0.0
2009-11-03 00:00:00-05:00,3.5155637072138797,3.538907289505005,3.4945543273157513,3.538907289505005,27100,0.0,0.0
2009-11-04 00:00:00-05:00,3.5389084957098875,3.5855958988281387,3.5389084957098875,3.5459115505218506,60300,0.0,0.0
2009-11-05 00:00:00-05:00,3.5715898635074717,3.6042709350585938,3.5575835309690595,3.6042709350585938,50600,0.0,0.0
2009-11-06 00:00:00-05:00,3.571590515506684,3.627615410641554,3.571590515506684,3.6136090755462646,51900,0.0,0.0
2009-11-09 00:00:00-05:00,3.6579613282298715,3.6836393427981458,3.6439549967961224,3.674301862716675,58500,0.0,0.0
2009-11-10 00:00:00-05:00,3.66029579839824,3.7023143479640677,3.657961372693725,3.6883082389831543,77400,0.0,0.0
2009-11-11 00:00:00-05:00,3.6859731674194336,3.718654453686937,3.676635688860583,3.6859731674194336,76600,0.0,0.0
2009-11-12 00:00:00-05:00,3.7046480830599924,3.7139855615143014,3.639285733879831,3.64162015914917,56000,0.0,0.0
2009-11-13 00:00:00-05:00,3.634617457666696,3.6719673773857937,3.634617457666696,3.653292417526245,63400,0.0,0.0
2009-11-16 00:00:00-05:00,3.6649644271841817,3.7093176250776123,3.6649644271841817,3.6883082389831543,78200,0.0,0.0
2009-11-17 00:00:00-05:00,3.671966753836278,3.6906419331476115,3.667298125975728,3.681304454803467,77500,0.0,0.0
2009-11-18 00:00:00-05:00,3.683638551666932,3.699979305267334,3.6719666484160842,3.699979305267334,56700,0.0,0.0
2009-11-19 00:00:00-05:00,3.6813050651657444,3.6813050651657444,3.6369518687099913,3.646289348602295,88700,0.0,0.0
2009-11-20 00:00:00-05:00,3.6206107769712133,3.643954361795462,3.6112732985169047,3.64162015914917,74800,0.0,0.0
2009-11-23 00:00:00-05:00,3.6696337798455834,3.7116523351509207,3.667299353822198,3.6719679832458496,193100,0.0,0.0
2009-11-24 00:00:00-05:00,3.662629827992973,3.681305010121423,3.6532923482402877,3.6556267738342285,90000,0.0,0.0
2009-11-25 00:00:00-05:00,3.6672988528886967,3.692976867769096,3.6672988528886967,3.6883082389831543,51300,0.0,0.0
2009-11-27 00:00:00-05:00,3.64162015914917,3.6602951160577875,3.6112732985169047,3.64162015914917,48700,0.0,0.0
2009-11-30 00:00:00-05:00,3.6369519135387414,3.6696332048761713,3.627614433531345,3.6602957248687744,58400,0.0,0.0
2009-12-01 00:00:00-05:00,3.6789708315786593,3.718655178848237,3.676636405827957,3.716320753097534,86300,0.0,0.0
2009-12-02 00:00:00-05:00,3.718655292391207,3.7443335311867956,3.6999803310615604,3.7279927730560303,51400,0.0,0.0
2009-12-03 00:00:00-05:00,3.7443327119436667,3.7606732438760977,3.71865447876636,3.723323106765747,53800,0.0,0.0
2009-12-04 00:00:00-05:00,3.7583399222334317,3.7886865696986267,3.732661681515491,3.74900221824646,63800,0.0,0.0
2009-12-07 00:00:00-05:00,3.7676757754609334,3.7723446257127273,3.7466663945739263,3.7560040950775146,47900,0.0,0.0
2009-12-08 00:00:00-05:00,3.7373293825533382,3.7373293825533382,3.7093169470885377,3.7326605319976807,60600,0.0,0.0
2009-12-09 00:00:00-05:00,3.732661555281809,3.7443336848707887,3.718655445021252,3.7303271293640137,44600,0.0,0.0
2009-12-10 00:00:00-05:00,3.744331158482291,3.7653400870747995,3.739662309796882,3.7583372592926025,45200,0.0,0.0
2009-12-11 00:00:00-05:00,3.7910204029444086,3.7910204029444086,3.7630081858558513,3.767676591873169,52700,0.0,0.0
2009-12-14 00:00:00-05:00,3.7746797509446526,3.816698520512068,3.7746797509446526,3.809695243835449,62100,0.0,0.0
2009-12-15 00:00:00-05:00,3.807360731738707,3.8727233101630705,3.802692325973219,3.86572003364563,230400,0.0,0.0
2009-12-16 00:00:00-05:00,3.891398820729246,3.891398820729246,3.8493800461589904,3.8563833236694336,105100,0.0,0.0
2009-12-17 00:00:00-05:00,3.8470471112005513,3.8493815379420457,3.802694338851282,3.8237032890319824,135700,0.0,0.0
2009-12-18 00:00:00-05:00,3.814363848895138,3.849379339527145,3.8073605726702886,3.833038806915283,62900,0.0,0.0
2009-12-21 00:00:00-05:00,3.861051637020444,3.882060576130223,3.826035699596486,3.8353734016418457,102300,0.0,0.0
2009-12-22 00:00:00-05:00,3.8190326240592265,3.8587169647216797,3.8190326240592265,3.8587169647216797,90700,0.0,0.0
2009-12-23 00:00:00-05:00,3.8563439113003537,3.901461362838745,3.8563439113003537,3.901461362838745,74100,0.28,0.0
2009-12-24 00:00:00-05:00,3.8848382851751704,3.91570782661438,3.8753396860134837,3.91570782661438,48300,0.0,0.0
2009-12-28 00:00:00-05:00,3.929954100324667,3.9323287494068464,3.884837126517262,3.8943352699279785,89000,0.0,0.0
2009-12-29 00:00:00-05:00,3.9038338662566963,3.9085827115030534,3.882462477435083,3.8943352699279785,66800,0.0,0.0
2009-12-30 00:00:00-05:00,3.8895859717636196,3.9062085153388755,3.8753385301885444,3.8943352699279785,63400,0.0,0.0
2009-12-31 00:00:00-05:00,3.9062087041076268,3.932328939437866,3.8824626650562992,3.932328939437866,73000,0.0,0.0
2010-01-04 00:00:00-05:00,3.960824729694322,3.994068916415924,3.9204565945674874,3.9513261318206787,94400,0.0,0.0
2010-01-05 00:00:00-05:00,3.97032141865594,3.9798200130462646,3.9513246827932,3.9798200130462646,74100,0.0,0.0
2010-01-06 00:00:00-05:00,3.967948195498913,3.9964435359886066,3.967948195498913,3.9845707416534424,42400,0.0,0.0
2010-01-07 00:00:00-05:00,3.9893197992156133,4.0035676966751526,3.9774470042507595,3.9988183975219727,67200,0.0,0.0
2010-01-08 00:00:00-05:00,3.982197257486512,4.010692153396405,3.9726986569044116,3.989320755004883,65100,0.0,0.0
2010-01-11 00:00:00-05:00,3.9893207495328014,4.001194000244141,3.977447951739666,4.001194000244141,123700,0.0,0.0
2010-01-12 00:00:00-05:00,3.989320069876826,3.989320069876826,3.94657773335258,3.9679486751556396,69300,0.0,0.0
2010-01-13 00:00:00-05:00,3.9536990737798434,3.991692543029785,3.946575581369154,3.991692543029785,51700,0.0,0.0
2010-01-14 00:00:00-05:00,3.97269815189478,4.010691643557038,3.97269815189478,4.008316993713379,91700,0.0,0.0
2010-01-15 00:00:00-05:00,3.984570741653443,3.9940688865379594,3.9394533079272906,3.9845707416534424,77500,0.0,0.0
2010-01-19 00:00:00-05:00,3.97269865145513,4.013066798037276,3.9608258536619947,4.001194000244141,51300,0.0,0.0
2010-01-20 00:00:00-05:00,3.967947959638259,3.9916939998151593,3.9299544765224375,3.970322608947754,45500,0.0,0.0
2010-01-21 00:00:00-05:00,3.967948493876961,3.970323143506175,3.9133329111593613,3.929955005645752,108700,0.0,0.0
2010-01-22 00:00:00-05:00,3.8943360699955347,3.90858351449766,3.818349095426739,3.8349711894989014,112000,0.0,0.0
2010-01-25 00:00:00-05:00,3.8230974674761464,3.8373449085233062,3.7708563218989104,3.825472116470337,115300,0.0,0.0
2010-01-26 00:00:00-05:00,3.8207233214614575,3.8444693616114307,3.7969772813114844,3.799351930618286,77900,0.0,0.0
2010-01-27 00:00:00-05:00,3.804102421810283,3.808851721912782,3.756610326621661,3.801727771759033,74700,0.0,0.0
2010-01-28 00:00:00-05:00,3.830222717281631,3.830222717281631,3.7376136286469097,3.7684834003448486,71300,0.0,0.0
2010-01-29 00:00:00-05:00,3.7827298909591094,3.8112247772006485,3.7304887377785616,3.758983850479126,76500,0.0,0.0
2010-02-01 00:00:00-05:00,3.7684824462368898,3.7779808177038263,3.7542350022660047,3.770857095718384,46100,0.0,0.0
2010-02-02 00:00:00-05:00,3.758982599093001,3.818347454071045,3.758982599093001,3.818347454071045,67000,0.0,0.0
2010-02-03 00:00:00-05:00,3.782729837616714,3.827847268600651,3.782729837616714,3.806475877761841,55800,0.0,0.0
2010-02-04 00:00:00-05:00,3.777980416402473,3.7827297148609844,3.6996188035091464,3.711491823196411,54400,0.0,0.0
2010-02-05 00:00:00-05:00,3.692495443014711,3.692495443014711,3.550019645766547,3.6165082454681396,216500,0.0,0.0
2010-02-08 00:00:00-05:00,3.6378801144407684,3.66162615924703,3.616508719406946,3.626007318496704,60000,0.0,0.0
2010-02-09 00:00:00-05:00,3.6473772181219415,3.68062162399292,3.6355044263085095,3.68062162399292,61200,0.0,0.0
2010-02-10 00:00:00-05:00,3.692496094399373,3.6972451677005984,3.637880279451281,3.6663753986358643,60600,0.0,0.0
2010-02-11 00:00:00-05:00,3.6782476234285966,3.7328634265255167,3.6545018091569585,3.7304887771606445,82600,0.0,0.0
2010-02-12 00:00:00-05:00,3.716241567489285,3.75186063299481,3.687746450960298,3.7423622608184814,61600,0.0,0.0
2010-02-16 00:00:00-05:00,3.7684819448548943,3.801726353795651,3.73998683424525,3.78985333442688,73400,0.0,0.0
2010-02-17 00:00:00-05:00,3.7946021088734256,3.830220937728882,3.7922276863529887,3.830220937728882,75000,0.0,0.0
2010-02-18 00:00:00-05:00,3.8325939050310924,3.856339931488037,3.820721118261512,3.856339931488037,55200,0.0,0.0
2010-02-19 00:00:00-05:00,3.825471834331697,3.8729634519589267,3.813598590236426,3.8682146072387695,61600,0.0,0.0
2010-02-22 00:00:00-05:00,3.9299548775177513,3.9299548775177513,3.846844407795442,3.8610918521881104,79000,0.0,0.0
2010-02-23 00:00:00-05:00,3.8705897599083996,3.8705897599083996,3.8254727799477872,3.851593017578125,74800,0.0,0.0
2010-02-24 00:00:00-05:00,3.86821553665223,3.8705897331237793,3.853967640314573,3.8705897331237793,78600,0.0,0.0
2010-02-25 00:00:00-05:00,3.849218367100156,3.870589758830521,3.8135995318555684,3.8587169647216797,120300,0.0,0.0
2010-02-26 00:00:00-05:00,3.8634666844217413,3.899085523546675,3.853968085765432,3.8919615745544434,66800,0.0,0.0
2010-03-01 00:00:00-05:00,3.913330792676583,3.9418261198830886,3.9062073005633517,3.9109561443328857,56000,0.0,0.0
2010-03-02 00:00:00-05:00,3.918083667755127,3.9323311179116653,3.906210868111058,3.918083667755127,112500,0.0,0.0
2010-03-03 00:00:00-05:00,3.9323311179116653,3.9370804189366027,3.8990869165736513,3.918083667755127,97400,0.0,0.0
2010-03-04 00:00:00-05:00,3.9228315096762167,3.929955005645752,3.9109582615301477,3.929955005645752,67300,0.0,0.0
2010-03-05 00:00:00-05:00,3.932328653627663,3.9774460792541504,3.9299540046033226,3.9774460792541504,56700,0.0,0.0
2010-03-08 00:00:00-05:00,3.977446555569583,3.9821958541870117,3.965573761944056,3.9821958541870117,42800,0.0,0.0
2010-03-09 00:00:00-05:00,3.972699093055598,4.020191195343712,3.9703244426493667,4.01544189453125,65000,0.0,0.0
2010-03-10 00:00:00-05:00,4.015439986952341,4.032062078981197,4.001192544201612,4.017814636230469,66900,0.0,0.0
2010-03-11 00:00:00-05:00,4.024937629366726,4.027311825163666,3.998816946421074,4.0225629806518555,67200,0.0,0.0
2010-03-12 00:00:00-05:00,4.029687403558221,4.043935299134547,4.0178146101626515,4.041560649871826,79000,0.0,0.0
2010-03-15 00:00:00-04:00,4.046309947967529,4.051058793574431,4.024938557523346,4.046309947967529,79500,0.0,0.0
2010-03-16 00:00:00-04:00,4.036811827129037,4.067681365346653,4.029687878501239,4.043935775756836,120600,0.0,0.0
2010-03-17 00:00:00-04:00,4.055807544027828,4.096175670198679,4.055807544027828,4.086677074432373,79100,0.0,0.0
2010-03-18 00:00:00-04:00,4.093919640413644,4.101161409689233,4.081850485363083,4.089092254638672,110700,0.28,0.0
2010-03-19 00:00:00-04:00,4.040815830230713,4.1059903904946475,4.035987982712893,4.040815830230713,51300,0.0,0.0
2010-03-22 00:00:00-04:00,4.031159541105424,4.060125697817419,4.009434693367049,4.0552978515625,61000,0.0,0.0
2010-03-23 00:00:00-04:00,4.055297361097981,4.084263974715393,4.045642130164646,4.081850051879883,98900,0.0,0.0
2010-03-24 00:00:00-04:00,4.062540424942278,4.101162281807572,4.062540424942278,4.077023506164551,62600,0.0,0.0
2010-03-25 00:00:00-04:00,4.086677897550902,4.1156440507596095,4.074608283373354,4.081850051879883,67900,0.0,0.0
2010-03-26 00:00:00-04:00,4.072195139403033,4.086678217140002,4.04564244654464,4.057711601257324,62300,0.0,0.0
2010-03-29 00:00:00-04:00,4.067366156046511,4.089090996781682,4.064952233697202,4.086677074432373,69100,0.0,0.0
2010-03-30 00:00:00-04:00,4.103576160306565,4.105990083885218,4.0649543038657985,4.084265232086182,80300,0.0,0.0
2010-03-31 00:00:00-04:00,4.079436129044374,4.098747051319746,4.069780898111039,4.081850051879883,66800,0.0,0.0
2010-04-01 00:00:00-04:00,4.06495475382441,4.127715392589977,4.06495475382441,4.110818386077881,62400,0.0,0.0
2010-04-05 00:00:00-04:00,4.118060621914075,4.163924264466194,4.118060621914075,4.15668249130249,50200,0.0,0.0
2010-04-06 00:00:00-04:00,4.149438712787613,4.183232713318498,4.14702478983416,4.171163558959961,80100,0.0,0.0
2010-04-07 00:00:00-04:00,4.161505794249408,4.178402786098252,4.139780958898465,4.147022724151611,68200,0.0,0.0
2010-04-08 00:00:00-04:00,4.1277145978844905,4.156680757640139,4.1277145978844905,4.154266834259033,65400,0.0,0.0
2010-04-09 00:00:00-04:00,4.147022722463917,4.1759888626477215,4.147022722463917,4.173575401306152,42600,0.0,0.0
2010-04-12 00:00:00-04:00,4.168749636006508,4.195301867677036,4.166335713053056,4.171163558959961,59300,0.0,0.0
2010-04-13 00:00:00-04:00,4.156677949055687,4.1759888626477215,4.139780957213718,4.173575401306152,66500,0.0,0.0
2010-04-14 00:00:00-04:00,4.173578594567429,4.224269608877714,4.173578594567429,4.214613914489746,71800,0.0,0.0
2010-04-15 00:00:00-04:00,4.190475599337524,4.224269608877714,4.190475599337524,4.214613914489746,75900,0.0,0.0
2010-04-16 00:00:00-04:00,4.1735779771122,4.209785904892642,4.137369588922978,4.144611358642578,75600,0.0,0.0
2010-04-19 00:00:00-04:00,4.113231449673322,4.147025455629759,4.113231449673322,4.142197608947754,48100,0.0,0.0
2010-04-20 00:00:00-04:00,4.1663360425456935,4.2097857383265875,4.163922119401336,4.1928887367248535,71600,0.0,0.0
2010-04-21 00:00:00-04:00,4.204959346531243,4.2218563539776435,4.1808205671468475,4.212201118469238,61200,0.0,0.0
2010-04-22 00:00:00-04:00,4.188061675740532,4.214613914489746,4.159095052985477,4.214613914489746,115800,0.0,0.0
2010-04-23 00:00:00-04:00,4.217027143670566,4.224268913269043,4.212199757680355,4.224268913269043,51700,0.0,0.0
2010-04-26 00:00:00-04:00,4.221855685280722,4.238752690050817,4.204958680510627,4.214613914489746,70400,0.0,0.0
2010-04-27 00:00:00-04:00,4.212201831406213,4.2242709929367175,4.1470272541598865,4.15668249130249,94200,0.0,0.0
2010-04-28 00:00:00-04:00,4.156680713469756,4.166336406891572,4.149439403812196,4.161508560180664,86000,0.0,0.0
2010-04-29 00:00:00-04:00,4.173578053748583,4.207372058909693,4.173578053748583,4.202544212341309,51500,0.0,0.0
2010-04-30 00:00:00-04:00,4.188061056142621,4.207371981652774,4.144611358642578,4.144611358642578,59100,0.0,0.0
2010-05-03 00:00:00-04:00,4.142196943927255,4.171163558959961,4.142196943927255,4.171163558959961,67900,0.0,0.0
2010-05-04 00:00:00-04:00,4.137368062542032,4.147023751939269,4.067366156046511,4.086677074432373,87200,0.0,0.0
2010-05-05 00:00:00-04:00,4.045642375946045,4.0697811453589186,3.9852956826182258,4.045642375946045,96200,0.0,0.0
2010-05-06 00:00:00-04:00,4.028744509037166,4.028744509037166,3.6401117402565752,3.8501181602478027,165900,0.0,0.0
2010-05-07 00:00:00-04:00,3.879085210304847,3.879085210304847,3.727011521889954,3.7752890586853027,130800,0.0,0.0
2010-05-10 00:00:00-04:00,4.062540172744555,4.062540172744555,3.8525336664231546,3.9659855365753174,84400,0.0,0.0
2010-05-11 00:00:00-04:00,3.9442603452772373,3.9828821964097196,3.917707649970362,3.980468273162842,61700,0.0,0.0
2010-05-12 00:00:00-04:00,4.026330544569592,4.038399696350098,3.9659838648498043,4.038399696350098,65400,0.0,0.0
2010-05-13 00:00:00-04:00,4.023916647890481,4.048055412014643,4.009433573579435,4.011847496032715,88500,0.0,0.0
2010-05-14 00:00:00-04:00,3.975640388191432,3.9925378507560385,3.898396686674059,3.9056384563446045,104300,0.0,0.0
2010-05-17 00:00:00-04:00,3.91046611903613,3.91046611903613,3.8235667287081583,3.8621885776519775,109100,0.0,0.0
2010-05-18 00:00:00-04:00,3.898395458486421,3.9225342227078883,3.830807240952355,3.8501181602478027,72800,0.0,0.0
2010-05-19 00:00:00-04:00,3.8501188983380006,3.8597743598367327,3.751150360424909,3.823566436767578,75200,0.0,0.0
2010-05-20 00:00:00-04:00,3.777702616557124,3.777702616557124,3.5966625506479137,3.615973472595215,128700,0.0,0.0
2010-05-21 00:00:00-04:00,3.541143841391035,3.702872991463351,3.3794146913187193,3.6666648387908936,141300,0.0,0.0
2010-05-24 00:00:00-04:00,3.6594245203489013,3.7125296905172216,3.6521829794819047,3.6859772205352783,87200,0.0,0.0
2010-05-25 00:00:00-04:00,3.538729891166768,3.6835620403289795,3.538729891166768,3.6835620403289795,101700,0.0,0.0
2010-05-26 00:00:00-04:00,3.7414960841896416,3.763220936995065,3.678735449463848,3.6859772205352783,75800,0.0,0.0
2010-05-27 00:00:00-04:00,3.7777022213079543,3.8187379837036133,3.739080381454234,3.8187379837036133,60300,0.0,0.0
2010-05-28 00:00:00-04:00,3.7945992946624756,3.806668676677274,3.770460530632879,3.7945992946624756,59500,0.0,0.0
2010-06-01 00:00:00-04:00,3.7342540693356154,3.799428389274908,3.7342540693356154,3.7414956092834473,74400,0.0,0.0
2010-06-02 00:00:00-04:00,3.7342534112999264,3.7825307194522364,3.717356180793345,3.7801167964935303,65000,0.0,0.0
2010-06-03 00:00:00-04:00,3.7728760481729022,3.81391182624973,3.758392737591029,3.792186975479126,46700,0.0,0.0
2010-06-04 00:00:00-04:00,3.7294270891870336,3.7583934859137833,3.683563685254127,3.71977162361145,75100,0.0,0.0
2010-06-07 00:00:00-04:00,3.685976751059208,3.719770757603867,3.649768590927124,3.649768590927124,73300,0.0,0.0
2010-06-08 00:00:00-04:00,3.6401130047767705,3.6908042430877686,3.6208020787729995,3.6908042430877686,111800,0.0,0.0
2010-06-09 00:00:00-04:00,3.6956321295076666,3.7294261352761646,3.6714933566406835,3.6739072799682617,52400,0.0,0.0
2010-06-10 00:00:00-04:00,3.7077008624951575,3.76080601861782,3.7077008624951575,3.758392095565796,56800,0.0,0.0
2010-06-11 00:00:00-04:00,3.731839359779518,3.8114969730377197,3.731839359779518,3.8114969730377197,51200,0.0,0.0
2010-06-14 00:00:00-04:00,3.806669768829466,3.850119234262564,3.806669768829466,3.8090834617614746,40800,0.0,0.0
2010-06-15 00:00:00-04:00,3.842877911248098,3.871844530105591,3.8235669854793652,3.871844530105591,52300,0.0,0.0
2010-06-16 00:00:00-04:00,3.8525324320593013,3.891154504356771,3.8525324320593013,3.8814988136291504,81000,0.0,0.0
2010-06-17 00:00:00-04:00,3.869216790914067,3.910979784542842,3.861846919768983,3.9085230827331543,77500,0.28,0.0
2010-06-18 00:00:00-04:00,3.923262446448294,3.9380024207198874,3.9134358750285467,3.933089017868042,79300,0.0,0.0
2010-06-21 00:00:00-04:00,3.9699382710737723,3.9822213086112352,3.9134355486928887,3.923262119293213,49100,0.0,0.0
2010-06-22 00:00:00-04:00,3.9085219852180515,3.9404586312082066,3.8814989757514997,3.8864121437072754,62400,0.0,0.0
2010-06-23 00:00:00-04:00,3.891325545946965,3.8986954150225857,3.8692157044361895,3.8864121437072754,64500,0.0,0.0
2010-06-24 00:00:00-04:00,3.8765877362309507,3.8765877362309507,3.837281433520398,3.854477882385254,66600,0.0,0.0
2010-06-25 00:00:00-04:00,3.859388478733749,3.8692150472601976,3.8323654738569837,3.866758346557617,41400,0.0,0.0
2010-06-28 00:00:00-04:00,3.8643035649661273,3.883956946063266,3.8593903954048354,3.881500244140625,77500,0.0,0.0
2010-06-29 00:00:00-04:00,3.856934218331251,3.8593909205881984,3.7414717893789615,3.770951747894287,76000,0.0,0.0
2010-06-30 00:00:00-04:00,3.768493546179697,3.7906033891268263,3.743927001953125,3.743927001953125,77600,0.0,0.0
2010-07-01 00:00:00-04:00,3.724274648768081,3.7463844963961836,3.6432053636543573,3.692338228225708,102400,0.0,0.0
2010-07-02 00:00:00-04:00,3.672686614628689,3.6947964714809434,3.645663586411531,3.670229911804199,69300,0.0,0.0
2010-07-06 00:00:00-04:00,3.7144464369798054,3.739012975568315,3.6579437262236585,3.689880132675171,55300,0.0,0.0
2010-07-07 00:00:00-04:00,3.6800545108871145,3.768493890762329,3.6800545108871145,3.768493890762329,52800,0.0,0.0
2010-07-08 00:00:00-04:00,3.775864111719681,3.807800531387329,3.775864111719681,3.807800531387329,54400,0.0,0.0
2010-07-09 00:00:00-04:00,3.805341926925093,3.8397350311279297,3.797972059697291,3.8397350311279297,41400,0.0,0.0
2010-07-12 00:00:00-04:00,3.8348238468170166,3.8446504202288967,3.8151706999932564,3.8348238468170166,43300,0.0,0.0
2010-07-13 00:00:00-04:00,3.8593903954048354,3.89378351946984,3.8520205239209027,3.881500244140625,47900,0.0,0.0
2010-07-14 00:00:00-04:00,3.864303038931717,3.883956417353508,3.8544764668628004,3.8692164421081543,46100,0.0,0.0
2010-07-15 00:00:00-04:00,3.8815003799826133,3.9036102294921875,3.854477126455801,3.9036102294921875,55500,0.0,0.0
2010-07-16 00:00:00-04:00,3.881500287781823,3.8888701593486186,3.8299107182462704,3.832367420196533,59100,0.0,0.0
2010-07-19 00:00:00-04:00,3.849563824076832,3.8643035670526564,3.8200841038411917,3.8348238468170166,40900,0.0,0.0
2010-07-20 00:00:00-04:00,3.805342523488077,3.8937818812217517,3.805342523488077,3.879041910171509,68300,0.0,0.0
2010-07-21 00:00:00-04:00,3.9036095246407,3.9085226934867983,3.8593898336060377,3.871673107147217,48000,0.0,0.0
2010-07-22 00:00:00-04:00,3.9085219852180515,3.9281751256089823,3.8864121437072754,3.8864121437072754,121300,0.0,0.0
2010-07-23 00:00:00-04:00,3.901152276871503,3.9355453911145992,3.886412303829055,3.923262119293213,62500,0.0,0.0
2010-07-26 00:00:00-04:00,3.9183491225978124,3.9748520851135254,3.9183491225978124,3.9748520851135254,62200,0.0,0.0
2010-07-27 00:00:00-04:00,3.972394992414364,3.994504834948057,3.9650248887138497,3.984678030014038,47100,0.0,0.0
2010-07-28 00:00:00-04:00,3.9920479171752437,3.9945046182754904,3.965024673640354,3.9674813747406006,208600,0.0,0.0
2010-07-29 00:00:00-04:00,3.9822208163811488,3.9920476200507355,3.94291453883838,3.9871342182159424,79200,0.0,0.0
2010-07-30 00:00:00-04:00,3.955198022683891,4.004330635070801,3.955198022683891,4.004330635070801,52200,0.0,0.0
2010-08-02 00:00:00-04:00,4.021528894317577,4.028898530942611,3.9945056438446045,3.9945056438446045,144400,0.0,0.0
2010-08-03 00:00:00-04:00,3.979765001158923,4.019071282821464,3.979765001158923,4.0067877769470215,68400,0.0,0.0
2010-08-04 00:00:00-04:00,3.999417013183702,4.02152684894952,3.999417013183702,4.019070148468018,83200,0.0,0.0
2010-08-05 00:00:00-04:00,4.019071282821464,4.023984216603403,3.9994181419901937,4.0067877769470215,55500,0.0,0.0
2010-08-06 00:00:00-04:00,3.9920486529757024,4.028898239135742,3.9748522106722115,4.028898239135742,38800,0.0,0.0
2010-08-09 00:00:00-04:00,4.031354934619162,4.060834884643555,4.031354934619162,4.060834884643555,45700,0.0,0.0
2010-08-10 00:00:00-04:00,4.033811642241857,4.048551382992291,4.004331692173079,4.028898239135742,54800,0.0,0.0
2010-08-11 00:00:00-04:00,3.987134887992919,3.987134887992919,3.928175461774494,3.942915201187134,60800,0.0,0.0
2010-08-12 00:00:00-04:00,3.9158930359903112,3.967482603655636,3.9060664628294868,3.9650259017944336,49900,0.0,0.0
2010-08-13 00:00:00-04:00,3.972394080085794,3.982220414195177,3.9429141406221615,3.950284242630005,37300,0.0,0.0
2010-08-16 00:00:00-04:00,3.945372599550213,3.9650257450951623,3.935546261061713,3.9601128101348877,38300,0.0,0.0
2010-08-17 00:00:00-04:00,3.967480385617574,3.996960322903138,3.967480385617574,3.9699370861053467,60700,0.0,0.0
2010-08-18 00:00:00-04:00,3.9650242513896954,4.028897067490577,3.9650242513896954,4.011700630187988,57400,0.0,0.0
2010-08-19 00:00:00-04:00,4.033812844762865,4.041182951619142,3.9822230339050293,3.9822230339050293,89000,0.0,0.0
2010-08-20 00:00:00-04:00,3.965026438498171,3.982222885286319,3.928176842728135,3.930633544921875,78800,0.0,0.0
2010-08-23 00:00:00-04:00,3.945373058319092,3.9674829081990923,3.94046012278754,3.945373058319092,44300,0.0,0.0
2010-08-24 00:00:00-04:00,3.920804888149324,3.920804888149324,3.8495622023549143,3.879041910171509,89600,0.0,0.0
2010-08-25 00:00:00-04:00,3.871673670734051,3.891326817547199,3.854476991559553,3.881500244140625,64500,0.0,0.0
2010-08-26 00:00:00-04:00,3.9158929481679228,3.9158929481679228,3.7979740728826155,3.8004307746887207,123800,0.0,0.0
2010-08-27 00:00:00-04:00,3.7881468394187667,3.837279695553886,3.7709503983424595,3.812713384628296,111500,0.0,0.0
2010-08-30 00:00:00-04:00,3.8176257623869625,3.8274523315786912,3.778319485620047,3.785689353942871,76000,0.0,0.0
2010-08-31 00:00:00-04:00,3.7660389911241414,3.805345296859741,3.7562124146902414,3.805345296859741,88500,0.0,0.0
2010-09-01 00:00:00-04:00,3.829910117677582,3.886412847969467,3.8225402472664567,3.871673107147217,71800,0.0,0.0
2010-09-02 00:00:00-04:00,3.861847456863481,3.8937838819791093,3.861847456863481,3.8888704776763916,71400,0.0,0.0
2010-09-03 00:00:00-04:00,3.901151272353529,3.9306309765636933,3.89869457176505,3.910977840423584,80600,0.0,0.0
2010-09-07 00:00:00-04:00,3.8913247042834747,3.9134345410120632,3.8864113031065157,3.910977840423584,42500,0.0,0.0
2010-09-08 00:00:00-04:00,4.026441181411136,4.026441181411136,3.9109790300384706,3.989591598510742,70600,0.0,0.0
2010-09-09 00:00:00-04:00,4.0117013942556925,4.023984432220459,3.9945049536778736,4.023984432220459,62700,0.0,0.0
2010-09-10 00:00:00-04:00,4.016615199938366,4.028898239135742,4.006788393726136,4.028898239135742,89900,0.0,0.0
2010-09-13 00:00:00-04:00,4.046095286592852,4.082945346832275,4.043638584672358,4.082945346832275,73900,0.0,0.0
2010-09-14 00:00:00-04:00,4.082944538738769,4.102597681645001,4.073117733001709,4.073117733001709,71800,0.0,0.0
2010-09-15 00:00:00-04:00,4.092772006988525,4.102598815441327,4.046095603973751,4.092772006988525,78700,0.0,0.0
2010-09-16 00:00:00-04:00,4.077777442388713,4.127750396728516,4.062785746717738,4.127750396728516,26600,0.28,0.0
2010-09-17 00:00:00-04:00,4.14524333796931,4.14524333796931,4.0952703528856285,4.105265140533447,70600,0.0,0.0
2010-09-20 00:00:00-04:00,4.120254511665247,4.157733990960322,4.117755816168584,4.137744903564453,60800,0.0,0.0
2010-09-21 00:00:00-04:00,4.140242985019183,4.152736460649584,4.120253900587907,4.142741680145264,85600,0.0,0.0
2010-09-22 00:00:00-04:00,4.1477419617186175,4.192717552185059,4.127752863353277,4.192717552185059,109500,0.0,0.0
2010-09-23 00:00:00-04:00,4.167729225953214,4.2226991031223795,4.160233138648446,4.207707405090332,71000,0.0,0.0
2010-09-24 00:00:00-04:00,4.140246603446069,4.20021390914917,4.137747906136217,4.20021390914917,122300,0.0,0.0
2010-09-27 00:00:00-04:00,4.185219208818226,4.2301947750758275,4.185219208818226,4.22269868850708,50000,0.0,0.0
2010-09-28 00:00:00-04:00,4.215205591662931,4.302657604217529,4.2127068946502675,4.302657604217529,90100,0.0,0.0
2010-09-29 00:00:00-04:00,4.250183842661203,4.327641497196963,4.250183842661203,4.292660713195801,100900,0.0,0.0
2010-09-30 00:00:00-04:00,4.315151656237517,4.330143363705496,4.265178662573874,4.2826690673828125,115100,0.0,0.0
2010-10-01 00:00:00-04:00,4.295158725997837,4.302654334762419,4.265174861207419,4.3001556396484375,81800,0.0,0.0
2010-10-04 00:00:00-04:00,4.285167764723774,4.295162554087617,4.255184349787817,4.2826690673828125,112600,0.0,0.0
2010-10-05 00:00:00-04:00,4.2401903362347895,4.3226454065986095,4.2401903362347895,4.297659397125244,60600,0.0,0.0
2010-10-06 00:00:00-04:00,4.2826670402702955,4.295160521061568,4.235193242996148,4.252683639526367,102600,0.0,0.0
2010-10-07 00:00:00-04:00,4.257682393704314,4.267676704956547,4.2326959007071565,4.255183696746826,67500,0.0,0.0
2010-10-08 00:00:00-04:00,4.247687605874365,4.260180614084086,4.2451889089168775,4.255183696746826,51000,0.0,0.0
2010-10-11 00:00:00-04:00,4.257681903431647,4.28766531031347,4.252684510092124,4.272673606872559,70400,0.0,0.0
2010-10-12 00:00:00-04:00,4.250183842661203,4.292660713195801,4.250183842661203,4.292660713195801,54900,0.0,0.0
2010-10-13 00:00:00-04:00,4.29266172709365,4.312650819326665,4.285165638789687,4.307653427124023,112100,0.0,0.0
2010-10-14 00:00:00-04:00,4.3001556396484375,4.32264341909691,4.272670946549365,4.3001556396484375,86800,0.0,0.0
2010-10-15 00:00:00-04:00,4.307655564214635,4.322647271682612,4.270176057255795,4.2826690673828125,90200,0.0,0.0
2010-10-18 00:00:00-04:00,4.297660001015174,4.350131200175383,4.292662607787255,4.310153007507324,60800,0.0,0.0
2010-10-19 00:00:00-04:00,4.270173938759314,4.322645127154397,4.270173938759314,4.307653427124023,55400,0.0,0.0
2010-10-20 00:00:00-04:00,4.307653427124023,4.327642519357039,4.295160423194971,4.307653427124023,100200,0.0,0.0
2010-10-21 00:00:00-04:00,4.307654772829789,4.332641265071194,4.307654772829789,4.327643871307373,60000,0.0,0.0
2010-10-22 00:00:00-04:00,4.337638574224257,4.347632884979248,4.317649476136584,4.347632884979248,60800,0.0,0.0
2010-10-25 00:00:00-04:00,4.355127811431885,4.372618208011521,4.342634330605314,4.355127811431885,74100,0.0,0.0
2010-10-26 00:00:00-04:00,4.352628768918249,4.370119164106136,4.335138373730364,4.367620468139648,59400,0.0,0.0
2010-10-27 00:00:00-04:00,4.357626507597199,4.367620815680892,4.332640022521621,4.355127811431885,92300,0.0,0.0
2010-10-28 00:00:00-04:00,4.3726190952715145,4.3726190952715145,4.335139598341862,4.3576273918151855,64500,0.0,0.0
2010-10-29 00:00:00-04:00,4.3576273918151855,4.3726190952715145,4.352629998470523,4.3576273918151855,62500,0.0,0.0
2010-11-01 00:00:00-04:00,4.372619082113264,4.382613868772514,4.34013697862602,4.375117778778076,80800,0.0,0.0
2010-11-02 00:00:00-04:00,4.377615719816746,4.392607420640224,4.372618327349729,4.385111331939697,58900,0.0,0.0
2010-11-03 00:00:00-04:00,4.3701211111629386,4.4026036966219895,4.367622414083186,4.400104999542236,65800,0.0,0.0
2010-11-04 00:00:00-04:00,4.4250894688427564,4.472563743591309,4.4250894688427564,4.472563743591309,66800,0.0,0.0
2010-11-05 00:00:00-04:00,4.4650681612195555,4.540027141571045,4.4650681612195555,4.540027141571045,75000,0.0,0.0
2010-11-08 00:00:00-05:00,4.517538001912466,4.540025784612101,4.515039306437236,4.520036697387695,130600,0.0,0.0
2010-11-09 00:00:00-05:00,4.510043900787389,4.5300329968109025,4.485057888191228,4.500049591064453,85600,0.0,0.0
2010-11-10 00:00:00-05:00,4.497549810900605,4.510042814188762,4.450075540566057,4.487555027008057,127300,0.0,0.0
2010-11-11 00:00:00-05:00,4.455073798708562,4.507545471191406,4.447577709331693,4.507545471191406,69700,0.0,0.0
2010-11-12 00:00:00-05:00,4.475062023719899,4.492552418954331,4.460070324458605,4.487555027008057,54100,0.0,0.0
2010-11-15 00:00:00-05:00,4.490055168198112,4.490055168198112,4.462570456802139,4.470066070556641,70300,0.0,0.0
2010-11-16 00:00:00-05:00,4.43258638567449,4.435085082346822,4.330142204997199,4.3576273918151855,82700,0.0,0.0
2010-11-17 00:00:00-05:00,4.3351400028840095,4.37761689712214,4.3351400028840095,4.360126495361328,63500,0.0,0.0
2010-11-18 00:00:00-05:00,4.405101369605569,4.427589163950557,4.392608362337322,4.4026031494140625,75200,0.0,0.0
2010-11-19 00:00:00-05:00,4.387610689887012,4.412597179412842,4.387610689887012,4.412597179412842,40600,0.0,0.0
2010-11-22 00:00:00-05:00,4.392609209112238,4.4400835037231445,4.390110511861373,4.4400835037231445,68200,0.0,0.0
2010-11-23 00:00:00-05:00,4.3426354632475235,4.3826141357421875,4.337638546191167,4.3826141357421875,103300,0.0,0.0
2010-11-24 00:00:00-05:00,4.390107546880412,4.457570897357226,4.390107546880412,4.445077896118164,103400,0.0,0.0
2010-11-26 00:00:00-05:00,4.415095838511593,4.465068817138672,4.4051010521551195,4.465068817138672,43800,0.0,0.0
2010-11-29 00:00:00-05:00,4.440083205924249,4.470066617768091,4.4150967116692215,4.4675679206848145,63700,0.0,0.0
2010-11-30 00:00:00-05:00,4.447577941014843,4.485057913273974,4.437583631236014,4.465068817138672,69500,0.0,0.0
2010-12-01 00:00:00-05:00,4.505046704800506,4.522537103164077,4.4825589135965975,4.510043621063232,78900,0.0,0.0
2010-12-02 00:00:00-05:00,4.497550743112496,4.525035927936357,4.480060344252812,4.5225372314453125,67400,0.0,0.0
2010-12-03 00:00:00-05:00,4.492553189277644,4.5625152587890625,4.487555796474484,4.5625152587890625,80600,0.0,0.0
2010-12-06 00:00:00-05:00,4.530032485057731,4.555018971408836,4.495051690112739,4.552520275115967,87700,0.0,0.0
2010-12-07 00:00:00-05:00,4.552520076437753,4.5600161649892215,4.51753928301937,4.542525768280029,57300,0.0,0.0
2010-12-08 00:00:00-05:00,4.527534834352858,4.540027840809709,4.497550951647709,4.515041351318359,95900,0.0,0.0
2010-12-09 00:00:00-05:00,4.505046475284215,4.557517667701705,4.505046475284215,4.552520275115967,69500,0.0,0.0
2010-12-10 00:00:00-05:00,4.557519138169421,4.5850043296813965,4.550023046872226,4.5850043296813965,130300,0.0,0.0
2010-12-13 00:00:00-05:00,4.585002650249881,4.609989135510541,4.540027072096207,4.542525768280029,76800,0.0,0.0
2010-12-14 00:00:00-05:00,4.525035371570838,4.57500786551459,4.525035371570838,4.542525768280029,82900,0.0,0.0
2010-12-15 00:00:00-05:00,4.547522337533461,4.560015339613739,4.537527554607253,4.555017948150635,81000,0.0,0.0
2010-12-16 00:00:00-05:00,4.552519737433913,4.577506220833952,4.535029342027145,4.537528038024902,108700,0.0,0.0
2010-12-17 00:00:00-05:00,4.545025023287085,4.5675128151288575,4.5025481360945845,4.5225372314453125,132400,0.0,0.0
2010-12-20 00:00:00-05:00,4.512541667498375,4.537528151523408,4.447576999664307,4.447576999664307,96000,0.0,0.0
2010-12-21 00:00:00-05:00,4.440081617194457,4.527534077506343,4.440081617194457,4.525035381317139,73000,0.0,0.0
2010-12-22 00:00:00-05:00,4.525035823672929,4.590000501210322,4.525035823672929,4.577507019042969,89500,0.0,0.0
2010-12-23 00:00:00-05:00,4.565013932808776,4.62248252003053,4.565013932808776,4.597496032714844,55600,0.0,0.0
2010-12-27 00:00:00-05:00,4.594997325189152,4.6299785979773755,4.5924986288058784,4.614986419677734,112900,0.0,0.0
2010-12-28 00:00:00-05:00,4.617483336627594,4.644968509674072,4.602491640682889,4.644968509674072,68400,0.0,0.0
2010-12-29 00:00:00-05:00,4.665265476954567,4.6703392914311825,4.604381154831923,4.657655239105225,87400,0.28,0.0
2010-12-30 00:00:00-05:00,4.629749298095703,4.6551178841734435,4.594233567906186,4.629749298095703,71900,0.0,0.0
2010-12-31 00:00:00-05:00,4.637360554379319,4.667802474094157,4.594234098228639,4.619602203369141,58400,0.0,0.0
2011-01-03 00:00:00-05:00,4.627212836111112,4.685560250995448,4.624675928872804,4.657655239105225,77000,0.0,0.0
2011-01-04 00:00:00-05:00,4.670339001024779,4.69063377380371,4.639897083789156,4.690633773803711,101500,0.0,0.0
2011-01-05 00:00:00-05:00,4.665265157352408,4.718539237976074,4.655118012959906,4.718539237976074,78600,0.0,0.0
2011-01-06 00:00:00-05:00,4.718538356531015,4.7236121697122275,4.670338099040407,4.680485725402832,86300,0.0,0.0
2011-01-07 00:00:00-05:00,4.708392962811902,4.718540593986169,4.685561276535487,4.710929870605469,71500,0.0,0.0
2011-01-10 00:00:00-05:00,4.705854888280356,4.75151824951172,4.700781557816756,4.751518249511719,100000,0.0,0.0
2011-01-11 00:00:00-05:00,4.743907667759414,4.799718169735036,4.743907667759414,4.794644355773926,120600,0.0,0.0
2011-01-12 00:00:00-05:00,4.797180682377094,4.832696408077006,4.797180682377094,4.814938545227051,89000,0.0,0.0
2011-01-13 00:00:00-05:00,4.797183265123749,4.845383550142287,4.797183265123749,4.820014953613281,58000,0.0,0.0
2011-01-14 00:00:00-05:00,4.80986383823591,4.850453853607179,4.80986383823591,4.850453853607178,51900,0.0,0.0
2011-01-18 00:00:00-05:00,4.8859709361073795,4.9037288006132504,4.858065443960716,4.888507843017578,121900,0.0,0.0
2011-01-19 00:00:00-05:00,4.893580291315355,4.908801244663716,4.8479169474048875,4.850453853607178,105600,0.0,0.0
2011-01-20 00:00:00-05:00,4.835235327606966,4.850456773985286,4.784498624609588,4.840309143066406,92900,0.0,0.0
2011-01-21 00:00:00-05:00,4.830159755959252,4.891044061639564,4.830159755959252,4.8834333419799805,37000,0.0,0.0
2011-01-24 00:00:00-05:00,4.880895991039125,4.901190757751465,4.860601224326785,4.901190757751465,89500,0.0,0.0
2011-01-25 00:00:00-05:00,4.9037288288357574,4.9037288288357574,4.850455235011539,4.860602378845215,82700,0.0,0.0
2011-01-26 00:00:00-05:00,4.870749635973529,4.885970592498778,4.86821272924174,4.885970592498779,64000,0.0,0.0
2011-01-27 00:00:00-05:00,4.870748849615658,4.903727664073683,4.870748849615658,4.901190757751465,61900,0.0,0.0
2011-01-28 00:00:00-05:00,4.893581046455828,4.913875815340506,4.885970326674527,4.8910441398620605,87500,0.0,0.0
2011-01-31 00:00:00-05:00,4.891044834020395,4.9037288849239475,4.880897206205131,4.8961181640625,75800,0.0,0.0
2011-02-01 00:00:00-05:00,4.906265391854396,4.9214863484707525,4.89104443523804,4.903728485107422,66400,0.0,0.0
2011-02-02 00:00:00-05:00,4.9164122380688156,4.9240229578501165,4.8910441398620605,4.8910441398620605,83800,0.0,0.0
2011-02-03 00:00:00-05:00,4.906266638326736,4.9240245062015795,4.901192823543749,4.9164137840271,77800,0.0,0.0
2011-02-04 00:00:00-05:00,4.903730096338913,4.936708927154541,4.883435319560302,4.936708927154541,40500,0.0,0.0
2011-02-07 00:00:00-05:00,4.916414201999297,4.949393517026859,4.916414201999297,4.9265618324279785,84600,0.0,0.0
2011-02-08 00:00:00-05:00,4.96207719186887,4.96207719186887,4.908803587787772,4.951930046081543,76900,0.0,0.0
2011-02-09 00:00:00-05:00,4.926560695917754,4.944318561205725,4.9164130678300335,4.939244747161865,73500,0.0,0.0
2011-02-10 00:00:00-05:00,4.921487616469918,4.944319299209676,4.916413801668725,4.9341721534729,70000,0.0,0.0
2011-02-11 00:00:00-05:00,4.936707334422869,4.939244241184918,4.913876141295407,4.9214863777160645,77500,0.0,0.0
2011-02-14 00:00:00-05:00,4.911339208391219,4.951928748636973,4.908802301642673,4.949391841888428,65500,0.0,0.0
2011-02-15 00:00:00-05:00,4.93417217805451,4.964614099282105,4.92402454840157,4.951930046081543,75200,0.0,0.0
2011-02-16 00:00:00-05:00,4.944317745268683,4.982370376586914,4.944317745268683,4.982370376586914,62200,0.0,0.0
2011-02-17 00:00:00-05:00,4.964613831970255,5.01027719521859,4.9620769246936165,5.002666473388672,78600,0.0,0.0
2011-02-18 00:00:00-05:00,4.995054915219165,5.02803373336792,4.992518008613036,5.02803373336792,79900,0.0,0.0
2011-02-22 00:00:00-05:00,4.992517146775255,5.005201193750845,4.939243084973953,4.9620747566223145,111200,0.0,0.0
2011-02-23 00:00:00-05:00,4.957002962564379,4.967150106512767,4.906265791225855,4.941781520843506,93300,0.0,0.0
2011-02-24 00:00:00-05:00,4.913876644673643,4.959539519471767,4.911339737651712,4.939244747161865,105700,0.0,0.0
2011-02-25 00:00:00-05:00,4.9620767975009175,4.977298240770583,4.944318930885216,4.959539890289307,80500,0.0,0.0
2011-02-28 00:00:00-05:00,4.94685465187196,5.0001282389443915,4.94685465187196,4.982370376586914,72300,0.0,0.0
2011-03-01 00:00:00-05:00,4.97729730606079,5.017886846092917,4.972223492590404,4.977297306060791,66800,0.0,0.0
2011-03-02 00:00:00-05:00,4.959538958914436,4.992518262606467,4.959538958914436,4.977297306060791,75100,0.0,0.0
2011-03-03 00:00:00-05:00,4.992518901824951,5.010276767379454,4.972224129210441,4.992518901824951,82100,0.0,0.0
2011-03-04 00:00:00-05:00,4.989981017430885,5.020423412322998,4.989981017430885,5.020423412322998,78000,0.0,0.0
2011-03-07 00:00:00-05:00,5.017887833588167,5.022961164191476,4.984908523405973,4.99505615234375,71400,0.0,0.0
2011-03-08 00:00:00-05:00,4.992519245109305,5.002666390181503,4.974761378333776,4.99505615234375,63700,0.0,0.0
2011-03-09 00:00:00-05:00,4.995054510432925,5.002664745769137,4.989980697631836,4.989980697631836,64800,0.0,0.0
2011-03-10 00:00:00-05:00,4.979834207117536,4.979834207117536,4.9290975191381445,4.931634426116943,72000,0.0,0.0
2011-03-11 00:00:00-05:00,4.893581312694145,4.908802269219396,4.86821272924174,4.885970592498779,87200,0.0,0.0
2011-03-14 00:00:00-04:00,4.858065974657937,4.883434562665678,4.84284501539952,4.878360748291016,64800,0.0,0.0
2011-03-15 00:00:00-04:00,4.624677260520401,4.847920323117151,4.6221403525516065,4.822551727294922,122200,0.0,0.0
2011-03-16 00:00:00-04:00,4.804793682132328,4.840309424683423,4.713466934011566,4.726150989532471,86600,0.0,0.0
2011-03-17 00:00:00-04:00,4.790539669312131,4.795690905030208,4.757057128393507,4.780237197875977,72100,0.28,0.0
2011-03-18 00:00:00-04:00,4.793112409978508,4.816292465546535,4.787961177352595,4.808565616607666,71400,0.0,0.0
2011-03-21 00:00:00-04:00,4.829170603364994,4.89098392813823,4.829170603364994,4.87553071975708,56900,0.0,0.0
2011-03-22 00:00:00-04:00,4.867805620558893,4.9321945850933995,4.867805620558893,4.916741371154785,68500,0.0,0.0
2011-03-23 00:00:00-04:00,4.919316988686023,4.9321945850933995,4.90386377474741,4.916741371154785,81400,0.0,0.0
2011-03-24 00:00:00-04:00,4.924467358453508,4.942496186755452,4.91158927306017,4.927042484283447,82000,0.0,0.0
2011-03-25 00:00:00-04:00,4.919316362810995,4.957949638366699,4.919316362810995,4.957949638366699,55500,0.0,0.0
2011-03-28 00:00:00-04:00,4.932193423514374,4.93992027428834,4.890984535217285,4.890984535217285,89500,0.0,0.0
2011-03-29 00:00:00-04:00,4.883258834497506,4.916741371154785,4.883258834497506,4.916741371154785,70800,0.0,0.0
2011-03-30 00:00:00-04:00,4.939920349630654,4.939920349630654,4.9141646712399805,4.929617881774902,57500,0.0,0.0
2011-03-31 00:00:00-04:00,4.932194628882581,4.983705997467041,4.919317032360874,4.983705997467041,64400,0.0,0.0
2011-04-01 00:00:00-04:00,4.9888574931952805,5.048095226287842,4.9888574931952805,5.048095226287842,71800,0.0,0.0
2011-04-04 00:00:00-04:00,5.037790583519149,5.0789994662729905,5.032639841611393,5.073848724365234,74400,0.0,0.0
2011-04-05 00:00:00-04:00,5.045519890364387,5.099606391100076,5.042944272531897,5.084153175354004,49300,0.0,0.0
2011-04-06 00:00:00-04:00,5.08930299936714,5.120209422286576,5.079000530894837,5.117634296417236,52200,0.0,0.0
2011-04-07 00:00:00-04:00,5.104756207804886,5.120209419255457,5.032640893536402,5.055820465087891,81500,0.0,0.0
2011-04-08 00:00:00-04:00,5.060971497479171,5.1073316212306805,5.001733779907227,5.001733779907227,58500,0.0,0.0
2011-04-11 00:00:00-04:00,4.991433399853081,5.032642798064236,4.975980182554474,4.994009017944336,36200,0.0,0.0
2011-04-12 00:00:00-04:00,4.960525664805155,4.973403260636519,4.9038635553988446,4.91931676864624,53700,0.0,0.0
2011-04-13 00:00:00-04:00,4.919315905167856,4.9502223262377,4.9141646712399805,4.929617881774902,36800,0.0,0.0
2011-04-14 00:00:00-04:00,4.91674143003011,4.91674143003011,4.867805678848239,4.893561363220215,58400,0.0,0.0
2011-04-15 00:00:00-04:00,4.906438886041594,4.906438886041594,4.875532458258781,4.883258819580078,51100,0.0,0.0
2011-04-18 00:00:00-04:00,4.844625273330567,4.844625273330567,4.790538782054766,4.818869590759277,50500,0.0,0.0
2011-04-19 00:00:00-04:00,4.818870360365064,4.842050429256358,4.813719616027226,4.826597213745117,39100,0.0,0.0
2011-04-20 00:00:00-04:00,4.844625634123829,4.893561385528787,4.844625634123829,4.865230083465576,65800,0.0,0.0
2011-04-21 00:00:00-04:00,4.872958147897055,4.898713838790856,4.8600805480746265,4.867806911468506,54300,0.0,0.0
2011-04-25 00:00:00-04:00,4.854927282634677,4.872956111350898,4.826595985367052,4.852351665496826,63600,0.0,0.0
2011-04-26 00:00:00-04:00,4.862654465891755,4.893561385528787,4.857503721992935,4.865230083465576,41700,0.0,0.0
2011-04-27 00:00:00-04:00,4.867806408206962,4.898713332333978,4.860080045611878,4.896137714385986,37400,0.0,0.0
2011-04-28 00:00:00-04:00,4.880684497946924,4.903864568229963,4.880684497946924,4.896137714385986,88800,0.0,0.0
2011-04-29 00:00:00-04:00,4.90128629445596,4.929617094034676,4.890983828246516,4.921890735626221,32000,0.0,0.0
2011-05-02 00:00:00-04:00,4.927043123509922,4.947647571563721,4.91158991028177,4.947647571563721,59000,0.0,0.0
2011-05-03 00:00:00-04:00,4.929618967562162,4.929618967562162,4.901288157216172,4.916741371154785,32000,0.0,0.0
2011-05-04 00:00:00-04:00,4.903863025756374,4.906438151645486,4.844624814083272,4.852351665496826,43000,0.0,0.0
2011-05-05 00:00:00-04:00,4.818870334304062,4.8368996587600135,4.790539521228147,4.793115139007568,41800,0.0,0.0
2011-05-06 00:00:00-04:00,4.8265955789314114,4.857502490734293,4.777659839930472,4.800839900970459,83600,0.0,0.0
2011-05-09 00:00:00-04:00,4.8111447641494856,4.834324836730957,4.795691546178152,4.834324836730957,34000,0.0,0.0
2011-05-10 00:00:00-04:00,4.847202457003254,4.8781093843256045,4.831749238966552,4.867806911468506,81000,0.0,0.0
2011-05-11 00:00:00-04:00,4.870381697133233,4.870381697133233,4.798265873207954,4.821445941925049,40500,0.0,0.0
2011-05-12 00:00:00-04:00,4.800841684881618,4.857504295700315,4.798266067003597,4.847201824188232,59000,0.0,0.0
2011-05-13 00:00:00-04:00,4.836898122978168,4.836898122978168,4.80599121068734,4.811142444610596,50300,0.0,0.0
2011-05-16 00:00:00-04:00,4.718423843005683,4.818870483263801,4.718423843005683,4.780237197875977,75100,0.0,0.0
2011-05-17 00:00:00-04:00,4.764782778959297,4.769934013376791,4.726149503325594,4.749329566955566,50500,0.0,0.0
2011-05-18 00:00:00-04:00,4.759634204972475,4.7853899002075195,4.75190784027628,4.7853899002075195,84900,0.0,0.0
2011-05-19 00:00:00-04:00,4.7905384933735125,4.800840471031952,4.76220719512748,4.782811641693115,35500,0.0,0.0
2011-05-20 00:00:00-04:00,4.769935058525242,4.777661420595668,4.744179372043151,4.759632587432861,54400,0.0,0.0
2011-05-23 00:00:00-04:00,4.7390276689864335,4.749330139062463,4.7132719850451705,4.731301307678223,58000,0.0,0.0
2011-05-24 00:00:00-04:00,4.723575371513784,4.739028588377003,4.7132728994390325,4.726150989532471,40200,0.0,0.0
2011-05-25 00:00:00-04:00,4.728724389364988,4.7544795749726125,4.713270688502002,4.746753215789795,58700,0.0,0.0
2011-05-26 00:00:00-04:00,4.73645026176899,4.777659144004444,4.73645026176899,4.775084018707275,43900,0.0,0.0
2011-05-27 00:00:00-04:00,4.777660407239518,4.787962876146714,4.777660407239518,4.782811641693115,43400,0.0,0.0
2011-05-31 00:00:00-04:00,4.826597946726397,4.829173564910889,4.8008422561304185,4.829173564910889,68700,0.0,0.0
2011-06-01 00:00:00-04:00,4.808567174107718,4.8265960028893895,4.785387111031643,4.8240203857421875,232600,0.0,0.0
2011-06-02 00:00:00-04:00,4.805991264360058,4.805991264360058,4.764782375011209,4.787962436676025,61300,0.0,0.0
2011-06-03 00:00:00-04:00,4.741603754270056,4.769935058525242,4.741603754270056,4.759632587432861,50800,0.0,0.0
2011-06-06 00:00:00-04:00,4.7519048149153855,4.757055557683887,4.687515863446335,4.702969074249268,104200,0.0,0.0
2011-06-07 00:00:00-04:00,4.7055449110156005,4.728724973926908,4.7003936767578125,4.7003936767578125,67900,0.0,0.0
2011-06-08 00:00:00-04:00,4.687516483854115,4.708120931401327,4.6720627797571215,4.690091609954834,74600,0.0,0.0
2011-06-09 00:00:00-04:00,4.700395449149354,4.718424284601058,4.6797909955975605,4.713273048400879,41800,0.0,0.0
2011-06-10 00:00:00-04:00,4.70812166541324,4.70812166541324,4.589645705109389,4.630854606628418,75400,0.0,0.0
2011-06-13 00:00:00-04:00,4.638578640650026,4.646305489206947,4.589642915619972,4.607671737670898,71800,0.0,0.0
2011-06-14 00:00:00-04:00,4.636006731769146,4.669488786460163,4.636006731769146,4.654035568237305,57700,0.0,0.0
2011-06-15 00:00:00-04:00,4.641156379373353,4.6488827402152095,4.5922206319635395,4.633429527282715,264700,0.0,0.0
2011-06-16 00:00:00-04:00,4.62819505952999,4.641276247486902,4.575869309671671,4.60203218460083,56800,0.28,0.0
2011-06-17 00:00:00-04:00,4.656974518664105,4.672672545544878,4.641276990798747,4.664823532104492,197800,0.0,0.0
2011-06-20 00:00:00-04:00,4.667440431282343,4.685754299163818,4.659591416897937,4.685754299163818,68400,0.0,0.0
2011-06-21 00:00:00-04:00,4.709301500307447,4.753778256659861,4.709301500307447,4.74592924118042,42400,0.0,0.0
2011-06-22 00:00:00-04:00,4.740697383880615,4.756394916885769,4.724999351859885,4.740697383880615,57200,0.0,0.0
2011-06-23 00:00:00-04:00,4.719767449157651,4.735464983079501,4.656976315439037,4.732848644256592,88100,0.0,0.0
2011-06-24 00:00:00-04:00,4.732849323413735,4.732849323413735,4.685756215874783,4.704070091247559,36500,0.0,0.0
2011-06-27 00:00:00-04:00,4.685755043773636,4.709301591653146,4.667441172981917,4.696220397949219,48800,0.0,0.0
2011-06-28 00:00:00-04:00,4.701452736543961,4.738080978393554,4.698836397910735,4.738080978393555,55400,0.0,0.0
2011-06-29 00:00:00-04:00,4.779941224091415,4.779941224091415,4.745929322116018,4.766859531402588,52300,0.0,0.0
2011-06-30 00:00:00-04:00,4.761626901989859,4.82180118560791,4.761626901989859,4.82180118560791,68000,0.0,0.0
2011-07-01 00:00:00-04:00,4.806104303051073,4.881976127624512,4.80087162576585,4.881976127624512,36900,0.0,0.0
2011-07-05 00:00:00-04:00,4.884591713932103,4.892440728651015,4.861045168790861,4.889824390411377,54900,0.0,0.0
2011-07-06 00:00:00-04:00,4.874126226766864,4.892440593940049,4.847963843121849,4.884591579437256,41200,0.0,0.0
2011-07-07 00:00:00-04:00,4.915989143055414,4.942151537368827,4.900291107648545,4.923837661743164,41700,0.0,0.0
2011-07-08 00:00:00-04:00,4.902907570081515,4.918605106867142,4.879361015395228,4.910756587982178,39500,0.0,0.0
2011-07-11 00:00:00-04:00,4.876743836520504,4.876743836520504,4.813953201172263,4.8427324295043945,42600,0.0,0.0
2011-07-12 00:00:00-04:00,4.813952512995171,4.837499060261623,4.811336174519394,4.816568851470947,45600,0.0,0.0
2011-07-13 00:00:00-04:00,4.827035105481641,4.85843017501419,4.827035105481641,4.8322672843933105,31100,0.0,0.0
2011-07-14 00:00:00-04:00,4.827034522789053,4.837499378364766,4.761627553640235,4.7747087478637695,65600,0.0,0.0
2011-07-15 00:00:00-04:00,4.7773254421072595,4.793022976147046,4.766860086736995,4.787790298461914,45800,0.0,0.0
2011-07-18 00:00:00-04:00,4.777323894133679,4.777323894133679,4.724998132268444,4.730230808258057,34500,0.0,0.0
2011-07-19 00:00:00-04:00,4.73808120347836,4.8061045141270045,4.73808120347836,4.782557964324951,56300,0.0,0.0
2011-07-20 00:00:00-04:00,4.782557964324951,4.798255497854456,4.777325286809918,4.782557964324951,50600,0.0,0.0
2011-07-21 00:00:00-04:00,4.795637760349477,4.837498170229092,4.79302142235507,4.819184303283691,44700,0.0,0.0
2011-07-22 00:00:00-04:00,4.819186704796435,4.855814456939697,4.800872828724804,4.855814456939697,50100,0.0,0.0
2011-07-25 00:00:00-04:00,4.806103026905239,4.819184217629326,4.772091132597911,4.798254013061523,53600,0.0,0.0
2011-07-26 00:00:00-04:00,4.790405965728719,4.816568851470948,4.772092095413821,4.816568851470947,105600,0.0,0.0
2011-07-27 00:00:00-04:00,4.793022253563121,4.793022253563121,4.690987549163585,4.724998950958252,107400,0.0,0.0
2011-07-28 00:00:00-04:00,4.706686131757873,4.738081701130025,4.670058383336734,4.675291061401367,80900,0.0,0.0
2011-07-29 00:00:00-04:00,4.63081538053256,4.670059477177936,4.617733682306927,4.643896579742432,79000,0.0,0.0
2011-08-01 00:00:00-04:00,4.696219911610471,4.704068427413816,4.609882744665163,4.6595916748046875,78300,0.0,0.0
2011-08-02 00:00:00-04:00,4.6334281087598965,4.643893460310537,4.575870172277658,4.5811028480529785,66700,0.0,0.0
2011-08-03 00:00:00-04:00,4.568021499667021,4.596800719564535,4.4869170151559405,4.575870513916016,92100,0.0,0.0
2011-08-04 00:00:00-04:00,4.505231891537063,4.52354626221902,4.309010982513428,4.309010982513428,113500,0.0,0.0
2011-08-05 00:00:00-04:00,4.311627077829836,4.353487496137656,4.110173752346509,4.246220111846924,208600,0.0,0.0
2011-08-08 00:00:00-04:00,4.031686041019885,4.0656976991582505,3.8720931062240043,3.895639657974243,195000,0.0,0.0
2011-08-09 00:00:00-04:00,3.864245126308268,4.12587308883667,3.7883727776474783,4.12587308883667,299700,0.0,0.0
2011-08-10 00:00:00-04:00,4.091859739836765,4.097092167189931,3.97412700554345,4.008138656616211,97000,0.0,0.0
2011-08-11 00:00:00-04:00,4.008139083413198,4.222673867400317,3.9924415501744193,4.186046123504639,89500,0.0,0.0
2011-08-12 00:00:00-04:00,4.272380987464347,4.274997324754283,4.193892864827515,4.225287914276123,50300,0.0,0.0
2011-08-15 00:00:00-04:00,4.2488356786376205,4.324707984924316,4.233138149377271,4.324707984924316,44900,0.0,0.0
2011-08-16 00:00:00-04:00,4.269767350935519,4.314244114966748,4.251453477337182,4.272383689880371,99400,0.0,0.0
2011-08-17 00:00:00-04:00,4.311625643772861,4.3377885212673,4.264532564085947,4.282846927642822,56900,0.0,0.0
2011-08-18 00:00:00-04:00,4.089243344925091,4.180812943156739,4.063080459997327,4.086627006530762,86600,0.0,0.0
2011-08-19 00:00:00-04:00,3.9845920547217983,4.154650307736738,3.979359627440903,4.086627006530762,253600,0.0,0.0
2011-08-22 00:00:00-04:00,4.152034561779954,4.175581111673154,4.094476356430777,4.0997090339660645,97200,0.0,0.0
2011-08-23 00:00:00-04:00,4.110174936208014,4.220058441162109,4.110174936208014,4.220058441162109,73100,0.0,0.0
2011-08-24 00:00:00-04:00,4.196510772167472,4.267149909362875,4.1886617573610945,4.248836040496826,55400,0.0,0.0
2011-08-25 00:00:00-04:00,4.272383023163422,4.29592957097696,4.172964404343913,4.193894863128662,60800,0.0,0.0
2011-08-26 00:00:00-04:00,4.178196851730194,4.2776154650843905,4.1258713314142375,4.256685256958008,44000,0.0,0.0
2011-08-29 00:00:00-04:00,4.311625589370331,4.366567681316952,4.295928062677886,4.350869655609131,47100,0.0,0.0
2011-08-30 00:00:00-04:00,4.361337129817752,4.377034664154053,4.306395011117273,4.377034664154053,50600,0.0,0.0
2011-08-31 00:00:00-04:00,4.42412590673157,4.426742244523917,4.371800148915438,4.3796491622924805,73800,0.0,0.0
2011-09-01 00:00:00-04:00,4.384882897382998,4.411045782612722,4.337789803772601,4.348255157470703,61800,0.0,0.0
2011-09-02 00:00:00-04:00,4.290696658032558,4.290696658032558,4.235755048831626,4.256685256958008,34600,0.0,0.0
2011-09-06 00:00:00-04:00,4.141568701417312,4.214824676513672,4.125871170687915,4.214824676513672,60400,0.0,0.0
2011-09-07 00:00:00-04:00,4.246220417312317,4.31947640412868,4.246220417312317,4.311627388000488,65500,0.0,0.0
2011-09-08 00:00:00-04:00,4.288079671126936,4.324707904070233,4.2514519371990875,4.285463333129883,48900,0.0,0.0
2011-09-09 00:00:00-04:00,4.238371764259977,4.24098760386989,4.146801908430393,4.180813312530518,70300,0.0,0.0
2011-09-12 00:00:00-04:00,4.107557266550929,4.178196907043457,4.089243396574836,4.178196907043457,95700,0.0,0.0
2011-09-13 00:00:00-04:00,4.170349242480682,4.220058441162109,4.162500474164213,4.220058441162109,44400,0.0,0.0
2011-09-14 00:00:00-04:00,4.230523330643902,4.298546647221985,4.186046565920373,4.275000095367432,60900,0.0,0.0
2011-09-15 00:00:00-04:00,4.298955295979427,4.357517242431641,4.285646039630607,4.357517242431641,64500,0.28,0.0
2011-09-16 00:00:00-04:00,4.357518435085733,4.381475001527412,4.322913546762496,4.365503787994385,57300,0.0,0.0
2011-09-19 00:00:00-04:00,4.314927785889009,4.322913646697998,4.269676097785274,4.322913646697998,59200,0.0,0.0
2011-09-20 00:00:00-04:00,4.328235953137604,4.349531066369999,4.293631076812744,4.293631076812744,58600,0.0,0.0
2011-09-21 00:00:00-04:00,4.296295260003798,4.306943076005957,4.165862560272217,4.165862560272217,86900,0.0,0.0
2011-09-22 00:00:00-04:00,4.059386799081675,4.09665339223258,3.9848538666377644,4.030106067657471,89500,0.0,0.0
2011-09-23 00:00:00-04:00,3.9981624083612535,4.048738251020451,3.995500455100813,4.04607629776001,63200,0.0,0.0
2011-09-26 00:00:00-04:00,4.051400562265875,4.133919089768257,4.011472021404652,4.093990802764893,73000,0.0,0.0
2011-09-27 00:00:00-04:00,4.1552124543137445,4.200464629187991,4.125931739807129,4.125931739807129,83300,0.0,0.0
2011-09-28 00:00:00-04:00,4.1206091637032385,4.165861353168477,4.056723809349196,4.067371368408203,87600,0.0,0.0
2011-09-29 00:00:00-04:00,4.141904203479745,4.149889808669061,4.043413972760999,4.104637622833252,60200,0.0,0.0
2011-09-30 00:00:00-04:00,4.05139951014857,4.091327786782869,4.027442442624874,4.035428047180176,79800,0.0,0.0
2011-10-03 00:00:00-04:00,3.9955003328210323,4.022119103037283,3.878376931524482,3.8863627910614014,88600,0.0,0.0
2011-10-04 00:00:00-04:00,3.8091697780164395,3.8996739453871125,3.7399604848583214,3.894350290298462,104400,0.0,0.0
2011-10-05 00:00:00-04:00,3.857081621628975,3.9742050170898438,3.857081621628975,3.9742050170898438,123400,0.0,0.0
2011-10-06 00:00:00-04:00,3.990176822336627,4.0274434089660645,3.9422629296506106,4.0274434089660645,94000,0.0,0.0
2011-10-07 00:00:00-04:00,4.064709409488372,4.064709409488372,3.968881130218506,3.968881130218506,102400,0.0,0.0
2011-10-10 00:00:00-04:00,4.006147677757457,4.091328144073486,4.006147677757457,4.091328144073486,51400,0.0,0.0
2011-10-11 00:00:00-04:00,4.091328814544155,4.117947841559042,4.059386134441005,4.107300281524658,40000,0.0,0.0
2011-10-12 00:00:00-04:00,4.128595741988669,4.197805014847269,4.128595741988669,4.163200378417969,64300,0.0,0.0
2011-10-13 00:00:00-04:00,4.155213827230728,4.155213827230728,4.091328472367455,4.152552127838135,30800,0.0,0.0
2011-10-14 00:00:00-04:00,4.2004667938947415,4.232409477233887,4.168524110555596,4.232409477233887,31900,0.0,0.0
2011-10-17 00:00:00-04:00,4.211113363870851,4.219099223219478,4.11794728952392,4.144566059112549,63800,0.0,0.0
2011-10-18 00:00:00-04:00,4.152551291804574,4.224422238091513,4.107299111089256,4.213774681091309,61100,0.0,0.0
2011-10-19 00:00:00-04:00,4.237731077603846,4.237731077603846,4.171183793412653,4.189816951751709,72700,0.0,0.0
2011-10-20 00:00:00-04:00,4.173848331825332,4.216438579479403,4.139243692141925,4.200467109680176,66900,0.0,0.0
2011-10-21 00:00:00-04:00,4.259025573730469,4.274996777471642,4.240392418079864,4.259025573730469,84000,0.0,0.0
2011-10-24 00:00:00-04:00,4.264352170544767,4.328237533569336,4.264352170544767,4.328237533569336,50300,0.0,0.0
2011-10-25 00:00:00-04:00,4.298956223389051,4.298956223389051,4.2483803783225955,4.264351844787598,66500,0.0,0.0
2011-10-26 00:00:00-04:00,4.317588317017414,4.317588317017414,4.232407860648058,4.312264919281006,128200,0.0,0.0
2011-10-27 00:00:00-04:00,4.386800167854006,4.442700192839451,4.3655050411252345,4.42406702041626,89200,0.0,0.0
2011-10-28 00:00:00-04:00,4.418742344744821,4.4533467292785645,4.4001091755562065,4.4533467292785645,56900,0.0,0.0
2011-10-31 00:00:00-04:00,4.405431566321528,4.416079379256245,4.376151096182389,4.381474494934082,77600,0.0,0.0
2011-11-01 00:00:00-04:00,4.253704807608641,4.296295054144925,4.173848222282057,4.240395545959473,80400,0.0,0.0
2011-11-02 00:00:00-04:00,4.317589311531822,4.317589311531822,4.269675674574298,4.3016180992126465,66500,0.0,0.0
2011-11-03 00:00:00-04:00,4.352192873226834,4.362840175628662,4.285645583139926,4.362840175628662,77300,0.0,0.0
2011-11-04 00:00:00-04:00,4.338884401846188,4.338884401846188,4.285646858562315,4.317589282989502,73500,0.0,0.0
2011-11-07 00:00:00-05:00,4.328238714780941,4.338886024332906,4.272338689556538,4.3309006690979,70400,0.0,0.0
2011-11-08 00:00:00-05:00,4.330898688213655,4.3708269692737405,4.288308454054145,4.368165016174316,113700,0.0,0.0
2011-11-09 00:00:00-05:00,4.285647552363273,4.285647552363273,4.219100231698365,4.224423885345459,69600,0.0,0.0
2011-11-10 00:00:00-05:00,4.26435212853849,4.28564724933691,4.221761633083784,4.248380661010742,70800,0.0,0.0
2011-11-11 00:00:00-05:00,4.333561031566681,4.336222984905825,4.288308840232616,4.3016180992126465,85800,0.0,0.0
2011-11-14 00:00:00-05:00,4.312266745220647,4.317590145211139,4.232409652773875,4.256366729736328,72300,0.0,0.0
2011-11-15 00:00:00-05:00,4.24838110126494,4.282985739612873,4.2297479320998566,4.261690616607666,78400,0.0,0.0
2011-11-16 00:00:00-05:00,4.235071430976619,4.290971444142475,4.219100216235987,4.232409477233887,102100,0.0,0.0
2011-11-17 00:00:00-05:00,4.232409887138277,4.232409887138277,4.157876952128503,4.165862560272217,88200,0.0,0.0
2011-11-18 00:00:00-05:00,4.211114095535732,4.211114095535732,4.123271658301112,4.139243125915527,84900,0.0,0.0
2011-11-21 00:00:00-05:00,4.117949355264598,4.117949355264598,4.032768589820313,4.080682754516602,74400,0.0,0.0
2011-11-22 00:00:00-05:00,4.083344686950733,4.1073017691697,4.056725650294559,4.0860066413879395,58300,0.0,0.0
2011-11-23 00:00:00-05:00,4.059386679805049,4.059386679805049,3.976867888059081,3.987515449523926,83700,0.0,0.0
2011-11-25 00:00:00-05:00,3.9715439916059005,4.014134234863143,3.9608964307915904,3.984853506088257,26000,0.0,0.0
2011-11-28 00:00:00-05:00,4.056723068117475,4.093989644943684,4.056723068117475,4.075356483459473,75000,0.0,0.0
2011-11-29 00:00:00-05:00,4.064711535523138,4.099315927961626,4.059387626620017,4.080682754516602,76000,0.0,0.0
2011-11-30 00:00:00-05:00,4.176509697609603,4.240395317835008,4.171186044007916,4.237733364105225,88800,0.0,0.0
2011-12-01 00:00:00-05:00,4.251043107593544,4.269676530846588,4.219100422691331,4.240395545959473,53100,0.0,0.0
2011-12-02 00:00:00-05:00,4.253704563296076,4.285647500221533,4.229747741388803,4.245718955993652,67500,0.0,0.0
2011-12-05 00:00:00-05:00,4.275000323104456,4.298957402443631,4.2483815435059755,4.27766227722168,61300,0.0,0.0
2011-12-06 00:00:00-05:00,4.261690833206158,4.285647911269096,4.229748147074877,4.275000095367432,91000,0.0,0.0
2011-12-07 00:00:00-05:00,4.253704950331508,4.290971798087996,4.2191005642531305,4.2803239822387695,89400,0.0,0.0
2011-12-08 00:00:00-05:00,4.253703451185608,4.264351263282192,4.187156148728827,4.205789566040039,86300,0.0,0.0
2011-12-09 00:00:00-05:00,4.205791069011939,4.285647911269096,4.205791069011939,4.275000095367432,107900,0.0,0.0
2011-12-12 00:00:00-05:00,4.227084636688232,4.237732194811565,4.1898180563276615,4.227084636688232,81700,0.0,0.0
2011-12-13 00:00:00-05:00,4.229746946818121,4.2696754835453055,4.163199639463979,4.173847198486328,107300,0.0,0.0
2011-12-14 00:00:00-05:00,4.147228518545514,4.163199985334834,4.096652672452064,4.128595352172852,79800,0.0,0.0
2011-12-15 00:00:00-05:00,4.165861170534569,4.165861170534569,4.1232709361657225,4.141904354095459,78200,0.0,0.0
2011-12-16 00:00:00-05:00,4.160536359055539,4.168521962310479,4.107298580926352,4.125931739807129,55100,0.0,0.0
2011-12-19 00:00:00-05:00,4.1525522931414045,4.1525522931414045,4.072695469454484,4.083343029022217,62000,0.0,0.0
2011-12-20 00:00:00-05:00,4.12593305595684,4.173847198486328,4.123271102736794,4.173847198486328,93700,0.0,0.0
2011-12-21 00:00:00-05:00,4.173848363907959,4.18449592590332,4.115286646004522,4.18449592590332,107000,0.0,0.0
2011-12-22 00:00:00-05:00,4.179170303194737,4.227084439442859,4.173846651310389,4.211112976074219,81300,0.0,0.0
2011-12-23 00:00:00-05:00,4.23506995537947,4.2563650701858515,4.21909874620358,4.2537031173706055,70200,0.0,0.0
2011-12-27 00:00:00-05:00,4.264350655945027,4.288307722034705,4.256364798009949,4.272336006164551,86200,0.0,0.0
2011-12-28 00:00:00-05:00,4.237118251911437,4.2777554710612264,4.212735817075509,4.226281642913818,103900,0.28,0.0
2011-12-29 00:00:00-05:00,4.239827210386989,4.2506638193846085,4.185644165398891,4.226281642913818,100400,0.0,0.0
2011-12-30 00:00:00-05:00,4.218153992391749,4.247954860909057,4.218153992391749,4.226281642913818,69900,0.0,0.0
2012-01-03 00:00:00-05:00,4.285882498884166,4.321101539723816,4.285882498884166,4.315683364868164,71100,0.0,0.0
2012-01-04 00:00:00-05:00,4.296719894338544,4.315684155721338,4.272337715472375,4.302138328552246,61900,0.0,0.0
2012-01-05 00:00:00-05:00,4.307556027873844,4.364448547363281,4.28588281014698,4.364448547363281,74100,0.0,0.0
2012-01-06 00:00:00-05:00,4.3942474503788,4.402375098121245,4.36444710878337,4.386120319366455,114100,0.0,0.0
2012-01-09 00:00:00-05:00,4.402376939780607,4.424050159430315,4.391540071590596,4.4213409423828125,92900,0.0,0.0
2012-01-10 00:00:00-05:00,4.470106278282405,4.480943147593667,4.432178269153726,4.443014621734619,82900,0.0,0.0
2012-01-11 00:00:00-05:00,4.459269408971142,4.459269408971142,4.415922965186834,4.443014621734619,72200,0.0,0.0
2012-01-12 00:00:00-05:00,4.461977997203245,4.4728148649866135,4.429468427313733,4.4701056480407715,62700,0.0,0.0
2012-01-13 00:00:00-05:00,4.456559908671485,4.467396259307861,4.426759040143466,4.467396259307861,78700,0.0,0.0
2012-01-17 00:00:00-05:00,4.502617383419425,4.521581392254224,4.472816502833036,4.4809441566467285,80800,0.0,0.0
2012-01-18 00:00:00-05:00,4.4890697882401565,4.529707010219233,4.475524219823901,4.5161614418029785,79700,0.0,0.0
2012-01-19 00:00:00-05:00,4.540544433330155,4.57576322555542,4.532416781248767,4.57576322555542,62000,0.0,0.0
2012-01-20 00:00:00-05:00,4.58118156363572,4.589309215545655,4.548671989456712,4.589309215545654,81700,0.0,0.0
2012-01-23 00:00:00-05:00,4.602855646441944,4.605564864252101,4.562218412750518,4.594727993011475,104100,0.0,0.0
2012-01-24 00:00:00-05:00,4.581181410845476,4.581181410845476,4.554089755446278,4.564926624298096,53900,0.0,0.0
2012-01-25 00:00:00-05:00,4.575762939762727,4.608273029327393,4.564926587728068,4.608273029327393,94100,0.0,0.0
2012-01-26 00:00:00-05:00,4.62723699492544,4.632655429263432,4.578472119344192,4.60014533996582,72700,0.0,0.0
2012-01-27 00:00:00-05:00,4.586600856311466,4.597437210821631,4.564927630560675,4.594727993011475,69900,0.0,0.0
2012-01-30 00:00:00-05:00,4.5676357673985475,4.602854557134816,4.543253329607924,4.60014533996582,82500,0.0,0.0
2012-01-31 00:00:00-05:00,4.6326553753210336,4.667874164647215,4.610982154951767,4.665164947509766,195700,0.0,0.0
2012-02-01 00:00:00-05:00,4.686838660782609,4.749149628036386,4.686838660782609,4.746440410614014,97000,0.0,0.0
2012-02-02 00:00:00-05:00,4.754566246151704,4.757275462833318,4.7112198127063625,4.741020679473877,74300,0.0,0.0
2012-02-03 00:00:00-05:00,4.7708216357925215,4.808749636586565,4.7708216357925215,4.80062198638916,69300,0.0,0.0
2012-02-06 00:00:00-05:00,4.784366555718818,4.8114582026495505,4.776238906620542,4.797912120819092,63700,0.0,0.0
2012-02-07 00:00:00-05:00,4.784366977871444,4.822294976882967,4.7816577612663025,4.819586277008057,50200,0.0,0.0
2012-02-08 00:00:00-05:00,4.835843503093881,4.84938907623291,4.797914968189713,4.84938907623291,70500,0.0,0.0
2012-02-09 00:00:00-05:00,4.865642585189017,4.873770236968994,4.827714577009839,4.873770236968994,65400,0.0,0.0
2012-02-10 00:00:00-05:00,4.854807205931665,4.854807205931665,4.811460754544544,4.852097988128662,74800,0.0,0.0
2012-02-13 00:00:00-05:00,4.873768513221051,4.873768513221051,4.822294436947194,4.854804515838623,69100,0.0,0.0
2012-02-14 00:00:00-05:00,4.84938698176978,4.868350982666016,4.827713764069759,4.868350982666016,58900,0.0,0.0
2012-02-15 00:00:00-05:00,4.8710598423150575,4.8737690589202,4.819586277008057,4.819586277008057,54800,0.0,0.0
2012-02-16 00:00:00-05:00,4.83313339193229,4.846678962568029,4.827714956985836,4.835842609405518,66400,0.0,0.0
2012-02-17 00:00:00-05:00,4.833131843303534,4.84125949311896,4.808749410587489,4.819586277008057,59700,0.0,0.0
2012-02-21 00:00:00-05:00,4.825004608558096,4.835841475910903,4.781658172607421,4.781658172607422,94100,0.0,0.0
2012-02-22 00:00:00-05:00,4.795205097013705,4.816878318786621,4.784368227762063,4.816878318786621,74300,0.0,0.0
2012-02-23 00:00:00-05:00,4.827714956985836,4.849388180041256,4.803332516457188,4.835842609405518,70000,0.0,0.0
2012-02-24 00:00:00-05:00,4.8493877983594205,4.873770236968994,4.827714577009839,4.873770236968994,68300,0.0,0.0
2012-02-27 00:00:00-05:00,4.862933174544591,4.862933174544591,4.835841522631112,4.841259956359863,64500,0.0,0.0
2012-02-28 00:00:00-05:00,4.857514076810408,4.860223293304443,4.833131645094299,4.860223293304443,72900,0.0,0.0
2012-02-29 00:00:00-05:00,4.852097645886658,4.876480087663409,4.835842856945632,4.846679210662842,76800,0.0,0.0
2012-03-01 00:00:00-05:00,4.862935398010161,4.868353317485851,4.833134515606536,4.838552951812744,92000,0.0,0.0
2012-03-02 00:00:00-05:00,4.8493870122940015,4.85480544593568,4.811459010262794,4.825004577636719,95200,0.0,0.0
2012-03-05 00:00:00-05:00,4.833133105933717,4.833133105933717,4.792495879700795,4.816878318786621,90200,0.0,0.0
2012-03-06 00:00:00-05:00,4.789785870223404,4.789785870223404,4.7030929974695415,4.716638565063477,90200,0.0,0.0
2012-03-07 00:00:00-05:00,4.7383106820620355,4.754565462743181,4.713928252675236,4.743729114532471,82600,0.0,0.0
2012-03-08 00:00:00-05:00,4.778948769259671,4.80062198638916,4.746439201930564,4.80062198638916,52500,0.0,0.0
2012-03-09 00:00:00-05:00,4.814168930053711,4.838551368271343,4.803332061187942,4.814168930053711,54000,0.0,0.0
2012-03-12 00:00:00-04:00,4.830423660391691,4.830423660391691,4.8033320052729875,4.827714443206787,59200,0.0,0.0
2012-03-13 00:00:00-04:00,4.8575146321811395,4.871060199469802,4.827713764069759,4.868350982666016,91900,0.0,0.0
2012-03-14 00:00:00-04:00,4.876479910456999,4.895443916320801,4.871061475430083,4.895443916320801,63600,0.0,0.0
2012-03-15 00:00:00-04:00,4.917456747295314,4.925711794454583,4.8789312693872855,4.906449317932129,30400,0.28,0.0
2012-03-16 00:00:00-04:00,4.917458088254785,4.917458088254785,4.889940032205943,4.914706230163574,43100,0.0,0.0
2012-03-19 00:00:00-04:00,4.911954372072364,4.9284649957563635,4.895443748388364,4.914706230163574,56500,0.0,0.0
2012-03-20 00:00:00-04:00,4.906450377054526,4.909202234989348,4.878932322569546,4.892691612243652,44700,0.0,0.0
2012-03-21 00:00:00-04:00,4.88168505834466,4.892692492063337,4.848663806915282,4.848663806915283,68600,0.0,0.0
2012-03-22 00:00:00-04:00,4.832151039445098,4.856917232161748,4.807384846728448,4.818392276763916,46600,0.0,0.0
2012-03-23 00:00:00-04:00,4.810137210763787,4.837655263887063,4.80463349516649,4.815640926361084,62100,0.0,0.0
2012-03-26 00:00:00-04:00,4.834903902650157,4.865173816680908,4.834903902650157,4.865173816680908,66900,0.0,0.0
2012-03-27 00:00:00-04:00,4.878932134713739,4.898194614652582,4.856917796946029,4.86242151260376,71100,0.0,0.0
2012-03-28 00:00:00-04:00,4.8761818376791455,4.8761818376791455,4.823898096785086,4.851415634155273,63800,0.0,0.0
2012-03-29 00:00:00-04:00,4.8596707157706325,4.862422574200302,4.821145747481917,4.848663806915283,78600,0.0,0.0
2012-03-30 00:00:00-04:00,4.881684687179502,4.895443978281699,4.867925920940591,4.88994026184082,60800,0.0,0.0
2012-04-02 00:00:00-04:00,4.898194441521604,4.944974973232388,4.892691250921602,4.9339680671691895,54100,0.0,0.0
2012-04-03 00:00:00-04:00,4.944975775082256,4.94772763326008,4.898195235785798,4.900947093963623,62900,0.0,0.0
2012-04-04 00:00:00-04:00,4.889939491447926,4.898194539945403,4.865173296229085,4.8734283447265625,103300,0.0,0.0
2012-04-05 00:00:00-04:00,4.8734303624802315,4.889941516037734,4.851416015933652,4.859671592712402,53600,0.0,0.0
2012-04-09 00:00:00-04:00,4.83490283627808,4.840406551226744,4.804632928923571,4.8238959312438965,48600,0.0,0.0
2012-04-10 00:00:00-04:00,4.840407142863414,4.840407142863414,4.744094218942164,4.7578535079956055,66700,0.0,0.0
2012-04-11 00:00:00-04:00,4.801881597885667,4.810136645448223,4.755101070532983,4.77161169052124,66700,0.0,0.0
2012-04-12 00:00:00-04:00,4.777115403906539,4.8238959312438965,4.771611688957875,4.8238959312438965,39500,0.0,0.0
2012-04-13 00:00:00-04:00,4.823895634798122,4.823895634798122,4.790873871998587,4.807384490966797,40600,0.0,0.0
2012-04-16 00:00:00-04:00,4.834902569410537,4.834902569410537,4.7908739019777205,4.804632663726807,34200,0.0,0.0
2012-04-17 00:00:00-04:00,4.823896499757029,4.823896499757029,4.80463349516649,4.815640926361084,54400,0.0,0.0
2012-04-18 00:00:00-04:00,4.801882743835449,4.815641509631946,4.785371595043727,4.801882743835449,57100,0.0,0.0
2012-04-19 00:00:00-04:00,4.796377463924153,4.812888082470044,4.766107559204102,4.766107559204102,51300,0.0,0.0
2012-04-20 00:00:00-04:00,4.832151388492441,4.859669440705706,4.768860235806164,4.782618999481201,53300,0.0,0.0
2012-04-23 00:00:00-04:00,4.760604424525239,4.760604424525239,4.722079468271864,4.752349376678467,77100,0.0,0.0
2012-04-24 00:00:00-04:00,4.760604200358822,4.782618535018881,4.752349152900761,4.777115345001221,49600,0.0,0.0
2012-04-25 00:00:00-04:00,4.812888561746182,4.818392276763916,4.790874226538399,4.818392276763916,48700,0.0,0.0
2012-04-26 00:00:00-04:00,4.807386455333569,4.848663806915282,4.79637954647822,4.848663806915283,134300,0.0,0.0
2012-04-27 00:00:00-04:00,4.87067765662821,4.87067765662821,4.823897117784183,4.854166507720947,61900,0.0,0.0
2012-04-30 00:00:00-04:00,4.851413322577562,4.851413322577562,4.810136511326275,4.84040641784668,81000,0.0,0.0
2012-05-01 00:00:00-04:00,4.843159599979381,4.8816845643697775,4.83765588367696,4.854166507720947,75300,0.0,0.0
2012-05-02 00:00:00-04:00,4.826647997486011,4.856917381286621,4.821144282299293,4.856917381286621,54000,0.0,0.0
2012-05-03 00:00:00-04:00,4.845910837283008,4.854165885815746,4.812889068562435,4.815640926361084,71000,0.0,0.0
2012-05-04 00:00:00-04:00,4.810136194980751,4.810136194980751,4.752348768002047,4.768859386444092,71500,0.0,0.0
2012-05-07 00:00:00-04:00,4.757855447036444,4.757855447036444,4.713826228984747,4.755103588104248,72000,0.0,0.0
2012-05-08 00:00:00-04:00,4.741343298718957,4.741343298718957,4.661541505881253,4.708322048187256,72100,0.0,0.0
2012-05-09 00:00:00-04:00,4.669795989990234,4.691810329297135,4.645029792662064,4.669795989990234,65000,0.0,0.0
2012-05-10 00:00:00-04:00,4.702817637678025,4.705569495626908,4.667044009205779,4.680803298950195,79900,0.0,0.0
2012-05-11 00:00:00-04:00,4.691811365362364,4.700066941249202,4.650534535654911,4.658790111541748,59000,0.0,0.0
2012-05-14 00:00:00-04:00,4.650532892389171,4.6532847500457475,4.573482977457743,4.578986167907715,101600,0.0,0.0
2012-05-15 00:00:00-04:00,4.573483173472061,4.606504417039875,4.5487169783646,4.556972026824951,113000,0.0,0.0
2012-05-16 00:00:00-04:00,4.5734825436499325,4.581737590973468,4.504687683350442,4.518446445465088,91400,0.0,0.0
2012-05-17 00:00:00-04:00,4.518445732800395,4.521197589761918,4.42213283859928,4.438643455505371,114300,0.0,0.0
2012-05-18 00:00:00-04:00,4.422136315154307,4.460661293176752,4.394618511199951,4.394618511199951,63400,0.0,0.0
2012-05-21 00:00:00-04:00,4.389112165786084,4.457907290573025,4.380856855784281,4.449651718139648,51100,0.0,0.0
2012-05-22 00:00:00-04:00,4.463411269728182,4.48542560857917,4.44690064680575,4.468914985656738,65600,0.0,0.0
2012-05-23 00:00:00-04:00,4.4496521448546575,4.515695156065658,4.446900287112966,4.510191440582275,63000,0.0,0.0
2012-05-24 00:00:00-04:00,4.532206504396391,4.534958362579346,4.499185255927499,4.534958362579346,79700,0.0,0.0
2012-05-25 00:00:00-04:00,4.534958777027593,4.5432143523309305,4.5156962928498015,4.540462493896484,49200,0.0,0.0
2012-05-29 00:00:00-04:00,4.578984867179654,4.600999197315593,4.554218680168843,4.562474250793457,39900,0.0,0.0
2012-05-30 00:00:00-04:00,4.548716954883781,4.548716954883781,4.501936422684859,4.507439613342285,72500,0.0,0.0
2012-05-31 00:00:00-04:00,4.515696187491917,4.532206812850046,4.463411928183974,4.499185562133789,83400,0.0,0.0
2012-06-01 00:00:00-04:00,4.411128075184709,4.444149325013479,4.389113471246111,4.408376216888428,60500,0.0,0.0
2012-06-04 00:00:00-04:00,4.394615935141539,4.4083749602692475,4.339580097062286,4.364346027374268,88500,0.0,0.0
2012-06-05 00:00:00-04:00,4.347834824357875,4.4028706550598145,4.347834824357875,4.4028706550598145,72700,0.0,0.0
2012-06-06 00:00:00-04:00,4.402871999392657,4.477170590349586,4.402871999392657,4.466163158416748,79000,0.0,0.0
2012-06-07 00:00:00-04:00,4.496431737764042,4.537708545543337,4.479921119624942,4.504687309265137,62200,0.0,0.0
2012-06-08 00:00:00-04:00,4.4991863111274615,4.521200656890869,4.471668247707351,4.521200656890869,43600,0.0,0.0
2012-06-11 00:00:00-04:00,4.562474735183532,4.562474735183532,4.493679880597011,4.504687309265137,68500,0.0,0.0
2012-06-12 00:00:00-04:00,4.5267038658127845,4.529455199468522,4.490930229928049,4.523952007293701,63900,0.0,0.0
2012-06-13 00:00:00-04:00,4.521199904232399,4.540462387960769,4.499185562133789,4.499185562133789,68000,0.0,0.0
2012-06-14 00:00:00-04:00,4.524383238257204,4.532782656888194,4.510384741213987,4.513184547424316,77200,0.28,0.0
2012-06-15 00:00:00-04:00,4.535581041364299,4.563578026674731,4.521582014700819,4.527181625366211,91400,0.0,0.0
2012-06-18 00:00:00-04:00,4.541180092525224,4.5691776116867295,4.524381794631625,4.555179119110107,71500,0.0,0.0
2012-06-19 00:00:00-04:00,4.594375427937977,4.6027748440761265,4.574777324290568,4.591575622558594,60700,0.0,0.0
2012-06-20 00:00:00-04:00,4.611173152923584,4.613972957954882,4.57197695050182,4.611173152923584,69200,0.0,0.0
2012-06-21 00:00:00-04:00,4.630773345219383,4.6447718410746,4.543980962090203,4.5495805740356445,51800,0.0,0.0
2012-06-22 00:00:00-04:00,4.622374204959485,4.622374204959485,4.560780071884935,4.5887770652771,40600,0.0,0.0
2012-06-25 00:00:00-04:00,4.5607787553503,4.566377832007427,4.499184106047514,4.527181625366211,61600,0.0,0.0
2012-06-26 00:00:00-04:00,4.529983225021925,4.549581336105331,4.504785501055125,4.532783031463623,66200,0.0,0.0
2012-06-27 00:00:00-04:00,4.552381229947891,4.577578954398461,4.524383699001872,4.569179534912109,93500,0.0,0.0
2012-06-28 00:00:00-04:00,4.541181156117483,4.560779797926528,4.524382854289546,4.5495805740356445,87200,0.0,0.0
2012-06-29 00:00:00-04:00,4.636371780217971,4.636371780217971,4.599975375636565,4.625173091888428,112300,0.0,0.0
2012-07-02 00:00:00-04:00,4.64197073844705,4.6783671379089355,4.63357132287512,4.6783671379089355,49600,0.0,0.0
2012-07-03 00:00:00-04:00,4.692366909001513,4.711965014439921,4.675568609198352,4.70356559753418,36800,0.0,0.0
2012-07-05 00:00:00-04:00,4.723162891188506,4.728761966855308,4.697965181659303,4.725962162017822,74300,0.0,0.0
2012-07-06 00:00:00-04:00,4.70356499281003,4.714764213911166,4.672768202798412,4.695166110992432,56900,0.0,0.0
2012-07-09 00:00:00-04:00,4.700766607138752,4.728763597149548,4.669969277316852,4.686767578125,37400,0.0,0.0
2012-07-10 00:00:00-04:00,4.7147652158108535,4.723164633421604,4.661569972292837,4.681168079376221,49300,0.0,0.0
2012-07-11 00:00:00-04:00,4.683968086816195,4.6951673107791425,4.625173763035893,4.641972064971924,47000,0.0,0.0
2012-07-12 00:00:00-04:00,4.627972166427553,4.630771971569754,4.569177326457808,4.613973140716553,49000,0.0,0.0
2012-07-13 00:00:00-04:00,4.644772758206714,4.650372371257825,4.625174646536317,4.633573532104492,57300,0.0,0.0
2012-07-16 00:00:00-04:00,4.658770561218262,4.664370173433287,4.630773568159962,4.658770561218262,82700,0.0,0.0
2012-07-17 00:00:00-04:00,4.697968456939541,4.714766763667553,4.6111760484929665,4.661571502685547,69700,0.0,0.0
2012-07-18 00:00:00-04:00,4.661569678788627,4.689567201719965,4.661569678788627,4.683967590332031,88000,0.0,0.0
2012-07-19 00:00:00-04:00,4.753962324913753,4.7595619377083835,4.711966296970961,4.73716402053833,83600,0.0,0.0
2012-07-20 00:00:00-04:00,4.7091649989201745,4.728763103485107,4.695166505376164,4.728763103485107,83600,0.0,0.0
2012-07-23 00:00:00-04:00,4.672768061535886,4.711964266188415,4.669968256345244,4.6783671379089355,79000,0.0,0.0
2012-07-24 00:00:00-04:00,4.695167506607512,4.706366197029149,4.647571870796624,4.658770561218262,56700,0.0,0.0
2012-07-25 00:00:00-04:00,4.661568840773314,4.681166943099578,4.64197073844705,4.6783671379089355,65500,0.0,0.0
2012-07-26 00:00:00-04:00,4.711963470489331,4.7231626893607155,4.672767272455779,4.709163665771484,90700,0.0,0.0
2012-07-27 00:00:00-04:00,4.7343634427746935,4.7511617444131815,4.723164753018494,4.739963054656982,61700,0.0,0.0
2012-07-30 00:00:00-04:00,4.765159169798481,4.765159169798481,4.742761263818567,4.751160144805908,69400,0.0,0.0
2012-07-31 00:00:00-04:00,4.745560006401627,4.76515810299549,4.720362301064352,4.756758689880371,97700,0.0,0.0
2012-08-01 00:00:00-04:00,4.812757018002123,4.812757018002123,4.739963656317576,4.7483625411987305,54900,0.0,0.0
2012-08-02 00:00:00-04:00,4.748360339807394,4.78475727077988,4.723163162837166,4.751160144805908,80200,0.0,0.0
2012-08-03 00:00:00-04:00,4.809956512870916,4.809956512870916,4.748361851313096,4.7735595703125,101800,0.0,0.0
2012-08-06 00:00:00-04:00,4.787558681503328,4.809956594995398,4.762360962073702,4.795957565307617,61900,0.0,0.0
2012-08-07 00:00:00-04:00,4.812756369383082,4.829554670889918,4.801557145706273,4.823955059051514,64100,0.0,0.0
2012-08-08 00:00:00-04:00,4.818355403087108,4.851952539801479,4.818355403087108,4.837954044342041,49200,0.0,0.0
2012-08-09 00:00:00-04:00,4.8435531479890335,4.871550673065809,4.840753876088893,4.865951061248779,36900,0.0,0.0
2012-08-10 00:00:00-04:00,4.882749600899093,4.910747124279756,4.8575518832573295,4.86875057220459,32100,0.0,0.0
2012-08-13 00:00:00-04:00,4.893948329444017,4.910747164013342,4.8771500288830385,4.905147552490234,51100,0.0,0.0
2012-08-14 00:00:00-04:00,4.92474577216708,4.938744267288712,4.877150141141828,4.899548053741455,49700,0.0,0.0
2012-08-15 00:00:00-04:00,4.9107473461486,4.91354661800563,4.854752296857402,4.907947540283203,38500,0.0,0.0
2012-08-16 00:00:00-04:00,4.919146047289659,4.919146047289659,4.885549446167701,4.905147552490234,46800,0.0,0.0
2012-08-17 00:00:00-04:00,4.919146229736423,4.919146229736423,4.899548122687014,4.907947540283203,54900,0.0,0.0
2012-08-20 00:00:00-04:00,4.910746784348456,4.910746784348456,4.871550040725464,4.885549068450928,66300,0.0,0.0
2012-08-21 00:00:00-04:00,4.896746929553402,4.92194464119499,4.891147319409001,4.893947124481201,68100,0.0,0.0
2012-08-22 00:00:00-04:00,4.899545870803806,4.916344164267144,4.857549870141397,4.874348163604736,61000,0.0,0.0
2012-08-23 00:00:00-04:00,4.913546055885243,4.913546055885243,4.863151158098491,4.885549068450928,84800,0.0,0.0
2012-08-24 00:00:00-04:00,4.868750192802041,4.874349803843487,4.818354761445633,4.849152088165283,56000,0.0,0.0
2012-08-27 00:00:00-04:00,4.882749883698698,4.882749883698698,4.84915274689435,4.85195255279541,54600,0.0,0.0
2012-08-28 00:00:00-04:00,4.863151789348639,4.865951061248779,4.826754846546319,4.865951061248779,71700,0.0,0.0
2012-08-29 00:00:00-04:00,4.8799494851871845,4.882749290748243,4.857551574707031,4.857551574707031,58600,0.0,0.0
2012-08-30 00:00:00-04:00,4.863150733727009,4.865950005019524,4.798756279825719,4.829553604125977,59100,0.0,0.0
2012-08-31 00:00:00-04:00,4.854752390154362,4.863151807911969,4.815556175302284,4.823955059051514,57900,0.0,0.0
2012-09-04 00:00:00-04:00,4.832354294512874,4.832354294512874,4.795957352944663,4.821155071258545,88900,0.0,0.0
2012-09-05 00:00:00-04:00,4.826753416552654,4.826753416552654,4.798755899770537,4.80995512008667,59000,0.0,0.0
2012-09-06 00:00:00-04:00,4.85195331425769,4.8575529269386095,4.8267555912020095,4.835155010223389,137600,0.0,0.0
2012-09-07 00:00:00-04:00,4.835154182678224,4.865950979135441,4.835154182678224,4.843553066253662,93300,0.0,0.0
2012-09-10 00:00:00-04:00,4.854752289698734,4.865950979135441,4.826754765094419,4.843553066253662,114800,0.0,0.0
2012-09-11 00:00:00-04:00,4.840752981931665,4.865950162437267,4.840752981931665,4.860351085662842,80300,0.0,0.0
2012-09-12 00:00:00-04:00,4.871551388918634,4.885550420518305,4.860352697647351,4.863152503967285,78000,0.0,0.0
2012-09-13 00:00:00-04:00,4.877380213321689,4.920064839946104,4.871689400161665,4.917219161987305,85900,0.28,0.0
2012-09-14 00:00:00-04:00,4.931445321075887,4.994048586468741,4.931445321075887,4.951364517211914,74100,0.0,0.0
2012-09-17 00:00:00-04:00,4.948518902550049,4.982666484040006,4.931445383183767,4.9399824142456055,63300,0.0,0.0
2012-09-18 00:00:00-04:00,4.945672586877467,4.979820163957829,4.937136099675369,4.9769744873046875,66600,0.0,0.0
2012-09-19 00:00:00-04:00,4.991203808885967,5.016813818064106,4.9570562253860695,5.005431652069092,75300,0.0,0.0
2012-09-20 00:00:00-04:00,4.994048004466206,4.999739357772488,4.954209616836888,4.9769744873046875,46500,0.0,0.0
2012-09-21 00:00:00-04:00,4.999739559519433,5.008276589823336,4.9741290113650685,4.996893882751465,58900,0.0,0.0
2012-09-24 00:00:00-04:00,4.988356414367555,4.999738576444058,4.976973709533811,4.982665061950684,47000,0.0,0.0
2012-09-25 00:00:00-04:00,4.979821485630869,4.999740684732197,4.957056609121141,4.959902286529541,92700,0.0,0.0
2012-09-26 00:00:00-04:00,4.962747984302829,4.968438796385512,4.911526876256385,4.931446075439453,73300,0.0,0.0
2012-09-27 00:00:00-04:00,4.962747137724972,4.968437948836879,4.934290911135922,4.948518753051758,112100,0.0,0.0
2012-09-28 00:00:00-04:00,4.948518176474142,4.974128723144531,4.934290336216066,4.974128723144531,57900,0.0,0.0
2012-10-01 00:00:00-04:00,4.979820615725805,5.002585488258828,4.954210066281482,4.962747097015381,89300,0.0,0.0
2012-10-02 00:00:00-04:00,4.957055743192782,4.974129261903205,4.948518712458883,4.962747097015381,56400,0.0,0.0
2012-10-03 00:00:00-04:00,4.951362698084163,4.974127562841167,4.939980537084256,4.9542083740234375,52300,0.0,0.0
2012-10-04 00:00:00-04:00,4.957055855254345,4.994048570422767,4.948518824327454,4.979820728302002,59400,0.0,0.0
2012-10-05 00:00:00-04:00,4.968440532684326,5.005433809315732,4.965595397027443,4.968440532684326,83100,0.0,0.0
2012-10-08 00:00:00-04:00,4.95136385307722,4.979820076350688,4.95136385307722,4.974128723144531,74900,0.0,0.0
2012-10-09 00:00:00-04:00,4.962747200061547,4.962747200061547,4.928599619174288,4.937136650085449,77200,0.0,0.0
2012-10-10 00:00:00-04:00,4.922908865833563,4.931445897786251,4.8773791142674625,4.883070468902588,71400,0.0,0.0
2012-10-11 00:00:00-04:00,4.911526140903126,4.954210210298683,4.89445262169638,4.922908306121826,184000,0.0,0.0
2012-10-12 00:00:00-04:00,4.928599706163154,4.948518902550049,4.922908352121929,4.9399824142456055,74100,0.0,0.0
2012-10-15 00:00:00-04:00,4.939983130457019,4.95136529743229,4.9172182537490015,4.945673942565918,72600,0.0,0.0
2012-10-16 00:00:00-04:00,4.945674588769964,5.002587059354953,4.945674588769964,4.994050025939941,101900,0.0,0.0
2012-10-17 00:00:00-04:00,4.988356733900734,5.04242295705255,4.988356733900734,5.019658088684082,173500,0.0,0.0
2012-10-18 00:00:00-04:00,5.022505283355713,5.033887992359527,5.002586085356478,5.022505283355713,100000,0.0,0.0
2012-10-19 00:00:00-04:00,5.019659120446054,5.019659120446054,4.962747209205606,4.979820728302002,68600,0.0,0.0
2012-10-22 00:00:00-04:00,4.988356414367555,5.0168120909374325,4.979819385742247,4.982665061950684,74200,0.0,0.0
2012-10-23 00:00:00-04:00,4.917217438348202,4.9769750262633545,4.891606888453885,4.965592861175537,87500,0.0,0.0
2012-10-24 00:00:00-04:00,4.98835891040471,4.98835891040471,4.945674288677206,4.957056999206543,51200,0.0,0.0
2012-10-25 00:00:00-04:00,4.979822503493906,4.991205215454102,4.9513662663509965,4.991205215454102,65500,0.0,0.0
2012-10-26 00:00:00-04:00,4.974130066867666,4.979821421611298,4.93713734654898,4.97128438949585,64700,0.0,0.0
2012-10-31 00:00:00-04:00,4.97128438949585,4.979821421611298,4.957056545394231,4.97128438949585,87800,0.0,0.0
2012-11-01 00:00:00-04:00,4.994049053603618,5.025350960606667,4.98835824185915,5.022505283355713,71200,0.0,0.0
2012-11-02 00:00:00-04:00,5.031041523118206,5.036732876724176,4.974129072573216,4.985511779785156,60700,0.0,0.0
2012-11-05 00:00:00-05:00,4.979820744302262,4.985512098271809,4.92575396710634,4.951364517211914,70100,0.0,0.0
2012-11-06 00:00:00-05:00,4.942828029014981,4.957055871181462,4.92575396710634,4.951364517211914,70400,0.0,0.0
2012-11-07 00:00:00-05:00,4.92290997514733,4.934292686982526,4.900145094234509,4.917219161987305,82000,0.0,0.0
2012-11-08 00:00:00-05:00,4.917218906370846,4.92290971923504,4.865997791290284,4.865997791290283,78500,0.0,0.0
2012-11-09 00:00:00-05:00,4.846075718293049,4.857457880035571,4.809082471426099,4.823310852050781,79800,0.0,0.0
2012-11-12 00:00:00-05:00,4.809084304649994,4.826157825150818,4.783473752520043,4.79201078414917,72800,0.0,0.0
2012-11-13 00:00:00-05:00,4.7806268339938836,4.792009539877137,4.766398994397107,4.76924467086792,72700,0.0,0.0
2012-11-14 00:00:00-05:00,4.783474470320673,4.783474470320673,4.604201121266968,4.6269659996032715,136900,0.0,0.0
2012-11-15 00:00:00-05:00,4.581433389294684,4.584279065158926,4.487528256803401,4.555822849273682,161800,0.0,0.0
2012-11-16 00:00:00-05:00,4.533058767937752,4.632655269356991,4.533058767937752,4.621272563934326,122100,0.0,0.0
2012-11-19 00:00:00-05:00,4.666804871609641,4.749327903123928,4.666804871609641,4.712334632873535,76400,0.0,0.0
2012-11-20 00:00:00-05:00,4.695261972906198,4.720872536179027,4.689570616010532,4.709489822387695,72200,0.0,0.0
2012-11-21 00:00:00-05:00,4.729407770793593,4.800548076629639,4.720870738700581,4.800548076629639,61800,0.0,0.0
2012-11-23 00:00:00-05:00,4.803394074731238,4.854615190982283,4.800548939612899,4.840387344360352,31700,0.0,0.0
2012-11-26 00:00:00-05:00,4.837541362751823,4.854614886177664,4.806239450839845,4.846078395843506,61100,0.0,0.0
2012-11-27 00:00:00-05:00,4.854611453807065,4.854611453807065,4.811927404042733,4.843229293823242,76800,0.0,0.0
2012-11-28 00:00:00-05:00,4.831850007357368,4.857460563874891,4.789165927414004,4.846078395843506,62400,0.0,0.0
2012-11-29 00:00:00-05:00,4.854611453807065,4.860302805177547,4.8090817283574925,4.843229293823242,92000,0.0,0.0
2012-11-30 00:00:00-05:00,4.831850007357368,4.857460563874891,4.820467839325982,4.846078395843506,56200,0.0,0.0
2012-12-03 00:00:00-05:00,4.85176962515631,4.871689370747634,4.81477689743042,4.81477689743042,56000,0.0,0.0
2012-12-04 00:00:00-05:00,4.783472510464697,4.809083055944727,4.766398994397107,4.76924467086792,91100,0.0,0.0
2012-12-05 00:00:00-05:00,4.769245665901225,4.78062783140191,4.7407894380134055,4.755017280578613,113400,0.0,0.0
2012-12-06 00:00:00-05:00,4.740791234783665,4.757864760884299,4.729409064969112,4.737945556640625,84700,0.0,0.0
2012-12-07 00:00:00-05:00,4.777782367729791,4.777782367729791,4.720869915877515,4.746480464935303,104500,0.0,0.0
2012-12-10 00:00:00-05:00,4.735099878497584,4.7521739473558275,4.726563386826072,4.737945556640625,98500,0.0,0.0
2012-12-11 00:00:00-05:00,4.740789334985815,4.783473404511224,4.740789334985815,4.780627727508545,103300,0.0,0.0
2012-12-12 00:00:00-05:00,4.76924467086792,4.78631818693551,4.763553317926293,4.76924467086792,96700,0.0,0.0
2012-12-13 00:00:00-05:00,4.7806276774697825,4.78631903141557,4.743634962336934,4.752171993255615,72100,0.0,0.0
2012-12-14 00:00:00-05:00,4.746480464935303,4.7834731787091265,4.740789111198602,4.746480464935303,70900,0.0,0.0
2012-12-17 00:00:00-05:00,4.749325592658037,4.786318302154541,4.740788563040089,4.786318302154541,98900,0.0,0.0
2012-12-18 00:00:00-05:00,4.777782836527966,4.837540428354669,4.777782836527966,4.817621231079102,53500,0.0,0.0
2012-12-19 00:00:00-05:00,4.851766439178827,4.863149143470693,4.809082383598759,4.820465087890625,73500,0.0,0.0
2012-12-20 00:00:00-05:00,4.811928059671726,4.8403842776441754,4.809082383598759,4.820465087890625,59400,0.0,0.0
2012-12-21 00:00:00-05:00,4.766400341821712,4.820467124536848,4.735098434551247,4.809084415435791,78300,0.0,0.0
2012-12-24 00:00:00-05:00,4.789163589477539,4.800546294709728,4.763553045462371,4.789163589477539,54000,0.0,0.0
2012-12-26 00:00:00-05:00,4.789165009506578,4.794952652824494,4.763121166516001,4.777590274810791,16200,0.28,0.0
2012-12-27 00:00:00-05:00,4.789164906140121,4.79495254933312,4.725502486837231,4.774696350097656,86500,0.0,0.0
2012-12-28 00:00:00-05:00,4.737075761855225,4.789162872655868,4.734181941487446,4.760225772857666,99900,0.0,0.0
2012-12-31 00:00:00-05:00,4.760227484124918,4.815208435058594,4.751546019900655,4.815208435058594,81700,0.0,0.0
2013-01-02 00:00:00-05:00,4.867296902105857,4.9338531494140625,4.861509258355556,4.9338531494140625,67400,0.0,0.0
2013-01-03 00:00:00-05:00,4.913596668273582,4.95410962027736,4.890446646531448,4.928065776824951,142500,0.0,0.0
2013-01-04 00:00:00-05:00,4.907809130236907,4.991728305816651,4.907809130236907,4.99172830581665,86300,0.0,0.0
2013-01-07 00:00:00-05:00,4.9772593343197755,5.029346466064453,4.9772593343197755,5.029346466064453,117100,0.0,0.0
2013-01-08 00:00:00-05:00,5.0264531964731,5.035134109127203,5.003303176162126,5.029346466064453,123200,0.0,0.0
2013-01-09 00:00:00-05:00,5.026454993786212,5.043817377242718,5.009092058389487,5.0148797035217285,156500,0.0,0.0
2013-01-10 00:00:00-05:00,5.00619769293382,5.040923008021315,5.00619769293382,5.026454448699951,166100,0.0,0.0
2013-01-11 00:00:00-05:00,5.0235611712200905,5.038029732110476,5.011985880955608,5.0148797035217285,87100,0.0,0.0
2013-01-14 00:00:00-05:00,5.00330432057399,5.035135260819797,5.00330432057399,5.023560523986816,137600,0.0,0.0
2013-01-15 00:00:00-05:00,4.997515047238789,5.02645270779918,4.991727404738716,5.017771244049072,73900,0.0,0.0
2013-01-16 00:00:00-05:00,4.997517833197412,5.040924072265625,4.9917301874709095,5.040924072265625,86000,0.0,0.0
2013-01-17 00:00:00-05:00,5.040921749159583,5.090115611283334,5.032240284570679,5.078540325164795,103600,0.0,0.0
2013-01-18 00:00:00-05:00,5.09011718227238,5.09590482711792,5.06986097725318,5.09590482711792,58400,0.0,0.0
2013-01-22 00:00:00-05:00,5.078539682140191,5.1045835206693155,5.078539682140191,5.087221145629883,113000,0.0,0.0
2013-01-23 00:00:00-05:00,5.081434986983983,5.13062885724266,5.081434986983983,5.124841213226318,62600,0.0,0.0
2013-01-24 00:00:00-05:00,5.121946823292385,5.153777754542502,5.110371537790531,5.133521556854248,120400,0.0,0.0
2013-01-25 00:00:00-05:00,5.150884666088282,5.171141418598867,5.133522287304992,5.165353775024414,132200,0.0,0.0
2013-01-28 00:00:00-05:00,5.168249676878418,5.168249676878418,5.147993468155381,5.156674385070801,61700,0.0,0.0
2013-01-29 00:00:00-05:00,5.159566141385913,5.191397629166634,5.1479914061547865,5.176928520202637,138500,0.0,0.0
2013-01-30 00:00:00-05:00,5.179820959742795,5.179820959742795,5.1479900323963355,5.153777122497559,91200,0.0,0.0
2013-01-31 00:00:00-05:00,5.159566346307139,5.182716369628906,5.153778702491675,5.182716369628906,98800,0.0,0.0
2013-02-01 00:00:00-05:00,5.185610033133437,5.214547699386719,5.1769285676754295,5.202972412109375,59700,0.0,0.0
2013-02-04 00:00:00-05:00,5.168247493770342,5.2839976032513,5.136416006685556,5.162459850311279,73900,0.0,0.0
2013-02-05 00:00:00-05:00,5.162460214477202,5.2087602615356445,5.162460214477202,5.2087602615356445,64700,0.0,0.0
2013-02-06 00:00:00-05:00,5.179821542970521,5.217440668533818,5.179821542970521,5.205865383148193,96200,0.0,0.0
2013-02-07 00:00:00-05:00,5.197184768470704,5.202972412109376,5.153778545060819,5.202972412109375,96100,0.0,0.0
2013-02-08 00:00:00-05:00,5.188505376819486,5.208761583556211,5.182717731483211,5.194293022155762,108600,0.0,0.0
2013-02-11 00:00:00-05:00,5.191397629166634,5.2000785426049605,5.174034698409837,5.176928520202637,73400,0.0,0.0
2013-02-12 00:00:00-05:00,5.174034903905709,5.1942916572598365,5.174034903905709,5.182716369628906,86200,0.0,0.0
2013-02-13 00:00:00-05:00,5.1827162113141005,5.202972412109376,5.179822389494765,5.202972412109375,83200,0.0,0.0
2013-02-14 00:00:00-05:00,5.194290057436123,5.211652431594873,5.174033310321005,5.191396236419678,95900,0.0,0.0
2013-02-15 00:00:00-05:00,5.191397574050078,5.205866130920392,5.185609930525926,5.20007848739624,55500,0.0,0.0
2013-02-19 00:00:00-05:00,5.194290008628421,5.214546203613281,5.191396187639167,5.214546203613281,141600,0.0,0.0
2013-02-20 00:00:00-05:00,5.20008062546878,5.208762094324493,5.156674385070801,5.156674385070801,128100,0.0,0.0
2013-02-21 00:00:00-05:00,5.159565240820792,5.159565240820792,5.078539900585018,5.104583740234375,112900,0.0,0.0
2013-02-22 00:00:00-05:00,5.110372543334961,5.119054009169564,5.0872225197161205,5.110372543334961,139400,0.0,0.0
2013-02-25 00:00:00-05:00,5.1219473481998,5.1219473481998,5.049603462219238,5.049603462219238,115200,0.0,0.0
2013-02-26 00:00:00-05:00,5.058285645616089,5.087223317663633,5.0380294407648645,5.069860935211182,115300,0.0,0.0
2013-02-27 00:00:00-05:00,5.066966318042147,5.124841101119199,5.066966318042147,5.110372543334961,70900,0.0,0.0
2013-02-28 00:00:00-05:00,5.119052795591467,5.150883725558625,5.119052795591467,5.1277337074279785,91400,0.0,0.0
2013-03-01 00:00:00-05:00,5.113266365279829,5.139310210843537,5.101691077500359,5.110372543334961,75100,0.0,0.0
2013-03-04 00:00:00-05:00,5.095903353824799,5.1306281089782715,5.095903353824799,5.1306281089782715,63400,0.0,0.0
2013-03-05 00:00:00-05:00,5.133522287304992,5.1798223320204775,5.133522287304992,5.165353775024414,68000,0.0,0.0
2013-03-06 00:00:00-05:00,5.185608594386786,5.191396236419678,5.168246220228037,5.191396236419678,101500,0.0,0.0
2013-03-07 00:00:00-05:00,5.182714724671405,5.214546203613281,5.182714724671405,5.214546203613281,79000,0.0,0.0
2013-03-08 00:00:00-05:00,5.226121849636561,5.249271869659424,5.217440937090496,5.249271869659424,49300,0.0,0.0
2013-03-11 00:00:00-04:00,5.257953384368177,5.278209583089163,5.23480336412419,5.275315761566162,66100,0.0,0.0
2013-03-12 00:00:00-04:00,5.26084555706623,5.272420287590527,5.237695544077792,5.257951736450195,47300,0.0,0.0
2013-03-13 00:00:00-04:00,5.243486140644125,5.266636166680383,5.237698496150021,5.260848522186279,63100,0.0,0.0
2013-03-14 00:00:00-04:00,5.26084717474275,5.293176583263459,5.26084717474275,5.2814202308654785,71900,0.28,0.0
2013-03-15 00:00:00-04:00,5.269664574806312,5.284359455108643,5.2490915181535485,5.284359455108643,111900,0.0,0.0
2013-03-18 00:00:00-04:00,5.2549686272350735,5.272603154586013,5.246151924133301,5.246151924133301,100400,0.0,0.0
2013-03-19 00:00:00-04:00,5.246153275422317,5.254969980795071,5.199128978188156,5.225580215454102,93900,0.0,0.0
2013-03-20 00:00:00-04:00,5.234396198894534,5.257908344268799,5.234396198894534,5.257908344268799,52400,0.0,0.0
2013-03-21 00:00:00-04:00,5.249092364071181,5.257909069443936,5.222641126805236,5.225580215454102,90600,0.0,0.0
2013-03-22 00:00:00-04:00,5.222641957165885,5.243215020405062,5.219702868049727,5.23145866394043,112400,0.0,0.0
2013-03-25 00:00:00-04:00,5.237338129611355,5.263789377585074,5.2079477917989925,5.2197041511535645,91300,0.0,0.0
2013-03-26 00:00:00-04:00,5.22264001589338,5.2784810066223145,5.219700927869691,5.2784810066223145,71500,0.0,0.0
2013-03-27 00:00:00-04:00,5.257909305790199,5.287299633026123,5.24321442245917,5.287299633026123,98100,0.0,0.0
2013-03-28 00:00:00-04:00,5.3137497073869815,5.3137497073869815,5.278481210315442,5.293176651000977,101500,0.0,0.0
2013-04-01 00:00:00-04:00,5.284359046614912,5.304932101677328,5.257907815656461,5.296115398406982,88400,0.0,0.0
2013-04-02 00:00:00-04:00,5.275542479172347,5.293176446740762,5.266725215101278,5.2784810066223145,167300,0.0,0.0
2013-04-03 00:00:00-04:00,5.254967720828128,5.272602245137363,5.222638880741729,5.228517055511475,122900,0.0,0.0
2013-04-04 00:00:00-04:00,5.243213925046474,5.254969718481276,5.207945423594441,5.249092102050781,85600,0.0,0.0
2013-04-05 00:00:00-04:00,5.228518772388366,5.272603976490413,5.196189361112432,5.243213653564453,112900,0.0,0.0
2013-04-08 00:00:00-04:00,5.254969868177364,5.260848045349121,5.231457720064165,5.260848045349121,48200,0.0,0.0
2013-04-09 00:00:00-04:00,5.26084573212465,5.278479695312335,5.246150856230509,5.272602081298828,83600,0.0,0.0
2013-04-10 00:00:00-04:00,5.296117112537464,5.32256835205707,5.260848606320027,5.310811996459961,102100,0.0,0.0
2013-04-11 00:00:00-04:00,5.3019939447529385,5.3460791459060175,5.3019939447529385,5.33138370513916,73300,0.0,0.0
2013-04-12 00:00:00-04:00,5.3343227932925315,5.340200969599275,5.307871560485935,5.33138370513916,145400,0.0,0.0
2013-04-15 00:00:00-04:00,5.331385175154725,5.337263353082251,5.257909632782367,5.275544166564941,94600,0.0,0.0
2013-04-16 00:00:00-04:00,5.290237358579308,5.2990546226501465,5.254968862869675,5.2990546226501465,101400,0.0,0.0
2013-04-17 00:00:00-04:00,5.2755433379963526,5.287299131431155,5.234396659540012,5.249092102050781,114500,0.0,0.0
2013-04-18 00:00:00-04:00,5.254968130044546,5.254968130044546,5.196188059490556,5.216761112213135,74700,0.0,0.0
2013-04-19 00:00:00-04:00,5.228521420669494,5.228521420669494,5.202070172695775,5.2197041511535645,82800,0.0,0.0
2013-04-22 00:00:00-04:00,5.237334114746226,5.243212289917387,5.22263923739196,5.2343950271606445,70300,0.0,0.0
2013-04-23 00:00:00-04:00,5.2579069557239935,5.319626671390669,5.2520293413629515,5.31668758392334,88700,0.0,0.0
2013-04-24 00:00:00-04:00,5.331384518985968,5.351957578626342,5.3019947541133385,5.3490190505981445,95400,0.0,0.0
2013-04-25 00:00:00-04:00,5.372528553009033,5.381345253899291,5.34901641634575,5.372528553009033,80400,0.0,0.0
2013-04-26 00:00:00-04:00,5.378408008615108,5.378408008615108,5.337261895507,5.360774040222168,62300,0.0,0.0
2013-04-29 00:00:00-04:00,5.363712260199862,5.404858366647962,5.357834084829088,5.381346225738525,60400,0.0,0.0
2013-04-30 00:00:00-04:00,5.393104830249287,5.3989830080765415,5.36371450168691,5.378409385681152,59600,0.0,0.0
2013-05-01 00:00:00-04:00,5.3813475176886625,5.407798752633879,5.360774459525447,5.398982048034668,60500,0.0,0.0
2013-05-02 00:00:00-04:00,5.404857842873882,5.4224923672772745,5.3931020538452215,5.419553279876709,92100,0.0,0.0
2013-05-03 00:00:00-04:00,5.437188029484182,5.487151401367255,5.437188029484182,5.463639259338379,109300,0.0,0.0
2013-05-06 00:00:00-04:00,5.472455995396181,5.50772392475364,5.451882382601761,5.4812726974487305,54400,0.0,0.0
2013-05-07 00:00:00-04:00,5.472457029829447,5.522420406341553,5.469517941731825,5.522420406341553,78100,0.0,0.0
2013-05-08 00:00:00-04:00,5.507725657121805,5.548871774505247,5.501847480188798,5.545933246612549,104900,0.0,0.0
2013-05-09 00:00:00-04:00,5.534175820940206,5.575321930354861,5.534175820940206,5.551809787750244,72800,0.0,0.0
2013-05-10 00:00:00-04:00,5.554750713252033,5.5694461575999785,5.537116740608381,5.560628890991211,72600,0.0,0.0
2013-05-13 00:00:00-04:00,5.569445837973019,5.6017746925354,5.5576894831693515,5.6017746925354,55700,0.0,0.0
2013-05-14 00:00:00-04:00,5.610591221295388,5.631164278924247,5.587079075351866,5.625286102294922,75300,0.0,0.0
2013-05-15 00:00:00-04:00,5.622347026418897,5.654676437377929,5.61940849867151,5.65467643737793,86900,0.0,0.0
2013-05-16 00:00:00-04:00,5.663493702341423,5.663493702341423,5.628225203061226,5.65467643737793,84100,0.0,0.0
2013-05-17 00:00:00-04:00,5.654675432431813,5.695821540468095,5.651736344632981,5.672309398651123,106600,0.0,0.0
2013-05-20 00:00:00-04:00,5.651736548743776,5.689944130934761,5.651736548743776,5.687005043029785,82900,0.0,0.0
2013-05-21 00:00:00-04:00,5.69876187057615,5.707579135894775,5.666433018888791,5.707579135894775,89900,0.0,0.0
2013-05-22 00:00:00-04:00,5.72227378704338,5.72227378704338,5.651737349056765,5.65467643737793,76400,0.0,0.0
2013-05-23 00:00:00-04:00,5.610592045506885,5.654677255555504,5.566506835458265,5.651738166809082,77600,0.0,0.0
2013-05-24 00:00:00-04:00,5.6399806566084,5.6399806566084,5.613529426511421,5.6370415687561035,42400,0.0,0.0
2013-05-28 00:00:00-04:00,5.678187762647519,5.681126850543867,5.610590422752596,5.657614707946777,82900,0.0,0.0
2013-05-29 00:00:00-04:00,5.6458591599237815,5.6458591599237815,5.551810576149696,5.625286102294922,93000,0.0,0.0
2013-05-30 00:00:00-04:00,5.6399807411423835,5.669371059532171,5.616468598545293,5.657614707946777,94700,0.0,0.0
2013-05-31 00:00:00-04:00,5.654675380402994,5.657614468174782,5.601772921658143,5.604712009429932,119900,0.0,0.0
2013-06-03 00:00:00-04:00,5.6223462682528975,5.6223462682528975,5.481273411303155,5.534175872802734,107900,0.0,0.0
2013-06-04 00:00:00-04:00,5.5106614003048096,5.563563839439491,5.4842101807374695,5.516539573669434,105200,0.0,0.0
2013-06-05 00:00:00-04:00,5.49302993503226,5.5576881896824215,5.451883263369683,5.490090847015381,85600,0.0,0.0
2013-06-06 00:00:00-04:00,5.484212754226368,5.516542162329037,5.446005730574447,5.510663986206055,68400,0.0,0.0
2013-06-07 00:00:00-04:00,5.545932224502064,5.545932224502064,5.507724642052945,5.534175872802734,112200,0.0,0.0
2013-06-10 00:00:00-04:00,5.551811830363407,5.578263070597209,5.534177857065507,5.554750919342041,65800,0.0,0.0
2013-06-11 00:00:00-04:00,5.490090997841444,5.545932550548795,5.4871519097438215,5.522420406341553,51700,0.0,0.0
2013-06-12 00:00:00-04:00,5.542994333334118,5.542994333334118,5.425433033253627,5.4518842697143555,69800,0.0,0.0
2013-06-13 00:00:00-04:00,5.433979873499447,5.514549732208252,5.410107386011467,5.514549732208252,71500,0.28,0.0
2013-06-14 00:00:00-04:00,5.508581187288516,5.535437805489313,5.475756874393628,5.487692832946777,39800,0.0,0.0
2013-06-17 00:00:00-04:00,5.490677882932042,5.535438731029179,5.487693750503557,5.505598545074463,76400,0.0,0.0
2013-06-18 00:00:00-04:00,5.50559626748204,5.56229305267334,5.50559626748204,5.56229305267334,58400,0.0,0.0
2013-06-19 00:00:00-04:00,5.574233076438437,5.5921373056761645,5.51753568649292,5.51753568649292,54800,0.0,0.0
2013-06-20 00:00:00-04:00,5.436963462808132,5.490676696585134,5.377282534628638,5.3802666664123535,50000,0.0,0.0
2013-06-21 00:00:00-04:00,5.416073063534192,5.416073063534192,5.31759902853047,5.347439765930176,90300,0.0,0.0
2013-06-24 00:00:00-04:00,5.254934807870506,5.305663898574374,5.168396712896043,5.234046459197998,115900,0.0,0.0
2013-06-25 00:00:00-04:00,5.251951730647173,5.296712568093854,5.231063377783051,5.290744304656982,103100,0.0,0.0
2013-06-26 00:00:00-04:00,5.335503904297852,5.39816951751709,5.3116314252535695,5.39816951751709,76800,0.0,0.0
2013-06-27 00:00:00-04:00,5.448900927336312,5.475757548845051,5.401155948913006,5.460836887359619,81400,0.0,0.0
2013-06-28 00:00:00-04:00,5.454868936545856,5.493661516261721,5.404139828200487,5.469789028167725,64900,0.0,0.0
2013-07-01 00:00:00-04:00,5.4996279475084,5.4996279475084,5.460834811557572,5.466803073883057,64900,0.0,0.0
2013-07-02 00:00:00-04:00,5.4757561683654785,5.493660388469169,5.442931290537967,5.4757561683654785,34800,0.0,0.0
2013-07-03 00:00:00-04:00,5.356392821480795,5.416073734509103,5.356392821480795,5.39816951751709,174500,0.0,0.0
2013-07-05 00:00:00-04:00,5.416073695748146,5.448898567635917,5.389217085869933,5.439946174621582,98700,0.0,0.0
2013-07-08 00:00:00-04:00,5.47874108394006,5.496645306605916,5.460836292109226,5.481725215911865,74800,0.0,0.0
2013-07-09 00:00:00-04:00,5.517533132807192,5.523501396179199,5.475756427532992,5.523501396179199,75100,0.0,0.0
2013-07-10 00:00:00-04:00,5.517532223093166,5.56229305267334,5.511563960705189,5.56229305267334,55900,0.0,0.0
2013-07-11 00:00:00-04:00,5.616007292076874,5.616007292076874,5.5742305861310095,5.57721471786499,71800,0.0,0.0
2013-07-12 00:00:00-04:00,5.586166212594016,5.6219752221130666,5.5712461239739355,5.592134475708008,53300,0.0,0.0
2013-07-15 00:00:00-04:00,5.6100383134785,5.657783276806115,5.6100383134785,5.645847320556641,40100,0.0,0.0
2013-07-16 00:00:00-04:00,5.654801942245298,5.654801942245298,5.586168032405258,5.595120429992676,51800,0.0,0.0
2013-07-17 00:00:00-04:00,5.621976042625223,5.65181679338546,5.618991910632702,5.636896133422852,34500,0.0,0.0
2013-07-18 00:00:00-04:00,5.63391137939278,5.660767995195268,5.613023026916382,5.621975421905518,30000,0.0,0.0
2013-07-19 00:00:00-04:00,5.633910655975343,5.645847181094823,5.613022306181095,5.633910655975342,38800,0.0,0.0
2013-07-22 00:00:00-04:00,5.642863049814953,5.666735530889071,5.618990568740836,5.633910655975342,44000,0.0,0.0
2013-07-23 00:00:00-04:00,5.678671950032885,5.6816560812570645,5.642862944507556,5.657783031463623,49400,0.0,0.0
2013-07-24 00:00:00-04:00,5.660768620198044,5.669721016175609,5.6160077786401805,5.636896133422852,30600,0.0,0.0
2013-07-25 00:00:00-04:00,5.633912528148283,5.66673741396986,5.616008303684257,5.651817321777344,47000,0.0,0.0
2013-07-26 00:00:00-04:00,5.645846759598431,5.648830890655518,5.601085932071731,5.648830890655518,34800,0.0,0.0
2013-07-29 00:00:00-04:00,5.651815443654564,5.651815443654564,5.607054612786199,5.633910655975342,39200,0.0,0.0
2013-07-30 00:00:00-04:00,5.648831206955916,5.660767162687803,5.613022201430587,5.657783031463623,35700,0.0,0.0
2013-07-31 00:00:00-04:00,5.65181633990555,5.687624782612718,5.613023196280361,5.616007328033447,91300,0.0,0.0
2013-08-01 00:00:00-04:00,5.6339102994353105,5.684639389653043,5.624958475327057,5.6667351722717285,73100,0.0,0.0
2013-08-02 00:00:00-04:00,5.66375037959918,5.693591117858887,5.642862033566808,5.693591117858887,49400,0.0,0.0
2013-08-05 00:00:00-04:00,5.675690154293555,5.675690154293555,5.613024511129206,5.639881134033203,45000,0.0,0.0
2013-08-06 00:00:00-04:00,5.616007328033447,5.636895681140118,5.589150711420604,5.616007328033447,47200,0.0,0.0
2013-08-07 00:00:00-04:00,5.592134613766635,5.610038834385731,5.568262129886203,5.604071140289307,25400,0.0,0.0
2013-08-08 00:00:00-04:00,5.598103106679863,5.618991459786534,5.577214753573193,5.616007328033447,23900,0.0,0.0
2013-08-09 00:00:00-04:00,5.61004052347329,5.624961186118987,5.586168032405258,5.595120429992676,91900,0.0,0.0
2013-08-12 00:00:00-04:00,5.592136827925712,5.6189934540704645,5.5861685623012916,5.613025188446045,41000,0.0,0.0
2013-08-13 00:00:00-04:00,5.6100381749012245,5.633910655975343,5.586165693827107,5.633910655975342,34800,0.0,0.0
2013-08-14 00:00:00-04:00,5.630929451177265,5.630929451177265,5.589152164934397,5.595120429992676,29400,0.0,0.0
2013-08-15 00:00:00-04:00,5.550356451138858,5.556324712832278,5.48769084168747,5.49067497253418,69600,0.0,0.0
2013-08-16 00:00:00-04:00,5.502611495921021,5.541404058598728,5.472770756618681,5.49067497253418,54100,0.0,0.0
2013-08-19 00:00:00-04:00,5.466802784499795,5.496643525382788,5.41010543373859,5.439946174621582,82400,0.0,0.0
2013-08-20 00:00:00-04:00,5.425027070434276,5.4757561683654785,5.425027070434276,5.4757561683654785,38200,0.0,0.0
2013-08-21 00:00:00-04:00,5.457851663270832,5.469787619661738,5.422042655768384,5.448899269104004,35800,0.0,0.0
2013-08-22 00:00:00-04:00,5.466803834942993,5.496644581559867,5.460835571786637,5.4936604499816895,28200,0.0,0.0
2013-08-23 00:00:00-04:00,5.508580599986527,5.517532994820648,5.490676379483192,5.5115647315979,32700,0.0,0.0
2013-08-26 00:00:00-04:00,5.499628911856095,5.544389748816299,5.490676516798086,5.523501396179199,90500,0.0,0.0
2013-08-27 00:00:00-04:00,5.496645762073744,5.496645762073744,5.416075899653674,5.445916652679443,62700,0.0,0.0
2013-08-28 00:00:00-04:00,5.433980935173127,5.454869863825694,5.4011566141921685,5.430997371673584,46300,0.0,0.0
2013-08-29 00:00:00-04:00,5.433977912612025,5.463818653495017,5.425026088762482,5.439946174621582,60400,0.0,0.0
2013-08-30 00:00:00-04:00,5.4369611740112305,5.460833649066424,5.425025221065985,5.4369611740112305,31900,0.0,0.0
2013-09-03 00:00:00-04:00,5.463821019656705,5.4847093765712716,5.442932662742139,5.460836887359619,34200,0.0,0.0
2013-09-04 00:00:00-04:00,5.463819061450377,5.517532285217296,5.454867236932448,5.499628067016602,54400,0.0,0.0
2013-09-05 00:00:00-04:00,5.511566240766368,5.529471035337274,5.493662015360526,5.505598545074463,38400,0.0,0.0
2013-09-06 00:00:00-04:00,5.526484115336954,5.526484115336954,5.478739158894003,5.5026116371154785,21200,0.0,0.0
2013-09-09 00:00:00-04:00,5.520517486600207,5.532454013824463,5.4876926058984505,5.532454013824463,38500,0.0,0.0
2013-09-10 00:00:00-04:00,5.547374555116063,5.565278778244484,5.544390423067161,5.553342819213867,51400,0.0,0.0
2013-09-11 00:00:00-04:00,5.5622924734234305,5.621973952758396,5.547372388172074,5.586164951324463,53800,0.0,0.0
2013-09-12 00:00:00-04:00,5.625549719660951,5.628579164233233,5.555874227920887,5.5952558517456055,35400,0.28,0.0
2013-09-13 00:00:00-04:00,5.580108078879518,5.586166966799502,5.555873105006938,5.567990303039551,34200,0.0,0.0
2013-09-16 00:00:00-04:00,5.595255753692477,5.619490732038557,5.577079664384782,5.59828519821167,60500,0.0,0.0
2013-09-17 00:00:00-04:00,5.586166738463155,5.646753881764408,5.571019519282343,5.640695571899414,82800,0.0,0.0
2013-09-18 00:00:00-04:00,5.625547939842972,5.746722795359428,5.601312968739681,5.7436933517456055,44000,0.0,0.0
2013-09-19 00:00:00-04:00,5.746723285715457,5.755811617332412,5.689165585563416,5.70734167098999,35700,0.0,0.0
2013-09-20 00:00:00-04:00,5.7134007612511155,5.7134007612511155,5.667959679362975,5.683106899261475,24100,0.0,0.0
2013-09-23 00:00:00-04:00,5.664931113487765,5.677048312241538,5.6346372498922515,5.6558427810668945,41000,0.0,0.0
2013-09-24 00:00:00-04:00,5.631605623956395,5.655840589882223,5.613429543963815,5.649781703948975,36100,0.0,0.0
2013-09-25 00:00:00-04:00,5.631607243983273,5.652812773042605,5.613431158762036,5.64372444152832,47700,0.0,0.0
2013-09-26 00:00:00-04:00,5.664928913116454,5.7133988449196345,5.637664504251271,5.664928913116455,89000,0.0,0.0
2013-09-27 00:00:00-04:00,5.649782556725781,5.670988082885742,5.613430391253635,5.670988082885742,54300,0.0,0.0
2013-09-30 00:00:00-04:00,5.625547885894776,5.625547885894776,5.577077944153014,5.625547885894775,56300,0.0,0.0
2013-10-01 00:00:00-04:00,5.610400866878091,5.625547505971729,5.60434198011774,5.622518062591553,64000,0.0,0.0
2013-10-02 00:00:00-04:00,5.552844696498652,5.595255764232316,5.5225508290571215,5.580109119415283,99300,0.0,0.0
2013-10-03 00:00:00-04:00,5.543754577636719,5.580107322421164,5.49528463646231,5.543754577636719,75500,0.0,0.0
2013-10-04 00:00:00-04:00,5.528607732285669,5.583136558532715,5.528607732285669,5.583136558532715,42000,0.0,0.0
2013-10-07 00:00:00-04:00,5.561931619723528,5.561931619723528,5.528608316206953,5.546784400939941,44100,0.0,0.0
2013-10-08 00:00:00-04:00,5.525578325386533,5.537696099213674,5.4589323027590355,5.46196174621582,52900,0.0,0.0
2013-10-09 00:00:00-04:00,5.446816333268522,5.480139644524729,5.422581355393313,5.464993000030518,40200,0.0,0.0
2013-10-10 00:00:00-04:00,5.474080882652634,5.5619330406188965,5.474080882652634,5.5619330406188965,42800,0.0,0.0
2013-10-11 00:00:00-04:00,5.525578749817882,5.625548080341613,5.525578749817882,5.6194891929626465,44600,0.0,0.0
2013-10-14 00:00:00-04:00,5.613430883390984,5.62251863665213,5.561931496284376,5.6194891929626465,40000,0.0,0.0
2013-10-15 00:00:00-04:00,5.586168375702112,5.616462245135174,5.571021152081831,5.601315021514893,34200,0.0,0.0
2013-10-16 00:00:00-04:00,5.592225048328149,5.640695571899414,5.574048963118505,5.640695571899414,70400,0.0,0.0
2013-10-17 00:00:00-04:00,5.595252880568115,5.670987221236478,5.595252880568115,5.664928913116455,32800,0.0,0.0
2013-10-18 00:00:00-04:00,5.664930702255231,5.7467233768759645,5.664930702255231,5.7224884033203125,47300,0.0,0.0
2013-10-21 00:00:00-04:00,5.740665066842562,5.740665066842562,5.677047900129383,5.7224884033203125,46200,0.0,0.0
2013-10-22 00:00:00-04:00,5.7194584683310925,5.7558112144470215,5.710370715157583,5.7558112144470215,42800,0.0,0.0
2013-10-23 00:00:00-04:00,5.7558108387779585,5.761869725703046,5.728546425422325,5.734605312347412,64000,0.0,0.0
2013-10-24 00:00:00-04:00,5.731576248324439,5.749752332495728,5.71340016415315,5.737635135650635,55700,0.0,0.0
2013-10-25 00:00:00-04:00,5.752781003982194,5.7648987770080575,5.71339939726258,5.764898777008057,50300,0.0,0.0
2013-10-28 00:00:00-04:00,5.780045030775794,5.798221111297607,5.767927836363646,5.798221111297607,107800,0.0,0.0
2013-10-29 00:00:00-04:00,5.81034144636721,5.825488090515137,5.798223668802918,5.825488090515137,59300,0.0,0.0
2013-10-30 00:00:00-04:00,5.834576802994393,5.837606247582411,5.804282934921696,5.828517913818359,77900,0.0,0.0
2013-10-31 00:00:00-04:00,5.828516288752276,5.834575176239014,5.807310760356008,5.834575176239014,69500,0.0,0.0
2013-11-01 00:00:00-04:00,5.822457974485256,5.840634638734958,5.804281888042925,5.831546306610107,56200,0.0,0.0
2013-11-04 00:00:00-05:00,5.822459024642325,5.834576802994393,5.801253490333679,5.828517913818359,47800,0.0,0.0
2013-11-05 00:00:00-05:00,5.816400713273765,5.828517913818359,5.795194601157645,5.828517913818359,49100,0.0,0.0
2013-11-06 00:00:00-05:00,5.831545732495645,5.846692373405176,5.816399091586114,5.834575176239014,82600,0.0,0.0
2013-11-07 00:00:00-05:00,5.843662179312913,5.843662179312913,5.777015587720961,5.798221111297607,135300,0.0,0.0
2013-11-08 00:00:00-05:00,5.7739869894398845,5.828515816790446,5.758840349756847,5.816398620605469,53000,0.0,0.0
2013-11-11 00:00:00-05:00,5.813368879721501,5.8618388175964355,5.810339436378412,5.8618388175964355,61700,0.0,0.0
2013-11-12 00:00:00-05:00,5.846692275976435,5.861839494440867,5.81336955096929,5.837604522705078,52400,0.0,0.0
2013-11-13 00:00:00-05:00,5.810338586669404,5.861837960356114,5.801250257969225,5.858808517456055,55400,0.0,0.0
2013-11-14 00:00:00-05:00,5.873957226078057,5.919398307800293,5.867898915948134,5.919398307800293,80500,0.0,0.0
2013-11-15 00:00:00-05:00,5.93757380714406,5.958779335021972,5.910309391927514,5.958779335021973,76500,0.0,0.0
2013-11-18 00:00:00-05:00,5.967867769168932,5.967867769168932,5.9163683815151265,5.9375739097595215,42100,0.0,0.0
2013-11-19 00:00:00-05:00,5.931515418684424,5.931515418684424,5.895162669402429,5.907280445098877,68100,0.0,0.0
2013-11-20 00:00:00-05:00,5.919397855821671,5.919397855821671,5.8466923617405,5.870927333831787,51700,0.0,0.0
2013-11-21 00:00:00-05:00,5.883043385073483,5.901219464364603,5.861837862932652,5.898190021514893,53800,0.0,0.0
2013-11-22 00:00:00-05:00,5.886072726796488,5.934542655944824,5.886072726796488,5.934542655944824,51200,0.0,0.0
2013-11-25 00:00:00-05:00,5.949690066205507,5.949690066205507,5.883044049407404,5.889102935791016,70500,0.0,0.0
2013-11-26 00:00:00-05:00,5.876984499374061,5.910307792913734,5.867896748632073,5.898190021514893,51400,0.0,0.0
2013-11-27 00:00:00-05:00,5.910309975894374,5.922427173961577,5.892133889889894,5.919398307800293,32900,0.0,0.0
2013-11-29 00:00:00-05:00,5.925456134872833,5.946661663117228,5.913338937793454,5.9375739097595215,21100,0.0,0.0
2013-12-02 00:00:00-05:00,5.946662147903337,5.946662147903337,5.916368863831654,5.919398307800293,44100,0.0,0.0
2013-12-03 00:00:00-05:00,5.913340395921418,5.913340395921418,5.855782106631385,5.886075973510742,61300,0.0,0.0
2013-12-04 00:00:00-05:00,5.876986601068093,5.889104376800424,5.837604985552717,5.87395715713501,47700,0.0,0.0
2013-12-05 00:00:00-05:00,5.855779074555994,5.8739551541492006,5.843661880762908,5.858808517456055,57400,0.0,0.0
2013-12-06 00:00:00-05:00,5.870926945548176,5.895161916036641,5.855780305670612,5.883044719696045,69600,0.0,0.0
2013-12-09 00:00:00-05:00,5.8739563890851425,5.895161916036641,5.867898079818482,5.883044719696045,68200,0.0,0.0
2013-12-10 00:00:00-05:00,5.876985929643001,5.886074260403939,5.855780402341429,5.8800153732299805,49500,0.0,0.0
2013-12-11 00:00:00-05:00,5.886075151486041,5.886075151486041,5.813370227813722,5.813370227813721,51500,0.0,0.0
2013-12-12 00:00:00-05:00,5.795192048094029,5.807309821107631,5.780045409634249,5.80125093460083,57700,0.0,0.0
2013-12-13 00:00:00-05:00,5.789133359940291,5.810338883516938,5.770956701611296,5.798221111297607,69600,0.0,0.0
2013-12-16 00:00:00-05:00,5.810341068243619,5.834576043987608,5.804282179855772,5.822458267211914,54700,0.0,0.0
2013-12-17 00:00:00-05:00,5.807312379509714,5.828517913818359,5.798224045745663,5.828517913818359,91800,0.0,0.0
2013-12-18 00:00:00-05:00,5.82851456939298,5.901219464364603,5.807309047252149,5.898190021514893,122700,0.0,0.0
2013-12-19 00:00:00-05:00,5.8678981631088885,5.913338661193847,5.8678981631088885,5.913338661193848,66500,0.0,0.0
2013-12-20 00:00:00-05:00,5.90727975572764,5.964838027954102,5.90425031215706,5.964838027954102,107900,0.0,0.0
2013-12-23 00:00:00-05:00,6.00421981446376,6.046630870078433,5.97998484299719,6.010278701782227,183600,0.0,0.0
2013-12-24 00:00:00-05:00,6.053832226911468,6.060054191015223,6.0196126110591255,6.04449987411499,35900,0.52,0.0
2013-12-26 00:00:00-05:00,6.0507200448364955,6.07249631938618,6.035165139187449,6.060052394866943,96700,0.0,0.0
2013-12-27 00:00:00-05:00,6.081828936435967,6.081828936435967,6.035165404158053,6.047609329223633,34600,0.0,0.0
2013-12-30 00:00:00-05:00,6.02894430016151,6.0600535238964826,6.025833911811193,6.035166263580322,68800,0.0,0.0
2013-12-31 00:00:00-05:00,6.078719808518517,6.091163142804331,6.044499600854052,6.072497844696045,268000,0.0,0.0
2014-01-02 00:00:00-05:00,6.050720886440573,6.084940496910172,6.016500682611911,6.02894401550293,77200,0.0,0.0
2014-01-03 00:00:00-05:00,6.044498728756139,6.0600530427090185,6.028943821444216,6.050720691680908,74100,0.0,0.0
2014-01-06 00:00:00-05:00,6.075607491019164,6.088050822569587,6.041387290877255,6.069385528564453,132700,0.0,0.0
2014-01-07 00:00:00-05:00,6.112938575140516,6.112938575140516,6.066275039661087,6.103606224060059,108400,0.0,0.0
2014-01-08 00:00:00-05:00,6.103605862205502,6.119160175323486,6.088050955728506,6.119160175323486,122000,0.0,0.0
2014-01-09 00:00:00-05:00,6.131603008471574,6.131603008471574,6.0818284985113,6.100494384765625,96700,0.0,0.0
2014-01-10 00:00:00-05:00,6.112938575140516,6.112938575140516,6.078718965580426,6.103606224060059,63600,0.0,0.0
2014-01-13 00:00:00-05:00,6.084940496910172,6.106716774488752,6.028944015502931,6.02894401550293,80000,0.0,0.0
2014-01-14 00:00:00-05:00,6.047609710218524,6.063164024171403,6.035165784368985,6.050720691680908,61300,0.0,0.0
2014-01-15 00:00:00-05:00,6.0631633752869085,6.088050630963488,6.056941413028018,6.0756072998046875,132900,0.0,0.0
2014-01-16 00:00:00-05:00,6.0787184722465195,6.084939841342232,6.063163566109743,6.069385528564453,71500,0.0,0.0
2014-01-17 00:00:00-05:00,6.075607300515989,6.0880506316762455,6.053830432607325,6.060052394866943,109600,0.0,0.0
2014-01-21 00:00:00-05:00,6.066273521977712,6.103604697037029,6.060051560574677,6.091160774230957,89000,0.0,0.0
2014-01-22 00:00:00-05:00,6.103605461327655,6.106715849059756,6.072496243775893,6.097383499145508,71800,0.0,0.0
2014-01-23 00:00:00-05:00,6.091163351211868,6.116050613994136,6.056943142376568,6.084941387176514,124000,0.0,0.0
2014-01-24 00:00:00-05:00,6.069385256933398,6.069385256933398,5.941837999115112,5.954281330108643,75400,0.0,0.0
2014-01-27 00:00:00-05:00,5.957393520275217,5.969837447153267,5.860955460406698,5.907618999481201,63700,0.0,0.0
2014-01-28 00:00:00-05:00,5.916953183603838,5.9231751483456945,5.895176900366558,5.91384220123291,92700,0.0,0.0
2014-01-29 00:00:00-05:00,5.892064734215092,5.904508067839585,5.808070007153146,5.8329572677612305,187900,0.0,0.0
2014-01-30 00:00:00-05:00,5.876509378774986,5.901396637491232,5.864066046096389,5.885842323303223,127800,0.0,0.0
2014-01-31 00:00:00-05:00,5.848510340243955,5.857843283498271,5.80806877285986,5.8267340660095215,144800,0.0,0.0
2014-02-03 00:00:00-05:00,5.826735744994761,5.857844971447694,5.727186695032688,5.745851993560791,186100,0.0,0.0
2014-02-04 00:00:00-05:00,5.748963253785274,5.7707395353485325,5.71163265492231,5.767629146575928,88300,0.0,0.0
2014-02-05 00:00:00-05:00,5.761403942713211,5.776958251266834,5.7302947322471285,5.764514923095703,43500,0.0,0.0
2014-02-06 00:00:00-05:00,5.764516962668475,5.811180498198441,5.764516962668475,5.798736572265625,84000,0.0,0.0
2014-02-07 00:00:00-05:00,5.823622915348576,5.867176055908203,5.811179584730792,5.867176055908203,75100,0.0,0.0
2014-02-10 00:00:00-05:00,5.854733008584612,5.873398303985596,5.839178694643632,5.873398303985596,81100,0.0,0.0
2014-02-11 00:00:00-05:00,5.8858420717319095,5.951170900560141,5.873398146226135,5.948060512542725,79500,0.0,0.0
2014-02-12 00:00:00-05:00,5.95739221572876,5.963614177805303,5.929393979743278,5.95739221572876,121600,0.0,0.0
2014-02-13 00:00:00-05:00,5.935616415424698,5.979168966717648,5.920062102351218,5.972947597503662,121900,0.0,0.0
2014-02-14 00:00:00-05:00,5.979170226096573,5.994725135805358,5.960504927805167,5.98228120803833,56800,0.0,0.0
2014-02-18 00:00:00-05:00,5.972948759450802,6.016501319216247,5.972948759450802,5.985392093658447,97200,0.0,0.0
2014-02-19 00:00:00-05:00,5.976056432495021,5.997833295841577,5.941836833953857,5.941836833953857,173600,0.0,0.0
2014-02-20 00:00:00-05:00,5.944949929401058,5.982280521700992,5.944949929401058,5.969837188720703,89300,0.0,0.0
2014-02-21 00:00:00-05:00,5.97294895179361,6.0009471963613255,5.97294895179361,5.979170322418213,91300,0.0,0.0
2014-02-24 00:00:00-05:00,5.972947331113949,6.035165173992001,5.96672536881845,6.000945568084717,84300,0.0,0.0
2014-02-25 00:00:00-05:00,6.000945855114017,6.016500168237757,5.982279967334715,5.991612911224365,70900,0.0,0.0
2014-02-26 00:00:00-05:00,6.007166385650636,6.0164993282372565,5.98850109383632,6.007166385650635,68900,0.0,0.0
2014-02-27 00:00:00-05:00,6.025833055110667,6.032054424285889,5.994723835798531,6.032054424285889,89400,0.0,0.0
2014-02-28 00:00:00-05:00,6.032054117393072,6.060052354013627,6.007166861881354,6.022721767425537,125700,0.0,0.0
2014-03-03 00:00:00-05:00,6.016499593644468,6.0320539052827264,5.969836065370739,5.994723320007324,132900,0.0,0.0
2014-03-04 00:00:00-05:00,6.032053327619914,6.091160774230958,6.032053327619914,6.091160774230957,107400,0.0,0.0
2014-03-05 00:00:00-05:00,6.103609007048777,6.1129413623843964,6.084943109658904,6.109830379486084,111900,0.0,0.0
2014-03-06 00:00:00-05:00,6.103606546561358,6.134715176285326,6.081829675051871,6.131604194641113,126600,0.0,0.0
2014-03-07 00:00:00-05:00,6.144047796579819,6.153380741019323,6.094273279620554,6.103606224060059,63300,0.0,0.0
2014-03-10 00:00:00-04:00,6.08182716369629,6.106714413214273,6.066272855257112,6.081827163696289,49500,0.0,0.0
2014-03-11 00:00:00-04:00,6.078718837389222,6.091162169687104,6.038276672363281,6.038276672363281,266300,0.0,0.0
2014-03-12 00:00:00-04:00,6.025832409788045,6.069384956145472,6.016499466986192,6.056941032409668,76000,0.0,0.0
2014-03-13 00:00:00-04:00,6.07903714411783,6.097974785745893,6.038004884904124,6.053786754608154,164000,0.28,0.0
2014-03-14 00:00:00-04:00,6.053787989182721,6.063256510919322,6.034850343692624,6.041162490844727,75300,0.0,0.0
2014-03-17 00:00:00-04:00,6.047474616237529,6.082194131068922,6.047474616237529,6.069568634033203,122400,0.0,0.0
2014-03-18 00:00:00-04:00,6.066411827780865,6.104287714174019,6.056943307695169,6.094818592071533,65600,0.0,0.0
2014-03-19 00:00:00-04:00,6.104287479457384,6.1169123730918,6.05694307479898,6.072724342346191,97700,0.0,0.0
2014-03-20 00:00:00-04:00,6.066411649542143,6.116912428571379,6.060099503676069,6.1137566566467285,76700,0.0,0.0
2014-03-21 00:00:00-04:00,6.135850562456908,6.1421627082100665,6.0916619300842285,6.0916619300842285,98000,0.0,0.0
2014-03-24 00:00:00-04:00,6.094818411805087,6.110600281509117,6.031692739039285,6.053786754608154,78100,0.0,0.0
2014-03-25 00:00:00-04:00,6.063255220607804,6.094818357718996,6.05694307479898,6.072724342346191,63200,0.0,0.0
2014-03-26 00:00:00-04:00,6.097973862459535,6.104286609385342,6.056942211475152,6.063254356384277,84900,0.0,0.0
2014-03-27 00:00:00-04:00,6.066411594520599,6.075880716258988,6.044317579147795,6.072724342346191,93000,0.0,0.0
2014-03-28 00:00:00-04:00,6.088507020734579,6.113757413374555,6.075881523406168,6.101131916046143,82200,0.0,0.0
2014-03-31 00:00:00-04:00,6.107442056349356,6.151630074093321,6.107442056349356,6.139005184173584,94000,0.0,0.0
2014-04-01 00:00:00-04:00,6.145318380272732,6.189507007598877,6.145318380272732,6.189507007598877,72800,0.0,0.0
2014-04-02 00:00:00-04:00,6.195819524788053,6.227382659912109,6.189507379376625,6.227382659912109,114100,0.0,0.0
2014-04-03 00:00:00-04:00,6.233694590500782,6.233694590500782,6.183193821726412,6.198975086212158,108000,0.0,0.0
2014-04-04 00:00:00-04:00,6.2273827183846535,6.2684149750362215,6.139006661627557,6.164257049560547,121300,0.0,0.0
2014-04-07 00:00:00-04:00,6.123226089947211,6.135851587596441,6.088507175445557,6.088507175445557,152700,0.0,0.0
2014-04-08 00:00:00-04:00,6.069568023483567,6.1137566566467285,6.066411649542143,6.1137566566467285,147300,0.0,0.0
2014-04-09 00:00:00-04:00,6.151629737113137,6.164255228357853,6.120066611017906,6.154786109924316,136200,0.0,0.0
2014-04-10 00:00:00-04:00,6.161098887502822,6.167411633157923,6.09481626215739,6.1200666427612305,224200,0.0,0.0
2014-04-11 00:00:00-04:00,6.107444432211487,6.110600806423433,6.0569436488540065,6.079037666320801,69400,0.0,0.0
2014-04-14 00:00:00-04:00,6.094818403285286,6.129537914568846,6.066411639874515,6.09797477722168,91700,0.0,0.0
2014-04-15 00:00:00-04:00,6.113756557289535,6.13585057250367,6.047473909630366,6.107443809509277,60700,0.0,0.0
2014-04-16 00:00:00-04:00,6.135849587300439,6.255788765783455,6.123224093767139,6.2463202476501465,319100,0.0,0.0
2014-04-17 00:00:00-04:00,6.246321091429873,6.246321091429873,6.214757955349606,6.224226474761963,70800,0.0,0.0
2014-04-21 00:00:00-04:00,6.236851970000768,6.240008343810469,6.211601581539905,6.224226474761963,54600,0.0,0.0
2014-04-22 00:00:00-04:00,6.227384229357821,6.268416495965199,6.227384229357821,6.258947372436523,69100,0.0,0.0
2014-04-23 00:00:00-04:00,6.258947372436523,6.265260121455641,6.233696978376938,6.258947372436523,83400,0.0,0.0
2014-04-24 00:00:00-04:00,6.284195473518687,6.284195473518687,6.2494759685988805,6.265257835388184,46900,0.0,0.0
2014-04-25 00:00:00-04:00,6.2589437917613555,6.2589437917613555,6.221067921331919,6.236849784851074,43800,0.0,0.0
2014-04-28 00:00:00-04:00,6.236850926656925,6.262101310893729,6.189506531465,6.233694553375244,75700,0.0,0.0
2014-04-29 00:00:00-04:00,6.25263420303387,6.262103325925908,6.236852933563982,6.240009307861328,55500,0.0,0.0
2014-04-30 00:00:00-04:00,6.246320247650147,6.25263239240013,6.208444369066914,6.2463202476501465,78000,0.0,0.0
2014-05-01 00:00:00-04:00,6.258944937612047,6.2684140574570915,6.2179132889834845,6.233694553375244,94800,0.0,0.0
2014-05-02 00:00:00-04:00,6.249474657671339,6.258943775758622,6.205286643963756,6.221067905426025,65500,0.0,0.0
2014-05-05 00:00:00-04:00,6.211600542420122,6.233694553375244,6.198975049293396,6.233694553375244,62400,0.0,0.0
2014-05-06 00:00:00-04:00,6.249474657671339,6.249474657671339,6.214755762051039,6.221067905426025,49600,0.0,0.0
2014-05-07 00:00:00-04:00,6.233696593754569,6.249477863311768,6.20213345262333,6.249477863311768,69200,0.0,0.0
2014-05-08 00:00:00-04:00,6.2557885643303655,6.2684140574570915,6.214756915701803,6.233694553375244,50800,0.0,0.0
2014-05-09 00:00:00-04:00,6.243165682158674,6.243165682158674,6.202133418310019,6.240009307861328,56700,0.0,0.0
2014-05-12 00:00:00-04:00,6.243164622319841,6.281039903424606,6.227382753512241,6.277883529663086,45900,0.0,0.0
2014-05-13 00:00:00-04:00,6.268413832520059,6.28419509634552,6.255788339846389,6.271570205688477,56100,0.0,0.0
2014-05-14 00:00:00-04:00,6.277882726802965,6.281039100160826,6.255788715314602,6.265257835388184,48400,0.0,0.0
2014-05-15 00:00:00-04:00,6.265256537169018,6.268412909872849,6.208443032533132,6.236849784851074,50700,0.0,0.0
2014-05-16 00:00:00-04:00,6.230539555791294,6.262102693560574,6.230539555791294,6.252633571624756,47700,0.0,0.0
2014-05-19 00:00:00-04:00,6.252633428509912,6.2810401916503915,6.240008534901237,6.281040191650391,70700,0.0,0.0
2014-05-20 00:00:00-04:00,6.277884595395796,6.277884595395796,6.2242274363745995,6.240009307861328,82800,0.0,0.0
2014-05-21 00:00:00-04:00,6.24947648076022,6.281039614908849,6.24947648076022,6.274726867675781,52800,0.0,0.0
2014-05-22 00:00:00-04:00,6.2810415707485525,6.315761089324951,6.274728821549772,6.315761089324951,35100,0.0,0.0
2014-05-23 00:00:00-04:00,6.315757415415565,6.344164168268824,6.312601042652252,6.331538677215576,62700,0.0,0.0
2014-05-27 00:00:00-04:00,6.3346964423360355,6.366259574890138,6.3346964423360355,6.366259574890137,53100,0.0,0.0
2014-05-28 00:00:00-04:00,6.356792457119017,6.3883555996165535,6.344167561330124,6.372574329376221,85200,0.0,0.0
2014-05-29 00:00:00-04:00,6.39150885345786,6.39150885345786,6.353632980550075,6.378883361816406,57800,0.0,0.0
2014-05-30 00:00:00-04:00,6.36626113884392,6.385198782221984,6.353635641913991,6.382042407989502,58200,0.0,0.0
2014-06-02 00:00:00-04:00,6.372573887308884,6.385198782221984,6.356792016146473,6.382042407989502,39800,0.0,0.0
2014-06-03 00:00:00-04:00,6.363102099281165,6.388352480547496,6.363102099281165,6.378883361816406,60900,0.0,0.0
2014-06-04 00:00:00-04:00,6.369417145179764,6.404136657714844,6.369417145179764,6.404136657714844,43600,0.0,0.0
2014-06-05 00:00:00-04:00,6.38835246270102,6.435696852191057,6.378883343996383,6.429384708404541,58900,0.0,0.0
2014-06-06 00:00:00-04:00,6.426229238418337,6.457791767835329,6.426229238418337,6.4483232498168945,47500,0.0,0.0
2014-06-09 00:00:00-04:00,6.435694881303825,6.457788882831935,6.419913623645573,6.4325385093688965,63100,0.0,0.0
2014-06-10 00:00:00-04:00,6.426231894632794,6.4357004165649405,6.400981499452223,6.435700416564941,63300,0.0,0.0
2014-06-11 00:00:00-04:00,6.432543720586356,6.432543720586356,6.407293326667134,6.423075199127197,81500,0.0,0.0
2014-06-12 00:00:00-04:00,6.439075066372443,6.44227486459335,6.394269955877826,6.407071590423584,83200,0.28,0.0
2014-06-13 00:00:00-04:00,6.419873359607862,6.451876839270864,6.394270697960581,6.423073768615723,78300,0.0,0.0
2014-06-16 00:00:00-04:00,6.416672205917369,6.448675681866229,6.365466888565406,6.407071590423584,70400,0.0,0.0
2014-06-17 00:00:00-04:00,6.384670081352602,6.426274177623583,6.381469672344742,6.423073768615723,45600,0.0,0.0
2014-06-18 00:00:00-04:00,6.407071541352801,6.448675632476807,6.407071541352801,6.448675632476807,59200,0.0,0.0
2014-06-19 00:00:00-04:00,6.432673955409628,6.44867538744573,6.429473546919306,6.442274570465088,76100,0.0,0.0
2014-06-20 00:00:00-04:00,6.4454735637769875,6.461475602715162,6.435872950829453,6.455074787139893,87200,0.0,0.0
2014-06-23 00:00:00-04:00,6.44227633451561,6.464679200082306,6.426274898097929,6.4294753074646,107500,0.0,0.0
2014-06-24 00:00:00-04:00,6.423074001689149,6.464678709885439,6.403872157360814,6.416673183441162,104600,0.0,0.0
2014-06-25 00:00:00-04:00,6.416672156773056,6.451876041088735,6.410271949964729,6.448675632476807,87700,0.0,0.0
2014-06-26 00:00:00-04:00,6.458277702331543,6.458277702331543,6.423073813415142,6.458277702331543,79100,0.0,0.0
2014-06-27 00:00:00-04:00,6.442274461337181,6.455076095081616,6.429473438008241,6.451875686645508,74200,0.0,0.0
2014-06-30 00:00:00-04:00,6.432672436389943,6.4838777393123905,6.432672436389943,6.4646759033203125,85600,0.0,0.0
2014-07-01 00:00:00-04:00,6.455076376995243,6.49348066949029,6.455076376995243,6.480679035186768,96500,0.0,0.0
2014-07-02 00:00:00-04:00,6.471077895102269,6.477478712338744,6.458276871044849,6.461477279663086,110900,0.0,0.0
2014-07-03 00:00:00-04:00,6.474276558827094,6.5062800259686275,6.474276558827094,6.4870781898498535,45300,0.0,0.0
2014-07-07 00:00:00-04:00,6.493481269644812,6.503081885844263,6.464678200215308,6.483880043029785,47500,0.0,0.0
2014-07-08 00:00:00-04:00,6.483879516792484,6.483879516792484,6.423072973996912,6.448675632476807,64100,0.0,0.0
2014-07-09 00:00:00-04:00,6.4678774008832445,6.480679035186768,6.455076376995243,6.480679035186768,48200,0.0,0.0
2014-07-10 00:00:00-04:00,6.429473438008241,6.471077526846665,6.403870780934866,6.451875686645508,66900,0.0,0.0
2014-07-11 00:00:00-04:00,6.4422753381135776,6.483880043029785,6.432674721914128,6.483880043029785,36000,0.0,0.0
2014-07-14 00:00:00-04:00,6.509481430053711,6.535084085602562,6.474277549768245,6.509481430053711,71300,0.0,0.0
2014-07-15 00:00:00-04:00,6.512682523450906,6.535084773110994,6.477478639461896,6.493480682373047,59000,0.0,0.0
2014-07-16 00:00:00-04:00,6.522282600402832,6.528683417038939,6.503080760909982,6.522282600402832,64100,0.0,0.0
2014-07-17 00:00:00-04:00,6.519081613977334,6.522281411296547,6.458275087851167,6.4646759033203125,57100,0.0,0.0
2014-07-18 00:00:00-04:00,6.487079889161596,6.509482138904403,6.471077846191359,6.503081321716309,63500,0.0,0.0
2014-07-21 00:00:00-04:00,6.493479005361233,6.5062800259686275,6.477476966582783,6.4870781898498535,43000,0.0,0.0
2014-07-22 00:00:00-04:00,6.509482188282739,6.538285255432129,6.509482188282739,6.538285255432129,51200,0.0,0.0
2014-07-23 00:00:00-04:00,6.551084764687742,6.560685988322632,6.538283743589944,6.557485580444336,37100,0.0,0.0
2014-07-24 00:00:00-04:00,6.5606875053448706,6.563887913963195,6.528684029577156,6.538285255432129,51800,0.0,0.0
2014-07-25 00:00:00-04:00,6.531884278722342,6.541485504342905,6.509482029356541,6.5126824378967285,65400,0.0,0.0
2014-07-28 00:00:00-04:00,6.525483461641966,6.538285095802717,6.5126824378967285,6.5126824378967285,44400,0.0,0.0
2014-07-29 00:00:00-04:00,6.522283162865069,6.538285205835305,6.496680504528213,6.503081321716309,51800,0.0,0.0
2014-07-30 00:00:00-04:00,6.535085129971154,6.538285538728148,6.480679401933363,6.490280628204346,84800,0.0,0.0
2014-07-31 00:00:00-04:00,6.448675000207514,6.458276225101932,6.352665192925206,6.359066009521484,112000,0.0,0.0
2014-08-01 00:00:00-04:00,6.365464997719948,6.378266628463012,6.327061326321457,6.33986234664917,106500,0.0,0.0
2014-08-04 00:00:00-04:00,6.368666403227419,6.371866811414614,6.307859868501596,6.362265586853027,69700,0.0,0.0
2014-08-05 00:00:00-04:00,6.346264924681194,6.362266357139036,6.298260016892152,6.327063083648682,67700,0.0,0.0
2014-08-06 00:00:00-04:00,6.30785991196282,6.346264200058325,6.298259297750531,6.320661544799805,48100,0.0,0.0
2014-08-07 00:00:00-04:00,6.336664944515914,6.352666990534698,6.275859000891458,6.279059410095215,52100,0.0,0.0
2014-08-08 00:00:00-04:00,6.304661187371345,6.333464255742075,6.279058527754647,6.3238630294799805,67400,0.0,0.0
2014-08-11 00:00:00-04:00,6.320661623204561,6.368666526107833,6.320661623204561,6.365466117858887,46600,0.0,0.0
2014-08-12 00:00:00-04:00,6.343064552991657,6.3686672113223946,6.339864144398374,6.349465370178223,37500,0.0,0.0
2014-08-13 00:00:00-04:00,6.368666104780777,6.400669574737549,6.35586508304732,6.400669574737549,42000,0.0,0.0
2014-08-14 00:00:00-04:00,6.407068881032765,6.426270714315888,6.403868473749699,6.419869899749756,56500,0.0,0.0
2014-08-15 00:00:00-04:00,6.432673931121826,6.458276588532226,6.4166718887306375,6.432673931121826,80600,0.0,0.0
2014-08-18 00:00:00-04:00,6.461478853348586,6.487081518114454,6.461478853348586,6.474279880523682,41900,0.0,0.0
2014-08-19 00:00:00-04:00,6.4902802977556435,6.506281730310356,6.477478663379454,6.503081321716309,48900,0.0,0.0
2014-08-20 00:00:00-04:00,6.487079182750399,6.5318836773570235,6.487079182750399,6.509481430053711,41200,0.0,0.0
2014-08-21 00:00:00-04:00,6.525483766678454,6.567088469230211,6.509482333645036,6.55108642578125,128500,0.0,0.0
2014-08-22 00:00:00-04:00,6.547884356809446,6.570287211957522,6.544684559346537,6.557485580444336,55800,0.0,0.0
2014-08-25 00:00:00-04:00,6.576687704930796,6.599090561058663,6.54788464318181,6.586288928985596,48600,0.0,0.0
2014-08-26 00:00:00-04:00,6.589489337003863,6.589489337003863,6.576687704930796,6.586288928985596,76600,0.0,0.0
2014-08-27 00:00:00-04:00,6.602290358661516,6.602290358661516,6.563886683273143,6.586288928985596,100900,0.0,0.0
2014-08-28 00:00:00-04:00,6.58309028219302,6.58309028219302,6.557487621612621,6.573489665985107,62400,0.0,0.0
2014-08-29 00:00:00-04:00,6.5734896659851065,6.576689464444026,6.5670888482361125,6.573489665985107,64300,0.0,0.0
2014-09-02 00:00:00-04:00,6.573489176506416,6.5894906092718175,6.55108631605311,6.56068754196167,91400,0.0,0.0
2014-09-03 00:00:00-04:00,6.570286627381145,6.579887239746454,6.547883774226312,6.567086219787598,81600,0.0,0.0
2014-09-04 00:00:00-04:00,6.560687591662987,6.57988943321004,6.515883091248016,6.519083499908447,90100,0.0,0.0
2014-09-05 00:00:00-04:00,6.509480683100662,6.557485580444336,6.4934792541245665,6.557485580444336,82500,0.0,0.0
2014-09-08 00:00:00-04:00,6.611893252170404,6.640696321191951,6.541486089237491,6.57988977432251,177200,0.0,0.0
2014-09-09 00:00:00-04:00,6.570289956537377,6.570289956537377,6.5350860655859275,6.554287910461426,95100,0.0,0.0
2014-09-10 00:00:00-04:00,6.554289609526483,6.58309268951416,6.538288169718131,6.58309268951416,115400,0.0,0.0
2014-09-11 00:00:00-04:00,6.566786576795411,6.596131751166541,6.557005266607873,6.586350440979004,148500,0.38,0.0
2014-09-12 00:00:00-04:00,6.57330857797015,6.622216999926505,6.530921444782462,6.547224044799805,72400,0.0,0.0
2014-09-15 00:00:00-04:00,6.53092165119557,6.547224251728165,6.501576472713422,6.51135778427124,131600,0.0,0.0
2014-09-16 00:00:00-04:00,6.491794193903545,6.586351013294572,6.491794193903545,6.576569080352783,137700,0.0,0.0
2014-09-17 00:00:00-04:00,6.586350428363302,6.618955624798319,6.563525920192828,6.6026530265808105,107300,0.0,0.0
2014-09-18 00:00:00-04:00,6.599392827417459,6.62547735946637,6.592871538929156,6.605914115905762,72500,0.0,0.0
2014-09-19 00:00:00-04:00,6.6287381314269975,6.6287381314269975,6.579829710631004,6.59287166595459,76000,0.0,0.0
2014-09-22 00:00:00-04:00,6.586351538360805,6.592872205604182,6.540703136230994,6.557006359100342,60200,0.0,0.0
2014-09-23 00:00:00-04:00,6.5439605712890625,6.560263786162423,6.537439285339718,6.5439605712890625,94700,0.0,0.0
2014-09-24 00:00:00-04:00,6.534184251373664,6.586353334977464,6.53092360591036,6.58309268951416,63000,0.0,0.0
2014-09-25 00:00:00-04:00,6.5798285975468245,6.5798285975468245,6.491793081864078,6.514616966247559,94300,0.0,0.0
2014-09-26 00:00:00-04:00,6.514615315506471,6.553742408752441,6.514615315506471,6.553742408752441,104100,0.0,0.0
2014-09-29 00:00:00-04:00,6.530920738986542,6.530920738986542,6.465709102155932,6.491793632507324,115500,0.0,0.0
2014-09-30 00:00:00-04:00,6.475490062176513,6.501574588612197,6.455926200921624,6.478750705718994,90100,0.0,0.0
2014-10-01 00:00:00-04:00,6.459187626337214,6.475490846023097,6.397237257243584,6.416800498962402,147900,0.0,0.0
2014-10-02 00:00:00-04:00,6.39723369360663,6.410275640185961,6.29615565357332,6.374409198760986,163800,0.0,0.0
2014-10-03 00:00:00-04:00,6.384196040776892,6.4331044664393255,6.3646327948927945,6.423323154449463,105700,0.0,0.0
2014-10-06 00:00:00-04:00,6.426581382751464,6.44614524507733,6.4037574986088215,6.426581382751465,163700,0.0,0.0
2014-10-07 00:00:00-04:00,6.407020915107615,6.439626744524074,6.390718311351621,6.420063495635986,265700,0.0,0.0
2014-10-08 00:00:00-04:00,6.403759877902819,6.521140607853601,6.367894027454637,6.517879962921143,182300,0.0,0.0
2014-10-09 00:00:00-04:00,6.498314687629935,6.517877929216143,6.413539811550721,6.436363697052002,122100,0.0,0.0
2014-10-10 00:00:00-04:00,6.4494079165131435,6.459189228847152,6.345069150350012,6.371154308319092,101700,0.0,0.0
2014-10-13 00:00:00-04:00,6.371153961364703,6.446146920728722,6.237470021670789,6.250512599945068,64500,0.0,0.0
2014-10-14 00:00:00-04:00,6.270075257647312,6.30594172263482,6.227688126038322,6.276596546173096,96700,0.0,0.0
2014-10-15 00:00:00-04:00,6.208123056442888,6.208123056442888,5.992924951715831,6.142911434173584,261400,0.0,0.0
2014-10-16 00:00:00-04:00,6.0809631989600215,6.273336887359619,6.058139307438782,6.273336887359619,224100,0.0,0.0
2014-10-17 00:00:00-04:00,6.322245136911771,6.380935497399753,6.273336710473248,6.305942535400391,80900,0.0,0.0
2014-10-20 00:00:00-04:00,6.3059408934812105,6.358109951019287,6.29289831814458,6.358109951019287,89600,0.0,0.0
2014-10-21 00:00:00-04:00,6.3711523052074455,6.436363313914397,6.3711523052074455,6.426581382751465,129400,0.0,0.0
2014-10-22 00:00:00-04:00,6.449407164433713,6.4885336530159154,6.429843298238288,6.442885875701904,113400,0.0,0.0
2014-10-23 00:00:00-04:00,6.501575915087924,6.527660446845473,6.478752027538106,6.504836559295654,85200,0.0,0.0
2014-10-24 00:00:00-04:00,6.517878977295232,6.534182199492171,6.495055088123855,6.521139621734619,64300,0.0,0.0
2014-10-27 00:00:00-04:00,6.508096504857358,6.530921014042328,6.491793905915236,6.527660369873047,57800,0.0,0.0
2014-10-28 00:00:00-04:00,6.527661259295832,6.547224505072815,6.514618680841597,6.534182548522949,123400,0.0,0.0
2014-10-29 00:00:00-04:00,6.553742777599936,6.615693752932664,6.53091889771527,6.596129894256592,89700,0.0,0.0
2014-10-30 00:00:00-04:00,6.5570048116078965,6.631997753395025,6.540701592586205,6.599391937255859,72900,0.0,0.0
2014-10-31 00:00:00-04:00,6.641780824644571,6.726555090489128,6.6287382471889025,6.674386024475098,92200,0.0,0.0
2014-11-03 00:00:00-05:00,6.687430631093546,6.710254526662084,6.6287402585433,6.648303508758545,82700,0.0,0.0
2014-11-04 00:00:00-05:00,6.625476925537672,6.635258857629468,6.586350440979004,6.586350440979004,93600,0.0,0.0
2014-11-05 00:00:00-05:00,6.625477726958089,6.635259660233113,6.6091751267373855,6.6319990158081055,80000,0.0,0.0
2014-11-06 00:00:00-05:00,6.641780363253378,6.658082962036133,6.612435187920997,6.658082962036133,64500,0.0,0.0
2014-11-07 00:00:00-05:00,6.638522194603178,6.664606735525009,6.6254796131900076,6.648303508758545,81900,0.0,0.0
2014-11-10 00:00:00-05:00,6.658082930402012,6.693949393838796,6.635259043452885,6.661343574523926,84400,0.0,0.0
2014-11-11 00:00:00-05:00,6.641779719725979,6.690688133239746,6.641779719725979,6.690688133239746,53300,0.0,0.0
2014-11-12 00:00:00-05:00,6.654821034570697,6.72329330444336,6.641779082440383,6.723293304443359,95600,0.0,0.0
2014-11-13 00:00:00-05:00,6.726555251579993,6.742858473790016,6.700470717948292,6.736337184906006,75700,0.0,0.0
2014-11-14 00:00:00-05:00,6.742857550730819,6.742857550730819,6.706991088683021,6.7330756187438965,81600,0.0,0.0
2014-11-17 00:00:00-05:00,6.710251374264409,6.733075259110552,6.6874274894182655,6.690688133239746,104000,0.0,0.0
2014-11-18 00:00:00-05:00,6.697210113671371,6.768942419451584,6.697210113671371,6.762421131134033,65900,0.0,0.0
2014-11-19 00:00:00-05:00,6.76242108630495,6.7852449733607925,6.726554622700466,6.781984329223633,83900,0.0,0.0
2014-11-20 00:00:00-05:00,6.73959604550611,6.834152221679688,6.680905704892908,6.8341522216796875,80200,0.0,0.0
2014-11-21 00:00:00-05:00,6.883064021487068,6.8961059791436226,6.824373657271513,6.830894947052002,95100,0.0,0.0
2014-11-24 00:00:00-05:00,6.82763039012608,6.866756862581825,6.82763039012608,6.856975555419922,58500,0.0,0.0
2014-11-25 00:00:00-05:00,6.870018699799617,6.9124064445495605,6.8667580562108395,6.9124064445495605,48200,0.0,0.0
2014-11-26 00:00:00-05:00,6.89610487819187,6.97435847735141,6.89610487819187,6.967837810516357,78200,0.0,0.0
2014-11-28 00:00:00-05:00,6.925450372130515,6.961316839931975,6.902626482403897,6.905887126922607,34600,0.0,0.0
2014-12-01 00:00:00-05:00,6.870020112952189,6.912407866421228,6.801548449215854,6.804809093475342,50300,0.0,0.0
2014-12-02 00:00:00-05:00,6.80154741088634,6.84719517974194,6.781983548316048,6.843934535980225,45000,0.0,0.0
2014-12-03 00:00:00-05:00,6.8406748137404065,6.889583232946279,6.821111570438916,6.847196102142334,76600,0.0,0.0
2014-12-04 00:00:00-05:00,6.8341529744672975,6.873280079820706,6.821111020618989,6.870019435882568,67000,0.0,0.0
2014-12-05 00:00:00-05:00,6.850455656467505,6.879800827703207,6.850455656467505,6.876540184020996,48500,0.0,0.0
2014-12-08 00:00:00-05:00,6.853714912397932,6.879799434669784,6.834151054265993,6.856975555419922,58500,0.0,0.0
2014-12-09 00:00:00-05:00,6.749377545052025,6.81458854675293,6.733074328198698,6.81458854675293,66600,0.0,0.0
2014-12-10 00:00:00-05:00,6.781983939797975,6.8048084474475,6.73307552435748,6.742857456207275,88800,0.0,0.0
2014-12-11 00:00:00-05:00,6.759160695746815,6.8406749365211015,6.742858096353679,6.804809093475342,62300,0.0,0.0
2014-12-12 00:00:00-05:00,6.775462783541913,6.840673792109273,6.752638277543928,6.759159564971924,100500,0.0,0.0
2014-12-15 00:00:00-05:00,6.808067548050795,6.808067548050795,6.7037294433916506,6.723293304443359,80900,0.0,0.0
2014-12-16 00:00:00-05:00,6.658082962036133,6.7493791321706835,6.586350656726022,6.658082962036133,87900,0.0,0.0
2014-12-17 00:00:00-05:00,6.671124502004866,6.7493787126297935,6.651561260300754,6.746118068695068,73800,0.0,0.0
2014-12-18 00:00:00-05:00,6.8243700910778236,6.886321067810059,6.788503637932199,6.886321067810059,90000,0.0,0.0
2014-12-19 00:00:00-05:00,6.909146925353562,6.912407569472976,6.876541106063691,6.8798017501831055,70200,0.0,0.0
2014-12-22 00:00:00-05:00,6.90262602359388,6.918928623199463,6.8895834463859655,6.918928623199463,58500,0.0,0.0
2014-12-23 00:00:00-05:00,6.918930843083564,6.958057965356624,6.918930843083564,6.935234069824219,73200,0.0,0.0
2014-12-24 00:00:00-05:00,6.978388958043599,6.981708914527289,6.9485099829073445,6.968429088592529,45200,0.38,0.0
2014-12-26 00:00:00-05:00,6.988350822485026,6.994990737949572,6.93191280747077,6.95515251159668,49200,0.0,0.0
2014-12-29 00:00:00-05:00,7.0667303065824205,7.08025545908039,6.988962614463398,6.992343902587891,72800,0.38,0.0
2014-12-30 00:00:00-05:00,6.958531451162017,6.992343686447,6.917956639837087,6.95176887512207,81300,0.0,0.0
2014-12-31 00:00:00-05:00,6.978818750089921,7.049824510874726,6.9450071586745326,6.992343902587891,100400,0.0,0.0
2015-01-02 00:00:00-05:00,7.029539583323895,7.036301516732307,6.904434464001284,6.95515251159668,68600,0.0,0.0
2015-01-05 00:00:00-05:00,6.945009001430213,6.95177093455861,6.782710352964865,6.816522598266602,172000,0.0,0.0
2015-01-06 00:00:00-05:00,6.857098643729477,6.8706231573116385,6.694799966338178,6.762424468994141,283400,0.0,0.0
2015-01-07 00:00:00-05:00,6.853713924781618,6.853713924781618,6.7725649491471875,6.782708168029785,191600,0.0,0.0
2015-01-08 00:00:00-05:00,6.840187702901012,6.8875250816345215,6.826663198201888,6.8875250816345215,187000,0.0,0.0
2015-01-09 00:00:00-05:00,6.904433300167001,6.904433300167001,6.8368088181621705,6.884146213531494,71800,0.0,0.0
2015-01-12 00:00:00-05:00,6.897670548552915,6.897670548552915,6.823284136160596,6.8401899337768555,56300,0.0,0.0
2015-01-13 00:00:00-05:00,6.870619484228277,6.934862662915063,6.81990145680806,6.8368072509765625,95200,0.0,0.0
2015-01-14 00:00:00-05:00,6.7928522124755295,6.826664447784424,6.748896113099542,6.826664447784424,110700,0.0,0.0
2015-01-15 00:00:00-05:00,6.816520965452065,6.843570626231049,6.752277779258931,6.759040355682373,86000,0.0,0.0
2015-01-16 00:00:00-05:00,6.769183689677666,6.860476529493291,6.769183689677666,6.857095241546631,89200,0.0,0.0
2015-01-20 00:00:00-05:00,6.894290058583488,6.894290058583488,6.78947268240947,6.870621681213379,59700,0.0,0.0
2015-01-21 00:00:00-05:00,6.843570957192655,6.914576723243137,6.819902583480766,6.880764484405518,58100,0.0,0.0
2015-01-22 00:00:00-05:00,6.934865421541515,6.958533800758369,6.890909307354531,6.95515251159668,93700,0.0,0.0
2015-01-23 00:00:00-05:00,6.93824474780857,6.982200204645177,6.931482171398389,6.94500732421875,49300,0.0,0.0
2015-01-26 00:00:00-05:00,6.955148844633332,6.961911419391276,6.921336615758235,6.924717903137207,66900,0.0,0.0
2015-01-27 00:00:00-05:00,6.860476265693058,6.877382059861561,6.8368072509765625,6.8368072509765625,70000,0.0,0.0
2015-01-28 00:00:00-05:00,6.8773823524119715,6.8773823524119715,6.7455153465271,6.7455153465271,76600,0.0,0.0
2015-01-29 00:00:00-05:00,6.759040047995943,6.819901943206787,6.704940728900693,6.819901943206787,78500,0.0,0.0
2015-01-30 00:00:00-05:00,6.775945292131237,6.8232820267545655,6.762420142287634,6.765801429748535,47400,0.0,0.0
2015-02-02 00:00:00-05:00,6.765804678117987,6.819904013637061,6.759042099949365,6.789473056793213,90100,0.0,0.0
2015-02-03 00:00:00-05:00,6.796233500497894,6.857095395070955,6.7928522124755295,6.826664447784424,220800,0.0,0.0
2015-02-04 00:00:00-05:00,6.823281905431974,6.877381214015181,6.806375468428079,6.809756755828857,136900,0.0,0.0
2015-02-05 00:00:00-05:00,6.813140198564836,6.85371501529539,6.813140198564836,6.846952438354492,163900,0.0,0.0
2015-02-06 00:00:00-05:00,6.840190549239872,6.850334415671251,6.7962350845336905,6.796235084533691,331600,0.0,0.0
2015-02-09 00:00:00-05:00,6.782711561824908,6.799618009946426,6.745518665787676,6.762424468994141,187200,0.0,0.0
2015-02-10 00:00:00-05:00,6.782706563300106,6.806374928312743,6.755656911155009,6.799612998962402,156000,0.0,0.0
2015-02-11 00:00:00-05:00,6.802997786869861,6.809759719699845,6.762422965315409,6.769185543060303,94600,0.0,0.0
2015-02-12 00:00:00-05:00,6.8097580790333945,6.823283231264584,6.792852283659162,6.819901943206787,116000,0.0,0.0
2015-02-13 00:00:00-05:00,6.833427601712208,6.877383708953858,6.8232843807448,6.877383708953857,54300,0.0,0.0
2015-02-17 00:00:00-05:00,6.877381219424206,6.8875250816345215,6.830044485605327,6.8875250816345215,74500,0.0,0.0
2015-02-18 00:00:00-05:00,6.870618644617329,6.904430873737084,6.86723735721389,6.8875250816345215,49800,0.0,0.0
2015-02-19 00:00:00-05:00,6.887525144275881,6.9213367287885195,6.8773812819733084,6.897668361663818,82100,0.0,0.0
2015-02-20 00:00:00-05:00,6.880764388091669,6.931482423180762,6.8773830997637555,6.9213385581970215,40100,0.0,0.0
2015-02-23 00:00:00-05:00,6.921338962560901,6.945007982239106,6.907814453373913,6.928101539611816,76900,0.0,0.0
2015-02-24 00:00:00-05:00,6.924720677125184,6.965295497012175,6.901052300905641,6.948389053344727,50500,0.0,0.0
2015-02-25 00:00:00-05:00,6.955149544282852,6.968674695159296,6.945006326040209,6.9652934074401855,44800,0.0,0.0
2015-02-26 00:00:00-05:00,6.965293336648332,6.982199130157375,6.951768185909351,6.972055912017822,62200,0.0,0.0
2015-02-27 00:00:00-05:00,6.972056424499449,6.98219964338458,6.955149984833014,6.968675136566162,38700,0.0,0.0
2015-03-02 00:00:00-05:00,6.951770672654321,6.968677117125718,6.941627450886397,6.961914539337158,79100,0.0,0.0
2015-03-03 00:00:00-05:00,6.965296379081745,6.972058957405122,6.917958975733073,6.95515251159668,63200,0.0,0.0
2015-03-04 00:00:00-05:00,6.931481791916979,6.95176887512207,6.904432132671942,6.95176887512207,83700,0.0,0.0
2015-03-05 00:00:00-05:00,6.968674624333078,6.995724280896356,6.945006255454545,6.972055912017822,92900,0.0,0.0
2015-03-06 00:00:00-05:00,6.951768044545923,6.968674482625858,6.887525514586179,6.907812595367432,72600,0.0,0.0
2015-03-09 00:00:00-04:00,6.907812560057547,6.924718353136397,6.867237753787774,6.91119384765625,72300,0.0,0.0
2015-03-10 00:00:00-04:00,6.863857326200935,6.894288273487465,6.816520583717331,6.826664447784424,56600,0.0,0.0
2015-03-11 00:00:00-04:00,6.813141309244934,6.840190976503336,6.796235509051535,6.816522598266602,71200,0.0,0.0
2015-03-12 00:00:00-04:00,6.826861016109687,6.868215335814307,6.7923991925732725,6.819969177246094,184500,0.38,0.0
2015-03-13 00:00:00-04:00,6.795845874402866,6.816523364227225,6.713137887019394,6.771722793579102,153100,0.0,0.0
2015-03-16 00:00:00-04:00,6.78895229444971,6.844090938568115,6.785506047029249,6.844090938568115,110100,0.0,0.0
2015-03-17 00:00:00-04:00,6.806180746080476,6.830303813176379,6.768272693613038,6.826857566833496,57800,0.0,0.0
2015-03-18 00:00:00-04:00,6.806183393150384,6.923353185161133,6.806183393150384,6.8854451179504395,107700,0.0,0.0
2015-03-19 00:00:00-04:00,6.857875347137451,6.881998422044204,6.844091014606947,6.857875347137451,53900,0.0,0.0
2015-03-20 00:00:00-04:00,6.875104904174804,6.899227973185947,6.857873671092322,6.875104904174805,72800,0.0,0.0
2015-03-23 00:00:00-04:00,6.8578754925269285,6.895783558072344,6.854429244995117,6.854429244995117,75400,0.0,0.0
2015-03-24 00:00:00-04:00,6.861323060122036,6.888892388376134,6.830307483673096,6.830307483673096,61800,0.0,0.0
2015-03-25 00:00:00-04:00,6.847538204544007,6.850983795172506,6.782060808424607,6.7889533042907715,93100,0.0,0.0
2015-03-26 00:00:00-04:00,6.757935746953062,6.788951311944114,6.70968894735343,6.768273830413818,81100,0.0,0.0
2015-03-27 00:00:00-04:00,6.788951264000466,6.8234124183654785,6.761381946125824,6.8234124183654785,107700,0.0,0.0
2015-03-30 00:00:00-04:00,6.8682148986836316,6.875107394413161,6.840645573070084,6.861322402954102,108400,0.0,0.0
2015-03-31 00:00:00-04:00,6.854426880272284,6.854426880272284,6.823411320490613,6.826857566833496,47100,0.0,0.0
2015-04-01 00:00:00-04:00,6.8371992111206055,6.8371992111206055,6.778614313006288,6.8371992111206055,118200,0.0,0.0
2015-04-02 00:00:00-04:00,6.79584269074787,6.82341200696027,6.7923964440582765,6.80618143081665,99000,0.0,0.0
2015-04-06 00:00:00-04:00,6.792398760267949,6.864768650818866,6.7372601090408555,6.861322402954102,50600,0.0,0.0
2015-04-07 00:00:00-04:00,6.8785504934869675,6.899227973185947,6.823411862231691,6.875104904174805,84000,0.0,0.0
2015-04-08 00:00:00-04:00,6.885447208961341,6.895785955150677,6.861324125157625,6.892339706420898,75400,0.0,0.0
2015-04-09 00:00:00-04:00,6.89578204968414,6.94058194318911,6.892335802906163,6.937135696411133,122600,0.0,0.0
2015-04-10 00:00:00-04:00,6.95781319701623,6.978490020438975,6.937135716289119,6.975043773651123,98600,0.0,0.0
2015-04-13 00:00:00-04:00,6.975046190411938,6.9957230209989305,6.944030615879154,6.947476863861084,102200,0.0,0.0
2015-04-14 00:00:00-04:00,6.930244234175388,6.95436730561875,6.9164592463195245,6.950921058654785,57300,0.0,0.0
2015-04-15 00:00:00-04:00,6.957814265960194,7.009506661110853,6.954368018642888,6.9991679191589355,85200,0.0,0.0
2015-04-16 00:00:00-04:00,6.995722479545188,7.023291803962236,6.978491898273736,7.002614974975586,54100,0.0,0.0
2015-04-17 00:00:00-04:00,6.964705851534064,6.978490840304997,6.899229126785463,6.913013458251953,76900,0.0,0.0
2015-04-20 00:00:00-04:00,6.9474751014778295,6.975044421035106,6.940582607262404,6.944028854370117,50100,0.0,0.0
2015-04-21 00:00:00-04:00,6.968153694448076,6.978492438393869,6.91990753731023,6.947476863861084,63500,0.0,0.0
2015-04-22 00:00:00-04:00,6.968152668372901,6.975045163321828,6.930245260762793,6.9647064208984375,50800,0.0,0.0
2015-04-23 00:00:00-04:00,6.968152350607646,7.016399155745465,6.950921771325582,6.9991679191589355,63100,0.0,0.0
2015-04-24 00:00:00-04:00,7.0163999658363805,7.0163999658363805,6.992276889134532,7.002614974975586,70000,0.0,0.0
2015-04-27 00:00:00-04:00,7.023290608290921,7.026736855419418,6.950921390505781,6.954367637634277,77600,0.0,0.0
2015-04-28 00:00:00-04:00,6.954369005802618,7.016400151710401,6.9440302623831345,7.009507656097412,75900,0.0,0.0
2015-04-29 00:00:00-04:00,6.988829834511483,7.006060413793548,6.961260513277501,6.9991679191589355,64700,0.0,0.0
2015-04-30 00:00:00-04:00,6.98193708749773,6.988829581883196,6.90956721105922,6.913013458251953,75600,0.0,0.0
2015-05-01 00:00:00-04:00,6.940581321716309,6.954366307593881,6.919904500204254,6.940581321716309,59700,0.0,0.0
2015-05-04 00:00:00-04:00,6.957813552582716,6.988829117954011,6.940582317762887,6.950921058654785,96400,0.0,0.0
2015-05-05 00:00:00-04:00,6.9647049773387435,6.971597470859078,6.916458837305121,6.933690071105957,87600,0.0,0.0
2015-05-06 00:00:00-04:00,6.947477375302794,6.947477375302794,6.892338718142029,6.919908046722412,63100,0.0,0.0
2015-05-07 00:00:00-04:00,6.9267975775856225,6.947474400842267,6.909566343784785,6.933690071105957,55500,0.0,0.0
2015-05-08 00:00:00-04:00,6.978491938195157,7.019846253709574,6.978491938195157,7.012953758239746,45100,0.0,0.0
2015-05-11 00:00:00-04:00,7.012952207400064,7.012952207400064,6.961259817416674,6.988829135894775,80100,0.0,0.0
2015-05-12 00:00:00-04:00,6.971597569679216,6.9957206400379635,6.937135758893417,6.985382556915283,60300,0.0,0.0
2015-05-13 00:00:00-04:00,6.975046381840339,7.012954453377363,6.968153885687315,6.9922776222229,83200,0.0,0.0
2015-05-14 00:00:00-04:00,7.023290979948841,7.074984032307351,7.006060400698982,7.064645290374756,113400,0.0,0.0
2015-05-15 00:00:00-04:00,7.074984715380706,7.074984715380706,6.9922767438480795,7.00606107711792,79700,0.0,0.0
2015-05-18 00:00:00-04:00,6.98882849257982,7.019844055175781,6.961259176639448,7.019844055175781,77600,0.0,0.0
2015-05-19 00:00:00-04:00,7.0301829833676805,7.071537290904146,6.978490591925413,7.026736736297607,55300,0.0,0.0
2015-05-20 00:00:00-04:00,7.030180931091309,7.037073423219374,6.99916537381924,7.030180931091309,55600,0.0,0.0
2015-05-21 00:00:00-04:00,7.043967124460564,7.061197700434168,6.999166575242247,7.019844055175781,57800,0.0,0.0
2015-05-22 00:00:00-04:00,6.999168727260387,7.030184299392634,6.999168727260387,7.002614974975586,38700,0.0,0.0
2015-05-26 00:00:00-04:00,7.002612443556778,7.002612443556778,6.92679699314304,6.940581321716309,71700,0.0,0.0
2015-05-27 00:00:00-04:00,6.961261317002285,7.002614974975586,6.950922573856689,7.002614974975586,34700,0.0,0.0
2015-05-28 00:00:00-04:00,7.0060612627699195,7.01640000597466,6.985384433664985,7.012953758239746,46800,0.0,0.0
2015-05-29 00:00:00-04:00,6.9991668868469805,7.009505627274031,6.964705076061182,6.985382556915283,55700,0.0,0.0
2015-06-01 00:00:00-04:00,7.002614829474328,7.00606107711792,6.971599257986527,7.00606107711792,55300,0.0,0.0
2015-06-02 00:00:00-04:00,6.988831374146388,7.006061957224338,6.950923302609364,6.9922776222229,50200,0.0,0.0
2015-06-03 00:00:00-04:00,6.995722664871433,7.030184485631819,6.988830826563004,7.009507656097412,42200,0.0,0.0
2015-06-04 00:00:00-04:00,6.99227577637091,7.006060107733498,6.944028973340754,6.968152046203613,59700,0.0,0.0
2015-06-05 00:00:00-04:00,6.947474998606558,6.961259986833295,6.9267981735708695,6.957813739776611,34700,0.0,0.0
2015-06-08 00:00:00-04:00,6.933689072959659,6.9509196469756915,6.909565349111243,6.9233503341674805,37900,0.0,0.0
2015-06-09 00:00:00-04:00,6.90612289629808,6.92335347813871,6.8578760839961035,6.8785529136657715,56200,0.0,0.0
2015-06-10 00:00:00-04:00,6.875106053740774,6.940582778489375,6.875106053740774,6.913013458251953,94200,0.0,0.0
2015-06-11 00:00:00-04:00,6.9516525899778845,6.979754239856682,6.9516525899778845,6.9692158699035645,66100,0.38,0.0
2015-06-12 00:00:00-04:00,6.944628987272433,6.9586794812141735,6.913014538408049,6.934090614318848,48900,0.0,0.0
2015-06-15 00:00:00-04:00,6.913014072282735,6.93057735602476,6.881399625550025,6.920039653778076,48300,0.0,0.0
2015-06-16 00:00:00-04:00,6.913013381417504,6.927063873007697,6.905987800624278,6.923551082611084,88400,0.0,0.0
2015-06-17 00:00:00-04:00,6.944628519015444,6.955166221262128,6.909501281535063,6.920039653778076,102600,0.0,0.0
2015-06-18 00:00:00-04:00,6.948142842860606,6.997320584186338,6.920041180674977,6.993807792663574,86200,0.0,0.0
2015-06-19 00:00:00-04:00,7.000831067683035,7.000831067683035,6.930576600382139,6.94462776184082,51300,0.0,0.0
2015-06-22 00:00:00-04:00,6.979756570302821,6.993807064935398,6.934090955255031,6.95165491104126,64500,0.0,0.0
2015-06-23 00:00:00-04:00,6.962193351314965,6.990295013550482,6.923553314492451,6.979757308959961,53300,0.0,0.0
2015-06-24 00:00:00-04:00,6.976241857965827,6.976241857965827,6.951652996633013,6.96570348739624,47100,0.0,0.0
2015-06-25 00:00:00-04:00,6.976243779145575,6.979756570302821,6.930578164097785,6.95165491104126,61100,0.0,0.0
2015-06-26 00:00:00-04:00,6.969217854167759,6.969217854167759,6.898963374469935,6.934090614318848,135700,0.0,0.0
2015-06-29 00:00:00-04:00,6.9059876197503245,6.9059876197503245,6.754940986633301,6.754940986633301,123000,0.0,0.0
2015-06-30 00:00:00-04:00,6.772503708521373,6.811143054864129,6.754939760187281,6.779528617858887,121700,0.0,0.0
2015-07-01 00:00:00-04:00,6.814658233424275,6.835734308817327,6.768993291739936,6.81817102432251,114500,0.0,0.0
2015-07-02 00:00:00-04:00,6.814660293768052,6.84627475141412,6.754944170436207,6.786558628082275,118700,0.0,0.0
2015-07-06 00:00:00-04:00,6.751429159024177,6.776018694662704,6.712789800156312,6.740891456604004,64000,0.0,0.0
2015-07-07 00:00:00-04:00,6.761966435809558,6.786555297467651,6.695224761311715,6.772504806518555,96200,0.0,0.0
2015-07-08 00:00:00-04:00,6.723326344425745,6.7338647150269315,6.688199782414236,6.691711902618408,67300,0.0,0.0
2015-07-09 00:00:00-04:00,6.779529717654363,6.783042507891036,6.681174271012426,6.695224761962891,65300,0.0,0.0
2015-07-10 00:00:00-04:00,6.754939760187281,6.786554197192523,6.730350902515675,6.779528617858887,86800,0.0,0.0
2015-07-13 00:00:00-04:00,6.814656459475985,6.849783689317877,6.779529229634093,6.839245319366455,48000,0.0,0.0
2015-07-14 00:00:00-04:00,6.8462728104673,6.863836765289306,6.8462728104673,6.863836765289307,50700,0.0,0.0
2015-07-15 00:00:00-04:00,6.867347992633909,6.902475227710569,6.856810291108308,6.881399154663086,104700,0.0,0.0
2015-07-16 00:00:00-04:00,6.898964743374513,6.916528701782227,6.884914246644848,6.916528701782227,53500,0.0,0.0
2015-07-17 00:00:00-04:00,6.916528362606218,6.916528362606218,6.884913909019165,6.8989644050598145,70900,0.0,0.0
2015-07-20 00:00:00-04:00,6.9095029986460865,6.913015790266736,6.87086296081543,6.87086296081543,38000,0.0,0.0
2015-07-21 00:00:00-04:00,6.8603233604132345,6.870861062367078,6.835733825862877,6.856810569763184,34400,0.0,0.0
2015-07-22 00:00:00-04:00,6.84275852444884,6.870860176027833,6.825195243460553,6.86032247543335,71200,0.0,0.0
2015-07-23 00:00:00-04:00,6.877887259150541,6.90598891686938,6.832222316606066,6.863836765289307,145400,0.0,0.0
2015-07-24 00:00:00-04:00,6.846268570631443,6.860319725787286,6.751425283317362,6.776014804840088,61000,0.0,0.0
2015-07-27 00:00:00-04:00,6.7268391346261405,6.758453576433477,6.691711902618408,6.691711902618408,58600,0.0,0.0
2015-07-28 00:00:00-04:00,6.709276052665854,6.7654793575471315,6.695224891447413,6.754940986633301,64200,0.0,0.0
2015-07-29 00:00:00-04:00,6.768993561697358,6.807632923126222,6.761967979620698,6.807632923126221,37900,0.0,0.0
2015-07-30 00:00:00-04:00,6.804120949225868,6.807633070343765,6.776019290307902,6.800608158111572,37400,0.0,0.0
2015-07-31 00:00:00-04:00,6.797095492247382,6.839247646402868,6.797095492247382,6.82168436050415,65900,0.0,0.0
2015-08-03 00:00:00-04:00,6.821683200541513,6.83222157228664,6.7795303835573035,6.811144828796387,48700,0.0,0.0
2015-08-04 00:00:00-04:00,6.814658925704477,6.821684508214654,6.779531683150018,6.790070056915283,35700,0.0,0.0
2015-08-05 00:00:00-04:00,6.804120802084275,6.8287096693562015,6.779531264815964,6.807632923126221,70600,0.0,0.0
2015-08-06 00:00:00-04:00,6.814657159175124,6.814657159175124,6.737377781585199,6.74440336227417,81900,0.0,0.0
2015-08-07 00:00:00-04:00,6.733865812715519,6.744404185034567,6.688200872658973,6.6987385749816895,54000,0.0,0.0
2015-08-10 00:00:00-04:00,6.733865052307789,6.7689922860749485,6.709276189669655,6.761966705322266,63900,0.0,0.0
2015-08-11 00:00:00-04:00,6.712790226347083,6.7303535114933455,6.6741501950296485,6.684688568115234,104000,0.0,0.0
2015-08-12 00:00:00-04:00,6.639021802216599,6.677661826826184,6.561742422993694,6.674149036407471,126500,0.0,0.0
2015-08-13 00:00:00-04:00,6.667124612972591,6.695226271204439,6.649561327826329,6.684688568115234,88000,0.0,0.0
2015-08-14 00:00:00-04:00,6.684688081885957,6.709276947300737,6.6706369187938925,6.6987385749816895,90700,0.0,0.0
2015-08-17 00:00:00-04:00,6.6706369187938925,6.702251365754705,6.649560844152128,6.6987385749816895,100600,0.0,0.0
2015-08-18 00:00:00-04:00,6.688201474402624,6.719815254211425,6.674150310046363,6.719815254211426,78500,0.0,0.0
2015-08-19 00:00:00-04:00,6.6917123185047735,6.705763480179628,6.646047383054026,6.674149036407471,92800,0.0,0.0
2015-08-20 00:00:00-04:00,6.6214596384813404,6.649561296581144,6.551205158233643,6.551205158233643,102200,0.0,0.0
2015-08-21 00:00:00-04:00,6.51607748765484,6.51607748765484,6.358005922534365,6.36854362487793,160700,0.0,0.0
2015-08-24 00:00:00-04:00,6.0242977108625775,6.178857143460907,5.507929565358796,6.0629377365112305,378600,0.0,0.0
2015-08-25 00:00:00-04:00,6.206958797570032,6.228034870652806,6.0629377365112305,6.0629377365112305,210400,0.0,0.0
2015-08-26 00:00:00-04:00,6.168319068500744,6.270187988291966,6.101578055530269,6.252624034881592,131500,0.0,0.0
2015-08-27 00:00:00-04:00,6.287750984419784,6.389619899556633,6.287750984419784,6.354492664337158,73300,0.0,0.0
2015-08-28 00:00:00-04:00,6.33693228708019,6.389622829068802,6.33693228708019,6.372058868408203,39800,0.0,0.0
2015-08-31 00:00:00-04:00,6.343954572146027,6.365031316203655,6.322878498084712,6.329904079437256,77100,0.0,0.0
2015-09-01 00:00:00-04:00,6.20344474910223,6.266673625525076,6.147241452281066,6.192906379699707,119500,0.0,0.0
2015-09-02 00:00:00-04:00,6.256136356437869,6.266674727693858,6.18939534847207,6.23857307434082,114800,0.0,0.0
2015-09-03 00:00:00-04:00,6.2737009853078565,6.301802641692366,6.249112119720953,6.263162612915039,65500,0.0,0.0
2015-09-04 00:00:00-04:00,6.178856987510343,6.221009132611996,6.150755334110487,6.185882568359375,76900,0.0,0.0
2015-09-08 00:00:00-04:00,6.259649747531472,6.301802566604138,6.2455992545048025,6.298289775848389,60800,0.0,0.0
2015-09-09 00:00:00-04:00,6.358005338796113,6.358005338796113,6.228034771855497,6.242085933685303,93200,0.0,0.0
2015-09-10 00:00:00-04:00,6.263623477188727,6.295928751919564,6.238496619902743,6.252854824066162,115100,0.38,0.0
2015-09-11 00:00:00-04:00,6.2528535236801135,6.274390140809484,6.224137805962048,6.270800590515137,50200,0.0,0.0
2015-09-14 00:00:00-04:00,6.2743918450247165,6.28157094756336,6.242086568237724,6.249265670776367,52900,0.0,0.0
2015-09-15 00:00:00-04:00,6.267211802891658,6.331822346779084,6.249264733872616,6.317464828491211,145300,0.0,0.0
2015-09-16 00:00:00-04:00,6.331822757729482,6.392843754846148,6.321054789473909,6.382075786590576,78600,0.0,0.0
2015-09-17 00:00:00-04:00,6.364129306655338,6.464634699874289,6.364129306655338,6.421560764312744,80300,0.0,0.0
2015-09-18 00:00:00-04:00,6.339001974219887,6.389254319352329,6.317465352682676,6.331822872161865,61100,0.0,0.0
2015-09-21 00:00:00-04:00,6.36412825831965,6.3856655648711635,6.310286361214599,6.324644565582275,55700,0.0,0.0
2015-09-22 00:00:00-04:00,6.2636218581165695,6.292337574383879,6.23490614184926,6.277979373931885,47000,0.0,0.0
2015-09-23 00:00:00-04:00,6.274392123344003,6.321055607278178,6.270802571915457,6.295929431915283,61400,0.0,0.0
2015-09-24 00:00:00-04:00,6.28156984774736,6.313875118878145,6.216959305485787,6.310285568237305,122800,0.0,0.0
2015-09-25 00:00:00-04:00,6.364126897186969,6.36771644751117,6.274390192992104,6.306695461273193,94100,0.0,0.0
2015-09-28 00:00:00-04:00,6.299517723008749,6.299517723008749,6.13799203130719,6.155939102172852,97300,0.0,0.0
2015-09-29 00:00:00-04:00,6.173887373346483,6.173887373346483,6.087739509012616,6.123634338378906,53600,0.0,0.0
2015-09-30 00:00:00-04:00,6.17747413104495,6.213368948156313,6.109274731633723,6.170295715332031,71900,0.0,0.0
2015-10-01 00:00:00-04:00,6.170296112448063,6.202601381463765,6.112864675228312,6.166706562042236,97700,0.0,0.0
2015-10-02 00:00:00-04:00,6.076970930885413,6.252854824066162,6.076970930885413,6.252854824066162,120100,0.0,0.0
2015-10-05 00:00:00-04:00,6.270802857520224,6.374897799778305,6.270802857520224,6.367718696594238,74900,0.0,0.0
2015-10-06 00:00:00-04:00,6.374898075686126,6.374898075686126,6.321056168749253,6.346182346343994,63200,0.0,0.0
2015-10-07 00:00:00-04:00,6.364126021645565,6.407199934973385,6.335410307639227,6.389252185821533,105800,0.0,0.0
2015-10-08 00:00:00-04:00,6.364127386500831,6.453864097595215,6.364127386500831,6.453864097595215,79600,0.0,0.0
2015-10-09 00:00:00-04:00,6.457453648195402,6.461043198795591,6.432327478630859,6.453864097595215,54300,0.0,0.0
2015-10-12 00:00:00-04:00,6.453863780164688,6.4754010827065125,6.446684679317412,6.461042881011963,42800,0.0,0.0
2015-10-13 00:00:00-04:00,6.428737878554847,6.461043149071143,6.417969226837158,6.417969226837158,56000,0.0,0.0
2015-10-14 00:00:00-04:00,6.425148597736252,6.439506800629319,6.389253775140381,6.396432876586914,66700,0.0,0.0
2015-10-15 00:00:00-04:00,6.428736428363952,6.478988755770402,6.407199814423561,6.471810340881348,78900,0.0,0.0
2015-10-16 00:00:00-04:00,6.489759065679641,6.540011405944823,6.4861695149983,6.540011405944824,70100,0.0,0.0
2015-10-19 00:00:00-04:00,6.532832909816939,6.543600877093294,6.514885156628382,6.536421775817871,59100,0.0,0.0
2015-10-20 00:00:00-04:00,6.529243469238281,6.550780088790799,6.518474817143627,6.529243469238281,43800,0.0,0.0
2015-10-21 00:00:00-04:00,6.547192056622846,6.547192056622846,6.4969397044660395,6.511297225952148,43600,0.0,0.0
2015-10-22 00:00:00-04:00,6.543600501995241,6.6225692422246185,6.543600501995241,6.608211040496826,56500,0.0,0.0
2015-10-23 00:00:00-04:00,6.665642817854345,6.676411469699023,6.651285300031551,6.669232368469238,55100,0.0,0.0
2015-10-26 00:00:00-04:00,6.683591368147974,6.683591368147974,6.654875644440397,6.662054061889648,31100,0.0,0.0
2015-10-27 00:00:00-04:00,6.644105671864651,6.654874322855277,6.622569054520119,6.633337020874023,37000,0.0,0.0
2015-10-28 00:00:00-04:00,6.633339876921398,6.712308648913306,6.633339876921398,6.701539993286133,61900,0.0,0.0
2015-10-29 00:00:00-04:00,6.672822205705939,6.7015379272217475,6.586675041158515,6.694358825683594,46500,0.0,0.0
2015-10-30 00:00:00-04:00,6.694360889534684,6.708719097037582,6.680003366668801,6.701539993286133,30100,0.0,0.0
2015-11-02 00:00:00-05:00,6.712304228991033,6.762556552886963,6.708714679478957,6.762556552886963,34100,0.0,0.0
2015-11-03 00:00:00-05:00,6.755380516518557,6.802043996694584,6.733843894318709,6.7840962409973145,54300,0.0,0.0
2015-11-04 00:00:00-05:00,6.78768431079598,6.805631377939615,6.755379042228054,6.769737243652344,74800,0.0,0.0
2015-11-05 00:00:00-05:00,6.766150638551998,6.773329742389153,6.726666252084664,6.7517924308776855,45800,0.0,0.0
2015-11-06 00:00:00-05:00,6.730254094158495,6.748201164554844,6.708717472755506,6.7266645431518555,33300,0.0,0.0
2015-11-09 00:00:00-05:00,6.733841119025145,6.733841119025145,6.6620514950972805,6.687177658081055,48300,0.0,0.0
2015-11-10 00:00:00-05:00,6.6907709797263255,6.694360531410022,6.662055250893736,6.672823905944824,47000,0.0,0.0
2015-11-11 00:00:00-05:00,6.690769932079518,6.690769932079518,6.6189809635573145,6.622570514678955,54600,0.0,0.0
2015-11-12 00:00:00-05:00,6.590263979216087,6.597442395450042,6.504116822677956,6.5077056884765625,92900,0.0,0.0
2015-11-13 00:00:00-05:00,6.489761117607048,6.518476847500296,6.4466871804486745,6.478992462158203,69800,0.0,0.0
2015-11-16 00:00:00-05:00,6.468220979990736,6.5292419584675025,6.464631430123087,6.5256524085998535,109400,0.0,0.0
2015-11-17 00:00:00-05:00,6.529244106599253,6.540012075108247,6.500528382847175,6.514885902404785,90500,0.0,0.0
2015-11-18 00:00:00-05:00,6.500527970177471,6.60462220543177,6.500527970177471,6.597443103790283,57100,0.0,0.0
2015-11-19 00:00:00-05:00,6.586674422541877,6.611800590928774,6.572316220814085,6.608211040496826,55000,0.0,0.0
2015-11-20 00:00:00-05:00,6.611800590928774,6.636926759315671,6.597442389200982,6.608211040496826,73700,0.0,0.0
2015-11-23 00:00:00-05:00,6.61898199996334,6.672823905944824,6.611802896595948,6.672823905944824,75700,0.0,0.0
2015-11-24 00:00:00-05:00,6.611801795005699,6.665643692016602,6.601033141748773,6.665643692016602,51800,0.0,0.0
2015-11-25 00:00:00-05:00,6.662053901733258,6.687180073793746,6.662053901733258,6.676412105560303,35300,0.0,0.0
2015-11-27 00:00:00-05:00,6.67641345762852,6.701539634777414,6.654876832163323,6.672823905944824,15300,0.0,0.0
2015-11-30 00:00:00-05:00,6.662053982763116,6.672822635764377,6.651286014398703,6.658464431762695,56800,0.0,0.0
2015-12-01 00:00:00-05:00,6.665643545312677,6.7266645431518555,6.662053994306038,6.7266645431518555,43000,0.0,0.0
2015-12-02 00:00:00-05:00,6.712306579528978,6.712306579528978,6.687179724145441,6.694358825683594,81100,0.0,0.0
2015-12-03 00:00:00-05:00,6.712304332410547,6.712304332410547,6.593851935233258,6.601030349731445,58700,0.0,0.0
2015-12-04 00:00:00-05:00,6.5830834564859035,6.690767207741107,6.5830834564859035,6.687177658081055,49000,0.0,0.0
2015-12-07 00:00:00-05:00,6.647695410611514,6.669232028566463,6.575905771246033,6.608211040496826,76900,0.0,0.0
2015-12-08 00:00:00-05:00,6.543601953958172,6.590265435290939,6.525654882452887,6.575907230377197,75900,0.0,0.0
2015-12-09 00:00:00-05:00,6.572316677440095,6.618980151660727,6.489759065679641,6.540011405944824,83400,0.0,0.0
2015-12-10 00:00:00-05:00,6.550782081026263,6.579497810708295,6.525655903134109,6.532835006713867,62900,0.0,0.0
2015-12-11 00:00:00-05:00,6.46822147961054,6.4861685456984235,6.403610946275464,6.414379596710205,61300,0.0,0.0
2015-12-14 00:00:00-05:00,6.403612025980624,6.432327747344971,6.374896304616277,6.432327747344971,80900,0.0,0.0
2015-12-15 00:00:00-05:00,6.439507540449095,6.529244264930015,6.439507540449095,6.522065162658691,109700,0.0,0.0
2015-12-16 00:00:00-05:00,6.522065093438464,6.604622714771855,6.507706889048204,6.586675643920898,82300,0.0,0.0
2015-12-17 00:00:00-05:00,6.604622784868287,6.604622784868287,6.514886060387368,6.522065162658691,99900,0.0,0.0
2015-12-18 00:00:00-05:00,6.540011307864825,6.540011307864825,6.468222349225003,6.4897589683532715,90400,0.0,0.0
2015-12-21 00:00:00-05:00,6.532832541524,6.547190058628651,6.478989969630518,6.5077056884765625,60100,0.0,0.0
2015-12-22 00:00:00-05:00,6.529243596993268,6.565138420040998,6.504117426250899,6.5471906661987305,61000,0.0,0.0
2015-12-23 00:00:00-05:00,6.594846690579809,6.653500080108643,6.580183692799379,6.653500080108643,101800,0.38,0.0
2015-12-24 00:00:00-05:00,6.653500079415246,6.668163776397705,6.6351711573907295,6.668163776397705,47400,0.0,0.0
2015-12-28 00:00:00-05:00,6.627838133812418,6.6388359045994045,6.594845520654891,6.620506286621094,70300,0.0,0.0
2015-12-29 00:00:00-05:00,6.638836130052939,6.653499125730107,6.620506511452158,6.646167278289795,83700,0.0,0.0
2015-12-30 00:00:00-05:00,6.649834191037566,6.664497888099117,6.594846725463867,6.594846725463867,93500,0.0,0.0
2015-12-31 00:00:00-05:00,6.613176347372755,6.613176347372755,6.558188182590657,6.58384895324707,104500,0.0,0.0
2016-01-04 00:00:00-05:00,6.506866675741638,6.536193370819092,6.404222893368768,6.536193370819092,99100,0.0,0.0
2016-01-05 00:00:00-05:00,6.554521560668945,6.5948460240961095,6.503200024818725,6.554521560668945,105700,0.0,0.0
2016-01-06 00:00:00-05:00,6.506865273844936,6.506865273844936,6.448211896326833,6.473872661590576,99600,0.0,0.0
2016-01-07 00:00:00-05:00,6.363898276731563,6.3968908916983,6.316241966578066,6.356566429138184,73700,0.0,0.0
2016-01-08 00:00:00-05:00,6.360234311435092,6.38956101163568,6.257590511131194,6.279585361480713,81800,0.0,0.0
2016-01-11 00:00:00-05:00,6.294248142886804,6.327240763199485,6.147614663276882,6.2172651290893555,111200,0.0,0.0
2016-01-12 00:00:00-05:00,6.264921189024478,6.305245656458305,6.169609256401331,6.25025749206543,149300,0.0,0.0
2016-01-13 00:00:00-05:00,6.268585745992391,6.268585745992391,6.066964152003482,6.08162784576416,78200,0.0,0.0
2016-01-14 00:00:00-05:00,6.081629930262447,6.176941874765124,6.026642458219575,6.158612251281738,108300,0.0,0.0
2016-01-15 00:00:00-05:00,6.004645824432373,6.041304365567838,5.956990210398731,6.004645824432373,123200,0.0,0.0
2016-01-19 00:00:00-05:00,6.041303179296186,6.066963943291204,5.9606549639970785,5.989981651306152,80200,0.0,0.0
2016-01-20 00:00:00-05:00,5.8800100563613995,5.8800100563613995,5.7113809850733155,5.814024448394775,207000,0.0,0.0
2016-01-21 00:00:00-05:00,5.8396837199290665,5.971654194703728,5.8396837199290665,5.920331954956055,142000,0.0,0.0
2016-01-22 00:00:00-05:00,5.99731370362676,6.092625615451047,5.99731370362676,6.0779619216918945,91500,0.0,0.0
2016-01-25 00:00:00-05:00,6.030308506680406,6.033973732248665,5.9973158829368245,6.00098180770874,50000,0.0,0.0
2016-01-26 00:00:00-05:00,6.019308299243946,6.107288360595703,6.00831052937371,6.107288360595703,83900,0.0,0.0
2016-01-27 00:00:00-05:00,6.0816276156901266,6.125617296901182,6.0193083179716504,6.044969081878662,73400,0.0,0.0
2016-01-28 00:00:00-05:00,6.0779649989635445,6.099959851534859,6.033974594617161,6.096293926239014,45300,0.0,0.0
2016-01-29 00:00:00-05:00,6.09629148613157,6.231927870972862,6.09629148613157,6.220930099487305,74400,0.0,0.0
2016-02-01 00:00:00-05:00,6.187938904780258,6.239261150957936,6.162278131293237,6.235595226287842,49400,0.0,0.0
2016-02-02 00:00:00-05:00,6.20626835253324,6.20626835253324,6.110956411418424,6.132951259613037,49000,0.0,0.0
2016-02-03 00:00:00-05:00,6.180607799461801,6.184273724158478,6.048637307195995,6.158612251281738,42900,0.0,0.0
2016-02-04 00:00:00-05:00,6.151278992080855,6.202600521831086,6.0779619216918945,6.0779619216918945,58200,0.0,0.0
2016-02-05 00:00:00-05:00,6.088960678804996,6.096291827669277,6.000980599601991,6.004645824432373,76800,0.0,0.0
2016-02-08 00:00:00-05:00,5.94965934753418,5.96798897073887,5.887340027045497,5.94965934753418,56000,0.0,0.0
2016-02-09 00:00:00-05:00,5.872676337937749,6.01564388612459,5.865344489517001,5.938661575317383,84400,0.0,0.0
2016-02-10 00:00:00-05:00,5.97531893812825,5.993648557704977,5.909334405262514,5.912999629974365,53100,0.0,0.0
2016-02-11 00:00:00-05:00,5.850680923216113,5.905668735507546,5.806690883144023,5.891005039215088,112000,0.0,0.0
2016-02-12 00:00:00-05:00,5.938662488466019,5.986318112121471,5.913001015047606,5.982652187347412,88400,0.0,0.0
2016-02-16 00:00:00-05:00,6.019309268171445,6.066964880206833,5.99364850021366,6.055967807769775,94500,0.0,0.0
2016-02-17 00:00:00-05:00,6.114621606129704,6.184272766169815,6.066965291658853,6.180606842041016,92200,0.0,0.0
2016-02-18 00:00:00-05:00,6.195271494075757,6.206269269399599,6.143949940971936,6.187939643859863,92100,0.0,0.0
2016-02-19 00:00:00-05:00,6.176941872889663,6.176941872889663,6.1402833251376645,6.169610023498535,67900,0.0,0.0
2016-02-22 00:00:00-05:00,6.206269269399599,6.206269269399599,6.176942567739742,6.187939643859863,70700,0.0,0.0
2016-02-23 00:00:00-05:00,6.198936241392555,6.198936241392555,6.154946546862622,6.1842732429504395,75700,0.0,0.0
2016-02-24 00:00:00-05:00,6.151280368218144,6.213599682229542,6.092626978466659,6.206267833709717,61500,0.0,0.0
2016-02-25 00:00:00-05:00,6.235596080552445,6.352902889251709,6.217266454690852,6.352902889251709,270200,0.0,0.0
2016-02-26 00:00:00-05:00,6.411554813638866,6.415220737964989,6.3712303452550865,6.407888889312744,141700,0.0,0.0
2016-02-29 00:00:00-05:00,6.400556341524998,6.407888189376383,6.3785614971743385,6.389559268951416,59400,0.0,0.0
2016-03-01 00:00:00-05:00,6.400556752199733,6.499534606933594,6.385893754759646,6.499534606933594,90800,0.0,0.0
2016-03-02 00:00:00-05:00,6.473875256540787,6.521531581878662,6.440882631061856,6.521531581878662,144600,0.0,0.0
2016-03-03 00:00:00-05:00,6.49953460666812,6.543524997393663,6.455544915146116,6.510532379150391,87600,0.0,0.0
2016-03-04 00:00:00-05:00,6.53619286317097,6.620507017569755,6.53619286317097,6.60217809677124,103800,0.0,0.0
2016-03-07 00:00:00-05:00,6.5985122039306345,6.602178127948351,6.536192894036483,6.539858818054199,80300,0.0,0.0
2016-03-08 00:00:00-05:00,6.539858594428549,6.539858594428549,6.492202283031322,6.514197826385498,112600,0.0,0.0
2016-03-09 00:00:00-05:00,6.532526494679012,6.565519109234237,6.521529422629579,6.550856113433838,101200,0.0,0.0
2016-03-10 00:00:00-05:00,6.58831203079361,6.610784753924953,6.535875438688813,6.562093734741211,67600,0.38,0.0
2016-03-11 00:00:00-05:00,6.60703841487956,6.633256707891796,6.584565694354059,6.625766277313232,68100,0.0,0.0
2016-03-14 00:00:00-04:00,6.618274163700985,6.6295108795166025,6.603291875946828,6.629510879516602,56200,0.0,0.0
2016-03-15 00:00:00-04:00,6.584564367019458,6.700674233122856,6.569582794487451,6.6594743728637695,80900,0.0,0.0
2016-03-16 00:00:00-04:00,6.666964054107666,6.678200768042333,6.644491340633012,6.666964054107666,77800,0.0,0.0
2016-03-17 00:00:00-04:00,6.651985826036095,6.723150287928117,6.651985826036095,6.715659141540527,63400,0.0,0.0
2016-03-18 00:00:00-04:00,6.7306390871632935,6.775585240190494,6.715657512417471,6.760602951049805,69700,0.0,0.0
2016-03-21 00:00:00-04:00,6.756859319608103,6.760604178178145,6.723149877317764,6.753113746643066,93200,0.0,0.0
2016-03-22 00:00:00-04:00,6.741876108758903,6.76434882909086,6.730639391395474,6.745621681213379,83700,0.0,0.0
2016-03-23 00:00:00-04:00,6.745622600712991,6.779332043003331,6.7268947358878055,6.753113746643066,137000,0.0,0.0
2016-03-24 00:00:00-04:00,6.7493689496111715,6.756860096402456,6.6632229046966245,6.689441204071045,131900,0.0,0.0
2016-03-28 00:00:00-04:00,6.726893574676566,6.730639146995035,6.693184852600098,6.693184852600098,69000,0.0,0.0
2016-03-29 00:00:00-04:00,6.681949944152285,6.77184156094058,6.681949944152285,6.764350414276123,72400,0.0,0.0
2016-03-30 00:00:00-04:00,6.805550691844794,6.835514562722021,6.775586820967567,6.831768989562988,91800,0.0,0.0
2016-03-31 00:00:00-04:00,6.820531641407166,6.843005078289885,6.8018044917332015,6.8130412101745605,87300,0.0,0.0
2016-04-01 00:00:00-04:00,6.76434902112492,6.813040750020527,6.734385155033361,6.809295177459717,59700,0.0,0.0
2016-04-04 00:00:00-04:00,6.790565341177062,6.790565341177062,6.655728340148926,6.655728340148926,102100,0.0,0.0
2016-04-05 00:00:00-04:00,6.655729492803339,6.723148362190516,6.6370016321986585,6.71940279006958,95900,0.0,0.0
2016-04-06 00:00:00-04:00,6.734386656028601,6.741877802819886,6.6632229046966245,6.689441204071045,92700,0.0,0.0
2016-04-07 00:00:00-04:00,6.6482397309824925,6.738131337392323,6.625767007978781,6.674458026885986,79800,0.0,0.0
2016-04-08 00:00:00-04:00,6.7044217080446185,6.719403999224421,6.651985117705236,6.663221836090088,48000,0.0,0.0
2016-04-11 00:00:00-04:00,6.674458386733534,6.738131700672761,6.629512938302916,6.648240089416504,95400,0.0,0.0
2016-04-12 00:00:00-04:00,6.655729068042374,6.723147933126957,6.651983496160476,6.708165645599365,87500,0.0,0.0
2016-04-13 00:00:00-04:00,6.723148436940895,6.760602729777014,6.711911720453153,6.756857872009277,78100,0.0,0.0
2016-04-14 00:00:00-04:00,6.771841543476378,6.783078263444086,6.745623244613457,6.768095970153809,53600,0.0,0.0
2016-04-15 00:00:00-04:00,6.764348367296306,6.775585083892616,6.734384504100995,6.741875648498535,48000,0.0,0.0
2016-04-18 00:00:00-04:00,6.738130591121347,6.816786184515438,6.723149015576461,6.786822319030762,90800,0.0,0.0
2016-04-19 00:00:00-04:00,6.809295705147423,6.850496292114258,6.790567840892055,6.850496292114258,71900,0.0,0.0
2016-04-20 00:00:00-04:00,6.84300393846847,6.861731085023103,6.81304007534415,6.8542399406433105,67600,0.0,0.0
2016-04-21 00:00:00-04:00,6.857986723421431,6.880460160527873,6.8355140007099635,6.850496292114258,79100,0.0,0.0
2016-04-22 00:00:00-04:00,6.86173140709424,6.86173140709424,6.816785967495566,6.835513114929199,36400,0.0,0.0
2016-04-25 00:00:00-04:00,6.824276786784524,6.839259077101259,6.764349054307432,6.801804065704346,50500,0.0,0.0
2016-04-26 00:00:00-04:00,6.816789682663291,6.824280117082122,6.790570661813936,6.805552959442139,98300,0.0,0.0
2016-04-27 00:00:00-04:00,6.7868224897825336,6.809295210862713,6.779331344624166,6.801804065704346,63000,0.0,0.0
2016-04-28 00:00:00-04:00,6.786824297175307,6.835515324881711,6.764350855715325,6.771842002868652,71400,0.0,0.0
2016-04-29 00:00:00-04:00,6.775586008502564,6.783077153922361,6.7343854230886295,6.749367713928223,55200,0.0,0.0
2016-05-02 00:00:00-04:00,6.745623262010044,6.779332707605039,6.745623262010044,6.764350414276123,44200,0.0,0.0
2016-05-03 00:00:00-04:00,6.753113645334532,6.756859218243379,6.72314977645874,6.72314977645874,53700,0.0,0.0
2016-05-04 00:00:00-04:00,6.704421878600337,6.704421878600337,6.663222005597712,6.678203582763672,72900,0.0,0.0
2016-05-05 00:00:00-04:00,6.711911999797566,6.738130291631972,6.674456991007756,6.693184852600098,104200,0.0,0.0
2016-05-06 00:00:00-04:00,6.674456736145644,6.708166171329801,6.65947516183871,6.696929454803467,63800,0.0,0.0
2016-05-09 00:00:00-04:00,6.689440912727294,6.72315035742486,6.689440912727294,6.700676918029785,39200,0.0,0.0
2016-05-10 00:00:00-04:00,6.719403846643983,6.75685885934802,6.715658273934085,6.749367713928223,56000,0.0,0.0
2016-05-11 00:00:00-04:00,6.741876926607991,6.745622499516838,6.704421911914505,6.72314977645874,62100,0.0,0.0
2016-05-12 00:00:00-04:00,6.7493670085873765,6.7493670085873765,6.6707114186892875,6.693184852600098,99500,0.0,0.0
2016-05-13 00:00:00-04:00,6.685692197532369,6.7156560549158115,6.655728340148926,6.655728340148926,49500,0.0,0.0
2016-05-16 00:00:00-04:00,6.670712470129867,6.72314977645874,6.663222038707158,6.72314977645874,68900,0.0,0.0
2016-05-17 00:00:00-04:00,6.711911743505246,6.711911743505246,6.666965591794754,6.696929454803467,90400,0.0,0.0
2016-05-18 00:00:00-04:00,6.700675332302743,6.711912049341091,6.666965895582577,6.681948184967041,93800,0.0,0.0
2016-05-19 00:00:00-04:00,6.6819478804965335,6.700675026978912,6.610783437952774,6.696929454803467,180800,0.0,0.0
2016-05-20 00:00:00-04:00,6.696929759956627,6.711912049341091,6.66322103763134,6.681948184967041,158000,0.0,0.0
2016-05-23 00:00:00-04:00,6.689438500584665,6.79056608381675,6.689438500584665,6.708165645599365,111400,0.0,0.0
2016-05-24 00:00:00-04:00,6.741876163606295,6.794312749605752,6.730639446151452,6.786822319030762,104400,0.0,0.0
2016-05-25 00:00:00-04:00,6.805549604898908,6.850495761233705,6.779331311368159,6.809295177459717,137300,0.0,0.0
2016-05-26 00:00:00-04:00,6.8205309468746,6.86173152923584,6.78307665134063,6.86173152923584,100200,0.0,0.0
2016-05-27 00:00:00-04:00,6.857985874300373,6.880459308624268,6.835513154371364,6.880459308624268,74900,0.0,0.0
2016-05-31 00:00:00-04:00,6.887951223079324,6.906679089051002,6.850496919926048,6.8692240715026855,68600,0.0,0.0
2016-06-01 00:00:00-04:00,6.857985603186231,6.887949466705321,6.831767311906384,6.887949466705322,117300,0.0,0.0
2016-06-02 00:00:00-04:00,6.884204249435201,6.914168114499313,6.843004381468855,6.86173152923584,109300,0.0,0.0
2016-06-03 00:00:00-04:00,6.83925872675868,6.880459308624268,6.8242764372094165,6.880459308624268,123800,0.0,0.0
2016-06-06 00:00:00-04:00,6.85424189437153,6.917915210959465,6.85424189437153,6.895442485809326,124300,0.0,0.0
2016-06-07 00:00:00-04:00,6.895442157261657,6.966606616973877,6.895442157261657,6.966606616973877,149100,0.0,0.0
2016-06-08 00:00:00-04:00,6.962859719740806,7.007805159352115,6.921659138101371,6.9965691566467285,156900,0.0,0.0
2016-06-09 00:00:00-04:00,6.988923248441434,7.038625333935518,6.935397084183158,7.019509315490723,92800,0.38,0.0
2016-06-10 00:00:00-04:00,7.004216627361497,7.004216627361497,6.946867836984364,6.9927473068237305,147800,0.0,0.0
2016-06-13 00:00:00-04:00,6.985099251883383,6.988922601064061,6.954513187667254,6.962159156799316,100800,0.0,0.0
2016-06-14 00:00:00-04:00,6.954514304482611,6.973630324226522,6.920104885560044,6.939220905303955,106400,0.0,0.0
2016-06-15 00:00:00-04:00,6.939219790944541,6.977452553522028,6.935396441763864,6.962159156799316,130200,0.0,0.0
2016-06-16 00:00:00-04:00,6.916279702942707,6.9392190664023214,6.893340339483092,6.93539571762085,63600,0.0,0.0
2016-06-17 00:00:00-04:00,6.943046022553578,6.954516074857442,6.927753348711356,6.946869373321533,67200,0.0,0.0
2016-06-20 00:00:00-04:00,7.030979077606982,7.042449126933745,6.969806939656391,6.981276988983154,153400,0.0,0.0
2016-06-21 00:00:00-04:00,7.004215855649028,7.0233326031547785,6.988923186873782,6.9965691566467285,109900,0.0,0.0
2016-06-22 00:00:00-04:00,7.019509139095626,7.0271551087437905,6.981276373937436,6.988923072814941,47800,0.0,0.0
2016-06-23 00:00:00-04:00,7.05009437630164,7.076857089996338,7.027154282366823,7.076857089996338,88000,0.0,0.0
2016-06-24 00:00:00-04:00,6.96215972704108,7.011862541231553,6.9009875935984635,6.9430437088012695,169500,0.0,0.0
2016-06-27 00:00:00-04:00,6.927749680327349,6.927749680327349,6.824521451942805,6.843637466430664,141900,0.0,0.0
2016-06-28 00:00:00-04:00,6.8971650048401285,6.912457673655963,6.847462190422615,6.90098762512207,76800,0.0,0.0
2016-06-29 00:00:00-04:00,6.954511671896741,7.019507135343594,6.9506883235493815,7.008037090301514,92600,0.0,0.0
2016-06-30 00:00:00-04:00,7.027156283253516,7.034802983409082,7.008040262094065,7.030979633331299,53400,0.0,0.0
2016-07-01 00:00:00-04:00,7.034799490892844,7.092148255129133,7.030976142713212,7.080678939819336,76100,0.0,0.0
2016-07-05 00:00:00-04:00,7.065388166061656,7.065388166061656,6.9851000122158835,7.02715539932251,60600,0.0,0.0
2016-07-06 00:00:00-04:00,7.019511459491946,7.053920886585893,7.011864758086717,7.046274185180664,38300,0.0,0.0
2016-07-07 00:00:00-04:00,7.065385273946942,7.084502014106036,7.050092611048739,7.06920862197876,81300,0.0,0.0
2016-07-08 00:00:00-04:00,7.095975805833848,7.1571479544784,7.095975805833848,7.153324604034424,56700,0.0,0.0
2016-07-11 00:00:00-04:00,7.176261470394768,7.225963545293074,7.176261470394768,7.214494228363037,49800,0.0,0.0
2016-07-12 00:00:00-04:00,7.237433591452317,7.256549605821848,7.199200833484047,7.214494228363037,83000,0.0,0.0
2016-07-13 00:00:00-04:00,7.237434949868484,7.241258299305847,7.138030052185059,7.138030052185059,109000,0.0,0.0
2016-07-14 00:00:00-04:00,7.172439398493154,7.245081578641508,7.141853332519531,7.141853332519531,100700,0.0,0.0
2016-07-15 00:00:00-04:00,7.145675933842217,7.218317377156435,7.130382537841797,7.130382537841797,60000,0.0,0.0
2016-07-18 00:00:00-04:00,7.160968372224112,7.20684782953285,7.134205659306196,7.157145023345947,68100,0.0,0.0
2016-07-19 00:00:00-04:00,7.149498917125073,7.264196464344081,7.149498917125073,7.260373115539551,81400,0.0,0.0
2016-07-20 00:00:00-04:00,7.245080808697733,7.325368949885171,7.214494745974529,7.321545600891113,131400,0.0,0.0
2016-07-21 00:00:00-04:00,7.325371130271572,7.386543273925781,7.3100784589727565,7.386543273925781,97500,0.0,0.0
2016-07-22 00:00:00-04:00,7.386541705442832,7.398011753403462,7.340662972058956,7.394188404083252,84100,0.0,0.0
2016-07-25 00:00:00-04:00,7.398010800720854,7.40183414954871,7.290959221228565,7.298605918884277,66300,0.0,0.0
2016-07-26 00:00:00-04:00,7.325367655615017,7.3674237578897825,7.3177209589779455,7.34066104888916,48800,0.0,0.0
2016-07-27 00:00:00-04:00,7.371248248437734,7.394187612674445,7.34066218637904,7.344484806060791,66700,0.0,0.0
2016-07-28 00:00:00-04:00,7.344484917578889,7.378894329071045,7.344484917578889,7.378894329071045,45900,0.0,0.0
2016-07-29 00:00:00-04:00,7.378895645823983,7.420951762759081,7.371249675750732,7.371249675750732,57900,0.0,0.0
2016-08-01 00:00:00-04:00,7.378893073616261,7.382716421934798,7.34066104888916,7.34066104888916,52300,0.0,0.0
2016-08-02 00:00:00-04:00,7.348310465863647,7.3521338159770036,7.2680223011715706,7.294785022735596,46900,0.0,0.0
2016-08-03 00:00:00-04:00,7.27566712176062,7.2794904708862305,7.241257708859407,7.2794904708862305,61500,0.0,0.0
2016-08-04 00:00:00-04:00,7.268022915949535,7.302432340650853,7.260376215076013,7.287138938903809,67100,0.0,0.0
2016-08-05 00:00:00-04:00,7.302429836410612,7.336839249311825,7.271843772635009,7.2794904708862305,106000,0.0,0.0
2016-08-08 00:00:00-04:00,7.283311864068785,7.310075303440346,7.264195850889687,7.268019199371338,86500,0.0,0.0
2016-08-09 00:00:00-04:00,7.287138322508882,7.333017794639691,7.2680223011715706,7.294785022735596,80500,0.0,0.0
2016-08-10 00:00:00-04:00,7.3138980865478525,7.321544783682466,7.264196013631213,7.313898086547852,84300,0.0,0.0
2016-08-11 00:00:00-04:00,7.321546623759161,7.359779389811848,7.302430605347498,7.317723274230957,58400,0.0,0.0
2016-08-12 00:00:00-04:00,7.306252616539989,7.317721933794331,7.283312523572854,7.298605918884277,64000,0.0,0.0
2016-08-15 00:00:00-04:00,7.302428770075107,7.355954191559053,7.302428770075107,7.313898086547852,52500,0.0,0.0
2016-08-16 00:00:00-04:00,7.306252775409354,7.344484806060791,7.2947827286763784,7.344484806060791,53900,0.0,0.0
2016-08-17 00:00:00-04:00,7.32536872237263,7.348308086395264,7.287135962848751,7.348308086395264,53900,0.0,0.0
2016-08-18 00:00:00-04:00,7.333015417191355,7.3750715255737305,7.317722021696224,7.3750715255737305,64900,0.0,0.0
2016-08-19 00:00:00-04:00,7.367427081379815,7.3712504314230864,7.325370960133284,7.35595703125,30800,0.0,0.0
2016-08-22 00:00:00-04:00,7.348311689845352,7.394191169618139,7.333019016074151,7.359781742095947,59300,0.0,0.0
2016-08-23 00:00:00-04:00,7.4056565230483935,7.436242580413818,7.398009826399755,7.436242580413818,46300,0.0,0.0
2016-08-24 00:00:00-04:00,7.436243834377473,7.436243834377473,7.35977831345507,7.378894329071045,56700,0.0,0.0
2016-08-25 00:00:00-04:00,7.37124879093432,7.390364807666907,7.348308695780062,7.367425441741943,37600,0.0,0.0
2016-08-26 00:00:00-04:00,7.375073781466358,7.4056598525830735,7.333017660219827,7.35595703125,58100,0.0,0.0
2016-08-29 00:00:00-04:00,7.36360141324874,7.405657521255859,7.348308017890068,7.352131366729736,51600,0.0,0.0
2016-08-30 00:00:00-04:00,7.363600409571247,7.432419220846634,7.325367655615017,7.34066104888916,88600,0.0,0.0
2016-08-31 00:00:00-04:00,7.344488339095154,7.382721117367545,7.336842366824349,7.359781742095947,90100,0.0,0.0
2016-09-01 00:00:00-04:00,7.363603725590236,7.394189796683084,7.279492212392269,7.302431583404541,78000,0.0,0.0
2016-09-02 00:00:00-04:00,7.321545600891113,7.352131663614317,7.302429585150082,7.321545600891113,51600,0.0,0.0
2016-09-06 00:00:00-04:00,7.329195665323953,7.371251794346541,7.321548963823556,7.359781742095947,101300,0.0,0.0
2016-09-07 00:00:00-04:00,7.375072363270103,7.409481048583984,7.355955616729817,7.409481048583984,73500,0.0,0.0
2016-09-08 00:00:00-04:00,7.401680463662879,7.413379910533063,7.343184716939504,7.409480094909668,81600,0.38,0.0
2016-09-09 00:00:00-04:00,7.3821835730570395,7.3821835730570395,7.261292240344773,7.2690911293029785,90600,0.0,0.0
2016-09-12 00:00:00-04:00,7.233993042013026,7.31588769301743,7.222294337450876,7.31198787689209,70900,0.0,0.0
2016-09-13 00:00:00-04:00,7.2417924316342175,7.2534918796182595,7.183296679341701,7.2183942794799805,64300,0.0,0.0
2016-09-14 00:00:00-04:00,7.210594659521599,7.261291523723189,7.210594659521599,7.2378926277160645,44500,0.0,0.0
2016-09-15 00:00:00-04:00,7.218395003912002,7.300288916577561,7.218395003912002,7.2690911293029785,62700,0.0,0.0
2016-09-16 00:00:00-04:00,7.280790343226291,7.2924897920064815,7.249592556959676,7.265191078186035,56500,0.0,0.0
2016-09-19 00:00:00-04:00,7.304187998804927,7.319787262781266,7.245692246521352,7.2534918785095215,45000,0.0,0.0
2016-09-20 00:00:00-04:00,7.265190595910529,7.2963883801061815,7.198895211518036,7.2378926277160645,72600,0.0,0.0
2016-09-21 00:00:00-04:00,7.253492369745021,7.319787758506554,7.218394767235157,7.300288677215576,51600,0.0,0.0
2016-09-22 00:00:00-04:00,7.331485039175596,7.366582634867031,7.2924883717973366,7.362682819366455,67000,0.0,0.0
2016-09-23 00:00:00-04:00,7.358785629272461,7.378283967947187,7.319788208109067,7.358785629272461,77800,0.0,0.0
2016-09-26 00:00:00-04:00,7.350985533895492,7.350985533895492,7.269090880222194,7.280790328979492,99600,0.0,0.0
2016-09-27 00:00:00-04:00,7.284689907828579,7.31588769301743,7.2690906433272175,7.31198787689209,49100,0.0,0.0
2016-09-28 00:00:00-04:00,7.296391209847484,7.350987911224364,7.265193413552467,7.350987911224365,75600,0.0,0.0
2016-09-29 00:00:00-04:00,7.3236880493777,7.335386755096527,7.218395235024587,7.245693206787109,84800,0.0,0.0
2016-09-30 00:00:00-04:00,7.2612920022614125,7.331486463467245,7.24569273722863,7.300288677215576,95600,0.0,0.0
2016-10-03 00:00:00-04:00,7.284691091156701,7.296389797619194,7.237894033864756,7.261292934417725,97400,0.0,0.0
2016-10-04 00:00:00-04:00,7.241792924439549,7.265191078186035,7.198895689392743,7.265191078186035,101600,0.0,0.0
2016-10-05 00:00:00-04:00,7.265191312916915,7.28469039484723,7.253492607572647,7.2690911293029785,75900,0.0,0.0
2016-10-06 00:00:00-04:00,7.253492122639727,7.31588769301743,7.226194153576216,7.31198787689209,86400,0.0,0.0
2016-10-07 00:00:00-04:00,7.288589491917654,7.304188012108557,7.214494475522786,7.2378926277160645,65500,0.0,0.0
2016-10-10 00:00:00-04:00,7.280789381398206,7.300287716308802,7.25739123074273,7.272989749908447,75800,0.0,0.0
2016-10-11 00:00:00-04:00,7.253492373089706,7.2573921893497,7.155999198031549,7.202795505523682,58000,0.0,0.0
2016-10-12 00:00:00-04:00,7.179397351777616,7.206695321783676,7.179397351777616,7.202795505523682,25500,0.0,0.0
2016-10-13 00:00:00-04:00,7.148201443715587,7.191098690032959,7.124803283821608,7.191098690032959,56600,0.0,0.0
2016-10-14 00:00:00-04:00,7.198894472641916,7.218393550646518,7.159897804260254,7.159897804260254,51300,0.0,0.0
2016-10-17 00:00:00-04:00,7.171596997454615,7.171596997454615,7.023407713559205,7.039006233215332,160800,0.0,0.0
2016-10-18 00:00:00-04:00,7.105302555671599,7.105302555671599,7.054606430312633,7.062406063079834,66000,0.0,0.0
2016-10-19 00:00:00-04:00,7.070205196359393,7.109202617729118,7.070205196359393,7.085804462432861,54800,0.0,0.0
2016-10-20 00:00:00-04:00,7.089705958196204,7.101404666708278,7.046808710147607,7.054608345031738,81200,0.0,0.0
2016-10-21 00:00:00-04:00,7.0468072664005605,7.105303028418708,7.035108560285313,7.097504138946533,67200,0.0,0.0
2016-10-24 00:00:00-04:00,7.105302797231149,7.148200035095215,7.105302797231149,7.148200035095215,78800,0.0,0.0
2016-10-25 00:00:00-04:00,7.1404011291691605,7.152100579909063,7.120902788416678,7.136501312255859,84600,0.0,0.0
2016-10-26 00:00:00-04:00,7.105300185680133,7.140397777611724,7.089701669162577,7.1092000007629395,56000,0.0,0.0
2016-10-27 00:00:00-04:00,7.124801883802587,7.128701700320954,7.078004829396127,7.085804462432861,74300,0.0,0.0
2016-10-28 00:00:00-04:00,7.085806126626989,7.101404652550029,7.0624079658353685,7.089705944061279,92400,0.0,0.0
2016-10-31 00:00:00-04:00,7.08580519035048,7.093604824188462,7.062407032650554,7.074105739593506,60600,0.0,0.0
2016-11-01 00:00:00-04:00,7.081903207525714,7.081903207525714,6.976610414357412,7.023407459259033,78700,0.0,0.0
2016-11-02 00:00:00-04:00,7.007808662083254,7.027307742010559,6.933714389801025,6.933714389801025,56000,0.0,0.0
2016-11-03 00:00:00-04:00,6.933716334302854,6.941515224647064,6.875219821929932,6.875219821929932,70700,0.0,0.0
2016-11-04 00:00:00-04:00,6.863521109935793,6.906417610149569,6.808924414678362,6.828423500061035,66500,0.0,0.0
2016-11-07 00:00:00-05:00,6.879119137079474,6.968813435726922,6.879119137079474,6.953214168548584,84400,0.0,0.0
2016-11-08 00:00:00-05:00,6.945412871159836,6.992209917670445,6.9220147198114415,6.984410285949707,72200,0.0,0.0
2016-11-09 00:00:00-05:00,6.9259173447000695,7.062407979915869,6.863521753255268,7.054608345031738,90100,0.0,0.0
2016-11-10 00:00:00-05:00,7.089706661542092,7.105305189043708,7.019511428249327,7.066308498382568,80900,0.0,0.0
2016-11-11 00:00:00-05:00,7.0312070920133225,7.058505058288574,7.007808197651282,7.058505058288574,60000,0.0,0.0
2016-11-14 00:00:00-05:00,7.070205664021366,7.1209025382995605,7.062406774282716,7.1209025382995605,177700,0.0,0.0
2016-11-15 00:00:00-05:00,7.120901112153612,7.206694832608289,7.1053018481724814,7.1832966804504395,82500,0.0,0.0
2016-11-16 00:00:00-05:00,7.159899237547291,7.210595362880195,7.140400155639313,7.187197208404541,102800,0.0,0.0
2016-11-17 00:00:00-05:00,7.1871972010460645,7.214495171875366,7.175497751913255,7.1949968338012695,90300,0.0,0.0
2016-11-18 00:00:00-05:00,7.206694596627868,7.218394044230622,7.194995892838936,7.214494228363037,67800,0.0,0.0
2016-11-21 00:00:00-05:00,7.237893573765262,7.257392656319881,7.2066957854918146,7.245693206787109,108700,0.0,0.0
2016-11-22 00:00:00-05:00,7.272989508572759,7.3041872896827735,7.261290805540113,7.276889324188232,92100,0.0,0.0
2016-11-23 00:00:00-05:00,7.253492602973687,7.3158881774832905,7.249592786590097,7.3041887283325195,41600,0.0,0.0
2016-11-25 00:00:00-05:00,7.323689932442992,7.3821857075193815,7.323689932442992,7.350987911224365,40100,0.0,0.0
2016-11-28 00:00:00-05:00,7.362684249718914,7.362684249718914,7.269090890963907,7.300288677215576,120400,0.0,0.0
2016-11-29 00:00:00-05:00,7.276890526966226,7.3158879457529675,7.25349237321974,7.265191078186035,121100,0.0,0.0
2016-11-30 00:00:00-05:00,7.257393863743366,7.272992388568268,7.214496618800268,7.233994960784912,134700,0.0,0.0
2016-12-01 00:00:00-05:00,7.214494464598854,7.245692248747268,7.15989852829259,7.1832966804504395,94800,0.0,0.0
2016-12-02 00:00:00-05:00,7.159899484643764,7.194997089475464,7.136500585546667,7.148200035095215,93000,0.0,0.0
2016-12-05 00:00:00-05:00,7.144299964706351,7.222294804630572,7.144299964706351,7.1949968338012695,100000,0.0,0.0
2016-12-06 00:00:00-05:00,7.187196495336381,7.2183942794799805,7.167697415362978,7.2183942794799805,97100,0.0,0.0
2016-12-07 00:00:00-05:00,7.191097250061086,7.288590431213379,7.179397800549791,7.288590431213379,117200,0.0,0.0
2016-12-08 00:00:00-05:00,7.272989500408221,7.2846889472415075,7.241791719333229,7.24959135055542,174200,0.0,0.0
2016-12-09 00:00:00-05:00,7.245693667649837,7.319788698442322,7.245693667649837,7.31588888168335,52600,0.0,0.0
2016-12-12 00:00:00-05:00,7.331488585444159,7.331488585444159,7.28469226442919,7.327589511871338,91400,0.0,0.0
2016-12-13 00:00:00-05:00,7.33149048254659,7.386087196277026,7.3080923159845765,7.374387741088867,63500,0.0,0.0
2016-12-14 00:00:00-05:00,7.3509841021160724,7.366582620273725,7.331485024651819,7.343184471130371,97400,0.0,0.0
2016-12-15 00:00:00-05:00,7.350987911224364,7.3860855250330255,7.34708809371072,7.350987911224365,92200,0.0,0.0
2016-12-16 00:00:00-05:00,7.382184271100525,7.40558242781546,7.362685187326418,7.378284454345703,110000,0.0,0.0
2016-12-19 00:00:00-05:00,7.405580526740565,7.421179789755388,7.386082191785838,7.397780895233154,84200,0.0,0.0
2016-12-20 00:00:00-05:00,7.405581463825392,7.4523785149776485,7.3977818313310335,7.448478698730469,128300,0.0,0.0
2016-12-21 00:00:00-05:00,7.440680277978379,7.456279545507495,7.421181937381001,7.428980827331543,77100,0.0,0.0
2016-12-22 00:00:00-05:00,7.4409193853639195,7.46081458734886,7.425002616613321,7.4369401931762695,111500,0.38,0.0
2016-12-23 00:00:00-05:00,7.440916467182149,7.488665236801197,7.413062132792526,7.47274923324585,58700,0.0,0.0
2016-12-27 00:00:00-05:00,7.480708692444553,7.488667075652922,7.4448967269600885,7.452855110168457,106100,0.0,0.0
2016-12-28 00:00:00-05:00,7.460812238868174,7.472749811673467,7.389188319942549,7.397146701812744,54500,0.0,0.0
2016-12-29 00:00:00-05:00,7.417042961307641,7.421022152813445,7.369294181144342,7.3732733726501465,84500,0.0,0.0
2016-12-30 00:00:00-05:00,7.401125544430539,7.409083925926192,7.325522438127906,7.329501628875732,69300,0.0,0.0
2017-01-03 00:00:00-05:00,7.381232261502483,7.4369401931762695,7.37725382826814,7.4369401931762695,60500,0.0,0.0
2017-01-04 00:00:00-05:00,7.45683474083697,7.536417059700138,7.428981156920834,7.496625900268555,77900,0.0,0.0
2017-01-05 00:00:00-05:00,7.432960226644657,7.516520977020264,7.428981034871548,7.516520977020264,98300,0.0,0.0
2017-01-06 00:00:00-05:00,7.508562535359646,7.528457733107005,7.46081299823158,7.500604152679443,123000,0.0,0.0
2017-01-09 00:00:00-05:00,7.516522013275639,7.564271562182649,7.488668425977106,7.5403971672058105,112500,0.0,0.0
2017-01-10 00:00:00-05:00,7.556310623469532,7.580185010376711,7.524477854608934,7.548352241516113,86300,0.0,0.0
2017-01-11 00:00:00-05:00,7.548352331881267,7.619976252413327,7.528457135712621,7.572227478027344,48400,0.0,0.0
2017-01-12 00:00:00-05:00,7.5403971672058105,7.560292369860953,7.5045851952638865,7.5403971672058105,40700,0.0,0.0
2017-01-13 00:00:00-05:00,7.544375109455485,7.568250261831447,7.532438292220787,7.536417484283447,48100,0.0,0.0
2017-01-17 00:00:00-05:00,7.544374189949621,7.544374189949621,7.484687834190836,7.492646217346191,85700,0.0,0.0
2017-01-18 00:00:00-05:00,7.5006049688810545,7.516520977020264,7.480709010015509,7.516520977020264,85100,0.0,0.0
2017-01-19 00:00:00-05:00,7.500604556863211,7.516520564128132,7.460813400271127,7.480708599090576,59600,0.0,0.0
2017-01-20 00:00:00-05:00,7.508563475784001,7.508563475784001,7.472751508190901,7.496625900268555,60700,0.0,0.0
2017-01-23 00:00:00-05:00,7.492646354328188,7.492646354328188,7.464792771728409,7.4767303466796875,62500,0.0,0.0
2017-01-24 00:00:00-05:00,7.496624261712172,7.55631060833713,7.484686688805951,7.544373035430908,68700,0.0,0.0
2017-01-25 00:00:00-05:00,7.592122067765028,7.639871597290039,7.54835172894652,7.639871597290039,140100,0.0,0.0
2017-01-26 00:00:00-05:00,7.655787601163026,7.655787601163026,7.60803883059104,7.639871597290039,110700,0.0,0.0
2017-01-27 00:00:00-05:00,7.639870184238481,7.639870184238481,7.580183093633538,7.596099853515625,96800,0.0,0.0
2017-01-30 00:00:00-05:00,7.588143422674419,7.588143422674419,7.516519502713386,7.556310653686523,87800,0.0,0.0
2017-01-31 00:00:00-05:00,7.5403947087856595,7.584164292147297,7.512540371615236,7.572227478027344,91500,0.0,0.0
2017-02-01 00:00:00-05:00,7.5961036116288545,7.619978004310772,7.536417250447433,7.58018684387207,87300,0.0,0.0
2017-02-02 00:00:00-05:00,7.600081813887692,7.623956203460693,7.560290658630583,7.623956203460693,131400,0.0,0.0
2017-02-03 00:00:00-05:00,7.643852304856582,7.671706648095209,7.612019528679974,7.663748264312744,113100,0.0,0.0
2017-02-06 00:00:00-05:00,7.663745488564707,7.67170386946471,7.608038340170644,7.635891914367676,132100,0.0,0.0
2017-02-07 00:00:00-05:00,7.64783145418804,7.6637482216643935,7.627936253795844,7.651810646057129,81200,0.0,0.0
2017-02-08 00:00:00-05:00,7.663745793742883,7.715473753746806,7.6438498407006,7.691599369049072,159900,0.0,0.0
2017-02-09 00:00:00-05:00,7.695579498826338,7.723433077531779,7.67568430230905,7.687621116638184,116100,0.0,0.0
2017-02-10 00:00:00-05:00,7.687622997476824,7.739351735402579,7.679664613341587,7.735372543334961,126200,0.0,0.0
2017-02-13 00:00:00-05:00,7.735371560614418,7.751287567909599,7.703538787070869,7.727413177490234,99200,0.0,0.0
2017-02-14 00:00:00-05:00,7.7274159224499845,7.751290321350098,7.703541523549872,7.751290321350098,98300,0.0,0.0
2017-02-15 00:00:00-05:00,7.727412668568871,7.787099020162981,7.727412668568871,7.771183013916016,110700,0.0,0.0
2017-02-16 00:00:00-05:00,7.771181999022299,7.775161189802654,7.731390850171787,7.755265235900879,99000,0.0,0.0
2017-02-17 00:00:00-05:00,7.727411356637648,7.739348928511008,7.691599399970575,7.699557781219482,119900,0.0,0.0
2017-02-21 00:00:00-05:00,7.723433985928142,7.73935075217651,7.711496411241866,7.727413177490234,86800,0.0,0.0
2017-02-22 00:00:00-05:00,7.723435932833852,7.751289521836577,7.7075199215266,7.739352703094482,87900,0.0,0.0
2017-02-23 00:00:00-05:00,7.75128988451453,7.763227462768555,7.727415486959894,7.763227462768555,125600,0.0,0.0
2017-02-24 00:00:00-05:00,7.735373257718421,7.7791428565979,7.723435680413097,7.7791428565979,57900,0.0,0.0
2017-02-27 00:00:00-05:00,7.783120474014832,7.858723597075876,7.771183658078436,7.846786022186279,119500,0.0,0.0
2017-02-28 00:00:00-05:00,7.846785173920132,7.858722747519233,7.787098823830863,7.822910785675049,85100,0.0,0.0
2017-03-01 00:00:00-05:00,7.858723134225337,7.878618332249708,7.84678556003882,7.850764751434326,77500,0.0,0.0
2017-03-02 00:00:00-05:00,7.866681980335607,7.866681980335607,7.830870014620018,7.846786022186279,44800,0.0,0.0
2017-03-03 00:00:00-05:00,7.858723134225337,7.862702325620842,7.810973596432428,7.850764751434326,58800,0.0,0.0
2017-03-06 00:00:00-05:00,7.838826579449444,7.838826579449444,7.787097859214285,7.818930625915527,59000,0.0,0.0
2017-03-07 00:00:00-05:00,7.810974597930908,7.822912173648023,7.759246621063251,7.810974597930908,91300,0.0,0.0
2017-03-08 00:00:00-05:00,7.818932518849086,7.826890902189347,7.799037319451642,7.814953327178955,85200,0.0,0.0
2017-03-09 00:00:00-05:00,7.827124362908611,7.827124362908611,7.737856512586791,7.786548137664795,83700,0.38,0.0
2017-03-10 00:00:00-05:00,7.8230674666623,7.8230674666623,7.745972708171749,7.758145809173584,65700,0.0,0.0
2017-03-13 00:00:00-04:00,7.774377564557692,7.782492967029357,7.72568669758246,7.754089832305908,48900,0.0,0.0
2017-03-14 00:00:00-04:00,7.741913528767734,7.762201252634346,7.689164982358311,7.721625804901123,67800,0.0,0.0
2017-03-15 00:00:00-04:00,7.729741906835967,7.774375836582161,7.701338778425555,7.758145809173584,100600,0.0,0.0
2017-03-16 00:00:00-04:00,7.77031814038779,7.778433541060004,7.7297419109539245,7.762202739715576,81100,0.0,0.0
2017-03-17 00:00:00-04:00,7.774377639934842,7.802780774933675,7.75814760876153,7.770319938659668,81800,0.0,0.0
2017-03-20 00:00:00-04:00,7.770321804388288,7.8027826484564535,7.762206399889354,7.7946672439575195,73800,0.0,0.0
2017-03-21 00:00:00-04:00,7.810896547348073,7.814954248815389,7.71757173538208,7.71757173538208,110300,0.0,0.0
2017-03-22 00:00:00-04:00,7.717567129782321,7.762200271432303,7.709451731690702,7.745970249176025,71100,0.0,0.0
2017-03-23 00:00:00-04:00,7.745974212113713,7.794665077720363,7.721628779310388,7.774377346038818,93700,0.0,0.0
2017-03-24 00:00:00-04:00,7.778435265793524,7.819011504224468,7.7338013261267475,7.754089832305908,84500,0.0,0.0
2017-03-27 00:00:00-04:00,7.729741906835967,7.758145809173585,7.701338778425555,7.758145809173584,129400,0.0,0.0
2017-03-28 00:00:00-04:00,7.766262526409578,7.827127273874913,7.741917091779893,7.8230695724487305,72800,0.0,0.0
2017-03-29 00:00:00-04:00,7.81495101943329,7.827124118804932,7.790605594617109,7.827124118804932,88800,0.0,0.0
2017-03-30 00:00:00-04:00,7.831181044668377,7.835238744458924,7.786547894826562,7.827124118804932,80700,0.0,0.0
2017-03-31 00:00:00-04:00,7.814952451648898,7.831182479858398,7.806837050580526,7.831182479858398,83300,0.0,0.0
2017-04-03 00:00:00-04:00,7.831182370498814,7.847413172408901,7.794663840128352,7.839297771453857,71000,0.0,0.0
2017-04-04 00:00:00-04:00,7.794663902137985,7.8190101051967975,7.782491574535816,7.79060697555542,91100,0.0,0.0
2017-04-05 00:00:00-04:00,7.7824912413961105,7.839297498247199,7.762202739715576,7.762202739715576,130800,0.0,0.0
2017-04-06 00:00:00-04:00,7.786548448741343,7.855527802233453,7.770317648424538,7.84335470199585,125300,0.0,0.0
2017-04-07 00:00:00-04:00,7.843356022577995,7.855529124865178,7.823068292693309,7.851471424102783,127400,0.0,0.0
2017-04-10 00:00:00-04:00,7.859587009176248,7.883932440391878,7.839298504890468,7.855529308319092,135700,0.0,0.0
2017-04-11 00:00:00-04:00,7.859587268851612,7.8839327008716,7.810895630884309,7.87581729888916,53800,0.0,0.0
2017-04-12 00:00:00-04:00,7.879872934870701,7.879872934870701,7.806835884023593,7.847412109375,78300,0.0,0.0
2017-04-13 00:00:00-04:00,7.835241536270565,7.8433569387432955,7.790608370525296,7.814953804016113,84900,0.0,0.0
2017-04-17 00:00:00-04:00,7.843356864580566,7.859587669372559,7.806838327725953,7.859587669372559,87300,0.0,0.0
2017-04-18 00:00:00-04:00,7.851469543621112,7.851469543621112,7.802777920061649,7.827124118804932,63300,0.0,0.0
2017-04-19 00:00:00-04:00,7.851469809302854,7.867699835087141,7.827124383662861,7.847412109375,65700,0.0,0.0
2017-04-20 00:00:00-04:00,7.867699779904804,7.900160605172831,7.855527454133745,7.8961029052734375,70400,0.0,0.0
2017-04-21 00:00:00-04:00,7.904221129655359,7.916394233703614,7.879875695486248,7.916394233703613,65200,0.0,0.0
2017-04-24 00:00:00-04:00,7.9731994409109115,7.997544871831716,7.940738608374074,7.985372543334961,206700,0.0,0.0
2017-04-25 00:00:00-04:00,8.00565983790974,8.030006041433314,7.993487510075205,8.021890640258789,81700,0.0,0.0
2017-04-26 00:00:00-04:00,8.021890640258789,8.042178369267848,8.009717538497002,8.021890640258789,98000,0.0,0.0
2017-04-27 00:00:00-04:00,8.03000736557872,8.046237396676844,7.997545755527713,8.034064292907715,52200,0.0,0.0
2017-04-28 00:00:00-04:00,8.046237210033311,8.050294911195563,8.013776374662658,8.025949478149414,72000,0.0,0.0
2017-05-01 00:00:00-04:00,8.046236808625839,8.046236808625839,8.025949077754047,8.042179107666016,73500,0.0,0.0
2017-05-02 00:00:00-04:00,8.042175871722804,8.042175871722804,8.017830449687098,8.030003547668457,50300,0.0,0.0
2017-05-03 00:00:00-04:00,8.021891376794224,8.042179107666016,8.005660572954934,8.042179107666016,78400,0.0,0.0
2017-05-04 00:00:00-04:00,8.04623304241169,8.050290741472217,7.989426803418209,7.997541427612305,74400,0.0,0.0
2017-05-05 00:00:00-04:00,8.017834261809591,8.034064292907715,8.005661158040464,8.034064292907715,62600,0.0,0.0
2017-05-08 00:00:00-04:00,8.030007179311665,8.046237210033311,8.01783407582491,8.025949478149414,98100,0.0,0.0
2017-05-09 00:00:00-04:00,8.038120668680586,8.038120668680586,8.009717538497002,8.021890640258789,72800,0.0,0.0
2017-05-10 00:00:00-04:00,8.013776596232939,8.038122029952206,7.9975457911351695,8.009718894958496,82800,0.0,0.0
2017-05-11 00:00:00-04:00,8.009718528703676,8.009718528703676,7.956969962402694,8.001603126525879,93100,0.0,0.0
2017-05-12 00:00:00-04:00,7.9853728369130055,7.99754516585727,7.952912003182763,7.9813151359558105,61600,0.0,0.0
2017-05-15 00:00:00-04:00,8.001603126525879,8.034063961309716,7.989430797186532,8.001603126525879,71800,0.0,0.0
2017-05-16 00:00:00-04:00,8.021888149014218,8.038118172395684,8.001599652378617,8.030003547668457,79500,0.0,0.0
2017-05-17 00:00:00-04:00,8.009717706625771,8.009717706625771,7.879874380816897,7.90827751159668,123200,0.0,0.0
2017-05-18 00:00:00-04:00,7.928565689840195,7.936680316925049,7.887989458706973,7.936680316925049,75100,0.0,0.0
2017-05-19 00:00:00-04:00,7.952911710798124,7.993487944950995,7.944796309182091,7.985372543334961,58700,0.0,0.0
2017-05-22 00:00:00-04:00,8.034064695302133,8.034064695302133,8.001603857552672,8.017834663391113,66600,0.0,0.0
2017-05-23 00:00:00-04:00,8.050295501140575,8.050295501140575,7.993489228560872,8.017834663391113,75300,0.0,0.0
2017-05-24 00:00:00-04:00,8.042175871722804,8.054348969704165,8.005657351705738,8.030003547668457,132200,0.0,0.0
2017-05-25 00:00:00-04:00,8.04623563607709,8.066523363992424,8.042177935708581,8.058408737182617,56900,0.0,0.0
2017-05-26 00:00:00-04:00,8.074639320373535,8.078697021021268,8.046236189766665,8.074639320373535,88500,0.0,0.0
2017-05-30 00:00:00-04:00,8.054351220476853,8.094927451159988,8.030005791637862,8.062466621398926,85700,0.0,0.0
2017-05-31 00:00:00-04:00,8.074639168279878,8.074639168279878,8.0340629364941,8.046236038208008,59100,0.0,0.0
2017-06-01 00:00:00-04:00,8.074639654158918,8.107100486755371,8.058409624824339,8.107100486755371,96600,0.0,0.0
2017-06-02 00:00:00-04:00,8.123333342046577,8.131448745727539,8.086814799409732,8.131448745727539,44700,0.0,0.0
2017-06-05 00:00:00-04:00,8.135502597213225,8.167963425734577,8.115214869610078,8.1517333984375,96600,0.0,0.0
2017-06-06 00:00:00-04:00,8.147675543719801,8.147675543719801,8.115214715813634,8.123330116271973,82000,0.0,0.0
2017-06-07 00:00:00-04:00,8.147678046740657,8.147678046740657,8.10710180591086,8.115217208862305,81300,0.0,0.0
2017-06-08 00:00:00-04:00,8.127625023226068,8.15244197845459,8.098671777306665,8.15244197845459,88500,0.38,0.0
2017-06-09 00:00:00-04:00,8.181394773816145,8.1938028550922,8.106943130493164,8.106943130493164,86700,0.0,0.0
2017-06-12 00:00:00-04:00,8.115217181545079,8.135897846698086,8.044901815541328,8.061446189880371,139200,0.0,0.0
2017-06-13 00:00:00-04:00,8.10694323622072,8.140032768249512,8.073853704191928,8.140032768249512,106400,0.0,0.0
2017-06-14 00:00:00-04:00,8.160712131132655,8.164848420592541,8.09453307760758,8.127622604370117,96900,0.0,0.0
2017-06-15 00:00:00-04:00,8.12348750183346,8.12348750183346,8.065581018767435,8.106943130493164,111900,0.0,0.0
2017-06-16 00:00:00-04:00,8.173123702619092,8.173123702619092,8.09039946389499,8.115217208862305,87400,0.0,0.0
2017-06-19 00:00:00-04:00,8.148305558448873,8.206212043762207,8.148305558448873,8.206212043762207,106900,0.0,0.0
2017-06-20 00:00:00-04:00,8.206212380634785,8.206212380634785,8.131760731366079,8.148305892944336,139200,0.0,0.0
2017-06-21 00:00:00-04:00,8.160713294061406,8.168985874160049,8.106943101253558,8.12348747253418,89400,0.0,0.0
2017-06-22 00:00:00-04:00,8.123490017797796,8.193805392834243,8.119353726452486,8.164852142333984,116500,0.0,0.0
2017-06-23 00:00:00-04:00,8.197940006082671,8.202076296581293,8.131760935938216,8.144169807434082,116700,0.0,0.0
2017-06-26 00:00:00-04:00,8.210348774912244,8.222756857336206,8.156577788019288,8.181395530700684,112500,0.0,0.0
2017-06-27 00:00:00-04:00,8.20207609024022,8.20207609024022,8.131760731366079,8.148305892944336,75300,0.0,0.0
2017-06-28 00:00:00-04:00,8.152440343645155,8.20207503306573,8.135895973116046,8.185530662536621,60800,0.0,0.0
2017-06-29 00:00:00-04:00,8.197940006082671,8.197940006082671,8.090398819868746,8.144169807434082,98600,0.0,0.0
2017-06-30 00:00:00-04:00,8.21862197435156,8.21862197435156,8.135897737021095,8.168987274169922,62500,0.0,0.0
2017-07-03 00:00:00-04:00,8.206212792344694,8.210349082946777,8.168986965842702,8.210349082946777,38300,0.0,0.0
2017-07-05 00:00:00-04:00,8.189667629936357,8.210349082946777,8.140033720544878,8.210349082946777,80400,0.0,0.0
2017-07-06 00:00:00-04:00,8.185533295473835,8.193805088940762,8.11521792304526,8.13589859008789,98700,0.0,0.0
2017-07-07 00:00:00-04:00,8.160713331243446,8.181394781584281,8.14830524995561,8.177258491516113,56400,0.0,0.0
2017-07-10 00:00:00-04:00,8.168984931367701,8.193801879882812,8.160712352223808,8.193801879882812,91400,0.0,0.0
2017-07-11 00:00:00-04:00,8.185530293614137,8.193802084047569,8.148304475455632,8.189665794372559,108000,0.0,0.0
2017-07-12 00:00:00-04:00,8.218621632732013,8.247574877919151,8.189667598628112,8.226893424987793,106700,0.0,0.0
2017-07-13 00:00:00-04:00,8.226894000476012,8.235166582227238,8.202077044139147,8.218622207641602,88800,0.0,0.0
2017-07-14 00:00:00-04:00,8.218623017773917,8.272393226623535,8.214486726490577,8.272393226623535,87100,0.0,0.0
2017-07-17 00:00:00-04:00,8.27652761283119,8.342706680297852,8.25171065976037,8.342706680297852,151300,0.0,0.0
2017-07-18 00:00:00-04:00,8.342706135725544,8.342706135725544,8.297207733968365,8.334433555603027,74100,0.0,0.0
2017-07-19 00:00:00-04:00,8.34684246270609,8.396476365827402,8.338569882546983,8.388204574584961,145100,0.0,0.0
2017-07-20 00:00:00-04:00,8.4171574745799,8.4171574745799,8.359250204733222,8.375795364379883,99300,0.0,0.0
2017-07-21 00:00:00-04:00,8.37993397387781,8.37993397387781,8.359252518594806,8.367525100708008,50200,0.0,0.0
2017-07-24 00:00:00-04:00,8.388204234114879,8.396476025021574,8.371659074468218,8.375795364379883,71400,0.0,0.0
2017-07-25 00:00:00-04:00,8.413022349094524,8.446111884051053,8.379932814137993,8.441975593566895,92300,0.0,0.0
2017-07-26 00:00:00-04:00,8.450248174535213,8.454384465019372,8.417158639578682,8.441975593566895,75800,0.0,0.0
2017-07-27 00:00:00-04:00,8.479202725466575,8.479202725466575,8.363388940815986,8.38407039642334,81800,0.0,0.0
2017-07-28 00:00:00-04:00,8.375795667298947,8.375795667298947,8.322025474335916,8.334433555603027,70200,0.0,0.0
2017-07-31 00:00:00-04:00,8.338573363587603,8.363390325508407,8.301347526247898,8.3054838180542,107000,0.0,0.0
2017-08-01 00:00:00-04:00,8.334433118515156,8.35925006866455,8.309616168365759,8.35925006866455,53400,0.0,0.0
2017-08-02 00:00:00-04:00,8.384068247421464,8.384068247421464,8.305480314090882,8.334433555603027,86600,0.0,0.0
2017-08-03 00:00:00-04:00,8.359253677242153,8.36338996887207,8.313756047146981,8.36338996887207,69600,0.0,0.0
2017-08-04 00:00:00-04:00,8.355115005909319,8.384068247421464,8.334433555603027,8.334433555603027,86900,0.0,0.0
2017-08-07 00:00:00-04:00,8.355117147489908,8.392342978666282,8.350980856368437,8.38407039642334,105600,0.0,0.0
2017-08-08 00:00:00-04:00,8.384069647991,8.404750312835361,8.371660775734307,8.37993335723877,90100,0.0,0.0
2017-08-09 00:00:00-04:00,8.375793981299823,8.37993027052847,8.272389117333159,8.313751220703125,72500,0.0,0.0
2017-08-10 00:00:00-04:00,8.2806645522593,8.2806645522593,8.082127334296565,8.102807998657227,156200,0.0,0.0
2017-08-11 00:00:00-04:00,8.020082223745785,8.21448390265003,7.871179733317306,8.185530662536621,229900,0.0,0.0
2017-08-14 00:00:00-04:00,8.226892507586777,8.305480442128877,8.226892507586777,8.28066349029541,83600,0.0,0.0
2017-08-15 00:00:00-04:00,8.284800600927756,8.29720868361502,8.239302193963114,8.264119148254395,91500,0.0,0.0
2017-08-16 00:00:00-04:00,8.268257141113281,8.309619266059162,8.247576473098798,8.268257141113281,87100,0.0,0.0
2017-08-17 00:00:00-04:00,8.301344108236396,8.305480398339613,8.140032738794336,8.156577110290527,82900,0.0,0.0
2017-08-18 00:00:00-04:00,8.181394781584281,8.189666572803949,8.115215718326942,8.177258491516113,66400,0.0,0.0
2017-08-21 00:00:00-04:00,8.18966773338072,8.18966773338072,8.156578197062856,8.173123359680176,28900,0.0,0.0
2017-08-22 00:00:00-04:00,8.197938957362624,8.255845439102158,8.168985716492857,8.251709938049316,67300,0.0,0.0
2017-08-23 00:00:00-04:00,8.251710452338157,8.28066369501244,8.251710452338157,8.276527404785156,70400,0.0,0.0
2017-08-24 00:00:00-04:00,8.288936070545457,8.288936070545457,8.239301377961848,8.28066349029541,102600,0.0,0.0
2017-08-25 00:00:00-04:00,8.350977034844444,8.350977034844444,8.280661695790453,8.313751220703125,148900,0.0,0.0
2017-08-28 00:00:00-04:00,8.34270849080445,8.34270849080445,8.280665700204723,8.309618949890137,35200,0.0,0.0
2017-08-29 00:00:00-04:00,8.288938282662523,8.309618949890137,8.247576159290412,8.309618949890137,81000,0.0,0.0
2017-08-30 00:00:00-04:00,8.31375323288675,8.346842765808105,8.31375323288675,8.346842765808105,73700,0.0,0.0
2017-08-31 00:00:00-04:00,8.371660130824948,8.408885955810547,8.338570596272941,8.408885955810547,56400,0.0,0.0
2017-09-01 00:00:00-04:00,8.42956713186117,8.437839713231604,8.408886467351865,8.433703422546387,48700,0.0,0.0
2017-09-05 00:00:00-04:00,8.417159838002542,8.433704213378,8.330299303301599,8.350980758666992,50500,0.0,0.0
2017-09-06 00:00:00-04:00,8.379931557651396,8.413021087646484,8.371658977923468,8.413021087646484,38700,0.0,0.0
2017-09-07 00:00:00-04:00,8.417156765051258,8.450246292638646,8.404747896362274,8.425429344177246,83000,0.0,0.0
2017-09-08 00:00:00-04:00,8.433862809845309,8.450721687588958,8.37906964837224,8.383284568786621,60300,0.38,0.0
2017-09-11 00:00:00-04:00,8.412787266663859,8.471795341950276,8.408573150634766,8.408573150634766,64800,0.0,0.0
2017-09-12 00:00:00-04:00,8.421213807284927,8.484435973831244,8.421213807284927,8.442288398742676,82300,0.0,0.0
2017-09-13 00:00:00-04:00,8.442291323500795,8.50972843170166,8.438076403749024,8.50972843170166,85800,0.0,0.0
2017-09-14 00:00:00-04:00,8.488653503873536,8.52658697625522,8.467579709845362,8.492868423461914,90500,0.0,0.0
2017-09-15 00:00:00-04:00,8.509728299346241,8.535017013549805,8.49286862060138,8.535017013549805,75800,0.0,0.0
2017-09-18 00:00:00-04:00,8.547663225376759,8.594025741977482,8.535018464168997,8.556092262268066,78500,0.0,0.0
2017-09-19 00:00:00-04:00,8.556088667123442,8.61509672405146,8.556088667123442,8.610881805419922,92900,0.0,0.0
2017-09-20 00:00:00-04:00,8.63195707353867,8.657246589660645,8.61931311939135,8.657246589660645,90800,0.0,0.0
2017-09-21 00:00:00-04:00,8.644599902028087,8.657244657266624,8.606666440225966,8.63195514678955,66000,0.0,0.0
2017-09-22 00:00:00-04:00,8.6024534419767,8.661460705100641,8.594023603269376,8.657246589660645,110800,0.0,0.0
2017-09-25 00:00:00-04:00,8.657245752980165,8.690964300637065,8.577163900827431,8.619312286376953,137100,0.0,0.0
2017-09-26 00:00:00-04:00,8.661459094774735,8.661459094774735,8.627740550128005,8.636170387268066,48400,0.0,0.0
2017-09-27 00:00:00-04:00,8.682534517655364,8.703608308606608,8.653030888758186,8.661459922790527,72600,0.0,0.0
2017-09-28 00:00:00-04:00,8.703609466552734,8.728898179841408,8.67832075326406,8.703609466552734,84500,0.0,0.0
2017-09-29 00:00:00-04:00,8.72468376159668,8.766831347644636,8.707824084046559,8.72468376159668,72300,0.0,0.0
2017-10-02 00:00:00-04:00,8.733112796458068,8.766831347644636,8.72468376159668,8.72468376159668,56100,0.0,0.0
2017-10-03 00:00:00-04:00,8.75418598671249,8.766829938929689,8.737326311871497,8.745756149291992,85400,0.0,0.0
2017-10-04 00:00:00-04:00,8.716253076420523,8.724682914376995,8.66145993361705,8.674104690551758,184900,0.0,0.0
2017-10-05 00:00:00-04:00,8.68674965101433,8.745756910264966,8.67831981286035,8.716253280639648,78700,0.0,0.0
2017-10-06 00:00:00-04:00,8.733111959304177,8.749971635238134,8.686749458312988,8.686749458312988,61600,0.0,0.0
2017-10-09 00:00:00-04:00,8.690964366464701,8.724682914376995,8.669889771573523,8.674104690551758,61200,0.0,0.0
2017-10-10 00:00:00-04:00,8.703611826268386,8.712041667621335,8.669893264770508,8.669893264770508,141100,0.0,0.0
2017-10-11 00:00:00-04:00,8.695178481529343,8.712038157442286,8.674104690551758,8.674104690551758,61000,0.0,0.0
2017-10-12 00:00:00-04:00,8.68253292872691,8.724681306829718,8.66567325592041,8.66567325592041,81000,0.0,0.0
2017-10-13 00:00:00-04:00,8.707822719552496,8.720467475733685,8.640385627746582,8.640385627746582,76300,0.0,0.0
2017-10-16 00:00:00-04:00,8.690967873890253,8.716256594051876,8.644604550332343,8.682538032531738,126300,0.0,0.0
2017-10-17 00:00:00-04:00,8.699394105718014,8.74997233364334,8.682535232352011,8.737327575683594,79800,0.0,0.0
2017-10-18 00:00:00-04:00,8.771045363289176,8.787905039102125,8.724682862630745,8.766830444335938,131600,0.0,0.0
2017-10-19 00:00:00-04:00,8.758400482045582,8.796333944690582,8.749970645032581,8.792119026184082,84500,0.0,0.0
2017-10-20 00:00:00-04:00,8.825839978755544,8.83848393381188,8.80055046081543,8.80055046081543,89800,0.0,0.0
2017-10-23 00:00:00-04:00,8.834267539760553,8.863771972433215,8.762616329296291,8.766830444335938,86500,0.0,0.0
2017-10-24 00:00:00-04:00,8.787904107677582,8.80897789629658,8.779474270664581,8.792119026184082,94300,0.0,0.0
2017-10-25 00:00:00-04:00,8.79212002115943,8.80897889317979,8.67410470136252,8.686749458312988,89500,0.0,0.0
2017-10-26 00:00:00-04:00,8.716253087283816,8.741541797271156,8.665674863395543,8.686749458312988,110600,0.0,0.0
2017-10-27 00:00:00-04:00,8.737326311871497,8.775259776350184,8.703607766103058,8.745756149291992,75800,0.0,0.0
2017-10-30 00:00:00-04:00,8.75840395584246,8.787907593176325,8.74997411548598,8.775262832641602,61500,0.0,0.0
2017-10-31 00:00:00-04:00,8.804767118423298,8.808982038911957,8.766833637939252,8.796338081359863,64500,0.0,0.0
2017-11-01 00:00:00-04:00,8.834268569946289,8.846913328280536,8.808979857191476,8.834268569946289,30400,0.0,0.0
2017-11-02 00:00:00-04:00,8.808981533441829,8.825841214429035,8.754189178061084,8.762619018554688,67600,0.0,0.0
2017-11-03 00:00:00-04:00,8.766832172341505,8.783691851477618,8.741543457551085,8.74997329711914,56500,0.0,0.0
2017-11-06 00:00:00-05:00,8.766831907475666,8.817410139442174,8.766831907475666,8.80055046081543,71200,0.0,0.0
2017-11-07 00:00:00-05:00,8.779477752819842,8.821626150688427,8.75840395584246,8.775262832641602,69400,0.0,0.0
2017-11-08 00:00:00-05:00,8.796337433532806,8.796337433532806,8.75418903566422,8.775262832641602,61700,0.0,0.0
2017-11-09 00:00:00-05:00,8.762615513696556,8.762615513696556,8.682533668866023,8.754185676574707,105400,0.0,0.0
2017-11-10 00:00:00-05:00,8.716252959082627,8.771045297234894,8.707823121239638,8.712038040161133,55200,0.0,0.0
2017-11-13 00:00:00-05:00,8.699393733156692,8.71625340971432,8.657246149589875,8.690964698791504,67800,0.0,0.0
2017-11-14 00:00:00-05:00,8.665672544993072,8.674102380704744,8.556087092481487,8.615095138549805,111300,0.0,0.0
2017-11-15 00:00:00-05:00,8.568731616186218,8.58137636941452,8.488649786900359,8.560301780700684,96600,0.0,0.0
2017-11-16 00:00:00-05:00,8.577165403748738,8.69517993927002,8.572950484063874,8.69517993927002,86200,0.0,0.0
2017-11-17 00:00:00-05:00,8.682537141693135,8.762619018554688,8.648818583632561,8.762619018554688,93900,0.0,0.0
2017-11-20 00:00:00-05:00,8.779477752819842,8.787907593176325,8.699395877260912,8.775262832641602,74800,0.0,0.0
2017-11-21 00:00:00-05:00,8.821623055518304,8.910133936464808,8.796334347235522,8.863771438598633,107700,0.0,0.0
2017-11-22 00:00:00-05:00,8.872201938701323,8.93963904121211,8.872201938701323,8.897491455078125,71200,0.0,0.0
2017-11-24 00:00:00-05:00,8.931212612970855,8.973361015319824,8.905923089213129,8.973361015319824,28600,0.0,0.0
2017-11-27 00:00:00-05:00,8.990214269700807,8.990214269700807,8.905917517738283,8.93542194366455,60400,0.0,0.0
2017-11-28 00:00:00-05:00,8.94806939251978,8.956499231794881,8.889062125421523,8.9312105178833,60800,0.0,0.0
2017-11-29 00:00:00-05:00,8.943854472882231,8.956499231794881,8.910135919695552,8.9312105178833,52600,0.0,0.0
2017-11-30 00:00:00-05:00,8.948071491562096,8.990219893911066,8.914352930465704,8.973361015319824,103300,0.0,0.0
2017-12-01 00:00:00-05:00,8.943853758568572,8.96071343577225,8.830054153098375,8.855342864990234,91900,0.0,0.0
2017-12-04 00:00:00-05:00,8.880631637769975,8.939638900560103,8.87220179911034,8.910135269165039,45200,0.0,0.0
2017-12-05 00:00:00-05:00,8.884843949087928,8.884843949087928,8.834265735890247,8.8595552444458,51200,0.0,0.0
2017-12-06 00:00:00-05:00,8.838482748935045,8.893275893212731,8.838482748935045,8.889060974121094,37400,0.0,0.0
2017-12-07 00:00:00-05:00,8.889058867180522,8.893273785273113,8.838480653982838,8.8595552444458,54900,0.0,0.0
2017-12-08 00:00:00-05:00,8.876416667449018,8.914350137285806,8.859557794140255,8.867987632751465,77900,0.0,0.0
2017-12-11 00:00:00-05:00,8.863772764364365,8.977572370614803,8.863772764364365,8.910135269165039,81400,0.0,0.0
2017-12-12 00:00:00-05:00,8.931212612970855,9.007079576416217,8.905923089213129,8.973361015319824,77200,0.0,0.0
2017-12-13 00:00:00-05:00,8.986000830963768,8.990215749647085,8.939637529360832,8.969141960144043,59700,0.0,0.0
2017-12-14 00:00:00-05:00,8.969143990707531,8.99021778498156,8.926995598245751,8.9312105178833,54800,0.0,0.0
2017-12-15 00:00:00-05:00,8.969142453510008,9.002861000917754,8.935423906102262,8.977571487426758,169600,0.0,0.0
2017-12-18 00:00:00-05:00,9.01550429918178,9.108230900755885,8.986000672831302,9.099801063537598,110300,0.0,0.0
2017-12-19 00:00:00-05:00,9.099800531045206,9.112445286132703,9.011288853259677,9.053437232971191,111400,0.0,0.0
2017-12-20 00:00:00-05:00,9.087159031469852,9.137737266026226,9.070300155893571,9.125092506408691,63600,0.0,0.0
2017-12-21 00:00:00-05:00,9.120875497302166,9.16302388245898,9.095586787773511,9.108231544494629,93300,0.0,0.0
2017-12-22 00:00:00-05:00,9.095361791934831,9.146844511786695,9.082490702820326,9.099651336669922,47900,0.38,0.0
2017-12-26 00:00:00-05:00,9.099651065171509,9.103941428081669,8.99239444732666,8.99239444732666,62700,0.0,0.0
2017-12-27 00:00:00-05:00,8.99239377144882,9.082489749184372,8.99239377144882,9.07819938659668,85500,0.0,0.0
2017-12-28 00:00:00-05:00,9.073911581007039,9.103943309280732,9.069621217210335,9.091073036193848,47700,0.0,0.0
2017-12-29 00:00:00-05:00,9.116811173380526,9.138262166467307,9.061038100373136,9.065327644348145,56300,0.0,0.0
2018-01-02 00:00:00-05:00,9.09964957203471,9.168294549030456,9.09964957203471,9.142552375793457,69200,0.0,0.0
2018-01-03 00:00:00-05:00,9.168295860892187,9.21977857812684,9.168295860892187,9.189746856689453,85900,0.0,0.0
2018-01-04 00:00:00-05:00,9.202618514468973,9.292713684354869,9.202618514468973,9.26268196105957,61200,0.0,0.0
2018-01-05 00:00:00-05:00,9.331325831300779,9.34419692013995,9.258391297818259,9.297003746032715,127000,0.0,0.0
2018-01-08 00:00:00-05:00,9.309877076679557,9.391391537380384,9.309877076679557,9.387101173400879,103300,0.0,0.0
2018-01-09 00:00:00-05:00,9.43429110637436,9.477193913075295,9.425710381373579,9.46003246307373,89100,0.0,0.0
2018-01-10 00:00:00-05:00,9.45145329039997,9.45145329039997,9.408550480367092,9.412840843200684,53500,0.0,0.0
2018-01-11 00:00:00-05:00,9.42571059873229,9.507225851513525,9.408549966637972,9.464323043823242,55500,0.0,0.0
2018-01-12 00:00:00-05:00,9.494352413276163,9.593029092026129,9.472901423892965,9.55441665649414,47300,0.0,0.0
2018-01-16 00:00:00-05:00,9.584449695710466,9.65309385320234,9.481483459472656,9.481483459472656,73400,0.0,0.0
2018-01-17 00:00:00-05:00,9.537255647589804,9.597319893561483,9.511514295489272,9.562997817993164,52400,0.0,0.0
2018-01-18 00:00:00-05:00,9.5844520636145,9.588742426805569,9.490066528320312,9.490066528320312,68400,0.0,0.0
2018-01-19 00:00:00-05:00,9.520099422861641,9.532969695714154,9.4943572405502,9.515809059143066,74200,0.0,0.0
2018-01-22 00:00:00-05:00,9.537259447005448,9.614484352374424,9.537259447005448,9.605903625488281,108200,0.0,0.0
2018-01-23 00:00:00-05:00,9.60590215483707,9.687417411169237,9.563000163580904,9.635933876037598,84400,0.0,0.0
2018-01-24 00:00:00-05:00,9.678838819421328,9.678838819421328,9.605904272582245,9.640226364135742,78700,0.0,0.0
2018-01-25 00:00:00-05:00,9.665965453062773,9.674545359477854,9.571579117770359,9.59303092956543,69400,0.0,0.0
2018-01-26 00:00:00-05:00,9.618774110789122,9.691708648127388,9.618774110789122,9.67454719543457,84000,0.0,0.0
2018-01-29 00:00:00-05:00,9.653094585645364,9.695997391908826,9.593031147858298,9.597321510314941,75800,0.0,0.0
2018-01-30 00:00:00-05:00,9.545838515310153,9.597322049378635,9.438581902778578,9.447162628173828,164800,0.0,0.0
2018-01-31 00:00:00-05:00,9.507229160783654,9.545841619314809,9.438584971906776,9.472907066345215,149700,0.0,0.0
2018-02-01 00:00:00-05:00,9.455743136927582,9.511516214112852,9.447162411728927,9.464323043823242,93800,0.0,0.0
2018-02-02 00:00:00-05:00,9.438582172748225,9.451453261209247,9.202617945750733,9.211197853088379,127900,0.0,0.0
2018-02-05 00:00:00-05:00,9.129684347609674,9.138264255824321,8.644883937296335,8.743559837341309,528000,0.0,0.0
2018-02-06 00:00:00-05:00,8.430371389488057,8.945203567383299,8.353146480973452,8.919462203979492,411700,0.0,0.0
2018-02-07 00:00:00-05:00,8.910879925527427,9.091071074592557,8.902299199785505,9.00955581665039,152000,0.0,0.0
2018-02-08 00:00:00-05:00,9.031006026743734,9.031006026743734,8.739268741635376,8.76930046081543,172400,0.0,0.0
2018-02-09 00:00:00-05:00,8.773591911550726,8.846526446450039,8.619142115692636,8.83365535736084,254600,0.0,0.0
2018-02-12 00:00:00-05:00,8.8679762532665,9.018135665944367,8.855105165904524,8.970942497253418,100300,0.0,0.0
2018-02-13 00:00:00-05:00,8.970943451078911,9.009555898967301,8.902299281122453,8.99239444732666,75700,0.0,0.0
2018-02-14 00:00:00-05:00,8.97523566859255,9.108233673077434,8.962364577202443,9.091073036193848,62500,0.0,0.0
2018-02-15 00:00:00-05:00,9.146845296249833,9.17687702178955,9.09107220857652,9.17687702178955,96100,0.0,0.0
2018-02-16 00:00:00-05:00,9.176876120428117,9.266972106501106,9.168296212761744,9.236940383911133,88600,0.0,0.0
2018-02-20 00:00:00-05:00,9.215490131868433,9.215490131868433,9.125394948819016,9.16829776763916,76800,0.0,0.0
2018-02-21 00:00:00-05:00,9.185455837332844,9.23264900667731,9.151133755528589,9.155424118041992,97400,0.0,0.0
2018-02-22 00:00:00-05:00,9.181167385195675,9.236941291172135,9.146845296249833,9.17687702178955,139400,0.0,0.0
2018-02-23 00:00:00-05:00,9.215487327561165,9.322743932821336,9.215487327561165,9.314163208007812,172500,0.0,0.0
2018-02-26 00:00:00-05:00,9.369938114607145,9.38280920321979,9.331325667072258,9.374228477478027,102900,0.0,0.0
2018-02-27 00:00:00-05:00,9.387100533411944,9.395681260785942,9.29271498720757,9.309876441955566,102100,0.0,0.0
2018-02-28 00:00:00-05:00,9.352777079830773,9.352777079830773,9.172585922740675,9.181166648864746,74200,0.0,0.0
2018-03-01 00:00:00-05:00,9.202616701490173,9.228358056628764,9.056747658533284,9.082489013671875,107100,0.0,0.0
2018-03-02 00:00:00-05:00,9.026719211608707,9.121104760182146,8.979526028170376,9.112524032592773,101200,0.0,0.0
2018-03-05 00:00:00-05:00,9.103940941507677,9.254100362125577,9.073909221044698,9.224068641662598,106900,0.0,0.0
2018-03-06 00:00:00-05:00,9.258390208327748,9.27555165809382,9.202617133193945,9.25409984588623,74600,0.0,0.0
2018-03-07 00:00:00-05:00,9.202618645887243,9.331326267077417,9.17687646700673,9.327035903930664,136500,0.0,0.0
2018-03-08 00:00:00-05:00,9.344193980643963,9.361354608728076,9.31845181106359,9.357064247131348,80600,0.0,0.0
2018-03-09 00:00:00-05:00,9.400730915404099,9.51425586253416,9.391998034975638,9.479324340820312,103200,0.38,0.0
2018-03-12 00:00:00-04:00,9.52735505150509,9.52735505150509,9.42692941762715,9.505523681640625,97300,0.0,0.0
2018-03-13 00:00:00-04:00,9.557918245530567,9.584116885846942,9.400730567698735,9.405097007751465,63100,0.0,0.0
2018-03-14 00:00:00-04:00,9.457490937798724,9.457490937798724,9.383263135753417,9.418193817138672,51200,0.0,0.0
2018-03-15 00:00:00-04:00,9.461857227145408,9.461857227145408,9.365798063061352,9.3963623046875,51000,0.0,0.0
2018-03-16 00:00:00-04:00,9.405097697164285,9.431295506587729,9.365800566622445,9.383265495300293,63200,0.0,0.0
2018-03-19 00:00:00-04:00,9.378899022994238,9.378899022994238,9.234809822435873,9.313404083251953,52400,0.0,0.0
2018-03-20 00:00:00-04:00,9.33087071417123,9.348335644417062,9.230444242207355,9.322137832641602,54700,0.0,0.0
2018-03-21 00:00:00-04:00,9.3483344566533,9.422562274597187,9.322136648206431,9.370165824890137,73200,0.0,0.0
2018-03-22 00:00:00-04:00,9.33523336176114,9.33523336176114,9.156213511241125,9.182412147521973,86600,0.0,0.0
2018-03-23 00:00:00-04:00,9.247911179183221,9.247911179183221,8.942266949355584,8.977197647094727,176500,0.0,0.0
2018-03-26 00:00:00-04:00,9.05579075519125,9.14748434541802,8.985929368739148,9.143117904663086,105700,0.0,0.0
2018-03-27 00:00:00-04:00,9.18678104248632,9.212978852956565,8.977196060284214,9.029592514038086,113000,0.0,0.0
2018-03-28 00:00:00-04:00,9.051423883262409,9.051423883262409,8.889869747092753,8.92043399810791,106600,0.0,0.0
2018-03-29 00:00:00-04:00,8.964099894844717,9.064525555020955,8.951000569807714,9.033961296081543,77800,0.0,0.0
2018-04-02 00:00:00-04:00,9.003390947139044,9.003390947139044,8.780707569017308,8.872400283813477,93200,0.0,0.0
2018-04-03 00:00:00-04:00,8.942265944425522,8.964098148567441,8.850573185469761,8.946632385253906,105100,0.0,0.0
2018-04-04 00:00:00-04:00,8.846205916454355,9.007760047912598,8.802542345071759,9.007760047912598,90200,0.0,0.0
2018-04-05 00:00:00-04:00,9.081990204818121,9.12128734588623,9.025228130393943,9.12128734588623,89700,0.0,0.0
2018-04-06 00:00:00-04:00,9.13875008855388,9.13875008855388,8.89860088005477,8.990294456481934,101100,0.0,0.0
2018-04-09 00:00:00-04:00,9.0383234220564,9.103818350341088,8.990293419334805,8.99902629852295,81900,0.0,0.0
2018-04-10 00:00:00-04:00,9.10381815201494,9.160580199874925,9.077620347834422,9.156213760375977,94200,0.0,0.0
2018-04-11 00:00:00-04:00,9.138750569348463,9.199879068307046,9.116918367710872,9.173681259155273,90500,0.0,0.0
2018-04-12 00:00:00-04:00,9.22171089337302,9.243542261305784,9.191145812328527,9.199878692626953,44500,0.0,0.0
2018-04-13 00:00:00-04:00,9.25227514160421,9.25227514160421,9.164948004246549,9.199878692626953,31400,0.0,0.0
2018-04-16 00:00:00-04:00,9.2566409530973,9.300303685997514,9.230442313981275,9.252274513244629,60300,0.0,0.0
2018-04-17 00:00:00-04:00,9.361433029174805,9.396363715250287,9.300303703932777,9.361433029174805,104800,0.0,0.0
2018-04-18 00:00:00-04:00,9.383263959615837,9.387630399274014,9.33960039584727,9.35706615447998,64000,0.0,0.0
2018-04-19 00:00:00-04:00,9.335236525460987,9.335236525460987,9.252276647562772,9.265375137329102,73100,0.0,0.0
2018-04-20 00:00:00-04:00,9.265374532340502,9.295939616364194,9.151849575835513,9.169315338134766,71300,0.0,0.0
2018-04-23 00:00:00-04:00,9.22607650070893,9.22607650070893,9.151848683798908,9.199878692626953,84500,0.0,0.0
2018-04-24 00:00:00-04:00,9.24790998434124,9.256642865851108,9.073256518210984,9.143117904663086,78700,0.0,0.0
2018-04-25 00:00:00-04:00,9.134382766580538,9.151847692472291,9.047055638682135,9.130016326904297,85900,0.0,0.0
2018-04-26 00:00:00-04:00,9.19114372603279,9.261005086935782,9.143114560920178,9.25663948059082,74800,0.0,0.0
2018-04-27 00:00:00-04:00,9.300306961421162,9.317772726983016,9.243544888972215,9.295941352844238,64900,0.0,0.0
2018-04-30 00:00:00-04:00,9.317770577138887,9.32650345790492,9.22607699472225,9.234809875488281,64800,0.0,0.0
2018-05-01 00:00:00-04:00,9.243544284701999,9.261009216308594,9.15621712822857,9.261009216308594,46700,0.0,0.0
2018-05-02 00:00:00-04:00,9.261007684973029,9.287206327271125,9.21297850638655,9.234809875488281,42000,0.0,0.0
2018-05-03 00:00:00-04:00,9.21734230966574,9.21734230966574,9.086351634092056,9.18677806854248,52900,0.0,0.0
2018-05-04 00:00:00-04:00,9.169316451543631,9.287207862938713,9.15185068712355,9.261009216308594,70200,0.0,0.0
2018-05-07 00:00:00-04:00,9.282838366070099,9.343966855790875,9.282838366070099,9.317769050598145,53600,0.0,0.0
2018-05-08 00:00:00-04:00,9.300303663997903,9.335234349923395,9.26100653823007,9.291571617126465,63100,0.0,0.0
2018-05-09 00:00:00-04:00,9.31777001564523,9.440027840562312,9.31777001564523,9.426928520202637,71400,0.0,0.0
2018-05-10 00:00:00-04:00,9.387630897451416,9.40946226408763,9.370165137891842,9.391997337341309,437200,0.0,0.0
2018-05-11 00:00:00-04:00,9.387635094964617,9.41819935504688,9.361437276724624,9.365803718566895,193400,0.0,0.0
2018-05-14 00:00:00-04:00,9.365801085249414,9.422563147612273,9.335236000947297,9.378899574279785,152800,0.0,0.0
2018-05-15 00:00:00-04:00,9.370169327595537,9.374535769437808,9.317773691115551,9.365803718566895,125100,0.0,0.0
2018-05-16 00:00:00-04:00,9.3614336083467,9.418195664426136,9.352700728084232,9.3876314163208,78000,0.0,0.0
2018-05-17 00:00:00-04:00,9.409464577486077,9.448761713343407,9.38326676451901,9.435663223266602,119500,0.0,0.0
2018-05-18 00:00:00-04:00,9.435660881102708,9.466225127446394,9.387630875240768,9.431294441223145,144100,0.0,0.0
2018-05-21 00:00:00-04:00,9.457492888122232,9.514255777587119,9.43566152005931,9.488057136535645,296600,0.0,0.0
2018-05-22 00:00:00-04:00,9.488055080066967,9.518619321855796,9.461857277506988,9.46622371673584,88100,0.0,0.0
2018-05-23 00:00:00-04:00,9.448762147476012,9.474960794460259,9.41383145097718,9.440030097961426,143100,0.0,0.0
2018-05-24 00:00:00-04:00,9.440025980156799,9.496788024902344,9.418193783859946,9.496788024902344,91900,0.0,0.0
2018-05-25 00:00:00-04:00,9.496791860905446,9.56665325164795,9.466227606557284,9.56665325164795,259800,0.0,0.0
2018-05-29 00:00:00-04:00,9.562283386403585,9.562283386403585,9.44439201943706,9.501154899597168,142800,0.0,0.0
2018-05-30 00:00:00-04:00,9.50989061199211,9.588484047240238,9.50989061199211,9.540454864501953,110300,0.0,0.0
2018-05-31 00:00:00-04:00,9.536088943481445,9.575386079654008,9.483692484313542,9.536088943481445,104000,0.0,0.0
2018-06-01 00:00:00-04:00,9.56228430152573,9.601581427608687,9.549185814706911,9.579750061035156,95000,0.0,0.0
2018-06-04 00:00:00-04:00,9.588484937777926,9.627782075458448,9.579752888259417,9.619050025939941,101400,0.0,0.0
2018-06-05 00:00:00-04:00,9.614680848029584,9.68454222117313,9.610314408106454,9.68017578125,97900,0.0,0.0
2018-06-06 00:00:00-04:00,9.680175758728362,9.719472885131836,9.66270999907648,9.719472885131836,153600,0.0,0.0
2018-06-07 00:00:00-04:00,9.745673613099461,9.77187142761692,9.702010033694691,9.750040054321289,76800,0.0,0.0
2018-06-08 00:00:00-04:00,9.754477322612427,9.834432193655292,9.73226801275868,9.798896789550781,242000,0.38,0.0
2018-06-11 00:00:00-04:00,9.798900573363756,9.93215902563613,9.772249221801758,9.772249221801758,342300,0.0,0.0
2018-06-12 00:00:00-04:00,9.816666235858198,9.874410957584875,9.794456075785648,9.856643676757812,104800,0.0,0.0
2018-06-13 00:00:00-04:00,9.878855902638346,9.914391322001997,9.834436416625977,9.834436416625977,90800,0.0,0.0
2018-06-14 00:00:00-04:00,9.87441311433344,9.923274629934303,9.865529048363982,9.914390563964844,78100,0.0,0.0
2018-06-15 00:00:00-04:00,9.905504555393275,9.909946587506862,9.838875768151455,9.887737274169922,59300,0.0,0.0
2018-06-18 00:00:00-04:00,9.874410551902148,9.874410551902148,9.816665832547871,9.821107864379883,76400,0.0,0.0
2018-06-19 00:00:00-04:00,9.790014891002116,9.878852989599386,9.754478634886036,9.856643676757812,134300,0.0,0.0
2018-06-20 00:00:00-04:00,9.883294654390925,9.896620749939311,9.847759246826172,9.847759246826172,71100,0.0,0.0
2018-06-21 00:00:00-04:00,9.861085968114804,9.865527153015137,9.794456333375798,9.865527153015137,69000,0.0,0.0
2018-06-22 00:00:00-04:00,9.918832040750077,9.967693553611024,9.883296626096055,9.949925422668457,124700,0.0,0.0
2018-06-25 00:00:00-04:00,9.936600644295332,9.936600644295332,9.750039496680753,9.785574913024902,157700,0.0,0.0
2018-06-26 00:00:00-04:00,9.82111057482482,9.856645992057095,9.758922959244956,9.8433198928833,100700,0.0,0.0
2018-06-27 00:00:00-04:00,9.869973700659152,9.918835229226971,9.763367422427775,9.781135559082031,144200,0.0,0.0
2018-06-28 00:00:00-04:00,9.781131561767157,9.803340876277174,9.727828020819658,9.776689529418945,74700,0.0,0.0
2018-06-29 00:00:00-04:00,9.825550337257798,9.883295059204102,9.821108305226394,9.883295059204102,49200,0.0,0.0
2018-07-02 00:00:00-04:00,9.843317839589469,9.90550459496614,9.829991743195468,9.865527153015137,41500,0.0,0.0
2018-07-03 00:00:00-04:00,9.874413869313987,9.909949288677637,9.834436416625977,9.834436416625977,65300,0.0,0.0
2018-07-05 00:00:00-04:00,9.89662078890278,9.94548144497734,9.869968597701076,9.923272132873535,56000,0.0,0.0
2018-07-06 00:00:00-04:00,9.887737489856423,9.981017624583542,9.878853425435455,9.967692375183105,76900,0.0,0.0
2018-07-09 00:00:00-04:00,9.998785858161812,10.149811565976188,9.985459761390771,10.096508026123047,96500,0.0,0.0
2018-07-10 00:00:00-04:00,10.118718952698854,10.17202164935232,10.114276920105885,10.140928268432617,88600,0.0,0.0
2018-07-11 00:00:00-04:00,10.10983335098589,10.17202010337394,10.060971847120445,10.149810791015625,67500,0.0,0.0
2018-07-12 00:00:00-04:00,10.194232790289908,10.229768207211633,10.163138559156126,10.216442108154297,83100,0.0,0.0
2018-07-13 00:00:00-04:00,10.216437925926812,10.251973328301672,10.17201846115053,10.20755386352539,77300,0.0,0.0
2018-07-16 00:00:00-04:00,10.238651957051253,10.243093990300753,10.08762621549311,10.154255867004395,127900,0.0,0.0
2018-07-17 00:00:00-04:00,10.145370360996539,10.24309253692627,10.10983494727381,10.24309253692627,56200,0.0,0.0
2018-07-18 00:00:00-04:00,10.27862717268676,10.30083733410187,10.207556350620466,10.296395301818848,90700,0.0,0.0
2018-07-19 00:00:00-04:00,10.296397014813547,10.340816497802734,10.260861597868432,10.340816497802734,69200,0.0,0.0
2018-07-20 00:00:00-04:00,10.331932839777044,10.38523554368411,10.283071321836232,10.32749080657959,75400,0.0,0.0
2018-07-23 00:00:00-04:00,10.349700125335666,10.371910291322946,10.283071321836232,10.32749080657959,71500,0.0,0.0
2018-07-24 00:00:00-04:00,10.389674476000668,10.416326667230846,10.32748772425882,10.345255851745605,84700,0.0,0.0
2018-07-25 00:00:00-04:00,10.380791628114602,10.380791628114602,10.283068617928997,10.305278778076172,120200,0.0,0.0
2018-07-26 00:00:00-04:00,10.31860632590036,10.331932424957696,10.19867397607785,10.216442108154297,183700,0.0,0.0
2018-07-27 00:00:00-04:00,10.283067844831304,10.283067844831304,10.180903657528114,10.211997032165527,44900,0.0,0.0
2018-07-30 00:00:00-04:00,10.216442101263594,10.25197751816135,10.087625685489744,10.09206771850586,61400,0.0,0.0
2018-07-31 00:00:00-04:00,10.118719012512265,10.327489462229408,10.10983494727381,10.24309253692627,194900,0.0,0.0
2018-08-01 00:00:00-04:00,10.291952423463144,10.30527851921671,10.145368759097769,10.149810791015625,86800,0.0,0.0
2018-08-02 00:00:00-04:00,10.127599902804993,10.198670713915627,10.105390592044508,10.180903434753418,83300,0.0,0.0
2018-08-03 00:00:00-04:00,10.185347161036677,10.207556475492451,10.100950241088867,10.100950241088867,110200,0.0,0.0
2018-08-06 00:00:00-04:00,10.09206595384145,10.12316017951723,10.07874070435428,10.118718147277832,104300,0.0,0.0
2018-08-07 00:00:00-04:00,10.123160283165314,10.25641786278753,10.123160283165314,10.247533798217773,70700,0.0,0.0
2018-08-08 00:00:00-04:00,10.256420165482536,10.291955584508676,10.229768813020735,10.283071517944336,94300,0.0,0.0
2018-08-09 00:00:00-04:00,10.28307033936677,10.318605754320076,10.247534924413465,10.300838470458984,68000,0.0,0.0
2018-08-10 00:00:00-04:00,10.274186842940411,10.274186842940411,10.19867397607785,10.216442108154297,42400,0.0,0.0
2018-08-13 00:00:00-04:00,10.256419968059948,10.274187253615413,10.194233197769021,10.203116416931152,48400,0.0,0.0
2018-08-14 00:00:00-04:00,10.251978162016913,10.309722900390625,10.229768842772689,10.309722900390625,67200,0.0,0.0
2018-08-15 00:00:00-04:00,10.287513551226505,10.300839651073016,10.225326779738566,10.283071517944336,94800,0.0,0.0
2018-08-16 00:00:00-04:00,10.314164903688306,10.323048970252646,10.269746265329045,10.283071517944336,64700,0.0,0.0
2018-08-17 00:00:00-04:00,10.29639764773658,10.32749103357098,10.278629514556224,10.309722900390625,49300,0.0,0.0
2018-08-20 00:00:00-04:00,10.35858360032499,10.385234950756908,10.314164118117686,10.336374282836914,41200,0.0,0.0
2018-08-21 00:00:00-04:00,10.371908967307492,10.371908967307492,10.300838139683076,10.318605422973633,75400,0.0,0.0
2018-08-22 00:00:00-04:00,10.331932067871094,10.331932067871094,10.300838685043113,10.331932067871094,69800,0.0,0.0
2018-08-23 00:00:00-04:00,10.32304605896293,10.345256219110103,10.296394714017302,10.305278778076172,44400,0.0,0.0
2018-08-24 00:00:00-04:00,10.33637510016116,10.349700352815205,10.305281714326759,10.309722900390625,68700,0.0,0.0
2018-08-27 00:00:00-04:00,10.358581980764315,10.438536866790312,10.349697916265644,10.420768737792969,63400,0.0,0.0
2018-08-28 00:00:00-04:00,10.438537631884135,10.465188980102539,10.420769501584475,10.465188980102539,70600,0.0,0.0
2018-08-29 00:00:00-04:00,10.478515096869554,10.589563369750977,10.465188999120592,10.589563369750977,61900,0.0,0.0
2018-08-30 00:00:00-04:00,10.567348832818425,10.60288422869346,10.491836010680139,10.527371406555176,128400,0.0,0.0
2018-08-31 00:00:00-04:00,10.478512986800641,10.53625770428919,10.478512986800641,10.50960636138916,75200,0.0,0.0
2018-09-04 00:00:00-04:00,10.509603547049364,10.5362548828125,10.49183627228417,10.5362548828125,55500,0.0,0.0
2018-09-05 00:00:00-04:00,10.549585311425625,10.549585311425625,10.411885698269602,10.474072456359863,58300,0.0,0.0
2018-09-06 00:00:00-04:00,10.491843044888073,10.5051682977559,10.314165099158863,10.36302661895752,136600,0.0,0.0
2018-09-07 00:00:00-04:00,10.345258369057943,10.429654453463426,10.32304820429506,10.411887168884277,61200,0.0,0.0
2018-09-10 00:00:00-04:00,10.4829593664372,10.580681562422841,10.46074919878278,10.522936820983887,97300,0.0,0.0
2018-09-11 00:00:00-04:00,10.540699371988396,10.633980339763712,10.500721935403387,10.549583435058594,67200,0.0,0.0
2018-09-12 00:00:00-04:00,10.585121302916674,10.625098748803113,10.549585889598847,10.562911987304688,70800,0.0,0.0
2018-09-13 00:00:00-04:00,10.620658451345461,10.642867770585813,10.549587613098872,10.5584716796875,103800,0.0,0.0
2018-09-14 00:00:00-04:00,10.572011432787733,10.608124161450728,10.52235610800285,10.540412902832031,51700,0.38,0.0
2018-09-17 00:00:00-04:00,10.581039252769585,10.5945809871571,10.459158477310037,10.472701072692871,66300,0.0,0.0
2018-09-18 00:00:00-04:00,10.47270335229276,10.47270335229276,10.391449484299812,10.42304801940918,97400,0.0,0.0
2018-09-19 00:00:00-04:00,10.44561723663204,10.477215768961386,10.404990306209902,10.432075500488281,67400,0.0,0.0
2018-09-20 00:00:00-04:00,10.450131433629101,10.513329359270829,10.423047100351463,10.477215766906738,93800,0.0,0.0
2018-09-21 00:00:00-04:00,10.513330286289232,10.513330286289232,10.409505421078519,10.42304801940918,84100,0.0,0.0
2018-09-24 00:00:00-04:00,10.395964177014383,10.441104451600733,10.38242157804115,10.427562713623047,82400,0.0,0.0
2018-09-25 00:00:00-04:00,10.436591140091133,10.495274013803389,10.400478403730771,10.481731414794922,74600,0.0,0.0
2018-09-26 00:00:00-04:00,10.481729968007782,10.504300963239766,10.409504505256297,10.432075500488281,91100,0.0,0.0
2018-09-27 00:00:00-04:00,10.459163598950479,10.490762142654937,10.409508252560189,10.441106796264648,71000,0.0,0.0
2018-09-28 00:00:00-04:00,10.450128440855206,10.45915683636062,10.328247684517672,10.359847068786621,198000,0.0,0.0
2018-10-01 00:00:00-04:00,10.31019418292404,10.450130902237351,10.31019418292404,10.418532371520996,96700,0.0,0.0
2018-10-02 00:00:00-04:00,10.418536653903104,10.445620996936107,10.368881307512815,10.441106796264648,76700,0.0,0.0
2018-10-03 00:00:00-04:00,10.436590617739839,10.436590617739839,10.382421085412707,10.42304801940918,68500,0.0,0.0
2018-10-04 00:00:00-04:00,10.414019378148094,10.418533577486583,10.18380037785799,10.26956844329834,102000,0.0,0.0
2018-10-05 00:00:00-04:00,10.23345372239705,10.26505225063502,9.71884715167509,9.958093643188477,181700,0.0,0.0
2018-10-08 00:00:00-04:00,9.94455577658901,9.953583316028617,9.813646553264665,9.94906997680664,127000,0.0,0.0
2018-10-09 00:00:00-04:00,9.958093147211672,9.980664138396985,9.885867697409225,9.95357894897461,125900,0.0,0.0
2018-10-10 00:00:00-04:00,9.93101041369797,9.93101041369797,9.705305631568471,9.71884822845459,185100,0.0,0.0
2018-10-11 00:00:00-04:00,9.664679317936269,9.682736114935377,9.407375987667283,9.520228385925293,178400,0.0,0.0
2018-10-12 00:00:00-04:00,9.615024501612234,9.673708234003591,9.438975026429201,9.551827430725098,137100,0.0,0.0
2018-10-15 00:00:00-04:00,9.574398181537507,9.65113785582262,9.47960256912414,9.610511779785156,101300,0.0,0.0
2018-10-16 00:00:00-04:00,9.669195232379888,9.800103589863033,9.58342715341089,9.732392311096191,85200,0.0,0.0
2018-10-17 00:00:00-04:00,9.750447592895354,9.763989329942541,9.610510857102987,9.664679527282715,95000,0.0,0.0
2018-10-18 00:00:00-04:00,9.664676065997341,9.732387309969791,9.569880496634944,9.615020751953125,86400,0.0,0.0
2018-10-19 00:00:00-04:00,9.646624908275667,9.70530778581696,9.565371030914182,9.58794116973877,44300,0.0,0.0
2018-10-22 00:00:00-04:00,9.633079338074555,9.633079338074555,9.538282890050937,9.542797088623047,46500,0.0,0.0
2018-10-23 00:00:00-04:00,9.479601385090124,9.479601385090124,9.267439187858379,9.45703125,123900,0.0,0.0
2018-10-24 00:00:00-04:00,9.452516866975182,9.47960120075576,9.028191619767389,9.06430435180664,167400,0.0,0.0
2018-10-25 00:00:00-04:00,9.10493135290734,9.208755350693197,9.091388755415311,9.127501487731934,254100,0.0,0.0
2018-10-26 00:00:00-04:00,8.996591871905384,9.028190400548048,8.816028236093489,8.910823822021484,145800,0.0,0.0
2018-10-29 00:00:00-04:00,8.974020195670374,9.064302437196329,8.70768939125886,8.79797077178955,110800,0.0,0.0
2018-10-30 00:00:00-04:00,8.76637379793751,8.874711990356445,8.748317002036645,8.874711990356445,170500,0.0,0.0
2018-10-31 00:00:00-04:00,8.937909796319522,9.11396012699241,8.937909796319522,9.032706260681152,158900,0.0,0.0
2018-11-01 00:00:00-04:00,9.055274792121999,9.204239900302136,9.032704660365596,9.195212364196777,90900,0.0,0.0
2018-11-02 00:00:00-04:00,9.2358396846818,9.271953277993875,9.118473950399368,9.127501487731934,103900,0.0,0.0
2018-11-05 00:00:00-05:00,9.136530482733301,9.222298550459772,9.11847454589355,9.204241752624512,81000,0.0,0.0
2018-11-06 00:00:00-05:00,9.231326174011453,9.294523239135742,9.20875517861318,9.294523239135742,100800,0.0,0.0
2018-11-07 00:00:00-05:00,9.371264158587135,9.524743503901798,9.33966562178627,9.511200904846191,88000,0.0,0.0
2018-11-08 00:00:00-05:00,9.511196711719995,9.542795234590265,9.47508399115466,9.533767700195312,105900,0.0,0.0
2018-11-09 00:00:00-05:00,9.506686144582229,9.506686144582229,9.366749406574792,9.443489074707031,68900,0.0,0.0
2018-11-12 00:00:00-05:00,9.429945712851191,9.429945712851191,9.231326120470982,9.258410453796387,85800,0.0,0.0
2018-11-13 00:00:00-05:00,9.276466389014846,9.339664314768033,9.231326120470982,9.258410453796387,90400,0.0,0.0
2018-11-14 00:00:00-05:00,9.321607858076963,9.33063625651275,9.118474059244496,9.154586791992188,152000,0.0,0.0
2018-11-15 00:00:00-05:00,9.095904979278481,9.222300001019233,9.064306439092205,9.208757400512695,92000,0.0,0.0
2018-11-16 00:00:00-05:00,9.168128069519973,9.204240800459177,9.13201533858077,9.159100532531738,78400,0.0,0.0
2018-11-19 00:00:00-05:00,9.145554377474305,9.145554377474305,8.983046720973855,9.046244621276855,88000,0.0,0.0
2018-11-20 00:00:00-05:00,8.92888324471111,8.92888324471111,8.712205956952985,8.730262756347656,180400,0.0,0.0
2018-11-21 00:00:00-05:00,8.757347189047625,8.879228003291548,8.757347189047625,8.802488327026367,90500,0.0,0.0
2018-11-23 00:00:00-05:00,8.761860861301109,8.843114732570573,8.757346661675523,8.788945198059082,64700,0.0,0.0
2018-11-26 00:00:00-05:00,8.870198866084506,8.95596693501434,8.865684666562354,8.928882598876953,52000,0.0,0.0
2018-11-27 00:00:00-05:00,8.915337189532279,8.983048439025879,8.879224465736009,8.983048439025879,55100,0.0,0.0
2018-11-28 00:00:00-05:00,8.98305121492787,9.222298622131348,8.974022815940076,9.222298622131348,86300,0.0,0.0
2018-11-29 00:00:00-05:00,9.222300001019233,9.244870140867818,9.168130459988726,9.208757400512695,87100,0.0,0.0
2018-11-30 00:00:00-05:00,9.226811991861313,9.32160758972168,9.181670861977379,9.32160758972168,72400,0.0,0.0
2018-12-03 00:00:00-05:00,9.497657205924265,9.497657205924265,9.41188915160398,9.475086212158203,104700,0.0,0.0
2018-12-04 00:00:00-05:00,9.43445776277999,9.479598882036353,9.150070175156802,9.168126106262207,136900,0.0,0.0
2018-12-06 00:00:00-05:00,9.010133047413216,9.136528015136719,8.901794872648189,9.136528015136719,151500,0.0,0.0
2018-12-07 00:00:00-05:00,9.118473155940132,9.186184415509931,8.906310118693943,8.915338516235352,114200,0.0,0.0
2018-12-10 00:00:00-05:00,8.870199709626506,8.933397647951129,8.757347293827198,8.901798248291016,137800,0.0,0.0
2018-12-11 00:00:00-05:00,8.983049700663699,9.019162429531875,8.829570387725107,8.897281646728516,87100,0.0,0.0
2018-12-12 00:00:00-05:00,8.996593920052636,9.046249254078594,8.964995384216309,8.964995384216309,89600,0.0,0.0
2018-12-13 00:00:00-05:00,8.964995384216309,9.046249254078594,8.89276991344884,8.964995384216309,101600,0.0,0.0
2018-12-14 00:00:00-05:00,8.888254421408408,8.888254421408408,8.734775103096979,8.766373634338379,99600,0.0,0.0
2018-12-17 00:00:00-05:00,8.7438030472471,8.748316384908517,8.468442956151426,8.522611618041992,136300,0.0,0.0
2018-12-18 00:00:00-05:00,8.576780296907911,8.639977349892956,8.509069045710323,8.54969596862793,174400,0.0,0.0
2018-12-19 00:00:00-05:00,8.522611482662779,8.621922129543556,8.387188969092154,8.423301696777344,116100,0.0,0.0
2018-12-20 00:00:00-05:00,8.387189987302687,8.445872854042005,7.985435735407299,8.138915061950684,243400,0.0,0.0
2018-12-21 00:00:00-05:00,8.198861334427832,8.2495848483794,8.009798805392427,8.0466890335083,326600,0.38,0.0
2018-12-24 00:00:00-05:00,7.972909307697261,8.005188150314254,7.903739354052279,7.9452409744262695,142000,0.0,0.0
2018-12-26 00:00:00-05:00,7.959075276246357,8.401758061711213,7.954463887289534,8.392536163330078,214800,0.0,0.0
2018-12-27 00:00:00-05:00,8.277254743566479,8.526263610529695,8.180417326751696,8.475539207458496,191800,0.0,0.0
2018-12-28 00:00:00-05:00,8.507817583091695,8.664601277228533,8.507817583091695,8.595431327819824,126900,0.0,0.0
2018-12-31 00:00:00-05:00,8.600040864493536,8.669209919475023,8.530871809512051,8.549317359924316,158600,0.0,0.0
2019-01-02 00:00:00-05:00,8.480150727303691,8.706103530639036,8.434038592382981,8.66921329498291,70000,0.0,0.0
2019-01-03 00:00:00-05:00,8.655377768735603,8.655377768735603,8.503205476052019,8.535484313964844,73100,0.0,0.0
2019-01-04 00:00:00-05:00,8.669210107010612,8.802937711795613,8.636931272623134,8.696878433227539,158000,0.0,0.0
2019-01-07 00:00:00-05:00,8.789102752628404,9.019666839692869,8.784491365343252,8.936663627624512,158300,0.0,0.0
2019-01-08 00:00:00-05:00,9.051947229235006,9.2179536819458,8.987389555195183,9.2179536819458,109200,0.0,0.0
2019-01-09 00:00:00-05:00,9.22256524706108,9.37012615028888,9.17184085675189,9.250232696533203,95700,0.0,0.0
2019-01-10 00:00:00-05:00,9.222566746120663,9.342460219364131,9.222566746120663,9.324014663696289,50500,0.0,0.0
2019-01-11 00:00:00-05:00,9.324014638398385,9.462353666934355,9.30095857340864,9.43929672241211,49700,0.0,0.0
2019-01-14 00:00:00-05:00,9.416237831115723,9.416237831115723,9.342457389854918,9.416237831115723,41400,0.0,0.0
2019-01-15 00:00:00-05:00,9.430071993676712,9.480795497335869,9.342457389854918,9.416237831115723,77600,0.0,0.0
2019-01-16 00:00:00-05:00,9.425463705050682,9.430075094087139,9.30557022870036,9.310181617736816,101800,0.0,0.0
2019-01-17 00:00:00-05:00,9.310181209855974,9.36090472796975,9.30095843218711,9.337848663330078,100100,0.0,0.0
2019-01-18 00:00:00-05:00,9.388573983001653,9.420852828480202,9.333238191086586,9.360905647277832,198500,0.0,0.0
2019-01-22 00:00:00-05:00,9.319402747261167,9.351682467852722,9.14878576465379,9.18106460571289,104200,0.0,0.0
2019-01-23 00:00:00-05:00,9.222566257793622,9.305569494838958,9.130340243402703,9.158008575439453,70700,0.0,0.0
2019-01-24 00:00:00-05:00,9.190287383024764,9.25023367648703,9.158008541965662,9.18106460571289,128700,0.0,0.0
2019-01-25 00:00:00-05:00,9.213341150152887,9.287121591191633,9.208729762646435,9.254842758178711,114400,0.0,0.0
2019-01-28 00:00:00-05:00,9.199509185756373,9.250232696533203,9.130339242777525,9.250232696533203,108800,0.0,0.0
2019-01-29 00:00:00-05:00,9.250233683699287,9.282512524783556,9.194898778849813,9.227177619934082,86300,0.0,0.0
2019-01-30 00:00:00-05:00,9.291736401979596,9.43007543954359,9.277903113895988,9.420852661132812,95400,0.0,0.0
2019-01-31 00:00:00-05:00,9.430072962584617,9.503853411426112,9.420850186596349,9.46235179901123,68500,0.0,0.0
2019-02-01 00:00:00-05:00,9.476186619630576,9.517688238773218,9.430074491278724,9.466964721679688,60500,0.0,0.0
2019-02-04 00:00:00-05:00,9.471577941940025,9.540747027375495,9.443909604139725,9.513078689575195,46700,0.0,0.0
2019-02-05 00:00:00-05:00,9.540745905649908,9.57302474975586,9.52691173837627,9.57302474975586,80600,0.0,0.0
2019-02-06 00:00:00-05:00,9.582246209046426,9.623747825622559,9.5591892667639,9.623747825622559,65600,0.0,0.0
2019-02-07 00:00:00-05:00,9.573025535598472,9.586859704007747,9.471577605861617,9.540746688842773,74500,0.0,0.0
2019-02-08 00:00:00-05:00,9.490022284208042,9.545358078312532,9.476188115798767,9.540746688842773,63300,0.0,0.0
2019-02-11 00:00:00-05:00,9.577633427017437,9.62835693359375,9.549965100304224,9.62835693359375,51400,0.0,0.0
2019-02-12 00:00:00-05:00,9.656026063471712,9.720583738774382,9.632969122626214,9.688304901123047,75300,0.0,0.0
2019-02-13 00:00:00-05:00,9.720583707705206,9.734417872168287,9.68830487015704,9.711360931396484,113000,0.0,0.0
2019-02-14 00:00:00-05:00,9.679078922806559,9.762082123326977,9.656022869120696,9.739026069641113,74300,0.0,0.0
2019-02-15 00:00:00-05:00,9.78053058881742,9.826643593630045,9.748251749308306,9.762085914611816,70900,0.0,0.0
2019-02-19 00:00:00-05:00,9.752862021038792,9.845088020104155,9.72058318522561,9.775918960571289,79300,0.0,0.0
2019-02-20 00:00:00-05:00,9.794365878759901,9.812811434615927,9.743641479688337,9.748252868652344,51500,0.0,0.0
2019-02-21 00:00:00-05:00,9.757473964594817,9.757473964594817,9.656026063471712,9.688304901123047,68600,0.0,0.0
2019-02-22 00:00:00-05:00,9.734418060347771,9.85431151608177,9.734418060347771,9.789752960205078,79000,0.0,0.0
2019-02-25 00:00:00-05:00,9.845089114803102,9.868145177366944,9.785141944885254,9.785141944885254,75300,0.0,0.0
2019-02-26 00:00:00-05:00,9.7897533750773,9.826643603056304,9.748251758659366,9.808198928833008,68100,0.0,0.0
2019-02-27 00:00:00-05:00,9.78975466132936,9.794366050374165,9.702140908075622,9.780531883239746,82100,0.0,0.0
2019-02-28 00:00:00-05:00,9.798976892313078,9.798976892313078,9.725196430780613,9.752863883972168,82100,0.0,0.0
2019-03-01 00:00:00-05:00,9.81281160655339,9.845090450334508,9.739031140901545,9.780531883239746,62900,0.0,0.0
2019-03-04 00:00:00-05:00,9.798976350587772,9.84970074491178,9.683694275874975,9.771308898925781,70100,0.0,0.0
2019-03-05 00:00:00-05:00,9.766698595637855,9.794366050374165,9.715974195677513,9.780531883239746,160800,0.0,0.0
2019-03-06 00:00:00-05:00,9.766695614942414,9.789751673597445,9.683692396532686,9.70213794708252,89500,0.0,0.0
2019-03-07 00:00:00-05:00,9.683696204731554,9.706752272453587,9.600692953680067,9.656028747558594,72400,0.0,0.0
2019-03-08 00:00:00-05:00,9.623151280187527,9.63254451751709,9.538613935798287,9.63254451751709,58300,0.38,0.0
2019-03-11 00:00:00-04:00,9.684208230811205,9.79692441239511,9.684208230811205,9.773441314697266,81900,0.0,0.0
2019-03-12 00:00:00-04:00,9.811013375225235,9.811013375225235,9.735869254169296,9.773441314697266,127500,0.0,0.0
2019-03-13 00:00:00-04:00,9.801619551207983,9.867370423251826,9.782833075887773,9.843887329101562,65300,0.0,0.0
2019-03-14 00:00:00-04:00,9.843888841422517,9.848585460974114,9.811013400349928,9.83449649810791,50900,0.0,0.0
2019-03-15 00:00:00-04:00,9.839192587583602,9.904943466186523,9.834495968285031,9.904943466186523,28500,0.0,0.0
2019-03-18 00:00:00-04:00,9.881459135473188,9.909637949401962,9.86736928061463,9.90024471282959,39600,0.0,0.0
2019-03-19 00:00:00-04:00,9.933121635608423,9.998873405693395,9.928425016617462,9.951908111572266,69000,0.0,0.0
2019-03-20 00:00:00-04:00,9.956606757613876,10.027054265243633,9.919034693825429,9.97539234161377,51200,0.0,0.0
2019-03-21 00:00:00-04:00,9.965994741194788,10.097497354810987,9.965994741194788,10.064621925354004,63700,0.0,0.0
2019-03-22 00:00:00-04:00,10.097498201907692,10.116284675052437,9.86736928061463,9.90024471282959,127700,0.0,0.0
2019-03-25 00:00:00-04:00,9.928423069584053,9.928423069584053,9.834493395550542,9.890851020812988,88200,0.0,0.0
2019-03-26 00:00:00-04:00,9.928424938548158,9.980086851254018,9.886156263750356,9.909639358520508,76000,0.0,0.0
2019-03-27 00:00:00-04:00,9.923726680101595,9.9284232982797,9.815707149370152,9.895547866821289,85000,0.0,0.0
2019-03-28 00:00:00-04:00,9.919030307642752,10.012959977683959,9.919030307642752,10.00356674194336,55000,0.0,0.0
2019-03-29 00:00:00-04:00,10.05053121064184,10.120978681412703,10.022352401491133,10.106889724731445,65100,0.0,0.0
2019-04-01 00:00:00-04:00,10.224306152926417,10.238395114676344,10.177340856920129,10.205519676208496,84200,0.0,0.0
2019-04-02 00:00:00-04:00,10.191428454572796,10.20082079506055,10.135069932704697,10.177338600158691,56300,0.0,0.0
2019-04-03 00:00:00-04:00,10.196125152719206,10.196125152719206,10.097498849746625,10.11628532409668,90200,0.0,0.0
2019-04-04 00:00:00-04:00,10.102195366787518,10.139767419321553,10.045836840092269,10.13507080078125,94100,0.0,0.0
2019-04-05 00:00:00-04:00,10.139768101093969,10.163250299585977,10.092802808321498,10.149161338806152,64200,0.0,0.0
2019-04-08 00:00:00-04:00,10.139768077442325,10.21021556854248,10.102196022469679,10.21021556854248,68300,0.0,0.0
2019-04-09 00:00:00-04:00,10.191429600635036,10.191429600635036,10.106892256220524,10.120981216430664,59300,0.0,0.0
2019-04-10 00:00:00-04:00,10.144462855076748,10.163248431259282,10.097497570937984,10.130373001098633,72200,0.0,0.0
2019-04-11 00:00:00-04:00,10.130373001098633,10.139766237084043,10.102194188930689,10.130373001098633,112400,0.0,0.0
2019-04-12 00:00:00-04:00,10.158551986119008,10.214910507202148,10.130373173471588,10.214910507202148,86200,0.0,0.0
2019-04-15 00:00:00-04:00,10.191427270846178,10.205516227835544,10.13506875552408,10.172640800476074,76400,0.0,0.0
2019-04-16 00:00:00-04:00,10.200820652984287,10.243089319849567,10.177338458409489,10.214910507202148,60300,0.0,0.0
2019-04-17 00:00:00-04:00,10.238391655195015,10.257178125565117,10.153855225894182,10.172640800476074,52800,0.0,0.0
2019-04-18 00:00:00-04:00,10.177339597867942,10.191429453663309,10.120981070474881,10.158553123474121,131600,0.0,0.0
2019-04-22 00:00:00-04:00,10.139765373116605,10.182034035661125,10.1209789027465,10.172640800476074,59400,0.0,0.0
2019-04-23 00:00:00-04:00,10.205520203422248,10.266575360121067,10.19143124094449,10.257182121276855,59900,0.0,0.0
2019-04-24 00:00:00-04:00,10.275964198717267,10.318232863312584,10.261875241044331,10.304143905639648,88900,0.0,0.0
2019-04-25 00:00:00-04:00,10.280664217335444,10.290057456083478,10.243092158131855,10.275967597961426,55500,0.0,0.0
2019-04-26 00:00:00-04:00,10.29475475567067,10.313540338619422,10.229003871667118,10.290058135986328,71800,0.0,0.0
2019-04-29 00:00:00-04:00,10.299449421409925,10.327628238381456,10.261877366851737,10.308842658996582,54500,0.0,0.0
2019-04-30 00:00:00-04:00,10.322931018463931,10.365199689354062,10.2806623475738,10.337020874023438,52900,0.0,0.0
2019-05-01 00:00:00-04:00,10.351112866359085,10.379291687506653,10.280664469807306,10.341719627380371,59100,0.0,0.0
2019-05-02 00:00:00-04:00,10.318236276539032,10.355808335742621,10.252485396879889,10.275967597961426,41600,0.0,0.0
2019-05-03 00:00:00-04:00,10.290055440470828,10.388682636429031,10.285358822016782,10.374592781066895,45000,0.0,0.0
2019-05-06 00:00:00-04:00,10.294752926678484,10.332324981689453,10.186733380495506,10.332324981689453,38000,0.0,0.0
2019-05-07 00:00:00-04:00,10.224306228029812,10.257181666739148,10.059928138694607,10.125679016113281,84900,0.0,0.0
2019-05-08 00:00:00-04:00,10.097497570937984,10.186731521222807,10.078711098967164,10.130373001098633,67800,0.0,0.0
2019-05-09 00:00:00-04:00,10.111588478088379,10.172642726776076,10.003568044581868,10.111588478088379,73800,0.0,0.0
2019-05-10 00:00:00-04:00,10.092800684690861,10.163248161132454,10.003566736777767,10.144462585449219,76500,0.0,0.0
2019-05-13 00:00:00-04:00,10.012961009976737,10.012961009976737,9.839190609801985,9.862672805786133,61700,0.0,0.0
2019-05-14 00:00:00-04:00,9.919030943408801,10.05992590539549,9.890851234380808,10.036443710327148,72300,0.0,0.0
2019-05-15 00:00:00-04:00,10.003567002660455,10.135069619091338,9.980084808485216,10.130373001098633,55000,0.0,0.0
2019-05-16 00:00:00-04:00,10.13506966413463,10.2102137607753,10.13037304612105,10.191428184509277,62500,0.0,0.0
2019-05-17 00:00:00-04:00,10.111586342221262,10.182033812992124,10.078710019792547,10.106889724731445,60200,0.0,0.0
2019-05-20 00:00:00-04:00,10.045837856329525,10.116286245772246,10.03644551408718,10.055231094360352,75800,0.0,0.0
2019-05-21 00:00:00-04:00,10.111586563349661,10.205516227835544,10.069317900805139,10.172640800476074,69700,0.0,0.0
2019-05-22 00:00:00-04:00,10.163251179319126,10.163251179319126,9.984784126281738,9.984784126281738,81000,0.0,0.0
2019-05-23 00:00:00-04:00,9.923728216299935,9.984783366278345,9.843887486489411,9.928424835205078,67700,0.0,0.0
2019-05-24 00:00:00-04:00,9.965997800785956,10.003569859669852,9.886157063684111,9.947212219238281,71200,0.0,0.0
2019-05-28 00:00:00-04:00,9.942511782057686,9.947208399588277,9.796920221762175,9.806312561035156,69800,0.0,0.0
2019-05-29 00:00:00-04:00,9.78752903539502,9.801618890936034,9.717081549266718,9.768742561340332,58300,0.0,0.0
2019-05-30 00:00:00-04:00,9.764045929583428,9.848582367594025,9.764045929583428,9.82979679107666,60200,0.0,0.0
2019-05-31 00:00:00-04:00,9.740563325323878,9.792225230954454,9.62315055491864,9.637240409851074,65000,0.0,0.0
2019-06-03 00:00:00-04:00,9.64663155063096,9.707685783830076,9.505735719282908,9.552700996398926,120600,0.0,0.0
2019-06-04 00:00:00-04:00,9.59966834259552,9.721777731100955,9.576185251081966,9.698294639587402,123500,0.0,0.0
2019-06-05 00:00:00-04:00,9.735867310274005,9.79222583770752,9.67011644142524,9.79222583770752,119800,0.0,0.0
2019-06-06 00:00:00-04:00,9.754653683332522,9.848583367027933,9.735867209120403,9.81101131439209,89500,0.0,0.0
2019-06-07 00:00:00-04:00,9.801619707920038,9.933121454110223,9.801619707920038,9.928424835205078,105400,0.0,0.0
2019-06-10 00:00:00-04:00,9.933120889730153,10.050533668322208,9.933120889730153,10.017658233642578,98000,0.0,0.0
2019-06-11 00:00:00-04:00,10.03644420879405,10.088105219667844,9.975389065322704,10.027050971984863,72500,0.0,0.0
2019-06-12 00:00:00-04:00,10.012958297685318,10.050530338555523,9.98947610806198,10.008261680603027,74800,0.0,0.0
2019-06-13 00:00:00-04:00,10.055230867261391,10.092802922747646,10.008265573956457,10.05053424835205,58900,0.0,0.0
2019-06-14 00:00:00-04:00,10.050532496433725,10.050532496433725,9.96924842155363,10.03140640258789,53300,0.38,0.0
2019-06-17 00:00:00-04:00,10.031406645584633,10.07443944579782,10.002718416103301,10.06009578704834,55600,0.0,0.0
2019-06-18 00:00:00-04:00,10.112692314540709,10.213102501507164,10.107910790210639,10.170069694519043,65900,0.0,0.0
2019-06-19 00:00:00-04:00,10.213104601773455,10.22266674041748,10.141382634055699,10.22266674041748,61600,0.0,0.0
2019-06-20 00:00:00-04:00,10.323074538405415,10.38523252900473,10.265697160020862,10.351762771606445,115900,0.0,0.0
2019-06-21 00:00:00-04:00,10.351761371314838,10.351761371314838,10.193974742079366,10.270477294921875,60300,0.0,0.0
2019-06-24 00:00:00-04:00,10.28960566241326,10.303949324251207,10.22744675450693,10.23222827911377,57900,0.0,0.0
2019-06-25 00:00:00-04:00,10.25613757550962,10.25613757550962,10.064880207961366,10.084006309509277,76900,0.0,0.0
2019-06-26 00:00:00-04:00,10.136601281538768,10.193977757149694,10.127038231609403,10.179634094238281,72100,0.0,0.0
2019-06-27 00:00:00-04:00,10.203537588466927,10.241788864135742,10.184411494641344,10.241788864135742,65100,0.0,0.0
2019-06-28 00:00:00-04:00,10.308729058482871,10.418702281375344,10.303947534706467,10.375669479370117,201000,0.0,0.0
2019-07-01 00:00:00-04:00,10.519113306793681,10.562146116007352,10.399577928307389,10.466517448425293,123800,0.0,0.0
2019-07-02 00:00:00-04:00,10.490422248840332,10.519110476603293,10.428263358041216,10.490422248840332,56700,0.0,0.0
2019-07-03 00:00:00-04:00,10.499985736787382,10.576489207319701,10.43304622605184,10.523893356323242,60800,0.0,0.0
2019-07-05 00:00:00-04:00,10.523893157117444,10.547799864218343,10.437827552382341,10.519111633300781,47100,0.0,0.0
2019-07-08 00:00:00-04:00,10.480860868441534,10.552581905241864,10.380450687335104,10.437828063964844,86200,0.0,0.0
2019-07-09 00:00:00-04:00,10.428264660528756,10.499985694885254,10.423483136640666,10.499985694885254,49400,0.0,0.0
2019-07-10 00:00:00-04:00,10.581274249303728,10.60518187884899,10.476083415253026,10.53824234008789,89000,0.0,0.0
2019-07-11 00:00:00-04:00,10.55736291185167,10.55736291185167,10.47607883093323,10.519111633300781,80600,0.0,0.0
2019-07-12 00:00:00-04:00,10.538238326456108,10.562145034913357,10.480860949383253,10.533456802368164,61200,0.0,0.0
2019-07-15 00:00:00-04:00,10.547800263111885,10.571707883099332,10.499985935119444,10.552581787109375,84600,0.0,0.0
2019-07-16 00:00:00-04:00,10.557364662219193,10.562146186828613,10.50955032810756,10.562146186828613,65800,0.0,0.0
2019-07-17 00:00:00-04:00,10.586051702073897,10.586051702073897,10.480860908496897,10.509549140930176,88700,0.0,0.0
2019-07-18 00:00:00-04:00,10.509549024302617,10.581270060581137,10.471297744155242,10.576489448547363,69200,0.0,0.0
2019-07-19 00:00:00-04:00,10.614739575863364,10.629083234371777,10.586050434881821,10.61952018737793,72600,0.0,0.0
2019-07-22 00:00:00-04:00,10.619518680437396,10.638644771711043,10.590830455509154,10.629081726074219,52000,0.0,0.0
2019-07-23 00:00:00-04:00,10.672115371365226,10.700803598583523,10.633864097746732,10.696022987365723,64700,0.0,0.0
2019-07-24 00:00:00-04:00,10.696022642652679,10.758180618286133,10.68167807351468,10.758180618286133,53700,0.0,0.0
2019-07-25 00:00:00-04:00,10.743836547326127,10.743836547326127,10.633864248115673,10.652990341186523,59300,0.0,0.0
2019-07-26 00:00:00-04:00,10.652990591061108,10.758181369471187,10.652990591061108,10.729493141174316,36800,0.0,0.0
2019-07-29 00:00:00-04:00,10.743841178161556,10.758185754147526,10.67690164752577,10.719934463500977,28800,0.0,0.0
2019-07-30 00:00:00-04:00,10.705589887515005,10.719934463500977,10.619524255564594,10.719934463500977,45700,0.0,0.0
2019-07-31 00:00:00-04:00,10.739057507687765,10.739057507687765,10.629085183043932,10.64342975616455,66500,0.0,0.0
2019-08-01 00:00:00-04:00,10.64342867558068,10.686461478591065,10.495205082979593,10.499985694885254,65700,0.0,0.0
2019-08-02 00:00:00-04:00,10.490424437057698,10.499986573651723,10.289604976863034,10.380451202392578,115400,0.0,0.0
2019-08-05 00:00:00-04:00,10.232226031516449,10.232226031516449,9.969248619783597,10.036188125610352,122700,0.0,0.0
2019-08-06 00:00:00-04:00,10.06009870606911,10.251355144743256,10.06009870606911,10.179634094238281,99500,0.0,0.0
2019-08-07 00:00:00-04:00,10.084003921766579,10.256135147008797,10.026626542691673,10.213102340698242,69200,0.0,0.0
2019-08-08 00:00:00-04:00,10.265696453920846,10.428264617515664,10.24178974656143,10.40435791015625,31700,0.0,0.0
2019-08-09 00:00:00-04:00,10.409140945147506,10.433047655977523,10.337419900674899,10.394796371459961,33500,0.0,0.0
2019-08-12 00:00:00-04:00,10.337419071658188,10.433046819291876,10.265697120954812,10.303948402404785,51300,0.0,0.0
2019-08-13 00:00:00-04:00,10.280040828660987,10.48086026737459,10.280040828660987,10.399576187133789,49200,0.0,0.0
2019-08-14 00:00:00-04:00,10.260916284924845,10.332638240438257,10.112692673363382,10.131818771362305,76500,0.0,0.0
2019-08-15 00:00:00-04:00,10.160506607832275,10.179632705080977,10.002719953460533,10.122255325317383,70800,0.0,0.0
2019-08-16 00:00:00-04:00,10.141380388858984,10.222664477225308,10.131818252331918,10.213102340698242,53100,0.0,0.0
2019-08-19 00:00:00-04:00,10.275262268666706,10.346983322041028,10.002721718654682,10.308732032775879,58600,0.0,0.0
2019-08-20 00:00:00-04:00,10.299165732960429,10.370886757355118,10.280039640064617,10.346979141235352,70700,0.0,0.0
2019-08-21 00:00:00-04:00,10.40435826686008,10.447391071168308,10.356543938519552,10.390013694763184,61100,0.0,0.0
2019-08-22 00:00:00-04:00,10.423483651423606,10.423483651423606,10.28960462387493,10.370888710021973,39000,0.0,0.0
2019-08-23 00:00:00-04:00,10.361326707550697,10.390014943209158,10.189195469634793,10.23222827911377,53300,0.0,0.0
2019-08-26 00:00:00-04:00,10.303947047792677,10.346979847764386,10.193974742079366,10.270477294921875,75500,0.0,0.0
2019-08-27 00:00:00-04:00,10.327857720212915,10.342201383124328,10.146163419485498,10.179634094238281,48400,0.0,0.0
2019-08-28 00:00:00-04:00,10.146161913113767,10.256135147008797,10.136599776586701,10.213102340698242,65700,0.0,0.0
2019-08-29 00:00:00-04:00,10.303948602769214,10.346981409235035,10.270478844847466,10.284823417663574,58000,0.0,0.0
2019-08-30 00:00:00-04:00,10.337418271512112,10.351761930956558,10.179631633746306,10.26091480255127,75800,0.0,0.0
2019-09-03 00:00:00-04:00,10.193974539095858,10.294384707691254,10.155723263436267,10.21788215637207,68100,0.0,0.0
2019-09-04 00:00:00-04:00,10.270478289644746,10.3613254219374,10.251353105572978,10.318292617797852,48600,0.0,0.0
2019-09-05 00:00:00-04:00,10.399577139480911,10.485642751380022,10.390014091051567,10.423483848571777,65400,0.0,0.0
2019-09-06 00:00:00-04:00,10.447392661946182,10.471299373765385,10.351763990704177,10.452174186706543,70500,0.0,0.0
2019-09-09 00:00:00-04:00,10.471299932446119,10.485644507492532,10.413923456225756,10.442611694335938,53300,0.0,0.0
2019-09-10 00:00:00-04:00,10.409140228127095,10.447391510009766,10.35176284931184,10.447391510009766,74400,0.0,0.0
2019-09-11 00:00:00-04:00,10.461734853031478,10.547800462649526,10.423483572310397,10.533456802368164,49500,0.0,0.0
2019-09-12 00:00:00-04:00,10.57170737053876,10.643428403058861,10.562144323007438,10.60995864868164,64500,0.0,0.0
2019-09-13 00:00:00-04:00,10.634282727188754,10.702388539155216,10.62941789378085,10.678065299987793,48800,0.38,0.0
2019-09-16 00:00:00-04:00,10.639150026315292,10.692661350459773,10.595367443369247,10.658608436584473,36500,0.0,0.0
2019-09-17 00:00:00-04:00,10.644013105261568,10.702390187274121,10.56617761449299,10.59050178527832,49600,0.0,0.0
2019-09-18 00:00:00-04:00,10.561311639591333,10.60509421440366,10.434829676658099,10.532123565673828,90600,0.0,0.0
2019-09-19 00:00:00-04:00,10.551583290100098,10.580771365096153,10.49320621223581,10.551583290100098,90000,0.0,0.0
2019-09-20 00:00:00-04:00,10.585634031549066,10.590498864364386,10.512663395063232,10.527256965637207,45700,0.0,0.0
2019-09-23 00:00:00-04:00,10.498070154017851,10.55158239352379,10.425099508791996,10.517529487609863,59700,0.0,0.0
2019-09-24 00:00:00-04:00,10.561310653812582,10.600229319232826,10.439692607990482,10.468881607055664,64500,0.0,0.0
2019-09-25 00:00:00-04:00,10.464016858537429,10.498069763183594,10.38131654959443,10.498069763183594,57400,0.0,0.0
2019-09-26 00:00:00-04:00,10.48834068521352,10.512664852662711,10.36185779809407,10.478611946105957,49500,0.0,0.0
2019-09-27 00:00:00-04:00,10.522392719947835,10.556446551555204,10.459151745563936,10.50779914855957,107000,0.0,0.0
2019-09-30 00:00:00-04:00,10.507801197255473,10.532124439559553,10.395912798061165,10.502936363220215,82200,0.0,0.0
2019-10-01 00:00:00-04:00,10.502935823891473,10.507800657676922,10.30834711183438,10.327805519104004,96100,0.0,0.0
2019-10-02 00:00:00-04:00,10.245104488105907,10.28888706125837,10.055380623026647,10.094298362731934,130400,0.0,0.0
2019-10-03 00:00:00-04:00,10.074838108697643,10.181862579015542,10.040785205549955,10.157538414001465,108900,0.0,0.0
2019-10-04 00:00:00-04:00,10.220781211656673,10.293751857355304,10.172133805233551,10.288887023925781,54000,0.0,0.0
2019-10-07 00:00:00-04:00,10.235375852021024,10.318075237838377,10.220781351532725,10.284022331237793,83400,0.0,0.0
2019-10-08 00:00:00-04:00,10.220780120055108,10.240238523822896,10.157538220097793,10.196455955505371,59900,0.0,0.0
2019-10-09 00:00:00-04:00,10.249972059327652,10.288889809427896,10.128353974280342,10.2597017288208,156700,0.0,0.0
2019-10-10 00:00:00-04:00,10.288887613809724,10.313211782351893,10.23051146505283,10.269429206848145,76600,0.0,0.0
2019-10-11 00:00:00-04:00,10.332669929995287,10.395911838745592,10.322940262822604,10.342399597167969,86600,0.0,0.0
2019-10-14 00:00:00-04:00,10.332669738326675,10.352129072311074,10.274293592117708,10.284022331237793,67600,0.0,0.0
2019-10-15 00:00:00-04:00,10.313211383087397,10.415370103393077,10.288887215486913,10.347264289855957,97400,0.0,0.0
2019-10-16 00:00:00-04:00,10.342400833802362,10.361859242602225,10.288888585826314,10.332671165466309,86500,0.0,0.0
2019-10-17 00:00:00-04:00,10.366723670549748,10.429965584383712,10.342400428534965,10.410506248474121,108800,0.0,0.0
2019-10-18 00:00:00-04:00,10.400774394681468,10.429963392411464,10.3472630879205,10.420233726501465,56400,0.0,0.0
2019-10-21 00:00:00-04:00,10.43483054247102,10.512666031290733,10.400776704224207,10.502936363220215,65400,0.0,0.0
2019-10-22 00:00:00-04:00,10.532123565673828,10.580770974117764,10.512665159019539,10.532123565673828,81900,0.0,0.0
2019-10-23 00:00:00-04:00,10.522393195965854,10.585635101082763,10.502934790610551,10.55644702911377,114800,0.0,0.0
2019-10-24 00:00:00-04:00,10.580771975689975,10.614824886462523,10.541854230825315,10.595366477966309,119200,0.0,0.0
2019-10-25 00:00:00-04:00,10.571043335424081,10.624555587768555,10.536990421340258,10.624555587768555,61900,0.0,0.0
2019-10-28 00:00:00-04:00,10.619690688173801,10.682931681389027,10.619690688173801,10.658608436584473,64100,0.0,0.0
2019-10-29 00:00:00-04:00,10.668336278427343,10.712118853874493,10.663471444725198,10.68779468536377,51100,0.0,0.0
2019-10-30 00:00:00-04:00,10.707255180413522,10.707255180413522,10.580772274068492,10.64887809753418,60500,0.0,0.0
2019-10-31 00:00:00-04:00,10.629417700696685,10.692658678106465,10.571040628734357,10.619688034057617,64600,0.0,0.0
2019-11-01 00:00:00-04:00,10.658605966356177,10.746171111954254,10.634282727188754,10.678065299987793,58800,0.0,0.0
2019-11-04 00:00:00-05:00,10.71698496873399,10.751037880847692,10.663472719485453,10.741308212280273,62100,0.0,0.0
2019-11-05 00:00:00-05:00,10.755900691256114,10.814276835931798,10.69752361870834,10.809412002563477,86100,0.0,0.0
2019-11-06 00:00:00-05:00,10.804545072771147,10.892110200666353,10.765627341247933,10.84832763671875,54000,0.0,0.0
2019-11-07 00:00:00-05:00,10.872656756394738,10.931032916361104,10.828874172483795,10.906709671020508,47500,0.0,0.0
2019-11-08 00:00:00-05:00,10.901840690461974,10.950488090515137,10.901840690461974,10.950488090515137,60500,0.0,0.0
2019-11-11 00:00:00-05:00,10.896978036473008,10.965084781313877,10.85806029422344,10.940760612487793,51300,0.0,0.0
2019-11-12 00:00:00-05:00,10.93103094495736,10.98454318850258,10.911572537768658,10.940760612487793,53200,0.0,0.0
2019-11-13 00:00:00-05:00,10.901842258113644,10.940759998178033,10.877519018525446,10.896977424621582,54200,0.0,0.0
2019-11-14 00:00:00-05:00,10.877517560043527,10.921300127729511,10.789952424671556,10.8823823928833,98900,0.0,0.0
2019-11-15 00:00:00-05:00,10.892112673918358,10.945624914865668,10.892112673918358,10.926165580749512,49300,0.0,0.0
2019-11-18 00:00:00-05:00,10.935896061002605,10.955355396565762,10.882384743948306,10.931031227111816,59000,0.0,0.0
2019-11-19 00:00:00-05:00,10.916438464337512,10.960221044735206,10.882385552444251,10.935896873474121,30000,0.0,0.0
2019-11-20 00:00:00-05:00,10.901839880146467,10.945622444152832,10.872651813432862,10.945622444152832,25600,0.0,0.0
2019-11-21 00:00:00-05:00,10.94075918227272,11.004001085081164,10.906706278239884,10.98940658569336,55600,0.0,0.0
2019-11-22 00:00:00-05:00,11.004002122603877,11.057513436327104,10.994272455427968,11.018595695495605,50200,0.0,0.0
2019-11-25 00:00:00-05:00,11.028326298493129,11.052649540624744,10.945625976224544,10.955355644226074,62100,0.0,0.0
2019-11-26 00:00:00-05:00,10.98940912237625,10.98940912237625,10.921303298589729,10.935896873474121,56200,0.0,0.0
2019-11-27 00:00:00-05:00,10.940757611721912,10.989405008159196,10.926163114429153,10.945622444152832,55200,0.0,0.0
2019-11-29 00:00:00-05:00,10.92130007451529,10.95048814353973,10.896975910434936,10.916435241699219,43800,0.0,0.0
2019-12-02 00:00:00-05:00,10.911569786268943,10.916434618807427,10.828869488858587,10.872652053833008,48000,0.0,0.0
2019-12-03 00:00:00-05:00,10.79968488676252,10.824008129387535,10.736442971341921,10.819143295288086,66800,0.0,0.0
2019-12-04 00:00:00-05:00,10.882382339858706,10.955352976355801,10.872652674226565,10.916435241699219,78900,0.0,0.0
2019-12-05 00:00:00-05:00,10.935892779290993,10.96021694144559,10.848327651278264,10.945622444152832,65900,0.0,0.0
2019-12-06 00:00:00-05:00,10.950491313265315,10.99427389341126,10.94562647904107,10.969949722290039,54800,0.0,0.0
2019-12-09 00:00:00-05:00,10.96994921835616,10.994273388359984,10.945625976224544,10.955355644226074,46300,0.0,0.0
2019-12-10 00:00:00-05:00,10.926165638946125,10.950489806720881,10.882383992695818,10.892112731933594,63600,0.0,0.0
2019-12-11 00:00:00-05:00,10.8969779551731,10.940760530861231,10.8969779551731,10.911572456359863,47300,0.0,0.0
2019-12-12 00:00:00-05:00,10.896976611981348,11.028324322855463,10.896976611981348,10.98940658569336,75800,0.0,0.0
2019-12-13 00:00:00-05:00,10.97481516208713,11.067245161703404,10.97481516208713,11.01373291015625,49700,0.0,0.0
2019-12-16 00:00:00-05:00,11.062380659145834,11.135351322980936,11.04778615522988,11.130486488342285,52300,0.0,0.0
2019-12-17 00:00:00-05:00,11.115887682048939,11.188858311549884,11.086699615822939,11.179128646850586,66100,0.0,0.0
2019-12-18 00:00:00-05:00,11.188861907628096,11.188861907628096,11.14021449636832,11.15480899810791,52600,0.0,0.0
2019-12-19 00:00:00-05:00,11.169402636761777,11.286156795611337,11.120756153092026,11.281291961669922,72800,0.0,0.0
2019-12-20 00:00:00-05:00,11.291180991179912,11.409879233080607,11.271398422528016,11.390096664428711,49300,0.38,0.0
2019-12-23 00:00:00-05:00,11.41482671802334,11.439555168151855,11.375260631819772,11.439555168151855,50200,0.0,0.0
2019-12-24 00:00:00-05:00,11.469228744506836,11.469228744506836,11.429662664153353,11.469228744506836,35100,0.0,0.0
2019-12-26 00:00:00-05:00,11.439554595139178,11.474175744246777,11.395043575803408,11.424717903137207,42800,0.0,0.0
2019-12-27 00:00:00-05:00,11.43955632245377,11.43955632245377,11.281291961669922,11.281291961669922,65400,0.0,0.0
2019-12-30 00:00:00-05:00,11.296130536430319,11.306022295632484,11.187324015196745,11.207106590270996,46500,0.0,0.0
2019-12-31 00:00:00-05:00,11.212052469872077,11.306022295632484,11.202160710669913,11.207106590270996,42400,0.0,0.0
2020-01-02 00:00:00-05:00,11.281289888159861,11.325801849365234,11.221941235439248,11.325801849365234,71600,0.0,0.0
2020-01-03 00:00:00-05:00,11.286236470477073,11.335694313049316,11.241724506495043,11.335694313049316,103000,0.0,0.0
2020-01-06 00:00:00-05:00,11.306018288213284,11.36536693572998,11.226886129304527,11.36536693572998,109900,0.0,0.0
2020-01-07 00:00:00-05:00,11.375259688852298,11.375259688852298,11.310965157849994,11.325801849365234,71500,0.0,0.0
2020-01-08 00:00:00-05:00,11.375260062027637,11.479120679360863,11.370314183583695,11.424717903137207,87200,0.0,0.0
2020-01-09 00:00:00-05:00,11.484066705617439,11.642331987871083,11.449446499394098,11.607710838317871,147400,0.0,0.0
2020-01-10 00:00:00-05:00,11.642332525431941,11.706627062339694,11.563199408986375,11.662115097045898,113100,0.0,0.0
2020-01-13 00:00:00-05:00,11.681895537004799,11.716515735713704,11.622545951125488,11.632437705993652,68400,0.0,0.0
2020-01-14 00:00:00-05:00,11.632441471778217,11.696736012576094,11.61265795563735,11.67200756072998,58400,0.0,0.0
2020-01-15 00:00:00-05:00,11.662115582577169,11.756085395812988,11.63244125225584,11.756085395812988,71700,0.0,0.0
2020-01-16 00:00:00-05:00,11.765974742282866,11.805540822378964,11.696733394617375,11.77586555480957,80400,0.0,0.0
2020-01-17 00:00:00-05:00,11.800595067683979,11.820377636273736,11.75113723121493,11.770919799804688,43800,0.0,0.0
2020-01-21 00:00:00-05:00,11.756084578383371,11.78575890664137,11.632440443423503,11.637386322021484,68300,0.0,0.0
2020-01-22 00:00:00-05:00,11.696733394617375,11.795649066522499,11.672004948305974,11.77586555480957,60300,0.0,0.0
2020-01-23 00:00:00-05:00,11.761032826802072,11.845110893249512,11.696737335402812,11.845110893249512,96500,0.0,0.0
2020-01-24 00:00:00-05:00,11.86983606166363,11.874781939888901,11.71157173177422,11.785758018493652,73700,0.0,0.0
2020-01-27 00:00:00-05:00,11.642331579951492,11.662114149958894,11.533524143256347,11.548361778259277,72600,0.0,0.0
2020-01-28 00:00:00-05:00,11.597818620441595,11.647275512869943,11.578035108806452,11.587926864624023,68300,0.0,0.0
2020-01-29 00:00:00-05:00,11.662113435750332,11.662113435750332,11.592873029970072,11.6522216796875,68000,0.0,0.0
2020-01-30 00:00:00-05:00,11.63244134822068,11.676953315734863,11.558255050140362,11.676953315734863,49900,0.0,0.0
2020-01-31 00:00:00-05:00,11.676951529459553,11.676951529459553,11.42471739990788,11.444499969482422,47700,0.0,0.0
2020-02-03 00:00:00-05:00,11.474177261704211,11.568146134576914,11.474177261704211,11.553309440612793,67000,0.0,0.0
2020-02-04 00:00:00-05:00,11.642330624066341,11.780811432737803,11.642330624066341,11.77586555480957,72800,0.0,0.0
2020-02-05 00:00:00-05:00,11.850054293369961,11.850054293369961,11.770922116775132,11.83027172088623,64800,0.0,0.0
2020-02-06 00:00:00-05:00,11.874785092271312,11.874785092271312,11.815435481142417,11.850055694580078,51900,0.0,0.0
2020-02-07 00:00:00-05:00,11.83027325446582,11.859947588703127,11.775869522255688,11.845110893249512,37800,0.0,0.0
2020-02-10 00:00:00-05:00,11.850052136204532,11.953913688659668,11.845107201481236,11.953913688659668,65600,0.0,0.0
2020-02-11 00:00:00-05:00,11.988536586397004,12.062722887208706,11.983590707232224,11.998428344726562,78500,0.0,0.0
2020-02-12 00:00:00-05:00,12.057776758701415,12.067668516826423,11.988536338486313,12.008319854736328,66200,0.0,0.0
2020-02-13 00:00:00-05:00,12.008318114124275,12.052830075904803,11.929185947254416,11.96380615234375,97100,0.0,0.0
2020-02-14 00:00:00-05:00,11.993480638451443,12.067666927961461,11.983588881628814,12.03304672241211,54200,0.0,0.0
2020-02-18 00:00:00-05:00,12.028100136848565,12.04293777121018,11.983588177093518,12.023154258728027,43100,0.0,0.0
2020-02-19 00:00:00-05:00,12.067668198980405,12.186366463364218,12.067668198980405,12.171529769897461,55900,0.0,0.0
2020-02-20 00:00:00-05:00,12.171528151917904,12.196256599961945,12.057774838257776,12.1220703125,64400,0.0,0.0
2020-02-21 00:00:00-05:00,12.072613099267057,12.112179184187639,11.948968965974007,11.983589172363281,60100,0.0,0.0
2020-02-24 00:00:00-05:00,11.736303092950434,11.736303092950434,11.469232205797745,11.558256149291992,78300,0.0,0.0
2020-02-25 00:00:00-05:00,11.592872549673553,11.617600995476343,11.098296086979815,11.177428245544434,121300,0.0,0.0
2020-02-26 00:00:00-05:00,11.137862166262124,11.365366886302969,11.137862166262124,11.177428245544434,94100,0.0,0.0
2020-02-27 00:00:00-05:00,10.984543004018409,11.048838473723244,10.608665714959912,10.712526321411133,159800,0.0,0.0
2020-02-28 00:00:00-05:00,10.376218979369437,10.485026457517783,10.034961734259246,10.331707000732422,292100,0.0,0.0
2020-03-02 00:00:00-05:00,10.425675408365846,10.994438348875066,10.361380861002571,10.949926376342773,249600,0.0,0.0
2020-03-03 00:00:00-05:00,11.004328000933684,11.197212549421565,10.682853439010588,10.806497573852539,149100,0.0,0.0
2020-03-04 00:00:00-05:00,10.989488169130967,11.212047944704446,10.925193646926239,11.197210311889648,85400,0.0,0.0
2020-03-05 00:00:00-05:00,10.974654792897146,11.06367873000289,10.831227129042343,10.875739097595215,84300,0.0,0.0
2020-03-06 00:00:00-05:00,10.569101499666058,10.851009987863943,10.544372105674183,10.82628059387207,167300,0.0,0.0
2020-03-09 00:00:00-04:00,10.015174574883865,10.272354592835603,9.965716733996246,10.064632415771484,110900,0.0,0.0
2020-03-10 00:00:00-04:00,10.321811502275706,10.450400556317755,10.049793873605788,10.36632251739502,105300,0.0,0.0
2020-03-11 00:00:00-04:00,10.193221961359237,10.262462369456294,9.495869172202326,9.589838027954102,272900,0.0,0.0
2020-03-12 00:00:00-04:00,8.912267800385138,9.090314679821876,8.407799598100008,8.412745475769043,412800,0.0,0.0
2020-03-13 00:00:00-04:00,8.85286092841407,9.17662239074707,8.569569648872696,9.17662239074707,250600,0.38,0.0
2020-03-16 00:00:00-04:00,8.599923568418937,8.701099525766278,8.2508675769446,8.412748336791992,147600,0.0,0.0
2020-03-17 00:00:00-04:00,8.387453022554634,8.898389663778833,8.296394873540489,8.675803184509277,207100,0.0,0.0
2020-03-18 00:00:00-04:00,8.154749995396083,8.352042014959732,7.39593286554217,7.426285743713379,234900,0.0,0.0
2020-03-19 00:00:00-04:00,7.39593339142031,8.458276483867035,7.39593339142031,8.316631317138672,191400,0.0,0.0
2020-03-20 00:00:00-04:00,8.31663069797335,8.827567354640575,8.250866048415297,8.417805671691895,184300,0.0,0.0
2020-03-23 00:00:00-04:00,8.16992632047364,8.250866691713286,7.638755013602807,7.916987419128418,426900,0.0,0.0
2020-03-24 00:00:00-04:00,8.1648665222243,9.131092941141677,8.134514127592954,8.771920204162598,201600,0.0,0.0
2020-03-25 00:00:00-04:00,8.63533339031606,9.51556059543047,8.63533339031606,9.136152267456055,129100,0.0,0.0
2020-03-26 00:00:00-04:00,9.191801038093821,9.728031316052927,9.18674214355165,9.702737808227539,127100,0.0,0.0
2020-03-27 00:00:00-04:00,9.66226734723743,9.733089939081232,9.277800056726681,9.50544548034668,198800,0.0,0.0
2020-03-30 00:00:00-04:00,9.48014898955155,9.662265289666033,9.363797337760737,9.586383819580078,150700,0.0,0.0
2020-03-31 00:00:00-04:00,9.475091198105265,9.778618078632077,9.378975108431968,9.409327507019043,82600,0.0,0.0
2020-04-01 00:00:00-04:00,9.095681918683445,9.17662228331915,8.685921202104526,8.761802673339844,93600,0.0,0.0
2020-04-02 00:00:00-04:00,8.529100508037091,8.979331467206961,8.529100508037091,8.847803115844727,140200,0.0,0.0
2020-04-03 00:00:00-04:00,8.776977941239462,8.888270683484153,8.549332599278616,8.74156665802002,192400,0.0,0.0
2020-04-06 00:00:00-04:00,8.873096550746013,9.384032249450682,8.873096550746013,9.384032249450684,171600,0.0,0.0
2020-04-07 00:00:00-04:00,9.561089771954194,9.814028659915339,9.470031617906537,9.550971984863281,171900,0.0,0.0
2020-04-08 00:00:00-04:00,9.61167786507891,10.07708546345709,9.566148787474555,10.021438598632812,126000,0.0,0.0
2020-04-09 00:00:00-04:00,10.142847945057552,10.289552947653481,9.869674476785564,9.93543815612793,160400,0.0,0.0
2020-04-13 00:00:00-04:00,10.026495909997363,10.107436265213243,9.571206170686748,9.778615951538086,134600,0.0,0.0
2020-04-14 00:00:00-04:00,10.026497371747935,10.147907922272047,9.945557004731858,10.102378845214844,67900,0.0,0.0
2020-04-15 00:00:00-04:00,9.996142991361022,10.016377596656351,9.864614679843564,9.991084098815918,86500,0.0,0.0
2020-04-16 00:00:00-04:00,10.041672050488707,10.17320036188968,9.986025197426923,10.087201118469238,37500,0.0,0.0
2020-04-17 00:00:00-04:00,10.365434335895053,10.416022300720215,10.228847120332667,10.416022300720215,85400,0.0,0.0
2020-04-20 00:00:00-04:00,10.340140002304079,10.40084478329212,10.152964837006573,10.238964080810547,63600,0.0,0.0
2020-04-21 00:00:00-04:00,10.046732543346682,10.097319547040616,9.77355809195025,9.889909744262695,71200,0.0,0.0
2020-04-22 00:00:00-04:00,9.970850671402093,10.284495322406174,9.955674955390561,10.228848457336426,135300,0.0,0.0
2020-04-23 00:00:00-04:00,10.284497539472186,10.284497539472186,10.072028785540397,10.1226167678833,128700,0.0,0.0
2020-04-24 00:00:00-04:00,10.208611932581924,10.360374853538682,10.12261268673706,10.324963569641113,68700,0.0,0.0
2020-04-27 00:00:00-04:00,10.365434626882196,10.486845166939819,10.345200019315193,10.461551666259766,51300,0.0,0.0
2020-04-28 00:00:00-04:00,10.588022712039372,10.588022712039372,10.35025952393945,10.360377311706543,65600,0.0,0.0
2020-04-29 00:00:00-04:00,10.461552694217174,10.618374536590345,10.416023616611204,10.572845458984375,112800,0.0,0.0
2020-04-30 00:00:00-04:00,10.481785115888878,10.547549754208227,10.304728700917773,10.431198120117188,97300,0.0,0.0
2020-05-01 00:00:00-04:00,10.178261118896813,10.274377200120075,10.061908498919005,10.127673149108887,79600,0.0,0.0
2020-05-04 00:00:00-04:00,10.092261650031208,10.213672196068462,9.996144605919747,10.193436622619629,73900,0.0,0.0
2020-05-05 00:00:00-04:00,10.314847597490985,10.390730036193633,10.279436307368572,10.309788703918457,54600,0.0,0.0
2020-05-06 00:00:00-04:00,10.385670475268448,10.446375264467507,10.294612326584632,10.355317115783691,56100,0.0,0.0
2020-05-07 00:00:00-04:00,10.466609900652797,10.542491362802533,10.39072843850306,10.507080078125,83800,0.0,0.0
2020-05-08 00:00:00-04:00,10.572845775425852,10.67402172088623,10.537434483980318,10.67402172088623,46400,0.0,0.0
2020-05-11 00:00:00-04:00,10.623431302324565,10.76001850778402,10.623431302324565,10.734724044799805,76000,0.0,0.0
2020-05-12 00:00:00-04:00,10.785311039064,10.815663427039102,10.532372221206458,10.542490005493164,68400,0.0,0.0
2020-05-13 00:00:00-04:00,10.572844535648708,10.64872600340343,10.28449437924964,10.380611419677734,84500,0.0,0.0
2020-05-14 00:00:00-04:00,10.279436502744288,10.491905212402342,10.178261524026595,10.491905212402344,73500,0.0,0.0
2020-05-15 00:00:00-04:00,10.380612117158298,10.451434696503295,10.289553963780286,10.390729904174805,94800,0.0,0.0
2020-05-18 00:00:00-04:00,10.704374752429862,10.77013941033896,10.613316589100577,10.724610328674316,83900,0.0,0.0
2020-05-19 00:00:00-04:00,10.653786207873914,10.729667684968371,10.613316022431182,10.633551597595215,66000,0.0,0.0
2020-05-20 00:00:00-04:00,10.734725120995005,10.91178252009475,10.734725120995005,10.901664733886719,91300,0.0,0.0
2020-05-21 00:00:00-04:00,10.856133001927986,10.952250017592693,10.749899167418283,10.835898399353027,77300,0.0,0.0
2020-05-22 00:00:00-04:00,10.876372817506379,10.992724481190942,10.780255764300055,10.952254295349121,68200,0.0,0.0
2020-05-26 00:00:00-04:00,11.1293096700829,11.15460316974266,10.972487849445033,11.03319263458252,72100,0.0,0.0
2020-05-27 00:00:00-04:00,11.033194759130314,11.129311813138958,10.795432535935618,10.96743106842041,147500,0.0,0.0
2020-05-28 00:00:00-04:00,10.987666194854304,11.083783253374905,10.921902501057298,10.947196006774902,154900,0.0,0.0
2020-05-29 00:00:00-04:00,10.866253082588512,11.007899190094522,10.866253082588512,10.992722511291504,76200,0.0,0.0
2020-06-01 00:00:00-04:00,11.007899501597569,11.20013261411648,10.957311535707793,11.19001579284668,75200,0.0,0.0
2020-06-02 00:00:00-04:00,11.195075218712148,11.250722085123838,11.104018025791188,11.225428581237793,75400,0.0,0.0
2020-06-03 00:00:00-04:00,11.230484503850171,11.432835376060474,11.230484503850171,11.402482986450195,69000,0.0,0.0
2020-06-04 00:00:00-04:00,11.326601926102754,11.402484356574094,11.250720460516597,11.367072105407715,65100,0.0,0.0
2020-06-05 00:00:00-04:00,11.549188159043062,11.564364837804662,11.46318890916432,11.528953552246094,68600,0.0,0.0
2020-06-08 00:00:00-04:00,11.564365020132742,11.660481092482788,11.544129448131567,11.655423164367676,45800,0.0,0.0
2020-06-09 00:00:00-04:00,11.564369907092258,11.604840103311632,11.49860523518228,11.57448673248291,60200,0.0,0.0
2020-06-10 00:00:00-04:00,11.630131529531088,11.655426000687907,11.513779856865963,11.59977912902832,36800,0.0,0.0
2020-06-11 00:00:00-04:00,11.2810751015552,11.377192158387983,11.038253977342736,11.06860637664795,129800,0.0,0.0
2020-06-12 00:00:00-04:00,11.279682725152632,11.356905368589358,11.006828337607738,11.192163467407227,105200,0.38,0.0
2020-06-15 00:00:00-04:00,10.991383644138843,11.331164037504822,10.991383644138843,11.26938533782959,67300,0.0,0.0
2020-06-16 00:00:00-04:00,11.578277081908173,11.578277081908173,11.346609163295604,11.439275741577148,102200,0.0,0.0
2020-06-17 00:00:00-04:00,11.511350774769873,11.521646406367838,11.392941682971713,11.403238296508789,84800,0.0,0.0
2020-06-18 00:00:00-04:00,11.392936465506065,11.44441852767581,11.295121627516082,11.382640838623047,64000,0.0,0.0
2020-06-19 00:00:00-04:00,11.537090949659001,11.537090949659001,11.341460208543014,11.40838623046875,68900,0.0,0.0
2020-06-22 00:00:00-04:00,11.428977425553395,11.516496658325195,11.38779196201013,11.516496658325195,51100,0.0,0.0
2020-06-23 00:00:00-04:00,11.557685754590738,11.619463478353676,11.5319442180735,11.598871231079102,63600,0.0,0.0
2020-06-24 00:00:00-04:00,11.449569498319683,11.50105157247793,11.295124257783831,11.372346878051758,92300,0.0,0.0
2020-06-25 00:00:00-04:00,11.305424531594165,11.506204605102537,11.279683974909672,11.506204605102539,84800,0.0,0.0
2020-06-26 00:00:00-04:00,11.516498013105261,11.516498013105261,11.223050446157588,11.284829139709473,104200,0.0,0.0
2020-06-29 00:00:00-04:00,11.26938236161704,11.428976884488288,11.207604660196246,11.377494812011719,123500,0.0,0.0
2020-06-30 00:00:00-04:00,11.39809019473443,11.573128700256348,11.377497949229038,11.573128700256348,90800,0.0,0.0
2020-07-01 00:00:00-04:00,11.609163627945643,11.634905157287989,11.516497068130015,11.604016304016113,68600,0.0,0.0
2020-07-02 00:00:00-04:00,11.696684765455442,11.815093855803072,11.650350987045304,11.670944213867188,77100,0.0,0.0
2020-07-06 00:00:00-04:00,11.84083258684371,11.84083258684371,11.717276190726711,11.789350509643555,72400,0.0,0.0
2020-07-07 00:00:00-04:00,11.748164464329808,11.887165771326819,11.748164464329808,11.784201622009277,57700,0.0,0.0
2020-07-08 00:00:00-04:00,11.830540387390766,11.933504580193091,11.804799830159842,11.887170791625977,52100,0.0,0.0
2020-07-09 00:00:00-04:00,11.938650179769885,11.943798486436052,11.706981289487905,11.871723175048828,57700,0.0,0.0
2020-07-10 00:00:00-04:00,11.892315684804764,11.990131541687054,11.835685296829908,11.974686622619629,42300,0.0,0.0
2020-07-13 00:00:00-04:00,12.062206520542478,12.16002238272623,11.809945387069927,11.845982551574707,157100,0.0,0.0
2020-07-14 00:00:00-04:00,11.84598157567301,12.29902172088623,11.773907252601113,12.29902172088623,179700,0.0,0.0
2020-07-15 00:00:00-04:00,12.360800356823862,12.551282776052005,12.314466583078856,12.43287467956543,139500,0.0,0.0
2020-07-16 00:00:00-04:00,12.283580740128874,12.309321295437645,12.19091316991451,12.25783920288086,86100,0.0,0.0
2020-07-17 00:00:00-04:00,12.252688726370241,12.252688726370241,12.134280621808578,12.154873847961426,69700,0.0,0.0
2020-07-20 00:00:00-04:00,12.180618386457885,12.288730895276544,12.057061934907555,12.232100486755371,100900,0.0,0.0
2020-07-21 00:00:00-04:00,12.340209628673774,12.407136640707508,12.268135291350552,12.371099472045898,90700,0.0,0.0
2020-07-22 00:00:00-04:00,12.39683921655218,12.39683921655218,12.211504096181377,12.262986183166504,60800,0.0,0.0
2020-07-23 00:00:00-04:00,12.268137666926185,12.283582591602968,12.077654190336748,12.139432907104492,64400,0.0,0.0
2020-07-24 00:00:00-04:00,12.16002614000687,12.16002614000687,11.984987588094217,12.139432907104492,78700,0.0,0.0
2020-07-27 00:00:00-04:00,12.175465451272952,12.350503936602054,12.154873208143126,12.283577919006348,56100,0.0,0.0
2020-07-28 00:00:00-04:00,12.283576670242066,12.365947598265471,12.262983447266755,12.314465522766113,65200,0.0,0.0
2020-07-29 00:00:00-04:00,12.381394885705074,12.530692846880347,12.35565433195584,12.52039623260498,44100,0.0,0.0
2020-07-30 00:00:00-04:00,12.499803429614394,12.515247368400836,12.355653781993052,12.448321342468262,63600,0.0,0.0
2020-07-31 00:00:00-04:00,12.556427877609147,12.597613334655762,12.365945506995589,12.597613334655762,95300,0.0,0.0
2020-08-03 00:00:00-04:00,12.613060317219379,12.81898763621477,12.597615400067632,12.808691024780273,50900,0.0,0.0
2020-08-04 00:00:00-04:00,12.731470549870208,12.875620188445104,12.731470549870208,12.844731330871582,75000,0.0,0.0
2020-08-05 00:00:00-04:00,12.844730330972142,12.896211428940768,12.79839655724918,12.818988800048828,94500,0.0,0.0
2020-08-06 00:00:00-04:00,12.860176294028205,12.88591782900774,12.793250266959731,12.87047290802002,50100,0.0,0.0
2020-08-07 00:00:00-04:00,12.793249085703291,12.875620026153818,12.757211921998568,12.767507553100586,47000,0.0,0.0
2020-08-10 00:00:00-04:00,12.767506028090102,12.824136411112793,12.674839467606084,12.69543170928955,62300,0.0,0.0
2020-08-11 00:00:00-04:00,12.695434957573996,12.736620433417691,12.520396439753496,12.530693054199219,90200,0.0,0.0
2020-08-12 00:00:00-04:00,12.628503163894786,12.68513255362216,12.540983944928387,12.597613334655762,71700,0.0,0.0
2020-08-13 00:00:00-04:00,12.592468145246208,12.726321159248553,12.540987047655225,12.633654594421387,83200,0.0,0.0
2020-08-14 00:00:00-04:00,12.582172468572217,12.633654547912672,12.55128263180455,12.60791301727295,54200,0.0,0.0
2020-08-17 00:00:00-04:00,12.679986210316066,12.752061507751602,12.643949052567752,12.690282821655273,53400,0.0,0.0
2020-08-18 00:00:00-04:00,12.6902849191706,12.78810077918275,12.685136612650059,12.767507553100586,49300,0.0,0.0
2020-08-19 00:00:00-04:00,12.772658587115854,12.818992373755854,12.679991013835858,12.716029167175293,87100,0.0,0.0
2020-08-20 00:00:00-04:00,12.695433126358864,12.726321983301363,12.628507105993606,12.649099349975586,124200,0.0,0.0
2020-08-21 00:00:00-04:00,12.690285381802052,12.793249552088362,12.638803296658898,12.721174240112305,44100,0.0,0.0
2020-08-24 00:00:00-04:00,12.818990334556476,12.849879193423028,12.78295316888898,12.824138641357422,116200,0.0,0.0
2020-08-25 00:00:00-04:00,12.824135115967731,12.865320577114177,12.798394570978271,12.860172271728516,70200,0.0,0.0
2020-08-26 00:00:00-04:00,12.834432717856172,12.957989110836941,12.803543865095712,12.952840805053711,78700,0.0,0.0
2020-08-27 00:00:00-04:00,12.999178954239163,13.04036443244037,12.942548553485281,13.024919509887695,82100,0.0,0.0
2020-08-28 00:00:00-04:00,12.999175060416285,13.066101074218752,12.999175060416285,13.06610107421875,60600,0.0,0.0
2020-08-31 00:00:00-04:00,13.066102817135107,13.102140963770216,12.999176794405232,13.081547737121582,57800,0.0,0.0
2020-09-01 00:00:00-04:00,13.08154595273542,13.148472948275222,13.08154595273542,13.133028030395508,81400,0.0,0.0
2020-09-02 00:00:00-04:00,13.266882760359263,13.292623311558586,13.143326347112149,13.282326698303223,81600,0.0,0.0
2020-09-03 00:00:00-04:00,13.230842965569346,13.230842965569346,12.66969041991909,12.705727577209473,224900,0.0,0.0
2020-09-04 00:00:00-04:00,12.726322495379344,12.788101193689235,12.304171166402242,12.628507614135742,74000,0.0,0.0
2020-09-08 00:00:00-04:00,12.41743223351841,12.41743223351841,12.242393729901167,12.252689361572266,84700,0.0,0.0
2020-09-09 00:00:00-04:00,12.401985929751723,12.607913269290805,12.401985929751723,12.55128288269043,74100,0.0,0.0
2020-09-10 00:00:00-04:00,12.60791571293031,12.70573158639697,12.3299139961556,12.371099472045898,114200,0.0,0.0
2020-09-11 00:00:00-04:00,12.480947486602318,12.507101628939267,12.27694138505111,12.355405807495117,86100,0.38,0.0
2020-09-14 00:00:00-04:00,12.465254910090643,12.632643822382118,12.465254910090643,12.543718338012695,73800,0.0,0.0
2020-09-15 00:00:00-04:00,12.637872819680414,12.669257986262268,12.585563543566353,12.632641792297363,61900,0.0,0.0
2020-09-16 00:00:00-04:00,12.695413583338395,12.700644610911052,12.622180195037695,12.653566360473633,80100,0.0,0.0
2020-09-17 00:00:00-04:00,12.454790460039732,12.58556314734969,12.365864992760304,12.52279281616211,83000,0.0,0.0
2020-09-18 00:00:00-04:00,12.580333577265293,12.585564605089553,12.371097452877592,12.501870155334473,103500,0.0,0.0
2020-09-21 00:00:00-04:00,12.303097475336077,12.38156090612364,12.161862701288472,12.313559532165527,45800,0.0,0.0
2020-09-22 00:00:00-04:00,12.407712918729098,12.611719000986751,12.344942583970193,12.575102806091309,69100,0.0,0.0
2020-09-23 00:00:00-04:00,12.575102305860984,12.60125644468405,12.308325899456635,12.344942092895508,57000,0.0,0.0
2020-09-24 00:00:00-04:00,12.292629950692769,12.407709531478867,12.203704502630174,12.303092002868652,78200,0.0,0.0
2020-09-25 00:00:00-04:00,12.303095968875281,12.554179315738075,12.276940830004241,12.548948287963867,71300,0.0,0.0
2020-09-28 00:00:00-04:00,12.653566360473635,12.721567723485185,12.648335332900977,12.653566360473633,77800,0.0,0.0
2020-09-29 00:00:00-04:00,12.627409430099622,12.643102510589896,12.575101157231407,12.606486320495605,62900,0.0,0.0
2020-09-30 00:00:00-04:00,12.611719967622722,12.805263011966185,12.606488939705796,12.700645446777344,85500,0.0,0.0
2020-10-01 00:00:00-04:00,12.752957092714073,12.84711362460913,12.73726500254278,12.763419151306152,78600,0.0,0.0
2020-10-02 00:00:00-04:00,12.648335591469584,12.752953151911926,12.590795284710563,12.726799011230469,80500,0.0,0.0
2020-10-05 00:00:00-04:00,12.75818231327273,12.89941704681184,12.742490230245963,12.894186019897461,79600,0.0,0.0
2020-10-06 00:00:00-04:00,12.930804452825418,13.040654041642902,12.815724833903019,12.878496170043945,88200,0.0,0.0
2020-10-07 00:00:00-04:00,12.951727892402875,13.145270923176408,12.941265837302552,13.11911678314209,102100,0.0,0.0
2020-10-08 00:00:00-04:00,13.176656483892325,13.228965759277342,13.077268960432434,13.228965759277344,92000,0.0,0.0
2020-10-09 00:00:00-04:00,13.286507731241022,13.32312393204553,13.218506357992174,13.28127670288086,51600,0.0,0.0
2020-10-12 00:00:00-04:00,13.338816150299662,13.495743000040084,13.307430979894892,13.443434715270996,84200,0.0,0.0
2020-10-13 00:00:00-04:00,13.464357243168894,13.49574241220662,13.35973968047096,13.385893821716309,68900,0.0,0.0
2020-10-14 00:00:00-04:00,13.391124596100571,13.443433875317925,13.276043982279086,13.354508399963379,28200,0.0,0.0
2020-10-15 00:00:00-04:00,13.270817178997865,13.286509268176918,13.181891682021774,13.25512409210205,48400,0.0,0.0
2020-10-16 00:00:00-04:00,13.260353587156844,13.338817017126022,13.239429473716188,13.28127670288086,38500,0.0,0.0
2020-10-19 00:00:00-04:00,13.312662370872978,13.34927857029628,13.119118319714177,13.218505859375,76900,0.0,0.0
2020-10-20 00:00:00-04:00,13.218505614877387,13.349278323379815,13.218505614877387,13.312662124633789,65600,0.0,0.0
2020-10-21 00:00:00-04:00,13.312661668004164,13.3545088933809,13.265583414740767,13.29173755645752,45800,0.0,0.0
2020-10-22 00:00:00-04:00,13.29697214911672,13.338819385712242,13.192353558769502,13.302203178405762,51200,0.0,0.0
2020-10-23 00:00:00-04:00,13.354504083703373,13.354504083703373,13.218500400782105,13.249885559082031,75400,0.0,0.0
2020-10-26 00:00:00-04:00,13.150506173673008,13.197584439025947,12.878499637732133,12.977886199951172,43700,0.0,0.0
2020-10-27 00:00:00-04:00,12.993575925553733,13.045885206601618,12.951728700258736,12.998806953430176,51300,0.0,0.0
2020-10-28 00:00:00-04:00,12.831419874989566,12.852342991750977,12.564643401693896,12.627413749694824,55000,0.0,0.0
2020-10-29 00:00:00-04:00,12.627407972685635,12.857568138063586,12.627407972685635,12.800027847290039,74000,0.0,0.0
2020-10-30 00:00:00-04:00,12.732032534476096,12.732032534476096,12.428639853608178,12.616952896118164,53400,0.0,0.0
2020-11-02 00:00:00-05:00,12.616951113109714,12.732030735204766,12.564641831169574,12.611720085144043,65000,0.0,0.0
2020-11-03 00:00:00-05:00,12.632643339111418,12.904650810037536,12.470485461247092,12.857572555541992,59600,0.0,0.0
2020-11-04 00:00:00-05:00,12.925574511686207,13.286507479978761,12.925574511686207,13.166196823120117,70200,0.0,0.0
2020-11-05 00:00:00-05:00,13.265582707393179,13.574206352233885,13.234196541746785,13.574206352233887,100200,0.0,0.0
2020-11-06 00:00:00-05:00,13.568975825448346,13.62651513582414,13.45912623706449,13.59512996673584,72200,0.0,0.0
2020-11-09 00:00:00-05:00,13.966523993937724,13.966523993937724,13.579435945153605,13.678823471069336,100500,0.0,0.0
2020-11-10 00:00:00-05:00,13.558515219181954,13.610824505065072,13.077271584947232,13.406818389892578,112400,0.0,0.0
2020-11-11 00:00:00-05:00,13.49051276762627,13.521897937560839,13.385894204222295,13.495742797851562,68600,0.0,0.0
2020-11-12 00:00:00-05:00,13.521896115082027,13.621283637148714,13.480048894903911,13.532358169555664,66700,0.0,0.0
2020-11-13 00:00:00-05:00,13.568978842377552,13.971758095428275,13.542823697558182,13.961297035217285,62100,0.0,0.0
2020-11-16 00:00:00-05:00,14.029293293983937,14.170528031291092,13.914213691946474,14.144373893737793,105500,0.0,0.0
2020-11-17 00:00:00-05:00,14.04499122609604,14.238534305356957,14.008375021788122,14.2228422164917,70900,0.0,0.0
2020-11-18 00:00:00-05:00,14.217608451843262,14.296071874221633,14.154837115310636,14.217608451843262,75900,0.0,0.0
2020-11-19 00:00:00-05:00,14.238534047975605,14.327459541565982,14.201917844329577,14.316998481750488,64600,0.0,0.0
2020-11-20 00:00:00-05:00,14.400689614507552,14.405920642063291,14.26468589120781,14.337918281555176,68300,0.0,0.0
2020-11-23 00:00:00-05:00,14.358845714162625,14.405923975340867,14.285612309153848,14.316998481750488,65900,0.0,0.0
2020-11-24 00:00:00-05:00,14.296072130547985,14.40592172202053,14.290841102600096,14.290841102600098,77000,0.0,0.0
2020-11-25 00:00:00-05:00,14.296067712607913,14.353608004536348,14.222835339401728,14.233296394348145,50200,0.0,0.0
2020-11-27 00:00:00-05:00,14.228069202535398,14.228069202535398,14.039756207926368,14.107757568359375,121900,0.0,0.0
2020-11-30 00:00:00-05:00,14.024063451428814,14.118219950919553,13.976985201683444,14.092065811157227,105800,0.0,0.0
2020-12-01 00:00:00-05:00,14.16529754302812,14.364071590056373,14.149604461269401,14.332686424255371,75300,0.0,0.0
2020-12-02 00:00:00-05:00,14.28037783947906,14.322225061807956,14.133913060186165,14.259454727172852,74500,0.0,0.0
2020-12-03 00:00:00-05:00,14.186223750012926,14.636081185410607,14.180992721986414,14.447769165039062,246200,0.0,0.0
2020-12-04 00:00:00-05:00,14.437305450439453,14.50530681153901,14.426843395588302,14.437305450439453,93300,0.0,0.0
2020-12-07 00:00:00-05:00,14.379765146474584,14.489614726978747,14.358842034488745,14.437305450439453,102600,0.0,0.0
2020-12-08 00:00:00-05:00,14.416384689743705,14.568081527176032,14.416384689743705,14.541926383972168,72300,0.0,0.0
2020-12-09 00:00:00-05:00,14.599464278741616,14.599464278741616,14.379766100868256,14.479153633117676,56400,0.0,0.0
2020-12-10 00:00:00-05:00,14.405920064777236,14.484383479536088,14.33268667964805,14.3640718460083,66600,0.0,0.0
2020-12-11 00:00:00-05:00,14.353611623592126,14.437306070563329,14.254224093670135,14.411150932312012,67600,0.0,0.0
2020-12-14 00:00:00-05:00,14.447767505290605,14.562847115503878,14.421612368162727,14.437305450439453,62800,0.0,0.0
2020-12-15 00:00:00-05:00,14.56285152966574,14.578544616699217,14.500080179248604,14.578544616699219,59000,0.0,0.0
2020-12-16 00:00:00-05:00,14.578543080973427,14.698853742406069,14.52100276562883,14.68839168548584,50900,0.0,0.0
2020-12-17 00:00:00-05:00,14.725004233853236,14.892393112182619,14.725004233853236,14.892393112182617,67100,0.0,0.0
2020-12-18 00:00:00-05:00,14.971920785811173,14.971920785811173,14.78106028068682,14.844680786132812,58600,0.38,0.0
2020-12-21 00:00:00-05:00,14.632611226458145,14.818169901833999,14.579594317605984,14.781057357788086,72400,0.0,0.0
2020-12-22 00:00:00-05:00,14.839378993077846,14.871188740194029,14.759854119680574,14.844680786132812,78700,0.0,0.0
2020-12-23 00:00:00-05:00,14.871188361606746,14.92420527959311,14.812870661913987,14.818172454833984,39400,0.0,0.0
2020-12-24 00:00:00-05:00,14.844679770574771,14.897696686283822,14.796964647557983,14.812870025634766,22600,0.0,0.0
2020-12-28 00:00:00-05:00,14.892399099994417,14.897700894184187,14.812874209575577,14.855287551879883,50200,0.0,0.0
2020-12-29 00:00:00-05:00,14.902998478976084,14.902998478976084,14.759853109925716,14.812870025634766,64900,0.0,0.0
2020-12-30 00:00:00-05:00,14.79696413737759,14.881790795101931,14.79696413737759,14.871187210083008,42900,0.0,0.0
2020-12-31 00:00:00-05:00,14.87649039914535,14.993127822875978,14.80226731947213,14.993127822875977,49300,0.0,0.0
2021-01-04 00:00:00-05:00,15.109765723518539,15.109765723518539,14.637917222758455,14.88709545135498,106600,0.0,0.0
2021-01-05 00:00:00-05:00,14.834080375120807,14.929510648108954,14.754555484701967,14.855287551879883,74000,0.0,0.0
2021-01-06 00:00:00-05:00,14.818176636962429,14.945416669312449,14.796969459297149,14.860589981079102,65000,0.0,0.0
2021-01-07 00:00:00-05:00,14.855285183022666,15.088558022891206,14.849983389678334,14.97722339630127,61600,0.0,0.0
2021-01-08 00:00:00-05:00,15.05144056761837,15.125664634065838,14.934804193505611,15.077949523925781,56700,0.0,0.0
2021-01-11 00:00:00-05:00,15.05144278757571,15.083253539836415,14.897694863169374,15.072649955749512,49100,0.0,0.0
2021-01-12 00:00:00-05:00,15.051444059199705,15.104460972899922,15.009030730482236,15.08325481414795,35200,0.0,0.0
2021-01-13 00:00:00-05:00,15.104460970118188,15.104460970118188,15.035539690170062,15.067349433898926,46600,0.0,0.0
2021-01-14 00:00:00-05:00,15.104460086644933,15.173382373775253,15.07265034477665,15.130969047546387,43400,0.0,0.0
2021-01-15 00:00:00-05:00,15.051442713352754,15.115063206347,14.908298373739207,15.009029388427734,50300,0.0,0.0
2021-01-19 00:00:00-05:00,15.205189480561504,15.268808953272723,15.077949523925783,15.077949523925781,57200,0.0,0.0
2021-01-20 00:00:00-05:00,15.183987855585594,15.390753745371418,15.003730931779312,15.374848365783691,39800,0.0,0.0
2021-01-21 00:00:00-05:00,15.422565514897443,15.533900152964122,15.374850381093497,15.454375267028809,49600,0.0,0.0
2021-01-22 00:00:00-05:00,15.438469109067597,15.608122449077076,15.427865522513587,15.565709114074707,37500,0.0,0.0
2021-01-25 00:00:00-05:00,15.592216509698947,15.645233429352745,15.115066255242033,15.396055221557617,53000,0.0,0.0
2021-01-26 00:00:00-05:00,15.401356899621014,15.406658693016263,15.327133814514907,15.332435607910156,37500,0.0,0.0
2021-01-27 00:00:00-05:00,15.252909223253384,15.252909223253384,14.791663355549538,14.918903350830078,135800,0.0,0.0
2021-01-28 00:00:00-05:00,14.945411490200536,15.157478137295335,14.823472283309181,15.01433277130127,61200,0.0,0.0
2021-01-29 00:00:00-05:00,15.019637997245407,15.019637997245407,14.637917945216723,14.728046417236328,70700,0.0,0.0
2021-02-01 00:00:00-05:00,14.84467945362543,15.21049505187242,14.807567916785533,15.01433277130127,58400,0.0,0.0
2021-02-02 00:00:00-05:00,15.109763271734739,15.295321970296998,15.109763271734739,15.189288139343262,83700,0.0,0.0
2021-02-03 00:00:00-05:00,15.274117037228937,15.332435753918348,15.136273441280867,15.199893951416016,66900,0.0,0.0
2021-02-04 00:00:00-05:00,15.199895437257432,15.406660345784656,15.168085684687197,15.353643417358398,64500,0.0,0.0
2021-02-05 00:00:00-05:00,15.470274282620293,15.549799135830803,15.374844054282333,15.449067115783691,47000,0.0,0.0
2021-02-08 00:00:00-05:00,15.533897659878091,15.571010211157791,15.443769200626072,15.528596878051758,53200,0.0,0.0
2021-02-09 00:00:00-05:00,15.533898095501597,15.602820395740231,15.533898095501597,15.586915016174316,46200,0.0,0.0
2021-02-10 00:00:00-05:00,15.608118047444036,15.714150849440898,15.50208423423379,15.57630729675293,59900,0.0,0.0
2021-02-11 00:00:00-05:00,15.682343099846456,15.745963598087886,15.555103114577108,15.63992977142334,51600,0.0,0.0
2021-02-12 00:00:00-05:00,15.586910473604785,15.767167344630701,15.586910473604785,15.74596118927002,44100,0.0,0.0
2021-02-16 00:00:00-05:00,15.825489041886499,15.920919287135805,15.74596417458326,15.80958366394043,105400,0.0,0.0
2021-02-17 00:00:00-05:00,15.809581440213742,15.830788607825564,15.677039676280074,15.8148832321167,58600,0.0,0.0
2021-02-18 00:00:00-05:00,15.783076798970376,15.783076798970376,15.58691450231239,15.677042961120605,56000,0.0,0.0
2021-02-19 00:00:00-05:00,15.814885456589119,15.873204164511153,15.74596417458326,15.80958366394043,54700,0.0,0.0
2021-02-22 00:00:00-05:00,15.730059309252525,15.788378019075061,15.459673942639283,15.491483688354492,81900,0.0,0.0
2021-02-23 00:00:00-05:00,15.443765045336303,15.443765045336303,14.97721850669868,15.305922508239746,101600,0.0,0.0
2021-02-24 00:00:00-05:00,15.337739307399556,15.512694466330531,15.268816995909699,15.348342895507812,60500,0.0,0.0
2021-02-25 00:00:00-05:00,15.343040949536174,15.42256583713306,14.860588818739407,14.913604736328125,56900,0.0,0.0
2021-02-26 00:00:00-05:00,15.019637312389701,15.15748091102931,14.834078583020469,14.950716018676758,85600,0.0,0.0
2021-03-01 00:00:00-05:00,15.136272101685806,15.396054901467057,15.093858769087285,15.369545936584473,50600,0.0,0.0
2021-03-02 00:00:00-05:00,15.443768570643805,15.470277534762237,15.194590375212053,15.279417037963867,69700,0.0,0.0
2021-03-03 00:00:00-05:00,15.258211016125108,15.284718969270122,14.902998983428505,14.918903350830078,61400,0.0,0.0
2021-03-04 00:00:00-05:00,14.918906259700535,15.10446500153644,14.314515911471272,14.43115234375,203400,0.0,0.0
2021-03-05 00:00:00-05:00,14.611407159769465,14.611407159769465,13.964603565883687,14.515976905822754,135000,0.0,0.0
2021-03-08 00:00:00-05:00,14.473561981834802,14.595501188044032,14.288004298673316,14.298606872558594,88600,0.0,0.0
2021-03-09 00:00:00-05:00,14.431150358279858,14.728044708855428,14.431150358279858,14.643218040466309,120700,0.0,0.0
2021-03-10 00:00:00-05:00,14.759855644326313,14.849984113143503,14.728045893924284,14.802268981933594,82400,0.0,0.0
2021-03-11 00:00:00-05:00,14.961315609273392,15.120366350374045,14.940109450521417,15.08325481414795,33800,0.0,0.0
2021-03-12 00:00:00-05:00,15.083254280765592,15.083254280765592,14.879063898484361,15.02414608001709,58100,0.38,0.0
2021-03-15 00:00:00-04:00,15.056385819075057,15.083252621057367,15.008024755584659,15.067132949829102,101200,0.0,0.0
2021-03-16 00:00:00-04:00,15.15848489362591,15.233713805873066,14.997281985059187,15.061763763427734,52300,0.0,0.0
2021-03-17 00:00:00-04:00,14.954293703765224,15.142364437336076,14.868318686973357,15.051015853881836,87700,0.0,0.0
2021-03-18 00:00:00-04:00,14.959668690254492,15.008029769902764,14.728610426357893,14.733983993530273,70500,0.0,0.0
2021-03-19 00:00:00-04:00,14.760847062087317,14.852195631051357,14.669498493123276,14.825328826904297,57300,0.0,0.0
2021-03-22 00:00:00-04:00,14.819959484954788,14.986535972929136,14.809212350271753,14.895187377929688,70200,0.0,0.0
2021-03-23 00:00:00-04:00,14.841452820615975,14.927427842865052,14.733983530353077,14.766223907470703,62800,0.0,0.0
2021-03-24 00:00:00-04:00,14.803835687748577,14.852196758807741,14.535163526265642,14.556657791137695,66500,0.0,0.0
2021-03-25 00:00:00-04:00,14.486802455206476,14.583524597324807,14.352466374465008,14.556657791137695,94900,0.0,0.0
2021-03-26 00:00:00-04:00,14.572776337084786,14.798460960388184,14.540534944539438,14.798460960388184,114100,0.0,0.0
2021-03-29 00:00:00-04:00,14.733980257940255,14.846822065241367,14.685619190553242,14.825328826904297,97000,0.0,0.0
2021-03-30 00:00:00-04:00,14.728606093012795,14.884436420455085,14.707112855550006,14.803833961486816,46300,0.0,0.0
2021-03-31 00:00:00-04:00,14.81995761191505,15.110124062264887,14.803836911927933,15.051015853881836,81500,0.0,0.0
2021-04-01 00:00:00-04:00,15.07250736841343,15.282072344618937,15.07250736841343,15.169229507446289,159300,0.0,0.0
2021-04-05 00:00:00-04:00,15.179979174359215,15.314315273247349,15.179979174359215,15.255207061767578,75600,0.0,0.0
2021-04-06 00:00:00-04:00,15.292819164423285,15.384167741666209,15.21759128607134,15.346553802490234,51800,0.0,0.0
2021-04-07 00:00:00-04:00,15.346551045030177,15.400285673442117,15.325057808607074,15.33580493927002,81700,0.0,0.0
2021-04-08 00:00:00-04:00,15.464765489727231,15.502379417419432,15.373416940373598,15.502379417419434,59900,0.0,0.0
2021-04-09 00:00:00-04:00,15.572239624998053,15.620600700378418,15.475517474237325,15.620600700378418,72300,0.0,0.0
2021-04-12 00:00:00-04:00,15.668960641837714,15.749562086671057,15.53462455881448,15.631346702575684,62700,0.0,0.0
2021-04-13 00:00:00-04:00,15.701197754343927,15.819414138793945,15.690451648859822,15.819414138793945,77100,0.0,0.0
2021-04-14 00:00:00-04:00,15.82479355066607,15.851660361656775,15.701203555360664,15.717324256896973,55700,0.0,0.0
2021-04-15 00:00:00-04:00,15.787172123773455,15.878520678646494,15.787172123773455,15.862401008605957,46000,0.0,0.0
2021-04-16 00:00:00-04:00,15.89464697146511,15.910767672085862,15.787177683799609,15.808671951293945,67900,0.0,0.0
2021-04-19 00:00:00-04:00,15.857030719881239,15.857030719881239,15.588358564732257,15.674333572387695,62900,0.0,0.0
2021-04-20 00:00:00-04:00,15.674335025698186,15.744189341556458,15.534625369078606,15.57761287689209,44800,0.0,0.0
2021-04-21 00:00:00-04:00,15.56149487727492,15.701204558136213,15.56149487727492,15.652843475341797,61500,0.0,0.0
2021-04-22 00:00:00-04:00,15.685083612503917,15.819419714983628,15.572240753471334,15.609854698181152,29700,0.0,0.0
2021-04-23 00:00:00-04:00,15.636721318726824,15.814044919226793,15.636721318726824,15.787177085876465,43300,0.0,0.0
2021-04-26 00:00:00-04:00,15.81404209136963,15.867776723558443,15.781801722017487,15.814042091369629,81700,0.0,0.0
2021-04-27 00:00:00-04:00,15.867780806420148,15.883900482792464,15.733444703834177,15.765685081481934,83900,0.0,0.0
2021-04-28 00:00:00-04:00,15.819418485896858,15.900019936141744,15.604480943609477,15.787177085876465,80500,0.0,0.0
2021-04-29 00:00:00-04:00,15.926889168359118,15.926889168359118,15.70120445838668,15.781806945800781,77900,0.0,0.0
2021-04-30 00:00:00-04:00,15.744189934567052,15.851659220600146,15.690456316453576,15.728070259094238,62600,0.0,0.0
2021-05-03 00:00:00-04:00,15.835537027167955,15.835537027167955,15.744188450123563,15.79792308807373,70300,0.0,0.0
2021-05-04 00:00:00-04:00,15.744194454388946,15.744194454388946,15.357306758428143,15.556124687194824,44100,0.0,0.0
2021-05-05 00:00:00-04:00,15.615227355015563,15.647468755661507,15.464771584946753,15.507759094238281,53500,0.0,0.0
2021-05-06 00:00:00-04:00,15.56686443394137,15.56686443394137,15.31968654103676,15.47014331817627,40300,0.0,0.0
2021-05-07 00:00:00-04:00,15.556119034532314,15.728069059144131,15.464770455844413,15.647467613220215,27500,0.0,0.0
2021-05-10 00:00:00-04:00,15.647466826274577,15.647466826274577,15.351926839546257,15.37879467010498,52200,0.0,0.0
2021-05-11 00:00:00-04:00,15.1369874922816,15.298190356562065,15.072505731627725,15.249829292297363,51700,0.0,0.0
2021-05-12 00:00:00-04:00,15.008027395005543,15.24445918866113,14.776969167672014,14.793089866638184,80000,0.0,0.0
2021-05-13 00:00:00-04:00,14.819957973259262,15.051016220859774,14.793091164195372,14.900559425354004,45000,0.0,0.0
2021-05-14 00:00:00-04:00,15.034893743625897,15.120868752353333,14.997279805420513,15.08325481414795,48900,0.0,0.0
2021-05-17 00:00:00-04:00,15.083256795930666,15.142365006535588,14.975788533352636,15.045642852783203,49000,0.0,0.0
2021-05-18 00:00:00-04:00,15.018773682962648,15.147736192729944,15.018773682962648,15.077880859375,66900,0.0,0.0
2021-05-19 00:00:00-04:00,14.900555497849817,15.067132949829102,14.836074763131151,15.067132949829102,75600,0.0,0.0
2021-05-20 00:00:00-04:00,15.099377720006952,15.29282100547176,15.099377720006952,15.255207061767578,31700,0.0,0.0
2021-05-21 00:00:00-04:00,15.25520391637938,15.325059247343852,15.239084243774414,15.239084243774414,50100,0.0,0.0
2021-05-24 00:00:00-04:00,15.341179676458072,15.486262886474469,15.314312870856341,15.480889320373535,45800,0.0,0.0
2021-05-25 00:00:00-04:00,15.49701175029512,15.529252125600289,15.416410299580676,15.49163818359375,69400,0.0,0.0
2021-05-26 00:00:00-04:00,15.470141391906003,15.625970690876867,15.448647130032606,15.572236061096191,68300,0.0,0.0
2021-05-27 00:00:00-04:00,15.572238956298222,15.615226463134467,15.502384642027948,15.599106788635254,42700,0.0,0.0
2021-05-28 00:00:00-04:00,15.577614320558897,15.663589344153662,15.556121077111769,15.609854698181152,49500,0.0,0.0
2021-06-01 00:00:00-04:00,15.615229527591296,15.744192073408673,15.56149487727492,15.652843475341797,90000,0.0,0.0
2021-06-02 00:00:00-04:00,15.642094223791416,15.738816369955492,15.556119210512904,15.636720657348633,111800,0.0,0.0
2021-06-03 00:00:00-04:00,15.582986979272684,15.642095188887183,15.470145151721077,15.507759094238281,104700,0.0,0.0
2021-06-04 00:00:00-04:00,15.550746904141722,15.69045656826568,15.53999977038532,15.679709434509277,70300,0.0,0.0
2021-06-07 00:00:00-04:00,15.679709537686366,15.744190290842903,15.545373439556638,15.706576347351074,78600,0.0,0.0
2021-06-08 00:00:00-04:00,15.808670220644357,15.846284159738582,15.749562016408877,15.79792308807373,82300,0.0,0.0
2021-06-09 00:00:00-04:00,15.84628705978458,15.851660627053315,15.797925979269113,15.824793815612793,50900,0.0,0.0
2021-06-10 00:00:00-04:00,15.873157598048723,15.916145118612764,15.851663325315034,15.9000244140625,62100,0.0,0.0
2021-06-11 00:00:00-04:00,15.970779622145756,15.99255246950105,15.905459003607854,15.981666564941406,52900,0.38,0.0
2021-06-14 00:00:00-04:00,16.06876581187824,16.06876581187824,15.894578817424772,16.030662536621094,71900,0.0,0.0
2021-06-15 00:00:00-04:00,16.079650306274722,16.079650306274722,15.900018827624342,15.954452514648438,54500,0.0,0.0
2021-06-16 00:00:00-04:00,15.998000281208958,16.030661118456905,15.763936138780121,15.910906791687012,33600,0.0,0.0
2021-06-17 00:00:00-04:00,15.954453536447984,15.976227427946617,15.883690465550012,15.910906791687012,60200,0.0,0.0
2021-06-18 00:00:00-04:00,15.900020214811928,15.949010433584112,15.878247361044465,15.88369083404541,52000,0.0,0.0
2021-06-21 00:00:00-04:00,15.894573099048213,16.03065676928583,15.802036161757192,15.981666564941406,89300,0.0,0.0
2021-06-22 00:00:00-04:00,16.019774781617752,16.12864112854004,15.94356823494852,16.12864112854004,36700,0.0,0.0
2021-06-23 00:00:00-04:00,16.12863935722208,16.259280620359355,16.12863935722208,16.183073043823242,44200,0.0,0.0
2021-06-24 00:00:00-04:00,16.27016653310528,16.324600219726562,16.232063263941242,16.324600219726562,54100,0.0,0.0
2021-06-25 00:00:00-04:00,16.395364121774364,16.44979676948869,16.259280426016144,16.31371307373047,75500,0.0,0.0
2021-06-28 00:00:00-04:00,16.33548559959985,16.44435192417575,16.24839212464468,16.38991928100586,89000,0.0,0.0
2021-06-29 00:00:00-04:00,16.411693874364445,16.428024291992188,16.32460039015562,16.428024291992188,68000,0.0,0.0
2021-06-30 00:00:00-04:00,16.46612920306571,16.482459622321432,16.384479183259756,16.46068572998047,73100,0.0,0.0
2021-07-01 00:00:00-04:00,16.558665929273165,16.558665929273165,16.444355072610982,16.542335510253906,98200,0.0,0.0
2021-07-02 00:00:00-04:00,16.553218942699786,16.591322207420653,16.536888527146804,16.55866241455078,39700,0.0,0.0
2021-07-06 00:00:00-04:00,16.618541451594712,16.678417572274768,16.487901227061567,16.651201248168945,65600,0.0,0.0
2021-07-07 00:00:00-04:00,16.700193043075043,16.705636516058757,16.493345222639118,16.58588218688965,72000,0.0,0.0
2021-07-08 00:00:00-04:00,16.411693874364445,16.52600472128617,16.270166702966048,16.428024291992188,86400,0.0,0.0
2021-07-09 00:00:00-04:00,16.504230506555672,16.656644620041966,16.504230506555672,16.6457576751709,40400,0.0,0.0
2021-07-12 00:00:00-04:00,16.700191562940866,16.738294832213473,16.569551337619252,16.656644821166992,65800,0.0,0.0
2021-07-13 00:00:00-04:00,16.63487083076372,16.743738203659447,16.618541451594712,16.651201248168945,22300,0.0,0.0
2021-07-14 00:00:00-04:00,16.727407786254226,16.760068621064672,16.62398492406312,16.651201248168945,34800,0.0,0.0
2021-07-15 00:00:00-04:00,16.629425124645767,16.662085955069237,16.466125125472697,16.49334144592285,45300,0.0,0.0
2021-07-16 00:00:00-04:00,16.54777530414056,16.54777530414056,16.335485095270936,16.362701416015625,31800,0.0,0.0
2021-07-19 00:00:00-04:00,16.23750540681535,16.23750540681535,16.014328244355593,16.07420539855957,63100,0.0,0.0
2021-07-20 00:00:00-04:00,16.095976160972267,16.30282391872173,16.057872899869995,16.297380447387695,102700,0.0,0.0
2021-07-21 00:00:00-04:00,16.297382495423285,16.362702083168237,16.248392285496507,16.351816177368164,50900,0.0,0.0
2021-07-22 00:00:00-04:00,16.346372038863247,16.389918774996403,16.28105141554547,16.362701416015625,55400,0.0,0.0
2021-07-23 00:00:00-04:00,16.43890914853719,16.55866241455078,16.38991894011433,16.55866241455078,58000,0.0,0.0
2021-07-26 00:00:00-04:00,16.596767691727525,16.61309810926067,16.504230735512156,16.56410789489746,29900,0.0,0.0
2021-07-27 00:00:00-04:00,16.580435241009255,16.580435241009255,16.31915482193595,16.41713523864746,48900,0.0,0.0
2021-07-28 00:00:00-04:00,16.48245761934715,16.629427221843354,16.444353312380958,16.59676742553711,38400,0.0,0.0
2021-07-29 00:00:00-04:00,16.64031587849049,16.69474957009133,16.5641093331911,16.58588218688965,52800,0.0,0.0
2021-07-30 00:00:00-04:00,16.52600472128617,16.553221045762843,16.395364494972934,16.428024291992188,59000,0.0,0.0
2021-08-02 00:00:00-04:00,16.526002782817155,16.57499299171769,16.47701257391662,16.520559310913086,37100,0.0,0.0
2021-08-03 00:00:00-04:00,16.526004489664487,16.542333868827132,16.438911006676328,16.509674072265625,30800,0.0,0.0
2021-08-04 00:00:00-04:00,16.515119183458122,16.547778983260326,16.48790285666234,16.542335510253906,62200,0.0,0.0
2021-08-05 00:00:00-04:00,16.569552936648602,16.645759482548062,16.542335571515707,16.640316009521484,46100,0.0,0.0
2021-08-06 00:00:00-04:00,16.613099551808226,16.678419151140183,16.55322238722367,16.58588218688965,36700,0.0,0.0
2021-08-09 00:00:00-04:00,16.618541214492783,16.64031406581956,16.52600426032253,16.591323852539062,48500,0.0,0.0
2021-08-10 00:00:00-04:00,16.629423908933376,16.656641265629847,16.55321738665525,16.623981475830078,46700,0.0,0.0
2021-08-11 00:00:00-04:00,16.65664498718168,16.65664498718168,16.547777612543825,16.618541717529297,53000,0.0,0.0
2021-08-12 00:00:00-04:00,16.613097878793912,16.656644620041966,16.547777247803726,16.6457576751709,50900,0.0,0.0
2021-08-13 00:00:00-04:00,16.65120111153832,16.6620880563858,16.547777211959637,16.59676742553711,56700,0.0,0.0
2021-08-16 00:00:00-04:00,16.58588208684248,16.656646196967614,16.417138578310436,16.5804386138916,98500,0.0,0.0
2021-08-17 00:00:00-04:00,16.455242087620533,16.536892106586553,16.417138814652144,16.498788833618164,32500,0.0,0.0
2021-08-18 00:00:00-04:00,16.45524225689523,16.569553115212624,16.433469402790596,16.46068572998047,48600,0.0,0.0
2021-08-19 00:00:00-04:00,16.357254385502163,16.428018465220518,16.33003807067871,16.33003807067871,31800,0.0,0.0
2021-08-20 00:00:00-04:00,16.335484977103004,16.493341505105256,16.335484977103004,16.44979476928711,42000,0.0,0.0
2021-08-23 00:00:00-04:00,16.47701391057734,16.634870455656735,16.47157043823168,16.536890029907227,64900,0.0,0.0
2021-08-24 00:00:00-04:00,16.569550836944572,16.667531262534204,16.515117151812976,16.629426956176758,60800,0.0,0.0
2021-08-25 00:00:00-04:00,16.667529958727375,16.694746280046097,16.62942565535061,16.662086486816406,68800,0.0,0.0
2021-08-26 00:00:00-04:00,16.6511993595455,16.683859152415373,16.55866241455078,16.55866241455078,56300,0.0,0.0
2021-08-27 00:00:00-04:00,16.59676590251391,16.727406113986728,16.580435486741266,16.711076736450195,60500,0.0,0.0
2021-08-30 00:00:00-04:00,16.754627058035823,16.7927303314209,16.7056368384732,16.7927303314209,56000,0.0,0.0
2021-08-31 00:00:00-04:00,16.781841745423865,16.81994501508572,16.73285153064827,16.760068893432617,55800,0.0,0.0
2021-09-01 00:00:00-04:00,16.803617046736516,16.819946427542153,16.71652251674906,16.732852935791016,54100,0.0,0.0
2021-09-02 00:00:00-04:00,16.803615333250253,16.809057767472947,16.700191433003425,16.743738174438477,51400,0.0,0.0
2021-09-03 00:00:00-04:00,16.70018973227653,16.80361362199079,16.70018973227653,16.754623413085938,53600,0.0,0.0
2021-09-07 00:00:00-04:00,16.738288523024735,16.776391777935025,16.727401582125843,16.765504837036133,44000,0.0,0.0
2021-09-08 00:00:00-04:00,16.787285217980735,16.792728690537604,16.623985194219568,16.760068893432617,42000,0.0,0.0
2021-09-09 00:00:00-04:00,16.803615635651344,16.82538848764259,16.7274080580914,16.760068893432617,71300,0.0,0.0
2021-09-10 00:00:00-04:00,16.886825922668645,16.892337415086345,16.738019832229494,16.7435302734375,49800,0.38,0.0
2021-09-13 00:00:00-04:00,16.80966862640467,16.80966862640467,16.627793565282126,16.754554748535156,41700,0.0,0.0
2021-09-14 00:00:00-04:00,16.793132855026244,16.81517882496097,16.688417651465407,16.71046257019043,31700,0.0,0.0
2021-09-15 00:00:00-04:00,16.73802376198267,16.798648090391378,16.64433047130383,16.793136596679688,29200,0.0,0.0
2021-09-16 00:00:00-04:00,16.73802396952246,16.798648298682863,16.70495500684229,16.760068893432617,24100,0.0,0.0
2021-09-17 00:00:00-04:00,16.782112621335543,16.853759928462033,16.63881695587275,16.688419342041016,34900,0.0,0.0
2021-09-20 00:00:00-04:00,16.512051725572878,16.539609185788223,16.230972989843675,16.374267578125,54200,0.0,0.0
2021-09-21 00:00:00-04:00,16.407343022506645,16.567172150159006,16.390808539835003,16.456945419311523,44800,0.0,0.0
2021-09-22 00:00:00-04:00,16.561658140477768,16.63881799668267,16.47898784209597,16.6333065032959,44200,0.0,0.0
2021-09-23 00:00:00-04:00,16.649841120251963,16.80415979246289,16.633307690121832,16.760068893432617,53400,0.0,0.0
2021-09-24 00:00:00-04:00,16.80415979246289,16.831717261363032,16.693933070492186,16.760068893432617,71700,0.0,0.0
2021-09-27 00:00:00-04:00,16.704952862364298,16.793134649104612,16.644328540986468,16.66086196899414,39200,0.0,0.0
2021-09-28 00:00:00-04:00,16.550639020284475,16.61677484975609,16.24751313970773,16.264047622680664,55000,0.0,0.0
2021-09-29 00:00:00-04:00,16.36876304994018,16.379784986797993,16.203421382553007,16.208932876586914,57600,0.0,0.0
2021-09-30 00:00:00-04:00,16.24199867248535,16.319158527692483,16.19239628385572,16.24199867248535,45100,0.0,0.0
2021-10-01 00:00:00-04:00,16.275066173261013,16.313645571800865,16.093191114994728,16.308134078979492,45300,0.0,0.0
2021-10-04 00:00:00-04:00,16.2199540106203,16.2199540106203,15.911317738470482,15.993988037109375,57300,0.0,0.0
2021-10-05 00:00:00-04:00,16.01603394058501,16.203420522956893,16.005012004311915,16.153818130493164,68100,0.0,0.0
2021-10-06 00:00:00-04:00,16.02705683734268,16.236488342285156,16.01052235621172,16.236488342285156,71800,0.0,0.0
2021-10-07 00:00:00-04:00,16.357740625701762,16.506547816116402,16.346717637254002,16.456945419311523,43100,0.0,0.0
2021-10-08 00:00:00-04:00,16.523080598428077,16.523080598428077,16.346716995032953,16.42387580871582,28300,0.0,0.0
2021-10-11 00:00:00-04:00,16.451429408665767,16.49000880643166,16.26404286133736,16.29159927368164,46900,0.0,0.0
2021-10-12 00:00:00-04:00,16.37978221361816,16.37978221361816,16.214441625433984,16.230976104736328,53900,0.0,0.0
2021-10-13 00:00:00-04:00,16.32466984225832,16.36324924383452,16.21444207957501,16.35222625732422,64000,0.0,0.0
2021-10-14 00:00:00-04:00,16.495519238697153,16.561655044555664,16.440405366341942,16.561655044555664,39000,0.0,0.0
2021-10-15 00:00:00-04:00,16.633306297840683,16.66637420654297,16.567169429226247,16.66637420654297,41200,0.0,0.0
2021-10-18 00:00:00-04:00,16.644330792278136,16.80967140197754,16.572682423854427,16.80967140197754,69700,0.0,0.0
2021-10-19 00:00:00-04:00,16.86478349640599,16.86478349640599,16.815181108526367,16.859272003173828,49800,0.0,0.0
2021-10-20 00:00:00-04:00,16.837225612350633,16.89785098518988,16.820692184274343,16.87029457092285,48300,0.0,0.0
2021-10-21 00:00:00-04:00,16.875805522264667,16.875805522264667,16.793134179697887,16.831714630126953,39100,0.0,0.0
2021-10-22 00:00:00-04:00,16.83171737724944,16.864785288947328,16.7655805026437,16.80967140197754,59700,0.0,0.0
2021-10-25 00:00:00-04:00,16.903360784158235,16.903360784158235,16.79864452826096,16.892337799072266,50500,0.0,0.0
2021-10-26 00:00:00-04:00,16.980522899689202,17.063193201589517,16.94745498917106,16.986034393310547,44400,0.0,0.0
2021-10-27 00:00:00-04:00,17.046658145135403,17.046658145135403,16.87029457092285,16.87029457092285,59700,0.0,0.0
2021-10-28 00:00:00-04:00,16.958482526166783,17.002573435756663,16.94194804086675,16.99155044555664,57900,0.0,0.0
2021-10-29 00:00:00-04:00,16.93643191251834,17.090750579471532,16.925408925333848,17.06870460510254,45100,0.0,0.0
2021-11-01 00:00:00-04:00,17.145865747475817,17.162399178280097,17.046660957810154,17.112796783447266,44900,0.0,0.0
2021-11-02 00:00:00-04:00,17.112796267373334,17.18995612990303,17.090751343229105,17.151376724243164,61700,0.0,0.0
2021-11-03 00:00:00-04:00,17.206490000286912,17.272626876831055,17.145865668932274,17.272626876831055,52700,0.0,0.0
2021-11-04 00:00:00-04:00,17.300179071401125,17.40489532902369,17.278134152075694,17.33875846862793,53400,0.0,0.0
2021-11-05 00:00:00-04:00,17.487567808035145,17.531658703422174,17.415920497234918,17.515125274658203,53600,0.0,0.0
2021-11-08 00:00:00-05:00,17.5537079647326,17.652911709528023,17.493082578015898,17.531661987304688,69000,0.0,0.0
2021-11-09 00:00:00-05:00,17.55370168950679,17.55921318189348,17.360803660811396,17.49307632446289,35700,0.0,0.0
2021-11-10 00:00:00-05:00,17.49308041187706,17.509614892900558,17.16790964355112,17.24506950378418,59500,0.0,0.0
2021-11-11 00:00:00-05:00,17.371830405982717,17.41040980983096,17.327739508554735,17.360807418823242,38500,0.0,0.0
2021-11-12 00:00:00-05:00,17.39387515147399,17.537170829454137,17.38285321563698,17.526147842407227,31000,0.0,0.0
2021-11-15 00:00:00-05:00,17.586775133969702,17.586775133969702,17.437967946271026,17.471036911010742,36300,0.0,0.0
2021-11-16 00:00:00-05:00,17.46552133541627,17.68046535115467,17.46000984258095,17.641883850097656,34600,0.0,0.0
2021-11-17 00:00:00-05:00,17.64188095629727,17.674949907884887,17.531654271300685,17.55921173095703,43500,0.0,0.0
2021-11-18 00:00:00-05:00,17.592280725565843,17.702507417418474,17.537166854034695,17.636371612548828,62700,0.0,0.0
2021-11-19 00:00:00-05:00,17.70251040596072,17.75762533800605,17.647397576335077,17.65842056274414,36900,0.0,0.0
2021-11-22 00:00:00-05:00,17.75211393441397,17.78518289576631,17.448989147153533,17.52063751220703,56200,0.0,0.0
2021-11-23 00:00:00-05:00,17.471032301527448,17.515123191670966,17.20097441678744,17.333248138427734,60400,0.0,0.0
2021-11-24 00:00:00-05:00,17.289160959942347,17.437967089116512,17.250580502975744,17.415922164916992,46200,0.0,0.0
2021-11-26 00:00:00-05:00,17.200974533755428,17.46000943491858,17.013589037778544,17.090747833251953,53800,0.0,0.0
2021-11-29 00:00:00-05:00,17.167908078462627,17.366317627817146,17.1293286774681,17.316715240478516,51400,0.0,0.0
2021-11-30 00:00:00-05:00,17.20097566354475,17.349782822768585,16.952964782714844,16.952964782714844,68900,0.0,0.0
2021-12-01 00:00:00-05:00,17.134839475519318,17.228532753223607,16.798645764131614,16.804157257080078,90200,0.0,0.0
2021-12-02 00:00:00-05:00,16.738020212707564,16.969497643464337,16.688417831030417,16.892337799072266,57700,0.0,0.0
2021-12-03 00:00:00-05:00,16.93091978771233,16.97501068359661,16.47898784209597,16.6333065032959,63300,0.0,0.0
2021-12-06 00:00:00-05:00,16.638819600950082,16.82069469540986,16.594728700814684,16.749046325683594,68400,0.0,0.0
2021-12-07 00:00:00-05:00,17.013590529001565,17.184442613043288,17.00807903581185,17.156885147094727,60600,0.0,0.0
2021-12-08 00:00:00-05:00,17.311203002929688,17.311203002929688,17.189953311987757,17.311203002929688,81000,0.0,0.0
2021-12-09 00:00:00-05:00,17.23955840710384,17.272626318702393,17.013592417295456,17.101774215698242,46200,0.0,0.0
2021-12-10 00:00:00-05:00,17.173423657685387,17.17893515216878,16.930923156466456,17.123821258544922,46200,0.0,0.0
2021-12-13 00:00:00-05:00,17.07421455940243,17.07421455940243,16.815180691178973,16.87029457092285,44500,0.0,0.0
2021-12-14 00:00:00-05:00,16.72149032637355,16.74904674544505,16.561660152370855,16.682910919189453,66200,0.0,0.0
2021-12-15 00:00:00-05:00,16.660860280020216,16.969497553533415,16.512053135777393,16.91989517211914,62500,0.0,0.0
2021-12-16 00:00:00-05:00,17.052170147115135,17.134840443593152,16.754555818342446,16.776601791381836,109100,0.0,0.0
2021-12-17 00:00:00-05:00,16.776600619615607,17.011004267831733,16.592426400624266,16.949613571166992,165300,0.38,0.0
2021-12-20 00:00:00-05:00,16.776599104971307,16.882639119816503,16.625911895400048,16.81566619873047,93300,0.0,0.0
2021-12-21 00:00:00-05:00,16.955194416949958,17.167274475097656,16.9161273179487,17.167274475097656,101500,0.0,0.0
2021-12-22 00:00:00-05:00,17.234247340435893,17.40167914308084,17.161694304438818,17.37935447692871,65200,0.0,0.0
2021-12-23 00:00:00-05:00,17.511833341575677,17.653773088526183,17.38172106084342,17.636030197143555,89000,1.754,0.0
2021-12-27 00:00:00-05:00,17.665602316058134,17.860769616116045,17.665602316058134,17.837112426757812,52800,0.0,0.0
2021-12-28 00:00:00-05:00,17.937649504549107,18.026361690166656,17.83710872670611,17.919906616210938,89500,0.0,0.0
2021-12-29 00:00:00-05:00,17.890337331126087,17.890337331126087,17.766140489458532,17.866680145263672,55800,0.0,0.0
2021-12-30 00:00:00-05:00,17.884425677437402,17.884425677437402,17.742485925398636,17.837112426757812,48000,0.0,0.0
2021-12-31 00:00:00-05:00,17.872592474319738,17.872592474319738,17.760224237952855,17.825279235839844,45800,0.0,0.0
2022-01-03 00:00:00-05:00,17.825284315683174,17.913997650146484,17.66560279533041,17.913997650146484,49200,0.0,0.0
2022-01-04 00:00:00-05:00,17.913995090908085,17.996792988005758,17.47043299410756,17.724740982055664,59600,0.0,0.0
2022-01-05 00:00:00-05:00,17.68925693589627,17.68925693589627,17.239780527049216,17.31075096130371,95800,0.0,0.0
2022-01-06 00:00:00-05:00,17.30483470096249,17.36397653479128,17.09192455039352,17.269350051879883,171500,0.0,0.0
2022-01-07 00:00:00-05:00,17.363978745315702,17.369893042255168,17.06235636962379,17.204296112060547,153900,0.0,0.0
2022-01-10 00:00:00-05:00,17.198377885517807,17.375802241015425,17.003210643255812,17.13332176208496,311500,0.0,0.0
2022-01-11 00:00:00-05:00,17.18063912533959,17.547317643619458,17.06235656927662,17.358064651489258,120200,0.0,0.0
2022-01-12 00:00:00-05:00,17.482259358538524,17.653770566625788,17.3758042815239,17.47634506225586,140900,0.0,0.0
2022-01-13 00:00:00-05:00,17.559147819856676,17.559147819856676,17.180640673452938,17.393550872802734,76500,0.0,0.0
2022-01-14 00:00:00-05:00,17.269351196769673,17.36397768595443,16.81396051254506,16.997299194335938,89900,0.0,0.0
2022-01-18 00:00:00-05:00,16.760734307103377,16.938158706455273,16.55965271955159,16.565567016601562,118700,0.0,0.0
2022-01-19 00:00:00-05:00,16.630622213792517,16.813960899806077,16.411797747489814,16.441368103027344,129500,0.0,0.0
2022-01-20 00:00:00-05:00,16.530081155336916,16.624707645153354,16.19297301632453,16.234373092651367,119100,0.0,0.0
2022-01-21 00:00:00-05:00,16.116091994066092,16.16931954410596,15.441877864276975,15.696187019348145,145100,0.0,0.0
2022-01-24 00:00:00-05:00,15.418219375127961,15.577902011795262,14.67894916244989,15.566073417663574,250100,0.0,0.0
2022-01-25 00:00:00-05:00,15.258533188383835,15.44778726634817,15.098851716905125,15.1875638961792,159100,0.0,0.0
2022-01-26 00:00:00-05:00,15.329504857480496,15.79672297467318,15.140251892134767,15.25853443145752,100400,0.0,0.0
2022-01-27 00:00:00-05:00,15.441874509983093,15.702096778055784,15.157993928756207,15.317676544189453,154100,0.0,0.0
2022-01-28 00:00:00-05:00,15.264446155741956,15.69618067923573,15.146163636348474,15.672523498535156,87100,0.0,0.0
2022-01-31 00:00:00-05:00,15.678443368293149,16.21071771490893,15.678443368293149,16.16340446472168,98300,0.0,0.0
2022-02-01 00:00:00-05:00,16.216633414353925,16.382230368346033,16.092435416850606,16.37631607055664,88800,0.0,0.0
2022-02-02 00:00:00-05:00,16.50642423885402,16.50642423885402,16.258029417013784,16.441368103027344,77200,0.0,0.0
2022-02-03 00:00:00-05:00,16.216631889267486,16.30534409169155,15.832211593405313,15.915009498596191,80500,0.0,0.0
2022-02-04 00:00:00-05:00,15.86769961156984,16.204806729045664,15.77307309185863,16.033296585083008,70000,0.0,0.0
2022-02-07 00:00:00-05:00,16.07468998567216,16.139746118482403,15.879522715278119,15.88543701171875,52100,0.0,0.0
2022-02-08 00:00:00-05:00,15.903180255029906,16.18114657345992,15.83221094720206,16.151575088500977,49500,0.0,0.0
2022-02-09 00:00:00-05:00,16.31125651715226,16.47093914001356,16.222544324908228,16.394054412841797,89000,0.0,0.0
2022-02-10 00:00:00-05:00,16.175230026245117,16.547821660600096,16.133831081098634,16.175230026245117,77200,0.0,0.0
2022-02-11 00:00:00-05:00,16.16340160959291,16.23437203635589,15.684354895061961,15.767152786254883,123400,0.0,0.0
2022-02-14 00:00:00-05:00,15.755327738915183,15.909096091470703,15.625216576616014,15.696187019348145,37100,0.0,0.0
2022-02-15 00:00:00-05:00,15.802639381483573,16.05103421368522,15.802639381483573,15.944579124450684,67100,0.0,0.0
2022-02-16 00:00:00-05:00,15.89135719154829,16.09243770479143,15.802643840131552,16.03921127319336,68400,0.0,0.0
2022-02-17 00:00:00-05:00,15.932751466785536,15.932751466785536,15.571987252730226,15.64295768737793,55600,0.0,0.0
2022-02-18 00:00:00-05:00,15.619299621365656,15.70209751710065,15.317677265140953,15.424132347106934,62200,0.0,0.0
2022-02-22 00:00:00-05:00,15.276280109437517,15.45370451483786,14.951001656857933,15.039713859558105,50300,0.0,0.0
2022-02-23 00:00:00-05:00,15.14616693243576,15.323591314155054,14.79131704096046,14.83271598815918,45200,0.0,0.0
2022-02-24 00:00:00-05:00,14.602062431194524,15.264447768274337,14.501521658668908,15.246706008911133,136800,0.0,0.0
2022-02-25 00:00:00-05:00,15.28219397363574,15.619301011165867,15.199396070533416,15.5956449508667,46100,0.0,0.0
2022-02-28 00:00:00-05:00,15.453700409922874,15.61929730486994,15.329503584739994,15.554241180419922,82500,0.0,0.0
2022-03-01 00:00:00-05:00,15.518761934747602,15.601559847015704,15.288109963122487,15.453705787658691,66100,0.0,0.0
2022-03-02 00:00:00-05:00,15.536506298767565,15.76715829222795,15.364995032219133,15.737587928771973,53600,0.0,0.0
2022-03-03 00:00:00-05:00,15.790809971677058,15.820380324807827,15.435960093924503,15.63112735748291,112600,0.0,0.0
2022-03-04 00:00:00-05:00,15.483275706839498,15.607472562652033,15.169824726683311,15.418219566345215,80200,0.0,0.0
2022-03-07 00:00:00-05:00,15.370907088632038,15.495105078714081,14.850461322670585,14.96282958984375,97400,0.0,0.0
2022-03-08 00:00:00-05:00,14.862285665807917,15.122509058114344,14.684861292166106,14.755831718444824,125900,0.0,0.0
2022-03-09 00:00:00-05:00,15.02788802611282,15.376823731808358,15.021973727774599,15.311767578125,96400,0.0,0.0
2022-03-10 00:00:00-05:00,15.10477027184146,15.211224240166326,14.927344735226256,15.11068344116211,68900,0.0,0.0
2022-03-11 00:00:00-05:00,15.158940082600946,15.327842341800897,14.821136714753553,14.83320140838623,60100,0.5,0.0
2022-03-14 00:00:00-04:00,14.809068776063464,14.953842766826774,14.477297827732173,14.61603832244873,61000,0.0,0.0
2022-03-15 00:00:00-04:00,14.754781660386085,14.923683915122277,14.622073485591384,14.875426292419434,73100,0.0,0.0
2022-03-16 00:00:00-04:00,15.03226807324916,15.442458556635938,14.99607513370115,15.400233268737793,60000,0.0,0.0
2022-03-17 00:00:00-04:00,15.339903805953556,15.671674757137518,15.339903805953556,15.635481834411621,46600,0.0,0.0
2022-03-18 00:00:00-04:00,15.641518836600405,15.961225191871543,15.641518836600405,15.93106460571289,37400,0.0,0.0
2022-03-21 00:00:00-04:00,15.906931561564848,16.00947913429929,15.695804070576024,15.792319297790527,47200,0.0,0.0
2022-03-22 00:00:00-04:00,15.846614044026568,16.063772795584626,15.75009878765574,15.93106460571289,49500,0.0,0.0
2022-03-23 00:00:00-04:00,15.882802179485092,16.136154938561226,15.738029338663337,15.792319297790527,72900,0.0,0.0
2022-03-24 00:00:00-04:00,15.79835404559669,16.136157392213583,15.79835404559669,16.130125045776367,66900,0.0,0.0
2022-03-25 00:00:00-04:00,16.317126903879103,16.510158582229213,16.20251574709483,16.42570686340332,390600,0.0,0.0
2022-03-28 00:00:00-04:00,16.425700111673883,16.63079525079313,16.262830239334676,16.323152542114258,186000,0.0,0.0
2022-03-29 00:00:00-04:00,16.504124998728294,16.57047851859523,16.317125682191854,16.498092651367188,105200,0.0,0.0
2022-03-30 00:00:00-04:00,16.437769448124296,16.486027073876503,16.305061264943863,16.3774471282959,65000,0.0,0.0
2022-03-31 00:00:00-04:00,16.377448439439977,16.461900154181784,16.286965527729784,16.371416091918945,83200,0.0,0.0
2022-04-01 00:00:00-04:00,16.371412551329954,16.40157428241214,16.244736732441957,16.3472843170166,77700,0.0,0.0
2022-04-04 00:00:00-04:00,16.37744923145397,16.467932147539916,16.292998663180775,16.42570686340332,81400,0.0,0.0
2022-04-05 00:00:00-04:00,16.31108962609233,16.347282548923996,16.00344690564248,16.033607482910156,99700,0.0,0.0
2022-04-06 00:00:00-04:00,15.852643816005044,15.925029671247312,15.557065747568862,15.683741569519043,94600,0.0,0.0
2022-04-07 00:00:00-04:00,15.61738508103448,15.967253075203292,15.48467692826434,15.786287307739258,61100,0.0,0.0
2022-04-08 00:00:00-04:00,15.786289156572611,15.80438619565939,15.683741569519043,15.683741569519043,45300,0.0,0.0
2022-04-11 00:00:00-04:00,15.647546423865757,15.707868728385272,15.460547164800031,15.569127082824707,71100,0.0,0.0
2022-04-12 00:00:00-04:00,15.65961182151806,15.82851406409363,15.412291379153503,15.466581344604492,68600,0.0,0.0
2022-04-13 00:00:00-04:00,15.5329375738333,15.707872180328085,15.5329375738333,15.611355781555176,56500,0.0,0.0
2022-04-14 00:00:00-04:00,15.689771922765006,15.738029536980358,15.382129200685032,15.406258583068848,49400,0.0,0.0
2022-04-18 00:00:00-04:00,15.406259588078411,15.490710130826242,15.382130204120545,15.460548400878906,37400,0.0,0.0
2022-04-19 00:00:00-04:00,15.442457072107729,15.689777577923625,15.442457072107729,15.599294662475586,84300,0.0,0.0
2022-04-20 00:00:00-04:00,15.707871197886705,15.707871197886705,15.472614288330076,15.472614288330078,83300,0.0,0.0
2022-04-21 00:00:00-04:00,15.66564272903014,15.683739766035929,15.20719481318743,15.231324195861816,56100,0.0,0.0
2022-04-22 00:00:00-04:00,15.189100863817655,15.201165556693473,14.941780412625592,14.971940994262695,61700,0.0,0.0
2022-04-25 00:00:00-04:00,14.839230850787377,14.959874311843624,14.712553893543191,14.953843116760254,82700,0.0,0.0
2022-04-26 00:00:00-04:00,14.851297599266147,14.85732879518496,14.501429557800293,14.501429557800293,70800,0.0,0.0
2022-04-27 00:00:00-04:00,14.585880129579246,14.772878268264186,14.53762250828789,14.640170097351074,78300,0.0,0.0
2022-04-28 00:00:00-04:00,14.815103826016472,15.020199008059782,14.640170376951573,14.929716110229492,55800,0.0,0.0
2022-04-29 00:00:00-04:00,14.778908588421478,14.893520854731223,14.519523478087347,14.573813438415527,58600,0.0,0.0
2022-05-02 00:00:00-04:00,14.573815461408243,14.597944847371188,14.326495008050307,14.555718421936035,93200,0.0,0.0
2022-05-03 00:00:00-04:00,14.60397669418708,14.70652428799509,14.447140280647771,14.664299011230469,48100,0.0,0.0
2022-05-04 00:00:00-04:00,14.664298761637312,14.977973884482036,14.416978301466179,14.875426292419434,78900,0.0,0.0
2022-05-05 00:00:00-04:00,14.760811376730523,14.760811376730523,14.266170544531104,14.404911041259766,70500,0.0,0.0
2022-05-06 00:00:00-04:00,14.302366483215048,14.429043466042671,14.079175402381999,14.175690650939941,80300,0.0,0.0
2022-05-09 00:00:00-04:00,13.95249672915863,14.175688933503649,13.512145817144066,13.602628707885742,247200,0.0,0.0
2022-05-10 00:00:00-04:00,13.73533917282165,13.807725031261613,13.397534664926903,13.512146949768066,80000,0.0,0.0
2022-05-11 00:00:00-04:00,13.50611064679635,13.741367494193666,13.210532651886421,13.270854949951172,81200,0.0,0.0
2022-05-12 00:00:00-04:00,13.15021206168829,13.445791245538318,13.011471563507119,13.186406135559082,117700,0.0,0.0
2022-05-13 00:00:00-04:00,13.270856643593863,13.590564058751994,13.156244377699094,13.48198413848877,158300,0.0,0.0
2022-05-16 00:00:00-04:00,13.481987788732619,13.548341307540229,13.301020822446402,13.349278450012207,89800,0.0,0.0
2022-05-17 00:00:00-04:00,13.56040290597347,13.87407798880955,13.49404940231562,13.699143409729004,85300,0.0,0.0
2022-05-18 00:00:00-04:00,13.638823605636487,13.711209462366265,13.216568556020471,13.258793830871582,95400,0.0,0.0
2022-05-19 00:00:00-04:00,13.210535290888568,13.63882265720819,13.180374711107236,13.397533416748047,100600,0.0,0.0
2022-05-20 00:00:00-04:00,13.578505317041518,13.650891195232047,12.908929615738796,13.288959503173828,187100,0.0,0.0
2022-05-23 00:00:00-04:00,13.307052102906551,13.49405140146614,13.234666242637198,13.367374420166016,55700,0.0,0.0
2022-05-24 00:00:00-04:00,13.343246285885808,13.343246285885808,13.053699390931156,13.21053695678711,128900,0.0,0.0
2022-05-25 00:00:00-04:00,13.101953972651613,13.542305984382592,13.101953972651613,13.421661376953125,91500,0.0,0.0
2022-05-26 00:00:00-04:00,13.421663459818088,13.813756768983188,13.421663459818088,13.7293062210083,82600,0.0,0.0
2022-05-27 00:00:00-04:00,13.783597495699611,14.133465564077584,13.74137221770525,14.08520793914795,73900,0.0,0.0
2022-05-31 00:00:00-04:00,14.085206294379017,14.115366874980902,13.910271705341364,14.012819290161133,60000,0.0,0.0
2022-06-01 00:00:00-04:00,14.024883859213835,14.121399096953482,13.76549872633139,13.807723999023438,205200,0.0,0.0
2022-06-02 00:00:00-04:00,13.735337680940708,14.01885103838261,13.620725408548301,14.006786346435547,398600,0.0,0.0
2022-06-03 00:00:00-04:00,13.825821345791006,13.904239546745586,13.70517672065059,13.747403144836426,206100,0.0,0.0
2022-06-06 00:00:00-04:00,13.81979067591951,13.982660594450648,13.681050145564491,13.735340118408203,185400,0.0,0.0
2022-06-07 00:00:00-04:00,13.662950503933649,13.934400316486586,13.584532308391877,13.922335624694824,96000,0.0,0.0
2022-06-08 00:00:00-04:00,13.880109442568406,13.964559978460796,13.777561870176678,13.801690101623535,68700,0.0,0.0
2022-06-09 00:00:00-04:00,13.777565869293015,13.837888191247881,13.57247066497803,13.572470664978027,142100,0.0,0.0
2022-06-10 00:00:00-04:00,13.356544550469595,13.486100562124353,13.220820269561202,13.239327430725098,80600,0.5,0.0
2022-06-13 00:00:00-04:00,12.943198677358053,12.974045901395423,12.634733497192029,12.677918434143066,176800,0.0,0.0
2022-06-14 00:00:00-04:00,12.733442542072803,12.856829087546128,12.554533345507918,12.653242111206055,107500,0.0,0.0
2022-06-15 00:00:00-04:00,12.745779693738248,13.00489046253462,12.702594761722377,12.887673377990723,126700,0.0,0.0
2022-06-16 00:00:00-04:00,12.684089067750996,12.684089067750996,12.22756069952188,12.35711669921875,140000,0.0,0.0
2022-06-17 00:00:00-04:00,12.387962132826377,12.56687251000205,12.338607748898836,12.455824851989746,138000,0.0,0.0
2022-06-21 00:00:00-04:00,12.628564205946416,12.832151180263535,12.486670503752942,12.659411430358887,130200,0.0,0.0
2022-06-22 00:00:00-04:00,12.55453247560674,12.782796039204355,12.517516985210062,12.591547966003418,110400,0.0,0.0
2022-06-23 00:00:00-04:00,12.69642628454136,12.875336647033691,12.566871478627244,12.875336647033691,115300,0.0,0.0
2022-06-24 00:00:00-04:00,13.041907892349576,13.233157157897947,12.955538015457615,13.23315715789795,150000,0.0,0.0
2022-06-27 00:00:00-04:00,13.264003117577863,13.3256963906743,13.07892447498986,13.122109413146973,99600,0.0,0.0
2022-06-28 00:00:00-04:00,13.189969466226305,13.282509953779776,12.9617059112374,12.974044799804688,100900,0.0,0.0
2022-06-29 00:00:00-04:00,13.017233398186718,13.041910005567992,12.869170223794542,12.924694061279297,105000,0.0,0.0
2022-06-30 00:00:00-04:00,12.751950436056868,12.943198515897715,12.677918275991976,12.801304817199707,92300,0.0,0.0
2022-07-01 00:00:00-04:00,12.770458691741748,12.93085954694396,12.727272578893643,12.862998008728027,135200,0.0,0.0
2022-07-05 00:00:00-04:00,12.702597973312628,13.078925921799666,12.573041967808301,13.029571533203125,81300,0.0,0.0
2022-07-06 00:00:00-04:00,13.097433663534366,13.208481336981814,13.023402665703731,13.115942001342773,74500,0.0,0.0
2022-07-07 00:00:00-04:00,13.128280219380587,13.368882715033005,13.115941328141632,13.331867218017578,98800,0.0,0.0
2022-07-08 00:00:00-04:00,13.251665890412212,13.461422339239158,13.152957111752645,13.375052452087402,49600,0.0,0.0
2022-07-11 00:00:00-04:00,13.338037389305699,13.504607723288249,13.12828093363723,13.239327430725098,92200,0.0,0.0
2022-07-12 00:00:00-04:00,13.251662375102278,13.418233836166412,13.06041431427002,13.06041431427002,67900,0.0,0.0
2022-07-13 00:00:00-04:00,12.900014833352552,13.140617317722533,12.893845388022376,13.017231941223145,51500,0.0,0.0
2022-07-14 00:00:00-04:00,12.918521649959082,13.07275423496962,12.708765240208649,12.998722076416016,62900,0.0,0.0
2022-07-15 00:00:00-04:00,13.140615311946359,13.33186455788551,13.140615311946359,13.264001846313477,69600,0.0,0.0
2022-07-18 00:00:00-04:00,13.399727550062359,13.541622433026877,13.165294521310186,13.171463966369629,70600,0.0,0.0
2022-07-19 00:00:00-04:00,13.325698797434564,13.560131865500514,13.325698797434564,13.510777473449707,77700,0.0,0.0
2022-07-20 00:00:00-04:00,13.516944969733736,13.726701399867824,13.516944969733736,13.627992630004883,124200,0.0,0.0
2022-07-21 00:00:00-04:00,13.627993301285645,13.708193739486749,13.523115081052563,13.652669906616211,85900,0.0,0.0
2022-07-22 00:00:00-04:00,13.714364873347765,13.769888713053753,13.39356072764685,13.424407958984375,76800,0.0,0.0
2022-07-25 00:00:00-04:00,13.449082651984803,13.627993038158028,13.387390551498827,13.597146987915039,86100,0.0,0.0
2022-07-26 00:00:00-04:00,13.560131027769353,13.560131027769353,13.418237306477025,13.436745643615723,56200,0.0,0.0
2022-07-27 00:00:00-04:00,13.547792667941025,13.813072960497681,13.430576724900895,13.708194732666016,97900,0.0,0.0
2022-07-28 00:00:00-04:00,13.72053310403346,13.998152277967502,13.665009269246653,13.90561294555664,43200,0.0,0.0
2022-07-29 00:00:00-04:00,13.985812283956113,14.20790760559449,13.899442404075126,14.164721488952637,58100,0.0,0.0
2022-08-01 00:00:00-04:00,14.127707927355033,14.281940549218518,14.115369035197588,14.152385711669922,42600,0.0,0.0
2022-08-02 00:00:00-04:00,14.066011024781893,14.405323411614217,14.066011024781893,14.201736450195312,135000,0.0,0.0
2022-08-03 00:00:00-04:00,14.257258950934014,14.4731836045985,14.220242287419152,14.405322074890137,89200,0.0,0.0
2022-08-04 00:00:00-04:00,14.405326358698439,14.528711743669923,14.288109242779287,14.325124740600586,77700,0.0,0.0
2022-08-05 00:00:00-04:00,14.214074787643732,14.423830008714122,14.214074787643732,14.355968475341797,45300,0.0,0.0
2022-08-08 00:00:00-04:00,14.44233756170389,14.559554642765404,14.325120480642378,14.405322074890137,30700,0.0,0.0
2022-08-09 00:00:00-04:00,14.306615378399645,14.399154697062773,14.238752662252754,14.281937599182129,45100,0.0,0.0
2022-08-10 00:00:00-04:00,14.49169449438184,14.652096534489885,14.460848446042387,14.547218322753906,99200,0.0,0.0
2022-08-11 00:00:00-04:00,14.676776653685385,14.849516434639433,14.48552735805554,14.516374588012695,52600,0.0,0.0
2022-08-12 00:00:00-04:00,14.602744530972375,14.868024826049806,14.571898477605863,14.868024826049805,50100,0.0,0.0
2022-08-15 00:00:00-04:00,14.843344248056892,15.034593508375556,14.781650976234785,14.99140739440918,74700,0.0,0.0
2022-08-16 00:00:00-04:00,14.892700108893093,15.046932715411709,14.85568461280502,14.95439338684082,47700,0.0,0.0
2022-08-17 00:00:00-04:00,14.843347866821713,14.874195098603876,14.608914788785148,14.645930290222168,78600,0.0,0.0
2022-08-18 00:00:00-04:00,14.652094715913831,14.76931180311747,14.534877628710193,14.65826416015625,94800,0.0,0.0
2022-08-19 00:00:00-04:00,14.522541377964457,14.547217980715551,14.40532427896821,14.448509216308594,61900,0.0,0.0
2022-08-22 00:00:00-04:00,14.201738610098127,14.306616829004032,14.18939971923828,14.189399719238281,95200,0.0,0.0
2022-08-23 00:00:00-04:00,14.207907438307139,14.35597059208894,14.207907438307139,14.288107872009277,73700,0.0,0.0
2022-08-24 00:00:00-04:00,14.294277359644184,14.392986129125347,14.288107914463941,14.343631744384766,52100,0.0,0.0
2022-08-25 00:00:00-04:00,14.423834673625503,14.497866851894498,14.318956440820331,14.430004119873047,73600,0.0,0.0
2022-08-26 00:00:00-04:00,14.460851572507297,14.467021018849298,14.053677527547844,14.066015243530273,86700,0.0,0.0
2022-08-29 00:00:00-04:00,13.973474659458303,14.066013992957735,13.930289715605332,13.954967498779297,80200,0.0,0.0
2022-08-30 00:00:00-04:00,13.985812471323486,14.05984463842854,13.695855601623233,13.788394927978516,59400,0.0,0.0
2022-08-31 00:00:00-04:00,13.856256726862718,13.911780559033163,13.708193566641995,13.776056289672852,77500,0.0,0.0
2022-09-01 00:00:00-04:00,13.677347757742869,13.72670214535474,13.510776258289773,13.695856094360352,44400,0.0,0.0
2022-09-02 00:00:00-04:00,13.83157935929765,13.911779792066007,13.603314597770074,13.640331268310547,76300,0.0,0.0
2022-09-06 00:00:00-04:00,13.665006413913265,13.924117196542777,13.510773833221915,13.560128211975098,35200,0.0,0.0
2022-09-07 00:00:00-04:00,13.590977272626617,13.874764694670901,13.572468936827542,13.862425804138184,38400,0.0,0.0
2022-09-08 00:00:00-04:00,13.806903368234774,13.954967716182306,13.788396207267448,13.887104988098145,38200,0.0,0.0
2022-09-09 00:00:00-04:00,14.025911375539751,14.234123241448335,14.025911375539751,14.215195655822754,42600,0.5,0.0
2022-09-12 00:00:00-04:00,14.27198114020865,14.354003487771337,14.145791617184921,14.297218322753906,48200,0.0,0.0
2022-09-13 00:00:00-04:00,14.019601007755744,14.114243744405735,13.760913588692508,13.779842376708984,48500,0.0,0.0
2022-09-14 00:00:00-04:00,13.798772939127506,13.912342071533201,13.729368577574686,13.912342071533203,54500,0.0,0.0
2022-09-15 00:00:00-04:00,13.868173615025754,14.019600301229156,13.716746928822351,13.760912895202637,49600,0.0,0.0
2022-09-16 00:00:00-04:00,13.609487778485851,13.710438914263438,13.49591744987795,13.678892135620117,39800,0.0,0.0
2022-09-19 00:00:00-04:00,13.571632697830012,13.70413062488799,13.432825173755095,13.653655052185059,50900,0.0,0.0
2022-09-20 00:00:00-04:00,13.571632089969492,13.571632089969492,13.388657394971265,13.401276588439941,61800,0.0,0.0
2022-09-21 00:00:00-04:00,13.470680016761765,13.622106717607862,13.281395738129813,13.294014930725098,132300,0.0,0.0
2022-09-22 00:00:00-04:00,13.230921482363556,13.36342061087981,13.161518323076528,13.249850273132324,127900,0.0,0.0
2022-09-23 00:00:00-04:00,13.21199361480135,13.21199361480135,12.909138986087402,13.060566902160645,261700,0.0,0.0
2022-09-26 00:00:00-04:00,12.972235783871042,13.394969207541308,12.915450607300953,12.946998596191406,228500,0.0,0.0
2022-09-27 00:00:00-04:00,13.016399759314098,13.205684053193655,12.83973586247889,12.953306198120117,187900,0.0,0.0
2022-09-28 00:00:00-04:00,12.946997629588761,13.224612690502086,12.82711768762054,13.174137115478516,136200,0.0,0.0
2022-09-29 00:00:00-04:00,13.010091034742022,13.010091034742022,12.770331175951338,12.89021110534668,131900,0.0,0.0
2022-09-30 00:00:00-04:00,12.827116187156465,13.035328060201996,12.782950214606275,12.814496994018555,103600,0.0,0.0
2022-10-03 00:00:00-04:00,12.877592786183682,13.174136628046204,12.820807615954088,13.10473346710205,113300,0.0,0.0
2022-10-04 00:00:00-04:00,13.363420091787411,13.754605458352819,13.34449130175392,13.514846801757812,164200,0.0,0.0
2022-10-05 00:00:00-04:00,13.38865712102031,13.489608259839063,13.268778395818353,13.439132690429688,73700,0.0,0.0
2022-10-06 00:00:00-04:00,13.426514700651719,13.72936811710798,13.38865712102031,13.439132690429688,66800,0.0,0.0
2022-10-07 00:00:00-04:00,13.338178834159077,13.338178834159077,13.0227062887651,13.092110633850098,58100,0.0,0.0
2022-10-10 00:00:00-04:00,13.142589288567136,13.148898885373042,12.928067810896493,12.953306198120117,33000,0.0,0.0
2022-10-11 00:00:00-04:00,12.890210949413518,12.984852491082853,12.745093838625042,12.814496994018555,58500,0.0,0.0
2022-10-12 00:00:00-04:00,12.801877185152547,12.972231454576823,12.76401961111842,12.808185577392578,59700,0.0,0.0
2022-10-13 00:00:00-04:00,12.612595191196435,13.09211371755243,12.486406865375935,12.953306198120117,133600,0.0,0.0
2022-10-14 00:00:00-04:00,13.03532444997092,13.03532444997092,12.562115669250488,12.562115669250488,113400,0.0,0.0
2022-10-17 00:00:00-04:00,12.74509090170729,12.99746868914628,12.74509090170729,12.928064346313477,51200,0.0,0.0
2022-10-18 00:00:00-04:00,13.180443266609435,13.262466806722154,12.953303840107857,13.022706985473633,50400,0.0,0.0
2022-10-19 00:00:00-04:00,13.016397327544032,13.022706923171157,12.77663871087487,12.902828216552734,72600,0.0,0.0
2022-10-20 00:00:00-04:00,12.871279735609548,13.05425439135144,12.70723386600959,12.745091438293457,90000,0.0,0.0
2022-10-21 00:00:00-04:00,12.751402201400403,12.972233267058044,12.669379853064274,12.921757698059082,55700,0.0,0.0
2022-10-24 00:00:00-04:00,13.01009013506242,13.029017720256869,12.846044243926787,12.991161346435547,69800,0.0,0.0
2022-10-25 00:00:00-04:00,13.029018850476415,13.275088310241701,13.029018850476415,13.2750883102417,56500,0.0,0.0
2022-10-26 00:00:00-04:00,13.218301675714885,13.41389433972021,13.161516514643598,13.243538856506348,49700,0.0,0.0
2022-10-27 00:00:00-04:00,13.237230962886906,13.281396937526438,13.066875457763672,13.066875457763672,63100,0.0,0.0
2022-10-28 00:00:00-04:00,13.085804276914775,13.268778976172081,13.07949468003357,13.256159782409668,48100,0.0,0.0
2022-10-31 00:00:00-04:00,13.218303142867597,13.325563880859509,13.111042404875688,13.2750883102417,52400,0.0,0.0
2022-11-01 00:00:00-04:00,13.42020507913414,13.42020507913414,13.18675481890382,13.230920791625977,59400,0.0,0.0
2022-11-02 00:00:00-04:00,13.186754040409811,13.306633961744495,12.871281449952962,12.88390064239502,66400,0.0,0.0
2022-11-03 00:00:00-04:00,12.77032843571448,12.928064707702207,12.764018840423102,12.77663803100586,54900,0.0,0.0
2022-11-04 00:00:00-04:00,12.909136701285602,12.93437508397502,12.650449295880687,12.808185577392578,50800,0.0,0.0
2022-11-07 00:00:00-05:00,12.839732600208219,12.946993311791145,12.770328256409785,12.896517753601074,68300,0.0,0.0
2022-11-08 00:00:00-05:00,12.902827169285684,13.085800613891871,12.864969598595673,12.928064346313477,70900,0.0,0.0
2022-11-09 00:00:00-05:00,12.915446312745026,13.003779448833638,12.681997289744176,12.70092487335205,50500,0.0,0.0
2022-11-10 00:00:00-05:00,13.098421064066674,13.325561696326664,13.098421064066674,13.312942504882812,86500,0.0,0.0
2022-11-11 00:00:00-05:00,13.338181964213016,13.559013038497394,13.294015990042647,13.495918273925781,89100,0.0,0.0
2022-11-14 00:00:00-05:00,13.432821628171325,13.514843960876634,13.287703341950758,13.300322532653809,103300,0.0,0.0
2022-11-15 00:00:00-05:00,13.540082704231866,13.622106249852255,13.331870847289002,13.432823181152344,116100,0.0,0.0
2022-11-16 00:00:00-05:00,13.394964929421597,13.394964929421597,13.28139461255381,13.306632995605469,94000,0.0,0.0
2022-11-17 00:00:00-05:00,13.174135886986928,13.508537292480469,13.129969913388871,13.508537292480469,152200,0.0,0.0
2022-11-18 00:00:00-05:00,13.533774958055801,13.704129246650133,13.445441812134987,13.596868515014648,118900,0.0,0.0
2022-11-21 00:00:00-05:00,13.641036171499694,13.641036171499694,13.344491148216168,13.439132690429688,63800,0.0,0.0
2022-11-22 00:00:00-05:00,13.445442528726447,13.571632056234488,13.394966958409736,13.508537292480469,72000,0.0,0.0
2022-11-23 00:00:00-05:00,13.508535367108163,13.678890843933484,13.476988591443778,13.615796089172363,73700,0.0,0.0
2022-11-25 00:00:00-05:00,13.596866962600481,13.678890502773928,13.52746381718332,13.552700996398926,27700,0.0,0.0
2022-11-28 00:00:00-05:00,13.502229883110653,13.546395863863559,13.407588323864038,13.470683097839355,62600,0.0,0.0
2022-11-29 00:00:00-05:00,13.470678675035138,13.571629798877451,13.36341795552364,13.445440292358398,58700,0.0,0.0
2022-11-30 00:00:00-05:00,13.407585310241537,13.817699443750671,13.407585310241537,13.798771858215332,77000,0.0,0.0
2022-12-01 00:00:00-05:00,13.85555423539071,13.988053336163581,13.741985124855503,13.880792617797852,82300,0.0,0.0
2022-12-02 00:00:00-05:00,13.622105324142778,13.830317166936311,13.609486132838367,13.748294830322266,79900,0.0,0.0
2022-12-05 00:00:00-05:00,13.678892705083875,13.754605458352819,13.495918011724319,13.514846801757812,65400,0.0,0.0
2022-12-06 00:00:00-05:00,13.51484508661399,13.609486617905645,13.287704448768126,13.394965171813965,90600,0.0,0.0
2022-12-07 00:00:00-05:00,13.394964730437241,13.540081820531526,13.319251989271669,13.445440292358398,75600,0.0,0.0
2022-12-08 00:00:00-05:00,13.470683097839354,13.609490637838874,13.451754304616944,13.470683097839355,83700,0.0,0.0
2022-12-09 00:00:00-05:00,13.451298167249668,13.567592010218227,13.373769760131836,13.373769760131836,74300,0.5,0.0
2022-12-12 00:00:00-05:00,13.38022926507153,13.496523106573461,13.283318141250522,13.457758903503418,90100,0.0,0.0
2022-12-13 00:00:00-05:00,13.80018102244856,13.858327949521165,13.418996159324573,13.490063667297363,109200,0.0,0.0
2022-12-14 00:00:00-05:00,13.464219806127497,13.62573875655389,13.37376958822209,13.483602523803711,78900,0.0,0.0
2022-12-15 00:00:00-05:00,13.373768938364984,13.386689517229494,13.128259455563237,13.192867279052734,99500,0.0,0.0
2022-12-16 00:00:00-05:00,13.115335377945696,13.179943190270317,12.921513173263355,13.050728797912598,106400,0.0,0.0
2022-12-19 00:00:00-05:00,13.03780521003001,13.141177202728077,12.850442703082667,12.915050506591797,72400,0.0,0.0
2022-12-20 00:00:00-05:00,12.85690617663117,13.08303291796795,12.85690617663117,12.88921070098877,97000,0.0,0.0
2022-12-21 00:00:00-05:00,12.97320232716524,13.199329109069815,12.97320232716524,13.12179946899414,142700,0.0,0.0
2022-12-22 00:00:00-05:00,13.037808378903636,13.23809150939906,12.79229891235549,12.966739654541016,188200,0.0,0.0
2022-12-23 00:00:00-05:00,13.024885697857647,13.141179518206807,12.92797459166387,13.083032608032227,195400,0.0,0.0
2022-12-27 00:00:00-05:00,13.08303204060858,13.283315149028123,12.953816416426703,12.979660034179688,201700,0.0,0.0
2022-12-28 00:00:00-05:00,12.97966075027655,13.225168971017151,12.966738940687152,12.999043464660645,180400,0.0,0.0
2022-12-29 00:00:00-05:00,13.176011285175724,13.204671020461104,12.910915566642922,13.018386840820312,289600,1.977,0.0
2022-12-30 00:00:00-05:00,12.94674129584407,13.154520315893853,12.94674129584407,13.06137752532959,178800,0.0,0.0
2023-01-03 00:00:00-05:00,13.176011562786902,13.276319271827768,13.025552049082737,13.154518127441406,96800,0.0,0.0
2023-01-04 00:00:00-05:00,13.247661035186965,13.355132323791326,13.125859877016268,13.197507858276367,84400,0.0,0.0
2023-01-05 00:00:00-05:00,13.097199746283716,13.219000888103794,12.932409001535563,13.018386840820312,169600,0.0,0.0
2023-01-06 00:00:00-05:00,13.054211154543221,13.555745628315416,13.004057980480303,13.312143325805664,165500,0.0,0.0
2023-01-09 00:00:00-05:00,13.390956661791149,13.627394037418275,13.233330833658702,13.54858112335205,200700,0.0,0.0
2023-01-10 00:00:00-05:00,13.792180935855436,14.014288402052626,13.6775447361039,13.98563003540039,551700,0.0,0.0
2023-01-11 00:00:00-05:00,14.042951045919699,14.580308856095924,14.042951045919699,14.279388427734375,315500,0.0,0.0
2023-01-12 00:00:00-05:00,14.408355382617765,14.429848821704566,14.186246490528656,14.24356460571289,84600,0.0,0.0
2023-01-13 00:00:00-05:00,14.200574357327705,14.22206915995334,14.100268011551004,14.164751052856445,74200,0.0,0.0
2023-01-17 00:00:00-05:00,14.236399629945879,14.33670597996114,14.19341002287803,14.22923469543457,97700,0.0,0.0
2023-01-18 00:00:00-05:00,14.329541425383375,14.394024471123327,14.121762418760968,14.171916961669922,152300,0.0,0.0
2023-01-19 00:00:00-05:00,14.078773915887275,14.214904939542485,14.028620740480497,14.035785675048828,68200,0.0,0.0
2023-01-20 00:00:00-05:00,14.10026981059007,14.128928184509277,13.98563358176996,14.128928184509277,112800,0.0,0.0
2023-01-23 00:00:00-05:00,14.15758932090157,14.45134485703809,14.05011801660778,14.386861801147461,74700,0.0,0.0
2023-01-24 00:00:00-05:00,14.24356243076565,14.472836223064858,14.24356243076565,14.336705207824707,59900,0.0,0.0
2023-01-25 00:00:00-05:00,14.315211176427216,14.315211176427216,14.15042178238171,14.22923469543457,99400,0.0,0.0
2023-01-26 00:00:00-05:00,14.372529488515807,14.3796944231281,14.257893267862222,14.343871116638184,84400,0.0,0.0
2023-01-27 00:00:00-05:00,14.35820167522567,14.522991079505589,14.336706870356789,14.487166404724121,55800,0.0,0.0
2023-01-30 00:00:00-05:00,14.401189226964977,14.487165709169393,14.3295412474136,14.343871116638184,72600,0.0,0.0
2023-01-31 00:00:00-05:00,14.379695233366167,14.544484639019474,14.379695233366167,14.530156135559082,77500,0.0,0.0
2023-02-01 00:00:00-05:00,14.544486342208744,14.859736686971429,14.472839716801946,14.702112197875977,94900,0.0,0.0
2023-02-02 00:00:00-05:00,14.90272333243279,15.0245244957226,14.845405218330036,14.90988826751709,85100,0.0,0.0
2023-02-03 00:00:00-05:00,14.795250647398415,14.866898624929243,14.6376261900878,14.666284561157227,70200,0.0,0.0
2023-02-06 00:00:00-05:00,14.65195591654639,14.6949441560186,14.494330094195798,14.573143005371094,79200,0.0,0.0
2023-02-07 00:00:00-05:00,14.573146104734542,14.73793552990107,14.408356679568012,14.709277153015137,87500,0.0,0.0
2023-02-08 00:00:00-05:00,14.709273105007025,14.745096407898776,14.49432918794229,14.587471961975098,95400,0.0,0.0
2023-02-09 00:00:00-05:00,14.687779579633547,14.72360288563819,14.46567207594741,14.508660316467285,60800,0.0,0.0
2023-02-10 00:00:00-05:00,14.451339634081563,14.515822666666944,14.343868368629693,14.422679901123047,59100,0.0,0.0
2023-02-13 00:00:00-05:00,14.458503635875402,14.694940951266267,14.401185540222198,14.644787788391113,87400,0.0,0.0
2023-02-14 00:00:00-05:00,14.601799486830938,14.752260355372737,14.515823019011039,14.580306053161621,70700,0.0,0.0
2023-02-15 00:00:00-05:00,14.580306249716736,14.687777519226074,14.508658281186733,14.687777519226074,54200,0.0,0.0
2023-02-16 00:00:00-05:00,14.65911892059362,14.737931828738137,14.515824339006203,14.522989273071289,69200,0.0,0.0
2023-02-17 00:00:00-05:00,14.444176879113419,14.594637766693502,14.351035466094503,14.558813095092773,51700,0.0,0.0
2023-02-21 00:00:00-05:00,14.5086618639234,14.515826799202827,14.236401156163534,14.286554336547852,69800,0.0,0.0
2023-02-22 00:00:00-05:00,14.286550478261136,14.429845045435918,14.257890744883397,14.272220611572266,80800,0.0,0.0
2023-02-23 00:00:00-05:00,14.415520438434193,14.415520438434193,14.157588234661509,14.286554336547852,62300,0.0,0.0
2023-02-24 00:00:00-05:00,14.2149030732112,14.279386109288406,14.014289031351966,14.057278633117676,83400,0.0,0.0
2023-02-27 00:00:00-05:00,14.164750427489924,14.308045005620047,14.06444271957029,14.09310245513916,67500,0.0,0.0
2023-02-28 00:00:00-05:00,14.057279131045767,14.171915340005514,14.057279131045767,14.0859375,76800,0.0,0.0
2023-03-01 00:00:00-05:00,14.078773915887275,14.128927091294054,14.014290871343835,14.035785675048828,65300,0.0,0.0
2023-03-02 00:00:00-05:00,13.985631672984114,14.150421058600797,13.985631672984114,14.121761322021484,50100,0.0,0.0
2023-03-03 00:00:00-05:00,14.18624558128584,14.300881804306899,14.150422274056101,14.257893562316895,64600,0.0,0.0
2023-03-06 00:00:00-05:00,14.32953871175644,14.429845045435918,14.265055678227831,14.272220611572266,95100,0.0,0.0
2023-03-07 00:00:00-05:00,14.30804655928291,14.336706297963845,14.100268920132363,14.150422096252441,69700,0.0,0.0
2023-03-08 00:00:00-05:00,14.150421163519333,14.18624446793763,14.093103056507177,14.157586097717285,60400,0.0,0.0
2023-03-09 00:00:00-05:00,14.164751538313618,14.243563084165727,13.878160993007052,13.913984298706055,75600,0.0,0.0
2023-03-10 00:00:00-05:00,13.928693148082038,13.965463159223393,13.788964580910067,13.833088874816895,104600,0.5,0.0
2023-03-13 00:00:00-04:00,13.70071453892902,13.855151671051633,13.568341657705936,13.583048820495605,68100,0.0,0.0
2023-03-14 00:00:00-04:00,13.744841075089223,13.869861083898503,13.671299645903865,13.752195358276367,42600,0.0,0.0
2023-03-15 00:00:00-04:00,13.671297393488672,13.671297393488672,13.546277405277067,13.575693130493164,55900,0.0,0.0
2023-03-16 00:00:00-04:00,13.450677344860582,13.796320253542472,13.42126021083515,13.715424537658691,77200,0.0,0.0
2023-03-17 00:00:00-04:00,13.72277596463124,13.774254535773808,13.553631687252556,13.575693130493164,61400,0.0,0.0
2023-03-20 00:00:00-04:00,13.656591320102352,13.700715617316417,13.553634159040827,13.68600845336914,102800,0.0,0.0
2023-03-21 00:00:00-04:00,13.737485462219635,13.921338316044444,13.737485462219635,13.855151176452637,71200,0.0,0.0
2023-03-22 00:00:00-04:00,13.93604537517354,14.17137677821145,13.8330868343301,13.877212524414062,106000,0.0,0.0
2023-03-23 00:00:00-04:00,13.936045781090899,14.068418647141012,13.781608666670328,13.89192008972168,71800,0.0,0.0
2023-03-24 00:00:00-04:00,13.862507332865833,13.994881629943848,13.847798765926909,13.994881629943848,192100,0.0,0.0
2023-03-27 00:00:00-04:00,14.04635779579096,14.134606376874835,13.95075352981654,14.002233505249023,130200,0.0,0.0
2023-03-28 00:00:00-04:00,13.936046005589535,14.127251727192935,13.862504588141991,13.965461730957031,78700,0.0,0.0
2023-03-29 00:00:00-04:00,14.009588708794851,14.164025855339808,13.987527261207099,14.141963005065918,61200,0.0,0.0
2023-03-30 00:00:00-04:00,14.230212712229191,14.244921278777415,14.11254698521562,14.222858428955078,42600,0.0,0.0
2023-03-31 00:00:00-04:00,14.215504718136726,14.50231476394633,14.15667185226075,14.450836181640625,52000,0.0,0.0
2023-04-03 00:00:00-04:00,14.369938343686583,14.546436898030374,14.369938343686583,14.509665489196777,91100,0.0,0.0
2023-04-04 00:00:00-04:00,14.524374237327336,14.59056137138319,14.43612425769092,14.458187103271484,79900,0.0,0.0
2023-04-05 00:00:00-04:00,14.377295341098936,14.436128209399358,14.178735287263903,14.296401023864746,76300,0.0,0.0
2023-04-06 00:00:00-04:00,14.32581247819065,14.561143881109345,14.31110391483678,14.428771018981934,66800,0.0,0.0
2023-04-10 00:00:00-04:00,14.44348200912382,14.649397742616065,14.384649142795489,14.553794860839844,135400,0.0,0.0
2023-04-11 00:00:00-04:00,14.66410164423889,14.730288773135484,14.627330237804266,14.649393081665039,53500,0.0,0.0
2023-04-12 00:00:00-04:00,14.730288911042623,14.752350352424209,14.61262321472168,14.61262321472168,66700,0.0,0.0
2023-04-13 00:00:00-04:00,14.715585509683136,14.803834111533332,14.708231225747914,14.767064094543457,41800,0.0,0.0
2023-04-14 00:00:00-04:00,14.803830474087555,14.86266332842729,14.664103321709366,14.715581893920898,54000,0.0,0.0
2023-04-17 00:00:00-04:00,14.715582536333315,14.811185402801742,14.634686832077449,14.67145824432373,62900,0.0,0.0
2023-04-18 00:00:00-04:00,14.774412876871411,14.803828598972412,14.642038620702612,14.700871467590332,74900,0.0,0.0
2023-04-19 00:00:00-04:00,14.68616540653629,14.722936818782571,14.649395396975962,14.67145824432373,55000,0.0,0.0
2023-04-20 00:00:00-04:00,14.634686847205263,14.693519704174177,14.50231256835372,14.531729698181152,71000,0.0,0.0
2023-04-21 00:00:00-04:00,14.480248999066323,14.627330418565228,14.465540436310707,14.597914695739746,46900,0.0,0.0
2023-04-24 00:00:00-04:00,14.627333881529085,14.70822959315096,14.509668156998764,14.56114673614502,34000,0.0,0.0
2023-04-25 00:00:00-04:00,14.509665312409547,14.546436720795116,14.289042472839357,14.289042472839355,57300,0.0,0.0
2023-04-26 00:00:00-04:00,14.325813747456632,14.37729232107037,14.237565164886208,14.333168029785156,54500,0.0,0.0
2023-04-27 00:00:00-04:00,14.39935541932961,14.561145425322632,14.36993969218813,14.531729698181152,58000,0.0,0.0
2023-04-28 00:00:00-04:00,14.517022201454376,14.77441649564011,14.428773610850504,14.627333641052246,40600,0.0,0.0
2023-05-01 00:00:00-04:00,14.627332453363389,14.767061013607778,14.627332453363389,14.693519592285156,41500,0.0,0.0
2023-05-02 00:00:00-04:00,14.70087325577574,14.70087325577574,14.384646139281859,14.46554183959961,61800,0.0,0.0
2023-05-03 00:00:00-04:00,14.480253315921695,14.634689062838815,14.436127614500089,14.450836181640625,45200,0.0,0.0
2023-05-04 00:00:00-04:00,14.414064644900815,14.480251787360222,14.296398925569871,14.347877502441406,28400,0.0,0.0
2023-05-05 00:00:00-04:00,14.494955802140458,14.708225748787012,14.465540080039455,14.700871467590332,29900,0.0,0.0
2023-05-08 00:00:00-04:00,14.75970759539458,14.767061878226032,14.561146167003418,14.72293758392334,39500,0.0,0.0
2023-05-09 00:00:00-04:00,14.642041706452618,14.708228848485685,14.619978858212926,14.634687423706055,25900,0.0,0.0
2023-05-10 00:00:00-04:00,14.767061013607778,14.796478143211205,14.583208161644192,14.693519592285156,38900,0.0,0.0
2023-05-11 00:00:00-04:00,14.686162905196975,14.737642873573728,14.656747183095971,14.700871467590332,33800,0.0,0.0
2023-05-12 00:00:00-04:00,14.77441726189819,14.870020140458394,14.568501535332809,14.678812980651855,35800,0.0,0.0
2023-05-15 00:00:00-04:00,14.774416400857117,14.774416400857117,14.642042113114476,14.656750679016113,50200,0.0,0.0
2023-05-16 00:00:00-04:00,14.693522041690768,14.730293459824836,14.553794860839844,14.553794860839844,51200,0.0,0.0
2023-05-17 00:00:00-04:00,14.597917911746308,14.634687924050246,14.553793616444372,14.627333641052246,93000,0.0,0.0
2023-05-18 00:00:00-04:00,14.561144774600411,14.74499761974782,14.561144774600411,14.715581893920898,101600,0.0,0.0
2023-05-19 00:00:00-04:00,14.774416161057486,14.789124726720393,14.664104723957738,14.72293758392334,50200,0.0,0.0
2023-05-22 00:00:00-04:00,14.744999029731673,14.774416161057486,14.664104723957738,14.72293758392334,46200,0.0,0.0
2023-05-23 00:00:00-04:00,14.715580392413168,14.730288955168783,14.553790410158648,14.597914695739746,65500,0.0,0.0
2023-05-24 00:00:00-04:00,14.561144015858476,14.561144015858476,14.340521174252002,14.384645462036133,74700,0.0,0.0
2023-05-25 00:00:00-04:00,14.458188276298522,14.539083980638011,14.39935541932961,14.531729698181152,72400,0.0,0.0
2023-05-26 00:00:00-04:00,14.561148101492654,14.74500098864628,14.524378085136414,14.708230972290039,66500,0.0,0.0
2023-05-30 00:00:00-04:00,14.78176912152724,14.789123403700787,14.612624839593362,14.686164855957031,64500,0.0,0.0
2023-05-31 00:00:00-04:00,14.678811452675037,14.737645713586103,14.421418574619038,14.575854301452637,102600,0.0,0.0
2023-06-01 00:00:00-04:00,14.575852662312494,14.781768344286851,14.428771234632949,14.7744140625,80300,0.0,0.0
2023-06-02 00:00:00-04:00,14.862663896950593,14.995038174950022,14.781769595817789,14.958268165588379,67700,0.0,0.0
2023-06-05 00:00:00-04:00,14.98033261574742,15.009748345847097,14.862665487290425,14.914145469665527,49900,0.0,0.0
2023-06-06 00:00:00-04:00,14.84795704311122,15.031809899108733,14.840602760549002,15.002392768859863,59100,0.0,0.0
2023-06-07 00:00:00-04:00,15.00974573780308,15.097995718140277,14.928850039384471,14.972975730895996,78200,0.0,0.0
2023-06-08 00:00:00-04:00,15.02445697784424,15.075935557758028,14.95826983147334,15.024456977844238,75300,0.0,0.0
2023-06-09 00:00:00-04:00,15.114916419648734,15.212919180436614,15.099840288499626,15.175225257873535,60100,0.5,0.0
2023-06-12 00:00:00-04:00,15.197843153518747,15.27322956841815,15.19030436824118,15.25061321258545,52400,0.0,0.0
2023-06-13 00:00:00-04:00,15.318460058481051,15.39384646952352,15.28830635678978,15.363691329956055,44700,0.0,0.0
2023-06-14 00:00:00-04:00,15.439077815162431,15.439077815162431,15.243073720660954,15.416462898254395,61400,0.0,0.0
2023-06-15 00:00:00-04:00,15.378769103300524,15.55215684447991,15.348615401210123,15.49938678741455,50800,0.0,0.0
2023-06-16 00:00:00-04:00,15.56723536224777,15.56723536224777,15.393847610511965,15.491848945617676,80400,0.0,0.0
2023-06-20 00:00:00-04:00,15.424003654335502,15.484313947089987,15.341079877551127,15.469236373901367,64700,0.0,0.0
2023-06-21 00:00:00-04:00,15.506927756623352,15.506927756623352,15.303384846807463,15.356156349182129,81100,0.0,0.0
2023-06-22 00:00:00-04:00,15.280768018229958,15.469233332402869,15.273229233117894,15.348615646362305,92200,0.0,0.0
2023-06-23 00:00:00-04:00,15.363693697359235,15.46923526423215,15.303384846807463,15.356156349182129,151200,0.0,0.0
2023-06-26 00:00:00-04:00,15.371231459294377,15.604929497754076,15.303383827209473,15.303383827209473,102000,0.0,0.0
2023-06-27 00:00:00-04:00,15.408927656549606,15.620007931568134,15.348618801133378,15.574776649475098,68600,0.0,0.0
2023-06-28 00:00:00-04:00,15.635084152221681,15.73308693246717,15.529544023843222,15.63508415222168,84400,0.0,0.0
2023-06-29 00:00:00-04:00,15.680315233119966,15.853704433401322,15.680315233119966,15.838626861572266,98100,0.0,0.0
2023-06-30 00:00:00-04:00,15.996937201162863,16.110017553057755,15.898935859113882,15.944167137145996,60200,0.0,0.0
2023-07-03 00:00:00-04:00,15.989395722606954,16.14016854115947,15.97431959105263,16.05724334716797,40200,0.0,0.0
2023-07-05 00:00:00-04:00,15.981859721718445,16.042168566643273,15.94416579496775,16.004474639892578,57200,0.0,0.0
2023-07-06 00:00:00-04:00,15.906472928762879,15.906472928762879,15.695391257595082,15.748161315917969,70900,0.0,0.0
2023-07-07 00:00:00-04:00,15.763240440303381,15.951705774537402,15.740624082559798,15.838626861572266,70800,0.0,0.0
2023-07-10 00:00:00-04:00,15.838628886763782,15.951707814187648,15.831090099885316,15.929091453552246,65100,0.0,0.0
2023-07-11 00:00:00-04:00,16.012013425242717,16.027090995942995,15.94416579496775,16.004474639892578,50800,0.0,0.0
2023-07-12 00:00:00-04:00,16.117551803588867,16.215554564679437,16.094936887857294,16.117551803588867,74000,0.0,0.0
2023-07-13 00:00:00-04:00,16.230636145351514,16.290944998668657,16.208019786153905,16.245712280273438,68400,0.0,0.0
2023-07-14 00:00:00-04:00,16.31355651803999,16.343711657348397,16.200477621385836,16.21555519104004,48800,0.0,0.0
2023-07-17 00:00:00-04:00,16.208019786153905,16.313559919989782,16.208019786153905,16.245712280273438,66100,0.0,0.0
2023-07-18 00:00:00-04:00,16.283402586668057,16.388942697004765,16.2306325314997,16.373865127563477,43300,0.0,0.0
2023-07-19 00:00:00-04:00,16.411560982678196,16.502023534220346,16.366328269030788,16.388944625854492,57100,0.0,0.0
2023-07-20 00:00:00-04:00,16.396485588444495,16.419101948271003,16.20802023685318,16.230636596679688,75500,0.0,0.0
2023-07-21 00:00:00-04:00,16.298483651163277,16.343714931310405,16.117555654821835,16.1477108001709,53400,0.0,0.0
2023-07-24 00:00:00-04:00,16.22309629637176,16.298482717549646,16.13263230338302,16.170326232910156,51000,0.0,0.0
2023-07-25 00:00:00-04:00,16.17786124564607,16.230632739366435,16.17786124564607,16.200477600097656,43500,0.0,0.0
2023-07-26 00:00:00-04:00,16.162787940312423,16.28340564272788,16.13263279577034,16.17786407470703,47400,0.0,0.0
2023-07-27 00:00:00-04:00,16.29094160143487,16.426636852570333,16.15524635029941,16.21555519104004,77500,0.0,0.0
2023-07-28 00:00:00-04:00,16.328635371209952,16.53971704933236,16.26832652572873,16.434175491333008,87400,0.0,0.0
2023-07-31 00:00:00-04:00,16.509560057234307,16.509560057234307,16.41909751808982,16.479406356811523,71200,0.0,0.0
2023-08-01 00:00:00-04:00,16.479408203851143,16.524639478492983,16.411560572950236,16.434175491333008,73800,0.0,0.0
2023-08-02 00:00:00-04:00,16.358789616164447,16.358789616164447,16.10247667745026,16.15524673461914,53600,0.0,0.0
2023-08-03 00:00:00-04:00,16.14016817907737,16.2004770175702,16.07985934058454,16.13262939453125,57700,0.0,0.0
2023-08-04 00:00:00-04:00,16.17032757559851,16.290945284347952,16.079863575098173,16.102479934692383,61700,0.0,0.0
2023-08-07 00:00:00-04:00,16.140168780645208,16.328634087694194,16.132629995818107,16.21555519104004,80700,0.0,0.0
2023-08-08 00:00:00-04:00,16.094940185546875,16.147710250234095,16.01955376261809,16.094940185546875,44200,0.0,0.0
2023-08-09 00:00:00-04:00,16.132634007864556,16.223098010411206,15.996938722982854,16.01201629638672,77300,0.0,0.0
2023-08-10 00:00:00-04:00,16.057246060713688,16.208018904745604,15.936628360638716,15.951705932617188,69500,0.0,0.0
2023-08-11 00:00:00-04:00,15.91401482511024,16.094941390963804,15.846167183180587,15.921553611755371,62200,0.0,0.0
2023-08-14 00:00:00-04:00,15.921550876793617,16.012013425242717,15.868779379342644,16.004474639892578,50400,0.0,0.0
2023-08-15 00:00:00-04:00,16.004474451597286,16.110016007381233,15.838625489474321,15.876317977905273,49300,0.0,0.0
2023-08-16 00:00:00-04:00,15.846166955105971,15.891398236449215,15.70293288666311,15.740625381469727,55700,0.0,0.0
2023-08-17 00:00:00-04:00,15.740622208726723,15.755699778760878,15.52954197975343,15.537080764770508,52200,0.0,0.0
2023-08-18 00:00:00-04:00,15.476772862525205,15.582312983422058,15.476772862525205,15.529542922973633,46700,0.0,0.0
2023-08-21 00:00:00-04:00,15.60492992401123,15.62754484340639,15.514465932801512,15.60492992401123,30900,0.0,0.0
2023-08-22 00:00:00-04:00,15.710467134923817,15.710467134923817,15.529540623938502,15.582310676574707,38700,0.0,0.0
2023-08-23 00:00:00-04:00,15.6953916751669,15.740622949521846,15.65016040081195,15.710469245910645,47500,0.0,0.0
2023-08-24 00:00:00-04:00,15.861240760174866,15.861240760174866,15.476771365400777,15.484310150146484,51800,0.0,0.0
2023-08-25 00:00:00-04:00,15.484314085289023,15.597393009459882,15.378772509903227,15.574776649475098,33300,0.0,0.0
2023-08-28 00:00:00-04:00,15.70292946503339,15.876317203965483,15.612465484182277,15.680313110351562,53000,0.0,0.0
2023-08-29 00:00:00-04:00,15.725544961993304,16.05724285197773,15.725544961993304,16.049705505371094,71200,0.0,0.0
2023-08-30 00:00:00-04:00,16.072320534249595,16.162784510804265,16.042166833982126,16.117551803588867,59700,0.0,0.0
2023-08-31 00:00:00-04:00,16.132629372660666,16.238170918287135,16.117551803588867,16.117551803588867,56500,0.0,0.0
2023-09-01 00:00:00-04:00,16.26079012015006,16.26079012015006,16.027093489442304,16.08740234375,51700,0.0,0.0
2023-09-05 00:00:00-04:00,16.02709252997891,16.24571157455296,16.012014957835476,16.079862594604492,60900,0.0,0.0
2023-09-06 00:00:00-04:00,16.094938436858346,16.14016971055074,15.846164274735765,15.876317977905273,109100,0.0,0.0
2023-09-07 00:00:00-04:00,15.770779600302333,15.921552446416452,15.725548321618668,15.763240814208984,63100,0.0,0.0
2023-09-08 00:00:00-04:00,15.770959810494455,15.909979280043801,15.693726608178062,15.716897010803223,68500,0.5,0.0
2023-09-11 00:00:00-04:00,15.747793197631838,15.809579479733879,15.716900793131398,15.747793197631836,80300,0.0,0.0
2023-09-12 00:00:00-04:00,15.709177572591077,15.763240386149166,15.585605006429395,15.593328475952148,72900,0.0,0.0
2023-09-13 00:00:00-04:00,15.639664883289374,15.693727686695956,15.531539276476208,15.570155143737793,72500,0.0,0.0
2023-09-14 00:00:00-04:00,15.608773084005946,15.740069112474082,15.593327618910541,15.670560836791992,48200,0.0,0.0
2023-09-15 00:00:00-04:00,15.670557452699086,15.794129985383192,15.53153798515427,15.562430381774902,70700,0.0,0.0
2023-09-18 00:00:00-04:00,15.516093599641914,15.639666152629422,15.516093599641914,15.608772277832031,58400,0.0,0.0
2023-09-19 00:00:00-04:00,15.647388117920652,15.662835053835199,15.570154911448803,15.639664649963379,45200,0.0,0.0
2023-09-20 00:00:00-04:00,15.716895374026535,15.886807222947127,15.68600150707698,15.701448440551758,85500,0.0,0.0
2023-09-21 00:00:00-04:00,15.57015606067975,15.593326466261775,15.485199379979989,15.516093254089355,83300,0.0,0.0
2023-09-22 00:00:00-04:00,15.624221157906089,15.724624790380512,15.539265937852207,15.577881813049316,150700,0.0,0.0
2023-09-25 00:00:00-04:00,15.539266275474303,15.647391906856425,15.492925456509468,15.58560562133789,112800,0.0,0.0
2023-09-26 00:00:00-04:00,15.523817853751869,15.601051071551849,15.330735545802469,15.338459014892578,86600,0.0,0.0
2023-09-27 00:00:00-04:00,15.361627949061798,15.40796876360245,15.276672735272815,15.338459014892578,54700,0.0,0.0
2023-09-28 00:00:00-04:00,15.284393013814636,15.423411009113893,15.276669546336766,15.330732345581055,61000,0.0,0.0
2023-09-29 00:00:00-04:00,15.431138283759129,15.523818443258794,15.307565719827014,15.361628532409668,44700,0.0,0.0
2023-10-02 00:00:00-04:00,15.323009790458151,15.415688459509216,15.261223520057145,15.276670455932617,73100,0.0,0.0
2023-10-03 00:00:00-04:00,15.160819147158284,15.253499284647079,15.122203282513427,15.153097152709961,91400,0.0,0.0
2023-10-04 00:00:00-04:00,15.153098965626354,15.199438303364383,15.068142285522477,15.160820960998535,77300,0.0,0.0
2023-10-05 00:00:00-04:00,15.207162859431007,15.292118072509766,15.137653111302237,15.292118072509766,92700,0.0,0.0
2023-10-06 00:00:00-04:00,15.292117721191403,15.508370429635102,15.245778381203845,15.47747802734375,124800,0.0,0.0
2023-10-09 00:00:00-04:00,15.539262850700162,15.655111926377213,15.477476578799006,15.647388458251953,133600,0.0,0.0
2023-10-10 00:00:00-04:00,15.686003875771403,15.948595892093206,15.67828040786772,15.871362686157227,110400,0.0,0.0
2023-10-11 00:00:00-04:00,15.979493388749718,16.095342487384293,15.794134536314154,15.90998363494873,77800,0.0,0.0
2023-10-12 00:00:00-04:00,15.917706054266935,16.033555145257154,15.763239617545901,15.832749366760254,60600,0.0,0.0
2023-10-13 00:00:00-04:00,15.956321451374215,16.103064414575925,15.66283699807187,15.693729400634766,83500,0.0,0.0
2023-10-16 00:00:00-04:00,15.863644903663163,16.01810988344967,15.863644903663163,15.902260780334473,78900,0.0,0.0
2023-10-17 00:00:00-04:00,15.817302428467928,15.871365239389956,15.755516148399737,15.832749366760254,88800,0.0,0.0
2023-10-18 00:00:00-04:00,15.80185457601264,15.817301513411337,15.585603344835016,15.608772277832031,46600,0.0,0.0
2023-10-19 00:00:00-04:00,15.593327604145202,15.63966694558975,15.392521827084016,15.42341423034668,74500,0.0,0.0
2023-10-20 00:00:00-04:00,15.377073076344605,15.40796694906679,15.214884663855932,15.222606658935547,61200,0.0,0.0
2023-10-23 00:00:00-04:00,15.2071627591867,15.261225568908012,15.10675913561762,15.129929542541504,52300,0.0,0.0
2023-10-24 00:00:00-04:00,15.176267322953201,15.338457208542806,15.176267322953201,15.222606658935547,62600,0.0,0.0
2023-10-25 00:00:00-04:00,15.176265623728055,15.238051889153533,14.83644042733754,14.84416389465332,77500,0.0,0.0
2023-10-26 00:00:00-04:00,14.797828832022011,14.836444706638188,14.519789820861716,14.566130638122559,95100,0.0,0.0
2023-10-27 00:00:00-04:00,14.666533325425117,14.666533325425117,14.373048837684717,14.48117446899414,90600,0.0,0.0
2023-10-30 00:00:00-04:00,14.550682715552023,14.666531804671486,14.496619905503014,14.59702205657959,89700,0.0,0.0
2023-10-31 00:00:00-04:00,14.612467971425822,14.790103327177325,14.566128633643036,14.766934394836426,63200,0.0,0.0
2023-11-01 00:00:00-04:00,14.813277077245175,14.983189002879731,14.79783013679622,14.960020065307617,89300,0.0,0.0
2023-11-02 00:00:00-04:00,15.060417519672706,15.392519269905215,15.060417519672706,15.37707233428955,68700,0.0,0.0
2023-11-03 00:00:00-04:00,15.546988799645163,15.570159209913657,15.46203357486328,15.500649452209473,42900,0.0,0.0
2023-11-06 00:00:00-05:00,15.546986543248995,15.62421975983351,15.377074645243924,15.407968521118164,37900,0.0,0.0
2023-11-07 00:00:00-05:00,15.38479838910877,15.462031607073293,15.276672767819102,15.392521858215332,47500,0.0,0.0
2023-11-08 00:00:00-05:00,15.392520185947422,15.531539668560043,15.29211657157122,15.323010444641113,56000,0.0,0.0
2023-11-09 00:00:00-05:00,15.315286898762064,15.377073171487794,15.16082048039727,15.214884757995605,70900,0.0,0.0
2023-11-10 00:00:00-05:00,15.168545610391117,15.407968732396256,15.083590396774195,15.369351387023926,112900,0.0,0.0
2023-11-13 00:00:00-05:00,15.353901274913866,15.369348209869605,15.238052208947419,15.330732345581055,78100,0.0,0.0
2023-11-14 00:00:00-05:00,15.577881898577791,15.763240752123785,15.52381908376453,15.740070343017578,111500,0.0,0.0
2023-11-15 00:00:00-05:00,15.809580498887744,15.8404743784809,15.740070742904402,15.770964622497559,71000,0.0,0.0
2023-11-16 00:00:00-05:00,15.79413292386636,15.79413292386636,15.577880214885173,15.616496086120605,130900,0.0,0.0
2023-11-17 00:00:00-05:00,15.678283076802044,15.86364339184287,15.62422026537394,15.686006546020508,71600,0.0,0.0
2023-11-20 00:00:00-05:00,15.747791185787138,15.871363734204323,15.701451848405936,15.863641738891602,56900,0.0,0.0
2023-11-21 00:00:00-05:00,15.863644903663163,15.933153187051266,15.778688207264759,15.902260780334473,63900,0.0,0.0
2023-11-22 00:00:00-05:00,15.99493629175336,16.049000570680096,15.925428022192362,15.948596954345703,45200,0.0,0.0
2023-11-24 00:00:00-05:00,16.02583220681889,16.07989501953125,15.956322455302669,16.07989501953125,19200,0.0,0.0
2023-11-27 00:00:00-05:00,16.02582989043219,16.05672376357449,15.933149744106235,15.964043617248535,41400,0.0,0.0
2023-11-28 00:00:00-05:00,15.987215964125967,16.06444771016142,15.948598618007113,16.018108367919922,77100,0.0,0.0
2023-11-29 00:00:00-05:00,16.06444870025835,16.195744738952342,15.95632307066373,15.98721694946289,83200,0.0,0.0
2023-11-30 00:00:00-05:00,15.979490553819687,16.05672376357449,15.879086939208158,15.964043617248535,70400,0.0,0.0
2023-12-01 00:00:00-05:00,15.987218277060695,16.203469554207704,15.979494806719538,16.18802261352539,54500,0.0,0.0
2023-12-04 00:00:00-05:00,16.14168192415503,16.14168192415503,15.879089846767048,15.98721694946289,74000,0.0,0.0
2023-12-05 00:00:00-05:00,15.948599107515012,15.964046046436664,15.863643889648271,15.87908935546875,85700,0.0,0.0
2023-12-06 00:00:00-05:00,15.902259392843254,15.971769143267817,15.809579234576788,15.817302703857422,88400,0.0,0.0
2023-12-07 00:00:00-05:00,15.940874503566791,16.072170528854354,15.855919291746181,15.971768379211426,73500,0.0,0.0
2023-12-08 00:00:00-05:00,15.987598809925466,16.225037783403494,15.90845198223273,16.193378448486328,91800,0.5,0.0
2023-12-11 00:00:00-05:00,16.193379266704927,16.193379266704927,16.02717227879224,16.130062103271484,71500,0.0,0.0
2023-12-12 00:00:00-05:00,16.08257212855509,16.20920643589804,16.066742462737214,16.145889282226562,56900,0.0,0.0
2023-12-13 00:00:00-05:00,16.19337625657654,16.367499555851534,16.130059104912892,16.335840225219727,137400,0.0,0.0
2023-12-14 00:00:00-05:00,16.494137392706108,16.834467721906904,16.38333273095712,16.478307723999023,77500,0.0,0.0
2023-12-15 00:00:00-05:00,16.383330635343096,16.509964949601198,16.359586135319663,16.375415802001953,89100,0.0,0.0
2023-12-18 00:00:00-05:00,16.430816735506202,16.525791708363478,16.391242572149025,16.454561233520508,50100,0.0,0.0
2023-12-19 00:00:00-05:00,16.45456481037754,16.58911246623969,16.446649975985597,16.502052307128906,108900,0.0,0.0
2023-12-20 00:00:00-05:00,16.41498994309295,16.589111763539176,16.3121001195566,16.32001495361328,95300,0.0,0.0
2023-12-21 00:00:00-05:00,16.39124539642118,16.478307061208042,16.34375790181027,16.47039222717285,103100,0.0,0.0
2023-12-22 00:00:00-05:00,16.612855829671815,16.692002658561,16.47039183959132,16.589111328125,145800,0.0,0.0
2023-12-26 00:00:00-05:00,16.620767454139074,16.82654856567564,16.620767454139074,16.691999435424805,131400,0.0,0.0
2023-12-27 00:00:00-05:00,16.771151756060103,16.80280958613797,16.71574942122354,16.739492416381836,57400,0.0,0.0
2023-12-28 00:00:00-05:00,16.684089739502504,16.779066246989778,16.6761749047452,16.707834243774414,44900,0.0,0.0
2023-12-29 00:00:00-05:00,16.692003563847027,16.77906523130692,16.525795063205447,16.54953956604004,65400,0.0,0.0
2024-01-02 00:00:00-05:00,16.57328076242674,16.723658054910665,16.304182489055535,16.35958480834961,69100,0.0,0.0
2024-01-03 00:00:00-05:00,16.304184260744464,16.351671752499602,16.137975775201266,16.161720275878906,87200,0.0,0.0
2024-01-04 00:00:00-05:00,16.232952629036337,16.34375728212731,16.177550302490847,16.31209945678711,94900,0.0,0.0
2024-01-05 00:00:00-05:00,16.359587879831405,16.430819877897456,16.296270715950502,16.32792854309082,55500,0.0,0.0
2024-01-08 00:00:00-05:00,16.399159270361988,16.60494041442871,16.391244436790174,16.60494041442871,87000,0.0,0.0
2024-01-09 00:00:00-05:00,16.53370572273965,16.67616968457463,16.50996273550042,16.668254852294922,80300,0.0,0.0
2024-01-10 00:00:00-05:00,16.668258015125097,16.786977502648174,16.636600189599033,16.779064178466797,62700,0.0,0.0
2024-01-11 00:00:00-05:00,16.771149690949557,16.850296520799102,16.64451536703037,16.81072235107422,59100,0.0,0.0
2024-01-12 00:00:00-05:00,16.763234510903672,16.85029617290068,16.660343181343535,16.779064178466797,72300,0.0,0.0
2024-01-16 00:00:00-05:00,16.739489497697182,16.858208981590042,16.67617233898098,16.69991683959961,40600,0.0,0.0
2024-01-17 00:00:00-05:00,16.644516178757343,16.771150508852287,16.63660134442637,16.747406005859375,84200,0.0,0.0
2024-01-18 00:00:00-05:00,16.818637185019195,16.85820984514386,16.715747362934938,16.81072235107422,91000,0.0,0.0
2024-01-19 00:00:00-05:00,16.897783942334115,16.91361361015612,16.80280744500231,16.905698776245117,39600,0.0,0.0
2024-01-22 00:00:00-05:00,16.945270538330078,16.99275802967968,16.874038546505606,16.945270538330078,73200,0.0,0.0
2024-01-23 00:00:00-05:00,17.016506117418945,17.0244209525791,16.89778660921751,16.992761611938477,84700,0.0,0.0
2024-01-24 00:00:00-05:00,17.095652131036502,17.182712294378746,17.016505292870516,17.05607795715332,90600,0.0,0.0
2024-01-25 00:00:00-05:00,17.040246447240214,17.063989437302087,16.937355124971837,16.96109962463379,75600,0.0,0.0
2024-01-26 00:00:00-05:00,17.024416780798912,17.040246447240214,16.921525458530535,16.96109962463379,47600,0.0,0.0
2024-01-29 00:00:00-05:00,16.961101801180046,17.111480632469725,16.929442464234736,17.087736129760742,53300,0.0,0.0
2024-01-30 00:00:00-05:00,17.07190704345703,17.166883547931484,17.048164049538663,17.07190704345703,52600,0.0,0.0
2024-01-31 00:00:00-05:00,16.953188103767122,17.07190760607242,16.874041265696796,16.881956100463867,52600,0.0,0.0
2024-02-01 00:00:00-05:00,16.937355638115346,17.063989954282178,16.9056978138737,17.040246963500977,47100,0.0,0.0
2024-02-02 00:00:00-05:00,17.04816447137432,17.15105430330056,17.01650513256602,17.127309799194336,64200,0.0,0.0
2024-02-05 00:00:00-05:00,17.00067395689274,17.040248126896817,16.90569896808341,17.008588790893555,68600,0.0,0.0
2024-02-06 00:00:00-05:00,16.984843557597923,17.127307544278267,16.984843557597923,17.09564971923828,49300,0.0,0.0
2024-02-07 00:00:00-05:00,17.214369099384964,17.388490910037632,17.17479644092759,17.34100341796875,57600,0.0,0.0
2024-02-08 00:00:00-05:00,17.435980496341337,17.435980496341337,17.2618571702501,17.32517433166504,58400,0.0,0.0
2024-02-09 00:00:00-05:00,17.412236504640912,17.47555366791014,17.39640683642354,17.404321670532227,53800,0.0,0.0
2024-02-12 00:00:00-05:00,17.44389297593527,17.60218510330891,17.44389297593527,17.538867950439453,72800,0.0,0.0
2024-02-13 00:00:00-05:00,17.41223882030837,17.45972632167563,17.20645763491631,17.28560447692871,53300,0.0,0.0
2024-02-14 00:00:00-05:00,17.372666320051728,17.523043660751245,17.372666320051728,17.50721549987793,34500,0.0,0.0
2024-02-15 00:00:00-05:00,17.53887060172359,17.625932266179873,17.43598077885726,17.57052993774414,53300,0.0,0.0
2024-02-16 00:00:00-05:00,17.602187756273093,17.602187756273093,17.42806593703882,17.45180892944336,31800,0.0,0.0
2024-02-20 00:00:00-05:00,17.36474740339705,17.396405227303276,17.22228342181875,17.261856079101562,52900,0.0,0.0
2024-02-21 00:00:00-05:00,17.26185514909815,17.293514480898803,17.158965339946086,17.24602699279785,49800,0.0,0.0
2024-02-22 00:00:00-05:00,17.459723918520982,17.530955915567734,17.356834094786922,17.380577087402344,106900,0.0,0.0
2024-02-23 00:00:00-05:00,17.499296336225935,17.530954159742535,17.38057534663844,17.428064346313477,56400,0.0,0.0
2024-02-26 00:00:00-05:00,17.435977850688936,17.4913801698205,17.380574021957397,17.412233352661133,47000,0.0,0.0
2024-02-27 00:00:00-05:00,17.483467917990083,17.538870245299933,17.404321089147352,17.420150756835938,57200,0.0,0.0
2024-02-28 00:00:00-05:00,17.29351856667257,17.420152904593802,17.29351856667257,17.372665405273438,56400,0.0,0.0
2024-02-29 00:00:00-05:00,17.372665585394248,17.523042919734593,17.372665585394248,17.475555419921875,47300,0.0,0.0
2024-03-01 00:00:00-05:00,17.499296159925073,17.657588295113495,17.475551660326776,17.649673461914062,62700,0.0,0.0
2024-03-04 00:00:00-05:00,17.657590129793928,17.752566628455405,17.610102635263303,17.744651794433594,71800,0.0,0.0
2024-03-05 00:00:00-05:00,17.76839794517098,17.784226105083007,17.507214436617836,17.618019104003906,73900,0.0,0.0
2024-03-06 00:00:00-05:00,17.641763024313917,17.69716535617308,17.42806702177114,17.515127182006836,238500,0.0,0.0
2024-03-07 00:00:00-05:00,17.63384811055364,17.681335607705133,17.55470127556761,17.610103607177734,206900,0.0,0.0
2024-03-08 00:00:00-05:00,17.715357158804697,17.84490415790626,17.52103897660781,17.577714920043945,85000,0.5,0.0
2024-03-11 00:00:00-04:00,17.57771465336286,17.65868094745909,17.55342584614652,17.602005004882812,94500,0.0,0.0
2024-03-12 00:00:00-04:00,17.70726114416648,17.78012910803548,17.593907717951613,17.755840301513672,72600,0.0,0.0
2024-03-13 00:00:00-04:00,17.780128713465306,17.893482137164675,17.642488028086667,17.650583267211914,67500,0.0,0.0
2024-03-14 00:00:00-04:00,17.650583414202224,17.788225645030654,17.49674916068493,17.52913475036621,75700,0.0,0.0
2024-03-15 00:00:00-04:00,17.529133154577274,17.561520285613696,17.359105349546283,17.391490936279297,99000,0.0,0.0
2024-03-18 00:00:00-04:00,17.488653385060143,17.626295623820894,17.48055660109732,17.577714920043945,74700,0.0,0.0
2024-03-19 00:00:00-04:00,17.537234268278308,17.60200700204382,17.448171180236805,17.593910217285156,50600,0.0,0.0
2024-03-20 00:00:00-04:00,17.63439263865695,17.812517255260236,17.56961991040997,17.804420471191406,49100,0.0,0.0
2024-03-21 00:00:00-04:00,17.901580269316874,17.998738589175158,17.893483485278075,17.91777229309082,64100,0.0,0.0
2024-03-22 00:00:00-04:00,17.998738589175158,17.998738589175158,17.885386701239277,17.91777229309082,44600,0.0,0.0
2024-03-25 00:00:00-04:00,17.92587143874894,17.974452149381932,17.861098702208803,17.909679412841797,33800,0.0,0.0
2024-03-26 00:00:00-04:00,17.97444960277516,18.02302876222164,17.917772115066693,17.9339656829834,61700,0.0,0.0
2024-03-27 00:00:00-04:00,17.95016144451001,18.047321319580078,17.89348549417906,18.047321319580078,98700,0.0,0.0
2024-03-28 00:00:00-04:00,18.1120924302063,18.152574807010335,18.006835779629913,18.128284454345703,128400,0.0,0.0
2024-04-01 00:00:00-04:00,18.071610320678847,18.265928528564185,18.071610320678847,18.136383056640625,117300,0.0,0.0
2024-04-02 00:00:00-04:00,17.95016144451001,18.063513345171906,17.90967906407471,18.047321319580078,80000,0.0,0.0
2024-04-03 00:00:00-04:00,17.982546053603812,18.136381870566503,17.97445081340386,18.10399627685547,96100,0.0,0.0
2024-04-04 00:00:00-04:00,18.168766878457,18.274021976057316,17.93396478828955,17.9825439453125,98900,0.0,0.0
2024-04-05 00:00:00-04:00,17.982548217930777,18.152577624365094,17.974452976756503,18.079708099365234,65700,0.0,0.0
2024-04-08 00:00:00-04:00,18.07970611824982,18.460245728203304,18.07970611824982,18.193058013916016,156800,0.0,0.0
2024-04-09 00:00:00-04:00,18.330699066528897,18.338795850591232,18.128284097881526,18.16067123413086,63000,0.0,0.0
2024-04-10 00:00:00-04:00,18.112090670501402,18.2173457665479,17.966351657280452,18.006834030151367,87100,0.0,0.0
2024-04-11 00:00:00-04:00,18.063509384787903,18.184958043770276,18.023027013228273,18.168766021728516,42100,0.0,0.0
2024-04-12 00:00:00-04:00,18.13637980438066,18.209249312308504,17.861095339831817,17.869192123413086,44000,0.0,0.0
2024-04-15 00:00:00-04:00,18.01493552635456,18.047322668566704,17.585815157867255,17.610105514526367,53500,0.0,0.0
2024-04-16 00:00:00-04:00,17.610100685845264,17.723452563898867,17.545327963485562,17.561521530151367,81000,0.0,0.0
2024-04-17 00:00:00-04:00,17.64248991483987,17.691069076304245,17.496750886143047,17.545330047607422,40600,0.0,0.0
2024-04-18 00:00:00-04:00,17.545329393770363,17.634392473389145,17.46436309814453,17.46436309814453,37400,0.0,0.0
2024-04-19 00:00:00-04:00,17.488652039030278,17.569618328123248,17.29433387178926,17.31052589416504,25300,0.0,0.0
2024-04-22 00:00:00-04:00,17.44817125621007,17.496751964973576,17.407688876544277,17.480558395385742,68000,0.0,0.0
2024-04-23 00:00:00-04:00,17.593909963415385,17.73964899836081,17.593909963415385,17.72345542907715,52400,0.0,0.0
2024-04-24 00:00:00-04:00,17.82871482639671,17.82871482639671,17.626299812139628,17.68297576904297,58400,0.0,0.0
2024-04-25 00:00:00-04:00,17.537233352661133,17.585812514373007,17.456267053605536,17.537233352661133,60600,0.0,0.0
2024-04-26 00:00:00-04:00,17.593907893819157,17.82870998790085,17.593907893819157,17.739646911621094,47300,0.0,0.0
2024-04-29 00:00:00-04:00,17.80441945886086,17.82870980968624,17.715356383471374,17.755840301513672,41300,0.0,0.0
2024-04-30 00:00:00-04:00,17.666777731299074,17.780129616451628,17.593908221042827,17.602005004882812,38700,0.0,0.0
2024-05-01 00:00:00-04:00,17.593908398912077,17.747744204819785,17.5534260236065,17.585811614990234,49500,0.0,0.0
2024-05-02 00:00:00-04:00,17.723456152225573,17.723456152225573,17.56152508569318,17.691070556640625,38800,0.0,0.0
2024-05-03 00:00:00-04:00,17.86919101978416,17.901578152108954,17.739645579091935,17.82870864868164,45600,0.0,0.0
2024-05-06 00:00:00-04:00,17.82061198851387,17.942060646962563,17.82061198851387,17.925867080688477,71000,0.0,0.0
2024-05-07 00:00:00-04:00,18.039223797696163,18.055415822626514,17.942063926595253,17.974451065063477,47300,0.0,0.0
2024-05-08 00:00:00-04:00,17.917771221180715,18.01493107953017,17.836806474243648,17.9825439453125,51700,0.0,0.0
2024-05-09 00:00:00-04:00,18.0473189602434,18.06351098371843,17.974449449543073,18.0554141998291,54600,0.0,0.0
2024-05-10 00:00:00-04:00,18.16876760467249,18.16876760467249,17.91777193736377,17.950159072875977,47900,0.0,0.0
2024-05-13 00:00:00-04:00,18.0716077424395,18.0716077424395,17.91777193736377,17.950159072875977,70700,0.0,0.0
2024-05-14 00:00:00-04:00,17.99873807973864,18.087801157340934,17.974449272613363,18.07160758972168,40900,0.0,0.0
2024-05-15 00:00:00-04:00,18.225444544961793,18.354990005493164,18.12018789309024,18.354990005493164,59100,0.0,0.0
2024-05-16 00:00:00-04:00,18.371182920121765,18.37927970415469,18.265926271997344,18.274023056030273,77200,0.0,0.0
2024-05-17 00:00:00-04:00,18.371182741159757,18.371182741159757,18.225443718594054,18.29021644592285,26300,0.0,0.0
2024-05-20 00:00:00-04:00,18.35498845290455,18.435954744963908,18.290215728117776,18.322601318359375,56500,0.0,0.0
2024-05-21 00:00:00-04:00,18.37927952511381,18.419761900580443,18.20115336673189,18.29021644592285,102300,0.0,0.0
2024-05-22 00:00:00-04:00,18.30641001383096,18.43595546848855,18.184959798823783,18.29021644592285,60400,0.0,0.0
2024-05-23 00:00:00-04:00,18.330698494415326,18.36308562965384,18.03112521497715,18.07160758972168,109400,0.0,0.0
2024-05-24 00:00:00-04:00,18.176863464297817,18.36308485111319,18.152573113898775,18.249732971191406,50500,0.0,0.0
2024-05-28 00:00:00-04:00,18.36308502941114,18.36308502941114,18.193055663574007,18.233539581298828,33100,0.0,0.0
2024-05-29 00:00:00-04:00,18.006837664602966,18.12828635203212,17.97445206863032,18.02303123474121,54500,0.0,0.0
2024-05-30 00:00:00-04:00,18.07970718592123,18.120189566962996,17.982547309395596,18.02303123474121,41000,0.0,0.0
2024-05-31 00:00:00-04:00,18.04732024039623,18.112092971801758,17.909677993121516,18.112092971801758,33300,0.0,0.0
2024-06-03 00:00:00-04:00,18.152574450068528,18.298313474583217,18.0473193458655,18.16067123413086,32500,0.0,0.0
2024-06-04 00:00:00-04:00,18.160670161981503,18.338794767925958,18.160670161981503,18.22544288635254,50800,0.0,0.0
2024-06-05 00:00:00-04:00,18.184960711941972,18.371183663628724,18.184960711941972,18.346893310546875,54800,0.0,0.0
2024-06-06 00:00:00-04:00,18.411668420890383,18.678856162110673,18.314510084612408,18.5493106842041,113900,0.0,0.0
2024-06-07 00:00:00-04:00,18.557405471801758,18.597887850175436,18.46024560167968,18.557405471801758,79600,0.0,0.0
2024-06-10 00:00:00-04:00,18.63027521877681,18.92175328844492,18.58169605526671,18.889366149902344,138300,0.0,0.0
2024-06-11 00:00:00-04:00,18.848881628248318,18.881267218805466,18.565500375431213,18.66265869140625,54900,0.0,0.0
2024-06-12 00:00:00-04:00,18.873174305640795,18.905561447143555,18.7112432310387,18.905561447143555,57500,0.0,0.0
2024-06-13 00:00:00-04:00,19.021391817553628,19.021391817553628,18.83936949564975,18.93037986755371,55400,0.5,0.0
2024-06-14 00:00:00-04:00,18.85591422108793,19.004840689408056,18.72353250797722,18.97174644470215,91400,0.0,0.0
2024-06-17 00:00:00-04:00,19.021390023671604,19.02966397999092,18.764903690155943,18.93865203857422,68600,0.0,0.0
2024-06-18 00:00:00-04:00,19.004843903354377,19.029665774653253,18.87246374595229,18.93037986755371,70400,0.0,0.0
2024-06-20 00:00:00-04:00,18.99656558342079,19.004839538620182,18.748353239821398,18.872459411621094,54500,0.0,0.0
2024-06-21 00:00:00-04:00,18.847639737812052,18.96347195818394,18.797996004999263,18.913829803466797,60100,0.0,0.0
2024-06-24 00:00:00-04:00,18.913832112903037,18.96347427368164,18.79799830029184,18.96347427368164,53200,0.0,0.0
2024-06-25 00:00:00-04:00,19.013116434460244,19.029664347418393,18.864188374028593,18.96347427368164,40000,0.0,0.0
2024-06-26 00:00:00-04:00,18.963470772733206,19.219957063849826,18.93864890787848,19.1785888671875,81500,0.0,0.0
2024-06-27 00:00:00-04:00,19.30269988662502,19.757756476662333,19.21996189441025,19.26960563659668,197300,0.0,0.0
2024-06-28 00:00:00-04:00,19.286149450951523,19.600553464640992,19.228233337402344,19.228233337402344,64200,0.0,0.0
2024-07-01 00:00:00-04:00,19.31924654230541,19.38543661614667,19.07930653832095,19.162044525146484,58500,0.0,0.0
2024-07-02 00:00:00-04:00,19.153771453964904,19.319247435264472,19.054487127661897,19.244783401489258,34600,0.0,0.0
2024-07-03 00:00:00-04:00,19.32751850207716,19.385434613442985,19.22823261252455,19.352338790893555,30800,0.0,0.0
2024-07-05 00:00:00-04:00,19.319247455894853,19.58400776378016,19.244783422040122,19.4433536529541,37700,0.0,0.0
2024-07-08 00:00:00-04:00,19.451624202049352,19.57573037736607,19.36888622580633,19.492992401123047,52200,0.0,0.0
2024-07-09 00:00:00-04:00,19.492994271300134,19.61710045852372,19.32751988103395,19.46817398071289,96300,0.0,0.0
2024-07-10 00:00:00-04:00,19.56745691471511,19.73293287136847,19.426802824988457,19.52608871459961,69000,0.0,0.0
2024-07-11 00:00:00-04:00,19.44335073627293,19.62537302611508,19.426802824988457,19.52608871459961,106700,0.0,0.0
2024-07-12 00:00:00-04:00,19.534362178292376,19.749480285285983,19.451624202049352,19.492992401123047,87000,0.0,0.0
2024-07-15 00:00:00-04:00,19.526091887490143,19.65019808609895,19.418532024758825,19.459901809692383,73200,0.0,0.0
2024-07-16 00:00:00-04:00,19.56745691471511,19.60882669292629,19.36061275794625,19.52608871459961,110600,0.0,0.0
2024-07-17 00:00:00-04:00,19.319245680884613,19.6171002108414,19.236507697748262,19.277875900268555,52900,0.0,0.0
2024-07-18 00:00:00-04:00,19.28615404285222,19.44335608712568,18.831097403966446,18.905561447143555,109600,0.0,0.0
2024-07-19 00:00:00-04:00,18.822818878561144,19.0213890861503,18.822818878561144,18.831092834472656,22900,0.0,0.0
2024-07-22 00:00:00-04:00,19.021390549453645,19.162044654578363,18.847642196232684,18.99656867980957,41500,0.0,0.0
2024-07-23 00:00:00-04:00,18.98829460144043,19.12067473816586,18.95519877821122,18.98829460144043,58000,0.0,0.0
2024-07-24 00:00:00-04:00,18.938651305312135,18.988295041305957,18.46704686004107,18.47532081604004,82400,0.0,0.0
2024-07-25 00:00:00-04:00,18.508416271773015,18.61597454142804,18.400856424022276,18.450498580932617,109400,0.0,0.0
2024-07-26 00:00:00-04:00,18.541510107955723,18.55805801925933,18.376034151110993,18.400856018066406,68400,0.0,0.0
2024-07-29 00:00:00-04:00,18.51669129443254,18.549787122497314,18.400859052397717,18.500144958496094,63800,0.0,0.0
2024-07-30 00:00:00-04:00,18.524962689944932,18.690438651196043,18.417404419798714,18.43395233154297,58600,0.0,0.0
2024-07-31 00:00:00-04:00,18.64079657704441,18.7814506713053,18.56633255195948,18.6573429107666,74700,0.0,0.0
2024-08-01 00:00:00-04:00,18.70698787993835,18.880736231197993,18.3181198170501,18.3925838470459,91700,0.0,0.0
2024-08-02 00:00:00-04:00,18.218832526913598,18.549782840689044,18.00371442843566,18.102998733520508,47500,0.0,0.0
2024-08-05 00:00:00-04:00,17.482467858093084,17.722407843227494,17.168065426571008,17.47419548034668,241700,0.0,0.0
2024-08-06 00:00:00-04:00,17.515562403918867,17.920976742038636,17.482466582964303,17.75550079345703,85800,0.0,0.0
2024-08-07 00:00:00-04:00,17.987171405882727,18.069909401332904,17.75550533424143,17.80514907836914,79100,0.0,0.0
2024-08-08 00:00:00-04:00,17.90443039412651,18.177464628447627,17.80514607878923,18.07818031311035,52500,0.0,0.0
2024-08-09 00:00:00-04:00,18.069907247496467,18.21056134956775,18.045085378391246,18.160919189453125,48300,0.0,0.0
2024-08-12 00:00:00-04:00,18.26020415760971,18.326394232809772,18.061633932009524,18.227109909057617,59200,0.0,0.0
2024-08-13 00:00:00-04:00,18.30157105512812,18.475319383345695,18.251927322983992,18.334665298461914,64000,0.0,0.0
2024-08-14 00:00:00-04:00,18.384310876883276,18.467048867772476,18.268478636495946,18.28502655029297,91400,0.0,0.0
2024-08-15 00:00:00-04:00,18.442225196906335,18.61597352565993,18.293297156205757,18.533235549926758,70800,0.0,0.0
2024-08-16 00:00:00-04:00,18.40085795462552,18.72353436852688,18.40085795462552,18.599428176879883,48600,0.0,0.0
2024-08-19 00:00:00-04:00,18.54151282124404,18.748357008520834,18.508418571889628,18.673892974853516,65600,0.0,0.0
2024-08-20 00:00:00-04:00,18.673889814159164,18.789722034438014,18.62424765948189,18.740079879760742,48000,0.0,0.0
2024-08-21 00:00:00-04:00,18.84764395857597,18.872464252445003,18.71526379762111,18.78972625732422,39500,0.0,0.0
2024-08-22 00:00:00-04:00,18.8807351098929,18.8807351098929,18.574606629731527,18.665616989135742,43700,0.0,0.0
2024-08-23 00:00:00-04:00,18.8145463414156,18.847642167557346,18.67389223650488,18.797998428344727,33500,0.0,0.0
2024-08-26 00:00:00-04:00,18.847640740481268,18.89728289783931,18.624248665226485,18.6573429107666,107100,0.0,0.0
2024-08-27 00:00:00-04:00,18.665617515092165,18.781451323745802,18.64079722459879,18.723533630371094,42100,0.0,0.0
2024-08-28 00:00:00-04:00,18.74835620146829,18.806272318917358,18.483595905646364,18.574607849121094,62800,0.0,0.0
2024-08-29 00:00:00-04:00,18.574606629731527,18.86418719796641,18.574606629731527,18.665616989135742,63700,0.0,0.0
2024-08-30 00:00:00-04:00,18.673891957823887,18.814546060635546,18.657344044999967,18.756629943847656,48000,0.0,0.0
2024-09-03 00:00:00-04:00,18.70698660169261,18.781450626600293,18.433952369729678,18.458772659301758,52000,0.0,0.0
2024-09-04 00:00:00-04:00,18.392585009414795,18.582881285609975,18.392585009414795,18.516691207885742,43300,0.0,0.0
2024-09-05 00:00:00-04:00,18.516690032039303,18.624249887820877,18.450499958518268,18.566333770751953,54400,0.0,0.0
2024-09-06 00:00:00-04:00,18.54150890857524,18.632520836762186,18.260200746993377,18.276748657226562,32800,0.0,0.0
2024-09-09 00:00:00-04:00,18.359488588245952,18.665617069729112,18.351214632246982,18.47532081604004,61600,0.0,0.0
2024-09-10 00:00:00-04:00,18.582879861291254,18.624249643007996,18.433953381398418,18.549785614013672,63600,0.0,0.0
2024-09-11 00:00:00-04:00,18.62424915333248,18.740081382902233,18.376035203845596,18.690439224243164,59700,0.0,0.0
2024-09-12 00:00:00-04:00,18.806274171967576,18.84764395857597,18.64907371714368,18.78972625732422,70400,0.0,0.0
2024-09-13 00:00:00-04:00,18.92508923915906,19.0942888836735,18.90816879062078,19.060449600219727,74600,0.5,0.0
2024-09-16 00:00:00-04:00,19.085824966430664,19.195806247026088,18.865864018862293,19.085824966430664,81100,0.0,0.0
2024-09-17 00:00:00-04:00,19.19580738549627,19.26348755694496,19.009685703795455,19.07736587524414,44300,0.0,0.0
2024-09-18 00:00:00-04:00,19.119666696936687,19.314246985157045,19.077365581917554,19.136587142944336,83800,0.0,0.0
2024-09-19 00:00:00-04:00,19.373465745650364,19.55958741308674,19.331166246845246,19.51728630065918,82800,0.0,0.0
2024-09-20 00:00:00-04:00,19.576506677332677,19.584966900005274,19.204266561473432,19.280406951904297,63400,0.0,0.0
2024-09-23 00:00:00-04:00,19.280408208800328,19.36500721379634,19.221186646231494,19.297327041625977,77900,0.0,0.0
2024-09-24 00:00:00-04:00,19.31424885677608,19.331169304423383,19.085827654405595,19.24656867980957,57300,0.0,0.0
2024-09-25 00:00:00-04:00,19.263484024287727,19.35654323444979,19.128123706213568,19.339624404907227,93000,0.0,0.0
2024-09-26 00:00:00-04:00,19.551129273190547,19.559589496577246,19.33116830600429,19.432687759399414,156900,0.0,0.0
2024-09-27 00:00:00-04:00,19.424227179426936,19.500367574886816,19.195807606669877,19.449607849121094,65900,0.0,0.0
2024-09-30 00:00:00-04:00,19.365006875549195,19.500367217525593,19.178886808737293,19.466527938842773,66300,0.0,0.0
2024-10-01 00:00:00-04:00,19.44114971148937,19.44114971148937,19.212728500605245,19.365009307861328,44100,0.0,0.0
2024-10-02 00:00:00-04:00,19.23810917302218,19.415770652695194,19.136589710599967,19.365009307861328,54700,0.0,0.0
2024-10-03 00:00:00-04:00,19.229648232162265,19.348089752070685,19.161968055195757,19.24656867980957,73100,0.0,0.0
2024-10-04 00:00:00-04:00,19.466527938842773,19.474988161919118,19.35654665247285,19.466527938842773,79400,0.0,0.0
2024-10-07 00:00:00-04:00,19.517285328190695,19.59342571314409,19.28886417333052,19.441144943237305,87400,0.0,0.0
2024-10-08 00:00:00-04:00,19.491907438534888,19.601887104683342,19.491907438534888,19.5849666595459,54800,0.0,0.0
2024-10-09 00:00:00-04:00,19.652645922943535,19.813386917114258,19.601886203487343,19.813386917114258,64800,0.0,0.0
2024-10-10 00:00:00-04:00,19.79646608026451,19.804926302276534,19.64418531129271,19.67802619934082,40100,0.0,0.0
2024-10-11 00:00:00-04:00,19.754169045052823,19.813388992893042,19.703409320278716,19.728788375854492,32100,0.0,0.0
2024-10-14 00:00:00-04:00,19.79646795902099,19.923368073999985,19.745708235753895,19.788007736206055,48100,0.0,0.0
2024-10-15 00:00:00-04:00,19.847227682288086,19.88106857354782,19.762628681383763,19.788007736206055,58600,0.0,0.0
2024-10-16 00:00:00-04:00,19.855689227284547,19.87260967404114,19.762629997368514,19.84722900390625,34600,0.0,0.0
2024-10-17 00:00:00-04:00,19.86415010253426,19.92337005450311,19.788009703253547,19.830310821533203,21600,0.0,0.0
2024-10-18 00:00:00-04:00,19.923368516942887,20.126410641770388,19.82184906815168,19.965669631958008,53400,0.0,0.0
2024-10-21 00:00:00-04:00,19.991047910497418,19.991047910497418,19.83876874322814,19.95720863342285,44900,0.0,0.0
2024-10-22 00:00:00-04:00,19.95720763014416,20.007967350015488,19.914908132521788,19.991046905517578,29300,0.0,0.0
2024-10-23 00:00:00-04:00,19.88106747096068,19.965668080795634,19.6695667531845,19.686487197875977,48700,0.0,0.0
2024-10-24 00:00:00-04:00,19.72878818722701,19.788008134501027,19.618808515664202,19.661108016967773,42400,0.0,0.0
2024-10-25 00:00:00-04:00,19.71186792972227,19.897989609931592,19.618808703240166,19.728788375854492,43400,0.0,0.0
2024-10-28 00:00:00-04:00,19.83031045249027,19.83031045249027,19.669569433264307,19.694950103759766,48500,0.0,0.0
2024-10-29 00:00:00-04:00,19.694949918602017,19.81338981922206,19.6018890746162,19.627269744873047,44300,0.0,0.0
2024-10-30 00:00:00-04:00,19.542670193802937,19.728790278337605,19.542670193802937,19.576509475708008,51600,0.0,0.0
2024-10-31 00:00:00-04:00,19.542668143615742,19.542668143615742,19.36500668797846,19.398847579956055,66100,0.0,0.0
2024-11-01 00:00:00-04:00,19.398845800483016,19.62726695951087,19.39038557826468,19.424224853515625,68800,0.0,0.0
2024-11-04 00:00:00-05:00,19.415766244919684,19.47498618682563,19.398845800483016,19.424224853515625,54900,0.0,0.0
2024-11-05 00:00:00-05:00,19.432687759399414,19.65264872658567,19.42422753601272,19.432687759399414,116800,0.0,0.0
2024-11-06 00:00:00-05:00,19.821848461971154,19.90644907579165,19.474987397567375,19.872608184814453,59500,0.0,0.0
2024-11-07 00:00:00-05:00,19.931829467640764,20.11795115325737,19.931829467640764,20.084110260009766,60500,0.0,0.0
2024-11-08 00:00:00-05:00,20.134869397296896,20.23639046044752,20.08410967253286,20.143329620361328,76200,0.0,0.0
2024-11-11 00:00:00-05:00,20.261770019660617,20.388670131430143,20.160248962071517,20.30406951904297,51100,0.0,0.0
2024-11-12 00:00:00-05:00,20.36329066150832,20.48173055764417,20.244850765372473,20.33791160583496,58700,0.0,0.0
2024-11-13 00:00:00-05:00,20.3379111227812,20.464811239001634,20.261770730324432,20.27022933959961,60700,0.0,0.0
2024-11-14 00:00:00-05:00,20.3294508998835,20.414049901615442,20.177170114969968,20.27022933959961,50400,0.0,0.0
2024-11-15 00:00:00-05:00,20.17716981422246,20.3209903740946,19.906449140021373,19.91490936279297,47400,0.0,0.0
2024-11-18 00:00:00-05:00,19.923368846872076,20.278690150770476,19.923368846872076,20.211009979248047,39300,0.0,0.0
2024-11-19 00:00:00-05:00,20.177169635070786,20.405590807008252,20.05872813094257,20.261770248413086,78600,0.0,0.0
2024-11-20 00:00:00-05:00,20.329450709366597,20.456350824397788,20.084109088500114,20.20254898071289,39400,0.0,0.0
2024-11-21 00:00:00-05:00,20.34636843467806,20.422508822279763,20.151788161305895,20.36328887939453,71500,0.0,0.0
2024-11-22 00:00:00-05:00,20.405590539596428,20.473270706658834,20.304069482191583,20.41404914855957,61600,0.0,0.0
2024-11-25 00:00:00-05:00,20.430969849440842,20.634010353169277,20.430969849440842,20.524030685424805,80300,0.0,0.0
2024-11-26 00:00:00-05:00,20.566331506654866,20.600172399595138,20.490191111161838,20.583251953125,56500,0.0,0.0
2024-11-27 00:00:00-05:00,20.625548766410713,20.735530040504077,20.49864866167577,20.57478904724121,40400,0.0,0.0
2024-11-29 00:00:00-05:00,20.642468318494032,20.811669526575894,20.57478815798575,20.80320930480957,43000,0.0,0.0
2024-12-02 00:00:00-05:00,20.735531818598794,20.862431934215564,20.540951533744913,20.81167221069336,65400,0.0,0.0
2024-12-03 00:00:00-05:00,20.76091357051064,20.947033642219125,20.676312951144016,20.913192749023438,71900,0.0,0.0
2024-12-04 00:00:00-05:00,20.980872227320045,21.124692791396026,20.896273224376273,21.099313735961914,52800,0.0,0.0
2024-12-05 00:00:00-05:00,21.200832763219,21.217753208920197,20.980871809971024,21.073932647705078,58500,0.0,0.0
2024-12-06 00:00:00-05:00,21.12469352121339,21.226214587324844,21.12469352121339,21.217754364013672,65500,0.0,0.0
2024-12-09 00:00:00-05:00,21.26851576909011,21.522317647591308,21.183916756545777,21.412336349487305,74300,0.0,0.0
2024-12-10 00:00:00-05:00,21.463097137696195,21.52231709039316,20.989334288875117,21.05701446533203,65000,0.0,0.0
2024-12-11 00:00:00-05:00,21.150070770054704,21.44617208355994,21.057009942307314,21.090850830078125,49100,0.0,0.0
2024-12-12 00:00:00-05:00,21.21171573333444,21.384379932871056,21.013153056520824,21.056318283081055,45400,0.5,0.0
2024-12-13 00:00:00-05:00,21.099487995119866,21.2980506986491,20.995889132129616,21.13401985168457,52800,0.0,0.0
2024-12-16 00:00:00-05:00,21.168550748612976,21.384380177175554,21.082218647858372,21.099485397338867,55800,0.0,0.0
2024-12-17 00:00:00-05:00,21.030420062822543,21.090852039404563,20.926821212504898,20.987253189086914,50000,0.0,0.0
2024-12-18 00:00:00-05:00,20.92682258812999,21.185818907625308,20.434731721731257,20.4433650970459,60900,0.0,0.0
2024-12-19 00:00:00-05:00,20.58149464698798,20.926821406840556,20.262066364969424,20.279333114624023,87100,0.0,0.0
2024-12-20 00:00:00-05:00,20.193003510347197,20.736894665197056,20.08940629290309,20.581497192382812,75300,0.0,0.0
2024-12-23 00:00:00-05:00,20.641926452328665,21.04768518594733,20.46926225051552,20.944087982177734,98500,0.0,0.0
2024-12-24 00:00:00-05:00,20.883654992267598,21.367112428580153,20.676458948133646,21.220348358154297,39000,0.0,0.0
2024-12-26 00:00:00-05:00,21.220349809261503,21.3671138897235,21.004520376031973,21.1599178314209,49300,0.0,0.0
2024-12-27 00:00:00-05:00,21.159917594015663,21.332580150673348,20.944088163207645,21.18581771850586,83000,0.0,0.0
2024-12-30 00:00:00-05:00,21.12538238454413,21.626106557617973,20.952719841863903,21.358478546142578,173000,0.0,0.0
2024-12-31 00:00:00-05:00,21.410281234476347,21.410281234476347,20.961357220427644,21.289417266845703,47100,0.0,0.0
2025-01-02 00:00:00-05:00,21.384377575264626,21.453442918135316,20.60739205630743,20.641923904418945,176100,0.0,0.0
2025-01-03 00:00:00-05:00,20.650560316956717,21.10811930996226,20.650560316956717,20.849123001098633,51800,0.0,0.0
2025-01-06 00:00:00-05:00,20.96135495122569,21.151284257891067,20.96135495122569,21.030420303344727,59400,0.0,0.0
2025-01-07 00:00:00-05:00,21.04768520304359,21.073585327330957,20.676459968145167,20.83185577392578,64400,0.0,0.0
2025-01-08 00:00:00-05:00,20.857754232688823,20.944086326771767,20.719623540815206,20.87502098083496,38500,0.0,0.0
2025-01-10 00:00:00-05:00,20.633293450454588,20.892289757854844,20.339765290056373,20.408830642700195,69300,0.0,0.0
2025-01-13 00:00:00-05:00,20.253434842475198,20.771425852952277,20.210269611038786,20.43473243713379,72400,0.0,0.0
2025-01-14 00:00:00-05:00,20.590128898729166,20.892290443961894,20.30523410388641,20.55559539794922,44400,0.0,0.0
2025-01-15 00:00:00-05:00,20.84048976008794,21.263515255971445,20.797324531657182,21.24625015258789,102900,0.0,0.0
2025-01-16 00:00:00-05:00,21.263516424796617,21.401648785993395,21.056320352973458,21.298049926757812,56200,0.0,0.0
2025-01-17 00:00:00-05:00,21.418913411042833,21.496612142068884,21.1944505932618,21.28078269958496,69300,0.0,0.0
2025-01-21 00:00:00-05:00,21.47071122612851,21.487976328115362,21.33257888369922,21.41891098022461,54800,0.0,0.0
2025-01-22 00:00:00-05:00,21.427546647733312,21.798773549868006,21.410279897250778,21.74697494506836,84900,0.0,0.0
2025-01-23 00:00:00-05:00,21.74697494506836,21.833307050833074,21.608844234504005,21.74697494506836,41200,0.0,0.0
2025-01-24 00:00:00-05:00,21.80740504503921,21.885103768864056,21.496610149739823,21.591575622558594,52600,0.0,0.0
2025-01-27 00:00:00-05:00,21.28078315195057,21.582944707180697,21.28078315195057,21.341215133666992,40700,0.0,0.0
2025-01-28 00:00:00-05:00,21.358482545992654,21.565678623999645,21.27215043516106,21.487979888916016,51000,0.0,0.0
2025-01-29 00:00:00-05:00,21.427549390356756,21.487981378132673,21.24625342702901,21.384384155273438,49000,0.0,0.0
2025-01-30 00:00:00-05:00,21.43617840989526,21.686541333108238,21.29804770972528,21.565675735473633,39300,0.0,0.0
2025-01-31 00:00:00-05:00,21.52251195908666,21.79014000286451,21.375747874437916,21.505245208740234,75400,0.0,0.0
2025-02-03 00:00:00-05:00,21.194448235144634,21.393012551589816,21.151283010109648,21.220348358154297,55700,0.0,0.0
2025-02-04 00:00:00-05:00,21.21171992164382,21.574313494947482,21.168554686560498,21.384384155273438,50900,0.0,0.0
2025-02-05 00:00:00-05:00,21.45344636677465,21.557043574410095,21.23761692977822,21.531145095825195,28600,0.0,0.0
2025-02-06 00:00:00-05:00,21.591577982553023,21.703808569984886,21.41028039159632,21.652009963989258,49800,0.0,0.0
2025-02-07 00:00:00-05:00,21.738340435985823,21.738340435985823,21.375746928004766,21.539777755737305,44500,0.0,0.0
2025-02-10 00:00:00-05:00,21.63474084839559,21.71243957222044,21.4361781749089,21.591575622558594,31600,0.0,0.0
2025-02-11 00:00:00-05:00,21.58294224806163,21.643374222892554,21.453444923902826,21.591575622558594,34900,0.0,0.0
2025-02-12 00:00:00-05:00,21.487979914149296,21.66064413601524,21.384382698348173,21.444814682006836,29300,0.0,0.0
2025-02-13 00:00:00-05:00,21.55704379084218,21.66064264616568,21.36711447717169,21.617477416992188,46300,0.0,0.0
2025-02-14 00:00:00-05:00,21.643375614024688,21.738341092947383,21.591577010361362,21.729707717895508,34400,0.0,0.0
2025-02-18 00:00:00-05:00,21.72107412476738,21.74697424966297,21.47934456568559,21.643375396728516,44200,0.0,0.0
2025-02-19 00:00:00-05:00,21.574309567555478,21.746973769753264,21.48797746645658,21.626108169555664,28900,0.0,0.0
2025-02-20 00:00:00-05:00,21.58294274177617,21.755606942369518,21.367113314358406,21.496610641479492,32500,0.0,0.0
2025-02-21 00:00:00-05:00,21.582944974229118,21.746975817094707,21.090854092280377,21.27215003967285,69300,0.0,0.0
2025-02-24 00:00:00-05:00,21.367114151886472,21.513878234149185,20.780057822835623,21.090852737426758,104500,0.0,0.0
2025-02-25 00:00:00-05:00,21.151286498718157,21.194451730872647,20.728260966341562,20.805959701538086,88300,0.0,0.0
2025-02-26 00:00:00-05:00,20.805956140461703,21.177183001385384,20.719624044280977,20.73689079284668,61900,0.0,0.0
2025-02-27 00:00:00-05:00,20.78005821307502,20.935455673288878,20.50379679342725,20.55559539794922,43700,0.0,0.0
2025-02-28 00:00:00-05:00,20.572863998214633,20.89229232255976,20.503798637092455,20.710994720458984,47500,0.0,0.0
2025-03-03 00:00:00-05:00,20.900921000591634,20.909554375302545,20.374298316408854,20.460630416870117,77400,0.0,0.0
2025-03-04 00:00:00-05:00,20.287967895443675,20.659194805504836,20.115303680227512,20.374300003051758,79300,0.0,0.0
2025-03-05 00:00:00-05:00,20.503796360385987,20.54696158880132,20.106670989691615,20.451997756958008,70900,0.0,0.0
2025-03-06 00:00:00-05:00,20.244803055365267,20.28796828667771,19.908107993865702,19.951274871826172,62100,0.0,0.0
2025-03-07 00:00:00-05:00,19.968538026949624,20.451997133021422,19.899472675603345,20.0376033782959,60200,0.0,0.0
2025-03-10 00:00:00-04:00,19.839041158246385,19.94264001098787,19.087955650800264,19.260618209838867,110900,0.0,0.0
2025-03-11 00:00:00-04:00,19.234719712339377,19.675011954415066,19.096589006587934,19.37285041809082,113500,0.0,0.0
2025-03-12 00:00:00-04:00,19.54551269606092,19.6491115472096,19.338316640411442,19.48508071899414,50400,0.0,0.0
2025-03-13 00:00:00-04:00,19.529224787009657,19.58219689428965,19.167243949396433,19.290847778320312,74700,0.5,0.0
2025-03-14 00:00:00-04:00,19.35265102737879,19.59985702907663,19.35265102737879,19.582199096679688,50500,0.0,0.0
2025-03-17 00:00:00-04:00,19.591028494107004,19.855890750078697,19.493911547739245,19.758773803710938,52400,0.0,0.0
2025-03-18 00:00:00-04:00,19.74111635940458,19.99714963347871,19.343821315553107,19.538053512573242,65900,0.0,0.0
2025-03-19 00:00:00-04:00,19.467424648560815,20.005979810850164,19.45859736612116,19.758773803710938,55700,0.0,0.0
2025-03-20 00:00:00-04:00,19.688143756521608,20.041295676421406,19.679316474081954,19.758773803710938,45500,0.0,0.0
2025-03-21 00:00:00-04:00,19.617515676368953,19.802920621302103,19.617515676368953,19.749948501586914,24300,0.0,0.0
2025-03-24 00:00:00-04:00,19.953006124879305,20.085437242434423,19.86471815185822,20.04129409790039,72400,0.0,0.0
2025-03-25 00:00:00-04:00,20.13841086915536,20.182555700966667,19.988321808903216,20.156068801879883,55500,0.0,0.0
2025-03-26 00:00:00-04:00,20.085437652745206,20.12075351625629,19.776430582835438,19.80291748046875,76900,0.0,0.0
2025-03-27 00:00:00-04:00,19.741115486233234,19.953005605597532,19.67048544644513,19.873546600341797,108100,0.0,0.0
2025-03-28 00:00:00-04:00,19.89120454783621,19.935347691258155,19.440937412329866,19.599855422973633,171000,0.0,0.0
2025-03-31 00:00:00-04:00,19.41445135846525,19.58219834186399,19.237877093161416,19.538053512573242,100900,0.0,0.0
2025-04-01 00:00:00-04:00,19.42328107301344,19.644000176115867,19.308507880339555,19.582199096679688,74700,0.0,0.0
2025-04-02 00:00:00-04:00,19.4497655473065,19.7146277644346,19.352648615181508,19.688140869140625,80600,0.0,0.0
2025-04-03 00:00:00-04:00,19.20256252946609,19.299679476526105,18.743466377486417,18.937700271606445,125300,0.0,0.0
2025-04-04 00:00:00-04:00,18.45211650084635,18.7081514662211,17.657528074293754,17.666357040405273,185400,0.0,0.0
2025-04-07 00:00:00-04:00,16.45681517440275,17.516267503344555,16.368528883618477,17.224918365478516,220600,0.0,0.0
2025-04-08 00:00:00-04:00,17.79879177101224,18.284373217874844,17.154292269844508,17.23375129699707,131600,0.0,0.0
2025-04-09 00:00:00-04:00,17.304376932584773,18.955354777026958,17.110143056330624,18.82292366027832,164500,0.0,0.0
2025-04-10 00:00:00-04:00,18.52274546887773,18.858239425797517,17.869417170187575,18.143108367919922,85100,0.0,0.0
2025-04-11 00:00:00-04:00,18.160766874415092,18.54040398739909,18.001848856519185,18.452116012573242,57500,0.0,0.0
2025-04-14 00:00:00-04:00,18.769954597861613,18.769954597861613,18.35500324895686,18.48743438720703,108200,0.0,0.0
2025-04-15 00:00:00-04:00,18.54040449899134,18.884725757964755,18.434458589486308,18.619863510131836,58000,0.0,0.0
2025-04-16 00:00:00-04:00,18.513916182624946,18.61103311857017,18.1519370191329,18.249053955078125,39800,0.0,0.0
2025-04-17 00:00:00-04:00,18.293196864491435,18.487430733898798,18.293196864491435,18.372655868530273,47800,0.0,0.0
2025-04-21 00:00:00-04:00,18.26671136653371,18.26671136653371,17.75464317293892,17.807615280151367,84200,0.0,0.0
2025-04-22 00:00:00-04:00,18.010676482820408,18.452114640163817,18.010676482820408,18.34617042541504,99100,0.0,0.0
2025-04-23 00:00:00-04:00,18.805266198766162,18.946526284687266,18.646349865069705,18.725807189941406,64100,0.0,0.0
2025-04-24 00:00:00-04:00,18.76995176393907,19.114273008193912,18.76995176393907,18.973012924194336,58600,0.0,0.0
2025-04-25 00:00:00-04:00,19.061303536526722,19.229050540981483,18.893556532071962,19.167247772216797,39000,0.0,0.0
2025-04-28 00:00:00-04:00,19.176074981689453,19.24670502699399,18.955355879618637,19.176074981689453,30500,0.0,0.0
2025-04-29 00:00:00-04:00,19.176074193818128,19.37913703918457,19.16724522802367,19.37913703918457,33700,0.0,0.0
2025-04-30 00:00:00-04:00,19.176075110020275,19.308507919311523,18.955356006472353,19.308507919311523,56800,0.0,0.0
2025-05-01 00:00:00-04:00,19.502737732020076,19.63516884111431,19.35264869265917,19.555709838867188,66500,0.0,0.0
2025-05-02 00:00:00-04:00,19.749947374559074,19.749947374559074,19.591029340528817,19.670488357543945,56200,0.0,0.0
2025-05-05 00:00:00-04:00,19.58219947509302,19.696972669984827,19.449768347463046,19.61751365661621,47300,0.0,0.0
2025-05-06 00:00:00-04:00,19.476252886364932,19.60868400939665,19.35265072939574,19.56454086303711,48400,0.0,0.0
2025-05-07 00:00:00-04:00,19.59985627358029,19.68814256425568,19.511568298951847,19.538053512573242,73000,0.0,0.0
2025-05-08 00:00:00-04:00,19.652826995332457,19.86471710908838,19.608682169162723,19.705799102783203,46200,0.0,0.0
2025-05-09 00:00:00-04:00,19.741118407784814,19.80291949125142,19.511570323513684,19.670488357543945,21000,0.0,0.0
2025-05-12 00:00:00-04:00,20.29732758340722,20.306156549198626,19.979491550728703,20.191383361816406,69200,0.0,0.0
2025-05-13 00:00:00-04:00,20.217869015034932,20.429759146778824,20.13841000513684,20.367958068847656,39800,0.0,0.0
2025-05-14 00:00:00-04:00,20.412102428457377,20.47390350496461,20.341472386170107,20.46507453918457,44200,0.0,0.0
2025-05-15 00:00:00-04:00,20.44741583989791,20.65047699335547,20.244354686440353,20.544532775878906,25500,0.0,0.0
2025-05-16 00:00:00-04:00,20.544534833715936,20.632822813091725,20.43858892167436,20.553363800048828,32300,0.0,0.0
2025-05-19 00:00:00-04:00,20.270841334554557,20.56219216313303,20.25318508635991,20.518047332763672,43400,0.0,0.0
2025-05-20 00:00:00-04:00,20.500388718351687,20.641648802926227,20.35029966799711,20.46507453918457,41600,0.0,0.0
2025-05-21 00:00:00-04:00,20.45624859647011,20.606337669005153,20.164899418484826,20.279672622680664,49900,0.0,0.0
2025-05-22 00:00:00-04:00,20.26201316509823,20.385615316813325,20.12075308200869,20.314985275268555,42500,0.0,0.0
2025-05-23 00:00:00-04:00,20.138410921943635,20.350301063333884,20.094267773969765,20.29732894897461,37500,0.0,0.0
2025-05-27 00:00:00-04:00,20.5268756156918,20.59750565797907,20.42092971028438,20.46507453918457,54000,0.0,0.0
2025-05-28 00:00:00-04:00,20.37678939265001,20.473906345752532,20.306159340562708,20.394447326660156,32000,0.0,0.0
2025-05-29 00:00:00-04:00,20.48273231950783,20.632821368754204,20.429758525218734,20.45624542236328,51000,0.0,0.0
2025-05-30 00:00:00-04:00,20.45624542236328,20.58867654017996,20.288498441687207,20.45624542236328,97300,0.0,0.0
2025-06-02 00:00:00-04:00,20.32381567381047,20.588677927288227,20.21786976204748,20.4121036529541,42700,0.0,0.0
2025-06-03 00:00:00-04:00,20.412102190949618,20.615163349668645,20.412102190949618,20.58867645263672,33300,0.0,0.0
2025-06-04 00:00:00-04:00,20.615163652086125,20.79173791636351,20.456245635469347,20.606334686279297,78500,0.0,0.0
2025-06-05 00:00:00-04:00,20.64164931879077,20.72993729484456,20.49156026468525,20.632822036743164,54700,0.0,0.0
2025-06-06 00:00:00-04:00,20.70344963332911,20.80056487994999,20.694620668372146,20.7387638092041,39800,0.0,0.0
2025-06-09 00:00:00-04:00,20.782910306902046,20.941826637060732,20.74759444423144,20.862367630004883,62000,0.0,0.0
2025-06-10 00:00:00-04:00,20.93299965852644,21.021287639630966,20.7740833132821,20.85354232788086,54600,0.0,0.0
2025-06-11 00:00:00-04:00,20.85354134542463,20.92417139019008,20.738766470210088,20.78291130065918,57000,0.0,0.0
2025-06-12 00:00:00-04:00,20.809970434823548,20.95429605850222,20.62054369893172,20.909194946289062,42200,0.5,0.0
2025-06-13 00:00:00-04:00,20.719766029666644,20.82801110526985,20.5574009970075,20.611522674560547,47600,0.0,0.0
2025-06-16 00:00:00-04:00,20.70172678500076,20.900174084632532,20.63858282009794,20.81899070739746,35400,0.0,0.0
2025-06-17 00:00:00-04:00,20.728785217655417,20.92723422298265,20.51229680134143,20.674663543701172,58800,0.0,0.0
2025-06-18 00:00:00-04:00,20.76486963496104,20.828011881208116,20.593482309078134,20.64760398864746,93800,0.0,0.0
2025-06-20 00:00:00-04:00,20.71074642086047,20.764869821412955,20.539360813935833,20.575441360473633,42100,0.0,0.0
2025-06-23 00:00:00-04:00,20.61152166010549,20.87311118915127,20.60250109420777,20.809968948364258,111000,0.0,0.0
2025-06-24 00:00:00-04:00,20.873111786617546,21.04449910258592,20.873111786617546,20.99037742614746,42800,0.0,0.0
2025-06-25 00:00:00-04:00,21.05351877446034,21.080580471778617,20.999397100320785,21.07155990600586,62500,0.0,0.0
2025-06-26 00:00:00-04:00,21.053518954090727,21.279027938842773,21.053518954090727,21.279027938842773,91000,0.0,0.0
2025-06-27 00:00:00-04:00,21.39629322052525,21.612781653255183,21.17078422136943,21.49551773071289,158900,0.0,0.0
2025-06-30 00:00:00-04:00,21.504538827808382,21.69396556593515,21.441396581766124,21.55866050720215,65200,0.0,0.0
2025-07-01 00:00:00-04:00,21.46845531789317,21.558659258656835,21.251966892358613,21.50453758239746,84200,0.0,0.0
2025-07-02 00:00:00-04:00,21.468456508299386,21.585722153943546,21.30609147051828,21.513559341430664,55300,0.0,0.0
2025-07-03 00:00:00-04:00,21.567679997058512,21.712005615234375,21.558659430860384,21.712005615234375,47200,0.0,0.0
2025-07-07 00:00:00-04:00,21.603763045694667,21.630823024773775,21.39629345660435,21.468456268310547,62800,0.0,0.0
2025-07-08 00:00:00-04:00,21.522578235380493,21.630821585488853,21.3872714669995,21.486495971679688,51300,0.0,0.0
2025-07-09 00:00:00-04:00,21.621801084381083,21.6669039141423,21.522578299900477,21.603761672973633,51800,0.0,0.0
2025-07-10 00:00:00-04:00,21.675927162683656,21.693966576323646,21.504539829374394,21.63984489440918,36900,0.0,0.0
2025-07-11 00:00:00-04:00,21.540617646733867,21.62180101956365,21.378252621571328,21.486495971679688,64300,0.0,0.0
2025-07-14 00:00:00-04:00,21.4594372394416,21.612781707575724,21.4594372394416,21.540618896484375,50200,0.0,0.0
2025-07-15 00:00:00-04:00,21.69396407179848,21.69396407179848,21.47747564863653,21.531599044799805,80300,0.0,0.0
2025-07-16 00:00:00-04:00,21.5315978512938,21.65788232768067,21.414332219937176,21.5225772857666,55500,0.0,0.0
2025-07-17 00:00:00-04:00,21.603762919439255,21.693965143171987,21.567680653548454,21.65788459777832,50800,0.0,0.0
2025-07-18 00:00:00-04:00,21.648862782237813,21.739066721263214,21.576699975116902,21.603761672973633,44800,0.0,0.0
2025-07-21 00:00:00-04:00,21.639842150735628,21.79318833046519,21.639842150735628,21.76612663269043,37300,0.0,0.0
2025-07-22 00:00:00-04:00,21.784168849301597,21.793189415675702,21.585721550562617,21.684946060180664,57600,0.0,0.0
2025-07-23 00:00:00-04:00,21.766128725706682,21.784169859291342,21.585722551351658,21.693965911865234,79100,0.0,0.0
2025-07-24 00:00:00-04:00,21.712007045449894,21.757109879411544,21.594743118143988,21.693965911865234,46400,0.0,0.0
2025-07-25 00:00:00-04:00,21.74808680945754,22.02771746584607,21.693963414933055,21.8653507232666,103200,0.0,0.0
2025-07-28 00:00:00-04:00,21.874371289020683,21.91045355203701,21.78416735197687,21.8653507232666,71600,0.0,0.0
2025-07-29 00:00:00-04:00,21.802209139784924,21.874371947492854,21.74808746412824,21.811229705810547,56400,0.0,0.0
2025-07-30 00:00:00-04:00,21.874372184143258,21.874372184143258,21.730046567165996,21.784168243408203,48900,0.0,0.0
2025-07-31 00:00:00-04:00,21.784168666752933,21.99163653012746,21.73004698945895,21.757108688354492,77000,0.0,0.0
2025-08-01 00:00:00-04:00,21.657885738393585,21.657885738393585,21.414335592295487,21.549640655517578,72400,0.0,0.0
2025-08-04 00:00:00-04:00,21.54964028418234,21.775149292499012,21.450417490461092,21.693965911865234,47800,0.0,0.0
2025-08-05 00:00:00-04:00,21.65788465157142,21.793189708003716,21.549639574127294,21.702985763549805,57700,0.0,0.0
2025-08-06 00:00:00-04:00,21.721026477732483,21.88339323051947,21.549639158624316,21.802209854125977,101300,0.0,0.0
2025-08-07 00:00:00-04:00,21.982618036952594,21.982618036952594,21.702985638704327,21.892414093017578,53100,0.0,0.0
2025-08-08 00:00:00-04:00,21.910455941546545,21.964577621476437,21.83829140764378,21.883394241333008,53700,0.0,0.0
2025-08-11 00:00:00-04:00,21.964577621476437,22.018699301406325,21.811231427927428,21.883394241333008,47200,0.0,0.0
2025-08-12 00:00:00-04:00,21.88339434732516,22.081841655027393,21.81123153357006,22.045761108398438,48500,0.0,0.0
2025-08-13 00:00:00-04:00,22.099880396275502,22.11792152788562,22.009676458721913,22.02771759033203,66600,0.0,0.0
2025-08-14 00:00:00-04:00,22.02772021287511,22.063800759893965,21.991637945359045,22.018699645996094,42600,0.0,0.0
2025-08-15 00:00:00-04:00,22.027719019743724,22.108902396760364,21.982617908288756,22.00967788696289,50100,0.0,0.0
2025-08-18 00:00:00-04:00,22.063800759893965,22.108903594289046,21.95555739834019,22.018699645996094,53800,0.0,0.0
2025-08-19 00:00:00-04:00,22.01869690009199,22.01869690009199,21.820249614993195,21.8653507232666,26600,0.0,0.0
2025-08-20 00:00:00-04:00,21.793189287804797,21.892413796840646,21.69396477876895,21.802209854125977,32700,0.0,0.0
2025-08-21 00:00:00-04:00,21.721026242344333,21.91045469204204,21.675925131724306,21.82927131652832,55800,0.0,0.0
2025-08-22 00:00:00-04:00,21.99163894622577,22.217147966972743,21.829273896505676,22.099884033203125,97600,0.0,0.0
2025-08-25 00:00:00-04:00,22.12694310997781,22.18106478679696,22.072819712661573,22.108901977539062,51900,0.0,0.0
2025-08-26 00:00:00-04:00,22.172046472962105,22.24420928955078,22.10890422350917,22.24420928955078,37500,0.0,0.0
2025-08-27 00:00:00-04:00,22.271270326903707,22.478738203348,22.099882997429322,22.298330307006836,35600,0.0,0.0
2025-08-28 00:00:00-04:00,22.361473083496094,22.45167530636285,22.325390817951696,22.361473083496094,35700,0.0,0.0
2025-08-29 00:00:00-04:00,22.343432717905216,22.397554397583008,22.253228771444107,22.397554397583008,37700,0.0,0.0
2025-09-02 00:00:00-04:00,22.190086180969498,22.262248992919922,22.12694393557502,22.262248992919922,36200,0.0,0.0
2025-09-03 00:00:00-04:00,22.298330069097574,22.433636850158415,22.27127008928316,22.32539176940918,42200,0.0,0.0
2025-09-04 00:00:00-04:00,22.370492566236255,22.51481819152832,22.35245315344762,22.51481819152832,29700,0.0,0.0
2025-09-05 00:00:00-04:00,22.595999836168755,22.595999836168755,22.370490848899617,22.44265365600586,36200,0.0,0.0
2025-09-08 00:00:00-04:00,22.514818430954307,22.677185191258808,22.46971731775736,22.559921264648438,56700,0.0,0.0
2025-09-09 00:00:00-04:00,22.57796435570308,22.659147742894174,22.550902653140273,22.605024337768555,32400,0.0,0.0
2025-09-10 00:00:00-04:00,22.677184767868276,22.821510392000516,22.6501247886542,22.65914535522461,43100,0.0,0.0
2025-09-11 00:00:00-04:00,22.803470007747293,22.911713360985868,22.713266066383763,22.902692794799805,58000,0.0,0.0
2025-09-12 00:00:00-04:00,22.911894758887478,23.031516077635718,22.847484089588786,22.948701858520508,35300,0.5,0.0
2025-09-15 00:00:00-04:00,22.994709283221074,23.0959270534963,22.93029861306743,22.967103958129883,56400,0.0,0.0
2025-09-16 00:00:00-04:00,22.911895986970958,23.049919107874675,22.77387286606724,22.83828353881836,45300,0.0,0.0
2025-09-17 00:00:00-04:00,22.902694176978816,22.902694176978816,22.635849710975876,22.79227638244629,66200,0.0,0.0
2025-09-18 00:00:00-04:00,22.829080313976,22.96710342611649,22.829080313976,22.856685638427734,66100,0.0,0.0
2025-09-19 00:00:00-04:00,22.89349242235403,23.105129746341845,22.85668707582954,23.0039119720459,53900,0.0,0.0
2025-09-22 00:00:00-04:00,23.013112293524074,23.215546074267447,23.013112293524074,23.187942504882812,48100,0.0,0.0
2025-09-23 00:00:00-04:00,23.197144449812896,23.197144449812896,23.00391242784741,23.022315979003906,59300,0.0,0.0
2025-09-24 00:00:00-04:00,23.031515812130728,23.178740698847434,22.810678482055664,22.810678482055664,46600,0.0,0.0
2025-09-25 00:00:00-04:00,22.810678982142132,22.8934914470591,22.64505054218993,22.709461212158203,58400,0.0,0.0
2025-09-26 00:00:00-04:00,22.681855687746356,22.994709014892578,22.681855687746356,22.994709014892578,120700,0.0,0.0
2025-09-29 00:00:00-04:00,23.086725960482894,23.151136632539327,23.003911737822,23.077524185180664,169800,0.0,0.0
2025-09-30 00:00:00-04:00,23.02231502024714,23.13273281246932,23.013113245052097,23.10512924194336,66200,0.0,0.0
2025-10-01 00:00:00-04:00,23.0039115050876,23.18794349915197,22.994709729878466,23.15113639831543,70800,0.0,0.0
2025-10-02 00:00:00-04:00,23.206345248833735,23.298361245684802,23.095927456659787,23.2707576751709,59900,0.0,0.0
2025-10-03 00:00:00-04:00,23.197144010837278,23.37197423339707,23.09592799151041,23.215547561645508,71100,0.0,0.0
2025-10-06 00:00:00-04:00,23.233951332866223,23.362772679627522,23.215547781883405,23.30756378173828,66100,0.0,0.0
2025-10-07 00:00:00-04:00,23.39957878384081,23.454787679375954,23.187943221740134,23.344369888305664,57800,0.0,0.0
2025-10-08 00:00:00-04:00,23.34437014687429,23.500796815172446,23.29836127086944,23.482393264770508,69500,0.0,0.0
2025-10-09 00:00:00-04:00,23.509996109349743,23.59281032854209,23.35356944588188,23.491594314575195,103100,0.0,0.0
2025-10-10 00:00:00-04:00,23.58360926667142,23.611214592256548,22.98550791946697,23.10512924194336,100300,0.0,0.0
2025-10-13 00:00:00-04:00,23.371972350977614,23.602011452375148,23.27995635940679,23.427181243896484,54600,0.0,0.0
2025-10-14 00:00:00-04:00,23.344369467978744,23.417981912386555,23.114330359821935,23.371973037719727,45400,0.0,0.0
2025-10-15 00:00:00-04:00,23.574409028124855,23.694028594433835,23.316764590228164,23.556005477905273,63200,0.0,0.0
2025-10-16 00:00:00-04:00,23.565205569229466,23.592809137527354,23.316762924194336,23.316762924194336,40500,0.0,0.0
2025-10-17 00:00:00-04:00,23.399580477685298,23.500798256042618,23.141936021439058,23.252355575561523,64600,0.0,0.0
2025-10-20 00:00:00-04:00,23.399578094482422,23.528399431955695,23.316763876089862,23.399578094482422,75000,0.0,0.0
2025-10-21 00:00:00-04:00,23.40877891365835,23.427180707503936,23.105127376968422,23.316762924194336,66700,0.0,0.0
2025-10-22 00:00:00-04:00,23.37197304321348,23.37197304321348,22.92109660172725,23.206344604492188,72500,0.0,0.0
2025-10-23 00:00:00-04:00,23.197142829556658,23.233949929298774,22.939500151598306,23.206344604492188,54000,0.0,0.0
2025-10-24 00:00:00-04:00,23.371972274625,23.500795364426935,23.270756263780903,23.335166931152344,74800,0.0,0.0
2025-10-27 00:00:00-04:00,23.55600574678705,23.592811092587183,23.473191524912796,23.528400421142578,61100,0.0,0.0
2025-10-28 00:00:00-04:00,23.60201027604626,23.758436927402613,23.574406708492123,23.749235153198242,70200,0.0,0.0
2025-10-29 00:00:00-04:00,23.804448860147936,23.878061308191945,23.675625759776523,23.712432861328125,84000,0.0,0.0
2025-10-30 00:00:00-04:00,23.7308349609375,23.91486519226427,23.629617192919365,23.7308349609375,47900,0.0,0.0
2025-10-31 00:00:00-04:00,23.878060838011077,23.924067958985457,23.776843065796434,23.859657287597656,29900,0.0,0.0
2025-11-03 00:00:00-05:00,23.924068686626374,23.924068686626374,23.767642013472987,23.85045623779297,43700,0.0,0.0
2025-11-04 00:00:00-05:00,23.767642028939303,23.84125447782061,23.611215355684124,23.68482780456543,38300,0.0,0.0
2025-11-05 00:00:00-05:00,23.6756250356006,23.786044581818764,23.574409019548025,23.721633911132812,55200,0.0,0.0
2025-11-06 00:00:00-05:00,23.776842860522095,23.78604463564936,23.436384201049805,23.436384201049805,76700,0.0,0.0
2025-11-07 00:00:00-05:00,23.45478962801183,23.48239495560244,23.178743372342897,23.390378952026367,36500,0.0,0.0
2025-11-10 00:00:00-05:00,23.46398781167152,23.758437573988935,23.399577145546964,23.648019790649414,47400,0.0,0.0
2025-11-11 00:00:00-05:00,23.684826810707044,23.749237481392996,23.519198368909368,23.721633911132812,68600,0.0,0.0
2025-11-12 00:00:00-05:00,23.721632537700867,23.758437880936537,23.602011223302075,23.66642189025879,50600,0.0,0.0
2025-11-13 00:00:00-05:00,23.629617433433687,23.657221003131166,23.20634456246155,23.325965881347656,35100,0.0,0.0
2025-11-14 00:00:00-05:00,23.13273330371164,23.362772423295276,23.031517284535095,23.169540405273438,49800,0.0,0.0
2025-11-17 00:00:00-05:00,23.178741472319185,23.252353918133977,22.80147746813598,22.847484588623047,60800,0.0,0.0
2025-11-18 00:00:00-05:00,22.838281823077157,22.902692490989384,22.46101783525491,22.71866226196289,78700,0.0,0.0
2025-11-19 00:00:00-05:00,22.6910574312493,22.957903638470032,22.6910574312493,22.78307342529297,60600,0.0,0.0
2025-11-20 00:00:00-05:00,23.031516790377665,23.279957700352526,22.543833235502635,22.562236785888672,67200,0.0,0.0
2025-11-21 00:00:00-05:00,22.645051989647637,22.921098237173254,22.589841336095123,22.691059112548828,81100,0.0,0.0
2025-11-24 00:00:00-05:00,22.847484126242488,22.994709014892578,22.746266357148382,22.994709014892578,41900,0.0,0.0
2025-11-25 00:00:00-05:00,23.086726216106296,23.279958234415115,22.93029954435473,23.215547561645508,40900,0.0,0.0
2025-11-26 00:00:00-05:00,23.325965156519416,23.454786491262297,23.30756160725356,23.335166931152344,40600,0.0,0.0
2025-11-28 00:00:00-05:00,23.463988341963514,23.638818550437822,23.335167006803008,23.592809677124023,20700,0.0,0.0
2025-12-01 00:00:00-05:00,23.565207522001877,23.565207522001877,23.37197375260889,23.528400421142578,54300,0.0,0.0
2025-12-02 00:00:00-05:00,23.546802482485372,23.648020248388324,23.482391815114063,23.500795364379883,57900,0.0,0.0
2025-12-03 00:00:00-05:00,23.39957858771816,23.57440880301646,23.39037681269624,23.4639892578125,58300,0.0,0.0
2025-12-04 00:00:00-05:00,23.48239208235482,23.64802051751401,23.252352979091295,23.473190307617188,130900,0.0,0.0
2025-12-05 00:00:00-05:00,23.57440860743287,23.65722107182488,23.546803282596123,23.583608627319336,57800,0.0,0.0
2025-12-08 00:00:00-05:00,23.58360931737236,23.666423539246615,23.40878085346819,23.528400421142578,54900,0.0,0.0
2025-12-09 00:00:00-05:00,23.53760101349405,23.60201168170175,23.399577902326257,23.519197463989258,40600,0.0,0.0
2025-12-10 00:00:00-05:00,23.519198635484415,23.694028854370117,23.463989739279146,23.694028854370117,56700,0.0,0.0
2025-12-11 00:00:00-05:00,23.72217993434309,23.72217993434309,23.47820160977906,23.637725830078125,61800,0.5,0.0
2025-12-12 00:00:00-05:00,23.609574243069968,23.684644360304976,23.374979902983966,23.43128204345703,39300,0.0,0.0
2025-12-15 00:00:00-05:00,23.525119384941256,23.572039325345266,23.22483892560648,23.262374877929688,65100,0.0,0.0
2025-12-16 00:00:00-05:00,23.2248396635011,23.4125158514545,23.06531544068454,23.196687698364258,71600,0.0,0.0
2025-12-17 00:00:00-05:00,23.21545567000894,23.22483965838582,22.952709364894602,22.962093353271484,75100,0.0,0.0
2025-12-18 00:00:00-05:00,23.121617393546934,23.525119941503966,23.121617393546934,23.299909591674805,49400,0.0,0.0
2025-12-19 00:00:00-05:00,23.37497833445768,23.506350583350304,23.37497833445768,23.450048446655273,44500,0.0,0.0
2025-12-22 00:00:00-05:00,23.600190592272643,23.740946840375106,23.59080660375744,23.68464469909668,65600,0.0,0.0
2025-12-23 00:00:00-05:00,23.684645055929252,23.900471425592183,23.55327279436274,23.825401306152344,75900,0.0,0.0
2025-12-24 00:00:00-05:00,23.87232229739363,23.909856463854826,23.778484196521276,23.891088485717773,21300,0.0,0.0
2025-12-26 00:00:00-05:00,23.94738993701701,23.975540111490783,23.87231982206575,23.966157913208008,51000,0.0,0.0
2025-12-29 00:00:00-05:00,24.000648286354263,24.038973553178366,23.837769557250432,23.952743530273438,86100,0.526,0.0
2025-12-30 00:00:00-05:00,24.058137604419837,24.096461046053168,23.914419672808958,24.010231018066406,149400,0.0,0.0
2025-12-31 00:00:00-05:00,24.000648280363873,24.10604093665455,23.856932184707965,23.876094818115234,66900,0.0,0.0
2026-01-02 00:00:00-05:00,23.97190637032003,24.240175930603986,23.789865006234976,23.923999786376953,42500,0.0,0.0
2026-01-05 00:00:00-05:00,24.038972649473244,24.15394479072476,23.971905262501654,24.067716598510742,70000,0.0,0.0
2026-01-06 00:00:00-05:00,24.010229910199477,24.326406055745647,24.000648593370887,24.2305965423584,68000,0.0,0.0
2026-01-07 00:00:00-05:00,24.30724447027843,24.470123196244124,24.259337887671304,24.316823959350586,74200,0.0,0.0
2026-01-08 00:00:00-05:00,24.278502426474027,24.422218530677977,24.173109763914738,24.393474578857422,126300,0.0,0.0
2026-01-09 00:00:00-05:00,24.431798733240505,24.633000904456217,24.374312659671634,24.53719139099121,99800,0.0,0.0
2026-01-12 00:00:00-05:00,24.364731347702104,24.661744859891485,24.221015250026557,24.613840103149414,60200,0.0,0.0
2026-01-13 00:00:00-05:00,24.575516034990482,24.661746063293386,24.498867323993395,24.54677391052246,32300,0.0,0.0
2026-01-14 00:00:00-05:00,24.470124906631,24.537192299519514,24.24017694894267,24.345569610595703,23100,0.0,0.0
2026-01-15 00:00:00-05:00,24.412637003484218,24.508448347946125,24.316825659022314,24.345569610595703,42100,0.0,0.0
2026-01-16 00:00:00-05:00,24.374311660636252,24.527609068836227,24.230595568879934,24.422216415405273,40700,0.0,0.0
2026-01-20 00:00:00-05:00,24.23059575064288,24.28808182228678,24.058135708261904,24.16352653503418,155300,0.0,0.0
2026-01-21 00:00:00-05:00,24.35514973616662,24.565933221710324,24.240175762947768,24.48928451538086,68100,0.0,0.0
2026-01-22 00:00:00-05:00,24.661746063293386,24.661746063293386,24.40305597838468,24.54677391052246,56000,0.0,0.0
2026-01-23 00:00:00-05:00,24.565933932355964,24.565933932355964,24.431799149261458,24.556352615356445,64700,0.0,0.0
2026-01-26 00:00:00-05:00,24.613839384495073,24.613839384495073,24.20185190972452,24.470123291015625,91200,0.0,0.0
2026-01-27 00:00:00-05:00,24.585096147723714,24.585096147723714,24.28808263559366,24.53719139099121,71500,0.0,0.0
2026-01-28 00:00:00-05:00,24.633000904456217,24.633000904456217,24.3551500259989,24.53719139099121,77600,0.0,0.0
2026-01-29 00:00:00-05:00,24.53719088606186,24.53719088606186,24.2593381858729,24.44137954711914,76000,0.0,0.0
2026-01-30 00:00:00-05:00,24.40305477289048,24.633000894522567,24.144366528210217,24.383893966674805,72900,0.0,0.0
2026-02-02 00:00:00-05:00,24.30724525946411,24.508447430598686,24.24017604163659,24.383893966674805,66900,0.0,0.0
2026-02-03 00:00:00-05:00,24.479701966792064,24.53718986423324,24.17310715690265,24.249755859375,57300,0.0,0.0
2026-02-04 00:00:00-05:00,24.335988080565016,24.46054337551097,23.99106980194793,24.22101593017578,30700,0.0,0.0
2026-02-05 00:00:00-05:00,24.058136186590417,24.19227096557617,23.837769557250432,23.952743530273438,65400,0.0,0.0
2026-02-06 00:00:00-05:00,24.000649010840817,24.374313063858082,23.943162936318686,24.326406478881836,29300,0.0,0.0
2026-02-09 00:00:00-05:00,24.374313566305077,24.585097062197516,24.374313566305077,24.49886703491211,35300,0.0,0.0
2026-02-10 00:00:00-05:00,24.431798230479938,24.565933008530173,24.173108163569378,24.44137954711914,55800,0.0,0.0
2026-02-11 00:00:00-05:00,24.53719087952201,24.53719087952201,24.307244762590344,24.364730834960938,41700,0.0,0.0
2026-02-12 00:00:00-05:00,24.46054287269407,24.623421605271798,24.163527530820406,24.201852798461914,55100,0.0,0.0
2026-02-13 00:00:00-05:00,24.163527526489005,24.537191576129366,24.048555378483776,24.12520408630371,37100,0.0,0.0
2026-02-17 00:00:00-05:00,24.134783719391077,24.355148510567943,24.058135016918726,24.249755859375,32800,0.0,0.0
2026-02-18 00:00:00-05:00,24.316823264910404,24.575513321253407,24.19226980858741,24.403053283691406,47100,0.0,0.0
2026-02-19 00:00:00-05:00,24.374313562169096,24.565934423643508,24.316825659022314,24.345569610595703,52600,0.0,0.0
2026-02-20 00:00:00-05:00,24.316824753765722,24.546772702893648,24.316824753765722,24.460542678833008,21900,0.0,0.0
2026-02-23 00:00:00-05:00,24.48928450364995,24.527609770520982,24.24017575133619,24.335987091064453,42900,0.0,0.0
2026-02-24 00:00:00-05:00,24.316823761974323,24.479702486617953,24.278500323648956,24.422216415405273,26900,0.0,0.0
2026-02-25 00:00:00-05:00,24.60425878631113,24.661744859891485,24.527610079054217,24.613840103149414,30500,0.0,0.0
2026-02-26 00:00:00-05:00,24.661745772290164,24.661745772290164,24.36473224911232,24.49886703491211,41300,0.0,0.0
2026-02-27 00:00:00-05:00,24.249757068053945,24.441379747510474,24.249757068053945,24.335987091064453,45300,0.0,0.0
2026-03-02 00:00:00-05:00,24.211433913660404,24.450961352076238,24.0964599391431,24.3072452545166,42400,0.0,0.0
2026-03-03 00:00:00-05:00,24.134784412936863,24.22101443412735,23.83776908330329,24.16352653503418,46500,0.0,0.0
2026-03-04 00:00:00-05:00,24.201851105623238,24.355148510567943,24.17310715690265,24.249755859375,35600,0.0,0.0
2026-03-05 00:00:00-05:00,24.201851372453923,24.240174810388016,23.933579997118326,24.067716598510742,46600,0.0,0.0
2026-03-06 00:00:00-05:00,23.809027623839278,23.87609501386527,23.40662145623399,23.694053649902344,57500,0.0,0.0
2026-03-09 00:00:00-04:00,23.502432785923926,23.55033754236377,23.052120034612383,23.540756225585938,71100,0.0,0.0
2026-03-10 00:00:00-04:00,23.598242309529784,23.895257647429645,23.569500186632542,23.694053649902344,55200,0.0,0.0
2026-03-11 00:00:00-04:00,23.780284180503767,24.000648988844446,23.694054155074916,23.866514205932617,79800,0.0,0.0
2026-03-12 00:00:00-04:00,23.569500373352398,23.761121228166235,23.291647666815738,23.358715057373047,47400,0.0,0.0
2026-03-13 00:00:00-04:00,23.454527186620734,23.636568558142745,23.13835102947693,23.349136352539062,54200,0.0,0.0
2026-03-16 00:00:00-04:00,23.583898989679977,23.81866175269571,23.534988914638,23.662153244018555,65800,0.5,0.0
2026-03-17 00:00:00-04:00,23.67193405937972,23.789314502074678,23.57411577998159,23.623023986816406,40600,0.0,0.0
2026-03-18 00:00:00-04:00,23.623024645214805,23.80887919467836,23.446952110536543,23.486080169677734,24200,0.0,0.0
2026-03-19 00:00:00-04:00,23.251318421660432,23.42739096398431,23.231754391240305,23.329572677612305,39400,0.0,0.0
2026-03-20 00:00:00-04:00,23.270880919816438,23.378479348585085,22.66440907682589,22.899171829223633,54900,0.0,0.0
2026-03-23 00:00:00-04:00,23.04589874078497,23.25131731899733,22.928518295288086,22.928518295288086,117100,0.0,0.0
2026-03-24 00:00:00-04:00,22.840482711791992,23.006773235995862,22.723100397053955,22.840482711791992,68400,0.0,0.0
2026-03-25 00:00:00-04:00,22.908954408635267,23.182845226049967,22.908954408635267,23.12415313720703,51800,0.0,0.0
2026-03-26 00:00:00-04:00,22.889390921257824,23.085027490578355,22.820918681714218,22.840482711791992,88400,0.0,0.0
2026-03-27 00:00:00-04:00,22.713317992577302,22.830700305302727,22.302482696631166,22.400300979614258,125100,0.0,0.0
2026-03-30 00:00:00-04:00,22.67419222486713,22.772010509688222,22.282920951311375,22.42964744567871,166800,0.0,0.0
2026-03-31 00:00:00-04:00,22.468772490865394,22.948080009670115,22.468772490865394,22.850263595581055,91400,0.0,0.0
2026-04-01 00:00:00-04:00,22.85026341806077,23.290442875227377,22.840481403582157,23.114370346069336,67400,0.0,0.0
2026-04-02 00:00:00-04:00,22.77201025809213,23.11437145259047,22.429647197865208,23.055681228637695,88200,0.0,0.0
2026-04-06 00:00:00-04:00,23.055680545947137,23.28066128587813,23.026336367703934,23.14371681213379,66600,0.0,0.0
2026-04-07 00:00:00-04:00,23.143716389505173,23.26109869752003,22.820917374624933,23.114370346069336,46200,0.0,0.0
2026-04-08 00:00:00-04:00,23.75997131328329,23.896915790703943,23.515426537472944,23.877351760864258,98400,0.0,0.0
2026-04-09 00:00:00-04:00,23.926259522765708,24.31753264933571,23.818661092114645,24.258840560913086,120400,0.0,0.0
2026-04-10 00:00:00-04:00,24.219715384894293,24.28818762520124,24.024078813392773,24.102333068847656,77100,0.0,0.0
2026-04-13 00:00:00-04:00,24.121896529632124,24.395787350122042,23.926259962749533,24.337095260620117,68500,0.0,0.0
2026-04-14 00:00:00-04:00,24.474041104081614,24.669675801241667,24.30775058534487,24.62076759338379,73900,0.0,0.0
2026-04-15 00:00:00-04:00,24.728368312797375,24.826184730187364,24.5620777912144,24.650114059448242,44500,0.0,0.0
2026-04-16 00:00:00-04:00,24.699022557794827,24.699022557794827,24.46425979499431,24.581640243530273,52700,0.0,0.0
2026-04-17 00:00:00-04:00,24.73815053435261,24.96313128139486,24.63055023545041,24.8946590423584,57700,0.0,0.0
2026-04-20 00:00:00-04:00,24.963130950927734,24.963130950927734,24.650113939059942,24.963130950927734,46000,0.0,0.0
2026-04-21 00:00:00-04:00,24.924002799369884,25.090293319525504,24.845748546692448,24.865312576293945,49100,0.0,0.0
2026-04-22 00:00:00-04:00,24.943566499534835,25.05116679519341,24.855530233219373,24.93378448486328,44500,0.0,0.0
2026-04-23 00:00:00-04:00,25.031603189057744,25.148983635643887,24.835966623776095,24.963130950927734,68600,0.0,0.0
2026-04-24 00:00:00-04:00,24.90443832731325,25.354401671510814,24.90443832731325,25.246801376342773,97700,0.0,0.0
2026-04-27 00:00:00-04:00,25.334837313912477,25.334837313912477,25.090292548593382,25.31527328491211,69200,0.0,0.0
2026-04-28 00:00:00-04:00,25.18811181253624,25.27614808075096,25.03160330587197,25.1098575592041,66600,0.0,0.0
2026-04-29 00:00:00-04:00,25.168548138716186,25.256584408175957,25.070729854235484,25.090293884277344,49300,0.0,0.0
2026-04-30 00:00:00-04:00,25.28592920202334,25.4130916595459,25.148982864235393,25.4130916595459,39700,0.0,0.0
2026-05-01 00:00:00-04:00,25.530474063326317,25.667418535895695,25.197893030747675,25.510910034179688,59400,0.0,0.0
2026-05-04 00:00:00-04:00,25.481564740807602,25.598947053415383,25.305494070488777,25.471784591674805,38500,0.0,0.0
2026-05-05 00:00:00-04:00,25.49134654437202,25.82392758398732,25.49134654437202,25.686983108520508,47600,0.0,0.0
2026-05-06 00:00:00-04:00,25.843492620248302,26.029347176856238,25.755456349524994,25.990219116210938,51000,0.0,0.0
2026-05-07 00:00:00-04:00,26.048907662684535,26.048907662684535,25.755454689671335,25.82392692565918,44300,0.0,0.0
2026-05-08 00:00:00-04:00,25.902181692727506,26.146726463691465,25.823927440648184,25.951091766357422,38500,0.0,0.0
2026-05-11 00:00:00-04:00,25.9510925908331,26.264109609095062,25.872838336267606,26.058691024780273,61000,0.0,0.0
2026-05-12 00:00:00-04:00,26.01956360681941,26.01956360681941,25.84349107589453,25.970653533935547,60800,0.0,0.0
2026-05-13 00:00:00-04:00,26.058691179710095,26.28367379543602,25.97065490958443,26.205419540405273,40500,0.0,0.0
2026-05-14 00:00:00-04:00,26.31301733805003,26.430399650619055,26.234763084913535,26.391271591186523,36900,0.0,0.0
2026-05-15 00:00:00-04:00,26.215199201836683,26.254327261488083,25.882618157714084,26.12716293334961,58700,0.0,0.0
2026-05-18 00:00:00-04:00,26.234763356480983,26.234763356480983,25.706547608773988,25.814146041870117,64600,0.0,0.0
2026-05-19 00:00:00-04:00,25.706547019283313,25.706547019283313,25.462002248092094,25.54025650024414,38500,0.0,0.0
2026-05-20 00:00:00-04:00,25.677201211054445,25.941310014143003,25.559818898883346,25.833709716796875,25000,0.0,0.0
2026-05-21 00:00:00-04:00,25.784802459556893,26.048909406659334,25.5989479024837,26.03912925720215,55500,0.0,0.0
2026-05-22 00:00:00-04:00,25.99021789194257,25.99021789194257,25.68698289913985,25.90218162536621,336400,0.0,0.0
2026-05-26 00:00:00-04:00,25.91196340623008,26.1662901889635,25.83370915506045,26.068471908569336,104900,0.0,0.0
2026-05-27 00:00:00-04:00,26.273890552306874,26.273890552306874,25.99999973963654,26.117382049560547,90200,0.0,0.0
2026-05-28 00:00:00-04:00,26.05869010667004,26.342362935555844,26.05869010667004,26.313016891479492,52500,0.0,0.0
2026-05-29 00:00:00-04:00,26.283673134179594,26.401053580908297,26.2347630599355,26.342363357543945,54800,0.0,0.0
2026-06-01 00:00:00-04:00,26.293452862095258,26.36192696494008,26.19563644663115,26.313016891479492,58800,0.0,0.0
2026-06-02 00:00:00-04:00,26.342363827049585,26.55756256037345,26.234763527523356,26.469526290893555,44400,0.0,0.0
2026-06-03 00:00:00-04:00,26.48908918928788,26.596689484217272,26.205418228649282,26.479307174682617,83800,0.0,0.0
2026-06-04 00:00:00-04:00,26.459744341599972,26.64559889604462,26.332581877440116,26.518436431884766,50300,0.0,0.0
2026-06-05 00:00:00-04:00,26.36192653048805,26.410834737414085,25.726108646078615,25.82392692565918,117900,0.0,0.0
2026-06-08 00:00:00-04:00,26.15650802588193,26.401052792615,25.84349102298016,25.87283706665039,61400,0.0,0.0
2026-06-09 00:00:00-04:00,25.99999975989313,26.14672624811606,25.383747763065408,25.706546783447266,82400,0.0,0.0
2026-06-10 00:00:00-04:00,25.75545555974005,25.960874140371523,25.422874517367994,25.471784591674805,70100,0.0,0.0
2026-06-11 00:00:00-04:00,25.510911106336327,25.911964392054873,25.5011290913519,25.863056182861328,60800,0.0,0.0
2026-06-12 00:00:00-04:00,25.823927466215064,26.16629051904927,25.794583287736604,26.0,54400,0.0,0.0
2026-06-15 00:00:00-04:00,26.40999984741211,26.579999923706055,26.209999084472656,26.469999313354492,43600,0.58,0.0
2026-06-16 00:00:00-04:00,26.5,26.790000915527344,26.469999313354492,26.5,54500,0.0,0.0
2026-06-17 00:00:00-04:00,26.520000457763672,26.610000610351562,25.950000762939453,25.950000762939453,45000,0.0,0.0
2026-06-18 00:00:00-04:00,26.260000228881836,26.670000076293945,26.0,26.0,78300,0.0,0.0
2026-06-22 00:00:00-04:00,26.1299991607666,26.780000686645508,26.100000381469727,26.440000534057617,68200,0.0,0.0
2026-06-23 00:00:00-04:00,26.079999923706055,26.350000381469727,26.079999923706055,26.209999084472656,118200,0.0,0.0
2026-06-24 00:00:00-04:00,26.229999542236328,26.440000534057617,26.09000015258789,26.18000030517578,74200,0.0,0.0
2026-06-25 00:00:00-04:00,26.260000228881836,26.600000381469727,26.15999984741211,26.200000762939453,68200,0.0,0.0
2026-06-26 00:00:00-04:00,26.079999923706055,26.40999984741211,25.920000076293945,26.25,95900,0.0,0.0
2026-06-29 00:00:00-04:00,26.489999771118164,26.6200008392334,26.299999237060547,26.59000015258789,146600,0.0,0.0
2026-06-30 00:00:00-04:00,26.59000015258789,26.989999771118164,26.559999465942383,26.860000610351562,77700,0.0,0.0
2026-07-01 00:00:00-04:00,26.84000015258789,26.90999984741211,26.719999313354492,26.760000228881836,53700,0.0,0.0
2026-07-02 00:00:00-04:00,26.719999313354492,26.799999237060547,26.399999618530273,26.43000030517578,43400,0.0,0.0
