Date,Open,High,Low,Close,Volume,Dividends,Stock Splits
2000-02-11 00:00:00+09:00,118.17028045654297,124.07879121184031,112.26176970124561,118.17028045654297,79575,0.0,0.0
2000-02-14 00:00:00+09:00,124.07879121184031,124.07879121184031,112.26176970124561,118.17028045654297,62145,0.0,0.0
2000-02-15 00:00:00+09:00,109.30751440436516,129.98731994628906,109.30751440436516,129.98731994628906,79510,0.0,0.0
2000-02-16 00:00:00+09:00,144.7585906982422,144.7585906982422,129.98730609982613,144.7585906982422,115217,0.0,0.0
2000-02-17 00:00:00+09:00,147.7128617187773,147.7128617187773,129.98731994628906,129.98731994628906,204258,0.0,0.0
2000-02-18 00:00:00+09:00,132.9415613857445,144.7585906982422,127.03304264508353,144.7585906982422,212940,0.0,0.0
2000-02-21 00:00:00+09:00,147.7128448486328,156.57561063825625,132.94156036376953,147.7128448486328,40081,0.0,0.0
2000-02-22 00:00:00+09:00,141.80433654785156,141.80433654785156,129.98730714072656,141.80433654785156,39950,0.0,0.0
2000-02-23 00:00:00+09:00,132.94154895068087,138.85006713867188,127.03303076268985,138.85006713867188,32443,0.0,0.0
2000-02-24 00:00:00+09:00,132.94154285535993,141.80431564657982,127.03302493827229,135.8957977294922,23565,0.0,0.0
2000-02-25 00:00:00+09:00,132.94156964484162,138.85008875257387,124.0787950676556,127.03305053710938,52223,0.0,0.0
2000-02-28 00:00:00+09:00,129.98730714072656,141.80433654785156,118.17027773360154,141.80433654785156,190354,0.0,0.0
2000-02-29 00:00:00+09:00,141.80433269461295,144.7585879239124,127.0330402104677,132.94155883789062,70827,0.0,0.0
2000-03-01 00:00:00+09:00,132.94155883789062,132.94155883789062,132.94155883789062,132.94155883789062,0,0.0,0.0
2000-03-02 00:00:00+09:00,129.9873036085912,138.85007746531355,118.17027452256944,132.94155883789062,178212,0.0,0.0
2000-03-03 00:00:00+09:00,132.9415613857445,147.71284598416054,121.1245320732468,144.7585906982422,447097,0.0,0.0
2000-03-06 00:00:00+09:00,153.62135108864138,159.5298614501953,150.66709590786442,159.5298614501953,237812,0.0,0.0
2000-03-07 00:00:00+09:00,177.25543212890628,177.25543212890628,141.804348970655,177.25543212890625,289970,0.0,0.0
2000-03-08 00:00:00+09:00,171.34690202363686,197.93521553334935,159.52986472062673,189.0724334716797,735043,0.0,0.0
2000-03-09 00:00:00+09:00,171.34691833912046,197.93523438054604,171.34691833912046,183.1639404296875,603114,0.0,0.0
2000-03-10 00:00:00+09:00,177.25546326761284,203.84378439152007,177.25546326761284,197.93527221679688,706647,0.0,0.0
2000-03-13 00:00:00+09:00,206.7979832915536,221.5692596435547,203.8437280211534,221.5692596435547,254392,0.0,0.0
2000-03-14 00:00:00+09:00,248.1576080322266,248.1576080322266,248.1576080322266,248.15760803222656,14818,0.0,0.0
2000-03-15 00:00:00+09:00,277.70013427734375,277.70013427734375,218.61498507272753,277.70013427734375,1721411,0.0,0.0
2000-03-16 00:00:00+09:00,259.9746001903627,298.3799171332028,245.20330810546875,245.20330810546875,974813,0.0,0.0
2000-03-17 00:00:00+09:00,218.6150360107422,221.56929170867716,218.6150360107422,218.6150360107422,110452,0.0,0.0
2000-03-20 00:00:00+09:00,194.9809417724609,194.9809417724609,194.9809417724609,194.98094177246094,22782,0.0,0.0
2000-03-21 00:00:00+09:00,194.9809417724609,194.9809417724609,194.9809417724609,194.98094177246094,0,0.0,0.0
2000-03-22 00:00:00+09:00,194.9809417724609,194.9809417724609,194.9809417724609,194.98094177246094,0,0.0,0.0
2000-03-23 00:00:00+09:00,194.9809417724609,194.9809417724609,194.9809417724609,194.98094177246094,0,0.0,0.0
2000-03-24 00:00:00+09:00,194.9809417724609,194.9809417724609,194.9809417724609,194.98094177246094,0,0.0,0.0
2000-03-27 00:00:00+09:00,194.9809417724609,194.9809417724609,194.9809417724609,194.98094177246094,0,0.0,0.0
2000-03-28 00:00:00+09:00,194.9809417724609,194.9809417724609,194.9809417724609,194.98094177246094,0,0.0,0.0
2000-03-29 00:00:00+09:00,194.9809417724609,194.9809417724609,194.9809417724609,194.98094177246094,0,0.0,0.0
2000-03-30 00:00:00+09:00,194.9809417724609,194.9809417724609,194.9809417724609,194.98094177246094,0,0.0,0.0
2000-03-31 00:00:00+09:00,194.9809417724609,194.9809417724609,194.9809417724609,194.98094177246094,0,0.0,0.0
2000-04-03 00:00:00+09:00,194.9809417724609,194.9809417724609,194.9809417724609,194.98094177246094,0,0.0,0.0
2000-04-04 00:00:00+09:00,194.9809417724609,194.9809417724609,194.9809417724609,194.98094177246094,0,0.0,0.0
2000-04-05 00:00:00+09:00,194.9809417724609,194.9809417724609,194.9809417724609,194.98094177246094,0,0.0,0.0
2000-04-06 00:00:00+09:00,194.9809417724609,194.9809417724609,194.9809417724609,194.98094177246094,0,0.0,0.0
2000-04-07 00:00:00+09:00,194.9809417724609,194.9809417724609,194.9809417724609,194.98094177246094,0,0.0,0.0
2000-04-10 00:00:00+09:00,194.9809417724609,194.9809417724609,194.9809417724609,194.98094177246094,0,0.0,0.0
2000-04-11 00:00:00+09:00,194.9809417724609,194.9809417724609,194.9809417724609,194.98094177246094,0,0.0,0.0
2000-04-12 00:00:00+09:00,194.9809417724609,194.9809417724609,194.9809417724609,194.98094177246094,0,0.0,0.0
2000-04-13 00:00:00+09:00,194.9809417724609,194.9809417724609,194.9809417724609,194.98094177246094,0,0.0,0.0
2000-04-14 00:00:00+09:00,194.9809417724609,194.9809417724609,194.9809417724609,194.98094177246094,0,0.0,0.0
2000-04-17 00:00:00+09:00,194.9809417724609,194.9809417724609,194.9809417724609,194.98094177246094,0,0.0,0.0
2000-04-18 00:00:00+09:00,171.93362426757812,177.3918355990978,171.93362426757812,171.93362426757812,131929,0.0,0.0
2000-04-19 00:00:00+09:00,151.4653778076172,165.79316902425035,151.4653778076172,151.4653778076172,1671016,0.0,0.0
2000-04-20 00:00:00+09:00,136.455279318269,169.20454406738284,136.455279318269,169.2045440673828,282593,0.0,0.0
2000-04-21 00:00:00+09:00,188.99058532714844,188.99058532714844,188.99058532714844,188.99058532714844,36164,0.0,0.0
2000-04-24 00:00:00+09:00,211.50569304892002,211.50569304892002,166.47544176569966,203.31837463378906,859530,0.0,0.0
2000-04-25 00:00:00+09:00,179.43870544433594,190.35513057708937,179.43870544433594,179.43870544433594,422878,0.0,0.0
2000-04-26 00:00:00+09:00,158.28813171386722,179.43870540379882,158.28813171386722,158.2881317138672,186502,0.0,0.0
2000-04-27 00:00:00+09:00,140.54892988033416,170.56907681254793,139.8666534423828,139.8666534423828,841448,0.0,0.0
2000-04-28 00:00:00+09:00,137.1375666431737,147.3717158460449,123.49204254150389,123.4920425415039,559768,0.0,0.0
2000-05-01 00:00:00+09:00,123.49204254150389,123.49204254150389,123.49204254150389,123.4920425415039,0,0.0,0.0
2000-05-02 00:00:00+09:00,129.63253078811496,129.63253078811496,109.84651043734046,115.98699951171875,342976,0.0,0.0
2000-05-03 00:00:00+09:00,113.9401626084021,129.6325225830078,111.89333304649702,129.6325225830078,395722,0.0,0.0
2000-05-04 00:00:00+09:00,144.64257812500003,144.64257812500003,129.6325122097861,144.642578125,792880,0.0,0.0
2000-05-05 00:00:00+09:00,144.64257812500003,144.64257812500003,144.64257812500003,144.642578125,0,0.0,0.0
2000-05-08 00:00:00+09:00,143.27803764371473,143.27803764371473,127.58568572998045,127.58568572998047,759000,0.0,0.0
2000-05-09 00:00:00+09:00,127.58568572998045,127.58568572998045,127.58568572998045,127.58568572998047,0,0.0,0.0
2000-05-10 00:00:00+09:00,109.16422476533644,121.4451937205983,109.16422476533644,112.57560729980469,348982,0.0,0.0
2000-05-11 00:00:00+09:00,112.57560729980469,112.57560729980469,112.57560729980469,112.57560729980469,0,0.0,0.0
2000-05-12 00:00:00+09:00,112.57561985447266,121.44520726442116,105.07057744166453,115.30471801757812,660364,0.0,0.0
2000-05-15 00:00:00+09:00,115.30471801757812,115.30471801757812,115.30471801757812,115.30471801757812,0,0.0,0.0
2000-05-16 00:00:00+09:00,102.34147386973082,102.34147386973082,92.78960145037527,93.47187805175781,131863,0.0,0.0
2000-05-17 00:00:00+09:00,92.10730512807054,101.65917550229305,85.96681703035607,88.6959228515625,139827,0.0,0.0
2000-05-18 00:00:00+09:00,79.14406332070938,98.93008323529891,79.14406332070938,91.42504119873047,269472,0.0,0.0
2000-05-19 00:00:00+09:00,85.96683777718559,97.56554031648885,80.50862481751345,85.28456115722656,118612,0.0,0.0
2000-05-22 00:00:00+09:00,75.73268398918903,88.69593900008931,75.05040740966797,75.05040740966797,151056,0.0,0.0
2000-05-23 00:00:00+09:00,66.86309251738844,75.05040738448125,66.18081593809634,73.00358581542969,215290,0.0,0.0
2000-05-24 00:00:00+09:00,73.0035707308266,81.19087982177734,70.95674141588314,81.19087982177734,664607,0.0,0.0
2000-05-25 00:00:00+09:00,77.09723595479136,90.74276733398439,71.63902340311415,90.74276733398438,797515,0.0,0.0
2000-05-26 00:00:00+09:00,100.9769058227539,100.9769058227539,91.42503480758079,100.9769058227539,819710,0.0,0.0
2000-05-29 00:00:00+09:00,112.57560729980469,112.57560729980469,112.57560729980469,112.57560729980469,275869,0.0,0.0
2000-05-30 00:00:00+09:00,112.57560729980469,112.57560729980469,112.57560729980469,112.57560729980469,0,0.0,0.0
2000-05-31 00:00:00+09:00,112.57560760235373,135.09072422153014,110.52877807617189,110.52877807617188,2752757,0.0,0.0
2000-06-01 00:00:00+09:00,109.16422151173079,110.52877448484801,97.56552124023438,97.56552124023438,514726,0.0,0.0
2000-06-02 00:00:00+09:00,94.83642233287561,105.75284692804385,92.78959272128156,99.61235809326172,962019,0.0,0.0
2000-06-05 00:00:00+09:00,95.51868979599791,105.75283688174558,88.69592507216615,92.10730743408203,922459,0.0,0.0
2000-06-06 00:00:00+09:00,92.10730743408203,92.10730743408203,92.10730743408203,92.10730743408203,0,0.0,0.0
2000-06-07 00:00:00+09:00,95.51868979599791,95.51868979599791,85.28454271025026,92.10730743408203,695027,0.0,0.0
2000-06-08 00:00:00+09:00,92.78957629818863,93.47185271462858,83.91998288446919,85.96681213378906,361711,0.0,0.0
2000-06-09 00:00:00+09:00,91.42503784451004,96.20097351074219,86.6491021782779,96.20097351074219,170182,0.0,0.0
2000-06-12 00:00:00+09:00,105.75284484320647,105.75284484320647,92.10731436825749,96.20097351074219,281744,0.0,0.0
2000-06-13 00:00:00+09:00,91.42503096169885,98.93007215791381,87.33137212739979,92.10730743408203,164568,0.0,0.0
2000-06-14 00:00:00+09:00,97.5655348242631,97.5655348242631,88.69593926408922,94.1541519165039,171618,0.0,0.0
2000-06-15 00:00:00+09:00,89.37820930819608,96.88325115632043,86.64910318160541,90.06048583984375,138261,0.0,0.0
2000-06-16 00:00:00+09:00,85.96682864932033,92.10731757696098,79.82633972167969,79.82633972167969,356358,0.0,0.0
2000-06-19 00:00:00+09:00,78.46178861427029,89.37820434570312,78.46178861427029,89.37820434570312,171618,0.0,0.0
2000-06-20 00:00:00+09:00,95.51869278959744,95.51869278959744,83.23771590180881,89.37820434570312,124552,0.0,0.0
2000-06-21 00:00:00+09:00,83.23774252071755,92.10733977611766,81.87318909680984,88.01367950439453,96743,0.0,0.0
2000-06-22 00:00:00+09:00,83.23772507542822,90.74276733398439,83.23772507542822,90.74276733398438,93479,0.0,0.0
2000-06-23 00:00:00+09:00,91.42505297261997,94.83643615583902,81.8731800596066,86.64911651611328,130036,0.0,0.0
2000-06-26 00:00:00+09:00,82.5554658087637,88.01367950439453,82.5554658087637,88.01367950439453,84732,0.0,0.0
2000-06-27 00:00:00+09:00,85.28454057505446,88.6959228515625,83.91998766445124,88.6959228515625,46348,0.0,0.0
2000-06-28 00:00:00+09:00,88.69592905393812,98.9300765991211,83.91999353285273,98.9300765991211,553828,0.0,0.0
2000-06-29 00:00:00+09:00,98.93008468113348,101.65919091613436,92.10731909363123,96.88325500488281,161370,0.0,0.0
2000-06-30 00:00:00+09:00,108.4819564819336,108.4819564819336,98.93008466134141,108.4819564819336,970048,0.0,0.0
2000-07-03 00:00:00+09:00,121.4451931021823,121.4451931021823,112.57560672655389,116.66926574707031,1544962,0.0,0.0
2000-07-04 00:00:00+09:00,115.98697135302555,115.98697135302555,103.02371978759766,103.02371978759766,625766,0.0,0.0
2000-07-05 00:00:00+09:00,101.65919272923979,112.57561786393929,92.10732073637773,100.29463958740234,925985,0.0,0.0
2000-07-06 00:00:00+09:00,92.10731156899911,104.38828862321867,91.4250350659869,98.9300765991211,512049,0.0,0.0
2000-07-07 00:00:00+09:00,92.10732047190369,100.2946392994195,89.37821419606509,90.74276733398438,269472,0.0,0.0
2000-07-10 00:00:00+09:00,90.7427573332352,94.15413980206537,87.33137486440502,89.37820434570312,294409,0.0,0.0
2000-07-11 00:00:00+09:00,90.74275637464824,98.24779772679298,88.6959269149724,97.56552124023438,682885,0.0,0.0
2000-07-12 00:00:00+09:00,96.2009959193031,108.481976207425,95.51871923662965,103.70603942871094,808482,0.0,0.0
2000-07-13 00:00:00+09:00,100.29462139279896,115.3046950611853,98.2477920513613,107.11738586425781,1014830,0.0,0.0
2000-07-14 00:00:00+09:00,110.52877683792701,114.62243584442979,94.83641731299976,100.9769058227539,719115,0.0,0.0
2000-07-17 00:00:00+09:00,100.9769058227539,100.9769058227539,100.9769058227539,100.9769058227539,0,0.0,0.0
2000-07-18 00:00:00+09:00,92.78960145037527,103.02375047111335,89.37821844346257,93.47187805175781,416611,0.0,0.0
2000-07-19 00:00:00+09:00,92.78960145037527,103.02375047111335,89.37821844346257,93.47187805175781,416611,0.0,0.0
2000-07-20 00:00:00+09:00,83.23773333289422,88.01366978940091,79.82635014967516,86.64911651611328,282397,0.0,0.0
2000-07-21 00:00:00+09:00,86.64910159106253,88.69593114843364,81.87316595719659,84.6022720336914,210394,0.0,0.0
2000-07-24 00:00:00+09:00,81.87317344857085,94.1541519165039,79.14406712236351,94.1541519165039,278023,0.0,0.0
2000-07-25 00:00:00+09:00,94.83641094927697,94.83641094927697,84.60226411975286,88.6959228515625,234156,0.0,0.0
2000-07-26 00:00:00+09:00,85.28454855281512,91.42503722492846,79.82633639982548,84.6022720336914,375616,0.0,0.0
2000-07-27 00:00:00+09:00,86.64909917531503,86.64909917531503,81.87316367460055,83.23771667480469,301589,0.0,0.0
2000-07-28 00:00:00+09:00,81.87316367460055,85.28454617511089,80.50861067439642,83.23771667480469,241467,0.0,0.0
2000-07-31 00:00:00+09:00,80.50861838030252,92.78959655761719,80.50861838030252,92.78959655761719,1048775,0.0,0.0
2000-08-01 00:00:00+09:00,103.70603942871094,103.70603942871094,102.34148606336406,103.70603942871094,513029,0.0,0.0
2000-08-02 00:00:00+09:00,115.98699951171875,115.98699951171875,115.98699951171875,115.98699951171875,122855,0.0,0.0
2000-08-03 00:00:00+09:00,129.6325225830078,129.6325225830078,129.6325225830078,129.6325225830078,151643,0.0,0.0
2000-08-04 00:00:00+09:00,144.64257812500003,144.64257812500003,128.2679511088845,144.642578125,1891725,0.0,0.0
2000-08-07 00:00:00+09:00,145.3248672197006,147.3716967956865,127.58568572998045,127.58568572998047,1153417,0.0,0.0
2000-08-08 00:00:00+09:00,116.66927198226782,142.59576416015628,116.66927198226782,142.59576416015625,2026787,0.0,0.0
2000-08-09 00:00:00+09:00,146.00716483069553,159.65267944335938,146.00716483069553,159.65267944335938,158497,0.0,0.0
2000-08-10 00:00:00+09:00,178.75642695495853,178.75642695495853,141.2312159638741,143.27804565429688,3058329,0.0,0.0
2000-08-11 00:00:00+09:00,153.51222162449344,156.24132836760094,128.26799241957497,135.09075927734375,1015091,0.0,0.0
2000-08-14 00:00:00+09:00,142.59575616728554,142.59575616728554,120.76291628365678,122.80974578857422,1070382,0.0,0.0
2000-08-15 00:00:00+09:00,122.8097457885742,122.8097457885742,122.8097457885742,122.80974578857422,0,0.0,0.0
2000-08-16 00:00:00+09:00,122.80975786091139,133.72618296023452,115.98700034265904,125.53886413574219,918216,0.0,0.0
2000-08-17 00:00:00+09:00,122.80972540988348,140.54891967773438,119.39834346776263,140.54891967773438,1666446,0.0,0.0
2000-08-18 00:00:00+09:00,143.27805647225435,156.92358877202147,124.17432759023066,130.99708557128906,2116154,0.0,0.0
2000-08-21 00:00:00+09:00,126.90341715094442,146.68942945558825,122.8097577426406,139.18438720703125,2486353,0.0,0.0
2000-08-22 00:00:00+09:00,141.91351957992794,146.68943954719612,129.63254051013752,130.99708557128906,1423020,0.0,0.0
2000-08-23 00:00:00+09:00,129.6325183991219,136.4552752164439,124.8565747399961,126.90340423583984,598675,0.0,0.0
2000-08-24 00:00:00+09:00,126.90340544687278,129.63251963619865,111.89333050293547,114.6224365234375,783937,0.0,0.0
2000-08-25 00:00:00+09:00,109.16421970253874,122.1274727323108,109.16421970253874,113.94015502929688,924744,0.0,0.0
2000-08-28 00:00:00+09:00,122.12750903643835,122.12750903643835,109.16425215315503,113.25790405273438,752146,0.0,0.0
2000-08-29 00:00:00+09:00,109.16422448243344,118.71609555419055,109.16422448243344,114.6224365234375,681514,0.0,0.0
2000-08-30 00:00:00+09:00,111.89333022313448,121.4451931021823,111.89333022313448,116.66926574707031,611470,0.0,0.0
2000-08-31 00:00:00+09:00,120.08064887563485,120.08064887563485,111.21105428601739,112.57560729980469,375812,0.0,0.0
2000-09-01 00:00:00+09:00,110.52880550929012,117.35156412113963,110.52880550929012,113.25790405273438,388606,0.0,0.0
2000-09-04 00:00:00+09:00,111.21106356498008,121.4452038534527,111.21106356498008,115.98699951171875,618128,0.0,0.0
2000-09-05 00:00:00+09:00,118.0338217322123,129.6325225830078,114.62243912903715,129.6325225830078,1138534,0.0,0.0
2000-09-06 00:00:00+09:00,143.96032092283045,143.96032092283045,127.58567723622747,135.7729949951172,1387508,0.0,0.0
2000-09-07 00:00:00+09:00,135.77302158494936,137.1375666431737,120.0806676427053,123.4920425415039,612057,0.0,0.0
2000-09-08 00:00:00+09:00,119.39836987323997,120.76292295186526,109.16422995237457,111.2110595703125,710759,0.0,0.0
2000-09-11 00:00:00+09:00,111.2110595703125,111.2110595703125,111.2110595703125,111.2110595703125,0,0.0,0.0
2000-09-12 00:00:00+09:00,111.2110595703125,111.2110595703125,111.2110595703125,111.2110595703125,0,0.0,0.0
2000-09-13 00:00:00+09:00,111.2110595703125,111.2110595703125,111.2110595703125,111.2110595703125,0,0.0,0.0
2000-09-14 00:00:00+09:00,100.29462552427366,118.03381388080385,98.93007257377134,113.94015502929688,420463,0.0,0.0
2000-09-15 00:00:00+09:00,115.98700276938547,122.80976043038628,112.57561985447266,115.30471801757812,800844,0.0,0.0
2000-09-18 00:00:00+09:00,109.8465057320255,115.30470983995528,101.65918731689453,101.65918731689453,465048,0.0,0.0
2000-09-19 00:00:00+09:00,102.3414674748846,102.3414674748846,91.42504253488102,96.88325500488281,530915,0.0,0.0
2000-09-20 00:00:00+09:00,92.1072928303469,102.34143829345703,92.1072928303469,102.34143829345703,263988,0.0,0.0
2000-09-21 00:00:00+09:00,103.02372238317358,105.75282804465223,92.10729973725897,98.24778747558594,234678,0.0,0.0
2000-09-22 00:00:00+09:00,97.56554270241426,97.56554270241426,86.64911651611328,86.64911651611328,180105,0.0,0.0
2000-09-25 00:00:00+09:00,81.87317151111526,94.8364262538363,78.46179685290798,92.78959655761719,357534,0.0,0.0
2000-09-26 00:00:00+09:00,95.51868181410728,102.34144596780392,92.78957615262864,98.24778747558594,210198,0.0,0.0
2000-09-27 00:00:00+09:00,93.47184555876159,103.02371465766439,93.47184555876159,102.34143829345703,736414,0.0,0.0
2000-09-28 00:00:00+09:00,95.51868181410728,103.70599879854325,95.51868181410728,98.24778747558594,278676,0.0,0.0
2000-09-29 00:00:00+09:00,99.61235809326172,100.97691116765775,94.1541457956776,99.61235809326172,485481,0.0,0.0
2000-10-02 00:00:00+09:00,99.61237268544579,110.52879887975776,98.2478194111568,109.16424560546875,762330,0.0,0.0
2000-10-03 00:00:00+09:00,109.16424560546875,109.16424560546875,109.16424560546875,109.16424560546875,0,0.0,0.0
2000-10-04 00:00:00+09:00,112.57560760235373,117.3515349946208,103.02373648017178,110.52877807617188,718397,0.0,0.0
2000-10-05 00:00:00+09:00,107.11738586425783,112.5755974414249,104.38828007567427,107.11738586425781,461262,0.0,0.0
2000-10-06 00:00:00+09:00,104.38826738607906,108.48192557132312,99.61233283662767,102.34143829345703,208044,0.0,0.0
2000-10-09 00:00:00+09:00,100.97691615832107,107.79967369868362,100.29463958740236,100.29463958740234,226845,0.0,0.0
2000-10-10 00:00:00+09:00,99.61235069991021,103.70600961926188,94.83641529399992,97.56552124023438,270190,0.0,0.0
2000-10-11 00:00:00+09:00,96.88325003448963,98.93007960573199,93.47186741575238,96.20097351074219,141459,0.0,0.0
2000-10-12 00:00:00+09:00,94.1541410780357,101.65918261116988,94.1541410780357,98.9300765991211,243230,0.0,0.0
2000-10-13 00:00:00+09:00,87.33138359917885,98.24780859128234,87.33138359917885,94.83642578125,383776,0.0,0.0
2000-10-16 00:00:00+09:00,94.83642578125,94.83642578125,94.83642578125,94.83642578125,0,0.0,0.0
2000-10-17 00:00:00+09:00,92.10733582326246,109.84652957277189,92.10733582326246,103.70603942871094,874088,0.0,0.0
2000-10-18 00:00:00+09:00,114.62244638407913,115.98699951171875,109.16423387352064,115.98699951171875,691959,0.0,0.0
2000-10-19 00:00:00+09:00,116.66929919308826,128.9502716064453,105.75287200892541,128.9502716064453,1219414,0.0,0.0
2000-10-20 00:00:00+09:00,128.26795284074777,128.26795284074777,113.94015502929688,113.94015502929688,1176591,0.0,0.0
2000-10-23 00:00:00+09:00,113.9401421584843,113.9401421584843,100.97689059305641,103.02371978759766,412694,0.0,0.0
2000-10-24 00:00:00+09:00,94.1541454363578,105.07056998986576,94.1541454363578,101.65918731689453,243948,0.0,0.0
2000-10-25 00:00:00+09:00,97.56552036915947,110.52877349803587,97.56552036915947,105.75283813476562,459173,0.0,0.0
2000-10-26 00:00:00+09:00,105.75285024747869,110.52878615777477,102.34146745441005,108.4819564819336,147792,0.0,0.0
2000-10-27 00:00:00+09:00,108.4819564819336,108.4819564819336,108.4819564819336,108.4819564819336,0,0.0,0.0
2000-10-30 00:00:00+09:00,107.11737817668015,109.1642073712214,103.02371978759766,103.02371978759766,216596,0.0,0.0
2000-10-31 00:00:00+09:00,102.34145882492149,106.43511783142425,92.78958780974838,100.9769058227539,139240,0.0,0.0
2000-11-01 00:00:00+09:00,105.75284133034046,109.16422383575943,96.20097031516735,100.9769058227539,302764,0.0,0.0
2000-11-02 00:00:00+09:00,98.93007716193168,112.57560729980469,92.78958859988882,112.57560729980469,597761,0.0,0.0
2000-11-03 00:00:00+09:00,107.11739974706889,118.03382431621206,100.97691092692587,117.3515396118164,703121,0.0,0.0
2000-11-06 00:00:00+09:00,111.21105428601739,120.08064887563485,107.79966358272527,112.57560729980469,1194478,0.0,0.0
2000-11-07 00:00:00+09:00,113.9401689508434,114.62244550945714,107.11740336470613,108.4819564819336,329072,0.0,0.0
2000-11-08 00:00:00+09:00,111.89332645897022,111.89332645897022,103.0237322128969,105.75283813476562,259027,0.0,0.0
2000-11-09 00:00:00+09:00,105.75285889284307,109.84651857918475,103.70602904967222,104.3883056640625,257265,0.0,0.0
2000-11-10 00:00:00+09:00,102.34145917526284,116.6692657470703,102.34145917526284,116.66926574707031,886817,0.0,0.0
2000-11-13 00:00:00+09:00,118.716090356055,121.44518808823616,109.16421970253874,113.94015502929688,628442,0.0,0.0
2000-11-14 00:00:00+09:00,115.98699296821793,127.58568572998045,113.25787869807935,127.58568572998047,782240,0.0,0.0
2000-11-15 00:00:00+09:00,129.63253171681296,133.04390639152683,121.445204723496,125.53886413574219,893280,0.0,0.0
2000-11-16 00:00:00+09:00,128.95025036760455,140.5489605092301,126.2211440210632,132.36163330078125,1181748,0.0,0.0
2000-11-17 00:00:00+09:00,133.7261692219856,133.7261692219856,124.1743064102053,126.90340423583984,525170,0.0,0.0
2000-11-20 00:00:00+09:00,120.08064795084144,127.58568130004821,120.08064795084144,122.80974578857422,378096,0.0,0.0
2000-11-21 00:00:00+09:00,115.9869908471421,132.36161898675908,115.9869908471421,126.22113037109375,873370,0.0,0.0
2000-11-22 00:00:00+09:00,124.1743090932931,130.99706605803735,118.03382047308173,122.12747955322266,338211,0.0,0.0
2000-11-23 00:00:00+09:00,125.53887602319568,126.90342928982255,116.66928795894643,118.71611785888672,421638,0.0,0.0
2000-11-24 00:00:00+09:00,116.66927997699327,132.36163330078125,115.30471863489777,132.36163330078125,583138,0.0,0.0
2000-11-27 00:00:00+09:00,148.0539872408055,148.0539872408055,132.36163385170218,137.81985473632812,1107656,0.0,0.0
2000-11-28 00:00:00+09:00,135.77301374518422,135.77301374518422,121.44520568847658,121.44520568847656,920371,0.0,0.0
2000-11-29 00:00:00+09:00,120.76292999026813,120.76292999026813,107.11740657754007,107.79967498779297,751950,0.0,0.0
2000-11-30 00:00:00+09:00,100.29464932259029,111.89335215404675,100.29464932259029,109.16424560546875,451340,0.0,0.0
2000-12-01 00:00:00+09:00,103.02374225843232,108.48195463438364,101.6591891644445,105.07057189941406,247669,0.0,0.0
2000-12-04 00:00:00+09:00,105.07057684030714,112.5756192101612,105.07057684030714,107.79967498779297,361973,0.0,0.0
2000-12-05 00:00:00+09:00,107.79965414258055,109.84649165284137,98.93006849850718,107.11738586425781,268036,0.0,0.0
2000-12-06 00:00:00+09:00,102.34147582089167,111.21107180796531,102.34147582089167,104.3883056640625,440373,0.0,0.0
2000-12-07 00:00:00+09:00,103.70599102187172,105.0705437502864,98.93005647242033,102.34143829345703,219076,0.0,0.0
2000-12-08 00:00:00+09:00,102.34147582089167,105.07058227845279,100.97692259211111,104.3883056640625,215551,0.0,0.0
2000-12-11 00:00:00+09:00,103.70599618577806,106.43510177849973,99.61233779669557,103.02371978759766,260463,0.0,0.0
2000-12-12 00:00:00+09:00,101.65919091613436,102.3414674748846,90.74276597613078,96.88325500488281,377313,0.0,0.0
2000-12-13 00:00:00+09:00,92.10731156899911,99.61235310213328,91.4250350659869,98.9300765991211,211047,0.0,0.0
2000-12-14 00:00:00+09:00,98.93007421335159,100.29462718646882,92.78958583432409,97.56552124023438,165939,0.0,0.0
2000-12-15 00:00:00+09:00,92.78960145037527,96.8832610586705,92.78960145037527,93.47187805175781,103989,0.0,0.0
2000-12-18 00:00:00+09:00,92.10732047190369,94.8364267477423,90.74276733398439,90.74276733398438,95111,0.0,0.0
2000-12-19 00:00:00+09:00,91.42504119873047,100.29463633285681,88.01365845483572,91.42504119873047,301263,0.0,0.0
2000-12-20 00:00:00+09:00,93.47185571143804,93.47185571143804,80.50860338346287,81.19087982177734,350940,0.0,0.0
2000-12-21 00:00:00+09:00,78.46179663071561,78.46179663071561,71.63902282714844,71.63902282714844,140807,0.0,0.0
2000-12-22 00:00:00+09:00,70.27447118847756,73.68584551272667,63.451702117919915,63.45170211791992,242773,0.0,0.0
2000-12-25 00:00:00+09:00,63.451702117919915,63.451702117919915,63.451702117919915,63.45170211791992,0,0.0,0.0
2000-12-26 00:00:00+09:00,55.94666306216963,66.18081098571946,55.94666306216963,60.72260284423828,280700,0.0,0.0
2000-12-27 00:00:00+09:00,60.722602844238274,60.722602844238274,60.722602844238274,60.72260284423828,0,0.0,0.0
2000-12-28 00:00:00+09:00,60.722602844238274,60.722602844238274,60.722602844238274,60.72260284423828,0,0.0,0.0
2000-12-29 00:00:00+09:00,60.722602844238274,60.722602844238274,60.722602844238274,60.72260284423828,0,0.0,0.0
2001-01-01 00:00:00+09:00,60.722602844238274,60.722602844238274,60.722602844238274,60.72260284423828,0,0.0,0.0
2001-01-02 00:00:00+09:00,57.99350603779558,67.54537963867188,57.99350603779558,67.54537963867188,296954,0.0,0.0
2001-01-03 00:00:00+09:00,70.9567549084415,73.0035846125934,67.54536798377602,69.59219360351562,505587,0.0,0.0
2001-01-04 00:00:00+09:00,71.63901925816211,75.73267843506557,70.27447436801843,74.36813354492188,534766,0.0,0.0
2001-01-05 00:00:00+09:00,77.09723149403338,81.87316720042074,71.63901925816211,74.36813354492188,351528,0.0,0.0
2001-01-08 00:00:00+09:00,72.32130710130147,77.09723484654191,69.59219269586845,73.68585205078125,352442,0.0,0.0
2001-01-09 00:00:00+09:00,75.05040516908551,77.77951140569404,72.32130710130147,73.68585205078125,563489,0.0,0.0
2001-01-10 00:00:00+09:00,76.41497900347719,81.87318420410156,76.41497900347719,81.87318420410156,946743,0.0,0.0
2001-01-11 00:00:00+09:00,80.50863086173901,85.28456756000794,78.46180901702101,81.87318420410156,477321,0.0,0.0
2001-01-12 00:00:00+09:00,83.91998557503527,84.60226201334976,79.82632694514838,81.19087982177734,317909,0.0,0.0
2001-01-15 00:00:00+09:00,78.46162325029236,90.7425765991211,78.46162325029236,90.7425765991211,710899,0.0,0.1663893510815308
2001-01-16 00:00:00+09:00,92.78940370828292,100.97669754847696,85.28437822815363,87.3311996459961,735223,0.0,0.0
2001-01-17 00:00:00+09:00,88.69574438033007,88.69574438033007,78.46161374504325,81.19071960449219,232650,0.0,0.0
2001-01-18 00:00:00+09:00,79.14390982170252,83.23756145645616,78.46163318777269,81.87301635742188,221273,0.0,0.0
2001-01-19 00:00:00+09:00,79.82616168811043,83.9198120527344,78.46160884362816,80.50843811035156,194595,0.0,0.0
2001-01-22 00:00:00+09:00,81.87299606935443,85.28437022484225,79.82616667476772,81.19071960449219,261290,0.0,0.0
2001-01-23 00:00:00+09:00,81.1907196044922,81.1907196044922,81.1907196044922,81.19071960449219,0,0.0,0.0
2001-01-24 00:00:00+09:00,81.1907196044922,81.1907196044922,81.1907196044922,81.19071960449219,0,0.0,0.0
2001-01-25 00:00:00+09:00,81.1907196044922,81.1907196044922,81.1907196044922,81.19071960449219,0,0.0,0.0
2001-01-26 00:00:00+09:00,82.555288418459,83.23756508210737,78.46163660539462,79.14391326904297,68657,0.0,0.0
2001-01-29 00:00:00+09:00,79.14390249567055,85.96665186576374,77.77935752294668,83.91983032226562,160854,0.0,0.0
2001-01-30 00:00:00+09:00,81.8730056182431,92.78940582275389,81.8730056182431,92.7894058227539,408806,0.0,0.0
2001-01-31 00:00:00+09:00,92.7894085222939,94.8362300463276,85.28438265279605,92.10713195800781,167132,0.0,0.0
2001-02-01 00:00:00+09:00,91.4248733520508,92.78942674865833,85.28439940496921,91.42487335205078,182040,0.0,0.0
2001-02-02 00:00:00+09:00,91.42485810281505,94.83623285650648,88.01348334912362,93.4716796875,167916,0.0,0.0
2001-02-05 00:00:00+09:00,82.55526970854422,100.9766946079812,82.55526970854422,98.24759674072266,388405,0.0,0.0
2001-02-06 00:00:00+09:00,98.2476066044718,103.70581105579926,96.20078504073945,101.65898132324219,175370,0.0,0.0
2001-02-07 00:00:00+09:00,97.56532490092704,111.21082305908203,97.56532490092704,111.21082305908203,315824,0.0,0.0
2001-02-08 00:00:00+09:00,111.21081995406892,124.1740493774414,111.21081995406892,124.1740493774414,672058,0.0,0.0
2001-02-09 00:00:00+09:00,124.85635075382919,138.50185124725897,118.71586899672525,127.58544921875,637926,0.0,0.0
2001-02-12 00:00:00+09:00,127.58543563083623,140.54866625406441,118.03358793647716,137.1372833251953,562206,0.0,0.0
2001-02-13 00:00:00+09:00,135.0904799182177,148.7359889637376,135.0904799182177,141.91323852539062,788188,0.0,0.0
2001-02-14 00:00:00+09:00,136.45501391679645,155.55871733553641,125.53861313020573,145.3245849609375,822320,0.0,0.0
2001-02-15 00:00:00+09:00,147.3714095083243,147.3714095083243,133.04362632272657,140.5486602783203,1937711,0.0,0.0
2001-02-16 00:00:00+09:00,136.45500227819048,140.54865324510683,124.1740493774414,124.1740493774414,919618,0.0,0.0
2001-02-19 00:00:00+09:00,117.35131431266366,130.99681369725477,113.93993946651588,128.26771545410156,1776071,0.0,0.0
2001-02-20 00:00:00+09:00,130.31451119665002,139.18408893526393,126.22086056104537,128.94996643066406,1220926,0.0,0.0
2001-02-21 00:00:00+09:00,123.49179698655016,143.27777099609375,118.71586856373848,143.27777099609375,730123,0.0,0.0
2001-02-22 00:00:00+09:00,136.45498599322,136.45498599322,126.22085571289062,126.22085571289062,423714,0.0,0.0
2001-02-23 00:00:00+09:00,111.89309194153269,120.76267003849429,111.89309194153269,115.3044662475586,489233,0.0,0.0
2001-02-26 00:00:00+09:00,115.98676026717804,124.85633970426046,115.98676026717804,116.66903686523438,224411,0.0,0.0
2001-02-27 00:00:00+09:00,116.66905564951809,126.22090505372596,116.66905564951809,121.44498443603516,480210,0.0,0.0
2001-02-28 00:00:00+09:00,119.39812705599644,130.9968039361657,117.35130556835452,122.80950164794922,592416,0.0,0.0
2001-03-01 00:00:00+09:00,122.80950164794922,122.80950164794922,122.80950164794922,122.80950164794922,0,0.0,0.0
2001-03-02 00:00:00+09:00,122.80949664781987,122.80949664781987,115.98674774169922,115.98674774169922,161639,0.0,0.0
2001-03-05 00:00:00+09:00,103.02351544487792,122.80948352456056,103.02351544487792,119.39810943603516,194595,0.0,0.0
2001-03-06 00:00:00+09:00,112.57536125898437,122.80948352456056,112.57536125898437,119.39810943603516,127899,0.0,0.0
2001-03-07 00:00:00+09:00,119.39810943603517,122.80948352456056,117.35128825044922,119.39810943603516,62380,0.0,0.0
2001-03-08 00:00:00+09:00,120.08039124746531,124.8563184521105,118.03356997051655,122.12721252441406,214603,0.0,0.0
2001-03-09 00:00:00+09:00,122.80952968302127,124.85635980673985,115.9867789416119,121.44498443603516,214996,0.0,0.0
2001-03-12 00:00:00+09:00,117.35132204352287,119.39814381852187,112.57539367675783,112.57539367675781,80035,0.0,0.0
2001-03-13 00:00:00+09:00,112.57536125898437,125.53858933043944,109.8462636219287,119.39810943603516,280907,0.0,0.0
2001-03-14 00:00:00+09:00,119.39810943603517,119.39810943603517,119.39810943603517,119.39810943603516,0,0.0,0.0
2001-03-15 00:00:00+09:00,120.08043102022278,128.95001188535073,120.08043102022278,121.44498443603516,151831,0.0,0.0
2001-03-16 00:00:00+09:00,122.80952968302127,127.58545846953834,119.39815431231659,121.44498443603516,252267,0.0,0.0
2001-03-19 00:00:00+09:00,122.80948900633817,123.49176548826229,118.71583828361709,122.12721252441406,112990,0.0,0.0
2001-03-20 00:00:00+09:00,120.0804061252739,124.17405735519313,115.98675489535466,118.03358459472656,204795,0.0,0.0
2001-03-21 00:00:00+09:00,122.12723331203513,122.12723331203513,115.98676026717804,116.66903686523438,189887,0.0,0.0
2001-03-22 00:00:00+09:00,118.03357225969708,130.31451649721728,117.3512957645407,123.49176788330078,458239,0.0,0.0
2001-03-23 00:00:00+09:00,120.08038588750489,126.90313406455567,115.98673534750978,119.39810943603516,438231,0.0,0.0
2001-03-26 00:00:00+09:00,122.80948352456056,124.85631287896972,118.03356470191893,119.39810943603516,162816,0.0,0.0
2001-03-27 00:00:00+09:00,118.03359006134704,122.80950991009146,115.98676026717804,116.66903686523438,132999,0.0,0.0
2001-03-28 00:00:00+09:00,117.35131413509691,120.76268897608287,106.43491301017684,110.528564453125,236966,0.0,0.0
2001-03-29 00:00:00+09:00,110.528564453125,116.66903753313471,110.528564453125,110.528564453125,102005,0.0,0.0
2001-03-30 00:00:00+09:00,111.2108073735581,115.30445787738803,101.65896164383697,109.16398620605469,127506,0.0,0.0
2001-04-02 00:00:00+09:00,106.4349033306914,107.79944824169527,105.07035025086326,107.11717987060547,60026,0.0,0.0
2001-04-03 00:00:00+09:00,107.117182562922,109.1640040652854,103.70580794643337,106.43490600585938,106321,0.0,0.0
2001-04-04 00:00:00+09:00,104.38807995399779,109.16400785020186,94.153955749696,95.51850891113281,136922,0.0,0.0
2001-04-05 00:00:00+09:00,95.51850891113281,95.51850891113281,95.51850891113281,95.51850891113281,0,0.0,0.0
2001-04-06 00:00:00+09:00,95.51850843396815,103.70581102403965,95.51850843396815,99.6121597290039,103574,0.0,0.0
2001-04-09 00:00:00+09:00,102.34125565193592,103.70580877698956,98.92988100812636,100.29442596435547,34524,0.0,0.0
2001-04-10 00:00:00+09:00,100.2944277144784,107.79945369558594,100.2944277144784,105.75263214111328,178509,0.0,0.0
2001-04-11 00:00:00+09:00,105.75264021497684,118.033594985897,104.38808696193283,117.351318359375,231081,0.0,0.0
2001-04-12 00:00:00+09:00,120.76267745216053,129.6322479248047,113.93992842125758,129.6322479248047,301308,0.0,0.0
2001-04-13 00:00:00+09:00,129.63223030015268,136.45498657226562,123.49175864095648,136.45498657226562,657150,0.0,0.0
2001-04-16 00:00:00+09:00,129.63223030015268,141.23091351209774,129.63223030015268,136.45498657226562,1143245,0.0,0.0
2001-04-17 00:00:00+09:00,136.45500910655304,143.27775016773256,133.04362632272657,140.5486602783203,475502,0.0,0.0
2001-04-18 00:00:00+09:00,136.45499554523553,156.9232330322266,136.45499554523553,156.92323303222656,818005,0.0,0.0
2001-04-19 00:00:00+09:00,156.9232466597884,175.3446807861328,156.9232466597884,175.3446807861328,648126,0.0,0.0
2001-04-20 00:00:00+09:00,184.21426024206374,195.81292892830623,164.42827294767534,167.15737915039062,323671,0.0,0.0
2001-04-23 00:00:00+09:00,170.56874620960417,177.39149475097656,160.33461522872196,177.39149475097656,364473,0.0,0.0
2001-04-24 00:00:00+09:00,177.39151888319657,197.17749071108173,164.42828018719644,191.03701782226562,393505,0.0,0.0
2001-04-25 00:00:00+09:00,191.03699804503393,199.2242998284094,184.89652579191426,194.4483642578125,300131,0.0,0.0
2001-04-26 00:00:00+09:00,191.03699804503393,199.2242998284094,184.89652579191426,194.4483642578125,300131,0.0,0.0
2001-04-27 00:00:00+09:00,187.6256349186736,197.85976729180013,187.6256349186736,191.03701782226562,167524,0.0,0.0
2001-04-30 00:00:00+09:00,191.0370079247243,196.49520395003532,184.21425880867332,189.67245483398438,475894,0.0,0.0
2001-05-01 00:00:00+09:00,189.67245483398435,189.67245483398435,189.67245483398435,189.67245483398438,0,0.0,0.0
2001-05-02 00:00:00+09:00,189.67241417887766,201.95335668789573,186.9433085823647,192.40151977539062,828598,0.0,0.0
2001-05-03 00:00:00+09:00,189.6724317087132,214.91659545898438,189.6724317087132,214.91659545898438,327594,0.0,0.0
2001-05-04 00:00:00+09:00,231.2912333469295,240.1608123779297,218.32801125266334,240.1608123779297,191848,0.0,0.0
2001-05-07 00:00:00+09:00,268.8163146972656,268.8163146972656,259.26446080988023,268.8163146972656,657542,0.0,0.0
2001-05-08 00:00:00+09:00,255.1708618074834,285.1909487810264,252.44175556550266,279.05047607421875,1024370,0.0,0.0
2001-05-09 00:00:00+09:00,279.0504284660812,285.87319290701726,246.30124083781936,272.90997314453125,1030647,0.0,0.0
2001-05-10 00:00:00+09:00,285.87329622366605,305.6592712402344,285.1910031953406,305.6592712402344,364080,0.0,0.0
2001-05-11 00:00:00+09:00,310.4351645472703,341.81982421874994,307.706058023611,341.81982421875,795642,0.0,0.0
2001-05-14 00:00:00+09:00,341.13759610306545,382.75636015097814,309.0706404383257,337.7261962890625,1426899,0.0,0.0
2001-05-15 00:00:00+09:00,333.632507914389,344.54890037147845,314.5287966080087,335.6793212890625,603401,0.0,0.0
2001-05-16 00:00:00+09:00,334.31475011788814,339.7729623897202,295.4250693693266,300.20098876953125,513950,0.0,0.0
2001-05-17 00:00:00+09:00,292.6959745738734,327.4920301420257,264.72271728515625,264.72271728515625,1091850,0.0,0.0
2001-05-18 00:00:00+09:00,233.33807373046875,246.9835730162956,233.33807373046875,233.33807373046875,4000967,0.0,0.0
2001-05-21 00:00:00+09:00,228.56213440410937,236.74942020778116,208.09387088198432,214.23435974121094,3616093,0.0,0.0
2001-05-22 00:00:00+09:00,214.9166253452577,223.1039276923602,208.0938761122804,212.86981201171875,1627771,0.0,0.0
2001-05-23 00:00:00+09:00,219.0102742234634,238.1139678955078,214.91661507668007,238.1139678955078,1579907,0.0,0.0
2001-05-24 00:00:00+09:00,242.2076636578147,266.0872802734375,238.7962805197825,266.0872802734375,768964,0.0,0.0
2001-05-25 00:00:00+09:00,296.78964223564327,297.4719351527853,275.63911728432174,288.60235595703125,1014954,0.0,0.0
2001-05-28 00:00:00+09:00,281.09727996727565,286.55545895796007,259.26446597865845,279.73272705078125,849783,0.0,0.0
2001-05-29 00:00:00+09:00,279.7327480902711,296.78961181640625,272.9099993322875,296.78961181640625,1616786,0.0,0.0
2001-05-30 00:00:00+09:00,293.3782627116197,332.2679443359375,293.3782627116197,332.2679443359375,645380,0.0,0.0
2001-05-31 00:00:00+09:00,347.96027874367695,371.83991052147337,327.4920462736369,334.9970397949219,1541066,0.0,0.0
2001-06-01 00:00:00+09:00,317.25795896914974,365.01719666400453,317.25795896914974,339.7730407714844,1118921,0.0,0.0
2001-06-04 00:00:00+09:00,320.6693011798721,380.0272216796875,320.6693011798721,380.0272216796875,1314300,0.0,0.0
2001-06-05 00:00:00+09:00,416.18779326801297,425.05737304687506,402.5422934563716,425.057373046875,1493595,0.0,0.0
2001-06-06 00:00:00+09:00,425.05737304687506,425.05737304687506,425.05737304687506,425.057373046875,0,0.0,0.0
2001-06-07 00:00:00+09:00,429.83319091796875,463.2646885521108,374.56894451977564,429.83319091796875,1530474,0.0,0.0
2001-06-08 00:00:00+09:00,409.3650191823416,446.8901481190761,409.3650191823416,446.2078552246094,704622,0.0,0.0
2001-06-11 00:00:00+09:00,446.20778238511673,463.94693729132086,436.65594482421875,436.65594482421875,646949,0.0,0.0
2001-06-12 00:00:00+09:00,426.4218182474366,484.41520225883784,426.4218182474366,477.5924377441406,1534005,0.0,0.0
2001-06-13 00:00:00+09:00,487.1443584010932,530.8099577812208,478.2747799531443,525.3517456054688,1196994,0.0,0.0
2001-06-14 00:00:00+09:00,545.8201157723553,573.111083984375,511.70634832555095,573.111083984375,1227204,0.0,0.0
2001-06-15 00:00:00+09:00,566.2883494341048,579.2515568689187,547.1846357653286,569.0174560546875,686575,0.0,0.0
2001-06-18 00:00:00+09:00,548.5491152017985,566.2882731713279,500.7898864746093,500.7898864746094,3488978,0.0,0.0
2001-06-19 00:00:00+09:00,494.6492964608219,531.4921241156193,452.3482249187832,511.02386474609375,1404144,0.0,0.0
2001-06-20 00:00:00+09:00,521.9403996400067,530.127685546875,499.42532255199706,530.127685546875,767002,0.0,0.0
2001-06-21 00:00:00+09:00,532.1744174071904,551.2781251665189,525.3516856415469,545.8199462890625,750132,0.0,0.0
2001-06-22 00:00:00+09:00,549.2312908902079,589.4855529138529,536.2680871964509,559.4654541015625,931388,0.0,0.0
2001-06-25 00:00:00+09:00,547.8667597265618,559.4654429478826,528.763051951791,537.6326293945312,271883,0.0,0.0
2001-06-26 00:00:00+09:00,511.70632717007095,530.8100400715126,473.49890136718756,473.4989013671875,316216,0.0,0.0
2001-06-27 00:00:00+09:00,416.8700331226301,494.6493950129533,416.8700331226301,487.8266296386719,711291,0.0,0.0
2001-06-28 00:00:00+09:00,463.9469413900391,497.3784058238233,463.9469413900391,477.5924377441406,452354,0.0,0.0
2001-06-29 00:00:00+09:00,477.59246677647803,487.14433767770214,420.28137207031244,420.2813720703125,380558,0.0,0.0
2001-07-02 00:00:00+09:00,410.0473155799934,456.44202751111675,375.251289800476,443.47882080078125,585354,0.0,0.0
2001-07-03 00:00:00+09:00,436.6560744235032,457.12434118644643,436.6560744235032,450.30157470703125,255405,0.0,0.0
2001-07-04 00:00:00+09:00,444.1611012132088,457.12434118644643,443.47884090291836,450.30157470703125,249521,0.0,0.0
2001-07-05 00:00:00+09:00,457.1242095506347,477.5924377441407,452.34825805270026,477.5924377441406,188317,0.0,0.0
2001-07-06 00:00:00+09:00,484.4152632891796,504.2012338616503,475.5456846402623,487.8266296386719,430384,0.0,0.0
2001-07-09 00:00:00+09:00,477.5925218182935,487.8266540542831,434.6092121725553,439.3851318359375,200479,0.0,0.0
2001-07-10 00:00:00+09:00,443.4787201616757,463.94694867664947,423.0104589714086,429.83319091796875,169878,0.0,0.0
2001-07-11 00:00:00+09:00,416.18778879547875,443.47882080078125,395.7195556356277,443.47882080078125,211072,0.0,0.0
2001-07-12 00:00:00+09:00,436.6560041110788,462.5824472074529,436.6560041110788,457.124267578125,488449,0.0,0.0
2001-07-13 00:00:00+09:00,463.94693729132086,470.7697017457426,436.65594482421875,436.65594482421875,217742,0.0,0.0
2001-07-16 00:00:00+09:00,429.83319949174046,440.06733029101156,402.5422058105469,402.5422058105469,153008,0.0,0.0
2001-07-17 00:00:00+09:00,402.5422058105469,402.5422058105469,402.5422058105469,402.5422058105469,0,0.0,0.0
2001-07-18 00:00:00+09:00,388.8967012127279,431.19774384233943,388.8967012127279,429.83319091796875,273453,0.0,0.0
2001-07-19 00:00:00+09:00,423.01054722958906,441.4319665391532,416.870074126401,440.0674133300781,100828,0.0,0.0
2001-07-20 00:00:00+09:00,431.8800294664796,467.3583068847657,423.0104519430849,467.3583068847656,402921,0.0,0.0
2001-07-23 00:00:00+09:00,450.3014738690786,496.69617751382873,450.3014738690786,493.9670715332031,550044,0.0,0.0
2001-07-24 00:00:00+09:00,491.23806222332126,518.5290620495834,457.1243287781443,517.8468017578125,723846,0.0,0.0
2001-07-25 00:00:00+09:00,525.3518487692121,579.9338832191595,506.24813507796546,573.111083984375,1006715,0.0,0.0
2001-07-26 00:00:00+09:00,573.7932692153009,631.7866237379523,573.7932692153009,627.6929321289062,1027508,0.0,0.0
2001-07-27 00:00:00+09:00,627.6928781868426,644.7497726073401,588.8032686970884,622.9169921875,1017308,0.0,0.0
2001-07-30 00:00:00+09:00,614.0475981741879,654.984130859375,614.0475981741879,654.984130859375,851745,0.0,0.0
2001-07-31 00:00:00+09:00,658.3954210872408,733.4456787109376,658.3954210872408,733.4456787109375,1188755,0.0,0.0
2001-08-01 00:00:00+09:00,750.5025190874871,770.9707832722706,719.8001554856102,757.3253173828125,1106366,0.0,0.0
2001-08-02 00:00:00+09:00,750.5025108863717,767.5594084124014,668.6295203925014,733.4456787109375,1805496,0.0,0.0
2001-08-03 00:00:00+09:00,712.9773459077164,730.0341764362145,648.1611938476562,648.1611938476562,575546,0.0,0.0
2001-08-06 00:00:00+09:00,600.4019360052941,608.5892538466713,570.3818359375,570.3818359375,952181,0.0,0.0
2001-08-07 00:00:00+09:00,519.893638296785,532.1745854941046,502.1545104980469,502.1545104980469,626548,0.0,0.0
2001-08-08 00:00:00+09:00,477.592561039565,554.0073799549798,470.7698274388019,532.174560546875,2083657,0.0,0.0
2001-08-09 00:00:00+09:00,511.7063270692844,556.0542261754497,511.7063270692844,532.174560546875,1583046,0.0,0.0
2001-08-10 00:00:00+09:00,538.9972433695526,542.4086096417495,513.7530610696439,525.3517456054688,672058,0.0,0.0
2001-08-13 00:00:00+09:00,515.1175368962948,532.1743983757133,462.58236694335943,462.5823669433594,775633,0.0,0.0
2001-08-14 00:00:00+09:00,450.98373782505365,477.5924377441407,423.01045232773436,477.5924377441406,1147168,0.0,0.0
2001-08-15 00:00:00+09:00,477.5924377441407,477.5924377441407,477.5924377441407,477.5924377441406,0,0.0,0.0
2001-08-16 00:00:00+09:00,470.7697751698385,507.6126109440697,451.66606439322,497.37847900390625,658327,0.0,0.0
2001-08-17 00:00:00+09:00,478.27480858232155,524.66948415218,478.27480858232155,521.2581176757812,629687,0.0,0.0
2001-08-20 00:00:00+09:00,518.528990859979,537.6327011857067,509.6594449081629,528.7631225585938,457062,0.0,0.0
2001-08-21 00:00:00+09:00,542.4086214762033,542.4086214762033,511.7062590059642,518.5289916992188,1269183,0.0,0.0
2001-08-22 00:00:00+09:00,525.3516687751619,573.1108876272374,513.7529859355919,565.6058959960938,848606,0.0,0.0
2001-08-23 00:00:00+09:00,569.6995119825458,633.151071107878,569.6995119825458,632.4688110351562,1698783,0.0,0.0
2001-08-24 00:00:00+09:00,634.515737305778,645.4320959094841,581.2982685544694,590.1678466796875,1930256,0.0,0.0
2001-08-27 00:00:00+09:00,586.7564569883946,586.7564569883946,519.8934936523438,519.8934936523438,1238189,0.0,0.0
2001-08-28 00:00:00+09:00,457.80654907226557,457.80654907226557,457.80654907226557,457.8065490722656,577115,0.0,0.0
2001-08-29 00:00:00+09:00,440.06745116140064,468.0407453392737,403.224609375,403.224609375,3038193,0.0,0.0
2001-08-30 00:00:00+09:00,389.5789802984349,435.2913872921389,355.4652237406412,395.7194519042969,3545866,0.0,0.0
2001-08-31 00:00:00+09:00,402.5422710857245,423.0105360033458,356.147593909635,361.60577392578125,1155015,0.0,0.0
2001-09-03 00:00:00+09:00,361.60574348680694,377.98034750747513,318.6224365234375,318.6224365234375,1694075,0.0,0.0
2001-09-04 00:00:00+09:00,318.6224372858818,325.44516991689693,280.4150169211292,308.3883056640625,2336317,0.0,0.0
2001-09-05 00:00:00+09:00,308.3882748194062,326.12743016626933,301.5655101954999,312.48193359375,1356280,0.0,0.0
2001-09-06 00:00:00+09:00,300.8831992984582,315.2109535779959,300.2009066135538,303.6123046875,983175,0.0,0.0
2001-09-07 00:00:00+09:00,300.2009554476109,301.56550836410526,277.00362121779244,279.73272705078125,1188363,0.0,0.0
2001-09-10 00:00:00+09:00,273.5922704482704,281.097312353677,259.2644958496094,259.2644958496094,1437099,0.0,0.0
2001-09-11 00:00:00+09:00,254.48857177489103,268.13406958713233,230.60894243464466,231.97349548339844,978075,0.0,0.0
2001-09-12 00:00:00+09:00,204.6824798583984,204.6824798583984,204.6824798583984,204.68247985839844,12554,0.0,0.0
2001-09-13 00:00:00+09:00,180.12060546875,200.5888534910274,180.12060546875,180.12060546875,1448869,0.0,0.0
2001-09-14 00:00:00+09:00,182.84968707176182,201.27110290527344,182.84968707176182,201.27110290527344,1469270,0.0,0.0
2001-09-17 00:00:00+09:00,205.36481357616503,225.15078735351565,204.68253692822353,225.15078735351562,1741546,0.0,0.0
2001-09-18 00:00:00+09:00,230.60893693288588,251.75945967102555,230.60893693288588,249.712646484375,1532043,0.0,0.0
2001-09-19 00:00:00+09:00,257.899967471285,277.003662109375,249.7126651013467,277.003662109375,1240150,0.0,0.0
2001-09-20 00:00:00+09:00,278.3681851625932,309.7528381347656,278.3681851625932,309.7528381347656,1355887,0.0,0.0
2001-09-21 00:00:00+09:00,317.25784398473814,340.4551777333358,272.90997314453125,272.90997314453125,2781217,0.0,0.0
2001-09-24 00:00:00+09:00,272.90997314453125,272.90997314453125,272.90997314453125,272.90997314453125,0,0.0,0.0
2001-09-25 00:00:00+09:00,277.0036480663836,283.1441204481274,231.97349548339844,231.97349548339844,1511642,0.0,0.0
2001-09-26 00:00:00+09:00,223.78619920150928,245.618999522087,204.68250504762202,222.42164611816406,973759,0.0,0.0
2001-09-27 00:00:00+09:00,236.0671587356838,249.03038024902347,231.97349951821963,249.03038024902344,694814,0.0,0.0
2001-09-28 00:00:00+09:00,249.03038024902347,249.03038024902347,249.03038024902347,249.03038024902344,0,0.0,0.0
2001-10-01 00:00:00+09:00,249.03038024902347,249.03038024902347,249.03038024902347,249.03038024902344,0,0.0,0.0
2001-10-02 00:00:00+09:00,249.03038024902347,249.03038024902347,249.03038024902347,249.03038024902344,0,0.0,0.0
2001-10-03 00:00:00+09:00,249.03038024902347,249.03038024902347,249.03038024902347,249.03038024902344,0,0.0,0.0
2001-10-04 00:00:00+09:00,311.11743467107283,311.11743467107283,290.649169921875,290.649169921875,1144422,0.0,0.0
2001-10-05 00:00:00+09:00,290.64914996912194,313.84648677381466,264.0404304945342,300.20098876953125,1257805,0.0,0.0
2001-10-08 00:00:00+09:00,300.2010049593988,335.6793212890625,278.36822004522,335.6793212890625,2177031,0.0,0.0
2001-10-09 00:00:00+09:00,343.8666471650783,365.69946727532096,330.90343983661444,341.1375732421875,3068794,0.0,0.0
2001-10-10 00:00:00+09:00,334.9969574651154,352.73611187474467,321.35146161354476,330.2210388183594,1675243,0.0,0.0
2001-10-11 00:00:00+09:00,344.54887014843064,361.6057339086494,334.99699899545976,350.0070495605469,1653272,0.0,0.0
2001-10-12 00:00:00+09:00,354.1006728604401,358.8765916168897,317.2578430175781,317.2578430175781,1217003,0.0,0.0
2001-10-15 00:00:00+09:00,308.3882656090464,326.8096805304774,300.8832410845421,317.2578430175781,949827,0.0,0.0
2001-10-16 00:00:00+09:00,320.66920152484744,347.9601932279887,313.8464372614163,330.2210388183594,1399436,0.0,0.0
2001-10-17 00:00:00+09:00,327.4920654296875,341.1375654329827,320.66929909038913,327.4920654296875,653227,0.0,0.0
2001-10-18 00:00:00+09:00,320.6692920224415,337.04389820053945,309.0706058389344,317.940185546875,417830,0.0,0.0
2001-10-19 00:00:00+09:00,314.52885829906546,355.4653625488281,302.9301706586093,355.4653625488281,1870230,0.0,0.0
2001-10-22 00:00:00+09:00,369.1107880586682,391.62586566716175,358.194395705389,368.42852783203125,2887146,0.0,0.0
2001-10-23 00:00:00+09:00,367.7462150930236,384.12081907730783,340.4552193443153,347.2779846191406,1735661,0.0,0.0
2001-10-24 00:00:00+09:00,347.96027874367695,354.78304468389007,334.3147795385504,334.9970397949219,614778,0.0,0.0
2001-10-25 00:00:00+09:00,334.31482915036406,352.0539905520832,334.31482915036406,337.7261962890625,754447,0.0,0.0
2001-10-26 00:00:00+09:00,337.72609376115236,361.6057218332007,334.3147276580868,344.5488586425781,1037709,0.0,0.0
2001-10-29 00:00:00+09:00,354.78298962706947,357.5120629043452,342.5020128405031,344.5488586425781,484525,0.0,0.0
2001-10-30 00:00:00+09:00,331.585692557965,343.1843789971214,322.7161126545279,327.4920654296875,429992,0.0,0.0
2001-10-31 00:00:00+09:00,327.4920236658,351.37162111981064,325.44517768738666,348.6425476074219,550437,0.0,0.0
2001-11-01 00:00:00+09:00,341.81977311405655,382.0740066314599,341.81977311405655,343.184326171875,1643857,0.0,0.0
2001-11-02 00:00:00+09:00,347.96026791334594,356.8298470219058,323.39837664367167,331.5856628417969,863515,0.0,0.0
2001-11-05 00:00:00+09:00,337.7261247165266,343.18433712195724,331.58565209806596,334.31475830078125,466478,0.0,0.0
2001-11-06 00:00:00+09:00,332.95020519942364,347.9602566390603,330.90339188503594,334.31475830078125,677943,0.0,0.0
2001-11-07 00:00:00+09:00,334.3147807742881,337.72614741935445,322.7160949707031,322.7160949707031,477071,0.0,0.0
2001-11-08 00:00:00+09:00,315.2110290527344,333.6324785019901,313.84647603148227,315.2110290527344,390759,0.0,0.0
2001-11-09 00:00:00+09:00,315.2110290527344,315.2110290527344,315.2110290527344,315.2110290527344,0,0.0,0.0
2001-11-12 00:00:00+09:00,307.70598359583477,320.66922011002447,303.61235747581145,306.3414306640625,383697,0.0,0.0
2001-11-13 00:00:00+09:00,305.65919010307925,305.65919010307925,294.74279862536457,296.78961181640625,263644,0.0,0.0
2001-11-14 00:00:00+09:00,300.2010083211587,303.6124075508813,293.37827521231134,294.7428283691406,412337,0.0,0.0
2001-11-15 00:00:00+09:00,293.37830820658615,304.97699500641124,277.0037011583927,284.50872802734375,382128,0.0,0.0
2001-11-16 00:00:00+09:00,276.3213813926473,292.0136920719735,269.4986163090519,278.3681945800781,284830,0.0,0.0
2001-11-19 00:00:00+09:00,272.91004876269113,283.14416558448096,272.91004876269113,274.9568786621094,191848,0.0,0.0
2001-11-20 00:00:00+09:00,274.95684751496475,307.7060241699219,269.4986350681563,307.7060241699219,1048302,0.0,0.0
2001-11-21 00:00:00+09:00,306.3414390573495,315.2110170192353,292.0136818941223,293.37823486328125,486095,0.0,0.0
2001-11-22 00:00:00+09:00,290.6491808891361,306.3414938270971,286.55552124976793,287.9200744628906,388797,0.0,0.0
2001-11-23 00:00:00+09:00,283.82646770984934,298.15422845495453,283.82646770984934,284.50872802734375,386836,0.0,0.0
2001-11-26 00:00:00+09:00,292.69596340808516,292.69596340808516,276.3213919334105,281.7795715332031,300523,0.0,0.0
2001-11-27 00:00:00+09:00,281.77958231619954,287.92005502300714,277.00366273038225,279.05047607421875,369181,0.0,0.0
2001-11-28 00:00:00+09:00,266.0872814571752,283.1441645479156,254.48861141156823,255.85316467285156,282084,0.0,0.0
2001-11-29 00:00:00+09:00,258.58220872829037,266.08723398884763,243.57217454482358,247.6658172607422,379381,0.0,0.0
2001-11-30 00:00:00+09:00,247.66583681980686,271.5454675051947,247.66583681980686,260.6290588378906,321709,0.0,0.0
2001-12-03 00:00:00+09:00,261.3113197587964,278.36820013272524,261.3113197587964,262.6758728027344,244028,0.0,0.0
2001-12-04 00:00:00+09:00,254.48860593846996,268.81638219850674,254.48860593846996,257.21771240234375,222450,0.0,0.0
2001-12-05 00:00:00+09:00,259.2644595001188,268.8163133392498,252.44171142578125,252.44171142578125,202049,0.0,0.0
2001-12-06 00:00:00+09:00,259.26450588442026,261.31133557420804,246.3012838577291,250.3949432373047,187140,0.0,0.0
2001-12-07 00:00:00+09:00,249.7126423244348,269.4986117167629,249.0303658277013,267.4517822265625,317001,0.0,0.0
2001-12-10 00:00:00+09:00,272.91004776359193,272.91004776359193,253.80633478092656,255.85316467285156,129860,0.0,0.0
2001-12-11 00:00:00+09:00,256.53542063988465,279.7327752002313,256.53542063988465,261.31134033203125,338579,0.0,0.0
2001-12-12 00:00:00+09:00,259.26450571227144,270.18091437957554,257.8999689243014,260.6290588378906,107105,0.0,0.0
2001-12-13 00:00:00+09:00,267.4518081283373,267.4518081283373,257.2176923614918,260.6290588378906,196164,0.0,0.0
2001-12-14 00:00:00+09:00,257.21766771330357,273.5922546386719,257.21766771330357,273.5922546386719,177724,0.0,0.0
2001-12-17 00:00:00+09:00,262.6758424974129,276.3213550248407,258.5821838378906,258.5821838378906,174193,0.0,0.0
2001-12-18 00:00:00+09:00,262.67584170611065,266.08720757445633,238.79621527710617,252.44171142578125,160462,0.0,0.0
2001-12-19 00:00:00+09:00,247.66586474042902,257.899997998669,233.33808798148357,239.4785614013672,114559,0.0,0.0
2001-12-20 00:00:00+09:00,240.16082337338216,243.57220636366384,228.56215388172433,233.33807373046875,76504,0.0,0.0
2001-12-21 00:00:00+09:00,227.1976159408954,240.84311614295532,208.09390258789065,208.09390258789062,151438,0.0,0.0
2001-12-24 00:00:00+09:00,201.27109742431153,221.05708200825245,201.27109742431153,206.72930908203125,73757,0.0,0.0
2001-12-25 00:00:00+09:00,206.72930908203128,206.72930908203128,206.72930908203128,206.72930908203125,0,0.0,0.0
2001-12-26 00:00:00+09:00,208.7761436268983,214.23435584699493,193.76609269692895,195.13064575195312,111421,0.0,0.0
2001-12-27 00:00:00+09:00,199.22428095266716,218.32797241210938,195.13062228001408,218.32797241210938,156931,0.0,0.0
2001-12-28 00:00:00+09:00,224.46845608597042,244.25442504882812,224.46845608597042,244.25442504882812,237751,0.0,0.0
2001-12-31 00:00:00+09:00,244.25442504882812,244.25442504882812,244.25442504882812,244.25442504882812,0,0.0,0.0
2002-01-01 00:00:00+09:00,244.25442504882812,244.25442504882812,244.25442504882812,244.25442504882812,0,0.0,0.0
2002-01-02 00:00:00+09:00,266.0872087035952,272.90997314453125,266.0872087035952,272.90997314453125,110636,0.0,0.0
2002-01-03 00:00:00+09:00,272.90997314453125,272.90997314453125,272.90997314453125,272.90997314453125,0,0.0,0.0
2002-01-04 00:00:00+09:00,269.498627564788,272.91001024906376,242.2076314411762,259.2644958496094,358196,0.0,0.0
2002-01-07 00:00:00+09:00,261.3112899325862,285.19090012527744,259.26446060030537,272.90997314453125,271491,0.0,0.0
2002-01-08 00:00:00+09:00,263.35816029961245,270.86318601637987,253.80630493164062,253.80630493164062,182432,0.0,0.0
2002-01-09 00:00:00+09:00,250.3949034382956,268.81631870544726,250.3949034382956,253.12399291992188,151831,0.0,0.0
2002-01-10 00:00:00+09:00,252.44174659259517,261.3113252261191,245.61899756780332,249.03038024902344,184002,0.0,0.0
2002-01-11 00:00:00+09:00,243.57223405229036,261.9936552809585,243.57223405229036,251.759521484375,265998,0.0,0.0
2002-01-14 00:00:00+09:00,246.30128514165315,254.4885876058342,238.79625924429132,240.1608123779297,150654,0.0,0.0
2002-01-15 00:00:00+09:00,242.20764707462388,247.66584338411934,235.38489760334218,244.93673706054688,183217,0.0,0.0
2002-01-16 00:00:00+09:00,239.47849532354005,247.66579640353027,232.65574714648926,238.7962188720703,119267,0.0,0.0
2002-01-17 00:00:00+09:00,234.0203444019435,245.61901359986425,232.65579124038825,240.8430938720703,72973,0.0,0.0
2002-01-18 00:00:00+09:00,241.5253753662109,251.07723135376213,238.79626898758204,241.52537536621094,54141,0.0,0.0
2002-01-21 00:00:00+09:00,235.38487810528284,241.5253504870266,225.83302310165465,231.97349548339844,89843,0.0,0.0
2002-01-22 00:00:00+09:00,211.5052249933295,235.38485164967295,211.5052249933295,224.46844482421875,151438,0.0,0.0
2002-01-23 00:00:00+09:00,225.8330276367501,235.3848828321951,219.69255513169563,228.5621337890625,161247,0.0,0.0
2002-01-24 00:00:00+09:00,228.5621647977876,255.8531646728516,228.5621647977876,255.85316467285156,531212,0.0,0.0
2002-01-25 00:00:00+09:00,268.8163653071318,282.46188043141933,261.3113393407158,265.4049987792969,901963,0.0,0.0
2002-01-28 00:00:00+09:00,265.40497914517164,270.86317498851076,245.6189926643892,248.3480987548828,459809,0.0,0.0
2002-01-29 00:00:00+09:00,249.03035954144542,255.17083151939565,236.74939924789788,242.20761108398438,162424,0.0,0.0
2002-01-30 00:00:00+09:00,231.97349551298097,252.44174223395314,231.97349551298097,238.1139678955078,155362,0.0,0.0
2002-01-31 00:00:00+09:00,238.1139678955078,238.1139678955078,238.1139678955078,238.1139678955078,0,0.0,0.0
2002-02-01 00:00:00+09:00,242.88990353578035,259.26449110788104,231.97349548339844,231.97349548339844,220881,0.0,0.0
2002-02-04 00:00:00+09:00,238.11393133097624,238.11393133097624,227.19754129116004,231.2911834716797,121621,0.0,0.0
2002-02-05 00:00:00+09:00,225.15074657727777,241.5253504870266,223.10391700414715,231.97349548339844,332694,0.0,0.0
2002-02-06 00:00:00+09:00,229.24444724116475,236.7494576932192,224.46851070557412,225.15078735351562,93374,0.0,0.0
2002-02-07 00:00:00+09:00,227.19755394983397,227.19755394983397,199.90656099208658,204.68247985839844,251482,0.0,0.0
2002-02-08 00:00:00+09:00,198.54208427136936,217.64578340570944,198.54208427136936,215.5989532470703,77681,0.0,0.0
2002-02-11 00:00:00+09:00,215.5989532470703,215.5989532470703,215.5989532470703,215.5989532470703,0,0.0,0.0
2002-02-12 00:00:00+09:00,215.5989532470703,215.5989532470703,215.5989532470703,215.5989532470703,0,0.0,0.0
2002-02-13 00:00:00+09:00,215.5989532470703,215.5989532470703,215.5989532470703,215.5989532470703,0,0.0,0.0
2002-02-14 00:00:00+09:00,212.18750594788966,221.73936008083786,211.5052294857043,214.91659545898438,64734,0.0,0.0
2002-02-15 00:00:00+09:00,215.59891079842947,233.33806933871844,210.14071445435965,226.51531982421875,211072,0.0,0.0
2002-02-18 00:00:00+09:00,231.97348548505704,242.2076165719585,229.92665600014726,230.6089324951172,158893,0.0,0.0
2002-02-19 00:00:00+09:00,228.56211011351442,257.8999328613281,220.37480884230513,257.8999328613281,534351,0.0,0.0
2002-02-20 00:00:00+09:00,252.4417256013524,259.94675053832424,228.5621141690623,242.20761108398438,430384,0.0,0.0
2002-02-21 00:00:00+09:00,244.25444546440906,244.25444546440906,225.83302792567756,232.65577697753906,299739,0.0,0.0
2002-02-22 00:00:00+09:00,225.83302272520316,245.6189928862061,225.83302272520316,227.87985229492188,363296,0.0,0.0
2002-02-25 00:00:00+09:00,228.56214461161534,235.38489397780916,223.78620861892523,225.83303833007812,251090,0.0,0.0
2002-02-26 00:00:00+09:00,227.19760699886092,229.24443684990618,221.73941040039062,221.73941040039062,116129,0.0,0.0
2002-02-27 00:00:00+09:00,218.32797776991112,223.10389666756188,214.91659545898438,214.91659545898438,152615,0.0,0.0
2002-02-28 00:00:00+09:00,210.82296739822056,219.01026916503903,210.82296739822056,219.01026916503906,165955,0.0,0.0
2002-03-01 00:00:00+09:00,219.01026916503903,219.01026916503903,219.01026916503903,219.01026916503906,0,0.0,0.0
2002-03-04 00:00:00+09:00,221.73935463932025,223.10389119255836,214.91659018489847,218.32797241210938,221665,0.0,0.0
2002-03-05 00:00:00+09:00,218.32800333225828,227.87985858355975,216.2811737060547,216.2811737060547,174193,0.0,0.0
2002-03-06 00:00:00+09:00,216.2811737060547,223.78619933115257,216.2811737060547,216.2811737060547,138884,0.0,0.0
2002-03-07 00:00:00+09:00,216.96348391586858,229.24444724116475,216.96348391586858,225.15078735351562,283653,0.0,0.0
2002-03-08 00:00:00+09:00,221.73942944554383,251.75952148437503,221.73942944554383,251.759521484375,1256236,0.0,0.0
2002-03-11 00:00:00+09:00,265.4050104094824,281.09733960305715,254.48860109921944,256.5354309082031,1329601,0.0,0.0
2002-03-12 00:00:00+09:00,260.62903299443457,262.67586247990374,240.1607871526851,246.98353576660156,391151,0.0,0.0
2002-03-13 00:00:00+09:00,243.5721800912189,252.44174223395314,233.33804856190875,238.1139678955078,431953,0.0,0.0
2002-03-14 00:00:00+09:00,235.38485295236813,245.61896704912112,231.97347069501956,238.7962188720703,193418,0.0,0.0
2002-03-15 00:00:00+09:00,238.79625411199288,246.98355640020932,238.11397755983742,245.61900329589844,287576,0.0,0.0
2002-03-18 00:00:00+09:00,246.30126424288673,258.58220872829037,243.57217454482358,247.6658172607422,355057,0.0,0.0
2002-03-19 00:00:00+09:00,247.66580658242378,253.806278560374,242.20761108398438,242.20761108398438,329556,0.0,0.0
2002-03-20 00:00:00+09:00,238.79628487601516,269.4986683277895,237.4317315959095,266.7695617675781,844683,0.0,0.0
2002-03-21 00:00:00+09:00,266.76952141736746,272.2277337122086,252.4417468187064,259.2644958496094,304054,0.0,0.0
2002-03-22 00:00:00+09:00,268.1341222724932,269.4986755893664,255.1708984375,255.1708984375,213819,0.0,0.0
2002-03-25 00:00:00+09:00,256.5354117927367,261.9936078723314,245.61900329589844,245.61900329589844,117698,0.0,0.0
2002-03-26 00:00:00+09:00,247.6658172607422,253.806289503444,241.52534501804038,247.6658172607422,173409,0.0,0.0
2002-03-27 00:00:00+09:00,242.20763687277005,250.39493916098652,242.20763687277005,245.61900329589844,166739,0.0,0.0
2002-03-28 00:00:00+09:00,243.57217943416708,255.17084764346873,243.57217943416708,248.3480987548828,96120,0.0,0.0
2002-03-29 00:00:00+09:00,245.61897801267634,248.3480839403728,233.33803401333668,244.25442504882812,134568,0.0,0.0
2002-04-01 00:00:00+09:00,251.07718897997785,255.85310799890644,240.16078164545195,242.20761108398438,118483,0.0,0.0
2002-04-02 00:00:00+09:00,243.5721952120256,248.3481148421107,240.1608123779297,240.1608123779297,47864,0.0,0.0
2002-04-03 00:00:00+09:00,241.5253496346396,268.8163451628073,233.33804770865967,262.6758728027344,491587,0.0,0.0
2002-04-04 00:00:00+09:00,263.3581652639959,263.3581652639959,242.20764081580256,250.3949432373047,322886,0.0,0.0
2002-04-05 00:00:00+09:00,250.39494323730466,250.39494323730466,250.39494323730466,250.3949432373047,0,0.0,0.0
2002-04-08 00:00:00+09:00,259.264495617387,259.264495617387,245.61899756780332,249.03038024902344,116913,0.0,0.0
2002-04-09 00:00:00+09:00,246.30124350059083,258.582186951753,238.1139424206006,238.7962188720703,223627,0.0,0.0
2002-04-10 00:00:00+09:00,233.3381108275599,241.52541496823864,229.92672729492188,229.92672729492188,169485,0.0,0.0
2002-04-11 00:00:00+09:00,235.38490352463774,238.7962701772695,231.97352053435608,233.33807373046875,38840,0.0,0.0
2002-04-12 00:00:00+09:00,235.384913345272,236.7494502606654,225.15078028509254,234.70263671875,129076,0.0,0.0
2002-04-15 00:00:00+09:00,230.60896733824342,245.61901982018293,230.60896733824342,233.33807373046875,97297,0.0,0.0
2002-04-16 00:00:00+09:00,234.02035032852507,239.47854677532584,232.6557971324124,233.33807373046875,48648,0.0,0.0
2002-04-17 00:00:00+09:00,235.38491821289065,240.16083835965722,235.38491821289065,235.38491821289062,72580,0.0,0.0
2002-04-18 00:00:00+09:00,234.02033005544104,238.11397295149854,232.65577697753906,232.65577697753906,71403,0.0,0.0
2002-04-19 00:00:00+09:00,232.65580199994807,236.06718506160138,229.244435275945,234.02035522460938,72580,0.0,0.0
2002-04-22 00:00:00+09:00,235.3849084492707,236.06718506160138,230.60897216295606,234.02035522460938,44333,0.0,0.0
2002-04-23 00:00:00+09:00,231.9735350097353,238.79628507839507,231.2912583691042,235.38491821289062,73365,0.0,0.0
2002-04-24 00:00:00+09:00,235.3848876888645,255.85313524058122,235.3848876888645,245.61900329589844,268745,0.0,0.0
2002-04-25 00:00:00+09:00,248.34806986437746,274.95680213833333,239.47849243972553,258.5821838378906,1399043,0.0,0.0
2002-04-26 00:00:00+09:00,258.582192991086,270.1808765993186,248.3480786553095,257.8999328613281,733262,0.0,0.0
2002-04-29 00:00:00+09:00,266.0872615090751,288.60235595703125,259.2645120517988,288.60235595703125,2750223,0.0,0.0
2002-04-30 00:00:00+09:00,296.7896563538979,303.61242247338197,255.1708810509464,269.4986572265625,1888670,0.0,0.0
2002-05-01 00:00:00+09:00,269.4986572265625,269.4986572265625,269.4986572265625,269.4986572265625,0,0.0,0.0
2002-05-02 00:00:00+09:00,276.32139293333944,297.47191656290346,242.88990797803135,259.2644958496094,2352010,0.0,0.0
2002-05-03 00:00:00+09:00,262.67584826989446,283.8263858002644,262.67584826989446,279.73272705078125,2312385,0.0,0.0
2002-05-06 00:00:00+09:00,277.0036912097912,277.0036912097912,253.80633478092656,255.85316467285156,874892,0.0,0.0
2002-05-07 00:00:00+09:00,251.7594548950489,259.26448000412176,238.7962341623723,246.98353576660156,818789,0.0,0.0
2002-05-08 00:00:00+09:00,247.66582223225942,254.4885711208453,242.8899029115437,248.3480987548828,457062,0.0,0.0
2002-05-09 00:00:00+09:00,249.7126712206826,261.31134033203125,244.2544586152015,261.31134033203125,635180,0.0,0.0
2002-05-10 00:00:00+09:00,264.72267631418464,279.73272564489184,253.12399291992188,253.12399291992188,986314,0.0,0.0
2002-05-13 00:00:00+09:00,252.44174131084745,266.0872390749313,244.2544393848675,262.6758728027344,729731,0.0,0.0
2002-05-14 00:00:00+09:00,269.4985955437518,282.4618318660971,262.67584732350787,263.3581237792969,1158546,0.0,0.0
2002-05-15 00:00:00+09:00,264.04045053908254,274.2745666503906,259.2645144386658,274.2745666503906,568876,0.0,0.0
2002-05-16 00:00:00+09:00,274.27453113610153,285.1909224196804,268.81633549431206,273.5922546386719,803881,0.0,0.0
2002-05-17 00:00:00+09:00,270.1809041016432,281.7795725528837,259.2644958496094,259.2644958496094,534743,0.0,0.0
2002-05-20 00:00:00+09:00,258.58221908114297,263.3581548348512,249.03038024902347,249.03038024902344,725415,0.0,0.0
2002-05-21 00:00:00+09:00,251.7594548950489,255.17083737083087,246.9835357666016,246.98353576660156,436661,0.0,0.0
2002-05-22 00:00:00+09:00,252.44172199637507,259.9467468261719,244.25442069681063,259.9467468261719,486095,0.0,0.0
2002-05-23 00:00:00+09:00,262.67588870073325,262.67588870073325,250.39494323730466,250.3949432373047,283261,0.0,0.0
2002-05-24 00:00:00+09:00,250.39495600657725,255.17087585532167,225.15077089144265,233.33807373046875,601832,0.0,0.0
2002-05-27 00:00:00+09:00,231.97345989137392,237.43165491128204,229.92663063229128,231.2911834716797,200479,0.0,0.0
2002-05-28 00:00:00+09:00,228.56216814423084,244.9367585064238,228.56216814423084,235.38491821289062,437446,0.0,0.0
2002-05-29 00:00:00+09:00,225.83299697432707,235.3848508728713,214.23433007710256,218.32797241210938,434307,0.0,0.0
2002-05-30 00:00:00+09:00,212.18752519889864,226.5152995294049,212.18752519889864,213.5520782470703,114952,0.0,0.0
2002-05-31 00:00:00+09:00,214.91659545898438,228.56210836504465,214.91659545898438,214.91659545898438,196948,0.0,0.0
2002-06-03 00:00:00+09:00,211.5052588975935,221.7393909158839,210.8229823405309,212.86981201171875,119660,0.0,0.0
2002-06-04 00:00:00+09:00,212.187540856659,222.42165679784696,211.50526428222656,211.50526428222656,147123,0.0,0.0
2002-06-05 00:00:00+09:00,210.1407011650925,216.96345024812254,210.1407011650925,216.2811737060547,64734,0.0,0.0
2002-06-06 00:00:00+09:00,216.2811737060547,216.2811737060547,216.2811737060547,216.2811737060547,0,0.0,0.0
2002-06-07 00:00:00+09:00,216.9634552001953,218.3280083154762,211.50525907672065,216.9634552001953,27070,0.0,0.0
2002-06-10 00:00:00+09:00,212.86981219200155,219.01028487311666,212.86981219200155,216.9634552001953,99651,0.0,0.0
2002-06-11 00:00:00+09:00,218.32797241210938,220.3748017484359,214.91659018489847,218.32797241210938,60810,0.0,0.0
2002-06-12 00:00:00+09:00,219.69256591796875,226.5153152960787,216.28118306008915,219.69256591796875,45510,0.0,0.0
2002-06-13 00:00:00+09:00,219.69256591796875,219.69256591796875,219.69256591796875,219.69256591796875,0,0.0,0.0
2002-06-14 00:00:00+09:00,216.96345963166507,223.786209009775,216.96345963166507,219.69256591796875,40409,0.0,0.0
2002-06-17 00:00:00+09:00,226.5153103963937,227.1975869532115,219.6925611658646,223.1039276123047,63949,0.0,0.0
2002-06-18 00:00:00+09:00,219.6925611658646,226.5153103963937,219.6925611658646,223.1039276123047,56102,0.0,0.0
2002-06-19 00:00:00+09:00,223.1039276123047,225.8330338395759,207.41161581844202,223.1039276123047,77681,0.0,0.0
2002-06-20 00:00:00+09:00,225.1507205288849,225.1507205288849,212.18750074077602,218.32797241210938,41979,0.0,0.0
2002-06-21 00:00:00+09:00,221.05710950052972,221.05710950052972,210.8229777071604,216.2811737060547,28639,0.0,0.0
2002-06-24 00:00:00+09:00,199.22431951901967,212.18754181658224,199.22431951901967,203.31796264648438,98082,0.0,0.0
2002-06-25 00:00:00+09:00,200.5888264294789,213.55206313192815,198.54201333974225,201.27110290527344,41586,0.0,0.0
2002-06-26 00:00:00+09:00,197.8597625264391,204.68251183165088,181.48515765887126,184.21426391601562,78073,0.0,0.0
2002-06-27 00:00:00+09:00,184.21426391601562,191.03701322122737,181.48515765887126,184.21426391601562,108675,0.0,0.0
2002-06-28 00:00:00+09:00,184.2142400233509,205.36476176004066,184.2142400233509,201.27110290527344,56495,0.0,0.0
2002-07-01 00:00:00+09:00,201.27110290527344,201.27110290527344,201.27110290527344,201.27110290527344,0,0.0,0.0
2002-07-02 00:00:00+09:00,191.71925983723307,207.41158568923177,191.71925983723307,204.68247985839844,80035,0.0,0.0
2002-07-03 00:00:00+09:00,201.27115248686067,210.82300916336303,201.27115248686067,208.09390258789062,60418,0.0,0.0
2002-07-04 00:00:00+09:00,205.36475616760134,216.96342326496267,205.36475616760134,206.72930908203125,118875,0.0,0.0
2002-07-05 00:00:00+09:00,211.50528580723113,213.55211573883543,205.36481235006926,208.09390258789062,67088,0.0,0.0
2002-07-08 00:00:00+09:00,208.09389663925285,211.50527976107446,204.00025323071745,207.41163635253906,109067,0.0,0.0
2002-07-09 00:00:00+09:00,208.09389663925285,208.77617326361715,202.6356999819888,207.41163635253906,36486,0.0,0.0
2002-07-10 00:00:00+09:00,201.95337938106798,209.45840427716092,201.27110290527344,201.27110290527344,103967,0.0,0.0
2002-07-11 00:00:00+09:00,201.27109742431153,210.14067503045956,201.27109742431153,206.72930908203125,210288,0.0,0.0
2002-07-12 00:00:00+09:00,204.6824656633823,219.0102376063132,204.6824656633823,208.77610778808594,67480,0.0,0.0
2002-07-15 00:00:00+09:00,208.77613304926706,215.59888164106547,208.77613304926706,210.14068603515625,43548,0.0,0.0
2002-07-16 00:00:00+09:00,210.82296752929688,216.28116326468682,207.41160132129608,210.82296752929688,112205,0.0,0.0
2002-07-17 00:00:00+09:00,210.82296752929688,210.82296752929688,210.82296752929688,210.82296752929688,0,0.0,0.0
2002-07-18 00:00:00+09:00,214.2343604174997,216.96345024812254,204.6825051661982,216.2811737060547,95728,0.0,0.0
2002-07-19 00:00:00+09:00,211.5052440384266,217.64571628294627,206.72932481216637,210.82296752929688,52572,0.0,0.0
2002-07-22 00:00:00+09:00,197.85976636398163,213.55209497162028,197.85976636398163,203.31796264648438,111813,0.0,0.0
2002-07-23 00:00:00+09:00,200.58882111214837,211.50522809783527,200.58882111214837,204.68247985839844,74542,0.0,0.0
2002-07-24 00:00:00+09:00,204.00021303653492,204.00021303653492,194.4483585150878,199.9065704345703,56495,0.0,0.0
2002-07-25 00:00:00+09:00,200.58883619792118,202.63566572498303,196.4951934814453,196.4951934814453,99651,0.0,0.0
2002-07-26 00:00:00+09:00,194.44834819525212,202.6356493023091,190.35470581054688,190.35470581054688,76111,0.0,0.0
2002-07-29 00:00:00+09:00,183.53199279013336,192.40157205102597,183.53199279013336,186.943359375,37663,0.0,0.0
2002-07-30 00:00:00+09:00,182.16742917256343,191.71928447009424,182.16742917256343,189.67245483398438,58456,0.0,0.0
2002-07-31 00:00:00+09:00,189.67247625171,191.71930611894695,182.16744974282506,186.26109313964844,88273,0.0,0.0
2002-08-01 00:00:00+09:00,182.84970546776185,189.67245457447805,182.84970546776185,185.5788116455078,29424,0.0,0.0
2002-08-02 00:00:00+09:00,171.93326903087498,182.16739918932296,171.93326903087498,179.43829345703125,46294,0.0,0.0
2002-08-05 00:00:00+09:00,179.43833379002925,183.53199330861335,178.0737969548175,180.80288696289062,28247,0.0,0.0
2002-08-06 00:00:00+09:00,176.02696719552546,193.08383284334369,176.02696719552546,180.80288696289062,23539,0.0,0.0
2002-08-07 00:00:00+09:00,193.08378498861393,193.08378498861393,184.21422423858502,188.99014282226562,1961,0.0,0.0
2002-08-08 00:00:00+09:00,184.21430010070912,206.72938213177648,180.80291660919028,182.84974670410156,181255,0.0,0.0
2002-08-09 00:00:00+09:00,186.94333327161462,188.9901627393202,183.53196716308594,183.53196716308594,71403,0.0,0.0
2002-08-12 00:00:00+09:00,184.21422423858502,188.99014282226565,184.21422423858502,188.99014282226562,2746,0.0,0.0
2002-08-13 00:00:00+09:00,191.03701782226562,193.76610780748973,187.6256349186736,191.03701782226562,65518,0.0,0.0
2002-08-14 00:00:00+09:00,187.62557999527107,197.85970937257363,184.89649080892983,191.71923828125,90627,0.0,0.0
2002-08-15 00:00:00+09:00,191.71923828124997,191.71923828124997,191.71923828124997,191.71923828125,0,0.0,0.0
2002-08-16 00:00:00+09:00,197.85970937257363,197.85970937257363,191.71923828124997,191.71923828125,30993,0.0,0.0
2002-08-19 00:00:00+09:00,187.6256349186736,197.85976729180013,187.6256349186736,191.03701782226562,38055,0.0,0.0
2002-08-20 00:00:00+09:00,191.0370032796277,199.22430528734296,191.0370032796277,193.0838165283203,90235,0.0,0.0
2002-08-21 00:00:00+09:00,193.08382147619696,197.17748075378094,191.03700817505364,193.76609802246094,28247,0.0,0.0
2002-08-22 00:00:00+09:00,196.49516183251495,196.49516183251495,192.40151977539065,192.40151977539062,66695,0.0,0.0
2002-08-23 00:00:00+09:00,192.40151977539065,192.40151977539065,192.40151977539065,192.40151977539062,0,0.0,0.0
2002-08-26 00:00:00+09:00,195.1306246489774,195.1306246489774,189.67242935682157,190.35470581054688,15693,0.0,0.0
2002-08-27 00:00:00+09:00,187.6256561279297,196.49523634223922,187.6256561279297,187.6256561279297,39625,0.0,0.0
2002-08-28 00:00:00+09:00,184.8965308582533,194.4483695858809,182.8497012719124,193.0838165283203,10592,0.0,0.0
2002-08-29 00:00:00+09:00,195.81293754964491,195.81293754964491,187.6256349186736,191.03701782226562,12946,0.0,0.0
2002-08-30 00:00:00+09:00,184.89656583420847,194.4484063687098,184.89656583420847,187.6256561279297,15300,0.0,0.0
2002-09-02 00:00:00+09:00,178.7560370502218,192.4015509027585,178.7560370502218,188.30789184570312,36486,0.0,0.0
2002-09-03 00:00:00+09:00,184.89654595913984,191.03701888201948,184.89654595913984,186.943359375,29424,0.0,0.0
2002-09-04 00:00:00+09:00,184.89653535404327,192.4015610154642,184.89653535404327,189.67245483398438,22362,0.0,0.0
2002-09-05 00:00:00+09:00,182.84969610727714,191.03699788374004,182.84969610727714,188.30789184570312,55318,0.0,0.0
2002-09-06 00:00:00+09:00,191.71928978551347,192.40156634979954,184.21426391601562,184.21426391601562,44333,0.0,0.0
2002-09-09 00:00:00+09:00,184.8965404803017,189.6724600926552,178.75605140172692,184.21426391601562,27855,0.0,0.0
2002-09-10 00:00:00+09:00,178.75603138913323,188.30788588211345,177.39149475097656,177.39149475097656,9023,0.0,0.0
2002-09-11 00:00:00+09:00,184.21426937463661,191.03701888201948,178.75605669861065,186.943359375,27070,0.0,0.0
2002-09-12 00:00:00+09:00,184.21425938830927,188.99017888327793,180.80287665072544,181.4851531982422,45902,0.0,0.0
2002-09-13 00:00:00+09:00,182.16745411381294,185.5788373077284,179.4383475586806,184.8965606689453,21578,0.0,0.0
2002-09-16 00:00:00+09:00,180.8028810945852,184.8965404803017,180.8028810945852,184.21426391601562,3923,0.0,0.0
2002-09-17 00:00:00+09:00,186.94336976206077,191.03702949653464,178.7560666307635,186.26109313964844,26286,0.0,0.0
2002-09-18 00:00:00+09:00,186.2611138579681,190.3547740477907,180.80291660919028,182.84974670410156,34132,0.0,0.0
2002-09-19 00:00:00+09:00,191.0370079247243,191.0370079247243,182.16742917256343,189.67245483398438,25501,0.0,0.0
2002-09-20 00:00:00+09:00,189.67245483398435,189.67245483398435,189.67245483398435,189.67245483398438,0,0.0,0.0
2002-09-23 00:00:00+09:00,184.89652014155632,189.67243922855542,183.53196716308594,183.53196716308594,18831,0.0,0.0
2002-09-24 00:00:00+09:00,190.35470438619683,190.35470438619683,177.39148453770804,178.07376098632812,17262,0.0,0.0
2002-09-25 00:00:00+09:00,177.39149475097656,182.16741382864305,176.02694177517262,177.39149475097656,19616,0.0,0.0
2002-09-26 00:00:00+09:00,174.6623747631667,191.0369764816251,174.6623747631667,179.43829345703125,65126,0.0,0.0
2002-09-27 00:00:00+09:00,184.8965404803017,184.8965404803017,174.66240835365952,184.21426391601562,32170,0.0,0.0
2002-09-30 00:00:00+09:00,187.6256097608498,187.6256097608498,163.74599798820708,183.53196716308594,121229,0.0,0.0
2002-10-01 00:00:00+09:00,174.66242742484985,184.8965606689453,174.66242742484985,184.8965606689453,27463,0.0,0.0
2002-10-02 00:00:00+09:00,181.48515765887126,189.6724600926552,178.75605140172692,184.21426391601562,22755,0.0,0.0
2002-10-03 00:00:00+09:00,184.21426391601562,184.21426391601562,184.21426391601562,184.21426391601562,0,0.0,0.0
2002-10-04 00:00:00+09:00,182.849690316545,184.21424329234895,171.93328284776084,177.39149475097656,32170,0.0,0.0
2002-10-07 00:00:00+09:00,172.61554963990505,180.1205742476247,170.56873662881523,173.9801025390625,75719,0.0,0.0
2002-10-08 00:00:00+09:00,165.11055918513713,177.39152148021245,165.11055918513713,168.52194213867188,32170,0.0,0.0
2002-10-09 00:00:00+09:00,168.5219322517483,172.61557521817247,162.38145963328762,167.15737915039062,56495,0.0,0.0
2002-10-10 00:00:00+09:00,167.15736328090952,167.15736328090952,156.92323232997742,163.063720703125,40802,0.0,0.0
2002-10-11 00:00:00+09:00,167.15739007244116,167.15739007244116,160.33464045750375,164.42828369140625,45510,0.0,0.0
2002-10-14 00:00:00+09:00,158.9700872669863,169.20421985821733,158.9700872669863,164.42828369140625,53749,0.0,0.0
2002-10-15 00:00:00+09:00,169.20420377792476,169.20420377792476,163.74600787222352,166.47509765625,29424,0.0,0.0
2002-10-16 00:00:00+09:00,169.20417785644534,170.56873070823806,158.28777137974927,169.2041778564453,97297,0.0,0.0
2002-10-17 00:00:00+09:00,166.47512291291233,169.8865060825615,162.3814794469841,163.74603271484375,33740,0.0,0.0
2002-10-18 00:00:00+09:00,167.15735812537332,167.15735812537332,161.69916274412216,162.38143920898438,51787,0.0,0.0
2002-10-21 00:00:00+09:00,161.01688569596277,165.79280459505054,156.240966796875,156.240966796875,123975,0.0,0.0
2002-10-22 00:00:00+09:00,154.87641954438985,158.97006213101525,150.7827606201172,150.7827606201172,147515,0.0,0.0
2002-10-23 00:00:00+09:00,151.4650414419256,152.82959445573215,139.8663734998653,141.23092651367188,213819,0.0,0.0
2002-10-24 00:00:00+09:00,138.50185074210773,143.96004765204194,135.09047563119242,143.27777099609375,285615,0.0,0.0
2002-10-25 00:00:00+09:00,148.73594749562812,154.19414305701108,146.6891180334918,150.7827606201172,395859,0.0,0.0
2002-10-28 00:00:00+09:00,162.38143862074404,162.38143862074404,153.51186094731247,156.240966796875,211857,0.0,0.0
2002-10-29 00:00:00+09:00,156.24098202493752,174.66239929199222,148.73595654480823,174.6623992919922,1116567,0.0,0.0
2002-10-30 00:00:00+09:00,184.21426391601562,195.13065626929478,178.07379117508995,184.21426391601562,845860,0.0,0.0
2002-10-31 00:00:00+09:00,182.16743422315736,190.35473665694127,178.07379117508995,184.21426391601562,257759,0.0,0.0
2002-11-01 00:00:00+09:00,185.57883285488663,196.49522613818263,183.5320029876497,186.26109313964844,269922,0.0,0.0
2002-11-04 00:00:00+09:00,184.89651051839104,191.03698226427215,184.89651051839104,190.35470581054688,112205,0.0,0.0
2002-11-05 00:00:00+09:00,190.3547740477907,192.40160414270198,182.8497467041016,182.84974670410156,140845,0.0,0.0
2002-11-06 00:00:00+09:00,180.80291660919028,184.89657679901288,180.12063991088652,182.84974670410156,203226,0.0,0.0
2002-11-07 00:00:00+09:00,180.12058471690992,185.57879663079152,180.12058471690992,183.53196716308594,26678,0.0,0.0
2002-11-08 00:00:00+09:00,178.756086514279,186.2611138579681,178.756086514279,182.84974670410156,61595,0.0,0.0
2002-11-11 00:00:00+09:00,180.80288645212036,187.62563595950323,180.80288645212036,186.943359375,180078,0.0,0.0
2002-11-12 00:00:00+09:00,183.53196716308594,187.6256097608498,183.53196716308594,183.53196716308594,25893,0.0,0.0
2002-11-13 00:00:00+09:00,182.16742974575897,187.62562578824438,181.4851531982422,181.4851531982422,130253,0.0,0.0
2002-11-14 00:00:00+09:00,180.12063991088652,183.53202340240534,179.43836321258274,182.84974670410156,113382,0.0,0.0
2002-11-15 00:00:00+09:00,180.8028463231771,184.21422848854175,173.98009833009377,179.43829345703125,134568,0.0,0.0
2002-11-18 00:00:00+09:00,175.34467546065062,179.43831828792554,175.34467546065062,176.709228515625,69049,0.0,0.0
2002-11-19 00:00:00+09:00,175.34468583151335,182.1674351722725,175.34468583151335,180.12060546875,50218,0.0,0.0
2002-11-20 00:00:00+09:00,177.39154945532377,182.8497467041016,177.39154945532377,182.84974670410156,43548,0.0,0.0
2002-11-21 00:00:00+09:00,185.5788124833428,185.5788124833428,176.02695715575678,181.4851531982422,101613,0.0,0.0
2002-11-22 00:00:00+09:00,181.48517332797923,197.85977960930154,171.9333169409328,182.16744995117188,327594,0.0,0.0
2002-11-25 00:00:00+09:00,183.532021537887,183.532021537887,167.83969031162482,169.8865203857422,317393,0.0,0.0
2002-11-26 00:00:00+09:00,167.15741769892807,171.93333831741657,155.55874633789062,155.55874633789062,336225,0.0,0.0
2002-11-27 00:00:00+09:00,152.14734292217176,163.0637524867872,152.14734292217176,158.9700927734375,75327,0.0,0.0
2002-11-28 00:00:00+09:00,158.97005194027733,165.11052359540557,156.9232226093525,161.69915771484375,55318,0.0,0.0
2002-11-29 00:00:00+09:00,159.65235860347988,167.15738456646906,159.65235860347988,165.79283142089844,18047,0.0,0.0
2002-12-02 00:00:00+09:00,165.79283142089844,165.79283142089844,165.79283142089844,165.79283142089844,0,0.0,0.0
2002-12-03 00:00:00+09:00,168.5219587212757,187.6256561279297,167.83968206343255,187.6256561279297,393897,0.0,0.0
2002-12-04 00:00:00+09:00,182.84968707176182,201.27110290527344,182.84968707176182,201.27110290527344,221273,0.0,0.0
2002-12-05 00:00:00+09:00,202.6356558568625,224.4684540693468,198.54201333974225,201.27110290527344,1169924,0.0,0.0
2002-12-06 00:00:00+09:00,208.09386178422238,208.09386178422238,188.30789200469283,194.4483642578125,255798,0.0,0.0
2002-12-09 00:00:00+09:00,190.35473111891454,194.4483740478848,184.21425855663483,185.5788116455078,185963,0.0,0.0
2002-12-10 00:00:00+09:00,182.1673852849439,193.76605108659473,182.1673852849439,191.71923828125,97297,0.0,0.0
2002-12-11 00:00:00+09:00,189.67241417887766,196.49516183251495,188.99013777974943,192.40151977539062,97297,0.0,0.0
2002-12-12 00:00:00+09:00,191.7192433762624,201.2710802887675,189.67241417887766,192.40151977539062,179294,0.0,0.0
2002-12-13 00:00:00+09:00,187.62557999527107,194.4483274675912,187.62557999527107,191.71923828125,136922,0.0,0.0
2002-12-16 00:00:00+09:00,187.6256249411686,197.17748022563075,185.57881164550778,185.5788116455078,122406,0.0,0.0
2002-12-17 00:00:00+09:00,186.26106231717546,192.4015509027585,186.26106231717546,188.30789184570312,28247,0.0,0.0
2002-12-18 00:00:00+09:00,191.03701782226562,191.03701782226562,187.6256349186736,191.03701782226562,118483,0.0,0.0
2002-12-19 00:00:00+09:00,191.03701782226562,191.03701782226562,191.03701782226562,191.03701782226562,0,0.0,0.0
2002-12-20 00:00:00+09:00,188.9901782886144,194.44837431392543,187.62562519787448,189.67245483398438,137707,0.0,0.0
2002-12-23 00:00:00+09:00,187.62563039979693,200.58885244593435,176.02696148223168,184.21426391601562,273845,0.0,0.0
2002-12-24 00:00:00+09:00,176.02695733434177,184.21425957520054,167.15737854527404,175.3446807861328,263252,0.0,0.0
2002-12-25 00:00:00+09:00,175.3446807861328,175.3446807861328,175.3446807861328,175.3446807861328,0,0.0,0.0
2002-12-26 00:00:00+09:00,175.34466528727066,178.07377123887852,169.20419323380025,177.39149475097656,27463,0.0,0.0
2002-12-27 00:00:00+09:00,170.56874620960417,181.4851373407411,170.56874620960417,177.39149475097656,31778,0.0,0.0
2002-12-30 00:00:00+09:00,172.6155697053256,186.94334413669532,171.93329317643673,174.6623992919922,58456,0.0,0.0
2002-12-31 00:00:00+09:00,174.66239929199222,174.66239929199222,174.66239929199222,174.6623992919922,0,0.0,0.0
2003-01-01 00:00:00+09:00,174.66239929199222,174.66239929199222,174.66239929199222,174.6623992919922,0,0.0,0.0
2003-01-02 00:00:00+09:00,172.61558426337203,181.4851635493213,172.61558426337203,180.80288696289062,78465,0.0,0.0
2003-01-03 00:00:00+09:00,184.2142798207498,184.2142798207498,177.3915299264739,182.16744995117188,114167,0.0,0.0
2003-01-06 00:00:00+09:00,179.43830822767472,185.57879663079152,177.39149509761643,183.53196716308594,71796,0.0,0.0
2003-01-07 00:00:00+09:00,186.94331788318752,186.94331788318752,177.39148049545844,179.43829345703125,87881,0.0,0.0
2003-01-08 00:00:00+09:00,176.02697668008864,184.2142798207498,176.02697668008864,182.16744995117188,65126,0.0,0.0
2003-01-09 00:00:00+09:00,178.75605233306834,182.1674351722725,177.39151553503586,180.12060546875,49825,0.0,0.0
2003-01-10 00:00:00+09:00,190.35473197831146,190.35473197831146,176.02695715575678,181.4851531982422,80035,0.0,0.0
2003-01-13 00:00:00+09:00,178.07382615362752,190.3547740477907,176.02699605871624,182.84974670410156,55318,0.0,0.0
2003-01-14 00:00:00+09:00,182.8496665252404,193.08377983687373,182.8496665252404,192.40151977539062,222450,0.0,0.0
2003-01-15 00:00:00+09:00,204.68251580152244,204.68251580152244,194.44838347638654,203.31796264648438,472363,0.0,0.0
2003-01-16 00:00:00+09:00,200.58882111214837,223.78617166129226,200.58882111214837,204.68247985839844,1840413,0.0,0.0
2003-01-17 00:00:00+09:00,210.1406913144782,214.91661054742733,193.08381123764195,194.4483642578125,2074241,0.0,0.0
2003-01-20 00:00:00+09:00,191.71925871799743,194.44834819525212,186.94332354192042,190.35470581054688,444508,0.0,0.0
2003-01-21 00:00:00+09:00,187.62559999564573,195.1306246489774,187.62559999564573,190.35470581054688,509634,0.0,0.0
2003-01-22 00:00:00+09:00,188.307876449371,191.03698226427215,187.62559999564573,190.35470581054688,239320,0.0,0.0
2003-01-23 00:00:00+09:00,191.7192433762624,194.4483326351302,190.35469057800591,192.40151977539062,181648,0.0,0.0
2003-01-24 00:00:00+09:00,194.44837431392543,195.1306508592954,188.30790174324443,189.67245483398438,184394,0.0,0.0
2003-01-27 00:00:00+09:00,185.57880214531403,189.67244486472157,184.8965256358048,188.30789184570312,126329,0.0,0.0
2003-01-28 00:00:00+09:00,185.57881189941324,192.4015610154642,185.57881189941324,189.67245483398438,85527,0.0,0.0
2003-01-29 00:00:00+09:00,191.03698226427215,192.4015351717227,188.9901529030963,190.35470581054688,46294,0.0,0.0
2003-01-30 00:00:00+09:00,188.99012435696872,199.9065296300518,188.99012435696872,198.54197692871094,100043,0.0,0.0
2003-01-31 00:00:00+09:00,198.5419769287109,198.5419769287109,198.5419769287109,198.54197692871094,0,0.0,0.0
2003-02-03 00:00:00+09:00,197.85973686394772,201.95337938106798,195.8129074365641,201.27110290527344,168701,0.0,0.0
2003-02-04 00:00:00+09:00,201.2710659937487,202.6356186950896,198.5419769287109,198.54197692871094,65911,0.0,0.0
2003-02-05 00:00:00+09:00,198.5420174546997,200.58883058685834,197.85974096476437,199.9065704345703,56102,0.0,0.0
2003-02-06 00:00:00+09:00,202.63568606896536,204.00023922400342,200.5888563364083,203.31796264648438,225981,0.0,0.0
2003-02-07 00:00:00+09:00,204.6825054247657,212.86980760227416,201.95339925304668,204.00022888183594,307977,0.0,0.0
2003-02-10 00:00:00+09:00,202.63569214707366,204.6825219410259,195.1306659068987,195.8129425048828,420576,0.0,0.0
2003-02-11 00:00:00+09:00,194.44838438820813,197.17749071108173,189.6724646608288,191.03701782226562,236966,0.0,0.0
2003-02-12 00:00:00+09:00,191.03700817505364,197.85975730004495,191.03700817505364,193.76609802246094,139276,0.0,0.0
2003-02-13 00:00:00+09:00,195.1306659068987,196.49521910286688,193.08383611294647,195.8129425048828,75327,0.0,0.0
2003-02-14 00:00:00+09:00,195.1305951753587,201.2710659937487,194.44831882468827,198.54197692871094,194202,0.0,0.0
2003-02-17 00:00:00+09:00,203.31796264648438,204.68251580152244,201.27113291392732,203.31796264648438,185963,0.0,0.0
2003-02-18 00:00:00+09:00,201.95337402756505,206.0470327738151,201.27109756985672,204.68247985839844,136138,0.0,0.0
2003-02-19 00:00:00+09:00,203.31793233265705,206.72931471162974,200.5888264294789,201.27110290527344,116129,0.0,0.0
2003-02-20 00:00:00+09:00,201.2710659937487,201.2710659937487,197.85970057804047,198.54197692871094,152615,0.0,0.0
2003-02-21 00:00:00+09:00,198.54204288069772,204.682515738839,197.85976630338766,199.2243194580078,47471,0.0,0.0
2003-02-24 00:00:00+09:00,199.2242898155368,202.6356558568625,198.54201333974225,201.27110290527344,94943,0.0,0.0
2003-02-25 00:00:00+09:00,203.31796258421883,203.31796258421883,198.54204288069772,199.2243194580078,66303,0.0,0.0
2003-02-26 00:00:00+09:00,198.54201333974225,203.31793233265705,198.54201333974225,201.27110290527344,67088,0.0,0.0
2003-02-27 00:00:00+09:00,203.31796810868943,203.31796810868943,199.22432487124763,201.9534149169922,100436,0.0,0.0
2003-02-28 00:00:00+09:00,200.58883091818154,206.0470428466797,200.58883091818154,206.0470428466797,138492,0.0,0.0
2003-03-03 00:00:00+09:00,208.77612363696292,215.59887192116972,206.72931058805355,214.91659545898438,351134,0.0,0.0
2003-03-04 00:00:00+09:00,214.23437057995633,214.91663081673943,208.09388141006434,211.50526428222656,192241,0.0,0.0
2003-03-05 00:00:00+09:00,211.5052332848585,211.5052332848585,203.31793192921694,205.36476135253906,194202,0.0,0.0
2003-03-06 00:00:00+09:00,202.6356554547762,207.41159077586119,201.2711025058948,205.36476135253906,291500,0.0,0.0
2003-03-07 00:00:00+09:00,205.36479853900997,205.36479853900997,195.81294250488278,195.8129425048828,246382,0.0,0.0
2003-03-10 00:00:00+09:00,193.08381123764195,197.85974680823887,190.35472153494865,194.4483642578125,179294,0.0,0.0
2003-03-11 00:00:00+09:00,187.62562063572622,195.81292264344148,187.62562063572622,193.0838165283203,56495,0.0,0.0
2003-03-12 00:00:00+09:00,191.71927945204092,198.54202838951352,191.71927945204092,195.13064575195312,86312,0.0,0.0
2003-03-13 00:00:00+09:00,195.1306461146612,198.54202875856268,191.71927980840798,193.0838165283203,121229,0.0,0.0
2003-03-14 00:00:00+09:00,197.85975186200145,200.58884163440155,195.13064575195312,195.13064575195312,184394,0.0,0.0
2003-03-17 00:00:00+09:00,197.85973046387855,197.85973046387855,186.26104708819514,190.35470581054688,179686,0.0,0.0
2003-03-18 00:00:00+09:00,191.7192433762624,197.17743823164318,188.99013777974943,192.40151977539062,387620,0.0,0.0
2003-03-19 00:00:00+09:00,191.71928472131765,197.85975730004495,191.03700817505364,193.76609802246094,51395,0.0,0.0
2003-03-20 00:00:00+09:00,197.17744951398086,201.9533682435077,193.76606732314306,197.85972595214844,90235,0.0,0.0
2003-03-21 00:00:00+09:00,198.5420129457789,208.09385091265494,197.8597364713382,205.36476135253906,240105,0.0,0.0
2003-03-24 00:00:00+09:00,208.09386163261243,210.8229676709652,201.2711128743783,202.6356658935547,178901,0.0,0.0
2003-03-25 00:00:00+09:00,197.85976630338766,203.31796258421883,197.85976630338766,199.2243194580078,195771,0.0,0.0
2003-03-26 00:00:00+09:00,201.27109756985672,206.72930923152344,199.90656099208658,204.68247985839844,612425,0.0,0.0
2003-03-27 00:00:00+09:00,201.95339506481588,204.68250117993705,193.0838165283203,193.0838165283203,772102,0.0,0.0
2003-03-28 00:00:00+09:00,207.17149353027347,207.17149353027347,207.17149353027347,207.17149353027344,213034,127.444176,0.0
2003-03-31 00:00:00+09:00,183.96822922028008,190.59771013113195,182.31085403167302,183.13954162597656,660681,0.0,0.0
2003-04-01 00:00:00+09:00,179.82489075906813,186.45437460693995,179.82489075906813,185.6256866455078,54141,0.0,0.0
2003-04-02 00:00:00+09:00,180.65353767781193,188.11170779269375,180.65353767781193,187.28302001953125,106321,0.0,0.0
2003-04-03 00:00:00+09:00,188.11170959472656,190.59775309444865,185.62564625142357,188.11170959472656,178117,0.0,0.0
2003-04-04 00:00:00+09:00,190.5977702969173,190.5977702969173,185.62566300513294,188.94041442871094,60418,0.0,0.0
2003-04-07 00:00:00+09:00,190.5977648047035,194.7412039647798,188.94040898425507,191.42645263671875,207149,0.0,0.0
2003-04-08 00:00:00+09:00,191.42646621109142,193.08384199264924,188.9404223823382,190.5977783203125,177724,0.0,0.0
2003-04-09 00:00:00+09:00,188.94044012651642,188.94044012651642,183.96831231488986,186.45437622070312,99651,0.0,0.0
2003-04-10 00:00:00+09:00,186.4543729787035,188.11174888709454,183.96830911611698,184.7969970703125,99259,0.0,0.0
2003-04-11 00:00:00+09:00,183.96831231488986,187.28306418930757,183.96831231488986,186.45437622070312,156146,0.0,0.0
2003-04-14 00:00:00+09:00,184.79695670004375,188.94039556585625,184.79695670004375,187.28302001953125,78858,0.0,0.0
2003-04-15 00:00:00+09:00,188.11170779269375,194.7411901344131,185.62564447320625,187.28302001953125,102397,0.0,0.0
2003-04-16 00:00:00+09:00,190.59775309444865,190.59775309444865,186.45433403252457,188.11170959472656,83566,0.0,0.0
2003-04-17 00:00:00+09:00,189.76908333901875,189.76908333901875,187.28302001953125,187.28302001953125,42763,0.0,0.0
2003-04-18 00:00:00+09:00,187.28303670184434,193.08383178710935,186.4543488548661,193.08383178710938,115344,0.0,0.0
2003-04-21 00:00:00+09:00,194.7412109375,201.370693987409,192.25514735244056,194.7412109375,103182,0.0,0.0
2003-04-22 00:00:00+09:00,198.8846431248561,198.8846431248561,188.11172115223982,191.42645263671875,80819,0.0,0.0
2003-04-23 00:00:00+09:00,193.08383178710935,194.74120748106577,188.11172454882254,193.08383178710938,88666,0.0,0.0
2003-04-24 00:00:00+09:00,190.59776824617472,193.91251963408757,190.59776824617472,193.08383178710938,83566,0.0,0.0
2003-04-25 00:00:00+09:00,194.74119568215576,194.74119568215576,185.62564976126734,189.7690887451172,150261,0.0,0.0
2003-04-28 00:00:00+09:00,183.96829503766472,191.42646621109142,183.96829503766472,190.5977783203125,29032,0.0,0.0
2003-04-29 00:00:00+09:00,192.2551523633737,197.22727966308594,192.2551523633737,197.22727966308594,151438,0.0,0.0
2003-04-30 00:00:00+09:00,217.9443952396083,219.60177083906945,203.85674233135114,207.17149353027344,661073,0.0,0.0
2003-05-01 00:00:00+09:00,207.17149353027347,207.17149353027347,207.17149353027347,207.17149353027344,0,0.0,0.0
2003-05-02 00:00:00+09:00,211.3149442134873,211.3149442134873,191.4264737397608,199.7133331298828,177724,0.0,0.0
2003-05-05 00:00:00+09:00,199.71333312988278,199.71333312988278,199.71333312988278,199.7133331298828,0,0.0,0.0
2003-05-06 00:00:00+09:00,203.02807325347948,207.17151263421195,193.08383858330464,196.39859008789062,160462,0.0,0.0
2003-05-07 00:00:00+09:00,194.7412254332433,201.37070897662406,193.08384958650205,199.7133331298828,171055,0.0,0.0
2003-05-08 00:00:00+09:00,199.71333312988278,199.71333312988278,199.71333312988278,199.7133331298828,0,0.0,0.0
2003-05-09 00:00:00+09:00,195.5698852065391,207.17149462022306,195.5698852065391,200.5419921875,70619,0.0,0.0
2003-05-12 00:00:00+09:00,199.71333312988278,203.85677274673594,198.88466505009646,199.7133331298828,85135,0.0,0.0
2003-05-13 00:00:00+09:00,198.88464180601224,198.88464180601224,195.56989049993197,198.0559539794922,94943,0.0,0.0
2003-05-14 00:00:00+09:00,202.19937326851053,202.19937326851053,195.56989049993197,198.0559539794922,12162,0.0,0.0
2003-05-15 00:00:00+09:00,193.91250610351562,198.05594504929127,190.59775494689512,193.91250610351562,161247,0.0,0.0
2003-05-16 00:00:00+09:00,193.08384199264924,194.74121777420706,190.5977783203125,190.5977783203125,59633,0.0,0.0
2003-05-19 00:00:00+09:00,190.5977962201399,193.08386012595318,186.45437622070312,186.45437622070312,50218,0.0,0.0
2003-05-20 00:00:00+09:00,189.7691102731171,191.42646621109142,187.28304660078035,190.5977783203125,52964,0.0,0.0
2003-05-21 00:00:00+09:00,190.5977783203125,193.08384199264924,188.9404223823382,190.5977783203125,45902,0.0,0.0
2003-05-22 00:00:00+09:00,193.0838183143605,196.39856947098102,188.11171142301083,193.91250610351562,72188,0.0,0.0
2003-05-23 00:00:00+09:00,191.42646621109142,197.2272814465438,189.7691102731171,190.5977783203125,147123,0.0,0.0
2003-05-26 00:00:00+09:00,193.9125230758135,196.39858666087295,189.76910361096395,194.7412109375,142807,0.0,0.0
2003-05-27 00:00:00+09:00,198.88464180601224,198.88464180601224,191.42645136733165,198.0559539794922,61595,0.0,0.0
2003-05-28 00:00:00+09:00,196.39858140955897,198.05595708861694,192.25514221191406,192.25514221191406,68265,0.0,0.0
2003-05-29 00:00:00+09:00,194.7412109375,194.7412109375,189.76910361096395,194.7412109375,82389,0.0,0.0
2003-05-30 00:00:00+09:00,194.74119744961516,196.39857305819734,190.5977584281597,195.56988525390625,36486,0.0,0.0
2003-06-02 00:00:00+09:00,199.71332127313957,201.3706970214844,196.39858962003302,201.37069702148438,112205,0.0,0.0
2003-06-03 00:00:00+09:00,201.37072030627593,215.4583959526024,201.37072030627593,205.51416015625,715999,0.0,0.0
2003-06-04 00:00:00+09:00,207.17153770788673,207.17153770788673,196.39861385773384,206.3428497314453,179686,0.0,0.0
2003-06-05 00:00:00+09:00,199.7132946003108,209.65752791868857,199.7132946003108,203.02804565429688,119660,0.0,0.0
2003-06-06 00:00:00+09:00,203.02804565429688,203.02804565429688,203.02804565429688,203.02804565429688,0,0.0,0.0
2003-06-09 00:00:00+09:00,203.02804565429688,206.34279670828295,203.02804565429688,203.02804565429688,110244,0.0,0.0
2003-06-10 00:00:00+09:00,201.37065684420284,205.51409538837,201.37065684420284,203.85671997070312,226373,0.0,0.0
2003-06-11 00:00:00+09:00,206.34284812624483,212.14364407262315,203.02809624626556,205.51416015625,448431,0.0,0.0
2003-06-12 00:00:00+09:00,207.17148646373784,210.48621770601468,205.5141109208091,208.82884216308594,104751,0.0,0.0
2003-06-13 00:00:00+09:00,205.5141179308123,213.80097608453673,205.5141179308123,207.17149353027344,58849,0.0,0.0
2003-06-16 00:00:00+09:00,205.5141144430555,211.31490909914356,203.8567388717215,210.48622131347656,86704,0.0,0.0
2003-06-17 00:00:00+09:00,210.48622488561443,210.48622488561443,204.68543013108172,207.17149353027344,66303,0.0,0.0
2003-06-18 00:00:00+09:00,204.68543013108172,209.65753708588386,204.68543013108172,207.17149353027344,41194,0.0,0.0
2003-06-19 00:00:00+09:00,211.314912685345,211.314912685345,204.68543013108172,207.17149353027344,99651,0.0,0.0
2003-06-20 00:00:00+09:00,205.5141179308123,207.17149353027347,205.5141179308123,207.17149353027344,22362,0.0,0.0
2003-06-23 00:00:00+09:00,207.17151840179247,210.48625015507625,204.68545470414185,209.65756225585938,122798,0.0,0.0
2003-06-24 00:00:00+09:00,206.3428497314453,208.00020584074258,205.5141617550039,206.3428497314453,34132,0.0,0.0
2003-06-25 00:00:00+09:00,206.34279616124854,214.62965393066403,206.34279616124854,214.62965393066406,176155,0.0,0.0
2003-06-26 00:00:00+09:00,214.62967093768455,216.28704659161235,211.31491962982892,215.45835876464844,52179,0.0,0.0
2003-06-27 00:00:00+09:00,212.14360745679284,217.11571457499429,211.31491962982892,215.45835876464844,30601,0.0,0.0
2003-06-30 00:00:00+09:00,214.62967930041378,214.62967930041378,211.31492786340377,212.14361572265625,32563,0.0,0.0
2003-07-01 00:00:00+09:00,212.14360745679284,220.43046588284992,212.14360745679284,215.45835876464844,174978,0.0,0.0
2003-07-02 00:00:00+09:00,215.45837016694767,220.43047754827865,212.97230655449067,218.77310180664062,213819,0.0,0.0
2003-07-03 00:00:00+09:00,221.25914188820164,236.17548228942576,218.77307854013733,227.0599365234375,243636,0.0,0.0
2003-07-04 00:00:00+09:00,227.05994704801503,233.6894496168075,226.23125922691597,232.03207397460938,218134,0.0,0.0
2003-07-07 00:00:00+09:00,235.3468226099403,235.3468226099403,227.88865151873412,232.86077880859375,453139,0.0,0.0
2003-07-08 00:00:00+09:00,238.6615670932933,238.6615670932933,229.54602050781253,229.5460205078125,78465,0.0,0.0
2003-07-09 00:00:00+09:00,236.1755175040589,236.1755175040589,228.71734619140622,228.71734619140625,38448,0.0,0.0
2003-07-10 00:00:00+09:00,227.05994704801503,232.03207397460938,227.05994704801503,232.03207397460938,54926,0.0,0.0
2003-07-11 00:00:00+09:00,232.0320397040485,232.0320397040485,227.88860121052886,230.37466430664062,34132,0.0,0.0
2003-07-14 00:00:00+09:00,227.05991351182493,232.0320397040485,227.05991351182493,230.37466430664062,74150,0.0,0.0
2003-07-15 00:00:00+09:00,235.3468178404389,235.3468178404389,225.4026031494141,225.40260314941406,71011,0.0,0.0
2003-07-16 00:00:00+09:00,224.5738947431399,232.0320650010127,222.91651916503906,222.91651916503906,33740,0.0,0.0
2003-07-17 00:00:00+09:00,222.91651916503906,222.91651916503906,222.91651916503906,222.91651916503906,0,0.0,0.0
2003-07-18 00:00:00+09:00,227.88862605576057,227.88862605576057,203.02805191499087,222.91651916503906,66695,0.0,0.0
2003-07-21 00:00:00+09:00,219.60173856998625,224.5738646377473,217.11567553610573,217.530029296875,15300,0.0,0.0
2003-07-22 00:00:00+09:00,215.45832002376378,227.88859550600958,215.45832002376378,217.530029296875,34524,0.0,0.0
2003-07-23 00:00:00+09:00,216.70134161891482,230.3746585398901,216.70134161891482,217.530029296875,51395,0.0,0.0
2003-07-24 00:00:00+09:00,223.74526664525865,223.74526664525865,217.94445057435337,222.087890625,71403,0.0,0.0
2003-07-25 00:00:00+09:00,222.91658466031197,233.68950923958676,217.1157684326172,217.1157684326172,136922,0.0,0.0
2003-07-28 00:00:00+09:00,215.45834366959835,222.0878259772649,212.97228036288067,220.43045043945312,62380,0.0,0.0
2003-07-29 00:00:00+09:00,220.01611647679047,220.43045043945312,214.62965590069246,220.43045043945312,41194,0.0,0.0
2003-07-30 00:00:00+09:00,217.11572303458857,219.6017866123461,211.31492786340377,212.14361572265625,14908,0.0,0.0
2003-07-31 00:00:00+09:00,211.31490482506888,223.7452015150767,211.31490482506888,220.43045043945312,40409,0.0,0.0
2003-08-01 00:00:00+09:00,223.33091875478243,223.33091875478243,217.1157684326172,217.1157684326172,9415,0.0,0.0
2003-08-04 00:00:00+09:00,215.45840638755175,223.74526664525865,215.45840638755175,222.087890625,5100,0.0,0.0
2003-08-05 00:00:00+09:00,218.77310180664065,219.60178967745964,213.80099442530965,218.77310180664062,18439,0.0,0.0
2003-08-06 00:00:00+09:00,219.6017445107341,219.6017445107341,213.3865966796875,213.3865966796875,8238,0.0,0.0
2003-08-07 00:00:00+09:00,213.3866239596863,218.77308477897637,213.3866239596863,217.94439697265625,5884,0.0,0.0
2003-08-08 00:00:00+09:00,231.20341460146295,231.20341460146295,215.04402986710548,219.18746948242188,34132,0.0,0.0
2003-08-11 00:00:00+09:00,215.45838161331253,239.07591773381023,208.41454425893414,224.5739288330078,480210,0.0,0.0
2003-08-12 00:00:00+09:00,224.573931060541,225.4026189836043,219.18746948242188,219.18746948242188,165170,0.0,0.0
2003-08-13 00:00:00+09:00,222.50221887163002,227.05999288598935,217.53011078486796,225.8169708251953,127899,0.0,0.0
2003-08-14 00:00:00+09:00,225.4026031494141,225.81693716004725,221.6734978358012,225.40260314941406,125937,0.0,0.0
2003-08-15 00:00:00+09:00,225.4026031494141,225.4026031494141,225.4026031494141,225.40260314941406,0,0.0,0.0
2003-08-18 00:00:00+09:00,221.6734642117763,229.13165386414104,221.6734642117763,223.7451934814453,160070,0.0,0.0
2003-08-19 00:00:00+09:00,236.1755552665153,246.9484799266607,223.74527437245962,224.98829650878906,514735,0.0,0.0
2003-08-20 00:00:00+09:00,229.96036644486804,234.51813997406393,224.98825888737423,227.88865661621094,476679,0.0,0.0
2003-08-21 00:00:00+09:00,222.08787300021638,232.0321084890123,222.08787300021638,227.47433471679688,306408,0.0,0.0
2003-08-22 00:00:00+09:00,229.5459766079367,231.20335200534456,223.74518256058812,230.37466430664062,184394,0.0,0.0
2003-08-25 00:00:00+09:00,227.05994532535422,232.86076002903798,227.05994532535422,231.20338439941406,53356,0.0,0.0
2003-08-26 00:00:00+09:00,227.88863993286657,231.20339129091755,227.05995209335381,228.30299377441406,42371,0.0,0.0
2003-08-27 00:00:00+09:00,228.71732921420534,234.5181242837803,227.88864136946856,234.10379028320312,166739,0.0,0.0
2003-08-28 00:00:00+09:00,232.0320511395357,241.97628417049637,232.0320511395357,240.31890869140625,154577,0.0,0.0
2003-08-29 00:00:00+09:00,244.46234130859372,251.09184359818997,240.31892222117708,244.46234130859375,258152,0.0,0.0
2003-09-01 00:00:00+09:00,247.77708974475036,250.26315307617188,246.94840196760984,250.26315307617188,171839,0.0,0.0
2003-09-02 00:00:00+09:00,254.40657859786978,254.40657859786978,242.804989109579,246.11972045898438,297385,0.0,0.0
2003-09-03 00:00:00+09:00,241.14759643095132,246.1197030246417,240.31890869140628,240.31890869140625,182432,0.0,0.0
2003-09-04 00:00:00+09:00,238.66162715975716,244.46242377643466,238.66162715975716,240.73333740234375,95728,0.0,0.0
2003-09-05 00:00:00+09:00,241.97630458979214,241.97630458979214,236.58984375,236.58984375,104751,0.0,0.0
2003-09-08 00:00:00+09:00,234.93243917620836,240.3188993521326,234.93243917620836,236.1754608154297,36094,0.0,0.0
2003-09-09 00:00:00+09:00,239.49021164479203,239.49021164479203,235.3467731080891,236.1754608154297,58456,0.0,0.0
2003-09-10 00:00:00+09:00,236.1754608154297,236.1754608154297,236.1754608154297,236.1754608154297,0,0.0,0.0
2003-09-11 00:00:00+09:00,236.1754608154297,236.1754608154297,236.1754608154297,236.1754608154297,0,0.0,0.0
2003-09-12 00:00:00+09:00,236.1754608154297,236.1754608154297,236.1754608154297,236.1754608154297,0,0.0,0.0
2003-09-15 00:00:00+09:00,236.17555081610186,246.11978725011275,235.34686279296875,235.34686279296875,73757,0.0,0.0
2003-09-16 00:00:00+09:00,233.68950659028917,243.63372318071336,233.68950659028917,235.34686279296875,19224,0.0,0.0
2003-09-17 00:00:00+09:00,234.5181685643905,238.66160857041905,232.44645848316927,233.275146484375,134176,0.0,0.0
2003-09-18 00:00:00+09:00,232.86077880859375,234.518134728297,228.7173394003774,232.86077880859375,117306,0.0,0.0
2003-09-19 00:00:00+09:00,228.7173599673143,232.44644584824775,227.88867201115298,229.1317138671875,82781,0.0,0.0
2003-09-22 00:00:00+09:00,224.57395465538798,231.2034388928362,221.25920261487067,222.087890625,95335,0.0,0.0
2003-09-23 00:00:00+09:00,218.7731385844827,222.087890625,218.7731385844827,222.087890625,35309,0.0,0.0
2003-09-24 00:00:00+09:00,220.84482127881847,229.54601375805728,220.84482127881847,221.2591552734375,43156,0.0,0.0
2003-09-25 00:00:00+09:00,220.43047754827865,223.74522903155466,216.70139205138466,218.77310180664062,45902,0.0,0.0
2003-09-26 00:00:00+09:00,218.77305089202608,222.50213552105765,217.11567553610573,217.530029296875,119660,0.0,0.0
2003-09-29 00:00:00+09:00,215.45836706413115,224.15955981705022,215.45836706413115,218.3587646484375,42371,0.0,0.0
2003-09-30 00:00:00+09:00,218.3587815593586,224.573931060541,217.5300936362953,219.18746948242188,46687,0.0,0.0
2003-10-01 00:00:00+09:00,219.18743860392718,223.74521161689714,217.5300629912869,217.94439697265625,18831,0.0,0.0
2003-10-02 00:00:00+09:00,223.33087517435362,224.15956304517263,218.77310180664065,218.77310180664062,81996,0.0,0.0
2003-10-03 00:00:00+09:00,218.77310180664065,218.77310180664065,218.77310180664065,218.77310180664062,0,0.0,0.0
2003-10-06 00:00:00+09:00,218.77305790095951,222.91649642350563,218.77305790095951,219.60174560546875,39232,0.0,0.0
2003-10-07 00:00:00+09:00,217.94438713273544,223.33084770883346,217.94438713273544,220.43045043945312,38448,0.0,0.0
2003-10-08 00:00:00+09:00,220.43045043945312,224.5738892839826,220.43045043945312,220.43045043945312,23147,0.0,0.0
2003-10-09 00:00:00+09:00,220.43046744061732,222.9165309390779,218.77309177497693,221.2591552734375,39232,0.0,0.0
2003-10-10 00:00:00+09:00,226.2312504776597,227.4742920830259,219.18743403610264,222.91651916503906,34132,0.0,0.0
2003-10-13 00:00:00+09:00,225.4026167478514,225.4026167478514,221.2591771736335,224.5739288330078,47471,0.0,0.0
2003-10-14 00:00:00+09:00,222.91649363423434,236.17545705331938,222.91649363423434,234.51808166503906,29816,0.0,0.0
2003-10-15 00:00:00+09:00,232.03207397460938,232.03207397460938,225.40259124939874,232.03207397460938,29816,0.0,0.0
2003-10-16 00:00:00+09:00,228.7173445163905,232.0320961171089,221.67350728665585,227.88865661621094,43940,0.0,0.0
2003-10-17 00:00:00+09:00,230.37472031674972,231.61774224522722,224.15957098719463,227.88865661621094,71011,0.0,0.0
2003-10-20 00:00:00+09:00,231.61774877186625,231.61774877186625,223.74524326370036,229.9603729248047,31778,0.0,0.0
2003-10-21 00:00:00+09:00,231.6177463438021,231.6177463438021,224.5739288330078,224.5739288330078,63949,0.0,0.0
2003-10-22 00:00:00+09:00,224.15958293933662,228.30302266116192,223.7452488889465,227.47433471679688,51787,0.0,0.0
2003-10-23 00:00:00+09:00,224.573869149954,229.1316415485219,222.08780606612274,224.15951538085938,34524,0.0,0.0
2003-10-24 00:00:00+09:00,221.67349624039502,228.71733311912672,215.45836706413115,218.3587646484375,74542,0.0,0.0
2003-10-27 00:00:00+09:00,212.14356931192307,220.43042624794643,212.14356931192307,217.530029296875,61203,0.0,0.0
2003-10-28 00:00:00+09:00,217.94436204622392,223.74517576086183,217.94436204622392,221.67344665527344,19224,0.0,0.0
2003-10-29 00:00:00+09:00,221.67353669814216,223.74526664525865,217.94445057435337,222.087890625,76504,0.0,0.0
2003-10-30 00:00:00+09:00,221.67347755967288,224.5738947431399,217.94439243073646,222.91651916503906,48256,0.0,0.0
2003-10-31 00:00:00+09:00,221.25913026399041,224.15952742923122,221.25913026399041,223.7451934814453,24716,0.0,0.0
2003-11-03 00:00:00+09:00,225.4026031494141,226.2312711706804,222.91653955486643,225.40260314941406,27463,0.0,0.0
2003-11-04 00:00:00+09:00,224.98825888737423,231.2034082169293,224.98825888737423,227.88865661621094,213426,0.0,0.0
2003-11-05 00:00:00+09:00,227.88866466867745,230.78906249999997,226.23128880975474,230.7890625,28639,0.0,0.0
2003-11-06 00:00:00+09:00,227.88864690037883,231.61773237040885,224.98824929519802,225.40260314941406,58849,0.0,0.0
2003-11-07 00:00:00+09:00,226.64566190503882,229.13172590412276,224.98828590564955,226.23130798339844,32955,0.0,0.0
2003-11-10 00:00:00+09:00,230.37472031674972,230.37472031674972,224.5739248590763,227.88865661621094,88666,0.0,0.0
2003-11-11 00:00:00+09:00,225.40262072387782,233.68948017490695,225.40262072387782,230.7890625,268352,0.0,0.0
2003-11-12 00:00:00+09:00,232.03206321956614,243.6336524900378,226.23124874074938,227.0599365234375,787011,0.0,0.0
2003-11-13 00:00:00+09:00,229.54601395730253,234.51812111495732,225.81692862816593,233.689453125,286399,0.0,0.0
2003-11-14 00:00:00+09:00,226.23125751054226,234.93246964427703,226.23125751054226,231.20338439941406,241282,0.0,0.0
2003-11-17 00:00:00+09:00,232.03208622462492,234.51812997558966,224.98824929519802,225.40260314941406,160854,0.0,0.0
2003-11-18 00:00:00+09:00,225.4025689597486,229.54598781192692,221.6734642117763,223.7451934814453,143199,0.0,0.0
2003-11-19 00:00:00+09:00,221.67351340802742,229.1317047155969,219.18746948242188,219.18746948242188,174193,0.0,0.0
2003-11-20 00:00:00+09:00,218.77305790095951,224.9882057629892,218.77305790095951,219.60174560546875,98082,0.0,0.0
2003-11-21 00:00:00+09:00,217.11576256422404,222.91657863512933,217.11576256422404,222.087890625,63949,0.0,0.0
2003-11-24 00:00:00+09:00,217.94445181453767,221.25920387391713,215.45840761358954,215.87274169921875,223235,0.0,0.0
2003-11-25 00:00:00+09:00,218.77305790095951,219.60174560546875,213.8009515174832,219.60174560546875,80035,0.0,0.0
2003-11-26 00:00:00+09:00,220.43046744061732,222.9165309390779,220.43046744061732,221.2591552734375,18831,0.0,0.0
2003-11-27 00:00:00+09:00,221.2591552734375,222.0878431062577,218.77309177497693,221.2591552734375,82781,0.0,0.0
2003-11-28 00:00:00+09:00,221.2591210144872,222.08780871899643,218.77305790095951,219.60174560546875,53749,0.0,0.0
2003-12-01 00:00:00+09:00,220.43046744061732,221.2591552734375,217.94440394215675,221.2591552734375,68265,0.0,0.0
2003-12-02 00:00:00+09:00,220.0161085770529,227.47427838583775,220.0161085770529,223.7451934814453,42371,0.0,0.0
2003-12-03 00:00:00+09:00,224.98821516838285,225.4025689597486,222.91650574229368,223.7451934814453,15300,0.0,0.0
2003-12-04 00:00:00+09:00,223.74520695408947,223.74520695408947,220.43045579788776,222.91651916503906,36094,0.0,0.0
2003-12-05 00:00:00+09:00,222.91651916503906,222.91651916503906,220.43045579788776,222.91651916503906,23539,0.0,0.0
2003-12-08 00:00:00+09:00,219.60179950969052,222.91655114137788,219.60179950969052,222.502197265625,30993,0.0,0.0
2003-12-09 00:00:00+09:00,222.91650574229368,223.74519348144534,220.43044252483878,223.7451934814453,18047,0.0,0.0
2003-12-10 00:00:00+09:00,222.08780041382244,222.91648808734212,219.6017373932633,221.67344665527344,34524,0.0,0.0
2003-12-11 00:00:00+09:00,221.67353669814216,222.91657863512933,219.18749251134054,222.087890625,71403,0.0,0.0
2003-12-12 00:00:00+09:00,225.40259443753845,225.40259443753845,219.60177960779714,221.2591552734375,45902,0.0,0.0
2003-12-15 00:00:00+09:00,226.2312449782138,226.2312449782138,219.18742870788458,220.43045043945312,165170,0.0,0.0
2003-12-16 00:00:00+09:00,222.9165137461708,222.9165137461708,218.77307490164134,220.43045043945312,136922,0.0,0.0
2003-12-17 00:00:00+09:00,222.50217710087674,222.50217710087674,219.60177960779714,221.2591552734375,114167,0.0,0.0
2003-12-18 00:00:00+09:00,221.25911274030273,222.91648808734212,218.77304971974363,221.67344665527344,148692,0.0,0.0
2003-12-19 00:00:00+09:00,219.60177960779714,226.23126242677654,219.60177960779714,221.2591552734375,127506,0.0,0.0
2003-12-22 00:00:00+09:00,221.25920261487067,226.23131083206025,221.25920261487067,222.087890625,62380,0.0,0.0
2003-12-23 00:00:00+09:00,224.15953547773935,224.15953547773935,220.43045043945312,220.43045043945312,93766,0.0,0.0
2003-12-24 00:00:00+09:00,225.4026031494141,227.88864690037883,220.4304759603188,225.40260314941406,305231,0.0,0.0
2003-12-25 00:00:00+09:00,225.4026031494141,225.4026031494141,225.4026031494141,225.40260314941406,0,0.0,0.0
2003-12-26 00:00:00+09:00,225.40255795799598,234.51808295658137,225.40255795799598,230.37466430664062,280122,0.0,0.0
2003-12-29 00:00:00+09:00,235.34684604729455,235.76119995117188,231.20342607003306,235.76119995117188,151046,0.0,0.0
2003-12-30 00:00:00+09:00,235.7611625657196,238.66156005859375,235.34680872754777,238.66156005859375,154185,0.0,0.0
2003-12-31 00:00:00+09:00,238.66156005859375,238.66156005859375,238.66156005859375,238.66156005859375,0,0.0,0.0
2004-01-01 00:00:00+09:00,238.66156005859375,238.66156005859375,238.66156005859375,238.66156005859375,0,0.0,0.0
2004-01-02 00:00:00+09:00,237.00416848550452,250.26315307617188,237.00416848550452,250.26315307617188,313862,0.0,0.0
2004-01-05 00:00:00+09:00,250.26320196302558,253.5779338755124,246.9484502069541,250.6775360107422,153008,0.0,0.0
2004-01-06 00:00:00+09:00,252.7492071541756,263.5221288648056,248.191434110723,260.2073974609375,571622,0.0,0.0
2004-01-07 00:00:00+09:00,260.2074037889106,263.9364891111882,255.64963063461772,261.03607177734375,182432,0.0,0.0
2004-01-08 00:00:00+09:00,261.86475627789844,267.25121719567966,260.6217344674804,265.5938415527344,251874,0.0,0.0
2004-01-09 00:00:00+09:00,269.3229911850223,296.255280381732,265.59388545025564,290.0401306152344,658327,0.0,0.0
2004-01-12 00:00:00+09:00,290.868794175268,304.12778055452316,290.0401062863406,298.32696533203125,386051,0.0,0.0
2004-01-13 00:00:00+09:00,304.12779258867647,308.2712123536827,285.8966979980469,285.8966979980469,236966,0.0,0.0
2004-01-14 00:00:00+09:00,285.89669196232,289.62577760953246,271.8090174341095,277.6098327636719,269137,0.0,0.0
2004-01-15 00:00:00+09:00,274.7093415535453,285.8966153405181,274.7093415535453,278.4384460449219,144769,0.0,0.0
2004-01-16 00:00:00+09:00,278.4385741868565,286.72543497833055,276.36684410629726,280.5102844238281,135745,0.0,0.0
2004-01-19 00:00:00+09:00,278.4385066816701,285.8966776014642,278.4385066816701,283.4106140136719,65911,0.0,0.0
2004-01-20 00:00:00+09:00,289.2114092082711,289.2114092082711,280.9245504258796,283.4106140136719,73757,0.0,0.0
2004-01-21 00:00:00+09:00,283.4106140136719,283.4106140136719,283.4106140136719,283.4106140136719,0,0.0,0.0
2004-01-22 00:00:00+09:00,283.4106140136719,283.4106140136719,283.4106140136719,283.4106140136719,0,0.0,0.0
2004-01-23 00:00:00+09:00,283.4106140136719,283.4106140136719,283.4106140136719,283.4106140136719,0,0.0,0.0
2004-01-26 00:00:00+09:00,283.41054053780664,289.2113342285156,280.09578994678566,289.2113342285156,67088,0.0,0.0
2004-01-27 00:00:00+09:00,297.4981908624904,297.4981908624904,285.89660348107236,289.2113342285156,65518,0.0,0.0
2004-01-28 00:00:00+09:00,285.896710666626,291.69750653211173,283.41064679130994,290.0401306152344,108675,0.0,0.0
2004-01-29 00:00:00+09:00,285.8966672618793,295.84090140982784,285.8966672618793,290.8687744140625,67872,0.0,0.0
2004-01-30 00:00:00+09:00,290.04009312738657,301.64170320242846,290.04009312738657,299.1556396484375,177332,0.0,0.0
2004-02-02 00:00:00+09:00,317.38673300053244,317.38673300053244,294.18353267136854,300.398681640625,132214,0.0,0.0
2004-02-03 00:00:00+09:00,300.39867456748834,300.39867456748834,289.2113987488074,290.8687744140625,141630,0.0,0.0
2004-02-04 00:00:00+09:00,290.0401132219898,297.08395052451846,286.3110275544356,295.42657470703125,25501,0.0,0.0
2004-02-05 00:00:00+09:00,297.498291015625,300.39870868098603,286.7253876552522,297.498291015625,184786,0.0,0.0
2004-02-06 00:00:00+09:00,298.32696533203125,299.57000708721415,295.8409215088325,298.32696533203125,52572,0.0,0.0
2004-02-09 00:00:00+09:00,305.78513648879454,305.78513648879454,295.8409215088325,298.32696533203125,238928,0.0,0.0
2004-02-10 00:00:00+09:00,298.326952132572,298.326952132572,291.28313515371747,294.18353271484375,143199,0.0,0.0
2004-02-11 00:00:00+09:00,291.28315827472306,298.3269758126904,291.28315827472306,297.0839538574219,28247,0.0,0.0
2004-02-12 00:00:00+09:00,294.18355230927557,305.37080929458097,294.18355230927557,301.6417236328125,54533,0.0,0.0
2004-02-13 00:00:00+09:00,298.3269249509773,302.4703638347651,297.49823717421975,300.81298828125,98082,0.0,0.0
2004-02-16 00:00:00+09:00,301.6416662484306,304.542063450969,298.7412690458923,303.2990417480469,140061,0.0,0.0
2004-02-17 00:00:00+09:00,304.12775350768646,319.0440944946657,303.29906569245634,312.41461181640625,187533,0.0,0.0
2004-02-18 00:00:00+09:00,316.14370379072943,317.38672561823546,309.92855496603505,314.486328125,278553,0.0,0.0
2004-02-19 00:00:00+09:00,314.48628698673235,315.3149747111956,309.5141606399528,310.7572021484375,53749,0.0,0.0
2004-02-20 00:00:00+09:00,310.75726922812436,319.04412841796875,307.44251761475306,319.04412841796875,136138,0.0,0.0
2004-02-23 00:00:00+09:00,319.0441411960769,324.01624897168904,314.4863674669389,323.18756103515625,73757,0.0,0.0
2004-02-24 00:00:00+09:00,323.18748950831144,326.50224052083223,313.2432761579094,319.4584045410156,86704,0.0,0.0
2004-02-25 00:00:00+09:00,315.72933288813306,320.7014596165905,314.9006451000568,318.6297302246094,34917,0.0,0.0
2004-02-26 00:00:00+09:00,314.90073074540686,319.04417081270316,311.58599853515625,311.58599853515625,52964,0.0,0.0
2004-02-27 00:00:00+09:00,311.58588987290074,314.07193320271097,294.1834873463314,310.7572021484375,69049,0.0,0.0
2004-03-01 00:00:00+09:00,310.7572021484375,310.7572021484375,310.7572021484375,310.7572021484375,0,0.0,0.0
2004-03-02 00:00:00+09:00,310.75728390488564,310.75728390488564,296.6696087262944,305.78515625,131822,0.0,0.0
2004-03-03 00:00:00+09:00,307.02816465953345,307.02816465953345,290.0400934535329,294.18353271484375,138099,0.0,0.0
2004-03-04 00:00:00+09:00,294.18354573097764,298.32696533203125,290.454460152596,298.32696533203125,49433,0.0,0.0
2004-03-05 00:00:00+09:00,305.7851052580629,305.7851052580629,289.2113888594039,293.3548278808594,409591,0.0,0.0
2004-03-08 00:00:00+09:00,289.2113987488074,297.9126110696057,289.2113987488074,290.8687744140625,92197,0.0,0.0
2004-03-09 00:00:00+09:00,290.86880822412576,292.52618408203125,288.79709832353615,292.52618408203125,84742,0.0,0.0
2004-03-10 00:00:00+09:00,290.0401306152344,292.52619449055044,285.896710666626,290.0401306152344,106713,0.0,0.0
2004-03-11 00:00:00+09:00,286.3110184514633,290.8687918828513,286.3110184514633,286.7253723144531,82389,0.0,0.0
2004-03-12 00:00:00+09:00,282.5818576629909,285.06792064824737,266.83683177685583,280.0957946777344,253444,0.0,0.0
2004-03-15 00:00:00+09:00,279.2671646139898,279.2671646139898,272.2233478016975,273.46636962890625,127899,0.0,0.0
2004-03-16 00:00:00+09:00,268.4942860902621,277.19547933314766,266.00822237361604,271.3946838378906,65911,0.0,0.0
2004-03-17 00:00:00+09:00,275.95242305829595,283.82492741601254,274.29504745343513,280.9245300292969,92197,0.0,0.0
2004-03-18 00:00:00+09:00,279.2671713057114,287.9683838354148,279.2671713057114,281.75323486328125,106713,0.0,0.0
2004-03-19 00:00:00+09:00,279.2671713057114,281.75323486328125,279.2671713057114,281.75323486328125,91020,0.0,0.0
2004-03-22 00:00:00+09:00,286.3110081303682,286.3110081303682,280.5102130062876,281.75323486328125,70619,0.0,0.0
2004-03-23 00:00:00+09:00,276.36675735470817,287.5540129349779,276.36675735470817,287.1396789550781,154185,0.0,0.0
2004-03-24 00:00:00+09:00,285.48232374837403,287.55403348307624,282.99626016058176,283.4106140136719,78858,0.0,0.0
2004-03-25 00:00:00+09:00,282.99627372663497,284.2393155019105,280.5102298632515,282.5819396972656,88666,0.0,0.0
2004-03-26 00:00:00+09:00,283.41055767044634,283.41055767044634,269.3229064941406,269.3229064941406,275807,0.0,0.0
2004-03-29 00:00:00+09:00,269.73729793201016,274.2950713201637,269.73729793201016,273.8807373046875,279337,0.0,0.0
2004-03-30 00:00:00+09:00,298.1806712967745,304.76191111731845,294.6369323730469,294.6369323730469,63949,152.93301,0.0
2004-03-31 00:00:00+09:00,279.4494556122434,290.08069676086404,277.9307172674904,282.9931945800781,272276,0.0,0.0
2004-04-01 00:00:00+09:00,288.05570134326945,288.5619393856299,284.00570002391805,286.03070068359375,109067,0.0,0.0
2004-04-02 00:00:00+09:00,286.03072782201923,290.08072952563236,279.95574951171875,279.95574951171875,131430,0.0,0.0
2004-04-05 00:00:00+09:00,279.95574951171875,279.95574951171875,279.95574951171875,279.95574951171875,0,0.0,0.0
2004-04-06 00:00:00+09:00,279.9557818447682,283.4995216221487,273.3745404388664,276.4120178222656,181648,0.0,0.0
2004-04-07 00:00:00+09:00,274.3869747990329,278.4369517484102,271.3494739031627,275.39947509765625,251482,0.0,0.0
2004-04-08 00:00:00+09:00,276.9181892974814,276.9181892974814,272.36195047318097,273.37445068359375,89058,0.0,0.0
2004-04-09 00:00:00+09:00,273.37445068359375,273.8806886662431,270.33695005235546,273.37445068359375,110244,0.0,0.0
2004-04-12 00:00:00+09:00,273.3744386423781,277.9306772659916,272.3619384765625,272.3619384765625,111813,0.0,0.0
2004-04-13 00:00:00+09:00,273.37450615455447,277.4244835728803,270.3370049069708,271.8557434082031,147123,0.0,0.0
2004-04-14 00:00:00+09:00,268.8182000187645,272.3619384765625,267.805699852949,272.3619384765625,132999,0.0,0.0
2004-04-15 00:00:00+09:00,272.3619384765625,272.3619384765625,272.3619384765625,272.3619384765625,0,0.0,0.0
2004-04-16 00:00:00+09:00,274.3869079003905,278.4368838623377,272.3619077968617,273.8806457519531,64341,0.0,0.0
2004-04-19 00:00:00+09:00,277.9306895078941,277.9306895078941,270.33695005235546,273.37445068359375,155754,0.0,0.0
2004-04-20 00:00:00+09:00,276.41191489471174,276.41191489471174,270.33693814493137,272.3619384765625,88273,0.0,0.0
2004-04-21 00:00:00+09:00,272.3619384765625,274.8931767685449,270.33693814493137,272.3619384765625,70619,0.0,0.0
2004-04-22 00:00:00+09:00,271.3494879155227,273.3744886173395,269.83074951171875,269.83074951171875,141238,0.0,0.0
2004-04-23 00:00:00+09:00,269.32443797911577,272.86817643691376,268.31193781330023,272.3619384765625,328379,0.0,0.0
2004-04-26 00:00:00+09:00,272.36191915129604,282.4868958459274,272.36191915129604,281.4743957519531,114167,0.0,0.0
2004-04-27 00:00:00+09:00,280.46199310085456,282.99323209268067,275.3995151172023,280.9682312011719,54926,0.0,0.0
2004-04-28 00:00:00+09:00,276.9182062423721,282.9931836314683,276.41194398363,278.9432067871094,63949,0.0,0.0
2004-04-29 00:00:00+09:00,278.4369812011719,286.0307221215469,273.37450341766777,278.4369812011719,432738,0.0,0.0
2004-04-30 00:00:00+09:00,278.43694452836723,279.4494448007359,273.8807054252662,278.9432067871094,47079,0.0,0.0
2004-05-03 00:00:00+09:00,278.94322484422764,279.9557251821395,276.41196187688945,279.449462890625,14516,0.0,0.0
2004-05-04 00:00:00+09:00,278.94317454055727,288.5618896484375,278.94317454055727,288.5618896484375,129468,0.0,0.0
2004-05-05 00:00:00+09:00,288.5618896484375,288.5618896484375,288.5618896484375,288.5618896484375,0,0.0,0.0
2004-05-06 00:00:00+09:00,285.0181564004521,296.15563406601547,283.49941826246186,293.1181335449219,252267,0.0,0.0
2004-05-07 00:00:00+09:00,289.0681899125133,308.81188492829665,289.0681899125133,304.2556457519531,1723107,0.0,0.0
2004-05-10 00:00:00+09:00,304.2556342553618,307.7993972542721,296.15565649738494,301.7243957519531,381735,0.0,0.0
2004-05-11 00:00:00+09:00,302.7368345375245,323.9992869884841,288.0556202553274,306.7868347167969,568484,0.0,0.0
2004-05-12 00:00:00+09:00,306.78690239180565,315.89938056020617,303.7494015873003,304.76190185546875,268745,0.0,0.0
2004-05-13 00:00:00+09:00,306.7869052904238,318.9368601330107,303.7494044572192,315.8993835449219,109459,0.0,0.0
2004-05-14 00:00:00+09:00,320.4555547573466,320.4555547573466,311.84931634309646,312.86181640625,148300,0.0,0.0
2004-05-17 00:00:00+09:00,307.29310615420667,315.8993453518787,288.5618896484375,288.5618896484375,123583,0.0,0.0
2004-05-18 00:00:00+09:00,287.5494533651036,300.20569599533036,285.524476849776,296.6619567871094,100043,0.0,0.0
2004-05-19 00:00:00+09:00,298.6869444555348,302.2307080411996,292.6119661924735,299.1932067871094,108282,0.0,0.0
2004-05-20 00:00:00+09:00,296.1557055330192,307.29318588623084,296.1557055330192,299.1932067871094,58849,0.0,0.0
2004-05-21 00:00:00+09:00,304.2556644132457,304.2556644132457,299.1931869046345,303.2431640625,70226,0.0,0.0
2004-05-24 00:00:00+09:00,303.2431393306584,307.79940265997413,302.7369013191319,304.76190185546875,118483,0.0,0.0
2004-05-25 00:00:00+09:00,308.8119015124496,309.82440185546875,307.79942541454767,309.82440185546875,40409,0.0,0.0
2004-05-26 00:00:00+09:00,309.82440185546875,309.82440185546875,309.82440185546875,309.82440185546875,0,0.0,0.0
2004-05-27 00:00:00+09:00,307.79941871316936,313.87439639390334,306.2806561091483,311.8493957519531,61987,0.0,0.0
2004-05-28 00:00:00+09:00,318.4305791921293,318.4305791921293,311.8493403965642,314.8868408203125,45510,0.0,0.0
2004-05-31 00:00:00+09:00,320.45557947462817,320.45557947462817,310.83684025531477,314.8868408203125,35309,0.0,0.0
2004-06-01 00:00:00+09:00,313.3680784858821,314.8868408203125,310.3306023072463,314.8868408203125,82389,0.0,0.0
2004-06-02 00:00:00+09:00,310.8368835449219,311.3431458086089,305.26814411505944,310.8368835449219,74542,0.0,0.0
2004-06-03 00:00:00+09:00,310.8369453901123,313.36818447682407,302.23072764626824,309.3182067871094,124760,0.0,0.0
2004-06-04 00:00:00+09:00,310.8369453901123,310.8369453901123,303.7494662492711,309.3182067871094,58849,0.0,0.0
2004-06-07 00:00:00+09:00,305.26820485227404,310.3307072708182,305.26820485227404,309.3182067871094,28639,0.0,0.0
2004-06-08 00:00:00+09:00,311.3430784340749,318.43055463103946,307.7993403355927,312.86181640625,10985,0.0,0.0
2004-06-09 00:00:00+09:00,312.35564174417436,312.35564174417436,303.7494015873003,304.76190185546875,96512,0.0,0.0
2004-06-10 00:00:00+09:00,307.7994689941406,308.305707114767,303.749467048647,307.7994689941406,3138,0.0,0.0
2004-06-11 00:00:00+09:00,306.78688335777275,309.8243597287079,304.76188294707333,307.2931213378906,58064,0.0,0.0
2004-06-14 00:00:00+09:00,307.29316872013766,311.3431701660156,304.76192993902276,311.3431701660156,110636,0.0,0.0
2004-06-15 00:00:00+09:00,306.7869250715285,312.35566483557534,306.28066277746024,309.82440185546875,36094,0.0,0.0
2004-06-16 00:00:00+09:00,304.76194083219843,316.4056590376051,304.76194083219843,313.8744201660156,24324,0.0,0.0
2004-06-17 00:00:00+09:00,311.8494193706965,315.89942096133467,311.8494193706965,313.8744201660156,33347,0.0,0.0
2004-06-18 00:00:00+09:00,307.2931446795759,312.35564609086714,304.76190609648825,310.8368835449219,60418,0.0,0.0
2004-06-21 00:00:00+09:00,310.83690219848796,312.86190288452633,307.29316312047945,309.82440185546875,7454,0.0,0.0
2004-06-22 00:00:00+09:00,303.74939456604045,308.3056335449219,303.74939456604045,308.3056335449219,40017,0.0,0.0
2004-06-23 00:00:00+09:00,305.26820565564674,307.7994689941406,305.26820565564674,307.7994689941406,14516,0.0,0.0
2004-06-24 00:00:00+09:00,305.2681892087687,308.81192859758994,302.7369502517706,303.74945068359375,131822,0.0,0.0
2004-06-25 00:00:00+09:00,303.7493528161486,306.28059095758675,302.73685271055103,305.77435302734375,89450,0.0,0.0
2004-06-28 00:00:00+09:00,303.749467048647,307.7994689941406,302.73696656227355,307.7994689941406,68265,0.0,0.0
2004-06-29 00:00:00+09:00,303.7494174292689,313.3681341108574,303.7494174292689,311.8493957519531,39232,0.0,0.0
2004-06-30 00:00:00+09:00,311.8494505186697,312.86195101745926,307.79947276863254,312.355712890625,23539,0.0,0.0
2004-07-01 00:00:00+09:00,307.79933476161494,312.8618107405953,303.7493345823426,306.7868347167969,35309,0.0,0.0
2004-07-02 00:00:00+09:00,303.74939456604045,308.3056335449219,303.74939456604045,308.3056335449219,102397,0.0,0.0
2004-07-05 00:00:00+09:00,306.7869052904238,316.91188382265676,303.7494044572192,315.8993835449219,246382,0.0,0.0
2004-07-06 00:00:00+09:00,315.89941517373063,329.06189585703567,314.38065248250734,328.5556335449219,151438,0.0,0.0
2004-07-07 00:00:00+09:00,323.4931682022028,330.5806468805032,321.97440545319625,328.0494079589844,51787,0.0,0.0
2004-07-08 00:00:00+09:00,320.96189346516366,331.0868730313612,316.4056538726307,327.0368957519531,34917,0.0,0.0
2004-07-09 00:00:00+09:00,325.51811556108464,325.51811556108464,319.4431378459437,324.505615234375,22755,0.0,0.0
2004-07-12 00:00:00+09:00,323.49316112277205,323.9993991979495,314.3806575635109,315.3931579589844,38840,0.0,0.0
2004-07-13 00:00:00+09:00,311.84941869738657,317.9244210702273,310.33068022673564,315.3931579589844,26678,0.0,0.0
2004-07-14 00:00:00+09:00,314.8869093086,314.8869093086,310.3306698045461,311.3431701660156,23539,0.0,0.0
2004-07-15 00:00:00+09:00,313.8744476672605,314.8869481536339,305.7744680213938,307.7994689941406,78858,0.0,0.0
2004-07-16 00:00:00+09:00,307.79940694326297,310.8368835449219,304.76190609648825,310.8368835449219,60418,0.0,0.0
2004-07-19 00:00:00+09:00,310.33057837092133,312.86181640625,310.33057837092133,312.86181640625,12162,0.0,0.0
2004-07-20 00:00:00+09:00,313.3681891442935,313.3681891442935,307.29321039667724,312.355712890625,10985,0.0,0.0
2004-07-21 00:00:00+09:00,308.81186415745515,313.36810302734375,308.81186415745515,313.36810302734375,13339,0.0,0.0
2004-07-22 00:00:00+09:00,308.8119015124496,310.83690219848796,303.74942404247093,309.82440185546875,96120,0.0,0.0
2004-07-23 00:00:00+09:00,314.3806032478873,314.8868654807162,310.83686459854215,313.36810302734375,33740,0.0,0.0
2004-07-26 00:00:00+09:00,313.36810302734375,316.4056036889743,309.3181263902841,313.36810302734375,41586,0.0,0.0
2004-07-27 00:00:00+09:00,313.3681325239278,316.9118957519531,308.8118932251714,316.9118957519531,8238,0.0,0.0
2004-07-28 00:00:00+09:00,316.40557890963044,316.40557890963044,310.83684025531477,314.8868408203125,7454,0.0,0.0
2004-07-29 00:00:00+09:00,314.8869198838069,315.3931579589844,312.86191909286003,315.3931579589844,10985,0.0,0.0
2004-07-30 00:00:00+09:00,316.40562156123144,316.40562156123144,311.3431444176729,315.8993835449219,3530,0.0,0.0
2004-08-02 00:00:00+09:00,311.84938243398244,316.91188382265676,309.82438187851267,315.8993835449219,160462,0.0,0.0
2004-08-03 00:00:00+09:00,313.8743937091201,319.9493713378906,313.8743937091201,319.9493713378906,16477,0.0,0.0
2004-08-04 00:00:00+09:00,316.40563347147094,319.4431344190141,313.87439480441,316.9118957519531,10985,0.0,0.0
2004-08-05 00:00:00+09:00,313.87438200320787,321.9743599545196,313.36811974337337,318.9368591308594,36094,0.0,0.0
2004-08-06 00:00:00+09:00,318.9368643609046,323.99936581668857,314.38062517325716,321.974365234375,81996,0.0,0.0
2004-08-09 00:00:00+09:00,320.9618835449219,321.9743838947592,313.87440534117775,320.9618835449219,38448,0.0,0.0
2004-08-10 00:00:00+09:00,316.9119002845165,322.9868780213722,316.9119002845165,321.4681396484375,32955,0.0,0.0
2004-08-11 00:00:00+09:00,321.9743776910434,321.9743776910434,318.43063865745114,321.4681396484375,42763,0.0,0.0
2004-08-12 00:00:00+09:00,321.4681272113546,322.48062750251137,318.9368643609046,321.974365234375,25893,0.0,0.0
2004-08-13 00:00:00+09:00,323.9993591308594,323.9993591308594,319.9493580498053,323.9993591308594,55710,0.0,0.0
2004-08-16 00:00:00+09:00,323.99934101160704,323.99934101160704,316.91186376123613,323.49310302734375,20401,0.0,0.0
2004-08-17 00:00:00+09:00,323.493146542074,323.493146542074,317.9244067405272,320.9618835449219,9808,0.0,0.0
2004-08-18 00:00:00+09:00,323.99936581668857,323.99936581668857,320.9618649432182,321.974365234375,15300,0.0,0.0
2004-08-19 00:00:00+09:00,318.4306263378843,322.98686552553175,318.4306263378843,321.974365234375,33347,0.0,0.0
2004-08-20 00:00:00+09:00,318.4305791921293,318.9368171401978,314.8868408203125,314.8868408203125,54533,0.0,0.0
2004-08-23 00:00:00+09:00,315.3931473667759,315.89940967006953,310.836907862722,311.3431701660156,123583,0.0,0.0
2004-08-24 00:00:00+09:00,308.81186415745515,313.8743652601727,307.79938818202595,313.36810302734375,76896,0.0,0.0
2004-08-25 00:00:00+09:00,311.8494082241915,315.89940967006953,310.836907862722,311.3431701660156,19616,0.0,0.0
2004-08-26 00:00:00+09:00,313.8743652601727,313.8743652601727,310.83686459854215,313.36810302734375,27463,0.0,0.0
2004-08-27 00:00:00+09:00,308.81190477552406,318.93688406758463,308.81190477552406,317.9244079589844,70619,0.0,0.0
2004-08-30 00:00:00+09:00,317.9244067405272,320.9618835449219,317.9244067405272,320.9618835449219,6277,0.0,0.0
2004-08-31 00:00:00+09:00,318.93688406758463,318.93688406758463,313.8744065441131,317.9244079589844,19616,0.0,0.0
2004-09-01 00:00:00+09:00,317.9243841003916,321.97436096621533,313.87438298945216,315.8993835449219,124760,0.0,0.0
2004-09-02 00:00:00+09:00,321.97437252161797,321.97437252161797,313.87439425415306,318.4306335449219,462163,0.0,0.0
2004-09-03 00:00:00+09:00,320.9618588076305,323.4931216096922,316.9118819655398,322.4806213378906,21970,0.0,0.0
2004-09-06 00:00:00+09:00,322.9868780213722,322.9868780213722,313.87439929353013,321.4681396484375,27463,0.0,0.0
2004-09-07 00:00:00+09:00,320.96181742269664,321.9743175639461,314.8868408203125,314.8868408203125,42763,0.0,0.0
2004-09-08 00:00:00+09:00,314.3806582422861,316.9119213589942,313.8744201660156,313.8744201660156,74934,0.0,0.0
2004-09-09 00:00:00+09:00,315.8993835449219,318.9368601330107,312.86188271171727,315.8993835449219,26678,0.0,0.0
2004-09-10 00:00:00+09:00,322.4806614235623,322.4806614235623,313.8744201660156,313.8744201660156,151438,0.0,0.0
2004-09-13 00:00:00+09:00,318.93679254006094,320.96179266636807,312.3555784972285,312.86181640625,424107,0.0,0.0
2004-09-14 00:00:00+09:00,317.41805456788586,317.41805456788586,310.83681627994287,312.86181640625,129468,0.0,0.0
2004-09-15 00:00:00+09:00,313.8744842226433,313.8744842226433,307.7995048420011,308.8119812011719,226765,0.0,0.0
2004-09-16 00:00:00+09:00,315.89937325809586,315.89937325809586,307.29313330015765,308.3056335449219,345641,0.0,0.0
2004-09-17 00:00:00+09:00,315.89937325809586,315.89937325809586,307.79939554509724,308.3056335449219,171055,0.0,0.0
2004-09-20 00:00:00+09:00,313.36811052362793,313.36811052362793,307.79939554509724,308.3056335449219,122798,0.0,0.0
2004-09-21 00:00:00+09:00,307.2930781814606,312.86181640625,300.7118398935176,312.86181640625,244813,0.0,0.0
2004-09-22 00:00:00+09:00,309.8244818054661,312.861983618349,308.3057430215865,308.8119812011719,8631,0.0,0.0
2004-09-23 00:00:00+09:00,306.28066835866815,311.3431701660156,306.28066835866815,311.3431701660156,22362,0.0,0.0
2004-09-24 00:00:00+09:00,306.7869066610047,311.84938382718013,306.7869066610047,310.8368835449219,41586,0.0,0.0
2004-09-27 00:00:00+09:00,310.8368835449219,310.8368835449219,310.8368835449219,310.8368835449219,0,0.0,0.0
2004-09-28 00:00:00+09:00,310.8368835449219,310.8368835449219,310.8368835449219,310.8368835449219,0,0.0,0.0
2004-09-29 00:00:00+09:00,310.8368835449219,310.8368835449219,310.8368835449219,310.8368835449219,0,0.0,0.0
2004-09-30 00:00:00+09:00,315.39318544424174,315.39318544424174,305.7744672166888,309.3182067871094,263252,0.0,0.0
2004-10-01 00:00:00+09:00,306.7869685077672,309.31820760114044,306.28070614202016,307.7994689941406,127114,0.0,0.0
2004-10-04 00:00:00+09:00,342.22431550537164,343.23681577563514,320.4556203074948,323.9993591308594,641065,0.0,0.0
2004-10-05 00:00:00+09:00,322.4806847271792,323.99942331085873,313.368180489741,317.4181823730469,315039,0.0,0.0
2004-10-06 00:00:00+09:00,314.38064459841326,317.9244079589844,312.8619061903953,317.9244079589844,445293,0.0,0.0
2004-10-07 00:00:00+09:00,316.4056379967936,321.9743776910434,316.4056379967936,321.4681396484375,174978,0.0,0.0
2004-10-08 00:00:00+09:00,321.97437286052235,340.19935428789745,320.9618725453839,336.14935302734375,502573,0.0,0.0
2004-10-11 00:00:00+09:00,340.7055778484984,344.2493166783737,337.16183901862314,343.23681640625,189494,0.0,0.0
2004-10-12 00:00:00+09:00,344.2493067335481,362.47426261505376,337.66806727742335,358.4242858886719,416260,0.0,0.0
2004-10-13 00:00:00+09:00,359.4368371715264,369.56181679289915,359.4368371715264,368.54931640625,202833,0.0,0.0
2004-10-14 00:00:00+09:00,368.5492708861969,368.5492708861969,354.374291469,356.3992919921875,201264,0.0,0.0
2004-10-15 00:00:00+09:00,364.4993148596536,373.6117940943772,364.4993148596536,368.54931640625,216957,0.0,0.0
2004-10-18 00:00:00+09:00,369.561767578125,371.5867680817526,364.499266319056,369.561767578125,327594,0.0,0.0
2004-10-19 00:00:00+09:00,374.1180797405929,386.77429899528215,371.5868407386791,384.7492980957031,534351,0.0,0.0
2004-10-20 00:00:00+09:00,382.72425278863074,397.9117083209265,377.6617514477885,391.83673095703125,556322,0.0,0.0
2004-10-21 00:00:00+09:00,394.8742075164211,399.93670885726334,382.72425278863074,391.83673095703125,218919,0.0,0.0
2004-10-22 00:00:00+09:00,389.81172478777506,415.1241826359812,389.81172478777506,413.09918212890625,456278,0.0,0.0
2004-10-25 00:00:00+09:00,407.5304384683301,412.5929642277981,397.40548392985943,407.0242004394531,128683,0.0,0.0
2004-10-26 00:00:00+09:00,404.99922615531966,410.0617276956275,396.3929856593545,400.4429626464844,142807,0.0,0.0
2004-10-27 00:00:00+09:00,389.8117579099709,400.9492374001162,389.8117579099709,399.9367370605469,94551,0.0,0.0
2004-10-28 00:00:00+09:00,394.8742245511391,415.12420654296875,392.849248172561,415.12420654296875,209895,0.0,0.0
2004-10-29 00:00:00+09:00,420.1866780458517,420.1866780458517,408.03672296195253,413.6054382324219,194595,0.0,0.0
2004-11-01 00:00:00+09:00,410.06170056366193,435.3741338550403,406.5179375973633,432.33660888671875,347603,0.0,0.0
2004-11-02 00:00:00+09:00,436.38656735482755,436.38656735482755,425.2490900327734,430.3116149902344,157716,0.0,0.0
2004-11-03 00:00:00+09:00,432.3366088867187,435.3741338550403,428.28665641267276,432.33660888671875,76896,0.0,0.0
2004-11-04 00:00:00+09:00,439.4241638183594,441.44916443413365,430.31168529249163,439.4241638183594,73757,0.0,0.0
2004-11-05 00:00:00+09:00,444.4866151991373,445.4990912028807,436.8928997003716,443.9803771972656,122406,0.0,0.0
2004-11-08 00:00:00+09:00,448.53673952792565,451.5742168645957,438.4117342552865,443.4742126464844,104751,0.0,0.0
2004-11-09 00:00:00+09:00,438.91785826372114,443.4740973290805,435.37414370745876,441.95538330078125,24716,0.0,0.0
2004-11-10 00:00:00+09:00,435.88044735534436,443.4741641110572,434.36168460810654,442.9679260253906,56102,0.0,0.0
2004-11-11 00:00:00+09:00,436.3866319012741,441.9553956310959,433.3491552697008,440.94287109375,58849,0.0,0.0
2004-11-12 00:00:00+09:00,439.930372817293,440.9428488132471,424.7428934463741,432.33660888671875,220881,0.0,0.0
2004-11-15 00:00:00+09:00,426.2616559305349,437.90537233515516,425.75541793255786,432.33660888671875,81212,0.0,0.0
2004-11-16 00:00:00+09:00,427.2741897348777,438.9179077148437,427.2741897348777,438.91790771484375,103182,0.0,0.0
2004-11-17 00:00:00+09:00,433.3491609009313,449.54911729688865,433.3491609009313,442.4616394042969,84742,0.0,0.0
2004-11-18 00:00:00+09:00,436.38666405264166,452.586669921875,436.38666405264166,452.586669921875,210288,0.0,0.0
2004-11-19 00:00:00+09:00,456.6365539101682,458.66155433788475,450.0553146426465,457.6490783691406,45510,0.0,0.0
2004-11-22 00:00:00+09:00,449.04283867390245,459.16784081248517,446.5116002618139,457.6490783691406,56495,0.0,0.0
2004-11-23 00:00:00+09:00,457.6491768890369,458.66165307574056,448.0304591543963,455.6241760253906,84350,0.0,0.0
2004-11-24 00:00:00+09:00,455.6241704666087,455.6241704666087,449.04292986261163,454.10540771484375,57279,0.0,0.0
2004-11-25 00:00:00+09:00,435.8804539725188,460.6866539393868,435.8804539725188,455.6241760253906,133784,0.0,0.0
2004-11-26 00:00:00+09:00,450.0553603149408,464.7366027832031,449.54912227919493,464.7366027832031,306801,0.0,0.0
2004-11-29 00:00:00+09:00,466.2553074102559,479.41778564453125,460.68654423872687,479.41778564453125,289146,0.0,0.0
2004-11-30 00:00:00+09:00,481.94910349868155,481.94910349868155,469.79909920581116,479.9241027832031,111813,0.0,0.0
2004-12-01 00:00:00+09:00,480.430317015408,480.430317015408,473.84907713901976,477.8990783691406,34132,0.0,0.0
2004-12-02 00:00:00+09:00,472.83662452414643,479.9241027832031,470.811623808668,479.9241027832031,44725,0.0,0.0
2004-12-03 00:00:00+09:00,472.83662330802497,483.46781642414936,472.83662330802497,482.9615783691406,29032,0.0,0.0
2004-12-06 00:00:00+09:00,482.96152975209543,482.96152975209543,477.89905273114897,482.4552917480469,16477,0.0,0.0
2004-12-07 00:00:00+09:00,482.4552917480468,483.9740542504229,476.8865282328215,482.4552917480469,34132,0.0,0.0
2004-12-08 00:00:00+09:00,476.8866201968192,482.96162288761167,476.8866201968192,478.91162109375,40409,0.0,0.0
2004-12-09 00:00:00+09:00,478.91162109375,481.94914668426605,469.7991413026811,478.91162109375,91020,0.0,0.0
2004-12-10 00:00:00+09:00,477.39290678873164,481.94914668426605,467.26790230407744,478.91162109375,88666,0.0,0.0
2004-12-13 00:00:00+09:00,475.87401628135075,482.45525530758385,472.330253540215,480.9364929199219,491195,0.0,0.0
2004-12-14 00:00:00+09:00,480.9365720911567,482.9615727779838,477.39285725688524,481.9490966796875,99259,0.0,0.0
2004-12-15 00:00:00+09:00,473.3428249279336,484.9865417480469,472.836586911892,484.9865417480469,68265,0.0,0.0
2004-12-16 00:00:00+09:00,484.98663560235394,492.5803527832032,483.97415937433703,492.5803527832031,156931,0.0,0.0
2004-12-17 00:00:00+09:00,492.58026226061884,492.58026226061884,480.4303073060365,489.54278564453125,72973,0.0,0.0
2004-12-20 00:00:00+09:00,481.44277302751226,491.5677756811456,480.43029700726436,483.97406005859375,55710,0.0,0.0
2004-12-21 00:00:00+09:00,479.4178579437123,484.9865734648109,477.89909530603336,481.9490966796875,92981,0.0,0.0
2004-12-22 00:00:00+09:00,484.48033541566275,484.48033541566275,473.84909393237916,481.9490966796875,69442,0.0,0.0
2004-12-23 00:00:00+09:00,473.84901592787696,485.4927315926812,473.84901592787696,480.9364929199219,62380,0.0,0.0
2004-12-24 00:00:00+09:00,480.93658964975583,480.93658964975583,468.2803955078125,468.2803955078125,89843,0.0,0.0
2004-12-27 00:00:00+09:00,464.23045387382666,465.7491682726381,445.49920654296875,445.49920654296875,815258,0.0,0.0
2004-12-28 00:00:00+09:00,446.00541073464217,455.1178894042969,445.4991242050352,455.1178894042969,93374,0.0,0.0
2004-12-29 00:00:00+09:00,455.1179093307139,469.79910405672905,449.54914518308914,466.7616271972656,51787,0.0,0.0
2004-12-30 00:00:00+09:00,460.68660707366666,465.7490844726563,455.6241296746771,465.74908447265625,129860,0.0,0.0
2004-12-31 00:00:00+09:00,465.7490844726563,465.7490844726563,465.7490844726563,465.74908447265625,0,0.0,0.0
2005-01-03 00:00:00+09:00,466.76157017839125,474.3552856445312,459.16785471225126,474.35528564453125,66303,0.0,0.0
2005-01-04 00:00:00+09:00,474.3553151702266,477.8990783691406,469.29283787769197,477.8990783691406,35701,0.0,0.0
2005-01-05 00:00:00+09:00,477.89909530603336,481.94909667968756,471.82409324555204,481.9490966796875,29816,0.0,0.0
2005-01-06 00:00:00+09:00,482.4553347288357,482.9615727779838,475.87409461920623,481.9490966796875,85527,0.0,0.0
2005-01-07 00:00:00+09:00,481.4429573649415,481.4429573649415,471.3179993248415,480.43048095703125,31778,0.0,0.0
2005-01-10 00:00:00+09:00,479.92414578733525,485.9991484781277,474.3553811982156,478.91162109375,51787,0.0,0.0
2005-01-11 00:00:00+09:00,477.89901663482453,483.97401769524583,474.35525389368877,480.9364929199219,38055,0.0,0.0
2005-01-12 00:00:00+09:00,476.8864922129743,480.9364929199219,475.87401628135075,480.9364929199219,76111,0.0,0.0
2005-01-13 00:00:00+09:00,479.9240532375736,482.96152975209543,473.8490517182997,482.4552917480469,29032,0.0,0.0
2005-01-14 00:00:00+09:00,476.8865707175025,482.4553347288357,473.34285588323104,481.9490966796875,92197,0.0,0.0
2005-01-17 00:00:00+09:00,478.4053333551815,481.94909667968756,475.87409461920623,481.9490966796875,68265,0.0,0.0
2005-01-18 00:00:00+09:00,481.949065161566,484.9865417480469,475.8740634983729,484.9865417480469,246382,0.0,0.0
2005-01-19 00:00:00+09:00,484.98659589918844,504.2240790688108,477.39287933999475,487.0115966796875,435092,0.0,0.0
2005-01-20 00:00:00+09:00,495.111560821252,496.12403688667024,487.01155833697396,492.07403564453125,280122,0.0,0.0
2005-01-21 00:00:00+09:00,492.0740356445312,492.0740356445312,492.0740356445312,492.07403564453125,0,0.0,0.0
2005-01-24 00:00:00+09:00,500.6803269862287,526.4990511580824,500.6803269862287,518.3990478515625,936488,0.0,0.0
2005-01-25 00:00:00+09:00,531.561387914212,531.561387914212,498.14895587713823,501.6927185058594,246382,0.0,0.0
2005-01-26 00:00:00+09:00,506.2489929199219,511.3114697567594,499.6677536359417,506.2489929199219,136530,0.0,0.0
2005-01-27 00:00:00+09:00,501.18651670277933,506.2490425259087,494.09903873867813,503.2115173339844,240497,0.0,0.0
2005-01-28 00:00:00+09:00,498.1490511644672,509.28653064056635,496.1240504878824,505.7427673339844,72580,0.0,0.0
2005-01-31 00:00:00+09:00,505.7427798071198,508.27401859272015,497.13653884193735,505.2365417480469,226765,0.0,0.0
2005-02-01 00:00:00+09:00,511.31143351206657,511.31143351206657,499.6677182166223,501.6927185058594,127506,0.0,0.0
2005-02-02 00:00:00+09:00,499.66784265688375,511.31156085214906,498.65531801498753,509.28656005859375,185179,0.0,0.0
2005-02-03 00:00:00+09:00,515.3614822181469,515.3614822181469,502.7052413510544,508.2739562988281,211857,0.0,0.0
2005-02-04 00:00:00+09:00,506.2490831133793,509.28656005859375,502.1990815262686,509.28656005859375,57672,0.0,0.0
2005-02-07 00:00:00+09:00,511.3114845136158,519.4114379882812,507.26148353116815,519.4114379882812,207934,0.0,0.0
2005-02-08 00:00:00+09:00,519.4114379882812,519.4114379882812,519.4114379882812,519.4114379882812,0,0.0,0.0
2005-02-09 00:00:00+09:00,519.4114379882812,519.4114379882812,519.4114379882812,519.4114379882812,0,0.0,0.0
2005-02-10 00:00:00+09:00,519.4114379882812,519.4114379882812,519.4114379882812,519.4114379882812,0,0.0,0.0
2005-02-11 00:00:00+09:00,519.4114379882812,519.4114379882812,510.29896002288893,519.4114379882812,77681,0.0,0.0
2005-02-14 00:00:00+09:00,519.4113385447241,554.8487676211466,519.4113385447241,547.7612915039062,610855,0.0,0.0
2005-02-15 00:00:00+09:00,546.7489312714016,574.086365712414,546.7489312714016,571.0488891601562,288361,0.0,0.0
2005-02-16 00:00:00+09:00,568.0114385557046,575.0989170999424,561.9364361648277,566.9989624023438,92197,0.0,0.0
2005-02-17 00:00:00+09:00,559.91141048157,571.0488891601562,556.8738854390814,571.0488891601562,80427,0.0,0.0
2005-02-18 00:00:00+09:00,561.9364361648277,571.0489639962617,556.8739584175489,566.9989624023438,147515,0.0,0.0
2005-02-21 00:00:00+09:00,572.0613027653828,577.123779296875,561.9363012121729,577.123779296875,161639,0.0,0.0
2005-02-22 00:00:00+09:00,579.1487925718218,580.161316994921,562.9488382142738,573.0737915039062,134961,0.0,0.0
2005-02-23 00:00:00+09:00,562.9489237898549,570.0364018680322,560.9239231260566,569.02392578125,124760,0.0,0.0
2005-02-24 00:00:00+09:00,565.9863324706942,605.4737679303571,565.9863324706942,601.4237670898438,419006,0.0,0.0
2005-02-25 00:00:00+09:00,601.423837209509,610.5363159179688,593.3238830743414,610.5363159179688,147515,0.0,0.0
2005-02-28 00:00:00+09:00,606.4862871010858,622.6862916172178,606.4862871010858,621.6737670898438,193810,0.0,0.0
2005-03-01 00:00:00+09:00,621.6737670898438,621.6737670898438,621.6737670898438,621.6737670898438,0,0.0,0.0
2005-03-02 00:00:00+09:00,630.7861088831573,639.8985852064291,619.6486324335785,625.7236328125,448823,0.0,0.0
2005-03-03 00:00:00+09:00,640.9112453443419,640.9112453443419,627.7487659789043,631.7987670898438,588885,0.0,0.0
2005-03-04 00:00:00+09:00,637.8737202660215,641.923721376961,627.7487659789043,631.7987670898438,271883,0.0,0.0
2005-03-07 00:00:00+09:00,630.786292218772,640.9112957931013,621.6738132469934,628.7612915039062,304447,0.0,0.0
2005-03-08 00:00:00+09:00,623.6989660281095,637.8739259979822,611.5490072668251,617.6239624023438,224411,0.0,0.0
2005-03-09 00:00:00+09:00,613.5738411476112,622.6863198560709,606.486314605268,610.5363159179688,340148,0.0,0.0
2005-03-10 00:00:00+09:00,610.5362447358847,610.5362447358847,599.3987666695871,601.4237670898438,294638,0.0,0.0
2005-03-11 00:00:00+09:00,599.398801029253,610.5362797339905,595.3487999565792,609.5238037109375,397821,0.0,0.0
2005-03-14 00:00:00+09:00,612.5614013671875,616.6114032405035,607.4989232706628,612.5614013671875,205972,0.0,0.0
2005-03-15 00:00:00+09:00,616.6113810084762,617.6238571951799,596.3614208622525,607.4989013671875,286792,0.0,0.0
2005-03-16 00:00:00+09:00,597.3738889110696,609.5238939274304,592.3114110660384,598.3864135742188,268745,0.0,0.0
2005-03-17 00:00:00+09:00,596.3614644254823,597.3739406861457,586.2364593676359,592.3114624023438,219704,0.0,0.0
2005-03-18 00:00:00+09:00,592.3112706405253,596.3612713524689,573.0737915039062,573.0737915039062,304839,0.0,0.0
2005-03-21 00:00:00+09:00,566.9988389262174,577.1237922158499,555.8613612134858,573.0737915039062,564168,0.0,0.0
2005-03-22 00:00:00+09:00,572.0613155710337,587.2487939957091,568.01131485909,573.0737915039062,210288,0.0,0.0
2005-03-23 00:00:00+09:00,573.0739371177716,581.1739405998102,569.0239838669914,575.0989379882812,431953,0.0,0.0
2005-03-24 00:00:00+09:00,578.1363386473755,589.2738167840873,578.1363386473755,585.2238159179688,484525,0.0,0.0
2005-03-25 00:00:00+09:00,592.3113374107974,613.5738193002724,592.3113374107974,602.4363403320312,479425,0.0,0.0
2005-03-28 00:00:00+09:00,616.6113482299082,616.6113482299082,589.2739107592785,596.3613891601562,599478,0.0,0.0
2005-03-29 00:00:00+09:00,602.4363260788739,616.6112813430012,593.3238479104733,609.5238037109375,1268006,0.0,0.0
2005-03-30 00:00:00+09:00,599.4026162417192,616.2713141345935,592.6551047696753,593.7796630859375,692460,152.93301,0.0
2005-03-31 00:00:00+09:00,593.779713579429,596.028884261374,580.2847433459208,581.4093017578125,375066,0.0,0.0
2005-04-01 00:00:00+09:00,578.0355583775506,584.7830702566175,578.0355583775506,580.2847290039062,213819,0.0,0.0
2005-04-04 00:00:00+09:00,579.1601666605052,599.4027040417475,579.1601666605052,583.6585083007812,198518,0.0,0.0
2005-04-05 00:00:00+09:00,583.6585083007812,583.6585083007812,583.6585083007812,583.6585083007812,0,0.0,0.0
2005-04-06 00:00:00+09:00,585.9075783070214,593.7796478939183,582.5338495863956,584.7830200195312,154577,0.0,0.0
2005-04-07 00:00:00+09:00,589.281322104575,598.2780040673001,589.281322104575,593.7796630859375,285222,0.0,0.0
2005-04-08 00:00:00+09:00,605.0254989666879,615.1467389684377,601.6517163940011,611.7730102539062,155362,0.0,0.0
2005-04-11 00:00:00+09:00,617.3959812279965,639.8876342773438,617.3959812279965,639.8876342773438,181255,0.0,0.0
2005-04-12 00:00:00+09:00,641.0122609175434,644.3860442418273,610.6485341479914,612.897705078125,232650,0.0,0.0
2005-04-13 00:00:00+09:00,638.7630417196877,638.7630417196877,603.9009757241986,606.150146484375,122406,0.0,0.0
2005-04-14 00:00:00+09:00,626.3926408462531,626.3926408462531,601.6518158930577,602.7764282226562,151831,0.0,0.0
2005-04-15 00:00:00+09:00,602.7762232753491,607.2745633479536,596.0287131664423,601.651611328125,140845,0.0,0.0
2005-04-18 00:00:00+09:00,607.2746353129215,607.2746353129215,590.4058849706996,598.2779541015625,230689,0.0,0.0
2005-04-19 00:00:00+09:00,593.7797204270631,607.2747446743613,593.7797204270631,597.1535034179688,46294,0.0,0.0
2005-04-20 00:00:00+09:00,597.1534319157528,610.6484006890224,594.904261477182,600.5271606445312,56495,0.0,0.0
2005-04-21 00:00:00+09:00,588.1568205864367,606.1501323913387,588.1568205864367,597.1535034179688,31386,0.0,0.0
2005-04-22 00:00:00+09:00,593.7795431301402,605.0253933116513,593.7795431301402,601.651611328125,49825,0.0,0.0
2005-04-25 00:00:00+09:00,608.3991088867188,610.6482788766241,597.1533127953365,608.3991088867188,31778,0.0,0.0
2005-04-26 00:00:00+09:00,609.5238647460938,616.2713224510361,607.2746942250604,609.5238647460938,100043,0.0,0.0
2005-04-27 00:00:00+09:00,610.648325481237,612.8974956427988,601.6516448349896,607.2745971679688,47471,0.0,0.0
2005-04-28 00:00:00+09:00,615.1467641195983,615.1467641195983,605.0255237040271,609.5238647460938,89843,0.0,0.0
2005-04-29 00:00:00+09:00,609.5238398248335,615.1467389684377,606.1500572521467,611.7730102539062,63949,0.0,0.0
2005-05-02 00:00:00+09:00,612.8974956427988,612.8974956427988,606.1499851581133,607.2745971679688,51787,0.0,0.0
2005-05-03 00:00:00+09:00,607.2746693957607,611.7730102539062,605.0254989666879,611.7730102539062,85527,0.0,0.0
2005-05-04 00:00:00+09:00,606.1502063233667,615.1468902522225,606.1502063233667,614.0222778320312,72580,0.0,0.0
2005-05-05 00:00:00+09:00,614.0222778320312,614.0222778320312,614.0222778320312,614.0222778320312,0,0.0,0.0
2005-05-06 00:00:00+09:00,612.8975581247711,615.146728515625,609.5238294675673,615.146728515625,57672,0.0,0.0
2005-05-09 00:00:00+09:00,614.0221268248235,615.1467389684377,601.6517163940011,611.7730102539062,112205,0.0,0.0
2005-05-10 00:00:00+09:00,615.1467513024911,638.7629604940408,614.0221391363278,632.0155029296875,261290,0.0,0.0
2005-05-11 00:00:00+09:00,633.1401183424629,665.7530123721452,624.1434356343458,659.0055541992188,425284,0.0,0.0
2005-05-12 00:00:00+09:00,651.1332861885759,675.8741043171779,644.3858295048841,650.0087280273438,310724,0.0,0.0
2005-05-13 00:00:00+09:00,647.7595443366548,647.7595443366548,629.7662371251738,637.6383056640625,54533,0.0,0.0
2005-05-16 00:00:00+09:00,625.2680806917491,641.0122223984343,624.1434683651778,626.3926391601562,112598,0.0,0.0
2005-05-17 00:00:00+09:00,626.3925498151843,634.2646734038575,624.1433793410145,632.0155029296875,50610,0.0,0.0
2005-05-18 00:00:00+09:00,637.6384931350486,641.0122223984343,626.3926391601562,626.3926391601562,54926,0.0,0.0
2005-05-19 00:00:00+09:00,643.261217163579,643.261217163579,626.3924677464925,630.8908081054688,190279,0.0,0.0
2005-05-20 00:00:00+09:00,637.6383288849274,637.6383288849274,627.51708984375,627.51708984375,17654,0.0,0.0
2005-05-23 00:00:00+09:00,623.0187494125266,632.0154302749734,623.0187494125266,627.51708984375,22755,0.0,0.0
2005-05-24 00:00:00+09:00,632.0155279852107,632.0155279852107,621.8942873792794,629.766357421875,37271,0.0,0.0
2005-05-25 00:00:00+09:00,629.7662600593617,632.0154302749734,626.392477806869,627.51708984375,20793,0.0,0.0
2005-05-26 00:00:00+09:00,624.1433826605479,629.766335804957,624.1433826605479,628.6417236328125,22755,0.0,0.0
2005-05-27 00:00:00+09:00,629.766357421875,632.0155279852107,625.2680162952036,629.766357421875,63164,0.0,0.0
2005-05-30 00:00:00+09:00,630.8908803175476,641.0121203546516,630.8908803175476,635.3892211914062,29032,0.0,0.0
2005-05-31 00:00:00+09:00,645.510519586723,646.6351318359375,638.7630076659175,646.6351318359375,96120,0.0,0.0
2005-06-01 00:00:00+09:00,645.5103876661162,651.1332861885759,639.8874891436565,650.0087280273438,41586,0.0,0.0
2005-06-02 00:00:00+09:00,650.008814032899,654.507154989322,646.63508524466,647.7596435546875,52179,0.0,0.0
2005-06-03 00:00:00+09:00,660.1300542557725,660.1300542557725,646.63508524466,647.7596435546875,30993,0.0,0.0
2005-06-06 00:00:00+09:00,647.7596435546875,647.7596435546875,647.7596435546875,647.7596435546875,0,0.0,0.0
2005-06-07 00:00:00+09:00,656.7562993478654,656.7562993478654,642.13671875,642.13671875,25501,0.0,0.0
2005-06-08 00:00:00+09:00,641.012178306186,648.8842486180455,639.8876199151321,646.6351318359375,37271,0.0,0.0
2005-06-09 00:00:00+09:00,641.0120860940069,651.1333255901537,641.0120860940069,648.8841552734375,40802,0.0,0.0
2005-06-10 00:00:00+09:00,654.507202147797,654.507202147797,646.6351318359375,646.6351318359375,109459,0.0,0.0
2005-06-13 00:00:00+09:00,646.6351667678998,666.8776497656775,646.6351667678998,664.6284790039062,85527,0.0,0.0
2005-06-14 00:00:00+09:00,663.5038092388829,669.126762585482,657.8809097504426,661.254638671875,20793,0.0,0.0
2005-06-15 00:00:00+09:00,664.6283352111882,664.6283352111882,660.1299946608642,663.5037231445312,55710,0.0,0.0
2005-06-16 00:00:00+09:00,663.5037231445312,663.5037231445312,657.8808243857022,663.5037231445312,18439,0.0,0.0
2005-06-17 00:00:00+09:00,671.37599128922,671.37599128922,657.8809667185926,664.6284790039062,65911,0.0,0.0
2005-06-20 00:00:00+09:00,672.5005497410239,672.5005497410239,662.379308242135,664.6284790039062,79642,0.0,0.0
2005-06-21 00:00:00+09:00,660.1299946608642,668.0020636948552,657.8808243857022,663.5037231445312,79642,0.0,0.0
2005-06-22 00:00:00+09:00,663.5039174599874,663.5039174599874,657.8810170544214,660.1301879882812,26678,0.0,0.0
2005-06-23 00:00:00+09:00,650.0087553517112,663.5037231445312,650.0087553517112,663.5037231445312,60418,0.0,0.0
2005-06-24 00:00:00+09:00,657.8809419316235,662.379283285682,657.8809419316235,659.0055541992188,33347,0.0,0.0
2005-06-27 00:00:00+09:00,659.0054234080652,671.3758327475214,655.6316411330267,670.251220703125,143984,0.0,0.0
2005-06-28 00:00:00+09:00,669.1268388955901,705.1134643554688,665.7530557312382,705.1134643554688,219311,0.0,0.0
2005-06-29 00:00:00+09:00,702.8641574082147,708.4870564489277,698.3658166323826,703.98876953125,63164,0.0,0.0
2005-06-30 00:00:00+09:00,703.9887102080046,736.601597297355,703.9887102080046,730.9786987304688,103574,0.0,0.0
2005-07-01 00:00:00+09:00,730.9787272296759,764.7161738044904,730.9787272296759,752.3457641601562,156146,0.0,0.0
2005-07-04 00:00:00+09:00,756.8441427912172,788.3324745215417,756.8441427912172,770.339111328125,81604,0.0,0.0
2005-07-05 00:00:00+09:00,787.2077701507683,808.5748595101564,759.0932242426458,768.0899047851562,555929,0.0,0.0
2005-07-06 00:00:00+09:00,770.3390725906008,781.5849240209737,720.8574340132643,752.3457641601562,193025,0.0,0.0
2005-07-07 00:00:00+09:00,752.3458011596151,769.2145522056832,733.2278797168609,762.467041015625,74542,0.0,0.0
2005-07-08 00:00:00+09:00,753.4704236142003,774.8374618883453,753.4704236142003,759.0933227539062,116129,0.0,0.0
2005-07-11 00:00:00+09:00,772.5881200805092,772.5881200805092,748.9719166175444,760.2177124023438,89058,0.0,0.0
2005-07-12 00:00:00+09:00,770.3390072541744,770.3390072541744,745.5981900639025,755.719482421875,74542,0.0,0.0
2005-07-13 00:00:00+09:00,764.7162724015006,764.7162724015006,742.2246204989953,754.5950317382812,59241,0.0,0.0
2005-07-14 00:00:00+09:00,764.7163087425012,764.7163087425012,743.3492680416997,756.84423828125,83566,0.0,0.0
2005-07-15 00:00:00+09:00,763.5917503301059,763.5917503301059,747.8475555494422,756.84423828125,38448,0.0,0.0
2005-07-18 00:00:00+09:00,745.5982078706116,772.5881958007812,745.5982078706116,772.5881958007812,132214,0.0,0.0
2005-07-19 00:00:00+09:00,766.9653794556458,786.0833008397387,764.7162090658611,773.712890625,109067,0.0,0.0
2005-07-20 00:00:00+09:00,770.3391798291733,798.4537853898511,770.3391798291733,786.0833740234375,36486,0.0,0.0
2005-07-21 00:00:00+09:00,787.2079577024172,787.2079577024172,775.962158203125,775.962158203125,63949,0.0,0.0
2005-07-22 00:00:00+09:00,770.3391798291733,798.4537853898511,770.3391798291733,786.0833740234375,32170,0.0,0.0
2005-07-25 00:00:00+09:00,786.083388386286,798.4537999787243,783.8342177460098,787.2079467773438,103182,0.0,0.0
2005-07-26 00:00:00+09:00,787.2078473834224,804.0765981265419,772.5882669965957,796.2045288085938,72580,0.0,0.0
2005-07-27 00:00:00+09:00,809.6996205982898,820.9454740951758,788.3325797414492,819.8208618164062,234612,0.0,0.0
2005-07-28 00:00:00+09:00,822.0699825416907,869.3024566409997,817.5716414163929,832.1912231445312,129468,0.0,0.0
2005-07-29 00:00:00+09:00,837.8141764802327,862.5549988112117,811.94874193885,832.1912231445312,443331,0.0,0.0
2005-08-01 00:00:00+09:00,832.1911234284161,832.1911234284161,805.2011337688252,814.1978149414062,68265,0.0,0.0
2005-08-02 00:00:00+09:00,819.8208146865773,819.8208146865773,804.0766745541972,805.2012329101562,41194,0.0,0.0
2005-08-03 00:00:00+09:00,809.6996824756271,832.1913373300521,799.5784404840442,804.0767822265625,55710,0.0,0.0
2005-08-04 00:00:00+09:00,800.702847040687,818.6961555276968,800.702847040687,814.1978149414062,119267,0.0,0.0
2005-08-05 00:00:00+09:00,809.6995740503103,815.322527404582,796.2046044880072,805.2012329101562,91020,0.0,0.0
2005-08-08 00:00:00+09:00,800.7028240568058,845.6861209121773,800.7028240568058,843.4369506835938,108282,0.0,0.0
2005-08-09 00:00:00+09:00,810.8241438931984,860.3057861328125,810.8241438931984,860.3057861328125,225981,0.0,0.0
2005-08-10 00:00:00+09:00,865.9286981217089,900.7907598636632,860.3057988364018,888.4203491210938,464517,0.0,0.0
2005-08-11 00:00:00+09:00,899.6661376953125,905.2889827233766,887.2957278307431,899.6661376953125,116913,0.0,0.0
2005-08-12 00:00:00+09:00,878.2991692047069,896.29248046875,874.925440173374,896.29248046875,124368,0.0,0.0
2005-08-15 00:00:00+09:00,896.29248046875,896.29248046875,896.29248046875,896.29248046875,0,0.0,0.0
2005-08-16 00:00:00+09:00,905.2890083494019,905.2890083494019,784.9586887157691,870.427001953125,267960,0.0,0.0
2005-08-17 00:00:00+09:00,844.5615482631831,883.9219483121275,828.8174097868666,842.3123779296875,378204,0.0,0.0
2005-08-18 00:00:00+09:00,833.3157115840427,853.5581897831448,823.1944724844916,843.4369506835938,104359,0.0,0.0
2005-08-19 00:00:00+09:00,843.437047122324,888.4203491210938,838.9387061508156,888.4203491210938,189887,0.0,0.0
2005-08-22 00:00:00+09:00,882.7975104852578,899.6662633582434,877.1745569554889,896.29248046875,38840,0.0,0.0
2005-08-23 00:00:00+09:00,883.9220081495854,905.2890469770148,883.9220081495854,888.4203491210938,27855,0.0,0.0
2005-08-24 00:00:00+09:00,877.1746063963992,894.0433602201723,868.1779771863735,891.794189453125,52572,0.0,0.0
2005-08-25 00:00:00+09:00,872.6762095789713,894.0432484064007,872.6762095789713,888.4203491210938,46687,0.0,0.0
2005-08-26 00:00:00+09:00,889.5449542752943,895.1679077148438,874.925426135313,895.1679077148438,94943,0.0,0.0
2005-08-29 00:00:00+09:00,877.1745820545405,892.9187769869654,871.5516822220411,878.2991943359375,47079,0.0,0.0
2005-08-30 00:00:00+09:00,877.1745071364273,894.0432590513535,877.1745071364273,885.046630859375,29424,0.0,0.0
2005-08-31 00:00:00+09:00,877.1745818321895,888.4204353524995,877.1745818321895,886.1712646484375,25893,0.0,0.0
2005-09-01 00:00:00+09:00,880.5482793500325,894.0432484064007,860.3057988364018,888.4203491210938,114559,0.0,0.0
2005-09-02 00:00:00+09:00,882.7975355214254,892.9187767606235,877.1745818321895,886.1712646484375,30209,0.0,0.0
2005-09-05 00:00:00+09:00,886.1712607865118,897.4171142578125,867.0533368143814,897.4171142578125,83173,0.0,0.0
2005-09-06 00:00:00+09:00,889.5449085002608,905.2890480612392,889.5449085002608,904.1644897460938,33347,0.0,0.0
2005-09-07 00:00:00+09:00,899.6662135915983,909.7874001257256,895.1678725598812,908.662841796875,30209,0.0,0.0
2005-09-08 00:00:00+09:00,908.6629301830973,944.6495542209611,899.6663011027127,941.27587890625,378204,0.0,0.0
2005-09-09 00:00:00+09:00,939.0266478622615,1045.8620685199735,939.0266478622615,1023.370361328125,2063648,0.0,0.0
2005-09-12 00:00:00+09:00,1046.9863579984828,1090.8450949688217,1012.1243015937978,1068.3533935546875,498649,0.0,0.0
2005-09-13 00:00:00+09:00,1068.3535365709095,1085.2223418187439,1044.737273853728,1061.6060791015625,142415,0.0,0.0
2005-09-14 00:00:00+09:00,1034.616237168924,1060.4817292712132,1024.4949951171875,1024.4949951171875,142022,0.0,0.0
2005-09-15 00:00:00+09:00,1024.494823048763,1042.4881871037112,1000.878667372037,1028.9931640625,165562,0.0,0.0
2005-09-16 00:00:00+09:00,1015.4982487376036,1051.4848691311852,1012.1244660482222,1028.9931640625,406060,0.0,0.0
2005-09-19 00:00:00+09:00,1028.9931640625,1028.9931640625,1028.9931640625,1028.9931640625,0,0.0,0.0
2005-09-20 00:00:00+09:00,1028.9930855175846,1090.845188947949,1028.9930855175846,1085.2222900390625,508850,0.0,0.0
2005-09-21 00:00:00+09:00,1073.9764384709138,1100.9664838493516,1068.3535392794838,1093.0943603515625,129860,0.0,0.0
2005-09-22 00:00:00+09:00,1090.84521484375,1090.84521484375,1071.7272934699076,1090.84521484375,27463,0.0,0.0
2005-09-23 00:00:00+09:00,1090.8451450179252,1103.2155005760408,1090.8451450179252,1102.0909423828125,108675,0.0,0.0
2005-09-26 00:00:00+09:00,1124.5828462731713,1124.5828462731713,1102.0911397982,1118.9598388671875,121621,0.0,0.0
2005-09-27 00:00:00+09:00,1107.7138378863397,1124.5826416015625,1091.9697000774195,1124.5826416015625,159677,0.0,0.0
2005-09-28 00:00:00+09:00,1124.5830675111667,1141.4517698987154,1103.215915227327,1113.337158203125,66303,0.0,0.0
2005-09-29 00:00:00+09:00,1108.8384471108786,1135.8284912109375,1095.3435327771558,1135.8284912109375,76111,0.0,0.0
2005-09-30 00:00:00+09:00,1124.5826244282373,1147.07421875,1108.8383791434433,1147.07421875,167524,0.0,0.0
2005-10-03 00:00:00+09:00,1147.07421875,1147.07421875,1147.07421875,1147.07421875,0,0.0,0.0
2005-10-04 00:00:00+09:00,1147.0745891760778,1259.532920250086,1135.8287883835774,1225.79541015625,225588,0.0,0.0
2005-10-05 00:00:00+09:00,1225.7951403696377,1237.0409386870379,1180.811839383726,1220.1722412109375,71796,0.0,0.0
2005-10-06 00:00:00+09:00,1203.303255975648,1298.8928505199985,1186.434561023507,1282.0240478515625,41194,0.0,0.0
2005-10-07 00:00:00+09:00,1282.0242121560118,1349.4992160447741,1248.2868179279396,1338.25341796875,154969,0.0,0.0
2005-10-10 00:00:00+09:00,1304.5161030013378,1416.9743153128904,1304.5161030013378,1405.728515625,127114,0.0,0.0
2005-10-11 00:00:00+09:00,1405.7282930237923,1484.4490938060032,1366.3678926326866,1433.8428955078125,148300,0.0,0.0
2005-10-12 00:00:00+09:00,1445.0887907705094,1445.0887907705094,1371.9908840172359,1428.2200927734375,102397,0.0,0.0
2005-10-13 00:00:00+09:00,1383.236891589208,1428.2201972551425,1315.7618792321452,1400.1055908203125,172232,0.0,0.0
2005-10-14 00:00:00+09:00,1383.2368667303263,1405.7284653009237,1332.6305545138407,1394.482666015625,120837,0.0,0.0
2005-10-17 00:00:00+09:00,1338.2536393845007,1394.4827467841067,1310.1390318265344,1360.7452392578125,123191,0.0,0.0
2005-10-18 00:00:00+09:00,1282.024356612372,1338.2535687609238,1270.77855726919,1293.270263671875,94943,0.0,0.0
2005-10-19 00:00:00+09:00,1282.0242609340858,1327.007562666002,1186.4347582183025,1298.89306640625,154185,0.0,0.0
2005-10-20 00:00:00+09:00,1293.269952202618,1293.269952202618,1231.4178552788446,1282.0240478515625,122798,0.0,0.0
2005-10-21 00:00:00+09:00,1242.6637494740198,1327.0074462890625,1242.6637494740198,1327.0074462890625,40017,0.0,0.0
2005-10-24 00:00:00+09:00,1315.761962890625,1360.745271416678,1310.1390627894095,1315.761962890625,54533,0.0,0.0
2005-10-25 00:00:00+09:00,1270.7784433313918,1349.4992471082123,1270.7784433313918,1321.3846435546875,35309,0.0,0.0
2005-10-26 00:00:00+09:00,1338.2534880230924,1473.20339514861,1321.384682309706,1428.2200927734375,533959,0.0,0.0
2005-10-27 00:00:00+09:00,1416.9742645862227,1416.9742645862227,1371.990959728707,1394.482666015625,153400,0.0,0.0
2005-10-28 00:00:00+09:00,1355.1222608007588,1433.8430712304912,1355.1222608007588,1394.482666015625,78858,0.0,0.0
2005-10-31 00:00:00+09:00,1360.7450226450778,1422.5971278832958,1360.7450226450778,1416.97412109375,79642,0.0,0.0
2005-11-01 00:00:00+09:00,1439.4658966682011,1478.8262998540258,1422.59719860984,1456.3345947265625,91804,0.0,0.0
2005-11-02 00:00:00+09:00,1461.9573974609375,1490.0718902953693,1433.842796910206,1461.9573974609375,177724,0.0,0.0
2005-11-03 00:00:00+09:00,1490.0720195195197,1540.6782187265394,1422.5971231489298,1439.4658203125,222058,0.0,0.0
2005-11-04 00:00:00+09:00,1456.3345223227132,1456.3345223227132,1388.8596257275688,1416.97412109375,171055,0.0,0.0
2005-11-07 00:00:00+09:00,1388.8596004061794,1428.2200009175324,1388.8596004061794,1411.3511962890625,79642,0.0,0.0
2005-11-08 00:00:00+09:00,1411.351292187951,1461.9576017956645,1371.9908890021263,1456.3345947265625,158500,0.0,0.0
2005-11-09 00:00:00+09:00,1450.7117701584395,1456.334669801089,1394.482666015625,1394.482666015625,84350,0.0,0.0
2005-11-10 00:00:00+09:00,1394.4826954556306,1411.351394739707,1349.4993896484375,1349.4993896484375,222842,0.0,0.0
2005-11-11 00:00:00+09:00,1360.7453368952247,1394.482846842283,1315.762026204592,1355.1224365234375,174193,0.0,0.0
2005-11-14 00:00:00+09:00,1349.4993367091656,1388.8597412109375,1343.8764371683865,1388.8597412109375,74150,0.0,0.0
2005-11-15 00:00:00+09:00,1388.8596170271671,1388.8596170271671,1293.2701179483447,1338.25341796875,129468,0.0,0.0
2005-11-16 00:00:00+09:00,1338.2536393845007,1377.614046879123,1315.7619317948624,1360.7452392578125,41194,0.0,0.0
2005-11-17 00:00:00+09:00,1383.2368667303263,1400.1055656582744,1355.1222608007588,1394.482666015625,69049,0.0,0.0
2005-11-18 00:00:00+09:00,1377.613827581096,1428.220026956532,1366.3679217183142,1416.97412109375,191848,0.0,0.0
2005-11-21 00:00:00+09:00,1416.974191540738,1484.4491992068129,1388.8596947768026,1456.3345947265625,162031,0.0,0.0
2005-11-22 00:00:00+09:00,1456.3346434166046,1461.9576506737021,1388.8597412109375,1388.8597412109375,69834,0.0,0.0
2005-11-23 00:00:00+09:00,1400.105419214527,1439.4658203125,1388.8596211054803,1439.4658203125,131430,0.0,0.0
2005-11-24 00:00:00+09:00,1439.4656954770924,1461.9573974609375,1416.9739934932472,1461.9573974609375,130645,0.0,0.0
2005-11-25 00:00:00+09:00,1445.0887193670233,1450.7116184215467,1422.5971231489298,1439.4658203125,37663,0.0,0.0
2005-11-28 00:00:00+09:00,1416.9741863924085,1439.465891438152,1416.9741863924085,1428.2200927734375,76111,0.0,0.0
2005-11-29 00:00:00+09:00,1416.9739934932472,1461.9573974609375,1405.7281963594746,1461.9573974609375,132214,0.0,0.0
2005-11-30 00:00:00+09:00,1456.3347498922867,1512.56396484375,1439.4660500366438,1512.56396484375,153400,0.0,0.0
2005-12-01 00:00:00+09:00,1535.0553429269307,1596.9074488963183,1490.0720420929717,1518.1866455078125,110636,0.0,0.0
2005-12-02 00:00:00+09:00,1506.941010692759,1551.92431640625,1484.4493039778522,1551.92431640625,85527,0.0,0.0
2005-12-05 00:00:00+09:00,1535.0554138266639,1563.1700185400362,1523.8096150278411,1557.547119140625,59633,0.0,0.0
2005-12-06 00:00:00+09:00,1563.1700261580304,1563.1700261580304,1478.8263193231858,1484.44921875,45510,0.0,0.0
2005-12-07 00:00:00+09:00,1456.3343911777515,1495.6947888622556,1428.2198983433198,1461.9573974609375,124368,0.0,0.0
2005-12-08 00:00:00+09:00,1428.2202501328816,1512.56396484375,1428.2202501328816,1512.56396484375,179294,0.0,0.0
2005-12-09 00:00:00+09:00,1540.6782420666366,1551.9241480623596,1512.5637463681066,1518.1866455078125,134176,0.0,0.0
2005-12-12 00:00:00+09:00,1518.186600927777,1546.3012035170605,1518.186600927777,1535.0552978515625,54533,0.0,0.0
2005-12-13 00:00:00+09:00,1568.7929179394475,1568.7929179394475,1529.4325144272525,1557.547119140625,47471,0.0,0.0
2005-12-14 00:00:00+09:00,1563.1700439453125,1574.4158429269066,1523.8096397934162,1563.1700439453125,118090,0.0,0.0
2005-12-15 00:00:00+09:00,1574.4158429269066,1574.4158429269066,1484.4492356415196,1563.1700439453125,119660,0.0,0.0
2005-12-16 00:00:00+09:00,1518.1866455078125,1551.9241480623596,1495.6949412326778,1518.1866455078125,58849,0.0,0.0
2005-12-19 00:00:00+09:00,1501.3178403723837,1540.6782420666366,1501.3178403723837,1518.1866455078125,37271,0.0,0.0
2005-12-20 00:00:00+09:00,1467.5806575123752,1518.186864795631,1467.5806575123752,1512.56396484375,104359,0.0,0.0
2005-12-21 00:00:00+09:00,1484.44921875,1518.186723027201,1461.9576210427435,1484.44921875,60810,0.0,0.0
2005-12-22 00:00:00+09:00,1484.4490938060032,1484.4490938060032,1433.8428955078125,1433.8428955078125,21970,0.0,0.0
2005-12-23 00:00:00+09:00,1422.5975324198998,1422.5975324198998,1332.6307985158226,1371.9912109375,58849,0.0,0.0
2005-12-26 00:00:00+09:00,1400.1054238740412,1461.957529112259,1383.2367266543324,1416.97412109375,31386,0.0,0.0
2005-12-27 00:00:00+09:00,1394.4827534464757,1439.466061124341,1298.893238095553,1310.1390380859375,101220,0.0,0.0
2005-12-28 00:00:00+09:00,1332.630615234375,1332.630615234375,1304.5161157401074,1332.630615234375,95335,0.0,0.0
2005-12-29 00:00:00+09:00,1332.6304619179525,1349.4992673901168,1298.89306640625,1298.89306640625,91412,0.0,0.0
2006-01-02 00:00:00+09:00,1304.515869140625,1310.1387679765523,1253.9096719009729,1304.515869140625,33347,0.0,0.0
2006-01-03 00:00:00+09:00,1287.6467849943097,1343.8759765625,1282.023887380747,1343.8759765625,45902,0.0,0.0
2006-01-04 00:00:00+09:00,1349.4991675443496,1349.4991675443496,1293.27007146877,1304.515869140625,44725,0.0,0.0
2006-01-05 00:00:00+09:00,1304.516018394147,1327.007616311187,1248.2869158852302,1259.53271484375,71796,0.0,0.0
2006-01-06 00:00:00+09:00,1248.286844720749,1293.2701457066607,1208.9264428935373,1220.1722412109375,162816,0.0,0.0
2006-01-09 00:00:00+09:00,1220.172310772613,1265.15561432301,1214.5494112933532,1259.53271484375,41586,0.0,0.0
2006-01-10 00:00:00+09:00,1231.4180597647514,1270.7784622387892,1203.3034557929207,1248.286865234375,78073,0.0,0.0
2006-01-11 00:00:00+09:00,1237.041009210393,1293.270219435627,1237.041009210393,1259.53271484375,70619,0.0,0.0
2006-01-12 00:00:00+09:00,1282.0243127607898,1282.0243127607898,1253.90981536449,1259.53271484375,21578,0.0,0.0
2006-01-13 00:00:00+09:00,1259.532920250086,1282.0245218350867,1220.17250976,1225.79541015625,92981,0.0,0.0
2006-01-16 00:00:00+09:00,1237.0411128409316,1259.5328203584847,1231.418212890625,1231.418212890625,50218,0.0,0.0
2006-01-17 00:00:00+09:00,1231.4181161165827,1253.9098218665695,1231.4181161165827,1237.041015625,86704,0.0,0.0
2006-01-18 00:00:00+09:00,1248.2866954111441,1248.2866954111441,1163.9430026865073,1192.0574951171875,131822,0.0,0.0
2006-01-19 00:00:00+09:00,1214.5494131597757,1214.5494131597757,1163.9432100523513,1208.926513671875,58849,0.0,0.0
2006-01-20 00:00:00+09:00,1214.5494131597757,1298.8931209109223,1208.926513671875,1208.926513671875,191456,0.0,0.0
2006-01-23 00:00:00+09:00,1208.926790262049,1208.926790262049,1116.7109375,1116.7109375,67088,0.0,0.0
2006-01-24 00:00:00+09:00,1116.7104830568876,1192.0574951171875,1116.7104830568876,1192.0574951171875,114952,0.0,0.0
2006-01-25 00:00:00+09:00,1192.0575881782668,1192.0575881782668,1130.205592285835,1135.8284912109375,130253,0.0,0.0
2006-01-26 00:00:00+09:00,1141.4513376004838,1169.565938648321,1124.5826416015625,1124.5826416015625,106713,0.0,0.0
2006-01-27 00:00:00+09:00,1147.07419239657,1158.3199892990851,1123.4579327282504,1141.4512939453125,213426,0.0,0.0
2006-01-31 00:00:00+09:00,1152.6970466141001,1180.8116455078125,1152.6970466141001,1180.8116455078125,122798,0.0,0.0
2006-02-01 00:00:00+09:00,1158.3200159108812,1180.811717948944,1120.0842840206246,1147.07421875,92197,0.0,0.0
2006-02-02 00:00:00+09:00,1135.8284389341768,1158.320033599405,1123.4579756952598,1124.5826416015625,54533,0.0,0.0
2006-02-03 00:00:00+09:00,1124.5826888983738,1124.5826888983738,1046.9864470639907,1050.3602294921875,194987,0.0,0.0
2006-02-06 00:00:00+09:00,1032.3670683008093,1058.232451387902,1021.121268300565,1044.7374267578125,185179,0.0,0.0
2006-02-07 00:00:00+09:00,1055.9832361374595,1055.9832361374595,1021.12117321012,1034.6160888671875,262860,0.0,0.0
2006-02-08 00:00:00+09:00,1016.6229142418917,1032.3670555916783,1003.1278897779351,1012.1245727539062,247951,0.0,0.0
2006-02-09 00:00:00+09:00,1023.370361328125,1027.8687027664948,1014.3736784513857,1023.370361328125,60418,0.0,0.0
2006-02-10 00:00:00+09:00,1023.3703741842749,1054.8587646484375,1023.3703741842749,1054.8587646484375,153008,0.0,0.0
2006-02-13 00:00:00+09:00,1055.98330455272,1100.9666109954064,1055.98330455272,1073.9765625,123191,0.0,0.0
2006-02-14 00:00:00+09:00,1068.353701567521,1113.337009648452,1057.1079014763704,1079.599609375,44333,0.0,0.0
2006-02-15 00:00:00+09:00,1111.0876502561339,1111.0876502561339,1087.4713890451758,1088.595947265625,81996,0.0,0.0
2006-02-16 00:00:00+09:00,1086.3469492015465,1107.7139885836204,1024.4948400249882,1091.9698486328125,32170,0.0,0.0
2006-02-17 00:00:00+09:00,1085.2223874420097,1108.838543435714,1080.7240463678954,1095.3436279296875,41979,0.0,0.0
2006-02-20 00:00:00+09:00,1102.0909392200326,1124.5826416015625,1089.7205836974174,1124.5826416015625,44725,0.0,0.0
2006-02-21 00:00:00+09:00,1147.0745369428146,1152.6974370830198,1114.461694586357,1120.0845947265625,38840,0.0,0.0
2006-02-22 00:00:00+09:00,1124.5826500128699,1248.2867447457747,1124.5826500128699,1152.6971435546875,195379,0.0,0.0
2006-02-23 00:00:00+09:00,1192.0577139715906,1208.926520243305,1158.3202091444796,1186.434814453125,207934,0.0,0.0
2006-02-24 00:00:00+09:00,1203.3032384497476,1214.5491426370088,1169.565849036845,1180.8116455078125,124368,0.0,0.0
2006-02-27 00:00:00+09:00,1192.0576377011262,1220.1722412109375,1180.811839383726,1220.1722412109375,125937,0.0,0.0
2006-02-28 00:00:00+09:00,1214.5494175913311,1237.041015625,1197.6806113497616,1237.041015625,46687,0.0,0.0
2006-03-02 00:00:00+09:00,1237.0407193426374,1248.2866233822947,1203.30322265625,1203.30322265625,75719,0.0,0.0
2006-03-03 00:00:00+09:00,1220.1722464396817,1220.1722464396817,1169.5660460782096,1197.6805419921875,39232,0.0,0.0
2006-03-06 00:00:00+09:00,1175.1887472723288,1197.6803402142639,1175.1887472723288,1180.8116455078125,43548,0.0,0.0
2006-03-07 00:00:00+09:00,1180.8116908204129,1180.8116908204129,1141.4512939453125,1141.4512939453125,57279,0.0,0.0
2006-03-08 00:00:00+09:00,1141.4514365539449,1175.188939192824,1141.4514365539449,1169.5660400390625,39232,0.0,0.0
2006-03-09 00:00:00+09:00,1169.5659011726434,1197.6803936033234,1163.9430026865073,1192.0574951171875,51002,0.0,0.0
2006-03-10 00:00:00+09:00,1192.0574853647324,1192.0574853647324,1158.319987007631,1163.9429931640625,101220,0.0,0.0
2006-03-13 00:00:00+09:00,1180.8116884844644,1180.8116884844644,1163.9429931640625,1163.9429931640625,72580,0.0,0.0
2006-03-14 00:00:00+09:00,1163.9431408853013,1180.811838346585,1158.3201340152289,1169.5660400390625,74934,0.0,0.0
2006-03-15 00:00:00+09:00,1192.0574951171875,1197.6803936033234,1175.1887996587793,1192.0574951171875,201656,0.0,0.0
2006-03-16 00:00:00+09:00,1203.3032920894595,1214.54919677803,1180.8116981449155,1192.0574951171875,96120,0.0,0.0
2006-03-17 00:00:00+09:00,1192.0577139715906,1192.0577139715906,1163.943216379263,1186.434814453125,106321,0.0,0.0
2006-03-20 00:00:00+09:00,1214.5491943359375,1220.1720928107675,1203.3032896699792,1214.5491943359375,189494,0.0,0.0
2006-03-21 00:00:00+09:00,1214.5494131597757,1225.7952121355772,1197.680606979756,1208.926513671875,120444,0.0,0.0
2006-03-22 00:00:00+09:00,1208.9262285342245,1208.9262285342245,1175.188731847837,1203.30322265625,107890,0.0,0.0
2006-03-23 00:00:00+09:00,1214.5494197617707,1214.5494197617707,1175.189015416194,1186.434814453125,116129,0.0,0.0
2006-03-24 00:00:00+09:00,1175.189015416194,1186.434814453125,1169.5661158977287,1186.434814453125,74542,0.0,0.0
2006-03-27 00:00:00+09:00,1197.6803936033234,1197.6803936033234,1169.5659011726434,1192.0574951171875,145161,0.0,0.0
2006-03-28 00:00:00+09:00,1192.0576626732282,1192.0576626732282,1163.9431662907646,1175.18896484375,206757,0.0,0.0
2006-03-29 00:00:00+09:00,1186.4345437432962,1192.0574419787802,1169.565849036845,1180.8116455078125,878816,0.0,0.0
2006-03-30 00:00:00+09:00,1205.0334758384208,1217.1444507328747,1177.1784539853063,1186.8671875,224804,191.16626,0.0
2006-03-31 00:00:00+09:00,1174.7564627675406,1198.9781833182765,1168.7010326298566,1179.600830078125,248736,0.0,0.0
2006-04-03 00:00:00+09:00,1171.1231417934198,1191.7116735729492,1171.1231417934198,1188.078369140625,201264,0.0,0.0
2006-04-04 00:00:00+09:00,1189.289582757953,1189.289582757953,1168.701164369904,1173.5455322265625,74150,0.0,0.0
2006-04-05 00:00:00+09:00,1177.178568239288,1192.922732728211,1174.756442626616,1191.711669921875,165955,0.0,0.0
2006-04-06 00:00:00+09:00,1201.400401117912,1201.400401117912,1184.445173868647,1192.9227294921875,113382,0.0,0.0
2006-04-07 00:00:00+09:00,1197.7672368971696,1197.7672368971696,1182.023070608207,1184.4453125,108675,0.0,0.0
2006-04-10 00:00:00+09:00,1184.4453780580188,1223.2002064519738,1184.4453780580188,1217.144775390625,126329,0.0,0.0
2006-04-11 00:00:00+09:00,1217.1446639051335,1217.1446639051335,1190.5007000743547,1211.0892333984375,47864,0.0,0.0
2006-04-12 00:00:00+09:00,1211.0892333984375,1235.3109554252217,1201.4004981868463,1211.0892333984375,33347,0.0,0.0
2006-04-13 00:00:00+09:00,1211.0892333984375,1217.1446639051335,1203.8226239886474,1211.0892333984375,26678,0.0,0.0
2006-04-14 00:00:00+09:00,1223.199978350203,1223.199978350203,1200.1893214076536,1203.822509765625,70619,0.0,0.0
2006-04-17 00:00:00+09:00,1203.822519826493,1205.0335826226049,1197.76708984375,1197.76708984375,20401,0.0,0.0
2006-04-18 00:00:00+09:00,1188.0783687301216,1203.8225332618404,1188.0783687301216,1190.5006103515625,102790,0.0,0.0
2006-04-19 00:00:00+09:00,1192.922686181749,1253.4772161620008,1192.922686181749,1223.199951171875,247951,0.0,0.0
2006-04-20 00:00:00+09:00,1241.3664996360203,1247.4219306973691,1201.4006082302365,1217.144775390625,222450,0.0,0.0
2006-04-21 00:00:00+09:00,1217.1445213742857,1235.3108107670532,1197.7670532202565,1223.199951171875,170270,0.0,0.0
2006-04-24 00:00:00+09:00,1247.4219306973691,1247.4219306973691,1209.8781653152432,1217.144775390625,178117,0.0,0.0
2006-04-25 00:00:00+09:00,1223.1999816209332,1223.1999816209332,1198.9781458254433,1202.6114501953125,107890,0.0,0.0
2006-04-26 00:00:00+09:00,1203.822509765625,1211.089118485933,1202.6114469796346,1203.822509765625,83958,0.0,0.0
2006-04-27 00:00:00+09:00,1202.6114202587637,1223.199951171875,1201.4003574996818,1223.199951171875,100828,0.0,0.0
2006-04-28 00:00:00+09:00,1235.3110685746715,1235.3110685746715,1207.4560392915853,1217.144775390625,56102,0.0,0.0
2006-05-02 00:00:00+09:00,1211.0893443292762,1229.2556375133227,1211.0893443292762,1217.144775390625,67872,0.0,0.0
2006-05-03 00:00:00+09:00,1217.144501913319,1259.532625820878,1217.144501913319,1235.310791015625,98082,0.0,0.0
2006-05-04 00:00:00+09:00,1235.3105554994054,1247.4214125919661,1223.1996984068446,1229.255126953125,24716,0.0,0.0
2006-05-08 00:00:00+09:00,1271.6435055547684,1271.6435055547684,1223.199951171875,1223.199951171875,41194,0.0,0.0
2006-05-09 00:00:00+09:00,1223.199951171875,1235.3108107670532,1223.199951171875,1223.199951171875,96512,0.0,0.0
2006-05-10 00:00:00+09:00,1223.2001394534827,1223.2001394534827,1177.1787035048837,1182.0230712890625,169093,0.0,0.0
2006-05-11 00:00:00+09:00,1183.2339946700895,1206.244767931328,1180.811869064793,1195.344970703125,52179,0.0,0.0
2006-05-12 00:00:00+09:00,1207.4558274721962,1207.4558274721962,1162.6455758777847,1196.5560302734375,72580,0.0,0.0
2006-05-15 00:00:00+09:00,1171.123056564858,1191.7115868460555,1149.323463561749,1165.067626953125,82781,0.0,0.0
2006-05-16 00:00:00+09:00,1174.7563943957816,1185.6561912096734,1140.8458251953125,1140.8458251953125,40017,0.0,0.0
2006-05-17 00:00:00+09:00,1138.423807253866,1150.53466796875,1132.3683768964238,1150.53466796875,63557,0.0,0.0
2006-05-18 00:00:00+09:00,1138.423842696297,1138.423842696297,1119.0463721474532,1128.735107421875,38840,0.0,0.0
2006-05-19 00:00:00+09:00,1140.8458283850007,1144.479132667183,1120.2574134584488,1139.634765625,40802,0.0,0.0
2006-05-22 00:00:00+09:00,1138.4236059049872,1150.5344644778675,1108.1463434706168,1122.679443359375,42371,0.0,0.0
2006-05-23 00:00:00+09:00,1096.0358957529054,1138.4240326495856,1091.1915273073807,1093.61376953125,181648,0.0,0.0
2006-05-24 00:00:00+09:00,1108.1465739215935,1109.3577528324954,1034.2701124597152,1053.6475830078125,172232,0.0,0.0
2006-05-25 00:00:00+09:00,1059.7030135535442,1077.8694211929342,1023.3703142769589,1053.6475830078125,155362,0.0,0.0
2006-05-26 00:00:00+09:00,1053.6478069227583,1065.7586705879505,1053.6478069227583,1064.547607421875,72580,0.0,0.0
2006-05-29 00:00:00+09:00,1054.8585614791655,1065.758358789435,1023.3702323601235,1028.214599609375,202441,0.0,0.0
2006-05-30 00:00:00+09:00,1029.4258965594431,1053.6476195831815,1006.4151204842535,1031.8480224609375,101613,0.0,0.0
2006-05-31 00:00:00+09:00,1031.8480224609375,1031.8480224609375,1031.8480224609375,1031.8480224609375,0,0.0,0.0
2006-06-01 00:00:00+09:00,1031.848168955432,1053.6477691726286,1017.3150634765626,1017.3150634765625,25893,0.0,0.0
2006-06-02 00:00:00+09:00,1017.3148984379849,1047.5921676065402,1006.4151000976562,1006.4151000976562,10200,0.0,0.0
2006-06-05 00:00:00+09:00,1034.269863932124,1034.269863932124,1000.3594146235844,1016.1035766601562,38055,0.0,0.0
2006-06-07 00:00:00+09:00,982.1932404915766,993.0930373107506,968.8712601569096,980.982177734375,74542,0.0,0.0
2006-06-08 00:00:00+09:00,1010.0483709062961,1010.0483709062961,947.0717088349268,953.127197265625,95335,0.0,0.0
2006-06-09 00:00:00+09:00,953.1270966044511,980.9821780407771,953.1270966044511,978.5599365234375,12554,0.0,0.0
2006-06-12 00:00:00+09:00,1013.6814826010777,1041.5365036756575,994.3040161132812,994.3040161132812,517481,0.0,0.0
2006-06-13 00:00:00+09:00,993.0932072074228,1029.425908154465,993.0932072074228,1023.370361328125,44725,0.0,0.0
2006-06-14 00:00:00+09:00,1025.7926025390625,1029.4259074318763,1000.3597002937652,1025.7926025390625,20008,0.0,0.0
2006-06-15 00:00:00+09:00,1031.847907303604,1062.125173706441,1027.0035400390625,1027.0035400390625,33347,0.0,0.0
2006-06-16 00:00:00+09:00,1041.536850375899,1063.3364494300984,1041.536850375899,1048.8033447265625,36486,0.0,0.0
2006-06-19 00:00:00+09:00,1053.6475757556939,1059.7030062597469,1046.3810823512688,1058.491943359375,17262,0.0,0.0
2006-06-20 00:00:00+09:00,1054.8586419784958,1069.3917448353136,1043.958843836431,1057.2808837890625,20008,0.0,0.0
2006-06-21 00:00:00+09:00,1057.280990348133,1077.8695258031114,1056.0699273218886,1066.9697265625,20008,0.0,0.0
2006-06-22 00:00:00+09:00,1068.1807606151222,1098.4580314632187,1068.1807606151222,1081.502685546875,48648,0.0,0.0
2006-06-23 00:00:00+09:00,1100.8800222153814,1100.8800222153814,1073.024996778053,1089.980224609375,48256,0.0,0.0
2006-06-26 00:00:00+09:00,1079.08054111626,1093.6136447952085,1079.08054111626,1092.4024658203125,26678,0.0,0.0
2006-06-27 00:00:00+09:00,1102.0909455037704,1102.0909455037704,1086.3467825107352,1100.8798828125,37663,0.0,0.0
2006-06-28 00:00:00+09:00,1091.1912634125022,1114.2019209621617,1087.5579589564877,1105.724365234375,18831,0.0,0.0
2006-06-29 00:00:00+09:00,1082.7135667558653,1122.679446561219,1082.7135667558653,1119.046142578125,31386,0.0,0.0
2006-06-30 00:00:00+09:00,1126.3129849392226,1138.4238460670115,1109.3577561598795,1127.5240478515625,37663,0.0,0.0
2006-07-03 00:00:00+09:00,1116.6240266699708,1120.2573306836914,1077.8692091982452,1112.99072265625,161639,0.0,0.0
2006-07-04 00:00:00+09:00,1117.8354060048632,1117.8354060048632,1073.025146484375,1073.025146484375,60026,0.0,0.0
2006-07-05 00:00:00+09:00,1073.0251576959279,1089.9803880699674,1057.280990348133,1066.9697265625,59241,0.0,0.0
2006-07-06 00:00:00+09:00,1060.913933514657,1071.8138462309528,1030.6367848655423,1068.1805419921875,151046,0.0,0.0
2006-07-07 00:00:00+09:00,1068.1805419921875,1092.4022609114793,1045.1698858184245,1068.1805419921875,9808,0.0,0.0
2006-07-10 00:00:00+09:00,1066.9694758047706,1076.658093739926,1053.6474376403921,1071.8138427734375,26286,0.0,0.0
2006-07-11 00:00:00+09:00,1071.8138330400145,1087.5578805424832,1068.1805288459648,1077.8692626953125,23932,0.0,0.0
2006-07-12 00:00:00+09:00,1088.7691759333284,1088.7691759333284,1069.3917061584004,1080.29150390625,12162,0.0,0.0
2006-07-13 00:00:00+09:00,1068.1805288459648,1088.7690592752845,1065.758287382539,1077.8692626953125,16870,0.0,0.0
2006-07-14 00:00:00+09:00,1066.9694661153405,1079.0803254259367,1053.6474280719428,1077.8692626953125,80035,0.0,0.0
2006-07-18 00:00:00+09:00,1079.0803352253488,1079.0803352253488,1057.280741867437,1071.8138427734375,65518,0.0,0.0
2006-07-19 00:00:00+09:00,1071.8137176649245,1071.8137176649245,1062.1249848585176,1070.6025390625,12946,0.0,0.0
2006-07-20 00:00:00+09:00,1070.6027620216012,1085.1358642578125,1066.96957346419,1085.1358642578125,33347,0.0,0.0
2006-07-21 00:00:00+09:00,1088.7689420750542,1088.7689420750542,1065.7581726592966,1070.6025390625,9415,0.0,0.0
2006-07-24 00:00:00+09:00,1085.1360199627838,1085.1360199627838,1060.9141794268664,1066.9697265625,29032,0.0,0.0
2006-07-25 00:00:00+09:00,1068.1805419921875,1076.6580972130682,1068.1805419921875,1068.1805419921875,13339,0.0,0.0
2006-07-26 00:00:00+09:00,1069.391601288015,1073.0249055150596,1064.547234319348,1071.8138427734375,14908,0.0,0.0
2006-07-27 00:00:00+09:00,1073.024777246897,1082.7135100260505,1065.7581696614493,1074.23583984375,16870,0.0,0.0
2006-07-28 00:00:00+09:00,1068.1805385463929,1089.9801319043047,1065.75829706097,1071.8138427734375,12946,0.0,0.0
2006-07-31 00:00:00+09:00,1089.9801422193493,1089.9801422193493,1063.336181640625,1063.336181640625,33347,0.0,0.0
2006-08-01 00:00:00+09:00,1063.336399385616,1102.0912274355599,1063.336399385616,1079.08056640625,40409,0.0,0.0
2006-08-02 00:00:00+09:00,1066.9697154142175,1096.0358077514145,1060.9141683418557,1073.025146484375,48648,0.0,0.0
2006-08-03 00:00:00+09:00,1073.0251576959279,1077.8695258031114,1060.9141794268664,1066.9697265625,20793,0.0,0.0
2006-08-04 00:00:00+09:00,1066.9696196334544,1066.9696196334544,1054.858642578125,1054.858642578125,115344,0.0,0.0
2006-08-07 00:00:00+09:00,1060.9140764622518,1065.7584440992762,1053.6475830078125,1053.6475830078125,14123,0.0,0.0
2006-08-08 00:00:00+09:00,1053.6473606417837,1062.125031217963,1037.9031981447154,1040.325439453125,35701,0.0,0.0
2006-08-09 00:00:00+09:00,1035.4812363112428,1041.536666534991,999.1485389665664,1011.2593994140625,189887,0.0,0.0
2006-08-10 00:00:00+09:00,1016.1037667934986,1034.2700574647426,1000.3596018108784,1011.2593994140625,66695,0.0,0.0
2006-08-11 00:00:00+09:00,1012.4704315409462,1012.4704315409462,993.0930786132812,993.0930786132812,145161,0.0,0.0
2006-08-14 00:00:00+09:00,978.5598851280365,1025.79237421255,970.0822722669644,971.2933349609375,159285,0.0,0.0
2006-08-16 00:00:00+09:00,978.5600408821975,1005.2040044013053,978.5600408821975,989.4598388671875,54141,0.0,0.0
2006-08-17 00:00:00+09:00,1027.003463344143,1027.003463344143,989.4597068492922,997.9373779296875,29032,0.0,0.0
2006-08-18 00:00:00+09:00,999.148542205235,1012.4704655402252,997.9374793569974,1010.04833984375,73757,0.0,0.0
2006-08-21 00:00:00+09:00,1017.3147884712857,1017.3147884712857,982.1932713943321,999.1484985351562,42371,0.0,0.0
2006-08-22 00:00:00+09:00,999.1485739654433,999.1485739654433,978.5600408821975,989.4598388671875,32170,0.0,0.0
2006-08-23 00:00:00+09:00,980.9820949045487,995.5150787682261,979.770916247434,994.3040161132812,12162,0.0,0.0
2006-08-24 00:00:00+09:00,994.3042701718109,1027.003666223489,993.0932072074228,1023.370361328125,48648,0.0,0.0
2006-08-25 00:00:00+09:00,1022.1592069809077,1022.1592069809077,1005.2039789887018,1007.626220703125,20401,0.0,0.0
2006-08-28 00:00:00+09:00,1010.0483469212713,1010.0483469212713,996.7263074907436,1005.2039794921875,17262,0.0,0.0
2006-08-29 00:00:00+09:00,1007.6261869830824,1028.2146028546515,1007.6261869830824,1027.0035400390625,19224,0.0,0.0
2006-08-30 00:00:00+09:00,1039.1143969196446,1039.1143969196446,1014.8926766755723,1028.214599609375,11377,0.0,0.0
2006-08-31 00:00:00+09:00,1013.6818741085063,1035.481474325703,1011.2596318609206,1017.3150634765625,17654,0.0,0.0
2006-09-01 00:00:00+09:00,1017.3149297898968,1029.4259074318763,1017.3149297898968,1025.7926025390625,8631,0.0,0.0
2006-09-04 00:00:00+09:00,1025.7926135017922,1029.4259184334355,1011.2595097774202,1019.7371826171875,20008,0.0,0.0
2006-09-05 00:00:00+09:00,1013.6815633899124,1023.3701814038083,1012.4703846362686,1022.1591186523438,9415,0.0,0.0
2006-09-06 00:00:00+09:00,1017.314940662025,1034.2701703393586,1014.8928147090635,1019.7371826171875,6669,0.0,0.0
2006-09-07 00:00:00+09:00,1012.4704382454385,1027.0035400390625,1012.4704382454385,1027.0035400390625,30993,0.0,0.0
2006-09-08 00:00:00+09:00,1028.2146028546515,1028.2146028546515,1011.2593754298495,1027.0035400390625,4707,0.0,0.0
2006-09-11 00:00:00+09:00,1016.1037491312392,1027.0035465449594,1011.2593818360095,1024.5814208984375,16085,0.0,0.0
2006-09-12 00:00:00+09:00,1012.4702728048961,1018.5258178977185,1006.4148437142403,1016.1035766601562,8631,0.0,0.0
2006-09-13 00:00:00+09:00,1017.314829156216,1017.314829156216,1005.2039687144531,1013.681640625,197733,0.0,0.0
2006-09-14 00:00:00+09:00,1006.4150315581918,1014.8927034687387,1005.2039687144531,1013.681640625,20793,0.0,0.0
2006-09-15 00:00:00+09:00,1022.159431969519,1022.159431969519,1007.6264424928644,1017.3150634765625,16085,0.0,0.0
2006-09-18 00:00:00+09:00,1006.4149913091713,1014.8926628806752,999.1484985351562,999.1484985351562,223235,0.0,0.0
2006-09-19 00:00:00+09:00,1005.2039827825628,1011.2594130881916,997.9374896162461,1003.992919921875,37663,0.0,0.0
2006-09-20 00:00:00+09:00,1000.3596153376218,1010.0483502275038,994.3041850319929,1003.992919921875,65126,0.0,0.0
2006-09-21 00:00:00+09:00,1003.9929063460024,1016.1037667934986,999.1485389665664,1011.2593994140625,21970,0.0,0.0
2006-09-22 00:00:00+09:00,1005.2038026118025,1013.6814731214756,988.2485775946251,1000.3594360351562,47079,0.0,0.0
2006-09-25 00:00:00+09:00,993.0929566518802,1002.781689926935,982.1931607179861,990.6707153320312,72973,0.0,0.0
2006-09-26 00:00:00+09:00,1013.6816174086823,1013.6816174086823,980.982225363523,988.2487182617188,32170,0.0,0.0
2006-09-27 00:00:00+09:00,980.982177734375,988.2486702797644,980.982177734375,980.982177734375,87881,0.0,0.0
2006-09-28 00:00:00+09:00,982.193257419741,988.2486873122946,967.6601560763036,968.8712768554688,178509,0.0,0.0
2006-09-29 00:00:00+09:00,968.8714758997261,991.8821954202623,957.9716186523438,957.9716186523438,64341,0.0,0.0
2006-10-02 00:00:00+09:00,957.9714186796305,980.9821913978624,956.7603559055607,970.0823364257812,23539,0.0,0.0
2006-10-04 00:00:00+09:00,966.4490932982292,980.9821946416666,956.7603590692709,968.8712768554688,24324,0.0,0.0
2006-10-09 00:00:00+09:00,971.2935108838421,971.2935108838421,930.1165018143805,938.5941162109375,273845,0.0,0.0
2006-10-10 00:00:00+09:00,938.5940654955234,948.2828002829863,932.5386352539062,932.5386352539062,97297,0.0,0.0
2006-10-11 00:00:00+09:00,932.5385100685953,947.0715522977589,930.116326696887,933.7495727539062,32170,0.0,0.0
2006-10-12 00:00:00+09:00,944.6495361328125,950.7050246344724,932.5386751316863,944.6495361328125,12162,0.0,0.0
2006-10-13 00:00:00+09:00,950.7050316600961,950.7050316600961,930.116498204718,941.0162963867188,153008,0.0,0.0
2006-10-16 00:00:00+09:00,941.0162927535076,943.4384765625,930.1164946135904,943.4384765625,16870,0.0,0.0
2006-10-17 00:00:00+09:00,948.2828002829863,948.2828002829863,920.4277167695777,932.5386352539062,97297,0.0,0.0
2006-10-18 00:00:00+09:00,932.538572115284,974.9266389377642,922.8498379838082,973.715576171875,39625,0.0,0.0
2006-10-19 00:00:00+09:00,968.8713741372585,968.8713741372585,938.5941056322495,944.6495361328125,102397,0.0,0.0
2006-10-20 00:00:00+09:00,955.5493882853582,955.5493882853582,932.5386712768035,948.2828369140625,21970,0.0,0.0
2006-10-23 00:00:00+09:00,944.649365623793,947.0715489870339,932.5385068086742,937.3828735351562,49825,0.0,0.0
2006-10-24 00:00:00+09:00,937.383053297614,947.0717306074946,937.383053297614,938.5941162109375,20401,0.0,0.0
2006-10-25 00:00:00+09:00,944.64954677975,956.7604659184725,931.327564727704,938.5941162109375,149084,0.0,0.0
2006-10-26 00:00:00+09:00,933.7497654831967,966.44921875,922.849967061295,966.44921875,300131,0.0,0.0
2006-10-27 00:00:00+09:00,968.8712095729913,971.2933349609375,962.8157220998654,971.2933349609375,152223,0.0,0.0
2006-10-30 00:00:00+09:00,968.8712321690224,971.2933576134574,955.5492522191888,956.7603149414062,48648,0.0,0.0
2006-10-31 00:00:00+09:00,956.7603397658687,980.9821748495697,956.7603397658687,979.77099609375,42371,0.0,0.0
2006-11-01 00:00:00+09:00,979.77099609375,991.8819716366903,962.815769536249,979.77099609375,334656,0.0,0.0
2006-11-02 00:00:00+09:00,968.8715254836137,979.771267286606,956.760604589557,965.2382202148438,162816,0.0,0.0
2006-11-03 00:00:00+09:00,973.7155442708075,973.7155442708075,950.7048884640681,955.5492553710938,67088,0.0,0.0
2006-11-06 00:00:00+09:00,968.8713042470309,968.8713042470309,945.8605888032502,950.7049560546875,59241,0.0,0.0
2006-11-07 00:00:00+09:00,961.6047466269832,961.6047466269832,949.4938285833133,954.3381958007812,82389,0.0,0.0
2006-11-08 00:00:00+09:00,961.6047533698751,961.6047533698751,949.4938352412819,950.7049560546875,47864,0.0,0.0
2006-11-09 00:00:00+09:00,950.7049560546875,959.1825697441565,944.6494679898447,950.7049560546875,87881,0.0,0.0
2006-11-10 00:00:00+09:00,960.3936325564695,960.3936325564695,950.7049560546875,950.7049560546875,98866,0.0,0.0
2006-11-13 00:00:00+09:00,954.3383291855745,956.7605131328494,947.07177734375,947.07177734375,70619,0.0,0.0
2006-11-14 00:00:00+09:00,955.5492522191888,959.1824983869295,948.2827018826191,956.7603149414062,125152,0.0,0.0
2006-11-15 00:00:00+09:00,957.9715356026888,982.1933740513325,957.9715356026888,972.504638671875,355449,0.0,0.0
2006-11-16 00:00:00+09:00,972.5045231907827,974.9266487469314,961.60472618375,968.8712768554688,198125,0.0,0.0
2006-11-17 00:00:00+09:00,979.7711282039367,979.7711282039367,971.2935137820833,976.137939453125,115736,0.0,0.0
2006-11-20 00:00:00+09:00,976.1378275271875,979.7710158614105,965.237972519064,968.8712768554688,179294,0.0,0.0
2006-11-21 00:00:00+09:00,966.449208060263,977.3490063616038,966.449208060263,972.504638671875,171055,0.0,0.0
2006-11-22 00:00:00+09:00,974.9266319440075,990.6707957941676,971.2933856713128,980.982177734375,207541,0.0,0.0
2006-11-23 00:00:00+09:00,980.9824737827113,1017.3150634765626,973.7158630421692,1017.3150634765625,153008,0.0,0.0
2006-11-24 00:00:00+09:00,1017.3146844583424,1033.0588471941364,999.1483963795823,1029.4256591796875,134961,0.0,0.0
2006-11-27 00:00:00+09:00,1029.425860824885,1065.7584440992762,1029.425860824885,1053.6475830078125,163993,0.0,0.0
2006-11-28 00:00:00+09:00,1053.6475757556939,1060.9140691601187,1029.4258537394812,1058.491943359375,70226,0.0,0.0
2006-11-29 00:00:00+09:00,1065.7584334147118,1069.3917381066037,1052.436509548097,1059.7030029296875,69442,0.0,0.0
2006-11-30 00:00:00+09:00,1068.180671861001,1088.7692050468486,1054.8586320339612,1060.9140625,38055,0.0,0.0
2006-12-01 00:00:00+09:00,1056.06982421875,1071.8139900294564,1056.06982421875,1056.06982421875,108675,0.0,0.0
2006-12-04 00:00:00+09:00,1083.9247059777094,1083.9247059777094,1041.5365818555424,1065.75830078125,57279,0.0,0.0
2006-12-05 00:00:00+09:00,1053.6478069227583,1064.547607421875,1041.536943257566,1064.547607421875,49825,0.0,0.0
2006-12-06 00:00:00+09:00,1050.0142956603293,1062.1252729544597,1040.3256762280996,1045.1700439453125,65911,0.0,0.0
2006-12-07 00:00:00+09:00,1053.6475724446634,1059.7030029296875,1017.3148735323246,1059.7030029296875,73365,0.0,0.0
2006-12-08 00:00:00+09:00,1043.9588339946527,1062.1252413949621,1035.4812777430755,1060.9140625,29816,0.0,0.0
2006-12-11 00:00:00+09:00,1040.3256551238721,1059.703009597435,1036.6923504091192,1057.2808837890625,61595,0.0,0.0
2006-12-12 00:00:00+09:00,1042.747791448001,1057.28089445138,1037.903423780208,1051.2254638671875,43548,0.0,0.0
2006-12-13 00:00:00+09:00,1057.2810181375105,1057.2810181375105,1046.3812186104108,1048.8033447265625,32955,0.0,0.0
2006-12-14 00:00:00+09:00,1043.9588339946527,1060.9140625,1041.5367082091143,1060.9140625,78858,0.0,0.0
2006-12-15 00:00:00+09:00,1063.3365442557995,1075.4474079209917,1050.014501422313,1064.547607421875,78073,0.0,0.0
2006-12-18 00:00:00+09:00,1065.7581878525732,1065.7581878525732,1053.6473296729964,1062.125,46687,0.0,0.0
2006-12-19 00:00:00+09:00,1064.5473671805005,1064.5473671805005,1056.0698109289233,1060.9140625,29032,0.0,0.0
2006-12-20 00:00:00+09:00,1060.9138032718727,1074.23583984375,1051.2251864948835,1074.23583984375,60418,0.0,0.0
2006-12-21 00:00:00+09:00,1071.8137146500437,1074.23583984375,1060.9138032718727,1074.23583984375,64734,0.0,0.0
2006-12-22 00:00:00+09:00,1077.8694211929342,1077.8694211929342,1053.6475830078125,1053.6475830078125,62772,0.0,0.0
2006-12-26 00:00:00+09:00,1053.6475830078125,1058.4919506448368,1030.6369237335925,1053.6475830078125,125937,0.0,0.0
2006-12-27 00:00:00+09:00,1053.6474644758316,1059.702894340347,1040.3255419743343,1050.01416015625,35701,0.0,0.0
2006-12-28 00:00:00+09:00,1042.7476939933445,1053.6474912266406,1019.7370367235378,1035.481201171875,213426,0.0,0.0
2007-01-02 00:00:00+09:00,1048.8031347284061,1048.8031347284061,1027.0035400390625,1027.0035400390625,134961,0.0,0.0
2007-01-03 00:00:00+09:00,1027.0036054893055,1065.7584300732697,1027.0036054893055,1060.9140625,107105,0.0,0.0
2007-01-04 00:00:00+09:00,1041.5366311901303,1051.2253656202122,1034.2700223664767,1035.481201171875,61987,0.0,0.0
2007-01-05 00:00:00+09:00,1035.4810728384755,1041.536502106245,1028.2144649154163,1040.325439453125,51002,0.0,0.0
2007-01-08 00:00:00+09:00,1040.3256876408173,1048.8032442372944,1036.6923828125,1036.6923828125,39625,0.0,0.0
2007-01-09 00:00:00+09:00,1037.9033000956842,1053.6474641392674,1035.4811745515244,1052.4364013671875,33347,0.0,0.0
2007-01-10 00:00:00+09:00,1051.2253489427453,1052.4364117267464,1035.481184744186,1043.958740234375,33740,0.0,0.0
2007-01-11 00:00:00+09:00,1041.5367219163488,1065.7584440992762,1041.5367219163488,1053.6475830078125,71796,0.0,0.0
2007-01-12 00:00:00+09:00,1053.6473146523704,1076.6579680659631,1053.6473146523704,1070.6025390625,39232,0.0,0.0
2007-01-15 00:00:00+09:00,1071.8138465148556,1071.8138465148556,1056.069682812274,1065.75830078125,69834,0.0,0.0
2007-01-16 00:00:00+09:00,1069.3916114082197,1069.3916114082197,1046.380955090924,1063.336181640625,52964,0.0,0.0
2007-01-17 00:00:00+09:00,1056.0698214851936,1064.547377821511,1054.858642578125,1054.858642578125,4707,0.0,0.0
2007-01-18 00:00:00+09:00,1056.0695709102117,1064.5471252350487,1056.0695709102117,1062.125,18831,0.0,0.0
2007-01-19 00:00:00+09:00,1054.8586453085463,1059.7030129427785,1048.8032147663043,1056.06982421875,41979,0.0,0.0
2007-01-22 00:00:00+09:00,1050.01416015625,1056.0697060229465,1046.3809718388495,1050.01416015625,27070,0.0,0.0
2007-01-23 00:00:00+09:00,1039.1143631996863,1053.6474644758316,1039.1143631996863,1050.01416015625,65518,0.0,0.0
2007-01-24 00:00:00+09:00,1048.8030970487664,1059.7028940018486,1048.8030970487664,1052.4364013671875,36486,0.0,0.0
2007-01-25 00:00:00+09:00,1053.6475796732502,1058.4919472949432,1051.2254538635007,1054.858642578125,27070,0.0,0.0
2007-01-26 00:00:00+09:00,1053.6474745107473,1053.6474745107473,1042.747677450374,1043.958740234375,38840,0.0,0.0
2007-01-29 00:00:00+09:00,1047.5919282732837,1053.6473575231298,1041.5364990234375,1041.5364990234375,31386,0.0,0.0
2007-01-30 00:00:00+09:00,1041.5367391568539,1046.3811068740667,1035.4813085108867,1045.1700439453125,43940,0.0,0.0
2007-01-31 00:00:00+09:00,1042.7475616729728,1051.225232224059,1041.5364990234375,1041.5364990234375,21185,0.0,0.0
2007-02-01 00:00:00+09:00,1041.5367391568539,1046.3811068740667,1035.4813085108867,1045.1700439453125,44333,0.0,0.0
2007-02-02 00:00:00+09:00,1041.536850375899,1050.0144077846383,1041.536850375899,1048.8033447265625,18439,0.0,0.0
2007-02-05 00:00:00+09:00,1050.01416015625,1052.436401703365,1047.5920346113164,1050.01416015625,28639,0.0,0.0
2007-02-06 00:00:00+09:00,1052.4366534068904,1058.4920847196386,1042.7479169056096,1047.59228515625,75327,0.0,0.0
2007-02-07 00:00:00+09:00,1051.2253385951076,1053.6474641392674,1043.9587299582654,1052.4364013671875,43548,0.0,0.0
2007-02-08 00:00:00+09:00,1052.4365200991049,1062.1252553731535,1047.5921524620805,1053.6475830078125,85527,0.0,0.0
2007-02-09 00:00:00+09:00,1059.7030135535442,1065.7584440992762,1047.5921524620805,1053.6475830078125,118875,0.0,0.0
2007-02-12 00:00:00+09:00,1051.2254571903975,1054.85864591652,1047.5921524620805,1053.6475830078125,104359,0.0,0.0
2007-02-13 00:00:00+09:00,1058.4919466932488,1062.1252514080018,1053.6475790743095,1057.2808837890625,125545,0.0,0.0
2007-02-14 00:00:00+09:00,1064.5474085531796,1126.3130105111875,1064.5474085531796,1111.7799072265625,500611,0.0,0.0
2007-02-15 00:00:00+09:00,1108.146484375,1110.5687259988738,1103.302117129437,1108.146484375,345249,0.0,0.0
2007-02-16 00:00:00+09:00,1106.9354248046875,1108.1464876190773,1093.6135018420284,1106.9354248046875,103967,0.0,0.0
2007-02-20 00:00:00+09:00,1108.146490870261,1126.3128971481483,1103.3021235963035,1105.724365234375,351918,0.0,0.0
2007-02-21 00:00:00+09:00,1104.5133196601134,1108.1465081706638,1089.9802176113496,1094.8245849609375,236574,0.0,0.0
2007-02-22 00:00:00+09:00,1082.7139695293731,1100.88026419843,1079.080664194676,1093.61376953125,151831,0.0,0.0
2007-02-23 00:00:00+09:00,1102.091201606278,1102.091201606278,1077.8694781435645,1092.4024658203125,131822,0.0,0.0
2007-02-26 00:00:00+09:00,1086.346920553277,1091.1912879361075,1079.080427480125,1087.5579833984375,125937,0.0,0.0
2007-02-27 00:00:00+09:00,1092.402476825118,1092.402476825118,1085.1359829135417,1086.3470458984375,178509,0.0,0.0
2007-02-28 00:00:00+09:00,1053.6474186104035,1083.9246826171875,1047.591989009482,1083.9246826171875,128291,0.0,0.0
2007-03-01 00:00:00+09:00,1083.9246826171875,1083.9246826171875,1083.9246826171875,1083.9246826171875,0,0.0,0.0
2007-03-05 00:00:00+09:00,1091.191301138067,1091.191301138067,1080.2915033953723,1082.7137451171875,89058,0.0,0.0
2007-03-06 00:00:00+09:00,1088.76904949836,1088.76904949836,1074.2359488548425,1083.9246826171875,230689,0.0,0.0
2007-03-07 00:00:00+09:00,1086.3470716382806,1086.3470716382806,1065.7585363984224,1073.025146484375,235789,0.0,0.0
2007-03-08 00:00:00+09:00,1077.8692626953125,1080.2913881565607,1074.2359585012628,1077.8692626953125,94551,0.0,0.0
2007-03-09 00:00:00+09:00,1079.0803254259367,1081.502450887185,1073.0248957706385,1077.8692626953125,73365,0.0,0.0
2007-03-12 00:00:00+09:00,1089.9800016093336,1089.9800016093336,1073.024777246897,1074.23583984375,118483,0.0,0.0
2007-03-13 00:00:00+09:00,1085.1356352197568,1085.1356352197568,1074.23583984375,1074.23583984375,65518,0.0,0.0
2007-03-14 00:00:00+09:00,1074.236091155704,1075.4471540358788,1066.9695978724626,1069.3917236328125,77681,0.0,0.0
2007-03-15 00:00:00+09:00,1071.8137329445278,1076.6579834146255,1062.125,1062.125,197733,0.0,0.0
2007-03-16 00:00:00+09:00,1059.70285486521,1076.6580810546875,1053.6474252262663,1076.6580810546875,298169,0.0,0.0
2007-03-19 00:00:00+09:00,1077.869253016266,1088.76904949836,1073.0248861350935,1083.9246826171875,142022,0.0,0.0
2007-03-20 00:00:00+09:00,1091.1914284214442,1092.402491422523,1077.8695034051711,1079.08056640625,134176,0.0,0.0
2007-03-21 00:00:00+09:00,1083.9245726229037,1083.9245726229037,1071.8137146500437,1074.23583984375,208718,0.0,0.0
2007-03-22 00:00:00+09:00,1080.291271868907,1082.713513071591,1065.7581726592966,1070.6025390625,242459,0.0,0.0
2007-03-23 00:00:00+09:00,1074.2358428654438,1081.5023344691665,1064.5471100590369,1070.6025390625,273453,0.0,0.0
2007-03-26 00:00:00+09:00,1079.0805775545325,1079.0805775545325,1064.5474733848318,1073.025146484375,306408,0.0,0.0
2007-03-27 00:00:00+09:00,1074.235942412391,1092.402231106208,1073.0248796999051,1088.76904296875,587708,0.0,0.0
2007-03-28 00:00:00+09:00,1088.7693024192868,1091.1914284214442,1077.8695034051711,1079.08056640625,745032,0.0,0.0
2007-03-29 00:00:00+09:00,1084.2744185054632,1094.6626999422704,1073.8861370686561,1080.37890625,273060,152.93301,0.0
2007-03-30 00:00:00+09:00,1082.9759212114595,1089.4685660557318,1071.2891356162124,1076.4832763671875,277376,0.0,0.0
2007-04-02 00:00:00+09:00,1075.184754674084,1082.975903484119,1062.1993408203125,1062.1993408203125,335440,0.0,0.0
2007-04-03 00:00:00+09:00,1066.0949115219096,1079.0802001953125,1050.51249048716,1079.0802001953125,295031,0.0,0.0
2007-04-04 00:00:00+09:00,1079.0803338639096,1079.0803338639096,1064.7965394293497,1071.2891845703125,104359,0.0,0.0
2007-04-05 00:00:00+09:00,1063.4981985885822,1076.4834908645428,1063.4981985885822,1069.9908447265625,47079,0.0,0.0
2007-04-06 00:00:00+09:00,1069.9908320243521,1077.781982421875,1063.4981859634481,1077.781982421875,133391,0.0,0.0
2007-04-09 00:00:00+09:00,1076.4834129759656,1076.4834129759656,1064.7966258976323,1068.692138671875,231473,0.0,0.0
2007-04-10 00:00:00+09:00,1069.9906804176783,1076.4833255586414,1060.9009025936548,1071.2891845703125,124368,0.0,0.0
2007-04-11 00:00:00+09:00,1076.4833325707332,1076.4833325707332,1064.7965463653152,1067.3935546875,165170,0.0,0.0
2007-04-12 00:00:00+09:00,1071.2891845703125,1077.7818297112753,1066.0950435819836,1071.2891845703125,191848,0.0,0.0
2007-04-13 00:00:00+09:00,1072.5876703497293,1084.2744562788287,1068.692033580766,1082.9759521484375,120837,0.0,0.0
2007-04-16 00:00:00+09:00,1084.274409403239,1128.424542950146,1084.274409403239,1114.140625,352311,0.0,0.0
2007-04-17 00:00:00+09:00,1127.1261315149195,1129.7231398768763,1105.0510629271057,1107.6480712890625,190671,0.0,0.0
2007-04-18 00:00:00+09:00,1095.961181702632,1123.2303888243287,1095.961181702632,1121.931884765625,184002,0.0,0.0
2007-04-19 00:00:00+09:00,1129.723221175422,1129.723221175422,1094.6628594991762,1108.9466552734375,173016,0.0,0.0
2007-04-20 00:00:00+09:00,1115.4394107816581,1123.2305607038857,1110.2452693742391,1116.7379150390625,106713,0.0,0.0
2007-04-23 00:00:00+09:00,1119.3349832328577,1134.917408285915,1115.4394702529503,1129.7232666015625,251874,0.0,0.0
2007-04-24 00:00:00+09:00,1120.6336045480216,1134.9174008024488,1116.7379672159923,1133.618896484375,173016,0.0,0.0
2007-04-25 00:00:00+09:00,1134.917408285915,1136.2159126125507,1120.6336119373027,1129.7232666015625,147123,0.0,0.0
2007-04-26 00:00:00+09:00,1136.2159126125507,1140.1115499702673,1129.7232666015625,1129.7232666015625,88273,0.0,0.0
2007-04-27 00:00:00+09:00,1136.2158779417673,1151.7983025193384,1125.8275948900532,1149.2012939453125,202049,0.0,0.0
2007-04-30 00:00:00+09:00,1149.2011672559074,1158.2908206407483,1142.7083977810032,1153.0966796875,163601,0.0,0.0
2007-05-02 00:00:00+09:00,1158.2909783679315,1158.2909783679315,1150.4998280660159,1155.6939697265625,69049,0.0,0.0
2007-05-03 00:00:00+09:00,1155.694086254539,1160.888228438808,1151.798448521882,1159.589599609375,110636,0.0,0.0
2007-05-04 00:00:00+09:00,1159.5894401868072,1160.8880688377023,1150.4997858973652,1156.992431640625,47079,0.0,0.0
2007-05-07 00:00:00+09:00,1156.9923853621335,1156.9923853621335,1136.2158203125,1136.2158203125,224411,0.0,0.0
2007-05-08 00:00:00+09:00,1136.2159126125507,1136.2159126125507,1121.9321162639385,1129.7232666015625,112990,0.0,0.0
2007-05-09 00:00:00+09:00,1129.7233221030071,1129.7233221030071,1103.7527367831622,1120.6336669921875,180078,0.0,0.0
2007-05-10 00:00:00+09:00,1120.6334674041425,1120.6334674041425,1102.4539116647038,1119.3348388671875,138492,0.0,0.0
2007-05-11 00:00:00+09:00,1108.9465684485672,1114.1407095173886,1103.7525517575402,1111.543701171875,96512,0.0,0.0
2007-05-14 00:00:00+09:00,1108.9466407390325,1118.0364192964666,1101.155490816805,1116.7379150390625,91020,0.0,0.0
2007-05-15 00:00:00+09:00,1116.7379449814064,1129.7232366592189,1111.5438034347203,1123.2305908203125,59633,0.0,0.0
2007-05-16 00:00:00+09:00,1129.7232666015625,1149.2013290123364,1116.737974579586,1129.7232666015625,105144,0.0,0.0
2007-05-17 00:00:00+09:00,1136.215607684578,1149.2010205994477,1136.215607684578,1142.708251953125,75719,0.0,0.0
2007-05-18 00:00:00+09:00,1125.8275870260495,1144.007144428466,1125.8275870260495,1131.021728515625,76896,0.0,0.0
2007-05-21 00:00:00+09:00,1142.7084142562803,1172.574756262511,1132.3202565778015,1167.380615234375,563383,0.0,0.0
2007-05-22 00:00:00+09:00,1171.2761582449803,1175.1717952120491,1164.7835128850636,1173.873291015625,192633,0.0,0.0
2007-05-23 00:00:00+09:00,1180.3660991827485,1220.6206054687502,1175.1719573028308,1220.62060546875,289930,0.0,0.0
2007-05-25 00:00:00+09:00,1229.7102536115713,1337.4883440782005,1215.4263338718033,1298.532470703125,379774,0.0,0.0
2007-05-28 00:00:00+09:00,1298.5319586879823,1324.5025306977561,1285.5465483053438,1318.0098876953125,163993,0.0,0.0
2007-05-29 00:00:00+09:00,1324.5030529531755,1363.4590507060511,1292.0397007628121,1298.532470703125,195771,0.0,0.0
2007-05-30 00:00:00+09:00,1493.3123779296877,1493.3123779296877,1441.3710875617005,1493.3123779296875,1166785,0.0,0.0
2007-05-31 00:00:00+09:00,1434.8782921089355,1558.2389322916667,1434.8782921089355,1460.8489990234375,857630,0.0,0.0
2007-06-01 00:00:00+09:00,1447.8636917743154,1460.8489828993406,1290.7411965258698,1298.532470703125,868223,0.0,0.0
2007-06-04 00:00:00+09:00,1337.4881615692013,1434.878080473,1330.9955168926526,1389.429443359375,508457,0.0,0.0
2007-06-05 00:00:00+09:00,1415.4004231896342,1428.385715081682,1376.444423135683,1395.9224853515625,149477,0.0,0.0
2007-06-07 00:00:00+09:00,1434.8784517651106,1441.3712224995256,1389.4298028910994,1415.4005126953125,234220,0.0,0.0
2007-06-08 00:00:00+09:00,1408.907683574083,1441.3710355237233,1363.459040595706,1428.3856201171875,220488,0.0,0.0
2007-06-11 00:00:00+09:00,1428.3854969755466,1506.2974851867427,1415.4002070662768,1454.356201171875,391151,0.0,0.0
2007-06-12 00:00:00+09:00,1454.3561719724703,1493.312165295941,1441.3708823239087,1473.8341064453125,233435,0.0,0.0
2007-06-13 00:00:00+09:00,1467.341552734375,1499.8049032493493,1447.8636170520667,1467.341552734375,219704,0.0,0.0
2007-06-14 00:00:00+09:00,1467.3414923064493,1538.7607112448602,1454.3562023863362,1480.3267822265625,406844,0.0,0.0
2007-06-15 00:00:00+09:00,1486.8193960938738,1512.790099768783,1460.848816796751,1473.8341064453125,176547,0.0,0.0
2007-06-18 00:00:00+09:00,1506.2976292684352,1610.1802072348376,1499.8049836927603,1590.7022705078125,476286,0.0,0.0
2007-06-19 00:00:00+09:00,1597.1948784146412,1727.048035621238,1590.702232992091,1688.0921630859375,477856,0.0,0.0
2007-06-20 00:00:00+09:00,1675.106819048405,1701.0775262200546,1584.209530514336,1597.1949462890625,285615,0.0,0.0
2007-06-21 00:00:00+09:00,1597.1947330978546,1642.6433712984715,1545.2534500654046,1603.6873779296875,251090,0.0,0.0
2007-06-22 00:00:00+09:00,1636.1508246936987,1688.0922391707718,1571.2242431640625,1571.2242431640625,311901,0.0,0.0
2007-06-25 00:00:00+09:00,1545.2537217253582,1564.7316596451333,1519.2830134545163,1558.239013671875,234612,0.0,0.0
2007-06-26 00:00:00+09:00,1558.2388956517468,1584.2094775777832,1493.312316458857,1506.297607421875,185963,0.0,0.0
2007-06-27 00:00:00+09:00,1493.3123719493979,1545.2536621093748,1473.8343104032792,1545.253662109375,242851,0.0,0.0
2007-06-28 00:00:00+09:00,1545.2536603033295,1577.7168888792457,1519.282953064793,1571.2242431640625,182432,0.0,0.0
2007-06-29 00:00:00+09:00,1590.7023679159752,1590.7023679159752,1525.7756594277748,1558.239013671875,74150,0.0,0.0
2007-07-02 00:00:00+09:00,1525.7756594277748,1577.71695159165,1519.2830134545163,1558.239013671875,102005,0.0,0.0
2007-07-03 00:00:00+09:00,1571.22415183367,1577.716797171456,1519.2828647535866,1551.7462158203125,136922,0.0,0.0
2007-07-04 00:00:00+09:00,1551.7462158203123,1551.7462158203123,1519.2828647535866,1551.7462158203125,111813,0.0,0.0
2007-07-05 00:00:00+09:00,1571.2242166640099,1571.2242166640099,1519.282927440775,1538.7608642578125,152223,0.0,0.0
2007-07-06 00:00:00+09:00,1532.2681554291585,1551.7462158203123,1519.2828647535866,1551.7462158203125,112990,0.0,0.0
2007-07-09 00:00:00+09:00,1551.7463060185128,1584.2095345944292,1532.2682444951595,1571.2242431640625,137707,0.0,0.0
2007-07-10 00:00:00+09:00,1571.2240320786498,1681.5992431640625,1571.2240320786498,1681.5992431640625,305624,0.0,0.0
2007-07-11 00:00:00+09:00,1688.0921630859375,1701.0774539310376,1642.6435207502893,1688.0921630859375,171055,0.0,0.0
2007-07-12 00:00:00+09:00,1701.0774833177368,1733.5407109913006,1681.5994223357986,1720.555419921875,111029,0.0,0.0
2007-07-13 00:00:00+09:00,1740.0332965684327,1746.5259414153286,1701.0773031092701,1733.54052734375,237751,0.0,0.0
2007-07-16 00:00:00+09:00,1714.0624960410862,1733.540429482209,1642.64328237919,1662.1212158203125,19616,0.0,0.0
2007-07-18 00:00:00+09:00,1649.1362288462567,1694.5848729091254,1649.1362288462567,1675.1068115234375,89058,0.0,0.0
2007-07-19 00:00:00+09:00,1675.1067174580712,1727.0480042734798,1675.1067174580712,1707.570068359375,292284,0.0,0.0
2007-07-20 00:00:00+09:00,1714.062740686056,1766.0040283203123,1688.0921590578266,1766.0040283203125,282476,0.0,0.0
2007-07-23 00:00:00+09:00,1804.9602681483057,1843.9162702132244,1772.4969123645708,1791.9749755859375,43156,0.0,0.0
2007-07-24 00:00:00+09:00,1791.9749755859375,1791.9749755859375,1791.9749755859375,1791.9749755859375,0,0.0,0.0
2007-07-25 00:00:00+09:00,1791.9749755859375,1791.9749755859375,1791.9749755859375,1791.9749755859375,0,0.0,0.0
2007-07-26 00:00:00+09:00,1791.9749755859375,1791.9749755859375,1791.9749755859375,1791.9749755859375,0,0.0,10.0
2007-07-27 00:00:00+09:00,1791.9749755859375,1791.9749755859375,1791.9749755859375,1791.9749755859375,0,0.0,0.0
2007-07-30 00:00:00+09:00,1791.9749755859375,1791.9749755859375,1791.9749755859375,1791.9749755859375,0,0.0,0.0
2007-07-31 00:00:00+09:00,1791.9749755859375,1791.9749755859375,1791.9749755859375,1791.9749755859375,0,0.0,0.0
2007-08-01 00:00:00+09:00,1791.9749755859375,1791.9749755859375,1791.9749755859375,1791.9749755859375,0,0.0,0.0
2007-08-02 00:00:00+09:00,1791.9749755859375,1791.9749755859375,1791.9749755859375,1791.9749755859375,0,0.0,0.0
2007-08-03 00:00:00+09:00,1791.9749755859375,1791.9749755859375,1791.9749755859375,1791.9749755859375,0,0.0,0.0
2007-08-06 00:00:00+09:00,1688.091884841038,1811.4523762918152,1597.1946151521618,1629.6578369140625,558165,0.0,0.0
2007-08-07 00:00:00+09:00,1681.5995275810758,1714.0628816642043,1597.1950059694343,1610.1802978515625,312960,0.0,0.0
2007-08-08 00:00:00+09:00,1629.6579572570192,1662.1213057939704,1584.2093190564021,1603.6873779296875,244695,0.0,0.0
2007-08-09 00:00:00+09:00,1603.6873779296875,1623.1653124251864,1551.7460948972375,1603.6873779296875,389307,0.0,0.0
2007-08-10 00:00:00+09:00,1558.2387706263237,1558.2387706263237,1525.7754214456788,1532.26806640625,271766,0.0,0.0
2007-08-13 00:00:00+09:00,1532.26806640625,1532.26806640625,1532.26806640625,1532.26806640625,0,0.0,0.0
2007-08-14 00:00:00+09:00,1525.775606673552,1545.2536682976747,1473.834316305565,1493.3123779296875,241870,0.0,0.0
2007-08-16 00:00:00+09:00,1441.3704778749927,1441.3704778749927,1305.0246016904257,1318.0098876953125,259446,0.0,0.0
2007-08-17 00:00:00+09:00,1324.5025306977561,1389.429085099942,1292.0391913077872,1318.0098876953125,237358,0.0,0.0
2007-08-20 00:00:00+09:00,1415.4003290884511,1454.3563265524597,1350.4737495669697,1428.3856201171875,143788,0.0,0.0
2007-08-21 00:00:00+09:00,1467.3414616210316,1584.2093172136572,1421.8928234732803,1473.8341064453125,282358,0.0,0.0
2007-08-22 00:00:00+09:00,1499.8052340250265,1538.761113981197,1473.8345230097582,1512.79052734375,128723,0.0,0.0
2007-08-23 00:00:00+09:00,1545.253666324101,1551.7463120645816,1499.8050217629332,1519.282958984375,87214,0.0,0.0
2007-08-24 00:00:00+09:00,1519.282927440775,1577.7168622696893,1506.2976362294166,1538.7608642578125,83212,0.0,0.0
2007-08-27 00:00:00+09:00,1564.7317048331836,1564.7317048331836,1486.8197021484375,1486.8197021484375,85017,0.0,0.0
2007-08-28 00:00:00+09:00,1506.2974549445023,1519.2827445930639,1454.3561719724703,1473.8341064453125,118522,0.0,0.0
2007-08-29 00:00:00+09:00,1441.3710355237233,1447.8636810380915,1415.4003290884511,1428.3856201171875,149908,0.0,0.0
2007-08-30 00:00:00+09:00,1454.3561702070244,1473.8341046562223,1441.3708805742258,1447.863525390625,60575,0.0,0.0
2007-08-31 00:00:00+09:00,1447.86355621724,1480.3267809904144,1441.3709112626052,1454.356201171875,100985,0.0,0.0
2007-09-03 00:00:00+09:00,1499.8050755347413,1564.7316596451333,1493.312429561483,1558.239013671875,174233,0.0,0.0
2007-09-04 00:00:00+09:00,1564.7315231903442,1791.9747343263393,1564.7315231903442,1766.0040283203125,1041004,0.0,0.0
2007-09-05 00:00:00+09:00,1766.0042187952345,1798.4675737097007,1668.6142784296471,1727.0482177734375,301426,0.0,0.0
2007-09-06 00:00:00+09:00,1727.048057901549,1830.9306347581146,1707.570121382618,1798.4674072265625,366121,0.0,0.0
2007-09-07 00:00:00+09:00,1804.9598994473486,1882.8718876620267,1772.4965502949344,1843.9158935546875,256151,0.0,0.0
2007-09-10 00:00:00+09:00,1778.9897236752117,1791.9751418199971,1694.5851898121477,1746.5264892578125,256582,0.0,0.0
2007-09-11 00:00:00+09:00,1733.5402861757664,1791.9743304241313,1694.5844225138824,1759.510986328125,176469,0.0,0.0
2007-09-12 00:00:00+09:00,1759.5114175079514,1778.9893541120898,1707.5701288524497,1720.555419921875,217977,0.0,0.0
2007-09-13 00:00:00+09:00,1746.5256984408304,1759.5109863281252,1694.5844225138824,1759.510986328125,128840,0.0,0.0
2007-09-14 00:00:00+09:00,1791.9743304241313,1804.9596183114259,1740.0330544971832,1759.510986328125,134411,0.0,0.0
2007-09-17 00:00:00+09:00,1785.4820925177914,1785.4820925177914,1701.0774533003394,1714.062744140625,219664,0.0,0.0
2007-09-18 00:00:00+09:00,1688.0921967763727,1714.0627789848859,1655.6288446379308,1668.6141357421875,134882,0.0,0.0
2007-09-19 00:00:00+09:00,1714.0630224306194,1740.0337327055129,1688.0924365335438,1694.5850830078125,146417,0.0,0.0
2007-09-20 00:00:00+09:00,1694.5850830078127,1733.540961853426,1681.5996656814568,1694.5850830078125,57515,0.0,0.0
2007-09-21 00:00:00+09:00,1694.5848085084876,1701.0774539310376,1649.1361661728395,1688.0921630859375,103927,0.0,0.0
2007-09-27 00:00:00+09:00,1714.0624960410862,1714.0624960410862,1655.6285713399384,1662.1212158203125,67558,0.0,0.0
2007-09-28 00:00:00+09:00,1662.1211830537404,1681.5991161108807,1603.687259504542,1629.6578369140625,88156,0.0,0.0
2007-10-01 00:00:00+09:00,1629.657868218215,1662.1212149814826,1584.2092325007525,1636.1505126953125,133038,0.0,0.0
2007-10-02 00:00:00+09:00,1649.1362362545585,1662.1215276514818,1590.7023005906008,1597.1949462890625,159991,0.0,0.0
2007-10-04 00:00:00+09:00,1590.7021199247783,1597.1947648858304,1538.7607114807843,1584.2093505859375,116207,0.0,0.0
2007-10-05 00:00:00+09:00,1584.2095975649083,1584.2095975649083,1545.2537217253582,1558.239013671875,134451,0.0,0.0
2007-10-08 00:00:00+09:00,1571.2243056183916,1597.1950138892335,1532.268305401033,1558.239013671875,88783,0.0,0.0
2007-10-09 00:00:00+09:00,1577.716832096274,1577.716832096274,1493.312316458857,1506.297607421875,195144,0.0,0.0
2007-10-10 00:00:00+09:00,1519.2828389316576,1532.2681293865298,1454.3562622795027,1467.341552734375,181216,0.0,0.0
2007-10-11 00:00:00+09:00,1467.3416101550217,1551.7462501702378,1467.3416101550217,1506.297607421875,158540,0.0,0.0
2007-10-12 00:00:00+09:00,1506.2974851867427,1506.2974851867427,1434.8781419301815,1454.356201171875,140806,0.0,0.0
2007-10-15 00:00:00+09:00,1480.326945625079,1480.326945625079,1363.4590746886051,1382.93701171875,274198,0.0,0.0
2007-10-16 00:00:00+09:00,1356.9661865234375,1382.9367645893817,1337.4881285961987,1356.9661865234375,196517,0.0,0.0
2007-10-17 00:00:00+09:00,1350.473696117509,1356.9663413749092,1292.0396400453171,1311.5177001953125,210052,0.0,0.0
2007-10-18 00:00:00+09:00,1311.5175828630063,1389.429443359375,1311.5175828630063,1389.429443359375,92118,0.0,0.0
2007-10-19 00:00:00+09:00,1402.4151057907397,1402.4151057907397,1343.9811689615017,1363.4591064453125,78151,0.0,0.0
2007-10-22 00:00:00+09:00,1298.5319586879823,1343.9805840828378,1292.0391913077872,1318.0098876953125,87332,0.0,0.0
2007-10-23 00:00:00+09:00,1343.980839078413,1389.429348718534,1343.980839078413,1369.951416015625,87646,0.0,0.0
2007-10-24 00:00:00+09:00,1382.9370439291233,1382.9370439291233,1337.4883987557591,1363.4591064453125,77053,0.0,0.0
2007-10-25 00:00:00+09:00,1363.4589547417206,1363.4589547417206,1305.0250244140625,1305.0250244140625,114089,0.0,0.0
2007-10-26 00:00:00+09:00,1305.0250549623895,1337.4882812499998,1298.5324097048674,1337.48828125,85684,0.0,0.0
2007-10-29 00:00:00+09:00,1350.4735413157061,1356.966185828869,1324.5028388852745,1330.9954833984375,80113,0.0,0.0
2007-10-30 00:00:00+09:00,1330.9954833984375,1337.4881279116003,1318.0101943721118,1330.9954833984375,84586,0.0,0.0
2007-10-31 00:00:00+09:00,1324.5028388852745,1337.4881279116003,1318.0101943721118,1330.9954833984375,53435,0.0,0.0
2007-11-01 00:00:00+09:00,1337.4881615692013,1395.9222124137073,1330.9955168926526,1389.429443359375,148104,0.0,0.0
2007-11-02 00:00:00+09:00,1363.4589227186,1376.4442126247002,1337.488218528611,1350.4736328125,56769,0.0,0.0
2007-11-05 00:00:00+09:00,1356.9661865234375,1363.4588310399236,1337.4881285961987,1356.9661865234375,57868,0.0,0.0
2007-11-06 00:00:00+09:00,1350.4736961428387,1363.4589866578826,1311.5177002199116,1337.48828125,93805,0.0,0.0
2007-11-07 00:00:00+09:00,1330.9951737001995,1337.487816702643,1311.517244692869,1318.0098876953125,98042,0.0,0.0
2007-11-08 00:00:00+09:00,1311.5178270602023,1311.5178270602023,1266.069181484297,1285.547119140625,138492,0.0,0.0
2007-11-09 00:00:00+09:00,1292.039705632314,1298.5324755970973,1227.1131253846895,1246.5911865234375,216016,0.0,0.0
2007-11-12 00:00:00+09:00,1246.5911278310068,1259.5764183935937,1201.1424864841579,1233.605712890625,46530,0.0,0.0
2007-11-13 00:00:00+09:00,1233.605559513108,1246.5909728389781,1214.127626090972,1227.1129150390625,57750,0.0,0.0
2007-11-14 00:00:00+09:00,1240.0982039871533,1253.0836173130235,1220.620270565017,1227.1129150390625,80191,0.0,0.0
2007-11-15 00:00:00+09:00,1227.1131253846895,1253.08383211042,1227.1131253846895,1246.5911865234375,74267,0.0,0.0
2007-11-16 00:00:00+09:00,1246.5911865234375,1259.5764776974022,1220.6204797977073,1246.5911865234375,53003,0.0,0.0
2007-11-19 00:00:00+09:00,1253.0838039316307,1259.5764493726092,1233.6057432308965,1240.098388671875,31307,0.0,0.0
2007-11-20 00:00:00+09:00,1233.6057439515014,1253.0838046636134,1201.1425167276448,1214.1278076171875,56377,0.0,0.0
2007-11-21 00:00:00+09:00,1220.6205509518227,1220.6205509518227,1181.66455078125,1181.66455078125,105340,0.0,0.0
2007-11-22 00:00:00+09:00,1175.1721095025005,1207.6354693619487,1136.2161025467285,1201.142822265625,146260,0.0,0.0
2007-11-23 00:00:00+09:00,1201.142551767427,1201.142551767427,1155.6939079504,1168.67919921875,78740,0.0,0.0
2007-11-26 00:00:00+09:00,1201.1426159729897,1207.6352619542208,1136.2159074050603,1155.6939697265625,77484,0.0,0.0
2007-11-27 00:00:00+09:00,1155.6939750233246,1155.6939750233246,1110.2453285685979,1129.7232666015625,71521,0.0,0.0
2007-11-28 00:00:00+09:00,1136.2159074050603,1168.679261689025,1129.7232614238292,1155.6939697265625,33544,0.0,0.0
2007-11-29 00:00:00+09:00,1168.6792588503286,1188.1571967467107,1155.693966919407,1181.66455078125,63518,0.0,0.0
2007-11-30 00:00:00+09:00,1181.6643376275852,1194.6496272161646,1175.1716928332955,1188.156982421875,24128,0.0,0.0
2007-12-03 00:00:00+09:00,1207.6354426978266,1220.6207366037636,1175.1720835551569,1194.6500244140625,69520,0.0,0.0
2007-12-04 00:00:00+09:00,1175.1721095025005,1207.6354693619487,1175.1721095025005,1201.142822265625,26678,0.0,0.0
2007-12-05 00:00:00+09:00,1194.6495961370783,1214.1276543910071,1188.1569515116964,1207.635009765625,36721,0.0,0.0
2007-12-06 00:00:00+09:00,1220.6204797977073,1253.08383211042,1194.6497730719768,1246.5911865234375,103967,0.0,0.0
2007-12-07 00:00:00+09:00,1233.605770971672,1259.5764776974022,1233.605770971672,1246.5911865234375,41626,0.0,0.0
2007-12-10 00:00:00+09:00,1259.5764501083847,1259.5764501083847,1214.1278076171875,1214.1278076171875,95100,0.0,0.0
2007-12-11 00:00:00+09:00,1233.60583011508,1259.5765380859375,1207.6352465220293,1259.5765380859375,84154,0.0,0.0
2007-12-12 00:00:00+09:00,1246.5911278310068,1246.5911278310068,1214.1277770467448,1233.605712890625,42763,0.0,0.0
2007-12-13 00:00:00+09:00,1227.1134106509196,1240.098704843567,1194.6500507914714,1201.142822265625,86430,0.0,0.0
2007-12-14 00:00:00+09:00,1201.142666702419,1253.083961123782,1201.142666702419,1220.62060546875,48138,0.0,0.0
2007-12-17 00:00:00+09:00,1240.0986774626692,1240.0986774626692,1194.6500244140623,1194.6500244140625,32877,0.0,0.0
2007-12-18 00:00:00+09:00,1162.1863730101682,1214.1276543910071,1162.1863730101682,1207.635009765625,48217,0.0,0.0
2007-12-20 00:00:00+09:00,1214.1278076171875,1233.6057439515014,1194.6497469050753,1214.1278076171875,58810,0.0,0.0
2007-12-21 00:00:00+09:00,1227.11309850673,1233.6057439515014,1194.6497469050753,1214.1278076171875,30797,0.0,0.0
2007-12-24 00:00:00+09:00,1214.1279592133064,1227.1132517241938,1201.142666702419,1220.62060546875,56769,0.0,0.0
2007-12-26 00:00:00+09:00,1227.1129436417712,1233.6055882671533,1201.142365140243,1207.635009765625,57397,0.0,0.0
2007-12-27 00:00:00+09:00,1220.6202990163893,1240.0982328925354,1194.6495961370783,1207.635009765625,67205,0.0,0.0
2007-12-28 00:00:00+09:00,1201.1423371428812,1240.0982039871533,1194.649568291056,1227.1129150390625,35577,0.0,0.0
2008-01-02 00:00:00+09:00,1233.6057439515014,1233.6057439515014,1214.1278076171875,1214.1278076171875,20349,0.0,0.0
2008-01-03 00:00:00+09:00,1214.1281164582724,1214.1281164582724,1201.142822265625,1201.142822265625,37226,0.0,0.0
2008-01-04 00:00:00+09:00,1207.635009765625,1220.6202990163893,1201.142365140243,1207.635009765625,25685,0.0,0.0
2008-01-07 00:00:00+09:00,1201.142365140243,1220.6202990163893,1188.1569515116964,1207.635009765625,50006,0.0,0.0
2008-01-08 00:00:00+09:00,1188.1574036951479,1214.1281164582724,1188.1574036951479,1201.142822265625,43944,0.0,0.0
2008-01-09 00:00:00+09:00,1207.6349816169266,1285.5468396832503,1194.649568291056,1227.1129150390625,61769,0.0,0.0
2008-01-10 00:00:00+09:00,1214.1278076171875,1240.0983893962725,1207.6351621724161,1214.1278076171875,55730,0.0,0.0
2008-01-11 00:00:00+09:00,1201.142795744858,1227.1133835567323,1194.6500244140623,1194.6500244140625,31570,0.0,0.0
2008-01-14 00:00:00+09:00,1207.6352590209012,1207.6352590209012,1181.66455078125,1181.66455078125,32955,0.0,0.0
2008-01-15 00:00:00+09:00,1194.6496272161646,1214.1276859768195,1175.1716928332955,1188.156982421875,65272,0.0,0.0
2008-01-16 00:00:00+09:00,1175.171814369012,1188.157105300524,1155.6938779717439,1162.1865234375,62525,0.0,0.0
2008-01-17 00:00:00+09:00,1168.67919921875,1168.67919921875,1149.201262316225,1168.67919921875,46583,0.0,0.0
2008-01-18 00:00:00+09:00,1162.1866157077939,1162.1866157077939,1136.2159074050603,1155.6939697265625,53127,0.0,0.0
2008-01-21 00:00:00+09:00,1155.693820158415,1155.693820158415,1071.2891845703125,1071.2891845703125,73985,0.0,0.0
2008-01-22 00:00:00+09:00,1071.2892765578365,1142.7085036187175,1038.8259858766269,1064.796630859375,86022,0.0,0.0
2008-01-23 00:00:00+09:00,1103.7526294279478,1110.2452751264093,1051.8113394624518,1064.796630859375,45153,0.0,0.0
2008-01-24 00:00:00+09:00,1058.3040038095223,1155.6939397581825,1058.3040038095223,1149.2012939453125,84316,0.0,0.0
2008-01-25 00:00:00+09:00,1168.6792588503286,1188.1571967467107,1136.2159046452166,1181.66455078125,50118,0.0,0.0
2008-01-28 00:00:00+09:00,1168.6790176355503,1233.6055882671533,1168.6790176355503,1207.635009765625,153181,0.0,0.0
2008-01-29 00:00:00+09:00,1227.1133835567323,1227.1133835567323,1194.6500244140623,1194.6500244140625,98025,0.0,0.0
2008-01-30 00:00:00+09:00,1214.1276543910071,1240.0982328925354,1181.6643068863143,1207.635009765625,129164,0.0,0.0
2008-01-31 00:00:00+09:00,1188.1569515116964,1233.6055882671533,1188.1569515116964,1207.635009765625,51457,0.0,0.0
2008-02-01 00:00:00+09:00,1233.605559513108,1233.605559513108,1194.649568291056,1227.1129150390625,36787,0.0,0.0
2008-02-04 00:00:00+09:00,1227.113006426977,1279.0542904653905,1214.127716511821,1272.5616455078125,125503,0.0,0.0
2008-02-05 00:00:00+09:00,1272.5616455078125,1272.5616455078125,1253.0837106350784,1272.5616455078125,60754,0.0,0.0
2008-02-11 00:00:00+09:00,1259.5764729502494,1298.5324707031252,1259.5764729502494,1298.532470703125,101774,0.0,0.0
2008-02-12 00:00:00+09:00,1272.5617640752744,1298.5324707031252,1233.6057663223985,1298.532470703125,48855,0.0,0.0
2008-02-13 00:00:00+09:00,1279.0544732551823,1298.532535289317,1272.5618273697396,1285.547119140625,47214,0.0,0.0
2008-02-14 00:00:00+09:00,1298.5324707031252,1324.5030529531755,1292.0397007628121,1298.532470703125,51105,0.0,0.0
2008-02-15 00:00:00+09:00,1298.532535289317,1305.0251811747596,1266.069181484297,1285.547119140625,99312,0.0,0.0
2008-02-18 00:00:00+09:00,1298.5323793085217,1324.5029597306846,1298.5323793085217,1305.0250244140625,116107,0.0,0.0
2008-02-19 00:00:00+09:00,1305.0251162656377,1318.0104073906627,1285.5470552002996,1298.532470703125,43652,0.0,0.0
2008-02-20 00:00:00+09:00,1285.5471488862024,1305.0252113710296,1285.5471488862024,1292.039794921875,44756,0.0,0.0
2008-02-21 00:00:00+09:00,1285.54693591371,1480.3267822265623,1285.54693591371,1480.3267822265625,830819,0.0,0.0
2008-02-22 00:00:00+09:00,1623.1654748446365,1636.1507658076548,1499.804961940366,1506.297607421875,1391751,0.0,0.0
2008-02-25 00:00:00+09:00,1532.267922872806,1662.1211830537404,1499.8047011109054,1629.6578369140625,539005,0.0,0.0
2008-02-26 00:00:00+09:00,1636.1507323816356,1662.121438154898,1519.282867346446,1525.7755126953125,308908,0.0,0.0
2008-02-27 00:00:00+09:00,1525.7756047248554,1610.1802481067107,1512.7903132438944,1519.282958984375,212523,0.0,0.0
2008-02-28 00:00:00+09:00,1493.312283402443,1584.2094425092419,1493.312283402443,1551.7462158203125,95269,0.0,0.0
2008-02-29 00:00:00+09:00,1538.761113981197,1558.2391783371038,1480.32716966912,1512.79052734375,126788,0.0,0.0
2008-03-03 00:00:00+09:00,1493.3121634832062,1506.2974531160048,1408.9075321144433,1447.863525390625,179221,0.0,0.0
2008-03-04 00:00:00+09:00,1428.3857987894714,1467.3418011263639,1428.3857987894714,1441.3712158203125,122794,0.0,0.0
2008-03-05 00:00:00+09:00,1441.3711790231164,1493.3124726870096,1441.3711790231164,1486.8197021484375,123334,0.0,0.0
2008-03-06 00:00:00+09:00,1506.297515179486,1636.1506656133408,1493.312225011659,1564.7314453125,224750,0.0,0.0
2008-03-07 00:00:00+09:00,1519.282953064793,1623.1655332633322,1519.282953064793,1571.2242431640625,166656,0.0,0.0
2008-03-10 00:00:00+09:00,1545.2536342412932,1603.6875690702072,1538.7608642578127,1538.7608642578125,152749,0.0,0.0
2008-03-11 00:00:00+09:00,1571.224001105781,1623.1652832031252,1519.282719008437,1623.165283203125,307041,0.0,0.0
2008-03-12 00:00:00+09:00,1636.1509235151811,1837.4235747314976,1610.180339085857,1727.0482177734375,673752,0.0,0.0
2008-03-13 00:00:00+09:00,1668.6142784296471,1785.4822814950385,1668.6142784296471,1727.0482177734375,245074,0.0,0.0
2008-03-14 00:00:00+09:00,1727.0476422321192,1785.4816864804839,1694.5844225138824,1759.510986328125,182530,0.0,0.0
2008-03-17 00:00:00+09:00,1759.5116721283196,1759.5116721283196,1662.1217262586501,1694.5850830078125,182032,0.0,0.0
2008-03-18 00:00:00+09:00,1707.5700377665044,1753.0186784629523,1681.599332635194,1701.077392578125,121811,0.0,0.0
2008-03-19 00:00:00+09:00,1701.0773925781252,1740.0333880861938,1655.628751881677,1701.077392578125,154429,0.0,0.0
2008-03-20 00:00:00+09:00,1662.1213970700564,1714.0626829548837,1642.6434615049188,1701.077392578125,85989,0.0,0.0
2008-03-21 00:00:00+09:00,1701.0777294820816,1714.0630224306194,1675.107019207188,1694.5850830078125,76922,0.0,0.0
2008-03-24 00:00:00+09:00,1688.0919181195893,1733.540429482209,1636.1505135210361,1662.1212158203125,142781,0.0,0.0
2008-03-25 00:00:00+09:00,1681.5992737572956,1681.5992737572956,1571.2240606638334,1584.2093505859375,144986,0.0,0.0
2008-03-26 00:00:00+09:00,1610.1800852776864,1610.1800852776864,1538.760740599054,1564.7314453125,199891,0.0,0.0
2008-03-27 00:00:00+09:00,1577.7168888792457,1603.6875961177823,1551.7463060185128,1571.2242431640625,86242,0.0,0.0
2008-03-28 00:00:00+09:00,1612.212711970447,1625.8756280501646,1537.067262433874,1598.5499267578125,80952,152.93301,0.0
2008-03-31 00:00:00+09:00,1598.5499093566666,1639.5383954154697,1537.0672457020028,1625.8756103515625,176989,0.0,0.0
2008-04-01 00:00:00+09:00,1625.8755275110852,1646.369704062741,1502.9100755999261,1543.8985595703125,245530,0.0,0.0
2008-04-02 00:00:00+09:00,1543.8985595703125,1578.0556513568135,1537.0671673864272,1543.8985595703125,94779,0.0,0.0
2008-04-03 00:00:00+09:00,1564.392748717648,1660.032501796233,1530.2357875232076,1578.0556640625,176831,0.0,0.0
2008-04-04 00:00:00+09:00,1550.7299517541976,1584.8870435406989,1537.0671673864272,1543.8985595703125,62683,0.0,0.0
2008-04-07 00:00:00+09:00,1543.8985595703125,1578.0556513568135,1523.4043830186567,1543.8985595703125,117212,0.0,0.0
2008-04-08 00:00:00+09:00,1550.7299227844057,1564.3927068969363,1530.2357466156097,1537.067138671875,44135,0.0,0.0
2008-04-10 00:00:00+09:00,1543.8987101933837,1550.730103043741,1489.2474365234375,1489.2474365234375,83420,0.0,0.0
2008-04-11 00:00:00+09:00,1516.573072218033,1516.573072218033,1468.7531934976223,1502.91015625,80407,0.0,0.0
2008-04-14 00:00:00+09:00,1489.2473711490488,1523.4044647685087,1468.7531934976223,1502.91015625,42667,0.0,0.0
2008-04-15 00:00:00+09:00,1523.4043830186567,1543.8985595703125,1502.9100755999261,1543.8985595703125,33896,0.0,0.0
2008-04-16 00:00:00+09:00,1543.898345093251,1550.729736328125,1523.4041713886288,1550.729736328125,39860,0.0,0.0
2008-04-17 00:00:00+09:00,1543.8983744966083,1578.0554621885533,1543.8983744966083,1557.5611572265625,42150,0.0,0.0
2008-04-18 00:00:00+09:00,1550.7299417668792,1639.538301319576,1550.7299417668792,1632.7069091796875,116089,0.0,0.0
2008-04-21 00:00:00+09:00,1653.2009731924363,1871.8060302734375,1639.5381898416401,1871.8060302734375,857735,0.0,0.0
2008-04-22 00:00:00+09:00,1940.1204323388263,2001.603095369667,1782.998013096864,1864.974853515625,1360664,0.0,0.0
2008-04-23 00:00:00+09:00,1864.974724197288,1953.7830817877507,1803.4920654296873,1803.4920654296875,1000954,0.0,0.0
2008-04-24 00:00:00+09:00,1830.8178746349058,2042.5915625286766,1701.0210264180673,1892.300537109375,1319393,0.0,0.0
2008-04-25 00:00:00+09:00,1953.7832289015355,2035.7602006756608,1871.8062571274102,1899.1319580078125,795260,0.0,0.0
2008-04-28 00:00:00+09:00,1892.300511959505,1919.626081199615,1673.6954345703125,1673.6954345703125,406208,0.0,0.0
2008-04-29 00:00:00+09:00,1673.6955192980622,1748.840969379543,1673.6955192980622,1694.189697265625,233134,0.0,0.0
2008-04-30 00:00:00+09:00,1714.6836802487999,1823.9862120473538,1707.852288369774,1796.66064453125,238958,0.0,0.0
2008-05-01 00:00:00+09:00,1796.66064453125,1796.66064453125,1796.66064453125,1796.66064453125,0,0.0,0.0
2008-05-02 00:00:00+09:00,1776.1662836444677,1823.9860218101703,1687.3579367454804,1721.514892578125,187612,0.0,0.0
2008-05-05 00:00:00+09:00,1721.514892578125,1721.514892578125,1721.514892578125,1721.514892578125,0,0.0,0.0
2008-05-06 00:00:00+09:00,1735.1778057782385,1755.6719792778254,1701.0207190785381,1721.514892578125,130617,0.0,0.0
2008-05-07 00:00:00+09:00,1721.515213299605,1776.1666145476051,1701.0210359819148,1742.009521484375,120721,0.0,0.0
2008-05-08 00:00:00+09:00,1748.840861430962,1830.8178299752879,1735.1780769625996,1789.829345703125,257195,0.0,0.0
2008-05-09 00:00:00+09:00,1776.1664670760908,1796.660642692191,1646.3696289062498,1646.36962890625,360307,0.0,0.0
2008-05-12 00:00:00+09:00,1646.3696289062498,1646.3696289062498,1646.3696289062498,1646.36962890625,0,0.0,0.0
2008-05-13 00:00:00+09:00,1660.0326031192697,1694.189697265625,1639.538425151707,1694.189697265625,134652,0.0,0.0
2008-05-14 00:00:00+09:00,1694.1896435426847,1755.6723063628351,1694.1896435426847,1742.009521484375,138299,0.0,0.0
2008-05-15 00:00:00+09:00,1714.6835014115961,1762.5033704443542,1694.1893279120093,1721.514892578125,116689,0.0,0.0
2008-05-16 00:00:00+09:00,1776.166700360293,1776.166700360293,1680.5269398562286,1701.0211181640625,193773,0.0,0.0
2008-05-19 00:00:00+09:00,1694.1895990229239,1735.1780834482925,1591.718453393041,1639.538330078125,286146,0.0,0.0
2008-05-20 00:00:00+09:00,1619.0439220719074,1639.5382284477453,1537.0670891697612,1584.886962890625,163498,0.0,0.0
2008-05-21 00:00:00+09:00,1578.0556352783442,1584.8870273926257,1516.5729753827356,1571.2242431640625,106983,0.0,0.0
2008-05-22 00:00:00+09:00,1571.2241450765484,1619.0438868912554,1571.2241450765484,1605.381103515625,54383,0.0,0.0
2008-05-23 00:00:00+09:00,1605.3809970741747,1605.3809970741747,1537.0669538583768,1550.729736328125,137088,0.0,0.0
2008-05-26 00:00:00+09:00,1537.0670301710381,1571.2241189083045,1496.078549859731,1509.7413330078125,98146,0.0,0.0
2008-05-27 00:00:00+09:00,1489.247538055996,1537.0674221358054,1489.247538055996,1516.5732421875,75908,0.0,0.0
2008-05-28 00:00:00+09:00,1523.4042354709295,1550.7298015598813,1434.5958839477119,1448.2586669921875,181507,0.0,0.0
2008-05-29 00:00:00+09:00,1427.764715724905,1496.078772498523,1420.9333231342514,1475.5845947265625,117748,0.0,0.0
2008-05-30 00:00:00+09:00,1461.9215862119052,1537.067161690316,1461.9215862119052,1482.4158935546875,58622,0.0,0.0
2008-06-02 00:00:00+09:00,1502.9098954396864,1571.2240708235763,1502.9098954396864,1557.5611572265625,74917,0.0,0.0
2008-06-03 00:00:00+09:00,1523.4041713886288,1584.8868233695523,1523.4041713886288,1550.729736328125,79520,0.0,0.0
2008-06-04 00:00:00+09:00,1578.0556688736106,1755.6722602274383,1571.2242766138952,1639.538330078125,257812,0.0,0.0
2008-06-05 00:00:00+09:00,1619.0440224319025,1673.695422243778,1619.0440224319025,1639.538330078125,58688,0.0,0.0
2008-06-06 00:00:00+09:00,1639.5383300781248,1639.5383300781248,1639.5383300781248,1639.538330078125,0,0.0,0.0
2008-06-09 00:00:00+09:00,1632.7067689347712,1728.3465124121717,1557.561200116644,1687.3580322265625,306765,0.0,0.0
2008-06-10 00:00:00+09:00,1707.8522405669853,1714.6836322548006,1578.0555367643638,1605.381103515625,139995,0.0,0.0
2008-06-11 00:00:00+09:00,1598.549890034669,1653.2011604967984,1578.0557126865256,1619.0440673828125,157999,0.0,0.0
2008-06-12 00:00:00+09:00,1625.8754532901498,1646.3696289062498,1578.055579318847,1646.36962890625,112226,0.0,0.0
2008-06-13 00:00:00+09:00,1632.7068366114888,1666.8637957927713,1584.886962890625,1584.886962890625,137576,0.0,0.0
2008-06-16 00:00:00+09:00,1605.3812037354708,1612.2125958497522,1571.2242431640625,1571.2242431640625,65180,0.0,0.0
2008-06-17 00:00:00+09:00,1571.2240748654883,1598.5496403956906,1523.4042043205743,1530.235595703125,88552,0.0,0.0
2008-06-18 00:00:00+09:00,1530.2356973335047,1598.549746563138,1530.2356973335047,1584.886962890625,98359,0.0,0.0
2008-06-19 00:00:00+09:00,1578.055841912092,1817.155120688376,1578.055841912092,1591.7186279296875,2089412,0.0,0.0
2008-06-20 00:00:00+09:00,1598.549589846493,1721.514892578125,1598.549589846493,1721.514892578125,578286,0.0,0.0
2008-06-23 00:00:00+09:00,1817.1552250621758,1933.2893054835215,1769.3353403868214,1837.6495361328125,2040039,0.0,0.0
2008-06-24 00:00:00+09:00,1789.8290537582736,1817.1546182378365,1687.3579252258041,1748.840576171875,755874,0.0,0.0
2008-06-25 00:00:00+09:00,1817.1549313525375,1844.4806314076573,1721.5151774602339,1762.503662109375,587888,0.0,0.0
2008-06-26 00:00:00+09:00,1694.1895621248648,1714.6837384576643,1639.5382943703255,1660.032470703125,656453,0.0,0.0
2008-06-27 00:00:00+09:00,1639.5381928217669,1701.02084887917,1502.9099664642645,1605.381103515625,624921,0.0,0.0
2008-06-30 00:00:00+09:00,1571.2244682961443,1646.3699231874934,1557.5615512428233,1564.3929443359375,200189,0.0,0.0
2008-07-01 00:00:00+09:00,1550.7297698507768,1571.2240748654883,1502.9098993058628,1530.235595703125,278276,0.0,0.0
2008-07-02 00:00:00+09:00,1523.4043184790883,1564.3926698459136,1366.28191230505,1407.270263671875,327907,0.0,0.0
2008-07-03 00:00:00+09:00,1366.2817649154997,1441.4271985153305,1291.1362004486139,1400.438720703125,390959,0.0,0.0
2008-07-04 00:00:00+09:00,1345.7876057545677,1468.753052456252,1345.7876057545677,1407.270263671875,610218,0.0,0.0
2008-07-07 00:00:00+09:00,1345.787678794397,1373.1133787223955,1291.1364098054764,1304.7991943359375,392700,0.0,0.0
2008-07-08 00:00:00+09:00,1297.967700901781,1325.2933986999026,1202.327954908955,1311.630615234375,290027,0.0,0.0
2008-07-09 00:00:00+09:00,1318.4619727484444,1400.4388022810913,1318.4619727484444,1332.124755859375,283193,0.0,0.0
2008-07-10 00:00:00+09:00,1277.473817261523,1373.1135850822268,1277.473817261523,1325.293701171875,140135,0.0,0.0
2008-07-11 00:00:00+09:00,1332.1246782608193,1441.4271985153305,1332.1246782608193,1400.438720703125,325331,0.0,0.0
2008-07-14 00:00:00+09:00,1386.7761591570372,1427.764643494438,1366.281982421875,1366.281982421875,206569,0.0,0.0
2008-07-15 00:00:00+09:00,1359.45053324157,1386.7762345749327,1325.2935701587207,1352.619140625,101889,0.0,0.0
2008-07-16 00:00:00+09:00,1366.2818445037647,1366.2818445037647,1291.1362756595202,1332.124755859375,215673,0.0,0.0
2008-07-17 00:00:00+09:00,1345.7875389703056,1379.9446276146953,1325.2933643039096,1332.124755859375,185704,0.0,0.0
2008-07-18 00:00:00+09:00,1338.9562569917523,1338.9562569917523,1284.3049892084405,1297.9677734375,164141,0.0,0.0
2008-07-21 00:00:00+09:00,1277.4735970939107,1325.2934727626928,1277.4735970939107,1297.9677734375,132581,0.0,0.0
2008-07-22 00:00:00+09:00,1291.1364174235757,1304.7992020346512,1263.8108482014245,1277.4736328125,207404,0.0,0.0
2008-07-23 00:00:00+09:00,1284.304872834795,1297.9676558258404,1270.64208984375,1270.64208984375,245144,0.0,0.0
2008-07-24 00:00:00+09:00,1277.4734813392727,1318.46196117947,1263.8106983482273,1270.64208984375,366285,0.0,0.0
2008-07-25 00:00:00+09:00,1263.8107701946963,1325.2934280166935,1243.3164636759843,1318.4620361328125,410002,0.0,0.0
2008-07-28 00:00:00+09:00,1332.124894263936,1332.124894263936,1297.967802070707,1304.7991943359375,143735,0.0,0.0
2008-07-29 00:00:00+09:00,1291.136608420657,1304.7993950528607,1236.485331024746,1263.81103515625,269137,0.0,0.0
2008-07-30 00:00:00+09:00,1256.979218877065,1284.3049166586418,1236.4850436911825,1250.1478271484375,172860,0.0,0.0
2008-07-31 00:00:00+09:00,1250.1479863901461,1256.9793789889447,1222.8224159949514,1229.65380859375,153596,0.0,0.0
2008-08-01 00:00:00+09:00,1215.9909593640382,1270.642228143663,1215.9909593640382,1243.3165283203125,124838,0.0,0.0
2008-08-04 00:00:00+09:00,1236.485107421875,1256.979283664065,1215.9909311796853,1236.485107421875,128526,0.0,0.0
2008-08-05 00:00:00+09:00,1215.9910233961527,1243.3165937913473,1202.3281073314724,1229.65380859375,146024,0.0,0.0
2008-08-06 00:00:00+09:00,1229.6538748004125,1243.3166607336377,1215.9910888671875,1215.9910888671875,106909,0.0,0.0
2008-08-07 00:00:00+09:00,1215.9910888671875,1229.6538748004125,1188.6653861336474,1215.9910888671875,186473,0.0,0.0
2008-08-08 00:00:00+09:00,1195.4964895473463,1209.1594030384617,1188.6650982353176,1202.327880859375,97219,0.0,0.0
2008-08-11 00:00:00+09:00,1209.1594030384617,1222.8221856625191,1202.327880859375,1202.327880859375,49001,0.0,0.0
2008-08-12 00:00:00+09:00,1209.1594821075096,1229.6536573837452,1209.1594821075096,1222.822265625,82075,0.0,0.0
2008-08-13 00:00:00+09:00,1222.8223516031067,1256.9793127984497,1222.8223516031067,1243.3165283203125,110008,0.0,0.0
2008-08-14 00:00:00+09:00,1229.6536573837452,1243.3164409012356,1222.822265625,1222.822265625,86233,0.0,0.0
2008-08-15 00:00:00+09:00,1222.822265625,1222.822265625,1222.822265625,1222.822265625,0,0.0,0.0
2008-08-18 00:00:00+09:00,1209.1596200447436,1215.9910125827932,1195.4967041015625,1195.4967041015625,163032,0.0,0.0
2008-08-19 00:00:00+09:00,1175.0024700945028,1195.4966467250567,1161.3396856741333,1181.8338623046875,196225,0.0,0.0
2008-08-20 00:00:00+09:00,1175.0027071744385,1175.0027071744385,1147.677001953125,1147.677001953125,111132,0.0,0.0
2008-08-21 00:00:00+09:00,1140.8455458151973,1147.6769390292038,1072.531482808036,1099.8570556640625,280323,0.0,0.0
2008-08-22 00:00:00+09:00,1052.0369665465034,1086.1939892453506,997.3857040549359,1017.8799438476562,254261,0.0,0.0
2008-08-25 00:00:00+09:00,1017.8800621851423,1072.5313310303993,1011.0486045043316,1031.5428466796875,197666,0.0,0.0
2008-08-26 00:00:00+09:00,1004.2170955079991,1031.542726753783,1004.2170955079991,1017.8799438476562,61227,0.0,0.0
2008-08-27 00:00:00+09:00,1004.2172657275281,1024.7115089941187,970.0602372389046,983.7230224609375,157901,0.0,0.0
2008-08-28 00:00:00+09:00,970.0602372389046,990.5544805054953,970.0602372389046,983.7230224609375,106374,0.0,0.0
2008-08-29 00:00:00+09:00,990.554443359375,1004.2172280690487,976.891593216162,990.554443359375,121595,0.0,0.0
2008-09-01 00:00:00+09:00,970.0602651789501,970.0602651789501,860.7576530868048,867.589111328125,404650,0.0,0.0
2008-09-02 00:00:00+09:00,853.926025390625,976.8913892743893,812.9376143850538,853.926025390625,292298,0.0,0.0
2008-09-03 00:00:00+09:00,840.2634118390849,908.5774656762687,819.7691695145144,881.2518310546875,191137,0.0,0.0
2008-09-04 00:00:00+09:00,867.5890688398631,990.5544605256031,867.5890688398631,963.228759765625,259349,0.0,0.0
2008-09-05 00:00:00+09:00,915.4089470195142,1011.0486379452761,908.5774891127496,963.228759765625,154415,0.0,0.0
2008-09-08 00:00:00+09:00,970.060169259949,1038.3742214499487,956.3973195618269,997.3858032226562,455447,0.0,0.0
2008-09-09 00:00:00+09:00,1011.0486204238856,1017.8800782122617,970.0602008613251,990.554443359375,136608,0.0,0.0
2008-09-10 00:00:00+09:00,976.8916144507677,1017.8801003378304,949.5659790039061,949.5659790039062,228951,0.0,0.0
2008-09-11 00:00:00+09:00,935.9031285637051,970.0602219474375,929.0717360603749,949.5659790039062,107553,0.0,0.0
2008-09-12 00:00:00+09:00,949.5659748191763,970.0602176723896,942.7345823459519,963.228759765625,78708,0.0,0.0
2008-09-15 00:00:00+09:00,963.228759765625,963.228759765625,963.228759765625,963.228759765625,0,0.0,0.0
2008-09-16 00:00:00+09:00,915.4089918496492,915.4089918496492,819.7692308066008,867.589111328125,144627,0.0,0.0
2008-09-17 00:00:00+09:00,874.4203920519117,935.903050308087,874.4203920519117,915.4088745117188,163688,0.0,0.0
2008-09-18 00:00:00+09:00,860.7576121884508,888.0833129882814,860.7576121884508,888.0833129882812,72033,0.0,0.0
2008-09-19 00:00:00+09:00,929.0716260695764,970.0601071041007,901.7459938577379,922.240234375,366260,0.0,0.0
2008-09-22 00:00:00+09:00,929.0717333209464,949.5659762040491,881.2518550715535,888.0833129882812,102451,0.0,0.0
2008-09-23 00:00:00+09:00,888.0833129882814,929.0717333209464,867.5890701051786,888.0833129882812,188768,0.0,0.0
2008-09-24 00:00:00+09:00,888.0832887852367,908.5774656762687,860.7575887301169,881.2518310546875,331000,0.0,0.0
2008-09-25 00:00:00+09:00,881.2518550715535,915.4089483545715,874.420462588366,888.0833129882812,210085,0.0,0.0
2008-09-26 00:00:00+09:00,894.9147054714688,935.9031258041339,888.0833129882814,888.0833129882812,197146,0.0,0.0
2008-09-29 00:00:00+09:00,901.7459179990276,901.7459179990276,860.7574404126287,874.4202880859375,120763,0.0,0.0
2008-09-30 00:00:00+09:00,840.2632727894758,874.4202940556481,812.9376426898322,860.7574462890625,186704,0.0,0.0
2008-10-01 00:00:00+09:00,874.4203660044568,874.4203660044568,833.431884765625,833.431884765625,102608,0.0,0.0
2008-10-02 00:00:00+09:00,819.7691977077349,853.9262258010435,806.1063472102869,812.9378051757812,383350,0.0,0.0
2008-10-03 00:00:00+09:00,812.9378051757812,812.9378051757812,812.9378051757812,812.9378051757812,0,0.0,0.0
2008-10-06 00:00:00+09:00,799.2748468234126,812.9376954771826,696.8037109375,696.8037109375,304642,0.0,0.0
2008-10-07 00:00:00+09:00,635.3211817335889,710.4667006669615,594.3326930668237,607.9955444335938,1083950,0.0,0.0
2008-10-08 00:00:00+09:00,560.1757088859481,580.669954905395,519.1872168470542,532.8500366210938,506796,0.0,0.0
2008-10-09 00:00:00+09:00,532.8499217761891,546.5127713222561,478.198654458994,512.355712890625,296365,0.0,0.0
2008-10-10 00:00:00+09:00,471.3672435321282,485.0300598144531,437.2101864679324,485.0300598144531,452845,0.0,0.0
2008-10-13 00:00:00+09:00,485.03007923202745,532.8499217761891,485.03007923202745,512.355712890625,322279,0.0,0.0
2008-10-14 00:00:00+09:00,539.6814015994796,587.5012817382812,539.6814015994796,587.5012817382812,252952,0.0,0.0
2008-10-15 00:00:00+09:00,580.6699599986663,607.9955997864288,560.1757137994567,573.8385009765625,179171,0.0,0.0
2008-10-16 00:00:00+09:00,512.355712890625,553.3441960952896,498.6928960613262,512.355712890625,106442,0.0,0.0
2008-10-17 00:00:00+09:00,526.0185355740354,539.6813525553889,450.8730258182062,498.6929016113281,222276,0.0,0.0
2008-10-20 00:00:00+09:00,498.69283967320393,512.355654957623,478.19860038819326,505.52423095703125,66183,0.0,0.0
2008-10-21 00:00:00+09:00,519.1870693477214,553.3441581540669,491.8614375627641,526.0184936523438,282956,0.0,0.0
2008-10-22 00:00:00+09:00,512.3556923791031,526.0185086614281,464.5358190325823,485.0300598144531,108997,0.0,0.0
2008-10-23 00:00:00+09:00,444.04160744762254,464.53581535027183,416.7159423828125,416.7159423828125,301163,0.0,0.0
2008-10-24 00:00:00+09:00,403.05311532679684,409.88453958775,355.2332763671875,355.2332763671875,178017,0.0,0.0
2008-10-27 00:00:00+09:00,327.9077249084357,375.7275755568034,307.41347983286835,314.244873046875,451868,0.0,0.0
2008-10-28 00:00:00+09:00,273.2563932126981,341.57049560546875,273.2563932126981,341.57049560546875,808970,0.0,0.0
2008-10-29 00:00:00+09:00,368.89618234279675,389.3903947015904,300.582053902088,314.244873046875,460973,0.0,0.0
2008-10-30 00:00:00+09:00,341.5704605620469,355.2332763671875,314.24479623499997,355.2332763671875,688122,0.0,0.0
2008-10-31 00:00:00+09:00,362.0646714057539,362.0646714057539,334.739039531746,348.40185546875,349009,0.0,0.0
2008-11-03 00:00:00+09:00,348.4018670017924,396.22174072265625,348.4018670017924,396.22174072265625,955213,0.0,0.0
2008-11-04 00:00:00+09:00,403.0531415677167,450.8730163574218,403.0531415677167,450.8730163574219,968817,0.0,0.0
2008-11-05 00:00:00+09:00,505.52428811759154,512.355712890625,457.70444557342984,512.355712890625,435723,0.0,0.0
2008-11-06 00:00:00+09:00,491.8614664414115,560.1755826314954,444.0416243684741,450.8730163574219,1323532,0.0,0.0
2008-11-07 00:00:00+09:00,403.0531368690901,471.36725226279634,396.2217449597799,464.53582763671875,850022,0.0,0.0
2008-11-10 00:00:00+09:00,485.0300687981841,519.1870937782699,464.53582763671875,464.53582763671875,690771,0.0,0.0
2008-11-11 00:00:00+09:00,457.70442362164425,464.53581535027183,416.7159423828125,416.7159423828125,443124,0.0,0.0
2008-11-12 00:00:00+09:00,403.05313255891275,409.8845571119363,375.7274997803526,396.22174072265625,456245,0.0,0.0
2008-11-13 00:00:00+09:00,355.233275225809,396.2217225095333,341.57045946456753,362.0646667480469,388603,0.0,0.0
2008-11-14 00:00:00+09:00,382.5589243333762,403.05313255891275,375.7274997803526,396.22174072265625,429577,0.0,0.0
2008-11-17 00:00:00+09:00,396.2217392919268,409.88455563187136,382.5589229519822,403.0531311035156,405563,0.0,0.0
2008-11-18 00:00:00+09:00,403.0531047533597,403.0531047533597,382.55889794166353,389.3902893066406,163357,0.0,0.0
2008-11-19 00:00:00+09:00,396.22178214746765,409.8845999651893,362.0647212447784,375.7275390625,167959,0.0,0.0
2008-11-20 00:00:00+09:00,355.2333576303111,355.2333576303111,321.0762939453125,321.0762939453125,440854,0.0,0.0
2008-11-21 00:00:00+09:00,300.5819833308531,355.233279795635,286.91916739384914,348.40185546875,237544,0.0,0.0
2008-11-24 00:00:00+09:00,348.40185546875,355.233279795635,327.9076479216271,348.40185546875,264317,0.0,0.0
2008-11-25 00:00:00+09:00,362.0646714057539,375.7274873427579,341.570463858631,348.40185546875,134051,0.0,0.0
2008-11-26 00:00:00+09:00,348.4018670017924,396.22174072265625,348.4018670017924,396.22174072265625,702681,0.0,0.0
2008-11-27 00:00:00+09:00,409.88452883510166,423.54734428182076,382.55889794166353,389.3902893066406,568218,0.0,0.0
2008-11-28 00:00:00+09:00,403.0531262087908,423.54736682820663,389.3903100347691,416.7159423828125,305322,0.0,0.0
2008-12-01 00:00:00+09:00,423.54739975573096,423.54739975573096,396.2217652833314,409.88458251953125,199301,0.0,0.0
2008-12-02 00:00:00+09:00,368.89608344391513,389.3902903083318,368.89608344391513,382.55889892578125,235579,0.0,0.0
2008-12-03 00:00:00+09:00,396.2217652833314,437.21021699193074,396.2217652833314,409.88458251953125,805074,0.0,0.0
2008-12-04 00:00:00+09:00,430.37872314453125,464.5357771274676,403.05309304488776,430.37872314453125,706008,0.0,0.0
2008-12-05 00:00:00+09:00,430.3788169722605,437.2102423448857,409.8846062879268,423.54742431640625,222331,0.0,0.0
2008-12-08 00:00:00+09:00,437.2102477207396,478.19870231016426,437.2102477207396,471.3673095703125,593102,0.0,0.0
2008-12-09 00:00:00+09:00,478.1986441721065,485.0300687981841,444.04161919202085,464.53582763671875,536595,0.0,0.0
2008-12-10 00:00:00+09:00,478.19875752493544,532.8500366210938,450.8731179768563,532.8500366210938,1576096,0.0,0.0
2008-12-11 00:00:00+09:00,573.8384487334412,607.9955444335938,560.1756628002162,607.9955444335938,636464,0.0,0.0
2008-12-12 00:00:00+09:00,676.3095664028244,689.9724169905223,553.34423828125,553.34423828125,2747045,0.0,0.0
2008-12-15 00:00:00+09:00,573.8384487334412,635.3211817335889,573.8384487334412,607.9955444335938,1147035,0.0,0.0
2008-12-16 00:00:00+09:00,614.8269374002062,642.1525747002014,573.8384487334412,607.9955444335938,816308,0.0,0.0
2008-12-17 00:00:00+09:00,635.3211310827754,635.3211310827754,573.8384029843224,580.6698608398438,723441,0.0,0.0
2008-12-18 00:00:00+09:00,580.6698740231045,601.1640517543393,553.34423828125,553.34423828125,525282,0.0,0.0
2008-12-19 00:00:00+09:00,539.6813894094653,628.4896894944724,539.6813894094653,614.826904296875,659098,0.0,0.0
2008-12-22 00:00:00+09:00,642.1525190940562,642.1525190940562,594.3326416015625,594.3326416015625,405196,0.0,0.0
2008-12-23 00:00:00+09:00,594.3326244687215,614.8268664366507,560.1755981445312,560.1755981445312,298165,0.0,0.0
2008-12-24 00:00:00+09:00,546.5128553761115,642.152587890625,546.5128553761115,642.152587890625,958106,0.0,0.0
2008-12-25 00:00:00+09:00,642.152587890625,642.152587890625,642.152587890625,642.152587890625,0,0.0,0.0
2008-12-26 00:00:00+09:00,683.1409211240938,737.7921843446562,648.9838325360937,710.466552734375,1249210,0.0,0.0
2008-12-29 00:00:00+09:00,696.8038117830833,703.6352043818821,607.9955116980764,614.826904296875,962137,0.0,0.0
2008-12-30 00:00:00+09:00,607.9954742585202,635.32110840458,560.1755981445312,560.1755981445312,762141,0.0,0.0
2008-12-31 00:00:00+09:00,560.1755981445312,560.1755981445312,560.1755981445312,560.1755981445312,0,0.0,0.0
2009-01-02 00:00:00+09:00,642.152587890625,642.152587890625,628.4897362432071,642.152587890625,244046,0.0,0.0
2009-01-05 00:00:00+09:00,737.7923531219118,737.7923531219118,642.152587890625,642.152587890625,1348626,0.0,0.0
2009-01-06 00:00:00+09:00,628.48974609375,635.3212047413041,580.669928162156,628.48974609375,826893,0.0,0.0
2009-01-07 00:00:00+09:00,635.3211475268125,669.4781759543473,601.1640536657362,614.826904296875,647135,0.0,0.0
2009-01-08 00:00:00+09:00,614.8269933749816,635.3212395741913,573.8385009765625,573.8385009765625,536600,0.0,0.0
2009-01-09 00:00:00+09:00,580.6698608398438,594.3326456838068,567.007010562341,580.6698608398438,362495,0.0,0.0
2009-01-12 00:00:00+09:00,587.5011400996657,587.5011400996657,532.8498476666812,546.5126953125,572503,0.0,0.0
2009-01-13 00:00:00+09:00,546.5128836972553,546.5128836972553,512.3558182421847,539.6814575195312,299671,0.0,0.0
2009-01-14 00:00:00+09:00,553.3442339946538,573.8384115671263,546.512808753726,567.0070190429688,212881,0.0,0.0
2009-01-15 00:00:00+09:00,532.8499217761891,560.1755881515548,485.03007923202745,512.355712890625,455470,0.0,0.0
2009-01-16 00:00:00+09:00,505.5242178085707,587.5011400996657,505.5242178085707,546.5126953125,686900,0.0,0.0
2009-01-19 00:00:00+09:00,553.344315357316,560.1757088859481,532.8500366210938,532.8500366210938,196526,0.0,0.0
2009-01-20 00:00:00+09:00,539.6812855264609,539.6812855264609,498.69283967320393,505.52423095703125,355693,0.0,0.0
2009-01-21 00:00:00+09:00,478.19866943359375,491.86148669073816,464.5358521764493,478.19866943359375,432007,0.0,0.0
2009-01-22 00:00:00+09:00,491.8615112304687,498.6929365582559,485.0301186194523,491.86151123046875,159532,0.0,0.0
2009-01-23 00:00:00+09:00,485.0300744524638,485.0300744524638,423.5473829680954,450.8730163574219,484984,0.0,0.0
2009-01-28 00:00:00+09:00,450.87300275025734,498.6928760967781,450.87300275025734,485.0300598144531,181229,0.0,0.0
2009-01-29 00:00:00+09:00,498.6929365582559,505.5243291692722,485.0301186194523,491.86151123046875,169547,0.0,0.0
2009-01-30 00:00:00+09:00,478.1986353149073,491.8614515972322,471.3672435321282,485.0300598144531,171891,0.0,0.0
2009-02-02 00:00:00+09:00,478.19870231016426,498.69294596326233,471.3673095703125,471.3673095703125,178315,0.0,0.0
2009-02-03 00:00:00+09:00,471.3673006806488,491.8615112304687,464.53587535286164,491.86151123046875,183240,0.0,0.0
2009-02-04 00:00:00+09:00,491.86147676226705,505.52429374362066,491.86147676226705,498.6929016113281,144733,0.0,0.0
2009-02-05 00:00:00+09:00,498.6929016113281,526.0185355740354,491.86147676226705,498.6929016113281,246966,0.0,0.0
2009-02-06 00:00:00+09:00,505.5242309570312,512.355654957623,491.8614156726122,505.52423095703125,171797,0.0,0.0
2009-02-09 00:00:00+09:00,512.355712890625,553.3441960952896,505.52428811759154,512.355712890625,500937,0.0,0.0
2009-02-10 00:00:00+09:00,526.018558941599,532.8499513773658,505.52431620075924,519.1871337890625,267401,0.0,0.0
2009-02-11 00:00:00+09:00,505.5242309570312,512.355654957623,491.8614156726122,505.52423095703125,163536,0.0,0.0
2009-02-12 00:00:00+09:00,505.52428811759154,526.0185297199238,498.6928960613262,512.355712890625,272995,0.0,0.0
2009-02-13 00:00:00+09:00,505.52431620075924,526.018558941599,505.52431620075924,519.1871337890625,177920,0.0,0.0
2009-02-16 00:00:00+09:00,526.0184936523438,546.5127338494447,519.1870693477214,526.0184936523438,272364,0.0,0.0
2009-02-17 00:00:00+09:00,519.1871212050271,526.0185461919839,471.3672771634061,478.19866943359375,529704,0.0,0.0
2009-02-18 00:00:00+09:00,464.53588411368935,485.0301277667874,450.87306591721443,471.3673095703125,265028,0.0,0.0
2009-02-19 00:00:00+09:00,478.19866943359375,498.69291167769495,464.5358521764493,478.19866943359375,234954,0.0,0.0
2009-02-20 00:00:00+09:00,471.36719779271317,478.19858891260384,430.37872020631437,437.21014404296875,240932,0.0,0.0
2009-02-23 00:00:00+09:00,430.3787713770655,457.7044372558593,430.3787713770655,457.7044372558594,208833,0.0,0.0
2009-02-24 00:00:00+09:00,457.70449137383764,478.19870231016426,430.3788222641164,471.3673095703125,351294,0.0,0.0
2009-02-25 00:00:00+09:00,485.0301277667874,498.69294596326233,471.3673095703125,471.3673095703125,127314,0.0,0.0
2009-02-26 00:00:00+09:00,478.1986441721065,498.6928853335719,464.53582763671875,464.53582763671875,161066,0.0,0.0
2009-02-27 00:00:00+09:00,464.5358521764493,491.86148669073816,457.70445990626166,478.19866943359375,95319,0.0,0.0
2009-03-02 00:00:00+09:00,478.19866943359375,485.03009442055054,464.5358521764493,478.19866943359375,182158,0.0,0.0
2009-03-03 00:00:00+09:00,464.5358521764493,478.19866943359375,444.0416426491172,478.19866943359375,89086,0.0,0.0
2009-03-04 00:00:00+09:00,478.19870231016426,485.0301277667874,464.53588411368935,471.3673095703125,154394,0.0,0.0
2009-03-05 00:00:00+09:00,478.19866943359375,485.03009442055054,471.3672771634061,478.19866943359375,90015,0.0,0.0
2009-03-06 00:00:00+09:00,471.36725383687246,471.36725383687246,457.7044372558593,457.7044372558594,211651,0.0,0.0
2009-03-09 00:00:00+09:00,464.5358330520851,464.5358330520851,444.0416243684741,450.8730163574219,166030,0.0,0.0
2009-03-10 00:00:00+09:00,457.7044410631374,457.7044410631374,444.0416243684741,450.8730163574219,107537,0.0,0.0
2009-03-11 00:00:00+09:00,457.70444557342984,512.355712890625,457.70444557342984,512.355712890625,719605,0.0,0.0
2009-03-12 00:00:00+09:00,512.3557289348395,519.1871212050271,471.3672771634061,478.19866943359375,345285,0.0,0.0
2009-03-13 00:00:00+09:00,491.8615205066391,505.52433870311404,471.3673095703125,471.3673095703125,198710,0.0,0.0
2009-03-16 00:00:00+09:00,478.19866943359375,491.86148669073816,471.3672771634061,478.19866943359375,185299,0.0,0.0
2009-03-17 00:00:00+09:00,478.19869329166517,491.8615112304687,471.3673006806488,491.86151123046875,348109,0.0,0.0
2009-03-18 00:00:00+09:00,491.86147676226705,498.6929016113281,485.0300846299745,498.6929016113281,159774,0.0,0.0
2009-03-19 00:00:00+09:00,491.8614515972322,505.52426787955716,478.1986353149073,485.0300598144531,320677,0.0,0.0
2009-03-20 00:00:00+09:00,485.0301061766894,539.6813765299023,485.0301061766894,519.1871337890625,619648,0.0,0.0
2009-03-23 00:00:00+09:00,526.018569822625,560.1756308583283,519.187144528776,553.34423828125,140383,0.0,0.0
2009-03-24 00:00:00+09:00,594.3326545731395,601.164047097297,560.1756265188113,567.0070190429688,726359,0.0,0.0
2009-03-25 00:00:00+09:00,580.6699599986663,607.9955997864288,567.0071073880096,573.8385009765625,797047,0.0,0.0
2009-03-26 00:00:00+09:00,567.0071073880096,587.5013535872192,560.1757137994567,573.8385009765625,338796,0.0,0.0
2009-03-27 00:00:00+09:00,567.0070967968778,573.838490257827,512.3558182421847,539.6814575195312,829554,0.0,0.0
2009-03-30 00:00:00+09:00,532.8499312817028,587.501232290591,526.0185391035722,560.1755981445312,1085117,0.0,0.0
2009-03-31 00:00:00+09:00,580.66991906111,642.152587890625,567.0070674136921,642.152587890625,2553302,0.0,0.0
2009-04-01 00:00:00+09:00,621.658161063922,628.4895521700678,546.5126953125,546.5126953125,2305924,0.0,0.0
2009-04-02 00:00:00+09:00,560.1756142927268,601.1640339766218,553.3442219176675,594.3326416015625,997757,0.0,0.0
2009-04-03 00:00:00+09:00,614.8268841602797,614.8268841602797,573.8383990428454,594.3326416015625,454537,0.0,0.0
2009-04-06 00:00:00+09:00,587.5013001002112,628.4897233334314,587.5013001002112,607.9955444335938,625548,0.0,0.0
2009-04-07 00:00:00+09:00,614.8268719210877,635.3211140718315,587.5012375312751,621.6582641601562,532292,0.0,0.0
2009-04-08 00:00:00+09:00,607.99556645173,628.48974609375,594.3327145901693,628.48974609375,379210,0.0,0.0
2009-04-09 00:00:00+09:00,628.4895718572475,710.4665294330009,621.6581805371112,689.9722900390625,902437,0.0,0.0
2009-04-10 00:00:00+09:00,724.1293358227499,724.1293358227499,676.3094641463749,710.466552734375,682840,0.0,0.0
2009-04-13 00:00:00+09:00,717.2979273066486,792.4434288152947,689.9722963429164,765.1177978515625,1591837,0.0,0.0
2009-04-14 00:00:00+09:00,765.1178159549374,765.1178159549374,696.8037042124687,710.466552734375,749070,0.0,0.0
2009-04-15 00:00:00+09:00,676.3094641463749,744.6235758888437,676.3094641463749,710.466552734375,580747,0.0,0.0
2009-04-16 00:00:00+09:00,717.297951201389,744.6235830753968,683.140927717262,696.8037109375,676402,0.0,0.0
2009-04-17 00:00:00+09:00,703.6352757708476,717.298127788183,635.3212119848146,662.6468505859375,686141,0.0,0.0
2009-04-20 00:00:00+09:00,655.8153049685584,676.3094800840803,621.6582155756225,669.4780883789062,487945,0.0,0.0
2009-04-21 00:00:00+09:00,648.9838279129202,655.8152848419737,621.6581964972988,635.321044921875,660666,0.0,0.0
2009-04-22 00:00:00+09:00,648.9839985686019,696.8038824789539,628.4897532593728,662.6468505859375,1029678,0.0,0.0
2009-04-23 00:00:00+09:00,655.8153049685584,683.1409372227872,648.9838478298515,669.4780883789062,553279,0.0,0.0
2009-04-24 00:00:00+09:00,669.4782257519146,683.1410773993326,642.152587890625,642.152587890625,483302,0.0,0.0
2009-04-27 00:00:00+09:00,655.8153442668166,655.8153442668166,621.658252827094,648.98388671875,473084,0.0,0.0
2009-04-28 00:00:00+09:00,662.6467363813464,696.8037623875321,642.1524946042202,648.98388671875,1008239,0.0,0.0
2009-04-29 00:00:00+09:00,655.8153049685584,676.3094800840803,655.8153049685584,669.4780883789062,729127,0.0,0.0
2009-04-30 00:00:00+09:00,696.8037299770916,751.4549952184085,683.1409463835292,730.9607543945312,1579214,0.0,0.0
2009-05-04 00:00:00+09:00,751.4550644590913,840.263427734375,751.4550644590913,840.263427734375,2576719,0.0,0.0
2009-05-06 00:00:00+09:00,874.4204783490206,874.4204783490206,785.6121781662717,799.2749633789062,2236347,0.0,0.0
2009-05-07 00:00:00+09:00,812.9376683964764,819.769059779027,744.6235582703808,765.1177978515625,1183881,0.0,0.0
2009-05-08 00:00:00+09:00,806.1062095067194,860.7574712935957,778.7805786132814,778.7805786132812,1502832,0.0,0.0
2009-05-11 00:00:00+09:00,792.4434267767652,806.1062095067194,758.2863390848203,778.7805786132812,887800,0.0,0.0
2009-05-12 00:00:00+09:00,792.4435305666628,867.5890417241462,758.2864384010098,819.7691650390625,1450062,0.0,0.0
2009-05-13 00:00:00+09:00,833.431982771642,853.9262258010435,799.2749546783333,812.9378051757812,1435448,0.0,0.0
2009-05-14 00:00:00+09:00,799.2749633789062,812.9378140250823,785.6121781662717,799.2749633789062,564144,0.0,0.0
2009-05-15 00:00:00+09:00,812.9378199199992,847.0948486328125,799.2749691747488,847.0948486328125,911340,0.0,0.0
2009-05-18 00:00:00+09:00,860.7575840308926,860.7575840308926,792.4435305666628,819.7691650390625,632314,0.0,0.0
2009-05-19 00:00:00+09:00,840.2634984078413,840.2634984078413,812.9378609710164,826.6006469726562,568305,0.0,0.0
2009-05-20 00:00:00+09:00,826.600548123313,847.0947901085062,771.9492797851562,771.9492797851562,861191,0.0,0.0
2009-05-21 00:00:00+09:00,792.4434814453125,819.7691142238726,771.9492405030088,792.4434814453125,876392,0.0,0.0
2009-05-22 00:00:00+09:00,778.7805806166637,792.4434288152947,758.2863410354821,765.1177978515625,585656,0.0,0.0
2009-05-25 00:00:00+09:00,765.1178551867796,765.1178551867796,662.6467150355776,703.6351318359375,1288690,0.0,0.0
2009-05-26 00:00:00+09:00,703.6352757708476,710.4667344962894,648.9839985686019,662.6468505859375,794526,0.0,0.0
2009-05-27 00:00:00+09:00,669.4780910827151,696.8037234473035,655.8153076171875,655.8153076171875,570892,0.0,0.0
2009-05-28 00:00:00+09:00,655.8153442668166,669.4781284958761,621.658252827094,648.98388671875,373343,0.0,0.0
2009-05-29 00:00:00+09:00,662.6467363813464,669.4781284958761,642.1524946042202,648.98388671875,292091,0.0,0.0
2009-06-01 00:00:00+09:00,662.6466593249878,689.9722900390625,648.9838112511859,689.9722900390625,304841,0.0,0.0
2009-06-02 00:00:00+09:00,710.4665294330009,724.1293120732736,683.1408987189262,689.9722900390625,426696,0.0,0.0
2009-06-03 00:00:00+09:00,696.8037757010457,703.6351679460997,669.4781412872912,683.1409912109375,426639,0.0,0.0
2009-06-04 00:00:00+09:00,683.1410958951666,689.9724891870602,662.6468505859374,662.6468505859375,274008,0.0,0.0
2009-06-05 00:00:00+09:00,683.1409372227872,683.1409372227872,662.6466966737323,669.4780883789062,136991,0.0,0.0
2009-06-08 00:00:00+09:00,669.4781412872912,696.8037757010457,662.6467490422372,683.1409912109375,275867,0.0,0.0
2009-06-09 00:00:00+09:00,683.1409912109375,696.8037757010457,669.4781412872912,683.1409912109375,299852,0.0,0.0
2009-06-10 00:00:00+09:00,683.1409372227872,689.9723289279611,662.6466966737323,669.4780883789062,455856,0.0,0.0
2009-06-11 00:00:00+09:00,669.4780883789062,696.8037206331352,662.6466966737323,669.4780883789062,367580,0.0,0.0
2009-06-12 00:00:00+09:00,669.4780678330189,676.3094593285415,635.321044921875,635.321044921875,719447,0.0,0.0
2009-06-15 00:00:00+09:00,635.3211947836892,648.9839809975608,635.3211947836892,642.152587890625,251053,0.0,0.0
2009-06-16 00:00:00+09:00,642.152587890625,662.6468326449789,635.3211947836892,642.152587890625,240196,0.0,0.0
2009-06-17 00:00:00+09:00,648.9839809975608,655.815439538043,635.3211947836892,642.152587890625,310657,0.0,0.0
2009-06-18 00:00:00+09:00,648.98388671875,669.4781284958761,642.1524946042202,648.98388671875,339081,0.0,0.0
2009-06-19 00:00:00+09:00,655.8153442668166,662.6467363813464,635.3211024896905,648.98388671875,275566,0.0,0.0
2009-06-22 00:00:00+09:00,655.8153442668166,655.8153442668166,642.1524946042202,648.98388671875,128076,0.0,0.0
2009-06-23 00:00:00+09:00,642.1525979553107,642.1525979553107,621.6583528797433,628.48974609375,382311,0.0,0.0
2009-06-24 00:00:00+09:00,628.48974609375,642.1525979553107,614.8269596657367,628.48974609375,224076,0.0,0.0
2009-06-25 00:00:00+09:00,635.321044921875,635.321044921875,614.8268050017763,635.321044921875,205231,0.0,0.0
2009-06-26 00:00:00+09:00,642.1524364173976,648.9838279129202,628.4895879928215,635.321044921875,259858,0.0,0.0
2009-06-29 00:00:00+09:00,642.1524389286451,724.1293334960939,635.3210474064072,724.1293334960938,840514,0.0,0.0
2009-06-30 00:00:00+09:00,765.1178159549374,785.6120560210312,689.9723126682812,710.466552734375,2046701,0.0,0.0
2009-07-01 00:00:00+09:00,710.4666615671257,737.7922973632812,676.3095677467753,737.7922973632812,1144977,0.0,0.0
2009-07-02 00:00:00+09:00,737.7922221753614,737.7922221753614,696.8037399414667,703.6351318359375,575391,0.0,0.0
2009-07-03 00:00:00+09:00,676.3094419652606,696.8036813591989,676.3094419652606,689.9722900390625,571303,0.0,0.0
2009-07-06 00:00:00+09:00,696.8037757010457,703.6351679460997,676.3095335323453,683.1409912109375,413478,0.0,0.0
2009-07-07 00:00:00+09:00,683.140927717262,710.46655959127,676.309470673611,696.8037109375,703863,0.0,0.0
2009-07-08 00:00:00+09:00,696.8037399414667,730.9607648473558,683.140956152525,703.6351318359375,1114357,0.0,0.0
2009-07-09 00:00:00+09:00,710.4665294330009,710.4665294330009,683.1408987189262,689.9722900390625,429330,0.0,0.0
2009-07-10 00:00:00+09:00,689.9724209791815,696.8038135957513,676.3095703125001,676.3095703125,388603,0.0,0.0
2009-07-13 00:00:00+09:00,683.1409781584725,683.1409781584725,635.3211024896905,648.98388671875,486996,0.0,0.0
2009-07-14 00:00:00+09:00,655.8154498168714,662.646843030878,614.8269596657367,628.48974609375,331083,0.0,0.0
2009-07-15 00:00:00+09:00,628.4895879928215,648.9838279129202,628.4895879928215,635.321044921875,269992,0.0,0.0
2009-07-16 00:00:00+09:00,648.98388671875,648.98388671875,635.3211024896905,648.98388671875,191135,0.0,0.0
2009-07-17 00:00:00+09:00,642.1524364173976,648.9838279129202,628.4895879928215,635.321044921875,240454,0.0,0.0
2009-07-20 00:00:00+09:00,635.3210669853629,662.6466993499513,635.3210669853629,655.8153076171875,319155,0.0,0.0
2009-07-21 00:00:00+09:00,655.8154572940438,676.3096371697247,655.8154572940438,662.6468505859375,185959,0.0,0.0
2009-07-22 00:00:00+09:00,669.4781412872912,689.9723834559916,662.6467490422372,683.1409912109375,238992,0.0,0.0
2009-07-23 00:00:00+09:00,676.3095335323453,689.9723834559916,676.3095335323453,683.1409912109375,108286,0.0,0.0
2009-07-24 00:00:00+09:00,689.9723996142822,724.1294270730056,683.1410072092455,717.2980346679688,372421,0.0,0.0
2009-07-27 00:00:00+09:00,744.6237182617188,806.1063847820224,724.129474277103,744.6237182617188,1562514,0.0,0.0
2009-07-28 00:00:00+09:00,737.7922973632812,751.4550825445883,696.8038109522773,737.7922973632812,717777,0.0,0.0
2009-07-29 00:00:00+09:00,744.6238332825665,778.7808682440792,730.960980037829,758.28662109375,726859,0.0,0.0
2009-07-30 00:00:00+09:00,771.9493212099677,771.9493212099677,737.792293024049,751.455078125,407854,0.0,0.0
2009-07-31 00:00:00+09:00,758.2864706754756,758.2864706754756,737.792293024049,751.455078125,362074,0.0,0.0
2009-08-03 00:00:00+09:00,751.4552271881582,758.28662109375,744.6238332825665,758.28662109375,306905,0.0,0.0
2009-08-04 00:00:00+09:00,765.1180804328957,771.9494743384874,751.4552271881582,758.28662109375,405894,0.0,0.0
2009-08-05 00:00:00+09:00,765.1177978515625,785.6120374327442,758.2863410354821,765.1177978515625,833045,0.0,0.0
2009-08-06 00:00:00+09:00,771.9494743384874,778.7808682440792,758.28662109375,758.28662109375,411012,0.0,0.0
2009-08-07 00:00:00+09:00,771.9493257500902,771.9493257500902,730.9608393390863,737.7922973632812,524663,0.0,0.0
2009-08-10 00:00:00+09:00,737.7922973632812,744.6236899539348,717.2980541577792,737.7922973632812,357765,0.0,0.0
2009-08-11 00:00:00+09:00,737.7921819741009,744.6235734963388,717.2979419738559,724.1293334960938,215991,0.0,0.0
2009-08-12 00:00:00+09:00,724.1294424895568,751.455078125,710.4666573886057,751.455078125,330907,0.0,0.0
2009-08-13 00:00:00+09:00,758.2864751352419,758.2864751352419,730.9608393390863,737.7922973632812,310199,0.0,0.0
2009-08-14 00:00:00+09:00,744.6238332825665,765.1180804328957,737.7924393769747,758.28662109375,275703,0.0,0.0
2009-08-17 00:00:00+09:00,758.2863390848203,826.6004490351804,744.6235563548661,778.7805786132812,1828439,0.0,0.0
2009-08-18 00:00:00+09:00,771.9492797851562,792.4435217703494,758.2864299838483,771.9492797851562,328779,0.0,0.0
2009-08-19 00:00:00+09:00,771.9493212099677,771.9493212099677,744.6236855745244,751.455078125,412330,0.0,0.0
2009-08-20 00:00:00+09:00,758.2864706754756,758.2864706754756,730.9608350400323,751.455078125,255926,0.0,0.0
2009-08-21 00:00:00+09:00,751.4549477198432,792.4434267767652,751.4549477198432,778.7805786132812,454764,0.0,0.0
2009-08-24 00:00:00+09:00,799.2748201978453,847.0946907427592,758.2863410354821,765.1177978515625,1779714,0.0,0.0
2009-08-25 00:00:00+09:00,771.9493550966919,771.9493550966919,737.7923254113615,744.6237182617188,441663,0.0,0.0
2009-08-26 00:00:00+09:00,744.6235734963388,751.4549650185768,717.2979419738559,724.1293334960938,531104,0.0,0.0
2009-08-27 00:00:00+09:00,724.1293334960939,737.7921819741009,717.2979419738559,724.1293334960938,236430,0.0,0.0
2009-08-28 00:00:00+09:00,730.9607250183318,737.7921819741009,724.1293334960939,724.1293334960938,158068,0.0,0.0
2009-08-31 00:00:00+09:00,724.1294467484328,751.4550825445883,717.2980541577792,737.7922973632812,351608,0.0,0.0
2009-09-01 00:00:00+09:00,730.9608350400323,758.2864706754756,730.9608350400323,751.455078125,201065,0.0,0.0
2009-09-02 00:00:00+09:00,751.4550461412945,833.4319495584931,737.7922616218639,819.7691650390625,1386442,0.0,0.0
2009-09-03 00:00:00+09:00,833.4320399734761,853.9262844094811,792.4436165350115,826.6006469726562,1033731,0.0,0.0
2009-09-04 00:00:00+09:00,826.6005992377168,847.0948424902101,785.6121781662717,799.2749633789062,672467,0.0,0.0
2009-09-07 00:00:00+09:00,853.9262125868556,894.9146980113773,806.1063347360937,840.263427734375,3331171,0.0,0.0
2009-09-08 00:00:00+09:00,847.0946885636415,847.0946885636415,771.9491872483042,778.7805786132812,914409,0.0,0.0
2009-09-09 00:00:00+09:00,785.6121781662717,819.7692066313995,771.9493275200957,799.2749633789062,465286,0.0,0.0
2009-09-10 00:00:00+09:00,792.4435707725889,819.7692066313995,778.7807201264129,799.2749633789062,450532,0.0,0.0
2009-09-11 00:00:00+09:00,806.1063472102869,853.9262258010435,792.4435621463798,812.9378051757812,1037169,0.0,0.0
2009-09-14 00:00:00+09:00,826.6005030753315,833.4318948869203,799.2748703954423,806.1062622070312,495576,0.0,0.0
2009-09-15 00:00:00+09:00,812.9377194521539,819.7691112637427,792.4434785838536,806.1062622070312,323009,0.0,0.0
2009-09-16 00:00:00+09:00,806.1062622070311,826.6005030753315,799.2748703954423,806.1062622070312,386355,0.0,0.0
2009-09-17 00:00:00+09:00,812.9377194521539,819.7691112637427,792.4434785838536,806.1062622070312,306236,0.0,0.0
2009-09-18 00:00:00+09:00,806.1063797575039,894.9147479927755,799.2749869497271,867.589111328125,1455405,0.0,0.0
2009-09-21 00:00:00+09:00,888.0833802806712,976.8916855919656,826.6006469726562,826.6006469726562,4001947,0.0,0.0
2009-09-22 00:00:00+09:00,833.4317871710766,853.926025390625,806.1061580228541,853.926025390625,851051,0.0,0.0
2009-09-23 00:00:00+09:00,853.9261917711773,853.9261917711773,819.7691650390624,819.7691650390625,420529,0.0,0.0
2009-09-24 00:00:00+09:00,819.7692066313995,840.2634498838928,792.4435707725889,799.2749633789062,371769,0.0,0.0
2009-09-25 00:00:00+09:00,799.274873281569,806.1062651178255,778.7806323392654,792.4434814453125,318973,0.0,0.0
2009-09-28 00:00:00+09:00,792.4434267767652,792.4434267767652,771.9491872483042,778.7805786132812,250947,0.0,0.0
2009-09-29 00:00:00+09:00,785.6120354117882,799.2748181417423,765.1177958833271,778.7805786132812,228006,0.0,0.0
2009-09-30 00:00:00+09:00,778.7807137604432,785.6121717444598,751.455078125,751.455078125,276956,0.0,0.0
2009-10-01 00:00:00+09:00,758.2865039624334,758.2865039624334,737.7923254113615,744.6237182617188,168948,0.0,0.0
2009-10-05 00:00:00+09:00,744.6238332825665,765.1180804328957,724.1295861322373,758.28662109375,262941,0.0,0.0
2009-10-06 00:00:00+09:00,765.1179286594921,771.9493212099677,751.455078125,751.455078125,102782,0.0,0.0
2009-10-07 00:00:00+09:00,758.2863410354821,771.9491892341131,751.4549496529314,765.1177978515625,130375,0.0,0.0
2009-10-08 00:00:00+09:00,765.1180804328957,771.9494743384874,744.6238332825665,758.28662109375,123185,0.0,0.0
2009-10-09 00:00:00+09:00,758.2864706754756,765.1179286594921,744.6236855745244,751.455078125,166545,0.0,0.0
2009-10-12 00:00:00+09:00,758.2864706754756,765.1179286594921,751.455078125,751.455078125,92756,0.0,0.0
2009-10-13 00:00:00+09:00,751.4550825445883,758.2864751352419,737.7922973632812,737.7922973632812,176971,0.0,0.0
2009-10-14 00:00:00+09:00,737.792293024049,765.1179286594921,737.792293024049,751.455078125,193051,0.0,0.0
2009-10-15 00:00:00+09:00,765.1179286594921,765.1179286594921,744.6236855745244,751.455078125,81630,0.0,0.0
2009-10-16 00:00:00+09:00,751.4550621266922,758.286454531729,717.2980346679689,717.2980346679688,297459,0.0,0.0
2009-10-19 00:00:00+09:00,724.1294270730056,724.1294270730056,703.6351844243557,717.2980346679688,229435,0.0,0.0
2009-10-20 00:00:00+09:00,717.2980346679689,730.9608194780424,710.466642262932,717.2980346679688,197917,0.0,0.0
2009-10-21 00:00:00+09:00,717.2979442785625,730.9607273669374,710.466552734375,710.466552734375,121827,0.0,0.0
2009-10-22 00:00:00+09:00,710.4665891639431,717.297981058414,689.9723480469959,703.6351318359375,160962,0.0,0.0
2009-10-23 00:00:00+09:00,703.6350957566561,730.9607273669374,703.6350957566561,710.466552734375,159981,0.0,0.0
2009-10-26 00:00:00+09:00,717.2980346679689,737.7922773166187,717.2980346679689,717.2980346679688,111493,0.0,0.0
2009-10-27 00:00:00+09:00,717.2979419738559,737.7921819741009,710.466550451618,724.1293334960938,103686,0.0,0.0
2009-10-28 00:00:00+09:00,730.9607648473558,730.9607648473558,703.6351318359376,703.6351318359375,146412,0.0,0.0
2009-10-29 00:00:00+09:00,696.8037399414667,717.297981058414,683.140956152525,703.6351318359375,244454,0.0,0.0
2009-10-30 00:00:00+09:00,717.2979273066486,785.6120374327442,717.2979273066486,765.1177978515625,540964,0.0,0.0
2009-11-02 00:00:00+09:00,771.9493257500902,799.2749615462458,724.1294467484328,737.7922973632812,881701,0.0,0.0
2009-11-03 00:00:00+09:00,765.1177978515625,778.7805806166637,751.4549496529314,765.1177978515625,371705,0.0,0.0
2009-11-04 00:00:00+09:00,771.9493550966919,792.4435990813078,744.6237182617188,744.6237182617188,581360,0.0,0.0
2009-11-05 00:00:00+09:00,751.4551111120761,765.1179622463346,737.7923254113615,744.6237182617188,300985,0.0,0.0
2009-11-06 00:00:00+09:00,751.455078125,765.1179286594921,737.792293024049,751.455078125,211438,0.0,0.0
2009-11-09 00:00:00+09:00,765.1179286594921,771.9493212099677,744.6236855745244,751.455078125,494839,0.0,0.0
2009-11-10 00:00:00+09:00,751.455078125,765.1179286594921,744.6236855745244,751.455078125,209613,0.0,0.0
2009-11-11 00:00:00+09:00,758.2864706754756,765.1179286594921,744.6236855745244,751.455078125,485286,0.0,0.0
2009-11-12 00:00:00+09:00,751.4552271881582,765.1180804328957,744.6238332825665,758.28662109375,363898,0.0,0.0
2009-11-13 00:00:00+09:00,758.2863870151897,758.2863870151897,724.1293625977501,730.9607543945312,315710,0.0,0.0
2009-11-16 00:00:00+09:00,737.7922773166187,737.7922773166187,717.2980346679689,717.2980346679688,362515,0.0,0.0
2009-11-17 00:00:00+09:00,724.1293625977501,737.7922116248461,717.2979708009689,730.9607543945312,286202,0.0,0.0
2009-11-18 00:00:00+09:00,730.9607543945312,744.6236034216273,730.9607543945312,730.9607543945312,175125,0.0,0.0
2009-11-19 00:00:00+09:00,730.9608393390863,751.4550825445883,730.9608393390863,737.7922973632812,234392,0.0,0.0
2009-11-20 00:00:00+09:00,744.6236899539348,744.6236899539348,730.9608393390863,737.7922973632812,139317,0.0,0.0
2009-11-23 00:00:00+09:00,744.6237182617188,751.4551111120761,737.7923254113615,744.6237182617188,212453,0.0,0.0
2009-11-24 00:00:00+09:00,751.455078125,771.9493212099677,744.6236855745244,751.455078125,330114,0.0,0.0
2009-11-25 00:00:00+09:00,751.4549477198432,785.6120354117882,751.4549477198432,778.7805786132812,335513,0.0,0.0
2009-11-26 00:00:00+09:00,778.7808682440792,799.2751153944084,758.28662109375,758.28662109375,599054,0.0,0.0
2009-11-27 00:00:00+09:00,751.455078125,765.1179286594921,724.1294424895568,751.455078125,597433,0.0,0.0
2009-11-30 00:00:00+09:00,751.4549496529314,771.9491892341131,744.6235582703808,765.1177978515625,318258,0.0,0.0
2009-12-01 00:00:00+09:00,765.117887601271,785.6121295864642,758.2864299838483,771.9492797851562,641184,0.0,0.0
2009-12-02 00:00:00+09:00,778.7805786132814,785.6120354117882,771.9491872483042,778.7805786132812,252873,0.0,0.0
2009-12-03 00:00:00+09:00,785.6122062309504,819.7692359162808,744.6237182617188,744.6237182617188,3358216,0.0,0.0
2009-12-04 00:00:00+09:00,765.1179286594921,771.9493212099677,737.792293024049,751.455078125,1137061,0.0,0.0
2009-12-07 00:00:00+09:00,758.2864751352419,758.2864751352419,737.7922973632812,737.7922973632812,446096,0.0,0.0
2009-12-08 00:00:00+09:00,744.6237182617188,751.4551111120761,737.7923254113615,744.6237182617188,249428,0.0,0.0
2009-12-09 00:00:00+09:00,744.6237182617188,744.6237182617188,730.9608671274603,744.6237182617188,237342,0.0,0.0
2009-12-10 00:00:00+09:00,744.6236899539348,744.6236899539348,730.9608393390863,737.7922973632812,116046,0.0,0.0
2009-12-11 00:00:00+09:00,737.7922973632812,744.6236899539348,724.1294467484328,737.7922973632812,352687,0.0,0.0
2009-12-14 00:00:00+09:00,737.7922116248461,744.6236034216273,724.1293625977501,730.9607543945312,284024,0.0,0.0
2009-12-15 00:00:00+09:00,730.9608393390863,744.6236899539348,730.9608393390863,737.7922973632812,210895,0.0,0.0
2009-12-16 00:00:00+09:00,744.6236855745244,751.455078125,737.792293024049,751.455078125,229495,0.0,0.0
2009-12-17 00:00:00+09:00,751.4550825445883,751.4550825445883,737.7922973632812,737.7922973632812,144024,0.0,0.0
2009-12-18 00:00:00+09:00,737.7922973632812,744.6236899539348,730.9608393390863,737.7922973632812,209045,0.0,0.0
2009-12-21 00:00:00+09:00,744.6236899539348,744.6236899539348,730.9608393390863,737.7922973632812,273335,0.0,0.0
2009-12-22 00:00:00+09:00,737.7922973632812,744.6236899539348,724.1294467484328,737.7922973632812,246607,0.0,0.0
2009-12-23 00:00:00+09:00,737.7922773166187,737.7922773166187,717.2980346679689,717.2980346679688,178049,0.0,0.0
2009-12-24 00:00:00+09:00,717.2979419738559,724.1293334960939,710.466550451618,724.1293334960938,209743,0.0,0.0
2009-12-28 00:00:00+09:00,717.297981058414,724.1293729528849,703.6351318359376,703.6351318359375,215686,0.0,0.0
2009-12-29 00:00:00+09:00,703.6351318359376,703.6351318359376,696.8037399414667,703.6351318359375,87291,0.0,0.0
2009-12-30 00:00:00+09:00,703.6350957566561,710.466552734375,696.8037042124687,710.466552734375,87571,0.0,0.0
2010-01-04 00:00:00+09:00,703.6351844243557,717.2980346679689,703.6351844243557,717.2980346679688,146363,0.0,0.0
2010-01-05 00:00:00+09:00,717.2979708009689,744.6236034216273,710.4665790041877,730.9607543945312,171589,0.0,0.0
2010-01-06 00:00:00+09:00,730.9608671274603,758.2865039624334,730.9608671274603,744.6237182617188,350676,0.0,0.0
2010-01-07 00:00:00+09:00,751.4550825445883,751.4550825445883,737.7922973632812,737.7922973632812,188574,0.0,0.0
2010-01-08 00:00:00+09:00,737.7922973632812,751.4550825445883,730.9608393390863,737.7922973632812,117237,0.0,0.0
2010-01-11 00:00:00+09:00,744.6236034216273,744.6236034216273,724.1293625977501,730.9607543945312,265741,0.0,0.0
2010-01-12 00:00:00+09:00,737.7921819741009,737.7921819741009,724.1293334960939,724.1293334960938,129369,0.0,0.0
2010-01-13 00:00:00+09:00,730.9607250183318,730.9607250183318,717.2979419738559,724.1293334960938,114256,0.0,0.0
2010-01-14 00:00:00+09:00,724.1293625977501,737.7922116248461,724.1293625977501,730.9607543945312,105362,0.0,0.0
2010-01-15 00:00:00+09:00,737.7922116248461,751.4549952184085,724.1293625977501,730.9607543945312,233712,0.0,0.0
2010-01-18 00:00:00+09:00,730.9608350400323,765.1179286594921,730.9608350400323,751.455078125,317127,0.0,0.0
2010-01-19 00:00:00+09:00,758.2863410354821,778.7805806166637,751.4549496529314,765.1177978515625,396547,0.0,0.0
2010-01-20 00:00:00+09:00,778.7805806166637,806.1062115803959,751.4549496529314,765.1177978515625,1384499,0.0,0.0
2010-01-21 00:00:00+09:00,765.1180804328957,792.4437214888167,751.4552271881582,758.28662109375,1054037,0.0,0.0
2010-01-22 00:00:00+09:00,765.1180804328957,765.1180804328957,744.6238332825665,758.28662109375,230935,0.0,0.0
2010-01-25 00:00:00+09:00,744.6235582703808,771.9491892341131,730.9607100717498,765.1177978515625,318331,0.0,0.0
2010-01-26 00:00:00+09:00,758.2864706754756,778.7807137604432,744.6236855745244,751.455078125,462296,0.0,0.0
2010-01-27 00:00:00+09:00,765.1177978515625,778.7805806166637,751.4549496529314,765.1177978515625,720762,0.0,0.0
2010-01-28 00:00:00+09:00,771.9492797851562,778.7806719690415,758.2864299838483,771.9492797851562,490716,0.0,0.0
2010-01-29 00:00:00+09:00,765.117887601271,785.6121295864642,758.2864299838483,771.9492797851562,834716,0.0,0.0
2010-02-01 00:00:00+09:00,785.6121295864642,819.7691559394278,751.4550377999631,771.9492797851562,2465159,0.0,0.0
2010-02-02 00:00:00+09:00,778.7805786132814,799.2748181417423,751.4549477198432,778.7805786132812,1363598,0.0,0.0
2010-02-03 00:00:00+09:00,785.6121215820312,799.2749058105945,765.1178798056494,785.6121215820312,847436,0.0,0.0
2010-02-04 00:00:00+09:00,785.6121215820312,806.1062979248761,771.9492719199311,785.6121215820312,810208,0.0,0.0
2010-02-05 00:00:00+09:00,771.9492719199311,785.6121215820312,765.1178798056494,785.6121215820312,458471,0.0,0.0
2010-02-08 00:00:00+09:00,799.2749058105945,799.2749058105945,778.7806640342127,785.6121215820312,736427,0.0,0.0
2010-02-09 00:00:00+09:00,785.612089609056,799.274873281569,778.7806323392654,792.4434814453125,932366,0.0,0.0
2010-02-10 00:00:00+09:00,799.2749633789062,812.9378140250823,785.6121781662717,799.2749633789062,1166481,0.0,0.0
2010-02-11 00:00:00+09:00,806.1063150860936,833.4319495584931,799.2749228263782,819.7691650390625,1500812,0.0,0.0
2010-02-12 00:00:00+09:00,826.6005992377168,867.5890857427033,785.6121781662717,799.2749633789062,2496092,0.0,0.0
2010-02-16 00:00:00+09:00,792.4434785838536,812.9377194521539,778.7806295271421,806.1062622070312,516031,0.0,0.0
2010-02-17 00:00:00+09:00,812.9377095797423,847.0947336564133,806.1062524175816,833.431884765625,1705813,0.0,0.0
2010-02-18 00:00:00+09:00,840.2633551661763,860.7575306749458,792.4434814453125,792.4434814453125,1463291,0.0,0.0
2010-02-19 00:00:00+09:00,799.2749633789062,799.2749633789062,778.7807201264129,799.2749633789062,340956,0.0,0.0
2010-02-22 00:00:00+09:00,799.2748606889539,833.431884765625,799.2748606889539,833.431884765625,814889,0.0,0.0
2010-02-23 00:00:00+09:00,833.4319698745949,847.0948201606153,819.7691850221141,840.263427734375,580325,0.0,0.0
2010-02-24 00:00:00+09:00,840.2634559769582,847.0948486328125,826.6006052317077,847.0948486328125,602395,0.0,0.0
2010-02-25 00:00:00+09:00,840.2634559769582,853.9262412886667,826.6006052317077,847.0948486328125,502869,0.0,0.0
2010-02-26 00:00:00+09:00,847.0948486328125,853.9262412886667,826.6006052317077,847.0948486328125,422327,0.0,0.0
2010-03-02 00:00:00+09:00,853.9262258010435,860.7576183329971,812.9378051757812,812.9378051757812,899335,0.0,0.0
2010-03-03 00:00:00+09:00,806.1063559852234,819.7692066313995,799.2749633789062,799.2749633789062,605333,0.0,0.0
2010-03-04 00:00:00+09:00,806.1063472102869,812.9378051757812,785.6121696144262,812.9378051757812,708560,0.0,0.0
2010-03-05 00:00:00+09:00,812.9378051757812,819.7691977077349,799.2749546783333,812.9378051757812,325881,0.0,0.0
2010-03-08 00:00:00+09:00,806.1063472102869,812.9378051757812,799.2749546783333,812.9378051757812,182334,0.0,0.0
2010-03-09 00:00:00+09:00,812.9378051757812,812.9378051757812,799.2749546783333,812.9378051757812,105042,0.0,0.0
2010-03-10 00:00:00+09:00,806.1063559852234,812.9378140250823,799.2749633789062,799.2749633789062,213038,0.0,0.0
2010-03-11 00:00:00+09:00,799.2748703954423,806.1062622070311,792.4434785838536,806.1062622070312,208922,0.0,0.0
2010-03-12 00:00:00+09:00,806.1063472102869,819.7691977077349,799.2749546783333,812.9378051757812,438069,0.0,0.0
2010-03-15 00:00:00+09:00,812.9377727793471,826.6005572987777,799.2749228263782,819.7691650390625,706827,0.0,0.0
2010-03-16 00:00:00+09:00,819.7691475869763,826.600539701258,778.7806640342127,785.6121215820312,1207495,0.0,0.0
2010-03-17 00:00:00+09:00,785.6121696144262,819.7691977077349,785.6121696144262,812.9378051757812,771590,0.0,0.0
2010-03-18 00:00:00+09:00,806.1062622070311,819.7691112637427,799.2748703954423,806.1062622070312,569599,0.0,0.0
2010-03-19 00:00:00+09:00,812.9378051757812,819.7691977077349,799.2749546783333,812.9378051757812,372841,0.0,0.0
2010-03-22 00:00:00+09:00,812.9377554726947,812.9377554726947,778.7806640342127,785.6121215820312,714679,0.0,0.0
2010-03-23 00:00:00+09:00,778.7807201264129,799.2749633789062,771.9493275200957,799.2749633789062,357074,0.0,0.0
2010-03-24 00:00:00+09:00,792.4434814453125,806.1062651178255,778.7806323392654,792.4434814453125,201522,0.0,0.0
2010-03-25 00:00:00+09:00,792.4434785838536,806.1062622070311,792.4434785838536,806.1062622070312,133860,0.0,0.0
2010-03-26 00:00:00+09:00,806.1063559852234,806.1063559852234,792.4435707725889,799.2749633789062,231158,0.0,0.0
2010-03-29 00:00:00+09:00,792.4435707725889,812.9378140250823,792.4435707725889,799.2749633789062,580598,0.0,0.0
2010-03-30 00:00:00+09:00,778.7806640342127,792.4435136963128,758.286422257831,785.6121215820312,738603,0.0,0.0
2010-03-31 00:00:00+09:00,778.7805806166637,785.6120374327442,758.2863410354821,765.1177978515625,795700,0.0,0.0
2010-04-01 00:00:00+09:00,765.1179622463346,771.9493550966919,744.6237182617188,744.6237182617188,435854,0.0,0.0
2010-04-02 00:00:00+09:00,751.4551111120761,758.2865039624334,737.7923254113615,744.6237182617188,389818,0.0,0.0
2010-04-05 00:00:00+09:00,744.6236697216555,751.4550621266922,635.3211295069088,717.2980346679688,414285,0.0,0.0
2010-04-06 00:00:00+09:00,717.297951201389,724.1293428115079,676.309470673611,696.8037109375,971534,0.0,0.0
2010-04-07 00:00:00+09:00,696.8037109375,710.46655959127,683.140927717262,696.8037109375,543370,0.0,0.0
2010-04-08 00:00:00+09:00,696.8037109375,703.635102547619,689.972319327381,696.8037109375,145424,0.0,0.0
2010-04-09 00:00:00+09:00,703.6350957566561,717.2979442785625,696.8037042124687,710.466552734375,427291,0.0,0.0
2010-04-12 00:00:00+09:00,717.2979442785625,744.6235758888437,710.466552734375,710.466552734375,681614,0.0,0.0
2010-04-13 00:00:00+09:00,717.2979419738559,737.7921819741009,710.466550451618,724.1293334960938,355964,0.0,0.0
2010-04-14 00:00:00+09:00,724.1293358227499,737.7921843446562,710.466552734375,710.466552734375,471198,0.0,0.0
2010-04-15 00:00:00+09:00,710.4665790041877,737.7922116248461,710.4665790041877,730.9607543945312,373118,0.0,0.0
2010-04-16 00:00:00+09:00,737.7921843446562,737.7921843446562,703.6350957566561,710.466552734375,593982,0.0,0.0
2010-04-19 00:00:00+09:00,703.6350957566561,717.2979442785625,696.8037042124687,710.466552734375,391005,0.0,0.0
2010-04-20 00:00:00+09:00,717.2980346679689,730.9608194780424,703.6351844243557,717.2980346679688,415598,0.0,0.0
2010-04-21 00:00:00+09:00,710.4666642624327,724.1294494955724,676.3095703125001,676.3095703125,966208,0.0,0.0
2010-04-22 00:00:00+09:00,669.4781776959302,683.1410283626116,655.8153924627904,676.3095703125,515687,0.0,0.0
2010-04-23 00:00:00+09:00,676.3094988245193,703.6351318359376,669.4781069300485,703.6351318359375,402068,0.0,0.0
2010-04-26 00:00:00+09:00,703.6350957566561,717.2979442785625,703.6350957566561,710.466552734375,247599,0.0,0.0
2010-04-27 00:00:00+09:00,710.46655959127,717.297951201389,689.972319327381,696.8037109375,374674,0.0,0.0
2010-04-28 00:00:00+09:00,683.1408987189262,696.8036813591989,683.1408987189262,689.9722900390625,229503,0.0,0.0
2010-04-29 00:00:00+09:00,696.8037399414667,703.6351318359376,689.9723480469959,703.6351318359375,231373,0.0,0.0
2010-04-30 00:00:00+09:00,703.635102547619,710.46655959127,696.8037109375,696.8037109375,428125,0.0,0.0
2010-05-03 00:00:00+09:00,696.8037399414667,703.6351318359376,696.8037399414667,703.6351318359375,171360,0.0,0.0
2010-05-04 00:00:00+09:00,703.6350957566561,717.2979442785625,703.6350957566561,710.466552734375,280122,0.0,0.0
2010-05-06 00:00:00+09:00,724.1293428115079,724.1293428115079,689.972319327381,696.8037109375,1197208,0.0,0.0
2010-05-07 00:00:00+09:00,689.9723480469959,710.4665891639431,683.140956152525,703.6351318359375,954656,0.0,0.0
2010-05-10 00:00:00+09:00,717.297981058414,730.9607648473558,696.8037399414667,703.6351318359375,1600850,0.0,0.0
2010-05-11 00:00:00+09:00,710.466642262932,724.1294270730056,703.6351844243557,717.2980346679688,1064706,0.0,0.0
2010-05-12 00:00:00+09:00,724.1294270730056,724.1294270730056,710.466642262932,717.2980346679688,333801,0.0,0.0
2010-05-13 00:00:00+09:00,724.1293625977501,730.9607543945312,710.4665790041877,730.9607543945312,664428,0.0,0.0
2010-05-14 00:00:00+09:00,730.9607273669374,737.7921843446562,703.6350957566561,710.466552734375,846053,0.0,0.0
2010-05-17 00:00:00+09:00,703.6351318359376,710.4665891639431,689.9723480469959,703.6351318359375,558428,0.0,0.0
2010-05-18 00:00:00+09:00,703.635102547619,710.46655959127,689.972319327381,696.8037109375,201928,0.0,0.0
2010-05-19 00:00:00+09:00,696.8037109375,703.635102547619,683.140927717262,696.8037109375,216163,0.0,0.0
2010-05-20 00:00:00+09:00,696.8038135957513,703.6352062123212,669.4781776959302,676.3095703125,269243,0.0,0.0
2010-05-24 00:00:00+09:00,676.3095335323453,689.9723834559916,676.3095335323453,683.1409912109375,123989,0.0,0.0
2010-05-25 00:00:00+09:00,683.1410958951666,696.8038824789539,642.1526052767083,662.6468505859375,341609,0.0,0.0
2010-05-26 00:00:00+09:00,662.6466966737323,676.3094800840803,655.8153049685584,669.4780883789062,154766,0.0,0.0
2010-05-27 00:00:00+09:00,662.6467850793604,683.1410283626116,662.6467850793604,676.3095703125,157351,0.0,0.0
2010-05-28 00:00:00+09:00,689.9723834559916,703.6351679460997,676.3095335323453,683.1409912109375,274421,0.0,0.0
2010-05-31 00:00:00+09:00,689.9723834559916,703.6351679460997,683.1409912109375,683.1409912109375,517080,0.0,0.0
2010-06-01 00:00:00+09:00,696.8037109375,703.635102547619,689.972319327381,696.8037109375,222763,0.0,0.0
2010-06-03 00:00:00+09:00,703.635102547619,710.46655959127,689.972319327381,696.8037109375,339042,0.0,0.0
2010-06-04 00:00:00+09:00,696.8037399414667,710.4665891639431,689.9723480469959,703.6351318359375,456469,0.0,0.0
2010-06-07 00:00:00+09:00,696.8037206331352,703.6351123383091,662.6466966737323,669.4780883789062,734430,0.0,0.0
2010-06-08 00:00:00+09:00,655.8153924627904,676.3095703125001,655.8153924627904,676.3095703125,206932,0.0,0.0
2010-06-09 00:00:00+09:00,676.3094800840803,683.1409372227872,662.6466966737323,669.4780883789062,234301,0.0,0.0
2010-06-10 00:00:00+09:00,669.478079063492,703.635102547619,662.646687453373,696.8037109375,470715,0.0,0.0
2010-06-11 00:00:00+09:00,703.6352062123212,703.6352062123212,669.4781776959302,676.3095703125,642038,0.0,0.0
2010-06-14 00:00:00+09:00,683.1410283626116,689.9724209791815,676.3095703125001,676.3095703125,207908,0.0,0.0
2010-06-15 00:00:00+09:00,676.3095703125001,683.1410283626116,669.4781776959302,676.3095703125,194927,0.0,0.0
2010-06-16 00:00:00+09:00,676.3095703125001,676.3095703125001,662.6467850793604,676.3095703125,213421,0.0,0.0
2010-06-17 00:00:00+09:00,669.4780883789062,676.3094800840803,662.6466966737323,669.4780883789062,96851,0.0,0.0
2010-06-18 00:00:00+09:00,669.4781776959302,676.3095703125001,662.6467850793604,676.3095703125,144050,0.0,0.0
2010-06-21 00:00:00+09:00,676.3095335323453,730.9608023598541,676.3095335323453,683.1409912109375,3164473,0.0,0.0
2010-06-22 00:00:00+09:00,696.8036813591989,703.6350726793353,676.3094419652606,689.9722900390625,610355,0.0,0.0
2010-06-23 00:00:00+09:00,683.1408987189262,703.6350726793353,683.1408987189262,689.9722900390625,440092,0.0,0.0
2010-06-24 00:00:00+09:00,683.1409912109375,696.8037757010457,676.3095335323453,683.1409912109375,239985,0.0,0.0
2010-06-25 00:00:00+09:00,676.3094800840803,683.1409372227872,662.6466966737323,669.4780883789062,402178,0.0,0.0
2010-06-28 00:00:00+09:00,669.4781776959302,683.1410283626116,662.6467850793604,676.3095703125,236458,0.0,0.0
2010-06-29 00:00:00+09:00,669.4780883789062,676.3094800840803,662.6466966737323,669.4780883789062,205211,0.0,0.0
2010-06-30 00:00:00+09:00,669.4782438778311,703.6352757708476,655.8154572940438,662.6468505859375,2207749,0.0,0.0
2010-07-01 00:00:00+09:00,669.4782438778311,683.1410958951666,648.9839985686019,662.6468505859375,537596,0.0,0.0
2010-07-02 00:00:00+09:00,669.4780883789062,676.3094800840803,662.6466966737323,669.4780883789062,176775,0.0,0.0
2010-07-05 00:00:00+09:00,676.3094828154789,730.9607475446556,655.8153076171875,655.8153076171875,4631267,0.0,0.0
2010-07-06 00:00:00+09:00,655.8153442668166,662.6467363813464,642.1524946042202,648.98388671875,511795,0.0,0.0
2010-07-07 00:00:00+09:00,655.8153076171875,669.4780910827151,642.1524587181267,655.8153076171875,610599,0.0,0.0
2010-07-08 00:00:00+09:00,655.8153049685584,676.3094800840803,655.8153049685584,669.4780883789062,372406,0.0,0.0
2010-07-09 00:00:00+09:00,669.4781412872912,689.9723834559916,662.6467490422372,683.1409912109375,494223,0.0,0.0
2010-07-12 00:00:00+09:00,689.9724891870602,724.1295210800768,662.6468505859374,662.6468505859375,2470205,0.0,0.0
2010-07-13 00:00:00+09:00,669.4780883789062,676.3094800840803,662.6466966737323,669.4780883789062,370349,0.0,0.0
2010-07-14 00:00:00+09:00,676.3094828154789,676.3094828154789,648.9838504508905,655.8153076171875,817340,0.0,0.0
2010-07-15 00:00:00+09:00,655.8153076171875,662.6466993499513,648.9838504508905,655.8153076171875,156612,0.0,0.0
2010-07-16 00:00:00+09:00,655.8153442668166,662.6467363813464,642.1524946042202,648.98388671875,220332,0.0,0.0
2010-07-19 00:00:00+09:00,648.98388671875,662.6467363813464,642.1524946042202,648.98388671875,294527,0.0,0.0
2010-07-20 00:00:00+09:00,648.9838504508905,655.8153076171875,642.1524587181267,655.8153076171875,263289,0.0,0.0
2010-07-21 00:00:00+09:00,648.98388671875,655.8153442668166,642.1524946042202,648.98388671875,179463,0.0,0.0
2010-07-22 00:00:00+09:00,648.98388671875,655.8153442668166,642.1524946042202,648.98388671875,268615,0.0,0.0
2010-07-23 00:00:00+09:00,648.9839344126789,676.3095703125001,642.1525417961091,676.3095703125,498045,0.0,0.0
2010-07-26 00:00:00+09:00,689.9723317145397,703.6351151800673,655.8153076171875,655.8153076171875,1530139,0.0,0.0
2010-07-27 00:00:00+09:00,662.6466993499513,676.3094828154789,648.9838504508905,655.8153076171875,504118,0.0,0.0
2010-07-28 00:00:00+09:00,655.8153442668166,655.8153442668166,648.98388671875,648.98388671875,196775,0.0,0.0
2010-07-29 00:00:00+09:00,648.9838279129202,655.8152848419737,621.6581964972988,635.321044921875,503912,0.0,0.0
2010-07-30 00:00:00+09:00,635.321044921875,635.321044921875,607.9954135062536,635.321044921875,433336,0.0,0.0
2010-08-02 00:00:00+09:00,642.1525979553107,642.1525979553107,621.6583528797433,628.48974609375,162655,0.0,0.0
2010-08-03 00:00:00+09:00,628.4895879928215,635.321044921875,621.6581964972988,635.321044921875,99290,0.0,0.0
2010-08-04 00:00:00+09:00,628.48974609375,635.3212047413041,621.6583528797433,628.48974609375,167430,0.0,0.0
2010-08-05 00:00:00+09:00,628.4897532593728,662.6468505859374,628.4897532593728,662.6468505859375,356223,0.0,0.0
2010-08-06 00:00:00+09:00,662.6466993499513,676.3094828154789,635.3210669853629,655.8153076171875,1611066,0.0,0.0
2010-08-09 00:00:00+09:00,662.646843030878,669.4782362448847,621.6583528797433,628.48974609375,1968784,0.0,0.0
2010-08-10 00:00:00+09:00,635.3212047413041,648.9839911693174,614.8269596657367,628.48974609375,1085374,0.0,0.0
2010-08-11 00:00:00+09:00,621.6582641601562,635.3211140718315,614.8268719210877,621.6582641601562,602127,0.0,0.0
2010-08-12 00:00:00+09:00,614.8269374002062,628.4897233334314,607.9955444335938,607.9955444335938,490037,0.0,0.0
2010-08-13 00:00:00+09:00,614.826904296875,621.6582968956736,607.9955116980764,614.826904296875,171990,0.0,0.0
2010-08-16 00:00:00+09:00,614.826904296875,614.826904296875,601.1640536657362,614.826904296875,199186,0.0,0.0
2010-08-17 00:00:00+09:00,594.3326456838068,601.1640381057883,580.6698608398438,580.6698608398438,315365,0.0,0.0
2010-08-18 00:00:00+09:00,573.8382924538469,580.6697489935199,539.6812714895906,546.5126953125,584623,0.0,0.0
2010-08-19 00:00:00+09:00,553.3442339946538,567.0070190429688,546.512808753726,567.0070190429688,183780,0.0,0.0
2010-08-20 00:00:00+09:00,560.1755102415552,567.006901347701,539.6812714895906,546.5126953125,214017,0.0,0.0
2010-08-23 00:00:00+09:00,546.5128836972553,553.3443098749794,539.6814575195312,539.6814575195312,250293,0.0,0.0
2010-08-24 00:00:00+09:00,539.6814575195312,546.5128836972553,532.8500313418072,539.6814575195312,95393,0.0,0.0
2010-08-25 00:00:00+09:00,539.6814575195312,553.3443098749794,532.8500313418072,539.6814575195312,147624,0.0,0.0
2010-08-26 00:00:00+09:00,546.5127494432988,546.5127494432988,471.3672435321282,485.0300598144531,540821,0.0,0.0
2010-08-27 00:00:00+09:00,485.03011620984324,553.34423828125,485.03011620984324,553.34423828125,651174,0.0,0.0
2010-08-30 00:00:00+09:00,560.1756308583283,635.3211455068134,553.34423828125,553.34423828125,3592796,0.0,0.0
2010-08-31 00:00:00+09:00,560.1757033359286,567.0070967968778,532.8500313418072,539.6814575195312,535374,0.0,0.0
2010-09-01 00:00:00+09:00,539.6813765299023,546.5128016824389,512.3557413532959,519.1871337890625,431692,0.0,0.0
2010-09-02 00:00:00+09:00,512.355823318422,532.8500366210938,512.355823318422,532.8500366210938,209403,0.0,0.0
2010-09-03 00:00:00+09:00,526.0184936523438,532.8498852402001,519.1870693477214,526.0184936523438,234862,0.0,0.0
2010-09-06 00:00:00+09:00,526.018637880858,546.5128836972553,519.1872117031339,539.6814575195312,206849,0.0,0.0
2010-09-07 00:00:00+09:00,539.6812714895906,553.3441191354094,539.6812714895906,546.5126953125,59767,0.0,0.0
2010-09-08 00:00:00+09:00,546.5128005796265,587.5012532618252,532.8499503021237,580.6698608398438,723934,0.0,0.0
2010-09-09 00:00:00+09:00,587.5011400996657,601.1639223119573,539.6812714895906,546.5126953125,1626239,0.0,0.0
2010-09-10 00:00:00+09:00,553.3443098749794,560.1757033359286,539.6814575195312,539.6814575195312,125710,0.0,0.0
2010-09-13 00:00:00+09:00,546.512812987401,553.34423828125,539.6813876935521,553.34423828125,126749,0.0,0.0
2010-09-14 00:00:00+09:00,546.5128836972553,560.1757033359286,539.6814575195312,539.6814575195312,115280,0.0,0.0
2010-09-15 00:00:00+09:00,546.512812987401,560.1756308583283,539.6813876935521,553.34423828125,114148,0.0,0.0
2010-09-16 00:00:00+09:00,553.3443098749794,553.3443098749794,532.8500313418072,539.6814575195312,208352,0.0,0.0
2010-09-17 00:00:00+09:00,539.6812714895906,546.5126953125,532.8498476666812,546.5126953125,83283,0.0,0.0
2010-09-20 00:00:00+09:00,546.512711783165,601.1639404296875,539.6812877543717,601.1639404296875,453839,0.0,0.0
2010-09-24 00:00:00+09:00,601.164047097297,648.983925633481,560.1756265188113,567.0070190429688,4104075,0.0,0.0
2010-09-27 00:00:00+09:00,567.0070234354066,567.0070234354066,546.512812987401,553.34423828125,370680,0.0,0.0
2010-09-28 00:00:00+09:00,560.1755981445312,567.0069903226617,553.3442059664006,560.1755981445312,227440,0.0,0.0
2010-09-29 00:00:00+09:00,560.1755981445312,567.0069903226617,546.5127810715013,560.1755981445312,336876,0.0,0.0
2010-09-30 00:00:00+09:00,553.3441191354094,560.1755102415552,526.0184565605354,546.5126953125,774632,0.0,0.0
2010-10-01 00:00:00+09:00,546.5126953125,560.1755102415552,539.6812714895906,546.5126953125,292668,0.0,0.0
2010-10-04 00:00:00+09:00,546.5127647226697,571.1057954583048,543.7801948464543,568.373291015625,583155,0.0,0.0
2010-10-05 00:00:00+09:00,571.1057635766336,635.3210539326079,567.0069417078928,575.2046508789062,6937703,0.0,0.0
2010-10-06 00:00:00+09:00,572.472165490657,629.856007274357,568.3733430180861,614.826904296875,1942178,0.0,0.0
2010-10-07 00:00:00+09:00,614.8268241673001,643.5187086030036,598.431405546727,636.6873168945312,2692123,0.0,0.0
2010-10-08 00:00:00+09:00,632.588557994967,664.0130153322809,632.588557994967,646.2513427734375,1743585,0.0,0.0
2010-10-11 00:00:00+09:00,651.7164745138119,703.635173787616,591.6000652177635,598.4314575195312,10827347,0.0,0.0
2010-10-12 00:00:00+09:00,602.5303502220729,609.3617425802424,541.0476554146996,542.4139404296875,6210551,0.0,0.0
2010-10-13 00:00:00+09:00,542.4137953549282,561.5417150152381,532.8498028080124,538.31494140625,3553220,0.0,0.0
2010-10-14 00:00:00+09:00,541.0477610316831,543.780331595079,517.8209439595936,521.9197998046875,1328360,0.0,0.0
2010-10-15 00:00:00+09:00,524.6522848621835,538.3151027356713,524.6522848621835,534.2162475585938,869845,0.0,0.0
2010-10-18 00:00:00+09:00,535.582454962049,539.6813095448224,526.0184936523438,526.0184936523438,593549,0.0,0.0
2010-10-19 00:00:00+09:00,527.3847125775243,530.1172819577365,516.4544677734375,516.4544677734375,495494,0.0,0.0
2010-10-20 00:00:00+09:00,515.0882781973281,515.0882781973281,505.52428360053915,509.6231384277344,451764,0.0,0.0
2010-10-21 00:00:00+09:00,510.9893928989406,527.3847785132682,506.89053831616724,526.0184936523438,449543,0.0,0.0
2010-10-22 00:00:00+09:00,526.0185416744986,532.8499338860178,519.1871167462106,527.3848266601562,295964,0.0,0.0
2010-10-25 00:00:00+09:00,527.3847785132682,532.8498852402001,523.2859239304948,526.0184936523438,226683,0.0,0.0
2010-10-26 00:00:00+09:00,523.2858787175932,526.0184482033428,516.454487719982,517.8207397460938,318705,0.0,0.0
2010-10-27 00:00:00+09:00,517.8207397460938,524.652163460468,517.8207397460938,517.8207397460938,247090,0.0,0.0
2010-10-28 00:00:00+09:00,523.285995440128,526.0185655353962,515.0883178710938,515.0883178710938,281273,0.0,0.0
2010-10-29 00:00:00+09:00,521.9196701925523,521.9196701925523,497.3266066629165,509.6231384277344,349973,0.0,0.0
2010-11-01 00:00:00+09:00,510.9894074791939,510.9894074791939,474.0997806151797,485.0300598144531,489641,0.0,0.0
2010-11-02 00:00:00+09:00,486.39634471436233,497.32659119686895,483.663774914544,485.0300598144531,159140,0.0,0.0
2010-11-03 00:00:00+09:00,485.0300727782238,491.8614647435908,479.56493303251614,483.6637878417969,217790,0.0,0.0
2010-11-04 00:00:00+09:00,486.3963493643727,491.8614562994897,485.0300644514017,487.76263427734375,115400,0.0,0.0
2010-11-05 00:00:00+09:00,490.4951536611332,498.6928628427127,483.66376205991617,486.3963317871094,188139,0.0,0.0
2010-11-08 00:00:00+09:00,485.03004692351277,502.79171743350247,482.2974771963196,486.3963317871094,167909,0.0,0.0
2010-11-09 00:00:00+09:00,491.8614639070424,491.8614639070424,471.36725532903006,474.09979248046875,197175,0.0,0.0
2010-11-10 00:00:00+09:00,476.83232297356795,478.1986077948482,459.07068573045444,461.80322265625,387254,0.0,0.0
2010-11-11 00:00:00+09:00,461.80324534821114,461.80324534821114,433.111328125,433.111328125,989328,0.0,0.0
2010-11-12 00:00:00+09:00,429.01246181498925,435.8438528339127,408.5182233246925,418.0821838378906,985215,0.0,0.0
2010-11-15 00:00:00+09:00,413.983421892248,437.2102005027707,411.25085200471165,434.4776306152344,324551,0.0,0.0
2010-11-16 00:00:00+09:00,430.37878737367913,449.50674438476557,430.37878737367913,449.5067443847656,259560,0.0,0.0
2010-11-17 00:00:00+09:00,446.774169921875,446.774169921875,434.47763793749584,446.774169921875,117983,0.0,0.0
2010-11-18 00:00:00+09:00,442.6752999919699,446.77412173349126,434.47759107539736,445.4078369140625,183474,0.0,0.0
2010-11-19 00:00:00+09:00,445.4079089897951,460.43701171875,438.576516503963,460.43701171875,155821,0.0,0.0
2010-11-22 00:00:00+09:00,464.53586684031137,474.0998294071844,460.43701171875,460.43701171875,67759,0.0,0.0
2010-11-23 00:00:00+09:00,463.16950747753026,464.5357922988106,457.7044009091742,461.80322265625,224579,0.0,0.0
2010-11-24 00:00:00+09:00,439.9427695450448,457.7044410631374,418.082243203523,450.8730163574219,62480,0.0,0.0
2010-11-25 00:00:00+09:00,439.9428372193843,457.7045114696717,438.5765520680719,456.3382263183594,108673,0.0,0.0
2010-11-26 00:00:00+09:00,460.4370115404986,460.4370115404986,444.0416564941407,444.0416564941406,113963,0.0,0.0
2010-11-29 00:00:00+09:00,444.04163766040665,459.0707397460938,441.3090676963238,459.07073974609375,252138,0.0,0.0
2010-11-30 00:00:00+09:00,450.87302936532666,460.4369915124855,437.2102122764846,449.5067443847656,103599,0.0,0.0
2010-12-01 00:00:00+09:00,437.2102669167596,456.3382263183594,437.2102669167596,456.3382263183594,261112,0.0,0.0
2010-12-02 00:00:00+09:00,457.7044372558593,464.53582918798213,444.0416206748462,457.7044372558594,187648,0.0,0.0
2010-12-03 00:00:00+09:00,457.7044675536453,459.0707525738647,445.4079023716705,448.1404724121094,130184,0.0,0.0
2010-12-06 00:00:00+09:00,445.40791760967033,448.14048774359406,439.94281005859375,439.94281005859375,265228,0.0,0.0
2010-12-07 00:00:00+09:00,418.0822650948744,445.407899915008,416.7159800821908,438.5765075683594,314339,0.0,0.0
2010-12-08 00:00:00+09:00,438.5765075683594,438.5765075683594,438.5765075683594,438.5765075683594,0,0.0,0.0
2010-12-09 00:00:00+09:00,438.5765075683594,438.5765075683594,438.5765075683594,438.5765075683594,0,0.0,0.0
2010-12-10 00:00:00+09:00,307.0035705566406,307.0035705566406,307.0035705566406,307.0035705566406,0,0.0,0.7
2010-12-13 00:00:00+09:00,307.0035705566406,307.0035705566406,307.0035705566406,307.0035705566406,0,0.0,0.0
2010-12-14 00:00:00+09:00,307.0035705566406,307.0035705566406,307.0035705566406,307.0035705566406,0,0.0,0.0
2010-12-15 00:00:00+09:00,307.0035705566406,307.0035705566406,307.0035705566406,307.0035705566406,0,0.0,0.0
2010-12-16 00:00:00+09:00,307.0035705566406,307.0035705566406,307.0035705566406,307.0035705566406,0,0.0,0.0
2010-12-17 00:00:00+09:00,307.0035705566406,307.0035705566406,307.0035705566406,307.0035705566406,0,0.0,0.0
2010-12-20 00:00:00+09:00,307.0035705566406,307.0035705566406,307.0035705566406,307.0035705566406,0,0.0,0.0
2010-12-21 00:00:00+09:00,307.0035705566406,307.0035705566406,307.0035705566406,307.0035705566406,0,0.0,0.0
2010-12-22 00:00:00+09:00,307.0035705566406,307.0035705566406,307.0035705566406,307.0035705566406,0,0.0,0.0
2010-12-23 00:00:00+09:00,307.0035705566406,307.0035705566406,307.0035705566406,307.0035705566406,0,0.0,0.0
2010-12-24 00:00:00+09:00,307.0035705566406,307.0035705566406,307.0035705566406,307.0035705566406,0,0.0,0.0
2010-12-27 00:00:00+09:00,307.0035705566406,307.0035705566406,307.0035705566406,307.0035705566406,0,0.0,0.0
2010-12-28 00:00:00+09:00,307.0035705566406,307.0035705566406,307.0035705566406,307.0035705566406,0,0.0,0.0
2010-12-29 00:00:00+09:00,307.0035705566406,307.0035705566406,307.0035705566406,307.0035705566406,0,0.0,0.0
2010-12-30 00:00:00+09:00,307.0035705566406,307.0035705566406,307.0035705566406,307.0035705566406,0,0.0,0.0
2011-01-03 00:00:00+09:00,468.63474316841695,516.454623600256,449.50678445232694,481.0679016113281,917239,0.0,0.0
2011-01-04 00:00:00+09:00,480.1114831062857,480.1114831062857,450.4631852837197,454.28875732421875,330743,0.0,0.0
2011-01-05 00:00:00+09:00,453.3323754036816,453.3323754036816,415.07645914268977,420.8148498535156,443449,0.0,0.0
2011-01-06 00:00:00+09:00,416.98934413331915,430.3788809643372,412.20732930306883,423.6841125488281,126383,0.0,0.0
2011-01-07 00:00:00+09:00,420.8148372958845,430.3787997173468,418.902051354946,424.64044189453125,147513,0.0,0.0
2011-01-10 00:00:00+09:00,420.8147771119927,424.640381163511,414.12001091779206,419.8583679199219,136500,0.0,0.0
2011-01-11 00:00:00+09:00,419.85850722798307,423.6841125488282,409.33816620840486,423.6841125488281,140933,0.0,0.0
2011-01-12 00:00:00+09:00,416.98919122345234,430.37872314453125,416.03278206476216,430.37872314453125,169507,0.0,0.0
2011-01-13 00:00:00+09:00,425.5967769518566,482.9806113112807,421.7712054435038,470.5474548339844,395316,0.0,0.0
2011-01-14 00:00:00+09:00,448.55038905263103,482.9806675004325,448.55038905263103,477.2423095703125,230794,0.0,0.0
2011-01-17 00:00:00+09:00,477.2423095703125,487.7626815173547,472.4602955533903,477.2423095703125,276267,0.0,0.0
2011-01-18 00:00:00+09:00,478.1986439620514,482.9806248398214,465.7654871364958,476.2858581542969,118648,0.0,0.0
2011-01-19 00:00:00+09:00,476.285900223574,481.0678815237259,476.285900223574,477.2423095703125,126070,0.0,0.0
2011-01-20 00:00:00+09:00,478.1987165221821,478.1987165221821,461.93995289730447,462.8963623046875,87943,0.0,0.0
2011-01-21 00:00:00+09:00,459.07079465488425,468.63475795633735,456.2015991210938,456.20159912109375,68921,0.0,0.0
2011-01-24 00:00:00+09:00,456.201624178393,462.89639231377197,449.50682332623944,458.1144104003906,68653,0.0,0.0
2011-01-25 00:00:00+09:00,447.59391121707347,468.63465189159785,447.59391121707347,455.2450866699219,80109,0.0,0.0
2011-01-26 00:00:00+09:00,449.5067448718037,460.9835256342443,449.5067448718037,459.07073974609375,72161,0.0,0.0
2011-01-27 00:00:00+09:00,453.3324284870092,464.8091785357696,443.768431943472,458.1144104003906,111335,0.0,0.0
2011-01-28 00:00:00+09:00,455.2451464798929,458.1143417412607,444.7247747604675,450.4631652832031,63028,0.0,0.0
2011-01-31 00:00:00+09:00,450.4631852837197,454.28875732421875,436.1172083399208,454.28875732421875,103385,0.0,0.0
2011-02-01 00:00:00+09:00,453.33229610478975,457.1578674316407,447.59390639774847,457.1578674316406,33741,0.0,0.0
2011-02-07 00:00:00+09:00,458.11432474691355,459.0707340374801,451.4195251464844,451.4195251464844,89259,0.0,0.0
2011-02-08 00:00:00+09:00,459.070748360988,462.8963202090794,451.4195392312662,461.9399108886719,69668,0.0,0.0
2011-02-09 00:00:00+09:00,461.93990221993516,463.8527208248545,456.2015445554836,459.07073974609375,95644,0.0,0.0
2011-02-10 00:00:00+09:00,455.2450866699219,459.0706907547287,449.50669690109424,455.2450866699219,45089,0.0,0.0
2011-02-11 00:00:00+09:00,445.6811789894748,455.2451412734761,442.8119837609206,452.3759460449219,99015,0.0,0.0
2011-02-14 00:00:00+09:00,450.4631575274978,450.4631575274978,440.89916258201356,442.8119812011719,55842,0.0,0.0
2011-02-15 00:00:00+09:00,439.9427859892035,448.5503716251086,435.1608048748459,442.8119812011719,119386,0.0,0.0
2011-02-16 00:00:00+09:00,446.63750491750153,446.63750491750153,424.6403876164826,427.50958251953125,90472,0.0,0.0
2011-02-17 00:00:00+09:00,430.37874508943935,436.11713490065165,406.468842070664,422.7275695800781,85212,0.0,0.0
2011-02-18 00:00:00+09:00,416.0329346239139,425.5968988508628,414.1201483218793,423.6841125488281,94092,0.0,0.0
2011-02-21 00:00:00+09:00,416.9892057772395,420.8147771119927,416.0327965851687,419.8583679199219,78569,0.0,0.0
2011-02-22 00:00:00+09:00,419.85839723188883,419.85839723188883,396.9048694705982,398.81768798828125,115576,0.0,0.0
2011-02-23 00:00:00+09:00,396.9048541935784,425.5967709700206,394.03565924425754,409.3380432128906,80995,0.0,0.0
2011-02-24 00:00:00+09:00,410.29444912041663,470.54748194043685,410.29444912041663,451.4195251464844,352080,0.0,0.0
2011-02-25 00:00:00+09:00,459.0706648354614,471.50382015476464,439.94271092492784,453.332275390625,118499,0.0,0.0
2011-02-28 00:00:00+09:00,453.3322493789658,459.0706384945404,440.8990620563004,446.637451171875,20300,0.0,0.0
2011-03-02 00:00:00+09:00,448.5503757945918,471.5039049869333,448.5503757945918,466.721923828125,286542,0.0,0.0
2011-03-03 00:00:00+09:00,468.63472359997695,484.8934861939095,468.63472359997695,477.2423095703125,437597,0.0,0.0
2011-03-04 00:00:00+09:00,477.2423095703125,482.02429087046437,469.59110022994514,477.2423095703125,228940,0.0,0.0
2011-03-07 00:00:00+09:00,462.8963277688234,478.1986808446369,462.8963277688234,469.5910949707031,280411,0.0,0.0
2011-03-08 00:00:00+09:00,477.24226741655787,478.1986439620514,470.5474680142658,476.2858581542969,110934,0.0,0.0
2011-03-09 00:00:00+09:00,476.285900223574,478.1986862002807,471.50391892342213,477.2423095703125,93957,0.0,0.0
2011-03-10 00:00:00+09:00,477.24222509316826,479.15501073129076,470.5474262845927,475.32940673828125,122727,0.0,0.0
2011-03-11 00:00:00+09:00,478.1986733469118,478.1986733469118,463.8527298320568,471.50390625,46149,0.0,0.0
2011-03-14 00:00:00+09:00,477.24229924478965,477.24229924478965,449.5067559571573,450.4631652832031,74480,0.0,0.0
2011-03-15 00:00:00+09:00,458.1143589173844,465.7655356623083,435.16082868261265,439.94281005859375,194924,0.0,0.0
2011-03-16 00:00:00+09:00,420.81486494791903,445.6812146811834,420.81486494791903,440.8992004394531,113872,0.0,0.0
2011-03-17 00:00:00+09:00,443.76838207267025,444.7247914345748,425.5968332138796,439.94281005859375,54721,0.0,0.0
2011-03-18 00:00:00+09:00,439.9427781482708,439.9427781482708,427.5096209291787,435.1607971191406,90411,0.0,0.0
2011-03-21 00:00:00+09:00,430.3788271127208,438.03003679704506,428.46604105002564,436.1172180175781,82965,0.0,0.0
2011-03-22 00:00:00+09:00,439.9427842196807,443.7683560090721,426.5532175232731,428.46600341796875,71990,0.0,0.0
2011-03-23 00:00:00+09:00,434.2043492025027,434.2043492025027,420.8147838819292,422.7275695800781,84305,0.0,0.0
2011-03-24 00:00:00+09:00,429.42242310526234,430.3787997173468,421.77124662473864,424.64044189453125,62571,0.0,0.0
2011-03-25 00:00:00+09:00,436.1171990502994,465.76552895810494,425.5968270878623,437.0736083984375,132481,0.0,0.0
2011-03-28 00:00:00+09:00,441.8555820427276,441.8555820427276,427.5096383700729,429.42242431640625,101006,0.0,0.0
2011-03-29 00:00:00+09:00,431.3351986183967,432.29160792412904,422.7276130171128,428.46600341796875,75649,0.0,0.0
2011-03-30 00:00:00+09:00,425.59683120694694,430.3788125603782,413.16367314467135,420.8148498535156,220708,0.0,0.0
2011-03-31 00:00:00+09:00,423.68401647581345,443.7683498848676,423.68401647581345,435.1607971191406,172593,0.0,0.0
2011-04-01 00:00:00+09:00,438.03002929687506,439.9428153268185,425.5968383103143,438.030029296875,167414,0.0,0.0
2011-04-04 00:00:00+09:00,435.1607971191406,438.9863688557374,430.378783373242,435.1607971191406,206460,0.0,0.0
2011-04-05 00:00:00+09:00,438.0299996663805,438.0299996663805,426.5532188295228,433.24798583984375,204981,0.0,0.0
2011-04-06 00:00:00+09:00,433.24798583984375,438.0299996663805,431.3351999392905,433.24798583984375,71693,0.0,0.0
2011-04-07 00:00:00+09:00,434.20439054620357,445.6811712614144,433.2479812476798,444.7247619628906,132950,0.0,0.0
2011-04-08 00:00:00+09:00,446.63757137773314,478.1986872908364,445.68119474558387,472.4602966308594,509782,0.0,0.0
2011-04-11 00:00:00+09:00,472.4602365356821,523.1493039623253,472.4602365356821,503.0649719238281,655919,0.0,0.0
2011-04-12 00:00:00+09:00,503.0649860424988,505.9341810880612,482.0242441862188,487.76263427734375,132075,0.0,0.0
2011-04-13 00:00:00+09:00,487.7626644153333,487.7626644153333,476.2858835239535,478.19866943359375,126345,0.0,0.0
2011-04-14 00:00:00+09:00,476.2858835239535,483.9370598792836,460.98353081329327,478.19866943359375,208909,0.0,0.0
2011-04-15 00:00:00+09:00,474.37303222226467,483.9369931688486,469.59101903220807,480.11138916015625,38793,0.0,0.0
2011-04-18 00:00:00+09:00,473.41665904953146,502.1085767883889,473.41665904953146,487.76263427734375,142870,0.0,0.0
2011-04-19 00:00:00+09:00,480.11140266440697,493.50096799629586,479.15502617290707,485.84979248046875,110235,0.0,0.0
2011-04-20 00:00:00+09:00,491.5881754240701,491.5881754240701,479.1550194742636,482.9805908203125,65310,0.0,0.0
2011-04-21 00:00:00+09:00,482.9806380462537,485.8498331947234,476.28587117767006,482.0242614746094,96147,0.0,0.0
2011-04-22 00:00:00+09:00,482.0242982847658,487.7626890199217,476.2859075496098,484.89349365234375,95812,0.0,0.0
2011-04-25 00:00:00+09:00,486.80614525903275,486.80614525903275,479.1549706301161,483.93695068359375,88667,0.0,0.0
2011-04-26 00:00:00+09:00,484.8934159889688,487.7626108969997,478.1986169646416,485.84979248046875,130578,0.0,0.0
2011-04-27 00:00:00+09:00,487.7626747361392,509.7597949543726,482.02428416902796,504.9778137207031,238911,0.0,0.0
2011-04-28 00:00:00+09:00,506.8905366146394,506.8905366146394,492.54459469823786,500.1957702636719,78110,0.0,0.0
2011-04-29 00:00:00+09:00,493.50105536269206,502.1086416106189,491.5882693242988,497.32666015625,62036,0.0,0.0
2011-05-02 00:00:00+09:00,497.32666015625,506.89062306498784,492.54467870188114,497.32666015625,153053,0.0,0.0
2011-05-03 00:00:00+09:00,497.32650997986747,506.89047000060134,497.32650997986747,502.1084899902344,167364,0.0,0.0
2011-05-04 00:00:00+09:00,502.1085909759711,514.541748046875,496.3702007227022,514.541748046875,142587,0.0,0.0
2011-05-06 00:00:00+09:00,514.5417685632959,544.1900975761799,507.8470014787192,527.9313354492188,283547,0.0,0.0
2011-05-09 00:00:00+09:00,525.062105789887,545.1464711606077,516.454553347774,539.4080810546875,181021,0.0,0.0
2011-05-11 00:00:00+09:00,554.7103920325633,571.9255610832859,551.8411971907761,564.2743530273438,404549,0.0,0.0
2011-05-12 00:00:00+09:00,564.274430800454,573.8383931134211,545.1465061745195,563.3180541992188,145835,0.0,0.0
2011-05-13 00:00:00+09:00,569.056414532698,569.056414532698,541.3208729473207,558.5360107421875,67747,0.0,0.0
2011-05-16 00:00:00+09:00,558.5360403259658,571.925639910951,539.4081157000313,563.3180541992188,169267,0.0,0.0
2011-05-17 00:00:00+09:00,565.230781086674,565.230781086674,544.1900715210761,551.8412475585938,133478,0.0,0.0
2011-05-18 00:00:00+09:00,538.4516733540602,555.6668110047996,538.4516733540602,544.1900634765625,44629,0.0,0.0
2011-05-19 00:00:00+09:00,544.1901910354273,549.9285497862408,528.8878355997082,542.2774047851562,125926,0.0,0.0
2011-05-20 00:00:00+09:00,535.582463483396,544.1900484291408,525.0620927886303,533.669677734375,183687,0.0,0.0
2011-05-23 00:00:00+09:00,529.8440650895195,533.6696692434612,516.4545323426385,526.0184936523438,237890,0.0,0.0
2011-05-24 00:00:00+09:00,511.6725189710199,530.8004743071964,511.6725189710199,526.0184936523438,170733,0.0,0.0
2011-05-25 00:00:00+09:00,526.0184936523438,535.582454962049,517.4109088435494,526.0184936523438,105836,0.0,0.0
2011-05-26 00:00:00+09:00,520.2801037798142,533.6696692434612,518.3673180612263,526.0184936523438,32978,0.0,0.0
2011-05-27 00:00:00+09:00,526.0186649693475,529.8442376524594,515.498291015625,515.498291015625,210080,0.0,0.0
2011-05-30 00:00:00+09:00,516.4547005447913,524.1058786277915,506.8907034034585,515.498291015625,51534,0.0,0.0
2011-05-31 00:00:00+09:00,519.3238636987369,519.3238636987369,506.8907034034585,515.498291015625,46362,0.0,0.0
2011-06-01 00:00:00+09:00,515.4982480659281,526.0186211431261,509.75985680258856,524.1058349609375,39288,0.0,0.0
2011-06-02 00:00:00+09:00,522.1928242117689,522.1928242117689,507.84688404079765,516.4544677734375,50474,0.0,0.0
2011-06-03 00:00:00+09:00,516.4545208533652,526.0184819503064,513.5853259809298,525.0620727539062,54552,0.0,0.0
2011-06-07 00:00:00+09:00,516.4544677734375,528.8876224649648,516.4544677734375,516.4544677734375,43691,0.0,0.0
2011-06-08 00:00:00+09:00,516.4545745046777,522.1929321289062,512.6289700384234,522.1929321289062,107931,0.0,0.0
2011-06-09 00:00:00+09:00,521.2365079907903,521.2365079907903,499.2393579296411,506.8905334472656,183476,0.0,0.0
2011-06-10 00:00:00+09:00,511.6726189158206,512.6290283203125,504.97785123469384,512.6290283203125,200100,0.0,0.0
2011-06-13 00:00:00+09:00,515.4982353537694,515.4982353537694,503.06507640098386,513.58544921875,11805,0.0,0.0
2011-06-14 00:00:00+09:00,513.58544921875,513.58544921875,507.84705809691883,513.58544921875,72453,0.0,0.0
2011-06-15 00:00:00+09:00,513.58544921875,513.58544921875,507.84705809691883,513.58544921875,97768,0.0,0.0
2011-06-16 00:00:00+09:00,513.5854499802455,513.5854499802455,502.1086677195664,504.0214538574219,46020,0.0,0.0
2011-06-17 00:00:00+09:00,504.0214767129291,506.8906724082062,499.23949479305867,505.9342956542969,97527,0.0,0.0
2011-06-20 00:00:00+09:00,501.15214362985586,508.8033191474804,501.15214362985586,506.8905334472656,69574,0.0,0.0
2011-06-21 00:00:00+09:00,506.8905433993675,508.8033291371372,502.1085626965602,503.0649719238281,50684,0.0,0.0
2011-06-22 00:00:00+09:00,503.06509995901973,506.8906724082062,498.2831180391493,505.9342956542969,81146,0.0,0.0
2011-06-23 00:00:00+09:00,505.9341601169388,505.9341601169388,494.45738041040494,500.1957702636719,90968,0.0,0.0
2011-06-24 00:00:00+09:00,500.19577695879053,503.0649719238282,494.45738702871523,503.0649719238281,63971,0.0,0.0
2011-06-27 00:00:00+09:00,494.4574647402744,500.19585557222564,487.7626972475122,497.32666015625,111225,0.0,0.0
2011-06-28 00:00:00+09:00,504.9778370265945,504.9778370265945,495.4138741178567,497.32666015625,21380,0.0,0.0
2011-06-29 00:00:00+09:00,497.32660418248554,502.1085850986458,491.5882139963862,495.413818359375,66276,0.0,0.0
2011-06-30 00:00:00+09:00,504.0214029845733,504.0214029845733,486.806264047919,490.6318359375,108967,0.0,0.0
2011-07-01 00:00:00+09:00,490.63191474384394,499.23950195312494,490.63191474384394,499.239501953125,26477,0.0,0.0
2011-07-04 00:00:00+09:00,500.1958324870337,505.934223054145,499.2394231535919,504.9778137207031,14092,0.0,0.0
2011-07-05 00:00:00+09:00,505.93428481054184,509.7598571777343,499.2394840927941,509.7598571777344,47034,0.0,0.0
2011-07-06 00:00:00+09:00,509.7597467628343,510.7161560058594,504.9777659812426,510.7161560058594,61017,0.0,0.0
2011-07-07 00:00:00+09:00,511.6726303669576,513.58544921875,502.10866697508766,513.58544921875,98726,0.0,0.0
2011-07-08 00:00:00+09:00,508.80333751980925,513.5853510181678,503.06498021195927,510.7161560058594,69679,0.0,0.0
2011-07-11 00:00:00+09:00,508.8034190126943,520.2802009001153,503.0650607857558,519.3237915039062,145374,0.0,0.0
2011-07-12 00:00:00+09:00,517.4110054282601,523.1493963719706,509.7598284089034,519.3237915039062,86146,0.0,0.0
2011-07-13 00:00:00+09:00,517.4108954699271,521.2364995249876,513.5853241316316,520.2800903320312,72908,0.0,0.0
2011-07-14 00:00:00+09:00,521.2366111027471,553.7541380229011,521.2366111027471,548.0157470703125,273465,0.0,0.0
2011-07-15 00:00:00+09:00,546.1029542134287,546.1029542134287,536.5389906493652,540.3645629882812,86293,0.0,0.0
2011-07-18 00:00:00+09:00,540.3644591559719,548.9720443397252,536.5388875521486,544.1900634765625,63445,0.0,0.0
2011-07-19 00:00:00+09:00,544.190018075627,558.5359594682554,544.190018075627,554.7103881835938,102338,0.0,0.0
2011-07-20 00:00:00+09:00,554.7105084114671,558.5360805252828,545.1465454101562,545.1465454101562,54407,0.0,0.0
2011-07-21 00:00:00+09:00,545.1465774870866,556.6233599373816,533.6697950367916,540.3645629882812,57255,0.0,0.0
2011-07-22 00:00:00+09:00,545.1465454101562,554.7105084114671,545.1465454101562,545.1465454101562,66355,0.0,0.0
2011-07-25 00:00:00+09:00,541.320972431397,553.7541643248078,533.6697950367916,540.3645629882812,104718,0.0,0.0
2011-07-26 00:00:00+09:00,539.4081346706265,543.2337066436484,528.8877626696609,531.7569580078125,38074,0.0,0.0
2011-07-27 00:00:00+09:00,541.3209088814851,541.3209088814851,530.800537109375,530.800537109375,83919,0.0,0.0
2011-07-28 00:00:00+09:00,528.8877626696609,532.7133346426828,521.2365860068469,531.7569580078125,42760,0.0,0.0
2011-07-29 00:00:00+09:00,531.75699608635,534.6261916299615,523.1494094555154,529.8441772460938,20764,0.0,0.0
2011-08-01 00:00:00+09:00,529.8440751834743,538.45166015625,521.2365229274651,538.45166015625,43413,0.0,0.0
2011-08-02 00:00:00+09:00,538.4517083667332,540.3644942930233,528.8877460185137,532.7133178710938,27026,0.0,0.0
2011-08-03 00:00:00+09:00,530.8005382998873,544.1901053777648,526.9749664015051,535.58251953125,38596,0.0,0.0
2011-08-04 00:00:00+09:00,535.582454962049,543.2336305531664,526.0184936523438,526.0184936523438,75044,0.0,0.0
2011-08-05 00:00:00+09:00,525.0620793912198,525.0620793912198,496.37016302093616,506.8905334472656,109303,0.0,0.0
2011-08-08 00:00:00+09:00,505.9341724501659,505.9341724501659,432.29157721049796,496.37017822265625,244676,0.0,0.0
2011-08-09 00:00:00+09:00,495.4138615323094,495.4138615323094,449.5067687596997,491.5882568359375,174776,0.0,0.0
2011-08-10 00:00:00+09:00,487.76262594969415,502.1085682158087,487.76262594969415,496.37017822265625,157989,0.0,0.0
2011-08-11 00:00:00+09:00,491.58818548377144,518.3673163211733,479.15502927953696,500.1957702636719,127644,0.0,0.0
2011-08-12 00:00:00+09:00,528.8878005427384,569.056505436527,511.67262728106925,529.8441772460938,658799,0.0,0.0
2011-08-16 00:00:00+09:00,526.9748818611198,563.3179726492295,517.4108882159362,554.7103881835938,352129,0.0,0.0
2011-08-17 00:00:00+09:00,554.7105727551941,582.4460883062436,549.9285579830764,573.8385009765625,235468,0.0,0.0
2011-08-18 00:00:00+09:00,574.7948143798849,588.1843480475447,555.6668250115383,570.9691772460938,113740,0.0,0.0
2011-08-19 00:00:00+09:00,563.3180058386799,563.3180058386799,531.7568936552688,538.45166015625,212734,0.0,0.0
2011-08-22 00:00:00+09:00,540.3643801270944,540.3643801270944,516.4544793081295,528.8876342773438,82825,0.0,0.0
2011-08-23 00:00:00+09:00,535.5826038340447,545.1466005189504,526.9750493494371,542.2774047851562,154710,0.0,0.0
2011-08-24 00:00:00+09:00,541.3209405795689,549.92849419404,533.6697636351657,545.1465454101562,108472,0.0,0.0
2011-08-25 00:00:00+09:00,554.7105533369571,564.2745171128445,538.451788744529,546.1029663085938,176977,0.0,0.0
2011-08-26 00:00:00+09:00,548.9720984425895,548.9720984425895,535.582531076091,536.5389404296875,56567,0.0,0.0
2011-08-29 00:00:00+09:00,530.8005486561718,539.4081346706265,529.8441393045312,531.7569580078125,223697,0.0,0.0
2011-08-30 00:00:00+09:00,541.3209100955933,541.3209100955933,531.7569476328678,535.58251953125,91051,0.0,0.0
2011-08-31 00:00:00+09:00,528.8877637512269,540.3645124105325,528.8877637512269,536.5389404296875,81816,0.0,0.0
2011-09-01 00:00:00+09:00,533.669681056713,545.1464610558207,533.669681056713,543.233642578125,114913,0.0,0.0
2011-09-02 00:00:00+09:00,539.4081164133723,539.4081164133723,525.0621402081803,527.9313354492188,46853,0.0,0.0
2011-09-05 00:00:00+09:00,521.236572265625,530.8005346628178,506.8905959530664,521.236572265625,181773,0.0,0.0
2011-09-06 00:00:00+09:00,511.6726433613306,511.6726433613306,497.32669790919783,509.7598571777344,75560,0.0,0.0
2011-09-07 00:00:00+09:00,515.4981199998906,516.4545292117695,500.1957689104222,511.6725158691406,35175,0.0,0.0
2011-09-08 00:00:00+09:00,511.6726616664587,511.6726616664587,494.45751996467163,499.239501953125,151507,0.0,0.0
2011-09-09 00:00:00+09:00,506.89063732690545,512.6290283203125,499.23946024128674,512.6290283203125,66060,0.0,0.0
2011-09-14 00:00:00+09:00,506.8906796780053,511.6726616664587,497.32671570109864,499.239501953125,38166,0.0,0.0
2011-09-15 00:00:00+09:00,497.32658746043717,514.541724723128,487.76262594969415,496.37017822265625,83281,0.0,0.0
2011-09-16 00:00:00+09:00,497.32657222942635,511.6725140561853,494.45737732072143,506.8905334472656,122532,0.0,0.0
2011-09-19 00:00:00+09:00,506.89062306498784,511.6726045193567,495.4138741178567,497.32666015625,40966,0.0,0.0
2011-09-20 00:00:00+09:00,494.4573639982006,504.0213249583513,488.71897433540437,501.1521301269531,57411,0.0,0.0
2011-09-21 00:00:00+09:00,491.58820744203143,500.1957926064154,487.7626358468167,492.54461669921875,60410,0.0,0.0
2011-09-22 00:00:00+09:00,497.32663581942154,497.32663581942154,482.98065944156815,490.6318359375,22467,0.0,0.0
2011-09-23 00:00:00+09:00,484.8934366144415,494.4573982368476,455.2451097815088,473.4166564941406,82681,0.0,0.0
2011-09-26 00:00:00+09:00,473.41668246943146,481.0678587305123,449.50674438476557,449.5067443847656,73566,0.0,0.0
2011-09-27 00:00:00+09:00,462.89633295308664,477.2423095703125,454.2887469827511,477.2423095703125,71262,0.0,0.0
2011-09-28 00:00:00+09:00,466.72195711183946,481.0679016113281,466.72195711183946,481.0679016113281,14516,0.0,0.0
2011-09-29 00:00:00+09:00,481.0677983415205,481.0677983415205,468.6346425676085,480.11138916015625,23544,0.0,0.0
2011-09-30 00:00:00+09:00,469.5910455985129,480.1114163216329,459.0707075921594,470.5474548339844,64191,0.0,0.0
2011-10-04 00:00:00+09:00,469.5910798490361,469.5910798490361,455.24513657121446,463.85272216796875,59456,0.0,0.0
2011-10-05 00:00:00+09:00,466.7219173668869,471.50389845949405,450.4631554786073,463.85272216796875,41300,0.0,0.0
2011-10-06 00:00:00+09:00,466.72193001139493,477.2423017868579,460.02713012695307,460.0271301269531,140925,0.0,0.0
2011-10-07 00:00:00+09:00,468.6347342680176,472.46030630851664,449.50677591520946,454.28875732421875,59941,0.0,0.0
2011-10-10 00:00:00+09:00,454.2887705730621,464.80914306640625,451.4195751006253,464.80914306640625,13280,0.0,0.0
2011-10-11 00:00:00+09:00,468.6346425676085,484.8934023502128,468.6346425676085,480.11138916015625,72465,0.0,0.0
2011-10-12 00:00:00+09:00,478.1986935557382,487.7626890199217,478.1986935557382,484.89349365234375,6405,0.0,0.0
2011-10-13 00:00:00+09:00,482.98059299804356,511.67250908984056,482.98059299804356,508.8033142089844,85612,0.0,0.0
2011-10-14 00:00:00+09:00,503.0650891767605,510.7162666279194,499.2394840927941,509.7598571777344,32279,0.0,0.0
2011-10-17 00:00:00+09:00,511.6726433613306,514.5418389951119,502.1086797265754,509.7598571777344,36057,0.0,0.0
2011-10-18 00:00:00+09:00,498.28314850806845,515.498291015625,497.3267389789022,515.498291015625,104370,0.0,0.0
2011-10-19 00:00:00+09:00,516.4545323426385,534.626078461138,516.4545323426385,526.0184936523438,107160,0.0,0.0
2011-10-20 00:00:00+09:00,526.0186211431261,538.4517804025128,521.2366393292677,524.1058349609375,157327,0.0,0.0
2011-10-21 00:00:00+09:00,534.6261429150394,536.5389288642305,524.1057711193336,535.58251953125,107099,0.0,0.0
2011-10-24 00:00:00+09:00,531.7569101332977,538.4516768417355,529.8440916022289,537.4953002929688,90294,0.0,0.0
2011-10-25 00:00:00+09:00,536.5389404296875,537.495349783284,532.7133357320719,536.5389404296875,61324,0.0,0.0
2011-10-26 00:00:00+09:00,540.3644591559719,555.6668110047996,531.7569066889857,544.1900634765625,382363,0.0,0.0
2011-10-27 00:00:00+09:00,547.0592468167498,547.0592468167498,535.5824668176421,543.233642578125,40821,0.0,0.0
2011-10-28 00:00:00+09:00,545.1465147107452,547.0593006599364,535.58251953125,535.58251953125,101406,0.0,0.0
2011-10-31 00:00:00+09:00,530.8004844193715,541.3208551471753,530.8004844193715,538.45166015625,57612,0.0,0.0
2011-11-01 00:00:00+09:00,537.4953632631373,547.059326171875,534.6261678471616,547.059326171875,74642,0.0,0.0
2011-11-02 00:00:00+09:00,546.1029542134287,546.1029542134287,532.7133855936758,540.3645629882812,88716,0.0,0.0
2011-11-03 00:00:00+09:00,548.9721038115983,548.9721038115983,534.6261596679688,534.6261596679688,120419,0.0,0.0
2011-11-04 00:00:00+09:00,544.190061904032,544.190061904032,533.6696909487673,539.4080810546875,101154,0.0,0.0
2011-11-07 00:00:00+09:00,535.5824817619,542.2772811871055,530.8005008677633,537.4953002929688,93774,0.0,0.0
2011-11-08 00:00:00+09:00,535.58251953125,540.3645007626127,528.8877523506962,535.58251953125,79570,0.0,0.0
2011-11-09 00:00:00+09:00,539.4081164133723,540.3644930158722,526.9749588467188,527.9313354492188,95739,0.0,0.0
2011-11-10 00:00:00+09:00,527.931339400306,527.931339400306,517.4109676766861,521.236572265625,74880,0.0,0.0
2011-11-11 00:00:00+09:00,518.3672648302942,534.6260235606003,518.3672648302942,528.8876342773438,68248,0.0,0.0
2011-11-14 00:00:00+09:00,527.9313430177157,537.495338197211,527.9313430177157,535.58251953125,82278,0.0,0.0
2011-11-15 00:00:00+09:00,535.582478292809,545.146472735902,533.6696924908974,544.1900634765625,116703,0.0,0.0
2011-11-16 00:00:00+09:00,547.0593006599364,548.0157099929169,535.58251953125,535.58251953125,31850,0.0,0.0
2011-11-17 00:00:00+09:00,535.5825363141482,544.1901224303884,527.9313595608584,534.6261596679688,142147,0.0,0.0
2011-11-18 00:00:00+09:00,533.6697822098333,533.6697822098333,521.236623332032,529.8441772460938,121339,0.0,0.0
2011-11-21 00:00:00+09:00,530.8005549329384,535.5825363141482,529.8441455699881,534.6261596679688,43390,0.0,0.0
2011-11-22 00:00:00+09:00,530.8005549329384,538.4517316862283,455.2451640462187,534.6261596679688,227336,0.0,0.0
2011-11-23 00:00:00+09:00,526.0186176421861,541.320972431397,522.1930125864966,540.3645629882812,80191,0.0,0.0
2011-11-24 00:00:00+09:00,531.7570313335025,542.2774047851562,531.7570313335025,542.2774047851562,38095,0.0,0.0
2011-11-25 00:00:00+09:00,542.2773364212587,542.2773364212587,531.7569642958887,534.6261596679688,58323,0.0,0.0
2011-11-28 00:00:00+09:00,531.7569476328678,535.58251953125,530.8005382998873,535.58251953125,68696,0.0,0.0
2011-11-29 00:00:00+09:00,527.9313057879277,537.4953002929688,527.9313057879277,537.4953002929688,71717,0.0,0.0
2011-11-30 00:00:00+09:00,539.4080861072699,539.4080861072699,530.8005008677633,537.4953002929688,57547,0.0,0.0
2011-12-01 00:00:00+09:00,538.4517264201099,538.4517264201099,529.8441403880529,536.5389404296875,85932,0.0,0.0
2011-12-02 00:00:00+09:00,536.5388727162899,536.5388727162899,530.8004827524601,533.669677734375,95246,0.0,0.0
2011-12-05 00:00:00+09:00,526.0184255216737,533.6696001217999,521.2364454861902,523.1492309570312,87221,0.0,0.0
2011-12-06 00:00:00+09:00,525.0620727539062,525.0620727539062,514.5417024605648,525.0620727539062,83089,0.0,0.0
2011-12-07 00:00:00+09:00,532.7133346426828,532.7133346426828,516.4546046821845,531.7569580078125,81172,0.0,0.0
2011-12-08 00:00:00+09:00,523.1493555228742,536.5389224404432,523.1493555228742,532.7133178710938,90057,0.0,0.0
2011-12-09 00:00:00+09:00,526.018550770694,536.5389224404432,526.018550770694,532.7133178710938,68962,0.0,0.0
2011-12-12 00:00:00+09:00,532.7132053216731,536.538809082765,526.9748487551791,528.8876342773438,37474,0.0,0.0
2011-12-13 00:00:00+09:00,526.0184396357155,533.6696144411367,517.4108557108306,528.8876342773438,52099,0.0,0.0
2011-12-14 00:00:00+09:00,523.1493582017097,523.1493582017097,517.4109676766861,521.236572265625,33347,0.0,0.0
2011-12-15 00:00:00+09:00,516.4545273818707,526.9748978082001,503.0649620468362,506.8905334472656,37745,0.0,0.0
2011-12-16 00:00:00+09:00,507.84705809691883,515.4982353537694,505.93427196189947,513.58544921875,23336,0.0,0.0
2011-12-19 00:00:00+09:00,507.84702602930133,525.0621655909848,493.50104913058925,494.45745849609375,83227,0.0,0.0
2011-12-20 00:00:00+09:00,497.32666015625,500.19585557222564,480.11148766039634,497.32666015625,101453,0.0,0.0
2011-12-21 00:00:00+09:00,495.4137962559832,506.8905433993675,495.4137962559832,503.0649719238281,32580,0.0,0.0
2011-12-22 00:00:00+09:00,505.93423355136883,508.80339617768453,491.5882568359375,491.5882568359375,38336,0.0,0.0
2011-12-23 00:00:00+09:00,505.9341894616346,505.9341894616346,495.413818359375,495.413818359375,9636,0.0,0.0
2011-12-26 00:00:00+09:00,495.4139294490723,505.9343029103797,492.54473371264527,499.239501953125,27931,0.0,0.0
2011-12-27 00:00:00+09:00,514.541724723128,514.541724723128,489.67541170848943,496.37017822265625,37224,0.0,0.0
2011-12-28 00:00:00+09:00,503.0648990790124,503.0648990790124,489.6753354199281,502.1084899902344,9728,0.0,0.0
2011-12-29 00:00:00+09:00,494.4574469408098,500.1958375661906,489.6754656585825,493.50103759765625,7355,0.0,0.0
2012-01-02 00:00:00+09:00,499.2393900055961,499.2393900055961,485.84982381028675,495.413818359375,15788,0.0,0.0
2012-01-03 00:00:00+09:00,487.76262594969415,498.28299669821814,487.76262594969415,496.37017822265625,3292,0.0,0.0
2012-01-04 00:00:00+09:00,497.32671570109864,499.23950195312494,490.63191474384394,499.239501953125,36955,0.0,0.0
2012-01-05 00:00:00+09:00,487.76262594969415,498.28299669821814,487.76262594969415,496.37017822265625,18603,0.0,0.0
2012-01-06 00:00:00+09:00,497.32663581942154,497.32663581942154,482.98065944156815,490.6318359375,33774,0.0,0.0
2012-01-09 00:00:00+09:00,492.5446661892231,493.5010428257382,482.98067080667875,491.5882568359375,18313,0.0,0.0
2012-01-10 00:00:00+09:00,482.98066569004817,494.4574469408098,482.98066569004817,493.50103759765625,18297,0.0,0.0
2012-01-11 00:00:00+09:00,492.54467248185574,495.4138678615982,487.7626910878754,494.45745849609375,27869,0.0,0.0
2012-01-12 00:00:00+09:00,497.32658746043717,497.32658746043717,487.76262594969415,496.37017822265625,16482,0.0,0.0
2012-01-13 00:00:00+09:00,497.32658746043717,498.28299669821814,492.5446067050657,496.37017822265625,19576,0.0,0.0
2012-01-16 00:00:00+09:00,491.58812088072256,503.0648990790124,491.58812088072256,502.1084899902344,36770,0.0,0.0
2012-01-17 00:00:00+09:00,505.93428481054184,509.7598571777343,492.54471609182025,509.7598571777344,60919,0.0,0.0
2012-01-18 00:00:00+09:00,514.5418814864588,515.498291015625,494.45754310818006,515.498291015625,58797,0.0,0.0
2012-01-19 00:00:00+09:00,516.4546455029268,518.367431640625,511.67263108352194,518.367431640625,65531,0.0,0.0
2012-01-20 00:00:00+09:00,520.2802298797866,528.887816774796,511.6726429847771,524.1058349609375,109086,0.0,0.0
2012-01-25 00:00:00+09:00,526.0185673315094,531.7569580078125,512.6289999923922,531.7569580078125,85196,0.0,0.0
2012-01-26 00:00:00+09:00,528.8876768227418,530.800462498777,519.3236830090354,525.0620727539062,59043,0.0,0.0
2012-01-27 00:00:00+09:00,531.756828918972,531.756828918972,521.2364594719224,528.8876342773438,69889,0.0,0.0
2012-01-30 00:00:00+09:00,525.0620727539062,526.0184819503064,514.5417024605648,525.0620727539062,79930,0.0,0.0
2012-01-31 00:00:00+09:00,516.4547005447913,518.3674868863471,508.8034897450144,515.498291015625,17599,0.0,0.0
2012-02-01 00:00:00+09:00,521.236572265625,521.236572265625,510.71620054200525,521.236572265625,45412,0.0,0.0
2012-02-02 00:00:00+09:00,526.0184800562395,526.0184800562395,516.4545189937357,520.2800903320312,32236,0.0,0.0
2012-02-03 00:00:00+09:00,521.2364995249876,521.2364995249876,516.4545189937357,520.2800903320312,36363,0.0,0.0
2012-02-06 00:00:00+09:00,525.0620727539062,526.0184819503064,517.4108973330002,525.0620727539062,38876,0.0,0.0
2012-02-07 00:00:00+09:00,521.2366393292677,526.9750305926074,521.2366393292677,524.1058349609375,21595,0.0,0.0
2012-02-08 00:00:00+09:00,516.4546455029268,524.1058227704924,516.4546455029268,518.367431640625,20325,0.0,0.0
2012-02-09 00:00:00+09:00,516.4545745046777,525.0621272994048,516.4545745046777,522.1929321289062,44553,0.0,0.0
2012-02-10 00:00:00+09:00,526.0184800562395,526.0184800562395,519.3236811390748,520.2800903320312,60419,0.0,0.0
2012-02-13 00:00:00+09:00,526.0185534642214,526.0185534642214,516.4545910670287,521.236572265625,48862,0.0,0.0
2012-02-14 00:00:00+09:00,525.0621272994048,525.0621272994048,517.4109510836648,522.1929321289062,33533,0.0,0.0
2012-02-15 00:00:00+09:00,523.1493334267783,523.1493334267783,514.541748046875,514.541748046875,45361,0.0,0.0
2012-02-16 00:00:00+09:00,513.5854377248045,521.2366148104231,511.6726189158206,512.6290283203125,22525,0.0,0.0
2012-02-17 00:00:00+09:00,518.367431640625,521.2366272055588,512.6290405107576,518.367431640625,90389,0.0,0.0
2012-02-20 00:00:00+09:00,523.1494017448325,523.1494017448325,516.4546340529282,517.4110107421875,47319,0.0,0.0
2012-02-21 00:00:00+09:00,521.2366827570694,521.2366827570694,515.498291015625,515.498291015625,41066,0.0,0.0
2012-02-22 00:00:00+09:00,516.4545910670287,522.1929488752826,514.5417724141745,521.236572265625,41617,0.0,0.0
2012-02-23 00:00:00+09:00,517.4109712220098,543.2336960447843,517.4109712220098,535.58251953125,141599,0.0,0.0
2012-02-24 00:00:00+09:00,541.3209953016332,545.1466005189504,533.6698175837736,542.2774047851562,150609,0.0,0.0
2012-02-27 00:00:00+09:00,550.8848903357011,587.2279859685971,538.4517002112086,560.4488525390625,199731,0.0,0.0
2012-02-28 00:00:00+09:00,560.4487638648744,564.2743350542296,540.3644006120865,548.9719848632812,108278,0.0,0.0
2012-02-29 00:00:00+09:00,549.9283613022382,549.9283613022382,538.4516150174088,548.9719848632812,42844,0.0,0.0
2012-03-02 00:00:00+09:00,553.7540579196553,553.7540579196553,541.3208684153113,544.1900634765625,27131,0.0,0.0
2012-03-05 00:00:00+09:00,544.1901360233164,551.8413129677195,540.364531192729,545.1465454101562,64247,0.0,0.0
2012-03-06 00:00:00+09:00,554.7103743640779,554.7103743640779,542.2772189235278,548.9719848632812,25203,0.0,0.0
2012-03-07 00:00:00+09:00,551.841346722714,551.841346722714,540.3645642457125,549.9285278320312,31139,0.0,0.0
2012-03-08 00:00:00+09:00,554.7104810094664,578.6204200483945,549.9284670282648,569.0564575195312,161613,0.0,0.0
2012-03-09 00:00:00+09:00,576.7076013692058,576.7076013692058,557.5796763114794,569.0564575195312,31758,0.0,0.0
2012-03-12 00:00:00+09:00,564.2744435383296,570.9692107651798,547.0593044430218,569.0564575195312,53688,0.0,0.0
2012-03-13 00:00:00+09:00,569.056399849158,569.056399849158,556.623243278306,562.3616333007812,11451,0.0,0.0
2012-03-14 00:00:00+09:00,562.3615932585202,571.9255541371446,559.4923984515799,561.4051513671875,58453,0.0,0.0
2012-03-15 00:00:00+09:00,570.9691191803371,570.9691191803371,562.3616000885054,564.2743530273438,46398,0.0,0.0
2012-03-16 00:00:00+09:00,569.0563692720182,569.0563692720182,554.7103949866829,557.57958984375,40801,0.0,0.0
2012-03-19 00:00:00+09:00,571.9256910587249,571.9256910587249,557.5797135895324,567.1436767578125,23316,0.0,0.0
2012-03-20 00:00:00+09:00,568.0999961283363,571.9256333565113,555.6668387206129,560.4488525390625,53135,0.0,0.0
2012-03-21 00:00:00+09:00,563.3180669155054,569.0564575195312,556.6232996886552,569.0564575195312,57426,0.0,0.0
2012-03-22 00:00:00+09:00,570.969164060412,570.969164060412,559.4924492246853,565.2307739257812,49955,0.0,0.0
2012-03-23 00:00:00+09:00,565.2308412122225,571.9256741219506,564.2744645537796,568.1000366210938,6620,0.0,0.0
2012-03-26 00:00:00+09:00,572.8820677454895,572.8820677454895,559.4925323966062,567.1436767578125,62249,0.0,0.0
2012-03-27 00:00:00+09:00,571.9256528215443,571.9256528215443,561.4052482363167,569.0564575195312,7783,0.0,0.0
2012-03-28 00:00:00+09:00,572.8820270740828,572.8820270740828,559.4924926757812,559.4924926757812,52213,0.0,0.0
2012-03-29 00:00:00+09:00,600.5561016540331,600.5561016540331,582.0774329224027,594.3965454101562,28910,71.36874,0.0
2012-03-30 00:00:00+09:00,598.5029106545765,602.6092581941423,588.2370066876638,599.5294799804688,62884,0.0,0.0
2012-04-02 00:00:00+09:00,599.5294799804688,605.6890364078157,593.3699235531218,599.5294799804688,20843,0.0,0.0
2012-04-03 00:00:00+09:00,605.6889848529951,605.6889848529951,591.3167345698487,593.369873046875,142500,0.0,0.0
2012-04-04 00:00:00+09:00,595.4231869580788,597.4763960338524,574.8913420263514,588.237060546875,70292,0.0,0.0
2012-04-05 00:00:00+09:00,597.4764132042166,597.4764132042166,578.9977416992188,578.9977416992188,16014,0.0,0.0
2012-04-06 00:00:00+09:00,593.3699093454587,593.3699093454587,580.0242274844219,587.2103881835938,18749,0.0,0.0
2012-04-09 00:00:00+09:00,586.1837760150729,586.1837760150729,559.4924126458527,560.5189819335938,31646,0.0,0.0
2012-04-10 00:00:00+09:00,574.8912126251296,585.1571503392527,560.5189279197522,561.5455322265625,13201,0.0,0.0
2012-04-12 00:00:00+09:00,566.6785751540087,566.6785751540087,552.3062881246971,554.3594970703125,27413,0.0,0.0
2012-04-13 00:00:00+09:00,572.838119187994,572.838119187994,554.3594849088323,556.4126586914062,27024,0.0,0.0
2012-04-16 00:00:00+09:00,556.4126345466354,563.598760032811,556.4126345466354,560.5189819335938,18573,0.0,0.0
2012-04-17 00:00:00+09:00,563.5988394475788,563.5988394475788,553.3329344156526,555.3861083984375,21573,0.0,0.0
2012-04-18 00:00:00+09:00,554.3594970703125,561.5456230259687,550.2531142970809,554.3594970703125,82628,0.0,0.0
2012-04-19 00:00:00+09:00,551.2798085685071,558.4659356947201,551.2798085685071,557.4393310546875,10569,0.0,0.0
2012-04-20 00:00:00+09:00,561.545678009961,561.545678009961,548.1999941467084,553.3329467773438,28272,0.0,0.0
2012-04-23 00:00:00+09:00,558.4658324739801,558.4658324739801,535.8808155116722,556.4126586914062,22123,0.0,0.0
2012-04-24 00:00:00+09:00,541.0138323694167,555.3861208059974,541.0138323694167,553.3329467773438,15871,0.0,0.0
2012-04-25 00:00:00+09:00,543.0669042802241,553.3328069472475,533.8275708091068,536.9073486328125,50719,0.0,0.0
2012-04-26 00:00:00+09:00,536.907489827772,553.3329524617454,536.907489827772,550.253173828125,36336,0.0,0.0
2012-04-27 00:00:00+09:00,550.253173828125,550.253173828125,537.9340592936434,550.253173828125,7734,0.0,0.0
2012-04-30 00:00:00+09:00,550.253173828125,550.253173828125,536.907489827772,550.253173828125,16360,0.0,0.0
2012-05-02 00:00:00+09:00,536.9073590787741,552.3062133789062,536.9073590787741,552.3062133789062,8350,0.0,0.0
2012-05-03 00:00:00+09:00,554.3594780861976,589.2635724323741,554.3594780861976,581.0508422851562,94972,0.0,0.0
2012-05-04 00:00:00+09:00,585.1572684945228,588.2370469188309,574.8913287074956,586.183837890625,59308,0.0,0.0
2012-05-07 00:00:00+09:00,585.1572808052322,589.263628712033,574.8913408022272,584.1306762695312,24634,0.0,0.0
2012-05-08 00:00:00+09:00,574.8912137544581,585.1571514887479,564.6253111381621,583.1039428710938,13116,0.0,0.0
2012-05-09 00:00:00+09:00,583.1039769466865,604.6624228659379,570.7849001108244,572.8380737304688,106902,0.0,0.0
2012-05-10 00:00:00+09:00,571.8115425267083,580.0242731741259,555.3860812318729,570.7849731445312,26646,0.0,0.0
2012-05-11 00:00:00+09:00,570.7849001108244,572.8380737304688,555.386010168502,572.8380737304688,10903,0.0,0.0
2012-05-14 00:00:00+09:00,572.8381137783211,583.1040177122416,555.386048996258,559.492431640625,17699,0.0,0.0
2012-05-15 00:00:00+09:00,556.412585763874,568.7316619626868,549.2264257897388,558.4657592773438,20534,0.0,0.0
2012-05-16 00:00:00+09:00,566.678562722274,566.678562722274,552.3062760082599,556.4126586914062,5810,0.0,0.0
2012-05-17 00:00:00+09:00,573.864792417888,573.864792417888,553.3329467773438,553.3329467773438,14665,0.0,0.0
2012-05-18 00:00:00+09:00,550.2531395570077,571.8115535316364,544.0935826733992,564.6254272460938,33923,0.0,0.0
2012-05-21 00:00:00+09:00,564.6254566119427,564.6254566119427,538.9606583407631,553.3329467773438,17661,0.0,0.0
2012-05-22 00:00:00+09:00,549.2264354952808,553.3328177127795,539.9871369623994,552.3062133789062,7891,0.0,0.0
2012-05-23 00:00:00+09:00,539.9872018221969,554.3594886327571,533.8276453150999,549.2265014648438,75132,0.0,0.0
2012-05-24 00:00:00+09:00,539.9871145451607,554.3593990327573,537.9339059626518,538.9605102539062,21278,0.0,0.0
2012-05-25 00:00:00+09:00,551.2798094155837,551.2798094155837,535.8809153814589,543.0670776367188,50145,0.0,0.0
2012-05-29 00:00:00+09:00,554.3594886327571,554.3594886327571,535.8808191114659,549.2265014648438,15284,0.0,0.0
2012-05-30 00:00:00+09:00,549.2265692442505,550.253173828125,536.907489827772,550.253173828125,12357,0.0,0.0
2012-05-31 00:00:00+09:00,536.9074044731734,551.2796907725735,533.8276263291592,539.9871826171875,19639,0.0,0.0
2012-06-01 00:00:00+09:00,533.8276872808982,599.5295348736232,533.8276872808982,588.237060546875,641622,0.0,0.0
2012-06-04 00:00:00+09:00,665.2313500945575,675.4972534179686,659.0717940533123,675.4972534179688,644101,0.0,0.0
2012-06-05 00:00:00+09:00,776.103266409142,776.103266409142,682.6834209818197,727.8534545898438,4708518,0.0,0.0
2012-06-07 00:00:00+09:00,729.9066496280491,738.1193445449692,678.5770605713147,725.8002319335938,1307153,0.0,0.0
2012-06-08 00:00:00+09:00,727.8534343454206,731.959781767574,677.5504150390626,677.5504150390625,859088,0.0,0.0
2012-06-11 00:00:00+09:00,653.9388963184795,759.677862443352,632.380447238573,682.6834716796875,3171072,0.0,0.0
2012-06-12 00:00:00+09:00,675.4973010136184,687.8164139641156,642.6463799696244,647.779296875,959240,0.0,0.0
2012-06-13 00:00:00+09:00,661.1249240788615,662.1515635632015,619.0346718286731,627.2474365234375,691494,0.0,0.0
2012-06-14 00:00:00+09:00,627.2474315162041,646.7526684950716,622.1144448434533,630.3272094726562,339044,0.0,0.0
2012-06-15 00:00:00+09:00,624.1678274465106,634.4337334159975,618.0082698176165,625.1943969726562,144137,0.0,0.0
2012-06-18 00:00:00+09:00,641.6197227630347,687.8163950575537,640.5931534573772,642.6463623046875,796580,0.0,0.0
2012-06-19 00:00:00+09:00,645.7261510162306,672.4175152877323,627.2474817962694,636.48681640625,819253,0.0,0.0
2012-06-20 00:00:00+09:00,646.7527997259906,648.8059386228954,626.2209191049083,641.6198120117188,338808,0.0,0.0
2012-06-21 00:00:00+09:00,631.3538753697036,709.3748352297644,631.3538753697036,674.470703125,1829642,0.0,0.0
2012-06-22 00:00:00+09:00,674.4707057610559,698.0823638796207,664.2048010397676,682.6834716796875,899618,0.0,0.0
2012-06-25 00:00:00+09:00,682.6833562644133,691.9226900223603,657.0185636821127,662.1515502929688,495550,0.0,0.0
2012-06-26 00:00:00+09:00,651.8856371868878,661.1249717968684,636.48681640625,636.48681640625,306499,0.0,0.0
2012-06-27 00:00:00+09:00,637.5133008201411,644.699425592139,628.2739674407206,640.5930786132812,184598,0.0,0.0
2012-06-28 00:00:00+09:00,645.7260688331684,664.204665465319,636.4867353990993,654.96533203125,432608,0.0,0.0
2012-06-29 00:00:00+09:00,654.965403462449,655.9920430021924,636.4868048150034,648.8058471679688,146500,0.0,0.0
2012-07-02 00:00:00+09:00,650.859073263317,655.9920603901053,631.3538345591166,633.4070434570312,330121,0.0,0.0
2012-07-03 00:00:00+09:00,634.4336303538172,687.8164310536588,619.0347387830936,638.5399780273438,809894,0.0,0.0
2012-07-04 00:00:00+09:00,642.6465142904516,679.6037906304595,631.3539683135526,649.8326416015625,1245576,0.0,0.0
2012-07-05 00:00:00+09:00,649.8324879162809,655.9920442222168,638.5399446100669,642.6463623046875,271495,0.0,0.0
2012-07-06 00:00:00+09:00,643.6729545834847,650.859080451556,635.4601891371192,644.6995239257812,301369,0.0,0.0
2012-07-09 00:00:00+09:00,648.8058217804154,675.4972547574013,638.539918436648,664.2047119140625,703753,0.0,0.0
2012-07-10 00:00:00+09:00,672.4175669583993,708.348268600909,668.3111488810827,682.6834716796875,1711285,0.0,0.0
2012-07-11 00:00:00+09:00,693.975851305712,723.7470622503945,672.4174753973462,675.4972534179688,1069123,0.0,0.0
2012-07-12 00:00:00+09:00,676.5239147997142,684.7366807183458,663.1782316384393,682.6834716796875,251460,0.0,0.0
2012-07-13 00:00:00+09:00,687.8164672851562,695.0025936513648,647.7793470922755,687.8164672851562,402468,0.0,0.0
2012-07-16 00:00:00+09:00,686.789763389288,698.0823068249604,679.6036376953125,679.6036376953125,342847,0.0,0.0
2012-07-17 00:00:00+09:00,682.6834019937502,690.8960968380569,667.284511365682,677.5504150390625,262397,0.0,0.0
2012-07-18 00:00:00+09:00,677.5504787760326,692.94937085267,667.2845741369414,685.7632446289062,272173,0.0,0.0
2012-07-19 00:00:00+09:00,692.9494341533969,713.4812453071543,687.8165164829613,708.3483276367188,587035,0.0,0.0
2012-07-20 00:00:00+09:00,720.6674146876029,720.6674146876029,673.4441665681968,689.86962890625,389523,0.0,0.0
2012-07-23 00:00:00+09:00,673.4441834241372,686.7898675180904,643.6730365810105,666.258056640625,296947,0.0,0.0
2012-07-24 00:00:00+09:00,657.0185455512391,667.2844482536667,637.5133093458301,651.8855590820312,114674,0.0,0.0
2012-07-25 00:00:00+09:00,641.6196563796035,651.8855590820312,638.5398785452765,651.8855590820312,88452,0.0,0.0
2012-07-26 00:00:00+09:00,641.6198253882359,659.0719277917982,641.6198253882359,658.0452880859375,97873,0.0,0.0
2012-07-27 00:00:00+09:00,652.9122165350218,665.2313282122844,649.8324386157061,662.1515502929688,83610,0.0,0.0
2012-07-30 00:00:00+09:00,661.1249527992101,665.2313704429774,655.9920360984923,663.1781616210938,25927,0.0,0.0
2012-07-31 00:00:00+09:00,665.2313704429774,671.3908564366398,651.8856184547251,663.1781616210938,68968,0.0,0.0
2012-08-01 00:00:00+09:00,664.2046887485193,668.3110358956102,647.7792299241657,662.1515502929688,95752,0.0,0.0
2012-08-02 00:00:00+09:00,662.1515502929688,668.3110358956102,655.9919944543374,662.1515502929688,72937,0.0,0.0
2012-08-03 00:00:00+09:00,659.071758430661,660.0983276367188,652.9122027223382,660.0983276367188,37019,0.0,0.0
2012-08-06 00:00:00+09:00,652.9121936476706,675.4972075189547,651.8855542198936,654.96533203125,66298,0.0,0.0
2012-08-07 00:00:00+09:00,657.0186829629321,677.5504926618978,657.0186829629321,668.3111572265625,83595,0.0,0.0
2012-08-08 00:00:00+09:00,668.3111572265625,676.5239232477503,662.1516705056748,668.3111572265625,25594,0.0,0.0
2012-08-09 00:00:00+09:00,671.3909437431519,676.5239313473487,666.2580263749585,673.4441528320312,184387,0.0,0.0
2012-08-10 00:00:00+09:00,672.4175669583993,683.7100410810159,669.3377885184127,682.6834716796875,130044,0.0,0.0
2012-08-13 00:00:00+09:00,682.6833254538659,705.2683390975545,682.6833254538659,698.0822143554688,252055,0.0,0.0
2012-08-14 00:00:00+09:00,706.2950178850468,706.2950178850468,677.5504442200046,696.0291137695312,128434,0.0,0.0
2012-08-16 00:00:00+09:00,687.8164427837868,697.0557076477899,678.5771076837837,691.9227905273438,162582,0.0,0.0
2012-08-17 00:00:00+09:00,691.9228799799895,699.1090070192455,682.6835436855135,690.896240234375,38651,0.0,0.0
2012-08-20 00:00:00+09:00,690.8961646620653,691.9228042953829,674.470703125,674.470703125,159658,0.0,0.0
2012-08-21 00:00:00+09:00,687.8164900114965,692.9494074843853,675.4973756989554,689.86962890625,86753,0.0,0.0
2012-08-22 00:00:00+09:00,698.0824375096402,698.0824375096402,681.6569741759082,690.896240234375,56348,0.0,0.0
2012-08-23 00:00:00+09:00,695.0026166151438,695.0026166151438,679.6037237244674,689.86962890625,49783,0.0,0.0
2012-08-24 00:00:00+09:00,692.9494015211123,692.9494015211123,676.5239393244108,678.5771484375,70458,0.0,0.0
2012-08-27 00:00:00+09:00,685.7631671330909,685.7631671330909,668.3110680064384,669.3377075195312,28673,0.0,0.0
2012-08-28 00:00:00+09:00,679.6036700082483,679.6036700082483,659.0718612675275,661.125,95893,0.0,0.0
2012-08-29 00:00:00+09:00,665.2314850829372,674.4707507836391,653.9389399705137,658.0452880859375,128709,0.0,0.0
2012-08-30 00:00:00+09:00,659.0718612675275,665.2314179369436,657.0186522990557,661.125,44453,0.0,0.0
2012-08-31 00:00:00+09:00,660.0984803566361,670.3643855002906,653.9389232232425,667.2846069335938,92800,0.0,0.0
2012-09-03 00:00:00+09:00,667.2846036695153,680.6302873145851,660.0984771277091,678.5771484375,85982,0.0,0.0
2012-09-04 00:00:00+09:00,678.5770683778863,691.9227504484111,677.5504288244641,679.6036376953125,125044,0.0,0.0
2012-09-05 00:00:00+09:00,682.6834127407146,702.1886510979923,672.4175089057258,697.0556640625,176962,0.0,0.0
2012-09-06 00:00:00+09:00,697.0556571013727,747.3586766972631,697.0556571013727,711.427978515625,687337,0.0,0.0
2012-09-07 00:00:00+09:00,713.4811242456815,713.4811242456815,685.7631909148109,697.0556640625,158634,0.0,0.0
2012-09-10 00:00:00+09:00,699.1089205798274,714.5078125,683.7100286596549,714.5078125,204246,0.0,0.0
2012-09-11 00:00:00+09:00,714.5078772073874,720.6674345332793,695.0026357540653,703.21533203125,132432,0.0,0.0
2012-09-12 00:00:00+09:00,707.3215613121939,716.5608245950224,691.9226721141663,706.294921875,253204,0.0,0.0
2012-09-13 00:00:00+09:00,707.3215476964305,718.6140194002813,691.9226587948276,698.0822143554688,244699,0.0,0.0
2012-09-14 00:00:00+09:00,698.0822277933773,711.4279083530053,692.9492413153722,706.294921875,143209,0.0,0.0
2012-09-17 00:00:00+09:00,707.3216021340769,719.6406439674837,693.9758505682332,718.6140747070312,322036,0.0,0.0
2012-09-18 00:00:00+09:00,732.9862925574639,826.4061279296875,728.8799454630774,826.4061279296875,2629361,0.0,0.0
2012-09-19 00:00:00+09:00,812.0339464327716,929.0653752580165,800.7414031763034,831.5391845703125,4054151,0.0,0.0
2012-09-20 00:00:00+09:00,831.5392146413003,856.1774406475008,791.5021676172219,798.6882934570312,1138506,0.0,0.0
2012-09-21 00:00:00+09:00,800.7414003804165,838.7253072217374,754.5447986866989,791.5021362304688,1364480,0.0,0.0
2012-09-24 00:00:00+09:00,798.6882902837798,814.087181476474,756.5980345144135,790.4755249023438,498157,0.0,0.0
2012-09-25 00:00:00+09:00,789.4488344721668,789.4488344721668,739.1458210374992,773.0233764648438,581324,0.0,0.0
2012-09-26 00:00:00+09:00,756.5981814338999,773.0236451503418,746.3322753906249,746.332275390625,289481,0.0,0.0
2012-09-27 00:00:00+09:00,754.5448046148048,754.5448046148048,717.5875370166735,725.8002319335938,371066,0.0,0.0
2012-09-28 00:00:00+09:00,721.6938878198131,738.1193479657721,718.614109652696,734.0130004882812,241273,0.0,0.0
2012-10-02 00:00:00+09:00,740.1726383038614,745.3055556567795,701.1621573832697,713.481201171875,319242,0.0,0.0
2012-10-04 00:00:00+09:00,714.5077911291995,742.2257255204711,707.3216651933882,726.826904296875,333743,0.0,0.0
2012-10-05 00:00:00+09:00,736.0661085282429,736.0661085282429,708.3481764117612,715.5343017578125,309784,0.0,0.0
2012-10-08 00:00:00+09:00,716.5609245881333,732.9863852794717,710.4014382853795,729.9066772460938,381275,0.0,0.0
2012-10-09 00:00:00+09:00,724.7736953569297,732.9863906447144,712.4545821892541,726.826904296875,342496,0.0,0.0
2012-10-10 00:00:00+09:00,726.8269568216434,728.8800956739623,703.2152981319492,707.3217163085938,265470,0.0,0.0
2012-10-11 00:00:00+09:00,712.4544966551081,712.4544966551081,687.8163435137034,705.2683715820312,561079,0.0,0.0
2012-10-12 00:00:00+09:00,707.3217082474297,710.401486726812,693.9759546794381,702.188720703125,129961,0.0,0.0
2012-10-15 00:00:00+09:00,703.21533203125,711.4280985444415,686.7898692408738,703.21533203125,203686,0.0,0.0
2012-10-16 00:00:00+09:00,703.2152151628317,707.3216328549789,696.0290895555667,700.1354370117188,62891,0.0,0.0
2012-10-17 00:00:00+09:00,692.94937085267,701.1621367055436,657.0186694978502,685.7632446289062,267967,0.0,0.0
2012-10-18 00:00:00+09:00,676.5238891897746,685.7632241599778,670.3643325429725,672.4175415039062,101731,0.0,0.0
2012-10-19 00:00:00+09:00,658.0452900039253,686.7898673676858,658.0452900039253,680.6303100585938,108255,0.0,0.0
2012-10-22 00:00:00+09:00,676.5239393244108,685.7632749793062,671.3909516596897,678.5771484375,46985,0.0,0.0
2012-10-23 00:00:00+09:00,680.6302931718442,707.3217309276849,680.6302931718442,689.86962890625,109906,0.0,0.0
2012-10-24 00:00:00+09:00,695.0024885375419,698.0822665481245,687.8163632581801,692.9492797851562,101911,0.0,0.0
2012-10-25 00:00:00+09:00,707.3216005798721,707.3216005798721,692.9492797851562,692.9492797851562,53912,0.0,0.0
2012-10-26 00:00:00+09:00,685.7632501196742,702.1887117209357,677.5504842010425,682.6834716796875,86943,0.0,0.0
2012-10-29 00:00:00+09:00,679.6036770606729,693.9759292811221,676.5238986940052,691.9227905273438,124574,0.0,0.0
2012-10-30 00:00:00+09:00,691.9228069996475,702.1887117209357,682.6834716796875,682.6834716796875,99033,0.0,0.0
2012-10-31 00:00:00+09:00,697.0557747053581,703.21533203125,682.6835211022815,703.21533203125,63125,0.0,0.0
2012-11-01 00:00:00+09:00,703.2152901175849,706.2950685969672,695.0025943299006,702.188720703125,65097,0.0,0.0
2012-11-02 00:00:00+09:00,702.1886595745575,734.0130110123921,695.0025338269165,727.8534545898438,215927,0.0,0.0
2012-11-05 00:00:00+09:00,730.9332189336652,730.9332189336652,708.348202558142,725.8002319335938,76928,0.0,0.0
2012-11-06 00:00:00+09:00,725.8001949052153,727.8534036476938,716.5608609180497,721.69384765625,31621,0.0,0.0
2012-11-07 00:00:00+09:00,722.7205813971473,723.7472211200404,708.3483276367186,708.3483276367188,51376,0.0,0.0
2012-11-08 00:00:00+09:00,696.0290057565928,700.135352718358,691.9226587948276,698.0822143554688,64410,0.0,0.0
2012-11-09 00:00:00+09:00,690.8960710327707,700.1354050645182,682.6833764952119,692.9492797851562,50253,0.0,0.0
2012-11-12 00:00:00+09:00,693.9759238716757,699.108911188111,689.8695761601273,695.0025634765625,26171,0.0,0.0
2012-11-13 00:00:00+09:00,682.6835212857342,697.0557748926728,682.6835212857342,688.8430786132812,29674,0.0,0.0
2012-11-14 00:00:00+09:00,683.7100384088495,696.0291521206489,672.4175643303677,674.470703125,101675,0.0,0.0
2012-11-15 00:00:00+09:00,667.2844432766753,672.4174297075983,634.4335267795326,654.96533203125,77712,0.0,0.0
2012-11-16 00:00:00+09:00,652.91240630268,652.91240630268,625.1943969726561,625.1943969726562,116642,0.0,0.0
2012-11-19 00:00:00+09:00,615.9549841886949,639.5666422517294,615.9549841886949,634.4336547851562,41761,0.0,0.0
2012-11-20 00:00:00+09:00,644.6996292115173,644.6996292115173,631.3539446381908,639.5667114257812,16745,0.0,0.0
2012-11-21 00:00:00+09:00,639.5666422517294,639.5666422517294,624.1677500880115,634.4336547851562,20745,0.0,0.0
2012-11-22 00:00:00+09:00,636.4868978168421,636.4868978168421,615.9550170898438,615.9550170898438,26733,0.0,0.0
2012-11-23 00:00:00+09:00,600.5561943396016,615.9550170898438,598.5029851961002,615.9550170898438,66294,0.0,0.0
2012-11-26 00:00:00+09:00,618.0081315032517,626.2208263463809,605.6890190025633,620.0613403320312,90372,0.0,0.0
2012-11-27 00:00:00+09:00,608.7688248642656,625.1942855348902,607.7422555211009,619.0347290039062,5218,0.0,0.0
2012-11-28 00:00:00+09:00,615.9549088929407,620.0613264586218,611.8485615632525,618.0081176757812,20255,0.0,0.0
2012-11-29 00:00:00+09:00,610.8220285668193,623.1411415235143,610.8220285668193,622.114501953125,30413,0.0,0.0
2012-11-30 00:00:00+09:00,629.3006256612019,644.6995168055698,626.2208474323284,633.4070434570312,47984,0.0,0.0
2012-12-03 00:00:00+09:00,628.2740843857056,640.5931978513078,627.2475150089055,632.3804321289062,25256,0.0,0.0
2012-12-04 00:00:00+09:00,639.5666161445073,639.5666161445073,615.9549590453049,624.167724609375,45487,0.0,0.0
2012-12-05 00:00:00+09:00,629.3007089013033,629.3007089013033,614.9284554228162,621.0880126953125,23529,0.0,0.0
2012-12-06 00:00:00+09:00,602.6092510388777,624.1676982786112,602.6092510388777,613.9017944335938,23988,0.0,0.0
2012-12-07 00:00:00+09:00,618.0081419244016,618.0081419244016,610.8220162564891,613.9017944335938,11821,0.0,0.0
2012-12-10 00:00:00+09:00,619.0347373523314,626.2208633233935,606.7156241242255,624.167724609375,22277,0.0,0.0
2012-12-11 00:00:00+09:00,625.1942855348902,625.1942855348902,612.8751724729224,619.0347290039062,13501,0.0,0.0
2012-12-12 00:00:00+09:00,620.0613455338213,620.0613455338213,613.9017892318036,616.9815673828125,14172,0.0,0.0
2012-12-13 00:00:00+09:00,616.9815535264552,619.0346920903543,605.6890104810358,614.9283447265625,44672,0.0,0.0
2012-12-14 00:00:00+09:00,604.6624361773,618.0081176757812,604.6624361773,618.0081176757812,19808,0.0,0.0
2012-12-17 00:00:00+09:00,615.9549278418127,620.0613455338213,606.7155933887863,616.9815673828125,22784,0.0,0.0
2012-12-18 00:00:00+09:00,611.8486137444944,626.2208657421306,611.8486137444944,612.8751831054688,37781,0.0,0.0
2012-12-20 00:00:00+09:00,606.7155882989558,630.32724400394,606.7155882989558,620.0613403320312,54973,0.0,0.0
2012-12-21 00:00:00+09:00,624.1676929898347,624.1676929898347,609.795371539795,616.9815673828125,32637,0.0,0.0
2012-12-24 00:00:00+09:00,616.9815484023574,619.034686949205,610.8219922898287,618.0081176757812,19554,0.0,0.0
2012-12-26 00:00:00+09:00,610.8219973627707,619.0346920903543,610.8219973627707,614.9283447265625,28726,0.0,0.0
2012-12-27 00:00:00+09:00,606.7156107572563,625.1942801922987,606.7156107572563,622.114501953125,51684,0.0,0.0
2012-12-28 00:00:00+09:00,623.141257920365,625.1943969726561,596.4498181164868,625.1943969726562,61558,0.0,0.0
2013-01-02 00:00:00+09:00,618.0081869023268,634.4336482969799,618.0081869023268,623.1411743164062,24231,0.0,0.0
2013-01-03 00:00:00+09:00,629.3006416304199,630.3272812234279,618.0081679953221,624.167724609375,113558,0.0,0.0
2013-01-04 00:00:00+09:00,628.2740584314724,628.2740584314724,619.0347237139512,622.114501953125,43203,0.0,0.0
2013-01-07 00:00:00+09:00,625.1941943978995,638.5398748575803,625.1941943978995,637.5133056640625,34915,0.0,0.0
2013-01-08 00:00:00+09:00,628.2741095955885,713.4811974249893,627.2475401775965,676.52392578125,490668,0.0,0.0
2013-01-09 00:00:00+09:00,678.577132312048,682.6834802046405,652.9123350703395,668.3111572265625,121257,0.0,0.0
2013-01-10 00:00:00+09:00,668.3111761068768,668.3111761068768,651.8857138364715,652.912353515625,54525,0.0,0.0
2013-01-11 00:00:00+09:00,657.0186123059408,657.0186123059408,645.7261392567237,648.8058471679688,43615,0.0,0.0
2013-01-14 00:00:00+09:00,654.9653369163583,654.9653369163583,636.4867401463837,651.8855590820312,39193,0.0,0.0
2013-01-15 00:00:00+09:00,651.8856497938526,651.8856497938526,636.4868287154134,644.6995239257812,71754,0.0,0.0
2013-01-16 00:00:00+09:00,645.726174251014,649.8325219245406,636.4868393085799,638.5399780273438,39028,0.0,0.0
2013-01-17 00:00:00+09:00,643.6729682537359,646.7527465820312,636.4868422330464,646.7527465820312,34754,0.0,0.0
2013-01-18 00:00:00+09:00,646.7527017540074,700.1354287630394,645.7261324610627,663.1781616210938,175551,0.0,0.0
2013-01-21 00:00:00+09:00,668.3111235820388,682.6834458365768,664.2047758961704,672.4175415039062,121717,0.0,0.0
2013-01-22 00:00:00+09:00,672.4174767306718,675.4972547574013,659.071795360175,664.2047119140625,85595,0.0,0.0
2013-01-23 00:00:00+09:00,665.2314154946368,675.4973198273074,664.2047758961704,672.4175415039062,44797,0.0,0.0
2013-01-24 00:00:00+09:00,674.4707892676932,675.4974290321321,662.15174421852,670.3644409179688,49150,0.0,0.0
2013-01-25 00:00:00+09:00,672.4175415039062,672.4175415039062,659.0718588478347,672.4175415039062,28234,0.0,0.0
2013-01-28 00:00:00+09:00,675.4973944822648,759.6779176440664,675.4973944822648,688.8430786132812,1244940,0.0,0.0
2013-01-29 00:00:00+09:00,692.9493056671308,692.9493056671308,672.4174983203695,677.5504150390625,213190,0.0,0.0
2013-01-30 00:00:00+09:00,681.6568764741095,686.7897935224452,666.2579848571041,672.4175415039062,91146,0.0,0.0
2013-01-31 00:00:00+09:00,671.3910104463973,676.5239985605607,659.0719653972241,670.3644409179688,59561,0.0,0.0
2013-02-01 00:00:00+09:00,670.364355299734,674.470703125,662.1516596492021,674.470703125,54199,0.0,0.0
2013-02-04 00:00:00+09:00,676.5237861135836,679.603563967745,658.045118988615,660.0983276367188,72336,0.0,0.0
2013-02-05 00:00:00+09:00,657.0187015242252,665.2314677774301,643.6730178192712,652.912353515625,82922,0.0,0.0
2013-02-06 00:00:00+09:00,650.8592111500036,660.0985477940086,644.6996533873337,649.8326416015625,24847,0.0,0.0
2013-02-07 00:00:00+09:00,654.9654787825879,654.9654787825879,644.6995738565541,650.859130859375,33489,0.0,0.0
2013-02-08 00:00:00+09:00,654.9654787825879,654.9654787825879,643.6730044347516,650.859130859375,40242,0.0,0.0
2013-02-12 00:00:00+09:00,650.8589898825849,654.9653369163583,648.8057812477041,651.8855590820312,27754,0.0,0.0
2013-02-13 00:00:00+09:00,651.8855998071448,664.2047119140625,650.8590305435657,664.2047119140625,20001,0.0,0.0
2013-02-14 00:00:00+09:00,664.204665465319,665.2313048930961,653.9387628394603,654.96533203125,38465,0.0,0.0
2013-02-15 00:00:00+09:00,659.0718944953736,681.6569133432151,648.8059193714433,676.52392578125,95089,0.0,0.0
2013-02-18 00:00:00+09:00,692.9492797851562,709.3747390962658,680.6301677428262,692.9492797851562,179438,0.0,0.0
2013-02-19 00:00:00+09:00,688.8429325163769,695.0024885375419,680.6301677428262,692.9492797851562,49137,0.0,0.0
2013-02-20 00:00:00+09:00,691.9227905273438,693.9759292811221,683.7100248042298,691.9227905273438,30082,0.0,0.0
2013-02-21 00:00:00+09:00,693.9759540019046,693.9759540019046,682.683479745863,687.8164672851562,36527,0.0,0.0
2013-02-22 00:00:00+09:00,687.8164900114965,692.9494074843853,677.550514593709,689.86962890625,54548,0.0,0.0
2013-02-25 00:00:00+09:00,689.8695332533408,718.614105918396,685.7631857971887,700.1354370117188,263334,0.0,0.0
2013-02-26 00:00:00+09:00,700.1354153839502,701.1620548932709,684.7365953400633,686.7897338867188,77730,0.0,0.0
2013-02-27 00:00:00+09:00,691.9228014595612,695.0025798748887,685.7632446289062,685.7632446289062,36922,0.0,0.0
2013-02-28 00:00:00+09:00,685.7631857971887,702.1886458577924,685.7631857971887,700.1354370117188,25961,0.0,0.0
2013-03-04 00:00:00+09:00,700.1354613685379,702.1886702860401,692.9493355112768,696.0291137695312,62018,0.0,0.0
2013-03-05 00:00:00+09:00,692.9493355112768,701.1621009452879,684.7366403132634,696.0291137695312,50738,0.0,0.0
2013-03-06 00:00:00+09:00,697.055702214337,698.0823418192238,679.6036717632562,695.0025634765625,81601,0.0,0.0
2013-03-07 00:00:00+09:00,693.9758592719983,693.9758592719983,680.6301777747667,686.7897338867188,51832,0.0,0.0
2013-03-08 00:00:00+09:00,681.6568807370302,698.0823418192238,681.6568807370302,695.0025634765625,103157,0.0,0.0
2013-03-11 00:00:00+09:00,690.8961673623174,695.0025854396341,678.5771238383726,682.6834716796875,45808,0.0,0.0
2013-03-12 00:00:00+09:00,690.8961265937746,696.0291137695312,680.630222478259,696.0291137695312,52153,0.0,0.0
2013-03-13 00:00:00+09:00,696.0290387743999,696.0290387743999,685.7631357650058,693.975830078125,44492,0.0,0.0
2013-03-14 00:00:00+09:00,696.0291827258692,701.1621704101562,688.843056156671,701.1621704101562,56556,0.0,0.0
2013-03-15 00:00:00+09:00,702.1887625556036,712.4546680200879,696.0292052297117,703.21533203125,176209,0.0,0.0
2013-03-18 00:00:00+09:00,707.3216809921885,727.8534899062491,703.2152630205763,717.5875854492188,227817,0.0,0.0
2013-03-19 00:00:00+09:00,719.6407241990249,727.8534899062491,711.4280287278006,717.5875854492188,63369,0.0,0.0
2013-03-20 00:00:00+09:00,716.5610161586802,716.5610161586802,702.1887625556036,703.21533203125,52780,0.0,0.0
2013-03-21 00:00:00+09:00,703.2152981319492,710.4014948230755,693.9759625885041,707.3217163085938,43953,0.0,0.0
2013-03-22 00:00:00+09:00,706.2951184269399,712.4546758202687,699.1089915467256,708.3483276367188,54134,0.0,0.0
2013-03-25 00:00:00+09:00,705.2685016952202,712.4546280940472,704.2419322771029,710.4014892578125,87740,0.0,0.0
2013-03-26 00:00:00+09:00,709.3748496036924,718.6141850747567,708.348280185575,710.4014892578125,123190,0.0,0.0
2013-03-27 00:00:00+09:00,712.4546758202687,718.6142332135973,702.18877024339,708.3483276367188,186938,0.0,0.0
2013-03-28 00:00:00+09:00,730.3895003996607,730.3895003996607,715.2631225585938,715.2631225585938,82858,61.377113,0.0
2013-03-29 00:00:00+09:00,716.3435805649486,722.8263352590646,715.2631460897131,720.6654663085938,53297,0.0,0.0
2013-04-01 00:00:00+09:00,719.5848560220625,722.8262329101562,710.9412336013731,722.8262329101562,70818,0.0,0.0
2013-04-02 00:00:00+09:00,717.4240450193586,726.0676681345242,717.4240450193586,723.9067993164062,46777,0.0,0.0
2013-04-03 00:00:00+09:00,728.2285523640928,728.2285523640928,718.5044216998116,722.8262329101562,69836,0.0,0.0
2013-04-04 00:00:00+09:00,718.5044997990152,726.0676887195486,712.0217453181724,715.2631225585938,42931,0.0,0.0
2013-04-05 00:00:00+09:00,714.182647173896,720.6654012830743,694.7343848463616,706.619384765625,76809,0.0,0.0
2013-04-08 00:00:00+09:00,697.9757797497792,702.2975912926349,677.4470825195312,677.4470825195312,70203,0.0,0.0
2013-04-09 00:00:00+09:00,677.4471861393904,685.0103759765625,655.8380511985105,685.0103759765625,99126,0.0,0.0
2013-04-10 00:00:00+09:00,683.9298294546234,686.0906982421875,660.1597553419948,686.0906982421875,23067,0.0,0.0
2013-04-11 00:00:00+09:00,676.3666408554566,688.2516409510978,670.9643210438539,686.0906982421875,19943,0.0,0.0
2013-04-12 00:00:00+09:00,675.2862430767591,688.2517536098304,672.0448654434913,685.0103759765625,18215,0.0,0.0
2013-04-15 00:00:00+09:00,675.2862430767591,685.0103759765625,675.2862430767591,685.0103759765625,33800,0.0,0.0
2013-04-16 00:00:00+09:00,683.929941405926,686.0908105471991,678.5276207100269,685.0103759765625,14036,0.0,0.0
2013-04-17 00:00:00+09:00,679.608059780104,686.090740463076,673.1253051757812,673.1253051757812,40978,0.0,0.0
2013-04-18 00:00:00+09:00,659.0792866824967,689.3321168207689,659.0792866824967,683.9298706054688,68735,0.0,0.0
2013-04-19 00:00:00+09:00,669.8840049041263,682.8494416823272,669.8840049041263,676.3667602539062,16451,0.0,0.0
2013-04-22 00:00:00+09:00,673.1252640240649,681.7688870204975,668.8033786045024,675.2861328125,37686,0.0,0.0
2013-04-23 00:00:00+09:00,675.2861328125,678.5275099164987,667.7229442102849,675.2861328125,13786,0.0,0.0
2013-04-24 00:00:00+09:00,675.2861325403284,689.3320753448799,675.2861325403284,686.0906982421875,46274,0.0,0.0
2013-04-25 00:00:00+09:00,678.5276207100269,689.3321881804669,678.5276207100269,685.0103759765625,21801,0.0,0.0
2013-04-26 00:00:00+09:00,686.0908105471991,686.0908105471991,680.6885637726582,685.0103759765625,9383,0.0,0.0
2013-04-29 00:00:00+09:00,689.332139161682,701.2172142789625,680.688515368526,700.1367797851562,18474,0.0,0.0
2013-04-30 00:00:00+09:00,704.4584350585938,704.4584350585938,693.653870758665,704.4584350585938,11240,0.0,0.0
2013-05-02 00:00:00+09:00,705.5390360783317,705.5390360783317,691.4930917762929,701.2172241210938,6459,0.0,0.0
2013-05-03 00:00:00+09:00,705.5390193038115,705.5390193038115,688.25169796452,697.975830078125,24367,0.0,0.0
2013-05-06 00:00:00+09:00,693.6540444216087,703.3781029811204,693.6540444216087,702.2976684570312,11566,0.0,0.0
2013-05-07 00:00:00+09:00,704.4584350585938,704.4584350585938,701.2170583764815,704.4584350585938,12611,0.0,0.0
2013-05-08 00:00:00+09:00,705.5389945699757,706.6194290153824,696.8953711640224,703.3780517578125,21446,0.0,0.0
2013-05-09 00:00:00+09:00,703.3780077110358,708.7803274424659,692.5734421695206,706.619384765625,25631,0.0,0.0
2013-05-10 00:00:00+09:00,705.5389404296875,706.6193747921859,700.1366946958512,705.5389404296875,30395,0.0,0.0
2013-05-13 00:00:00+09:00,713.102243904189,744.4355846872681,704.458619766437,739.0332641601562,173316,0.0,0.0
2013-05-14 00:00:00+09:00,739.0331519896274,756.3204715626159,732.5503979095887,750.9181518554688,153965,0.0,0.0
2013-05-15 00:00:00+09:00,750.9181418780671,760.6422728689214,735.7917651731897,749.8377075195312,123320,0.0,0.0
2013-05-16 00:00:00+09:00,742.2746648476291,758.4815530131874,721.7459644783746,744.4356079101562,117662,0.0,0.0
2013-05-20 00:00:00+09:00,745.5160544599371,745.5160544599371,723.9069191728755,734.7114868164062,109968,0.0,0.0
2013-05-21 00:00:00+09:00,743.3549635314996,743.3549635314996,724.987209582433,729.3090209960938,41763,0.0,0.0
2013-05-22 00:00:00+09:00,726.0676740753926,762.8032574187936,723.906805239594,747.6768798828125,116037,0.0,0.0
2013-05-23 00:00:00+09:00,755.2400722243272,755.2400722243272,734.7113746590197,735.7918090820312,39392,0.0,0.0
2013-05-24 00:00:00+09:00,734.7114538096225,747.6769639679299,723.9068866514849,728.2286987304688,28726,0.0,0.0
2013-05-27 00:00:00+09:00,732.5505090961644,744.4355846872681,730.3895661010486,739.0332641601562,16952,0.0,0.0
2013-05-28 00:00:00+09:00,742.2746416921523,742.2746416921523,726.0677540321726,739.0332641601562,30234,0.0,0.0
2013-05-29 00:00:00+09:00,744.4355846872681,744.4355846872681,729.3091315641685,739.0332641601562,20850,0.0,0.0
2013-05-30 00:00:00+09:00,735.7919434049362,740.1137558073012,726.0678100585938,726.0678100585938,36877,0.0,0.0
2013-05-31 00:00:00+09:00,726.0677008175721,768.2056056451684,703.3780597565589,741.1941528320312,351731,0.0,0.0
2013-06-03 00:00:00+09:00,741.1941528320311,749.8377763362788,739.0332099952941,741.1941528320312,83984,0.0,0.0
2013-06-04 00:00:00+09:00,742.2746722537696,742.2746722537696,714.1827817674169,721.7459716796875,83972,0.0,0.0
2013-06-05 00:00:00+09:00,726.0678100585938,748.7574545333928,718.5046198741145,726.0678100585938,135518,0.0,0.0
2013-06-07 00:00:00+09:00,727.1480958518123,745.5159241648616,706.619398740531,710.9412841796875,104912,0.0,0.0
2013-06-10 00:00:00+09:00,709.8608380721184,721.7459131893988,700.1367797851562,700.1367797851562,69734,0.0,0.0
2013-06-11 00:00:00+09:00,701.2172142789625,708.7804035783121,694.7344594734191,700.1367797851562,40240,0.0,0.0
2013-06-12 00:00:00+09:00,704.4585601245689,705.5389945699757,695.8148627972661,703.3780517578125,9911,0.0,0.0
2013-06-13 00:00:00+09:00,703.3780495196364,703.3780495196364,677.4471054629405,693.6539916992188,98062,0.0,0.0
2013-06-14 00:00:00+09:00,687.1712909997871,702.2976700569131,680.6885359977745,691.4931030273438,37506,0.0,0.0
2013-06-17 00:00:00+09:00,679.6080948336216,691.4930962736629,679.6080948336216,689.3321533203125,9668,0.0,0.0
2013-06-18 00:00:00+09:00,685.0102440141532,706.6193747921859,681.7688670053138,705.5389404296875,23399,0.0,0.0
2013-06-19 00:00:00+09:00,705.5390691663923,709.8608813263128,701.2172570064719,707.7000122070312,27563,0.0,0.0
2013-06-20 00:00:00+09:00,700.1367500409327,706.6194306497166,677.447109185465,681.7689208984375,54909,0.0,0.0
2013-06-21 00:00:00+09:00,683.9298706054688,683.9298706054688,664.4816068191473,683.9298706054688,29332,0.0,0.0
2013-06-24 00:00:00+09:00,686.0906713417617,696.8953105413356,675.2861060635307,692.5734252929688,13135,0.0,0.0
2013-06-25 00:00:00+09:00,685.0102998515808,692.5734888482582,659.0792816671444,660.1597900390625,58798,0.0,0.0
2013-06-26 00:00:00+09:00,661.2402607930077,678.5275825579563,657.9988833419951,665.5620727539062,35572,0.0,0.0
2013-06-27 00:00:00+09:00,675.2861467180038,686.0907126467055,664.4815807893021,679.6080322265625,27443,0.0,0.0
2013-06-28 00:00:00+09:00,685.0102638484054,689.3320753448799,678.5275096430207,686.0906982421875,33246,0.0,0.0
2013-07-01 00:00:00+09:00,680.6885196375913,693.6540293299937,675.2861992919726,688.251708984375,19855,0.0,0.0
2013-07-02 00:00:00+09:00,682.8494050508752,695.8149150549006,682.8494050508752,691.4931030273438,5822,0.0,0.0
2013-07-03 00:00:00+09:00,685.0103382927002,695.8149051687583,685.0103382927002,690.4126586914062,6987,0.0,0.0
2013-07-04 00:00:00+09:00,695.8149051687583,695.8149051687583,680.6885263265478,690.4126586914062,2064,0.0,0.0
2013-07-05 00:00:00+09:00,681.7688867457131,693.6539607627003,678.5275096430207,686.0906982421875,18167,0.0,0.0
2013-07-08 00:00:00+09:00,681.7688870204975,687.1712068342774,675.2861328125,675.2861328125,16208,0.0,0.0
2013-07-09 00:00:00+09:00,676.3666042646752,683.9297924546808,675.2860960080014,680.6884155273438,18294,0.0,0.0
2013-07-10 00:00:00+09:00,682.849284198007,682.849284198007,673.1252273373382,680.6884155273438,36210,0.0,0.0
2013-07-11 00:00:00+09:00,680.6884354652618,683.9298124875414,672.0447387654017,682.8493041992188,49188,0.0,0.0
2013-07-12 00:00:00+09:00,685.0103217568485,700.136774155267,677.4471325183155,687.1712646484375,32291,0.0,0.0
2013-07-15 00:00:00+09:00,688.2517239584532,705.5390459506535,688.2517239584532,702.2976684570312,41987,0.0,0.0
2013-07-16 00:00:00+09:00,692.5733625837365,706.6193035657776,692.5733625837365,704.4584350585938,18851,0.0,0.0
2013-07-17 00:00:00+09:00,704.4586701657297,718.5046158354867,703.3781616301907,713.102294921875,40694,0.0,0.0
2013-07-18 00:00:00+09:00,710.9414256935192,717.4241812213088,703.3781616301907,713.102294921875,21165,0.0,0.0
2013-07-19 00:00:00+09:00,704.4585934398831,715.2631601689699,702.2976505255245,709.86083984375,37662,0.0,0.0
2013-07-22 00:00:00+09:00,702.29760386535,714.1826782226564,702.29760386535,714.1826782226562,34886,0.0,0.0
2013-07-23 00:00:00+09:00,717.4240554181628,719.5849242676017,709.8607926810822,714.1826782226562,66612,0.0,0.0
2013-07-24 00:00:00+09:00,709.8608466158073,716.3436014993754,708.7804121089972,712.0217895507812,36215,0.0,0.0
2013-07-25 00:00:00+09:00,712.0216915969158,722.8262569426781,707.6998802428797,717.4240112304688,28951,0.0,0.0
2013-07-26 00:00:00+09:00,722.8262598774216,722.8262598774216,709.8607518413284,716.343505859375,16772,0.0,0.0
2013-07-29 00:00:00+09:00,716.3436014993754,722.8263563829433,710.9413550439712,712.0217895507812,42535,0.0,0.0
2013-07-30 00:00:00+09:00,716.3436014993754,716.3436014993754,707.6999776021871,712.0217895507812,15146,0.0,0.0
2013-07-31 00:00:00+09:00,716.3436726857698,716.3436726857698,707.7000479296245,713.102294921875,13932,0.0,0.0
2013-08-01 00:00:00+09:00,717.4241812213088,717.4241812213088,710.9414256935192,713.102294921875,27067,0.0,0.0
2013-08-02 00:00:00+09:00,716.343502950952,720.6653882263319,709.8607489592259,717.4240112304688,22657,0.0,0.0
2013-08-05 00:00:00+09:00,719.5849579120066,720.6654663085938,714.1827116144777,720.6654663085938,33284,0.0,0.0
2013-08-06 00:00:00+09:00,722.8262329101562,731.4699292521866,714.1826104894669,722.8262329101562,45004,0.0,0.0
2013-08-07 00:00:00+09:00,716.3435058988375,730.3894482982644,716.3435058988375,727.1480712890625,37203,0.0,0.0
2013-08-08 00:00:00+09:00,730.389455304892,742.2745290930937,727.1480782645955,740.1135864257812,79565,0.0,0.0
2013-08-09 00:00:00+09:00,749.8378244630103,749.8378244630103,732.550502423615,736.872314453125,81387,0.0,0.0
2013-08-12 00:00:00+09:00,736.8722331491225,749.8377417284372,736.8722331491225,745.5159301757812,48189,0.0,0.0
2013-08-13 00:00:00+09:00,746.5964770513252,750.9182892550214,741.1942302770445,744.4356079101562,112341,0.0,0.0
2013-08-14 00:00:00+09:00,749.8377905011596,750.918224979263,713.102205110774,730.3895263671875,80847,0.0,0.0
2013-08-16 00:00:00+09:00,724.9873537608208,742.2746767747419,723.9069191728755,734.7114868164062,40168,0.0,0.0
2013-08-19 00:00:00+09:00,742.2745704430987,742.2745704430987,730.3894959928132,737.9527587890625,26462,0.0,0.0
2013-08-20 00:00:00+09:00,731.4700596190823,734.7114370848734,724.9873046875001,724.9873046875,37192,0.0,0.0
2013-08-21 00:00:00+09:00,721.7459571677906,724.9873347680702,705.5390691663923,707.7000122070312,63532,0.0,0.0
2013-08-22 00:00:00+09:00,703.3781029811204,719.5849904492316,696.8954219152308,702.2976684570312,34128,0.0,0.0
2013-08-23 00:00:00+09:00,703.3780216218368,713.1021529779194,691.4930214675221,710.9412841796875,12091,0.0,0.0
2013-08-26 00:00:00+09:00,696.8953176870119,713.1021288098646,696.8953176870119,705.5389404296875,29137,0.0,0.0
2013-08-27 00:00:00+09:00,717.4240931239001,717.4240931239001,702.2976407760847,708.7803955078125,8696,0.0,0.0
2013-08-28 00:00:00+09:00,702.2975634208482,712.021694447366,696.8953176870119,705.5389404296875,12300,0.0,0.0
2013-08-29 00:00:00+09:00,705.5390459506535,705.5390459506535,697.97585643932,702.2976684570312,25135,0.0,0.0
2013-08-30 00:00:00+09:00,702.2976173124058,705.5389945699757,695.8148627972661,703.3780517578125,19314,0.0,0.0
2013-09-02 00:00:00+09:00,703.3780931390357,706.6194705873028,697.9758466728268,701.2172241210938,16461,0.0,0.0
2013-09-03 00:00:00+09:00,697.9758056094292,706.6194290153824,697.9758056094292,703.3780517578125,46631,0.0,0.0
2013-09-04 00:00:00+09:00,702.2975634208482,708.7803174385267,699.0561864120089,705.5389404296875,12423,0.0,0.0
2013-09-05 00:00:00+09:00,706.619374832305,716.343505859375,705.5389404697452,716.343505859375,52761,0.0,0.0
2013-09-06 00:00:00+09:00,716.3436726857698,718.5046158354867,702.2977270160128,713.102294921875,8709,0.0,0.0
2013-09-09 00:00:00+09:00,713.1021595404287,726.0676681345242,713.1021595404287,723.9067993164062,41559,0.0,0.0
2013-09-10 00:00:00+09:00,723.906775209354,732.5503980366755,723.906775209354,729.3090209960938,26705,0.0,0.0
2013-09-11 00:00:00+09:00,731.4699635992205,741.1940947201098,731.4699635992205,740.1135864257812,39004,0.0,0.0
2013-09-12 00:00:00+09:00,733.6308732136775,741.1941360099269,730.3894959928132,737.9527587890625,49277,0.0,0.0
2013-09-13 00:00:00+09:00,734.7113746590197,743.3549978858081,723.9068086648603,735.7918090820312,30964,0.0,0.0
2013-09-16 00:00:00+09:00,739.0332574285576,740.1136919555963,732.550502423615,736.872314453125,27985,0.0,0.0
2013-09-17 00:00:00+09:00,736.8722810785115,736.8722810785115,723.9068455772152,730.3895263671875,57755,0.0,0.0
2013-09-23 00:00:00+09:00,734.7113335914296,737.9527106006315,723.9067682012045,727.1480712890625,19914,0.0,0.0
2013-09-24 00:00:00+09:00,733.6310231164678,733.6310231164678,723.9069633883068,731.4701538085938,13321,0.0,0.0
2013-09-25 00:00:00+09:00,727.1480952055911,733.6308494372183,724.9872264092796,732.5504150390625,16740,0.0,0.0
2013-09-26 00:00:00+09:00,733.6308494372183,733.6308494372183,728.2286035250931,732.5504150390625,9831,0.0,0.0
2013-09-27 00:00:00+09:00,733.6308732136775,740.1136276554063,732.5504387805057,737.9527587890625,51849,0.0,0.0
2013-09-30 00:00:00+09:00,737.9527755376007,754.1595880884026,736.872267158557,741.1941528320312,146480,0.0,0.0
2013-10-01 00:00:00+09:00,742.2745530309526,745.5159301757812,736.8722331491225,745.5159301757812,58731,0.0,0.0
2013-10-02 00:00:00+09:00,749.8378546844369,749.8378546844369,743.3550994182136,744.4356079101562,75023,0.0,0.0
2013-10-04 00:00:00+09:00,745.5160192241482,745.5160192241482,737.9528296232763,739.0332641601562,17354,0.0,0.0
2013-10-07 00:00:00+09:00,740.1135864257812,745.5159061333902,723.9067751456437,740.1135864257812,50609,0.0,0.0
2013-10-08 00:00:00+09:00,744.4354957679541,750.9181761362644,735.7917987412952,745.5159301757812,36953,0.0,0.0
2013-10-10 00:00:00+09:00,747.6769588709661,762.8033380049699,743.3550729000889,760.6423950195312,149133,0.0,0.0
2013-10-11 00:00:00+09:00,762.8033114499046,762.8033114499046,754.1596137304141,756.320556640625,21621,0.0,0.0
2013-10-14 00:00:00+09:00,756.3204514352509,767.1250166406672,746.5963205739735,748.7572631835938,82297,0.0,0.0
2013-10-15 00:00:00+09:00,754.1595288954882,756.3204715626159,748.7572831096855,750.9181518554688,18678,0.0,0.0
2013-10-16 00:00:00+09:00,748.7573673369164,759.5619340452648,748.7573673369164,756.320556640625,35828,0.0,0.0
2013-10-17 00:00:00+09:00,750.9182708314423,761.7229119576309,750.9182708314423,751.998779296875,16710,0.0,0.0
2013-10-18 00:00:00+09:00,751.998779296875,755.2401568504603,734.711456984872,751.998779296875,23133,0.0,0.0
2013-10-21 00:00:00+09:00,741.1940749319367,760.6422627331489,741.1940749319367,748.7572631835938,32154,0.0,0.0
2013-10-22 00:00:00+09:00,748.7573073206099,758.4814387550961,737.9527414782967,745.5159301757812,23898,0.0,0.0
2013-10-23 00:00:00+09:00,749.8377075195312,750.9181418780671,739.0331421701411,749.8377075195312,10753,0.0,0.0
2013-10-24 00:00:00+09:00,748.7573167275016,758.4814482841552,741.194127934998,757.4009399414062,3621,0.0,0.0
2013-10-25 00:00:00+09:00,755.2401123046875,756.3205467850373,747.6769230995345,755.2401123046875,6161,0.0,0.0
2013-10-28 00:00:00+09:00,755.240166670419,755.240166670419,751.9987890746878,753.0792236328125,15998,0.0,0.0
2013-10-29 00:00:00+09:00,755.240189688292,758.4815673828125,746.5964911957846,758.4815673828125,15508,0.0,0.0
2013-10-30 00:00:00+09:00,756.3205913945366,759.561968948122,751.998779296875,751.998779296875,14805,0.0,0.0
2013-10-31 00:00:00+09:00,759.5619241474388,759.5619241474388,745.5159802174828,755.2401123046875,10630,0.0,0.0
2013-11-01 00:00:00+09:00,756.3205467850373,757.4009812653871,750.9182265405841,755.2401123046875,21097,0.0,0.0
2013-11-04 00:00:00+09:00,755.240189688292,763.8838142594401,753.0792465848253,758.4815673828125,35498,0.0,0.0
2013-11-05 00:00:00+09:00,756.320556640625,761.7228769554757,753.0791792359852,756.320556640625,18601,0.0,0.0
2013-11-06 00:00:00+09:00,745.5159060696662,755.2400371897244,745.5159060696662,750.9181518554688,20441,0.0,0.0
2013-11-07 00:00:00+09:00,746.5963205739735,754.1595088256306,742.2745092760755,748.7572631835938,43473,0.0,0.0
2013-11-08 00:00:00+09:00,753.07920882502,753.07920882502,739.0332641601564,739.0332641601562,18944,0.0,0.0
2013-11-11 00:00:00+09:00,744.4354646190353,744.4354646190353,723.9067682012045,727.1480712890625,68840,0.0,0.0
2013-11-12 00:00:00+09:00,732.5504387805057,739.0331932222343,722.8263071179126,737.9527587890625,32622,0.0,0.0
2013-11-13 00:00:00+09:00,744.4354718259233,744.4354718259233,724.987209582433,729.3090209960938,17802,0.0,0.0
2013-11-14 00:00:00+09:00,731.4699806409068,740.1136036688455,729.309037923249,732.5504150390625,12077,0.0,0.0
2013-11-15 00:00:00+09:00,731.4701122601786,734.7114899592391,723.9069222694902,733.6309814453125,36109,0.0,0.0
2013-11-18 00:00:00+09:00,727.1481130833339,727.1481130833339,702.29760386535,714.1826782226562,183053,0.0,0.0
2013-11-19 00:00:00+09:00,721.7459935993813,721.7459935993813,705.5391047799076,713.102294921875,28284,0.0,0.0
2013-11-20 00:00:00+09:00,714.182688118903,717.4240653593245,710.9413108784817,715.2631225585938,10798,0.0,0.0
2013-11-21 00:00:00+09:00,715.2631126473757,716.3435470720951,706.6194154855758,714.1826782226562,11347,0.0,0.0
2013-11-22 00:00:00+09:00,714.182803457414,715.2632380715919,708.7804825438023,713.102294921875,17937,0.0,0.0
2013-11-25 00:00:00+09:00,713.1022732646934,721.7459716796875,707.7000264365112,721.7459716796875,21860,0.0,0.0
2013-11-26 00:00:00+09:00,715.2631460897131,722.8263352590646,713.1022032178906,720.6654663085938,49694,0.0,0.0
2013-11-27 00:00:00+09:00,716.3436509301463,727.1482185078697,715.2632163487816,721.7459716796875,15177,0.0,0.0
2013-11-28 00:00:00+09:00,716.3435128987077,723.9067752749804,715.2630785255308,718.5044555664062,38172,0.0,0.0
2013-11-29 00:00:00+09:00,718.5044555664062,718.5044555664062,714.1826441523538,718.5044555664062,18547,0.0,0.0
2013-12-02 00:00:00+09:00,718.5044455886419,719.584879946815,708.7803146010529,717.4240112304688,160377,0.0,0.0
2013-12-03 00:00:00+09:00,718.5045234367711,720.6654663085938,716.3435805649486,720.6654663085938,33947,0.0,0.0
2013-12-04 00:00:00+09:00,720.6653981687723,729.3090209960938,718.5044555012696,729.3090209960938,10908,0.0,0.0
2013-12-05 00:00:00+09:00,730.3895678092827,732.5505108094526,715.2631885721613,728.2286987304688,5064,0.0,0.0
2013-12-06 00:00:00+09:00,731.4699636635964,731.4699636635964,716.3435128337669,729.3090209960938,6793,0.0,0.0
2013-12-09 00:00:00+09:00,729.309091889084,733.6309037228494,726.0677145334221,730.3895263671875,7328,0.0,0.0
2013-12-10 00:00:00+09:00,733.6308324097545,733.6308324097545,718.5044555012696,729.3090209960938,13228,0.0,0.0
2013-12-11 00:00:00+09:00,729.309045283048,729.309045283048,718.5044794284175,723.9067993164062,6861,0.0,0.0
2013-12-12 00:00:00+09:00,713.1021022458749,723.9067411537483,712.021667923624,722.8262329101562,38943,0.0,0.0
2013-12-13 00:00:00+09:00,718.5044794284175,726.0676681345242,718.5044794284175,723.9067993164062,10583,0.0,0.0
2013-12-16 00:00:00+09:00,718.5044216998116,724.987175475999,717.4239873775607,722.8262329101562,4659,0.0,0.0
2013-12-17 00:00:00+09:00,720.6653642656545,722.8262329101562,712.021667923624,722.8262329101562,8627,0.0,0.0
2013-12-18 00:00:00+09:00,724.987175475999,724.987175475999,718.5044216998116,722.8262329101562,5707,0.0,0.0
2013-12-19 00:00:00+09:00,724.9872811790947,724.9872811790947,713.1022062161273,719.5849609375,13189,0.0,0.0
2013-12-20 00:00:00+09:00,713.1021358578322,722.8262669804589,710.9412671114782,718.5044555664062,136015,0.0,0.0
2013-12-23 00:00:00+09:00,718.5045264577219,720.6654693386301,717.4240919779438,719.5849609375,20124,0.0,0.0
2013-12-24 00:00:00+09:00,716.3434791339687,722.8262329101562,716.3434791339687,722.8262329101562,8303,0.0,0.0
2013-12-26 00:00:00+09:00,718.5045234367711,722.8263352590646,710.9413342674197,720.6654663085938,173083,0.0,0.0
2013-12-27 00:00:00+09:00,736.3809204101562,737.5034279498333,728.52321403259,736.3809204101562,19057,44.60546,0.0
2013-12-30 00:00:00+09:00,755.4639173494281,755.4639173494281,743.1161042622481,746.4837036132812,14206,0.0,0.0
2014-01-02 00:00:00+09:00,740.8709815914126,752.0963634942369,735.2583674399094,739.7484741210938,10490,0.0,0.0
2014-01-03 00:00:00+09:00,747.6062671494243,747.6062671494243,729.6457615314145,741.99365234375,8940,0.0,0.0
2014-01-06 00:00:00+09:00,741.9934948072588,741.9934948072588,730.7681139793933,740.8709106445312,4108,0.0,0.0
2014-01-07 00:00:00+09:00,731.8906570931803,744.2384677914287,731.8906570931803,738.6258544921875,1434,0.0,0.0
2014-01-08 00:00:00+09:00,738.6258544921875,743.1159604915599,728.5230583936767,738.6258544921875,8343,0.0,0.0
2014-01-09 00:00:00+09:00,740.8709442755232,740.8709442755232,717.2978277866949,728.5231323242188,56749,0.0,0.0
2014-01-10 00:00:00+09:00,735.258370686817,735.258370686817,718.4203745581327,720.6654663085938,22760,0.0,0.0
2014-01-13 00:00:00+09:00,720.6653930553624,725.1554992999709,706.0724901604591,708.3175048828125,62584,0.0,0.0
2014-01-14 00:00:00+09:00,713.930140226843,713.930140226843,708.3174502540335,712.8075561523438,7010,0.0,0.0
2014-01-15 00:00:00+09:00,712.8076936952336,717.2978772598624,708.3175869305154,716.17529296875,7760,0.0,0.0
2014-01-16 00:00:00+09:00,716.1752828076717,721.7879737838696,716.1752828076717,720.6654663085938,6568,0.0,0.0
2014-01-17 00:00:00+09:00,722.9104498279842,722.9104498279842,708.3175460842405,713.9302368164062,2344,0.0,0.0
2014-01-20 00:00:00+09:00,710.5626377370879,718.4203433221952,709.4400535107112,713.9302368164062,9877,0.0,0.0
2014-01-21 00:00:00+09:00,710.5627341204869,721.788040307555,709.4401497418386,711.6852416992188,4271,0.0,0.0
2014-01-22 00:00:00+09:00,719.542753399757,719.542753399757,711.6850488777401,712.8075561523438,7699,0.0,0.0
2014-01-23 00:00:00+09:00,716.17529296875,734.1357968275332,710.5626787128298,716.17529296875,36825,0.0,0.0
2014-01-24 00:00:00+09:00,713.930277986346,724.0330758068949,710.5626787128298,716.17529296875,12481,0.0,0.0
2014-01-27 00:00:00+09:00,711.6852573262653,719.5429641497594,701.5824584960938,701.5824584960938,40451,0.0,0.0
2014-01-28 00:00:00+09:00,708.3175560343234,716.1752617298116,597.1869000555739,709.4400634765625,45976,0.0,0.0
2014-01-29 00:00:00+09:00,707.1950794393135,716.17529296875,701.5823883834829,716.17529296875,5897,0.0,0.0
2014-02-03 00:00:00+09:00,712.807656803429,717.2978401356655,701.5823520726509,704.949951171875,8550,0.0,0.0
2014-02-04 00:00:00+09:00,704.949986511493,708.3175857795371,700.4598797540709,706.0725708007812,7949,0.0,0.0
2014-02-05 00:00:00+09:00,698.2147022207646,709.4400061355844,698.2147022207646,703.827392578125,9872,0.0,0.0
2014-02-06 00:00:00+09:00,702.7048403697388,709.4399608487763,702.7048403697388,707.1949462890625,5343,0.0,0.0
2014-02-07 00:00:00+09:00,707.1951347821155,708.3176423611611,694.8472442129463,698.21484375,14854,0.0,0.0
2014-02-10 00:00:00+09:00,698.2147472195707,703.8274379386598,697.0922397957152,700.4598388671875,13923,0.0,0.0
2014-02-11 00:00:00+09:00,695.9697576669514,704.9499709839938,695.9697576669514,702.7049560546875,3405,0.0,0.0
2014-02-12 00:00:00+09:00,706.0724840810493,708.3174987840728,695.9696875177411,703.827392578125,7090,0.0,0.0
2014-02-13 00:00:00+09:00,698.214657650519,707.1949462890625,698.214657650519,707.1949462890625,20895,0.0,0.0
2014-02-14 00:00:00+09:00,710.5626775582033,710.5626775582033,697.0922804860269,706.0725708007812,24238,0.0,0.0
2014-02-17 00:00:00+09:00,706.0725354048874,706.0725354048874,700.459844639545,704.949951171875,17201,0.0,0.0
2014-02-18 00:00:00+09:00,704.949986511493,708.3175857795371,699.337372264693,706.0725708007812,11482,0.0,0.0
2014-02-19 00:00:00+09:00,701.5823010752007,706.0724840810493,701.5823010752007,703.827392578125,17067,0.0,0.0
2014-02-20 00:00:00+09:00,700.4597937236889,703.827392578125,695.9696875177411,703.827392578125,23160,0.0,0.0
2014-02-21 00:00:00+09:00,706.0724840810493,706.0724840810493,703.827392578125,703.827392578125,2864,0.0,0.0
2014-02-24 00:00:00+09:00,703.8274937879721,703.8274937879721,690.3570964331952,695.9697875976562,79200,0.0,0.0
2014-02-25 00:00:00+09:00,697.0923104685206,703.827509294295,695.9698029308628,699.33740234375,12793,0.0,0.0
2014-02-26 00:00:00+09:00,697.0923104685206,700.4599098814078,689.2346041050882,699.33740234375,87163,0.0,0.0
2014-02-27 00:00:00+09:00,700.4598944492778,700.4598944492778,690.3570964331952,695.9697875976562,17302,0.0,0.0
2014-02-28 00:00:00+09:00,693.7247516725997,701.5824584960938,693.7247516725997,701.5824584960938,23785,0.0,0.0
2014-03-03 00:00:00+09:00,701.582346291043,706.0725295862767,698.2147472195707,700.4598388671875,10924,0.0,0.0
2014-03-04 00:00:00+09:00,702.7049305148043,702.7049305148043,693.7246407242428,700.4598388671875,20426,0.0,0.0
2014-03-05 00:00:00+09:00,699.3372863721772,703.827392578125,693.7245960148168,703.827392578125,9431,0.0,0.0
2014-03-06 00:00:00+09:00,704.949951171875,706.0725354048874,690.3570473418728,704.949951171875,89749,0.0,0.0
2014-03-07 00:00:00+09:00,704.949986511493,707.1950782901592,701.5823872434489,706.0725708007812,20055,0.0,0.0
2014-03-10 00:00:00+09:00,709.440093268915,710.5626775582033,703.8274790221151,706.0725708007812,9387,0.0,0.0
2014-03-11 00:00:00+09:00,706.0725708007812,710.5626775582033,695.969772996649,706.0725708007812,23003,0.0,0.0
2014-03-12 00:00:00+09:00,703.8274790221151,707.1950782901592,699.337372264693,706.0725708007812,21600,0.0,0.0
2014-03-13 00:00:00+09:00,704.9499059993808,709.4400122439891,698.2147082325174,708.3175048828125,23573,0.0,0.0
2014-03-14 00:00:00+09:00,708.3174535689194,708.3174535689194,701.5822562899858,707.1949462890625,11482,0.0,0.0
2014-03-17 00:00:00+09:00,704.9499709839938,709.440077642515,700.4598643254726,702.7049560546875,23481,0.0,0.0
2014-03-18 00:00:00+09:00,710.5626775582033,710.5626775582033,701.5823872434489,706.0725708007812,6350,0.0,0.0
2014-03-19 00:00:00+09:00,706.0725708007812,706.0725708007812,701.5823872434489,706.0725708007812,11438,0.0,0.0
2014-03-20 00:00:00+09:00,701.5823717901258,706.0725552485557,690.3570667438684,702.7049560546875,9958,0.0,0.0
2014-03-21 00:00:00+09:00,703.8274635193407,703.8274635193407,694.8471734023896,702.7049560546875,32678,0.0,0.0
2014-03-24 00:00:00+09:00,703.8275505027713,703.8275505027713,692.60224406922,701.5824584960938,41692,0.0,0.0
2014-03-25 00:00:00+09:00,699.337331443332,702.7049305148043,691.479549076626,700.4598388671875,68854,0.0,0.0
2014-03-26 00:00:00+09:00,701.582346291043,701.582346291043,690.3570416527705,700.4598388671875,50663,0.0,0.0
2014-03-27 00:00:00+09:00,695.9698029308628,701.5824174190657,695.9698029308628,699.33740234375,3857,0.0,0.0
2014-03-28 00:00:00+09:00,700.4598388671875,700.4598388671875,699.337331443332,700.4598388671875,6257,0.0,0.0
2014-03-31 00:00:00+09:00,698.2147529734268,706.0725354048874,698.2147529734268,704.949951171875,50249,0.0,0.0
2014-04-01 00:00:00+09:00,706.0725354048874,707.1950428379932,703.8274437387691,704.949951171875,7180,0.0,0.0
2014-04-02 00:00:00+09:00,704.9500168319529,704.9500168319529,699.33740234375,699.33740234375,12926,0.0,0.0
2014-04-03 00:00:00+09:00,701.5824174190657,701.5824174190657,694.8472185932912,699.33740234375,128237,0.0,0.0
2014-04-04 00:00:00+09:00,695.9697323718597,700.4598388671875,695.9697323718597,700.4598388671875,15319,0.0,0.0
2014-04-07 00:00:00+09:00,700.4598944492778,700.4598944492778,686.989497094501,695.9697875976562,167982,0.0,0.0
2014-04-08 00:00:00+09:00,695.9698285919085,698.21484375,691.4796446758926,698.21484375,17275,0.0,0.0
2014-04-09 00:00:00+09:00,699.3374381816866,699.3374381816866,692.6022390107631,697.0923461914062,18293,0.0,0.0
2014-04-10 00:00:00+09:00,697.0922951105837,697.0922951105837,692.602188258962,695.9697875976562,19202,0.0,0.0
2014-04-11 00:00:00+09:00,695.9697875976562,695.9697875976562,692.602188258962,695.9697875976562,8713,0.0,0.0
2014-04-14 00:00:00+09:00,695.9697979763059,695.9697979763059,688.1120148688989,691.4796142578125,31625,0.0,0.0
2014-04-15 00:00:00+09:00,697.0922951105837,698.2148026235111,690.3570964331952,695.9697875976562,38080,0.0,0.0
2014-04-16 00:00:00+09:00,695.9697979763059,695.9697979763059,686.9895073392321,691.4796142578125,37348,0.0,0.0
2014-04-17 00:00:00+09:00,697.0922796032986,697.0922796032986,689.2345735877827,692.6021728515625,21904,0.0,0.0
2014-04-18 00:00:00+09:00,690.3571166992188,695.9698080284452,685.8670097157861,690.3571166992188,67222,0.0,0.0
2014-04-21 00:00:00+09:00,689.234583816245,691.4795988254748,680.254293379592,688.1119995117188,140831,0.0,0.0
2014-04-22 00:00:00+09:00,688.1119582339329,690.3570499083977,679.1317451358875,685.866943359375,35054,0.0,0.0
2014-04-23 00:00:00+09:00,684.7443947026376,688.1119939893673,679.1317804246951,683.6218872070312,25740,0.0,0.0
2014-04-24 00:00:00+09:00,684.7442822004862,684.7442822004862,675.7640701112454,682.499267578125,32677,0.0,0.0
2014-04-25 00:00:00+09:00,682.4993384824845,682.4993384824845,674.641632888093,681.3768310546875,28698,0.0,0.0
2014-04-28 00:00:00+09:00,681.3768722158185,685.8669789981547,679.1317804246951,683.6218872070312,13986,0.0,0.0
2014-04-29 00:00:00+09:00,685.8669375657818,685.8669375657818,681.3768310546875,681.3768310546875,10451,0.0,0.0
2014-04-30 00:00:00+09:00,684.7443591221892,685.866943359375,679.1317451358875,685.866943359375,6821,0.0,0.0
2014-05-02 00:00:00+09:00,683.6218516849102,686.989450796654,682.4993442476313,685.866943359375,3240,0.0,0.0
2014-05-07 00:00:00+09:00,680.2541823545595,689.2344713255297,680.2541823545595,686.9893798828125,40835,0.0,0.0
2014-05-08 00:00:00+09:00,686.9893798828125,688.1118872042217,680.2541823545595,686.9893798828125,13820,0.0,0.0
2014-05-09 00:00:00+09:00,683.6217748893056,686.9893736227455,675.7640701112454,682.499267578125,10448,0.0,0.0
2014-05-12 00:00:00+09:00,681.3767602669445,688.111880933926,679.1316688446852,682.499267578125,8982,0.0,0.0
2014-05-13 00:00:00+09:00,679.1317705691329,685.8669690448511,679.1317705691329,684.744384765625,9029,0.0,0.0
2014-05-14 00:00:00+09:00,684.7443947026376,684.7443947026376,679.1317804246951,683.6218872070312,4692,0.0,0.0
2014-05-15 00:00:00+09:00,682.49929560387,706.0724877059444,681.3767882465954,694.8471069335938,71648,0.0,0.0
2014-05-16 00:00:00+09:00,694.8472442129463,702.705027666016,692.6022290548548,698.21484375,46330,0.0,0.0
2014-05-19 00:00:00+09:00,699.33740234375,701.5824174190657,695.9698029308628,699.33740234375,47573,0.0,0.0
2014-05-20 00:00:00+09:00,699.3373568608195,702.7049560546875,695.9697576669514,702.7049560546875,28187,0.0,0.0
2014-05-21 00:00:00+09:00,698.2148231202043,701.5824225577574,690.3571166992188,690.3571166992188,15759,0.0,0.0
2014-05-22 00:00:00+09:00,695.9697721153422,697.0922796032986,692.6021728515624,692.6021728515625,8988,0.0,0.0
2014-05-23 00:00:00+09:00,692.602188258962,697.0922951105837,691.4796039461227,695.9697875976562,9008,0.0,0.0
2014-05-26 00:00:00+09:00,692.6022290548548,699.3374281289623,692.6022290548548,698.21484375,6640,0.0,0.0
2014-05-27 00:00:00+09:00,695.9698029308628,702.7050017566372,691.479619180404,699.33740234375,44149,0.0,0.0
2014-05-28 00:00:00+09:00,697.0922951105837,697.0922951105837,694.8472032848168,695.9697875976562,5148,0.0,0.0
2014-05-29 00:00:00+09:00,694.8471167481297,695.9697009211617,693.724609375,693.724609375,12644,0.0,0.0
2014-05-30 00:00:00+09:00,693.7245517311953,707.1949462890625,692.6020444513384,707.1949462890625,43032,0.0,0.0
2014-06-02 00:00:00+09:00,707.1950931266663,707.1950931266663,694.8472032848168,695.9697875976562,41242,0.0,0.0
2014-06-03 00:00:00+09:00,695.9698080284452,699.3374074659981,690.3571166992188,690.3571166992188,16999,0.0,0.0
2014-06-05 00:00:00+09:00,700.4598072135827,700.4598072135827,689.234503082579,693.724609375,96858,0.0,0.0
2014-06-09 00:00:00+09:00,701.5823382436213,716.1752417859799,699.3373234216615,715.052734375,129944,0.0,0.0
2014-06-10 00:00:00+09:00,715.0528412353308,720.6655327288231,699.3374279334187,711.6852416992188,65877,0.0,0.0
2014-06-11 00:00:00+09:00,704.949951171875,710.5626419372173,703.8274437387691,704.949951171875,16304,0.0,0.0
2014-06-12 00:00:00+09:00,708.3174502540335,720.6653374742563,702.7048370811195,712.8075561523438,16847,0.0,0.0
2014-06-13 00:00:00+09:00,712.8077189019402,720.6655020179566,707.1951044475437,718.42041015625,65570,0.0,0.0
2014-06-16 00:00:00+09:00,718.4202657720607,720.6653571825609,704.9498709088543,710.5625610351562,31116,0.0,0.0
2014-06-17 00:00:00+09:00,710.5625416031364,715.0526475014467,706.0724357048261,712.8075561523438,41835,0.0,0.0
2014-06-18 00:00:00+09:00,712.8076427531352,716.1752417859799,707.1950288983307,715.052734375,35578,0.0,0.0
2014-06-19 00:00:00+09:00,718.4203433221952,718.4203433221952,711.6851451635587,713.9302368164062,4973,0.0,0.0
2014-06-20 00:00:00+09:00,717.2979331927111,717.2979331927111,704.9500426269946,711.6852416992188,14136,0.0,0.0
2014-06-23 00:00:00+09:00,717.2978459719579,717.2978459719579,699.337342896596,709.4400634765625,55605,0.0,0.0
2014-06-24 00:00:00+09:00,709.440093268915,709.440093268915,700.4598797540709,706.0725708007812,16959,0.0,0.0
2014-06-25 00:00:00+09:00,702.7048852266132,708.3174987840728,698.2147022207646,703.827392578125,19224,0.0,0.0
2014-06-26 00:00:00+09:00,708.3176577162081,708.3176577162081,699.3374432893344,701.5824584960938,6238,0.0,0.0
2014-06-27 00:00:00+09:00,706.0725354048874,706.0725354048874,699.3373372064392,704.949951171875,2607,0.0,0.0
2014-06-30 00:00:00+09:00,699.3373372064392,706.0725354048874,699.3373372064392,704.949951171875,5964,0.0,0.0
2014-07-01 00:00:00+09:00,704.949951171875,707.1950428379932,700.459844639545,704.949951171875,16818,0.0,0.0
2014-07-02 00:00:00+09:00,707.1950627132087,707.1950627132087,699.3373568608195,702.7049560546875,21010,0.0,0.0
2014-07-03 00:00:00+09:00,706.0725552485557,706.0725552485557,699.3373568608195,702.7049560546875,25758,0.0,0.0
2014-07-04 00:00:00+09:00,704.9500581061509,704.9500581061509,697.0923512826569,701.5824584960938,60974,0.0,0.0
2014-07-07 00:00:00+09:00,701.5823382436213,721.7879324406894,701.5823382436213,715.052734375,549427,0.0,0.0
2014-07-08 00:00:00+09:00,715.052744242877,716.1752516693477,708.3175460842405,713.9302368164062,59380,0.0,0.0
2014-07-09 00:00:00+09:00,715.0527808580008,725.1555786132812,715.0527808580008,725.1555786132812,124633,0.0,0.0
2014-07-10 00:00:00+09:00,727.4006703810913,729.6456853489915,720.665471877571,725.1555786132812,54937,0.0,0.0
2014-07-11 00:00:00+09:00,724.0329749261657,735.258278673876,718.4202846523606,727.4005737304688,65562,0.0,0.0
2014-07-14 00:00:00+09:00,727.4006803526122,731.8907871498747,720.6654817567629,724.0330810546875,80367,0.0,0.0
2014-07-15 00:00:00+09:00,724.0330003881663,733.013212982181,722.9104162139877,726.2780151367188,72463,0.0,0.0
2014-07-16 00:00:00+09:00,726.2780960533634,728.5231878519501,721.7879892561008,724.0330810546875,45911,0.0,0.0
2014-07-17 00:00:00+09:00,728.5231066851736,728.5231066851736,719.5428172912565,726.2780151367188,104914,0.0,0.0
2014-07-18 00:00:00+09:00,726.2780960533634,726.2780960533634,722.9104967554387,724.0330810546875,49065,0.0,0.0
2014-07-21 00:00:00+09:00,726.2780960533634,729.6456953512879,719.5428974575141,724.0330810546875,160503,0.0,0.0
2014-07-22 00:00:00+09:00,721.7880602027391,733.0133666992188,721.7880602027391,733.0133666992188,144516,0.0,0.0
2014-07-23 00:00:00+09:00,735.2584128704793,740.871027368778,734.1358285308886,736.3809204101562,171999,0.0,0.0
2014-07-24 00:00:00+09:00,737.5033969654125,740.8709962428758,722.9104923630425,729.6456909179688,431697,0.0,0.0
2014-07-25 00:00:00+09:00,729.6456140594498,735.2583045306359,719.5428172912565,726.2780151367188,121606,0.0,0.0
2014-07-28 00:00:00+09:00,727.4005737304688,731.890679869573,722.9103907914648,727.4005737304688,94330,0.0,0.0
2014-07-29 00:00:00+09:00,721.7879793615211,731.8907771168015,721.7879793615211,725.1555786132812,46446,0.0,0.0
2014-07-30 00:00:00+09:00,728.5230828420044,771.1792832672744,727.4005755044658,759.9539794921875,558813,0.0,0.0
2014-07-31 00:00:00+09:00,752.0965326752585,763.3218403032606,741.9937327700786,749.8514404296875,208427,0.0,0.0
2014-08-01 00:00:00+09:00,750.9739527453858,773.4246449386224,746.4838450267092,754.341552734375,188139,0.0,0.0
2014-08-04 00:00:00+09:00,763.321505570105,800.3650121781178,762.1989215396341,789.1397094726562,363184,0.0,0.0
2014-08-05 00:00:00+09:00,789.1398157419998,802.6102115224987,779.0370189066255,785.772216796875,175468,0.0,0.0
2014-08-06 00:00:00+09:00,785.7722185152109,786.8947258994062,762.1990258477875,766.689208984375,123956,0.0,0.0
2014-08-07 00:00:00+09:00,773.424519954571,774.5470275028632,758.8315378272006,767.8118286132812,102150,0.0,0.0
2014-08-08 00:00:00+09:00,773.4245102476344,785.7723235236193,763.3217120400577,782.4047241210938,199427,0.0,0.0
2014-08-11 00:00:00+09:00,782.4046987290534,782.4046987290534,752.0963818898579,780.1596069335938,231236,0.0,0.0
2014-08-12 00:00:00+09:00,784.6497849469995,784.6497849469995,764.4441893312223,775.6694946289062,46982,0.0,0.0
2014-08-13 00:00:00+09:00,775.6694746233057,785.7722721706291,765.5666770759824,781.2821655273438,21065,0.0,0.0
2014-08-14 00:00:00+09:00,777.914591938045,783.5272062268278,772.3019008493512,780.1596069335938,38479,0.0,0.0
2014-08-18 00:00:00+09:00,780.1596113911639,785.7723025119267,770.056890253649,774.5469970703125,117823,0.0,0.0
2014-08-19 00:00:00+09:00,774.546910404736,775.6694177833244,766.6892051548112,772.3018188476562,16805,0.0,0.0
2014-08-20 00:00:00+09:00,772.3018584852445,772.3018584852445,757.708954615018,764.4441528320312,65247,0.0,0.0
2014-08-21 00:00:00+09:00,764.4441555010928,764.4441555010928,740.8709616592405,745.3611450195312,189092,0.0,0.0
2014-08-22 00:00:00+09:00,756.5864138444165,756.5864138444165,740.8709264304912,744.238525390625,35221,0.0,0.0
2014-08-25 00:00:00+09:00,744.2386117792884,746.4837036132812,738.6259973941746,746.4837036132812,40887,0.0,0.0
2014-08-26 00:00:00+09:00,746.4837036132812,746.4837036132812,738.6259973941746,746.4837036132812,60432,0.0,0.0
2014-08-27 00:00:00+09:00,746.4836524596506,746.4836524596506,739.7484542191213,745.3611450195312,63079,0.0,0.0
2014-08-28 00:00:00+09:00,745.3611450195312,745.3611450195312,739.7484542191213,745.3611450195312,67288,0.0,0.0
2014-08-29 00:00:00+09:00,745.3612519471218,745.3612519471218,737.503468339309,741.99365234375,53681,0.0,0.0
2014-09-01 00:00:00+09:00,737.5033823805471,743.1160733319592,734.1357831696815,739.7484741210938,135804,0.0,0.0
2014-09-02 00:00:00+09:00,737.5033823805471,740.8709815914126,733.0132756993628,739.7484741210938,39366,0.0,0.0
2014-09-03 00:00:00+09:00,739.7485503444822,750.9738566040485,738.6260427585006,743.1161499023438,95195,0.0,0.0
2014-09-04 00:00:00+09:00,743.1160842178884,753.2188819984812,738.6259774709284,752.0963745117188,34542,0.0,0.0
2014-09-05 00:00:00+09:00,752.0963701736509,773.4244730985789,746.483679172392,757.708984375,93463,0.0,0.0
2014-09-11 00:00:00+09:00,759.9540364821343,765.566650390625,752.0963309303039,765.566650390625,107131,0.0,0.0
2014-09-12 00:00:00+09:00,764.4442291684903,767.8118286132812,756.5865227306163,767.8118286132812,92926,0.0,0.0
2014-09-15 00:00:00+09:00,765.5666602682312,768.9342593767378,761.0765537235246,764.4441528320312,51259,0.0,0.0
2014-09-16 00:00:00+09:00,764.4440856422423,764.4440856422423,748.7286757171007,759.9539794921875,47398,0.0,0.0
2014-09-17 00:00:00+09:00,759.9540916179371,762.1991066242502,752.0963854960183,761.0765991210938,16959,0.0,0.0
2014-09-18 00:00:00+09:00,761.0764868297263,763.3215783047036,756.5863806796715,759.9539794921875,10453,0.0,0.0
2014-09-19 00:00:00+09:00,759.9540462873247,766.6892445043379,756.586447178818,764.4441528320312,10089,0.0,0.0
2014-09-22 00:00:00+09:00,763.3215942382812,766.6891931210926,758.8314111945984,763.3215942382812,23285,0.0,0.0
2014-09-23 00:00:00+09:00,763.3215006507872,763.3215006507872,752.0961980176684,756.5863037109375,36813,0.0,0.0
2014-09-24 00:00:00+09:00,755.4638926145145,759.9540761354855,747.60618665268,757.708984375,33741,0.0,0.0
2014-09-25 00:00:00+09:00,757.7091527233641,757.7091527233641,744.2387527674075,754.341552734375,53226,0.0,0.0
2014-09-26 00:00:00+09:00,753.2190450046875,755.4640604640624,748.7289372860109,754.341552734375,21292,0.0,0.0
2014-09-29 00:00:00+09:00,755.4640558437254,757.7091480892964,740.87114824733,749.8514404296875,121960,0.0,0.0
2014-09-30 00:00:00+09:00,749.8512515799151,749.8512515799151,738.6259467790021,745.3611450195312,59947,0.0,0.0
2014-10-01 00:00:00+09:00,745.3610936956381,747.6061084212898,736.380804393326,740.8709106445312,35292,0.0,0.0
2014-10-02 00:00:00+09:00,741.993601666517,741.993601666517,731.8908035464102,737.50341796875,45501,0.0,0.0
2014-10-06 00:00:00+09:00,737.503468339309,743.1161599449013,735.2584531370067,741.99365234375,28915,0.0,0.0
2014-10-07 00:00:00+09:00,741.9935658616405,743.1160733319592,736.3808749102283,739.7484741210938,31365,0.0,0.0
2014-10-08 00:00:00+09:00,739.7483617920562,739.7483617920562,730.7680729934142,738.6258544921875,53931,0.0,0.0
2014-10-10 00:00:00+09:00,736.3808894728951,739.7484887503582,721.787984870525,729.6456909179688,129748,0.0,0.0
2014-10-13 00:00:00+09:00,730.768165678549,730.768165678549,701.5823577810743,709.4400634765625,182424,0.0,0.0
2014-10-14 00:00:00+09:00,709.4401653195878,709.4401653195878,695.9698436792772,701.5824584960938,152062,0.0,0.0
2014-10-15 00:00:00+09:00,701.5822562899858,713.930143567996,701.5822562899858,707.1949462890625,21434,0.0,0.0
2014-10-16 00:00:00+09:00,713.9302368164062,713.9302368164062,703.8274395784515,713.9302368164062,22431,0.0,0.0
2014-10-17 00:00:00+09:00,715.0527598606166,719.5428664644757,709.4400690058619,717.2978515625,17768,0.0,0.0
2014-10-20 00:00:00+09:00,719.542773077362,719.542773077362,702.7048562982518,710.5625610351562,195602,0.0,0.0
2014-10-21 00:00:00+09:00,713.9303336565989,716.1753488140627,707.1951345843747,711.6852416992188,40069,0.0,0.0
2014-10-22 00:00:00+09:00,711.685176106659,720.6654663085938,710.5626686313832,720.6654663085938,35845,0.0,0.0
2014-10-23 00:00:00+09:00,727.4005993108974,727.4005993108974,717.2978025427041,726.2780151367188,15012,0.0,0.0
2014-10-24 00:00:00+09:00,729.6456953512879,729.6456953512879,713.9302831609136,724.0330810546875,78016,0.0,0.0
2014-10-27 00:00:00+09:00,728.5231778650414,729.6456853489915,718.4203801097609,725.1555786132812,13008,0.0,0.0
2014-10-28 00:00:00+09:00,728.5231722353433,728.5231722353433,715.0527753323959,720.6654663085938,41013,0.0,0.0
2014-10-29 00:00:00+09:00,727.4006803526122,727.4006803526122,718.4203899581762,724.0330810546875,22523,0.0,0.0
2014-10-30 00:00:00+09:00,726.2781674413473,739.7485659570902,724.0331522220024,733.0133666992188,93107,0.0,0.0
2014-10-31 00:00:00+09:00,738.6259712170996,738.6259712170996,721.7879750586764,730.7681884765625,22110,0.0,0.0
2014-11-03 00:00:00+09:00,737.5033452342757,737.5033452342757,717.2978277866949,728.5231323242188,23203,0.0,0.0
2014-11-04 00:00:00+09:00,730.7683007348985,730.7683007348985,708.3176869414809,721.7880859375,69647,0.0,0.0
2014-11-05 00:00:00+09:00,721.7879737838696,721.7879737838696,712.8076835819348,720.6654663085938,8596,0.0,0.0
2014-11-06 00:00:00+09:00,720.6655782878055,721.7880859375,709.4401945911754,721.7880859375,23072,0.0,0.0
2014-11-07 00:00:00+09:00,721.7879892561008,725.1555885540254,718.4203899581762,724.0330810546875,15163,0.0,0.0
2014-11-10 00:00:00+09:00,724.0330258691903,730.7681471517803,721.7879342417234,728.5231323242188,40585,0.0,0.0
2014-11-11 00:00:00+09:00,727.4006966485559,737.50341796875,724.0330972751871,737.50341796875,116924,0.0,0.0
2014-11-12 00:00:00+09:00,737.5032703924214,740.870869091925,727.400551093808,738.6258544921875,50509,0.0,0.0
2014-11-13 00:00:00+09:00,731.8907882206959,736.3808950245278,725.1555896149924,734.1358032226562,84515,0.0,0.0
2014-11-14 00:00:00+09:00,734.1357794642447,734.1357794642447,697.0922651316046,702.7049560546875,410686,0.0,0.0
2014-11-17 00:00:00+09:00,700.4598388671875,701.582346291043,692.6021333003873,700.4598388671875,74499,0.0,0.0
2014-11-18 00:00:00+09:00,699.3374381816866,699.3374381816866,692.6022390107631,697.0923461914062,21292,0.0,0.0
2014-11-19 00:00:00+09:00,693.724680339519,695.9697721153422,681.3768675722667,692.6021728515625,182987,0.0,0.0
2014-11-20 00:00:00+09:00,692.6021985873923,692.6021985873923,689.2345991984788,691.4796142578125,15947,0.0,0.0
2014-11-21 00:00:00+09:00,691.4796446758926,699.3374281289623,690.3571370968468,698.21484375,67943,0.0,0.0
2014-11-24 00:00:00+09:00,698.2147725962577,704.9499709839938,691.4795742085215,702.7049560546875,53727,0.0,0.0
2014-11-25 00:00:00+09:00,701.5823577810743,710.5626477187088,701.5823577810743,709.4400634765625,66665,0.0,0.0
2014-11-26 00:00:00+09:00,709.4399608487763,709.4399608487763,701.5822562899858,707.1949462890625,8004,0.0,0.0
2014-11-27 00:00:00+09:00,707.1950485920843,711.6851551609479,703.8274494654597,709.4400634765625,39010,0.0,0.0
2014-11-28 00:00:00+09:00,709.4400634765625,711.6851551609479,706.0725411498452,709.4400634765625,10334,0.0,0.0
2014-12-01 00:00:00+09:00,709.4399608487763,711.6850522083862,702.7048403697388,707.1949462890625,56579,0.0,0.0
2014-12-02 00:00:00+09:00,709.440093268915,709.440093268915,702.7049715327372,706.0725708007812,23752,0.0,0.0
2014-12-03 00:00:00+09:00,711.6851850475812,711.6851850475812,704.949986511493,706.0725708007812,24338,0.0,0.0
2014-12-04 00:00:00+09:00,709.4400122439891,711.6851037662441,706.0724901604591,708.3175048828125,40361,0.0,0.0
2014-12-05 00:00:00+09:00,710.5625449285292,710.5625449285292,704.9498549294526,707.1949462890625,10003,0.0,0.0
2014-12-08 00:00:00+09:00,711.6851451635587,715.052744242877,706.072531231299,713.9302368164062,129650,0.0,0.0
2014-12-09 00:00:00+09:00,713.9302524096288,722.910465617347,713.9302524096288,717.2978515625,51595,0.0,0.0
2014-12-10 00:00:00+09:00,717.2979026253533,721.7880095488532,713.9303032327501,718.42041015625,190203,0.0,0.0
2014-12-11 00:00:00+09:00,720.6654349750427,726.2780489073024,703.8274395784515,713.9302368164062,105800,0.0,0.0
2014-12-12 00:00:00+09:00,711.6852416992188,721.788040307555,701.5824430908825,711.6852416992188,50884,0.0,0.0
2014-12-15 00:00:00+09:00,707.1949975216357,711.6851037662441,707.1949975216357,708.3175048828125,4673,0.0,0.0
2014-12-16 00:00:00+09:00,718.4203015331075,718.4203015331075,703.827398638204,708.3175048828125,5250,0.0,0.0
2014-12-17 00:00:00+09:00,718.4204565463797,718.4204565463797,695.9698436792772,701.5824584960938,75195,0.0,0.0
2014-12-18 00:00:00+09:00,709.440077642515,709.440077642515,691.4795742085215,702.7049560546875,13755,0.0,0.0
2014-12-19 00:00:00+09:00,702.7049715327372,707.1950782901592,698.2147879754048,706.0725708007812,9794,0.0,0.0
2014-12-22 00:00:00+09:00,707.1950428379932,712.807656803429,695.9697381072151,704.949951171875,37966,0.0,0.0
2014-12-23 00:00:00+09:00,704.949986511493,712.8076925369592,702.7049715327372,706.0725708007812,5082,0.0,0.0
2014-12-24 00:00:00+09:00,701.5823010752007,709.4400061355844,700.4597937236889,703.827392578125,19909,0.0,0.0
2014-12-26 00:00:00+09:00,707.1951345843747,711.6852416992188,699.3374279334187,711.6852416992188,39941,0.0,0.0
2014-12-29 00:00:00+09:00,707.0488448659501,724.4353120212429,703.5716307364361,712.8443603515625,23293,35.68437,0.0
2014-12-30 00:00:00+09:00,715.1625824061165,719.7989472136796,703.5716307364361,712.8443603515625,17616,0.0,0.0
2015-01-02 00:00:00+09:00,708.2078359306047,712.8441996932405,693.1395942258931,703.5714721679688,62941,0.0,0.0
2015-01-05 00:00:00+09:00,703.5715196268509,712.8442477776074,696.6169338630175,704.7305908203125,52471,0.0,0.0
2015-01-06 00:00:00+09:00,712.8441902893578,712.8441902893578,672.2758294730392,689.6622924804688,81446,0.0,0.0
2015-01-07 00:00:00+09:00,689.6622924804688,689.6622924804688,679.2304146760109,689.6622924804688,24672,0.0,0.0
2015-01-08 00:00:00+09:00,689.6622742033009,690.8213452725703,672.2758116566406,683.8667602539062,106025,0.0,0.0
2015-01-09 00:00:00+09:00,683.8667602539062,686.1849816939688,680.3894677445742,683.8667602539062,12237,0.0,0.0
2015-01-12 00:00:00+09:00,686.1849816939688,688.5031238325078,681.5486181153673,683.8667602539062,15042,0.0,0.0
2015-01-13 00:00:00+09:00,687.3441617490478,687.3441617490478,680.3895756276593,685.0259399414062,19804,0.0,0.0
2015-01-14 00:00:00+09:00,683.8667783774836,691.9804346804422,683.8667783774836,689.6622924804688,29518,0.0,0.0
2015-01-15 00:00:00+09:00,688.5031420789563,694.2986561819414,681.5486361775102,689.6622924804688,35250,0.0,0.0
2015-01-16 00:00:00+09:00,689.6623514927772,694.2987155909696,675.753179896668,686.18505859375,106576,0.0,0.0
2015-01-19 00:00:00+09:00,686.1850904959952,688.5032330021005,681.5487261822482,685.0259399414062,25388,0.0,0.0
2015-01-20 00:00:00+09:00,683.8668686883535,687.3441617490478,680.3895756276593,685.0259399414062,11960,0.0,0.0
2015-01-21 00:00:00+09:00,687.34423828125,687.34423828125,680.3896513855044,687.34423828125,23382,0.0,0.0
2015-01-22 00:00:00+09:00,688.5031894717397,690.8214111328125,685.025896630896,690.8214111328125,24104,0.0,0.0
2015-01-23 00:00:00+09:00,689.6624603470135,693.1397537948862,681.5488020691587,687.34423828125,68748,0.0,0.0
2015-01-26 00:00:00+09:00,680.3894946029806,683.8667872495789,679.2304234879567,681.5486450195312,48184,0.0,0.0
2015-01-27 00:00:00+09:00,685.0258585143719,708.2078359306047,681.54864516854,703.5714721679688,55356,0.0,0.0
2015-01-28 00:00:00+09:00,696.6170364078127,702.4124725297637,694.298814378106,695.4578857421875,25652,0.0,0.0
2015-01-29 00:00:00+09:00,689.6623829669309,723.27616299054,689.6623829669309,710.5260620117188,62680,0.0,0.0
2015-01-30 00:00:00+09:00,710.5260620117189,717.4806481271602,708.2079195075958,710.5260620117188,61413,0.0,0.0
2015-02-02 00:00:00+09:00,709.3669907596573,720.9579411848808,704.7306264498751,710.5260620117188,45853,0.0,0.0
2015-02-03 00:00:00+09:00,717.4807251591258,717.4807251591258,704.7307021129408,712.8443603515625,19726,0.0,0.0
2015-02-04 00:00:00+09:00,712.8442457039309,715.1624673856423,693.1396389647452,701.2532958984375,341120,0.0,0.0
2015-02-05 00:00:00+09:00,697.7761077718942,697.7761077718942,689.6624496202364,695.4578857421875,62191,0.0,0.0
2015-02-06 00:00:00+09:00,693.1396524028173,701.253309493811,693.1396524028173,700.09423828125,34851,0.0,0.0
2015-02-09 00:00:00+09:00,700.0941479230817,701.2532189860462,693.1395629422475,698.9349975585938,32214,0.0,0.0
2015-02-10 00:00:00+09:00,697.7759399414062,697.7759399414062,690.821354826561,697.7759399414062,14628,0.0,0.0
2015-02-11 00:00:00+09:00,696.6169889616577,697.7760602467955,685.025958904126,694.2987670898438,78395,0.0,0.0
2015-02-12 00:00:00+09:00,694.2987670898438,695.4578383749815,687.34418077594,694.2987670898438,8955,0.0,0.0
2015-02-13 00:00:00+09:00,694.2987807806496,694.2987807806496,688.5032656376026,693.1397094726562,15987,0.0,0.0
2015-02-16 00:00:00+09:00,693.1395629422475,698.9349975585938,685.0258275969256,698.9349975585938,116712,0.0,0.0
2015-02-17 00:00:00+09:00,712.8442538776445,797.4582756596446,701.2533039392454,715.1624755859375,530761,0.0,0.0
2015-02-23 00:00:00+09:00,741.8216585633437,741.8216585633437,711.6851732617735,723.276123046875,206209,0.0,0.0
2015-02-24 00:00:00+09:00,719.7988417144348,720.9579129210571,711.6851846650129,718.6397705078125,84854,0.0,0.0
2015-02-25 00:00:00+09:00,718.6397705078125,724.4352058424569,715.1624775864127,718.6397705078125,48642,0.0,0.0
2015-02-26 00:00:00+09:00,718.6398332399012,733.7080774474722,716.3216113227595,722.1171264648438,162011,0.0,0.0
2015-02-27 00:00:00+09:00,720.957960443179,722.11711102774,714.003374141966,719.7988891601562,122805,0.0,0.0
2015-03-02 00:00:00+09:00,724.4353011915762,725.5944518522972,715.1625717150688,720.9580078125,97687,0.0,0.0
2015-03-03 00:00:00+09:00,720.957901369242,723.276123046875,717.4806085035583,723.276123046875,49430,0.0,0.0
2015-03-04 00:00:00+09:00,724.4353011915762,724.4353011915762,716.3216430742464,720.9580078125,70021,0.0,0.0
2015-03-05 00:00:00+09:00,720.957901369242,724.4351942349256,717.4806085035583,723.276123046875,60187,0.0,0.0
2015-03-06 00:00:00+09:00,734.8670906557876,734.8670906557876,722.1170693733904,729.0716552734375,116069,0.0,0.0
2015-03-09 00:00:00+09:00,729.0716375901916,729.0716375901916,718.6397589931407,723.276123046875,75211,0.0,0.0
2015-03-10 00:00:00+09:00,722.1171264648438,722.1171264648438,718.6398332399012,722.1171264648438,73709,0.0,0.0
2015-03-11 00:00:00+09:00,718.6397705078125,720.9579129210571,712.8442558716351,718.6397705078125,125246,0.0,0.0
2015-03-12 00:00:00+09:00,722.1170340613073,722.1170340613073,716.3215196608288,717.4805908203125,21853,0.0,0.0
2015-03-13 00:00:00+09:00,723.2762298323986,723.2762298323986,712.8443496951702,720.9580078125,60977,0.0,0.0
2015-03-16 00:00:00+09:00,716.3216113227595,726.753490997587,712.844318097817,722.1171264648438,129313,0.0,0.0
2015-03-17 00:00:00+09:00,718.639865094145,722.117158473221,712.8443496951702,720.9580078125,152637,0.0,0.0
2015-03-18 00:00:00+09:00,720.957960443179,736.0262043286276,715.1625247265271,719.7988891601562,329764,0.0,0.0
2015-03-19 00:00:00+09:00,722.11711102774,723.2761823107627,714.003374141966,719.7988891601562,59020,0.0,0.0
2015-03-20 00:00:00+09:00,719.7988891601562,719.7988891601562,712.8443028589433,719.7988891601562,53848,0.0,0.0
2015-03-23 00:00:00+09:00,718.639875837175,720.9580185901843,707.0488448659501,712.8443603515625,308275,0.0,0.0
2015-03-24 00:00:00+09:00,715.1625824061165,715.1625824061165,709.3670669205039,712.8443603515625,86492,0.0,0.0
2015-03-25 00:00:00+09:00,712.8443603515625,712.8443603515625,705.8897734894454,712.8443603515625,112455,0.0,0.0
2015-03-26 00:00:00+09:00,711.685210688938,714.0033531869492,700.0942602942744,707.0487670898438,180234,0.0,0.0
2015-03-27 00:00:00+09:00,707.0487689539981,711.6852125653164,702.4124046442159,710.5260620117188,90481,0.0,0.0
2015-03-30 00:00:00+09:00,711.6852125653164,712.844283817378,703.5715551978136,710.5260620117188,60304,0.0,0.0
2015-03-31 00:00:00+09:00,711.6851806640625,715.1624735659137,703.571523660254,711.6851806640625,105618,0.0,0.0
2015-04-01 00:00:00+09:00,708.2078877622114,714.0033230642749,708.2078877622114,711.6851806640625,41913,0.0,0.0
2015-04-02 00:00:00+09:00,710.5260052603502,718.6397412813261,710.5260052603502,717.4805908203125,53935,0.0,0.0
2015-04-03 00:00:00+09:00,716.3216430742464,725.5944518522972,716.3216430742464,720.9580078125,133544,0.0,0.0
2015-04-06 00:00:00+09:00,722.1171009850407,733.708051558684,719.7988791496972,727.9125366210938,207828,0.0,0.0
2015-04-07 00:00:00+09:00,730.2307584564373,731.3898297233405,718.639807882794,727.9125366210938,159990,0.0,0.0
2015-04-08 00:00:00+09:00,725.5942301044606,734.8669567471429,720.9577874816002,733.7078857421875,159522,0.0,0.0
2015-04-09 00:00:00+09:00,737.1853536600257,753.4126688009119,737.1853536600257,745.2990112304688,361063,0.0,0.0
2015-04-10 00:00:00+09:00,745.2989562367766,851.935805969744,742.9807345441893,828.75390625,2925304,0.0,0.0
2015-04-13 00:00:00+09:00,828.7540189550853,884.3906334296031,792.8220139918936,807.8902587890625,3051098,0.0,0.0
2015-04-14 00:00:00+09:00,814.8447072026663,814.8447072026663,761.5262444845132,783.549072265625,1249144,0.0,0.0
2015-04-15 00:00:00+09:00,789.34467027587,807.8902072509588,763.8445470224307,770.7991333007812,833813,0.0,0.0
2015-04-16 00:00:00+09:00,787.0264020052617,799.7765025308819,769.6400166361918,773.1173095703125,744845,0.0,0.0
2015-04-17 00:00:00+09:00,778.9126571269596,800.9354834601284,774.2762935045884,797.4581909179688,649739,0.0,0.0
2015-04-20 00:00:00+09:00,788.1855260786024,813.6856469729281,785.8673044331072,800.935546875,429295,0.0,0.0
2015-04-21 00:00:00+09:00,798.6173981530446,806.7310548951842,789.3445909466494,790.503662109375,371142,0.0,0.0
2015-04-22 00:00:00+09:00,800.9356143161524,842.6631316394646,769.6400556252056,785.8673706054688,1030044,0.0,0.0
2015-04-23 00:00:00+09:00,789.3447340708219,818.3221528053956,777.7537824373014,806.731201171875,515227,0.0,0.0
2015-04-24 00:00:00+09:00,810.2084315138201,820.6403109622845,787.026450750053,803.2538452148438,285998,0.0,0.0
2015-04-27 00:00:00+09:00,796.2991943359375,810.2083658058552,790.5036797896279,796.2991943359375,204701,0.0,0.0
2015-04-28 00:00:00+09:00,800.935503656212,800.935503656212,773.1172419190057,784.7081909179688,313284,0.0,0.0
2015-04-29 00:00:00+09:00,787.0264436813269,795.1401804916173,771.9581999360606,789.3446655273438,201427,0.0,0.0
2015-04-30 00:00:00+09:00,787.0263650364074,792.8218794215545,776.5945660255899,783.549072265625,219580,0.0,0.0
2015-05-04 00:00:00+09:00,778.9128322082651,782.3901255320384,753.412707601108,758.049072265625,517747,0.0,0.0
2015-05-06 00:00:00+09:00,752.2537170205942,752.2537170205942,723.2762959787144,734.8672485351562,247730,0.0,0.0
2015-05-07 00:00:00+09:00,734.8671300358643,746.4580807232342,723.2761793484943,741.8217163085938,165071,0.0,0.0
2015-05-08 00:00:00+09:00,747.6172156869712,749.9353581951016,736.0261859401745,739.5034790039062,169996,0.0,0.0
2015-05-11 00:00:00+09:00,745.2989522476843,756.8899020455176,740.6625881888573,748.7762451171875,226215,0.0,0.0
2015-05-12 00:00:00+09:00,751.0944532042525,752.2535243725998,741.8216459528837,749.935302734375,86441,0.0,0.0
2015-05-13 00:00:00+09:00,755.7308171791718,755.7308171791718,741.8216459528837,749.935302734375,112353,0.0,0.0
2015-05-14 00:00:00+09:00,759.2082917450668,793.9811488341011,759.2082917450668,778.9129028320312,467087,0.0,0.0
2015-05-15 00:00:00+09:00,774.2764108787552,783.5491395291698,762.6854604149687,768.4808959960938,249550,0.0,0.0
2015-05-18 00:00:00+09:00,762.6854529249453,770.7991102397611,742.9807659586373,754.5717163085938,509416,0.0,0.0
2015-05-19 00:00:00+09:00,775.4355388844917,787.0264901965555,758.049072265625,758.049072265625,559805,0.0,0.0
2015-05-20 00:00:00+09:00,765.003503676894,768.4807962950471,752.25348361135,759.2080688476562,234205,0.0,0.0
2015-05-21 00:00:00+09:00,762.6854529249453,762.6854529249453,747.6172095398483,754.5717163085938,118962,0.0,0.0
2015-05-22 00:00:00+09:00,755.7309417469016,756.8900131062995,746.4581329670884,753.4127197265625,218015,0.0,0.0
2015-05-26 00:00:00+09:00,753.4126669959637,755.7308888540529,729.0716943429483,741.8217163085938,323095,0.0,0.0
2015-05-27 00:00:00+09:00,741.8218359293314,744.1400581612401,729.0718119077106,734.8672485351562,208522,0.0,0.0
2015-05-28 00:00:00+09:00,736.0260912926755,742.980676525831,731.3897275710806,737.1852416992188,106370,0.0,0.0
2015-05-29 00:00:00+09:00,737.1854707670649,741.8218359293314,729.0718119077106,734.8672485351562,180139,0.0,0.0
2015-06-01 00:00:00+09:00,732.5488669311765,736.0261598717502,718.639774470415,725.5943603515625,242946,0.0,0.0
2015-06-02 00:00:00+09:00,729.071653007542,729.071653007542,689.6623594636009,700.09423828125,544694,0.0,0.0
2015-06-03 00:00:00+09:00,700.0941479230817,705.8895825394279,690.8213415147951,698.9349975585938,141494,0.0,0.0
2015-06-04 00:00:00+09:00,698.9350762499405,707.0487332072355,694.2987121745623,704.7305908203125,130983,0.0,0.0
2015-06-05 00:00:00+09:00,696.6169453420337,709.3669665848047,694.2987236153782,700.09423828125,129867,0.0,0.0
2015-06-08 00:00:00+09:00,696.6169338630175,707.0487332072355,695.4577833680238,704.7305908203125,100354,0.0,0.0
2015-06-09 00:00:00+09:00,708.2078897625914,724.4352038160437,704.7305968509183,715.1624755859375,138148,0.0,0.0
2015-06-10 00:00:00+09:00,723.2761823107627,725.5944041783464,715.1625247265271,719.7988891601562,59447,0.0,0.0
2015-06-11 00:00:00+09:00,725.5943268412885,732.5488330997212,711.6851557213638,717.4805908203125,174585,0.0,0.0
2015-06-12 00:00:00+09:00,720.9579532068636,720.9579532068636,701.2533450855626,705.8897094726562,242079,0.0,0.0
2015-06-15 00:00:00+09:00,701.2532324988289,703.5714539709522,691.9804259118603,697.7759399414062,173724,0.0,0.0
2015-06-16 00:00:00+09:00,702.4124725297637,702.4124725297637,687.3442275905297,695.4578857421875,111086,0.0,0.0
2015-06-17 00:00:00+09:00,695.4578842064218,695.4578842064218,686.1851547111594,691.9805908203125,110545,0.0,0.0
2015-06-18 00:00:00+09:00,691.9805452180296,697.7760602467955,678.0714518917608,694.2987670898438,116276,0.0,0.0
2015-06-19 00:00:00+09:00,698.9350291038062,707.0486855138006,694.2986653411704,703.5714721679688,48217,0.0,0.0
2015-06-22 00:00:00+09:00,702.4124234071239,722.11711102774,701.2533521241012,719.7988891601562,166201,0.0,0.0
2015-06-23 00:00:00+09:00,744.1398823463594,744.1398823463594,719.7988322177064,726.75341796875,412376,0.0,0.0
2015-06-24 00:00:00+09:00,724.4351962845582,729.0716396529419,719.7988322177064,726.75341796875,74583,0.0,0.0
2015-06-25 00:00:00+09:00,727.9124303585453,732.5487940508667,720.9578451693003,730.2306518554688,134404,0.0,0.0
2015-06-26 00:00:00+09:00,732.5488330997212,732.5488330997212,712.8442268808476,717.4805908203125,139733,0.0,0.0
2015-06-29 00:00:00+09:00,711.6851285779633,712.8441996932405,698.9350291038062,703.5714721679688,93120,0.0,0.0
2015-06-30 00:00:00+09:00,696.6170999703406,702.4125366210938,691.9806554878769,702.4125366210938,132216,0.0,0.0
2015-07-01 00:00:00+09:00,701.2534086818821,715.1625824061165,698.9351866273282,712.8443603515625,63306,0.0,0.0
2015-07-02 00:00:00+09:00,712.8443603515625,717.4807251591258,707.0488448659501,712.8443603515625,84888,0.0,0.0
2015-07-03 00:00:00+09:00,712.844236184741,715.1624578354954,702.4123577086427,709.366943359375,72125,0.0,0.0
2015-07-06 00:00:00+09:00,704.7306024330273,715.1624812506765,693.1396524028173,700.09423828125,222096,0.0,0.0
2015-07-07 00:00:00+09:00,698.9350110267056,704.7305250562516,693.1395762986843,697.7759399414062,213644,0.0,0.0
2015-07-08 00:00:00+09:00,696.6169453420337,703.5715312204663,694.2987236153782,700.09423828125,66594,0.0,0.0
2015-07-09 00:00:00+09:00,695.4578857421875,695.4578857421875,682.7078628326602,695.4578857421875,208996,0.0,0.0
2015-07-10 00:00:00+09:00,696.6169453420337,703.5715312204663,691.9805018887229,700.09423828125,27663,0.0,0.0
2015-07-13 00:00:00+09:00,705.889662013774,707.0487332072355,696.6169338630175,704.7305908203125,333319,0.0,0.0
2015-07-14 00:00:00+09:00,753.4127308462162,791.6629585878605,711.6852889750579,712.8443603515625,2265747,0.0,0.0
2015-07-15 00:00:00+09:00,714.0033569335938,715.1625074902178,700.0942639679326,714.0033569335938,376605,0.0,0.0
2015-07-16 00:00:00+09:00,714.0033064042397,733.7079921554658,703.5715072436267,731.3897705078125,412993,0.0,0.0
2015-07-17 00:00:00+09:00,730.2307662114283,770.7991333007811,730.2307662114283,770.7991333007812,892557,0.0,0.0
2015-07-20 00:00:00+09:00,812.5264529046326,1001.4591674804689,803.2537254232258,1001.4591674804688,13280064,0.0,0.0
2015-07-21 00:00:00+09:00,1059.4141072688924,1157.937303481473,916.8452524649132,926.1179809570312,10933569,0.0,0.0
2015-07-22 00:00:00+09:00,915.6862147548617,1134.7554444965185,886.7087983783543,992.1865844726562,13270486,0.0,0.0
2015-07-23 00:00:00+09:00,996.8227458564706,1048.9820529898059,936.5497035211431,945.822509765625,3397098,0.0,0.0
2015-07-24 00:00:00+09:00,946.9817079077714,967.8454652819546,901.7769795652403,905.2542724609375,2252352,0.0,0.0
2015-07-27 00:00:00+09:00,911.0497684770654,945.8226997517621,870.4814015242777,876.2769165039062,1841315,0.0,0.0
2015-07-28 00:00:00+09:00,863.526788421576,923.7998409899321,818.3220584714604,878.5950317382812,2896154,0.0,0.0
2015-07-29 00:00:00+09:00,872.7996142591138,900.6178796867421,858.8904418945312,858.8904418945312,1129940,0.0,0.0
2015-07-30 00:00:00+09:00,851.9358179040137,869.3222825881445,820.6402607741114,824.1175537109375,999280,0.0,0.0
2015-07-31 00:00:00+09:00,819.4811456414744,834.5493892511067,799.776537683079,829.9130249023438,599122,0.0,0.0
2015-08-03 00:00:00+09:00,836.8675632217572,844.9812201935143,816.0038058930683,828.75390625,469226,0.0,0.0
2015-08-04 00:00:00+09:00,828.7540698258082,858.890561269989,821.7994826769129,851.9359741210938,524068,0.0,0.0
2015-08-05 00:00:00+09:00,851.9358674954624,855.4131606347029,834.54940179926,854.2540893554688,404202,0.0,0.0
2015-08-06 00:00:00+09:00,857.7312469108693,902.9359712738277,843.8220765525667,877.4358520507812,1195628,0.0,0.0
2015-08-07 00:00:00+09:00,878.5950692448324,885.5496555804339,853.0949457814731,868.1632690429688,553029,0.0,0.0
2015-08-10 00:00:00+09:00,865.8450923521382,867.0041637013838,832.2313095101293,833.390380859375,463361,0.0,0.0
2015-08-11 00:00:00+09:00,831.0721183194307,848.4585842177131,813.6857317226873,817.1630249023438,649603,0.0,0.0
2015-08-12 00:00:00+09:00,817.1630213879973,828.7539721698238,785.8673829056811,810.2084350585938,620487,0.0,0.0
2015-08-13 00:00:00+09:00,809.0492762006297,832.231256828895,795.1401829855158,821.7993774414062,260947,0.0,0.0
2015-08-14 00:00:00+09:00,821.7993774414062,821.7993774414062,821.7993774414062,821.7993774414062,0,0.0,0.0
2015-08-17 00:00:00+09:00,827.5947315654104,827.5947315654104,807.890125309674,812.5264892578125,215208,0.0,0.0
2015-08-18 00:00:00+09:00,812.5265200037434,817.1629634288545,781.2309630426744,791.662841796875,354988,0.0,0.0
2015-08-19 00:00:00+09:00,791.6630187699786,798.6176061607827,752.2537166559397,774.2765502929688,467073,0.0,0.0
2015-08-20 00:00:00+09:00,756.8899455323074,777.7537039480447,752.2535812071001,768.4808959960938,194814,0.0,0.0
2015-08-21 00:00:00+09:00,718.6398332399012,737.1853706724147,708.2079535650737,722.1171264648438,366298,0.0,0.0
2015-08-24 00:00:00+09:00,700.0942346941911,733.7080134000341,700.0942346941911,718.6397705078125,181735,0.0,0.0
2015-08-25 00:00:00+09:00,718.6399308164479,741.8218359293314,715.1626371193603,734.8672485351562,230120,0.0,0.0
2015-08-26 00:00:00+09:00,733.7081101090815,753.4127197265625,725.5944519902096,753.4127197265625,317685,0.0,0.0
2015-08-27 00:00:00+09:00,752.2535738195238,768.4808884491557,741.8216947141024,754.5717163085938,205119,0.0,0.0
2015-08-28 00:00:00+09:00,758.0489137976479,769.6399419881822,739.5033797149288,752.2534790039062,288721,0.0,0.0
2015-08-31 00:00:00+09:00,752.2534813182281,760.3671376353435,739.5033819900246,755.7307739257812,101430,0.0,0.0
2015-09-01 00:00:00+09:00,756.8898229237403,778.9126490279183,753.4125304177373,765.0034790039062,309719,0.0,0.0
2015-09-02 00:00:00+09:00,765.0036589131716,765.0036589131716,746.4581209535613,758.049072265625,193299,0.0,0.0
2015-09-03 00:00:00+09:00,765.0034447669485,806.7309529715124,752.2534256832341,762.685302734375,249926,0.0,0.0
2015-09-04 00:00:00+09:00,762.6855526040795,817.1630977401956,755.7309656248692,776.5947265625,1026877,0.0,0.0
2015-09-07 00:00:00+09:00,776.5946364028365,781.2310007501972,770.7991214924831,775.4354858398438,201028,0.0,0.0
2015-09-08 00:00:00+09:00,771.9582058054408,777.7537208137791,707.0487866388203,745.2990112304688,446542,0.0,0.0
2015-09-09 00:00:00+09:00,747.6172731647598,765.0036605185705,747.6172731647598,761.5263671875,126557,0.0,0.0
2015-09-10 00:00:00+09:00,768.4807715099092,768.4807715099092,752.2534593495775,765.0034790039062,134178,0.0,0.0
2015-09-11 00:00:00+09:00,765.0034790039062,768.4807715099092,755.7307518555805,765.0034790039062,82272,0.0,0.0
2015-09-14 00:00:00+09:00,765.0035504936535,782.3900146484375,765.0035504936535,782.3900146484375,139067,0.0,0.0
2015-09-15 00:00:00+09:00,778.9126767677241,793.9809183965288,770.7990203986025,784.7081909179688,272479,0.0,0.0
2015-09-16 00:00:00+09:00,791.6628944837292,817.1630178127964,784.7083081847529,803.2538452148438,702235,0.0,0.0
2015-09-17 00:00:00+09:00,803.253846514869,803.253846514869,768.4809149637092,777.7537231445312,384772,0.0,0.0
2015-09-18 00:00:00+09:00,773.1173414782046,781.230998892173,763.8445335040003,771.9581909179688,260429,0.0,0.0
2015-09-21 00:00:00+09:00,768.4809078537778,770.7991297029199,755.7308859373404,763.8445434570312,245584,0.0,0.0
2015-09-22 00:00:00+09:00,768.4809078537778,768.4809078537778,752.2535928143961,763.8445434570312,265470,0.0,0.0
2015-09-23 00:00:00+09:00,758.0490093437343,763.8445241694802,751.0945025749888,754.5717163085938,197391,0.0,0.0
2015-09-24 00:00:00+09:00,756.8900025132533,766.162811163289,752.2536378390065,761.5263671875,165615,0.0,0.0
2015-09-25 00:00:00+09:00,769.6399846726633,811.3674188476168,758.0489558392868,790.503662109375,326166,0.0,0.0
2015-09-30 00:00:00+09:00,790.5036043180919,829.9128932865025,788.1854621621129,816.0037231445312,1085696,0.0,0.0
2015-10-01 00:00:00+09:00,820.64016219341,849.6175734188262,816.0037193002462,831.0719604492188,496580,0.0,0.0
2015-10-02 00:00:00+09:00,833.3902023884248,848.4584439079175,820.6401823725179,840.3447875976562,396430,0.0,0.0
2015-10-05 00:00:00+09:00,846.1403473778663,846.1403473778663,832.23117620863,838.026611328125,205870,0.0,0.0
2015-10-06 00:00:00+09:00,847.2994884558841,848.4585597151172,826.4357299804688,826.4357299804688,279807,0.0,0.0
2015-10-07 00:00:00+09:00,826.4356760734427,894.8223826366395,822.9583832210249,862.36767578125,775657,0.0,0.0
2015-10-08 00:00:00+09:00,875.1178952528446,880.9134110889403,849.6178476183617,857.7315063476562,240689,0.0,0.0
2015-10-12 00:00:00+09:00,863.5268062488798,872.7996142591138,847.2994913578914,858.8904418945312,325258,0.0,0.0
2015-10-13 00:00:00+09:00,857.7313788855449,863.5268145588676,841.5039845368583,847.2994995117188,255235,0.0,0.0
2015-10-14 00:00:00+09:00,844.9812263369305,844.9812263369305,821.7993264486431,839.185791015625,317461,0.0,0.0
2015-10-15 00:00:00+09:00,833.3903270132838,849.6177213619704,832.2312557389268,847.2994995117188,172935,0.0,0.0
2015-10-16 00:00:00+09:00,847.2996091223462,858.890561269989,844.9813869721985,851.9359741210938,191028,0.0,0.0
2015-10-19 00:00:00+09:00,857.7313795912472,897.1406752687244,856.5722290143989,876.2769165039062,468150,0.0,0.0
2015-10-20 00:00:00+09:00,883.2313016263691,909.8904899983559,868.1630612725713,892.5040283203125,483806,0.0,0.0
2015-10-21 00:00:00+09:00,893.6634415398394,909.8907576789105,886.7088548226537,901.777099609375,328845,0.0,0.0
2015-10-22 00:00:00+09:00,898.2996099665669,899.4586810656524,875.1176328741775,880.9131469726562,350594,0.0,0.0
2015-10-23 00:00:00+09:00,882.0724120521292,901.7771008790804,872.7996826171875,872.7996826171875,340768,0.0,0.0
2015-10-26 00:00:00+09:00,872.7996826171875,880.9133406981472,867.0041672441918,872.7996826171875,155759,0.0,0.0
2015-10-27 00:00:00+09:00,869.3223111567145,873.9586754576699,860.0495032532675,867.0040893554688,141535,0.0,0.0
2015-10-28 00:00:00+09:00,869.3221791389664,872.7994716619953,850.7766454499862,853.0947875976562,120196,0.0,0.0
2015-10-29 00:00:00+09:00,844.9811109253216,856.5720592863175,844.9811109253216,849.6175537109375,108502,0.0,0.0
2015-10-30 00:00:00+09:00,846.1404348135682,851.9358705319331,831.0721116221276,832.2312622070312,185216,0.0,0.0
2015-11-02 00:00:00+09:00,821.7992957346717,860.0494370509364,821.7992957346717,834.54931640625,147619,0.0,0.0
2015-11-03 00:00:00+09:00,831.0720602830565,838.0266461567089,821.7993319858757,824.1175537109375,130100,0.0,0.0
2015-11-04 00:00:00+09:00,828.753877018675,833.3902409387862,821.7992914877434,827.5947265625,80710,0.0,0.0
2015-11-05 00:00:00+09:00,827.5948550981833,848.458614931377,820.6403477886605,841.5040283203125,97945,0.0,0.0
2015-11-06 00:00:00+09:00,842.6629940307971,860.0493774414062,834.5492585641185,860.0493774414062,175746,0.0,0.0
2015-11-09 00:00:00+09:00,860.049528118567,863.5268212702013,820.6403114687631,832.2312622070312,190496,0.0,0.0
2015-11-10 00:00:00+09:00,814.8447172256533,822.9583740234375,813.6856460549785,822.9583740234375,163419,0.0,0.0
2015-11-11 00:00:00+09:00,819.481098781183,829.9129774455275,819.481098781183,828.75390625,54435,0.0,0.0
2015-11-12 00:00:00+09:00,825.2766249227018,833.3902820081184,824.1175537109376,824.1175537109375,46716,0.0,0.0
2015-11-13 00:00:00+09:00,826.4357318153873,829.9130249023438,816.003852554518,829.9130249023438,81420,0.0,0.0
2015-11-16 00:00:00+09:00,811.3674223246527,820.6402295707857,807.8901295200442,819.4810791015625,108735,0.0,0.0
2015-11-17 00:00:00+09:00,825.2766133618852,834.5493415291699,819.481098781183,828.75390625,68623,0.0,0.0
2015-11-18 00:00:00+09:00,840.3449161885401,840.3449161885401,821.7993792265648,825.2766723632812,89924,0.0,0.0
2015-11-19 00:00:00+09:00,831.0721116221276,833.3903334903965,825.2766759037627,832.2312622070312,65730,0.0,0.0
2015-11-20 00:00:00+09:00,841.5038586986861,858.8903217217646,833.3902023884248,840.3447875976562,103160,0.0,0.0
2015-11-23 00:00:00+09:00,840.3447788329569,849.6175854490597,833.3901936962611,848.4584350585938,110895,0.0,0.0
2015-11-24 00:00:00+09:00,848.4585552680414,849.6177058227356,840.3448978928632,844.9812622070312,182442,0.0,0.0
2015-11-25 00:00:00+09:00,844.9811424902458,851.9357276269417,840.3447788329569,848.4584350585938,78611,0.0,0.0
2015-11-26 00:00:00+09:00,851.9358459012116,887.8678476620722,846.1404103504012,867.0040893554688,421345,0.0,0.0
2015-11-27 00:00:00+09:00,867.0041030063857,873.9586892180863,857.7313742584763,865.8450317382812,163411,0.0,0.0
2015-11-30 00:00:00+09:00,857.7313117452034,867.0040398172966,849.6176548567389,862.36767578125,155484,0.0,0.0
2015-12-01 00:00:00+09:00,860.0494529944057,885.5495741118095,860.0494529944057,884.3905029296875,248637,0.0,0.0
2015-12-02 00:00:00+09:00,886.7087885576076,956.2545712306629,875.1177586941508,916.8452758789062,980307,0.0,0.0
2015-12-03 00:00:00+09:00,916.8452024439557,956.2544946392151,900.6178095157757,943.50439453125,483359,0.0,0.0
2015-12-04 00:00:00+09:00,962.049954910656,1222.846685327878,956.2545195934151,1010.7320556640625,21574854,0.0,0.0
2015-12-07 00:00:00+09:00,1058.2549995305203,1099.982434908823,988.7092210323275,1000.3001708984375,3512367,0.0,0.0
2015-12-08 00:00:00+09:00,1004.9366012388417,1011.8911874773218,923.7998675252912,927.2771606445312,1958964,0.0,0.0
2015-12-09 00:00:00+09:00,921.4815900251076,941.1862762779023,882.072296821051,886.708740234375,1454740,0.0,0.0
2015-12-10 00:00:00+09:00,887.8678991977349,924.9589743613757,885.5496772619297,904.09521484375,889295,0.0,0.0
2015-12-11 00:00:00+09:00,901.7770803757328,927.2772046943505,883.231542625969,921.481689453125,655677,0.0,0.0
2015-12-14 00:00:00+09:00,913.3680232854305,927.2771962971809,892.5042637678049,904.09521484375,529006,0.0,0.0
2015-12-15 00:00:00+09:00,904.0951667850452,946.9817548577198,904.0951667850452,928.4362182617188,532574,0.0,0.0
2015-12-16 00:00:00+09:00,936.5498689989341,972.4818706801076,927.2771404175876,969.0045776367188,969804,0.0,0.0
2015-12-17 00:00:00+09:00,984.072705931058,984.072705931058,933.072466795554,938.8679809570312,1018066,0.0,0.0
2015-12-18 00:00:00+09:00,936.5498338696586,952.7772272306415,921.4815910140171,937.708984375,378990,0.0,0.0
2015-12-21 00:00:00+09:00,943.5043627482156,946.9816554512939,921.4815353958954,944.6635131835938,293586,0.0,0.0
2015-12-22 00:00:00+09:00,955.0954643657811,971.3228593362168,927.2771976045984,936.5499267578125,563742,0.0,0.0
2015-12-23 00:00:00+09:00,936.5498109693284,1025.8002740185677,926.1179324855318,946.981689453125,2384272,0.0,0.0
2015-12-24 00:00:00+09:00,953.9362874920904,982.9137016671726,950.4589946190193,967.845458984375,938923,0.0,0.0
2015-12-28 00:00:00+09:00,971.3227318754141,975.9590958436191,950.4589750661961,958.5726318359375,502669,0.0,0.0
2015-12-29 00:00:00+09:00,981.3102457397454,988.4905725988758,921.4742431640626,921.4742431640625,994068,46.38968,0.0
2015-12-30 00:00:00+09:00,941.8187549787549,941.8187549787549,915.4909108282934,933.441650390625,307683,0.0,0.0
2016-01-04 00:00:00+09:00,934.6382030310035,945.4086933196991,909.5070590240471,921.4742431640625,363766,0.0,0.0
2016-01-05 00:00:00+09:00,910.7038880458188,920.2776859041772,883.1793522509167,890.3596801757812,642246,0.0,0.0
2016-01-06 00:00:00+09:00,896.3432469509409,938.2284354590881,886.7694498094959,899.9334106445312,432071,0.0,0.0
2016-01-07 00:00:00+09:00,899.9334934289211,901.1301874783306,850.8679730200827,859.2449951171875,477039,0.0,0.0
2016-01-08 00:00:00+09:00,840.097437211913,872.4088298687471,828.1302517139886,870.0154418945312,354432,0.0,0.0
2016-01-11 00:00:00+09:00,871.2121047493528,886.7694535282825,847.2777346087856,875.9989624023438,259771,0.0,0.0
2016-01-12 00:00:00+09:00,868.8186349850513,883.1792898196363,855.6547559704229,875.9989624023438,106578,0.0,0.0
2016-01-13 00:00:00+09:00,877.1958301001631,891.5564045632689,865.2285619008109,883.1793823242188,155025,0.0,0.0
2016-01-14 00:00:00+09:00,875.999008781607,875.999008781607,856.8514952802768,866.42529296875,191697,0.0,0.0
2016-01-15 00:00:00+09:00,867.6220856939307,874.8024143083546,842.4909355434468,864.0319213867188,215341,0.0,0.0
2016-01-18 00:00:00+09:00,855.6547216412428,855.6547216412428,832.9170463572643,841.2940673828125,342384,0.0,0.0
2016-01-19 00:00:00+09:00,913.0974619909132,962.1629871494985,860.4417724609375,860.4417724609375,1592399,0.0,0.0
2016-01-20 00:00:00+09:00,861.6383417131826,867.6219754232527,820.9499272369206,831.7203369140625,446515,0.0,0.0
2016-01-21 00:00:00+09:00,831.7203756881819,843.6876436662262,813.7696374723533,830.523681640625,171139,0.0,0.0
2016-01-22 00:00:00+09:00,828.1302935455113,840.0974796479368,822.1466595564892,830.523681640625,141225,0.0,0.0
2016-01-25 00:00:00+09:00,841.2941433811125,855.6547989368125,831.7203457187737,837.7039794921875,134407,0.0,0.0
2016-01-26 00:00:00+09:00,837.7039261031239,855.6547444036963,828.1302109265591,842.4907836914062,133406,0.0,0.0
2016-01-27 00:00:00+09:00,862.8351511258071,862.8351511258071,835.3105332401228,840.0974731445312,131671,0.0,0.0
2016-01-28 00:00:00+09:00,838.9006673990802,847.2777709960938,831.7203396734204,847.2777709960938,81467,0.0,0.0
2016-01-29 00:00:00+09:00,841.2940673828125,849.6710884083606,832.9170463572643,841.2940673828125,119408,0.0,0.0
2016-02-01 00:00:00+09:00,843.6875594951849,850.867886815414,840.0973958350704,842.4907836914062,116364,0.0,0.0
2016-02-02 00:00:00+09:00,842.4907518535709,847.2776911365651,832.9170370387981,835.3104248046875,86926,0.0,0.0
2016-02-03 00:00:00+09:00,835.3105251186212,835.3105251186212,820.949951171875,820.949951171875,183195,0.0,0.0
2016-02-04 00:00:00+09:00,820.949951549572,849.6711813318959,813.7696236350866,848.4744873046875,132834,0.0,0.0
2016-02-05 00:00:00+09:00,852.0646138966051,855.6547776964095,843.6875923222664,850.867919921875,127853,0.0,0.0
2016-02-11 00:00:00+09:00,832.9171522670599,844.8843383789062,818.5564961825966,844.8843383789062,176031,0.0,0.0
2016-02-12 00:00:00+09:00,837.7039631609733,842.4908209610139,802.9991008283541,813.7695922851562,266549,0.0,0.0
2016-02-15 00:00:00+09:00,813.7696084272092,837.703979777792,806.5892806469111,824.5401000976562,84273,0.0,0.0
2016-02-16 00:00:00+09:00,829.3269663647449,843.6876220703125,824.540108421428,843.6876220703125,97647,0.0,0.0
2016-02-17 00:00:00+09:00,843.6875594951849,848.4744170834673,835.3104563711772,842.4907836914062,90552,0.0,0.0
2016-02-18 00:00:00+09:00,848.474493717662,849.6711877539152,837.704001764528,838.9006958007812,118508,0.0,0.0
2016-02-19 00:00:00+09:00,843.6876371350284,843.6876371350284,832.9171451635369,840.0974731445312,50526,0.0,0.0
2016-02-22 00:00:00+09:00,847.2778011255256,848.4744951638185,832.9171451635369,840.0974731445312,86963,0.0,0.0
2016-02-23 00:00:00+09:00,843.6877115629345,868.8187798377928,840.0975472557226,864.0319213867188,291971,0.0,0.0
2016-02-24 00:00:00+09:00,864.0318524220636,889.1630005666481,859.2449943530634,872.4088745117188,283354,0.0,0.0
2016-02-25 00:00:00+09:00,872.4088757812467,913.097374116006,862.8351596293146,901.1301879882812,518006,0.0,0.0
2016-02-26 00:00:00+09:00,909.5072920527128,948.9990998962912,908.310597894783,945.408935546875,993799,0.0,0.0
2016-02-29 00:00:00+09:00,964.5564463484247,974.1301633124625,895.1466299188337,897.5401000976562,985344,0.0,0.0
2016-03-02 00:00:00+09:00,903.523544923269,903.523544923269,884.3760314042397,893.9498291015625,216134,0.0,0.0
2016-03-03 00:00:00+09:00,893.9496343407399,913.0971436881866,890.3594712208687,910.7036743164062,198058,0.0,0.0
2016-03-04 00:00:00+09:00,903.523348076664,916.6873068080578,897.539797460611,910.7036743164062,136969,0.0,0.0
2016-03-07 00:00:00+09:00,910.7039502855677,929.8514654352554,908.3105620641213,919.0810546875,249900,0.0,0.0
2016-03-08 00:00:00+09:00,919.0809234897685,929.8513327000604,901.1301050132624,913.0972900390625,99324,0.0,0.0
2016-03-09 00:00:00+09:00,913.097428999793,913.097428999793,891.5564435497474,896.3433837890625,123574,0.0,0.0
2016-03-10 00:00:00+09:00,892.753172418838,907.1137467518145,889.1630083666889,891.556396484375,85157,0.0,0.0
2016-03-11 00:00:00+09:00,891.5563753776524,948.9989988521398,887.9662114104971,932.244873046875,410427,0.0,0.0
2016-03-14 00:00:00+09:00,946.6053159307846,946.6053159307846,916.6873168945312,916.6873168945312,340519,0.0,0.0
2016-03-15 00:00:00+09:00,916.6874997677822,933.4415432701202,915.4908057677912,929.8513793945312,121012,0.0,0.0
2016-03-16 00:00:00+09:00,938.2285906911635,975.3269277043992,923.8679335407982,933.441650390625,1083616,0.0,0.0
2016-03-17 00:00:00+09:00,933.4415432701202,946.6055047724849,919.0809696433802,929.8513793945312,272335,0.0,0.0
2016-03-18 00:00:00+09:00,929.8513733340607,944.2120287428183,923.8678214974885,939.4251708984375,288267,0.0,0.0
2016-03-21 00:00:00+09:00,944.212076129257,1002.851394699365,941.818688024759,971.7366943359375,1173222,0.0,0.0
2016-03-22 00:00:00+09:00,975.3267435885821,1000.4578069820183,965.752946670409,976.5234375,518265,0.0,0.0
2016-03-23 00:00:00+09:00,969.3431254443643,995.6709650366925,962.1627981123103,986.09716796875,474232,0.0,0.0
2016-03-24 00:00:00+09:00,987.2939360897157,998.0644270039628,959.7693209058808,981.310302734375,419616,0.0,0.0
2016-03-25 00:00:00+09:00,990.8841371380444,992.0808311040489,965.7529907226562,965.7529907226562,300077,0.0,0.0
2016-03-28 00:00:00+09:00,966.9497085039064,975.3268120990999,956.1792169177567,968.146484375,215582,0.0,0.0
2016-03-29 00:00:00+09:00,971.7367247740195,971.7367247740195,953.7859040499081,964.556396484375,259457,0.0,0.0
2016-03-30 00:00:00+09:00,960.9662239404191,971.7367162807486,958.57275390625,958.57275390625,140038,0.0,0.0
2016-03-31 00:00:00+09:00,960.9661257292888,981.3103323758664,956.1791861501777,974.1300048828125,252643,0.0,0.0
2016-04-01 00:00:00+09:00,988.490667330422,1035.162714511958,963.3595209150338,965.7529907226562,1407315,0.0,0.0
2016-04-04 00:00:00+09:00,963.3596191406249,980.1137457510307,962.1629250526038,963.359619140625,176872,0.0,0.0
2016-04-05 00:00:00+09:00,970.5399628046298,970.5399628046298,951.3924477146624,959.7694702148438,278507,0.0,0.0
2016-04-06 00:00:00+09:00,958.5726369225388,962.1628005978401,934.63826700427,935.8349609375,374811,0.0,0.0
2016-04-07 00:00:00+09:00,933.4415373338048,935.8350071941812,913.097330085259,926.2612915039062,362123,0.0,0.0
2016-04-08 00:00:00+09:00,925.0645154896799,950.1956624550058,914.2940239331116,939.4251708984375,301268,0.0,0.0
2016-04-11 00:00:00+09:00,937.0317923232645,951.3924491310249,925.0646056086719,946.6055908203125,112131,0.0,0.0
2016-04-12 00:00:00+09:00,950.19580078125,951.392494947652,940.6220018231523,950.19580078125,185842,0.0,0.0
2016-04-14 00:00:00+09:00,948.999106614848,958.5728236973185,944.2121661979855,950.19580078125,117511,0.0,0.0
2016-04-15 00:00:00+09:00,947.8022918266203,956.1793144002357,940.621963370486,951.3924560546875,130911,0.0,0.0
2016-04-18 00:00:00+09:00,954.9824660423018,957.3759357663155,929.8513205047955,944.2119750976562,244993,0.0,0.0
2016-04-19 00:00:00+09:00,944.2120212349514,963.3595343358392,933.4415297640244,947.8021850585938,144996,0.0,0.0
2016-04-20 00:00:00+09:00,953.7859192241928,954.982613332965,943.0154266183724,946.6055908203125,136862,0.0,0.0
2016-04-21 00:00:00+09:00,950.1956474765001,956.17919921875,945.4087897075774,956.17919921875,164995,0.0,0.0
2016-04-22 00:00:00+09:00,954.9824558408178,980.1136011098637,954.9824558408178,976.5234375,319862,0.0,0.0
2016-04-25 00:00:00+09:00,981.3104470165072,993.2776336111144,972.9334245878443,982.5071411132812,239388,0.0,0.0
2016-04-26 00:00:00+09:00,982.5070502617571,989.6873779296875,965.7530069536623,989.6873779296875,223380,0.0,0.0
2016-04-27 00:00:00+09:00,996.8676662079529,996.8676662079529,976.5234598697624,977.7201538085938,116009,0.0,0.0
2016-04-28 00:00:00+09:00,975.3267659309311,986.0971751316362,974.1299901164881,977.7201538085938,181483,0.0,0.0
2016-04-29 00:00:00+09:00,970.5399696284204,982.5071564093375,958.5727828475034,978.9169921875,174379,0.0,0.0
2016-05-02 00:00:00+09:00,974.1300362280062,981.3103639521062,960.9661566509002,968.146484375,104038,0.0,0.0
2016-05-03 00:00:00+09:00,966.9496846886607,976.5234820435369,957.375969209398,965.7529907226562,122797,0.0,0.0
2016-05-04 00:00:00+09:00,964.556395104268,968.1465592439533,956.1792908612541,963.359619140625,70819,0.0,0.0
2016-05-09 00:00:00+09:00,964.5563101941297,968.146474017772,947.8021850585938,947.8021850585938,99914,0.0,0.0
2016-05-10 00:00:00+09:00,937.0318374483192,953.7859651560832,937.0318374483192,950.19580078125,55034,0.0,0.0
2016-05-11 00:00:00+09:00,948.999015486002,962.1628956792273,947.8022395588948,957.3760375976562,88255,0.0,0.0
2016-05-12 00:00:00+09:00,960.9662461974576,966.9497986080344,952.5891418216531,959.7694702148438,60166,0.0,0.0
2016-05-13 00:00:00+09:00,960.9663085937501,960.9663085937501,946.60565087492,960.96630859375,94992,0.0,0.0
2016-05-16 00:00:00+09:00,968.1465521673055,968.1465521673055,952.5891197586376,958.57275390625,140164,0.0,0.0
2016-05-17 00:00:00+09:00,963.3595530986772,989.6873943596229,963.3595530986772,987.2940063476562,315515,0.0,0.0
2016-05-18 00:00:00+09:00,988.4907907376079,988.4907907376079,966.949805406583,978.9169921875,168457,0.0,0.0
2016-05-19 00:00:00+09:00,981.3102724867011,1026.785622583616,969.3430880205036,975.3267211914062,410103,0.0,0.0
2016-05-20 00:00:00+09:00,976.5236039566909,994.4744250658783,968.1465813976113,978.9169921875,138766,0.0,0.0
2016-05-23 00:00:00+09:00,982.5070443502941,1017.2119884950203,977.7201865590132,1012.425048828125,479829,0.0,0.0
2016-05-24 00:00:00+09:00,1011.2283926019982,1026.7857424111837,984.9005509536187,996.8677368164062,397867,0.0,0.0
2016-05-25 00:00:00+09:00,1010.0316834140494,1010.0316834140494,989.687394064699,1000.4578857421875,184469,0.0,0.0
2016-05-26 00:00:00+09:00,1006.4415031133971,1010.0316669473623,986.0972140957223,989.6873779296875,240872,0.0,0.0
2016-05-27 00:00:00+09:00,989.6873239313637,1004.0479784836932,981.310302734375,981.310302734375,240171,0.0,0.0
2016-05-30 00:00:00+09:00,981.3104853533202,1008.8350237837791,981.3104853533202,995.671142578125,286932,0.0,0.0
2016-05-31 00:00:00+09:00,1005.2447079636495,1030.3758543192052,992.0808287421005,1017.2119750976562,548112,0.0,0.0
2016-06-01 00:00:00+09:00,1017.211994157215,1077.0479215703324,1008.8348906313254,1069.86767578125,776537,0.0,0.0
2016-06-02 00:00:00+09:00,1094.9987145147668,1124.9167184428127,1049.523361644235,1053.113525390625,589585,0.0,0.0
2016-06-03 00:00:00+09:00,1054.3101684625492,1072.260986328125,1038.75282027092,1072.260986328125,294296,0.0,0.0
2016-06-07 00:00:00+09:00,1071.0645572818848,1112.949754741864,1068.671087016081,1087.818603515625,372328,0.0,0.0
2016-06-08 00:00:00+09:00,1109.3595902809727,1109.3595902809727,1074.6547217427762,1087.818603515625,265975,0.0,0.0
2016-06-09 00:00:00+09:00,1086.621908384782,1086.621908384782,1026.785888671875,1026.785888671875,877392,0.0,0.0
2016-06-10 00:00:00+09:00,1029.1791336335605,1071.0643218882017,1029.1791336335605,1065.0806884765625,274362,0.0,0.0
2016-06-13 00:00:00+09:00,1072.2610943878863,1105.7692638219598,1072.2610943878863,1090.2119140625,366890,0.0,0.0
2016-06-14 00:00:00+09:00,1093.8020996188402,1094.998793662264,1035.1627814811714,1077.0479736328125,452301,0.0,0.0
2016-06-15 00:00:00+09:00,1077.0478656732287,1081.8348051183352,1049.5233323041136,1060.2938232421875,115915,0.0,0.0
2016-06-16 00:00:00+09:00,1071.0644695229164,1071.0644695229164,1024.3924172310901,1025.589111328125,299594,0.0,0.0
2016-06-17 00:00:00+09:00,1023.195505193696,1055.5069783974516,1023.195505193696,1042.343017578125,197918,0.0,0.0
2016-06-20 00:00:00+09:00,1053.1137349774285,1104.572731624994,1043.5400176654712,1087.818603515625,397261,0.0,0.0
2016-06-21 00:00:00+09:00,1099.7857118475,1100.9824058672684,1062.6873784785034,1090.2119140625,283472,0.0,0.0
2016-06-22 00:00:00+09:00,1090.2120248434107,1179.9660504611375,1080.638226085578,1140.4742431640625,1370565,0.0,0.0
2016-06-23 00:00:00+09:00,1154.834988934085,1158.42515350917,1091.4088026913394,1114.146484375,441903,0.0,0.0
2016-06-24 00:00:00+09:00,1114.1461882094009,1117.7363518301381,992.0807888555587,1004.0479736328125,1287659,0.0,0.0
2016-06-27 00:00:00+09:00,952.5890611341102,1014.8185413121723,952.5890611341102,1000.4578857421875,476335,0.0,0.0
2016-06-28 00:00:00+09:00,1000.458043273221,1029.1793589356178,981.3105267901663,1026.785888671875,267320,0.0,0.0
2016-06-29 00:00:00+09:00,1029.1791768544522,1060.2938754001868,1029.1791768544522,1041.1463623046875,231712,0.0,0.0
2016-06-30 00:00:00+09:00,1051.9169463652106,1071.064461146127,1041.146453949266,1048.3267822265625,250940,0.0,0.0
2016-07-01 00:00:00+09:00,1048.3267000219128,1077.0479290032981,1048.3267000219128,1074.654541015625,278998,0.0,0.0
2016-07-04 00:00:00+09:00,1078.2446362506946,1157.2281542051323,1053.113490850225,1134.490478515625,1239913,0.0,0.0
2016-07-05 00:00:00+09:00,1159.6216813559581,1159.6216813559581,1120.129958572059,1144.0643310546875,408269,0.0,0.0
2016-07-06 00:00:00+09:00,1144.064400620417,1148.8513409085122,1100.9825111569337,1135.6873779296875,628360,0.0,0.0
2016-07-07 00:00:00+09:00,1138.0806498242484,1146.4576710557312,1118.9331376341686,1139.27734375,175722,0.0,0.0
2016-07-08 00:00:00+09:00,1140.4740048911076,1147.6543319904297,1118.93310546875,1118.93310546875,231415,0.0,0.0
2016-07-11 00:00:00+09:00,1124.9167258578336,1147.6544024429775,1115.3430103880958,1136.8839111328125,197709,0.0,0.0
2016-07-12 00:00:00+09:00,1136.8840043311702,1145.2611083984375,1118.9332658849605,1145.2611083984375,174541,0.0,0.0
2016-07-13 00:00:00+09:00,1145.2609992754997,1150.0478569466788,1124.916710890667,1127.3101806640625,272104,0.0,0.0
2016-07-14 00:00:00+09:00,1127.3100993207488,1130.900262783981,1094.998628151661,1102.178955078125,471880,0.0,0.0
2016-07-15 00:00:00+09:00,1102.1791687518357,1120.1299895480274,1096.19561640352,1109.3594970703125,186615,0.0,0.0
2016-07-18 00:00:00+09:00,1112.9494799794452,1126.1133585024256,1102.1789892557654,1123.719970703125,154778,0.0,0.0
2016-07-19 00:00:00+09:00,1127.3101545478426,1127.3101545478426,1103.3757029952083,1110.5560302734375,92275,0.0,0.0
2016-07-20 00:00:00+09:00,1114.1463707714713,1114.1463707714713,1085.4251389749736,1091.40869140625,159138,0.0,0.0
2016-07-21 00:00:00+09:00,1084.2284082901226,1103.3759242463623,1075.8513854109478,1094.9989013671875,339201,0.0,0.0
2016-07-22 00:00:00+09:00,1093.8020867064135,1098.5889446992185,1079.4414308523812,1096.195556640625,123346,0.0,0.0
2016-07-25 00:00:00+09:00,1084.2282432004233,1099.7856743044204,1084.2282432004233,1092.6053466796875,132940,0.0,0.0
2016-07-26 00:00:00+09:00,1092.6053466796875,1100.9823682833376,1086.6217130338723,1092.6053466796875,183348,0.0,0.0
2016-07-27 00:00:00+09:00,1094.9986789480135,1096.1954547416797,1078.2446365927917,1083.031494140625,159402,0.0,0.0
2016-07-28 00:00:00+09:00,1090.2119599374446,1096.1955940393063,1083.0316317654585,1093.8021240234375,98716,0.0,0.0
2016-07-29 00:00:00+09:00,1093.8019802836034,1106.9658589519254,1085.424959142343,1105.7691650390625,107876,0.0,0.0
2016-08-01 00:00:00+09:00,1105.7691650390625,1114.146186180323,1100.9823075120007,1105.7691650390625,123352,0.0,0.0
2016-08-02 00:00:00+09:00,1110.5561306190398,1115.3430704874625,1087.8184528086942,1096.195556640625,71860,0.0,0.0
2016-08-03 00:00:00+09:00,1100.9825304076135,1100.9825304076135,1061.49072265625,1061.49072265625,160145,0.0,0.0
2016-08-04 00:00:00+09:00,1066.2775577689376,1085.4250717390644,1059.0972297956878,1073.4578857421875,110424,0.0,0.0
2016-08-05 00:00:00+09:00,1074.6545855459647,1094.998793662264,1071.0644215400744,1077.0479736328125,74521,0.0,0.0
2016-08-08 00:00:00+09:00,1089.015226909424,1089.015226909424,1066.2775491367483,1067.4742431640625,60225,0.0,0.0
2016-08-09 00:00:00+09:00,1080.6381464486199,1080.6381464486199,1041.1464239374882,1055.507080078125,94246,0.0,0.0
2016-08-10 00:00:00+09:00,1062.687230404207,1062.687230404207,1033.965922926837,1047.1298828125,99285,0.0,0.0
2016-08-11 00:00:00+09:00,1036.3594584146258,1047.129949403577,1035.1626826098907,1037.55615234375,128316,0.0,0.0
2016-08-12 00:00:00+09:00,1053.1135343818091,1077.0479049783457,1042.3430430506837,1059.09716796875,100595,0.0,0.0
2016-08-16 00:00:00+09:00,1065.080796254803,1067.4742662367823,1050.7202219897858,1055.507080078125,117197,0.0,0.0
2016-08-17 00:00:00+09:00,1062.6873452404798,1062.6873452404798,1032.7693406770843,1041.1463623046875,108906,0.0,0.0
2016-08-18 00:00:00+09:00,1043.5397390139528,1047.1299025161798,1031.5724727561255,1033.9659423828125,75419,0.0,0.0
2016-08-19 00:00:00+09:00,1033.9659886807663,1044.7364796697175,1029.1791310886583,1037.55615234375,119433,0.0,0.0
2016-08-22 00:00:00+09:00,1037.5561179832857,1041.146281527375,1007.6381157410779,1016.01513671875,131806,0.0,0.0
2016-08-23 00:00:00+09:00,1023.1955784647857,1024.3923543639967,994.4743487692191,996.8677368164062,135073,0.0,0.0
2016-08-24 00:00:00+09:00,994.4744250658783,1005.2448358557672,978.9169921875,978.9169921875,131460,0.0,0.0
2016-08-25 00:00:00+09:00,980.113608813551,984.9004663724573,975.3267512546446,981.310302734375,89383,0.0,0.0
2016-08-26 00:00:00+09:00,981.3102950212817,986.0971525425634,972.9332738901363,976.5234375,72771,0.0,0.0
2016-08-29 00:00:00+09:00,971.7366937179888,980.113715829643,954.9825676190611,957.3760375976562,140287,0.0,0.0
2016-08-30 00:00:00+09:00,957.376051761625,982.507118468391,957.376051761625,966.9497680664062,60194,0.0,0.0
2016-08-31 00:00:00+09:00,974.1299901164881,984.9004811928048,962.1628051013402,977.7201538085938,102250,0.0,0.0
2016-09-01 00:00:00+09:00,977.7201244912503,986.0971455631043,976.5234305883023,984.9004516601562,67200,0.0,0.0
2016-09-02 00:00:00+09:00,984.9004740386113,993.2774953008042,974.1299830405301,986.09716796875,88618,0.0,0.0
2016-09-05 00:00:00+09:00,987.2939437744997,989.687331634777,974.1299830405301,986.09716796875,89394,0.0,0.0
2016-09-06 00:00:00+09:00,986.0971751316362,994.4742783302902,976.5234598697624,977.7201538085938,85556,0.0,0.0
2016-09-07 00:00:00+09:00,974.1301186846183,983.7039170856776,974.1301186846183,982.5071411132812,60075,0.0,0.0
2016-09-08 00:00:00+09:00,982.507118468391,983.7038944132041,957.376051761625,966.9497680664062,89211,0.0,0.0
2016-09-09 00:00:00+09:00,969.3431396484375,981.3103247520162,957.3759545448589,969.3431396484375,76333,0.0,0.0
2016-09-12 00:00:00+09:00,968.1465606291973,968.1465606291973,956.179292229375,964.556396484375,68498,0.0,0.0
2016-09-13 00:00:00+09:00,964.5563883359213,972.9334106445312,959.7694482661831,972.9334106445312,60380,0.0,0.0
2016-09-19 00:00:00+09:00,972.9334106445312,974.1301047241551,957.3760601069353,972.9334106445312,131528,0.0,0.0
2016-09-20 00:00:00+09:00,972.9334397348533,978.9169921875,962.1629470693408,978.9169921875,73508,0.0,0.0
2016-09-21 00:00:00+09:00,978.9168406366958,990.8841074405267,968.1464315142257,986.09716796875,105739,0.0,0.0
2016-09-22 00:00:00+09:00,984.9004663724573,989.6873239313637,980.113608813551,981.310302734375,97146,0.0,0.0
2016-09-23 00:00:00+09:00,981.3103874978738,987.294021370068,970.5398956532945,983.703857421875,117955,0.0,0.0
2016-09-26 00:00:00+09:00,987.2939283295912,987.2939283295912,975.3267435885821,976.5234375,95753,0.0,0.0
2016-09-27 00:00:00+09:00,975.3268583683036,976.5235524205526,965.7530603234541,971.7366943359375,86829,0.0,0.0
2016-09-28 00:00:00+09:00,972.9333033670723,977.7201610333814,966.9496698774769,969.3431396484375,42156,0.0,0.0
2016-09-29 00:00:00+09:00,970.5398647737444,994.4743176253844,969.3431707876276,989.6873779296875,70453,0.0,0.0
2016-09-30 00:00:00+09:00,988.4906448849104,988.4906448849104,977.7201538085936,977.7201538085938,66982,0.0,0.0
2016-10-04 00:00:00+09:00,984.900566541848,990.8842005057546,976.5235444928735,980.1137084960938,38900,0.0,0.0
2016-10-05 00:00:00+09:00,983.7037872539735,983.7037872539735,974.1299901164881,977.7201538085938,43134,0.0,0.0
2016-10-06 00:00:00+09:00,977.7201390962927,984.9004663724573,975.3267512546446,981.310302734375,90521,0.0,0.0
2016-10-07 00:00:00+09:00,983.7038724993141,984.900566541848,977.7202385354074,980.1137084960938,139109,0.0,0.0
2016-10-10 00:00:00+09:00,975.3268120990999,981.3103639521062,966.9497085039064,968.146484375,97599,0.0,0.0
2016-10-11 00:00:00+09:00,975.326773138033,975.326773138033,965.7529759298028,969.3431396484375,41283,0.0,0.0
2016-10-12 00:00:00+09:00,964.5564775421757,1001.6547343221118,963.3597014762476,994.4744873046875,243713,0.0,0.0
2016-10-13 00:00:00+09:00,996.8677908466267,998.0645668107029,977.7202760532481,992.0809326171875,82021,0.0,0.0
2016-10-14 00:00:00+09:00,992.0808866308183,1001.654602645922,969.3432087504247,988.49072265625,55573,0.0,0.0
2016-10-17 00:00:00+09:00,988.4906222410091,989.6873161524271,975.3267435885821,976.5234375,51289,0.0,0.0
2016-10-18 00:00:00+09:00,972.9334245878443,987.294081251622,971.7367304910704,982.5071411132812,40087,0.0,0.0
2016-10-19 00:00:00+09:00,982.5069889326998,986.0971525425634,975.3267435885821,976.5234375,40057,0.0,0.0
2016-10-20 00:00:00+09:00,976.5235444928735,983.7038724993141,972.9333804896532,980.1137084960938,37884,0.0,0.0
2016-10-21 00:00:00+09:00,980.1137084960939,984.900566541848,971.7366864471194,980.1137084960938,35815,0.0,0.0
2016-10-24 00:00:00+09:00,977.7201390962927,984.9004663724573,970.5398118201279,981.310302734375,49739,0.0,0.0
2016-10-25 00:00:00+09:00,981.3103247520162,982.5070186996903,965.7529759298028,969.3431396484375,64870,0.0,0.0
2016-10-26 00:00:00+09:00,978.9169853048112,978.9169853048112,947.802283518067,959.7694702148438,107561,0.0,0.0
2016-10-27 00:00:00+09:00,933.4415132952898,954.9824958570958,911.9006126090969,923.8677978515625,373091,0.0,0.0
2016-10-28 00:00:00+09:00,929.8514971958161,929.8514971958161,897.5401000976562,897.5401000976562,176124,0.0,0.0
2016-10-31 00:00:00+09:00,897.5400305298301,909.5072167451204,886.7695383733829,891.556396484375,84362,0.0,0.0
2016-11-01 00:00:00+09:00,901.1301642486759,911.9006560425732,890.3596724547785,898.7366943359375,64450,0.0,0.0
2016-11-02 00:00:00+09:00,908.3106726271614,908.3106726271614,877.1959669559711,879.58935546875,76550,0.0,0.0
2016-11-03 00:00:00+09:00,855.6548391892283,907.1137481837708,855.6548391892283,892.753173828125,77170,0.0,0.0
2016-11-04 00:00:00+09:00,898.7365895401045,909.507080078125,884.3759354894106,909.507080078125,40137,0.0,0.0
2016-11-07 00:00:00+09:00,921.4742644951674,921.4742644951674,891.5562625147576,909.507080078125,55153,0.0,0.0
2016-11-08 00:00:00+09:00,919.0808767371235,919.0808767371235,902.326753052778,909.507080078125,26414,0.0,0.0
2016-11-09 00:00:00+09:00,907.1137387943037,920.2777008285781,858.0482184290989,872.4088745117188,163519,0.0,0.0
2016-11-10 00:00:00+09:00,892.7531509860743,917.8842168721642,886.7695170842713,904.7203369140625,31754,0.0,0.0
2016-11-11 00:00:00+09:00,905.9170616958617,913.097389871517,895.1465694323786,911.9006958007812,93672,0.0,0.0
2016-11-14 00:00:00+09:00,915.4908057677912,941.8186468969049,909.5071720166044,929.8513793945312,43708,0.0,0.0
2016-11-15 00:00:00+09:00,934.6383666992188,943.0153888766024,927.4580385827128,934.6383666992188,74178,0.0,0.0
2016-11-16 00:00:00+09:00,941.818564893267,946.6054223520579,937.0316255588674,943.0152587890625,66706,0.0,0.0
2016-11-17 00:00:00+09:00,943.0154183142787,947.8022765828384,929.851455731211,940.6219482421875,64603,0.0,0.0
2016-11-18 00:00:00+09:00,958.5727237098934,958.5727237098934,926.2613295823794,938.228515625,93159,0.0,0.0
2016-11-21 00:00:00+09:00,937.0317548209741,947.8022469957332,927.4580385827128,934.6383666992188,31584,0.0,0.0
2016-11-22 00:00:00+09:00,938.228583811501,938.228583811501,927.4580910277027,928.65478515625,59517,0.0,0.0
2016-11-23 00:00:00+09:00,933.4414885859308,935.8349583213111,903.5234853339269,908.3104248046875,76733,0.0,0.0
2016-11-24 00:00:00+09:00,901.1301890434335,957.3760375976562,886.769532923101,957.3760375976562,47629,0.0,0.0
2016-11-25 00:00:00+09:00,957.3759717452942,957.3759717452942,909.5071485953455,914.2940063476562,95366,0.0,0.0
2016-11-28 00:00:00+09:00,915.4907036677247,957.3758896279414,901.1300497669404,903.5234375,70306,0.0,0.0
2016-11-29 00:00:00+09:00,908.3104248046875,909.5071187345721,899.933403544273,908.3104248046875,17283,0.0,0.0
2016-11-30 00:00:00+09:00,921.4742548759805,921.4742548759805,899.9333559004106,903.5234375,21346,0.0,0.0
2016-12-01 00:00:00+09:00,899.933365294734,933.4414489122099,899.933365294734,909.507080078125,35848,0.0,0.0
2016-12-02 00:00:00+09:00,923.8677341288189,923.8677341288189,903.5234469318,909.507080078125,10843,0.0,0.0
2016-12-05 00:00:00+09:00,904.7203513665472,919.0810074597849,881.9826731774605,886.76953125,99061,0.0,0.0
2016-12-06 00:00:00+09:00,886.7695397732242,908.3105241201229,885.572845712492,892.753173828125,43783,0.0,0.0
2016-12-07 00:00:00+09:00,892.7531275212082,920.2776626196958,887.9661877753372,902.3268432617188,29707,0.0,0.0
2016-12-08 00:00:00+09:00,903.5235604535782,917.8842163085939,901.1301723948208,917.8842163085938,29995,0.0,0.0
2016-12-09 00:00:00+09:00,917.8840106557896,926.2611126113961,907.1135211776665,916.6873168945312,20809,0.0,0.0
2016-12-12 00:00:00+09:00,921.4744429089463,922.6712188952929,916.6875845904303,919.0810546875,40722,0.0,0.0
2016-12-13 00:00:00+09:00,916.6874939380159,927.4579854962867,915.4907999456353,926.2612915039062,114698,0.0,0.0
2016-12-14 00:00:00+09:00,927.4580452097902,931.0482092936965,922.6711870564553,925.0645751953125,21051,0.0,0.0
2016-12-15 00:00:00+09:00,917.8842027799292,939.4251862449609,917.8842027799292,922.671142578125,74336,0.0,0.0
2016-12-16 00:00:00+09:00,926.2613511403616,928.6547392792187,920.2777170419777,925.0645751953125,27933,0.0,0.0
2016-12-19 00:00:00+09:00,925.0645154896799,947.8021925950078,925.0645154896799,939.4251708984375,102649,0.0,0.0
2016-12-20 00:00:00+09:00,939.4253076567503,956.1793534888873,939.4253076567503,950.19580078125,46926,0.0,0.0
2016-12-21 00:00:00+09:00,952.5889737066443,956.1791372696396,941.818564893267,943.0152587890625,25875,0.0,0.0
2016-12-22 00:00:00+09:00,948.9990526133175,962.1629333215482,937.0317841277703,954.9826049804688,47714,0.0,0.0
2016-12-23 00:00:00+09:00,953.785979734335,963.3596969631361,948.9991211199346,960.96630859375,62235,0.0,0.0
2016-12-26 00:00:00+09:00,960.9662871024698,965.7531456098159,943.0154653553886,945.408935546875,75165,0.0,0.0
2016-12-27 00:00:00+09:00,943.0154102661555,968.1465592439533,943.0154102661555,963.359619140625,60995,0.0,0.0
2016-12-28 00:00:00+09:00,981.7679094540896,981.7679094540896,963.3597412109375,963.3597412109375,59170,35.68437,0.0
2016-12-29 00:00:00+09:00,969.4956693361786,974.4044854242269,949.860321022366,953.5418701171875,95486,0.0,0.0
2017-01-02 00:00:00+09:00,951.0874239864153,951.0874239864153,925.3159947609026,932.6792602539062,135569,0.0,0.0
2017-01-03 00:00:00+09:00,932.6794473166944,948.6331644307543,932.6794473166944,941.2698974609375,19790,0.0,0.0
2017-01-04 00:00:00+09:00,942.4971820372405,946.1788155902749,933.9066477724062,943.724365234375,84356,0.0,0.0
2017-01-05 00:00:00+09:00,944.951451355,954.7691678083777,935.1338188632446,949.8603515625,113811,0.0,0.0
2017-01-06 00:00:00+09:00,955.9963508794415,955.9963508794415,935.1338188632446,949.8603515625,56550,0.0,0.0
2017-01-09 00:00:00+09:00,941.2697905074726,955.9963227737775,941.2697905074726,948.633056640625,47689,0.0,0.0
2017-01-10 00:00:00+09:00,949.8602702983214,981.7676991091572,943.724187544723,952.3146362304688,109825,0.0,0.0
2017-01-11 00:00:00+09:00,957.22358738997,1043.1283382776053,953.5419540096195,1002.63037109375,539180,0.0,0.0
2017-01-12 00:00:00+09:00,1002.630287762158,1002.630287762158,969.4956740545473,973.1773071289062,110344,0.0,0.0
2017-01-13 00:00:00+09:00,973.1772437779233,985.4493252397034,969.4956109432278,978.0860595703125,38243,0.0,0.0
2017-01-16 00:00:00+09:00,979.3132756435931,991.5853575203549,963.359560807641,976.8588256835938,123187,0.0,0.0
2017-01-17 00:00:00+09:00,991.5853935034985,995.2670265962897,979.3133111814012,981.7677612304688,99004,0.0,0.0
2017-01-18 00:00:00+09:00,982.9949336236625,1048.0370615838438,979.313300570761,1012.447998046875,410995,0.0,0.0
2017-01-19 00:00:00+09:00,1006.312134373688,1007.5393176716732,971.9502463753623,992.8128662109375,117138,0.0,0.0
2017-01-20 00:00:00+09:00,992.8126143669966,1033.310492543905,986.6765315103177,989.1309814453125,543286,0.0,0.0
2017-01-23 00:00:00+09:00,989.130991521973,992.8126244811633,973.1772766860208,976.8588256835938,108286,0.0,0.0
2017-01-24 00:00:00+09:00,987.90373228454,1021.0384291762979,976.8588333206208,980.5404663085938,302793,0.0,0.0
2017-01-25 00:00:00+09:00,989.1309862262862,989.1309862262862,965.8140055967897,968.2683715820312,90226,0.0,0.0
2017-01-26 00:00:00+09:00,968.2683715820312,976.8588204536106,963.3595556499312,968.2683715820312,36635,0.0,0.0
2017-01-31 00:00:00+09:00,967.0411652963699,975.6316139610318,949.860267967046,957.2234497070312,81375,0.0,0.0
2017-02-01 00:00:00+09:00,973.1773253005114,973.1773253005114,957.2235257059793,964.5867919921875,59689,0.0,0.0
2017-02-02 00:00:00+09:00,971.9502057075755,971.9502057075755,963.3597550578403,970.7230224609375,57469,0.0,0.0
2017-02-03 00:00:00+09:00,960.9051362300697,973.1773023926197,949.860321022366,953.5418701171875,118256,0.0,0.0
2017-02-06 00:00:00+09:00,957.223600553427,973.1774013954223,954.7692342405262,971.9501342773438,51304,0.0,0.0
2017-02-07 00:00:00+09:00,975.6316732040656,975.6316732040656,967.041224017768,973.1773071289062,35212,0.0,0.0
2017-02-08 00:00:00+09:00,969.4957679644431,974.4045845518726,967.0413176899142,971.9501342773438,21609,0.0,0.0
2017-02-09 00:00:00+09:00,973.1772766860208,979.3132756435931,967.0411937668313,976.8588256835938,49506,0.0,0.0
2017-02-10 00:00:00+09:00,976.8588256835938,978.0860926444021,968.2683767660222,976.8588256835938,17545,0.0,0.0
2017-02-13 00:00:00+09:00,976.8588562416452,978.0861232408448,967.041224017768,973.1773071289062,33940,0.0,0.0
2017-02-14 00:00:00+09:00,973.1772359974301,981.7676845558346,967.0411533347905,974.4044189453125,52260,0.0,0.0
2017-02-15 00:00:00+09:00,975.6317430159855,997.7215430427883,975.6317430159855,990.3582763671875,131357,0.0,0.0
2017-02-16 00:00:00+09:00,994.0399097049878,997.7215430427883,986.6766430293869,990.3582763671875,57773,0.0,0.0
2017-02-17 00:00:00+09:00,989.130875569788,997.7213234803329,985.449243042182,996.494140625,26019,0.0,0.0
2017-02-20 00:00:00+09:00,994.039924225607,998.9487407605053,992.8127410822892,997.7215576171875,93866,0.0,0.0
2017-02-21 00:00:00+09:00,994.0399211934747,1007.539187613675,990.3582878131242,1002.63037109375,47856,0.0,0.0
2017-02-22 00:00:00+09:00,1003.8573279020626,1006.3117775894544,995.2668799386031,1005.0845947265625,43927,0.0,0.0
2017-02-23 00:00:00+09:00,1008.7664430561897,1008.7664430561897,982.9950096915865,990.3582763671875,69210,0.0,0.0
2017-02-24 00:00:00+09:00,990.3582104597749,990.3582104597749,979.3133111814012,981.7677612304688,48985,0.0,0.0
2017-02-27 00:00:00+09:00,982.994957707708,982.994957707708,964.5867919921875,964.5867919921875,72752,0.0,0.0
2017-02-28 00:00:00+09:00,980.5404836011884,1025.9472632664344,965.8140353512016,1012.447998046875,597195,0.0,0.0
2017-03-02 00:00:00+09:00,1012.447998046875,1024.720080236007,998.9486488656962,1012.447998046875,279885,0.0,0.0
2017-03-03 00:00:00+09:00,1009.9935095562715,1021.0384082943035,984.22207916753,994.039794921875,190814,0.0,0.0
2017-03-06 00:00:00+09:00,987.9037248471569,1006.3118896484375,985.4493588480644,1006.3118896484375,83841,0.0,0.0
2017-03-07 00:00:00+09:00,995.2671073689247,1016.1297245750906,991.5854739773441,997.7215576171875,150987,0.0,0.0
2017-03-08 00:00:00+09:00,994.0397925139639,1009.993507109715,990.3581596102048,998.9486083984375,85046,0.0,0.0
2017-03-09 00:00:00+09:00,1008.7663241290006,1008.7663241290006,992.8126095332495,998.9486083984375,66447,0.0,0.0
2017-03-10 00:00:00+09:00,1000.1757731526061,1000.1757731526061,989.130875569788,996.494140625,81970,0.0,0.0
2017-03-13 00:00:00+09:00,1001.4030988881703,1014.9023641077298,990.3581997294657,1012.447998046875,120842,0.0,0.0
2017-03-14 00:00:00+09:00,1012.4480225282488,1072.5812518975256,1006.3119393045001,1036.9921875,1281231,0.0,0.0
2017-03-15 00:00:00+09:00,1079.9444516355416,1087.3077174656692,1013.6751431260099,1023.4928588867188,936788,0.0,0.0
2017-03-16 00:00:00+09:00,1021.0384570309155,1043.1282555613786,1017.356823942505,1029.62890625,237518,0.0,0.0
2017-03-17 00:00:00+09:00,1029.6288160015306,1038.2192644676497,1009.9934692382814,1009.9934692382812,172006,0.0,0.0
2017-03-20 00:00:00+09:00,1024.7200569907784,1024.7200569907784,1000.1758931692856,1001.403076171875,115582,0.0,0.0
2017-03-21 00:00:00+09:00,995.2670033368983,1006.3119023571527,995.2670033368983,1000.1759033203125,99532,0.0,0.0
2017-03-22 00:00:00+09:00,1000.1758675814441,1001.4030505526381,987.9037020230431,995.2669677734375,167593,0.0,0.0
2017-03-23 00:00:00+09:00,995.2670928303794,1006.3119928437808,990.3582763671874,990.3582763671875,41996,0.0,0.0
2017-03-24 00:00:00+09:00,995.2669677734376,1000.1758675814441,981.7677032054581,995.2669677734375,113983,0.0,0.0
2017-03-27 00:00:00+09:00,1000.1758982188624,1000.1758982188624,980.5404663085939,980.5404663085938,152694,0.0,0.0
2017-03-28 00:00:00+09:00,991.5854344584537,991.5854344584537,979.3133516294887,984.22216796875,47966,0.0,0.0
2017-03-29 00:00:00+09:00,985.449320619557,992.8125862544264,985.449320619557,987.9036865234375,55367,0.0,0.0
2017-03-30 00:00:00+09:00,994.0397715249409,994.0397715249409,980.5404231756556,982.994873046875,97823,0.0,0.0
2017-03-31 00:00:00+09:00,982.9949848743406,991.5854344584537,976.8589014790462,984.22216796875,134157,0.0,0.0
2017-04-03 00:00:00+09:00,984.2220537060028,991.585319340872,980.5404208885682,987.9036865234375,51517,0.0,0.0
2017-04-04 00:00:00+09:00,991.5853216537215,995.2669544797435,981.7676900920725,982.994873046875,116904,0.0,0.0
2017-04-05 00:00:00+09:00,979.3132402208531,985.4493229180945,969.4956086592041,982.994873046875,275191,0.0,0.0
2017-04-06 00:00:00+09:00,970.7230224609375,980.5406563573108,965.8142055127507,970.7230224609375,88860,0.0,0.0
2017-04-07 00:00:00+09:00,969.4956538106379,978.0861028175594,967.0412038251096,975.6316528320312,69973,0.0,0.0
2017-04-10 00:00:00+09:00,969.4955737424563,975.631572257093,951.0874102753235,954.76904296875,142452,0.0,0.0
2017-04-11 00:00:00+09:00,953.5419007756916,959.6779840542554,938.8154520380585,949.8603515625,105298,0.0,0.0
2017-04-12 00:00:00+09:00,957.223503445808,958.4507704393836,931.4521560050121,935.1337890625,123656,0.0,0.0
2017-04-13 00:00:00+09:00,937.5882742719399,946.1788084721474,933.9066407466025,940.042724609375,33689,0.0,0.0
2017-04-14 00:00:00+09:00,936.3608872447106,949.8602352194425,914.271090901483,924.0888061523438,137548,0.0,0.0
2017-04-17 00:00:00+09:00,924.0888823823464,943.7242305422162,922.8616993603604,931.4521484375,36475,0.0,0.0
2017-04-18 00:00:00+09:00,931.4522312825721,944.951497609924,924.0889645725161,942.4971313476562,55139,0.0,0.0
2017-04-19 00:00:00+09:00,941.2697086752063,944.9513414217081,932.6792602539062,932.6792602539062,192536,0.0,0.0
2017-04-20 00:00:00+09:00,941.2697881839001,941.2697881839001,932.6793390369681,935.1337890625,44663,0.0,0.0
2017-04-21 00:00:00+09:00,937.5882742719399,943.7243581347124,935.1339078961352,940.042724609375,25790,0.0,0.0
2017-04-24 00:00:00+09:00,951.0875380403281,951.0875380403281,930.2249219877799,933.9065551757812,78786,0.0,0.0
2017-04-25 00:00:00+09:00,943.7241584934117,943.7241584934117,928.9976275074044,932.6792602539062,104035,0.0,0.0
2017-04-26 00:00:00+09:00,931.4522240696195,941.2698569659179,928.9977738647322,938.8154907226562,88253,0.0,0.0
2017-04-27 00:00:00+09:00,938.8154907226561,943.7243071708053,928.9977738647322,938.8154907226562,133777,0.0,0.0
2017-04-28 00:00:00+09:00,944.9514212413881,944.9514212413881,932.6793390369681,935.1337890625,39366,0.0,0.0
2017-05-02 00:00:00+09:00,947.4059916600497,947.4059916600497,932.6794575587002,940.042724609375,87401,0.0,0.0
2017-05-04 00:00:00+09:00,947.4058328845829,947.4058328845829,938.8153840856766,946.1786499023438,95719,0.0,0.0
2017-05-08 00:00:00+09:00,944.9513781862474,957.2234598315104,942.4970122341643,955.9962768554688,126516,0.0,0.0
2017-05-10 00:00:00+09:00,960.9050903320312,962.132357266637,955.9962744784547,960.9050903320312,107753,0.0,0.0
2017-05-11 00:00:00+09:00,959.67800231082,984.2221679687499,959.67800231082,984.22216796875,319184,0.0,0.0
2017-05-12 00:00:00+09:00,981.7677108219721,1001.4030583214823,980.5404438796417,998.9486083984375,292503,0.0,0.0
2017-05-15 00:00:00+09:00,998.9487377133996,1007.539187613675,985.4494712931992,1002.63037109375,622301,0.0,0.0
2017-05-16 00:00:00+09:00,1002.6304441552398,1006.3120778038702,928.9978551442648,963.3597412109375,231079,0.0,0.0
2017-05-17 00:00:00+09:00,959.6778743954609,979.3132210969363,953.5417918180442,962.13232421875,155156,0.0,0.0
2017-05-18 00:00:00+09:00,963.3596367605502,967.0412700100067,944.9514705132676,965.8140869140625,112152,0.0,0.0
2017-05-19 00:00:00+09:00,965.8140942615976,987.9038099647626,957.2235606397629,969.4957275390625,350709,0.0,0.0
2017-05-22 00:00:00+09:00,971.9500097252126,980.5404586427841,965.8140107676403,976.8588256835938,318034,0.0,0.0
2017-05-23 00:00:00+09:00,980.5404942251248,994.0398435525661,967.0412288593039,981.7677612304688,298363,0.0,0.0
2017-05-24 00:00:00+09:00,997.7214902801243,1073.808519263194,964.5867919921875,964.5867919921875,4065345,0.0,0.0
2017-05-25 00:00:00+09:00,967.0411218158423,968.2683047237269,944.9513257042529,959.6778564453125,419580,0.0,0.0
2017-05-26 00:00:00+09:00,955.9962690903048,960.9050849162145,949.8602702983214,952.3146362304688,252453,0.0,0.0
2017-05-29 00:00:00+09:00,953.5419007756916,962.1324341580054,944.951451355,949.8603515625,221252,0.0,0.0
2017-05-30 00:00:00+09:00,949.8602780136453,959.6779097452093,948.633011075988,955.9962768554688,150470,0.0,0.0
2017-05-31 00:00:00+09:00,954.76904296875,960.9050414833868,948.632960492502,954.76904296875,152817,0.0,0.0
2017-06-01 00:00:00+09:00,953.5418191965424,957.2234520563785,949.8602702983214,952.3146362304688,109173,0.0,0.0
2017-06-02 00:00:00+09:00,970.722800529649,970.722800529649,951.0874532643951,952.3146362304688,487352,0.0,0.0
2017-06-05 00:00:00+09:00,960.9050849162145,960.9050849162145,946.1786374384853,952.3146362304688,143646,0.0,0.0
2017-06-07 00:00:00+09:00,955.9961482837891,955.9961482837891,946.1785178725956,947.4057006835938,94861,0.0,0.0
2017-06-08 00:00:00+09:00,951.0876323404439,951.0876323404439,941.2699148784751,943.724365234375,130715,0.0,0.0
2017-06-09 00:00:00+09:00,949.8604023125878,955.9964019573696,943.7243187061792,951.0875854492188,102082,0.0,0.0
2017-06-12 00:00:00+09:00,954.769159584991,968.2684251352916,951.087526441887,964.5867919921875,207993,0.0,0.0
2017-06-13 00:00:00+09:00,967.0411987304688,968.2683817359587,962.1323827468915,967.0411987304688,90729,0.0,0.0
2017-06-14 00:00:00+09:00,967.0412420747974,967.0412420747974,957.2235257059793,964.5867919921875,100121,0.0,0.0
2017-06-15 00:00:00+09:00,968.268558088567,968.268558088567,962.1325579819385,963.3597412109375,111638,0.0,0.0
2017-06-16 00:00:00+09:00,963.3595556499312,971.9500045215106,957.2234727635933,968.2683715820312,136472,0.0,0.0
2017-06-19 00:00:00+09:00,969.4957679644431,980.5405842957525,965.8141345334639,971.9501342773438,161312,0.0,0.0
2017-06-20 00:00:00+09:00,973.1772816811537,975.6316476921335,958.450749768804,967.0411987304688,133353,0.0,0.0
2017-06-21 00:00:00+09:00,967.0411399037157,969.4955897270049,958.4506914646225,962.13232421875,89515,0.0,0.0
2017-06-22 00:00:00+09:00,963.3595071495882,970.7227726578432,958.4506914646225,962.13232421875,65925,0.0,0.0
2017-06-23 00:00:00+09:00,962.1323827468915,969.4956487030663,960.9051157797838,967.0411987304688,55800,0.0,0.0
2017-06-26 00:00:00+09:00,968.2683047237269,969.4955715932226,958.450673537428,959.6778564453125,74842,0.0,0.0
2017-06-27 00:00:00+09:00,965.8139847037393,965.8139847037393,947.405820404559,952.3146362304688,134734,0.0,0.0
2017-06-28 00:00:00+09:00,954.7692188207386,959.6780353288895,946.178768941068,951.0875854492188,150007,0.0,0.0
2017-06-29 00:00:00+09:00,954.769187165693,965.8140869140625,952.3147370121807,965.8140869140625,199849,0.0,0.0
2017-06-30 00:00:00+09:00,965.8141345334639,973.1774013954223,959.6780508279558,971.9501342773438,152879,0.0,0.0
2017-07-03 00:00:00+09:00,974.404656162486,979.3134731106727,968.268572006027,970.7230224609375,166875,0.0,0.0
2017-07-04 00:00:00+09:00,976.8588256835938,984.2220916019744,965.8140107676403,976.8588256835938,184212,0.0,0.0
2017-07-05 00:00:00+09:00,971.9500198345479,978.0861028175594,969.4956538106379,975.6316528320312,36474,0.0,0.0
2017-07-06 00:00:00+09:00,975.6316528320312,976.8588358439863,969.4956538106379,975.6316528320312,44524,0.0,0.0
2017-07-07 00:00:00+09:00,974.4044054119706,976.8587712736471,960.9050573262991,962.13232421875,134547,0.0,0.0
2017-07-10 00:00:00+09:00,963.3597412109375,969.4958252791993,963.3597412109375,963.3597412109375,29864,0.0,0.0
2017-07-11 00:00:00+09:00,962.13232421875,967.0411399037157,954.7690587104952,962.13232421875,120156,0.0,0.0
2017-07-12 00:00:00+09:00,963.3595402396273,963.3595402396273,955.9962744784547,960.9050903320312,64391,0.0,0.0
2017-07-13 00:00:00+09:00,960.9050393531971,968.2683047237269,955.9962237600477,959.6778564453125,84327,0.0,0.0
2017-07-14 00:00:00+09:00,955.9964019573696,960.9052184655204,951.0875854492189,951.0875854492188,57610,0.0,0.0
2017-07-17 00:00:00+09:00,951.0875854492189,953.5419517224808,941.2698684712905,951.0875854492188,62398,0.0,0.0
2017-07-18 00:00:00+09:00,951.0874532643951,957.2234520563785,947.405820404559,952.3146362304688,52452,0.0,0.0
2017-07-19 00:00:00+09:00,951.0875854492189,954.7692188207386,946.178768941068,951.0875854492188,23470,0.0,0.0
2017-07-20 00:00:00+09:00,951.0875854492189,954.7692188207386,948.6331352143301,951.0875854492188,25756,0.0,0.0
2017-07-21 00:00:00+09:00,954.7690938794273,957.2234598315104,946.1786451239049,955.9962768554688,69914,0.0,0.0
2017-07-24 00:00:00+09:00,952.3146870855803,958.4507701668554,949.860321022366,953.5418701171875,33435,0.0,0.0
2017-07-25 00:00:00+09:00,953.5419517224808,954.7692188207386,947.405952077699,951.0875854492188,60506,0.0,0.0
2017-07-26 00:00:00+09:00,949.8603980577122,955.9963976750081,940.0426811237621,942.4971313476562,90270,0.0,0.0
2017-07-27 00:00:00+09:00,948.6330566406251,955.9963227737775,941.2697905074726,948.633056640625,37276,0.0,0.0
2017-07-28 00:00:00+09:00,948.6330490527528,952.3146820898805,892.1814544322854,944.951416015625,71820,0.0,0.0
2017-07-31 00:00:00+09:00,938.8155564677072,944.9515564671899,909.3624877929688,909.3624877929688,160605,0.0,0.0
2017-08-01 00:00:00+09:00,911.8169159227031,930.2249994336519,909.362465605816,922.86181640625,42878,0.0,0.0
2017-08-02 00:00:00+09:00,933.9064374415924,933.9064374415924,917.9527236253542,924.0888061523438,48392,0.0,0.0
2017-08-03 00:00:00+09:00,930.2250221298208,930.2250221298208,906.9080374161967,909.3624877929688,54600,0.0,0.0
2017-08-04 00:00:00+09:00,909.3622355906228,910.5894184578464,895.8629721663385,905.6806030273438,52959,0.0,0.0
2017-08-07 00:00:00+09:00,915.4984955134157,915.4984955134157,899.5447792970662,901.9991455078125,37118,0.0,0.0
2017-08-08 00:00:00+09:00,901.9990870611352,910.5895361653628,887.2725549043913,897.0902709960938,107567,0.0,0.0
2017-08-09 00:00:00+09:00,899.5447851581519,899.5447851581519,884.818251951223,892.1815185546875,52019,0.0,0.0
2017-08-10 00:00:00+09:00,888.499880211584,892.1815134924265,857.8196308584378,859.0468139648438,243595,0.0,0.0
2017-08-11 00:00:00+09:00,845.5473962424252,871.3187406240543,839.4113138877842,844.3201293945312,121878,0.0,0.0
2017-08-14 00:00:00+09:00,866.4099902110656,866.4099902110656,823.4576623863805,839.411376953125,105509,0.0,0.0
2017-08-16 00:00:00+09:00,844.3203052623289,850.4563888950862,834.5026722038698,840.638671875,40237,0.0,0.0
2017-08-17 00:00:00+09:00,838.1841939746419,846.7746427472557,836.9569270345428,839.411376953125,34950,0.0,0.0
2017-08-18 00:00:00+09:00,844.3201928286735,844.3201928286735,832.0481111589943,839.411376953125,25512,0.0,0.0
2017-08-21 00:00:00+09:00,841.8658268717072,841.8658268717072,832.0481111589943,839.411376953125,34866,0.0,0.0
2017-08-22 00:00:00+09:00,841.8657736420781,844.3201394438594,836.9568741152945,843.0929565429688,25277,0.0,0.0
2017-08-23 00:00:00+09:00,846.7746427472557,846.7746427472557,835.7297440560596,839.411376953125,22399,0.0,0.0
2017-08-24 00:00:00+09:00,834.5025711600158,838.1842041015625,822.2304893420657,838.1842041015625,70578,0.0,0.0
2017-08-25 00:00:00+09:00,840.6386475606311,863.9556303520923,840.6386475606311,859.0468139648438,57831,0.0,0.0
2017-08-28 00:00:00+09:00,857.8195622829112,862.7283782777407,852.9106623264637,855.3651123046875,49409,0.0,0.0
2017-08-29 00:00:00+09:00,852.91064453125,856.5922774409627,846.7746456561397,852.91064453125,36210,0.0,0.0
2017-08-30 00:00:00+09:00,855.3651021624979,857.8195521116189,851.683469219625,856.59228515625,20643,0.0,0.0
2017-08-31 00:00:00+09:00,857.8195648229815,857.8195648229815,844.3202158452052,850.456298828125,51756,0.0,0.0
2017-09-01 00:00:00+09:00,854.137911475565,854.137911475565,849.2290955831536,852.91064453125,12196,0.0,0.0
2017-09-04 00:00:00+09:00,845.5475137022195,846.7746967589787,828.3665310994828,835.7297973632812,39152,0.0,0.0
2017-09-05 00:00:00+09:00,840.6385718178939,840.6385718178939,763.3243638479461,774.3692626953125,967231,0.0,0.0
2017-09-06 00:00:00+09:00,782.9596764966653,786.6413092807745,736.325717205692,746.1434326171875,442349,0.0,0.0
2017-09-07 00:00:00+09:00,752.2794825634656,754.733932574055,735.098584374198,747.3706665039062,444626,0.0,0.0
2017-09-08 00:00:00+09:00,752.2795291792227,754.7339793419045,735.0986299253234,740.0074462890625,314051,0.0,0.0
2017-09-11 00:00:00+09:00,747.3706614387576,747.3706614387576,738.7802124023438,738.7802124023438,67916,0.0,0.0
2017-09-12 00:00:00+09:00,742.4618964517443,749.8251629781653,738.7802631885338,740.0074462890625,185236,0.0,0.0
2017-09-13 00:00:00+09:00,747.3706256805312,751.052258514505,742.4618098891043,744.916259765625,66380,0.0,0.0
2017-09-14 00:00:00+09:00,749.8252424040375,749.8252424040375,742.4619750976562,742.4619750976562,51313,0.0,0.0
2017-09-15 00:00:00+09:00,741.2346996684691,760.8700487225935,741.2346996684691,757.1884155273438,120506,0.0,0.0
2017-09-18 00:00:00+09:00,758.4155479029889,791.5502444450882,758.4155479029889,774.3692626953125,273779,0.0,0.0
2017-09-19 00:00:00+09:00,776.8237885558472,790.3230547139628,770.6877050538512,781.7326049804688,140825,0.0,0.0
2017-09-20 00:00:00+09:00,781.7325336412849,782.959716645044,763.3243687768108,764.5516357421875,109280,0.0,0.0
2017-09-21 00:00:00+09:00,763.3244093120661,834.5026225806444,757.1884100058096,767.0060424804688,2685522,0.0,0.0
2017-09-25 00:00:00+09:00,795.2319353490406,855.3651659515959,785.4142187820146,808.731201171875,2214050,0.0,0.0
2017-09-26 00:00:00+09:00,808.7312011718751,808.7312011718751,808.7312011718751,808.731201171875,0,0.0,0.0
2017-09-27 00:00:00+09:00,773.1420974351721,790.3229956174563,768.2332813776079,776.82373046875,122351,0.0,0.0
2017-09-28 00:00:00+09:00,769.4604644015942,780.5053635023279,767.0060143920025,776.82373046875,261243,0.0,0.0
2017-09-29 00:00:00+09:00,784.1870266191223,833.2753570011437,781.7325765153723,791.55029296875,363146,0.0,0.0
2017-10-10 00:00:00+09:00,802.5951160507378,829.593731598437,791.5503003844445,795.23193359375,148370,0.0,0.0
2017-10-11 00:00:00+09:00,791.550282765068,823.4577138943954,784.1870165103584,792.7774658203125,181226,0.0,0.0
2017-10-12 00:00:00+09:00,796.4591571870516,809.9584236667101,789.0958903939187,797.6863403320312,83549,0.0,0.0
2017-10-13 00:00:00+09:00,807.5039060847103,807.5039060847103,773.1420288085936,773.1420288085938,305718,0.0,0.0
2017-10-16 00:00:00+09:00,779.2780733409882,781.7325232775844,762.0971756696639,765.77880859375,148184,0.0,0.0
2017-10-17 00:00:00+09:00,770.6876933510207,779.2781429540695,765.7788770009391,769.4605102539062,146431,0.0,0.0
2017-10-18 00:00:00+09:00,775.5964946958704,779.2781278776102,755.9611457137992,762.0972290039062,99295,0.0,0.0
2017-10-19 00:00:00+09:00,763.3243329956291,770.6875985962623,754.7338844487617,759.6427001953125,109187,0.0,0.0
2017-10-20 00:00:00+09:00,762.0971306882407,776.823661515378,759.642680896514,773.1420288085938,62335,0.0,0.0
2017-10-23 00:00:00+09:00,768.2333169438684,778.0509495135157,763.324416697422,770.6876831054688,67598,0.0,0.0
2017-10-24 00:00:00+09:00,770.6876297461904,779.2780786402697,762.0971808521111,774.3692626953125,80404,0.0,0.0
2017-10-25 00:00:00+09:00,775.5963745117188,778.0508242397517,765.7787435228058,775.5963745117188,68432,0.0,0.0
2017-10-26 00:00:00+09:00,776.8237617308654,778.0509448042378,762.0972290039062,762.0972290039062,67020,0.0,0.0
2017-10-27 00:00:00+09:00,768.2332585303463,770.6876245053261,763.3243586571538,765.77880859375,29373,0.0,0.0
2017-10-30 00:00:00+09:00,765.7788187459466,770.6876347226005,760.8700027692927,764.5516357421875,128374,0.0,0.0
2017-10-31 00:00:00+09:00,764.551683739845,771.9149501478919,764.551683739845,770.6876831054688,54929,0.0,0.0
2017-11-01 00:00:00+09:00,771.9149426794205,778.0509419856769,758.4155930747365,767.0060424804688,169039,0.0,0.0
2017-11-02 00:00:00+09:00,771.9148320036414,774.3691977895926,760.8699340820312,760.8699340820312,183754,0.0,0.0
2017-11-03 00:00:00+09:00,773.1420846917363,776.8237176646311,760.8700027692927,764.5516357421875,186570,0.0,0.0
2017-11-06 00:00:00+09:00,765.77880859375,771.9148914544324,762.0971756696639,765.77880859375,57291,0.0,0.0
2017-11-07 00:00:00+09:00,765.7788770009391,773.1421435068735,764.5516939038247,769.4605102539062,42429,0.0,0.0
2017-11-08 00:00:00+09:00,771.9148258620835,785.4140894622411,767.0059264060176,775.5963745117188,90723,0.0,0.0
2017-11-09 00:00:00+09:00,773.1421257483473,782.9597582230065,765.7788594115419,767.0060424804688,90932,0.0,0.0
2017-11-10 00:00:00+09:00,767.0059463100827,776.823661515378,763.3243136032983,773.1420288085938,103805,0.0,0.0
2017-11-13 00:00:00+09:00,771.9148458935362,778.0508444304356,765.7787633950251,773.1420288085938,55774,0.0,0.0
2017-11-14 00:00:00+09:00,775.5964993902924,775.5964993902924,760.8700505358216,770.6876831054688,159702,0.0,0.0
2017-11-15 00:00:00+09:00,770.68763726573,770.68763726573,736.3257573925296,748.5978393554688,354024,0.0,0.0
2017-11-16 00:00:00+09:00,748.5978393554688,753.5067393099388,737.553024361956,748.5978393554688,126410,0.0,0.0
2017-11-17 00:00:00+09:00,749.825002221164,753.5066346950595,743.688920110803,751.0521850585938,96024,0.0,0.0
2017-11-20 00:00:00+09:00,751.052243874571,767.0059578569404,748.5977940458939,755.9610595703125,127863,0.0,0.0
2017-11-21 00:00:00+09:00,754.7339477539062,763.3243970213185,753.506764704739,754.7339477539062,85478,0.0,0.0
2017-11-22 00:00:00+09:00,754.7338968335592,764.5516124493785,753.5067138671876,753.5067138671875,68375,0.0,0.0
2017-11-23 00:00:00+09:00,760.8699592276669,760.8699592276669,751.052243874571,755.9610595703125,94698,0.0,0.0
2017-11-24 00:00:00+09:00,758.4155630050639,762.0971960274971,751.0522969601973,752.2794799804688,99268,0.0,0.0
2017-11-27 00:00:00+09:00,758.415552800157,764.5516357421875,754.7339198272622,764.5516357421875,98653,0.0,0.0
2017-11-28 00:00:00+09:00,764.5515485508504,767.0059142784667,757.1882834447856,758.4154663085938,123950,0.0,0.0
2017-11-29 00:00:00+09:00,760.8699795886481,767.005978382122,751.052263972829,753.5067138671875,144746,0.0,0.0
2017-11-30 00:00:00+09:00,752.279384066337,763.3242817254343,752.279384066337,758.4154663085938,89411,0.0,0.0
2017-12-01 00:00:00+09:00,758.4155296942896,764.5516124493785,753.5067138671876,753.5067138671875,57957,0.0,0.0
2017-12-04 00:00:00+09:00,755.961113002902,758.4155630050639,747.3706639377641,752.2794799804688,87132,0.0,0.0
2017-12-05 00:00:00+09:00,752.2795152925956,760.8700487225935,738.780249551095,757.1884155273438,113291,0.0,0.0
2017-12-06 00:00:00+09:00,759.6426672274456,768.2331993631047,757.1883014414944,760.8699340820312,104238,0.0,0.0
2017-12-07 00:00:00+09:00,763.3243329956291,765.7787828497114,757.1883343028439,759.6427001953125,101422,0.0,0.0
2017-12-08 00:00:00+09:00,764.551607740741,773.1420563756674,759.6427079822563,763.3243408203125,117111,0.0,0.0
2017-12-11 00:00:00+09:00,763.3242998679823,765.7787496155436,757.1883014414944,760.8699340820312,76740,0.0,0.0
2017-12-12 00:00:00+09:00,760.8699749026847,764.551607740741,759.6427079822563,763.3243408203125,47111,0.0,0.0
2017-12-13 00:00:00+09:00,762.0972262431392,770.6876756488715,762.0972262431392,767.0060424804688,104154,0.0,0.0
2017-12-14 00:00:00+09:00,768.2333388223531,792.7775049070863,765.7788886292296,781.7326049804688,454039,0.0,0.0
2017-12-15 00:00:00+09:00,782.9597193136977,784.1869862832575,771.9149043189856,778.0509033203125,166063,0.0,0.0
2017-12-18 00:00:00+09:00,781.7326194761862,807.5040531161752,775.5965358604085,789.0958862304688,240042,0.0,0.0
2017-12-19 00:00:00+09:00,790.3229254658462,790.3229254658462,768.2332131867518,773.1420288085938,153759,0.0,0.0
2017-12-21 00:00:00+09:00,768.2333374023438,774.3693369313726,764.5517041002764,768.2333374023438,60744,0.0,0.0
2017-12-22 00:00:00+09:00,768.2332637545204,775.5964456911476,768.2332637545204,774.3692626953125,40315,0.0,0.0
2017-12-26 00:00:00+09:00,775.5964634831447,787.8686295694838,774.3692804591584,776.82373046875,94109,0.0,0.0
2017-12-27 00:00:00+09:00,783.0883850755857,793.1119563167645,783.0883850755857,785.5942993164062,63367,23.19484,0.0
2017-12-28 00:00:00+09:00,786.847256171608,791.8589992024556,768.0531126532945,773.06494140625,157109,0.0,0.0
2018-01-02 00:00:00+09:00,766.8001181286108,771.8118606352942,755.5236331969991,760.5354614257812,175768,0.0,0.0
2018-01-03 00:00:00+09:00,761.7884042582784,780.5825465174544,761.7884042582784,771.8118896484375,49228,0.0,0.0
2018-01-04 00:00:00+09:00,771.8119507008653,801.8825806942154,768.0531219516964,791.8590087890625,263037,0.0,0.0
2018-01-05 00:00:00+09:00,788.1001741821457,799.3765733971883,781.8354317541454,789.3530883789062,205212,0.0,0.0
2018-01-08 00:00:00+09:00,784.3414217892799,791.8589934195975,783.0884217491376,790.6060791015625,93762,0.0,0.0
2018-01-09 00:00:00+09:00,790.6060433960533,813.1590144347858,789.3531291346027,805.641357421875,299406,0.0,0.0
2018-01-10 00:00:00+09:00,805.6413999539988,805.6413999539988,779.3295990197354,793.1119995117188,178484,0.0,0.0
2018-01-11 00:00:00+09:00,794.3648041062183,798.1236322918708,768.0530068066515,774.3177490234375,199008,0.0,0.0
2018-01-12 00:00:00+09:00,774.3177490234375,778.0765772090899,764.2941786209991,774.3177490234375,203401,0.0,0.0
2018-01-15 00:00:00+09:00,771.8119719286988,780.5826297327256,770.5590575518854,775.57080078125,72799,0.0,0.0
2018-01-16 00:00:00+09:00,775.5707578751484,776.8237579047544,761.7884433263329,768.0531005859375,288853,0.0,0.0
2018-01-17 00:00:00+09:00,768.0530697252516,774.3178124552428,763.0413269745204,765.5472412109375,119437,0.0,0.0
2018-01-18 00:00:00+09:00,766.8001862784379,775.5707578751484,765.5472719709383,768.0531005859375,74410,0.0,0.0
2018-01-19 00:00:00+09:00,768.0530734596967,793.1119587794005,768.0530734596967,776.82373046875,318215,0.0,0.0
2018-01-22 00:00:00+09:00,781.8355559974266,783.0884703932905,771.8119836641769,780.5826416015625,76763,0.0,0.0
2018-01-23 00:00:00+09:00,780.582611247122,785.5943543577995,773.0649537200513,783.0884399414062,127560,0.0,0.0
2018-01-24 00:00:00+09:00,780.5825175573848,790.6060025756668,780.5825175573848,789.3530883789062,87075,0.0,0.0
2018-01-25 00:00:00+09:00,786.8472476467911,800.6296479849362,785.5943333331803,799.3766479492188,187271,0.0,0.0
2018-01-26 00:00:00+09:00,795.6177493784321,803.1354060437628,795.6177493784321,800.6295776367188,145528,0.0,0.0
2018-01-29 00:00:00+09:00,801.8825265260482,821.9295832600417,800.6296122683308,814.4119262695312,226188,0.0,0.0
2018-01-30 00:00:00+09:00,810.6530939669213,816.9178366702911,800.6296085080529,803.1354370117188,198187,0.0,0.0
2018-01-31 00:00:00+09:00,801.8825686770749,829.4472838505205,786.8472539057215,821.9296264648438,444497,0.0,0.0
2018-02-01 00:00:00+09:00,826.9413728704194,883.3238034940744,818.1708011252201,853.253173828125,1473389,0.0,0.0
2018-02-02 00:00:00+09:00,853.2531480084918,853.2531480084918,816.917862076389,818.1707763671875,715246,0.0,0.0
2018-02-05 00:00:00+09:00,801.8825313573872,808.1472741279252,793.1119600563167,796.8707885742188,135721,0.0,0.0
2018-02-06 00:00:00+09:00,786.8472687049416,786.8472687049416,764.2942961237294,783.0884399414062,366740,0.0,0.0
2018-02-07 00:00:00+09:00,790.6060786846184,799.3766503504529,770.5590209960938,770.5590209960938,231490,0.0,0.0
2018-02-08 00:00:00+09:00,773.0648995565101,790.6060420759441,770.5589853156897,785.5942993164062,48614,0.0,0.0
2018-02-09 00:00:00+09:00,776.8237640271795,781.835507018784,768.0531066392381,770.5590209960938,194258,0.0,0.0
2018-02-12 00:00:00+09:00,779.3295465521079,779.3295465521079,765.5472327101136,771.8118896484375,108079,0.0,0.0
2018-02-13 00:00:00+09:00,771.8119137500202,776.8237423237075,764.2942566115938,766.8001708984375,115245,0.0,0.0
2018-02-14 00:00:00+09:00,768.0531126532945,773.06494140625,764.2942839496319,773.06494140625,42336,0.0,0.0
2018-02-19 00:00:00+09:00,776.8238126918579,784.3414705112671,774.3178981780173,780.5826416015625,57918,0.0,0.0
2018-02-20 00:00:00+09:00,780.5826019453192,784.3414306640625,775.570773172256,784.3414306640625,56405,0.0,0.0
2018-02-21 00:00:00+09:00,785.5943513551871,791.8590087890625,780.582608263665,791.8590087890625,60390,0.0,0.0
2018-02-22 00:00:00+09:00,793.1120301347742,801.8826022108022,783.0884579606628,795.6178588867188,122793,0.0,0.0
2018-02-23 00:00:00+09:00,795.6177885868491,799.3766171047512,788.1002172731484,796.8707885742188,36954,0.0,0.0
2018-02-26 00:00:00+09:00,798.1237733607744,799.3766877367466,789.3532012847463,795.6178588867188,65185,0.0,0.0
2018-02-27 00:00:00+09:00,795.6178588867188,801.8826022108022,789.3532012847463,795.6178588867188,57134,0.0,0.0
2018-02-28 00:00:00+09:00,795.6178192862798,805.641390961486,791.8589906233408,799.3766479492188,151324,0.0,0.0
2018-03-02 00:00:00+09:00,796.8708282166135,801.882571249104,785.5943421019292,793.1119995117188,96989,0.0,0.0
2018-03-05 00:00:00+09:00,793.1120427265403,795.6178715182683,780.5826416015625,780.5826416015625,99166,0.0,0.0
2018-03-06 00:00:00+09:00,780.582639035798,781.8355534275438,756.7767512599562,769.30615234375,724762,0.0,0.0
2018-03-07 00:00:00+09:00,771.8119811272414,775.5708100245909,764.2943233325427,769.30615234375,68892,0.0,0.0
2018-03-08 00:00:00+09:00,768.0530068066515,776.823663054571,761.7883503119615,774.3177490234375,45242,0.0,0.0
2018-03-09 00:00:00+09:00,776.8238008801745,781.835544109539,764.2943142235964,775.57080078125,153827,0.0,0.0
2018-03-12 00:00:00+09:00,779.329641483586,786.8472993029951,771.8119836641769,780.5826416015625,90608,0.0,0.0
2018-03-13 00:00:00+09:00,780.5825113129638,786.84716796875,776.8236830306529,786.84716796875,65929,0.0,0.0
2018-03-14 00:00:00+09:00,783.0883459509059,794.3648308880472,783.0883459509059,789.3530883789062,101090,0.0,0.0
2018-03-15 00:00:00+09:00,790.605996251061,790.605996251061,778.0765972173905,786.84716796875,58266,0.0,0.0
2018-03-16 00:00:00+09:00,789.3531647835274,791.8589934195975,785.594336107315,790.6060791015625,52086,0.0,0.0
2018-03-19 00:00:00+09:00,788.1002687741928,791.859011815619,779.3296111778709,783.0884399414062,125168,0.0,0.0
2018-03-20 00:00:00+09:00,783.088339686439,786.84716796875,776.8236830306529,786.84716796875,47516,0.0,0.0
2018-03-21 00:00:00+09:00,788.1002504654923,793.1119934597398,784.3414217892799,790.6060791015625,34756,0.0,0.0
2018-03-22 00:00:00+09:00,790.6060944467091,795.6178375382312,785.5943513551871,791.8590087890625,75290,0.0,0.0
2018-03-23 00:00:00+09:00,789.3531643672442,789.3531643672442,760.535535012885,770.5590209960938,434401,0.0,0.0
2018-03-26 00:00:00+09:00,771.8119413569573,773.06494140625,765.5472839989246,773.06494140625,60572,0.0,0.0
2018-03-27 00:00:00+09:00,774.3178923101864,780.5826356862568,773.064977923817,778.0767211914062,31395,0.0,0.0
2018-03-28 00:00:00+09:00,770.5590575518854,778.0767152569879,768.0531430761475,775.57080078125,79882,0.0,0.0
2018-03-29 00:00:00+09:00,776.82373046875,779.329558995248,770.5589877082982,776.82373046875,32357,0.0,0.0
2018-03-30 00:00:00+09:00,776.8238220569688,784.3414799670081,773.0649931019491,779.3296508789062,27582,0.0,0.0
2018-04-02 00:00:00+09:00,780.5826510119884,781.8355654229572,769.3061641469294,779.3296508789062,35300,0.0,0.0
2018-04-03 00:00:00+09:00,774.3178162201485,779.329558995248,770.5589877082982,776.82373046875,81735,0.0,0.0
2018-04-04 00:00:00+09:00,778.0766323088635,778.0766323088635,768.0530611966024,771.8118896484375,61589,0.0,0.0
2018-04-05 00:00:00+09:00,775.5707181002728,776.8237180656191,769.3060611619487,771.8118896484375,98762,0.0,0.0
2018-04-06 00:00:00+09:00,773.0649720276233,778.0767152569879,769.3061431750721,775.57080078125,31312,0.0,0.0
2018-04-09 00:00:00+09:00,774.3178864044366,776.8238008801745,770.5590575518854,775.57080078125,63028,0.0,0.0
2018-04-10 00:00:00+09:00,776.8237640271795,776.8237640271795,769.3061066787194,770.5590209960938,80141,0.0,0.0
2018-04-11 00:00:00+09:00,773.064889613784,775.5707181002728,769.3060611619487,771.8118896484375,52217,0.0,0.0
2018-04-12 00:00:00+09:00,769.3061127025874,776.8237701099127,769.3061127025874,773.06494140625,41567,0.0,0.0
2018-04-13 00:00:00+09:00,771.8118896484375,776.8237180656191,771.8118896484375,771.8118896484375,30499,0.0,0.0
2018-04-16 00:00:00+09:00,771.8119413569573,776.8237701099127,764.2942839496319,773.06494140625,25112,0.0,0.0
2018-04-17 00:00:00+09:00,773.0649019568996,776.82373046875,773.0649019568996,776.82373046875,73440,0.0,0.0
2018-04-18 00:00:00+09:00,778.0766938568495,793.1120088535246,778.0766938568495,791.8590087890625,154608,0.0,0.0
2018-04-19 00:00:00+09:00,791.8589167724274,799.3765733971883,788.1001741821457,789.3530883789062,80243,0.0,0.0
2018-04-20 00:00:00+09:00,791.8590300366908,800.62968783483,789.3532012847463,795.6178588867188,173348,0.0,0.0
2018-04-23 00:00:00+09:00,795.6178648041814,798.123779296875,791.859035926197,798.123779296875,142721,0.0,0.0
2018-04-24 00:00:00+09:00,799.3767206502196,813.1591222418343,794.3649772178662,804.3885498046875,135041,0.0,0.0
2018-04-25 00:00:00+09:00,804.388445610023,808.1472741279252,795.6177885868491,796.8707885742188,74045,0.0,0.0
2018-04-26 00:00:00+09:00,798.1237425442092,801.882571249104,793.1119995117188,793.1119995117188,83654,0.0,0.0
2018-04-27 00:00:00+09:00,794.3647948378953,820.6765918304669,794.3647948378953,813.158935546875,118243,0.0,0.0
2018-04-30 00:00:00+09:00,813.1590361262555,814.4119504211284,800.6296360112098,809.4002075195312,44197,0.0,0.0
2018-05-02 00:00:00+09:00,808.1473114189927,808.1473114189927,791.858996608408,801.882568359375,116640,0.0,0.0
2018-05-03 00:00:00+09:00,799.3766085341174,805.6413512374871,796.8707800304516,803.1354370117188,22599,0.0,0.0
2018-05-04 00:00:00+09:00,808.147369416194,815.6649416162882,796.8708825328824,810.6531982421875,121654,0.0,0.0
2018-05-08 00:00:00+09:00,819.4236845233916,821.9295988083333,805.6413702614735,815.6648559570312,108602,0.0,0.0
2018-05-09 00:00:00+09:00,819.4236714641427,819.4236714641427,803.1354431768704,805.641357421875,87515,0.0,0.0
2018-05-10 00:00:00+09:00,810.653115687691,818.170772844323,801.8825442456554,806.894287109375,67786,0.0,0.0
2018-05-11 00:00:00+09:00,808.1471932651788,815.6647638266757,806.8941934031834,813.158935546875,58260,0.0,0.0
2018-05-14 00:00:00+09:00,814.4119262695312,814.4119262695312,806.8942692790208,814.4119262695312,66304,0.0,0.0
2018-05-15 00:00:00+09:00,826.9413755405149,831.9532043157609,816.917889434239,824.435546875,114959,0.0,0.0
2018-05-16 00:00:00+09:00,821.9295894705289,823.1825037377132,805.641361108717,816.9178466796875,209434,0.0,0.0
2018-05-17 00:00:00+09:00,818.170813042389,833.2061280943624,816.9178986954275,823.1825561523438,62784,0.0,0.0
2018-05-18 00:00:00+09:00,826.9412865088395,850.7471706008469,823.1824581931489,846.9883422851562,251559,0.0,0.0
2018-05-21 00:00:00+09:00,845.7354536869683,864.5295958343036,839.4707967859242,862.023681640625,199228,0.0,0.0
2018-05-23 00:00:00+09:00,867.0355834960938,873.3002409279725,863.276754748123,867.0355834960938,184453,0.0,0.0
2018-05-24 00:00:00+09:00,873.3003135738579,874.5532280200362,839.4709377501177,845.735595703125,227455,0.0,0.0
2018-05-25 00:00:00+09:00,838.2178712043171,849.4943574932971,821.9296418053823,823.1825561523438,144769,0.0,0.0
2018-05-28 00:00:00+09:00,830.7002469510545,839.4709048974103,826.9414180375057,831.9532470703125,73275,0.0,0.0
2018-05-29 00:00:00+09:00,838.2178648076126,838.2178648076126,828.1943786641955,835.7120361328125,33393,0.0,0.0
2018-05-30 00:00:00+09:00,838.2179433090206,848.2415161132812,833.2061997679484,848.2415161132812,193867,0.0,0.0
2018-05-31 00:00:00+09:00,849.4943390981382,853.253167779737,841.9766817349407,850.7472534179688,64277,0.0,0.0
2018-06-01 00:00:00+09:00,853.2532195716628,855.7591340855386,845.7355617521483,852.0003051757812,77964,0.0,0.0
2018-06-04 00:00:00+09:00,860.7708773911775,860.7708773911775,845.7355617521483,852.0003051757812,102096,0.0,0.0
2018-06-05 00:00:00+09:00,850.7473355064935,858.2649935950691,846.9885064622057,854.5061645507812,72435,0.0,0.0
2018-06-07 00:00:00+09:00,855.7591340855386,858.2649628773017,846.9884761480299,852.0003051757812,32805,0.0,0.0
2018-06-08 00:00:00+09:00,848.2414703784398,853.2532136492924,845.7355558819575,849.494384765625,49769,0.0,0.0
2018-06-11 00:00:00+09:00,849.4944305680201,852.0003451996145,843.2296868500927,848.2415161132812,20366,0.0,0.0
2018-06-12 00:00:00+09:00,848.2415161132812,850.7473450227591,843.2296868500927,848.2415161132812,38885,0.0,0.0
2018-06-14 00:00:00+09:00,849.4943202674879,852.0002345737078,830.7001772761018,838.2178344726562,74130,0.0,0.0
2018-06-15 00:00:00+09:00,841.9766389664679,844.4825532009475,835.7119819634235,843.2295532226562,46990,0.0,0.0
2018-06-18 00:00:00+09:00,844.4826588921222,844.4826588921222,810.6531982421875,810.6531982421875,139937,0.0,0.0
2018-06-19 00:00:00+09:00,813.1590120118138,829.4472402505521,811.9060977540964,814.4119262695312,107687,0.0,0.0
2018-06-20 00:00:00+09:00,799.3766159403554,825.6884155273438,799.3766159403554,825.6884155273438,58088,0.0,0.0
2018-06-21 00:00:00+09:00,824.4355562214142,826.941384915337,821.9296418053823,823.1825561523438,29605,0.0,0.0
2018-06-22 00:00:00+09:00,825.6884918707141,830.7002351099692,814.4120052908064,826.94140625,40556,0.0,0.0
2018-06-25 00:00:00+09:00,816.9178924612698,843.2296078793212,816.9178924612698,835.7120361328125,43584,0.0,0.0
2018-06-26 00:00:00+09:00,820.6767753900907,833.2061767578126,820.6767753900907,833.2061767578125,29606,0.0,0.0
2018-06-27 00:00:00+09:00,834.4589868156388,836.9649010646245,819.4236727659311,825.6884155273438,37017,0.0,0.0
2018-06-28 00:00:00+09:00,826.9413540000551,828.1943540222821,816.9178681548746,820.6766967773438,55283,0.0,0.0
2018-06-29 00:00:00+09:00,820.6766967773438,824.435525399813,810.6531252100573,820.6766967773438,90861,0.0,0.0
2018-07-02 00:00:00+09:00,813.1590482873639,820.676705613242,799.3766479492188,799.3766479492188,100117,0.0,0.0
2018-07-03 00:00:00+09:00,799.3766109083823,805.6413536303593,789.3531254197427,794.3648681640625,100117,0.0,0.0
2018-07-04 00:00:00+09:00,796.8707837730756,814.4119262695312,794.3648695355378,814.4119262695312,43297,0.0,0.0
2018-07-05 00:00:00+09:00,815.6648366963556,815.6648366963556,800.6296085080529,803.1354370117188,20602,0.0,0.0
2018-07-06 00:00:00+09:00,803.1354431768704,813.1590144347858,795.6177861639595,805.641357421875,28385,0.0,0.0
2018-07-09 00:00:00+09:00,813.1590482873639,813.1590482873639,795.6178192862798,799.3766479492188,27888,0.0,0.0
2018-07-10 00:00:00+09:00,799.3766299527431,808.1472871168836,799.3766299527431,806.894287109375,23238,0.0,0.0
2018-07-11 00:00:00+09:00,814.4119311763598,814.4119311763598,796.8707885742189,796.8707885742188,42054,0.0,0.0
2018-07-12 00:00:00+09:00,798.1237396680258,805.6413970507241,798.1237396680258,801.882568359375,29961,0.0,0.0
2018-07-13 00:00:00+09:00,805.6413970507241,809.4002257420732,794.3649109766766,801.882568359375,22812,0.0,0.0
2018-07-16 00:00:00+09:00,804.3884492969007,819.423677715319,803.1354493037878,808.1472778320312,13910,0.0,0.0
2018-07-17 00:00:00+09:00,810.653115687691,810.653115687691,796.8708013819357,806.894287109375,25292,0.0,0.0
2018-07-18 00:00:00+09:00,813.1589768382368,813.1589768382368,800.6295776367188,800.6295776367188,19334,0.0,0.0
2018-07-19 00:00:00+09:00,805.641390961486,805.641390961486,785.5943333331803,799.3766479492188,65069,0.0,0.0
2018-07-20 00:00:00+09:00,803.1355165867745,803.1355165867745,786.8472868106907,795.6178588867188,30862,0.0,0.0
2018-07-23 00:00:00+09:00,795.6178588867188,801.8826022108022,774.3178858846347,795.6178588867188,58681,0.0,0.0
2018-07-24 00:00:00+09:00,779.3295565754066,794.3648705761232,778.0766423160479,785.5942993164062,39978,0.0,0.0
2018-07-25 00:00:00+09:00,789.3530820643234,793.1119103466343,784.3413395952748,786.84716796875,15484,0.0,0.0
2018-07-26 00:00:00+09:00,789.3531619961193,799.3766479492188,789.3531619961193,799.3766479492188,27883,0.0,0.0
2018-07-27 00:00:00+09:00,800.6296479849362,800.6296479849362,790.60607630973,799.3766479492188,10430,0.0,0.0
2018-07-30 00:00:00+09:00,804.3884369856543,804.3884369856543,798.1236942822845,803.1354370117188,6745,0.0,0.0
2018-07-31 00:00:00+09:00,801.8825227598858,804.3884369856543,799.3766085341174,803.1354370117188,6341,0.0,0.0
2018-08-01 00:00:00+09:00,801.882535032779,808.1472778320312,796.8707922266395,808.1472778320312,20433,0.0,0.0
2018-08-02 00:00:00+09:00,804.388440763586,815.6648405272487,801.8825265260482,814.4119262695312,32891,0.0,0.0
2018-08-03 00:00:00+09:00,814.4119324232151,823.1825037377132,809.4001896323738,816.9178466796875,32280,0.0,0.0
2018-08-06 00:00:00+09:00,818.170770241973,820.6766845269146,811.9061131127755,815.6648559570312,11208,0.0,0.0
2018-08-07 00:00:00+09:00,815.6648491801884,815.6648491801884,805.6413635679096,808.1472778320312,18130,0.0,0.0
2018-08-08 00:00:00+09:00,809.4002319934781,833.2061186485183,805.6414032730976,824.435546875,28448,0.0,0.0
2018-08-09 00:00:00+09:00,820.6766727514756,834.4589868156388,818.1707585024899,825.6884155273438,28308,0.0,0.0
2018-08-10 00:00:00+09:00,826.9413755405149,829.4472899281379,808.1473176607207,824.435546875,15193,0.0,0.0
2018-08-13 00:00:00+09:00,824.4355062435624,826.9413347855801,801.882535032779,808.1472778320312,67473,0.0,0.0
2018-08-14 00:00:00+09:00,810.6531982421875,813.1591127902947,805.641454868087,810.6531982421875,27326,0.0,0.0
2018-08-16 00:00:00+09:00,810.653106374049,810.653106374049,796.8707922266395,808.1472778320312,85172,0.0,0.0
2018-08-17 00:00:00+09:00,808.147369416194,810.6531982421875,799.3767113588759,810.6531982421875,41428,0.0,0.0
2018-08-20 00:00:00+09:00,808.1472871168836,809.4002014022873,799.3766299527431,806.894287109375,25990,0.0,0.0
2018-08-21 00:00:00+09:00,806.8942932076799,810.6531218144041,800.6296360112098,809.4002075195312,21556,0.0,0.0
2018-08-22 00:00:00+09:00,808.1472932246583,811.9061218313825,804.388464617934,809.4002075195312,18515,0.0,0.0
2018-08-23 00:00:00+09:00,808.1472385421445,814.4118953147225,808.1472385421445,811.9060668945312,18720,0.0,0.0
2018-08-24 00:00:00+09:00,813.1590120118138,816.9178405070691,809.4001835165586,814.4119262695312,55892,0.0,0.0
2018-08-27 00:00:00+09:00,815.6648559570312,821.9295988083333,809.4001988278338,815.6648559570312,53419,0.0,0.0
2018-08-28 00:00:00+09:00,816.9178559605544,820.6766845269146,814.4119416756126,815.6648559570312,28246,0.0,0.0
2018-08-29 00:00:00+09:00,811.9061038888462,820.6766752033444,811.9061038888462,816.9178466796875,22122,0.0,0.0
2018-08-30 00:00:00+09:00,818.1707307985148,819.4236450195312,813.1589881923487,819.4236450195312,28942,0.0,0.0
2018-08-31 00:00:00+09:00,819.4236450195312,820.6766449626481,806.8942456430657,819.4236450195312,62312,0.0,0.0
2018-09-03 00:00:00+09:00,819.4236967551167,820.6766967773438,813.1590395324054,820.6766967773438,40695,0.0,0.0
2018-09-04 00:00:00+09:00,821.9295591836645,821.9295591836645,811.9060739713323,819.4236450195312,35025,0.0,0.0
2018-09-05 00:00:00+09:00,819.4236450195312,823.1824734046809,813.1589881923487,819.4236450195312,36074,0.0,0.0
2018-09-06 00:00:00+09:00,821.9295988083333,821.9295988083333,813.1590273941941,815.6648559570312,13076,0.0,0.0
2018-09-07 00:00:00+09:00,816.9178165774983,820.6766449626481,808.1472455861825,819.4236450195312,25228,0.0,0.0
2018-09-10 00:00:00+09:00,819.4236378772049,820.6766378094003,808.1472385421445,811.9060668945312,31045,0.0,0.0
2018-09-11 00:00:00+09:00,811.9060668945312,815.6648095248181,806.8942386099491,811.9060668945312,43232,0.0,0.0
2018-09-12 00:00:00+09:00,813.1591127902947,813.1591127902947,800.6297114939863,810.6531982421875,47481,0.0,0.0
2018-09-13 00:00:00+09:00,810.6531982421875,818.1708561643952,804.3885404550902,810.6531982421875,54887,0.0,0.0
2018-09-14 00:00:00+09:00,813.1590181560307,820.6766752033444,806.8942753759013,816.9178466796875,73312,0.0,0.0
2018-09-17 00:00:00+09:00,815.6648095248181,815.6648095248181,808.1472385421445,811.9060668945312,32306,0.0,0.0
2018-09-18 00:00:00+09:00,811.9061218313825,813.1590361262555,804.388464617934,809.4002075195312,64070,0.0,0.0
2018-09-19 00:00:00+09:00,804.3884431604242,810.6531001897811,800.6296146539689,805.641357421875,37576,0.0,0.0
2018-09-20 00:00:00+09:00,806.8942716833257,806.8942716833257,799.3766146704149,805.641357421875,28613,0.0,0.0
2018-09-21 00:00:00+09:00,806.894287109375,806.894287109375,800.6296299602517,806.894287109375,18331,0.0,0.0
2018-09-27 00:00:00+09:00,806.8942932076799,813.1590361262555,801.8825503060827,809.4002075195312,39992,0.0,0.0
2018-09-28 00:00:00+09:00,808.1471932651788,813.158935546875,808.1471932651788,813.158935546875,23670,0.0,0.0
2018-10-01 00:00:00+09:00,810.6531982421875,815.6649416162882,805.641454868087,810.6531982421875,22725,0.0,0.0
2018-10-02 00:00:00+09:00,810.6532076646004,810.6532076646004,803.1355496550132,804.3885498046875,27786,0.0,0.0
2018-10-04 00:00:00+09:00,805.641390961486,808.1473053108143,799.3766479492188,799.3766479492188,90909,0.0,0.0
2018-10-05 00:00:00+09:00,778.0767147346627,796.8708589848021,778.0767147346627,795.6178588867188,56058,0.0,0.0
2018-10-08 00:00:00+09:00,795.6178281669102,801.882571249104,789.353170806824,793.1119995117188,15442,0.0,0.0
2018-10-10 00:00:00+09:00,789.3530820643234,794.3648245333719,781.8354254997014,786.84716796875,91142,0.0,0.0
2018-10-11 00:00:00+09:00,776.8236888640764,783.0883455669059,760.5354614257812,760.5354614257812,209110,0.0,0.0
2018-10-12 00:00:00+09:00,694.1295088933064,764.2942040142196,694.1295088933064,760.5354614257812,77366,0.0,0.0
2018-10-15 00:00:00+09:00,761.7884945490513,771.8119811272414,761.7884945490513,769.30615234375,29351,0.0,0.0
2018-10-16 00:00:00+09:00,770.5590209960938,770.5590209960938,765.5472780044894,770.5590209960938,9900,0.0,0.0
2018-10-17 00:00:00+09:00,771.8119719286988,778.0767152569879,766.8002286993342,775.57080078125,9447,0.0,0.0
2018-10-18 00:00:00+09:00,774.3178864044366,781.835544109539,773.0649720276233,775.57080078125,53196,0.0,0.0
2018-10-19 00:00:00+09:00,775.5707304833976,776.82373046875,765.5472449331987,776.82373046875,20999,0.0,0.0
2018-10-22 00:00:00+09:00,776.8237701099127,776.8237701099127,768.0531126532945,773.06494140625,7731,0.0,0.0
2018-10-23 00:00:00+09:00,773.0649786244437,773.0649786244437,758.0296630859375,758.0296630859375,53224,0.0,0.0
2018-10-24 00:00:00+09:00,759.2826021995833,770.5590892206832,748.0061151784832,753.0179443359375,46149,0.0,0.0
2018-10-25 00:00:00+09:00,739.235495030295,751.764895671129,722.947265625,722.947265625,85933,0.0,0.0
2018-10-26 00:00:00+09:00,730.4649020103076,751.7648739109777,729.211987699123,739.2354736328125,54308,0.0,0.0
2018-10-29 00:00:00+09:00,736.729577528882,751.7648050522479,692.8765948499597,707.911865234375,104237,0.0,0.0
2018-10-30 00:00:00+09:00,664.0589478614713,707.9118891615589,664.0589478614713,702.900146484375,242755,0.0,0.0
2018-10-31 00:00:00+09:00,704.1531676499574,714.1766967773438,700.3943388695557,714.1766967773438,42577,0.0,0.0
2018-11-01 00:00:00+09:00,720.4412965462395,741.7413531694649,719.1883822938507,725.453125,31104,0.0,0.0
2018-11-02 00:00:00+09:00,726.7060194994189,741.7413330078125,722.9471911223205,741.7413330078125,31229,0.0,0.0
2018-11-05 00:00:00+09:00,739.2354188490468,742.9942472261451,735.4765904719484,741.7413330078125,25132,0.0,0.0
2018-11-06 00:00:00+09:00,740.4883638494597,745.5001923753327,740.4883638494597,744.2471923828125,7970,0.0,0.0
2018-11-07 00:00:00+09:00,741.7413638419799,746.753106645749,739.2354495790435,744.2471923828125,16477,0.0,0.0
2018-11-08 00:00:00+09:00,745.5002351445374,755.523721327121,744.2472350801329,751.764892578125,31895,0.0,0.0
2018-11-09 00:00:00+09:00,751.7649197041893,764.2943207455738,746.7531764320579,758.0296630859375,71634,0.0,0.0
2018-11-12 00:00:00+09:00,758.0296630859375,770.559064127322,753.0179198138061,758.0296630859375,11037,0.0,0.0
2018-11-13 00:00:00+09:00,755.5237485888158,758.0296630859375,742.9943475474313,758.0296630859375,3968,0.0,0.0
2018-11-14 00:00:00+09:00,759.2824615075363,761.7883756219273,755.5236331969991,760.5354614257812,4623,0.0,0.0
2018-11-15 00:00:00+09:00,759.2824923376197,765.5472350169231,751.7648354112965,763.0413208007812,12575,0.0,0.0
2018-11-16 00:00:00+09:00,763.0413971510507,764.2943115234376,758.0296539393919,764.2943115234375,8932,0.0,0.0
2018-11-19 00:00:00+09:00,765.547256616068,769.3060851852812,760.5355137644854,766.8001708984375,8746,0.0,0.0
2018-11-20 00:00:00+09:00,765.5471516651754,766.8000657757796,759.2824096679688,759.2824096679688,23600,0.0,0.0
2018-11-21 00:00:00+09:00,760.5354923067417,765.5472350169231,758.0295780905999,763.0413208007812,6914,0.0,0.0
2018-11-22 00:00:00+09:00,758.0295780905999,764.2942350478011,756.7766638435802,763.0413208007812,19943,0.0,0.0
2018-11-23 00:00:00+09:00,763.0413788251132,768.053121916405,745.5002351445374,751.764892578125,55702,0.0,0.0
2018-11-26 00:00:00+09:00,750.5119842093676,765.5472993250222,750.5119842093676,754.2708129882812,14030,0.0,0.0
2018-11-27 00:00:00+09:00,748.0061151784832,756.7767733429708,748.0061151784832,753.0179443359375,35721,0.0,0.0
2018-11-28 00:00:00+09:00,754.270834201311,758.0296630859375,751.7649197041893,758.0296630859375,13025,0.0,0.0
2018-11-29 00:00:00+09:00,759.2824615075363,765.5472039324646,755.5236331969991,760.5354614257812,12543,0.0,0.0
2018-11-30 00:00:00+09:00,760.5354095006659,768.0529798863838,759.2824096679688,759.2824096679688,12569,0.0,0.0
2018-12-03 00:00:00+09:00,760.5355801573056,770.5590667354958,756.7767512599562,769.30615234375,36837,0.0,0.0
2018-12-04 00:00:00+09:00,769.3060697045116,769.3060697045116,758.0295842237892,765.5472412109375,14115,0.0,0.0
2018-12-05 00:00:00+09:00,764.2943052935935,764.2943052935935,754.2708189519788,756.7767333984375,20236,0.0,0.0
2018-12-06 00:00:00+09:00,759.2825621227862,765.547305377878,750.5119901433457,756.7767333984375,60934,0.0,0.0
2018-12-07 00:00:00+09:00,758.0295842237892,765.5472412109375,754.2707557302151,765.5472412109375,8321,0.0,0.0
2018-12-10 00:00:00+09:00,758.0295627263063,763.041305334906,753.0178201177066,761.7883911132812,18254,0.0,0.0
2018-12-11 00:00:00+09:00,761.7884705461086,763.0413848983766,750.5119842093676,754.2708129882812,33596,0.0,0.0
2018-12-12 00:00:00+09:00,755.5237485888158,761.788491970564,753.0179198138061,758.0296630859375,6243,0.0,0.0
2018-12-13 00:00:00+09:00,759.2824096679688,764.2941518324783,758.0294955573646,759.2824096679688,42707,0.0,0.0
2018-12-14 00:00:00+09:00,760.5355716308,760.5355716308,751.7649138205728,755.5237426757812,23239,0.0,0.0
2018-12-17 00:00:00+09:00,756.7767274149269,756.7767274149269,751.7648985616356,754.2708129882812,22485,0.0,0.0
2018-12-18 00:00:00+09:00,754.2707760891308,754.2707760891308,744.247204595014,749.259033203125,65866,0.0,0.0
2018-12-19 00:00:00+09:00,750.5120297572104,756.7767733429708,746.753200750177,753.0179443359375,14139,0.0,0.0
2018-12-20 00:00:00+09:00,750.5119901433457,756.7767333984375,745.5002469725382,756.7767333984375,33338,0.0,0.0
2018-12-21 00:00:00+09:00,755.5237426757812,756.7767427755915,750.5119994428737,755.5237426757812,44604,0.0,0.0
2018-12-24 00:00:00+09:00,755.5237426757812,755.5237426757812,749.2590850651746,755.5237426757812,24488,0.0,0.0
2018-12-26 00:00:00+09:00,751.7649138205728,756.7767427755915,705.4060960414282,755.5237426757812,139379,0.0,0.0
2018-12-27 00:00:00+09:00,773.6666059794563,780.1462627750032,768.4829337407156,777.5543823242188,37358,35.68437,0.0
2018-12-28 00:00:00+09:00,777.5543783276397,789.2177073019784,767.1870339034459,786.6259155273438,84270,0.0,0.0
2019-01-02 00:00:00+09:00,793.1055297851562,799.5851869245114,786.6259613086339,793.1055297851562,76008,0.0,0.0
2019-01-03 00:00:00+09:00,795.6973909120213,822.9117374408961,784.0340615441476,808.6566162109375,116134,0.0,0.0
2019-01-04 00:00:00+09:00,809.9525552791581,825.5036619312245,798.2892252901083,802.177001953125,175753,0.0,0.0
2019-01-07 00:00:00+09:00,804.7687567731982,811.2484130859375,793.1054286079603,811.2484130859375,57716,0.0,0.0
2019-01-08 00:00:00+09:00,812.5442532171419,815.136133297236,799.5850301423021,813.8401489257812,20050,0.0,0.0
2019-01-09 00:00:00+09:00,813.8402704026867,835.8710327148438,809.9524940336488,835.8710327148438,147395,0.0,0.0
2019-01-10 00:00:00+09:00,837.1669137583953,848.8302426585012,829.3913611583246,842.3505859375,80551,0.0,0.0
2019-01-11 00:00:00+09:00,846.2383570811927,851.4220292287121,831.9832365098077,839.7587890625,39926,0.0,0.0
2019-01-14 00:00:00+09:00,839.7588318160972,846.238400164676,828.0955023932582,833.2791748046875,56355,0.0,0.0
2019-01-15 00:00:00+09:00,833.2791163607723,855.3097890612987,816.4321157081066,834.5750122070312,132998,0.0,0.0
2019-01-16 00:00:00+09:00,834.5750269932939,841.0546836650391,817.7280260421479,828.095458984375,129907,0.0,0.0
2019-01-17 00:00:00+09:00,828.0954221109387,852.7179745066553,822.9116615392345,837.1668701171875,86181,0.0,0.0
2019-01-18 00:00:00+09:00,830.6872717809076,837.1669286169135,819.0239426737942,835.8710327148438,67575,0.0,0.0
2019-01-21 00:00:00+09:00,835.870996716115,837.166892562374,825.503563957569,834.5750122070312,22446,0.0,0.0
2019-01-22 00:00:00+09:00,834.5750122070312,837.166892562374,829.3913401591707,834.5750122070312,28801,0.0,0.0
2019-01-23 00:00:00+09:00,834.5750122070312,838.462788408633,826.799459803828,834.5750122070312,49117,0.0,0.0
2019-01-24 00:00:00+09:00,834.574991587365,848.8302001953125,833.2790957731236,848.8302001953125,82189,0.0,0.0
2019-01-25 00:00:00+09:00,850.1260986328125,852.717978932116,838.462770280181,850.1260986328125,31787,0.0,0.0
2019-01-28 00:00:00+09:00,848.8302412843833,855.3098093320682,842.3505845738716,852.718017578125,39664,0.0,0.0
2019-01-29 00:00:00+09:00,854.0139134550966,855.3098093320682,843.6464804508432,852.718017578125,51245,0.0,0.0
2019-01-30 00:00:00+09:00,854.0139369447439,864.3813702341535,850.1261605440691,861.7894897460938,173289,0.0,0.0
2019-01-31 00:00:00+09:00,863.0853831262193,864.381367697861,857.9017108281392,860.4935913085938,30717,0.0,0.0
2019-02-01 00:00:00+09:00,861.7893703801598,863.0852661132812,857.9015945179784,863.0852661132812,48926,0.0,0.0
2019-02-07 00:00:00+09:00,864.3814697265624,868.2692465747299,860.493692878395,864.3814697265625,50426,0.0,0.0
2019-02-08 00:00:00+09:00,864.3814697265624,866.9732618501145,860.493692878395,864.3814697265625,46883,0.0,0.0
2019-02-11 00:00:00+09:00,865.6772661467687,865.6772661467687,857.9017133454189,861.7894897460938,17254,0.0,0.0
2019-02-12 00:00:00+09:00,861.7894897460938,864.3813702341535,855.3098328573592,861.7894897460938,42748,0.0,0.0
2019-02-13 00:00:00+09:00,863.085385658709,863.085385658709,856.6058174328036,861.7894897460938,39520,0.0,0.0
2019-02-14 00:00:00+09:00,863.0853262137098,876.0445504357832,859.1975500808055,873.4527587890625,120511,0.0,0.0
2019-02-15 00:00:00+09:00,873.4527739489085,1062.6576459332746,865.6772215481456,935.6571044921875,6701100,0.0,0.0
2019-02-18 00:00:00+09:00,926.5856349456559,942.1367393897003,916.2182024286853,927.8815307617188,545376,0.0,0.0
2019-02-19 00:00:00+09:00,920.1060557327352,923.9938321699144,904.5549499840182,911.0346069335938,457693,0.0,0.0
2019-02-20 00:00:00+09:00,911.0346501460705,923.9938759970772,903.2590969028995,916.2183227539062,254903,0.0,0.0
2019-02-21 00:00:00+09:00,911.0346086998228,920.1060575165512,896.7794875110825,900.6671752929688,195485,0.0,0.0
2019-02-22 00:00:00+09:00,907.1467463968522,907.1467463968522,886.4119702084481,891.5956420898438,160424,0.0,0.0
2019-02-25 00:00:00+09:00,891.5957264762403,904.5549517376852,891.5957264762403,900.6671752929688,47255,0.0,0.0
2019-02-26 00:00:00+09:00,900.6670743312302,923.9937303846898,889.0038349673207,918.81005859375,200062,0.0,0.0
2019-02-27 00:00:00+09:00,918.8100443439282,946.0244759842292,913.626372633382,925.2896118164062,218444,0.0,0.0
2019-02-28 00:00:00+09:00,958.9837144648792,1052.2902500158973,907.1467305670202,918.81005859375,2042102,0.0,0.0
2019-03-04 00:00:00+09:00,922.697881483782,975.8307638632859,912.3304487123257,947.3204345703125,269356,0.0,0.0
2019-03-05 00:00:00+09:00,947.3204720572297,948.616367956383,931.7693666160768,938.2490234375,112804,0.0,0.0
2019-03-06 00:00:00+09:00,934.3611719398152,947.3203958777068,933.0651874820511,944.728515625,68075,0.0,0.0
2019-03-07 00:00:00+09:00,944.7286784353032,951.2083358523348,925.2897948470452,936.953125,85397,0.0,0.0
2019-03-08 00:00:00+09:00,938.2490060592269,948.6163503860856,926.5856771943908,943.4326782226562,77030,0.0,0.0
2019-03-11 00:00:00+09:00,942.1368051440687,984.9022566870889,933.065267810033,974.534912109375,308482,0.0,0.0
2019-03-12 00:00:00+09:00,978.4226287442415,999.1574958381049,968.0552838601412,997.8615112304688,297094,0.0,0.0
2019-03-13 00:00:00+09:00,1005.6370642249597,1010.8207366670098,990.0859582359778,997.8615112304688,92043,0.0,0.0
2019-03-14 00:00:00+09:00,997.8614488801531,1003.045209661133,979.7185521352017,986.1981201171875,115838,0.0,0.0
2019-03-15 00:00:00+09:00,984.9022566870889,990.0859289759459,965.4633747753393,974.534912109375,91215,0.0,0.0
2019-03-18 00:00:00+09:00,977.1266679823926,999.1574295596649,970.6471000253557,995.2696533203125,119062,0.0,0.0
2019-03-19 00:00:00+09:00,999.157433406811,999.157433406811,979.7185521352017,986.1981201171875,28680,0.0,0.0
2019-03-20 00:00:00+09:00,991.3819168711979,991.3819168711979,943.4327042156306,953.800048828125,113615,0.0,0.0
2019-03-21 00:00:00+09:00,961.5756016189106,961.5756016189106,946.0245847001687,953.800048828125,40125,0.0,0.0
2019-03-22 00:00:00+09:00,953.800048828125,960.279705708056,927.8815986340596,953.800048828125,120137,0.0,0.0
2019-03-25 00:00:00+09:00,948.616367956383,948.616367956383,918.8101416360589,938.2490234375,101298,0.0,0.0
2019-03-26 00:00:00+09:00,938.2491048225194,940.8408968456415,917.5143253233616,934.361328125,82913,0.0,0.0
2019-03-27 00:00:00+09:00,935.6571429763651,943.4326956969414,930.4734707169235,938.2490234375,30835,0.0,0.0
2019-03-28 00:00:00+09:00,926.5857574537234,977.126764916299,916.218323566028,962.8716430664062,287214,0.0,0.0
2019-03-29 00:00:00+09:00,962.8714993551653,970.6470514447057,948.6162909700677,955.095947265625,43685,0.0,0.0
2019-04-01 00:00:00+09:00,949.9122754268718,958.9837233103951,930.4733952030209,955.095947265625,87420,0.0,0.0
2019-04-02 00:00:00+09:00,952.5042293190759,961.5756787483506,946.0246605822381,958.98388671875,74164,0.0,0.0
2019-04-03 00:00:00+09:00,958.9838065799754,974.534912109375,956.3919261041325,974.534912109375,124429,0.0,0.0
2019-04-04 00:00:00+09:00,974.5348747429261,975.8307705997448,957.6877852901561,961.5755615234375,70375,0.0,0.0
2019-04-05 00:00:00+09:00,964.1675005910332,968.0552770609728,946.0246028398693,960.2797241210938,68861,0.0,0.0
2019-04-08 00:00:00+09:00,961.5755148983611,962.8714993551653,946.0244993821017,955.095947265625,44480,0.0,0.0
2019-04-09 00:00:00+09:00,955.0961076095863,962.8716610045063,935.6572241222863,946.024658203125,86849,0.0,0.0
2019-04-10 00:00:00+09:00,946.024658203125,958.9838843070463,925.2897900414476,946.024658203125,111949,0.0,0.0
2019-04-11 00:00:00+09:00,947.3205542146663,951.2083309121264,926.585774715825,946.024658203125,116065,0.0,0.0
2019-04-12 00:00:00+09:00,946.0245387224397,948.6163304181852,930.4734338966679,947.3204345703125,77502,0.0,0.0
2019-04-15 00:00:00+09:00,947.320339937316,974.5347706638188,944.7284598376629,968.0551147460938,189298,0.0,0.0
2019-04-16 00:00:00+09:00,971.943097380028,1012.116759827557,968.0553207346918,977.1267700195312,246521,0.0,0.0
2019-04-17 00:00:00+09:00,977.1267751357681,1018.5963337945989,968.0553258034305,1014.7085571289062,256894,0.0,0.0
2019-04-18 00:00:00+09:00,1012.1166339868699,1026.3717541388141,988.7899770151535,999.1574096679688,95623,0.0,0.0
2019-04-19 00:00:00+09:00,991.3819006038927,1008.2289018198805,991.3819006038927,1004.3411254882812,61368,0.0,0.0
2019-04-22 00:00:00+09:00,1005.6370345053455,1005.6370345053455,969.3511511576893,974.534912109375,115547,0.0,0.0
2019-04-23 00:00:00+09:00,983.6063258192419,984.9022216796875,969.351116703037,984.9022216796875,69703,0.0,0.0
2019-04-24 00:00:00+09:00,984.9023029320837,984.9023029320837,969.351196672499,981.0145263671875,26720,0.0,0.0
2019-04-25 00:00:00+09:00,981.0144819326123,981.0144819326123,964.16748046875,964.16748046875,55596,0.0,0.0
2019-04-26 00:00:00+09:00,964.1674555392004,964.1674555392004,938.2490060592269,943.4326782226562,163254,0.0,0.0
2019-04-29 00:00:00+09:00,944.728600126485,953.800048828125,943.4327042156306,953.800048828125,36595,0.0,0.0
2019-04-30 00:00:00+09:00,953.8000090568746,962.8715460430817,947.3204411099558,961.5755615234375,51749,0.0,0.0
2019-05-02 00:00:00+09:00,961.575545871008,984.9022028909878,955.095978029563,978.4225463867188,43002,0.0,0.0
2019-05-03 00:00:00+09:00,981.0145466648675,987.4942039613727,970.6472013858609,977.1267700195312,43645,0.0,0.0
2019-05-07 00:00:00+09:00,977.1266366196128,977.1266366196128,949.9122924804688,949.9122924804688,53041,0.0,0.0
2019-05-08 00:00:00+09:00,955.0959153231632,955.0959153231632,920.1059320904452,921.4019165039062,253036,0.0,0.0
2019-05-09 00:00:00+09:00,923.9938287959696,926.5857092989016,896.7794824979177,898.0753784179688,171358,0.0,0.0
2019-05-10 00:00:00+09:00,901.9630755647686,930.473403939845,896.7794036773425,913.6264038085938,211650,0.0,0.0
2019-05-13 00:00:00+09:00,913.6265307814056,926.5857566324123,913.6265307814056,916.2183227539062,20860,0.0,0.0
2019-05-14 00:00:00+09:00,872.1568642612411,913.6265101772029,872.1568642612411,908.4427490234375,73206,0.0,0.0
2019-05-15 00:00:00+09:00,908.4427084543476,939.5449193366533,898.0753639354646,938.2490234375,92529,0.0,0.0
2019-05-16 00:00:00+09:00,942.1369265472933,971.9431568775706,935.6572688541356,952.5042724609375,192467,0.0,0.0
2019-05-17 00:00:00+09:00,955.0961076095863,964.1675570160477,944.7286735287477,946.024658203125,31785,0.0,0.0
2019-05-20 00:00:00+09:00,947.3205591346831,951.2083358523348,936.953125,936.953125,36813,0.0,0.0
2019-05-21 00:00:00+09:00,962.8714322884418,962.8714322884418,930.4733303929171,942.1366577148438,49866,0.0,0.0
2019-05-22 00:00:00+09:00,942.1367860668674,979.7185645600423,936.953025220147,956.3919067382812,224443,0.0,0.0
2019-05-23 00:00:00+09:00,956.3918611312423,956.3918611312423,929.177428303617,939.5448608398438,75143,0.0,0.0
2019-05-24 00:00:00+09:00,939.5449193366533,957.6878165761127,917.5142457369057,938.2490234375,49690,0.0,0.0
2019-05-27 00:00:00+09:00,938.2490048375006,939.5449007109638,918.810123421419,931.7693481445312,33114,0.0,0.0
2019-05-28 00:00:00+09:00,931.7694066970852,936.9530791795075,920.1060771145105,930.4735107421875,42733,0.0,0.0
2019-05-29 00:00:00+09:00,930.473512751629,930.473512751629,913.6265106502493,920.1060791015625,87489,0.0,0.0
2019-05-30 00:00:00+09:00,921.4019388206301,926.5856106115699,908.4426263490501,918.81005859375,36627,0.0,0.0
2019-05-31 00:00:00+09:00,920.1060791015625,921.402063722091,916.2183025656416,920.1060791015625,22441,0.0,0.0
2019-06-03 00:00:00+09:00,920.1059347697551,922.6978149414062,917.5141432609224,922.6978149414062,14572,0.0,0.0
2019-06-04 00:00:00+09:00,922.6978202925427,925.2896118164062,908.4426122600167,925.2896118164062,68149,0.0,0.0
2019-06-05 00:00:00+09:00,929.1774677347781,935.6571244277475,922.6978997046353,931.7693481445312,29382,0.0,0.0
2019-06-07 00:00:00+09:00,930.4733303929171,943.432553418564,926.5855546189415,942.1366577148438,22977,0.0,0.0
2019-06-10 00:00:00+09:00,942.1368660007053,948.6164346146122,929.1775514472223,940.8408813476562,57618,0.0,0.0
2019-06-11 00:00:00+09:00,939.5448430865443,964.1673951491483,933.065186790987,955.095947265625,113259,0.0,0.0
2019-06-12 00:00:00+09:00,956.3919067382812,961.5755789221747,951.2082345543878,956.3919067382812,94064,0.0,0.0
2019-06-13 00:00:00+09:00,956.3917872918784,968.0551147460938,940.840684019591,968.0551147460938,66850,0.0,0.0
2019-06-14 00:00:00+09:00,968.0553361480246,968.0553361480246,953.8001253338762,958.98388671875,30627,0.0,0.0
2019-06-17 00:00:00+09:00,958.9837233103951,962.8714993551653,949.9122754268718,955.095947265625,34005,0.0,0.0
2019-06-18 00:00:00+09:00,956.3917872918784,971.9428905641656,952.5040114738065,968.0551147460938,109635,0.0,0.0
2019-06-19 00:00:00+09:00,968.0552356491618,971.9430119527887,956.3919067382812,956.3919067382812,63799,0.0,0.0
2019-06-20 00:00:00+09:00,957.687826108281,965.4633789062499,949.9123619731413,965.46337890625,83698,0.0,0.0
2019-06-21 00:00:00+09:00,965.4633789062499,975.8308121911516,960.2797065952137,965.46337890625,34160,0.0,0.0
2019-06-24 00:00:00+09:00,966.7593222763632,970.6470985096446,952.5041132000559,961.5755615234375,28669,0.0,0.0
2019-06-25 00:00:00+09:00,964.1674593455349,965.4633552258015,946.0245623704943,956.3919067382812,79778,0.0,0.0
2019-06-26 00:00:00+09:00,956.3920493442641,957.6879454177596,947.3205995041154,952.5042724609375,42984,0.0,0.0
2019-06-27 00:00:00+09:00,953.7999799322126,966.7592927559834,949.9122924804688,949.9122924804688,38461,0.0,0.0
2019-06-28 00:00:00+09:00,951.2083333042756,961.5756787483506,948.6164526118387,958.98388671875,33448,0.0,0.0
2019-07-01 00:00:00+09:00,968.0552356491618,968.0552356491618,949.9123386741212,956.3919067382812,63764,0.0,0.0
2019-07-02 00:00:00+09:00,952.5041529172705,961.5756016189106,951.208257006416,953.800048828125,52097,0.0,0.0
2019-07-03 00:00:00+09:00,955.095947265625,965.4632909431314,948.6162909700677,955.095947265625,42624,0.0,0.0
2019-07-04 00:00:00+09:00,955.0961532707687,961.5757223010862,946.02470343062,952.5042724609375,37768,0.0,0.0
2019-07-05 00:00:00+09:00,952.5041529172705,960.279705708056,946.0245847001687,953.800048828125,37967,0.0,0.0
2019-07-08 00:00:00+09:00,955.0960648187466,955.0960648187466,894.1876250626239,907.1468505859375,226301,0.0,0.0
2019-07-09 00:00:00+09:00,907.1468480983657,912.33052056091,898.075399123205,905.8509521484375,34663,0.0,0.0
2019-07-10 00:00:00+09:00,907.1468480983657,914.9224011235982,900.6671910230613,905.8509521484375,53029,0.0,0.0
2019-07-11 00:00:00+09:00,907.1467474521946,918.8100756960198,903.2589713709197,913.6264038085938,22488,0.0,0.0
2019-07-12 00:00:00+09:00,913.626367334855,923.9937106958225,913.626367334855,922.6978149414062,18237,0.0,0.0
2019-07-15 00:00:00+09:00,922.6979956012227,922.6979956012227,903.2591121648458,909.73876953125,55934,0.0,0.0
2019-07-16 00:00:00+09:00,909.7387110088107,911.0346069335936,901.9631581344522,911.0346069335938,26831,0.0,0.0
2019-07-17 00:00:00+09:00,911.034624610982,912.33052056091,894.1876226105887,905.8509521484375,50793,0.0,0.0
2019-07-18 00:00:00+09:00,907.1468708483977,907.1468708483977,896.7795256633098,903.2590942382812,19537,0.0,0.0
2019-07-19 00:00:00+09:00,904.5549675356775,905.8509521484375,895.4835185605169,905.8509521484375,17863,0.0,0.0
2019-07-22 00:00:00+09:00,905.8509748659702,905.8509748659702,895.4835410180482,903.2590942382812,21465,0.0,0.0
2019-07-23 00:00:00+09:00,904.5548878260704,904.5548878260704,894.1875438145546,899.3712158203125,24370,0.0,0.0
2019-07-24 00:00:00+09:00,894.1875438145546,903.258991990337,894.1875438145546,899.3712158203125,38159,0.0,0.0
2019-07-25 00:00:00+09:00,890.2997591440402,899.3712072332094,825.5035493708499,873.4527587890625,200860,0.0,0.0
2019-07-26 00:00:00+09:00,873.4529194846734,876.0447116082254,854.014035243836,864.3814697265625,36035,0.0,0.0
2019-07-29 00:00:00+09:00,864.3814019437808,872.1568663675424,815.1362915039062,815.1362915039062,141914,0.0,0.0
2019-07-30 00:00:00+09:00,816.4322152387309,839.7588752920763,816.4322152387309,838.462890625,22641,0.0,0.0
2019-07-31 00:00:00+09:00,833.2791152582827,844.9424438476562,822.9116825134535,844.9424438476562,68418,0.0,0.0
2019-08-01 00:00:00+09:00,844.9424898670158,855.3098345136724,834.5750565575296,851.4220581054688,61391,0.0,0.0
2019-08-02 00:00:00+09:00,850.1262206516726,850.1262206516726,822.9117839227698,838.462890625,33199,0.0,0.0
2019-08-05 00:00:00+09:00,838.462839875134,838.462839875134,784.0340583745893,795.6973876953125,156135,0.0,0.0
2019-08-06 00:00:00+09:00,759.4114851572125,793.1054877032688,759.4114851572125,777.5543823242188,186910,0.0,0.0
2019-08-07 00:00:00+09:00,777.5544235809704,793.1055297851562,777.5544235809704,793.1055297851562,55442,0.0,0.0
2019-08-08 00:00:00+09:00,794.4014293394215,829.3914184570312,794.4014293394215,829.3914184570312,38122,0.0,0.0
2019-08-09 00:00:00+09:00,829.3914044227379,859.1976318359375,829.3914044227379,859.1976318359375,100107,0.0,0.0
2019-08-12 00:00:00+09:00,859.1976299376245,872.1568553641735,852.7180615557658,869.5650634765625,48850,0.0,0.0
2019-08-13 00:00:00+09:00,861.7895154161707,872.1568603515625,847.534305301467,872.1568603515625,29564,0.0,0.0
2019-08-14 00:00:00+09:00,872.156837763582,877.3405987598555,848.830267931669,874.7487182617188,74636,0.0,0.0
2019-08-16 00:00:00+09:00,874.7486329228343,883.8200807870749,848.8301851213412,865.6771850585938,66665,0.0,0.0
2019-08-19 00:00:00+09:00,865.6772522484831,889.0039102780274,855.3098191255208,879.932373046875,67106,0.0,0.0
2019-08-20 00:00:00+09:00,887.7080282521327,890.299908997938,861.7895754454321,883.8202514648438,72996,0.0,0.0
2019-08-21 00:00:00+09:00,883.8201860255822,894.1876195783462,877.3406176350823,892.8917236328125,81133,0.0,0.0
2019-08-22 00:00:00+09:00,892.8917236328125,895.4835155238799,878.6365135806159,892.8917236328125,226415,0.0,0.0
2019-08-23 00:00:00+09:00,892.8916437785216,892.8916437785216,873.4527630198429,886.4119873046875,52489,0.0,0.0
2019-08-26 00:00:00+09:00,886.412041461823,886.412041461823,851.4220539584175,860.4935913085938,32541,0.0,0.0
2019-08-27 00:00:00+09:00,860.4935132308593,869.5649610950999,859.19752877681,865.6771850585938,28447,0.0,0.0
2019-08-28 00:00:00+09:00,866.973119492093,876.0445677606613,859.197567072513,868.2691040039062,25968,0.0,0.0
2019-08-29 00:00:00+09:00,869.5650442313622,870.8609401464869,851.4220581054688,851.4220581054688,36989,0.0,0.0
2019-08-30 00:00:00+09:00,852.7181443840742,863.0854902672073,846.2384867099861,855.3099365234375,76158,0.0,0.0
2019-09-02 00:00:00+09:00,848.8302400764179,855.3098081148818,841.0546875,841.0546875,180731,0.0,0.0
2019-09-03 00:00:00+09:00,843.6464226860771,854.0138549804688,842.350526897836,854.0138549804688,58908,0.0,0.0
2019-09-04 00:00:00+09:00,855.3099365234375,859.1977133953224,851.4221596515526,855.3099365234375,32033,0.0,0.0
2019-09-05 00:00:00+09:00,856.6058405028889,873.4528424719267,856.6058405028889,870.8609619140625,104623,0.0,0.0
2019-09-06 00:00:00+09:00,870.8609644003465,876.0446368680424,866.9731878838666,872.1568603515625,30963,0.0,0.0
2019-09-09 00:00:00+09:00,872.1568553641735,874.7487359146158,861.7895104880669,869.5650634765625,73459,0.0,0.0
2019-09-10 00:00:00+09:00,869.5651182505724,873.4528949897117,739.9726784963768,784.0341186523438,1262335,0.0,0.0
2019-09-11 00:00:00+09:00,786.6260039824408,803.4730070633007,785.3300192865642,798.2892456054688,207429,0.0,0.0
2019-09-16 00:00:00+09:00,809.9524286256968,817.7279807358553,800.880980718119,811.2484130859375,101079,0.0,0.0
2019-09-17 00:00:00+09:00,813.8402684575663,815.1362530193671,807.3607002998755,812.5443725585938,76838,0.0,0.0
2019-09-18 00:00:00+09:00,816.4321340305668,822.9117020701016,812.5443577417152,819.02392578125,56230,0.0,0.0
2019-09-19 00:00:00+09:00,822.9117020701016,822.9117020701016,812.5443577417152,819.02392578125,69564,0.0,0.0
2019-09-20 00:00:00+09:00,819.0239793843707,820.3199640073582,806.0647537943247,815.1362915039062,70693,0.0,0.0
2019-09-23 00:00:00+09:00,817.7279663085938,819.0238620831494,803.4728468000219,817.7279663085938,45860,0.0,0.0
2019-09-24 00:00:00+09:00,820.3198609935154,822.911652588354,803.4728609757789,811.2484130859375,108233,0.0,0.0
2019-09-25 00:00:00+09:00,812.5443526418,820.3199051707002,808.6565763773499,816.43212890625,92980,0.0,0.0
2019-09-26 00:00:00+09:00,808.6564774284085,817.7279247145148,807.360581719769,813.8401489257812,94558,0.0,0.0
2019-09-27 00:00:00+09:00,816.4321314044232,852.7180137627117,808.656578851731,839.7587890625,224099,0.0,0.0
2019-09-30 00:00:00+09:00,822.9116994231158,841.0546849336733,817.7280272755964,839.7587890625,163505,0.0,0.0
2019-10-01 00:00:00+09:00,884.6648957444539,884.6648957444539,848.3486028156997,851.25390625,157378,0.0,0.0
2019-10-02 00:00:00+09:00,865.7804548821482,865.7804548821482,849.8012854128468,854.1592407226562,24849,0.0,0.0
2019-10-04 00:00:00+09:00,854.1592381795248,854.1592381795248,828.0115063985189,836.7274169921875,207360,0.0,0.0
2019-10-07 00:00:00+09:00,836.7274478265571,842.5380551031303,829.4641887308404,839.6327514648438,12992,0.0,0.0
2019-10-08 00:00:00+09:00,832.3694625328327,842.5380249023436,832.3694625328327,842.5380249023438,15520,0.0,0.0
2019-10-10 00:00:00+09:00,832.3694910952919,841.0854019968133,820.7482765599301,828.0115356445312,56748,0.0,0.0
2019-10-11 00:00:00+09:00,828.0115356445312,836.7274465460526,828.0115356445312,828.0115356445312,26509,0.0,0.0
2019-10-14 00:00:00+09:00,828.0114596445381,838.1800214296464,828.0114596445381,829.464111328125,29535,0.0,0.0
2019-10-15 00:00:00+09:00,829.464188100569,838.1800990088061,828.0115362825295,833.8221435546875,77254,0.0,0.0
2019-10-16 00:00:00+09:00,835.2746866289887,836.7273382579086,826.5587768554688,826.5587768554688,44369,0.0,0.0
2019-10-17 00:00:00+09:00,826.558883827611,833.8221429122121,819.2956247430099,828.0115356445312,60282,0.0,0.0
2019-10-18 00:00:00+09:00,826.5588994583742,838.1801142135007,825.1062476139834,832.3695068359375,51877,0.0,0.0
2019-10-21 00:00:00+09:00,832.3694599850077,833.8221117476343,816.3902905961157,825.106201171875,51925,0.0,0.0
2019-10-22 00:00:00+09:00,836.7273792613636,836.7273792613636,796.0531316583806,798.9584350585938,78239,0.0,0.0
2019-10-23 00:00:00+09:00,814.9376639327153,814.9376639327153,780.0740205559146,781.5266723632812,175907,0.0,0.0
2019-10-24 00:00:00+09:00,772.8106826116283,782.9792442249392,753.9262110440509,765.5474243164062,209046,0.0,0.0
2019-10-25 00:00:00+09:00,767.0001201923077,767.0001201923077,743.7576923076923,755.37890625,87369,0.0,0.0
2019-10-28 00:00:00+09:00,755.3788912547985,761.1894981106046,746.6629809710893,756.83154296875,199584,0.0,0.0
2019-10-29 00:00:00+09:00,756.83154296875,759.7368463966532,753.926239540847,756.83154296875,144248,0.0,0.0
2019-10-30 00:00:00+09:00,756.8314834449405,771.3579994419644,755.3788318452381,762.64208984375,63368,0.0,0.0
2019-10-31 00:00:00+09:00,768.4526962425596,768.4526962425596,758.2841350446429,762.64208984375,47509,0.0,0.0
2019-11-01 00:00:00+09:00,767.0002137382075,774.2634733380012,761.1896060583726,769.905517578125,149929,0.0,0.0
2019-11-04 00:00:00+09:00,769.9054105070003,778.6213208146266,758.2841967634984,768.4527587890625,129712,0.0,0.0
2019-11-05 00:00:00+09:00,768.452803337711,771.3581069420123,755.3789371183549,758.2842407226562,183150,0.0,0.0
2019-11-06 00:00:00+09:00,759.7368766181961,769.9054390203517,753.92626953125,753.92626953125,117511,0.0,0.0
2019-11-07 00:00:00+09:00,755.3789378119059,765.547500436297,755.3789378119059,764.0948486328125,73304,0.0,0.0
2019-11-08 00:00:00+09:00,767.0001070711247,777.1686690966889,762.6421519173116,768.4527587890625,118282,0.0,0.0
2019-11-11 00:00:00+09:00,768.4527728830584,777.1686833505412,759.7368624155757,761.1895141601562,160575,0.0,0.0
2019-11-12 00:00:00+09:00,762.642119719467,767.0000746892925,758.2841647496415,759.73681640625,89135,0.0,0.0
2019-11-13 00:00:00+09:00,759.7368624155757,764.0948176493171,755.3789071818344,761.1895141601562,143323,0.0,0.0
2019-11-14 00:00:00+09:00,759.7368624155757,762.6421659047367,756.8315589264148,761.1895141601562,90595,0.0,0.0
2019-11-15 00:00:00+09:00,769.9055182537909,791.6952970722945,764.0949105688567,787.3373413085938,276069,0.0,0.0
2019-11-18 00:00:00+09:00,791.6952661584925,797.5058736165364,775.7160956488715,784.4320068359375,119286,0.0,0.0
2019-11-19 00:00:00+09:00,785.8846424095626,788.7899460783595,772.8107758999766,774.263427734375,104220,0.0,0.0
2019-11-20 00:00:00+09:00,772.8107139428757,781.5266242505021,762.6421519173116,768.4527587890625,133337,0.0,0.0
2019-11-21 00:00:00+09:00,769.905517578125,771.3581694980837,761.1896060583726,769.905517578125,69302,0.0,0.0
2019-11-22 00:00:00+09:00,769.9054105070003,777.1686690966889,765.547455353187,768.4527587890625,41860,0.0,0.0
2019-11-25 00:00:00+09:00,769.9054722311797,787.3372942439611,762.6422130591874,774.263427734375,195399,0.0,0.0
2019-11-26 00:00:00+09:00,755.37890625,759.7368614783654,748.1156475360577,755.37890625,1508314,0.0,0.0
2019-11-27 00:00:00+09:00,758.2842407226562,761.1895443269576,756.8315889205055,758.2842407226562,283204,0.0,0.0
2019-11-28 00:00:00+09:00,756.8315589264148,769.9054246276389,756.8315589264148,761.1895141601562,547443,0.0,0.0
2019-11-29 00:00:00+09:00,764.0947713760755,765.547423032684,758.2841647496415,759.73681640625,277867,0.0,0.0
2019-12-02 00:00:00+09:00,761.1895141601562,765.5474693938976,758.2842106709953,761.1895141601562,260307,0.0,0.0
2019-12-03 00:00:00+09:00,756.831513093033,765.547423032684,755.3788614364245,759.73681640625,202306,0.0,0.0
2019-12-04 00:00:00+09:00,759.7368925248069,764.094847931259,748.1156781076014,758.2842407226562,309345,0.0,0.0
2019-12-05 00:00:00+09:00,761.1895132211539,761.1895132211539,751.0209510216346,755.37890625,126901,0.0,0.0
2019-12-06 00:00:00+09:00,756.8315579927885,758.284209735577,749.5682992788462,755.37890625,167939,0.0,0.0
2019-12-09 00:00:00+09:00,755.3788122036115,758.2841153274715,745.2102512701013,746.6629028320312,367651,0.0,0.0
2019-12-10 00:00:00+09:00,749.5683142160406,753.92626953125,745.210358900831,753.92626953125,127051,0.0,0.0
2019-12-11 00:00:00+09:00,753.9262545072115,756.8315579927885,752.473602764423,755.37890625,93802,0.0,0.0
2019-12-12 00:00:00+09:00,756.8315770533178,790.2425679788961,755.3789252739448,782.9793090820312,656796,0.0,0.0
2019-12-13 00:00:00+09:00,780.0740516886992,791.6952666114358,774.2634442273309,790.2426147460938,261745,0.0,0.0
2019-12-16 00:00:00+09:00,784.4319608614041,793.147871537642,771.3580948470475,782.9793090820312,220480,0.0,0.0
2019-12-17 00:00:00+09:00,780.0740362086269,794.6005545737783,780.0740362086269,785.8846435546875,162414,0.0,0.0
2019-12-18 00:00:00+09:00,785.8846893873601,793.147948993528,784.4320374661266,787.3373413085938,97670,0.0,0.0
2019-12-19 00:00:00+09:00,790.2425687730204,794.6005241155186,782.9793098688565,788.7899169921875,77668,0.0,0.0
2019-12-20 00:00:00+09:00,788.7899169921875,793.1478723346859,784.4319616496892,788.7899169921875,136037,0.0,0.0
2019-12-23 00:00:00+09:00,788.7898869785694,800.4111007830419,775.7160214485378,791.6951904296875,843369,0.0,0.0
2019-12-24 00:00:00+09:00,787.3372652113547,794.6005241155186,784.4319616496892,788.7899169921875,209456,0.0,0.0
2019-12-26 00:00:00+09:00,788.789873157848,806.2216935591264,787.3372214577414,798.9584350585938,374595,0.0,0.0
2019-12-27 00:00:00+09:00,826.3513658311631,827.8731915509259,814.1767600730612,821.785888671875,223354,50.0,0.0
2019-12-30 00:00:00+09:00,823.3077166356078,830.9168452551605,817.2204137399656,829.39501953125,199427,0.0,0.0
2020-01-02 00:00:00+09:00,830.9168680864428,830.9168680864428,823.3077392578125,823.3077392578125,32949,0.0,0.0
2020-01-03 00:00:00+09:00,824.8295125782713,827.8731639161986,811.133081557599,812.6549072265625,228066,0.0,0.0
2020-01-06 00:00:00+09:00,808.089438972256,811.1330903431495,795.9148334886814,802.0021362304688,166849,0.0,0.0
2020-01-07 00:00:00+09:00,802.0021858431667,808.0894889615208,802.0021858431667,805.0458374023438,47862,0.0,0.0
2020-01-08 00:00:00+09:00,803.5239455382948,803.5239455382948,783.7402120307231,789.8275146484375,287259,0.0,0.0
2020-01-09 00:00:00+09:00,794.3929830921014,812.6548907493911,794.3929830921014,800.4802856445312,39622,0.0,0.0
2020-01-10 00:00:00+09:00,802.0020973686962,805.0457485921069,789.8274924750538,795.914794921875,142431,0.0,0.0
2020-01-13 00:00:00+09:00,797.4367085044009,806.5676631819323,795.9148827248124,805.0458374023438,29600,0.0,0.0
2020-01-14 00:00:00+09:00,805.0457900197882,814.1767441598993,805.0457900197882,809.6112670898438,72797,0.0,0.0
2020-01-15 00:00:00+09:00,811.1330927798622,812.6549184698807,803.5239643297697,809.6112670898438,49811,0.0,0.0
2020-01-16 00:00:00+09:00,811.1330927798622,812.6549184698807,805.0457900197882,809.6112670898438,42424,0.0,0.0
2020-01-17 00:00:00+09:00,808.0894640142268,809.6112897468336,802.0021610837995,803.5239868164062,62155,0.0,0.0
2020-01-20 00:00:00+09:00,803.5239868164062,806.5676382816199,792.8712066881585,803.5239868164062,61852,0.0,0.0
2020-01-21 00:00:00+09:00,806.5676382816199,808.0894640142268,798.9585096185858,803.5239868164062,84002,0.0,0.0
2020-01-22 00:00:00+09:00,805.0458012418926,808.0894526643573,797.4366726857311,806.567626953125,125504,0.0,0.0
2020-01-23 00:00:00+09:00,806.5676132868092,806.5676132868092,800.4803105450219,802.0021362304688,58100,0.0,0.0
2020-01-28 00:00:00+09:00,798.9585399627686,798.9585399627686,774.6093273162842,779.1748046875,427379,0.0,0.0
2020-01-29 00:00:00+09:00,785.2621327896563,788.3057844671357,777.6530035959581,780.6966552734375,109128,0.0,0.0
2020-01-30 00:00:00+09:00,782.2184678021599,783.7402936150046,770.0438612994026,776.1311645507812,165128,0.0,0.0
2020-01-31 00:00:00+09:00,779.1747271825396,779.1747271825396,760.9128195141989,767.0001220703125,172166,0.0,0.0
2020-02-03 00:00:00+09:00,759.3910770263673,763.9565544433594,745.6946447753907,760.9129028320312,196103,0.0,0.0
2020-02-04 00:00:00+09:00,760.9128952026367,782.2184562683105,760.9128952026367,779.1748046875,202425,0.0,0.0
2020-02-05 00:00:00+09:00,785.2621078491211,797.4367141723633,777.6529788970947,779.1748046875,217018,0.0,0.0
2020-02-06 00:00:00+09:00,780.6966098192329,795.9148673205824,779.1747840690979,792.8712158203125,109377,0.0,0.0
2020-02-07 00:00:00+09:00,797.4366909293241,800.4803424214208,785.2620849609375,785.2620849609375,140458,0.0,0.0
2020-02-10 00:00:00+09:00,786.7838633395803,795.9148172661519,785.2620376851518,789.8275146484375,88571,0.0,0.0
2020-02-11 00:00:00+09:00,791.3493540095186,798.9584824134563,791.3493540095186,794.3930053710938,99495,0.0,0.0
2020-02-12 00:00:00+09:00,794.3930078032347,803.5239619159155,792.8711821177878,802.0021362304688,116005,0.0,0.0
2020-02-13 00:00:00+09:00,803.5239619159155,805.0457876013623,795.9148334886814,802.0021362304688,49183,0.0,0.0
2020-02-14 00:00:00+09:00,800.4802717569909,803.5239229804015,788.3056668633485,795.914794921875,62017,0.0,0.0
2020-02-17 00:00:00+09:00,797.4366567326688,798.9584824134563,789.8275283287311,794.3930053710938,42891,0.0,0.0
2020-02-18 00:00:00+09:00,792.871193266369,798.95849609375,788.3057161458333,798.95849609375,121656,0.0,0.0
2020-02-19 00:00:00+09:00,798.9584461452856,805.0457485921069,795.914794921875,795.914794921875,123282,0.0,0.0
2020-02-20 00:00:00+09:00,803.5239732142857,803.5239732142857,788.3057161458333,798.95849609375,197770,0.0,0.0
2020-02-21 00:00:00+09:00,797.4366065392128,797.4366065392128,783.7401762742263,791.3493041992188,190240,0.0,0.0
2020-02-24 00:00:00+09:00,789.8275207880686,789.8275207880686,767.0001357941937,771.5656127929688,255352,0.0,0.0
2020-02-25 00:00:00+09:00,760.9129177303765,777.6530019204448,760.9129177303765,773.0875244140625,65042,0.0,0.0
2020-02-26 00:00:00+09:00,770.0437871267104,776.1310897917436,760.9128331291605,771.5656127929688,189792,0.0,0.0
2020-02-27 00:00:00+09:00,771.5656834716797,773.0875092773438,751.7819479980469,760.9129028320312,242458,0.0,0.0
2020-02-28 00:00:00+09:00,748.738292709662,757.8692474988043,742.6509895169006,745.6946411132812,235486,0.0,0.0
2020-03-02 00:00:00+09:00,745.6945468533423,756.3473260941043,736.5635932184034,754.8255004882812,82788,0.0,0.0
2020-03-03 00:00:00+09:00,768.5219975045547,773.0874747174531,756.3473916034925,770.0438232421875,152840,0.0,0.0
2020-03-04 00:00:00+09:00,768.5220241546631,779.1748046875,762.434720993042,779.1748046875,133257,0.0,0.0
2020-03-05 00:00:00+09:00,786.7838384562017,791.3493152750965,782.2183616373069,788.3056640625,124271,0.0,0.0
2020-03-06 00:00:00+09:00,786.7838633395803,789.8275146484375,762.4346528687229,789.8275146484375,437185,0.0,0.0
2020-03-09 00:00:00+09:00,789.8275146484375,789.8275146484375,789.8275146484375,789.8275146484375,0,0.0,0.0
2020-03-10 00:00:00+09:00,760.9129177303765,773.0875244140625,730.4764010211615,773.0875244140625,182825,0.0,0.0
2020-03-11 00:00:00+09:00,782.2184313272077,782.2184313272077,756.3473937152182,777.6529541015625,193381,0.0,0.0
2020-03-12 00:00:00+09:00,777.6529541015625,777.6529541015625,777.6529541015625,777.6529541015625,0,0.0,0.0
2020-03-13 00:00:00+09:00,722.8672383626302,748.7382763671875,646.7759501139324,684.8215942382812,905852,0.0,0.0
2020-03-16 00:00:00+09:00,690.9088272270114,716.7798626077587,651.3413613505747,661.994140625,547187,0.0,0.0
2020-03-17 00:00:00+09:00,596.5557028511973,665.0378626172787,596.5557028511973,651.3414306640625,248531,0.0,0.0
2020-03-18 00:00:00+09:00,651.3414200624225,663.5160260448976,608.7302991237593,613.2957763671875,418231,0.0,0.0
2020-03-19 00:00:00+09:00,611.7739045984605,619.383032765108,517.4207153320312,517.4207153320312,616786,0.0,0.0
2020-03-20 00:00:00+09:00,520.4643530885489,555.4663417465507,520.4643530885489,546.3353881835938,421991,0.0,0.0
2020-03-23 00:00:00+09:00,538.7262769616168,538.7262769616168,509.8115897800611,525.0298461914062,110075,0.0,0.0
2020-03-24 00:00:00+09:00,526.5516713321697,561.5536610450017,526.5516713321697,558.510009765625,135327,0.0,0.0
2020-03-25 00:00:00+09:00,578.2937583635075,614.8175746812028,573.7282813237957,604.164794921875,274109,0.0,0.0
2020-03-26 00:00:00+09:00,610.2521626240498,626.9922468855574,584.3811233108108,619.3831176757812,152626,0.0,0.0
2020-03-27 00:00:00+09:00,630.0358595930909,640.6886398277567,610.2521248715686,613.2957763671875,79459,0.0,0.0
2020-03-30 00:00:00+09:00,608.7302856445312,608.7302856445312,578.2937713623047,608.7302856445312,98114,0.0,0.0
2020-03-31 00:00:00+09:00,617.8612060546875,634.6012879921298,601.1211241172452,617.8612060546875,112045,0.0,0.0
2020-04-01 00:00:00+09:00,616.3393941193746,636.1231277577742,613.29574279039,622.4266967773438,126869,0.0,0.0
2020-04-02 00:00:00+09:00,620.9048981080573,631.5576782226562,605.6866408014872,631.5576782226562,99301,0.0,0.0
2020-04-03 00:00:00+09:00,633.0795213931075,657.4287337543808,630.0358698479482,651.3414306640625,129675,0.0,0.0
2020-04-06 00:00:00+09:00,651.3414475490717,672.6470089174993,648.2977959250106,671.1251831054688,385755,0.0,0.0
2020-04-07 00:00:00+09:00,675.6906195746527,707.64895968967,675.6906195746527,698.5180053710938,335628,0.0,0.0
2020-04-08 00:00:00+09:00,703.083445695426,738.085435416194,692.4306662151922,733.5199584960938,656398,0.0,0.0
2020-04-09 00:00:00+09:00,735.0417676125803,776.1310589698053,735.0417676125803,754.8255004882812,524440,0.0,0.0
2020-04-10 00:00:00+09:00,754.825599609375,762.4347286376953,727.4327351074219,760.9129028320312,400940,0.0,0.0
2020-04-13 00:00:00+09:00,757.8692016601562,760.9128530724461,739.6072931864176,757.8692016601562,174543,0.0,0.0
2020-04-14 00:00:00+09:00,748.7382963867187,762.4347286376953,745.6946447753907,760.9129028320312,148557,0.0,0.0
2020-04-16 00:00:00+09:00,756.3474101244918,759.3910616742886,736.563675050813,748.73828125,190265,0.0,0.0
2020-04-17 00:00:00+09:00,747.2163724591655,759.3909773057507,747.2163724591655,754.8255004882812,133873,0.0,0.0
2020-04-20 00:00:00+09:00,768.5219104837927,768.5219104837927,724.3889690896739,735.041748046875,839202,0.0,0.0
2020-04-21 00:00:00+09:00,735.0418295558495,738.0854810239897,703.0834891403778,721.3453979492188,413181,0.0,0.0
2020-04-22 00:00:00+09:00,721.3454323793069,728.9545614128439,706.1271743122329,712.2144775390625,157555,0.0,0.0
2020-04-23 00:00:00+09:00,722.8672300623483,745.6946162748435,718.3017528198492,744.1727905273438,255313,0.0,0.0
2020-04-24 00:00:00+09:00,744.1727155520592,750.2600179287632,736.5635875811793,739.6072387695312,102830,0.0,0.0
2020-04-27 00:00:00+09:00,745.6946316571302,765.4783667827276,731.9981996471014,756.347412109375,321960,0.0,0.0
2020-04-28 00:00:00+09:00,759.3909773057507,768.5219309406896,747.2163724591655,754.8255004882812,156917,0.0,0.0
2020-04-29 00:00:00+09:00,760.9128168446267,765.4782937456945,751.7818630424912,759.3909912109375,255640,0.0,0.0
2020-05-04 00:00:00+09:00,760.9128530724461,763.9565044847359,751.7818988355767,757.8692016601562,246407,0.0,0.0
2020-05-06 00:00:00+09:00,765.4783301908807,765.4783301908807,753.3037245417216,757.8692016601562,110103,0.0,0.0
2020-05-07 00:00:00+09:00,757.8691928372524,770.0437983446782,757.8691928372524,768.52197265625,207572,0.0,0.0
2020-05-08 00:00:00+09:00,768.5220109081455,791.3493973707638,759.3910563230983,774.6093139648438,722411,0.0,0.0
2020-05-11 00:00:00+09:00,779.1748161764706,780.6966419893153,744.1728224810432,776.1311645507812,107606,0.0,0.0
2020-05-12 00:00:00+09:00,770.0438576660157,777.6529866943359,760.9129028320312,760.9129028320312,65451,0.0,0.0
2020-05-13 00:00:00+09:00,760.9128168446267,760.9128168446267,753.3036886761805,759.3909912109375,137610,0.0,0.0
2020-05-14 00:00:00+09:00,759.3909521237769,759.3909521237769,748.738173236269,753.3036499023438,107026,0.0,0.0
2020-05-15 00:00:00+09:00,751.7818656800284,770.0437733483692,751.7818656800284,767.0001220703125,175545,0.0,0.0
2020-05-18 00:00:00+09:00,767.0001220703125,773.087424626426,760.9128195141989,767.0001220703125,111897,0.0,0.0
2020-05-19 00:00:00+09:00,768.5219687977057,795.9148310518813,768.5219687977057,794.3930053710938,460902,0.0,0.0
2020-05-20 00:00:00+09:00,797.4365923824347,797.4365923824347,783.740162360599,786.7838134765625,293568,0.0,0.0
2020-05-21 00:00:00+09:00,795.9148446800596,798.95849609375,785.2620647321429,798.95849609375,361743,0.0,0.0
2020-05-22 00:00:00+09:00,800.4803540419048,800.4803540419048,782.2184448242188,782.2184448242188,94137,0.0,0.0
2020-05-25 00:00:00+09:00,777.6529562306958,792.8712136911792,777.6529562306958,785.2620849609375,94052,0.0,0.0
2020-05-26 00:00:00+09:00,794.3929553692158,794.3929553692158,779.1746995192308,791.3493041992188,134858,0.0,0.0
2020-05-27 00:00:00+09:00,791.3493012363471,800.480254712151,777.6528710226411,783.7401733398438,205705,0.0,0.0
2020-05-28 00:00:00+09:00,785.2620943140655,792.8712231349383,760.9128820872728,774.6093139648438,183313,0.0,0.0
2020-05-29 00:00:00+09:00,773.0874384592271,776.1310897917436,760.9128331291605,771.5656127929688,65774,0.0,0.0
2020-06-01 00:00:00+09:00,770.0437567869208,795.9147920939913,762.4346287554295,788.3056640625,154501,0.0,0.0
2020-06-02 00:00:00+09:00,789.827464592526,792.8711157084895,785.2619879185808,786.7838134765625,93889,0.0,0.0
2020-06-03 00:00:00+09:00,788.3057026479436,794.3930053710938,786.7838769671561,794.3930053710938,229002,0.0,0.0
2020-06-04 00:00:00+09:00,798.9584711671786,805.0457738046427,794.3929941890804,797.4366455078125,298750,0.0,0.0
2020-06-05 00:00:00+09:00,797.4366455078125,803.5239481452767,791.3493428703483,797.4366455078125,114615,0.0,0.0
2020-06-08 00:00:00+09:00,805.0457344642052,805.0457344642052,788.3056530292217,791.3493041992188,193405,0.0,0.0
2020-06-09 00:00:00+09:00,788.3057161458333,798.95849609375,788.3057161458333,798.95849609375,102387,0.0,0.0
2020-06-10 00:00:00+09:00,805.045798921131,811.1331017485119,794.3930189732143,798.95849609375,744087,0.0,0.0
2020-06-11 00:00:00+09:00,798.9584179404164,798.9584179404164,785.2619879185808,786.7838134765625,241959,0.0,0.0
2020-06-12 00:00:00+09:00,771.5656489798204,774.6093004550859,762.4346945540236,770.0438232421875,311794,0.0,0.0
2020-06-15 00:00:00+09:00,776.1311472349723,779.1747987927565,753.3037605515908,756.347412109375,336886,0.0,0.0
2020-06-16 00:00:00+09:00,760.9129177303765,774.6093502495232,760.9129177303765,773.0875244140625,90088,0.0,0.0
2020-06-17 00:00:00+09:00,773.087424626426,773.087424626426,762.4346451532273,767.0001220703125,72131,0.0,0.0
2020-06-18 00:00:00+09:00,776.1311261927186,776.1311261927186,762.4346945540236,770.0438232421875,62756,0.0,0.0
2020-06-19 00:00:00+09:00,762.434669902537,774.6092754099628,760.9128442141089,768.52197265625,95758,0.0,0.0
2020-06-22 00:00:00+09:00,770.0438576660157,771.5656834716797,760.9129028320312,760.9129028320312,75228,0.0,0.0
2020-06-23 00:00:00+09:00,762.4347286376953,768.5220318603516,753.303773803711,760.9129028320312,87706,0.0,0.0
2020-06-24 00:00:00+09:00,760.9128914031375,771.5656718827813,754.8255882719124,763.95654296875,148875,0.0,0.0
2020-06-25 00:00:00+09:00,759.3910430787581,773.0874747174531,745.694611440063,770.0438232421875,138981,0.0,0.0
2020-06-26 00:00:00+09:00,770.0437565465127,771.5655821523359,753.303674882458,754.8255004882812,123884,0.0,0.0
2020-06-29 00:00:00+09:00,753.3037701042332,756.3474217006138,739.6073379205199,745.6946411132812,151491,0.0,0.0
2020-06-30 00:00:00+09:00,747.2164306640625,756.3473850102629,742.6509534909624,747.2164306640625,91215,0.0,0.0
2020-07-01 00:00:00+09:00,748.7382677698429,753.3037450123419,741.1291390323445,744.1727905273438,141115,0.0,0.0
2020-07-02 00:00:00+09:00,744.1727212475192,754.8255004882812,738.0854188242266,754.8255004882812,78878,0.0,0.0
2020-07-03 00:00:00+09:00,754.8255863304829,756.347412109375,750.2601089938066,756.347412109375,48449,0.0,0.0
2020-07-06 00:00:00+09:00,756.347412109375,760.9128894460513,747.2164574360223,756.347412109375,76732,0.0,0.0
2020-07-07 00:00:00+09:00,757.8691516999276,760.9128029115739,753.303674882458,754.8255004882812,21872,0.0,0.0
2020-07-08 00:00:00+09:00,753.3036886761805,760.9128168446267,747.2163861414234,759.3909912109375,161943,0.0,0.0
2020-07-09 00:00:00+09:00,762.4347152249434,762.4347152249434,751.7819347726987,756.347412109375,75265,0.0,0.0
2020-07-10 00:00:00+09:00,756.3473561303855,771.5656127929688,751.7818791316106,771.5656127929688,474375,0.0,0.0
2020-07-13 00:00:00+09:00,776.1311124949522,776.1311124949522,762.4346810979824,765.4783325195312,166825,0.0,0.0
2020-07-14 00:00:00+09:00,765.4783212793935,768.52197265625,760.9128442141089,768.52197265625,61266,0.0,0.0
2020-07-15 00:00:00+09:00,767.0001582303056,770.0438096518545,763.9565068087568,765.4783325195312,67868,0.0,0.0
2020-07-16 00:00:00+09:00,765.4782964312841,776.1310759044828,763.9564707922557,767.0001220703125,186467,0.0,0.0
2020-07-17 00:00:00+09:00,771.5656353626289,771.5656353626289,762.4346810979824,765.4783325195312,58918,0.0,0.0
2020-07-20 00:00:00+09:00,768.52197265625,770.0437983446782,762.434669902537,768.52197265625,66433,0.0,0.0
2020-07-21 00:00:00+09:00,771.5656489798204,771.5656489798204,765.4783460292892,770.0438232421875,182314,0.0,0.0
2020-07-22 00:00:00+09:00,768.5220354865579,779.1748161764706,768.5220354865579,776.1311645507812,202420,0.0,0.0
2020-07-23 00:00:00+09:00,776.1310897917436,777.652915458002,768.5219614604521,771.5656127929688,130459,0.0,0.0
2020-07-24 00:00:00+09:00,768.5219839410801,773.0874610734033,762.4346810979824,765.4783325195312,214001,0.0,0.0
2020-07-27 00:00:00+09:00,771.5656624364947,782.2184427857164,765.4783593797964,774.6093139648438,199556,0.0,0.0
2020-07-28 00:00:00+09:00,782.218415573408,818.7422326429835,771.5656355947818,806.567626953125,1042334,0.0,0.0
2020-07-29 00:00:00+09:00,814.1767555092865,817.2204069317511,797.4366726857311,806.567626953125,236731,0.0,0.0
2020-07-30 00:00:00+09:00,806.5676246279762,817.2204045758929,798.95849609375,798.95849609375,141769,0.0,0.0
2020-07-31 00:00:00+09:00,795.9148767374833,811.1331344188883,776.1311417516567,782.2184448242188,201573,0.0,0.0
2020-08-03 00:00:00+09:00,780.6965251042293,795.9147809542143,777.6528739342323,791.3493041992188,98959,0.0,0.0
2020-08-04 00:00:00+09:00,791.3493318158864,800.4802856445312,791.3493318158864,800.4802856445312,115355,0.0,0.0
2020-08-05 00:00:00+09:00,806.5676246279762,806.5676246279762,789.8275418526786,798.95849609375,159870,0.0,0.0
2020-08-06 00:00:00+09:00,805.0458125490131,805.0458125490131,791.3493809555516,803.5239868164062,90423,0.0,0.0
2020-08-07 00:00:00+09:00,805.045798921131,808.0894503348214,789.8275418526786,798.95849609375,138948,0.0,0.0
2020-08-10 00:00:00+09:00,800.4803241081958,821.785884065448,780.6965898621756,806.567626953125,619812,0.0,0.0
2020-08-11 00:00:00+09:00,808.0894889615208,809.6113147411094,795.9148827248124,805.0458374023438,132622,0.0,0.0
2020-08-12 00:00:00+09:00,805.0457344642052,806.5675600492037,782.2183506892278,791.3493041992188,402920,0.0,0.0
2020-08-13 00:00:00+09:00,797.4366065392128,797.4366065392128,788.3056530292217,791.3493041992188,143447,0.0,0.0
2020-08-14 00:00:00+09:00,792.8711408813947,798.9584433065878,786.7838384562017,788.3056640625,114980,0.0,0.0
2020-08-18 00:00:00+09:00,788.3057554936504,792.8712328420693,763.95654296875,763.95654296875,217533,0.0,0.0
2020-08-19 00:00:00+09:00,767.0002096737132,785.2621194278493,763.9565580480239,776.1311645507812,208435,0.0,0.0
2020-08-20 00:00:00+09:00,774.6092333639822,776.1310589698053,747.2163724591655,754.8255004882812,359481,0.0,0.0
2020-08-21 00:00:00+09:00,756.3473759540113,768.5219816031705,754.8255502478664,757.8692016601562,70463,0.0,0.0
2020-08-24 00:00:00+09:00,759.3910770263673,771.5656834716797,751.7819479980469,760.9129028320312,113773,0.0,0.0
2020-08-25 00:00:00+09:00,767.000171766922,773.0874747174531,757.8692173411252,770.0438232421875,186536,0.0,0.0
2020-08-26 00:00:00+09:00,770.0437733483692,773.087424626426,753.3036913190568,767.0001220703125,182324,0.0,0.0
2020-08-27 00:00:00+09:00,768.5219953160087,768.5219953160087,754.8255637163174,762.4346923828125,117690,0.0,0.0
2020-08-28 00:00:00+09:00,767.0001695827096,767.0001695827096,759.3910409162145,762.4346923828125,127710,0.0,0.0
2020-08-31 00:00:00+09:00,767.0001945343625,767.0001945343625,760.9128914031375,763.95654296875,109871,0.0,0.0
2020-09-01 00:00:00+09:00,763.9565336156219,789.8275716065892,753.3037532664001,774.6093139648438,388490,0.0,0.0
2020-09-02 00:00:00+09:00,774.6093387379366,782.2184678021599,770.0438612994026,776.1311645507812,256717,0.0,0.0
2020-09-03 00:00:00+09:00,779.1747912573674,783.740268549891,774.6093139648438,774.6093139648438,54740,0.0,0.0
2020-09-04 00:00:00+09:00,767.0002096737132,783.7402936150046,762.4347322351792,776.1311645507812,131857,0.0,0.0
2020-09-07 00:00:00+09:00,773.0874902153757,783.7402705923593,768.5220129109542,782.2184448242188,116402,0.0,0.0
2020-09-08 00:00:00+09:00,785.2621327896563,791.349436144615,777.6530035959581,780.6966552734375,138405,0.0,0.0
2020-09-09 00:00:00+09:00,777.6530035959581,791.349436144615,770.0438744022599,780.6966552734375,160144,0.0,0.0
2020-09-10 00:00:00+09:00,782.2183863762946,789.8275146484375,780.6965607218659,789.8275146484375,170256,0.0,0.0
2020-09-11 00:00:00+09:00,808.0894549503504,835.4823178300234,798.9585006571261,814.1767578125,979218,0.0,0.0
2020-09-14 00:00:00+09:00,809.6113147411094,814.176792079875,797.4367085044009,805.0458374023438,183827,0.0,0.0
2020-09-15 00:00:00+09:00,802.0021858431667,823.3077467574063,800.4803600635781,805.0458374023438,260204,0.0,0.0
2020-09-16 00:00:00+09:00,798.9584433065878,803.5239201254826,783.7401872436052,788.3056640625,208806,0.0,0.0
2020-09-17 00:00:00+09:00,788.3057478967808,792.8712252012023,776.1311417516567,782.2184448242188,179146,0.0,0.0
2020-09-18 00:00:00+09:00,789.8275736649213,789.8275736649213,776.1311417516567,782.2184448242188,165966,0.0,0.0
2020-09-21 00:00:00+09:00,782.218403852104,786.7838809173886,763.9564955909653,768.52197265625,293711,0.0,0.0
2020-09-22 00:00:00+09:00,768.5219614604521,779.1747411242603,763.9564844616771,771.5656127929688,125276,0.0,0.0
2020-09-23 00:00:00+09:00,773.0874768759173,777.6529541015625,765.4783481665087,777.6529541015625,60090,0.0,0.0
2020-09-24 00:00:00+09:00,776.1310759044828,776.1310759044828,763.9564707922557,767.0001220703125,82081,0.0,0.0
2020-09-25 00:00:00+09:00,774.6092867841777,774.6092867841777,759.3910296764336,765.4783325195312,474188,0.0,0.0
2020-09-28 00:00:00+09:00,771.5656624364947,777.6529654931928,765.4783593797964,774.6093139648438,108846,0.0,0.0
2020-09-29 00:00:00+09:00,776.1310454433404,786.783824498445,774.6092198640397,783.7401733398438,112500,0.0,0.0
2020-10-05 00:00:00+09:00,783.7402592148892,786.7839107069858,779.1747819767442,785.2620849609375,104447,0.0,0.0
2020-10-06 00:00:00+09:00,786.783824498445,788.3056500777457,779.1746966019417,783.7401733398438,52713,0.0,0.0
2020-10-07 00:00:00+09:00,783.7401733398438,783.7401733398438,776.1310454433404,783.7401733398438,38118,0.0,0.0
2020-10-08 00:00:00+09:00,783.7401733398438,785.2619989191444,777.6528710226411,783.7401733398438,81484,0.0,0.0
2020-10-12 00:00:00+09:00,783.7402522925175,803.5239868164062,783.7402522925175,803.5239868164062,336888,0.0,0.0
2020-10-13 00:00:00+09:00,802.0021362304688,806.5676132868092,797.4366591741283,802.0021362304688,92786,0.0,0.0
2020-10-14 00:00:00+09:00,803.5239868164062,805.0458125490131,794.3930324207653,803.5239868164062,118720,0.0,0.0
2020-10-15 00:00:00+09:00,800.4802968265446,806.5675994640088,792.8711685297144,797.4366455078125,170412,0.0,0.0
2020-10-16 00:00:00+09:00,795.9148310518813,800.4803080942439,789.8275283287311,794.3930053710938,128459,0.0,0.0
2020-10-19 00:00:00+09:00,794.3930415704474,797.4366930707174,782.2184355693678,792.8712158203125,125763,0.0,0.0
2020-10-20 00:00:00+09:00,792.8711659572947,794.3929916117232,782.2183863762946,789.8275146484375,100486,0.0,0.0
2020-10-21 00:00:00+09:00,791.3493318158864,800.4802856445312,788.3056805396715,800.4802856445312,40710,0.0,0.0
2020-10-22 00:00:00+09:00,800.4803105450219,805.0457876013623,794.3930078032347,802.0021362304688,144437,0.0,0.0
2020-10-23 00:00:00+09:00,805.0457625588538,805.0457625588538,797.4366343683164,800.4802856445312,88874,0.0,0.0
2020-10-26 00:00:00+09:00,802.0020832942082,802.0020832942082,785.2620018592248,791.3493041992188,142292,0.0,0.0
2020-10-27 00:00:00+09:00,786.7839107069858,792.8712136911792,782.2184334688408,785.2620849609375,86655,0.0,0.0
2020-10-28 00:00:00+09:00,788.3056640625,788.3056640625,782.2183616373069,788.3056640625,133084,0.0,0.0
2020-10-29 00:00:00+09:00,780.6965360310087,788.3056640625,780.6965360310087,788.3056640625,186481,0.0,0.0
2020-10-30 00:00:00+09:00,788.3057026479436,797.4366567326688,788.3057026479436,794.3930053710938,123038,0.0,0.0
2020-11-02 00:00:00+09:00,794.3929693101697,797.4366205335804,786.7838412516431,795.914794921875,67075,0.0,0.0
2020-11-03 00:00:00+09:00,805.0458125490131,805.0458125490131,794.3930324207653,803.5239868164062,100963,0.0,0.0
2020-11-04 00:00:00+09:00,805.0457625588538,805.0457625588538,792.8711574539939,800.4802856445312,55261,0.0,0.0
2020-11-05 00:00:00+09:00,802.0021475074404,803.5239732142857,795.9148446800596,798.95849609375,84481,0.0,0.0
2020-11-06 00:00:00+09:00,800.4802856445312,803.5239369207462,797.4366343683164,800.4802856445312,94146,0.0,0.0
2020-11-09 00:00:00+09:00,798.9585096185858,805.0458125490131,798.9585096185858,803.5239868164062,141673,0.0,0.0
2020-11-10 00:00:00+09:00,806.5676157098067,809.6112670898438,800.4803129497327,809.6112670898438,135258,0.0,0.0
2020-11-11 00:00:00+09:00,811.133081557599,812.6549072265625,803.523953212781,812.6549072265625,162051,0.0,0.0
2020-11-12 00:00:00+09:00,812.6549455720697,818.7422485351562,808.0894683497546,818.7422485351562,126644,0.0,0.0
2020-11-13 00:00:00+09:00,817.2203590186866,847.6568714588611,805.0457540426167,844.6132202148438,495356,0.0,0.0
2020-11-16 00:00:00+09:00,846.1351047585227,847.6569304865056,832.4386732066762,837.004150390625,165445,0.0,0.0
2020-11-17 00:00:00+09:00,838.5259738747133,838.5259738747133,821.7858909116972,829.39501953125,127916,0.0,0.0
2020-11-18 00:00:00+09:00,830.9168452551605,835.4823224268922,823.3077166356078,829.39501953125,55749,0.0,0.0
2020-11-19 00:00:00+09:00,829.3949474495115,832.4385986328125,818.7421683079582,832.4385986328125,146879,0.0,0.0
2020-11-20 00:00:00+09:00,832.4386015076568,847.6568574767182,829.3949503138446,840.0477294921875,80953,0.0,0.0
2020-11-23 00:00:00+09:00,843.0914689477627,852.222423485103,837.0041659228691,849.1787719726562,281131,0.0,0.0
2020-11-24 00:00:00+09:00,852.2223455255681,875.0497297807173,846.1350430575284,870.4842529296875,611359,0.0,0.0
2020-11-25 00:00:00+09:00,879.615379838578,890.2681612553081,856.7879910884418,873.528076171875,546093,0.0,0.0
2020-11-26 00:00:00+09:00,873.5279232188167,894.8334823217147,864.3969693175748,890.2680053710938,271113,0.0,0.0
2020-11-27 00:00:00+09:00,885.7025170537639,943.5318910194736,876.5715632697045,926.7918090820312,602562,0.0,0.0
2020-11-30 00:00:00+09:00,937.4446111505681,937.4446111505681,900.9207951317148,920.7045288085938,355154,0.0,0.0
2020-12-01 00:00:00+09:00,920.7045604564524,920.7045604564524,897.8771746600115,903.9644775390625,243390,0.0,0.0
2020-12-02 00:00:00+09:00,896.355274594173,903.9644025618655,891.7897978135576,899.39892578125,248490,0.0,0.0
2020-12-03 00:00:00+09:00,900.9207962585764,900.9207962585764,870.4842828714623,887.224365234375,364699,0.0,0.0
2020-12-04 00:00:00+09:00,884.1806640625,890.2679663968373,870.4842338102409,884.1806640625,170516,0.0,0.0
2020-12-07 00:00:00+09:00,884.1806693186031,884.1806693186031,861.3532854291384,865.9187622070312,575956,0.0,0.0
2020-12-08 00:00:00+09:00,867.440772505172,878.0935539219022,859.8316429217933,873.528076171875,176038,0.0,0.0
2020-12-09 00:00:00+09:00,879.615379838578,879.615379838578,864.3971206718205,873.528076171875,405450,0.0,0.0
2020-12-10 00:00:00+09:00,873.5279564206876,882.6589106689875,868.9624792965377,881.1370849609375,208792,0.0,0.0
2020-12-11 00:00:00+09:00,882.6588413902517,891.789794921875,879.615190213044,891.789794921875,120669,0.0,0.0
2020-12-14 00:00:00+09:00,890.2680079573292,897.8771362304688,887.2243566480734,897.8771362304688,179174,0.0,0.0
2020-12-15 00:00:00+09:00,899.39892578125,903.9644025618655,887.224321032942,899.39892578125,267609,0.0,0.0
2020-12-16 00:00:00+09:00,903.964527104525,913.0954819237626,899.3990496949061,907.0081787109375,195389,0.0,0.0
2020-12-17 00:00:00+09:00,907.0080396172141,910.0516907568692,891.7897839189387,894.8334350585938,186785,0.0,0.0
2020-12-18 00:00:00+09:00,894.8336196050274,902.4427490234375,893.3117937213453,902.4427490234375,147466,0.0,0.0
2020-12-21 00:00:00+09:00,905.4862645036084,907.0080901582363,847.6568896277477,897.8771362304688,141608,0.0,0.0
2020-12-22 00:00:00+09:00,899.3989228648944,902.4425740421023,887.2243181560634,891.789794921875,148427,0.0,0.0
2020-12-23 00:00:00+09:00,891.789794921875,896.3552716876867,882.6588413902517,891.789794921875,164141,0.0,0.0
2020-12-24 00:00:00+09:00,893.3117108368994,910.0517940042007,891.7898850944174,908.5299682617188,176464,0.0,0.0
2020-12-28 00:00:00+09:00,908.5299321305394,922.2263632681857,899.3989780387751,910.0517578125,634025,0.0,0.0
2020-12-29 00:00:00+09:00,919.5811019270387,935.4633316667113,906.8753181353007,927.522216796875,350274,50.0,0.0
2020-12-30 00:00:00+09:00,927.5222307116256,929.1104537094195,905.2871087425114,919.5811157226562,199085,0.0,0.0
2021-01-04 00:00:00+09:00,919.5811163651316,921.1693393640351,898.934217379386,905.287109375,304898,0.0,0.0
2021-01-05 00:00:00+09:00,908.4635733145254,949.7573721015493,903.698904223715,943.4044799804688,947003,0.0,0.0
2021-01-06 00:00:00+09:00,943.4044809194712,944.9927039513221,921.1693584735577,929.1104736328125,231865,0.0,0.0
2021-01-07 00:00:00+09:00,932.2869392821027,940.2280546081853,927.5222700864531,938.6398315429688,223090,0.0,0.0
2021-01-08 00:00:00+09:00,938.6398652566446,948.1692039902147,924.3458571562896,940.2280883789062,240914,0.0,0.0
2021-01-11 00:00:00+09:00,937.0515907462521,940.2280368165784,897.3460148671736,900.5224609375,482720,0.0,0.0
2021-01-12 00:00:00+09:00,902.1106627469236,933.8751227028011,892.5813247601603,919.5811157226562,342064,0.0,0.0
2021-01-13 00:00:00+09:00,919.5810955906414,927.5222104057592,908.4635348494764,910.0517578125,103893,0.0,0.0
2021-01-14 00:00:00+09:00,910.0518317528366,924.3458395814151,908.4636086607723,916.4047241210938,100453,0.0,0.0
2021-01-15 00:00:00+09:00,919.581102347996,921.1693253226903,906.8753185504416,913.2282104492188,117226,0.0,0.0
2021-01-18 00:00:00+09:00,917.9929276180769,917.9929276180769,894.1695817456355,906.8753662109375,100519,0.0,0.0
2021-01-19 00:00:00+09:00,906.8752371682434,911.639905664749,900.5223458395692,903.6987915039062,89166,0.0,0.0
2021-01-20 00:00:00+09:00,905.2870143360748,908.4634600004119,897.345900175232,903.6987915039062,82696,0.0,0.0
2021-01-21 00:00:00+09:00,903.6988995382595,916.4046837145444,902.110676516224,911.6400146484375,109271,0.0,0.0
2021-01-22 00:00:00+09:00,911.6399807755236,914.8164267015707,905.2870889234293,910.0517578125,218251,0.0,0.0
2021-01-25 00:00:00+09:00,924.34582395602,944.9927238038349,905.2871471734217,938.6398315429688,518083,0.0,0.0
2021-01-26 00:00:00+09:00,940.2280404519715,952.9338247824036,927.5222561215395,946.5809326171875,456233,0.0,0.0
2021-01-27 00:00:00+09:00,946.5809260410091,951.3455951318196,922.7575805869568,943.4044799804688,290052,0.0,0.0
2021-01-28 00:00:00+09:00,940.2280836515706,952.933868565781,914.8165138231498,922.7576293945312,262453,0.0,0.0
2021-01-29 00:00:00+09:00,922.7576262394161,937.0516342190285,881.4638254094251,890.9931640625,311231,0.0,0.0
2021-02-01 00:00:00+09:00,890.9931873994715,927.5223198596993,890.9931873994715,917.9929809570312,120582,0.0,0.0
2021-02-02 00:00:00+09:00,911.6401008527304,932.2870020915553,911.6401008527304,924.3458862304688,64915,0.0,0.0
2021-02-03 00:00:00+09:00,929.1105138039102,938.6398524070272,925.9340676028712,933.8751831054688,146489,0.0,0.0
2021-02-04 00:00:00+09:00,927.5223325749034,933.8752252637726,916.4047703693823,924.3458862304688,108538,0.0,0.0
2021-02-05 00:00:00+09:00,925.9340405812288,940.2280480687607,922.7575944728884,935.46337890625,180265,0.0,0.0
2021-02-08 00:00:00+09:00,940.2280755075468,944.9927448091053,932.2869600049493,933.8751831054688,301839,0.0,0.0
2021-02-09 00:00:00+09:00,935.4634190121213,954.5220964792613,933.8751958898597,940.2280883789062,409290,0.0,0.0
2021-02-10 00:00:00+09:00,938.6397771980066,951.3455609841048,933.8751082782198,941.8162231445312,108468,0.0,0.0
2021-02-15 00:00:00+09:00,941.8162986080663,949.7574141106638,932.2869600049493,933.8751831054688,179109,0.0,0.0
2021-02-16 00:00:00+09:00,937.051547241211,952.9337768554688,929.110432434082,952.9337768554688,391944,0.0,0.0
2021-02-17 00:00:00+09:00,954.5219660307232,967.2277492723967,951.3455202203048,965.6395263671875,470058,0.0,0.0
2021-02-18 00:00:00+09:00,967.227817022605,973.580709088435,951.3455868580303,968.8160400390625,280471,0.0,0.0
2021-02-19 00:00:00+09:00,957.6984738107456,970.4042578745697,929.1104596671412,937.0515747070312,398126,0.0,0.0
2021-02-22 00:00:00+09:00,951.345594213179,965.6396014718076,937.0515869545502,957.698486328125,303154,0.0,0.0
2021-02-23 00:00:00+09:00,941.8163034378587,965.6396500678213,941.8163034378587,951.3456420898438,200250,0.0,0.0
2021-02-24 00:00:00+09:00,951.345650234738,957.6985427237846,935.4634190121213,940.2280883789062,305618,0.0,0.0
2021-02-25 00:00:00+09:00,937.0515542247443,949.7573380108425,937.0515542247443,941.8162231445312,95261,0.0,0.0
2021-02-26 00:00:00+09:00,910.0518490559347,952.9338733569996,910.0518490559347,940.2280883789062,229671,0.0,0.0
2021-03-02 00:00:00+09:00,951.3455609841048,960.8748988236786,929.1104393584329,941.8162231445312,108154,0.0,0.0
2021-03-03 00:00:00+09:00,930.6986623316952,951.3455609841048,930.6986623316952,941.8162231445312,90100,0.0,0.0
2021-03-04 00:00:00+09:00,948.1691490712792,948.1691490712792,932.2869187685777,943.4044799804688,90222,0.0,0.0
2021-03-05 00:00:00+09:00,946.5809260410091,946.5809260410091,933.8751417988478,943.4044799804688,74318,0.0,0.0
2021-03-08 00:00:00+09:00,940.2280480687607,946.5809402854414,930.6987097437394,935.46337890625,110776,0.0,0.0
2021-03-09 00:00:00+09:00,941.8162092683342,1110.1678419537363,930.6986486192983,964.0513305664062,2986192,0.0,0.0
2021-03-10 00:00:00+09:00,1059.3446782023761,1164.1673899885184,987.8746474390974,994.2275390625,14162237,0.0,0.0
2021-03-11 00:00:00+09:00,1079.991758404356,1099.0504364938447,1005.3452692205257,1048.227294921875,4049619,0.0,0.0
2021-03-12 00:00:00+09:00,1059.3447622445913,1062.5212083082934,1019.6391864483173,1032.344970703125,1574176,0.0,0.0
2021-03-15 00:00:00+09:00,1041.8743741058656,1135.579538850143,1038.6979278433478,1110.16796875,7049362,0.0,0.0
2021-03-16 00:00:00+09:00,1091.1093537703805,1095.8740234375,1057.7566661005435,1095.8740234375,1906428,0.0,0.0
2021-03-17 00:00:00+09:00,1083.168161569773,1100.6386157886402,1057.756591796875,1057.756591796875,1301731,0.0,0.0
2021-03-18 00:00:00+09:00,1051.4037412701232,1060.9330803148675,1035.5215095288827,1048.227294921875,931101,0.0,0.0
2021-03-19 00:00:00+09:00,1051.4036786773636,1094.2857018258362,1051.4036786773636,1062.521240234375,1003271,0.0,0.0
2021-03-22 00:00:00+09:00,1060.933011968085,1060.933011968085,1032.344996675532,1045.05078125,675201,0.0,0.0
2021-03-23 00:00:00+09:00,1040.2861013352497,1045.0507705016707,992.6394096710397,1010.10986328125,899551,0.0,0.0
2021-03-24 00:00:00+09:00,1008.5216753618854,1081.5799384589668,1002.1687829186609,1057.756591796875,1155779,0.0,0.0
2021-03-25 00:00:00+09:00,1046.6390043218084,1064.1094581117022,1024.4038813164893,1045.05078125,450328,0.0,0.0
2021-03-26 00:00:00+09:00,1052.9918757682487,1064.10943705087,1032.344976243381,1049.8154296875,274132,0.0,0.0
2021-03-29 00:00:00+09:00,1056.1683980430043,1060.9330675078602,1032.345050718726,1041.8743896484375,340163,0.0,0.0
2021-03-30 00:00:00+09:00,1043.4626570991848,1106.9915859941123,1030.7568713201993,1095.8740234375,1336333,0.0,0.0
2021-03-31 00:00:00+09:00,1089.521003644491,1092.6974497192562,1059.3447659342207,1078.4034423828125,553368,0.0,0.0
2021-04-01 00:00:00+09:00,1078.4032663577805,1111.7559446987427,1072.0503752452162,1081.5797119140625,856954,0.0,0.0
2021-04-02 00:00:00+09:00,1095.8739687528223,1149.8735556189035,1081.579960464742,1099.0504150390625,2128543,0.0,0.0
2021-04-05 00:00:00+09:00,1103.8149742318803,1137.1676569065125,1100.6385282628676,1133.9912109375,972402,0.0,0.0
2021-04-06 00:00:00+09:00,1135.5794134632147,1159.402757801604,1113.344292080718,1138.755859375,1235516,0.0,0.0
2021-04-07 00:00:00+09:00,1140.3441559584137,1356.3424919059685,1121.285479257159,1234.04931640625,10837545,0.0,0.0
2021-04-08 00:00:00+09:00,1234.0492900555712,1240.4021821536694,1200.6966065405559,1221.343505859375,1395342,0.0,0.0
2021-04-09 00:00:00+09:00,1221.343586032006,1275.3431724105344,1214.9906935168851,1230.8729248046875,1488094,0.0,0.0
2021-04-12 00:00:00+09:00,1232.4609449452034,1265.8136251563494,1232.4609449452034,1249.931396484375,560226,0.0,0.0
2021-04-13 00:00:00+09:00,1253.1078967874023,1253.1078967874023,1184.8143105239571,1218.1669921875,1058606,0.0,0.0
2021-04-14 00:00:00+09:00,1224.520095546314,1254.6963365519948,1203.873193805585,1216.5789794921875,424678,0.0,0.0
2021-04-15 00:00:00+09:00,1211.814100604191,1224.5198840967644,1184.8143106824725,1189.5789794921875,590238,0.0,0.0
2021-04-16 00:00:00+09:00,1187.9907431346248,1211.8140869140625,1187.9907431346248,1211.8140869140625,280967,0.0,0.0
2021-04-19 00:00:00+09:00,1216.578748662421,1235.6374235761928,1189.5789592012445,1194.3436279296875,565294,0.0,0.0
2021-04-20 00:00:00+09:00,1191.1671627385188,1232.460957713454,1187.990716971216,1227.6962890625,636646,0.0,0.0
2021-04-21 00:00:00+09:00,1222.9316959635416,1229.284587890625,1186.4025673828125,1191.167236328125,845353,0.0,0.0
2021-04-22 00:00:00+09:00,1205.4611882960544,1205.4611882960544,1191.1671821107257,1194.3436279296875,249629,0.0,0.0
2021-04-23 00:00:00+09:00,1202.2848313251602,1202.2848313251602,1175.2850398687167,1192.7554931640625,312205,0.0,0.0
2021-04-26 00:00:00+09:00,1200.6964590947355,1221.3433558781105,1191.167122117793,1208.6375732421875,368855,0.0,0.0
2021-04-27 00:00:00+09:00,1214.990464560149,1214.990464560149,1199.108236265245,1208.6375732421875,453456,0.0,0.0
2021-04-28 00:00:00+09:00,1208.637808462925,1214.9907010172637,1164.1675605825546,1173.6968994140625,675936,0.0,0.0
2021-04-29 00:00:00+09:00,1175.285164909831,1186.4027272806,1141.9324777975253,1164.1676025390625,422682,0.0,0.0
2021-04-30 00:00:00+09:00,1159.4028039880702,1183.2261492754963,1156.2263579497467,1175.2850341796875,252070,0.0,0.0
2021-05-03 00:00:00+09:00,1183.2260879119997,1186.402533785589,1153.0498521129018,1160.990966796875,392595,0.0,0.0
2021-05-04 00:00:00+09:00,1154.6380683051216,1183.226081000434,1135.5793931749133,1172.1085205078125,451220,0.0,0.0
2021-05-06 00:00:00+09:00,1175.2849663628472,1234.0492146809897,1175.2849663628472,1229.2845458984375,1077738,0.0,0.0
2021-05-07 00:00:00+09:00,1229.2846808347726,1246.7551349551634,1211.814226714382,1235.6375732421875,603739,0.0,0.0
2021-05-10 00:00:00+09:00,1240.4021539847258,1246.755045938553,1222.9317011117016,1237.2257080078125,368632,0.0,0.0
2021-05-11 00:00:00+09:00,1237.2257548740931,1245.1668701171875,1216.578855242048,1245.1668701171875,296409,0.0,0.0
2021-05-12 00:00:00+09:00,1248.343221028646,1248.343221028646,1208.637647840712,1229.2845458984375,309399,0.0,0.0
2021-05-13 00:00:00+09:00,1191.1674081189826,1248.3434437086937,1191.1674081189826,1216.5789794921875,709750,0.0,0.0
2021-05-14 00:00:00+09:00,1237.2257255967613,1302.3428690492226,1222.9317184974407,1289.6370849609375,1587628,0.0,0.0
2021-05-17 00:00:00+09:00,1294.4017802913015,1362.6953711532965,1280.1077729015817,1302.3428955078125,1023449,0.0,0.0
2021-05-18 00:00:00+09:00,1303.9310365923714,1349.989501953125,1299.1663677619485,1349.989501953125,827618,0.0,0.0
2021-05-20 00:00:00+09:00,1335.6954098472113,1392.8714321474486,1321.401404272152,1380.1656494140625,810293,0.0,0.0
2021-05-21 00:00:00+09:00,1381.7540750558037,1461.1652287946429,1381.7540750558037,1389.6951904296875,1595842,0.0,0.0
2021-05-24 00:00:00+09:00,1369.0482515797,1432.5771727666931,1362.6953594610009,1370.636474609375,698687,0.0,0.0
2021-05-25 00:00:00+09:00,1372.224609375,1397.6361762152778,1340.4601508246528,1372.224609375,422886,0.0,0.0
2021-05-26 00:00:00+09:00,1372.2246710526317,1372.2246710526317,1343.6366570723685,1357.9306640625,455406,0.0,0.0
2021-05-27 00:00:00+09:00,1356.3425455729166,1367.4601074218751,1332.5191987537203,1334.107421875,523878,0.0,0.0
2021-05-28 00:00:00+09:00,1348.401258712357,1365.8717108275937,1342.0483670340893,1354.754150390625,259694,0.0,0.0
2021-05-31 00:00:00+09:00,1354.7542572549469,1389.6951642415927,1354.7542572549469,1376.9893798828125,463776,0.0,0.0
2021-06-01 00:00:00+09:00,1376.9893327257196,1394.4597856207404,1361.1071028211554,1369.0482177734375,398918,0.0,0.0
2021-06-02 00:00:00+09:00,1378.5774873955306,1381.7539332190227,1351.5776978958486,1365.8717041015625,256272,0.0,0.0
2021-06-03 00:00:00+09:00,1365.8717308302764,1423.047756772009,1361.1070620017988,1407.16552734375,775023,0.0,0.0
2021-06-04 00:00:00+09:00,1407.1656750843295,1437.3419141662735,1381.7541053311136,1419.8714599609375,447420,0.0,0.0
2021-06-07 00:00:00+09:00,1429.4006829331665,1445.282912743535,1397.6362233124296,1408.7537841796875,486565,0.0,0.0
2021-06-08 00:00:00+09:00,1427.8125038146973,1481.8120868288238,1400.812712307634,1473.8709716796875,1235736,0.0,0.0
2021-06-09 00:00:00+09:00,1481.8121154386233,1502.4590152250137,1454.8123234102668,1457.98876953125,842513,0.0,0.0
2021-06-10 00:00:00+09:00,1462.7534725616754,1508.81194238175,1442.106572297504,1459.5770263671875,820665,0.0,0.0
2021-06-11 00:00:00+09:00,1484.9885271211747,1484.9885271211747,1445.2829515296996,1456.4005126953125,485478,0.0,0.0
2021-06-14 00:00:00+09:00,1456.4004849101605,1486.5767217839805,1454.8122619168014,1472.28271484375,516958,0.0,0.0
2021-06-15 00:00:00+09:00,1488.1649204628138,1858.2208718692555,1469.1062448538985,1619.9874267578125,17496037,0.0,0.0
2021-06-16 00:00:00+09:00,1643.8109021456735,1770.8687496545178,1612.0464402684624,1683.5164794921875,6942914,0.0,0.0
2021-06-17 00:00:00+09:00,1675.5752893009096,1715.2808648767605,1651.751943955399,1691.45751953125,1533347,0.0,0.0
2021-06-18 00:00:00+09:00,1691.45751953125,1707.3397497615904,1667.6341741857393,1691.45751953125,1013477,0.0,0.0
2021-06-21 00:00:00+09:00,1699.3986440805288,1699.3986440805288,1627.9286076472356,1651.751953125,919827,0.0,0.0
2021-06-22 00:00:00+09:00,1651.7520579268291,1659.6931735899389,1604.1053639481706,1627.9287109375,645331,0.0,0.0
2021-06-23 00:00:00+09:00,1635.86968450263,1683.5163743425123,1596.1641096360613,1604.105224609375,1236788,0.0,0.0
2021-06-24 00:00:00+09:00,1604.105224609375,1627.9285695293163,1585.046548673422,1604.105224609375,477978,0.0,0.0
2021-06-25 00:00:00+09:00,1627.9286356805599,1651.751981568568,1604.1052897925517,1635.8697509765625,468530,0.0,0.0
2021-06-28 00:00:00+09:00,1635.8698266006097,1651.7520579268291,1619.98759527439,1627.9287109375,537424,0.0,0.0
2021-06-29 00:00:00+09:00,1627.9285695293163,1635.86968450263,1596.1641096360613,1604.105224609375,573895,0.0,0.0
2021-06-30 00:00:00+09:00,1596.1641096360613,1612.0463395826887,1588.2229946627476,1604.105224609375,289040,0.0,0.0
2021-07-01 00:00:00+09:00,1604.105177238806,1612.0462919776119,1581.8700559701492,1596.1640625,416759,0.0,0.0
2021-07-02 00:00:00+09:00,1596.1642602539064,1596.1642602539064,1578.6938056640624,1588.22314453125,373266,0.0,0.0
2021-07-05 00:00:00+09:00,1583.4584105199697,1588.2230797592474,1554.8703950843033,1556.4586181640625,660722,0.0,0.0
2021-07-06 00:00:00+09:00,1556.4586209556912,1564.3997363687306,1516.753043890495,1527.87060546875,609078,0.0,0.0
2021-07-07 00:00:00+09:00,1531.0471275592672,1540.5764665274785,1491.341548525054,1519.9295654296875,605699,0.0,0.0
2021-07-08 00:00:00+09:00,1510.400017791099,1519.9293554427777,1478.6355589521693,1492.9295654296875,480951,0.0,0.0
2021-07-09 00:00:00+09:00,1484.9884440542166,1484.9884440542166,1413.5184119874361,1475.4591064453125,604885,0.0,0.0
2021-07-12 00:00:00+09:00,1477.0474744866656,1523.105944121196,1475.4592513958198,1516.7530517578125,331537,0.0,0.0
2021-07-13 00:00:00+09:00,1508.8117878177623,1535.8115777050275,1508.8117878177623,1532.6351318359375,168009,0.0,0.0
2021-07-14 00:00:00+09:00,1540.5765094616686,1542.1647326672992,1500.870929320904,1510.4002685546875,221021,0.0,0.0
2021-07-15 00:00:00+09:00,1510.4002898011026,1516.7531827129894,1497.6945039773288,1505.6356201171875,162633,0.0,0.0
2021-07-16 00:00:00+09:00,1508.8117401058255,1510.3999629901473,1481.8119510723527,1496.10595703125,187446,0.0,0.0
2021-07-19 00:00:00+09:00,1496.1059977213542,1499.282443576389,1484.9884372287327,1486.57666015625,162189,0.0,0.0
2021-07-20 00:00:00+09:00,1464.3416335007241,1496.106094097269,1464.3416335007241,1473.8709716796875,213515,0.0,0.0
2021-07-21 00:00:00+09:00,1483.400228041113,1486.5766739255694,1459.5768839076904,1464.341552734375,143791,0.0,0.0
2021-07-22 00:00:00+09:00,1464.341552734375,1477.0473362722003,1454.812215081006,1464.341552734375,172593,0.0,0.0
2021-07-23 00:00:00+09:00,1464.3415856842787,1619.9874375249071,1462.7533627063133,1494.517822265625,920489,0.0,0.0
2021-07-26 00:00:00+09:00,1499.2826087869623,1508.8119474021337,1472.2828160439767,1477.0474853515625,252933,0.0,0.0
2021-07-27 00:00:00+09:00,1472.2826674455157,1484.9884509833412,1459.5768839076904,1464.341552734375,368786,0.0,0.0
2021-07-28 00:00:00+09:00,1464.341729470958,1472.28284514054,1448.4594981317937,1461.165283203125,143454,0.0,0.0
2021-07-29 00:00:00+09:00,1456.4005832820303,1461.1652525839345,1430.989013671875,1430.989013671875,352076,0.0,0.0
2021-07-30 00:00:00+09:00,1434.1653654053557,1437.3418113973942,1407.165574473029,1415.106689453125,272964,0.0,0.0
2021-08-02 00:00:00+09:00,1415.1066967718202,1416.6949197760534,1397.6362437252544,1403.9891357421875,139541,0.0,0.0
2021-08-03 00:00:00+09:00,1416.6948650007055,1434.1653173717903,1400.8126355724464,1407.16552734375,123321,0.0,0.0
2021-08-04 00:00:00+09:00,1418.2831211153316,1437.341796875,1407.165560255525,1437.341796875,134139,0.0,0.0
2021-08-05 00:00:00+09:00,1443.6947211723823,1477.047404499797,1440.5182751411999,1467.51806640625,338332,0.0,0.0
2021-08-06 00:00:00+09:00,1472.2826740228095,1484.9884576173968,1462.753336326869,1481.81201171875,348131,0.0,0.0
2021-08-09 00:00:00+09:00,1492.9295654296875,1524.694024268617,1486.5766736619016,1492.9295654296875,439710,0.0,0.0
2021-08-10 00:00:00+09:00,1507.223571907206,1507.223571907206,1481.8120048360622,1492.9295654296875,198395,0.0,0.0
2021-08-11 00:00:00+09:00,1492.9296271859896,1500.8707422242128,1475.4591741018983,1478.6356201171875,215024,0.0,0.0
2021-08-12 00:00:00+09:00,1478.6356615551097,1488.164999868032,1456.4005388249577,1469.1063232421875,223924,0.0,0.0
2021-08-13 00:00:00+09:00,1469.1062147060431,1500.8706734023901,1438.9299789445138,1475.4591064453125,405616,0.0,0.0
2021-08-17 00:00:00+09:00,1472.2826468773687,1477.0473156374896,1424.6359592761594,1440.5181884765625,275292,0.0,0.0
2021-08-18 00:00:00+09:00,1438.93012119915,1461.165244484788,1434.165451923656,1442.1065673828125,137573,0.0,0.0
2021-08-19 00:00:00+09:00,1437.341978256312,1446.871317338674,1405.5775146484375,1405.5775146484375,235020,0.0,0.0
2021-08-20 00:00:00+09:00,1402.401064684264,1413.5186269184542,1334.1074681028106,1342.048583984375,486398,0.0,0.0
2021-08-23 00:00:00+09:00,1349.989514832103,1389.695088797753,1345.224845956225,1384.930419921875,296938,0.0,0.0
2021-08-24 00:00:00+09:00,1407.165500368391,1424.6359524045672,1397.6361628941129,1423.0477294921875,218178,0.0,0.0
2021-08-25 00:00:00+09:00,1432.5772788276886,1432.5772788276886,1407.1657084715432,1421.459716796875,99795,0.0,0.0
2021-08-26 00:00:00+09:00,1426.2242826021636,1473.8709735576924,1413.5184983473557,1445.282958984375,291311,0.0,0.0
2021-08-27 00:00:00+09:00,1445.2829515296996,1461.1651817662896,1432.5771673404274,1456.4005126953125,181912,0.0,0.0
2021-08-30 00:00:00+09:00,1475.4591546870736,1475.4591546870736,1443.6946949521528,1454.812255859375,245895,0.0,0.0
2021-08-31 00:00:00+09:00,1454.812255859375,1469.1062627400895,1369.0482145750889,1454.812255859375,265416,0.0,0.0
2021-09-01 00:00:00+09:00,1453.2240666479945,1457.9887357189716,1443.6947285060405,1456.4005126953125,165349,0.0,0.0
2021-09-02 00:00:00+09:00,1469.1063519253757,1469.1063519253757,1446.8712287610997,1453.22412109375,62766,0.0,0.0
2021-09-03 00:00:00+09:00,1451.6359526351143,1459.5770683497485,1446.8712832063338,1450.0477294921875,108701,0.0,0.0
2021-09-06 00:00:00+09:00,1450.047628079928,1453.2240741436299,1440.5182898888222,1445.282958984375,87624,0.0,0.0
2021-09-07 00:00:00+09:00,1445.2829324591185,1456.4004934780348,1421.4595874185836,1432.5771484375,383014,0.0,0.0
2021-09-08 00:00:00+09:00,1432.5772367725097,1438.9301291750485,1419.871451967432,1430.989013671875,179671,0.0,0.0
2021-09-09 00:00:00+09:00,1430.988844054086,1437.3417357036046,1411.9301691055298,1423.0477294921875,141791,0.0,0.0
2021-09-10 00:00:00+09:00,1432.577176628626,1432.577176628626,1399.2244929155427,1416.6949462890625,154396,0.0,0.0
2021-09-13 00:00:00+09:00,1423.0477703651686,1423.0477703651686,1397.636203037219,1413.5184326171875,76540,0.0,0.0
2021-09-14 00:00:00+09:00,1413.5183988358772,1461.1650864370865,1411.930175915837,1440.5181884765625,153097,0.0,0.0
2021-09-15 00:00:00+09:00,1424.6360539488321,1442.1065072302558,1424.6360539488321,1427.8125,108339,0.0,0.0
2021-09-16 00:00:00+09:00,1429.400723025584,1438.930061179088,1418.2831618464961,1427.8125,64010,0.0,0.0
2021-09-17 00:00:00+09:00,1429.4007986183933,1435.7536910566973,1345.2249738108658,1419.8714599609375,232934,0.0,0.0
2021-09-23 00:00:00+09:00,1445.2830297141534,1445.2830297141534,1410.3421213034815,1419.8714599609375,148960,0.0,0.0
2021-09-24 00:00:00+09:00,1419.8713174775291,1432.5771010791177,1413.518425676735,1424.635986328125,154382,0.0,0.0
2021-09-27 00:00:00+09:00,1418.2831618464961,1429.400723025584,1410.3420467185763,1427.8125,111972,0.0,0.0
2021-09-28 00:00:00+09:00,1427.8125755088174,1430.9890217279694,1413.5185675226335,1419.8714599609375,117027,0.0,0.0
2021-09-29 00:00:00+09:00,1418.2833000915873,1418.2833000915873,1389.6952828445005,1405.5775146484375,148293,0.0,0.0
2021-09-30 00:00:00+09:00,1405.5773178272034,1423.0477703651686,1405.5773178272034,1413.5184326171875,147690,0.0,0.0
2021-10-01 00:00:00+09:00,1413.518412533274,1418.2830813395658,1359.5188327286319,1361.1070556640625,202896,0.0,0.0
2021-10-05 00:00:00+09:00,1361.107076690528,1369.048191490356,1308.6957190116627,1327.75439453125,261050,0.0,0.0
2021-10-06 00:00:00+09:00,1330.9307584831515,1375.4009986234,1308.6956384130272,1318.2249755859375,242844,0.0,0.0
2021-10-07 00:00:00+09:00,1324.5779680729472,1356.3424277389652,1316.6368531564428,1351.5777587890625,209158,0.0,0.0
2021-10-08 00:00:00+09:00,1351.577704551491,1376.9892712645626,1349.989481631924,1354.754150390625,82448,0.0,0.0
2021-10-12 00:00:00+09:00,1354.7542253890126,1361.1071174189728,1332.519103284152,1346.8131103515625,97836,0.0,0.0
2021-10-13 00:00:00+09:00,1346.8131161779686,1370.6364613933808,1338.8720011061646,1364.2835693359375,141852,0.0,0.0
2021-10-14 00:00:00+09:00,1365.8718443080359,1399.2245288783483,1365.8718443080359,1389.6951904296875,91676,0.0,0.0
2021-10-15 00:00:00+09:00,1403.9890883861276,1403.9890883861276,1381.7539670768451,1396.0479736328125,120444,0.0,0.0
2021-10-18 00:00:00+09:00,1396.0481715431474,1400.8128410705986,1381.7541629607945,1388.1070556640625,66290,0.0,0.0
2021-10-19 00:00:00+09:00,1388.1069673549107,1394.459859654018,1380.165851981027,1389.6951904296875,87589,0.0,0.0
2021-10-20 00:00:00+09:00,1389.6952788398794,1396.0481715431474,1384.9306093124285,1388.1070556640625,80875,0.0,0.0
2021-10-21 00:00:00+09:00,1391.283337429531,1438.9300270675287,1388.1068914536645,1426.2242431640625,460170,0.0,0.0
2021-10-22 00:00:00+09:00,1435.7535264756946,1438.9299723307292,1421.4595201280383,1429.400634765625,162106,0.0,0.0
2021-10-25 00:00:00+09:00,1429.400634765625,1438.9299723307292,1424.635965983073,1429.400634765625,136131,0.0,0.0
2021-10-26 00:00:00+09:00,1437.3417290130988,1437.3417290130988,1418.2830541532567,1434.165283203125,117466,0.0,0.0
2021-10-27 00:00:00+09:00,1437.341817445607,1437.341817445607,1424.6360334239882,1432.5771484375,87246,0.0,0.0
2021-10-28 00:00:00+09:00,1437.3416886366372,1459.5768086818448,1423.0476828932894,1443.694580078125,316496,0.0,0.0
2021-10-29 00:00:00+09:00,1443.6946343166433,1462.753309357127,1435.7535197164416,1440.5181884765625,147107,0.0,0.0
2021-11-01 00:00:00+09:00,1440.5183522756831,1459.5770294832998,1430.989013671875,1430.989013671875,110882,0.0,0.0
2021-11-02 00:00:00+09:00,1430.9889516977164,1448.4594050480769,1430.9889516977164,1445.282958984375,129840,0.0,0.0
2021-11-03 00:00:00+09:00,1451.635851111779,1451.635851111779,1430.9889516977164,1445.282958984375,123480,0.0,0.0
2021-11-04 00:00:00+09:00,1445.282992751355,1453.2241080961426,1437.3418774065674,1446.8712158203125,105911,0.0,0.0
2021-11-05 00:00:00+09:00,1446.87110063671,1453.2239924067944,1424.6359794414147,1435.7535400390625,97253,0.0,0.0
2021-11-08 00:00:00+09:00,1451.6358036947513,1451.6358036947513,1427.8124589951658,1437.341796875,106474,0.0,0.0
2021-11-09 00:00:00+09:00,1437.3419060744138,1446.8712446782222,1426.2243443699708,1430.989013671875,65828,0.0,0.0
2021-11-10 00:00:00+09:00,1434.1655318955245,1434.1655318955245,1399.2246219268627,1405.5775146484375,155842,0.0,0.0
2021-11-11 00:00:00+09:00,1405.5774133383823,1427.8125362612493,1397.6362980087868,1400.812744140625,107496,0.0,0.0
2021-11-12 00:00:00+09:00,1391.283337429531,1437.3418040795955,1391.283337429531,1426.2242431640625,109521,0.0,0.0
2021-11-15 00:00:00+09:00,1429.4006480053552,1486.5766739255694,1423.0477562364424,1464.341552734375,201652,0.0,0.0
2021-11-16 00:00:00+09:00,1464.3415322771673,1469.1062010372882,1437.341742636482,1440.5181884765625,117330,0.0,0.0
2021-11-17 00:00:00+09:00,1440.5181952582466,1446.871086968316,1429.400634765625,1429.400634765625,109357,0.0,0.0
2021-11-18 00:00:00+09:00,1429.4006551787206,1440.5182158301106,1415.1066486269335,1424.635986328125,80053,0.0,0.0
2021-11-19 00:00:00+09:00,1423.047797188196,1440.518250055462,1416.694905236463,1426.2242431640625,119636,0.0,0.0
2021-11-22 00:00:00+09:00,1426.2243523992415,1426.2243523992415,1397.6363364268736,1419.8714599609375,161599,0.0,0.0
2021-11-23 00:00:00+09:00,1407.1656671623543,1435.7536829737792,1405.5774440617197,1430.989013671875,126065,0.0,0.0
2021-11-24 00:00:00+09:00,1430.988844054086,1440.518181528364,1415.1066149302892,1423.0477294921875,45382,0.0,0.0
2021-11-25 00:00:00+09:00,1423.0477910090192,1432.5771288952403,1403.989115236577,1408.7537841796875,80240,0.0,0.0
2021-11-26 00:00:00+09:00,1408.7539049695422,1411.930351203972,1359.5189883358828,1362.6954345703125,220982,0.0,0.0
2021-11-29 00:00:00+09:00,1295.9899353319379,1348.401293010803,1270.5783679724882,1327.75439453125,176559,0.0,0.0
2021-11-30 00:00:00+09:00,1327.7544448757765,1340.460229037267,1267.4019701086957,1278.51953125,322034,0.0,0.0
2021-12-01 00:00:00+09:00,1267.4018830234565,1313.4603474441085,1267.4018830234565,1308.6956787109375,82357,0.0,0.0
2021-12-02 00:00:00+09:00,1307.1075030097916,1319.8132867571528,1289.6370503571698,1316.6368408203125,57857,0.0,0.0
2021-12-03 00:00:00+09:00,1319.8132460177303,1330.9308064534994,1316.636800178939,1326.1661376953125,68449,0.0,0.0
2021-12-06 00:00:00+09:00,1338.872036532948,1342.0484826457189,1316.6369137435515,1337.2838134765625,86236,0.0,0.0
2021-12-07 00:00:00+09:00,1337.2837780918037,1380.1657994795457,1335.695555077443,1364.2835693359375,93262,0.0,0.0
2021-12-08 00:00:00+09:00,1367.4600416137273,1384.93049510705,1354.7542572549469,1376.9893798828125,90335,0.0,0.0
2021-12-09 00:00:00+09:00,1380.165851981027,1402.400975027902,1376.9894058314733,1389.6951904296875,59910,0.0,0.0
2021-12-10 00:00:00+09:00,1391.2832093057755,1400.812546355815,1378.5774265723892,1380.1656494140625,56299,0.0,0.0
2021-12-13 00:00:00+09:00,1380.1659188874091,1400.8128198604084,1372.2248031285633,1392.8717041015625,88866,0.0,0.0
2021-12-14 00:00:00+09:00,1392.8714321474486,1392.8714321474486,1375.4009808890428,1380.1656494140625,67459,0.0,0.0
2021-12-15 00:00:00+09:00,1383.3422720622025,1397.6362794658303,1375.401156837965,1376.9893798828125,104153,0.0,0.0
2021-12-16 00:00:00+09:00,1378.5776576047688,1392.871665575325,1367.4600958498916,1373.81298828125,92485,0.0,0.0
2021-12-17 00:00:00+09:00,1373.8128527420877,1376.9892986443815,1359.5188461817654,1367.4599609375,94513,0.0,0.0
2021-12-20 00:00:00+09:00,1367.4600360906013,1381.754043436496,1340.4602444372445,1359.5189208984375,83196,0.0,0.0
2021-12-21 00:00:00+09:00,1375.4012620236392,1375.4012620236392,1351.5779145290035,1353.1661376953125,156137,0.0,0.0
2021-12-22 00:00:00+09:00,1356.3424542641335,1389.6951375657106,1356.3424542641335,1364.2835693359375,162360,0.0,0.0
2021-12-23 00:00:00+09:00,1364.2835488020683,1383.3422246875452,1362.6953258116118,1369.0482177734375,39015,0.0,0.0
2021-12-24 00:00:00+09:00,1369.0482177734375,1375.4011097352632,1362.6953258116118,1369.0482177734375,72305,0.0,0.0
2021-12-27 00:00:00+09:00,1370.6363728368005,1383.3421561307687,1361.1070353663245,1365.8717041015625,204714,0.0,0.0
2021-12-28 00:00:00+09:00,1365.871737986353,1376.9892986443815,1342.0483937191493,1367.4599609375,273868,0.0,0.0
2021-12-29 00:00:00+09:00,1420.4366665939888,1420.4366665939888,1400.570419508758,1408.8480224609375,98941,70.0,0.0
2021-12-30 00:00:00+09:00,1407.1925231065795,1407.1925231065795,1387.3262757215455,1397.2593994140625,123856,0.0,0.0
2022-01-04 00:00:00+09:00,1393.9484641858069,1405.537109375,1382.3598189966135,1405.537109375,92726,0.0,0.0
2022-01-05 00:00:00+09:00,1405.537109375,1415.47023382288,1398.9150264097468,1405.537109375,152160,0.0,0.0
2022-01-06 00:00:00+09:00,1407.1924898917214,1432.0252985368695,1397.2593664336623,1415.4700927734375,115501,0.0,0.0
2022-01-07 00:00:00+09:00,1405.5369722960424,1422.0921780945823,1405.5369722960424,1413.8145751953125,94337,0.0,0.0
2022-01-10 00:00:00+09:00,1415.4700987839335,1420.4366605340526,1398.9148929502035,1412.1590576171875,64626,0.0,0.0
2022-01-11 00:00:00+09:00,1412.159084952838,1413.8146055682575,1380.7041932598675,1397.2593994140625,116802,0.0,0.0
2022-01-12 00:00:00+09:00,1397.2595056684333,1407.1926301163132,1395.60398492712,1405.537109375,32607,0.0,0.0
2022-01-13 00:00:00+09:00,1405.5371188982158,1405.5371188982158,1395.603994383034,1400.570556640625,35194,0.0,0.0
2022-01-14 00:00:00+09:00,1400.5704467483483,1407.1925292388844,1385.6707611446425,1393.9483642578125,92135,0.0,0.0
2022-01-17 00:00:00+09:00,1390.637236445783,1392.2927569653614,1367.4599491716867,1374.08203125,81341,0.0,0.0
2022-01-18 00:00:00+09:00,1360.8378876585284,1382.359654738286,1355.871326024738,1362.493408203125,135169,0.0,0.0
2022-01-19 00:00:00+09:00,1362.493408203125,1372.4265314707056,1345.9382027571576,1362.493408203125,97722,0.0,0.0
2022-01-20 00:00:00+09:00,1362.4935396520102,1370.77114317359,1357.5269775390625,1357.5269775390625,45773,0.0,0.0
2022-01-21 00:00:00+09:00,1374.0820430727906,1387.3262073433718,1359.182358268387,1367.4599609375,64232,0.0,0.0
2022-01-24 00:00:00+09:00,1367.459987831816,1377.3931112301102,1344.2826999024633,1352.560302734375,67132,0.0,0.0
2022-01-25 00:00:00+09:00,1352.5604694979277,1352.5604694979277,1321.105574858441,1329.3831787109375,127189,0.0,0.0
2022-01-26 00:00:00+09:00,1329.3831787109375,1329.3831787109375,1329.3831787109375,1329.3831787109375,0,0.0,0.0
2022-01-27 00:00:00+09:00,1340.9716043544356,1340.9716043544356,1289.6504688791424,1314.4832763671875,123658,0.0,0.0
2022-01-28 00:00:00+09:00,1309.5167943369042,1337.66064453125,1292.9615883402305,1337.66064453125,85017,0.0,0.0
2022-02-03 00:00:00+09:00,1352.5604501542703,1360.8380538883846,1334.349721939219,1339.3162841796875,115296,0.0,0.0
2022-02-04 00:00:00+09:00,1339.3161382033163,1355.8713438671398,1336.0050970705515,1352.560302734375,58312,0.0,0.0
2022-02-07 00:00:00+09:00,1365.80447331528,1365.80447331528,1349.249267578125,1349.249267578125,24621,0.0,0.0
2022-02-08 00:00:00+09:00,1349.249267578125,1349.249267578125,1349.249267578125,1349.249267578125,0,0.0,0.0
2022-02-09 00:00:00+09:00,1349.249267578125,1349.249267578125,1349.249267578125,1349.249267578125,0,0.0,0.0
2022-02-10 00:00:00+09:00,1367.4599609375,1370.7710020051454,1359.182358268387,1367.4599609375,49085,0.0,0.0
2022-02-11 00:00:00+09:00,1367.4600861150568,1370.7711274857954,1355.8714413174716,1365.8045654296875,66340,0.0,0.0
2022-02-14 00:00:00+09:00,1349.249282648534,1355.871365017361,1332.6940767264662,1340.9716796875,55491,0.0,0.0
2022-02-15 00:00:00+09:00,1340.9718338012697,1349.2494377136231,1319.4500636291505,1324.4166259765625,127845,0.0,0.0
2022-02-16 00:00:00+09:00,1324.416581887285,1352.5604342523898,1324.416581887285,1347.5938720703125,87316,0.0,0.0
2022-02-17 00:00:00+09:00,1354.2159549797489,1360.8380378891852,1340.971789160876,1347.5938720703125,50528,0.0,0.0
2022-02-18 00:00:00+09:00,1344.2827058569785,1355.871349872987,1339.316144135832,1349.249267578125,31248,0.0,0.0
2022-02-21 00:00:00+09:00,1349.249267578125,1349.249267578125,1349.249267578125,1349.249267578125,0,0.0,0.0
2022-02-22 00:00:00+09:00,1349.249267578125,1349.249267578125,1349.249267578125,1349.249267578125,0,0.0,0.0
2022-02-23 00:00:00+09:00,1349.249267578125,1349.249267578125,1349.249267578125,1349.249267578125,0,0.0,0.0
2022-02-24 00:00:00+09:00,1349.2492948394852,1349.2492948394852,1324.41648573201,1334.349609375,67489,0.0,0.0
2022-02-25 00:00:00+09:00,1349.2494022919716,1352.5604437699888,1337.6607571189118,1342.6273193359375,46208,0.0,0.0
2022-02-28 00:00:00+09:00,1342.6273193359375,1342.6273193359375,1342.6273193359375,1342.6273193359375,0,0.0,0.0
2022-03-02 00:00:00+09:00,1340.971673674184,1345.9382354285328,1336.0051119198351,1344.28271484375,64458,0.0,0.0
2022-03-03 00:00:00+09:00,1350.9047821679926,1357.5268644335222,1345.9382204688457,1352.560302734375,79028,0.0,0.0
2022-03-04 00:00:00+09:00,1352.560302734375,1352.560302734375,1352.560302734375,1352.560302734375,0,0.0,0.0
2022-03-07 00:00:00+09:00,1350.904809328589,1350.904809328589,1336.0051239315826,1337.66064453125,53892,0.0,0.0
2022-03-08 00:00:00+09:00,1329.3831787109375,1337.6607825634342,1321.105574858441,1329.3831787109375,41925,0.0,0.0
2022-03-10 00:00:00+09:00,1329.3831787109375,1329.3831787109375,1329.3831787109375,1329.3831787109375,0,0.0,0.0
2022-03-11 00:00:00+09:00,1350.9049135250307,1350.9049135250307,1340.971789160876,1347.5938720703125,35205,0.0,0.0
2022-03-14 00:00:00+09:00,1374.082162619502,1379.0487246530665,1357.5269558409539,1369.1156005859375,183362,0.0,0.0
2022-03-15 00:00:00+09:00,1370.7710109261088,1375.737572559899,1362.493408203125,1362.493408203125,72111,0.0,0.0
2022-03-16 00:00:00+09:00,1365.8044463222468,1370.7710079452368,1359.18236415826,1364.14892578125,49153,0.0,0.0
2022-03-17 00:00:00+09:00,1374.0820430727906,1382.359645741904,1367.4599609375,1367.4599609375,62731,0.0,0.0
2022-03-18 00:00:00+09:00,1375.73765556664,1387.3263000780316,1367.4600523442173,1384.0152587890625,106756,0.0,0.0
2022-03-21 00:00:00+09:00,1384.0152587890625,1384.0152587890625,1384.0152587890625,1384.0152587890625,0,0.0,0.0
2022-03-22 00:00:00+09:00,1380.7043076102614,1410.5036811558066,1360.838058579898,1400.570556640625,81072,0.0,0.0
2022-03-23 00:00:00+09:00,1400.570559818787,1403.881601331361,1390.637435281065,1398.9150390625,58647,0.0,0.0
2022-03-24 00:00:00+09:00,1395.6038818359375,1402.2259643120274,1382.3597168837578,1395.6038818359375,33714,0.0,0.0
2022-03-25 00:00:00+09:00,1395.6038818359375,1395.6038818359375,1395.6038818359375,1395.6038818359375,0,0.0,0.0
2022-03-28 00:00:00+09:00,1390.6374543727652,1390.6374543727652,1380.704329698674,1388.98193359375,32756,0.0,0.0
2022-03-29 00:00:00+09:00,1388.9819303966704,1393.9484927222843,1382.359847295852,1390.637451171875,48414,0.0,0.0
2022-03-30 00:00:00+09:00,1392.2929719470796,1397.2595342726934,1382.359847295852,1390.637451171875,52255,0.0,0.0
2022-03-31 00:00:00+09:00,1384.0152375027803,1407.192526169095,1384.0152375027803,1395.6038818359375,87858,0.0,0.0
2022-04-01 00:00:00+09:00,1395.6038667210992,1407.1925109287477,1390.6373049178212,1403.8814697265625,97813,0.0,0.0
2022-04-04 00:00:00+09:00,1403.8815791886736,1412.1591828395503,1393.9484548076218,1410.503662109375,103790,0.0,0.0
2022-04-05 00:00:00+09:00,1413.814525161901,1466.7911818424404,1403.8814020342998,1441.9583740234375,426525,0.0,0.0
2022-04-06 00:00:00+09:00,1443.6141229220177,1463.480372320027,1436.992039789348,1450.2362060546875,262554,0.0,0.0
2022-04-07 00:00:00+09:00,1451.891704555006,1473.4134744058786,1440.3030592506902,1461.8248291015625,396239,0.0,0.0
2022-04-08 00:00:00+09:00,1461.8247100760877,1488.3130400434914,1440.3029419775723,1460.169189453125,176730,0.0,0.0
2022-04-11 00:00:00+09:00,1445.2695098876952,1460.1691955566405,1445.2695098876952,1456.858154296875,105788,0.0,0.0
2022-04-12 00:00:00+09:00,1456.858154296875,1480.0354431152343,1432.0253448486328,1456.858154296875,104874,0.0,0.0
2022-04-13 00:00:00+09:00,1456.8581573521046,1463.4802398855234,1450.236074818686,1455.20263671875,67072,0.0,0.0
2022-04-14 00:00:00+09:00,1456.858154296875,1466.791278076172,1441.9584686279297,1456.858154296875,80147,0.0,0.0
2022-04-15 00:00:00+09:00,1456.8582605049435,1468.4469057589602,1456.8582605049435,1465.1358642578125,76350,0.0,0.0
2022-04-18 00:00:00+09:00,1478.379904030139,1478.379904030139,1455.202615501111,1466.791259765625,77572,0.0,0.0
2022-04-19 00:00:00+09:00,1465.1358898689157,1466.7914106484286,1451.8917236328125,1451.8917236328125,79086,0.0,0.0
2022-04-20 00:00:00+09:00,1451.8914765725103,1453.5469970703125,1436.9917920922908,1453.5469970703125,85830,0.0,0.0
2022-04-21 00:00:00+09:00,1456.8582891873573,1460.169330753692,1445.2696437051852,1450.2362060546875,61599,0.0,0.0
2022-04-22 00:00:00+09:00,1451.891726837855,1463.480372320027,1443.6141229220177,1450.2362060546875,83491,0.0,0.0
2022-04-25 00:00:00+09:00,1451.891494191021,1466.7911788520462,1441.9583710836707,1443.6138916015625,140477,0.0,0.0
2022-04-26 00:00:00+09:00,1443.6139892578124,1456.858154296875,1438.647427368164,1456.858154296875,93005,0.0,0.0
2022-04-27 00:00:00+09:00,1456.8582605049435,1465.1358642578125,1448.5806567520744,1465.1358642578125,87711,0.0,0.0
2022-04-28 00:00:00+09:00,1476.7244999516117,1480.035541431324,1458.513771813195,1470.1024169921875,150019,0.0,0.0
2022-04-29 00:00:00+09:00,1475.068853697975,1478.3798948959504,1456.8581271091114,1471.7578125,71174,0.0,0.0
2022-05-02 00:00:00+09:00,1470.1022919010122,1471.7578125,1456.8581271091114,1471.7578125,52235,0.0,0.0
2022-05-03 00:00:00+09:00,1470.1022919010122,1471.7578125,1456.8581271091114,1471.7578125,66915,0.0,0.0
2022-05-04 00:00:00+09:00,1470.1022888869381,1475.0688506737185,1465.135727100158,1473.413330078125,59469,0.0,0.0
2022-05-06 00:00:00+09:00,1473.4133636856513,1473.4133636856513,1455.20263671875,1455.20263671875,93278,0.0,0.0
2022-05-10 00:00:00+09:00,1422.0921780945823,1435.3363427334143,1402.2259311363343,1413.8145751953125,147131,0.0,0.0
2022-05-11 00:00:00+09:00,1427.0587428675449,1427.0587428675449,1407.1924958670686,1412.1590576171875,113550,0.0,0.0
2022-05-12 00:00:00+09:00,1398.9149079232845,1418.7811551363964,1388.9817843167286,1403.8814697265625,72363,0.0,0.0
2022-05-13 00:00:00+09:00,1393.9484548076218,1425.4033486809528,1374.082206045518,1410.503662109375,74217,0.0,0.0
2022-05-16 00:00:00+09:00,1412.159024980333,1451.8915180630154,1412.159024980333,1430.3697509765625,142207,0.0,0.0
2022-05-17 00:00:00+09:00,1430.369879821032,1508.1793524501854,1430.369879821032,1491.6241455078125,746686,0.0,0.0
2022-05-18 00:00:00+09:00,1499.9016352528188,1506.5237175276657,1478.3798678595665,1486.657470703125,105347,0.0,0.0
2022-05-19 00:00:00+09:00,1486.6575194205286,1486.6575194205286,1460.169189453125,1460.169189453125,119362,0.0,0.0
2022-05-20 00:00:00+09:00,1460.1691743147549,1486.6575040075395,1460.1691743147549,1468.44677734375,45527,0.0,0.0
2022-05-23 00:00:00+09:00,1465.1358331698123,1468.4468746007044,1407.1926081291983,1417.125732421875,511074,0.0,0.0
2022-05-24 00:00:00+09:00,1425.4032222841718,1425.4032222841718,1408.8480164504415,1412.1590576171875,79214,0.0,0.0
2022-05-25 00:00:00+09:00,1412.1591485687645,1448.5806037487325,1412.1591485687645,1428.71435546875,83952,0.0,0.0
2022-05-26 00:00:00+09:00,1427.058850410657,1445.2695782001201,1420.436767578125,1420.436767578125,89440,0.0,0.0
2022-05-27 00:00:00+09:00,1428.7144422029194,1446.9251708984375,1420.4368382504113,1446.9251708984375,76015,0.0,0.0
2022-05-30 00:00:00+09:00,1448.580435576906,1461.8245995593234,1445.2693945813016,1453.5469970703125,122179,0.0,0.0
2022-05-31 00:00:00+09:00,1448.58068527152,1453.5472476210223,1441.9586021388502,1450.2362060546875,82131,0.0,0.0
2022-06-02 00:00:00+09:00,1450.2359766297718,1455.2025381935725,1436.991812459637,1441.9583740234375,29735,0.0,0.0
2022-06-03 00:00:00+09:00,1440.3028802362783,1446.9249624442612,1407.1924691963638,1427.0587158203125,188477,0.0,0.0
2022-06-07 00:00:00+09:00,1427.0587520105698,1427.0587520105698,1407.1925048828125,1407.1925048828125,99875,0.0,0.0
2022-06-08 00:00:00+09:00,1408.8480104680646,1443.613942571272,1403.881448739035,1415.4700927734375,64203,0.0,0.0
2022-06-09 00:00:00+09:00,1417.1256133497807,1417.1256133497807,1400.5704075863487,1415.4700927734375,62484,0.0,0.0
2022-06-10 00:00:00+09:00,1413.8145782005606,1415.4700987839335,1407.1924958670686,1412.1590576171875,43332,0.0,0.0
2022-06-13 00:00:00+09:00,1415.4701636387751,1415.4701636387751,1372.4266264988826,1377.3931884765625,112367,0.0,0.0
2022-06-14 00:00:00+09:00,1372.4266638779059,1372.4266638779059,1327.7276048613758,1357.5269775390625,106999,0.0,0.0
2022-06-15 00:00:00+09:00,1350.9048308754682,1405.537011535873,1326.072021484375,1326.072021484375,144160,0.0,0.0
2022-06-16 00:00:00+09:00,1331.0385501654864,1352.5603177676646,1331.0385501654864,1344.28271484375,69359,0.0,0.0
2022-06-17 00:00:00+09:00,1327.7275299640917,1339.3161742405862,1312.8278444657415,1332.694091796875,99416,0.0,0.0
2022-06-20 00:00:00+09:00,1334.3495769697367,1340.9716592375767,1281.3729188270177,1284.6839599609375,187684,0.0,0.0
2022-06-21 00:00:00+09:00,1286.3394656602613,1307.8612327819903,1274.750821825484,1292.9615478515625,93348,0.0,0.0
2022-06-22 00:00:00+09:00,1297.9281675483924,1302.8947294140112,1261.5067138671875,1261.5067138671875,76380,0.0,0.0
2022-06-23 00:00:00+09:00,1263.1622341504717,1268.1287960147595,1195.285888671875,1195.285888671875,194470,0.0,0.0
2022-06-24 00:00:00+09:00,1196.9413754958516,1281.3729248046875,1196.9413754958516,1281.3729248046875,128997,0.0,0.0
2022-06-27 00:00:00+09:00,1274.7509299114251,1307.8613436753583,1273.0954092232284,1299.583740234375,172002,0.0,0.0
2022-06-28 00:00:00+09:00,1299.5836122699432,1307.8612148958664,1284.6839275432815,1302.8946533203125,68959,0.0,0.0
2022-06-29 00:00:00+09:00,1302.8946711385142,1302.8946711385142,1283.0284245646108,1292.9615478515625,51546,0.0,0.0
2022-06-30 00:00:00+09:00,1286.3394597663732,1307.8612267894916,1281.3728981456538,1296.2725830078125,80380,0.0,0.0
2022-07-01 00:00:00+09:00,1296.2726039296574,1301.2391656305372,1284.6839599609375,1284.6839599609375,56808,0.0,0.0
2022-07-04 00:00:00+09:00,1286.3396282196045,1289.6506697336831,1259.8512961069741,1271.43994140625,70632,0.0,0.0
2022-07-05 00:00:00+09:00,1271.4398915816325,1297.92822265625,1271.4398915816325,1297.92822265625,92536,0.0,0.0
2022-07-06 00:00:00+09:00,1297.928244650901,1299.583765371119,1279.717516728503,1286.339599609375,41171,0.0,0.0
2022-07-07 00:00:00+09:00,1286.3395964713206,1291.3061586198587,1279.7175136066035,1287.9951171875,35767,0.0,0.0
2022-07-08 00:00:00+09:00,1301.2391565834605,1309.5167593607089,1289.6505126953125,1289.6505126953125,91223,0.0,0.0
2022-07-11 00:00:00+09:00,1296.2725949171113,1299.5836360280107,1279.7173893626143,1289.6505126953125,21312,0.0,0.0
2022-07-12 00:00:00+09:00,1289.650539804434,1289.650539804434,1266.4732515409396,1274.7508544921875,38373,0.0,0.0
2022-07-13 00:00:00+09:00,1274.7508425059552,1283.0284453793706,1261.5066779084907,1281.3729248046875,45306,0.0,0.0
2022-07-14 00:00:00+09:00,1278.0618629211347,1292.9615478515625,1266.4732190863576,1292.9615478515625,35183,0.0,0.0
2022-07-15 00:00:00+09:00,1297.928115472561,1304.55019769436,1258.1956221417684,1289.6505126953125,38977,0.0,0.0
2022-07-18 00:00:00+09:00,1291.30600964402,1302.8946533203125,1289.6504891188354,1302.8946533203125,45663,0.0,0.0
2022-07-19 00:00:00+09:00,1309.516735421051,1309.516735421051,1292.9615301692047,1302.8946533203125,42970,0.0,0.0
2022-07-20 00:00:00+09:00,1311.1722412109375,1321.1053642504141,1307.8612001977785,1311.1722412109375,69019,0.0,0.0
2022-07-21 00:00:00+09:00,1317.7944428298392,1317.7944428298392,1307.8613188889108,1312.827880859375,31175,0.0,0.0
2022-07-22 00:00:00+09:00,1311.1723602025536,1317.7944428298392,1309.5168395457322,1312.827880859375,22196,0.0,0.0
2022-07-25 00:00:00+09:00,1309.51683341932,1317.7944366647014,1307.8613127702438,1316.138916015625,16042,0.0,0.0
2022-07-26 00:00:00+09:00,1329.3830688629341,1329.3830688629341,1312.8278625259113,1322.760986328125,17745,0.0,0.0
2022-07-27 00:00:00+09:00,1322.7608671642486,1327.7274286179315,1312.8277442568824,1321.1053466796875,33644,0.0,0.0
2022-07-28 00:00:00+09:00,1322.7608671642486,1324.4163876488094,1312.8277442568824,1321.1053466796875,44860,0.0,0.0
2022-07-29 00:00:00+09:00,1316.1388708043983,1349.249282648534,1314.4833502121915,1340.9716796875,42601,0.0,0.0
2022-08-01 00:00:00+09:00,1340.9718112874652,1342.627332042141,1327.7276452500582,1336.0052490234375,25770,0.0,0.0
2022-08-02 00:00:00+09:00,1334.3497282687617,1345.938373551493,1324.4166037407065,1336.0052490234375,36840,0.0,0.0
2022-08-03 00:00:00+09:00,1334.3496033319152,1340.9716857305848,1324.4164797339108,1337.66064453125,25351,0.0,0.0
2022-08-04 00:00:00+09:00,1332.694088767835,1340.97169180366,1321.1054445176799,1334.349609375,70803,0.0,0.0
2022-08-05 00:00:00+09:00,1347.5938943061687,1347.5938943061687,1326.0721244953822,1336.0052490234375,50269,0.0,0.0
2022-08-08 00:00:00+09:00,1340.9718112874652,1340.9718112874652,1327.7276452500582,1336.0052490234375,53225,0.0,0.0
2022-08-09 00:00:00+09:00,1337.6606536296586,1344.2827360733697,1322.7609681313083,1332.694091796875,127104,0.0,0.0
2022-08-10 00:00:00+09:00,1332.694091796875,1336.0051330187307,1326.0720093531638,1332.694091796875,47008,0.0,0.0
2022-08-11 00:00:00+09:00,1337.6607571189118,1344.282840074946,1332.6941949018862,1342.6273193359375,74509,0.0,0.0
2022-08-12 00:00:00+09:00,1340.971764334797,1369.1156161788606,1340.971764334797,1360.8380126953125,91508,0.0,0.0
2022-08-16 00:00:00+09:00,1360.8380252306501,1360.8380252306501,1340.971776687137,1354.2159423828125,100243,0.0,0.0
2022-08-17 00:00:00+09:00,1354.2159206321023,1372.426648171165,1354.2159206321023,1365.8045654296875,73879,0.0,0.0
2022-08-18 00:00:00+09:00,1359.182379008795,1362.493420126965,1345.9382145361149,1355.871337890625,69141,0.0,0.0
2022-08-19 00:00:00+09:00,1354.2159486658431,1355.8714693854836,1340.9717829087201,1350.9049072265625,99484,0.0,0.0
2022-08-22 00:00:00+09:00,1345.938253625155,1345.938253625155,1331.03856816067,1334.349609375,76754,0.0,0.0
2022-08-23 00:00:00+09:00,1324.4165192610064,1331.0386018573115,1302.894750823015,1316.138916015625,104744,0.0,0.0
2022-08-24 00:00:00+09:00,1316.1390125469431,1331.0386994814369,1311.1724502354452,1329.3831787109375,41342,0.0,0.0
2022-08-25 00:00:00+09:00,1321.1054266567887,1344.28271484375,1321.1054266567887,1344.28271484375,32377,0.0,0.0
2022-08-26 00:00:00+09:00,1349.2494086606246,1349.2494086606246,1332.6942011923961,1339.3162841796875,34670,0.0,0.0
2022-08-29 00:00:00+09:00,1309.5167943369042,1340.9716857305848,1297.9281501392327,1337.66064453125,109100,0.0,0.0
2022-08-30 00:00:00+09:00,1337.6606536296586,1342.6272154624419,1319.4499269094526,1332.694091796875,97323,0.0,0.0
2022-08-31 00:00:00+09:00,1332.6942075140857,1336.0052490234375,1324.4166037407065,1336.0052490234375,30139,0.0,0.0
2022-09-01 00:00:00+09:00,1334.3497442307319,1334.3497442307319,1317.7945364859336,1327.7276611328125,76355,0.0,0.0
2022-09-02 00:00:00+09:00,1329.3830627365207,1329.3830627365207,1317.7944183540105,1326.072021484375,40034,0.0,0.0
2022-09-05 00:00:00+09:00,1327.727667541504,1327.727667541504,1316.139022064209,1324.4166259765625,43655,0.0,0.0
2022-09-06 00:00:00+09:00,1326.0720275955296,1326.0720275955296,1314.4833831596136,1322.760986328125,29519,0.0,0.0
2022-09-07 00:00:00+09:00,1326.0719317086136,1327.7274522226069,1304.550165026701,1307.8612060546875,86264,0.0,0.0
2022-09-08 00:00:00+09:00,1307.8613127702438,1319.4499573137775,1297.9281888757862,1316.138916015625,69665,0.0,0.0
2022-09-13 00:00:00+09:00,1339.316186492958,1339.316186492958,1321.1054596061563,1326.072021484375,36465,0.0,0.0
2022-09-14 00:00:00+09:00,1319.4499573137775,1322.76099861193,1309.51683341932,1316.138916015625,47002,0.0,0.0
2022-09-15 00:00:00+09:00,1316.1387852260045,1332.6939900716145,1316.1387852260045,1321.1053466796875,56645,0.0,0.0
2022-09-16 00:00:00+09:00,1321.1053466796875,1326.0719081333705,1317.7943057105654,1321.1053466796875,25551,0.0,0.0
2022-09-19 00:00:00+09:00,1321.105490355365,1324.4165316845765,1307.8613250385192,1309.516845703125,34234,0.0,0.0
2022-09-20 00:00:00+09:00,1309.516720704358,1327.727446276732,1309.516720704358,1311.1722412109375,54778,0.0,0.0
2022-09-21 00:00:00+09:00,1317.7943173655935,1322.7608788632026,1307.8611943703756,1314.4832763671875,26520,0.0,0.0
2022-09-22 00:00:00+09:00,1324.416405263573,1324.416405263573,1299.5835976648812,1311.1722412109375,35560,0.0,0.0
2022-09-23 00:00:00+09:00,1304.55019769436,1312.8278004716083,1287.994992139863,1289.6505126953125,58609,0.0,0.0
2022-09-26 00:00:00+09:00,1289.650668376766,1518.1125326078231,1190.3194230589147,1208.5301513671875,6673659,0.0,0.0
2022-09-27 00:00:00+09:00,1205.2190941220238,1249.9181539314945,1165.4865965136055,1216.8077392578125,656650,0.0,0.0
2022-09-28 00:00:00+09:00,1205.2189127604167,1337.6605515252975,1167.1419416155134,1251.573486328125,4312201,0.0,0.0
2022-09-29 00:00:00+09:00,1258.1957848243464,1289.6506794449551,1243.296097898795,1266.473388671875,957887,0.0,0.0
2022-09-30 00:00:00+09:00,1243.2960807091551,1304.5503483339737,1211.8411865234375,1211.8411865234375,1114615,0.0,0.0
2022-10-04 00:00:00+09:00,1203.5634496937628,1221.7741758927057,1195.2858468760614,1218.463134765625,159456,0.0,0.0
2022-10-05 00:00:00+09:00,1225.0853240184294,1248.2626139322917,1206.8745962289663,1226.7408447265625,196436,0.0,0.0
2022-10-06 00:00:00+09:00,1226.7408478608002,1256.5402206833298,1220.1187650113493,1225.0853271484375,242582,0.0,0.0
2022-10-07 00:00:00+09:00,1225.0853302869164,1248.2626203193715,1213.4966852706889,1223.4298095703125,148909,0.0,0.0
2022-10-11 00:00:00+09:00,1223.4297115466827,1239.984917386286,1196.9413822033175,1210.185546875,176953,0.0,0.0
2022-10-12 00:00:00+09:00,1201.908090678488,1213.4967361808976,1185.3528828179028,1196.9415283203125,154651,0.0,0.0
2022-10-13 00:00:00+09:00,1188.6638431172976,1198.5969671544894,1172.1086363886443,1175.419677734375,188968,0.0,0.0
2022-10-14 00:00:00+09:00,1177.075146954522,1211.8410795649932,1177.075146954522,1203.5634765625,116192,0.0,0.0
2022-10-17 00:00:00+09:00,1198.5970299907835,1213.4967168276855,1183.6973431538815,1206.8746337890625,147270,0.0,0.0
2022-10-18 00:00:00+09:00,1211.841052511464,1225.0852170197861,1205.218970257303,1218.463134765625,101206,0.0,0.0
2022-10-19 00:00:00+09:00,1220.1186553291652,1244.951463782269,1200.2524085666823,1218.463134765625,79320,0.0,0.0
2022-10-20 00:00:00+09:00,1223.4298446152236,1231.7074484353536,1198.5970331548335,1205.2191162109375,119059,0.0,0.0
2022-10-21 00:00:00+09:00,1208.5299360487197,1208.5299360487197,1187.0081700642904,1191.9747314453125,85117,0.0,0.0
2022-10-24 00:00:00+09:00,1191.9748474290166,1205.21901240045,1190.3193268075875,1195.285888671875,124639,0.0,0.0
2022-10-25 00:00:00+09:00,1190.3192167574316,1200.2523395676467,1183.697134883955,1188.6636962890625,73416,0.0,0.0
2022-10-26 00:00:00+09:00,1191.974862709205,1195.2859039945083,1182.0417388532949,1187.00830078125,59186,0.0,0.0
2022-10-27 00:00:00+09:00,1187.0081700642904,1193.6302519056533,1185.3526496039497,1191.9747314453125,49694,0.0,0.0
2022-10-28 00:00:00+09:00,1187.0081700642904,1223.4296201917862,1187.0081700642904,1191.9747314453125,136521,0.0,0.0
2022-10-31 00:00:00+09:00,1196.9412928263346,1213.4964974297418,1188.6636905246312,1191.9747314453125,71408,0.0,0.0
2022-11-01 00:00:00+09:00,1191.974956417872,1213.4967264643055,1188.6639148722666,1201.9080810546875,87017,0.0,0.0
2022-11-02 00:00:00+09:00,1200.25244140625,1210.1855650592672,1195.2858795797413,1200.25244140625,90649,0.0,0.0
2022-11-03 00:00:00+09:00,1191.9749659621368,1206.8746530366636,1188.66392439002,1196.9415283203125,170794,0.0,0.0
2022-11-04 00:00:00+09:00,1198.597049106371,1208.5301738227222,1188.66392439002,1196.9415283203125,38491,0.0,0.0
2022-11-07 00:00:00+09:00,1193.6304645695097,1218.4632758989726,1191.9749438142123,1208.5301513671875,297780,0.0,0.0
2022-11-08 00:00:00+09:00,1211.8411960680298,1216.8077583469972,1200.2525507504392,1206.8746337890625,65122,0.0,0.0
2022-11-09 00:00:00+09:00,1213.49671363308,1213.49671363308,1200.2525475906998,1208.5301513671875,68875,0.0,0.0
2022-11-10 00:00:00+09:00,1208.5301577389896,1213.4967200310675,1200.2525539188593,1205.2191162109375,124092,0.0,0.0
2022-11-11 00:00:00+09:00,1220.118670378762,1225.0852321306431,1205.2189851231192,1210.185546875,125277,0.0,0.0
2022-11-14 00:00:00+09:00,1206.8746086130957,1238.3295023903918,1206.8746086130957,1220.1187744140625,131482,0.0,0.0
2022-11-15 00:00:00+09:00,1221.7742548828126,1243.2960236002605,1220.1187342122396,1241.6405029296875,96184,0.0,0.0
2022-11-16 00:00:00+09:00,1244.9515350058102,1246.6070556640625,1231.707369739791,1246.6070556640625,88144,0.0,0.0
2022-11-17 00:00:00+09:00,1244.9514426312248,1244.9514426312248,1218.463114064603,1230.0517578125,182722,0.0,0.0
2022-11-18 00:00:00+09:00,1230.0517726991236,1236.6738549209224,1218.4631288109756,1221.774169921875,70102,0.0,0.0
2022-11-21 00:00:00+09:00,1226.7408510035204,1226.7408510035204,1205.2190816876691,1223.4298095703125,136924,0.0,0.0
2022-11-22 00:00:00+09:00,1221.7743014588648,1223.429822192549,1210.185656323076,1216.8077392578125,35642,0.0,0.0
2022-11-23 00:00:00+09:00,1215.1520671665269,1236.6738340236996,1215.1520671665269,1233.36279296875,60824,0.0,0.0
2022-11-24 00:00:00+09:00,1246.6069365156459,1246.6069365156459,1235.0182930155004,1244.951416015625,72124,0.0,0.0
2022-11-25 00:00:00+09:00,1248.2625918464864,1248.2625918464864,1231.7073850580716,1238.3294677734375,96794,0.0,0.0
2022-11-28 00:00:00+09:00,1238.3293545511744,1258.1956008808725,1230.0517519138002,1233.36279296875,74297,0.0,0.0
2022-11-29 00:00:00+09:00,1235.0184264157544,1241.6405091311206,1226.7408230215472,1238.3294677734375,143526,0.0,0.0
2022-11-30 00:00:00+09:00,1238.3294523728005,1246.6070556640625,1238.3294523728005,1246.6070556640625,56530,0.0,0.0
2022-12-01 00:00:00+09:00,1246.607037329391,1259.8512024006195,1246.607037329391,1256.5401611328125,120876,0.0,0.0
2022-12-02 00:00:00+09:00,1259.8511721607301,1286.3395016673946,1258.1956515665638,1273.0953369140625,123069,0.0,0.0
2022-12-05 00:00:00+09:00,1274.750857508229,1278.0618986965621,1266.4732545373963,1273.0953369140625,46488,0.0,0.0
2022-12-06 00:00:00+09:00,1273.0954749621646,1276.4065165095305,1258.1957879990184,1264.81787109375,61191,0.0,0.0
2022-12-07 00:00:00+09:00,1264.8177399517194,1276.4063841659367,1251.573575135471,1269.7843017578125,101383,0.0,0.0
2022-12-08 00:00:00+09:00,1269.7842927214388,1276.406375082437,1253.2290868189427,1274.7508544921875,77294,0.0,0.0
2022-12-09 00:00:00+09:00,1264.8178489279344,1279.7175356299651,1264.8178489279344,1276.406494140625,51473,0.0,0.0
2022-12-12 00:00:00+09:00,1276.406375082437,1279.7174162629362,1271.4398133116883,1274.7508544921875,55977,0.0,0.0
2022-12-13 00:00:00+09:00,1276.406494140625,1283.0285771193053,1271.4399319066147,1276.406494140625,53135,0.0,0.0
2022-12-14 00:00:00+09:00,1276.4063571261377,1286.3394805278974,1276.4063571261377,1284.6839599609375,52925,0.0,0.0
2022-12-15 00:00:00+09:00,1289.650506755912,1306.205712234165,1274.750821825484,1292.9615478515625,87037,0.0,0.0
2022-12-16 00:00:00+09:00,1283.0284245646108,1292.9615478515625,1283.0284245646108,1292.9615478515625,25128,0.0,0.0
2022-12-19 00:00:00+09:00,1292.961666799872,1297.9282289002558,1286.3395839993607,1294.6171875,48007,0.0,0.0
2022-12-20 00:00:00+09:00,1294.617123185104,1349.2493035752682,1261.5067108274286,1263.1622314453125,500032,0.0,0.0
2022-12-21 00:00:00+09:00,1263.1621925904578,1296.2726039296574,1263.1621925904578,1284.6839599609375,54594,0.0,0.0
2022-12-22 00:00:00+09:00,1284.6839599609375,1291.3060422287774,1278.0618776930976,1284.6839599609375,65301,0.0,0.0
2022-12-23 00:00:00+09:00,1279.7175356299651,1281.373056374635,1269.7844111619447,1276.406494140625,119164,0.0,0.0
2022-12-26 00:00:00+09:00,1274.750954567849,1287.995120329593,1274.750954567849,1286.339599609375,111402,0.0,0.0
2022-12-27 00:00:00+09:00,1286.3395839993607,1297.9282289002558,1283.0285425991049,1294.6171875,105556,0.0,0.0
2022-12-28 00:00:00+09:00,1296.334110954506,1313.504099179069,1292.9001133095935,1301.485107421875,102260,56.0,0.0
2022-12-29 00:00:00+09:00,1301.485089094965,1313.5040806829131,1275.73010712079,1280.881103515625,92068,0.0,0.0
2023-01-02 00:00:00+09:00,1279.1641493544664,1280.8811482126603,1224.220185892261,1237.9561767578125,116105,0.0,0.0
2023-01-03 00:00:00+09:00,1237.956181141553,1244.824176598649,1222.5031913630871,1243.107177734375,142189,0.0,0.0
2023-01-04 00:00:00+09:00,1241.3901832297217,1248.2581787109375,1236.2391866188102,1248.2581787109375,30436,0.0,0.0
2023-01-05 00:00:00+09:00,1249.9753036708048,1260.277297931828,1244.8243065402933,1253.4093017578125,25571,0.0,0.0
2023-01-06 00:00:00+09:00,1253.4093055881224,1275.7302932218836,1251.6923065393717,1258.560302734375,38355,0.0,0.0
2023-01-09 00:00:00+09:00,1287.7491276438643,1289.4661264807228,1256.8431485804117,1267.1451416015625,58892,0.0,0.0
2023-01-10 00:00:00+09:00,1265.42818909514,1275.730182493472,1258.5601934962517,1274.01318359375,46429,0.0,0.0
2023-01-11 00:00:00+09:00,1274.0132131966323,1275.7302121362504,1258.5602227400693,1260.2772216796875,28151,0.0,0.0
2023-01-12 00:00:00+09:00,1260.2771417942176,1385.6180564413266,1253.4091464710884,1261.994140625,2339358,0.0,0.0
2023-01-13 00:00:00+09:00,1251.692147640306,1272.296133609694,1249.975148809524,1261.994140625,246799,0.0,0.0
2023-01-16 00:00:00+09:00,1275.7302932218836,1275.7302932218836,1258.560302734375,1258.560302734375,97954,0.0,0.0
2023-01-17 00:00:00+09:00,1258.5601719327608,1270.579164024888,1244.8241809703297,1248.2581787109375,122890,0.0,0.0
2023-01-18 00:00:00+09:00,1239.6732261573875,1255.12621651115,1239.6732261573875,1249.9752197265625,69890,0.0,0.0
2023-01-19 00:00:00+09:00,1248.2582207983667,1253.4092175829542,1243.1072240137792,1249.9752197265625,33457,0.0,0.0
2023-01-20 00:00:00+09:00,1249.9753036708048,1253.4093017578125,1241.3903084532856,1253.4093017578125,36368,0.0,0.0
2023-01-25 00:00:00+09:00,1255.1261453018708,1263.7111394557824,1251.692147640306,1261.994140625,701,0.0,0.0
2023-01-26 00:00:00+09:00,1255.1262289846932,1270.5792194920286,1251.692231094174,1265.42822265625,63,0.0,0.0
2023-01-27 00:00:00+09:00,1265.4282725344422,1277.447265625,1261.9942745085687,1277.447265625,121,0.0,0.0
2023-01-30 00:00:00+09:00,1280.8811367925523,1282.5981356354378,1265.4281472065832,1272.296142578125,21,0.0,0.0
2023-01-31 00:00:00+09:00,1267.145225731102,1270.5792236328125,1260.2772299276814,1270.5792236328125,83400,0.0,0.0
2023-02-01 00:00:00+09:00,1272.2962685861896,1279.1642646379369,1268.862270560316,1277.447265625,57,0.0,0.0
2023-02-02 00:00:00+09:00,1280.881103515625,1291.1830963052948,1270.5791107259552,1280.881103515625,664,0.0,0.0
2023-02-03 00:00:00+09:00,1280.8812002688449,1289.4661949087165,1275.730203484922,1299.7681884765625,29,0.0,0.0
2023-02-06 00:00:00+09:00,1286.0321466471355,1294.617140950521,1280.8811500651043,1287.7491455078125,262,0.0,0.0
2023-02-07 00:00:00+09:00,1287.7491123628934,1303.202101711248,1287.7491123628934,1296.3341064453125,104794,0.0,0.0
2023-02-08 00:00:00+09:00,1304.9191936127947,1310.0701904296875,1294.6171999790097,1310.0701904296875,851,0.0,0.0
2023-02-09 00:00:00+09:00,1303.202152762826,1318.6551427165355,1298.0511561115895,1308.3531494140625,6,0.0,0.0
2023-02-10 00:00:00+09:00,1311.787019953269,1311.787019953269,1294.617032781106,1303.2020263671875,758,0.0,0.0
2023-02-13 00:00:00+09:00,1304.9190673828125,1313.504061247173,1298.0510722913239,1304.9190673828125,139,0.0,0.0
2023-02-14 00:00:00+09:00,1308.3531788793105,1308.3531788793105,1291.1831896551726,1294.6171875,680,0.0,0.0
2023-02-15 00:00:00+09:00,1303.2021604958666,1303.2021604958666,1261.9941870414518,1268.8621826171875,143665,0.0,0.0
2023-02-16 00:00:00+09:00,1268.862144892354,1275.730140263896,1261.9941495208122,1272.296142578125,15,0.0,0.0
2023-02-17 00:00:00+09:00,1263.7111394557824,1270.5791347789116,1258.5601429634355,1261.994140625,48366,0.0,0.0
2023-02-20 00:00:00+09:00,1261.994145090987,1274.0131369489966,1244.8241567224022,1267.1451416015625,122479,0.0,0.0
2023-02-21 00:00:00+09:00,1267.1452132406378,1270.5792111084986,1248.2582249674033,1255.126220703125,183,0.0,0.0
2023-02-22 00:00:00+09:00,1251.6922607421875,1253.4092597281165,1239.673267840685,1251.6922607421875,348,0.0,0.0
2023-02-23 00:00:00+09:00,1246.541309393119,1258.560302734375,1236.2393151006138,1258.560302734375,4876,0.0,0.0
2023-02-24 00:00:00+09:00,1255.1262627273309,1258.560260710169,1246.5412677702357,1256.84326171875,149,0.0,0.0
2023-02-27 00:00:00+09:00,1256.843173062457,1256.843173062457,1243.1071821000257,1248.2581787109375,36766,0.0,0.0
2023-02-28 00:00:00+09:00,1246.5412260334729,1260.277217504916,1246.5412260334729,1255.126220703125,24093,0.0,0.0
2023-03-02 00:00:00+09:00,1255.1263046368733,1265.4282989293783,1251.6923065393717,1258.560302734375,83387,0.0,0.0
2023-03-03 00:00:00+09:00,1260.277259701588,1270.5792536501024,1253.4092637359117,1256.84326171875,54728,0.0,0.0
2023-03-06 00:00:00+09:00,1256.8432154393458,1260.2772132957375,1249.9752197265625,1249.9752197265625,66594,0.0,0.0
2023-03-07 00:00:00+09:00,1249.9752577264119,1253.4092556871988,1241.3902628244448,1246.541259765625,71426,0.0,0.0
2023-03-08 00:00:00+09:00,1251.6921764515453,1253.4091753218493,1243.1071821000257,1248.2581787109375,37263,0.0,0.0
2023-03-09 00:00:00+09:00,1246.5412218701708,1258.5602143675417,1241.3902250855833,1249.9752197265625,92523,0.0,0.0
2023-03-10 00:00:00+09:00,1246.5411665977542,1248.2581654498172,1232.80517578125,1232.80517578125,137931,0.0,0.0
2023-03-13 00:00:00+09:00,1227.6542169155355,1232.8052136298663,1220.7862212964276,1229.3712158203125,55927,0.0,0.0
2023-03-14 00:00:00+09:00,1227.65413717911,1253.4091190779725,1224.2201395925952,1231.088134765625,240718,0.0,0.0
2023-03-15 00:00:00+09:00,1234.5221369425456,1241.3901321411133,1231.0881393432617,1236.2391357421875,36875,0.0,0.0
2023-03-16 00:00:00+09:00,1234.5222727748326,1234.5222727748326,1196.7482950265066,1201.8992919921875,240152,0.0,0.0
2023-03-17 00:00:00+09:00,1210.4841685396848,1210.4841685396848,1196.7481779746954,1207.0501708984375,64494,0.0,0.0
2023-03-20 00:00:00+09:00,1207.0501708984375,1212.2011673603085,1198.4651767953192,1207.0501708984375,81740,0.0,0.0
2023-03-21 00:00:00+09:00,1207.0502889578684,1210.4842869349889,1198.465294015067,1201.8992919921875,70803,0.0,0.0
2023-03-22 00:00:00+09:00,1203.616286946848,1210.4842828780713,1195.0312920328192,1196.748291015625,63146,0.0,0.0
2023-03-23 00:00:00+09:00,1191.5972645861038,1229.3712412732714,1183.0122698844748,1210.4842529296875,305515,0.0,0.0
2023-03-24 00:00:00+09:00,1208.7672539893617,1217.3522486909908,1203.6162571683844,1210.4842529296875,50437,0.0,0.0
2023-03-27 00:00:00+09:00,1210.4842445471768,1210.4842445471768,1183.0122616922054,1200.1822509765625,114460,0.0,0.0
2023-03-28 00:00:00+09:00,1193.314208984375,1201.899203293615,1189.880211260679,1193.314208984375,84711,0.0,0.0
2023-03-29 00:00:00+09:00,1195.0312165656205,1227.6541951787624,1184.729223319365,1203.6162109375,300445,0.0,0.0
2023-03-30 00:00:00+09:00,1203.6162109375,1208.7672075606276,1193.3142176912445,1203.6162109375,188633,0.0,0.0
2023-03-31 00:00:00+09:00,1201.8992499049982,1205.3332477618696,1186.4462595490768,1200.1822509765625,130456,0.0,0.0
2023-04-03 00:00:00+09:00,1189.8802532327586,1203.616244612069,1186.4462553879312,1195.03125,113879,0.0,0.0
2023-04-04 00:00:00+09:00,1201.8992414378156,1201.8992414378156,1184.7292522744183,1189.8802490234375,181275,0.0,0.0
2023-04-05 00:00:00+09:00,1186.446293108058,1201.8992839010716,1186.446293108058,1191.5972900390625,95919,0.0,0.0
2023-04-06 00:00:00+09:00,1189.8802068633152,1195.0312034298229,1183.0122114413045,1188.1632080078125,144766,0.0,0.0
2023-04-07 00:00:00+09:00,1191.5973358591511,1201.8993301172995,1186.446338730077,1198.46533203125,94074,0.0,0.0
2023-04-10 00:00:00+09:00,1198.4651830336627,1198.4651830336627,1167.5592041015625,1167.5592041015625,492326,0.0,0.0
2023-04-11 00:00:00+09:00,1167.5592085697292,1188.1631946033126,1164.1252108974652,1172.710205078125,224812,0.0,0.0
2023-04-12 00:00:00+09:00,1174.4272127857403,1186.446204729454,1174.4272127857403,1183.01220703125,137993,0.0,0.0
2023-04-13 00:00:00+09:00,1183.01220703125,1191.59720127676,1157.2572242947206,1183.01220703125,208733,0.0,0.0
2023-04-14 00:00:00+09:00,1183.012291120206,1189.8802870047937,1183.012291120206,1186.4462890625,75137,0.0,0.0
2023-04-17 00:00:00+09:00,1186.446338730077,1200.1823310742748,1186.446338730077,1198.46533203125,129968,0.0,0.0
2023-04-18 00:00:00+09:00,1200.1822509765625,1203.616248833434,1189.8802574059482,1200.1822509765625,131374,0.0,0.0
2023-04-19 00:00:00+09:00,1203.6161865920164,1237.9561633849412,1201.8991877523702,1222.503173828125,189046,0.0,0.0
2023-04-20 00:00:00+09:00,1220.7862084373896,1225.937205097463,1203.6162195704783,1213.918212890625,91792,0.0,0.0
2023-04-21 00:00:00+09:00,1212.20117830916,1212.20117830916,1116.0492434857704,1172.710205078125,645000,0.0,0.0
2023-04-24 00:00:00+09:00,1198.4651011552405,1232.8050754003764,1169.276123046875,1169.276123046875,150499,0.0,0.0
2023-04-25 00:00:00+09:00,1170.9932778262528,1184.7292693550066,1152.1062894742165,1160.6912841796875,105412,0.0,0.0
2023-04-26 00:00:00+09:00,1169.2763212082832,1169.2763212082832,1145.2383351628853,1162.4083251953125,68294,0.0,0.0
2023-04-27 00:00:00+09:00,1152.1061966033753,1160.6911906168132,1141.8042037872497,1146.9552001953125,96677,0.0,0.0
2023-04-28 00:00:00+09:00,1150.3892158059514,1167.5592041015625,1145.238219317268,1167.5592041015625,75948,0.0,0.0
2023-05-02 00:00:00+09:00,1167.5592260566548,1193.314208984375,1164.1252283329586,1193.314208984375,70130,0.0,0.0
2023-05-03 00:00:00+09:00,1191.5972479397772,1193.3142468561168,1176.1442576927195,1189.8802490234375,117122,0.0,0.0
2023-05-04 00:00:00+09:00,1184.729290091353,1191.5972859759406,1177.8612942067655,1186.4462890625,34034,0.0,0.0
2023-05-08 00:00:00+09:00,1183.0122491366621,1189.8802447775136,1179.5782513162364,1184.729248046875,61237,0.0,0.0
2023-05-09 00:00:00+09:00,1184.7291969310486,1186.4461957671806,1167.5592085697292,1172.710205078125,79557,0.0,0.0
2023-05-10 00:00:00+09:00,1172.710247195952,1179.5782427871436,1170.9932482981542,1174.42724609375,38681,0.0,0.0
2023-05-11 00:00:00+09:00,1167.5591665139295,1174.4271616110705,1165.8421677396445,1170.9931640625,107514,0.0,0.0
2023-05-12 00:00:00+09:00,1170.9931168907863,1170.9931168907863,1158.9741259549571,1164.1251220703125,105542,0.0,0.0
2023-05-15 00:00:00+09:00,1165.8422342936199,1165.8422342936199,1145.2382478259858,1153.8232421875,109903,0.0,0.0
2023-05-16 00:00:00+09:00,1155.5401942087503,1162.4081894195008,1143.5212025899373,1146.9552001953125,62372,0.0,0.0
2023-05-17 00:00:00+09:00,1141.8042037872497,1150.3891978006877,1141.8042037872497,1146.9552001953125,76536,0.0,0.0
2023-05-18 00:00:00+09:00,1152.1061729464861,1169.2761606208003,1148.6721754116231,1165.8421630859375,45848,0.0,0.0
2023-05-19 00:00:00+09:00,1172.710205078125,1172.710205078125,1158.9742143890694,1172.710205078125,53906,0.0,0.0
2023-05-22 00:00:00+09:00,1177.8612015865208,1177.8612015865208,1164.1252108974652,1172.710205078125,40396,0.0,0.0
2023-05-23 00:00:00+09:00,1174.4271191836453,1183.0121127449295,1165.8421256223614,1169.276123046875,66310,0.0,0.0
2023-05-24 00:00:00+09:00,1169.276123046875,1170.9931217591318,1162.4081281978479,1169.276123046875,32070,0.0,0.0
2023-05-25 00:00:00+09:00,1169.276123046875,1172.7101204713886,1164.1251269101047,1169.276123046875,29420,0.0,0.0
2023-05-26 00:00:00+09:00,1165.8422386791087,1169.276236436632,1158.9742431640625,1158.9742431640625,41745,0.0,0.0
2023-05-30 00:00:00+09:00,1160.6912132252014,1186.4461957671806,1158.9742143890694,1172.710205078125,64356,0.0,0.0
2023-05-31 00:00:00+09:00,1176.144291190214,1188.1632839469023,1170.9932942944904,1181.2952880859375,76437,0.0,0.0
2023-06-01 00:00:00+09:00,1176.1442072120421,1188.1631991105594,1170.9932106841063,1177.8612060546875,70838,0.0,0.0
2023-06-02 00:00:00+09:00,1184.7292522744183,1203.6162403541553,1176.1442576927195,1189.8802490234375,80794,0.0,0.0
2023-06-05 00:00:00+09:00,1191.5973358591511,1225.9373167196454,1183.0123406440275,1198.46533203125,160250,0.0,0.0
2023-06-07 00:00:00+09:00,1193.3142552628196,1210.4842445471768,1193.3142552628196,1200.1822509765625,70834,0.0,0.0
2023-06-08 00:00:00+09:00,1201.899203293615,1201.899203293615,1186.446213536983,1193.314208984375,69627,0.0,0.0
2023-06-09 00:00:00+09:00,1193.3142552628196,1201.8992499049982,1188.1632584775125,1200.1822509765625,49946,0.0,0.0
2023-06-12 00:00:00+09:00,1189.8802532327586,1200.1822467672414,1189.8802532327586,1195.03125,57242,0.0,0.0
2023-06-13 00:00:00+09:00,1195.0311516309307,1201.8991467552464,1170.9931686958257,1176.1441650390625,172761,0.0,0.0
2023-06-14 00:00:00+09:00,1177.8611544579574,1186.4461482951147,1160.6911667836432,1165.8421630859375,187934,0.0,0.0
2023-06-15 00:00:00+09:00,1165.8421207754309,1174.4271143010233,1157.2571272498387,1164.1251220703125,75358,0.0,0.0
2023-06-16 00:00:00+09:00,1167.559161853369,1169.2761606208003,1162.4081655510747,1165.8421630859375,44611,0.0,0.0
2023-06-19 00:00:00+09:00,1165.8421992034694,1253.4091390552765,1158.9742039209748,1207.0501708984375,221502,0.0,0.0
2023-06-20 00:00:00+09:00,1208.7672715297965,1208.7672715297965,1169.2762953292493,1181.2952880859375,117454,0.0,0.0
2023-06-21 00:00:00+09:00,1181.2951992587848,1183.0121980949168,1167.5592085697292,1172.710205078125,45563,0.0,0.0
2023-06-22 00:00:00+09:00,1177.861116608159,1177.861116608159,1164.1251269101047,1169.276123046875,50838,0.0,0.0
2023-06-23 00:00:00+09:00,1152.106201171875,1176.1441845048203,1150.389202362379,1152.106201171875,140592,0.0,0.0
2023-06-26 00:00:00+09:00,1152.1062853332792,1160.6912800078937,1150.3892863983563,1155.540283203125,51459,0.0,0.0
2023-06-27 00:00:00+09:00,1155.5402033321936,1158.9742009646816,1152.1062056997057,1157.2572021484375,29969,0.0,0.0
2023-06-28 00:00:00+09:00,1157.2572779413479,1162.408274727437,1146.9552843691697,1150.3892822265625,116950,0.0,0.0
2023-06-29 00:00:00+09:00,1153.823284268202,1162.4082789428167,1148.6722874634333,1155.540283203125,74452,0.0,0.0
2023-06-30 00:00:00+09:00,1155.5401987908672,1158.9741964098594,1150.389202362379,1152.106201171875,36623,0.0,0.0
2023-07-03 00:00:00+09:00,1152.1062433151972,1162.4082365490142,1148.6722455705915,1153.8232421875,117033,0.0,0.0
2023-07-04 00:00:00+09:00,1152.1063151653548,1155.540313124119,1141.8043212890625,1141.8043212890625,139426,0.0,0.0
2023-07-05 00:00:00+09:00,1145.2382727549405,1145.2382727549405,1134.936279296875,1134.936279296875,78364,0.0,0.0
2023-07-06 00:00:00+09:00,1134.936261992609,1136.6532608761074,1112.6152765071263,1114.332275390625,191765,0.0,0.0
2023-07-07 00:00:00+09:00,1114.3321484072658,1116.0491470951044,1105.7471549680727,1109.18115234375,76829,0.0,0.0
2023-07-10 00:00:00+09:00,1104.0302734375,1109.1812700476282,1097.162277957329,1104.0302734375,97811,0.0,0.0
2023-07-11 00:00:00+09:00,1104.0302357754965,1119.4832250787306,1098.8792393410854,1107.4642333984375,90788,0.0,0.0
2023-07-12 00:00:00+09:00,1110.8982645034791,1119.4832588195802,1095.4452747344972,1098.8792724609375,97599,0.0,0.0
2023-07-13 00:00:00+09:00,1098.8793061023623,1107.4643006812869,1090.2943115234375,1090.2943115234375,134067,0.0,0.0
2023-07-14 00:00:00+09:00,1093.7283093550075,1097.1623071865772,1083.4263158602978,1090.2943115234375,127237,0.0,0.0
2023-07-17 00:00:00+09:00,1090.2942270577237,1093.7282246232596,1083.4262319266513,1086.8602294921875,76556,0.0,0.0
2023-07-18 00:00:00+09:00,1095.4453423394098,1095.4453423394098,1074.8413547092014,1081.7093505859375,170066,0.0,0.0
2023-07-19 00:00:00+09:00,1079.9923095703125,1083.4263073749876,1074.8413128633,1079.9923095703125,56556,0.0,0.0
2023-07-20 00:00:00+09:00,1076.558236795579,1086.8602294921875,1073.1242392300428,1086.8602294921875,40067,0.0,0.0
2023-07-21 00:00:00+09:00,1088.5773464626736,1088.5773464626736,1076.5583536783854,1081.7093505859375,33082,0.0,0.0
2023-07-24 00:00:00+09:00,1078.2753787926595,1081.7093768142922,1061.1053886844961,1062.8223876953125,141648,0.0,0.0
2023-07-25 00:00:00+09:00,1062.822242383136,1066.2562399352623,1033.6332631900611,1037.0672607421875,240930,0.0,0.0
2023-07-26 00:00:00+09:00,1030.1993512092754,1033.6333490466395,963.2363933806724,968.3873901367188,477166,0.0,0.0
2023-07-27 00:00:00+09:00,973.5383931024201,1011.3123695543659,966.6703973838845,1001.0103759765625,74623,0.0,0.0
2023-07-28 00:00:00+09:00,1007.8783138319726,1104.030248371309,999.2933196766747,1028.4822998046875,235201,0.0,0.0
2023-07-31 00:00:00+09:00,1031.916255070613,1033.6332538311299,1018.1802649864784,1026.7652587890625,69457,0.0,0.0
2023-08-01 00:00:00+09:00,1026.7652213541667,1031.9162174479168,1019.8972265625,1030.19921875,64292,0.0,0.0
2023-08-02 00:00:00+09:00,1030.19921875,1035.35021484375,1021.6142252604167,1030.19921875,104514,0.0,0.0
2023-08-03 00:00:00+09:00,1030.1992747822746,1050.8032602779201,1023.3312796170594,1047.3692626953125,132093,0.0,0.0
2023-08-04 00:00:00+09:00,1047.3692626953125,1052.5202590692238,1040.5012675300973,1047.3692626953125,38427,0.0,0.0
2023-08-07 00:00:00+09:00,1042.2183459051726,1049.0863415948277,1037.0673491379312,1045.65234375,55065,0.0,0.0
2023-08-08 00:00:00+09:00,1045.65220703125,1050.803203125,1030.19921875,1030.19921875,70492,0.0,0.0
2023-08-09 00:00:00+09:00,1030.1993321890782,1033.633329963042,1011.3123444322786,1019.8973388671875,98134,0.0,0.0
2023-08-10 00:00:00+09:00,1009.5953037718697,1026.7652919312552,1007.8783049559311,1018.1802978515625,198773,0.0,0.0
2023-08-11 00:00:00+09:00,1013.0293433192603,1030.1993321890782,1007.878346658315,1019.8973388671875,156632,0.0,0.0
2023-08-14 00:00:00+09:00,1006.1613810981271,1013.029376873541,995.8593874350063,1011.3123779296875,213514,0.0,0.0
2023-08-16 00:00:00+09:00,1006.1613817487445,1006.1613817487445,934.0474260602679,961.5194091796875,807453,0.0,0.0
2023-08-17 00:00:00+09:00,940.9153762927159,954.6513671875,915.1603933649956,954.6513671875,446392,0.0,0.0
2023-08-18 00:00:00+09:00,956.3684123447963,1001.0103849138533,942.6324207850865,961.5194091796875,137435,0.0,0.0
2023-08-21 00:00:00+09:00,954.6513200878042,973.5383066363039,946.0663262021225,970.1043090820312,77303,0.0,0.0
2023-08-22 00:00:00+09:00,970.1044577037385,970.1044577037385,946.066471141168,951.2174682617188,158232,0.0,0.0
2023-08-23 00:00:00+09:00,952.9344103280689,978.6893943909897,946.0664145779567,956.368408203125,53683,0.0,0.0
2023-08-24 00:00:00+09:00,956.3684123447963,970.1044039045062,949.5004165649415,961.5194091796875,68412,0.0,0.0
2023-08-25 00:00:00+09:00,961.5194050157091,961.5194050157091,944.3494156404287,956.368408203125,49861,0.0,0.0
2023-08-28 00:00:00+09:00,958.0853130299851,966.6703068743398,952.9343167233723,964.9533081054688,55350,0.0,0.0
2023-08-29 00:00:00+09:00,968.3872962777351,982.123286295859,966.6702975254696,976.9722900390625,55182,0.0,0.0
2023-08-30 00:00:00+09:00,982.1233982510038,1009.595381418864,975.2554024590387,988.9913940429688,99149,0.0,0.0
2023-08-31 00:00:00+09:00,985.5574190872351,995.8594130149762,978.6894231354077,992.4254150390625,80220,0.0,0.0
2023-09-01 00:00:00+09:00,983.8403722707823,1009.5953558380802,983.8403722707823,1007.8783569335938,147750,0.0,0.0
2023-09-04 00:00:00+09:00,1009.5953558380802,1018.1803503605129,999.2933624111611,1007.8783569335938,80998,0.0,0.0
2023-09-05 00:00:00+09:00,1004.444307324054,1023.3312942993781,1001.0103096921769,1018.1802978515625,90269,0.0,0.0
2023-09-06 00:00:00+09:00,1016.4633897569444,1023.3313856336805,1004.4443969726562,1004.4443969726562,80279,0.0,0.0
2023-09-07 00:00:00+09:00,1011.3124039065879,1011.3124039065879,982.1234211113214,992.4254150390625,83599,0.0,0.0
2023-09-08 00:00:00+09:00,992.4253919389513,992.4253919389513,978.6894003550212,988.9913940429688,74945,0.0,0.0
2023-09-11 00:00:00+09:00,987.2743530273438,994.1423485266644,978.6893586531929,987.2743530273438,97892,0.0,0.0
2023-09-12 00:00:00+09:00,990.7083228395696,990.7083228395696,973.5383345754523,978.6893310546875,48715,0.0,0.0
2023-09-13 00:00:00+09:00,973.5383722009792,983.8403655576034,968.3873755226672,975.25537109375,86359,0.0,0.0
2023-09-14 00:00:00+09:00,966.6703392698054,990.7083228395696,966.6703392698054,978.6893310546875,59727,0.0,0.0
2023-09-15 00:00:00+09:00,975.2553609035326,990.7083507770041,975.2553609035326,987.2743530273438,79421,0.0,0.0
2023-09-18 00:00:00+09:00,988.9912860576923,994.1422823392428,982.123291015625,982.123291015625,51724,0.0,0.0
2023-09-19 00:00:00+09:00,987.2742684515775,988.9912671793194,971.8212799019007,983.8402709960938,65629,0.0,0.0
2023-09-20 00:00:00+09:00,983.8402897761418,983.8402897761418,975.2552959735576,982.123291015625,45190,0.0,0.0
2023-09-21 00:00:00+09:00,980.4063868177842,980.4063868177842,961.5193986304013,973.5383911132812,107130,0.0,0.0
2023-09-22 00:00:00+09:00,971.821293782266,978.689288791328,904.858342443912,976.9722900390625,167834,0.0,0.0
2023-09-25 00:00:00+09:00,976.9723847301294,976.9723847301294,958.085396624626,968.3873901367188,52694,0.0,0.0
2023-09-26 00:00:00+09:00,968.3874049595424,968.3874049595424,952.9344144548689,961.5194091796875,58176,0.0,0.0
2023-09-27 00:00:00+09:00,961.519310567727,966.6703068743398,949.5003191856304,964.9533081054688,42958,0.0,0.0
2023-10-04 00:00:00+09:00,966.670363642875,966.670363642875,946.0663772064372,959.8023681640625,65911,0.0,0.0
2023-10-05 00:00:00+09:00,961.5193670337655,961.5193670337655,946.0663772064372,959.8023681640625,40047,0.0,0.0
2023-10-06 00:00:00+09:00,958.0853549015459,971.8213456528225,952.9343583698171,966.6703491210938,43977,0.0,0.0
2023-10-10 00:00:00+09:00,966.6703211193017,971.8213175018201,951.2173319717461,958.0853271484375,50565,0.0,0.0
2023-10-11 00:00:00+09:00,958.0853271484375,964.9533223251289,952.9343307659191,958.0853271484375,59574,0.0,0.0
2023-10-12 00:00:00+09:00,961.5193525893651,966.6703491210938,951.2173595259076,966.6703491210938,48111,0.0,0.0
2023-10-13 00:00:00+09:00,966.670363642875,968.3873625125782,956.3683704246562,959.8023681640625,58589,0.0,0.0
2023-10-16 00:00:00+09:00,968.3873203662557,968.3873203662557,903.1413661571818,935.7643432617188,150709,0.0,0.0
2023-10-17 00:00:00+09:00,939.19834085167,939.19834085167,928.8963480818162,935.7643432617188,165041,0.0,0.0
2023-10-18 00:00:00+09:00,952.9343741280692,952.9343741280692,928.8963899158296,937.4813842773438,55563,0.0,0.0
2023-10-19 00:00:00+09:00,935.7643432617188,952.9343312114751,920.3113541069381,935.7643432617188,196659,0.0,0.0
2023-10-20 00:00:00+09:00,935.7644105715173,935.7644105715173,918.5944213867188,918.5944213867188,116967,0.0,0.0
2023-10-23 00:00:00+09:00,918.5943848122167,922.0283825124493,899.7073974609375,899.7073974609375,159500,0.0,0.0
2023-10-24 00:00:00+09:00,896.273385481401,908.29237724073,887.6883913675944,906.5753784179688,139509,0.0,0.0
2023-10-25 00:00:00+09:00,922.0284765716782,923.7454755969513,904.8584863189468,913.4434814453125,36087,0.0,0.0
2023-10-26 00:00:00+09:00,911.7263894117516,911.7263894117516,892.8394020604724,899.7073974609375,44637,0.0,0.0
2023-10-27 00:00:00+09:00,899.7074206682212,910.0094140346512,896.2734228794112,903.1414184570312,58940,0.0,0.0
2023-10-30 00:00:00+09:00,901.4243819496849,906.5753784179688,896.273385481401,906.5753784179688,60149,0.0,0.0
2023-10-31 00:00:00+09:00,910.0093860589611,913.4433837422025,894.556396484375,894.556396484375,65566,0.0,0.0
2023-11-01 00:00:00+09:00,894.5564696114019,910.0094604492188,894.5564696114019,910.0094604492188,30180,0.0,0.0
2023-11-02 00:00:00+09:00,910.0093850125088,916.8773803710938,910.0093850125088,916.8773803710938,38559,0.0,0.0
2023-11-03 00:00:00+09:00,918.5943648894923,925.4623601410026,916.8773660766147,923.745361328125,24999,0.0,0.0
2023-11-06 00:00:00+09:00,927.179424405759,930.6134222739284,923.7454265375895,928.8964233398438,73065,0.0,0.0
2023-11-07 00:00:00+09:00,932.3303788926866,935.7643766049986,916.8773891872829,927.1793823242188,147844,0.0,0.0
2023-11-08 00:00:00+09:00,925.4624066229676,934.0474011185424,925.4624066229676,930.6134033203125,83929,0.0,0.0
2023-11-09 00:00:00+09:00,932.3303876604352,937.4813842773438,920.3113955543155,937.4813842773438,74910,0.0,0.0
2023-11-10 00:00:00+09:00,939.1983978158872,940.9153967150022,927.1794055220826,930.6134033203125,39733,0.0,0.0
2023-11-13 00:00:00+09:00,932.3303788926866,935.7643766049986,922.0283857557508,927.1793823242188,34483,0.0,0.0
2023-11-14 00:00:00+09:00,923.7453846119068,935.7643766049986,923.7453846119068,927.1793823242188,65290,0.0,0.0
2023-11-15 00:00:00+09:00,934.0474220152604,956.368408203125,934.0474220152604,956.368408203125,56187,0.0,0.0
2023-11-16 00:00:00+09:00,959.8023537454554,971.8213456528225,937.4813687746309,966.6703491210938,70027,0.0,0.0
2023-11-17 00:00:00+09:00,968.3872962777351,978.689288791328,963.2363000209386,976.9722900390625,53517,0.0,0.0
2023-11-20 00:00:00+09:00,970.1043642790421,997.5763462763247,970.1043642790421,987.2743530273438,87934,0.0,0.0
2023-11-21 00:00:00+09:00,980.4063993030124,992.4253919389513,978.6894003550212,988.9913940429688,49051,0.0,0.0
2023-11-22 00:00:00+09:00,987.2744370167962,994.1424331003913,980.4064409332011,990.7084350585938,44367,0.0,0.0
2023-11-23 00:00:00+09:00,990.708405219184,1014.7463907877603,987.2744072808159,1004.4443969726562,91324,0.0,0.0
2023-11-24 00:00:00+09:00,999.2933205874707,1013.0293112484668,995.8593229222216,1006.1613159179688,264410,0.0,0.0
2023-11-27 00:00:00+09:00,1011.312450500698,1011.312450500698,994.142459830058,999.29345703125,46135,0.0,0.0
2023-11-28 00:00:00+09:00,992.425460762994,1004.444454232442,990.7084616959299,999.29345703125,108900,0.0,0.0
2023-11-29 00:00:00+09:00,995.8592447916667,1038.7842122395834,995.8592447916667,1030.19921875,140391,0.0,0.0
2023-11-30 00:00:00+09:00,1023.3313620618031,1030.1993577803387,983.8403866802234,1001.0103759765625,230790,0.0,0.0
2023-12-01 00:00:00+09:00,1002.7273314403888,1026.7653154132747,997.5763348747703,1021.6143188476562,71951,0.0,0.0
2023-12-04 00:00:00+09:00,1013.0293103251513,1030.199298635747,1013.0293103251513,1028.4822998046875,82002,0.0,0.0
2023-12-05 00:00:00+09:00,1021.6143132990056,1050.8032936789773,1021.6143132990056,1038.7843017578125,132971,0.0,0.0
2023-12-06 00:00:00+09:00,1038.7842972967712,1043.9352938122925,1028.4823042657288,1033.63330078125,91301,0.0,0.0
2023-12-07 00:00:00+09:00,1038.7842548389403,1049.0862474489134,1021.6142671556521,1031.916259765625,94400,0.0,0.0
2023-12-08 00:00:00+09:00,1030.199303104236,1040.5012961352782,1021.6143089117006,1033.63330078125,78204,0.0,0.0
2023-12-11 00:00:00+09:00,1033.63330078125,1040.5012961352782,1018.1803112346864,1033.63330078125,76229,0.0,0.0
2023-12-12 00:00:00+09:00,1028.4822622289673,1040.5012536072693,1023.3312659239809,1031.916259765625,83080,0.0,0.0
2023-12-13 00:00:00+09:00,1031.9163119788932,1033.6333108340993,1021.6143188476562,1021.6143188476562,92308,0.0,0.0
2023-12-14 00:00:00+09:00,1023.3313598632812,1031.9163544930068,1016.4633641595009,1023.3313598632812,57259,0.0,0.0
2023-12-15 00:00:00+09:00,1028.4823919104588,1043.935382773888,1018.1803980015059,1042.2183837890625,98842,0.0,0.0
2023-12-18 00:00:00+09:00,1042.2182096354168,1050.803203125,1023.3312239583333,1030.19921875,151961,0.0,0.0
2023-12-19 00:00:00+09:00,1025.0482226562501,1035.35021484375,1016.4632291666667,1030.19921875,92402,0.0,0.0
2023-12-20 00:00:00+09:00,1030.1993365263818,1037.0673321032243,1021.6143420553287,1025.04833984375,67363,0.0,0.0
2023-12-21 00:00:00+09:00,1019.8972265625,1030.19921875,1019.8972265625,1030.19921875,55667,0.0,0.0
2023-12-22 00:00:00+09:00,1030.1992563100962,1031.916255070613,1023.3312612680288,1026.7652587890625,55666,0.0,0.0
2023-12-26 00:00:00+09:00,1026.7652587890625,1031.916255070613,995.8592810997596,1026.7652587890625,134863,0.0,0.0
2023-12-27 00:00:00+09:00,1019.5600097656251,1066.3949218750001,1019.5600097656251,1053.7855224609375,115834,56.0,0.0
2023-12-28 00:00:00+09:00,1053.7854981300575,1064.593554521135,1044.7787844708262,1057.38818359375,52061,0.0,0.0
2024-01-02 00:00:00+09:00,1053.7855224609375,1057.3882080078126,1041.176123046875,1053.7855224609375,52416,0.0,0.0
2024-01-03 00:00:00+09:00,1057.38818359375,1066.3948972529813,1041.1760990071336,1057.38818359375,90377,0.0,0.0
2024-01-04 00:00:00+09:00,1057.3882080078126,1073.60029296875,1053.7855224609375,1071.7989501953125,85788,0.0,0.0
2024-01-05 00:00:00+09:00,1066.3948736174875,1079.0042724609375,1066.3948736174875,1079.0042724609375,91464,0.0,0.0
2024-01-08 00:00:00+09:00,1075.401515286028,1089.812255859375,1066.394802427686,1089.812255859375,147738,0.0,0.0
2024-01-09 00:00:00+09:00,1084.40827562985,1088.0109609309459,1059.1894785221791,1073.6002197265625,93212,0.0,0.0
2024-01-10 00:00:00+09:00,1073.6002681803661,1075.4016109122124,1041.1760990071336,1057.38818359375,123337,0.0,0.0
2024-01-11 00:00:00+09:00,1059.1895269349563,1088.0110106610775,1041.1760996061305,1084.4083251953125,122636,0.0,0.0
2024-01-12 00:00:00+09:00,1077.2029301725477,1089.8123290207213,1060.9908459391816,1088.010986328125,83304,0.0,0.0
2024-01-15 00:00:00+09:00,1086.2096923828126,1086.2096923828126,1075.4016357421876,1071.7989501953125,5203,0.0,0.0
2024-01-16 00:00:00+09:00,1059.1895016186859,1073.6002431373074,1044.7787601000643,1051.984130859375,111128,0.0,0.0
2024-01-17 00:00:00+09:00,1051.984130859375,1082.606956586446,1044.7787601000643,1051.984130859375,150075,0.0,0.0
2024-01-18 00:00:00+09:00,1062.7921882336445,1082.6069578447803,1050.1827893901946,1079.0042724609375,143996,0.0,0.0
2024-01-19 00:00:00+09:00,1071.7989501953125,1082.6070068359375,1028.5667236328125,1053.7855224609375,165775,0.0,0.0
2024-01-22 00:00:00+09:00,1053.7854722597897,1055.5868149474131,1010.5532477568239,1024.9639892578125,231820,0.0,0.0
2024-01-23 00:00:00+09:00,1035.772107396315,1035.772107396315,990.7385375095188,997.9439086914062,232480,0.0,0.0
2024-01-24 00:00:00+09:00,1012.3544727911809,1044.7786374001512,992.5397055301436,1042.977294921875,189669,0.0,0.0
2024-01-25 00:00:00+09:00,1032.1694091796876,1098.819091796875,1026.765380859375,1098.819091796875,558991,0.0,0.0
2024-01-26 00:00:00+09:00,1097.017773680426,1097.017773680426,1066.3949458436982,1086.209716796875,133414,0.0,0.0
2024-01-29 00:00:00+09:00,1091.6137462998756,1095.2164319312283,1032.1694333825558,1041.1761474609375,301352,0.0,0.0
2024-01-30 00:00:00+09:00,1039.374755859375,1050.1828122461277,1026.765356741497,1039.374755859375,169910,0.0,0.0
2024-01-31 00:00:00+09:00,1041.176026228157,1050.1827392578125,1032.1693131985019,1050.1827392578125,59571,0.0,0.0
2024-02-01 00:00:00+09:00,1048.3814226188915,1084.40827562985,1037.5733667156042,1073.6002197265625,209089,0.0,0.0
2024-02-02 00:00:00+09:00,1077.2028568522135,1084.4082271321615,1068.1961440022787,1080.8055419921875,114987,0.0,0.0
2024-02-05 00:00:00+09:00,1080.8055168420226,1088.0108869543028,1062.7920915613222,1075.4014892578125,119065,0.0,0.0
2024-02-06 00:00:00+09:00,1082.6069820507153,1084.4083247829128,1062.7922119965424,1066.3948974609375,80381,0.0,0.0
2024-02-07 00:00:00+09:00,1062.7920915613222,1075.4014892578125,1059.1894065051822,1075.4014892578125,43429,0.0,0.0
2024-02-08 00:00:00+09:00,1075.4015866674558,1080.8056147411617,1053.7854743726327,1069.99755859375,114182,0.0,0.0
2024-02-13 00:00:00+09:00,1069.9975827166736,1073.6002681803661,1046.5801272026724,1057.38818359375,270636,0.0,0.0
2024-02-14 00:00:00+09:00,1057.388109681537,1064.593480105261,1042.9773688340883,1050.1827392578125,113965,0.0,0.0
2024-02-15 00:00:00+09:00,1051.984130859375,1055.5868162390304,1039.374732030581,1051.984130859375,114611,0.0,0.0
2024-02-16 00:00:00+09:00,1051.9841066952858,1069.9975331797941,1039.37470815613,1055.5867919921875,134658,0.0,0.0
2024-02-19 00:00:00+09:00,1055.5867679102892,1060.9907957323555,1035.7719992293792,1059.189453125,130909,0.0,0.0
2024-02-20 00:00:00+09:00,1059.189453125,1062.7921383397108,1048.3813974808672,1059.189453125,65316,0.0,0.0
2024-02-21 00:00:00+09:00,1080.8056640625,1187.0848876953125,1069.997607421875,1179.8795166015625,3189296,0.0,0.0
2024-02-22 00:00:00+09:00,1206.899658203125,1264.5426269531251,1143.8526611328125,1224.9130859375,2872784,0.0,0.0
2024-02-23 00:00:00+09:00,1199.6942170241784,1264.5425530795394,1194.2901890195649,1253.7344970703125,860665,0.0,0.0
2024-02-26 00:00:00+09:00,1282.5560546875001,1282.5560546875001,1149.256689453125,1179.8795166015625,1480897,0.0,0.0
2024-02-27 00:00:00+09:00,1170.8726787567139,1196.0914749145509,1143.8525400161743,1152.8592529296875,399783,0.0,0.0
2024-02-28 00:00:00+09:00,1152.8592777993779,1167.2700187718701,1131.2431663406396,1158.2633056640625,232923,0.0,0.0
2024-02-29 00:00:00+09:00,1158.2633788682217,1194.290233576409,1152.8593506619936,1156.4620361328125,320346,0.0,0.0
2024-03-04 00:00:00+09:00,1151.057889755458,1221.310249224101,1151.057889755458,1183.4820556640625,337728,0.0,0.0
2024-03-05 00:00:00+09:00,1183.4822021484376,1215.9063720703125,1160.06474609375,1179.8795166015625,411049,0.0,0.0
2024-03-06 00:00:00+09:00,1179.8795166015625,1179.8795166015625,1152.859375,1161.8660888671875,158695,0.0,0.0
2024-03-07 00:00:00+09:00,1163.6673064701142,1167.2699916294644,1134.8458251953125,1134.8458251953125,131952,0.0,0.0
2024-03-08 00:00:00+09:00,1134.845947265625,1149.256689453125,1134.845947265625,1143.8526611328125,172129,0.0,0.0
2024-03-11 00:00:00+09:00,1143.8526118389184,1152.8593253179652,1131.2432129682531,1133.0445556640625,134568,0.0,0.0
2024-03-12 00:00:00+09:00,1134.845947265625,1136.6472900390625,1116.83251953125,1116.83251953125,177699,0.0,0.0
2024-03-13 00:00:00+09:00,1116.8324714017785,1136.6472410556812,1113.22978601016,1133.0445556640625,96368,0.0,0.0
2024-03-14 00:00:00+09:00,1133.0445074530385,1140.2498779296875,1131.2431648338763,1140.2498779296875,57745,0.0,0.0
2024-03-15 00:00:00+09:00,1140.249852934338,1147.4552232530382,1134.8458251953125,1134.8458251953125,68708,0.0,0.0
2024-03-18 00:00:00+09:00,1134.8458485121137,1138.4485337454855,1120.4351075786265,1122.2364501953125,93444,0.0,0.0
2024-03-19 00:00:00+09:00,1122.2364486022252,1125.8391338304828,1098.8189946185512,1104.2230224609375,169194,0.0,0.0
2024-03-20 00:00:00+09:00,1102.4216558689025,1113.2297113185975,1097.017628144055,1107.82568359375,70816,0.0,0.0
2024-03-21 00:00:00+09:00,1116.8324012756348,1152.8592529296875,1111.428373527527,1152.8592529296875,236476,0.0,0.0
2024-03-22 00:00:00+09:00,1154.6605955123903,1154.6605955123903,1136.647169685364,1152.8592529296875,63754,0.0,0.0
2024-03-25 00:00:00+09:00,1142.051245347509,1152.8593012971698,1138.4485600309552,1145.6539306640625,55678,0.0,0.0
2024-03-26 00:00:00+09:00,1145.6539545347277,1145.6539545347277,1131.2432129682531,1133.0445556640625,83527,0.0,0.0
2024-03-27 00:00:00+09:00,1133.0444796430386,1133.0444796430386,1107.82568359375,1107.82568359375,104715,0.0,0.0
2024-03-28 00:00:00+09:00,1109.6270033661576,1127.6404287454784,1107.8256608282254,1120.43505859375,77670,0.0,0.0
2024-03-29 00:00:00+09:00,1120.4351323039386,1134.8458735554361,1111.4284190217527,1127.6405029296875,91923,0.0,0.0
2024-04-01 00:00:00+09:00,1134.8458983598719,1134.8458983598719,1116.8324714017785,1133.0445556640625,81074,0.0,0.0
2024-04-02 00:00:00+09:00,1136.6472398590188,1136.6472398590188,1098.8190432868485,1106.0244140625,204490,0.0,0.0
2024-04-03 00:00:00+09:00,1106.0243650750663,1111.4283929174526,1097.0176520044224,1104.2230224609375,102563,0.0,0.0
2024-04-04 00:00:00+09:00,1104.2230709683522,1113.229784434652,1093.4150148087926,1097.0177001953125,107990,0.0,0.0
2024-04-05 00:00:00+09:00,1091.613624162036,1107.825707689195,1091.613624162036,1104.2230224609375,107047,0.0,0.0
2024-04-08 00:00:00+09:00,1104.2230224609375,1107.825707689195,1095.2163093902936,1104.2230224609375,65432,0.0,0.0
2024-04-09 00:00:00+09:00,1098.8189946185512,1106.0243650750663,1095.2163093902936,1104.2230224609375,68380,0.0,0.0
2024-04-11 00:00:00+09:00,1097.0177001953125,1102.4217282750924,1089.8123294222726,1097.0177001953125,45237,0.0,0.0
2024-04-12 00:00:00+09:00,1093.4149410027117,1100.6203112893854,1089.812255859375,1089.812255859375,54073,0.0,0.0
2024-04-15 00:00:00+09:00,1086.2096188968906,1086.2096188968906,1044.7787379107738,1082.60693359375,132176,0.0,0.0
2024-04-16 00:00:00+09:00,1080.8055399231991,1082.606882489738,1055.5867439916578,1062.7921142578125,107189,0.0,0.0
2024-04-17 00:00:00+09:00,1051.9840835133855,1071.7988522096991,1051.9840835133855,1068.1961669921875,91489,0.0,0.0
2024-04-18 00:00:00+09:00,1066.3947766174624,1086.2095444262327,1066.3947766174624,1075.4014892578125,48886,0.0,0.0
2024-04-19 00:00:00+09:00,1080.8055903287543,1080.8055903287543,1055.5867932210833,1073.6002197265625,57766,0.0,0.0
2024-04-22 00:00:00+09:00,1066.3948267886512,1095.21630859375,1066.3948267886512,1095.21630859375,41887,0.0,0.0
2024-04-23 00:00:00+09:00,1089.8123298172843,1106.0244140625,1089.8123298172843,1106.0244140625,35020,0.0,0.0
2024-04-24 00:00:00+09:00,1107.825781329138,1113.2298095307435,1104.223095861401,1111.428466796875,82608,0.0,0.0
2024-04-25 00:00:00+09:00,1106.0243658664542,1116.8324215589603,1102.421680635619,1113.229736328125,55813,0.0,0.0
2024-04-26 00:00:00+09:00,1113.229833984375,1116.83251953125,1109.6271484375,1116.83251953125,46049,0.0,0.0
2024-04-29 00:00:00+09:00,1118.6338623046875,1120.4352050781251,1111.4284912109376,1116.83251953125,43851,0.0,0.0
2024-04-30 00:00:00+09:00,1115.0311767578125,1122.2365478515626,1111.4284912109376,1116.83251953125,52997,0.0,0.0
2024-05-02 00:00:00+09:00,1116.8324706242427,1118.633813318798,1107.8257571514666,1115.0311279296875,26380,0.0,0.0
2024-05-03 00:00:00+09:00,1116.8324949984806,1116.8324949984806,1104.223095861401,1111.428466796875,47391,0.0,0.0
2024-05-07 00:00:00+09:00,1113.2297355315814,1115.0310781457101,1104.2230224609375,1104.2230224609375,45263,0.0,0.0
2024-05-08 00:00:00+09:00,1104.2229984438516,1111.4283687436484,1098.818970719004,1107.82568359375,29364,0.0,0.0
2024-05-09 00:00:00+09:00,1107.825708481872,1120.4351067897958,1100.6203380202012,1113.229736328125,51127,0.0,0.0
2024-05-10 00:00:00+09:00,1111.4284912109376,1118.6338623046875,1111.4284912109376,1116.83251953125,53634,0.0,0.0
2024-05-13 00:00:00+09:00,1116.8325682807467,1120.4352539848783,1113.2298825766154,1118.6339111328125,49444,0.0,0.0
2024-05-14 00:00:00+09:00,1116.8324223452548,1125.8391354286844,1116.8324223452548,1122.2364501953125,90759,0.0,0.0
2024-05-16 00:00:00+09:00,1125.8391608526892,1138.4485594542393,1122.2364755379606,1136.647216796875,218979,0.0,0.0
2024-05-17 00:00:00+09:00,1136.647216796875,1143.8525874263323,1127.6405035100536,1136.647216796875,95534,0.0,0.0
2024-05-20 00:00:00+09:00,1136.6471437864666,1147.455199036417,1129.441773619833,1138.448486328125,161538,0.0,0.0
2024-05-21 00:00:00+09:00,1136.647216796875,1145.6539300836967,1134.8458741395107,1136.647216796875,71348,0.0,0.0
2024-05-22 00:00:00+09:00,1134.8457988972066,1140.2498265110028,1116.8323735178858,1120.43505859375,100792,0.0,0.0
2024-05-23 00:00:00+09:00,1120.4351808587521,1133.0445800002492,1120.4351808587521,1129.44189453125,65368,0.0,0.0
2024-05-24 00:00:00+09:00,1134.84582421875,1134.84582421875,1120.43508359375,1125.839111328125,34033,0.0,0.0
2024-05-27 00:00:00+09:00,1125.839111328125,1131.2431390625,1113.22971328125,1125.839111328125,92680,0.0,0.0
2024-05-28 00:00:00+09:00,1125.8392333984375,1127.640576171875,1113.229833984375,1116.83251953125,76816,0.0,0.0
2024-05-29 00:00:00+09:00,1109.6270751953125,1120.4351311225396,1107.8257325407747,1109.6270751953125,63632,0.0,0.0
2024-05-30 00:00:00+09:00,1107.8257567564128,1109.6270994503257,1098.8190432868485,1106.0244140625,48193,0.0,0.0
2024-05-31 00:00:00+09:00,1106.0244144569112,1115.0311279296875,1104.223071762356,1115.0311279296875,39987,0.0,0.0
2024-06-03 00:00:00+09:00,1116.8323735178858,1125.8390862075462,1113.2296884420218,1120.43505859375,70922,0.0,0.0
2024-06-04 00:00:00+09:00,1113.2297852351323,1122.2364987079084,1111.428442540577,1115.0311279296875,49569,0.0,0.0
2024-06-05 00:00:00+09:00,1115.0310789435425,1115.0310789435425,1106.0243658664542,1113.229736328125,85116,0.0,0.0
2024-06-07 00:00:00+09:00,1109.6271240630065,1115.031152264612,1106.0244385952694,1111.428466796875,49198,0.0,0.0
2024-06-10 00:00:00+09:00,1111.428466796875,1116.8324949984806,1107.825781329138,1111.428466796875,24906,0.0,0.0
2024-06-11 00:00:00+09:00,1111.4284178498503,1115.031103158926,1106.0243898862368,1109.6270751953125,42886,0.0,0.0
2024-06-12 00:00:00+09:00,1109.6270751953125,1115.031103158926,1104.223047231699,1109.6270751953125,71615,0.0,0.0
2024-06-13 00:00:00+09:00,1115.031152264612,1115.031152264612,1106.0244385952694,1111.428466796875,57395,0.0,0.0
2024-06-14 00:00:00+09:00,1111.4284178498503,1113.2297605043882,1106.0243898862368,1109.6270751953125,18567,0.0,0.0
2024-06-17 00:00:00+09:00,1109.6271240630065,1111.428466796875,1107.825781329138,1111.428466796875,38234,0.0,0.0
2024-06-18 00:00:00+09:00,1107.8257571514666,1116.8324706242427,1107.8257571514666,1115.0311279296875,49981,0.0,0.0
2024-06-19 00:00:00+09:00,1115.031152264612,1118.633837732349,1107.825781329138,1111.428466796875,131131,0.0,0.0
2024-06-20 00:00:00+09:00,1107.82568359375,1113.2297113185975,1104.2229984438516,1107.82568359375,70051,0.0,0.0
2024-06-21 00:00:00+09:00,1107.8257811303233,1109.6271238638685,1100.6204101961423,1102.4217529296875,119331,0.0,0.0
2024-06-24 00:00:00+09:00,1102.4217033763923,1104.2230460289682,1091.6136474609375,1091.6136474609375,82522,0.0,0.0
2024-06-25 00:00:00+09:00,1089.8123294222726,1097.0177001953125,1088.0109867290128,1097.0177001953125,48927,0.0,0.0
2024-06-26 00:00:00+09:00,1098.8189687177169,1098.8189687177169,1088.0109132877067,1089.812255859375,43768,0.0,0.0
2024-06-27 00:00:00+09:00,1097.017773680426,1097.017773680426,1080.8056883550996,1086.209716796875,79153,0.0,0.0
2024-06-28 00:00:00+09:00,1088.010961548461,1091.6136468516015,1082.60693359375,1082.60693359375,25894,0.0,0.0
2024-07-01 00:00:00+09:00,1086.2095697021484,1088.0109122721353,1080.8055419921875,1080.8055419921875,31639,0.0,0.0
2024-07-02 00:00:00+09:00,1084.408251299906,1084.408251299906,1071.7988530289767,1077.202880859375,63819,0.0,0.0
2024-07-03 00:00:00+09:00,1077.202880859375,1080.8055660796404,1073.6001956391096,1077.202880859375,46739,0.0,0.0
2024-07-04 00:00:00+09:00,1079.0042969966648,1088.0110106610775,1077.2029542637822,1084.4083251953125,34772,0.0,0.0
2024-07-05 00:00:00+09:00,1082.6068845621744,1095.2162825520834,1080.8055419921875,1080.8055419921875,30470,0.0,0.0
2024-07-08 00:00:00+09:00,1079.0042234695077,1082.6069086897733,1073.6001956391096,1077.202880859375,34676,0.0,0.0
2024-07-09 00:00:00+09:00,1077.202905639039,1084.4082762453204,1077.202905639039,1082.60693359375,29491,0.0,0.0
2024-07-10 00:00:00+09:00,1084.4082762453204,1084.4082762453204,1077.202905639039,1082.60693359375,14956,0.0,0.0
2024-07-11 00:00:00+09:00,1082.6069582503362,1098.8190424837023,1079.0042728651438,1088.010986328125,54895,0.0,0.0
2024-07-12 00:00:00+09:00,1084.4083009429326,1095.21635709851,1084.4083009429326,1088.010986328125,15447,0.0,0.0
2024-07-15 00:00:00+09:00,1088.010986328125,1091.6136717133174,1086.209643635529,1088.010986328125,22062,0.0,0.0
2024-07-16 00:00:00+09:00,1088.0110106610775,1091.6136961268428,1082.6069824624299,1084.4083251953125,31033,0.0,0.0
2024-07-17 00:00:00+09:00,1080.8055419921875,1086.2095697021484,1080.8055419921875,1080.8055419921875,32950,0.0,0.0
2024-07-18 00:00:00+09:00,1080.805615152859,1084.4083005367017,1075.4015870770945,1079.0042724609375,23883,0.0,0.0
2024-07-19 00:00:00+09:00,1080.8055419921875,1086.2095697021484,1079.0041994222006,1080.8055419921875,33965,0.0,0.0
2024-07-22 00:00:00+09:00,1080.8055168420226,1084.4082018981626,1068.1961191455323,1075.4014892578125,78787,0.0,0.0
2024-07-23 00:00:00+09:00,1075.4015866674558,1077.202929358691,1066.3948732112794,1069.99755859375,46854,0.0,0.0
2024-07-24 00:00:00+09:00,1069.9975096009434,1073.6001948184548,1062.7921391659202,1068.1961669921875,30973,0.0,0.0
2024-07-25 00:00:00+09:00,1068.1961419574286,1068.1961419574286,1048.3813737255032,1062.7921142578125,65146,0.0,0.0
2024-07-26 00:00:00+09:00,1057.3881837999497,1071.7989256575302,1057.3881837999497,1066.3948974609375,10021,0.0,0.0
2024-07-29 00:00:00+09:00,1075.4015142822266,1084.4082271321615,1068.1961440022787,1080.8055419921875,19900,0.0,0.0
2024-07-30 00:00:00+09:00,1089.8123035814938,1089.8123035814938,1069.9975344254667,1073.6002197265625,16164,0.0,0.0
2024-07-31 00:00:00+09:00,1066.3948736174875,1079.0042724609375,1066.3948736174875,1079.0042724609375,32639,0.0,0.0
2024-08-01 00:00:00+09:00,1079.0041994222006,1084.4082271321615,1071.7988291422525,1080.8055419921875,22038,0.0,0.0
2024-08-02 00:00:00+09:00,1080.8056640625,1080.8056640625,1066.3949218750001,1071.7989501953125,63861,0.0,0.0
2024-08-05 00:00:00+09:00,1066.3948409806437,1066.3948409806437,960.1156254099377,965.5196533203125,223324,0.0,0.0
2024-08-06 00:00:00+09:00,969.122342490476,1037.573362963781,963.7183145583729,1019.5599365234375,133011,0.0,0.0
2024-08-07 00:00:00+09:00,1012.3546148924935,1041.1760985905005,1012.3546148924935,1039.374755859375,35235,0.0,0.0
2024-08-08 00:00:00+09:00,1032.1693849348733,1044.7787840527512,1030.3680422037478,1039.374755859375,24658,0.0,0.0
2024-08-09 00:00:00+09:00,1032.1693849348733,1055.586840439504,1032.1693849348733,1039.374755859375,71753,0.0,0.0
2024-08-12 00:00:00+09:00,1039.374804645261,1044.7788330922901,1028.566747751203,1041.1761474609375,103068,0.0,0.0
2024-08-13 00:00:00+09:00,1041.1760013974945,1046.580029086409,1028.5666034566946,1044.7786865234375,24781,0.0,0.0
2024-08-14 00:00:00+09:00,1039.374683622226,1059.189452287468,1039.374683622226,1050.1827392578125,49232,0.0,0.0
2024-08-16 00:00:00+09:00,1050.182812666365,1062.7922117892888,1046.5801272026724,1057.38818359375,39668,0.0,0.0
2024-08-19 00:00:00+09:00,1051.9841796875,1062.792236328125,1048.3814941406251,1053.7855224609375,73120,0.0,0.0
2024-08-20 00:00:00+09:00,1050.182716292042,1066.3947993908898,1050.182716292042,1062.7921142578125,63564,0.0,0.0
2024-08-21 00:00:00+09:00,1064.59355472874,1068.196240193135,1062.7922119965424,1066.3948974609375,17538,0.0,0.0
2024-08-22 00:00:00+09:00,1068.1961661617772,1068.1961661617772,1055.5867679102892,1059.189453125,39350,0.0,0.0
2024-08-23 00:00:00+09:00,1057.3881105176445,1064.5934809470664,1053.7854253029336,1059.189453125,29790,0.0,0.0
2024-08-26 00:00:00+09:00,1059.189502036025,1066.394872798175,1053.7854739644126,1060.9908447265625,26310,0.0,0.0
2024-08-27 00:00:00+09:00,1059.189452287468,1060.990794893399,1046.5800540459504,1050.1827392578125,70923,0.0,0.0
2024-08-28 00:00:00+09:00,1050.1828124580513,1066.394897041452,1046.5801269950734,1048.3814697265625,45727,0.0,0.0
2024-08-29 00:00:00+09:00,1048.3813716493803,1053.7853993382946,1035.7719737085802,1044.7786865234375,37207,0.0,0.0
2024-08-30 00:00:00+09:00,1044.7787114400194,1051.9840818637435,1044.7787114400194,1050.1827392578125,7148,0.0,0.0
2024-09-02 00:00:00+09:00,1044.7787354776249,1062.792161951377,1042.9773928302495,1046.580078125,17009,0.0,0.0
2024-09-03 00:00:00+09:00,1046.5800540459504,1060.990794893399,1046.5800540459504,1050.1827392578125,13801,0.0,0.0
2024-09-04 00:00:00+09:00,1050.1826876126804,1050.1826876126804,1024.9638923698374,1030.367919921875,114662,0.0,0.0
2024-09-05 00:00:00+09:00,1037.5733636164623,1037.5733636164623,1026.7653077454577,1028.566650390625,45409,0.0,0.0
2024-09-06 00:00:00+09:00,1035.772020971295,1035.772020971295,1024.9639651002901,1028.566650390625,34186,0.0,0.0
2024-09-09 00:00:00+09:00,1028.5666868182975,1028.5666868182975,1017.7586305645151,1023.1626586914062,20689,0.0,0.0
2024-09-10 00:00:00+09:00,1024.9638923698374,1048.3813450953344,1024.9638923698374,1030.367919921875,31539,0.0,0.0
2024-09-11 00:00:00+09:00,1030.3680295272613,1037.5734003631162,1023.1626586914062,1023.1626586914062,23414,0.0,0.0
2024-09-12 00:00:00+09:00,1024.9639411114065,1033.9706541264452,1024.9639411114065,1032.1693115234375,29896,0.0,0.0
2024-09-13 00:00:00+09:00,1035.772045813371,1039.3747311901132,1028.5666750598868,1033.970703125,21932,0.0,0.0
2024-09-19 00:00:00+09:00,1033.970751953125,1041.176123046875,1030.3680664062501,1035.7720947265625,38960,0.0,0.0
2024-09-20 00:00:00+09:00,1028.566651026408,1039.3747069040935,1028.566651026408,1037.5733642578125,52255,0.0,0.0
2024-09-23 00:00:00+09:00,1037.573289991259,1041.1759750259507,1026.7652348871832,1030.367919921875,56933,0.0,0.0
2024-09-24 00:00:00+09:00,1030.3679930357926,1033.9706783261274,1026.7653077454577,1028.566650390625,36226,0.0,0.0
2024-09-25 00:00:00+09:00,1030.3679439076207,1032.1692864668996,1023.1625736705045,1026.7652587890625,62463,0.0,0.0
2024-09-26 00:00:00+09:00,1026.7653077454577,1033.9706783261274,1024.9639651002901,1028.566650390625,48391,0.0,0.0
2024-09-27 00:00:00+09:00,1032.169262439221,1035.7719474739129,1026.7652348871832,1030.367919921875,24205,0.0,0.0
2024-09-30 00:00:00+09:00,1033.9706541264452,1035.7719967294531,1026.7652837144144,1032.1693115234375,13275,0.0,0.0
2024-10-02 00:00:00+09:00,1032.169262439221,1037.573289991259,1026.7652348871832,1030.367919921875,24800,0.0,0.0
2024-10-04 00:00:00+09:00,1030.368017748258,1033.970703125,1028.5666750598868,1033.970703125,29006,0.0,0.0
2024-10-07 00:00:00+09:00,1037.573388501742,1037.573388501742,1030.368017748258,1033.970703125,21142,0.0,0.0
2024-10-08 00:00:00+09:00,1033.9706783261274,1033.9706783261274,1026.7653077454577,1028.566650390625,33408,0.0,0.0
2024-10-10 00:00:00+09:00,1028.566650390625,1033.9706783261274,1026.7653077454577,1028.566650390625,26102,0.0,0.0
2024-10-11 00:00:00+09:00,1028.5666750598868,1037.573388501742,1026.7653323715156,1033.970703125,34062,0.0,0.0
2024-10-14 00:00:00+09:00,1035.772045813371,1041.1760738784844,1026.7653323715156,1033.970703125,28453,0.0,0.0
2024-10-15 00:00:00+09:00,1033.9706789652507,1039.3747069040935,1030.367993672689,1037.5733642578125,24002,0.0,0.0
2024-10-16 00:00:00+09:00,1037.5733642578125,1041.1760495503745,1033.9706789652507,1037.5733642578125,22114,0.0,0.0
2024-10-17 00:00:00+09:00,1037.5733636164623,1039.3747062616299,1026.7653077454577,1028.566650390625,30480,0.0,0.0
2024-10-18 00:00:00+09:00,1028.5665774045292,1030.367919921875,1026.7652348871832,1030.367919921875,17673,0.0,0.0
2024-10-21 00:00:00+09:00,1032.1693115234375,1033.9706541264452,1030.3679689204298,1032.1693115234375,9979,0.0,0.0
2024-10-22 00:00:00+09:00,1032.1692864668996,1033.9706290261788,1023.1625736705045,1026.7652587890625,30432,0.0,0.0
2024-10-23 00:00:00+09:00,1026.7652587890625,1032.1692864668996,1023.1625736705045,1026.7652587890625,29507,0.0,0.0
2024-10-24 00:00:00+09:00,1026.7653563161375,1028.5666990465168,1015.9572999338624,1021.361328125,46791,0.0,0.0
2024-10-25 00:00:00+09:00,1021.3613402014747,1026.7653684565091,1008.7519409397281,1010.5532836914062,47018,0.0,0.0
2024-10-28 00:00:00+09:00,1010.5532468956144,1017.7586176399682,1001.5465334651722,1006.9505615234375,60391,0.0,0.0
2024-10-29 00:00:00+09:00,1006.9505494253976,1012.3545774187361,1003.3478640965053,1008.7518920898438,15591,0.0,0.0
2024-10-30 00:00:00+09:00,1010.5532836914062,1010.5532836914062,1008.7519409397281,1010.5532836914062,11519,0.0,0.0
2024-10-31 00:00:00+09:00,1015.9572749538797,1023.1626456982334,1003.3478761512606,1006.9505615234375,118322,0.0,0.0
2024-11-01 00:00:00+09:00,1014.1559322677913,1017.7586176399682,1001.5465334651722,1006.9505615234375,22380,0.0,0.0
2024-11-04 00:00:00+09:00,1006.9505615234375,1012.3545895817028,1006.9505615234375,1006.9505615234375,22342,0.0,0.0
2024-11-05 00:00:00+09:00,1015.9572875326099,1015.9572875326099,1006.9505739906542,1014.1559448242188,10199,0.0,0.0
2024-11-06 00:00:00+09:00,1014.1559327037621,1021.3613034512134,1010.5532473300365,1015.957275390625,11342,0.0,0.0
2024-11-07 00:00:00+09:00,1023.1626583661746,1023.1626583661746,1010.5532594074365,1014.1559448242188,16568,0.0,0.0
2024-11-08 00:00:00+09:00,1014.1559200831823,1019.5599480765208,1006.9505494253976,1008.7518920898438,31063,0.0,0.0
2024-11-11 00:00:00+09:00,1010.5532468956144,1012.3545895817028,1003.3478761512606,1006.9505615234375,29488,0.0,0.0
2024-11-12 00:00:00+09:00,1008.751904209526,1010.5532468956144,994.3411627208184,1006.9505615234375,50209,0.0,0.0
2024-11-13 00:00:00+09:00,1006.9506103515625,1006.9506103515625,987.13583984375,990.738525390625,73682,0.0,0.0
2024-11-14 00:00:00+09:00,992.5398316754139,996.1425170898438,988.9371462609842,996.1425170898438,41559,0.0,0.0
2024-11-15 00:00:00+09:00,996.1424681069194,1003.3478385814722,988.9370976323667,994.3411254882812,44968,0.0,0.0
2024-11-18 00:00:00+09:00,994.341091675885,1023.1625725940265,994.341091675885,1017.758544921875,60619,0.0,0.0
2024-11-19 00:00:00+09:00,1024.9640135857583,1024.9640135857583,1017.7586426642416,1021.361328125,21884,0.0,0.0
2024-11-20 00:00:00+09:00,1021.3613038825654,1026.7653319454362,1021.3613038825654,1024.9639892578125,12150,0.0,0.0
2024-11-21 00:00:00+09:00,1024.9639151514104,1024.9639151514104,1010.5531746923396,1017.758544921875,35204,0.0,0.0
2024-11-22 00:00:00+09:00,1017.758581086834,1028.56663681519,1010.5532106012636,1012.3545532226562,33398,0.0,0.0
2024-11-25 00:00:00+09:00,1012.3545774187361,1015.9572627476284,997.9438361031669,1008.7518920898438,72619,0.0,0.0
2024-11-26 00:00:00+09:00,1008.7518679798709,1064.5934892430423,1003.3478401156931,1012.3545532226562,124123,0.0,0.0
2024-11-27 00:00:00+09:00,1012.3545900168994,1024.963988824939,1006.9505619563109,1015.957275390625,30907,0.0,0.0
2024-11-28 00:00:00+09:00,1015.9572023644911,1026.7652577087943,1015.9572023644911,1017.758544921875,49692,0.0,0.0
2024-11-29 00:00:00+09:00,1017.7586180774878,1021.3613034512134,1010.5532473300365,1015.957275390625,26004,0.0,0.0
2024-12-02 00:00:00+09:00,1015.9572237112227,1019.559908901688,942.1021773066834,987.1357421875,185799,0.0,0.0
2024-12-03 00:00:00+09:00,987.1358035537692,996.1425170898438,981.7317754321244,996.1425170898438,131783,0.0,0.0
2024-12-04 00:00:00+09:00,996.1425537109375,1001.5465820312501,983.5331542968751,990.738525390625,69119,0.0,0.0
2024-12-05 00:00:00+09:00,990.738513094165,994.3411985963256,983.5331420898438,983.5331420898438,40729,0.0,0.0
2024-12-06 00:00:00+09:00,985.33447265625,988.9371581138597,969.1223880970065,985.33447265625,149005,0.0,0.0
2024-12-09 00:00:00+09:00,983.5330657669443,983.5330657669443,943.9035283184594,949.3075561523438,116940,0.0,0.0
2024-12-10 00:00:00+09:00,949.3075825822463,985.3344358111741,949.3075825822463,981.7317504882812,53385,0.0,0.0
2024-12-11 00:00:00+09:00,985.3344250137,1005.1491940724763,981.7317397302861,1001.5465087890625,45866,0.0,0.0
2024-12-12 00:00:00+09:00,1001.5465942823499,1008.7519654642373,996.1425658959344,997.9439086914062,15152,0.0,0.0
2024-12-13 00:00:00+09:00,1001.5464974943004,1012.3545532226562,992.5397843873372,1012.3545532226562,56129,0.0,0.0
2024-12-16 00:00:00+09:00,1017.7586426642416,1030.368041776896,1014.1559572034832,1021.361328125,48841,0.0,0.0
2024-12-17 00:00:00+09:00,1021.3612791674718,1026.7653070995748,1012.3545659473001,1019.5599365234375,53954,0.0,0.0
2024-12-18 00:00:00+09:00,1019.5598885519463,1026.7652587890625,1012.3545183148301,1026.7652587890625,72955,0.0,0.0
2024-12-19 00:00:00+09:00,1026.7653441093337,1028.5666868182975,1015.9572878555513,1023.1626586914062,36281,0.0,0.0
2024-12-20 00:00:00+09:00,1023.1626586914062,1026.7653441093337,1001.5465461838414,1023.1626586914062,87866,0.0,0.0
2024-12-23 00:00:00+09:00,1032.1693600083067,1042.9774161340483,1023.1626465701889,1024.9639892578125,32080,0.0,0.0
2024-12-24 00:00:00+09:00,1030.368017748258,1033.970703125,1010.553248176176,1033.970703125,100516,0.0,0.0
2024-12-26 00:00:00+09:00,1028.5666737564989,1032.1693591286758,940.3008821381652,1006.9505615234375,414717,0.0,0.0
2024-12-27 00:00:00+09:00,1060.2485290976133,1060.2485290976133,1029.7925569870893,1035.5030517578125,78591,60.0,0.0
2024-12-30 00:00:00+09:00,1035.5030064556672,1041.2135009765625,1033.5995082820355,1041.2135009765625,38177,0.0,0.0
2025-01-02 00:00:00+09:00,1041.2135568695628,1045.0205534211882,1029.7925672146864,1039.31005859375,43234,0.0,0.0
2025-01-03 00:00:00+09:00,1039.3100132342897,1048.8275041979737,1039.3100132342897,1045.0205078125,52750,0.0,0.0
2025-01-06 00:00:00+09:00,1045.0204414311986,1050.7309356466696,1039.3099472157276,1043.116943359375,39607,0.0,0.0
2025-01-07 00:00:00+09:00,1043.1170238353589,1050.7310167100695,1018.3715469925493,1027.8890380859375,114866,0.0,0.0
2025-01-08 00:00:00+09:00,1029.7925363046152,1035.5030309606482,1027.8890380859375,1027.8890380859375,25805,0.0,0.0
2025-01-09 00:00:00+09:00,1029.7925363046152,1031.6960345232928,1024.0820416485822,1027.8890380859375,44422,0.0,0.0
2025-01-10 00:00:00+09:00,1031.696044921875,1033.5995431597382,1027.8890484461485,1031.696044921875,29567,0.0,0.0
2025-01-13 00:00:00+09:00,1037.4064622075748,1037.4064622075748,1024.081975537019,1025.9854736328125,26701,0.0,0.0
2025-01-14 00:00:00+09:00,1025.9854736328125,1029.7924698244,1024.081975537019,1025.9854736328125,23348,0.0,0.0
2025-01-15 00:00:00+09:00,1025.9855398672598,1029.7925363046152,1024.0820416485822,1027.8890380859375,17483,0.0,0.0
2025-01-16 00:00:00+09:00,1027.8889717286063,1031.6959679201937,1022.1784774412251,1025.9854736328125,47289,0.0,0.0
2025-01-17 00:00:00+09:00,1025.9855294493495,1029.7925258480484,1020.2750348513011,1024.08203125,28064,0.0,0.0
2025-01-20 00:00:00+09:00,1025.9855294493495,1025.9855294493495,1020.2750348513011,1024.08203125,22808,0.0,0.0
2025-01-21 00:00:00+09:00,1024.0820260216626,1027.8890224009253,1018.3715314527686,1022.1785278320312,21786,0.0,0.0
2025-01-22 00:00:00+09:00,1022.1785225939395,1024.0820207738166,1018.3715262341856,1020.2750244140625,20183,0.0,0.0
2025-01-23 00:00:00+09:00,1020.2750033041589,1024.0819995851446,1012.6610107421875,1012.6610107421875,32002,0.0,0.0
2025-01-24 00:00:00+09:00,1014.5645194178663,1020.2750138986423,1008.8540249370905,1016.468017578125,68972,0.0,0.0
2025-01-31 00:00:00+09:00,1016.4680070231732,1024.0819995851446,1010.7575126016947,1012.6610107421875,36908,0.0,0.0
2025-02-03 00:00:00+09:00,1012.6610509699041,1014.564549186013,997.4330652410333,1005.0470581054688,62564,0.0,0.0
2025-02-04 00:00:00+09:00,1005.0470338054907,1025.9855136764384,1005.0470338054907,1018.3715209960938,15884,0.0,0.0
2025-02-05 00:00:00+09:00,1018.3715209960938,1024.0820155063523,1018.3715209960938,1018.3715209960938,22201,0.0,0.0
2025-02-06 00:00:00+09:00,1020.27501916618,1025.9855136764384,1018.3715209960938,1018.3715209960938,16998,0.0,0.0
2025-02-07 00:00:00+09:00,1020.2750296424,1025.985524211294,1018.3715314527686,1022.1785278320312,26958,0.0,0.0
2025-02-10 00:00:00+09:00,1024.0820260216626,1024.0820260216626,1012.6610368838745,1022.1785278320312,39063,0.0,0.0
2025-02-11 00:00:00+09:00,1022.1785225939395,1024.0820207738166,1014.5645298744316,1020.2750244140625,30064,0.0,0.0
2025-02-12 00:00:00+09:00,1020.2750244140625,1025.9855189536934,1016.4680280543085,1020.2750244140625,26930,0.0,0.0
2025-02-13 00:00:00+09:00,1020.2750296424,1025.985524211294,1016.4680332631373,1022.1785278320312,25028,0.0,0.0
2025-02-14 00:00:00+09:00,1022.1784880068739,1031.6959785842191,999.3365106212455,1029.79248046875,96105,0.0,0.0
2025-02-17 00:00:00+09:00,1029.7925119347722,1045.020497323826,1025.9855155875086,1041.2135009765625,56853,0.0,0.0
2025-02-18 00:00:00+09:00,1033.5994740361753,1058.3449494735055,1031.6959759256115,1050.73095703125,53660,0.0,0.0
2025-02-19 00:00:00+09:00,1058.3449845392481,1058.3449845392481,1039.3100028029307,1041.2135009765625,25120,0.0,0.0
2025-02-20 00:00:00+09:00,1041.2134559215199,1050.7309463778408,1041.2134559215199,1046.9239501953125,17849,0.0,0.0
2025-02-21 00:00:00+09:00,1046.9239818106453,1058.344970703125,1046.9239818106453,1058.344970703125,34626,0.0,0.0
2025-02-24 00:00:00+09:00,1058.345012258976,1077.3799944938496,1050.7310193650267,1073.572998046875,81587,0.0,0.0
2025-02-25 00:00:00+09:00,1073.572998046875,1081.1869909408244,1069.7660015999002,1073.572998046875,29504,0.0,0.0
2025-02-26 00:00:00+09:00,1073.5729210185496,1075.4764191054617,1065.9589286709001,1067.8624267578125,30060,0.0,0.0
2025-02-27 00:00:00+09:00,1071.6694998233877,1077.3799944938496,1064.055506929438,1073.572998046875,58129,0.0,0.0
2025-02-28 00:00:00+09:00,1073.572987620941,1075.4764858259425,1056.4415037759259,1069.7659912109375,40477,0.0,0.0
2025-03-04 00:00:00+09:00,1069.7659702095934,1073.572966544859,1054.5379848685316,1062.1519775390625,39564,0.0,0.0
2025-03-05 00:00:00+09:00,1062.1519775390625,1065.958973874328,1058.344981203797,1062.1519775390625,31465,0.0,0.0
2025-03-06 00:00:00+09:00,1062.152033424035,1065.959029959605,1056.44153862068,1060.24853515625,59936,0.0,0.0
2025-03-07 00:00:00+09:00,1060.2484688518716,1064.0554651493649,1054.5379744056318,1058.344970703125,24691,0.0,0.0
2025-03-10 00:00:00+09:00,1060.2484688518716,1064.0554651493649,1058.344970703125,1058.344970703125,23897,0.0,0.0
2025-03-11 00:00:00+09:00,1058.344960126636,1060.24845825636,1045.0204732185666,1054.5379638671875,50780,0.0,0.0
2025-03-12 00:00:00+09:00,1054.538040352895,1060.24853515625,1052.63454208511,1060.24853515625,28039,0.0,0.0
2025-03-13 00:00:00+09:00,1062.1519670006182,1064.0554651493649,1054.5379744056318,1058.344970703125,24022,0.0,0.0
2025-03-14 00:00:00+09:00,1058.3450057069533,1067.8624967654691,1046.9240164367343,1048.8275146484375,75367,0.0,0.0
2025-03-17 00:00:00+09:00,1052.6344762568851,1062.1519670006182,1050.7309781081385,1058.344970703125,21103,0.0,0.0
2025-03-18 00:00:00+09:00,1058.345036888465,1064.05553169182,1054.538040352895,1060.24853515625,51757,0.0,0.0
2025-03-19 00:00:00+09:00,1060.2484793714298,1064.0554757066952,1048.8274903656334,1062.1519775390625,58362,0.0,0.0
2025-03-20 00:00:00+09:00,1062.1519880022322,1069.7659807477678,1062.1519880022322,1065.958984375,55743,0.0,0.0
2025-03-21 00:00:00+09:00,1065.958973874328,1067.8624720419607,1037.406501359837,1062.1519775390625,81641,0.0,0.0
2025-03-24 00:00:00+09:00,1062.1519775390625,1064.0554757066952,1058.344981203797,1062.1519775390625,15236,0.0,0.0
2025-03-25 00:00:00+09:00,1062.152033424035,1083.09051436967,1056.44153862068,1060.24853515625,64549,0.0,0.0
2025-03-26 00:00:00+09:00,1060.248444958648,1073.5729316996003,1060.248444958648,1071.66943359375,52403,0.0,0.0
2025-03-27 00:00:00+09:00,1071.66941219323,1073.5729102610687,1062.1519218540361,1064.055419921875,19907,0.0,0.0
2025-03-28 00:00:00+09:00,1065.958973874328,1065.958973874328,1056.4414830361643,1062.1519775390625,20260,0.0,0.0
2025-03-31 00:00:00+09:00,1062.151956386084,1064.0554545158084,997.4330199754625,1054.5379638671875,55151,0.0,0.0
2025-04-01 00:00:00+09:00,1054.5379532523777,1060.2484475840693,1046.9239608101223,1050.73095703125,32155,0.0,0.0
2025-04-02 00:00:00+09:00,1050.73095703125,1054.5379532523777,1046.9239608101223,1050.73095703125,19430,0.0,0.0
2025-04-03 00:00:00+09:00,1050.7309463778408,1064.0554330166904,1043.1169540127842,1046.9239501953125,52386,0.0,0.0
2025-04-04 00:00:00+09:00,1046.9239395030222,1052.6344337184933,1041.2134452875512,1043.116943359375,59031,0.0,0.0
2025-04-07 00:00:00+09:00,1043.1170132434945,1046.9240096421934,1018.3715366519517,1024.08203125,95140,0.0,0.0
2025-04-08 00:00:00+09:00,1025.9855052143062,1046.9239849125574,1025.9855052143062,1037.406494140625,27369,0.0,0.0
2025-04-09 00:00:00+09:00,1037.4065291793258,1045.0205220540365,1020.2750452112269,1027.8890380859375,38092,0.0,0.0
2025-04-10 00:00:00+09:00,1033.5995082820355,1043.1169991501943,1031.6960101084037,1041.2135009765625,26151,0.0,0.0
2025-04-11 00:00:00+09:00,1041.2135423265063,1060.248524818764,1041.2135423265063,1056.4415283203125,24288,0.0,0.0
2025-04-14 00:00:00+09:00,1056.44153862068,1065.959029959605,1056.44153862068,1060.24853515625,29582,0.0,0.0
2025-04-15 00:00:00+09:00,1062.1519880022322,1073.5729771205358,1060.2484898158482,1065.958984375,57810,0.0,0.0
2025-04-16 00:00:00+09:00,1071.6694441803788,1077.3799385543418,1064.0554516817615,1075.4764404296875,48723,0.0,0.0
2025-04-17 00:00:00+09:00,1075.47650664097,1077.3800048828125,1071.6695101572852,1077.3800048828125,28642,0.0,0.0
2025-04-18 00:00:00+09:00,1077.3800151986136,1084.9940082388864,1075.4765169385453,1081.18701171875,71767,0.0,0.0
2025-04-21 00:00:00+09:00,1081.1869663966725,1088.8009591177758,1081.1869663966725,1086.8974609375,66161,0.0,0.0
2025-04-22 00:00:00+09:00,1086.8974158522974,1094.5114082575676,1084.99391775098,1092.60791015625,71186,0.0,0.0
2025-04-23 00:00:00+09:00,1092.607965971995,1102.1254569647824,1086.8974713763225,1090.7044677734375,59521,0.0,0.0
2025-04-24 00:00:00+09:00,1090.7044014030403,1096.4148956512238,1083.090409072129,1088.8009033203125,51441,0.0,0.0
2025-04-25 00:00:00+09:00,1088.8010047590228,1090.7045030190911,1079.2835134586817,1081.18701171875,76686,0.0,0.0
2025-04-28 00:00:00+09:00,1081.1870219983552,1090.7045133891859,1079.2835237201891,1084.9940185546875,69461,0.0,0.0
2025-04-29 00:00:00+09:00,1084.993983525815,1104.028965692935,1084.993983525815,1094.511474609375,80315,0.0,0.0
2025-04-30 00:00:00+09:00,1102.1254325077452,1105.93242882038,1094.5114398824758,1104.0289306640625,105826,0.0,0.0
2025-05-02 00:00:00+09:00,1107.8359788797668,1123.06396484375,1104.028982388771,1123.06396484375,142592,0.0,0.0
2025-05-07 00:00:00+09:00,1123.063895670573,1142.098876953125,1117.3534012858074,1142.098876953125,157027,0.0,0.0
2025-05-08 00:00:00+09:00,1123.0638641460175,1140.1953468194313,1123.0638641460175,1130.6778564453125,72399,0.0,0.0
2025-05-09 00:00:00+09:00,1132.581386311849,1144.0023750813803,1132.581386311849,1142.098876953125,34374,0.0,0.0
2025-05-12 00:00:00+09:00,1142.0989289830943,1161.1339111328125,1140.1954307681224,1161.1339111328125,141878,0.0,0.0
2025-05-13 00:00:00+09:00,1161.1338341098642,1163.0373321985687,1149.712845577636,1155.42333984375,88704,0.0,0.0
2025-05-14 00:00:00+09:00,1155.4234025551546,1183.9758754354302,1155.4234025551546,1178.265380859375,123804,0.0,0.0
2025-05-15 00:00:00+09:00,1180.1688232421875,1182.072321344191,1164.9408384261592,1180.1688232421875,67282,0.0,0.0
2025-05-16 00:00:00+09:00,1180.1688894864635,1191.5898787395583,1176.361893068765,1182.0723876953125,81910,0.0,0.0
2025-05-19 00:00:00+09:00,1183.975840641902,1189.6863350501428,1180.1688443697415,1187.7828369140625,73916,0.0,0.0
2025-05-20 00:00:00+09:00,1187.78288232186,1189.6863805307091,1172.5548966510669,1182.0723876953125,67864,0.0,0.0
2025-05-21 00:00:00+09:00,1182.0723292635516,1206.817804755381,1176.3618349192832,1204.914306640625,173543,0.0,0.0
2025-05-22 00:00:00+09:00,1208.721379693949,1220.14236910838,1195.3968920437794,1210.6248779296875,104978,0.0,0.0
2025-05-23 00:00:00+09:00,1210.6248430796606,1220.142333984375,1201.1073521749463,1220.142333984375,58337,0.0,0.0
2025-05-26 00:00:00+09:00,1212.5283619488857,1231.5633440830911,1212.5283619488857,1227.75634765625,105965,0.0,0.0
2025-05-27 00:00:00+09:00,1227.7563541493516,1256.308827501662,1225.8528559258643,1252.5018310546875,293661,0.0,0.0
2025-05-28 00:00:00+09:00,1252.501775298748,1300.0892287675456,1242.9842846049885,1254.4052734375,348655,0.0,0.0
2025-05-29 00:00:00+09:00,1263.9227923331177,1296.2822614139354,1260.1157959706686,1286.7647705078125,169059,0.0,0.0
2025-05-30 00:00:00+09:00,1286.7647388059702,1288.6682369402984,1262.0192630597014,1275.34375,135536,0.0,0.0
2025-06-02 00:00:00+09:00,1275.3438137708897,1298.1857925249951,1231.5633544921875,1231.5633544921875,287174,0.0,0.0
2025-06-04 00:00:00+09:00,1233.466770481419,1271.5367325333145,1233.466770481419,1267.729736328125,236868,0.0,0.0
2025-06-05 00:00:00+09:00,1269.6333215204686,1288.6683038521098,1267.7298232873045,1277.247314453125,148459,0.0,0.0
2025-06-09 00:00:00+09:00,1284.8613136693052,1305.7997943365087,1284.8613136693052,1301.9927978515625,272505,0.0,0.0
2025-06-10 00:00:00+09:00,1307.7032200590093,1364.8081641663896,1298.1857293744458,1341.9661865234375,354060,0.0,0.0
2025-06-11 00:00:00+09:00,1351.4837192786858,1359.0977120633547,1330.545239120847,1357.1942138671875,403456,0.0,0.0
2025-06-12 00:00:00+09:00,1370.5186705062333,1423.8166188036978,1359.097681585348,1412.3956298828125,585072,0.0,0.0
2025-06-13 00:00:00+09:00,1418.1061844499145,1435.2376685573631,1361.0012374250857,1389.5537109375,320490,0.0,0.0
2025-06-16 00:00:00+09:00,1389.5536416543498,1408.588623046875,1370.5186602618244,1408.588623046875,227838,0.0,0.0
2025-06-17 00:00:00+09:00,1412.3956685552255,1420.0096613776257,1359.0977187984247,1381.939697265625,246597,0.0,0.0
2025-06-18 00:00:00+09:00,1381.9396657307943,1399.0711491902669,1368.6151785956488,1370.5186767578125,116982,0.0,0.0
2025-06-19 00:00:00+09:00,1380.036181738805,1420.0096435546875,1345.7732144680483,1420.0096435546875,368090,0.0,0.0
2025-06-20 00:00:00+09:00,1420.009667211725,1473.3076171875,1393.3606922238373,1473.3076171875,607310,0.0,0.0
2025-06-23 00:00:00+09:00,1473.3076420153602,1473.3076420153602,1429.5271823689088,1459.983154296875,197989,0.0,0.0
2025-06-24 00:00:00+09:00,1461.88658616188,1477.1145714343995,1450.4655972074902,1458.07958984375,160485,0.0,0.0
2025-06-25 00:00:00+09:00,1458.0795823865994,1458.0795823865994,1433.3341064453125,1433.3341064453125,196144,0.0,0.0
2025-06-26 00:00:00+09:00,1433.3340689631418,1444.7550575604578,1349.5801525828253,1376.2291259765625,318452,0.0,0.0
2025-06-27 00:00:00+09:00,1374.325739465044,1378.1327359732575,1351.4837604157638,1372.4222412109375,235553,0.0,0.0
2025-06-30 00:00:00+09:00,1362.9046602314734,1391.457132163697,1362.9046602314734,1383.8431396484375,140424,0.0,0.0
2025-07-01 00:00:00+09:00,1395.2641671924746,1439.0446253717746,1378.1326835570962,1420.0096435546875,165655,0.0,0.0
2025-07-02 00:00:00+09:00,1425.720183792217,1439.0446714912098,1385.746720695239,1414.2991943359375,203856,0.0,0.0
2025-07-03 00:00:00+09:00,1414.299111674151,1463.790063092089,1410.4921154112328,1450.465576171875,227527,0.0,0.0
2025-07-04 00:00:00+09:00,1450.4656567965642,1450.4656567965642,1421.9131832375767,1435.2376708984375,136452,0.0,0.0
2025-07-07 00:00:00+09:00,1435.2376708984375,1456.1761515083617,1418.1061867630451,1435.2376708984375,123102,0.0,0.0
2025-07-08 00:00:00+09:00,1429.527095832447,1538.0264892578125,1429.527095832447,1538.0264892578125,775528,0.0,0.0
2025-07-09 00:00:00+09:00,1538.026480587655,1756.9287643346604,1524.7019937508808,1688.40283203125,1790960,0.0,0.0
2025-07-10 00:00:00+09:00,1673.1748650459915,1728.3763111055293,1654.1398836461508,1716.955322265625,380101,0.0,0.0
2025-07-11 00:00:00+09:00,1716.9553359353129,1728.3763248661464,1686.4993654530901,1699.8238525390625,245711,0.0,0.0
2025-07-14 00:00:00+09:00,1699.823929105486,1716.9554132734027,1690.3064379010882,1705.534423828125,174574,0.0,0.0
2025-07-15 00:00:00+09:00,1705.5343208092486,1705.5343208092486,1638.9118864026373,1646.52587890625,200968,0.0,0.0
2025-07-16 00:00:00+09:00,1631.2979276160038,1637.0084221117424,1555.1580010061552,1570.385986328125,427628,0.0,0.0
2025-07-17 00:00:00+09:00,1570.3860213116902,1598.9384944264482,1534.21955536633,1560.8685302734375,304138,0.0,0.0
2025-07-18 00:00:00+09:00,1549.4474886670525,1576.096462673611,1522.7985146604938,1541.83349609375,318542,0.0,0.0
2025-07-21 00:00:00+09:00,1541.8334931200518,1608.4559280079552,1528.509006142471,1562.77197265625,235307,0.0,0.0
2025-07-22 00:00:00+09:00,1560.8685406687196,1598.9385050752737,1534.2195655841317,1564.675537109375,277886,0.0,0.0
2025-07-23 00:00:00+09:00,1547.5440531264258,1579.9035228719968,1538.0265620247872,1564.675537109375,157795,0.0,0.0
2025-07-24 00:00:00+09:00,1555.1579452123399,1564.6754356971155,1479.0180213341346,1484.728515625,455688,0.0,0.0
2025-07-25 00:00:00+09:00,1484.7285577609455,1517.08802632753,1475.2110670060677,1499.95654296875,173707,0.0,0.0
2025-07-28 00:00:00+09:00,1490.4390509252055,1498.0530435225244,1421.913117549334,1433.3341064453125,387082,0.0,0.0
2025-07-29 00:00:00+09:00,1421.9131654251455,1473.3076171875,1389.5536957969962,1473.3076171875,198993,0.0,0.0
2025-07-30 00:00:00+09:00,1459.9830668291706,1473.3075537493849,1440.9480855145791,1450.465576171875,98783,0.0,0.0
2025-07-31 00:00:00+09:00,1446.6585693359375,1461.8865542763158,1440.9480749832958,1446.6585693359375,72652,0.0,0.0
2025-08-01 00:00:00+09:00,1429.5270947399952,1442.8515816416996,1376.2291471331778,1383.8431396484375,240983,0.0,0.0
2025-08-04 00:00:00+09:00,1383.843198404948,1446.6586393229168,1362.9047180989583,1427.6236572265625,132400,0.0,0.0
2025-08-05 00:00:00+09:00,1429.5270732586964,1469.5005333631339,1429.5270732586964,1463.7900390625,136781,0.0,0.0
2025-08-06 00:00:00+09:00,1452.3691162109376,1473.3075962611608,1450.4656180245536,1465.693603515625,46833,0.0,0.0
2025-08-07 00:00:00+09:00,1458.079656051377,1473.3076420153602,1456.1761578058793,1459.983154296875,38179,0.0,0.0
2025-08-08 00:00:00+09:00,1454.27259352562,1467.5970806390746,1452.3690953665553,1458.07958984375,48018,0.0,0.0
2025-08-11 00:00:00+09:00,1463.7901507878707,1463.7901507878707,1450.4656630693855,1459.983154296875,39872,0.0,0.0
2025-08-12 00:00:00+09:00,1461.8865620957308,1490.4390340116631,1450.465573329358,1471.404052734375,69205,0.0,0.0
2025-08-13 00:00:00+09:00,1471.4040737863982,1482.825062716176,1459.98308485662,1479.01806640625,46781,0.0,0.0
2025-08-14 00:00:00+09:00,1479.018076905237,1484.7285714106627,1471.4040842313361,1482.8250732421875,90625,0.0,0.0
2025-08-18 00:00:00+09:00,1484.7286155691277,1555.1580498974067,1484.7286155691277,1543.737060546875,340591,0.0,0.0
2025-08-19 00:00:00+09:00,1545.6405273437501,1549.447523716518,1503.7635672433037,1532.3160400390625,193976,0.0,0.0
2025-08-20 00:00:00+09:00,1532.3160400390625,1534.2195382254465,1496.1495744977678,1532.3160400390625,224981,0.0,0.0
2025-08-21 00:00:00+09:00,1532.3160541476916,1547.544039778973,1511.3775739046798,1515.1845703125,58745,0.0,0.0
2025-08-22 00:00:00+09:00,1517.0881037464937,1528.509093235175,1499.9566195134719,1505.6671142578125,73545,0.0,0.0
2025-08-25 00:00:00+09:00,1511.3775985969185,1518.9915915369534,1496.1496127168489,1501.860107421875,65873,0.0,0.0
2025-08-26 00:00:00+09:00,1501.8600335496471,1503.7635316910282,1465.693568863407,1475.2110595703125,147611,0.0,0.0
2025-08-27 00:00:00+09:00,1477.1146343790167,1488.5356238200916,1475.2111361388374,1480.921630859375,49767,0.0,0.0
2025-08-28 00:00:00+09:00,1480.9215614589943,1505.6670374216767,1477.1145651570432,1499.95654296875,109202,0.0,0.0
2025-08-29 00:00:00+09:00,1499.9566132611665,1503.7636097415248,1479.0181326191957,1480.921630859375,75999,0.0,0.0
2025-09-01 00:00:00+09:00,1480.9215539944555,1492.342542842742,1458.079576297883,1475.2110595703125,153251,0.0,0.0
2025-09-02 00:00:00+09:00,1475.2110489898328,1488.5355358839345,1471.404052734375,1471.404052734375,36551,0.0,0.0
2025-09-03 00:00:00+09:00,1471.4040769572046,1503.7635456613089,1448.5620990484254,1458.07958984375,156350,0.0,0.0
2025-09-04 00:00:00+09:00,1458.0795658402733,1477.1145471175614,1458.0795658402733,1471.404052734375,35248,0.0,0.0
2025-09-05 00:00:00+09:00,1471.4041085514998,1479.0181013512488,1463.7901157517508,1469.5006103515625,25290,0.0,0.0
2025-09-08 00:00:00+09:00,1469.5006207606589,1477.1146136143411,1463.7901261203974,1473.3076171875,47062,0.0,0.0
2025-09-09 00:00:00+09:00,1475.2111181579437,1522.7985735823936,1475.2111181579437,1518.9915771484375,169992,0.0,0.0
2025-09-10 00:00:00+09:00,1518.9915875244142,1526.605580444336,1501.86010345459,1522.798583984375,143710,0.0,0.0
2025-09-11 00:00:00+09:00,1526.6054819883946,1541.8334668461341,1499.9565084873502,1509.4739990234375,106741,0.0,0.0
2025-09-12 00:00:00+09:00,1511.3776048769678,1538.026580277821,1509.4741066340496,1526.6055908203125,107933,0.0,0.0
2025-09-15 00:00:00+09:00,1568.4825542902543,1598.9385262182202,1528.5090911347986,1572.28955078125,168522,0.0,0.0
2025-09-16 00:00:00+09:00,1572.2894420086827,1572.2894420086827,1545.6404684153151,1555.157958984375,113283,0.0,0.0
2025-09-17 00:00:00+09:00,1555.1579483500288,1555.1579483500288,1538.0264654428681,1551.3509521484375,37117,0.0,0.0
2025-09-18 00:00:00+09:00,1551.3510495670812,1598.9385050752737,1551.3510495670812,1564.675537109375,104191,0.0,0.0
2025-09-22 00:00:00+09:00,1558.9650252671934,1564.6755198652418,1517.0880648815057,1536.123046875,154793,0.0,0.0
2025-09-23 00:00:00+09:00,1538.0265134889983,1545.640506130033,1507.5705429248596,1524.7020263671875,120818,0.0,0.0
2025-09-24 00:00:00+09:00,1524.7020822143554,1547.544060974121,1515.1845910644531,1522.798583984375,255974,0.0,0.0
2025-09-25 00:00:00+09:00,1522.7985042156558,1539.929987388082,1522.7985042156558,1538.0264892578125,46972,0.0,0.0
2025-09-26 00:00:00+09:00,1538.0265593182176,1539.9300575351954,1513.2810824975036,1518.9915771484375,84622,0.0,0.0
2025-09-29 00:00:00+09:00,1518.9915697051258,1562.772028481088,1518.9915697051258,1560.8685302734375,166506,0.0,0.0
2025-09-30 00:00:00+09:00,1560.8685613082625,1585.614038499735,1549.4475718352753,1572.28955078125,133932,0.0,0.0
2025-10-01 00:00:00+09:00,1589.4209891435464,1610.3594692400482,1562.7720144752714,1578.0,171459,0.0,0.0
2025-10-02 00:00:00+09:00,1579.903463459701,1595.131448649674,1579.903463459701,1587.5174560546875,98324,0.0,0.0
2025-10-10 00:00:00+09:00,1587.5174160635545,1589.42091416435,1524.7019787372988,1551.3509521484375,223405,0.0,0.0
2025-10-13 00:00:00+09:00,1551.3510361867934,1598.9384912845478,1509.4740757007696,1515.1845703125,164155,0.0,0.0
2025-10-14 00:00:00+09:00,1517.0880232370541,1524.7020158254459,1511.3775287957603,1520.89501953125,71724,0.0,0.0
2025-10-15 00:00:00+09:00,1520.8950165171682,1549.4474886670525,1520.8950165171682,1541.83349609375,63583,0.0,0.0
2025-10-16 00:00:00+09:00,1541.83347489047,1562.771954179106,1528.5089880704288,1534.219482421875,56006,0.0,0.0
2025-10-17 00:00:00+09:00,1534.2195311266967,1538.0265274818498,1503.7635602854718,1507.570556640625,103986,0.0,0.0
2025-10-20 00:00:00+09:00,1507.5705429248596,1532.3160190082222,1494.246055803049,1524.7020263671875,78121,0.0,0.0
2025-10-21 00:00:00+09:00,1526.6055384163906,1532.3160329491202,1503.7635602854718,1507.570556640625,122480,0.0,0.0
2025-10-22 00:00:00+09:00,1507.5705191734994,1538.0264892578125,1488.5355378708036,1538.0264892578125,100137,0.0,0.0
2025-10-23 00:00:00+09:00,1538.0264921678952,1541.8334884356375,1509.474020159828,1517.0880126953125,78947,0.0,0.0
2025-10-24 00:00:00+09:00,1517.0880685164102,1532.3160541476916,1511.3775739046798,1515.1845703125,96251,0.0,0.0
2025-10-27 00:00:00+09:00,1515.1845598581156,1518.9915562396686,1499.9565743319033,1511.3775634765625,179947,0.0,0.0
2025-10-28 00:00:00+09:00,1507.570546133307,1513.2810406262363,1498.0530553117583,1503.7635498046875,128892,0.0,0.0
2025-10-29 00:00:00+09:00,1503.7635257582144,1518.9915108291837,1492.3425369549875,1517.0880126953125,129742,0.0,0.0
2025-10-30 00:00:00+09:00,1517.0881037464937,1518.9916019946072,1501.8601177615853,1505.6671142578125,80384,0.0,0.0
2025-10-31 00:00:00+09:00,1505.6671038918923,1511.3775985969185,1488.535619776814,1501.860107421875,115235,0.0,0.0
2025-11-03 00:00:00+09:00,1501.8600227780362,1505.6670190334937,1469.5005546066461,1471.404052734375,223758,0.0,0.0
2025-11-04 00:00:00+09:00,1471.4041437698622,1477.114638506356,1450.4656630693855,1459.983154296875,185391,0.0,0.0
2025-11-05 00:00:00+09:00,1459.9831018888808,1461.8866000660503,1416.2026438139862,1440.9481201171875,153740,0.0,0.0
2025-11-06 00:00:00+09:00,1452.3691613148835,1467.5971472788665,1418.1061928959216,1459.983154296875,334685,0.0,0.0
2025-11-07 00:00:00+09:00,1459.983077443707,1469.500568170198,1431.4306052642341,1454.2725830078125,115012,0.0,0.0
2025-11-10 00:00:00+09:00,1454.272546073718,1490.4390099158654,1454.272546073718,1484.728515625,121462,0.0,0.0
2025-11-11 00:00:00+09:00,1503.7635073454483,1511.3774997877038,1484.7285262398098,1488.5355224609375,60698,0.0,0.0
2025-11-12 00:00:00+09:00,1488.5355851872441,1518.9915562396686,1488.5355851872441,1511.3775634765625,141729,0.0,0.0
2025-11-13 00:00:00+09:00,1511.3775739046798,1532.3160541476916,1511.3775739046798,1515.1845703125,63879,0.0,0.0
2025-11-14 00:00:00+09:00,1515.1845703125,1515.1845703125,1498.0530864773084,1515.1845703125,42804,0.0,0.0
2025-11-17 00:00:00+09:00,1522.7985386830635,1530.412531376479,1513.2810478162944,1528.509033203125,97033,0.0,0.0
2025-11-18 00:00:00+09:00,1528.508980095612,1532.3159763100468,1501.8600065945677,1509.4739990234375,65154,0.0,0.0
2025-11-19 00:00:00+09:00,1509.4740618024555,1536.1230364118305,1492.342578125,1532.3160400390625,182858,0.0,0.0
2025-11-20 00:00:00+09:00,1532.3160053771219,1555.1579830970293,1532.3160053771219,1541.83349609375,70286,0.0,0.0
2025-11-21 00:00:00+09:00,1539.9300744313596,1560.8685550478551,1522.7985902905903,1547.5440673828125,135189,0.0,0.0
2025-11-24 00:00:00+09:00,1549.4474856786692,1572.2894633545218,1541.8334931200518,1562.77197265625,84825,0.0,0.0
2025-11-25 00:00:00+09:00,1562.772018022234,1570.3860108018796,1547.544032462943,1557.0615234375,114337,0.0,0.0
2025-11-26 00:00:00+09:00,1557.0614570981868,1558.9649552119988,1545.6404684153151,1555.157958984375,53428,0.0,0.0
2025-11-27 00:00:00+09:00,1555.1579724302387,1562.771964951317,1538.0264892578125,1538.0264892578125,52424,0.0,0.0
2025-11-28 00:00:00+09:00,1538.0264998070988,1553.2544849537037,1536.123001663773,1541.83349609375,62011,0.0,0.0
2025-12-01 00:00:00+09:00,1543.7370256910137,1562.7720075121115,1543.7370256910137,1553.2545166015625,22348,0.0,0.0
2025-12-02 00:00:00+09:00,1555.1579563306725,1583.7104279891305,1553.2544582201087,1576.096435546875,154003,0.0,0.0
2025-12-03 00:00:00+09:00,1578.0,1589.4209891435464,1568.4825090470445,1578.0,87698,0.0,0.0
2025-12-04 00:00:00+09:00,1587.5175222796593,1604.649006333037,1578.000031138894,1589.4210205078125,86347,0.0,0.0
2025-12-05 00:00:00+09:00,1589.421034990731,1589.421034990731,1566.5790560447563,1572.28955078125,83754,0.0,0.0
2025-12-08 00:00:00+09:00,1572.2894877965678,1581.806978642794,1490.4390665190226,1549.447509765625,145909,0.0,0.0
2025-12-09 00:00:00+09:00,1570.3860462371713,1570.3860462371713,1539.9300744313596,1547.5440673828125,66451,0.0,0.0
2025-12-10 00:00:00+09:00,1551.3510534472296,1551.3510534472296,1538.0265658716091,1543.737060546875,39615,0.0,0.0
2025-12-11 00:00:00+09:00,1543.7370185899556,1557.0615058034325,1524.7020368564174,1528.509033203125,251828,0.0,0.0
2025-12-12 00:00:00+09:00,1528.5089880704288,1539.9299767733212,1526.60548995328,1534.219482421875,87771,0.0,0.0
2025-12-15 00:00:00+09:00,1532.3160711963433,1553.2545516723183,1530.4125729712546,1543.737060546875,100922,0.0,0.0
2025-12-16 00:00:00+09:00,1545.6404893993606,1572.2894633545218,1543.7369912597062,1562.77197265625,82218,0.0,0.0
2025-12-17 00:00:00+09:00,1566.5789689355588,1577.999957773485,1557.0614782372868,1562.77197265625,77720,0.0,0.0
2025-12-18 00:00:00+09:00,1562.7720388890473,1570.3860317703582,1551.3510495670812,1564.675537109375,45943,0.0,0.0
2025-12-19 00:00:00+09:00,1564.675537109375,1578.000024651669,1509.4740887198716,1564.675537109375,74171,0.0,0.0
2025-12-22 00:00:00+09:00,1583.7104521924482,1583.7104521924482,1551.3509838183236,1562.77197265625,111147,0.0,0.0
2025-12-23 00:00:00+09:00,1562.7720492464823,1576.0965368770858,1555.158056314709,1568.4825439453125,149950,0.0,0.0
2025-12-24 00:00:00+09:00,1570.3859517660485,1579.9034423828125,1564.6754573959902,1579.9034423828125,196429,0.0,0.0
2025-12-26 00:00:00+09:00,1579.903498190591,1591.3244873341375,1570.3860072376356,1578.0,129649,0.0,0.0
2025-12-29 00:00:00+09:00,1636.0,1636.0,1602.0,1602.0,164142,80.0,0.0
2025-12-30 00:00:00+09:00,1602.0,1606.0,1594.0,1606.0,78965,0.0,0.0
2026-01-02 00:00:00+09:00,1606.0,1622.0,1578.0,1584.0,236169,0.0,0.0
2026-01-05 00:00:00+09:00,1584.0,1596.0,1576.0,1590.0,124262,0.0,0.0
2026-01-06 00:00:00+09:00,1590.0,1610.0,1590.0,1602.0,54372,0.0,0.0
2026-01-07 00:00:00+09:00,1602.0,1604.0,1564.0,1568.0,116193,0.0,0.0
2026-01-08 00:00:00+09:00,1568.0,1570.0,1522.0,1538.0,194876,0.0,0.0
2026-01-09 00:00:00+09:00,1538.0,1572.0,1538.0,1544.0,75974,0.0,0.0
2026-01-12 00:00:00+09:00,1544.0,1554.0,1542.0,1550.0,69576,0.0,0.0
2026-01-13 00:00:00+09:00,1552.0,1554.0,1528.0,1548.0,185964,0.0,0.0
2026-01-14 00:00:00+09:00,1548.0,1580.0,1544.0,1580.0,105379,0.0,0.0
2026-01-15 00:00:00+09:00,1580.0,1586.0,1550.0,1558.0,142186,0.0,0.0
2026-01-16 00:00:00+09:00,1562.0,1568.0,1542.0,1558.0,221441,0.0,0.0
2026-01-19 00:00:00+09:00,1558.0,1560.0,1522.0,1526.0,179046,0.0,0.0
2026-01-20 00:00:00+09:00,1528.0,1558.0,1518.0,1554.0,254489,0.0,0.0
2026-01-21 00:00:00+09:00,1554.0,1556.0,1522.0,1540.0,140149,0.0,0.0
2026-01-22 00:00:00+09:00,1540.0,1556.0,1540.0,1546.0,87689,0.0,0.0
2026-01-23 00:00:00+09:00,1546.0,1576.0,1546.0,1572.0,152777,0.0,0.0
2026-01-26 00:00:00+09:00,1572.0,1586.0,1558.0,1586.0,155090,0.0,0.0
2026-01-27 00:00:00+09:00,1586.0,1618.0,1578.0,1608.0,211284,0.0,0.0
2026-01-28 00:00:00+09:00,1608.0,1620.0,1604.0,1612.0,150849,0.0,0.0
2026-01-29 00:00:00+09:00,1612.0,1616.0,1584.0,1616.0,141127,0.0,0.0
2026-01-30 00:00:00+09:00,1616.0,1620.0,1582.0,1604.0,249002,0.0,0.0
2026-02-02 00:00:00+09:00,1604.0,1610.0,1574.0,1588.0,232421,0.0,0.0
2026-02-03 00:00:00+09:00,1590.0,1624.0,1590.0,1616.0,189472,0.0,0.0
2026-02-04 00:00:00+09:00,1616.0,1670.0,1604.0,1670.0,259380,0.0,0.0
2026-02-05 00:00:00+09:00,1670.0,1732.0,1650.0,1706.0,371238,0.0,0.0
2026-02-06 00:00:00+09:00,1706.0,1708.0,1650.0,1686.0,222417,0.0,0.0
2026-02-09 00:00:00+09:00,1688.0,1740.0,1688.0,1736.0,174396,0.0,0.0
2026-02-10 00:00:00+09:00,1742.0,1804.0,1738.0,1788.0,317165,0.0,0.0
2026-02-11 00:00:00+09:00,1790.0,1812.0,1754.0,1794.0,340674,0.0,0.0
2026-02-12 00:00:00+09:00,1798.0,1920.0,1796.0,1884.0,568961,0.0,0.0
2026-02-13 00:00:00+09:00,1916.0,2022.0,1906.0,2000.0,1097125,0.0,0.0
2026-02-19 00:00:00+09:00,2040.0,2260.0,2030.0,2206.0,1518607,0.0,0.0
2026-02-20 00:00:00+09:00,2220.0,2390.0,2220.0,2352.0,1062478,0.0,0.0
2026-02-23 00:00:00+09:00,2370.0,2500.0,2270.0,2334.0,1026157,0.0,0.0
2026-02-24 00:00:00+09:00,2334.0,2338.0,2218.0,2324.0,570657,0.0,0.0
2026-02-25 00:00:00+09:00,2324.0,2324.0,2240.0,2266.0,383327,0.0,0.0
2026-02-26 00:00:00+09:00,2266.0,2320.0,2216.0,2242.0,629853,0.0,0.0
2026-02-27 00:00:00+09:00,2256.0,2256.0,2172.0,2190.0,429910,0.0,0.0
2026-03-03 00:00:00+09:00,2176.0,2176.0,2092.0,2094.0,547793,0.0,0.0
2026-03-04 00:00:00+09:00,2094.0,2094.0,1890.0,1928.0,680991,0.0,0.0
2026-03-05 00:00:00+09:00,2000.0,2098.0,1996.0,2060.0,187348,0.0,0.0
2026-03-06 00:00:00+09:00,2082.0,2144.0,2002.0,2096.0,311774,0.0,0.0
2026-03-09 00:00:00+09:00,2072.0,2072.0,1980.0,2016.0,204889,0.0,0.0
2026-03-10 00:00:00+09:00,2042.0,2122.0,2042.0,2106.0,213452,0.0,0.0
2026-03-11 00:00:00+09:00,2106.0,2144.0,2068.0,2078.0,245802,0.0,0.0
2026-03-12 00:00:00+09:00,2080.0,2102.0,2050.0,2070.0,535778,0.0,0.0
2026-03-13 00:00:00+09:00,2062.0,2100.0,2010.0,2014.0,209487,0.0,0.0
2026-03-16 00:00:00+09:00,2014.0,2022.0,1962.0,1990.0,272683,0.0,0.0
2026-03-17 00:00:00+09:00,1994.0,2002.0,1970.0,1978.0,174375,0.0,0.0
2026-03-18 00:00:00+09:00,1996.0,2004.0,1980.0,1992.0,120234,0.0,0.0
2026-03-19 00:00:00+09:00,1988.0,1988.0,1942.0,1942.0,144069,0.0,0.0
2026-03-20 00:00:00+09:00,1942.0,2040.0,1942.0,2014.0,184602,0.0,0.0
2026-03-23 00:00:00+09:00,2000.0,2000.0,1914.0,1916.0,245441,0.0,0.0
2026-03-24 00:00:00+09:00,1952.0,1960.0,1914.0,1960.0,119167,0.0,0.0
2026-03-25 00:00:00+09:00,1962.0,2008.0,1956.0,1998.0,133052,0.0,0.0
2026-03-26 00:00:00+09:00,1996.0,1996.0,1948.0,1962.0,134066,0.0,0.0
2026-03-27 00:00:00+09:00,1992.0,1992.0,1900.0,1934.0,294538,0.0,0.0
2026-03-30 00:00:00+09:00,1900.0,1900.0,1858.0,1876.0,185943,0.0,0.0
2026-03-31 00:00:00+09:00,1876.0,1876.0,1826.0,1836.0,165952,0.0,0.0
2026-04-01 00:00:00+09:00,1870.0,1890.0,1860.0,1888.0,82548,0.0,0.0
2026-04-02 00:00:00+09:00,1890.0,1916.0,1804.0,1854.0,305168,0.0,0.0
2026-04-03 00:00:00+09:00,1854.0,1858.0,1810.0,1818.0,111605,0.0,0.0
2026-04-06 00:00:00+09:00,1848.0,1870.0,1800.0,1818.0,79003,0.0,0.0
2026-04-07 00:00:00+09:00,1818.0,1824.0,1794.0,1804.0,106948,0.0,0.0
2026-04-08 00:00:00+09:00,1858.0,1876.0,1822.0,1868.0,130356,0.0,0.0
2026-04-09 00:00:00+09:00,1868.0,1876.0,1848.0,1852.0,60415,0.0,0.0
2026-04-10 00:00:00+09:00,1864.0,1958.0,1852.0,1918.0,237597,0.0,0.0
2026-04-13 00:00:00+09:00,1908.0,1916.0,1880.0,1902.0,86444,0.0,0.0
2026-04-14 00:00:00+09:00,1906.0,1930.0,1902.0,1904.0,98010,0.0,0.0
2026-04-15 00:00:00+09:00,1908.0,1940.0,1904.0,1940.0,115923,0.0,0.0
2026-04-16 00:00:00+09:00,1940.0,1962.0,1928.0,1962.0,189846,0.0,0.0
2026-04-17 00:00:00+09:00,1970.0,1976.0,1948.0,1970.0,81712,0.0,0.0
2026-04-20 00:00:00+09:00,1972.0,1986.0,1954.0,1984.0,121284,0.0,0.0
2026-04-21 00:00:00+09:00,1984.0,1990.0,1960.0,1970.0,79463,0.0,0.0
2026-04-22 00:00:00+09:00,1970.0,1972.0,1932.0,1944.0,96849,0.0,0.0
2026-04-23 00:00:00+09:00,1944.0,1960.0,1886.0,1934.0,233397,0.0,0.0
2026-04-24 00:00:00+09:00,1934.0,1952.0,1926.0,1950.0,70456,0.0,0.0
2026-04-27 00:00:00+09:00,1956.0,1960.0,1936.0,1954.0,96499,0.0,0.0
2026-04-28 00:00:00+09:00,1954.0,1978.0,1954.0,1962.0,112873,0.0,0.0
2026-04-29 00:00:00+09:00,1962.0,1964.0,1936.0,1964.0,107837,0.0,0.0
2026-04-30 00:00:00+09:00,1964.0,1966.0,1938.0,1944.0,70723,0.0,0.0
2026-05-04 00:00:00+09:00,1958.0,1960.0,1940.0,1946.0,112630,0.0,0.0
2026-05-06 00:00:00+09:00,1950.0,1952.0,1920.0,1944.0,196095,0.0,0.0
2026-05-07 00:00:00+09:00,1954.0,1956.0,1914.0,1914.0,88579,0.0,0.0
2026-05-08 00:00:00+09:00,1914.0,1916.0,1886.0,1888.0,204728,0.0,0.0
2026-05-11 00:00:00+09:00,1888.0,1902.0,1818.0,1832.0,240043,0.0,0.0
2026-05-12 00:00:00+09:00,1832.0,1850.0,1802.0,1822.0,117766,0.0,0.0
2026-05-13 00:00:00+09:00,1822.0,1824.0,1796.0,1802.0,164823,0.0,0.0
2026-05-14 00:00:00+09:00,1808.0,1882.0,1804.0,1862.0,322035,0.0,0.0
2026-05-15 00:00:00+09:00,1870.0,1872.0,1732.0,1794.0,364347,0.0,0.0
2026-05-18 00:00:00+09:00,1796.0,1798.0,1722.0,1748.0,278111,0.0,0.0
2026-05-19 00:00:00+09:00,1756.0,1768.0,1676.0,1710.0,223600,0.0,0.0
2026-05-20 00:00:00+09:00,1722.0,1722.0,1644.0,1670.0,202812,0.0,0.0
2026-05-21 00:00:00+09:00,1670.0,1706.0,1658.0,1672.0,294481,0.0,0.0
2026-05-22 00:00:00+09:00,1672.0,1704.0,1660.0,1694.0,95749,0.0,0.0
2026-05-26 00:00:00+09:00,1694.0,1700.0,1610.0,1630.0,401518,0.0,0.0
2026-05-27 00:00:00+09:00,1630.0,1630.0,1536.0,1548.0,402354,0.0,0.0
2026-05-28 00:00:00+09:00,1564.0,1572.0,1530.0,1572.0,261577,0.0,0.0
2026-05-29 00:00:00+09:00,1578.0,1586.0,1524.0,1556.0,161675,0.0,0.0
2026-06-01 00:00:00+09:00,1564.0,1564.0,1464.0,1470.0,577828,0.0,0.0
2026-06-02 00:00:00+09:00,1458.0,1486.0,1434.0,1482.0,216449,0.0,0.0
2026-06-04 00:00:00+09:00,1482.0,1518.0,1472.0,1484.0,140356,0.0,0.0
2026-06-05 00:00:00+09:00,1490.0,1530.0,1464.0,1500.0,152453,0.0,0.0
2026-06-08 00:00:00+09:00,1500.0,1500.0,1380.0,1398.0,195672,0.0,0.0
2026-06-09 00:00:00+09:00,1414.0,1454.0,1392.0,1446.0,131723,0.0,0.0
2026-06-10 00:00:00+09:00,1444.0,1444.0,1414.0,1438.0,194315,0.0,0.0
2026-06-11 00:00:00+09:00,1438.0,1486.0,1420.0,1476.0,102058,0.0,0.0
2026-06-12 00:00:00+09:00,1482.0,1540.0,1478.0,1496.0,229911,0.0,0.0
2026-06-15 00:00:00+09:00,1526.0,1538.0,1468.0,1520.0,172857,0.0,0.0
2026-06-16 00:00:00+09:00,1520.0,1534.0,1496.0,1496.0,228475,0.0,0.0
2026-06-17 00:00:00+09:00,1498.0,1520.0,1486.0,1492.0,112258,0.0,0.0
2026-06-18 00:00:00+09:00,1500.0,1500.0,1428.0,1432.0,265481,0.0,0.0
2026-06-19 00:00:00+09:00,1432.0,1436.0,1392.0,1420.0,151731,0.0,0.0
2026-06-22 00:00:00+09:00,1420.0,1420.0,1332.0,1372.0,373125,0.0,0.0
2026-06-23 00:00:00+09:00,1360.0,1366.0,1304.0,1324.0,378935,0.0,0.0
2026-06-24 00:00:00+09:00,1316.0,1358.0,1310.0,1358.0,145386,0.0,0.0
2026-06-25 00:00:00+09:00,1360.0,1380.0,1328.0,1328.0,129210,0.0,0.0
2026-06-26 00:00:00+09:00,1330.0,1332.0,1224.0,1322.0,152483,0.0,0.0
2026-06-29 00:00:00+09:00,1330.0,1434.0,1320.0,1418.0,166077,0.0,0.0
2026-06-30 00:00:00+09:00,1420.0,1430.0,1368.0,1370.0,108675,0.0,0.0
2026-07-01 00:00:00+09:00,1378.0,1428.0,1372.0,1422.0,86810,0.0,0.0
2026-07-02 00:00:00+09:00,1422.0,1454.0,1388.0,1438.0,92939,0.0,0.0
2026-07-03 00:00:00+09:00,1438.0,1458.0,1370.0,1446.0,116302,0.0,0.0
2026-07-06 00:00:00+09:00,1446.0,1458.0,1412.0,1448.0,43292,0.0,0.0
2026-07-07 00:00:00+09:00,1448.0,1454.0,1386.0,1408.0,151737,0.0,0.0
2026-07-08 00:00:00+09:00,1408.0,1422.0,1368.0,1418.0,84229,0.0,0.0
2026-07-09 00:00:00+09:00,1412.0,1418.0,1376.0,1390.0,51309,0.0,0.0
2026-07-10 00:00:00+09:00,1388.0,1442.0,1388.0,1438.0,44075,0.0,0.0
2026-07-13 00:00:00+09:00,1438.0,1454.0,1398.0,1418.0,74255,0.0,0.0
2026-07-14 00:00:00+09:00,1418.0,1418.0,1376.0,1396.0,87593,0.0,0.0
2026-07-15 00:00:00+09:00,1396.0,1434.0,1394.0,1426.0,65903,0.0,0.0
2026-07-16 00:00:00+09:00,1426.0,1426.0,1400.0,1416.0,32305,0.0,0.0
2026-07-20 00:00:00+09:00,1416.0,1418.0,1374.0,1396.0,49513,0.0,0.0
2026-07-21 00:00:00+09:00,1396.0,1400.0,1372.0,1396.0,13066,0.0,0.0
2026-07-22 00:00:00+09:00,1396.0,1404.0,1380.0,1394.0,62802,0.0,0.0
2026-07-23 00:00:00+09:00,1396.0,1440.0,1392.0,1426.0,104242,0.0,0.0
2026-07-24 00:00:00+09:00,1428.0,1438.0,1400.0,1408.0,40664,0.0,0.0
2026-07-27 00:00:00+09:00,1414.0,1438.0,1388.0,1396.0,63288,0.0,0.0
2026-07-28 00:00:00+09:00,1398.0,1398.0,1270.0,1332.0,145772,0.0,0.0
2026-07-29 00:00:00+09:00,1320.0,1358.0,1262.0,1340.0,156236,0.0,0.0
2026-07-30 00:00:00+09:00,1340.0,1340.0,1340.0,1340.0,0,0.0,0.0
2026-07-31 00:00:00+09:00,1340.0,1340.0,1340.0,1340.0,0,0.0,0.0
2026-08-03 00:00:00+09:00,1340.0,1340.0,1340.0,1340.0,0,0.0,0.0
2026-08-04 00:00:00+09:00,1340.0,1340.0,1340.0,1340.0,0,0.0,0.0
2026-08-05 00:00:00+09:00,1340.0,1340.0,1340.0,1340.0,0,0.0,0.0
2026-08-06 00:00:00+09:00,1340.0,1340.0,1340.0,1340.0,0,0.0,0.0
2026-08-07 00:00:00+09:00,1340.0,1340.0,1340.0,1340.0,0,0.0,0.0
2026-08-10 00:00:00+09:00,1340.0,1340.0,1340.0,1340.0,0,0.0,0.0
2026-08-11 00:00:00+09:00,1340.0,1340.0,1340.0,1340.0,0,0.0,0.0
2026-08-12 00:00:00+09:00,1340.0,1340.0,1340.0,1340.0,0,0.0,0.0
2026-08-13 00:00:00+09:00,1340.0,1340.0,1340.0,1340.0,0,0.0,0.0
2026-08-14 00:00:00+09:00,1340.0,1340.0,1340.0,1340.0,0,0.0,0.0
2026-08-18 00:00:00+09:00,1340.0,1340.0,1340.0,1340.0,0,0.0,0.0
2026-08-19 00:00:00+09:00,1340.0,1340.0,1340.0,1340.0,0,0.0,0.0
2026-08-20 00:00:00+09:00,1340.0,1340.0,1340.0,1340.0,0,0.0,0.0
2026-08-21 00:00:00+09:00,1340.0,1340.0,1340.0,1340.0,0,0.0,0.0
2026-08-24 00:00:00+09:00,1340.0,1340.0,1340.0,1340.0,0,0.0,0.0
2026-08-25 00:00:00+09:00,1340.0,1340.0,1340.0,1340.0,0,0.0,0.0
2026-08-26 00:00:00+09:00,1340.0,1340.0,1340.0,1340.0,0,0.0,0.0
2026-08-27 00:00:00+09:00,1400.0,1404.0,1356.0,1395.0,347852,0.0,0.5
2026-08-28 00:00:00+09:00,1395.0,1402.0,1380.0,1398.0,343647,0.0,0.0
2026-08-31 00:00:00+09:00,1401.0,1421.0,1384.0,1418.0,180516,0.0,0.0
2026-09-01 00:00:00+09:00,1418.0,1421.0,1401.0,1420.0,85117,0.0,0.0
2026-09-02 00:00:00+09:00,1408.0,1425.0,1402.0,1410.0,49773,0.0,0.0
2026-09-03 00:00:00+09:00,1410.0,1427.0,1400.0,1408.0,72065,0.0,0.0
2026-09-04 00:00:00+09:00,1408.0,1426.0,1407.0,1421.0,58791,0.0,0.0
2026-09-07 00:00:00+09:00,1423.0,1423.0,1400.0,1401.0,92138,0.0,0.0
2026-09-08 00:00:00+09:00,1404.0,1406.0,1398.0,1402.0,46390,0.0,0.0
2026-09-09 00:00:00+09:00,1403.0,1405.0,1399.0,1403.0,28668,0.0,0.0
2026-09-10 00:00:00+09:00,1404.0,1406.0,1398.0,1405.0,21352,0.0,0.0
2026-09-11 00:00:00+09:00,1405.0,1416.0,1397.0,1410.0,20314,0.0,0.0
