Date,Open,High,Low,Close,Volume,Dividends,Stock Splits
2007-12-31 00:00:00+08:00,37.946848970013725,38.36848108477813,37.34451803398176,38.30824661254883,341000,0.0,0.0
2008-01-02 00:00:00+08:00,38.30824921283056,39.09128132099079,37.344520568847656,37.344520568847656,284000,0.0,0.0
2008-01-03 00:00:00+08:00,36.74218877463002,36.802420951897766,36.1398578111115,36.320556640625,99000,0.0,0.0
2008-01-04 00:00:00+08:00,36.320554744924785,37.10358449708768,36.13985592484261,36.26032257080078,91000,0.0,0.0
2008-01-07 00:00:00+08:00,35.236360992704114,35.236360992704114,33.730533599853516,33.730533599853516,191000,0.0,0.0
2008-01-08 00:00:00+08:00,33.61006893745992,33.79076777575119,31.923542617224125,32.4054069519043,106000,0.0,0.0
2008-01-09 00:00:00+08:00,31.321213457178917,34.51356744615697,31.321213457178917,34.27263641357422,87000,0.0,0.0
2008-01-10 00:00:00+08:00,35.055660612396544,35.055660612396544,33.61006546020508,33.61006546020508,46000,0.0,0.0
2008-01-11 00:00:00+08:00,33.730536684782614,34.75449986511275,33.67030450264397,34.634033203125,63000,0.0,0.0
2008-01-14 00:00:00+08:00,35.417064889125264,35.417064889125264,33.188439569207816,34.03170394897461,59000,0.0,0.0
2008-01-15 00:00:00+08:00,34.332866480560206,35.537528462334244,33.790767669677734,33.790767669677734,138000,0.0,0.0
2008-01-16 00:00:00+08:00,33.128204345703125,33.429369839754976,32.58610553732566,33.128204345703125,74000,0.0,0.0
2008-01-17 00:00:00+08:00,33.12820520165427,33.73053620532071,32.706573039545674,32.887271881103516,46000,0.0,0.0
2008-01-18 00:00:00+08:00,32.525870244916554,33.730532105839394,32.525870244916554,33.61006546020508,47000,0.0,0.0
2008-01-21 00:00:00+08:00,33.610073617028135,34.93520244518057,33.610073617028135,34.09193801879883,115000,0.0,0.0
2008-01-22 00:00:00+08:00,33.128202454594785,33.128202454594785,31.74284172058105,31.742841720581055,235000,0.0,0.0
2008-01-23 00:00:00+08:00,31.92354347229004,32.52587448120117,30.11655044555664,30.11655044555664,157000,0.0,0.0
2008-01-24 00:00:00+08:00,31.260975459416795,31.321207631932626,29.996079157193456,30.41771125793457,133000,0.0,0.0
2008-01-25 00:00:00+08:00,31.020045809569872,31.441677959727457,30.538181479837075,31.140512466430664,55000,0.0,0.0
2008-01-28 00:00:00+08:00,30.718883132740526,31.020048653649745,28.972122192382812,28.972122192382812,163000,0.0,0.0
2008-01-29 00:00:00+08:00,28.068620323205582,30.417711861279546,28.068620323205582,29.51421546936035,142000,0.0,0.0
2008-01-30 00:00:00+08:00,29.514216542287464,29.815382017208762,29.15281889146599,29.755149841308594,49000,0.0,0.0
2008-01-31 00:00:00+08:00,28.791418276413317,29.2732825655902,27.67710696408489,28.00838851928711,103000,0.0,0.0
2008-02-01 00:00:00+08:00,28.30955712000529,28.911888122558594,28.038507709314217,28.911888122558594,54000,0.0,0.0
2008-02-12 00:00:00+08:00,28.911888719251053,30.71888176420424,28.911888719251053,29.333520889282227,81000,0.0,0.0
2008-02-13 00:00:00+08:00,29.213054791845458,29.996084666930138,29.213054791845458,29.815385818481445,75000,0.0,0.0
2008-02-14 00:00:00+08:00,29.815380922006916,29.815380922006916,29.213049994289605,29.574447631835938,190000,0.0,0.0
2008-02-15 00:00:00+08:00,29.514216748064534,30.357481002807617,28.9118857940224,30.357481002807617,81000,0.0,0.0
2008-02-18 00:00:00+08:00,31.321208953857422,31.92353989527776,30.718878012437088,31.321208953857422,162000,0.0,0.0
2008-02-19 00:00:00+08:00,31.8633087773462,31.8633087773462,30.718879031594835,31.682607650756836,151000,0.0,0.0
2008-02-20 00:00:00+08:00,31.02004826863607,31.803078153739143,31.02004826863607,31.622379302978516,65000,0.0,0.0
2008-02-21 00:00:00+08:00,33.73053548967319,33.790767669677734,33.00773784106668,33.790767669677734,271000,0.0,0.0
2008-02-22 00:00:00+08:00,33.79076886692125,35.35683087734101,33.79076886692125,34.634033203125,250000,0.0,0.0
2008-02-25 00:00:00+08:00,35.53752470853036,35.53752470853036,34.031697390372294,34.332862854003906,124000,0.0,0.0
2008-02-26 00:00:00+08:00,34.93519396676223,34.93519396676223,33.61006546020508,33.61006546020508,156000,0.0,0.0
2008-02-27 00:00:00+08:00,33.73053192674068,34.63402831763552,33.73053192674068,34.332862854003906,67000,0.0,0.0
2008-02-29 00:00:00+08:00,34.63402831763552,34.63402831763552,33.85099857173535,34.332862854003906,84000,0.0,0.0
2008-03-03 00:00:00+08:00,34.332864556993755,34.332864556993755,33.308901470313295,33.730533599853516,62000,0.0,0.0
2008-03-04 00:00:00+08:00,34.5737976438731,34.5737976438731,33.8510000402588,34.453330993652344,88000,0.0,0.0
2008-03-05 00:00:00+08:00,34.39309588589061,34.5135625338914,33.850999416452325,33.971466064453125,71000,0.0,0.0
2008-03-06 00:00:00+08:00,34.33286516399117,35.53752709956981,33.9714675024017,35.477294921875,144000,0.0,0.0
2008-03-07 00:00:00+08:00,34.93519973754883,34.995431921460394,34.63403422256996,34.93519973754883,74000,0.0,0.0
2008-03-10 00:00:00+08:00,34.63403499231929,34.63403499231929,33.429372905629926,34.03170394897461,86000,0.0,0.0
2008-03-11 00:00:00+08:00,34.03169951746477,34.03169951746477,33.188435247505424,33.549835205078125,50000,0.0,0.0
2008-03-12 00:00:00+08:00,34.51356074803525,34.51356074803525,33.188432284013835,33.30889892578125,93000,0.0,0.0
2008-03-13 00:00:00+08:00,33.429365567548665,33.730531023112164,33.24866675375258,33.30889892578125,62000,0.0,0.0
2008-03-14 00:00:00+08:00,33.429369839754976,33.610068676644005,33.128204345703125,33.128204345703125,50000,0.0,0.0
2008-03-17 00:00:00+08:00,31.923542447863813,32.52587343744615,30.839347126157683,31.803075790405273,88000,0.0,0.0
2008-03-18 00:00:00+08:00,31.803079952947897,31.923546626173707,30.71888448933696,31.08028221130371,50000,0.0,0.0
2008-03-19 00:00:00+08:00,31.08027565820521,32.10423871816182,31.08027565820521,31.321208953857422,28000,0.0,0.0
2008-03-20 00:00:00+08:00,31.321216682153807,31.86331558227539,31.26098449223397,31.86331558227539,28000,0.0,0.0
2008-03-21 00:00:00+08:00,31.86331558227539,32.646345539787085,31.86331558227539,31.86331558227539,38000,0.0,0.0
2008-03-24 00:00:00+08:00,32.22471044240668,33.6703058486269,31.622379406100016,32.284942626953125,109000,0.0,0.0
2008-03-25 00:00:00+08:00,32.28493583467482,32.34517030425936,31.381439470297238,31.923538208007812,68000,0.0,0.0
2008-03-26 00:00:00+08:00,32.04401148656034,32.28494252167099,31.622379302978516,31.622379302978516,44000,0.0,0.0
2008-03-27 00:00:00+08:00,31.08027929511331,31.08027929511331,30.538182763026843,30.718881607055664,34000,0.0,0.0
2008-03-28 00:00:00+08:00,30.718880140332704,31.020045631904594,30.47794682799105,30.53818130493164,77000,0.0,0.0
2008-03-31 00:00:00+08:00,30.718881607055664,30.718881607055664,30.598414945132962,30.718881607055664,32000,0.0,0.0
2008-04-01 00:00:00+08:00,30.718876715933924,31.441674274674387,30.41771125793457,30.41771125793457,27000,0.0,0.0
2008-04-02 00:00:00+08:00,30.839347126157683,31.80307579040527,30.839347126157683,31.803075790405273,58000,0.0,0.0
2008-04-03 00:00:00+08:00,31.98377164764518,31.98377164764518,30.71887760646312,31.441675186157227,28000,0.0,0.0
2008-04-07 00:00:00+08:00,31.562143278158366,33.248669509559214,31.562143278158366,33.00773620605469,79000,0.0,0.0
2008-04-08 00:00:00+08:00,33.00773514245197,33.00773514245197,32.28493755293926,32.70656967163086,43000,0.0,0.0
2008-04-09 00:00:00+08:00,32.82703910639084,32.82703910639084,31.983774797417748,32.4054069519043,54000,0.0,0.0
2008-04-10 00:00:00+08:00,32.284943004190794,34.03170394897461,32.284943004190794,34.03170394897461,100000,0.0,0.0
2008-04-11 00:00:00+08:00,34.031699078423635,34.031699078423635,33.12820264271327,33.730533599853516,155000,0.0,0.0
2008-04-14 00:00:00+08:00,33.730530936762975,33.730530936762975,31.923538208007812,31.923538208007812,150000,0.0,0.0
2008-04-15 00:00:00+08:00,31.983777445250873,33.007740677285824,31.50191307067871,31.50191307067871,137000,0.0,0.0
2008-04-16 00:00:00+08:00,32.28493583467482,32.646335759051894,31.501906111756263,31.923538208007812,127000,0.0,0.0
2008-04-17 00:00:00+08:00,32.10423852234683,32.525870638311424,31.923539700564913,32.04400634765625,136000,0.0,0.0
2008-04-18 00:00:00+08:00,33.007736016344055,33.007736016344055,32.16447405434538,32.34517288208008,73000,0.0,0.0
2008-04-21 00:00:00+08:00,32.64634481348675,34.09193801879883,32.64634481348675,34.09193801879883,359000,0.0,0.0
2008-04-22 00:00:00+08:00,34.51356016482992,34.754493444293495,33.73053045313836,34.21239471435547,255000,0.0,0.0
2008-04-23 00:00:00+08:00,34.63403613802958,35.83869826456974,34.63403613802958,34.874969482421875,400000,0.0,0.0
2008-04-24 00:00:00+08:00,35.537523431133046,35.65799007179754,34.513560432049914,34.754493713378906,169000,0.0,0.0
2008-04-25 00:00:00+08:00,35.055659166185116,35.296590149804054,34.4533282605727,34.754493713378906,134000,0.0,0.0
2008-04-28 00:00:00+08:00,35.53752972146739,35.53752972146739,34.634033203125,34.634033203125,118000,0.0,0.0
2008-04-29 00:00:00+08:00,34.81473011354866,35.23636225823196,34.69426345825195,34.69426345825195,105000,0.0,0.0
2008-04-30 00:00:00+08:00,34.694268276164294,35.53753268263307,34.694268276164294,34.99543380737305,222000,0.0,0.0
2008-05-02 00:00:00+08:00,34.212395292471754,34.212395292471754,33.188432284013835,33.30889892578125,286000,0.0,0.0
2008-05-05 00:00:00+08:00,33.369140625,33.73053833088959,32.64634291551025,33.369140625,106000,0.0,0.0
2008-05-06 00:00:00+08:00,33.369136161311474,33.369136161311474,32.827037377281435,33.00773620605469,76000,0.0,0.0
2008-05-07 00:00:00+08:00,32.76680498751323,34.634030035563875,32.52587168557303,33.730533599853516,155000,0.0,0.0
2008-05-08 00:00:00+08:00,34.57379657308767,34.57379657308767,33.24866805712041,34.152164459228516,75000,0.0,0.0
2008-05-09 00:00:00+08:00,34.152163120443085,34.152163120443085,33.30889892578125,33.30889892578125,125000,0.0,0.0
2008-05-12 00:00:00+08:00,31.32120729842276,32.405402476133844,31.32120729842276,31.923538208007812,166000,0.0,0.0
2008-05-13 00:00:00+08:00,31.923547772195228,32.22471331721594,31.86331558227539,31.86331558227539,97000,0.0,0.0
2008-05-14 00:00:00+08:00,31.86331558227539,32.40541218468621,31.803081094644792,31.86331558227539,127000,0.0,0.0
2008-05-15 00:00:00+08:00,31.863307525874337,32.40540399122008,31.863307525874337,32.04400634765625,87000,0.0,0.0
2008-05-16 00:00:00+08:00,32.40540524500366,33.610067167105726,32.2247064162304,33.00773620605469,160000,0.0,0.0
2008-05-19 00:00:00+08:00,33.730530345111816,33.790762515929785,32.586100717890076,32.82703399658203,71000,0.0,0.0
2008-05-20 00:00:00+08:00,32.76680629897125,32.76680629897125,31.983774185180664,31.983774185180664,70000,0.0,0.0
2008-05-21 00:00:00+08:00,31.983769962894755,32.1042366027832,31.74283898082791,32.1042366027832,110000,0.0,0.0
2008-05-22 00:00:00+08:00,32.10423796358794,34.332862854003906,31.562141507677122,34.332862854003906,180000,0.0,0.0
2008-05-23 00:00:00+08:00,36.68195438941455,36.68195438941455,34.031697390372294,34.332862854003906,1465000,0.0,0.0
2008-05-26 00:00:00+08:00,33.730532513804434,33.730532513804434,31.983771875255492,32.04400634765625,353000,0.0,0.0
2008-05-27 00:00:00+08:00,31.200747119396695,32.04401148656034,31.200747119396695,31.622379302978516,209000,0.0,0.0
2008-05-28 00:00:00+08:00,32.40540376060926,32.5258704068433,31.441675186157227,31.441675186157227,141000,0.0,0.0
2008-05-29 00:00:00+08:00,31.44167857394019,32.04400957230031,31.44167857394019,31.562145233154297,95000,0.0,0.0
2008-05-30 00:00:00+08:00,31.62238109196452,31.923546626173707,30.83935116256277,31.08028221130371,117000,0.0,0.0
2008-06-02 00:00:00+08:00,31.080281359685003,31.321214699534902,30.83935031754572,31.260982513427734,65000,0.0,0.0
2008-06-03 00:00:00+08:00,31.260975459416795,31.260975459416795,30.41771125793457,30.41771125793457,69000,0.0,0.0
2008-06-04 00:00:00+08:00,30.4177156588566,30.899580001831055,30.4177156588566,30.899580001831055,22000,0.0,0.0
2008-06-05 00:00:00+08:00,30.538183329945713,31.200746536254883,30.297250001627557,31.200746536254883,33000,0.0,0.0
2008-06-06 00:00:00+08:00,31.321215557755334,31.321215557755334,30.83935116256277,31.08028221130371,53000,0.0,0.0
2008-06-09 00:00:00+08:00,30.47794828321026,30.718881607055664,30.47794828321026,30.718881607055664,32000,0.0,0.0
2008-06-10 00:00:00+08:00,30.718882473093945,31.140514652854986,30.477949142456055,30.477949142456055,40000,0.0,0.0
2008-06-11 00:00:00+08:00,30.237015429180435,30.237015429180435,29.39375114440918,29.39375114440918,85000,0.0,0.0
2008-06-12 00:00:00+08:00,29.213052200517286,29.213052200517286,27.34582710266113,27.345827102661133,172000,0.0,0.0
2008-06-13 00:00:00+08:00,27.345824773061782,27.767454580219333,27.345824773061782,27.52652359008789,51000,0.0,0.0
2008-06-16 00:00:00+08:00,27.406060865555688,27.88792521244095,25.90023334547021,26.201398849487305,113000,0.0,0.0
2008-06-17 00:00:00+08:00,25.96046259507183,25.96046259507183,24.454635245062786,25.839998245239258,122000,0.0,0.0
2008-06-18 00:00:00+08:00,25.59907200659687,26.080936431884766,25.11720758130898,26.080936431884766,49000,0.0,0.0
2008-06-19 00:00:00+08:00,25.297903039996697,25.840001881366543,25.297903039996697,25.358135223388672,23000,0.0,0.0
2008-06-20 00:00:00+08:00,24.45463563351465,25.900230831570095,24.3944034576416,24.3944034576416,43000,0.0,0.0
2008-06-23 00:00:00+08:00,24.093236923217773,24.27393574059988,24.093236923217773,24.093236923217773,50000,0.0,0.0
2008-06-24 00:00:00+08:00,24.81603689124351,24.81603689124351,23.972772598266605,23.9727725982666,36000,0.0,0.0
2008-06-25 00:00:00+08:00,23.97277174538046,24.454636053776547,23.97277174538046,24.273937225341797,16000,0.0,0.0
2008-06-26 00:00:00+08:00,24.514872042106955,24.936504199629265,24.273938724176944,24.33417320251465,12000,0.0,0.0
2008-06-27 00:00:00+08:00,24.093235560825896,24.093235560825896,22.64764050809234,23.189739227294922,132000,0.0,0.0
2008-06-30 00:00:00+08:00,21.985079106290346,22.286244573499804,21.593563079833984,21.593563079833984,74000,0.0,0.0
2008-07-01 00:00:00+08:00,21.382746552417146,21.382746552417146,20.08773422241211,20.08773422241211,144000,0.0,0.0
2008-07-02 00:00:00+08:00,18.702377549373733,20.087738423825403,18.702377549373733,19.57575798034668,118000,0.0,0.0
2008-07-03 00:00:00+08:00,18.250627394123715,20.720185677041265,18.250627394123715,20.690067291259766,65000,0.0,0.0
2008-07-04 00:00:00+08:00,21.412861627894788,21.412861627894788,19.967268941546088,19.997385025024414,59000,0.0,0.0
2008-07-07 00:00:00+08:00,20.17808819693919,20.17808819693919,19.334823890520262,20.147972106933594,14000,0.0,0.0
2008-07-08 00:00:00+08:00,19.51552668927161,20.117857731561344,19.274593353271484,19.274593353271484,45000,0.0,0.0
2008-07-09 00:00:00+08:00,19.274591009525995,20.298554116449125,19.274591009525995,19.455289840698242,48000,0.0,0.0
2008-07-10 00:00:00+08:00,19.274589780925076,19.876920711578986,19.274589780925076,19.816688537597656,22000,0.0,0.0
2008-07-11 00:00:00+08:00,19.816689816431687,19.937154172168295,19.395057678222656,19.395057678222656,50000,0.0,0.0
2008-07-14 00:00:00+08:00,19.364941143594255,19.69622270966591,19.334822757642993,19.635988235473633,21000,0.0,0.0
2008-07-15 00:00:00+08:00,19.60587283910295,19.60587283910295,18.431328123428102,18.672260284423828,121000,0.0,0.0
2008-07-16 00:00:00+08:00,18.491559261843445,18.491559261843445,17.377246856689453,17.377246856689453,155000,0.0,0.0
2008-07-17 00:00:00+08:00,17.588065218766182,18.06992954714806,17.437482472539948,17.949462890625,69000,0.0,0.0
2008-07-18 00:00:00+08:00,17.949461496310303,17.949461496310303,16.714683532714844,16.714683532714844,137000,0.0,0.0
2008-07-21 00:00:00+08:00,16.172587535740185,16.172587535740185,15.570256537380066,15.781072616577148,239000,0.0,0.0
2008-07-22 00:00:00+08:00,16.865266799926758,16.865266799926758,16.262935842786515,16.865266799926758,232000,0.0,0.0
2008-07-23 00:00:00+08:00,18.039812088012695,18.039812088012695,18.039812088012695,18.039812088012695,123000,0.0,0.0
2008-07-24 00:00:00+08:00,19.274593353271484,19.274593353271484,18.973427832126617,19.274593353271484,502000,0.0,0.0
2008-07-25 00:00:00+08:00,18.85295730927958,19.27458941221378,18.2506263901479,19.0035400390625,309000,0.0,0.0
2008-07-28 00:00:00+08:00,19.0035400390625,19.0035400390625,19.0035400390625,19.0035400390625,0,0.0,0.0
2008-07-29 00:00:00+08:00,19.0035400390625,19.0035400390625,19.0035400390625,19.0035400390625,0,0.0,0.0
2008-07-30 00:00:00+08:00,19.0035400390625,19.0035400390625,19.0035400390625,19.0035400390625,0,0.0,0.0
2008-07-31 00:00:00+08:00,19.0035400390625,19.0035400390625,19.0035400390625,19.0035400390625,0,0.0,0.0
2008-08-01 00:00:00+08:00,19.0035400390625,19.0035400390625,19.0035400390625,19.0035400390625,0,0.0,0.0
2008-08-04 00:00:00+08:00,19.0035400390625,19.0035400390625,19.0035400390625,19.0035400390625,0,0.0,0.0
2008-08-05 00:00:00+08:00,19.0035400390625,19.0035400390625,19.0035400390625,19.0035400390625,0,0.0,0.0
2008-08-06 00:00:00+08:00,19.0035400390625,19.0035400390625,19.0035400390625,19.0035400390625,0,0.0,0.0
2008-08-07 00:00:00+08:00,19.0035400390625,19.0035400390625,19.0035400390625,19.0035400390625,0,0.0,0.0
2008-08-08 00:00:00+08:00,19.0035400390625,19.0035400390625,19.0035400390625,19.0035400390625,0,0.0,0.0
2008-08-11 00:00:00+08:00,19.0035400390625,19.0035400390625,19.0035400390625,19.0035400390625,0,0.0,0.0
2008-08-12 00:00:00+08:00,19.0035400390625,19.0035400390625,19.0035400390625,19.0035400390625,0,0.0,0.0
2008-08-13 00:00:00+08:00,20.93827247619629,20.93827247619629,20.93827247619629,20.93827247619629,0,2.915273,0.0
2008-08-14 00:00:00+08:00,20.93827247619629,20.93827247619629,20.93827247619629,20.93827247619629,0,0.0,0.0
2008-08-15 00:00:00+08:00,20.93827247619629,20.93827247619629,20.93827247619629,20.93827247619629,0,0.0,0.0
2008-08-18 00:00:00+08:00,18.58230206174533,18.980494501946506,18.58230206174533,18.6154842376709,43000,0.0,0.0
2008-08-19 00:00:00+08:00,18.21729529405681,18.880949020385742,18.21729529405681,18.880949020385742,23000,0.0,0.0
2008-08-20 00:00:00+08:00,18.88094822397567,19.179591628735306,18.582303553397054,19.04686164855957,16000,0.0,0.0
2008-08-21 00:00:00+08:00,18.48275355750991,19.179589351705303,18.48275355750991,18.71503257751465,15000,0.0,0.0
2008-08-22 00:00:00+08:00,18.383209433888826,18.51593942477688,18.11774692047456,18.184112548828125,33000,0.0,0.0
2008-08-25 00:00:00+08:00,18.250476837158203,18.71503493570437,18.18411121367747,18.250476837158203,18000,0.0,0.0
2008-08-26 00:00:00+08:00,18.250472633926957,18.250472633926957,17.91864585876465,17.91864585876465,12000,0.0,0.0
2008-08-27 00:00:00+08:00,17.91864585876465,18.316838242123158,17.91864585876465,17.91864585876465,47000,0.0,0.0
2008-08-28 00:00:00+08:00,18.11774692047456,18.58230505313045,18.11774692047456,18.184112548828125,27000,0.0,0.0
2008-08-29 00:00:00+08:00,18.25047421005537,18.25047421005537,17.387725026453,17.586820602416992,26000,0.0,0.0
2008-09-01 00:00:00+08:00,17.885465009895356,17.885465009895356,17.25499358414708,17.85228157043457,71000,0.0,0.0
2008-09-02 00:00:00+08:00,17.852283556752862,18.58230285047086,17.6531879611111,18.44957160949707,54000,0.0,0.0
2008-09-03 00:00:00+08:00,18.449569786019364,18.449569786019364,17.188628184670208,17.586820602416992,100000,0.0,0.0
2008-09-04 00:00:00+08:00,16.35906420172796,17.321362617166855,16.35906420172796,16.88998794555664,194000,0.0,0.0
2008-09-05 00:00:00+08:00,15.728594402781306,16.59134377263046,15.728594402781306,16.392248153686523,131000,0.0,0.0
2008-09-08 00:00:00+08:00,16.392246566706667,17.487274896523665,16.392246566706667,16.72407341003418,80000,0.0,0.0
2008-09-09 00:00:00+08:00,16.724071698555495,16.724071698555495,15.927686849740919,16.491792678833008,50000,0.0,0.0
2008-09-10 00:00:00+08:00,16.458611367376964,16.4917948120976,16.2595157623291,16.2595157623291,30000,0.0,0.0
2008-09-11 00:00:00+08:00,15.595864554246267,16.259518365065258,15.595864554246267,15.927691459655762,54000,0.0,0.0
2008-09-12 00:00:00+08:00,15.629047057246131,15.927691784533826,14.865845412401061,15.098124504089355,83000,0.0,0.0
2008-09-15 00:00:00+08:00,14.334920732807928,14.998574458717378,14.069459495607955,14.169007301330566,104000,0.0,0.0
2008-09-16 00:00:00+08:00,13.206708908081055,13.604901397262294,13.206708908081055,13.206708908081055,140000,0.0,0.0
2008-09-17 00:00:00+08:00,12.609418869018555,13.870360502756643,12.310774231582688,12.609418869018555,196000,0.0,0.0
2008-09-18 00:00:00+08:00,11.746670313084833,11.97894808191926,11.746670313084833,11.84621810913086,209000,0.0,0.0
2008-09-19 00:00:00+08:00,11.613939279829182,12.64260196685791,11.613939279829182,12.64260196685791,98000,0.0,0.0
2008-09-22 00:00:00+08:00,13.007613567278895,13.007613567278895,12.377142007461002,12.941247940063477,65000,0.0,0.0
2008-09-23 00:00:00+08:00,12.078497575269289,12.941246859580403,12.078497575269289,12.742151260375977,63000,0.0,0.0
2008-09-24 00:00:00+08:00,12.742152177898232,13.538535897879973,12.742152177898232,12.775334358215332,78000,0.0,0.0
2008-09-25 00:00:00+08:00,13.140343404979582,13.27307465788606,12.44350749176818,12.775334358215332,189000,0.0,0.0
2008-09-26 00:00:00+08:00,12.808514450096578,12.941245681361147,12.078496475597937,12.609418869018555,126000,0.0,0.0
2008-09-29 00:00:00+08:00,12.609418869018555,12.609418869018555,12.609418869018555,12.609418869018555,0,0.0,0.0
2008-09-30 00:00:00+08:00,11.746670689321292,12.576237792640057,11.746670689321292,11.779852867126465,69000,0.0,0.0
2008-10-01 00:00:00+08:00,12.012133174774608,12.277594422640865,12.012133174774608,12.11168098449707,37000,0.0,0.0
2008-10-02 00:00:00+08:00,11.879401735695703,12.908065795898438,11.879401735695703,12.908065795898438,69000,0.0,0.0
2008-10-03 00:00:00+08:00,12.808516721884033,13.007613604093784,12.443507669894744,12.908065795898438,29000,0.0,0.0
2008-10-06 00:00:00+08:00,12.377140703480075,12.377140703480075,12.012131690979006,12.012131690979004,21000,0.0,0.0
2008-10-07 00:00:00+08:00,11.613938645505558,12.27759228239159,11.613938645505558,11.978947639465332,20000,0.0,0.0
2008-10-08 00:00:00+08:00,11.713488008870915,12.27759392904489,11.647122383117678,11.647122383117676,41000,0.0,0.0
2008-10-09 00:00:00+08:00,11.879402056396907,12.144863307357351,11.613940805436464,11.680306434631348,101000,0.0,0.0
2008-10-13 00:00:00+08:00,11.348479658735254,12.144863418933015,11.282114028930664,11.282114028930664,68000,0.0,0.0
2008-10-14 00:00:00+08:00,11.94576517249317,11.94576517249317,11.481207131679794,11.580756187438965,54000,0.0,0.0
2008-10-15 00:00:00+08:00,11.315294625900735,11.61393928527832,11.315294625900735,11.61393928527832,48000,0.0,0.0
2008-10-16 00:00:00+08:00,11.215745936565932,11.580756187438965,11.215745936565932,11.580756187438965,31000,0.0,0.0
2008-10-17 00:00:00+08:00,11.580758023183467,11.647122383117678,11.580758023183467,11.647122383117676,23000,0.0,0.0
2008-10-20 00:00:00+08:00,11.448025670818954,11.547573466966641,11.315294432076099,11.481207847595215,44000,0.0,0.0
2008-10-21 00:00:00+08:00,11.613940912134508,11.613940912134508,11.282114028930664,11.282114028930664,14000,0.0,0.0
2008-10-22 00:00:00+08:00,10.95028587757518,11.083017121812766,10.917103699425262,10.983468055725098,20000,0.0,0.0
2008-10-23 00:00:00+08:00,10.618459701538086,10.618459701538086,10.618459701538086,10.618459701538086,22000,0.0,0.0
2008-10-24 00:00:00+08:00,10.286633208026492,10.286633208026492,10.253450393676758,10.253450393676758,12000,0.0,0.0
2008-10-27 00:00:00+08:00,9.556612968444824,9.622978591203124,9.556612968444824,9.556612968444824,18000,0.0,0.0
2008-10-28 00:00:00+08:00,8.892958721080726,9.423881771498108,8.892958721080726,9.15842056274414,49000,0.0,0.0
2008-10-29 00:00:00+08:00,9.423882840816233,9.68934471260133,8.760229110717773,8.760229110717773,62000,0.0,0.0
2008-10-30 00:00:00+08:00,8.494766456766106,9.357516288757324,8.494766456766106,9.357516288757324,99000,0.0,0.0
2008-10-31 00:00:00+08:00,9.622978261850982,9.755708869915308,9.19160362741455,9.224785804748535,33000,0.0,0.0
2008-11-03 00:00:00+08:00,9.224786802368108,9.689344930197342,9.224786802368108,9.490248680114746,23000,0.0,0.0
2008-11-04 00:00:00+08:00,10.153901608210315,10.153901608210315,9.954805374145508,9.954805374145508,75000,0.0,0.0
2008-11-05 00:00:00+08:00,9.490247916600614,10.220266597625596,9.490247916600614,9.954805374145508,24000,0.0,0.0
2008-11-06 00:00:00+08:00,9.954805475034135,9.954805475034135,9.490248012781107,9.523430824279785,50000,0.0,0.0
2008-11-07 00:00:00+08:00,9.523430824279785,9.954805475034135,8.892959304533367,9.523430824279785,23000,0.0,0.0
2008-11-10 00:00:00+08:00,9.523430824279785,9.523430824279785,9.523430824279785,9.523430824279785,3000,0.0,0.0
2008-11-11 00:00:00+08:00,9.092056274414062,9.15842190276763,9.05887346023728,9.092056274414062,11000,0.0,0.0
2008-11-12 00:00:00+08:00,8.760228977310101,9.058873024724518,8.760228977310101,8.892959594726562,22000,0.0,0.0
2008-11-13 00:00:00+08:00,8.494766728144386,8.494766728144386,8.295670509338379,8.295670509338379,44000,0.0,0.0
2008-11-14 00:00:00+08:00,8.295671382647711,8.59431542584113,7.731565475463867,7.731565475463867,21000,0.0,0.0
2008-11-17 00:00:00+08:00,7.731564504396408,7.731564504396408,7.200642108917236,7.200642108917236,48000,0.0,0.0
2008-11-18 00:00:00+08:00,6.769266822712294,7.300189847278034,6.702901840209961,6.702901840209961,165000,0.0,0.0
2008-11-19 00:00:00+08:00,6.702902907771382,7.034729771860866,6.702902907771382,6.901998519897461,39000,0.0,0.0
2008-11-20 00:00:00+08:00,6.503805626884132,6.73608401500642,6.470622819178257,6.702901840209961,85000,0.0,0.0
2008-11-21 00:00:00+08:00,6.371075721995238,7.03472941666518,6.371075721995238,6.769267559051514,36000,0.0,0.0
2008-11-24 00:00:00+08:00,6.769268574731322,6.9351820232929215,6.570172309875488,6.570172309875488,30000,0.0,0.0
2008-11-25 00:00:00+08:00,6.901998892235533,7.00154733657837,6.901998892235533,7.001547336578369,36000,0.0,0.0
2008-11-26 00:00:00+08:00,7.001546573064237,7.466104030609131,7.001546573064237,7.466104030609131,94000,0.0,0.0
2008-11-27 00:00:00+08:00,7.831115094246002,7.963845729827881,7.831115094246002,7.963845729827881,47000,0.0,0.0
2008-11-28 00:00:00+08:00,8.494767189025879,8.494767189025879,8.494767189025879,8.494767189025879,32000,0.0,0.0
2008-12-01 00:00:00+08:00,9.058870708767278,9.058870708767278,8.693861762416216,8.959322929382324,146000,0.0,0.0
2008-12-02 00:00:00+08:00,8.428401568186748,8.926141825751825,8.428401568186748,8.494767189025879,64000,0.0,0.0
2008-12-03 00:00:00+08:00,8.859776837822162,8.859776837822162,8.428401568186748,8.494767189025879,25000,0.0,0.0
2008-12-04 00:00:00+08:00,8.627498185578267,8.693863809400359,8.428401947021484,8.428401947021484,25000,0.0,0.0
2008-12-05 00:00:00+08:00,8.428402368655611,8.428402368655611,8.32885456085205,8.32885456085205,9000,0.0,0.0
2008-12-08 00:00:00+08:00,8.594315115600663,8.627497926515309,8.36203670501709,8.36203670501709,43000,0.0,0.0
2008-12-09 00:00:00+08:00,8.527949590448486,8.760227986426534,8.527949590448486,8.594314575195312,84000,0.0,0.0
2008-12-10 00:00:00+08:00,8.627498491279985,8.892959730155562,8.627498491279985,8.760229110717773,77000,0.0,0.0
2008-12-11 00:00:00+08:00,8.892959730155562,8.992508169416041,8.660681304366811,8.760229110717773,71000,0.0,0.0
2008-12-12 00:00:00+08:00,8.76022853726442,8.892959148013528,8.36203670501709,8.36203670501709,39000,0.0,0.0
2008-12-15 00:00:00+08:00,8.395219040713497,8.727045890273864,8.395219040713497,8.527950286865234,32000,0.0,0.0
2008-12-16 00:00:00+08:00,8.56113176636718,8.793410795254664,8.428401163964093,8.594314575195312,27000,0.0,0.0
2008-12-17 00:00:00+08:00,8.760228391680936,9.191603660583496,8.760228391680936,9.191603660583496,151000,0.0,0.0
2008-12-18 00:00:00+08:00,9.622978653482765,9.822074890136719,9.390699605234902,9.822074890136719,318000,0.0,0.0
2008-12-19 00:00:00+08:00,9.755709108544439,10.021170964075877,9.49024788592248,9.656161308288574,117000,0.0,0.0
2008-12-22 00:00:00+08:00,9.954805691500088,9.954805691500088,8.992507934570312,8.992507934570312,103000,0.0,0.0
2008-12-23 00:00:00+08:00,8.527950670925517,8.561132851048338,8.395219418796165,8.46158504486084,92000,0.0,0.0
2008-12-24 00:00:00+08:00,8.428401446305823,8.89295888673349,8.229305219576977,8.627497673034668,81000,0.0,0.0
2008-12-25 00:00:00+08:00,8.69386389040721,9.025690746790547,8.627498265966743,8.992507934570312,43000,0.0,0.0
2008-12-26 00:00:00+08:00,8.959324459207073,9.291151291029557,8.859776662824109,9.025690078735352,52000,0.0,0.0
2008-12-29 00:00:00+08:00,9.025690429879312,9.656161308288574,9.025690429879312,9.656161308288574,88000,0.0,0.0
2008-12-30 00:00:00+08:00,9.921622692008953,10.087536117069,9.656161465076671,9.822074890136719,106000,0.0,0.0
2008-12-31 00:00:00+08:00,9.755708963159522,10.48572826385498,9.622978353826568,10.48572826385498,191000,0.0,0.0
2009-01-02 00:00:00+08:00,10.48572826385498,10.48572826385498,10.48572826385498,10.48572826385498,0,0.0,0.0
2009-01-05 00:00:00+08:00,10.751191083255213,10.751191083255213,10.187085151672363,10.187085151672363,235000,0.0,0.0
2009-01-06 00:00:00+08:00,10.253449408787978,10.28663221995036,9.622978528340658,9.954805374145508,84000,0.0,0.0
2009-01-07 00:00:00+08:00,10.220266890969466,10.552093746298468,9.987988471984863,9.987988471984863,157000,0.0,0.0
2009-01-08 00:00:00+08:00,9.65616029097098,9.921621485625472,9.357516288757324,9.357516288757324,39000,0.0,0.0
2009-01-09 00:00:00+08:00,9.35751766476107,9.954805757018372,9.224786415006555,9.888440132141113,91000,0.0,0.0
2009-01-12 00:00:00+08:00,9.589795910686352,9.722526525104705,9.423882484436035,9.423882484436035,22000,0.0,0.0
2009-01-13 00:00:00+08:00,9.954805575018945,9.954805575018945,9.423882484436035,9.423882484436035,40000,0.0,0.0
2009-01-14 00:00:00+08:00,9.423883052450703,9.622979302533299,9.423883052450703,9.490248680114746,41000,0.0,0.0
2009-01-15 00:00:00+08:00,9.02568984143805,9.29115104675293,8.95932422365461,9.29115104675293,87000,0.0,0.0
2009-01-16 00:00:00+08:00,9.390700336186038,9.092056274414062,9.092056274414062,9.092056274414062,29000,0.0,0.0
2009-01-19 00:00:00+08:00,8.826593484337986,8.959324084940402,8.727045059204102,8.727045059204102,94000,0.0,0.0
2009-01-20 00:00:00+08:00,8.594314987375107,8.7270455961439,8.494767189025879,8.494767189025879,23000,0.0,0.0
2009-01-21 00:00:00+08:00,8.295671239009183,8.62749808856955,8.295671239009183,8.527950286865234,39000,0.0,0.0
2009-02-02 00:00:00+08:00,8.95932534161736,8.992508154649698,8.46158504486084,8.46158504486084,22000,0.0,0.0
2009-02-03 00:00:00+08:00,8.859777296491043,8.892959475718975,8.627498244438513,8.693863868713379,27000,0.0,0.0
2009-02-04 00:00:00+08:00,8.660680437148727,9.025690078735352,8.660680437148727,9.025690078735352,26000,0.0,0.0
2009-02-05 00:00:00+08:00,8.992508068509924,9.025690881224403,8.826594637847046,8.859777450561523,28000,0.0,0.0
2009-02-06 00:00:00+08:00,8.992508068509924,9.224786491692248,8.859777450561523,8.859777450561523,56000,0.0,0.0
2009-02-09 00:00:00+08:00,9.457064628601074,9.457064628601074,9.457064628601074,9.457064628601074,38000,0.0,0.0
2009-02-10 00:00:00+08:00,10.087535858154297,10.087535858154297,9.755709016551132,10.087535858154297,244000,0.0,0.0
2009-02-11 00:00:00+08:00,10.021171284099664,10.419363130748767,9.855257856435163,9.987988471984863,212000,0.0,0.0
2009-02-12 00:00:00+08:00,10.153902863368785,10.684826008867656,10.08753723284034,10.286633491516113,233000,0.0,0.0
2009-02-13 00:00:00+08:00,10.618459032800175,10.983468055725098,10.585276221740779,10.983468055725098,325000,0.0,0.0
2009-02-16 00:00:00+08:00,11.083017938200255,11.746671676635742,11.083017938200255,11.746671676635742,278000,0.0,0.0
2009-02-17 00:00:00+08:00,11.912585308203813,12.343959992155291,10.950286865234375,10.950286865234375,354000,0.0,0.0
2009-02-18 00:00:00+08:00,10.618459812396456,10.917104500947726,10.286632943259066,10.81755542755127,133000,0.0,0.0
2009-02-19 00:00:00+08:00,10.883920348076357,11.547574043273926,10.817554725392805,11.547574043273926,151000,0.0,0.0
2009-02-20 00:00:00+08:00,11.945766122000558,12.211227338214563,11.547573664770088,11.61393928527832,368000,0.0,0.0
2009-02-23 00:00:00+08:00,11.945766022798834,12.410324096679688,11.6139391888322,12.410324096679688,178000,0.0,0.0
2009-02-24 00:00:00+08:00,12.410325453978238,13.273074810321514,11.978949509987546,12.941247940063477,393000,0.0,0.0
2009-02-25 00:00:00+08:00,12.941248034749673,13.47217052471947,12.543055534362793,12.543055534362793,225000,0.0,0.0
2009-02-26 00:00:00+08:00,12.874882407048682,12.874882407048682,12.277594289377895,12.543055534362793,94000,0.0,0.0
2009-02-27 00:00:00+08:00,12.543053253386269,12.908063506454422,12.343957672308246,12.609418869018555,104000,0.0,0.0
2009-03-02 00:00:00+08:00,12.609419102629404,12.609419102629404,12.343957901000978,12.343957901000977,124000,0.0,0.0
2009-03-03 00:00:00+08:00,11.912583288431815,12.211226665539215,11.813034230243824,11.978947639465332,60000,0.0,0.0
2009-03-04 00:00:00+08:00,11.978948533815819,12.60942004225621,11.945766355821673,12.377140998840332,134000,0.0,0.0
2009-03-05 00:00:00+08:00,12.874881463397324,12.874881463397324,12.012132163975972,12.509872436523438,172000,0.0,0.0
2009-03-06 00:00:00+08:00,12.34395901234095,12.808515840560535,12.34395901234095,12.509872436523438,62000,0.0,0.0
2009-03-09 00:00:00+08:00,12.808516779347693,12.808516779347693,12.44350772572084,12.543055534362793,43000,0.0,0.0
2009-03-10 00:00:00+08:00,12.742150057940101,13.405803680419922,12.742150057940101,13.405803680419922,94000,0.0,0.0
2009-03-11 00:00:00+08:00,14.334919929504395,14.334919929504395,14.334919929504395,14.334919929504395,198000,0.0,0.0
2009-03-12 00:00:00+08:00,15.330400271654241,15.330400271654241,14.633563147686038,15.19766902923584,424000,0.0,0.0
2009-03-13 00:00:00+08:00,16.259518365065258,16.259518365065258,15.529498920000531,15.927691459655762,280000,0.0,0.0
2009-03-16 00:00:00+08:00,15.927689090851814,16.126784698159863,15.131304129981624,15.429948806762695,236000,0.0,0.0
2009-03-17 00:00:00+08:00,15.42995110154152,16.325883999310996,15.131306380345299,15.927691459655762,220000,0.0,0.0
2009-03-18 00:00:00+08:00,16.060419481588088,16.093601659093697,15.463130159935648,15.629043579101562,91000,0.0,0.0
2009-03-19 00:00:00+08:00,15.728594063410233,15.728594063410233,15.297218121974248,15.496315002441406,84000,0.0,0.0
2009-03-20 00:00:00+08:00,15.662228436587847,15.861324051235957,15.06494032682447,15.496315002441406,133000,0.0,0.0
2009-03-23 00:00:00+08:00,15.662227055908552,15.728592676880579,15.463130192992468,15.595861434936523,65000,0.0,0.0
2009-03-24 00:00:00+08:00,15.66222778521705,16.0936024428937,15.66222778521705,15.828141212463379,126000,0.0,0.0
2009-03-25 00:00:00+08:00,15.861323962008045,16.060420841355185,15.761776155243997,15.89450740814209,81000,0.0,0.0
2009-03-26 00:00:00+08:00,15.960873732047581,16.259518454893716,15.960873732047581,16.126787185668945,92000,0.0,0.0
2009-03-27 00:00:00+08:00,16.591341678912823,17.254995346069336,16.392246085093436,17.254995346069336,207000,0.0,0.0
2009-03-30 00:00:00+08:00,18.449571440623494,18.449571440623494,17.254995346069336,17.254995346069336,309000,0.0,0.0
2009-03-31 00:00:00+08:00,16.060420720035946,17.155449117806796,16.060420720035946,16.325881958007812,153000,0.0,0.0
2009-04-02 00:00:00+08:00,16.92316985979137,17.785919189453125,16.92316985979137,17.785919189453125,142000,0.0,0.0
2009-04-03 00:00:00+08:00,18.250477844018246,18.250477844018246,16.6577091217041,16.6577091217041,155000,0.0,0.0
2009-04-06 00:00:00+08:00,16.923167715998538,17.586821351920047,16.923167715998538,17.454090118408203,135000,0.0,0.0
2009-04-07 00:00:00+08:00,16.9895348822621,17.387727353295382,16.88998708095852,17.122264862060547,76000,0.0,0.0
2009-04-08 00:00:00+08:00,16.724073656846233,17.58682295590254,16.724073656846233,17.122264862060547,104000,0.0,0.0
2009-04-09 00:00:00+08:00,17.254995223579055,18.084562301635742,17.254995223579055,18.084562301635742,225000,0.0,0.0
2009-04-10 00:00:00+08:00,17.387729078490125,18.084565022573578,17.25499781970323,17.32136344909668,157000,0.0,0.0
2009-04-13 00:00:00+08:00,17.32136344909668,17.520459071457925,17.055902197341986,17.32136344909668,86000,0.0,0.0
2009-04-14 00:00:00+08:00,18.051381690105064,18.051381690105064,16.690890804630428,17.785919189453125,84000,0.0,0.0
2009-04-15 00:00:00+08:00,17.254993798597805,17.785916178380987,17.254993798597805,17.586820602416992,68000,0.0,0.0
2009-04-16 00:00:00+08:00,18.051381493581093,18.184111476643025,17.586823388316823,17.985015869140625,147000,0.0,0.0
2009-04-17 00:00:00+08:00,18.582304442756893,18.582304442756893,16.856804491337087,17.520458221435547,182000,0.0,0.0
2009-04-20 00:00:00+08:00,16.989533020154056,17.188628600939694,16.3258793964435,17.089080810546875,128000,0.0,0.0
2009-04-21 00:00:00+08:00,16.32587991831583,17.25499476804689,16.32587991831583,17.188629150390625,70000,0.0,0.0
2009-04-22 00:00:00+08:00,17.254996231552408,17.885467754032877,17.188630608267257,17.653188705444336,195000,0.0,0.0
2009-04-23 00:00:00+08:00,17.719554328729487,18.051381179336264,17.38772747812271,17.653188705444336,137000,0.0,0.0
2009-04-24 00:00:00+08:00,17.686370202268364,18.383207321166992,17.686370202268364,18.383207321166992,202000,0.0,0.0
2009-04-27 00:00:00+08:00,18.44957085673312,18.58230209229132,17.122263564426596,17.155447006225586,187000,0.0,0.0
2009-04-28 00:00:00+08:00,17.05590071415853,17.05590071415853,16.2595157623291,16.2595157623291,83000,0.0,0.0
2009-04-29 00:00:00+08:00,15.794958335559,16.259516454883283,15.794958335559,15.89450740814209,105000,0.0,0.0
2009-04-30 00:00:00+08:00,16.12678383878093,16.989534378051758,16.12678383878093,16.989534378051758,139000,0.0,0.0
2009-05-04 00:00:00+08:00,16.989535743684392,17.785919460311124,16.989535743684392,17.520458221435547,106000,0.0,0.0
2009-05-05 00:00:00+08:00,17.58682295590254,17.65318857871125,17.122264862060547,17.122264862060547,53000,0.0,0.0
2009-05-06 00:00:00+08:00,17.12226257074261,17.752734004326587,17.12226257074261,17.586820602416992,73000,0.0,0.0
2009-05-07 00:00:00+08:00,17.586822476340615,17.918649315516852,17.48727467775153,17.620004653930664,91000,0.0,0.0
2009-05-08 00:00:00+08:00,18.582303740035364,18.84776496887207,18.51593811637144,18.84776496887207,108000,0.0,0.0
2009-05-11 00:00:00+08:00,20.141887664794922,20.141887664794922,20.141887664794922,20.141887664794922,48000,0.0,0.0
2009-05-12 00:00:00+08:00,21.53556251525879,21.53556251525879,21.53556251525879,21.53556251525879,58000,0.0,0.0
2009-05-13 00:00:00+08:00,23.028785705566406,23.028785705566406,23.028785705566406,23.028785705566406,100000,0.0,0.0
2009-05-14 00:00:00+08:00,24.621549606323242,24.621549606323242,24.25654060212686,24.621549606323242,1992000,0.0,0.0
2009-05-15 00:00:00+08:00,26.280679789824983,26.280679789824983,23.891528002254496,24.48881721496582,890000,0.0,0.0
2009-05-18 00:00:00+08:00,23.758800360503308,25.218838908926617,23.758800360503308,24.621549606323242,463000,0.0,0.0
2009-05-19 00:00:00+08:00,25.185657413545414,25.185657413545414,23.02878297485087,23.22787857055664,515000,0.0,0.0
2009-05-20 00:00:00+08:00,23.559704202331964,24.22335784183427,22.298761274622485,23.858348846435547,435000,0.0,0.0
2009-05-21 00:00:00+08:00,24.190178339952453,24.555187375696008,23.39379337819687,23.75880241394043,311000,0.0,0.0
2009-05-22 00:00:00+08:00,23.22787961094071,25.417936325073242,23.22787961094071,25.417936325073242,539000,0.0,0.0
2009-05-25 00:00:00+08:00,27.176620483398438,27.176620483398438,26.546148939751724,27.176620483398438,996000,0.0,0.0
2009-05-26 00:00:00+08:00,28.138919101113345,29.068032802032423,25.882495411553457,26.34705352783203,1104000,0.0,0.0
2009-05-27 00:00:00+08:00,27.077070449646307,28.17210006713867,26.944339203338455,28.172100067138672,449000,0.0,0.0
2009-06-01 00:00:00+08:00,29.79805613188929,29.79805613188929,27.541632237153895,28.205286026000977,581000,0.0,0.0
2009-06-02 00:00:00+08:00,28.63665853823985,30.163061561665316,28.47074511109278,29.731685638427734,1188000,0.0,0.0
2009-06-03 00:00:00+08:00,27.873459471466152,29.134402698306857,27.674363838711916,28.470748901367188,484000,0.0,0.0
2009-06-04 00:00:00+08:00,28.404380025870545,28.86893815772478,27.607995018640164,28.537111282348633,242000,0.0,0.0
2009-06-05 00:00:00+08:00,28.537110911395004,30.26260962826597,28.537110911395004,30.129880905151367,355000,0.0,0.0
2009-06-08 00:00:00+08:00,34.17816442124387,34.17816442124387,31.191722869873047,31.191722869873047,736000,0.0,0.0
2009-06-09 00:00:00+08:00,30.063509458347497,30.859894334600213,29.03484682018837,29.5325870513916,615000,0.0,0.0
2009-06-10 00:00:00+08:00,30.12987795572322,30.82671381041374,28.66983935964345,29.200761795043945,527000,0.0,0.0
2009-06-11 00:00:00+08:00,29.200763737965804,29.46622623914798,27.408898184081202,29.16758155822754,459000,0.0,0.0
2009-06-12 00:00:00+08:00,29.068030553284355,30.52806914936413,28.60347247294472,29.200761795043945,483000,0.0,0.0
2009-06-15 00:00:00+08:00,29.068032582700532,29.068032582700532,27.176620483398438,27.176620483398438,200000,0.0,0.0
2009-06-16 00:00:00+08:00,25.948860241523317,26.54614962064303,25.351573394041715,25.882495880126953,239000,0.0,0.0
2009-06-17 00:00:00+08:00,25.882491362722295,26.34704940632946,25.21883773803711,25.21883773803711,162000,0.0,0.0
2009-06-18 00:00:00+08:00,25.21883856012891,25.816127854471272,23.493340092354135,24.289722442626953,223000,0.0,0.0
2009-06-19 00:00:00+08:00,24.289719868272307,25.1524715423584,24.289719868272307,25.1524715423584,199000,0.0,0.0
2009-06-22 00:00:00+08:00,25.152478405077463,26.911159342292947,25.152478405077463,26.479785919189453,308000,0.0,0.0
2009-06-23 00:00:00+08:00,26.21432113647461,26.347052382733715,25.550667436817022,26.21432113647461,117000,0.0,0.0
2009-06-24 00:00:00+08:00,26.41341902450095,26.745245903028948,26.214323403711788,26.479785919189453,147000,0.0,0.0
2009-06-25 00:00:00+08:00,26.877971799750075,26.877971799750075,25.21883773803711,25.21883773803711,153000,0.0,0.0
2009-06-26 00:00:00+08:00,25.882495509824427,25.882495509824427,25.517486464090414,25.617033004760742,153000,0.0,0.0
2009-06-29 00:00:00+08:00,25.21883773803711,25.550664550379704,25.21883773803711,25.21883773803711,97000,0.0,0.0
2009-06-30 00:00:00+08:00,25.351572036743164,25.55066764191098,25.21884078941863,25.351572036743164,102000,0.0,0.0
2009-07-01 00:00:00+08:00,25.38475521155857,26.081591122803154,25.086110526271444,25.617033004760742,86000,0.0,0.0
2009-07-02 00:00:00+08:00,25.617032345267216,25.882494843496744,25.617032345267216,25.650217056274414,81000,0.0,0.0
2009-07-03 00:00:00+08:00,25.484303079506446,26.91115701478748,25.351571833247338,26.21432113647461,105000,0.0,0.0
2009-07-06 00:00:00+08:00,26.54614688822402,26.54614688822402,25.882493216018418,26.01522445678711,117000,0.0,0.0
2009-07-07 00:00:00+08:00,26.778608965710134,27.799394607543945,26.676531959122034,27.799394607543945,535000,0.971758,0.0
2009-07-08 00:00:00+08:00,27.56121208742643,29.12641620529173,27.357055480051322,29.058364868164062,481000,0.0,0.0
2009-07-09 00:00:00+08:00,28.922256855737594,29.46667528911781,28.513943679700397,28.581995010375977,279000,0.0,0.0
2009-07-10 00:00:00+08:00,29.568755519530338,30.28330489101892,28.92225748018661,30.147199630737305,377000,0.0,0.0
2009-07-13 00:00:00+08:00,32.256829346271616,32.256829346271616,30.657596849361777,30.725650787353516,736000,0.0,0.0
2009-07-14 00:00:00+08:00,30.725650787353512,31.916567444289814,29.806942094407276,30.725650787353516,343000,0.0,0.0
2009-07-15 00:00:00+08:00,31.3040912307772,31.3040912307772,30.147200383484865,30.317331314086914,204000,0.0,0.0
2009-07-16 00:00:00+08:00,30.419411801304292,30.929804608051036,29.943044662475586,29.943044662475586,181000,0.0,0.0
2009-07-17 00:00:00+08:00,28.92226054596697,29.943046212295215,28.92226054596697,29.12641716003418,276000,0.0,0.0
2009-07-20 00:00:00+08:00,29.19447208550363,29.909021556968625,29.19447208550363,29.50070571899414,191000,0.0,0.0
2009-07-21 00:00:00+08:00,29.602778880753373,29.602778880753373,28.616019065529915,28.786149978637695,192000,0.0,0.0
2009-07-22 00:00:00+08:00,28.78615378131789,30.215255197804005,28.78615378131789,29.943044662475586,217000,0.0,0.0
2009-07-23 00:00:00+08:00,30.28330177912021,30.28330177912021,29.398621572186943,29.466672897338867,168000,0.0,0.0
2009-07-24 00:00:00+08:00,29.534731744937897,29.874993619437216,28.990310668945316,28.990310668945312,193000,0.0,0.0
2009-07-27 00:00:00+08:00,28.99031236106857,29.56875913907578,28.99031236106857,29.092391967773438,96000,0.0,0.0
2009-07-28 00:00:00+08:00,29.53472900390625,30.385383611207793,29.26251849117302,29.53472900390625,147000,0.0,0.0
2009-07-29 00:00:00+08:00,29.87499222023613,30.147200149491425,28.956283644520607,29.26251983642578,142000,0.0,0.0
2009-07-30 00:00:00+08:00,28.990309159023322,29.126414420932605,27.56121039895573,28.650047302246094,190000,0.0,0.0
2009-07-31 00:00:00+08:00,28.581997457942965,29.602783081440926,28.581997457942965,28.990310668945312,155000,0.0,0.0
2009-08-03 00:00:00+08:00,29.602781157220885,30.997854232788082,29.262519304839035,30.997854232788086,944000,0.0,0.0
2009-08-04 00:00:00+08:00,32.869298281809655,32.869298281809655,30.96383220384821,31.54227638244629,1082000,0.0,0.0
2009-08-05 00:00:00+08:00,32.222798160880885,32.222798160880885,29.364600519892768,29.943044662475586,333000,0.0,0.0
2009-08-06 00:00:00+08:00,27.96952477132469,29.943044662475586,27.96952477132469,29.943044662475586,159000,0.0,0.0
2009-08-10 00:00:00+08:00,29.943040184210172,30.589538161931227,29.26251654365994,30.079145431518555,116000,0.0,0.0
2009-08-11 00:00:00+08:00,30.725649786005356,30.725649786005356,30.11317734400166,30.487464904785156,146000,0.0,0.0
2009-08-12 00:00:00+08:00,31.236040393647688,32.59708786010742,30.86175026357764,32.59708786010742,751000,0.0,0.0
2009-08-13 00:00:00+08:00,33.005400101343795,33.413713291004875,32.18877112602968,32.665138244628906,714000,0.0,0.0
2009-08-14 00:00:00+08:00,33.005400314068204,33.005400314068204,30.419410705566406,30.419410705566406,373000,0.0,0.0
2009-08-17 00:00:00+08:00,30.487462008054514,30.92980346258332,28.990309311178525,29.26251983642578,320000,0.0,0.0
2009-08-18 00:00:00+08:00,28.581993402106704,29.602778880753373,28.581993402106704,28.786149978637695,140000,0.0,0.0
2009-08-19 00:00:00+08:00,28.922259451329023,29.909019410631608,28.922259451329023,29.602783203125,72000,0.0,0.0
2009-08-20 00:00:00+08:00,29.60278432351913,29.60278432351913,28.92226054596697,29.12641716003418,63000,0.0,0.0
2009-08-21 00:00:00+08:00,29.12641180485325,29.602778880753373,28.581993402106704,28.786149978637695,129000,0.0,0.0
2009-08-24 00:00:00+08:00,29.56875753473362,29.67083453990776,29.19446999044425,29.602783203125,95000,0.0,0.0
2009-08-25 00:00:00+08:00,29.262520268175702,31.64435331325977,28.922258404592263,31.236040115356445,375000,0.0,0.0
2009-08-26 00:00:00+08:00,30.75967339101856,30.79369905862526,29.738887786865234,29.738887786865234,224000,0.0,0.0
2009-08-27 00:00:00+08:00,29.26252317284637,30.283308864922407,29.12641789470445,29.29654884338379,108000,0.0,0.0
2009-08-28 00:00:00+08:00,29.738884443688843,29.80693577125208,29.364596950107565,29.704858779907227,52000,0.0,0.0
2009-08-31 00:00:00+08:00,29.704857948414258,30.147196757176907,29.26251654365994,30.079145431518555,52000,0.0,0.0
2009-09-01 00:00:00+08:00,30.079147247713994,31.440194610995242,29.80693673666101,30.623565673828125,165000,0.0,0.0
2009-09-02 00:00:00+08:00,30.7596732541769,30.96382985490092,30.283306121826172,30.283306121826172,122000,0.0,0.0
2009-09-03 00:00:00+08:00,30.283305442804846,31.03188049400548,29.943043583896923,30.419410705566406,160000,0.0,0.0
2009-09-04 00:00:00+08:00,30.895779196833484,32.324878029201344,30.487463390448323,31.304092407226562,491000,0.0,0.0
2009-09-07 00:00:00+08:00,31.644350806435387,32.12071789691342,30.623565296550375,30.96382713317871,227000,0.0,0.0
2009-09-08 00:00:00+08:00,31.304090249226356,33.107479095458984,30.963828398691287,33.107479095458984,1710000,0.0,0.0
2009-09-09 00:00:00+08:00,33.10747981692104,33.17553115011424,31.644352789339734,32.12071990966797,803000,0.0,0.0
2009-09-10 00:00:00+08:00,33.14150528658797,34.36644744873047,32.76721776426553,34.36644744873047,3230000,0.0,0.0
2009-09-11 00:00:00+08:00,34.70671229686552,36.06775983791907,34.70671229686552,35.046974182128906,2192000,0.0,0.0
2009-09-14 00:00:00+08:00,35.45527742423347,37.2926916065623,34.70670252579909,35.38722610473633,1554000,0.0,0.0
2009-09-15 00:00:00+08:00,35.3872308635607,35.3872308635607,34.36644535788107,35.31917953491211,1259000,0.0,0.0
2009-09-16 00:00:00+08:00,35.387229300834036,37.76906204223633,35.11501880627711,37.76906204223633,2271000,0.0,0.0
2009-09-17 00:00:00+08:00,37.70101616142544,38.041278030766854,36.40802001953125,36.40802001953125,1483000,0.0,0.0
2009-09-18 00:00:00+08:00,36.06775815018984,37.70101616142544,35.99970681471837,36.40802001953125,912000,0.0,0.0
2009-09-21 00:00:00+08:00,36.408017057749376,38.789849949377846,36.27191180188653,36.88438415527344,1227000,0.0,0.0
2009-09-22 00:00:00+08:00,36.8843826875299,37.29269584287858,35.93164853039402,35.99970245361328,748000,0.0,0.0
2009-09-23 00:00:00+08:00,35.99970539558176,36.61217517865704,34.23034218716087,34.36644744873047,624000,0.0,0.0
2009-09-24 00:00:00+08:00,34.29839318077609,35.31917866120405,34.026182680931946,34.842811584472656,243000,0.0,0.0
2009-09-25 00:00:00+08:00,34.43450014463803,36.4080200255408,34.43450014463803,35.251129150390625,300000,0.0,0.0
2009-09-28 00:00:00+08:00,35.93165440080197,35.93165440080197,35.25113063337772,35.591392517089844,246000,0.0,0.0
2009-09-29 00:00:00+08:00,35.99969836417641,36.68022194311365,35.38722610473633,35.38722610473633,422000,0.0,0.0
2009-09-30 00:00:00+08:00,35.999705320185726,36.40801850804743,35.52333820368579,36.06775665283203,293000,0.0,0.0
2009-10-01 00:00:00+08:00,36.81632576726995,37.156587567692014,35.863594283683106,37.020484924316406,647000,0.0,0.0
2009-10-02 00:00:00+08:00,36.61217414135462,36.81633072992885,35.79554519106585,36.135807037353516,370000,0.0,0.0
2009-10-05 00:00:00+08:00,35.863603110857824,37.90517441588587,35.79554917642826,37.360755920410156,672000,0.0,0.0
2009-10-06 00:00:00+08:00,37.701012814600205,37.701012814600205,36.81632995605469,36.81632995605469,388000,0.0,0.0
2009-10-07 00:00:00+08:00,37.360750975464796,37.360750975464796,36.68022729719397,36.81632995605469,316000,0.0,0.0
2009-10-08 00:00:00+08:00,36.816333364764844,37.56491103776632,35.86360168457031,35.86360168457031,408000,0.0,0.0
2009-10-09 00:00:00+08:00,35.86360300909372,37.564912425122905,35.04697397020128,36.74828338623047,1067000,0.0,0.0
2009-10-12 00:00:00+08:00,37.42880715264214,37.42880715264214,36.1358109580631,36.74828338623047,426000,0.0,0.0
2009-10-13 00:00:00+08:00,36.271912295066954,36.47606888364118,35.79554519106585,36.135807037353516,472000,0.0,0.0
2009-10-14 00:00:00+08:00,36.27190935439408,37.020486913132636,36.27190935439408,36.6121711730957,349000,0.0,0.0
2009-10-15 00:00:00+08:00,36.748284957600866,37.22465213365711,35.93165588378906,35.93165588378906,337000,0.0,0.0
2009-10-16 00:00:00+08:00,36.748286655970986,36.748286655970986,35.727500915527344,35.727500915527344,192000,0.0,0.0
2009-10-19 00:00:00+08:00,36.06775665283203,36.33996717540113,35.93165139154749,36.06775665283203,168000,0.0,0.0
2009-10-20 00:00:00+08:00,36.06775570649273,36.40801755278039,36.06775570649273,36.135807037353516,224000,0.0,0.0
2009-10-21 00:00:00+08:00,36.13580550248938,36.40801600635415,35.72749234268399,35.7955436706543,163000,0.0,0.0
2009-10-22 00:00:00+08:00,35.45528671114947,35.727497252421905,35.11502483255497,35.18307876586914,227000,0.0,0.0
2009-10-23 00:00:00+08:00,35.591391019788205,35.591391019788205,35.18307781490793,35.251129150390625,53000,0.0,0.0
2009-10-26 00:00:00+08:00,35.251126006773,35.79554443006068,35.115020751953125,35.115020751953125,156000,0.0,0.0
2009-10-27 00:00:00+08:00,35.0469726861692,35.0469726861692,34.70671081542969,34.70671081542969,100000,0.0,0.0
2009-10-28 00:00:00+08:00,34.70671081542969,35.11502402192028,34.70671081542969,34.70671081542969,96000,0.0,0.0
2009-10-29 00:00:00+08:00,34.706714052142516,34.706714052142516,33.14150981996984,33.68592834472656,159000,0.0,0.0
2009-10-30 00:00:00+08:00,34.16229249628444,34.638659636677275,33.005401611328125,33.005401611328125,192000,0.0,0.0
2009-11-02 00:00:00+08:00,31.304088223365046,32.66513553742439,31.16798297276076,31.644350051879883,250000,0.0,0.0
2009-11-03 00:00:00+08:00,31.644350051879883,32.188768458305276,31.508244801275602,31.644350051879883,143000,0.0,0.0
2009-11-04 00:00:00+08:00,31.984616811651936,32.46098396421539,31.984616811651936,32.32487869262695,99000,0.0,0.0
2009-11-05 00:00:00+08:00,32.324880734838615,34.02619024719854,32.324880734838615,33.68592834472656,229000,0.0,0.0
2009-11-06 00:00:00+08:00,34.70671081542969,34.97892135041812,33.75397653896225,34.70671081542969,279000,0.0,0.0
2009-11-09 00:00:00+08:00,35.591391160154,35.591391160154,34.70671081542969,34.70671081542969,541000,0.0,0.0
2009-11-10 00:00:00+08:00,34.70671068467042,34.91086728714654,33.95813561026062,34.09423828125,206000,0.0,0.0
2009-11-11 00:00:00+08:00,34.09423911816891,34.09423911816891,33.41371536254883,33.41371536254883,234000,0.0,0.0
2009-11-12 00:00:00+08:00,33.413712494654405,33.99215919487873,33.073450646049,33.34566116333008,150000,0.0,0.0
2009-11-13 00:00:00+08:00,33.34566348360986,33.54982008778049,33.005401611328125,33.005401611328125,89000,0.0,0.0
2009-11-16 00:00:00+08:00,33.073455810546875,33.58384866315403,33.073455810546875,33.073455810546875,100000,0.0,0.0
2009-11-17 00:00:00+08:00,33.24358527361238,33.54982149066966,32.66514110494256,32.733192443847656,117000,0.0,0.0
2009-11-18 00:00:00+08:00,33.00539635963721,33.3456581777778,32.835265450566915,32.971370697021484,86000,0.0,0.0
2009-11-19 00:00:00+08:00,33.65190260109703,33.65190260109703,32.971378797620815,33.073455810546875,101000,0.0,0.0
2009-11-20 00:00:00+08:00,33.34566116333008,33.549817753294946,33.175530239027374,33.34566116333008,51000,0.0,0.0
2009-11-23 00:00:00+08:00,33.34566135243677,33.685923202971836,32.90331990834442,33.107479095458984,98000,0.0,0.0
2009-11-24 00:00:00+08:00,33.107481900739586,33.41371551537558,32.665140419166526,32.86929702758789,157000,0.0,0.0
2009-11-25 00:00:00+08:00,32.66514110494256,33.27761353905711,32.66514110494256,32.733192443847656,79000,0.0,0.0
2009-11-26 00:00:00+08:00,32.76721699325138,32.86929399003275,32.12071896300188,32.18877029418945,138000,0.0,0.0
2009-11-27 00:00:00+08:00,31.98461615520975,31.98461615520975,31.304092407226562,31.304092407226562,189000,0.0,0.0
2009-11-30 00:00:00+08:00,30.963829073439953,32.12071990966797,30.963829073439953,32.12071990966797,82000,0.0,0.0
2009-12-01 00:00:00+08:00,32.256824221368916,32.66513740047814,32.08669329740809,32.18877029418945,31000,0.0,0.0
2009-12-02 00:00:00+08:00,32.18877212795936,32.801244527507166,31.746433258056637,31.74643325805664,69000,0.0,0.0
2009-12-03 00:00:00+08:00,31.950590487009006,32.18877276040629,31.16798713843151,31.304092407226562,93000,0.0,0.0
2009-12-04 00:00:00+08:00,31.304092407226562,31.644354281218156,31.304092407226562,31.304092407226562,82000,0.0,0.0
2009-12-07 00:00:00+08:00,31.304093007280102,33.48176956176758,31.304093007280102,33.48176956176758,372000,0.0,0.0
2009-12-08 00:00:00+08:00,34.706703842443986,34.84280908259306,34.162285477839255,34.57059860229492,671000,0.0,0.0
2009-12-09 00:00:00+08:00,35.04697255412797,35.387234423585525,34.09423828125,34.09423828125,284000,0.0,0.0
2009-12-10 00:00:00+08:00,34.70670938491821,34.70670938491821,32.324876387914024,32.665138244628906,309000,0.0,0.0
2009-12-11 00:00:00+08:00,33.34566637033427,33.68592827207238,32.801247846751764,33.073455810546875,146000,0.0,0.0
2009-12-14 00:00:00+08:00,33.073449303278146,33.073449303278146,32.73318746848725,32.767215728759766,253000,0.0,0.0
2009-12-15 00:00:00+08:00,33.073455881880065,34.97892461251703,33.073455881880065,33.68592834472656,391000,0.0,0.0
2009-12-16 00:00:00+08:00,34.36644687946306,34.978919248384905,33.89007976985628,33.958133697509766,591000,0.0,0.0
2009-12-17 00:00:00+08:00,34.70670926307787,34.70670926307787,33.209556579589844,33.209556579589844,171000,0.0,0.0
2009-12-18 00:00:00+08:00,33.413717275628656,34.02618972915026,33.209560656452204,33.27761459350586,166000,0.0,0.0
2009-12-21 00:00:00+08:00,33.68592472993264,33.992160928494066,33.31163719657623,33.4477424621582,185000,0.0,0.0
2009-12-22 00:00:00+08:00,34.70670945856385,35.72749503087456,34.1622910058632,34.978919982910156,1545000,0.0,0.0
2009-12-23 00:00:00+08:00,34.91086366245905,34.91086366245905,34.162288665771484,34.162288665771484,427000,0.0,0.0
2009-12-24 00:00:00+08:00,34.3664465170151,34.63865703277434,33.549817565729235,33.58384323120117,378000,0.0,0.0
2009-12-25 00:00:00+08:00,33.822033624913814,33.992164576149804,33.61787700262908,33.68592834472656,145000,0.0,0.0
2009-12-28 00:00:00+08:00,34.0261862665891,34.70670999192088,33.68592440392321,34.230342864990234,204000,0.0,0.0
2009-12-29 00:00:00+08:00,34.57060388422371,34.57060388422371,33.75397491455078,33.75397491455078,170000,0.0,0.0
2009-12-30 00:00:00+08:00,33.890078160071404,34.70670708117987,33.75397290722136,34.162288665771484,271000,0.0,0.0
2009-12-31 00:00:00+08:00,34.36644881521286,34.638659349175725,34.09423828125,34.09423828125,216000,0.0,0.0
2010-01-04 00:00:00+08:00,34.43449946339137,34.70670999192088,34.0261862665891,34.230342864990234,411000,0.0,0.0
2010-01-05 00:00:00+08:00,34.43450349176801,34.50255742985779,33.68592834472656,33.68592834472656,258000,0.0,0.0
2010-01-06 00:00:00+08:00,34.02618708467289,34.02618708467289,33.54981994628906,33.54981994628906,144000,0.0,0.0
2010-01-07 00:00:00+08:00,33.54982149066966,33.753978103377115,32.733192443847656,32.733192443847656,211000,0.0,0.0
2010-01-08 00:00:00+08:00,32.835271514089484,33.005402454576995,32.120722083240366,32.32487869262695,196000,0.0,0.0
2010-01-11 00:00:00+08:00,32.32487200242466,32.66513381297651,32.05266151558656,32.25682067871094,169000,0.0,0.0
2010-01-12 00:00:00+08:00,32.25682735482881,32.52903530201354,32.25682735482881,32.32487869262695,85000,0.0,0.0
2010-01-13 00:00:00+08:00,32.32487131308339,33.34565672297023,32.08668908917308,32.93734359741211,189000,0.0,0.0
2010-01-14 00:00:00+08:00,33.00539635963721,33.3456581777778,32.93734503440576,32.971370697021484,136000,0.0,0.0
2010-01-15 00:00:00+08:00,33.07345131818331,33.24358224594349,32.97137431912236,33.209556579589844,134000,0.0,0.0
2010-01-18 00:00:00+08:00,33.20955727699256,35.38723371725266,32.733190150061915,34.230342864990234,472000,0.0,0.0
2010-01-19 00:00:00+08:00,33.41371481966938,34.230343832343955,33.005401611328125,33.005401611328125,194000,0.0,0.0
2010-01-20 00:00:00+08:00,33.583845755810245,33.583845755810245,33.005401611328125,33.005401611328125,91000,0.0,0.0
2010-01-21 00:00:00+08:00,32.83526695962795,33.10747746504748,32.39292553731915,32.46097946166992,109000,0.0,0.0
2010-01-22 00:00:00+08:00,32.25682505496783,33.005400101343795,32.25682505496783,32.665138244628906,229000,0.0,0.0
2010-01-25 00:00:00+08:00,32.665140419166526,34.0261879366318,32.665140419166526,32.86929702758789,385000,0.0,0.0
2010-01-26 00:00:00+08:00,32.80124197427649,33.073449889337645,30.62356567382813,30.623565673828125,304000,0.0,0.0
2010-01-27 00:00:00+08:00,30.623568404804576,30.623568404804576,29.33057225598267,29.943044662475586,168000,0.0,0.0
2010-01-28 00:00:00+08:00,29.943043009602732,31.64435227151198,29.943043009602732,30.997854232788086,238000,0.0,0.0
2010-01-29 00:00:00+08:00,30.589537136297707,30.895773283475886,30.215249665742864,30.555511474609375,64000,0.0,0.0
2010-02-01 00:00:00+08:00,30.96382535865508,30.96382535865508,29.943039907270844,30.011091232299805,43000,0.0,0.0
2010-02-02 00:00:00+08:00,30.963828596435075,30.963828596435075,30.04512263252003,30.147199630737305,104000,0.0,0.0
2010-02-03 00:00:00+08:00,30.419411123557794,31.440196714308108,30.419411123557794,31.236040115356445,158000,0.0,0.0
2010-02-04 00:00:00+08:00,31.508249659088477,32.80124584519041,31.304093049701894,32.32487869262695,185000,0.0,0.0
2010-02-05 00:00:00+08:00,32.32487200242466,33.68591924463202,30.079144571980848,32.25682067871094,946000,0.0,0.0
2010-02-08 00:00:00+08:00,30.079146294923373,30.929800870028718,29.772910128687098,29.840961456298828,113000,0.0,0.0
2010-02-09 00:00:00+08:00,29.840962401544676,30.351355162775146,29.4666748958407,29.772911071777344,199000,0.0,0.0
2010-02-10 00:00:00+08:00,30.01109599831166,30.147201265975873,29.77291372689334,29.943044662475586,157000,0.0,0.0
2010-02-22 00:00:00+08:00,30.14719760105174,30.283302852169953,29.670830520133865,29.704858779907227,60000,0.0,0.0
2010-02-23 00:00:00+08:00,29.670829415171724,30.555512216498045,29.670829415171724,30.011091232299805,120000,0.0,0.0
2010-02-24 00:00:00+08:00,29.943042177014252,30.215252689747484,29.26251849117302,29.53472900390625,106000,0.0,0.0
2010-02-25 00:00:00+08:00,29.53473048461394,29.53473048461394,28.718101501464844,28.718101501464844,133000,0.0,0.0
2010-02-26 00:00:00+08:00,28.990310384818176,30.72564800455075,28.990310384818176,29.943044662475586,389000,0.0,0.0
2010-03-01 00:00:00+08:00,30.1471973206406,30.181222984105734,29.568753253758214,29.636804580688477,66000,0.0,0.0
2010-03-02 00:00:00+08:00,30.623563541527,30.623563541527,29.670829415171724,30.011091232299805,43000,0.0,0.0
2010-03-03 00:00:00+08:00,30.01109092568214,30.249275752833295,29.602777787696766,29.806934356689453,82000,0.0,0.0
2010-03-04 00:00:00+08:00,29.466680048161006,29.704864935977525,29.466680048161006,29.50070571899414,58000,0.0,0.0
2010-03-05 00:00:00+08:00,29.602778143634367,29.80693471508179,29.398621572186943,29.466672897338867,182000,0.0,0.0
2010-03-08 00:00:00+08:00,29.500698559914827,29.738883389929864,29.398621572186943,29.466672897338867,86000,0.0,0.0
2010-03-09 00:00:00+08:00,29.602778616668168,29.772909528258218,29.39862204195845,29.432647705078125,77000,0.0,0.0
2010-03-10 00:00:00+08:00,29.432646880870923,29.943039601348453,29.432646880870923,29.806934356689453,49000,0.0,0.0
2010-03-11 00:00:00+08:00,29.602778616668168,29.943040439848264,29.43264770507812,29.432647705078125,90000,0.0,0.0
2010-03-12 00:00:00+08:00,30.623563824760403,31.474218375448192,30.01109150986853,30.079145431518555,1946000,0.0,0.0
2010-03-15 00:00:00+08:00,29.943042584945168,29.943042584945168,29.330570220947266,29.330570220947266,179000,0.0,0.0
2010-03-16 00:00:00+08:00,29.194466403510525,29.500699977400114,29.126412479097013,29.36459732055664,33000,0.0,0.0
2010-03-17 00:00:00+08:00,29.80694076893388,29.80694076893388,29.364601873623116,29.670835494995117,67000,0.0,0.0
2010-03-18 00:00:00+08:00,29.670829415171724,30.52148395799192,29.53472676511381,30.011091232299805,111000,0.0,0.0
2010-03-19 00:00:00+08:00,30.11317109434773,30.11317109434773,29.602778363935055,30.079145431518555,78000,0.0,0.0
2010-03-22 00:00:00+08:00,30.07914543151855,30.07914543151855,30.07914543151855,30.079145431518555,0,0.0,0.0
2010-03-23 00:00:00+08:00,29.262520920146596,30.555517068968502,29.262520920146596,29.943044662475586,140000,0.0,0.0
2010-03-24 00:00:00+08:00,30.079145153320408,30.079145153320408,29.53472676511381,30.011091232299805,52000,0.0,0.0
2010-03-25 00:00:00+08:00,30.623563824760403,30.623563824760403,29.943040184210172,30.079145431518555,64000,0.0,0.0
2010-03-26 00:00:00+08:00,30.079148298592457,30.38538448522811,29.94304303831084,30.147199630737305,103000,0.0,0.0
2010-03-29 00:00:00+08:00,30.147201685363363,30.147201685363363,29.602783203125,29.602783203125,141000,0.0,0.0
2010-03-30 00:00:00+08:00,30.351360545592975,31.644356808419953,29.874995960754678,30.113178253173828,1523000,0.0,0.0
2010-03-31 00:00:00+08:00,29.772914141073993,30.113176016971984,29.602783203125,29.602783203125,231000,0.0,0.0
2010-04-01 00:00:00+08:00,29.33057266400977,29.943045079022987,29.33057266400977,29.602783203125,90000,0.0,0.0
2010-04-02 00:00:00+08:00,29.602783203125,30.147201685363363,29.466677933567386,29.602783203125,146000,0.0,0.0
2010-04-06 00:00:00+08:00,29.602783203125,29.943045079022987,29.53473186634224,29.602783203125,164000,0.0,0.0
2010-04-07 00:00:00+08:00,29.398626596784627,30.113176016971984,29.398626596784627,29.602783203125,181000,0.0,0.0
2010-04-08 00:00:00+08:00,29.398622634839096,29.909015379902304,29.398622634839096,29.840961456298828,141000,0.0,0.0
2010-04-09 00:00:00+08:00,30.011092371319897,30.011092371319897,29.60277921366603,29.840961456298828,118000,0.0,0.0
2010-04-12 00:00:00+08:00,29.943041319636993,30.147197900345255,29.840961731286978,29.909015655517578,114000,0.0,0.0
2010-04-13 00:00:00+08:00,29.602779486459298,29.943041319636993,29.602779486459298,29.909015655517578,72000,0.0,0.0
2010-04-14 00:00:00+08:00,29.77291372689334,29.943044662475586,29.63680845922913,29.943044662475586,69000,0.0,0.0
2010-04-15 00:00:00+08:00,29.94304438849749,30.0110957237109,29.704862119258532,29.738887786865234,106000,0.0,0.0
2010-04-16 00:00:00+08:00,29.73888416707559,29.943040743858095,29.53472759029308,29.636804580688477,102000,0.0,0.0
2010-04-19 00:00:00+08:00,29.53473661255831,29.602787960276885,28.582002168543198,28.922264099121094,134000,0.0,0.0
2010-04-20 00:00:00+08:00,29.364599554624213,29.364599554624213,28.445890975084485,28.718101501464844,67000,0.0,0.0
2010-04-21 00:00:00+08:00,29.02433626094357,29.26251851276703,28.786151413128266,28.82017707824707,53000,0.0,0.0
2010-04-22 00:00:00+08:00,28.820177823214838,28.854206085205078,28.377838973252782,28.854206085205078,85000,0.0,0.0
2010-04-23 00:00:00+08:00,29.092388343185267,29.12641400918359,28.6500468972313,28.854206085205078,73000,0.0,0.0
2010-04-26 00:00:00+08:00,28.92225830535813,29.09238923656612,28.581996442942152,28.61602210998535,85000,0.0,0.0
2010-04-27 00:00:00+08:00,28.888238425261807,29.02434371669147,28.582002168543198,28.922264099121094,34000,0.0,0.0
2010-04-28 00:00:00+08:00,28.513943679700397,28.752125933056785,28.445889753032954,28.581995010375977,32000,0.0,0.0
2010-04-29 00:00:00+08:00,28.581995687201754,29.092388467330355,28.445890426635742,28.445890426635742,92000,0.0,0.0
2010-04-30 00:00:00+08:00,28.58199863433838,28.58199863433838,27.220951080322266,27.220951080322266,127000,0.0,0.0
2010-05-03 00:00:00+08:00,27.220946472960634,27.220946472960634,25.553662982293442,26.20016098022461,222000,0.0,0.0
2010-05-04 00:00:00+08:00,26.20016321418779,26.20016321418779,25.553665161132812,25.553665161132812,69000,0.0,0.0
2010-05-05 00:00:00+08:00,25.17937908270103,25.17937908270103,23.81833156471719,24.29469871520996,185000,0.0,0.0
2010-05-06 00:00:00+08:00,23.886377964190874,24.22663977334454,23.13780302244944,23.61417007446289,71000,0.0,0.0
2010-05-07 00:00:00+08:00,22.45728329397398,23.307937964200267,21.980916159448853,22.661439895629883,174000,0.0,0.0
2010-05-10 00:00:00+08:00,22.457283884341482,23.444043846942787,22.457283884341482,23.37598991394043,69000,0.0,0.0
2010-05-11 00:00:00+08:00,23.818329533068987,24.36274797462647,23.64819860783278,23.68222427368164,106000,0.0,0.0
2010-05-12 00:00:00+08:00,24.158589350874333,24.46482550973164,23.81832752903103,24.090538024902344,21000,0.0,0.0
2010-05-13 00:00:00+08:00,24.600935194178923,25.11132801898768,24.498855590820312,24.498855590820312,78000,0.0,0.0
2010-05-14 00:00:00+08:00,24.192615013860326,24.362745924781976,23.64819661810938,24.090538024902344,53000,0.0,0.0
2010-05-17 00:00:00+08:00,23.71625045730616,23.71625045730616,22.525333954652496,22.797544479370117,88000,0.0,0.0
2010-05-18 00:00:00+08:00,22.117020763568025,23.205857670454588,22.117020763568025,22.797544479370117,36000,0.0,0.0
2010-05-19 00:00:00+08:00,23.205857188347714,23.205857188347714,22.287151229497994,22.83156967163086,33000,0.0,0.0
2010-05-20 00:00:00+08:00,22.831570069034864,23.375988520643826,22.491308212280273,22.491308212280273,31000,0.0,0.0
2010-05-21 00:00:00+08:00,21.232338915272898,22.28715007921286,20.96012841025985,21.300390243530273,33000,0.0,0.0
2010-05-24 00:00:00+08:00,21.844807976059936,21.844807976059936,20.960127756355046,21.436494827270508,26000,0.0,0.0
2010-05-25 00:00:00+08:00,20.960129596206478,21.028182226310232,20.007396668741816,20.858051300048828,89000,0.0,0.0
2010-05-26 00:00:00+08:00,20.755973003891178,21.504549339040544,20.585842077629778,20.858051300048828,36000,0.0,0.0
2010-05-27 00:00:00+08:00,20.96012841025985,21.300390243530273,20.755971829495948,21.300390243530273,43000,0.0,0.0
2010-05-28 00:00:00+08:00,21.43649634718895,22.0829943752708,21.43649634718895,21.776758193969727,82000,0.0,0.0
2010-05-31 00:00:00+08:00,21.91286315710488,22.423255920410156,21.810783566047093,22.423255920410156,59000,0.0,0.0
2010-06-01 00:00:00+08:00,22.219099334286415,22.423255920410156,21.53857435188346,22.423255920410156,42000,0.0,0.0
2010-06-02 00:00:00+08:00,22.32117359793559,23.34195899963379,22.04896571507765,23.34195899963379,38000,0.0,0.0
2010-06-03 00:00:00+08:00,23.546117961000956,23.546117961000956,23.001699543797052,23.30793571472168,32000,0.0,0.0
2010-06-04 00:00:00+08:00,23.34196261144885,24.15859157836667,23.06975468647086,23.444042205810547,28000,0.0,0.0
2010-06-07 00:00:00+08:00,22.457281956946446,22.93364906311035,22.151045774698797,22.93364906311035,33000,0.0,0.0
2010-06-08 00:00:00+08:00,22.72949220317146,22.933648790243524,22.627412611639507,22.8655948638916,8000,0.0,0.0
2010-06-09 00:00:00+08:00,23.478065633771067,23.478065633771067,21.776756529874614,22.525331497192383,52000,0.0,0.0
2010-06-10 00:00:00+08:00,22.59339042610582,22.59339042610582,21.776761356055296,22.21910285949707,30000,0.0,0.0
2010-06-11 00:00:00+08:00,22.729490666453298,23.137803812991777,22.219097935284363,22.525331497192383,43000,0.0,0.0
2010-06-14 00:00:00+08:00,22.08299804964713,22.525336966467517,22.08299804964713,22.32118034362793,13000,0.0,0.0
2010-06-15 00:00:00+08:00,22.219096944966786,23.001697540283203,21.878835139353153,23.001697540283203,43000,0.0,0.0
2010-06-17 00:00:00+08:00,22.559362015984043,22.89962387084961,22.457282421127598,22.89962387084961,34000,0.0,0.0
2010-06-18 00:00:00+08:00,22.525334629195267,22.661439895629883,22.35520369515001,22.661439895629883,51000,0.0,0.0
2010-06-21 00:00:00+08:00,22.93365187820873,22.93365187820873,22.389233374047876,22.559364318847656,30000,0.0,0.0
2010-06-22 00:00:00+08:00,22.89962359939241,22.89962359939241,22.457282154914008,22.83156967163086,33000,0.0,0.0
2010-06-23 00:00:00+08:00,22.45728168974748,22.8655948638916,22.38923035938741,22.8655948638916,28000,0.0,0.0
2010-06-24 00:00:00+08:00,22.86559676689601,22.86559676689601,22.593388826809193,22.729494094848633,13000,0.0,0.0
2010-06-25 00:00:00+08:00,22.45728355876975,22.797545430872322,22.45728355876975,22.729494094848633,18000,0.0,0.0
2010-06-28 00:00:00+08:00,22.729494094848633,22.729494094848633,22.729494094848633,22.729494094848633,0,0.0,0.0
2010-06-29 00:00:00+08:00,22.38923230669942,22.38923230669942,21.640654627671566,22.014942169189453,97000,0.0,0.0
2010-06-30 00:00:00+08:00,21.13026195857991,21.470523834228516,20.994157987118097,21.470523834228516,54000,0.0,0.0
2010-07-01 00:00:00+08:00,21.776759008090092,22.967675516345018,21.436497148588685,21.674680709838867,184000,0.0,0.0
2010-07-02 00:00:00+08:00,21.67467989953468,21.776758193969727,21.470522012668653,21.776758193969727,35000,0.0,0.0
2010-07-05 00:00:00+08:00,21.776759892405373,21.91286516093132,21.67468159000893,21.87883949279785,39000,0.0,0.0
2010-07-06 00:00:00+08:00,21.878838262581926,21.878838262581926,21.64065340705629,21.742733001708984,19000,0.0,0.0
2010-07-07 00:00:00+08:00,21.912863451880412,22.117020040750504,21.708705565014384,21.776758193969727,62000,0.0,0.0
2010-07-08 00:00:00+08:00,22.42325525055215,22.42325525055215,21.84480857849121,21.84480857849121,40000,0.0,0.0
2010-07-09 00:00:00+08:00,22.01494006267749,22.21909924396314,21.844809142267334,22.117019653320312,53000,0.0,0.0
2010-07-12 00:00:00+08:00,22.32118034362793,22.32118034362793,22.04897237850592,22.32118034362793,83000,0.0,0.0
2010-07-13 00:00:00+08:00,22.457285148432025,22.457285148432025,22.21910285949707,22.21910285949707,31000,0.0,0.0
2010-07-14 00:00:00+08:00,22.661437694496822,22.661437694496822,22.321175859456353,22.4572811126709,83000,0.0,0.0
2010-07-15 00:00:00+08:00,22.2531254691957,22.389230728149414,22.1850715417229,22.389230728149414,24000,0.0,0.0
2010-07-16 00:00:00+08:00,22.253129450890704,22.321180794547868,21.94689321244876,21.980918884277344,63000,0.0,0.0
2010-07-19 00:00:00+08:00,22.185075511241184,22.185075511241184,21.980918884277344,21.980918884277344,80000,0.0,0.0
2010-07-20 00:00:00+08:00,21.86760760285591,22.30206226719133,21.86760760285591,21.94001579284668,89000,1.943516,0.0
2010-07-21 00:00:00+08:00,21.795198325033763,22.012425660124386,21.071105366601397,21.650379180908203,48000,0.0,0.0
2010-07-22 00:00:00+08:00,21.360740661621094,21.686583020762832,21.215921528425298,21.360740661621094,55000,0.0,0.0
2010-07-23 00:00:00+08:00,21.46935493495789,21.795197303418195,21.179718041380763,21.57796859741211,119000,0.0,0.0
2010-07-26 00:00:00+08:00,21.72278714864638,22.01242403440881,21.72278714864638,21.758991241455078,43000,0.0,0.0
2010-07-27 00:00:00+08:00,21.722788868105194,21.94001620434716,21.57796972321207,21.795198440551758,36000,0.0,0.0
2010-07-28 00:00:00+08:00,21.50556053092417,21.97622065827418,21.50556053092417,21.722787857055664,49000,0.0,0.0
2010-07-29 00:00:00+08:00,21.57796801521636,21.758991241455078,21.39694478897764,21.758991241455078,23000,0.0,0.0
2010-07-30 00:00:00+08:00,21.722787857055664,21.940015183187157,21.5779687189029,21.722787857055664,50000,0.0,0.0
2010-08-02 00:00:00+08:00,21.795198031767438,22.157244506112086,21.795198031767438,21.94001579284668,64000,0.0,0.0
2010-08-03 00:00:00+08:00,21.6503784082632,22.012424874558896,21.6503784082632,21.86760711669922,49000,0.0,0.0
2010-08-04 00:00:00+08:00,21.758991951045026,21.758991951045026,21.65037828797928,21.722787857055664,33000,0.0,0.0
2010-08-05 00:00:00+08:00,21.758992679513806,23.17097448993319,21.758992679513806,22.48308563232422,306000,0.0,0.0
2010-08-06 00:00:00+08:00,23.026154246260475,23.026154246260475,22.265857234591525,22.591699600219727,43000,0.0,0.0
2010-08-09 00:00:00+08:00,22.591698133660437,22.845129533699946,22.26585578918457,22.26585578918457,115000,0.0,0.0
2010-08-10 00:00:00+08:00,22.229653018751584,23.098563687147568,22.229653018751584,22.446880340576172,98000,0.0,0.0
2010-08-11 00:00:00+08:00,22.44688049676394,22.44688049676394,22.01242446899414,22.01242446899414,80000,0.0,0.0
2010-08-12 00:00:00+08:00,21.72278757751349,22.01242446899414,21.50556025417741,22.01242446899414,22000,0.0,0.0
2010-08-13 00:00:00+08:00,22.01242446899414,22.01242446899414,21.72278757751349,22.01242446899414,49000,0.0,0.0
2010-08-16 00:00:00+08:00,22.01242517928642,22.01242517928642,21.5055609481143,21.976221084594727,49000,0.0,0.0
2010-08-17 00:00:00+08:00,21.79519742613205,21.79519742613205,21.541764624913533,21.722787857055664,86000,0.0,0.0
2010-08-18 00:00:00+08:00,21.722787857055664,21.940015183187157,21.722787857055664,21.722787857055664,36000,0.0,0.0
2010-08-19 00:00:00+08:00,21.722787550694097,21.83140121222804,21.614173889160156,21.614173889160156,34000,0.0,0.0
2010-08-20 00:00:00+08:00,21.65037767421433,21.72278724123798,21.50555992126465,21.50555992126465,53000,0.0,0.0
2010-08-23 00:00:00+08:00,21.360739700193328,22.55549266144226,21.360739700193328,22.26585578918457,256000,0.0,0.0
2010-08-24 00:00:00+08:00,22.338267743284412,22.338267743284412,21.94001579284668,21.94001579284668,36000,0.0,0.0
2010-08-25 00:00:00+08:00,21.940014873761985,22.01242444181716,21.57796841458375,21.614173889160156,64000,0.0,0.0
2010-08-26 00:00:00+08:00,21.65037828797928,21.722787857055664,21.541764624913533,21.722787857055664,66000,0.0,0.0
2010-08-27 00:00:00+08:00,21.722787857055664,21.722787857055664,20.491829326050112,21.722787857055664,156000,0.0,0.0
2010-08-30 00:00:00+08:00,21.72278814415303,22.15724418325562,21.433151245117188,21.433151245117188,71000,0.0,0.0
2010-08-31 00:00:00+08:00,21.686582811716427,21.686582811716427,20.41942024230957,20.41942024230957,46000,0.0,0.0
2010-09-01 00:00:00+08:00,20.78146912330924,20.78146912330924,20.41942263252753,20.491830825805664,39000,0.0,0.0
2010-09-02 00:00:00+08:00,20.99869646533916,20.99869646533916,20.491830825805664,20.491830825805664,27000,0.0,0.0
2010-09-03 00:00:00+08:00,20.63664747025438,20.853874785923285,20.528033812419928,20.6728515625,50000,0.0,0.0
2010-09-06 00:00:00+08:00,20.998695970618208,20.998695970618208,20.672853584152282,20.817672729492188,41000,0.0,0.0
2010-09-07 00:00:00+08:00,20.926287410526232,20.962492889161975,20.817673736814584,20.89008331298828,34000,0.0,0.0
2010-09-08 00:00:00+08:00,20.853877123681617,20.926286697387695,20.636649783661124,20.926286697387695,65000,0.0,0.0
2010-09-09 00:00:00+08:00,21.14351392383329,21.252127586165443,20.926285218071335,21.179718017578125,33000,0.0,0.0
2010-09-10 00:00:00+08:00,21.215922823097607,21.215922823097607,21.07110506216212,21.14351463317871,10000,0.0,0.0
2010-09-13 00:00:00+08:00,20.129782879937707,20.745262145996094,20.129782879937707,20.745262145996094,96000,0.0,0.0
2010-09-14 00:00:00+08:00,20.49182873616029,20.709057437136167,20.49182873616029,20.528034210205078,18000,0.0,0.0
2010-09-15 00:00:00+08:00,20.600443650198216,20.636647742922193,20.383214950561523,20.383214950561523,29000,0.0,0.0
2010-09-16 00:00:00+08:00,20.383215660146433,20.455625229212735,20.202192428029505,20.34701156616211,42000,0.0,0.0
2010-09-17 00:00:00+08:00,20.926284168012113,21.107307389848025,20.709056854248047,20.709056854248047,124000,0.0,0.0
2010-09-20 00:00:00+08:00,20.63664747025438,20.853874785923285,20.63664747025438,20.6728515625,39000,0.0,0.0
2010-09-21 00:00:00+08:00,20.70906024869281,20.890083500200443,20.636650671870196,20.853878021240234,44000,0.0,0.0
2010-09-23 00:00:00+08:00,20.781469639276633,21.324539388932664,20.455627237043895,20.89008331298828,31000,0.0,0.0
2010-09-24 00:00:00+08:00,20.89008007608396,21.143512862873756,20.709056854248047,20.709056854248047,34000,0.0,0.0
2010-09-27 00:00:00+08:00,20.998695115106624,20.998695115106624,20.310806274414062,20.310806274414062,30000,0.0,0.0
2010-09-28 00:00:00+08:00,20.310806274414062,20.564239077884885,20.310806274414062,20.310806274414062,16000,0.0,0.0
2010-09-29 00:00:00+08:00,20.455624334710727,20.636647558911708,20.310805202910903,20.41942024230957,17000,0.0,0.0
2010-09-30 00:00:00+08:00,20.34701098327399,20.63664787014421,20.34701098327399,20.528034210205078,37000,0.0,0.0
2010-10-01 00:00:00+08:00,20.528036303542493,20.67285407119652,20.31080758041481,20.491830825805664,22000,0.0,0.0
2010-10-04 00:00:00+08:00,20.41942344842581,20.600446701049805,20.41942344842581,20.600446701049805,29000,0.0,0.0
2010-10-05 00:00:00+08:00,20.34701509485086,20.34701509485086,20.20219593160294,20.238401412963867,47000,0.0,0.0
2010-10-06 00:00:00+08:00,20.238401412963867,20.2746055132269,20.238401412963867,20.238401412963867,34000,0.0,0.0
2010-10-07 00:00:00+08:00,20.419421012410886,20.63664833720557,20.202192306518555,20.202192306518555,45000,0.0,0.0
2010-10-08 00:00:00+08:00,20.20219259209989,20.274602161754263,19.912555694580078,19.912555694580078,70000,0.0,0.0
2010-10-11 00:00:00+08:00,19.912557919877987,19.98496749762438,19.622920989990234,19.622920989990234,19000,0.0,0.0
2010-10-12 00:00:00+08:00,19.47809980768209,19.87635175329779,19.007439672952327,19.079849243164062,61000,0.0,0.0
2010-10-13 00:00:00+08:00,19.15225911593061,19.441896020255367,19.15225911593061,19.18846321105957,34000,0.0,0.0
2010-10-14 00:00:00+08:00,19.260870787388264,20.021167755126953,19.260870787388264,20.021167755126953,60000,0.0,0.0
2010-10-15 00:00:00+08:00,19.76773554512978,20.0935779013749,19.76773554512978,19.840145111083984,40000,0.0,0.0
2010-10-18 00:00:00+08:00,19.550512504213454,19.550512504213454,18.572986602783203,18.572986602783203,50000,0.0,0.0
2010-10-19 00:00:00+08:00,18.75400733947754,18.89882648354363,18.681597767444494,18.75400733947754,27000,0.0,0.0
2010-10-20 00:00:00+08:00,18.826419115016567,19.00744237573788,18.609191754590142,18.86262321472168,74000,0.0,0.0
2010-10-21 00:00:00+08:00,18.862620703083717,18.862620703083717,18.64539337158203,18.64539337158203,13000,0.0,0.0
2010-10-22 00:00:00+08:00,18.717803244009875,18.75400733947754,18.681597767444494,18.75400733947754,14000,0.0,0.0
2010-10-25 00:00:00+08:00,18.89882437928425,19.00743803469155,18.717801159906237,18.790210723876953,13000,0.0,0.0
2010-10-26 00:00:00+08:00,18.826416015625,19.224666571208775,18.826416015625,18.826416015625,30000,0.0,0.0
2010-10-27 00:00:00+08:00,18.826419448501845,18.826419448501845,18.464372920646042,18.572986602783203,23000,0.0,0.0
2010-10-28 00:00:00+08:00,18.572984509818244,18.826417326977882,18.572984509818244,18.609189987182617,13000,0.0,0.0
2010-10-29 00:00:00+08:00,18.609188568966452,18.898825460319337,18.609188568966452,18.681596755981445,21000,0.0,0.0
2010-11-01 00:00:00+08:00,19.11605233591858,19.98496437072754,19.043642769501567,19.98496437072754,195000,0.0,0.0
2010-11-02 00:00:00+08:00,21.324536271701895,21.360740363947514,20.455624246831096,20.6728515625,604000,0.0,0.0
2010-11-03 00:00:00+08:00,20.709058198582817,20.709058198582817,19.912555694580078,19.912555694580078,251000,0.0,0.0
2010-11-04 00:00:00+08:00,20.636647634842067,21.21592140197754,19.912554735373924,21.21592140197754,393000,0.0,0.0
2010-11-05 00:00:00+08:00,21.36074167508381,21.867607284219783,21.034899300482444,21.433151245117188,363000,0.0,0.0
2010-11-08 00:00:00+08:00,21.722787876665578,21.722787876665578,20.491829344548798,20.745262145996094,120,0.0,0.0
2010-11-09 00:00:00+08:00,20.27460300611413,20.926286397948253,20.27460300611413,20.817672729492188,145000,0.0,0.0
2010-11-10 00:00:00+08:00,19.912554804310524,20.274601255297988,19.912554804310524,19.98496437072754,141000,0.0,0.0
2010-11-11 00:00:00+08:00,20.16598759622127,20.16598759622127,19.912554804310524,19.98496437072754,52000,0.0,0.0
2010-11-12 00:00:00+08:00,19.188464904609695,20.057377075370773,19.188464904609695,19.622920989990234,75000,0.0,0.0
2010-11-15 00:00:00+08:00,19.188461779691345,19.984964242992394,19.188461779691345,19.840145111083984,36000,0.0,0.0
2010-11-16 00:00:00+08:00,20.12978315895214,20.78146790916309,20.12978315895214,20.455625534057617,123000,0.0,0.0
2010-11-17 00:00:00+08:00,20.274601997095807,20.745262124380286,20.274601997095807,20.34701156616211,71000,0.0,0.0
2010-11-18 00:00:00+08:00,20.70905966021421,20.70905966021421,20.347013167487027,20.63665008544922,48000,0.0,0.0
2010-11-19 00:00:00+08:00,20.92628772711431,20.92628772711431,20.564241221866318,20.600446701049805,28000,0.0,0.0
2010-11-22 00:00:00+08:00,20.38321464028221,20.419420113552665,20.129781851779363,20.274600982666016,16000,0.0,0.0
2010-11-23 00:00:00+08:00,20.057373227603474,20.27460053807237,20.021167755126953,20.021167755126953,18000,0.0,0.0
2010-11-24 00:00:00+08:00,19.912557707623154,20.202194634423567,19.912557707623154,20.057376861572266,61000,0.0,0.0
2010-11-25 00:00:00+08:00,20.202193202212253,20.56423968032035,20.05737543962764,20.129783630371094,48000,0.0,0.0
2010-11-26 00:00:00+08:00,20.274602180102946,20.709058217324685,20.23839808579183,20.310806274414062,75000,0.0,0.0
2010-11-29 00:00:00+08:00,20.56423889226336,20.56423889226336,20.31080609108013,20.34701156616211,45000,0.0,0.0
2010-11-30 00:00:00+08:00,20.383214965293487,21.758991206263122,20.383214965293487,21.360740661621094,259000,0.0,0.0
2010-12-01 00:00:00+08:00,21.686584355119088,21.686584355119088,21.07110507281347,21.541765213012695,95000,0.0,0.0
2010-12-02 00:00:00+08:00,21.541764624913533,21.722787857055664,21.10730859155289,21.722787857055664,200000,0.0,0.0
2010-12-03 00:00:00+08:00,21.940014803797833,23.24338150024414,21.940014803797833,23.24338150024414,1034000,0.0,0.0
2010-12-06 00:00:00+08:00,23.24338034532035,24.836385233910047,23.24338034532035,24.76397705078125,1163000,0.0,0.0
2010-12-07 00:00:00+08:00,24.98120531817281,25.126024452166483,24.257112410399685,24.510543823242188,385000,0.0,0.0
2010-12-08 00:00:00+08:00,24.329522115091663,24.763979544194083,24.18470573425293,24.18470573425293,275000,0.0,0.0
2010-12-09 00:00:00+08:00,24.184704224500468,25.307047679109765,24.184704224500468,24.510543823242188,396000,0.0,0.0
2010-12-10 00:00:00+08:00,24.9087979562305,25.343252610387587,24.220909118652344,24.220909118652344,250000,0.0,0.0
2010-12-13 00:00:00+08:00,23.533021331947975,24.257114296007913,23.533021331947975,24.112295150756836,344000,0.0,0.0
2010-12-14 00:00:00+08:00,25.053614595882824,25.705299346156483,24.763979077468697,24.908798217773438,519000,0.0,0.0
2010-12-15 00:00:00+08:00,24.61916029188368,25.415661431742933,24.401932959394372,24.43813705444336,238000,0.0,0.0
2010-12-16 00:00:00+08:00,24.438136198892433,24.763978567316727,23.895066505583713,23.931270599365234,218000,0.0,0.0
2010-12-17 00:00:00+08:00,24.32951993560489,24.401930881732945,23.605427047495276,23.895065307617188,232000,0.0,0.0
2010-12-20 00:00:00+08:00,23.895065983663205,24.184704251979642,23.46061134338379,23.46061134338379,128000,0.0,0.0
2010-12-21 00:00:00+08:00,23.243381843247928,23.533020118819213,23.243381843247928,23.27958869934082,116000,0.0,0.0
2010-12-22 00:00:00+08:00,23.460612540294033,23.8950672027384,23.243382446876474,23.496816635131836,136,0.0,0.0
2010-12-23 00:00:00+08:00,23.895069357124108,23.895069357124108,23.062362670898438,23.062362670898438,135000,0.0,0.0
2010-12-24 00:00:00+08:00,23.062361059483003,23.062361059483003,22.519291339311966,22.772724151611328,207000,0.0,0.0
2010-12-27 00:00:00+08:00,22.772725553070277,22.772725553070277,22.229655799478117,22.374473571777344,98000,0.0,0.0
2010-12-28 00:00:00+08:00,22.157242666662878,22.446879545873994,21.4331497780863,21.686582565307617,134000,0.0,0.0
2010-12-29 00:00:00+08:00,21.940015183187157,21.940015183187157,21.433150961847787,21.722787857055664,63000,0.0,0.0
2010-12-30 00:00:00+08:00,21.57796841458375,21.940014873761985,21.57796841458375,21.614173889160156,72000,0.0,0.0
2010-12-31 00:00:00+08:00,21.722787857055664,21.722787857055664,21.433150961847787,21.722787857055664,77000,0.0,0.0
2011-01-03 00:00:00+08:00,21.795196680110877,21.795196680110877,21.215921528425298,21.360740661621094,29000,0.0,0.0
2011-01-04 00:00:00+08:00,21.360740661621094,21.43315022821899,21.360740661621094,21.360740661621094,28000,0.0,0.0
2011-01-05 00:00:00+08:00,21.57797041410078,21.57797041410078,20.63665008544922,20.63665008544922,69000,0.0,0.0
2011-01-06 00:00:00+08:00,20.672852555313984,20.672852555313984,20.274601997095807,20.34701156616211,75000,0.0,0.0
2011-01-07 00:00:00+08:00,20.27460102340781,20.709057035843212,20.12978189223015,20.6728515625,90000,0.0,0.0
2011-01-10 00:00:00+08:00,20.672852430972135,20.70905790583635,20.202192306518555,20.202192306518555,63000,0.0,0.0
2011-01-11 00:00:00+08:00,20.347013167487027,20.85387742864642,20.347013167487027,20.63665008544922,44000,0.0,0.0
2011-01-12 00:00:00+08:00,20.41942332250016,20.99869717488546,20.41942332250016,20.853878021240234,55000,0.0,0.0
2011-01-13 00:00:00+08:00,20.998696578176396,20.998696578176396,20.49183093591924,20.63665008544922,121000,0.0,0.0
2011-01-14 00:00:00+08:00,20.636649974557454,20.636649974557454,20.491830825805664,20.491830825805664,21000,0.0,0.0
2011-01-17 00:00:00+08:00,20.564241138198533,20.9262876419735,19.912557707623154,20.057376861572266,82000,0.0,0.0
2011-01-18 00:00:00+08:00,20.129781410361403,20.27460053807237,20.021167755126953,20.021167755126953,35000,0.0,0.0
2011-01-19 00:00:00+08:00,20.021169779763365,20.27460258833712,20.021169779763365,20.16598892211914,38000,0.0,0.0
2011-01-20 00:00:00+08:00,20.165986882837924,20.165986882837924,20.021167755126953,20.021167755126953,27000,0.0,0.0
2011-01-21 00:00:00+08:00,19.984967284597708,20.238400113459747,19.912557707623154,20.057376861572266,46000,0.0,0.0
2011-01-24 00:00:00+08:00,20.455624667425543,20.455624667425543,19.948759078979492,19.948759078979492,16000,0.0,0.0
2011-01-25 00:00:00+08:00,20.129785272019344,20.129785272019344,19.55051141224384,19.622920989990234,59000,0.0,0.0
2011-01-26 00:00:00+08:00,19.62292058883364,19.62292058883364,19.1160549360687,19.369487762451172,218000,0.0,0.0
2011-01-27 00:00:00+08:00,19.36948905167756,19.550512313842773,19.188465789512353,19.550512313842773,117000,0.0,0.0
2011-01-28 00:00:00+08:00,19.55050837247787,19.767735690844138,19.333281054111602,19.405689239501953,88000,0.0,0.0
2011-02-08 00:00:00+08:00,19.76773836026806,19.76773836026806,19.369487762451172,19.369487762451172,17000,0.0,0.0
2011-02-09 00:00:00+08:00,19.514304870173607,19.514304870173607,19.224666595458984,19.224666595458984,29000,0.0,0.0
2011-02-10 00:00:00+08:00,19.188464512334804,19.514306914983383,18.82641801210207,19.369487762451172,47000,0.0,0.0
2011-02-11 00:00:00+08:00,19.369486748567677,19.478100416732627,18.82641702664522,18.898826599121094,47000,0.0,0.0
2011-02-14 00:00:00+08:00,19.079849544574998,19.18846321105957,19.079849544574998,19.18846321105957,39000,0.0,0.0
2011-02-15 00:00:00+08:00,19.188465789512353,19.87635473817931,18.971238427353253,19.550512313842773,108000,0.0,0.0
2011-02-16 00:00:00+08:00,19.55051120384819,20.238400113459747,19.55051120384819,20.057376861572266,126000,0.0,0.0
2011-02-17 00:00:00+08:00,20.274601875149333,20.45562510617745,20.202192306518555,20.202192306518555,67000,0.0,0.0
2011-02-18 00:00:00+08:00,20.202194634423567,20.238400113459747,19.984967284597708,20.057376861572266,21000,0.0,0.0
2011-02-21 00:00:00+08:00,20.491828573451425,20.491828573451425,19.912554804310524,19.98496437072754,11000,0.0,0.0
2011-02-22 00:00:00+08:00,19.876349822580355,19.876349822580355,19.00743782663789,19.478097915649414,74000,0.0,0.0
2011-02-23 00:00:00+08:00,19.47809999578434,19.84014646924166,19.043643951416016,19.043643951416016,51000,0.0,0.0
2011-02-24 00:00:00+08:00,18.464369553786057,19.18846247746394,18.464369553786057,18.826416015625,43000,0.0,0.0
2011-02-25 00:00:00+08:00,19.079848938301865,19.36948583342324,18.826416137159036,18.971235275268555,48000,0.0,0.0
2011-03-01 00:00:00+08:00,19.188465789512353,19.550512313842773,19.04364662734103,19.550512313842773,38000,0.0,0.0
2011-03-02 00:00:00+08:00,19.876349822580355,19.876349822580355,19.26087060721257,19.478097915649414,43000,0.0,0.0
2011-03-03 00:00:00+08:00,19.333284060102482,19.65912508831452,19.333284060102482,19.622920989990234,135000,0.0,0.0
2011-03-04 00:00:00+08:00,19.659125994922324,19.840149257087532,19.550512313842773,19.550512313842773,64000,0.0,0.0
2011-03-07 00:00:00+08:00,19.550507661712643,20.021167755126953,19.47809809785716,20.021167755126953,100000,0.0,0.0
2011-03-08 00:00:00+08:00,20.02117077159346,20.926287003411407,20.02117077159346,20.63665008544922,270000,0.0,0.0
2011-03-09 00:00:00+08:00,20.63664833720557,20.92628523063103,19.58671304480342,20.202192306518555,94000,0.0,0.0
2011-03-10 00:00:00+08:00,20.12978230612485,20.202191873202516,19.8401454189118,19.948759078979492,40000,0.0,0.0
2011-03-11 00:00:00+08:00,18.8264167353792,19.55050968673994,18.8264167353792,19.18846321105957,98000,0.0,0.0
2011-03-14 00:00:00+08:00,19.478099370715565,19.478099370715565,18.609188690960693,18.826416015625,113000,0.0,0.0
2011-03-15 00:00:00+08:00,18.464371346404306,18.681598692158186,17.52305100667379,17.88509750366211,115000,0.0,0.0
2011-03-16 00:00:00+08:00,17.740275192260743,18.247140750192923,17.740275192260743,18.10232162475586,40000,0.0,0.0
2011-03-17 00:00:00+08:00,17.885095471449134,17.885095471449134,17.378229880819514,17.740276336669922,47000,0.0,0.0
2011-03-18 00:00:00+08:00,17.486844538874255,18.21093749188021,17.486844538874255,17.812686920166016,37000,0.0,0.0
2011-03-21 00:00:00+08:00,17.776482449687386,17.993711176539048,17.776482449687386,17.88509750366211,49000,0.0,0.0
2011-03-22 00:00:00+08:00,17.957504089095682,18.247142365611463,17.957504089095682,17.993709564208984,40000,0.0,0.0
2011-03-23 00:00:00+08:00,18.066119917505628,18.066119917505628,17.486844720428028,17.77648162841797,187000,0.0,0.0
2011-03-24 00:00:00+08:00,17.77648028148112,18.464369094295897,17.77648028148112,18.174732208251953,124000,0.0,0.0
2011-03-25 00:00:00+08:00,18.138528526316858,18.283347674195127,18.02991485595703,18.02991485595703,48000,0.0,0.0
2011-03-28 00:00:00+08:00,18.174734425033208,18.174734425033208,17.848892025304608,17.88509750366211,32000,0.0,0.0
2011-03-29 00:00:00+08:00,17.885096083690286,18.10232341219759,17.885096083690286,17.957504272460938,14000,0.0,0.0
2011-03-30 00:00:00+08:00,17.95750509736437,18.10232424375349,17.848891428121394,18.066120147705078,33000,0.0,0.0
2011-03-31 00:00:00+08:00,18.10232424375349,18.210937912996464,18.066120147705078,18.066120147705078,21000,0.0,0.0
2011-04-01 00:00:00+08:00,18.066119317812262,18.10232341219759,17.957504272460938,17.957504272460938,13000,0.0,0.0
2011-04-06 00:00:00+08:00,17.957505282017898,18.02991485595703,17.66786836735911,18.02991485595703,33000,0.0,0.0
2011-04-07 00:00:00+08:00,17.993709441838444,17.993709441838444,17.740276642159493,17.84889030456543,95000,0.0,0.0
2011-04-08 00:00:00+08:00,17.667865629542213,18.10232162475586,17.667865629542213,18.10232162475586,27000,0.0,0.0
2011-04-11 00:00:00+08:00,18.1385299283835,18.355758666992188,17.84889299133644,18.355758666992188,77000,0.0,0.0
2011-04-12 00:00:00+08:00,18.391960310573214,18.428165786056212,17.885096083690286,17.957504272460938,85000,0.0,0.0
2011-04-13 00:00:00+08:00,17.885095471449134,17.885095471449134,17.59545720189071,17.740276336669922,46000,0.0,0.0
2011-04-14 00:00:00+08:00,17.740276642159493,18.17473267288089,17.740276642159493,17.84889030456543,30000,0.0,0.0
2011-04-15 00:00:00+08:00,18.102324429896164,18.102324429896164,17.84889161165807,18.02991485595703,20000,0.0,0.0
2011-04-18 00:00:00+08:00,18.02991485595703,18.31955177061582,17.957505282017898,18.02991485595703,93000,0.0,0.0
2011-04-19 00:00:00+08:00,17.957505584956962,19.260873794555664,17.88509739089407,19.260873794555664,687000,0.0,0.0
2011-04-20 00:00:00+08:00,20.60044348195673,20.60044348195673,19.840145111083984,19.840145111083984,886000,0.0,0.0
2011-04-21 00:00:00+08:00,19.188463810511998,20.02117045437127,18.935030993398893,19.0074405670166,276000,0.0,0.0
2011-04-22 00:00:00+08:00,19.043643629294596,19.043643629294596,18.46436983400032,18.536779403686523,153000,0.0,0.0
2011-04-25 00:00:00+08:00,18.681597161961257,18.790212207039392,18.536779403686523,18.536779403686523,68000,0.0,0.0
2011-04-26 00:00:00+08:00,18.75400775334688,18.75400775334688,18.572984509818244,18.609189987182617,18000,0.0,0.0
2011-04-27 00:00:00+08:00,19.369486685595163,19.876352310180664,18.86262106100966,19.876352310180664,504000,0.0,0.0
2011-04-28 00:00:00+08:00,20.12978362388868,20.2383986721643,19.188463333549848,19.73153305053711,412000,0.0,0.0
2011-04-29 00:00:00+08:00,19.224665807406293,19.224665807406293,18.46436882019043,18.46436882019043,140000,0.0,0.0
2011-05-03 00:00:00+08:00,18.536779450309865,18.536779450309865,17.233411335973035,17.957504272460938,133000,0.0,0.0
2011-05-04 00:00:00+08:00,17.812688892117258,18.39196276621137,17.812688892117258,18.355758666992188,49000,0.0,0.0
2011-05-05 00:00:00+08:00,18.464369094295897,18.536778661081286,18.138526734310453,18.174732208251953,74000,0.0,0.0
2011-05-06 00:00:00+08:00,18.17473370350802,18.42816651755828,18.17473370350802,18.319551467895508,37000,0.0,0.0
2011-05-09 00:00:00+08:00,18.319551288376985,18.75400733947754,18.210937620876273,18.75400733947754,109000,0.0,0.0
2011-05-10 00:00:00+08:00,18.971235440706064,18.971235440706064,18.46436983400032,18.536779403686523,44000,0.0,0.0
2011-05-11 00:00:00+08:00,18.826419448501845,18.826419448501845,18.50057702099246,18.572986602783203,48000,0.0,0.0
2011-05-12 00:00:00+08:00,18.536779403686523,18.71780263735319,18.355756170019852,18.536779403686523,35000,0.0,0.0
2011-05-13 00:00:00+08:00,18.53677970583119,18.79021251331495,18.53677970583119,18.64539337158203,48000,0.0,0.0
2011-05-16 00:00:00+08:00,18.464369405614267,18.464369405614267,18.28334617614746,18.28334617614746,13000,0.0,0.0
2011-05-17 00:00:00+08:00,18.174732208251953,18.28334586788123,18.102322641466564,18.174732208251953,32000,0.0,0.0
2011-05-18 00:00:00+08:00,18.17473370350802,18.46437061338072,18.102324130765414,18.319551467895508,25000,0.0,0.0
2011-05-19 00:00:00+08:00,18.319548931813916,18.319548931813916,18.10232162475586,18.10232162475586,23000,0.0,0.0
2011-05-20 00:00:00+08:00,18.319551467895508,18.319551467895508,17.740277648150105,18.319551467895508,35000,0.0,0.0
2011-05-23 00:00:00+08:00,18.10232162475586,18.10232162475586,17.740275192260743,18.10232162475586,18000,0.0,0.0
2011-05-24 00:00:00+08:00,17.84888884578977,18.10232162475586,17.84888884578977,18.10232162475586,50000,0.0,0.0
2011-05-25 00:00:00+08:00,17.9575024993188,18.10232162475586,17.9575024993188,18.10232162475586,20000,0.0,0.0
2011-05-26 00:00:00+08:00,17.993707971226833,18.247140750192923,17.993707971226833,18.10232162475586,14000,0.0,0.0
2011-05-27 00:00:00+08:00,18.247142791748047,18.31955098147033,18.066119555246967,18.247142791748047,70000,0.0,0.0
2011-05-30 00:00:00+08:00,18.247140750192923,18.247140750192923,18.10232162475586,18.10232162475586,26000,0.0,0.0
2011-05-31 00:00:00+08:00,18.247142976325062,18.247142976325062,18.2109375,18.2109375,12000,0.0,0.0
2011-06-01 00:00:00+08:00,18.53677970583119,18.71780294244849,18.53677970583119,18.64539337158203,60000,0.0,0.0
2011-06-02 00:00:00+08:00,18.609188541626768,18.609188541626768,18.28334617614746,18.28334617614746,25000,0.0,0.0
2011-06-03 00:00:00+08:00,18.464372345747602,18.53678192528383,18.319553186675144,18.355758666992188,28000,0.0,0.0
2011-06-07 00:00:00+08:00,19.622920989990234,19.622920989990234,19.622920989990234,19.622920989990234,258000,0.0,0.0
2011-06-08 00:00:00+08:00,20.636649600893076,20.962491989135742,20.347012689731667,20.962491989135742,1132000,0.0,0.0
2011-06-09 00:00:00+08:00,20.92628689096327,21.252129285105912,20.20219390939985,20.491830825805664,688000,0.0,0.0
2011-06-10 00:00:00+08:00,20.56424051068423,20.962492481342785,20.347013167487027,20.63665008544922,417000,0.0,0.0
2011-06-13 00:00:00+08:00,20.491827656850592,20.78146590956311,19.26087060721257,19.478097915649414,372000,0.0,0.0
2011-06-14 00:00:00+08:00,19.622918532642768,19.65912262643327,19.116052932989824,19.224666595458984,194000,0.0,0.0
2011-06-15 00:00:00+08:00,19.369486448899753,19.55050968673994,19.116053639703956,19.18846321105957,146000,0.0,0.0
2011-06-16 00:00:00+08:00,19.07984881513179,19.297076139796093,18.826416015625,18.826416015625,85000,0.0,0.0
2011-06-17 00:00:00+08:00,18.82641368422009,19.550506518228556,18.82641368422009,19.15225601196289,153000,0.0,0.0
2011-06-20 00:00:00+08:00,19.188462351672218,19.40568967491247,18.10232297327568,18.681596755981445,133000,0.0,0.0
2011-06-21 00:00:00+08:00,18.645394879369583,18.645394879369583,18.13852922341362,18.3919620513916,87000,0.0,0.0
2011-06-22 00:00:00+08:00,18.609188690960693,18.826416015625,18.210936754279267,18.826416015625,172000,0.0,0.0
2011-06-23 00:00:00+08:00,19.07984910468653,19.07984910468653,18.46436983400032,18.536779403686523,109000,0.0,0.0
2011-06-24 00:00:00+08:00,18.609187951611354,18.645392043917788,18.428164727883996,18.46436882019043,48000,0.0,0.0
2011-06-27 00:00:00+08:00,18.21093779933046,18.572984281945768,18.21093779933046,18.319551467895508,36000,0.0,0.0
2011-06-28 00:00:00+08:00,18.645394083449247,18.86262142324451,18.355757170022983,18.609189987182617,36000,0.0,0.0
2011-06-29 00:00:00+08:00,18.717803244009875,18.826416911510584,18.681597767444494,18.75400733947754,58000,0.0,0.0
2011-06-30 00:00:00+08:00,18.898825706213795,19.007439369247106,18.75400656810428,18.971235275268555,60000,0.0,0.0
2011-07-01 00:00:00+08:00,18.971235275268555,19.152258507356624,18.75400656810428,18.971235275268555,187000,0.0,0.0
2011-07-04 00:00:00+08:00,19.0627966814469,19.13799537617426,18.912399291992188,18.912399291992188,102000,0.971758,0.0
2011-07-05 00:00:00+08:00,18.91239599915163,18.98759468078613,18.799598693847656,18.799598693847656,96000,0.0,0.0
2011-07-06 00:00:00+08:00,18.799600939032484,19.10039426719786,18.799600939032484,19.062795639038086,82000,0.0,0.0
2011-07-07 00:00:00+08:00,18.68680138854368,19.06279336242063,18.649201330578652,18.799598693847656,74000,0.0,0.0
2011-07-08 00:00:00+08:00,19.025196327203194,19.025196327203194,18.574007034301758,18.574007034301758,30000,0.0,0.0
2011-07-11 00:00:00+08:00,18.23561030879151,18.57400365112647,17.446027755737305,17.446027755737305,83000,0.0,0.0
2011-07-12 00:00:00+08:00,17.145235061645508,17.295632439182764,16.76924305209806,17.145235061645508,88000,0.0,0.0
2011-07-13 00:00:00+08:00,17.032437562633863,17.859620261609653,17.032437562633863,17.52122688293457,44000,0.0,0.0
2011-07-14 00:00:00+08:00,17.521227959487472,17.521227959487472,17.145235930877906,17.29563331604004,45000,0.0,0.0
2011-07-15 00:00:00+08:00,17.446029629269596,17.52122688293457,17.2956322533483,17.52122688293457,23000,0.0,0.0
2011-07-18 00:00:00+08:00,16.31805397127082,17.10763662646637,16.31805397127082,16.769243240356445,88000,0.0,0.0
2011-07-19 00:00:00+08:00,16.769244646197254,16.957240668842047,16.656447319469546,16.80684471130371,23000,0.0,0.0
2011-07-20 00:00:00+08:00,17.145235061645508,17.145235061645508,16.99483911840394,17.145235061645508,42000,0.0,0.0
2011-07-21 00:00:00+08:00,17.596426652068537,17.596426652068537,17.18283599431632,17.29563331604004,72000,0.0,0.0
2011-07-22 00:00:00+08:00,17.29563249876322,17.9724178314209,17.29563249876322,17.9724178314209,68000,0.0,0.0
2011-07-25 00:00:00+08:00,18.27321139982235,18.574006159992102,18.27321139982235,18.423608779907227,249000,0.0,0.0
2011-07-26 00:00:00+08:00,18.423609821448615,18.423609821448615,18.12281647856984,18.273212432861328,59000,0.0,0.0
2011-07-27 00:00:00+08:00,17.897218647449595,18.085214647671947,17.897218647449595,18.01001739501953,80000,0.0,0.0
2011-07-28 00:00:00+08:00,17.972417334397665,18.34840933484237,17.972417334397665,18.01001739501953,48000,0.0,0.0
2011-07-29 00:00:00+08:00,18.047617059004935,18.047617059004935,17.408430334639363,17.859621047973633,38000,0.0,0.0
2011-08-01 00:00:00+08:00,17.671624109722924,18.160413425898682,17.671624109722924,17.822021484375,36000,0.0,0.0
2011-08-02 00:00:00+08:00,17.746822707849105,18.01001739501953,17.746822707849105,18.01001739501953,22000,0.0,0.0
2011-08-03 00:00:00+08:00,17.558828785233324,17.934820830166387,17.44603145861257,17.6340274810791,25000,0.0,0.0
2011-08-04 00:00:00+08:00,17.822022419485666,18.310811761307903,17.446030397423065,17.859621047973633,30000,0.0,0.0
2011-08-05 00:00:00+08:00,16.91964021018809,16.91964021018809,16.618846893310547,16.618846893310547,138000,0.0,0.0
2011-08-08 00:00:00+08:00,15.603670730104575,16.430853561692192,15.528472030088263,16.13006019592285,92000,0.0,0.0
2011-08-09 00:00:00+08:00,15.2652760824325,15.378074840628868,15.002082804763084,15.039681434631348,145000,0.0,0.0
2011-08-10 00:00:00+08:00,15.415675179591583,16.09246063232422,15.415675179591583,16.09246063232422,49000,0.0,0.0
2011-08-11 00:00:00+08:00,15.641269852403811,16.69404881698341,15.453273813628304,16.09246063232422,22000,0.0,0.0
2011-08-12 00:00:00+08:00,16.13006070065689,16.318056739432397,15.829265891179318,16.09246063232422,29000,0.0,0.0
2011-08-15 00:00:00+08:00,16.167656781875777,16.393251419067383,16.167656781875777,16.393251419067383,8000,0.0,0.0
2011-08-16 00:00:00+08:00,16.80684343641908,16.80684343641908,16.205255349011765,16.50605010986328,34000,0.0,0.0
2011-08-17 00:00:00+08:00,16.543648640962594,16.882042027791478,16.506050013224147,16.694046020507812,12000,0.0,0.0
2011-08-18 00:00:00+08:00,16.61884836792772,16.61884836792772,16.16765763542869,16.543649673461914,20000,0.0,0.0
2011-08-19 00:00:00+08:00,15.979660125005813,15.979660125005813,15.641266748640364,15.791664123535156,32000,0.0,0.0
2011-08-22 00:00:00+08:00,15.79166591868681,16.09245926837406,15.79166591868681,15.97966194152832,12000,0.0,0.0
2011-08-23 00:00:00+08:00,15.791664466738833,16.054859161376953,15.641267088575423,16.054859161376953,15000,0.0,0.0
2011-08-24 00:00:00+08:00,15.942062019731328,16.05485933744303,15.56607000449517,15.716465950012207,19000,0.0,0.0
2011-08-25 00:00:00+08:00,15.82926326772391,15.82926326772391,15.641267260105833,15.716465950012207,8000,0.0,0.0
2011-08-26 00:00:00+08:00,15.64126657290238,16.393250570336065,15.64126657290238,16.16765594482422,57000,0.0,0.0
2011-08-29 00:00:00+08:00,15.791663946107377,16.16765594482422,15.791663946107377,16.16765594482422,25000,0.0,0.0
2011-08-30 00:00:00+08:00,17.29563331604004,17.29563331604004,16.994839980011538,17.29563331604004,94000,0.0,0.0
2011-08-31 00:00:00+08:00,17.18283546301536,17.408430099487305,17.18283546301536,17.408430099487305,27000,0.0,0.0
2011-09-01 00:00:00+08:00,17.408430534549357,17.671625239874725,17.408430534549357,17.48362922668457,66000,0.0,0.0
2011-09-02 00:00:00+08:00,17.521228183893804,17.746824264526367,17.4836295542696,17.746824264526367,23000,0.0,0.0
2011-09-05 00:00:00+08:00,17.52122890407855,17.671626297348794,17.29563424846903,17.333232879638672,15000,0.0,0.0
2011-09-06 00:00:00+08:00,17.67162601215015,17.67162601215015,16.994840621948242,16.994840621948242,47000,0.0,0.0
2011-09-07 00:00:00+08:00,17.032438409332517,17.6716251373291,17.032438409332517,17.6716251373291,64000,0.0,0.0
2011-09-08 00:00:00+08:00,17.67162460378158,17.85962061020479,17.67162460378158,17.784421920776367,62000,0.0,0.0
2011-09-09 00:00:00+08:00,17.746823293210007,17.784421920776367,17.67162460378158,17.784421920776367,16000,0.0,0.0
2011-09-13 00:00:00+08:00,17.33323216718123,17.746824264526367,17.295633537557027,17.746824264526367,48000,0.0,0.0
2011-09-14 00:00:00+08:00,17.33323428207822,17.74682642988738,17.070040974003973,17.370834350585938,73000,0.0,0.0
2011-09-15 00:00:00+08:00,17.634025450513956,17.897218704223633,17.634025450513956,17.897218704223633,60000,0.0,0.0
2011-09-16 00:00:00+08:00,18.23561384309457,18.348411167635994,18.047617824093596,18.198015213012695,41000,0.0,0.0
2011-09-19 00:00:00+08:00,18.047618865966797,18.1228175647675,18.047618865966797,18.047618865966797,15000,0.0,0.0
2011-09-20 00:00:00+08:00,18.31081199645996,18.31081199645996,18.047617290776977,18.31081199645996,41000,0.0,0.0
2011-09-21 00:00:00+08:00,18.310813594621322,18.310813594621322,17.897221468365387,18.047618865966797,43000,0.0,0.0
2011-09-22 00:00:00+08:00,17.897219778129898,17.897219778129898,17.596426445630254,17.6716251373291,59000,0.0,0.0
2011-09-23 00:00:00+08:00,17.295635647866458,17.55883039023666,16.919643568565014,17.370834350585938,38000,0.0,0.0
2011-09-26 00:00:00+08:00,17.370831163185816,17.370831163185816,16.994839152875716,17.070037841796875,29000,0.0,0.0
2011-09-27 00:00:00+08:00,17.295630810332188,17.671622784469847,17.295630810332188,17.596424102783203,25000,0.0,0.0
2011-09-28 00:00:00+08:00,17.59642591435316,17.89721923777115,17.59642591435316,17.784421920776367,30000,0.0,0.0
2011-09-29 00:00:00+08:00,17.74682382902795,17.74682382902795,17.6716251373291,17.6716251373291,31000,0.0,0.0
2011-09-30 00:00:00+08:00,18.047618865966797,18.1228175647675,18.010020233714386,18.047618865966797,35000,0.0,0.0
2011-10-03 00:00:00+08:00,17.67162557098218,17.746824264526367,17.59642687743799,17.746824264526367,33000,0.0,0.0
2011-10-04 00:00:00+08:00,17.746824264526367,17.746824264526367,17.67162557098218,17.746824264526367,33000,0.0,0.0
2011-10-05 00:00:00+08:00,17.74682382902795,17.74682382902795,17.6716251373291,17.6716251373291,26000,0.0,0.0
2011-10-06 00:00:00+08:00,17.74682382902795,17.74682382902795,17.6716251373291,17.6716251373291,28000,0.0,0.0
2011-10-07 00:00:00+08:00,17.709224200606382,17.746824264526367,17.709224200606382,17.746824264526367,13000,0.0,0.0
2011-10-11 00:00:00+08:00,18.047617604407332,18.047617604407332,17.746824264526367,17.746824264526367,25000,0.0,0.0
2011-10-12 00:00:00+08:00,17.897220217318957,17.897220217318957,17.67162557098218,17.746824264526367,22000,0.0,0.0
2011-10-13 00:00:00+08:00,17.746822764146053,17.897218704223633,17.746822764146053,17.897218704223633,8000,0.0,0.0
2011-10-14 00:00:00+08:00,17.897218647449595,18.01001739501953,17.671624020901035,18.01001739501953,55000,0.0,0.0
2011-10-17 00:00:00+08:00,18.04761602134574,18.04761602134574,17.746822707849105,18.01001739501953,75000,0.0,0.0
2011-10-18 00:00:00+08:00,17.9724178314209,17.9724178314209,17.671624509605895,17.9724178314209,37000,0.0,0.0
2011-10-19 00:00:00+08:00,17.897219142393226,17.9724178314209,17.671624509605895,17.9724178314209,12000,0.0,0.0
2011-10-20 00:00:00+08:00,17.97241739141025,17.97241739141025,17.784421390591532,17.897218704223633,28000,0.0,0.0
2011-10-21 00:00:00+08:00,17.897219778129898,17.897219778129898,17.6716251373291,17.6716251373291,41000,0.0,0.0
2011-10-24 00:00:00+08:00,17.746824264526367,17.93482028123894,17.746824264526367,17.746824264526367,59000,0.0,0.0
2011-10-25 00:00:00+08:00,17.822022520726797,17.822022520726797,17.29563311313061,17.6716251373291,27000,0.0,0.0
2011-10-26 00:00:00+08:00,17.446030496528305,18.047617161527594,17.446030496528305,17.6716251373291,34000,0.0,0.0
2011-10-27 00:00:00+08:00,17.671622784469847,17.746821466156486,17.220432128645548,17.596424102783203,35000,0.0,0.0
2011-10-28 00:00:00+08:00,17.634026610954997,17.74682393200994,17.48362922668457,17.48362922668457,18000,0.0,0.0
2011-10-31 00:00:00+08:00,17.558827918819784,17.558827918819784,17.48362922668457,17.48362922668457,9000,0.0,0.0
2011-11-01 00:00:00+08:00,17.29563331604004,17.521227959487472,17.29563331604004,17.29563331604004,19000,0.0,0.0
2011-11-02 00:00:00+08:00,16.919641926526737,16.994840621948242,16.167657840903328,16.994840621948242,34000,0.0,0.0
2011-11-03 00:00:00+08:00,16.31805416286733,16.393251419067383,16.31805416286733,16.393251419067383,16000,0.0,0.0
2011-11-04 00:00:00+08:00,16.43085128854223,17.52122726789343,16.393251226587953,16.769243240356445,113000,0.0,0.0
2011-11-07 00:00:00+08:00,16.543648205517243,16.65644552005936,16.543648205517243,16.618846893310547,29000,0.0,0.0
2011-11-08 00:00:00+08:00,16.656447319469546,16.84444334211434,16.656447319469546,16.80684471130371,21000,0.0,0.0
2011-11-09 00:00:00+08:00,16.844440090112574,16.844440090112574,16.58124542236328,16.58124542236328,19000,0.0,0.0
2011-11-10 00:00:00+08:00,16.543648569520066,16.844441893015834,15.490871220137018,15.904461860656738,74000,0.0,0.0
2011-11-11 00:00:00+08:00,15.94206331067835,16.01726057237829,15.641268526695272,15.97966194152832,47000,0.0,0.0
2011-11-14 00:00:00+08:00,16.054859660636275,16.393251620583406,16.01725959777832,16.01725959777832,18000,0.0,0.0
2011-11-15 00:00:00+08:00,16.167656980618652,16.318054363458984,16.01725959777832,16.01725959777832,44000,0.0,0.0
2011-11-16 00:00:00+08:00,16.205253107619118,16.844439734577374,16.205253107619118,16.24285316467285,7000,0.0,0.0
2011-11-17 00:00:00+08:00,16.618847490554714,16.618847490554714,16.35565279096736,16.393251419067383,25000,0.0,0.0
2011-11-18 00:00:00+08:00,15.942061922528525,15.942061922528525,15.904461860656738,15.904461860656738,8000,0.0,0.0
2011-11-21 00:00:00+08:00,15.490870115071528,15.490870115071528,15.227675437927246,15.227675437927246,86000,0.0,0.0
2011-11-22 00:00:00+08:00,14.814086376731758,15.227677031016372,14.814086376731758,14.926883697509766,40000,0.0,0.0
2011-11-23 00:00:00+08:00,14.926883242213117,15.190077938864395,14.51329116624805,14.889283180236816,63000,0.0,0.0
2011-11-24 00:00:00+08:00,14.8516850921442,15.641267776489258,14.738887770708585,15.641267776489258,10000,0.0,0.0
2011-11-25 00:00:00+08:00,15.678866900775738,16.543648225715362,14.663688200065888,15.603668212890625,14000,0.0,0.0
2011-11-28 00:00:00+08:00,15.114881804409961,16.69404881698341,15.114881804409961,16.09246063232422,42000,0.0,0.0
2011-11-29 00:00:00+08:00,16.09245926837406,16.09245926837406,15.67886859184107,15.97966194152832,6000,0.0,0.0
2011-11-30 00:00:00+08:00,15.340475177008022,15.97966194152832,15.340475177008022,15.97966194152832,5000,0.0,0.0
2011-12-01 00:00:00+08:00,16.017257125237016,16.430849147054953,16.017257125237016,16.24285316467285,4000,0.0,0.0
2011-12-02 00:00:00+08:00,16.13006019592285,16.13006019592285,16.13006019592285,16.13006019592285,1000,0.0,0.0
2011-12-05 00:00:00+08:00,15.415672455626003,16.054859161376953,15.415672455626003,16.054859161376953,7000,0.0,0.0
2011-12-06 00:00:00+08:00,15.490871948906005,15.979661301868717,15.415673255920408,15.41567325592041,23000,0.0,0.0
2011-12-07 00:00:00+08:00,15.603668212890625,15.603668212890625,15.603668212890625,15.603668212890625,2000,0.0,0.0
2011-12-08 00:00:00+08:00,15.190078299597003,15.190078299597003,15.114879608154297,15.114879608154297,5000,0.0,0.0
2011-12-09 00:00:00+08:00,15.190078299597003,15.190078299597003,15.114879608154297,15.114879608154297,4000,0.0,0.0
2011-12-12 00:00:00+08:00,15.302875619613191,15.678867642530982,15.077279545285073,15.114879608154297,8000,0.0,0.0
2011-12-13 00:00:00+08:00,15.03968336675416,15.19008077414009,14.814088689971237,15.002084732055664,43000,0.0,0.0
2011-12-14 00:00:00+08:00,15.114879710238363,15.114879710238363,14.362895659323975,14.926883697509766,17000,0.0,0.0
2011-12-15 00:00:00+08:00,14.851684552556224,14.889283180236816,14.475692538567458,14.889283180236816,17000,0.0,0.0
2011-12-16 00:00:00+08:00,14.814086479336662,14.851685108424496,14.738887786865234,14.738887786865234,8000,0.0,0.0
2011-12-19 00:00:00+08:00,14.513290509165879,14.513290509165879,14.28769588470459,14.28769588470459,16000,0.0,0.0
2011-12-20 00:00:00+08:00,13.836506940654534,14.475693702697754,13.836506940654534,14.475693702697754,16000,0.0,0.0
2011-12-21 00:00:00+08:00,14.814088689971237,15.19008077414009,14.814088689971237,15.002084732055664,8000,0.0,0.0
2011-12-22 00:00:00+08:00,15.114879608154297,15.114879608154297,15.114879608154297,15.114879608154297,7000,0.0,0.0
2011-12-23 00:00:00+08:00,15.002082804763084,15.039681434631348,14.889284046566717,15.039681434631348,37000,0.0,0.0
2011-12-26 00:00:00+08:00,15.528470578250916,15.528470578250916,15.415673255920408,15.41567325592041,12000,0.0,0.0
2011-12-27 00:00:00+08:00,16.468450524176696,16.468450524176696,15.641267776489258,15.641267776489258,65000,0.0,0.0
2011-12-28 00:00:00+08:00,15.904461530135405,15.904461530135405,15.49087089821079,15.603668212890625,37000,0.0,0.0
2011-12-29 00:00:00+08:00,15.716465950012205,15.716465950012205,15.716465950012205,15.716465950012207,1000,0.0,0.0
2011-12-30 00:00:00+08:00,15.566070518396021,15.716466468878254,15.566070518396021,15.641267776489258,13000,0.0,0.0
2012-01-02 00:00:00+08:00,15.678866900775738,15.678866900775738,15.603668212890625,15.603668212890625,23000,0.0,0.0
2012-01-03 00:00:00+08:00,15.7164659679361,15.7164659679361,15.566070022247546,15.67886734008789,28000,0.0,0.0
2012-01-04 00:00:00+08:00,15.904463147443659,15.904463147443659,15.302876451779374,15.340475082397461,82000,0.0,0.0
2012-01-05 00:00:00+08:00,15.566071510314941,15.603670141757462,15.566071510314941,15.566071510314941,23000,0.0,0.0
2012-01-06 00:00:00+08:00,15.641267776489258,15.641267776489258,15.490871826007027,15.641267776489258,17000,0.0,0.0
2012-01-09 00:00:00+08:00,15.49087089821079,15.641266839685343,15.49087089821079,15.603668212890625,21000,0.0,0.0
2012-01-10 00:00:00+08:00,15.566071510314941,15.566071510314941,15.415674115953156,15.566071510314941,28000,0.0,0.0
2012-01-11 00:00:00+08:00,15.566070101703527,15.641267357783786,15.528470039367676,15.528470039367676,29000,0.0,0.0
2012-01-12 00:00:00+08:00,15.52846952500551,15.603668212890625,15.49087089821079,15.603668212890625,28000,0.0,0.0
2012-01-13 00:00:00+08:00,15.566071510314941,15.603670141757462,15.566071510314941,15.566071510314941,14000,0.0,0.0
2012-01-16 00:00:00+08:00,15.415672210325678,15.603668212890625,15.415672210325678,15.603668212890625,17000,0.0,0.0
2012-01-17 00:00:00+08:00,15.64126676517269,16.054858829422688,15.566069511941478,15.75406551361084,49000,0.0,0.0
2012-01-18 00:00:00+08:00,15.7164659679361,15.7164659679361,15.67886734008789,15.67886734008789,22000,0.0,0.0
2012-01-30 00:00:00+08:00,15.754067536119248,16.09245952198949,15.566071510314941,15.566071510314941,33000,0.0,0.0
2012-01-31 00:00:00+08:00,15.641266748640364,15.979660125005813,15.641266748640364,15.791664123535156,60000,0.0,0.0
2012-02-01 00:00:00+08:00,15.942059879720588,16.54364644962511,15.942059879720588,16.24285316467285,105000,0.0,0.0
2012-02-02 00:00:00+08:00,16.919643099328777,16.919643099328777,16.28045629538384,16.656448364257812,25000,0.0,0.0
2012-02-03 00:00:00+08:00,16.54364935906379,17.671625451727227,16.393251972990353,17.107637405395508,114000,0.0,0.0
2012-02-06 00:00:00+08:00,17.52122890407855,17.52122890407855,17.182836920664272,17.333232879638672,11000,0.0,0.0
2012-02-07 00:00:00+08:00,17.37083266475995,17.37083266475995,16.919641926526737,16.994840621948242,22000,0.0,0.0
2012-02-08 00:00:00+08:00,16.994839551088987,17.220434188842773,16.882042232212093,17.220434188842773,19000,0.0,0.0
2012-02-09 00:00:00+08:00,17.03243817928271,17.521227517279733,16.994839551088987,17.220434188842773,54000,0.0,0.0
2012-02-10 00:00:00+08:00,17.03243871235879,17.14523603476598,16.731645374507693,17.107637405395508,55000,0.0,0.0
2012-02-13 00:00:00+08:00,17.070036957453055,17.070036957453055,16.69404496662189,16.919639587402344,54000,0.0,0.0
2012-02-14 00:00:00+08:00,16.882042430484756,16.91964105912006,16.731645047352057,16.84444236755371,47000,0.0,0.0
2012-02-15 00:00:00+08:00,16.844442594849404,17.671625344649605,16.844442594849404,17.29563331604004,61000,0.0,0.0
2012-02-16 00:00:00+08:00,17.295630468044223,17.671622434740836,16.91963850134761,17.258031845092773,81000,0.0,0.0
2012-02-17 00:00:00+08:00,17.295632879525947,17.558827579769183,17.03243817928271,17.220434188842773,45000,0.0,0.0
2012-02-20 00:00:00+08:00,17.295632879525947,17.295632879525947,16.919640860405817,17.220434188842773,38000,0.0,0.0
2012-02-21 00:00:00+08:00,17.44602782844108,17.44602782844108,17.220431787845797,17.258031845092773,20000,0.0,0.0
2012-02-22 00:00:00+08:00,17.483626797401016,17.972416076920858,17.37082949201883,17.596424102783203,99000,0.0,0.0
2012-02-23 00:00:00+08:00,17.52122688293457,18.010017637530954,17.52122688293457,17.52122688293457,76000,0.0,0.0
2012-02-24 00:00:00+08:00,17.52122890407855,17.634027666179154,17.29563424846903,17.333232879638672,41000,0.0,0.0
2012-02-29 00:00:00+08:00,17.370831570209116,17.44603026089229,17.182835560649053,17.220434188842773,31000,0.0,0.0
2012-03-01 00:00:00+08:00,17.145235061645508,17.145235061645508,17.03243774564041,17.145235061645508,20000,0.0,0.0
2012-03-02 00:00:00+08:00,17.972418910863144,17.972418910863144,17.408430860725417,17.746824264526367,61000,0.0,0.0
2012-03-05 00:00:00+08:00,17.446033053305417,17.446033053305417,17.370834350585938,17.370834350585938,29000,0.0,0.0
2012-03-06 00:00:00+08:00,17.44602894828422,17.44602894828422,16.58124622193605,16.919639587402344,60000,0.0,0.0
2012-03-07 00:00:00+08:00,16.76924453568373,16.994840621948242,16.76924453568373,16.994840621948242,15000,0.0,0.0
2012-03-08 00:00:00+08:00,17.295632979969977,17.295632979969977,17.032438278198242,17.032438278198242,11000,0.0,0.0
2012-03-09 00:00:00+08:00,17.634027666179154,17.634027666179154,17.107638224029152,17.333232879638672,21000,0.0,0.0
2012-03-12 00:00:00+08:00,18.047617059004935,18.386010452579573,17.67162503694233,17.859621047973633,208000,0.0,0.0
2012-03-13 00:00:00+08:00,17.859618771538674,18.122813440294145,17.295630810332188,17.596424102783203,57000,0.0,0.0
2012-03-14 00:00:00+08:00,17.972419197251,18.1980152814784,17.59642715783447,18.085216522216797,78000,0.0,0.0
2012-03-15 00:00:00+08:00,18.574007251014645,18.574007251014645,18.010019194011722,18.198015213012695,92000,0.0,0.0
2012-03-16 00:00:00+08:00,18.1980155484787,18.1980155484787,17.6340274810791,17.6340274810791,33000,0.0,0.0
2012-03-19 00:00:00+08:00,17.634027666179154,17.671626297348794,17.220435551833912,17.333232879638672,62000,0.0,0.0
2012-03-20 00:00:00+08:00,17.107634757861867,17.333229367763803,16.58124542236328,16.58124542236328,33000,0.0,0.0
2012-03-21 00:00:00+08:00,16.69404579762512,17.48362844395649,16.69404579762512,17.145235061645508,72000,0.0,0.0
2012-03-22 00:00:00+08:00,17.145235061645508,17.370831127951394,17.145235061645508,17.145235061645508,26000,0.0,0.0
2012-03-23 00:00:00+08:00,17.295635647866458,17.934822469538105,17.295635647866458,17.370834350585938,28000,0.0,0.0
2012-03-26 00:00:00+08:00,17.74682244396012,18.423607747837895,17.52122638647044,17.558826446533203,60000,0.0,0.0
2012-03-27 00:00:00+08:00,17.822022520726797,18.01001853282604,16.844442397233273,17.6716251373291,141000,0.0,0.0
2012-03-28 00:00:00+08:00,17.671624020901035,18.01001739501953,17.634025394574827,18.01001739501953,94000,0.0,0.0
2012-03-29 00:00:00+08:00,18.273210893949713,18.273210893949713,16.806842933047587,17.52122688293457,119000,0.0,0.0
2012-03-30 00:00:00+08:00,17.18283445167937,17.596425072300335,16.76924239676277,17.558826446533203,20000,0.0,0.0
2012-04-02 00:00:00+08:00,17.182835560649053,17.48362888908601,17.145235498159604,17.220434188842773,23000,0.0,0.0
2012-04-03 00:00:00+08:00,17.483626601981637,17.483626601981637,16.355650692176372,16.88204002380371,55000,0.0,0.0
2012-04-05 00:00:00+08:00,17.558825282827765,17.558825282827765,16.694044038836168,16.88204002380371,30000,0.0,0.0
2012-04-06 00:00:00+08:00,17.14523569952336,17.14523569952336,16.84444236755371,16.84444236755371,4000,0.0,0.0
2012-04-09 00:00:00+08:00,17.10763643440904,17.182835123177668,16.618847108856492,17.145235061645508,20000,0.0,0.0
2012-04-10 00:00:00+08:00,17.145235061645508,17.182835123177668,16.919640429635315,17.145235061645508,29000,0.0,0.0
2012-04-11 00:00:00+08:00,17.2580319937388,17.2580319937388,16.88204002380371,16.88204002380371,2000,0.0,0.0
2012-04-12 00:00:00+08:00,17.145235290552044,17.145235290552044,16.581247268701045,16.694046020507812,12000,0.0,0.0
2012-04-13 00:00:00+08:00,16.844440902376988,16.9948382724277,16.844440902376988,16.919639587402344,43000,0.0,0.0
2012-04-16 00:00:00+08:00,17.182835158030766,17.182835158030766,17.070037841796875,17.070037841796875,7000,0.0,0.0
2012-04-17 00:00:00+08:00,16.919638771511735,16.919638771511735,16.58124542236328,16.58124542236328,17000,0.0,0.0
2012-04-18 00:00:00+08:00,16.581246924796222,16.882041677647994,16.430850982666016,16.430850982666016,10000,0.0,0.0
2012-04-19 00:00:00+08:00,16.430850096586774,16.468448721517795,16.280452728271484,16.280452728271484,22000,0.0,0.0
2012-04-20 00:00:00+08:00,16.318054363458984,17.070038409069152,16.01725959777832,16.01725959777832,20000,0.0,0.0
2012-04-23 00:00:00+08:00,16.6940462182395,16.6940462182395,16.31805419921875,16.31805419921875,3000,0.0,0.0
2012-04-24 00:00:00+08:00,16.31805419921875,16.31805419921875,16.31805419921875,16.31805419921875,0,0.0,0.0
2012-04-25 00:00:00+08:00,16.167655419182818,16.280452728271484,15.90446074177886,16.280452728271484,6000,0.0,0.0
2012-04-26 00:00:00+08:00,16.280454039224644,16.50605010986328,15.829263332243084,16.50605010986328,12000,0.0,0.0
2012-04-27 00:00:00+08:00,16.6188476948439,16.6188476948439,16.01725959777832,16.01725959777832,7000,0.0,0.0
2012-04-30 00:00:00+08:00,15.829263385087426,15.866863447467248,15.302875420431414,15.49087142944336,20000,0.0,0.0
2012-05-02 00:00:00+08:00,15.716465362962827,16.017258677057225,15.378073422467502,15.942061424255371,12000,0.0,0.0
2012-05-03 00:00:00+08:00,16.43085028320262,16.43085028320262,15.490870306295097,15.866862297058105,11000,0.0,0.0
2012-05-04 00:00:00+08:00,15.641267776489258,15.641267776489258,15.60366914744264,15.641267776489258,41000,0.0,0.0
2012-05-07 00:00:00+08:00,15.641267900581424,15.641267900581424,15.415673255920408,15.41567325592041,21000,0.0,0.0
2012-05-08 00:00:00+08:00,15.7164659679361,15.7164659679361,15.453271270111488,15.67886734008789,3000,0.0,0.0
2012-05-09 00:00:00+08:00,15.67886734008789,15.67886734008789,15.67886734008789,15.67886734008789,0,0.0,0.0
2012-05-10 00:00:00+08:00,15.566071510314941,15.641268773199982,15.566071510314941,15.566071510314941,3000,0.0,0.0
2012-05-11 00:00:00+08:00,15.415673255920408,15.415673255920408,15.340474562934814,15.41567325592041,22000,0.0,0.0
2012-05-14 00:00:00+08:00,15.340474351794379,15.340474351794379,14.926883697509766,14.926883697509766,34000,0.0,0.0
2012-05-15 00:00:00+08:00,14.926881637873018,15.302873611450195,14.926881637873018,15.302873611450195,26000,0.0,0.0
2012-05-16 00:00:00+08:00,15.152478339065782,15.152478339065782,14.287696967373385,14.926883697509766,54000,0.0,0.0
2012-05-17 00:00:00+08:00,14.926883242213117,15.152477876888094,14.851684552556224,14.889283180236816,79000,0.0,0.0
2012-05-18 00:00:00+08:00,14.738887020410827,14.81408570897176,14.362895011901855,14.362895011901855,68000,0.0,0.0
2012-05-21 00:00:00+08:00,14.776486096460296,14.776486096460296,14.438094139099121,14.438094139099121,32000,0.0,0.0
2012-05-22 00:00:00+08:00,14.588489441461617,14.776485443115234,14.438093500716121,14.776485443115234,40000,0.0,0.0
2012-05-23 00:00:00+08:00,14.550891458219514,14.550891458219514,14.287696757408112,14.438094139099121,25000,0.0,0.0
2012-05-24 00:00:00+08:00,14.43809325720921,14.43809325720921,14.28769588470459,14.28769588470459,30000,0.0,0.0
2012-05-25 00:00:00+08:00,14.287695957252662,14.438093330520951,14.137298583984375,14.137298583984375,28000,0.0,0.0
2012-05-28 00:00:00+08:00,14.137298528126909,14.362894587137996,14.062101276085524,14.250097274780273,29000,0.0,0.0
2012-05-29 00:00:00+08:00,14.174900226663041,14.701288223266602,14.174900226663041,14.701288223266602,40000,0.0,0.0
2012-05-30 00:00:00+08:00,14.663688777339905,14.738887468185409,14.400494076528505,14.438094139099121,34000,0.0,0.0
2012-05-31 00:00:00+08:00,14.43809360757849,14.550890922546387,14.287696231424174,14.550890922546387,35000,0.0,0.0
2012-06-01 00:00:00+08:00,14.43809360757849,14.550890922546387,14.362894919501333,14.550890922546387,35000,0.0,0.0
2012-06-04 00:00:00+08:00,14.362894224843835,14.47569153435632,13.986902236938477,13.986902236938477,45000,0.0,0.0
2012-06-05 00:00:00+08:00,14.212496597722792,14.588488578796387,14.212496597722792,14.588488578796387,57000,0.0,0.0
2012-06-06 00:00:00+08:00,14.550891962402714,14.550891962402714,14.362895945922823,14.400494575500488,16000,0.0,0.0
2012-06-07 00:00:00+08:00,14.626089255692165,14.626089255692165,14.28769588470459,14.28769588470459,45000,0.0,0.0
2012-06-08 00:00:00+08:00,14.325294510682923,14.325294510682923,14.174898572473944,14.28769588470459,33000,0.0,0.0
2012-06-11 00:00:00+08:00,14.3628945709569,14.3628945709569,13.911703887738678,14.28769588470459,32000,0.0,0.0
2012-06-12 00:00:00+08:00,14.024501287339273,14.099699974060059,14.024501287339273,14.099699974060059,11000,0.0,0.0
2012-06-13 00:00:00+08:00,14.062102180637055,14.438094202212422,14.062102180637055,14.325295448303223,29000,0.0,0.0
2012-06-14 00:00:00+08:00,14.062101260243299,14.325294510682923,14.062101260243299,14.28769588470459,29000,0.0,0.0
2012-06-15 00:00:00+08:00,14.174898572473944,14.28769588470459,14.174898572473944,14.28769588470459,36000,0.0,0.0
2012-06-18 00:00:00+08:00,14.287697680584797,14.550892398402102,14.287697680584797,14.475693702697754,45000,0.0,0.0
2012-06-19 00:00:00+08:00,14.325294950473547,14.550891016156342,14.325294950473547,14.362895011901855,28000,0.0,0.0
2012-06-20 00:00:00+08:00,14.550892287791122,14.88928426444461,14.550892287791122,14.663689613342285,20000,0.0,0.0
2012-06-21 00:00:00+08:00,14.47569359265841,14.663689613342285,14.438094962239958,14.663689613342285,44000,0.0,0.0
2012-06-22 00:00:00+08:00,14.362896247084842,14.738888287928447,14.362896247084842,14.701288223266602,39000,0.0,0.0
2012-06-25 00:00:00+08:00,14.701287621657999,15.190078402188952,14.701287621657999,14.926883697509766,40000,0.0,0.0
2012-06-26 00:00:00+08:00,14.964482429983757,14.964482429983757,14.738887786865234,14.738887786865234,16000,0.0,0.0
2012-06-27 00:00:00+08:00,14.663688128982196,14.776485443115234,14.588489441461617,14.776485443115234,11000,0.0,0.0
2012-06-28 00:00:00+08:00,14.588490918209573,14.926884329158872,14.588490918209573,14.663689613342285,8000,0.0,0.0
2012-06-29 00:00:00+08:00,14.738887235218735,14.889283180236816,14.701287173242434,14.889283180236816,7000,0.0,0.0
2012-07-02 00:00:00+08:00,15.03968091671159,15.190078299597003,15.03968091671159,15.114879608154297,12000,0.0,0.0
2012-07-03 00:00:00+08:00,15.754066128919225,15.754066128919225,15.190078101883392,15.49087142944336,26000,0.0,0.0
2012-07-04 00:00:00+08:00,15.490872473461442,15.566071168993432,15.227677756247385,15.340475082397461,22000,0.0,0.0
2012-07-05 00:00:00+08:00,15.227677221467223,15.453271865844727,15.227677221467223,15.453271865844727,11000,0.0,0.0
2012-07-06 00:00:00+08:00,15.265274062821172,15.340472746904624,15.114878128949869,15.227675437927246,11000,0.0,0.0
2012-07-09 00:00:00+08:00,15.227677240604306,15.415673255920408,15.227677240604306,15.41567325592041,13000,0.0,0.0
2012-07-10 00:00:00+08:00,15.227677240604306,15.415673255920408,15.190078611259395,15.41567325592041,41000,0.0,0.0
2012-07-11 00:00:00+08:00,15.265274062821172,15.453270055882003,15.227675437927246,15.227675437927246,25000,0.0,0.0
2012-07-12 00:00:00+08:00,15.227675437927246,15.227675437927246,15.114878128949869,15.227675437927246,75000,0.0,0.0
2012-07-13 00:00:00+08:00,15.071804139857846,15.071804139857846,14.828709602355955,14.828709602355957,24000,1.457637,0.0
2012-07-16 00:00:00+08:00,14.666649145909872,14.990773672972725,14.666649145909872,14.7476806640625,10000,0.0,0.0
2012-07-17 00:00:00+08:00,14.7476806640625,14.7476806640625,14.585617627757246,14.7476806640625,15000,0.0,0.0
2012-07-18 00:00:00+08:00,14.747679131216097,14.747679131216097,14.585616111755371,14.585616111755371,3000,0.0,0.0
2012-07-19 00:00:00+08:00,14.747678429091318,14.788193409253866,14.707161903381348,14.707161903381348,5000,0.0,0.0
2012-07-20 00:00:00+08:00,14.666646957397461,14.666646957397461,14.62613043159307,14.666646957397461,18000,0.0,0.0
2012-07-23 00:00:00+08:00,14.585616111755371,14.585616111755371,14.545101129663939,14.585616111755371,3000,0.0,0.0
2012-07-24 00:00:00+08:00,14.707163427152507,14.869226455688477,14.707163427152507,14.869226455688477,6000,0.0,0.0
2012-07-25 00:00:00+08:00,15.233862633295676,15.233862633295676,14.950254713455276,15.07180118560791,6000,0.0,0.0
2012-07-26 00:00:00+08:00,14.78819465637207,15.152835690775609,14.78819465637207,14.78819465637207,5000,0.0,0.0
2012-07-27 00:00:00+08:00,14.78819142161189,14.990769386291504,14.78819142161189,14.990769386291504,7000,0.0,0.0
2012-07-30 00:00:00+08:00,14.86922616907814,15.071804178069538,14.78819465637207,14.78819465637207,8000,0.0,0.0
2012-07-31 00:00:00+08:00,14.78819494142049,14.869226455688477,14.78819494142049,14.869226455688477,2000,0.0,0.0
2012-08-01 00:00:00+08:00,14.828706367983015,15.03128433227539,14.828706367983015,15.03128433227539,6000,0.0,0.0
2012-08-02 00:00:00+08:00,15.03128433227539,15.03128433227539,15.03128433227539,15.03128433227539,0,0.0,0.0
2012-08-03 00:00:00+08:00,15.03128433227539,15.03128433227539,15.03128433227539,15.03128433227539,0,0.0,0.0
2012-08-06 00:00:00+08:00,14.869226131380046,15.112319123334386,14.788194618879416,14.828709602355957,37000,0.0,0.0
2012-08-07 00:00:00+08:00,14.828708316670047,14.95025634765625,14.788193336706257,14.95025634765625,6000,0.0,0.0
2012-08-08 00:00:00+08:00,14.869226131380046,14.950257643880676,14.788194618879416,14.828709602355957,19000,0.0,0.0
2012-08-09 00:00:00+08:00,15.03128433227539,15.03128433227539,14.869222888169817,15.03128433227539,54000,0.0,0.0
2012-08-10 00:00:00+08:00,14.990769386291504,14.990769386291504,14.909737891310215,14.990769386291504,16000,0.0,0.0
2012-08-13 00:00:00+08:00,15.11231836528122,15.15283489227295,15.11231836528122,15.15283489227295,6000,0.0,0.0
2012-08-14 00:00:00+08:00,15.031286786867588,15.233864784240723,15.031286786867588,15.233864784240723,8000,0.0,0.0
2012-08-15 00:00:00+08:00,15.314894676208496,15.314894676208496,15.314894676208496,15.314894676208496,1000,0.0,0.0
2012-08-16 00:00:00+08:00,15.233863176700527,15.35541119873613,14.990770223723924,15.314894676208496,33000,0.0,0.0
2012-08-17 00:00:00+08:00,15.31489636359745,15.31489636359745,14.585615878768518,15.15283489227295,24000,0.0,0.0
2012-08-20 00:00:00+08:00,15.15283489227295,15.15283489227295,14.828708858529003,15.15283489227295,37000,0.0,0.0
2012-08-21 00:00:00+08:00,15.11231616114304,15.193347657760546,15.071801185607912,15.07180118560791,19000,0.0,0.0
2012-08-22 00:00:00+08:00,15.071801753817248,15.27437973022461,14.950255277082292,15.27437973022461,22000,0.0,0.0
2012-08-23 00:00:00+08:00,14.990771840413412,15.193349838256836,14.990771840413412,15.193349838256836,42000,0.0,0.0
2012-08-24 00:00:00+08:00,15.233864819606532,15.233864819606532,15.071803348660275,15.193349838256836,6000,0.0,0.0
2012-08-27 00:00:00+08:00,15.031286856845233,15.15283489227295,14.990771875400977,15.15283489227295,52000,0.0,0.0
2012-08-28 00:00:00+08:00,15.071800852462193,15.071800852462193,14.9907693576358,15.03128433227539,59000,0.0,0.0
2012-08-29 00:00:00+08:00,14.990771327620042,14.990771327620042,14.869224842181254,14.95025634765625,16000,0.0,0.0
2012-08-30 00:00:00+08:00,14.990771327620042,14.990771327620042,14.95025634765625,14.95025634765625,9000,0.0,0.0
2012-08-31 00:00:00+08:00,14.909741401672363,14.95025793147586,14.909741401672363,14.909741401672363,23000,0.0,0.0
2012-09-03 00:00:00+08:00,14.95025689395672,15.15283489227295,14.95025689395672,15.15283489227295,7000,0.0,0.0
2012-09-04 00:00:00+08:00,15.071802530291167,15.720051469972502,15.071802530291167,15.639019966125488,55000,0.0,0.0
2012-09-05 00:00:00+08:00,15.639021370699897,15.639021370699897,15.395928382873535,15.395928382873535,22000,0.0,0.0
2012-09-06 00:00:00+08:00,15.395926175716463,15.5579891747324,15.314894676208496,15.314894676208496,14000,0.0,0.0
2012-09-07 00:00:00+08:00,15.679538479922513,15.720053464212041,15.314897439126435,15.557991981506348,37000,0.0,0.0
2012-09-10 00:00:00+08:00,15.314895496284821,15.639019966125488,15.314895496284821,15.639019966125488,66000,0.0,0.0
2012-09-11 00:00:00+08:00,15.395926507394172,15.476958008647818,15.355411529541016,15.355411529541016,19000,0.0,0.0
2012-09-12 00:00:00+08:00,15.355411229897017,15.355411229897017,15.27437973022461,15.27437973022461,12000,0.0,0.0
2012-09-13 00:00:00+08:00,15.395927000131834,15.639019966125488,15.314895496284821,15.639019966125488,15000,0.0,0.0
2012-09-14 00:00:00+08:00,15.557991810355688,16.00366281482808,15.476960297120463,15.882116317749023,22000,0.0,0.0
2012-09-17 00:00:00+08:00,15.720051503396864,15.720051503396864,15.557990040905644,15.598505020141602,15000,0.0,0.0
2012-09-18 00:00:00+08:00,15.557990007825861,15.801082973819515,15.35541202098202,15.639019966125488,35000,0.0,0.0
2012-09-19 00:00:00+08:00,15.557991981506348,15.557991981506348,15.557991981506348,15.557991981506348,18000,0.0,0.0
2012-09-20 00:00:00+08:00,15.517475128173828,15.639021624056095,15.476960144728924,15.517475128173828,9000,0.0,0.0
2012-09-21 00:00:00+08:00,15.47695973380595,16.368303255856084,15.47695973380595,15.720052719116211,52000,0.0,0.0
2012-09-24 00:00:00+08:00,15.760568441668644,16.368302419436628,15.72005191582232,16.125207901000977,62000,0.0,0.0
2012-09-25 00:00:00+08:00,15.882115992979386,15.922630975994734,15.841599464416504,15.841599464416504,5000,0.0,0.0
2012-09-26 00:00:00+08:00,15.801084229402134,15.801084229402134,15.274381730864897,15.720052719116211,13000,0.0,0.0
2012-09-27 00:00:00+08:00,15.557990449079316,16.327785893590303,15.517473923232993,16.125207901000977,16000,0.0,0.0
2012-09-28 00:00:00+08:00,15.882116317749023,15.882116317749023,15.801084804513799,15.882116317749023,14000,0.0,0.0
2012-10-01 00:00:00+08:00,15.801084518432617,15.801084518432617,15.801084518432617,15.801084518432617,1000,0.0,0.0
2012-10-02 00:00:00+08:00,15.801082973819515,15.801082973819515,15.598504986975675,15.639019966125488,15000,0.0,0.0
2012-10-03 00:00:00+08:00,15.557991405122793,15.557991405122793,15.355413400084982,15.395928382873535,17000,0.0,0.0
2012-10-04 00:00:00+08:00,15.395926175716463,15.395926175716463,15.314894676208496,15.314894676208496,23000,0.0,0.0
2012-10-05 00:00:00+08:00,15.31489629229947,15.31489629229947,15.233864784240723,15.233864784240723,3000,0.0,0.0
2012-10-08 00:00:00+08:00,15.233863992437808,15.639019966125488,15.233863992437808,15.639019966125488,5000,0.0,0.0
2012-10-09 00:00:00+08:00,15.355413400084982,15.395928382873535,15.355413400084982,15.395928382873535,5000,0.0,0.0
2012-10-11 00:00:00+08:00,15.395926175716463,15.395926175716463,15.233863176700527,15.314894676208496,8000,0.0,0.0
2012-10-12 00:00:00+08:00,15.557991981506348,15.598506965795876,15.557991981506348,15.557991981506348,5000,0.0,0.0
2012-10-15 00:00:00+08:00,15.193350341610659,15.436443328857422,15.193350341610659,15.436443328857422,8000,0.0,0.0
2012-10-16 00:00:00+08:00,15.395928632291563,15.517475128173828,15.355413648846657,15.517475128173828,26000,0.0,0.0
2012-10-17 00:00:00+08:00,15.557991657166284,15.59850664061119,15.476960144728924,15.517475128173828,29000,0.0,0.0
2012-10-18 00:00:00+08:00,15.517475128173828,15.557991657166284,15.517475128173828,15.517475128173828,6000,0.0,0.0
2012-10-19 00:00:00+08:00,15.517474876786716,15.517474876786716,15.395928382873535,15.395928382873535,15000,0.0,0.0
2012-10-22 00:00:00+08:00,15.31489552884773,15.598505020141602,15.31489552884773,15.598505020141602,19000,0.0,0.0
2012-10-23 00:00:00+08:00,15.395928382873535,15.395928382873535,15.395928382873535,15.395928382873535,16000,0.0,0.0
2012-10-24 00:00:00+08:00,15.395928382873535,15.395928382873535,15.355413400084982,15.395928382873535,3000,0.0,0.0
2012-10-25 00:00:00+08:00,15.314895006140524,15.395926507394172,15.314895006140524,15.355411529541016,12000,0.0,0.0
2012-10-26 00:00:00+08:00,15.35541232948382,15.35541232948382,14.95025634765625,14.95025634765625,31000,0.0,0.0
2012-10-29 00:00:00+08:00,14.585615878768518,15.15283489227295,14.585615878768518,15.15283489227295,24000,0.0,0.0
2012-10-30 00:00:00+08:00,15.152833222739861,15.314894676208496,14.990770223723924,15.314894676208496,30000,0.0,0.0
2012-10-31 00:00:00+08:00,15.071801185607912,15.152832682225418,15.071801185607912,15.07180118560791,25000,0.0,0.0
2012-11-01 00:00:00+08:00,15.031285231207391,15.27437973022461,14.869223777409884,15.27437973022461,47000,0.0,0.0
2012-11-02 00:00:00+08:00,15.233865360624279,15.395928382873535,15.233865360624279,15.395928382873535,16000,0.0,0.0
2012-11-05 00:00:00+08:00,15.314893820669445,15.314893820669445,14.990769386291504,14.990769386291504,22000,0.0,0.0
2012-11-06 00:00:00+08:00,15.233863207614755,15.355411229897017,14.990770254144842,15.27437973022461,55000,0.0,0.0
2012-11-07 00:00:00+08:00,15.112318992614744,15.112318992614744,15.112318992614744,15.112318992614746,6000,0.0,0.0
2012-11-08 00:00:00+08:00,15.112318992614744,15.112318992614744,15.112318992614744,15.112318992614746,3000,0.0,0.0
2012-11-09 00:00:00+08:00,15.112316700212226,15.314894676208496,15.112316700212226,15.314894676208496,14000,0.0,0.0
2012-11-12 00:00:00+08:00,15.314896871748907,15.436443365662088,15.314896871748907,15.395928382873535,46000,0.0,0.0
2012-11-13 00:00:00+08:00,15.395927800358216,15.395927800358216,15.233864784240723,15.233864784240723,5000,0.0,0.0
2012-11-14 00:00:00+08:00,15.193349802985082,15.233864784240723,15.193349802985082,15.233864784240723,6000,0.0,0.0
2012-11-15 00:00:00+08:00,15.314894707287161,15.355411229897017,15.27437973022461,15.27437973022461,13000,0.0,0.0
2012-11-16 00:00:00+08:00,15.355411229897017,15.355411229897017,15.27437973022461,15.27437973022461,17000,0.0,0.0
2012-11-19 00:00:00+08:00,15.395928382873535,15.395928382873535,15.355413400084982,15.395928382873535,34000,0.0,0.0
2012-11-20 00:00:00+08:00,15.395926507394172,15.395926507394172,15.314895006140524,15.355411529541016,20000,0.0,0.0
2012-11-21 00:00:00+08:00,15.395926206959567,15.395926206959567,15.27437973022461,15.27437973022461,9000,0.0,0.0
2012-11-22 00:00:00+08:00,15.395928382873535,15.395928382873535,15.395928382873535,15.395928382873535,1000,0.0,0.0
2012-11-23 00:00:00+08:00,15.557991981506348,15.557991981506348,15.557991981506348,15.557991981506348,6000,0.0,0.0
2012-11-26 00:00:00+08:00,15.557991528675746,16.20624053172576,15.557991528675746,15.801084518432617,53000,0.0,0.0
2012-11-27 00:00:00+08:00,16.165724426847298,16.165724426847298,16.125207901000977,16.125207901000977,3000,0.0,0.0
2012-11-28 00:00:00+08:00,16.165725708007812,16.165725708007812,16.165725708007812,16.165725708007812,1000,0.0,0.0
2012-11-29 00:00:00+08:00,15.720053291278575,15.922631301592853,15.720053291278575,15.882116317749023,22000,0.0,0.0
2012-11-30 00:00:00+08:00,15.801084518432617,16.044177508189488,15.801084518432617,15.801084518432617,3000,0.0,0.0
2012-12-03 00:00:00+08:00,15.72005263385187,15.963147163391112,15.639021124005456,15.963147163391113,6000,0.0,0.0
2012-12-04 00:00:00+08:00,15.963147163391112,15.963147163391112,15.963147163391112,15.963147163391113,0,0.0,0.0
2012-12-05 00:00:00+08:00,15.720053291278575,15.963147830984248,15.720053291278575,15.882116317749023,8000,0.0,0.0
2012-12-06 00:00:00+08:00,15.801084481401155,15.841599464416504,15.720052969822925,15.841599464416504,16000,0.0,0.0
2012-12-07 00:00:00+08:00,15.720052969822925,15.841599464416504,15.557991492213997,15.841599464416504,16000,0.0,0.0
2012-12-10 00:00:00+08:00,15.841599464416504,15.841599464416504,15.841599464416504,15.841599464416504,0,0.0,0.0
2012-12-11 00:00:00+08:00,15.557991694823432,15.557991694823432,15.476960182189941,15.476960182189941,4000,0.0,0.0
2012-12-12 00:00:00+08:00,15.841599670719326,15.841599670719326,15.476960182189941,15.476960182189941,4000,0.0,0.0
2012-12-13 00:00:00+08:00,15.233865324302613,15.476959857096896,15.233865324302613,15.436443328857422,18000,0.0,0.0
2012-12-14 00:00:00+08:00,15.314897119854203,15.517475128173828,15.314897119854203,15.517475128173828,11000,0.0,0.0
2012-12-17 00:00:00+08:00,14.950257632207405,15.517475128173828,14.950257632207405,15.517475128173828,17000,0.0,0.0
2012-12-18 00:00:00+08:00,15.152835358918706,15.436443328857422,15.152835358918706,15.436443328857422,13000,0.0,0.0
2012-12-19 00:00:00+08:00,15.395928382873535,15.395928382873535,15.233865360624279,15.395928382873535,4000,0.0,0.0
2012-12-20 00:00:00+08:00,15.395928382873535,15.395928382873535,15.395928382873535,15.395928382873535,0,0.0,0.0
2012-12-21 00:00:00+08:00,15.193349045592468,15.598505020141602,15.193349045592468,15.598505020141602,4000,0.0,0.0
2012-12-24 00:00:00+08:00,15.557991981506348,15.557991981506348,15.557991981506348,15.557991981506348,0,0.0,0.0
2012-12-25 00:00:00+08:00,15.193348199720194,15.35541119873613,15.193348199720194,15.314894676208496,17000,0.0,0.0
2012-12-26 00:00:00+08:00,15.233863176700527,15.395926175716463,15.233863176700527,15.314894676208496,8000,0.0,0.0
2012-12-27 00:00:00+08:00,15.35541119873613,15.35541119873613,15.314894676208496,15.314894676208496,5000,0.0,0.0
2012-12-28 00:00:00+08:00,15.233863176700527,15.314894676208496,15.233863176700527,15.314894676208496,6000,0.0,0.0
2013-01-02 00:00:00+08:00,15.233864784240723,15.233864784240723,15.233864784240723,15.233864784240723,2000,0.0,0.0
2013-01-03 00:00:00+08:00,15.395927800358216,15.395927800358216,15.15283482172944,15.233864784240723,18000,0.0,0.0
2013-01-04 00:00:00+08:00,15.233863176700527,15.314894676208496,15.233863176700527,15.314894676208496,7000,0.0,0.0
2013-01-07 00:00:00+08:00,15.395926507394172,15.598504487754623,15.233863504886878,15.355411529541016,7000,0.0,0.0
2013-01-08 00:00:00+08:00,15.355411529541016,15.355411529541016,15.355411529541016,15.355411529541016,0,0.0,0.0
2013-01-09 00:00:00+08:00,15.152835677203527,15.476960182189941,15.152835677203527,15.476960182189941,6000,0.0,0.0
2013-01-10 00:00:00+08:00,15.557991694823432,15.557991694823432,15.233865644289466,15.476960182189941,12000,0.0,0.0
2013-01-11 00:00:00+08:00,15.476960182189941,15.476960182189941,15.476960182189941,15.476960182189941,0,0.0,0.0
2013-01-14 00:00:00+08:00,15.27437973022461,15.27437973022461,15.27437973022461,15.27437973022461,6000,0.0,0.0
2013-01-15 00:00:00+08:00,15.274379699228163,15.476957675224432,15.274379699228163,15.314894676208496,14000,0.0,0.0
2013-01-16 00:00:00+08:00,15.395926507394172,15.395926507394172,15.314895006140524,15.355411529541016,9000,0.0,0.0
2013-01-17 00:00:00+08:00,15.314894676208496,15.314894676208496,14.909738724215957,15.314894676208496,23000,0.0,0.0
2013-01-18 00:00:00+08:00,15.314894676208496,15.314894676208496,15.314894676208496,15.314894676208496,0,0.0,0.0
2013-01-21 00:00:00+08:00,15.314893791394159,15.314893791394159,15.03128433227539,15.03128433227539,14000,0.0,0.0
2013-01-22 00:00:00+08:00,15.15283489227295,15.31489636359745,15.15283489227295,15.15283489227295,11000,0.0,0.0
2013-01-23 00:00:00+08:00,15.15283406635651,15.598505020141602,15.15283406635651,15.598505020141602,16000,0.0,0.0
2013-01-24 00:00:00+08:00,15.517475128173828,15.517475128173828,15.355413648846657,15.517475128173828,7000,0.0,0.0
2013-01-25 00:00:00+08:00,15.233863176700527,15.314894676208496,15.152833222739861,15.314894676208496,25000,0.0,0.0
2013-01-28 00:00:00+08:00,15.233864784240723,15.233864784240723,15.233864784240723,15.233864784240723,1000,0.0,0.0
2013-01-29 00:00:00+08:00,15.233863176700527,15.314894676208496,15.233863176700527,15.314894676208496,41000,0.0,0.0
2013-01-30 00:00:00+08:00,15.35541368601348,15.476960182189941,15.274382173379987,15.476960182189941,40000,0.0,0.0
2013-01-31 00:00:00+08:00,15.395928382873535,15.557991405122793,15.233865360624279,15.395928382873535,31000,0.0,0.0
2013-02-01 00:00:00+08:00,15.314894676208496,15.314894676208496,15.274379699228163,15.314894676208496,12000,0.0,0.0
2013-02-04 00:00:00+08:00,15.314894676208496,15.314894676208496,15.314894676208496,15.314894676208496,9000,0.0,0.0
2013-02-05 00:00:00+08:00,15.31489636359745,15.31489636359745,15.15283489227295,15.15283489227295,21000,0.0,0.0
2013-02-06 00:00:00+08:00,15.152833253489653,15.27437973022461,15.112316730879797,15.27437973022461,33000,0.0,0.0
2013-02-18 00:00:00+08:00,15.395926507394172,15.395926507394172,15.355411529541016,15.355411529541016,5000,0.0,0.0
2013-02-19 00:00:00+08:00,15.031285200704257,15.314894676208496,15.031285200704257,15.314894676208496,23000,0.0,0.0
2013-02-20 00:00:00+08:00,15.193348199720194,15.314894676208496,15.193348199720194,15.314894676208496,17000,0.0,0.0
2013-02-21 00:00:00+08:00,15.15283485690714,15.193349838256836,15.15283485690714,15.193349838256836,6000,0.0,0.0
2013-02-22 00:00:00+08:00,15.314894676208496,15.314894676208496,15.314894676208496,15.314894676208496,1000,0.0,0.0
2013-02-25 00:00:00+08:00,15.193349838256836,15.314896327853397,15.193349838256836,15.193349838256836,52000,0.0,0.0
2013-02-26 00:00:00+08:00,15.193349838256836,15.193349838256836,15.193349838256836,15.193349838256836,7000,0.0,0.0
2013-02-27 00:00:00+08:00,15.233864819606532,15.274381346503699,15.193349838256836,15.193349838256836,11000,0.0,0.0
2013-03-01 00:00:00+08:00,15.233863207614755,15.395926206959567,15.233863207614755,15.27437973022461,20000,0.0,0.0
2013-03-04 00:00:00+08:00,15.152833549180567,15.355411529541016,15.152833549180567,15.355411529541016,26000,0.0,0.0
2013-03-05 00:00:00+08:00,15.35541119873613,15.35541119873613,15.314894676208496,15.314894676208496,5000,0.0,0.0
2013-03-06 00:00:00+08:00,15.193349838256836,15.193349838256836,15.193349838256836,15.193349838256836,4000,0.0,0.0
2013-03-07 00:00:00+08:00,15.193348199720194,15.314894676208496,15.193348199720194,15.314894676208496,37000,0.0,0.0
2013-03-08 00:00:00+08:00,15.27437973022461,15.314894707287161,15.233863207614755,15.27437973022461,10000,0.0,0.0
2013-03-11 00:00:00+08:00,15.274381346503699,15.274381346503699,15.193349838256836,15.193349838256836,9000,0.0,0.0
2013-03-12 00:00:00+08:00,15.233865487540553,15.233865487540553,15.112318992614744,15.112318992614746,19000,0.0,0.0
2013-03-13 00:00:00+08:00,15.071801185607912,15.11231616114304,14.990769688990406,15.07180118560791,28000,0.0,0.0
2013-03-14 00:00:00+08:00,15.152835521288372,15.152835521288372,15.112318992614744,15.112318992614746,2000,0.0,0.0
2013-03-15 00:00:00+08:00,15.071800881272793,15.071800881272793,14.909737891310215,14.990769386291504,40000,0.0,0.0
2013-03-18 00:00:00+08:00,14.99077291573178,14.99077291573178,14.828709887612945,14.909741401672363,42655,0.0,0.0
2013-03-19 00:00:00+08:00,14.909739822145044,14.990771327620042,14.909739822145044,14.95025634765625,9000,0.0,0.0
2013-03-20 00:00:00+08:00,14.990769688990406,15.071801185607912,14.990769688990406,15.07180118560791,2000,0.0,0.0
2013-03-21 00:00:00+08:00,15.031284664525534,15.11231616114304,15.031284664525534,15.07180118560791,4000,0.0,0.0
2013-03-22 00:00:00+08:00,14.909737862809408,15.03128433227539,14.747676418703834,15.03128433227539,18000,0.0,0.0
2013-03-25 00:00:00+08:00,14.95025634765625,14.990771327620042,14.909739822145044,14.95025634765625,24000,0.0,0.0
2013-03-26 00:00:00+08:00,14.828708823919685,15.233864819606532,14.828708823919685,15.193349838256836,111000,0.0,0.0
2013-03-27 00:00:00+08:00,15.193347350971118,15.193347350971118,14.990769386291504,14.990769386291504,35255,0.0,0.0
2013-03-28 00:00:00+08:00,14.990769386291504,14.990769386291504,14.990769386291504,14.990769386291504,8000,0.0,0.0
2013-03-29 00:00:00+08:00,14.909737862809408,15.112315827101783,14.909737862809408,15.03128433227539,33152,0.0,0.0
2013-04-01 00:00:00+08:00,14.990769688990406,15.071801185607912,14.990769688990406,15.07180118560791,7230,0.0,0.0
2013-04-02 00:00:00+08:00,15.071801185607912,15.071801185607912,15.071801185607912,15.07180118560791,2100,0.0,0.0
2013-04-03 00:00:00+08:00,15.071800881272793,15.071800881272793,14.990769386291504,14.990769386291504,16000,0.0,0.0
2013-04-08 00:00:00+08:00,14.909739822145044,14.95025634765625,14.626130325756263,14.95025634765625,10030,0.0,0.0
2013-04-09 00:00:00+08:00,14.95025793147586,14.95025793147586,14.909741401672363,14.909741401672363,2100,0.0,0.0
2013-04-10 00:00:00+08:00,14.99077291573178,14.99077291573178,14.909741401672363,14.909741401672363,25150,0.0,0.0
2013-04-11 00:00:00+08:00,14.828708316670047,14.95025634765625,14.828708316670047,14.95025634765625,6210,0.0,0.0
2013-04-12 00:00:00+08:00,14.95025634765625,14.95025634765625,14.95025634765625,14.95025634765625,4568,0.0,0.0
2013-04-15 00:00:00+08:00,14.828708316670047,14.95025634765625,14.747678356742467,14.95025634765625,28150,0.0,0.0
2013-04-16 00:00:00+08:00,14.909741440048677,15.031287938676863,14.869226455688477,14.869226455688477,12000,0.0,0.0
2013-04-17 00:00:00+08:00,14.828709925780691,14.869226455688477,14.828709925780691,14.869226455688477,36020,0.0,0.0
2013-04-18 00:00:00+08:00,14.909741401672363,14.909741401672363,14.909741401672363,14.909741401672363,15000,0.0,0.0
2013-04-19 00:00:00+08:00,13.896851339798594,14.909741401672363,13.896851339798594,14.909741401672363,12510,0.0,0.0
2013-04-22 00:00:00+08:00,14.909737891310215,14.990769386291504,14.909737891310215,14.990769386291504,25000,0.0,0.0
2013-04-23 00:00:00+08:00,14.990769386291504,14.990769386291504,14.909737891310215,14.990769386291504,10000,0.0,0.0
2013-04-24 00:00:00+08:00,14.909737891310215,14.990769386291504,14.869222916593179,14.990769386291504,26000,0.0,0.0
2013-04-25 00:00:00+08:00,14.990769386291504,14.990769386291504,14.990769386291504,14.990769386291504,7205,0.0,0.0
2013-04-26 00:00:00+08:00,15.0312878999877,15.0312878999877,14.707163389297609,14.909741401672363,24000,0.0,0.0
2013-04-29 00:00:00+08:00,14.909741401672363,14.99077291573178,14.747679919101108,14.909741401672363,29300,0.0,0.0
2013-04-30 00:00:00+08:00,14.909741401672363,14.909741401672363,14.909741401672363,14.909741401672363,10000,0.0,0.0
2013-05-02 00:00:00+08:00,14.909741440048677,14.909741440048677,14.869226455688477,14.869226455688477,11851,0.0,0.0
2013-05-03 00:00:00+08:00,14.869226455688477,14.909741440048677,14.869226455688477,14.869226455688477,17000,0.0,0.0
2013-05-06 00:00:00+08:00,15.071804468584647,15.071804468584647,14.828709925780691,14.869226455688477,17000,0.0,0.0
2013-05-07 00:00:00+08:00,14.869226455688477,14.869226455688477,14.869226455688477,14.869226455688477,8060,0.0,0.0
2013-05-08 00:00:00+08:00,14.828706396328926,15.03128436100854,14.828706396328926,14.990769386291504,26918,0.0,0.0
2013-05-09 00:00:00+08:00,14.99077291573178,14.99077291573178,14.909741401672363,14.909741401672363,10100,0.0,0.0
2013-05-10 00:00:00+08:00,14.909741114856587,14.909741114856587,14.828709602355955,14.828709602355957,13200,0.0,0.0
2013-05-13 00:00:00+08:00,14.828709602355955,14.828709602355955,14.788194618879416,14.828709602355957,25912,0.0,0.0
2013-05-14 00:00:00+08:00,14.828709602355955,14.828709602355955,14.828709602355955,14.828709602355957,2000,0.0,0.0
2013-05-15 00:00:00+08:00,14.828709602355955,14.828709602355955,14.828709602355955,14.828709602355957,3102,0.0,0.0
2013-05-16 00:00:00+08:00,14.828708316670047,14.95025634765625,14.788193336706257,14.95025634765625,24000,0.0,0.0
2013-05-17 00:00:00+08:00,14.95025634765625,14.95025634765625,14.95025634765625,14.95025634765625,14900,0.0,0.0
2013-05-20 00:00:00+08:00,15.112315855989829,15.112315855989829,14.990769386291504,14.990769386291504,77154,0.0,0.0
2013-05-21 00:00:00+08:00,14.990769386291504,15.03128436100854,14.990769386291504,14.990769386291504,29000,0.0,0.0
2013-05-22 00:00:00+08:00,14.990769386291504,14.990769386291504,14.950254411574468,14.990769386291504,10562,0.0,0.0
2013-05-23 00:00:00+08:00,14.950254411574468,15.112315855989829,14.950254411574468,14.990769386291504,44110,0.0,0.0
2013-05-24 00:00:00+08:00,14.99077291573178,14.99077291573178,14.909741401672363,14.909741401672363,13000,0.0,0.0
2013-05-27 00:00:00+08:00,14.95025793147586,14.95025793147586,14.909741401672363,14.909741401672363,22685,0.0,0.0
2013-05-28 00:00:00+08:00,14.95025634765625,15.031286307583832,14.95025634765625,14.95025634765625,17425,0.0,0.0
2013-05-29 00:00:00+08:00,14.95025438299621,15.03128433227539,14.95025438299621,15.03128433227539,18000,0.0,0.0
2013-05-30 00:00:00+08:00,14.9907693576358,15.03128433227539,14.95025438299621,15.03128433227539,5000,0.0,0.0
2013-05-31 00:00:00+08:00,14.990769386291504,14.990769386291504,14.990769386291504,14.990769386291504,4000,0.0,0.0
2013-06-03 00:00:00+08:00,15.071801185607912,15.11231616114304,15.031284664525534,15.07180118560791,30000,0.0,0.0
2013-06-04 00:00:00+08:00,15.071803313670694,15.274381311043829,15.071803313670694,15.233864784240723,195000,0.0,0.0
2013-06-05 00:00:00+08:00,15.314897119854203,16.287272178007427,15.233865607416844,15.517475128173828,529251,0.0,0.0
2013-06-06 00:00:00+08:00,15.639021624056095,15.92263114481308,15.517475128173828,15.517475128173828,234450,0.0,0.0
2013-06-07 00:00:00+08:00,15.517475451669238,15.76056999404915,15.314897439126435,15.557991981506348,92052,0.0,0.0
2013-06-10 00:00:00+08:00,15.395928382873535,15.801084392949155,15.355413400084982,15.395928382873535,157104,0.0,0.0
2013-06-11 00:00:00+08:00,15.39592783610026,15.39592783610026,15.193349838256836,15.193349838256836,46000,0.0,0.0
2013-06-13 00:00:00+08:00,15.152832682225418,15.314894129913181,15.071801185607912,15.07180118560791,14000,0.0,0.0
2013-06-14 00:00:00+08:00,15.071800881272793,15.314893820669445,14.990769386291504,14.990769386291504,32000,0.0,0.0
2013-06-17 00:00:00+08:00,15.233862633295676,16.00365953284111,15.071801185607912,15.07180118560791,525212,0.0,0.0
2013-06-18 00:00:00+08:00,15.193347350971118,15.233862325688156,14.990769386291504,14.990769386291504,66000,0.0,0.0
2013-06-19 00:00:00+08:00,15.152835521288372,15.355413528013898,14.990772497688937,15.112318992614746,54000,0.0,0.0
2013-06-20 00:00:00+08:00,14.99077291573178,14.99077291573178,14.909741401672363,14.909741401672363,50244,0.0,0.0
2013-06-21 00:00:00+08:00,14.909737891310215,14.990769386291504,14.666644951913563,14.990769386291504,50001,0.0,0.0
2013-06-24 00:00:00+08:00,14.990772627357217,14.990772627357217,14.828709602355955,14.828709602355957,13100,0.0,0.0
2013-06-25 00:00:00+08:00,14.788195224539246,14.828710209675101,14.302007675170898,14.302007675170898,23000,0.0,0.0
2013-06-26 00:00:00+08:00,14.585616111755371,14.747679131216097,14.585616111755371,14.585616111755371,25003,0.0,0.0
2013-06-27 00:00:00+08:00,14.585615451336109,14.666646957397461,14.423552439213402,14.666646957397461,18000,0.0,0.0
2013-06-28 00:00:00+08:00,14.585615451336109,14.666646957397461,14.464068965017793,14.666646957397461,15100,0.0,0.0
2013-07-01 00:00:00+08:00,14.585616111755371,14.585616111755371,14.585616111755371,14.585616111755371,3105,0.0,0.0
2013-07-02 00:00:00+08:00,14.626131093846805,14.626131093846805,14.585616111755371,14.585616111755371,6212,0.0,0.0
2013-07-03 00:00:00+08:00,14.666647621485733,14.666647621485733,14.585616111755371,14.585616111755371,6924,0.0,0.0
2013-07-04 00:00:00+08:00,14.666646957397461,14.666646957397461,14.666646957397461,14.666646957397461,5000,0.0,0.0
2013-07-05 00:00:00+08:00,14.909741401672363,14.909741401672363,14.909741401672363,14.909741401672363,2761,0.0,0.0
2013-07-08 00:00:00+08:00,14.869227168517613,14.869227168517613,14.7476806640625,14.7476806640625,32000,0.0,0.0
2013-07-09 00:00:00+08:00,14.585615451336109,14.666646957397461,14.342522478699477,14.666646957397461,83760,0.0,0.0
2013-07-10 00:00:00+08:00,14.666646957397461,14.666646957397461,14.585615451336109,14.666646957397461,19000,0.0,0.0
2013-07-11 00:00:00+08:00,15.152834338570035,15.152834338570035,14.828708316670047,14.95025634765625,17000,0.0,0.0
2013-07-12 00:00:00+08:00,14.909740985889218,15.233865487540553,14.909740985889218,15.112318992614746,28000,0.0,0.0
2013-07-15 00:00:00+08:00,15.233864819606532,15.233864819606532,15.031286821763109,15.193349838256836,6020,0.0,0.0
2013-07-16 00:00:00+08:00,15.233862296567766,15.233862296567766,15.03128433227539,15.03128433227539,22500,0.0,0.0
2013-07-17 00:00:00+08:00,15.071803348660275,15.193349838256836,15.071803348660275,15.193349838256836,14000,0.0,0.0
2013-07-18 00:00:00+08:00,15.233864855161462,15.233864855161462,15.031286856845233,15.15283489227295,8000,0.0,0.0
2013-07-19 00:00:00+08:00,15.031287480815028,15.112318992614744,14.990772497688937,15.112318992614746,15100,0.0,0.0
2013-07-22 00:00:00+08:00,14.990772497688937,15.112318992614744,14.990772497688937,15.112318992614746,7000,0.0,0.0
2013-07-23 00:00:00+08:00,15.112318330009971,15.193349838256836,15.071803348660275,15.193349838256836,12021,0.0,0.0
2013-07-24 00:00:00+08:00,15.193348230552203,15.27437973022461,15.112316730879797,15.27437973022461,42104,0.0,0.0
2013-07-25 00:00:00+08:00,15.274381311043829,15.31489629229947,15.233864784240723,15.233864784240723,41050,0.0,0.0
2013-07-26 00:00:00+08:00,15.233864819606532,15.233864819606532,15.193349838256836,15.193349838256836,49100,0.0,0.0
2013-07-29 00:00:00+08:00,15.193350589629325,15.233865572982651,15.152835606275998,14.342523574829102,53525,0.0,0.0
2013-07-30 00:00:00+08:00,15.132821439940576,15.175691604614258,14.961345687234562,15.175691604614258,35020,0.971758,0.0
2013-07-31 00:00:00+08:00,15.089953066116486,15.089953066116486,15.004214371215054,15.047082901000977,25614,0.0,0.0
2013-08-01 00:00:00+08:00,15.047083256418269,15.089953422546387,15.047083256418269,15.089953422546387,3000,0.0,0.0
2013-08-02 00:00:00+08:00,15.047082816348953,15.047082816348953,15.0042142868042,15.0042142868042,5055,0.0,0.0
2013-08-05 00:00:00+08:00,15.004214725619777,15.26142918106998,15.004214725619777,15.089953422546387,14000,0.0,0.0
2013-08-06 00:00:00+08:00,15.089953505708419,15.175692203107541,15.089953505708419,15.132822036743164,31000,0.0,0.0
2013-08-07 00:00:00+08:00,15.132821953344878,15.175692119472995,15.004214725619777,15.089953422546387,23000,0.0,0.0
2013-08-08 00:00:00+08:00,15.26142918106998,15.26142918106998,15.089953422546387,15.089953422546387,23102,0.0,0.0
2013-08-09 00:00:00+08:00,15.089953066116486,15.089953066116486,15.047082901000977,15.047082901000977,45000,0.0,0.0
2013-08-12 00:00:00+08:00,15.089953066116486,15.089953066116486,15.047082901000977,15.047082901000977,7000,0.0,0.0
2013-08-13 00:00:00+08:00,15.218560133958368,15.347167357320272,15.175691604614258,15.175691604614258,29512,0.0,0.0
2013-08-14 00:00:00+08:00,15.218560303187008,15.261428833007812,15.218560303187008,15.261428833007812,9250,0.0,0.0
2013-08-15 00:00:00+08:00,15.26142866330248,15.26142866330248,15.175691604614258,15.175691604614258,18100,0.0,0.0
2013-08-16 00:00:00+08:00,15.004214300236232,15.261428748394165,15.004214300236232,15.218560218811035,19000,0.0,0.0
2013-08-19 00:00:00+08:00,15.132822036743164,15.132822036743164,15.132822036743164,15.132822036743164,5050,0.0,0.0
2013-08-20 00:00:00+08:00,15.26142866330248,15.26142866330248,15.175691604614258,15.175691604614258,42388,0.0,0.0
2013-08-22 00:00:00+08:00,15.175691773366205,15.261428833007812,15.175691773366205,15.261428833007812,4000,0.0,0.0
2013-08-23 00:00:00+08:00,15.34716832292445,15.4329070223367,15.34716832292445,15.39003849029541,24000,0.0,0.0
2013-08-26 00:00:00+08:00,15.390039523247953,15.432908058166504,15.390039523247953,15.432908058166504,6500,0.0,0.0
2013-08-27 00:00:00+08:00,15.432908137225128,15.56151537796938,15.432908137225128,15.475776672363281,17000,0.0,0.0
2013-08-28 00:00:00+08:00,15.432907966659547,15.690122445305297,15.432907966659547,15.604385375976562,67151,0.0,0.0
2013-08-29 00:00:00+08:00,15.647253910640929,15.690122445305297,15.604385375976562,15.604385375976562,24000,0.0,0.0
2013-08-30 00:00:00+08:00,15.775860705698353,15.775860705698353,15.732992172241211,15.732992172241211,4000,0.0,0.0
2013-09-02 00:00:00+08:00,15.775858457976621,16.118811582759474,15.775858457976621,15.904465675354004,45000,0.0,0.0
2013-09-03 00:00:00+08:00,15.947336196899414,16.0330748888569,15.904466033255908,15.947336196899414,44405,0.0,0.0
2013-09-04 00:00:00+08:00,16.03307678947498,16.590375900268555,16.03307678947498,16.590375900268555,86233,0.0,0.0
2013-09-05 00:00:00+08:00,16.590375900268555,16.718983135785574,16.5046371981473,16.590375900268555,82157,0.0,0.0
2013-09-06 00:00:00+08:00,16.59037445993937,17.147673522349823,16.59037445993937,17.10480499267578,86492,0.0,0.0
2013-09-09 00:00:00+08:00,16.718984138430958,17.147676039416368,16.718984138430958,17.06193733215332,48102,0.0,0.0
2013-09-10 00:00:00+08:00,17.06193733215332,17.23341474667941,17.06193733215332,17.06193733215332,79783,0.0,0.0
2013-09-11 00:00:00+08:00,17.962190638580104,17.962190638580104,17.490628583804845,17.747844696044922,100865,0.0,0.0
2013-09-12 00:00:00+08:00,17.576367298438957,17.662106002570468,17.533498764038086,17.533498764038086,40352,0.0,0.0
2013-09-13 00:00:00+08:00,17.576366424560547,17.747843824297888,17.490627724691876,17.576366424560547,21033,0.0,0.0
2013-09-16 00:00:00+08:00,17.70497408839117,17.91932002562431,17.619235386431974,17.87645149230957,22139,0.0,0.0
2013-09-17 00:00:00+08:00,17.876450192971607,18.09079611462515,17.876450192971607,18.04792594909668,19000,0.0,0.0
2013-09-18 00:00:00+08:00,17.87645149230957,17.91932002562431,17.87645149230957,17.87645149230957,17000,0.0,0.0
2013-09-23 00:00:00+08:00,17.87645002577768,18.005057250501054,17.83357986065016,17.962188720703125,69000,0.0,0.0
2013-09-24 00:00:00+08:00,17.96218887827099,17.96218887827099,17.662104261064318,17.833580017089844,51050,0.0,0.0
2013-09-25 00:00:00+08:00,17.8764492487897,18.905308637187606,17.8764492487897,18.86244010925293,161999,0.0,0.0
2013-09-26 00:00:00+08:00,20.062779960100496,20.105650129946145,19.2911348915062,19.7626953125,236744,0.0,0.0
2013-09-27 00:00:00+08:00,19.7626953125,19.89130418670719,19.548349369261043,19.7626953125,286914,0.0,0.0
2013-09-30 00:00:00+08:00,19.891303144366248,19.891303144366248,19.634087044760236,19.719825744628906,73912,0.0,0.0
2013-10-01 00:00:00+08:00,19.891304635118402,19.891304635118402,19.63408851623535,19.63408851623535,35000,0.0,0.0
2013-10-02 00:00:00+08:00,19.548348344891565,19.548348344891565,18.862442016601562,19.0767879486084,70325,0.0,0.0
2013-10-03 00:00:00+08:00,19.07678648371709,19.248263870286817,19.07678648371709,19.162525177001953,36000,0.0,0.0
2013-10-04 00:00:00+08:00,19.205393705979606,19.334000928242126,19.162525177001953,19.162525177001953,64501,0.0,0.0
2013-10-07 00:00:00+08:00,19.205394135815272,19.205394135815272,19.033918380737305,19.033918380737305,39000,0.0,0.0
2013-10-08 00:00:00+08:00,18.991048226976954,19.24826431274414,18.991048226976954,19.24826431274414,19000,0.0,0.0
2013-10-09 00:00:00+08:00,19.0767879486084,19.119656480877893,19.0767879486084,19.0767879486084,29050,0.0,0.0
2013-10-11 00:00:00+08:00,20.405731201171875,20.405731201171875,19.548347509772558,20.405731201171875,567638,0.0,0.0
2013-10-14 00:00:00+08:00,20.3199926602037,20.49146840479564,19.977037900360834,20.277122497558594,284686,0.0,0.0
2013-10-15 00:00:00+08:00,19.97703934641242,20.27712396533201,19.97703934641242,20.19138526916504,78000,0.0,0.0
2013-10-16 00:00:00+08:00,20.019908481330315,20.234254393046207,20.019908481330315,20.148515701293945,24100,0.0,0.0
2013-10-17 00:00:00+08:00,20.148516592499078,20.748685825981955,20.148516592499078,20.534339904785156,107765,0.0,0.0
2013-10-18 00:00:00+08:00,20.57721095028819,20.705818191661532,20.4057335382372,20.491472244262695,110052,0.0,0.0
2013-10-21 00:00:00+08:00,20.748685825981955,20.748685825981955,20.491469739348037,20.534339904785156,15452,0.0,0.0
2013-10-22 00:00:00+08:00,20.40573207291891,20.620078004925745,20.40573207291891,20.57720947265625,88543,0.0,0.0
2013-10-23 00:00:00+08:00,20.57720860272155,20.74868599520941,20.57720860272155,20.62007713317871,37337,0.0,0.0
2013-10-24 00:00:00+08:00,20.748685836791992,20.748685836791992,20.662947141202686,20.748685836791992,65509,0.0,0.0
2013-10-25 00:00:00+08:00,20.66294671615735,20.87729263305664,20.66294671615735,20.87729263305664,45020,0.0,0.0
2013-10-28 00:00:00+08:00,20.920161653584213,22.2491073507659,20.920161653584213,22.034761428833008,119233,0.0,0.0
2013-10-29 00:00:00+08:00,22.249107399266617,23.14935961921537,22.249107399266617,23.106491088867188,341772,0.0,0.0
2013-10-30 00:00:00+08:00,24.006743537233767,24.692649841308594,23.277967067073245,24.692649841308594,451320,0.0,0.0
2013-10-31 00:00:00+08:00,25.29281997680664,26.321681104571326,24.778389412924298,25.078474044799805,669150,0.0,0.0
2013-11-01 00:00:00+08:00,25.16421229421467,25.207080825716794,23.578052098691323,24.34969711303711,297963,0.0,0.0
2013-11-04 00:00:00+08:00,24.34969858817161,24.864129174010184,24.135352647016347,24.263959884643555,146050,0.0,0.0
2013-11-05 00:00:00+08:00,24.521174948647968,24.521174948647968,23.320838056475623,23.578052520751953,299000,0.0,0.0
2013-11-06 00:00:00+08:00,23.320838920283247,23.706660630988644,23.277968751096154,23.535184860229492,72000,0.0,0.0
2013-11-07 00:00:00+08:00,23.406575121014612,23.87813715262746,23.406575121014612,23.578052520751953,52000,0.0,0.0
2013-11-08 00:00:00+08:00,23.449447168469135,23.878139066849446,23.449447168469135,23.792400360107422,60000,0.0,0.0
2013-11-11 00:00:00+08:00,24.00674630929758,24.049614845003685,23.792400360107422,23.792400360107422,51000,0.0,0.0
2013-11-12 00:00:00+08:00,23.19222961619539,23.66379165649414,23.14936108313628,23.66379165649414,50000,0.0,0.0
2013-11-13 00:00:00+08:00,23.663791220620624,23.663791220620624,23.235099356606952,23.363706588745117,57053,0.0,0.0
2013-11-14 00:00:00+08:00,23.87813671360114,23.87813671360114,23.578052087243027,23.7066593170166,11476,0.0,0.0
2013-11-15 00:00:00+08:00,23.149359190692984,23.492312333118814,23.020751966699493,23.235097885131836,87100,0.0,0.0
2013-11-18 00:00:00+08:00,22.89214619246195,22.89214619246195,22.592061560586444,22.72066879272461,51000,0.0,0.0
2013-11-19 00:00:00+08:00,22.506322860717773,22.72066879272461,22.291976928710938,22.72066879272461,37000,0.0,0.0
2013-11-20 00:00:00+08:00,22.72066835930441,23.492313372743155,22.72066835930441,22.849275588989258,23000,0.0,0.0
2013-11-21 00:00:00+08:00,22.97788180181528,23.406573638679962,22.849274577821788,23.235097885131836,64000,0.0,0.0
2013-11-22 00:00:00+08:00,23.921003713970062,23.921003713970062,23.14935874938965,23.14935874938965,10000,0.0,0.0
2013-11-25 00:00:00+08:00,23.235099356606952,23.578052520751953,22.72066879272461,22.935014724731445,110000,0.0,0.0
2013-11-26 00:00:00+08:00,22.89214515686035,22.977882217520744,22.720667764880357,22.89214515686035,96000,0.0,0.0
2013-11-27 00:00:00+08:00,22.977882227163416,23.192228149563558,22.892145166467046,23.106491088867188,31000,0.0,0.0
2013-11-28 00:00:00+08:00,23.106493585104367,23.3208395306607,22.806408934259547,23.277969360351562,66153,0.0,0.0
2013-11-29 00:00:00+08:00,23.40657599596655,23.449446165168236,23.149361522075385,23.320838928222656,45205,0.0,0.0
2013-12-02 00:00:00+08:00,23.406575987997954,23.578053394086844,23.406575987997954,23.535184860229492,110000,0.0,0.0
2013-12-03 00:00:00+08:00,23.53518547621703,23.578054011196382,23.277969360351562,23.277969360351562,71100,0.0,0.0
2013-12-04 00:00:00+08:00,23.27796891878794,23.49231486027831,23.27796891878794,23.40657615661621,25250,0.0,0.0
2013-12-05 00:00:00+08:00,23.578050664040894,24.821257625913056,23.578050664040894,24.221088409423828,61055,0.0,0.0
2013-12-06 00:00:00+08:00,24.221088392393927,24.221088392393927,23.792396562440054,24.006742477416992,47050,0.0,0.0
2013-12-09 00:00:00+08:00,24.435434756357935,24.73551936990544,24.09248161315918,24.09248161315918,68804,0.0,0.0
2013-12-10 00:00:00+08:00,24.17822372278163,24.17822372278163,23.792400360107422,23.792400360107422,29000,0.0,0.0
2013-12-11 00:00:00+08:00,23.449444853535645,24.006743939347423,23.449444853535645,23.492313385009766,64000,0.0,0.0
2013-12-12 00:00:00+08:00,23.406575987997954,23.706660630988644,23.235100217238802,23.535184860229492,16000,0.0,0.0
2013-12-13 00:00:00+08:00,23.27796891878794,23.578053563940408,23.27796891878794,23.40657615661621,33050,0.0,0.0
2013-12-16 00:00:00+08:00,23.66379271648487,23.66379271648487,23.23510082537221,23.277969360351562,32150,0.0,0.0
2013-12-17 00:00:00+08:00,23.27796875902097,23.320838928222656,23.27796875902097,23.320838928222656,4052,0.0,0.0
2013-12-18 00:00:00+08:00,23.277966414686475,23.363705109125327,23.235097885131836,23.235097885131836,25000,0.0,0.0
2013-12-19 00:00:00+08:00,23.23509846680109,23.23509846680109,22.76353645324707,22.76353645324707,46000,0.0,0.0
2013-12-20 00:00:00+08:00,22.806406627351784,23.406574233003642,22.806406627351784,22.977882385253906,20050,0.0,0.0
2013-12-23 00:00:00+08:00,23.92100612953574,23.92100612953574,23.449445724487305,23.449445724487305,35476,0.0,0.0
2013-12-24 00:00:00+08:00,23.878138209092874,23.878138209092874,23.40657615661621,23.40657615661621,34255,0.0,0.0
2013-12-25 00:00:00+08:00,23.492314253598284,23.66379165649414,23.492314253598284,23.66379165649414,64001,0.0,0.0
2013-12-26 00:00:00+08:00,23.921006125508214,23.921006125508214,23.62092148810532,23.66379165649414,34050,0.0,0.0
2013-12-27 00:00:00+08:00,23.749529051877996,23.83526611328125,23.663790355145117,23.83526611328125,17001,0.0,0.0
2013-12-30 00:00:00+08:00,24.006744384765625,24.86412811279297,23.87813715262746,24.86412811279297,139995,0.0,0.0
2013-12-31 00:00:00+08:00,26.021595405445968,26.021595405445968,25.249950408935547,25.249950408935547,126205,0.0,0.0
2014-01-02 00:00:00+08:00,24.735521309102875,25.164213180541992,24.735521309102875,25.164213180541992,50800,0.0,0.0
2014-01-03 00:00:00+08:00,25.164212744668475,25.164212744668475,24.821259580523474,25.078474044799805,47428,0.0,0.0
2014-01-06 00:00:00+08:00,25.550033393173766,25.550033393173766,24.821258562504244,25.249950408935547,72695,0.0,0.0
2014-01-07 00:00:00+08:00,25.121343015938493,25.207081717305016,24.949867248535156,24.949867248535156,32060,0.0,0.0
2014-01-08 00:00:00+08:00,24.864127679162365,24.992734909057617,24.692650282415592,24.992734909057617,42014,0.0,0.0
2014-01-09 00:00:00+08:00,24.992734311102865,25.20708023424325,24.864127084284558,25.03560447692871,79000,0.0,0.0
2014-01-10 00:00:00+08:00,25.035605079621902,25.207080841064453,25.035605079621902,25.207080841064453,71022,0.0,0.0
2014-01-13 00:00:00+08:00,26.75037206347655,26.75037206347655,25.550033576588408,25.764379501342773,152715,0.0,0.0
2014-01-14 00:00:00+08:00,25.764380808239263,25.935858210872787,25.635773573928976,25.8072509765625,85006,0.0,0.0
2014-01-15 00:00:00+08:00,25.807250105538294,25.892988803961277,25.76437993866198,25.85011863708496,44001,0.0,0.0
2014-01-16 00:00:00+08:00,25.892989240557654,26.19307223710348,25.892989240557654,26.150203704833984,69050,0.0,0.0
2014-01-17 00:00:00+08:00,26.321679462691826,27.950706481933594,26.321679462691826,27.950706481933594,337350,0.0,0.0
2014-01-20 00:00:00+08:00,29.879819869995117,29.879819869995117,29.879819869995117,29.879819869995117,182100,0.0,0.0
2014-01-21 00:00:00+08:00,31.937543869018555,31.937543869018555,30.865814208984375,31.937543869018555,474287,0.0,0.0
2014-01-22 00:00:00+08:00,32.966402112674395,33.95239135124966,31.33737186367654,31.766063690185547,971590,0.0,0.0
2014-01-23 00:00:00+08:00,31.766066469281213,32.451972797571216,31.208769008459058,31.72319793701172,308350,0.0,0.0
2014-01-24 00:00:00+08:00,31.808935160064514,33.09501075851444,31.808935160064514,32.88066482543945,457683,0.0,0.0
2014-01-27 00:00:00+08:00,33.052141172278624,33.43796449364484,32.23762599842978,32.40910339355469,281080,0.0,0.0
2014-02-05 00:00:00+08:00,31.123029535506372,31.72319881588473,31.123029535506372,31.465984344482422,222442,0.0,0.0
2014-02-06 00:00:00+08:00,31.637461910888526,32.49484566705722,31.551721572875977,31.551721572875977,141480,0.0,0.0
2014-02-07 00:00:00+08:00,31.72319793701172,32.0661527364864,31.551720537274377,31.72319793701172,110807,0.0,0.0
2014-02-10 00:00:00+08:00,31.723197023282513,31.723197023282513,29.965561085583847,30.265644073486328,403076,0.0,0.0
2014-02-11 00:00:00+08:00,30.865816116333008,32.15189178784688,30.52286129566548,30.865816116333008,222001,0.0,0.0
2014-02-12 00:00:00+08:00,31.037293657288945,32.06615485296198,30.951553316431436,31.380245208740234,194873,0.0,0.0
2014-02-13 00:00:00+08:00,30.865816274450257,31.16589929107691,30.865816274450257,30.951553344726562,104000,0.0,0.0
2014-02-14 00:00:00+08:00,30.994422183714054,31.380242233686023,30.265644073486328,30.265644073486328,115000,0.0,0.0
2014-02-17 00:00:00+08:00,30.05129711669977,30.522857483222932,30.05129711669977,30.222774505615234,66000,0.0,0.0
2014-02-18 00:00:00+08:00,30.222776576354917,30.86581437585183,30.222776576354917,30.308513641357422,46304,0.0,0.0
2014-02-19 00:00:00+08:00,31.080158020055823,31.080158020055823,30.308511409225265,30.351383209228516,51001,0.0,0.0
2014-02-20 00:00:00+08:00,30.35138817031923,31.508855005099843,30.35138817031923,30.9086856842041,232347,0.0,0.0
2014-02-21 00:00:00+08:00,31.12303072748687,31.76606856595007,31.12303072748687,31.380245208740234,115000,0.0,0.0
2014-02-24 00:00:00+08:00,31.55172246029981,31.72319987048842,31.294507980346683,31.29450798034668,132000,0.0,0.0
2014-02-25 00:00:00+08:00,31.337375648001384,31.337375648001384,30.394254824053228,31.123029708862305,146050,0.0,0.0
2014-02-26 00:00:00+08:00,30.865812117446872,31.551718399258306,30.56572914123535,30.56572914123535,66245,0.0,0.0
2014-02-27 00:00:00+08:00,30.351383209228516,30.694334714640544,30.351383209228516,30.351383209228516,146312,0.0,0.0
2014-03-03 00:00:00+08:00,30.308512437488247,30.308512437488247,29.79408352658784,30.179906845092773,94050,0.0,0.0
2014-03-04 00:00:00+08:00,29.922692374847536,29.96556090562483,29.708346450301807,29.7512149810791,73200,0.0,0.0
2014-03-05 00:00:00+08:00,30.00842943640213,30.30851242250245,29.66547464886526,29.7512149810791,74371,0.0,0.0
2014-03-06 00:00:00+08:00,29.751215858303173,31.594588901353337,29.708347326261883,30.78007698059082,99540,0.0,0.0
2014-03-07 00:00:00+08:00,31.037290721035532,31.037290721035532,30.308512610660188,30.479990005493164,48125,0.0,0.0
2014-03-10 00:00:00+08:00,30.4799889672052,30.608597826613746,30.43712043762207,30.43712043762207,47000,0.0,0.0
2014-03-11 00:00:00+08:00,30.908681757500613,32.53771209716797,30.908681757500613,32.53771209716797,678593,0.0,0.0
2014-03-12 00:00:00+08:00,33.86665742584815,34.29534929199813,32.40910442680636,32.88066482543945,778279,0.0,0.0
2014-03-13 00:00:00+08:00,32.88066466158489,32.88066466158489,31.72319793701172,31.72319793701172,246019,0.0,0.0
2014-03-14 00:00:00+08:00,31.723195048705183,32.45196984291181,31.723195048705183,32.3233642578125,111000,0.0,0.0
2014-03-17 00:00:00+08:00,32.58057883378873,33.009270660549106,31.980409622192383,31.980409622192383,99005,0.0,0.0
2014-03-18 00:00:00+08:00,31.98041345096032,31.98041345096032,31.551721572875977,31.551721572875977,156169,0.0,0.0
2014-03-19 00:00:00+08:00,32.15189087086178,32.15189087086178,31.123029708862305,31.123029708862305,59000,0.0,0.0
2014-03-20 00:00:00+08:00,31.12303072748687,31.380245208740234,31.037293657288945,31.380245208740234,42300,0.0,0.0
2014-03-21 00:00:00+08:00,32.15189174729951,32.15189174729951,31.29450796737152,31.508853912353516,27000,0.0,0.0
2014-03-24 00:00:00+08:00,31.380245050111203,31.637462800723895,30.994424965511293,31.29450798034668,27000,0.0,0.0
2014-03-25 00:00:00+08:00,31.637462960653178,31.723200030851107,31.33737667364127,31.380245208740234,21000,0.0,0.0
2014-03-26 00:00:00+08:00,31.72319987048842,31.72319987048842,31.294507980346683,31.29450798034668,40050,0.0,0.0
2014-03-27 00:00:00+08:00,31.037293500393552,31.294507980346683,31.037293500393552,31.29450798034668,20000,0.0,0.0
2014-03-28 00:00:00+08:00,31.294507114305464,31.6803304588877,31.03729264147046,31.123029708862305,50000,0.0,0.0
2014-03-31 00:00:00+08:00,31.380245050111203,31.465985390535288,31.294507980346683,31.29450798034668,24625,0.0,0.0
2014-04-01 00:00:00+08:00,31.294504111921285,31.294504111921285,30.43712043762207,30.43712043762207,120134,0.0,0.0
2014-04-02 00:00:00+08:00,30.43712043762207,30.865812274771677,30.43712043762207,30.43712043762207,48000,0.0,0.0
2014-04-03 00:00:00+08:00,30.608597826613746,30.865812274771677,30.35138337845581,30.43712043762207,20000,0.0,0.0
2014-04-07 00:00:00+08:00,30.43712137622614,32.53771209716797,30.26564398194654,32.53771209716797,589100,0.0,0.0
2014-04-08 00:00:00+08:00,32.53770932309156,32.880660811752406,31.380239463381404,32.5805778503418,437006,0.0,0.0
2014-04-09 00:00:00+08:00,32.966404841796574,34.8526496887207,32.75205891079746,34.8526496887207,1534487,0.0,0.0
2014-04-10 00:00:00+08:00,35.15272988447841,35.62429024099203,34.466823614035036,34.89551544189453,693255,0.0,0.0
2014-04-11 00:00:00+08:00,34.46682815459474,37.29619393706799,33.95239593099809,36.78176498413086,841922,0.0,0.0
2014-04-14 00:00:00+08:00,36.86750119344881,37.93923087930488,35.83864004089509,36.18159484863281,819346,0.0,0.0
2014-04-15 00:00:00+08:00,36.43880844116211,36.43880844116211,33.65231132507324,34.72404098510742,747141,0.0,0.0
2014-04-16 00:00:00+08:00,34.72403888275839,34.80977594210648,34.123869655344315,34.20960998535156,254778,0.0,0.0
2014-04-17 00:00:00+08:00,34.809777059177094,36.395938873291016,34.381085207361316,36.395938873291016,415300,0.0,0.0
2014-04-18 00:00:00+08:00,36.86749820466318,36.86749820466318,35.66715974555001,36.35306930541992,324515,0.0,0.0
2014-04-21 00:00:00+08:00,36.438806659948156,37.21045328571662,35.66716003417969,35.66716003417969,297395,0.0,0.0
2014-04-22 00:00:00+08:00,35.71003570537157,36.010118719772514,34.724043051209215,34.80978012084961,190390,0.0,0.0
2014-04-23 00:00:00+08:00,35.40994907394268,35.40994907394268,34.895520119813156,35.06699752807617,86102,0.0,0.0
2014-04-24 00:00:00+08:00,35.06699880887033,35.10986734483694,33.952397249780546,34.12387466430664,108571,0.0,0.0
2014-04-25 00:00:00+08:00,34.98125437834336,35.066994710916546,32.75205806198854,33.823787689208984,161407,0.0,0.0
2014-04-28 00:00:00+08:00,32.151888969205686,34.68117155558172,32.151888969205686,33.6951789855957,141000,0.0,0.0
2014-04-29 00:00:00+08:00,33.6951789855957,34.08100230735803,33.6951789855957,33.6951789855957,36000,0.0,0.0
2014-04-30 00:00:00+08:00,34.295350913889635,34.295350913889635,33.352230072021484,33.352230072021484,49522,0.0,0.0
2014-05-02 00:00:00+08:00,34.25247973523859,35.15273197310078,34.25247973523859,34.98125457763672,203000,0.0,0.0
2014-05-05 00:00:00+08:00,35.23846887426513,35.23846887426513,34.381085171527204,35.10986328125,65000,0.0,0.0
2014-05-06 00:00:00+08:00,35.15273457576974,35.581426460840106,34.98125716760969,35.495689392089844,75000,0.0,0.0
2014-05-07 00:00:00+08:00,35.5814208984375,35.83863533513777,34.29534544427711,35.5814208984375,173000,0.0,0.0
2014-05-08 00:00:00+08:00,35.838639012966425,35.838639012966425,35.152732687823686,35.71003341674805,85100,0.0,0.0
2014-05-09 00:00:00+08:00,35.752898279790685,35.752898279790685,34.80977431767766,35.5814208984375,136069,0.0,0.0
2014-05-12 00:00:00+08:00,35.71003358060261,35.71003358060261,34.29534912109375,34.29534912109375,76050,0.0,0.0
2014-05-13 00:00:00+08:00,34.338217653363245,34.63830392056843,33.22361946105957,33.86665725708008,115000,0.0,0.0
2014-05-14 00:00:00+08:00,33.52370438218162,33.695181791763375,33.2236213684082,33.2236213684082,38000,0.0,0.0
2014-05-15 00:00:00+08:00,33.009272706448286,35.49568676402888,33.009272706448286,34.98125457763672,307077,0.0,0.0
2014-05-16 00:00:00+08:00,34.981252618245094,35.15273000410425,34.295346345467564,34.33821487426758,183151,0.0,0.0
2014-05-19 00:00:00+08:00,34.68117064914639,34.76690770922638,33.437963654031336,33.52370071411133,135125,0.0,0.0
2014-05-20 00:00:00+08:00,33.823787689208984,33.86665622016595,33.523701431191704,33.823787689208984,43257,0.0,0.0
2014-05-21 00:00:00+08:00,33.86665830461565,34.123872776847925,33.43796642734203,33.4808349609375,56000,0.0,0.0
2014-05-22 00:00:00+08:00,33.695179692860386,33.695179692860386,33.39509669777941,33.56657409667969,72102,0.0,0.0
2014-05-23 00:00:00+08:00,33.56657426053425,33.73804838961223,33.437965393066406,33.437965393066406,127000,0.0,0.0
2014-05-26 00:00:00+08:00,33.609443653571596,34.295349999428275,33.609443653571596,34.03813552856445,92000,0.0,0.0
2014-05-27 00:00:00+08:00,34.03813376484941,34.25247969123932,33.26648712158203,33.26648712158203,62000,0.0,0.0
2014-05-28 00:00:00+08:00,33.52370421006331,33.60944454974375,33.352230072021484,33.352230072021484,67003,0.0,0.0
2014-05-29 00:00:00+08:00,33.35222832852742,33.60944279280375,33.35222832852742,33.437965393066406,32247,0.0,0.0
2014-05-30 00:00:00+08:00,33.437965393066406,33.995266124547925,33.35222832852742,33.437965393066406,58154,0.0,0.0
2014-06-03 00:00:00+08:00,33.60944454974375,33.69518161876466,33.352230072021484,33.352230072021484,42100,0.0,0.0
2014-06-04 00:00:00+08:00,34.295352804163166,34.295352804163166,33.780923820364606,33.995269775390625,87617,0.0,0.0
2014-06-05 00:00:00+08:00,34.295347044699646,34.895516272113724,34.03813259599623,34.20960998535156,141250,0.0,0.0
2014-06-06 00:00:00+08:00,34.29534738194748,35.58142290877051,34.209610321756294,34.38108444213867,305000,0.0,0.0
2014-06-09 00:00:00+08:00,35.49568676402888,35.838638284297716,34.89551751523433,34.98125457763672,284100,0.0,0.0
2014-06-10 00:00:00+08:00,35.32420439175793,35.32420439175793,34.123866063283806,34.50968933105469,114157,0.0,0.0
2014-06-11 00:00:00+08:00,33.609440757937485,34.509692963729016,33.52370042793024,34.20960998535156,210000,0.0,0.0
2014-06-12 00:00:00+08:00,34.20961188956122,34.20961188956122,33.43796522983964,33.56657409667969,87600,0.0,0.0
2014-06-13 00:00:00+08:00,33.4808339253359,33.95239432161907,33.266487993329065,33.437965393066406,94000,0.0,0.0
2014-06-16 00:00:00+08:00,33.69517897436185,33.866656369605636,33.26648712158203,33.26648712158203,28000,0.0,0.0
2014-06-17 00:00:00+08:00,33.48083376189987,34.25248042162145,33.43796522983964,33.56657409667969,137000,0.0,0.0
2014-06-18 00:00:00+08:00,33.56657442780692,33.56657442780692,32.58058182739822,32.88066482543945,149100,0.0,0.0
2014-06-19 00:00:00+08:00,32.88066360109573,33.223618389509205,32.1090202331543,32.1090202331543,114250,0.0,0.0
2014-06-20 00:00:00+08:00,32.151885986328125,32.49484074511255,31.808931227543702,32.151885986328125,56152,0.0,0.0
2014-06-23 00:00:00+08:00,32.151891952552354,32.151891952552354,30.608601792961753,30.951553344726562,121100,0.0,0.0
2014-06-24 00:00:00+08:00,30.994426979428088,31.98041642842472,30.994426979428088,31.594593048095703,70000,0.0,0.0
2014-06-25 00:00:00+08:00,31.42311597890094,31.723198985363567,30.951552296374718,31.33737564086914,24300,0.0,0.0
2014-06-26 00:00:00+08:00,31.337375473451537,31.551721411396706,31.123029535506372,31.465984344482422,5000,0.0,0.0
2014-06-27 00:00:00+08:00,31.637462960653178,31.637462960653178,31.380245208740234,31.380245208740234,27025,0.0,0.0
2014-06-30 00:00:00+08:00,31.037291781401066,31.123028846417064,29.322524315806085,29.451129913330078,235000,0.0,0.0
2014-07-01 00:00:00+08:00,30.179906830170562,30.179906830170562,29.45112872431953,29.7512149810791,167272,0.0,0.0
2014-07-02 00:00:00+08:00,29.7512160166807,29.7512160166807,29.408261217206018,29.57973861694336,91052,0.0,0.0
2014-07-03 00:00:00+08:00,29.579738451409472,29.66547551546866,29.15104658979484,29.27965545654297,113262,0.0,0.0
2014-07-04 00:00:00+08:00,29.451127967064163,29.451127967064163,28.593744290926526,28.808090209960938,76250,0.0,0.0
2014-07-07 00:00:00+08:00,28.808092870221778,28.808092870221778,27.09332699492737,27.39341163635254,198003,0.0,0.0
2014-07-08 00:00:00+08:00,27.26480189713766,27.26480189713766,26.321681104571326,27.221933364868164,333073,0.0,0.0
2014-07-09 00:00:00+08:00,27.093324219326266,27.13619274856827,26.70750091482997,27.007585525512695,95250,0.0,0.0
2014-07-10 00:00:00+08:00,27.00758646486579,28.893831253051758,26.836109071274475,28.893831253051758,325003,0.0,0.0
2014-07-11 00:00:00+08:00,30.522862315724005,30.9086856842041,30.094170410892715,30.9086856842041,376294,0.0,0.0
2014-07-14 00:00:00+08:00,31.8518078499307,32.066153788972876,30.651469283030742,31.551721572875977,817279,0.0,0.0
2014-07-15 00:00:00+08:00,31.72319500988386,31.894672393798828,30.86581136096808,31.894672393798828,425430,0.0,0.0
2014-07-16 00:00:00+08:00,31.894677280677023,31.937545815559286,31.20877091058216,31.29450798034668,114000,0.0,0.0
2014-07-17 00:00:00+08:00,31.037293657288945,31.637462960653178,31.037293657288945,31.380245208740234,95050,0.0,0.0
2014-07-18 00:00:00+08:00,30.008432145958118,31.680331162507695,30.008432145958118,31.42311668395996,79300,0.0,0.0
2014-07-21 00:00:00+08:00,31.423114940465894,31.423114940465894,30.437122344970703,30.65146827697754,98100,0.0,0.0
2014-07-22 00:00:00+08:00,30.6943366458489,31.123028507580475,30.308513316158614,30.78007698059082,34003,0.0,0.0
2014-07-23 00:00:00+08:00,30.78007698059082,30.78007698059082,30.78007698059082,30.78007698059082,0,0.0,0.0
2014-07-24 00:00:00+08:00,30.265646636039314,31.294507821281858,30.008432157393564,31.208770751953125,266247,0.0,0.0
2014-07-25 00:00:00+08:00,31.20877091058216,31.55172246029981,30.865816090204945,31.29450798034668,67212,0.0,0.0
2014-07-28 00:00:00+08:00,30.865816274450257,31.294508167150955,30.865816274450257,30.951553344726562,26000,0.0,0.0
2014-07-29 00:00:00+08:00,30.951553344726562,31.380245237427264,30.522861452025865,30.951553344726562,76717,0.0,0.0
2014-07-30 00:00:00+08:00,30.951548471139247,30.99442027018645,30.69433403015137,30.694334030151367,14150,0.0,0.0
2014-07-31 00:00:00+08:00,30.694336809247034,30.694336809247034,30.437122344970703,30.65146827697754,16255,0.0,0.0
2014-08-01 00:00:00+08:00,30.008429610453554,30.694335918846352,29.66547482092752,30.051298141479492,57030,0.0,0.0
2014-08-04 00:00:00+08:00,30.05129884748043,30.13703918220589,29.322523990940446,29.70834732055664,31030,0.0,0.0
2014-08-05 00:00:00+08:00,29.708346450301807,29.7940835118564,29.322523131987644,29.7512149810791,87000,0.0,0.0
2014-08-06 00:00:00+08:00,27.6934927971764,29.836952042633694,27.6934927971764,29.7512149810791,227003,0.0,0.0
2014-08-07 00:00:00+08:00,29.7512149810791,29.7512149810791,29.065308676664618,29.7512149810791,23001,0.0,0.0
2014-08-08 00:00:00+08:00,29.408259121563983,29.751213896599598,28.765221371366554,29.0653076171875,53000,0.0,0.0
2014-08-11 00:00:00+08:00,28.722351275821893,29.15104308590879,28.636614222068097,29.02243423461914,66000,0.0,0.0
2014-08-12 00:00:00+08:00,28.97956657409668,28.97956657409668,28.97956657409668,28.97956657409668,66000,0.0,0.0
2014-08-13 00:00:00+08:00,28.63661507816988,29.108175429231135,28.55087475119389,28.97956657409668,15000,0.0,0.0
2014-08-14 00:00:00+08:00,29.151046752929688,29.236783817468677,28.50800895690918,28.722354888916016,26000,0.0,0.0
2014-08-15 00:00:00+08:00,28.465141489097107,28.465141489097107,27.564889195135223,27.69349479675293,54578,0.0,0.0
2014-08-18 00:00:00+08:00,27.26479954281022,27.350538235275316,26.578893273748523,27.136192321777344,77000,0.0,0.0
2014-08-19 00:00:00+08:00,27.136194664999493,27.822102628619177,27.136194664999493,27.436279296875,35050,0.0,0.0
2014-08-20 00:00:00+08:00,27.436279460219122,27.522016525268555,27.264802059460877,27.522016525268555,23209,0.0,0.0
2014-08-21 00:00:00+08:00,26.79324049580638,27.607755661010742,26.664633268492434,27.607755661010742,25000,0.0,0.0
2014-08-22 00:00:00+08:00,27.43627844639007,28.12218475341797,26.836109201243435,28.12218475341797,31000,0.0,0.0
2014-08-25 00:00:00+08:00,26.750372968584998,28.465140424639685,26.750372968584998,28.293663024902344,16000,0.0,0.0
2014-08-26 00:00:00+08:00,28.29366126001563,28.465138649056644,27.650623504106182,27.950706481933594,62050,0.0,0.0
2014-08-27 00:00:00+08:00,28.346089212504218,28.5243671875,27.85582733154297,27.85582733154297,49100,1.243558,0.0
2014-08-28 00:00:00+08:00,27.989535319860526,28.346089574217164,27.989535319860526,28.2569522857666,9010,0.0,0.0
2014-08-29 00:00:00+08:00,28.747214913368225,28.747214913368225,28.123243677035134,28.524368286132812,7550,0.0,0.0
2014-09-01 00:00:00+08:00,28.078675031661987,28.524368286132812,28.078675031661987,28.524368286132812,12100,0.0,0.0
2014-09-02 00:00:00+08:00,28.43522929520168,28.524368286132812,28.256953013524253,28.524368286132812,18000,0.0,0.0
2014-09-03 00:00:00+08:00,28.524369334446565,29.326618582125796,28.524369334446565,29.192909240722656,44000,0.0,0.0
2014-09-04 00:00:00+08:00,29.41575587614802,29.41575587614802,28.970062605297294,29.192909240722656,16000,0.0,0.0
2014-09-05 00:00:00+08:00,29.192909240722656,29.192909240722656,28.970062605297294,29.192909240722656,8105,0.0,0.0
2014-09-09 00:00:00+08:00,29.148339855599314,29.23747714736435,28.390660974302506,29.103771209716797,32000,0.0,0.0
2014-09-10 00:00:00+08:00,29.103768488615003,31.10938796913725,28.65807527072117,30.351707458496094,323100,0.0,0.0
2014-09-11 00:00:00+08:00,29.46032178898711,30.307139605085453,29.46032178898711,30.218002319335938,34000,0.0,0.0
2014-09-12 00:00:00+08:00,29.86144757530044,30.173431488327367,28.97006108051535,29.237476348876953,24000,0.0,0.0
2014-09-15 00:00:00+08:00,28.970063081919285,28.970063081919285,28.658079147338867,28.658079147338867,11041,0.0,0.0
2014-09-16 00:00:00+08:00,29.504892452874458,29.504892452874458,28.25695336505305,28.747215270996094,42000,0.0,0.0
2014-09-17 00:00:00+08:00,28.568937301635742,29.37118653022478,28.568937301635742,28.568937301635742,10000,0.0,0.0
2014-09-18 00:00:00+08:00,29.371186384205565,30.218004254535195,29.371186384205565,29.861448287963867,12000,0.0,0.0
2014-09-19 00:00:00+08:00,30.262571720298766,30.262571720298766,29.950584411621094,29.950584411621094,6102,0.0,0.0
2014-09-22 00:00:00+08:00,29.504892349243164,29.504892349243164,29.504892349243164,29.504892349243164,120,0.0,0.0
2014-09-23 00:00:00+08:00,29.861449108488603,29.861449108488603,28.880925274029433,29.54946517944336,9000,0.0,0.0
2014-09-24 00:00:00+08:00,29.371186411929987,29.549464395383932,29.148339782704976,29.504892349243164,9030,0.0,0.0
2014-09-25 00:00:00+08:00,29.549463662273507,29.549463662273507,28.97006108051535,29.237476348876953,5000,0.0,0.0
2014-09-26 00:00:00+08:00,28.880924624029134,29.41575517617534,28.346090671513203,28.568937301635742,20200,0.0,0.0
2014-09-29 00:00:00+08:00,28.568937895944977,29.41575578810062,28.390661608249243,28.435230255126953,176000,0.0,0.0
2014-09-30 00:00:00+08:00,28.74721488848016,28.92549287018808,28.74721488848016,28.880924224853516,5000,0.0,0.0
2014-10-01 00:00:00+08:00,28.70264651062692,29.683170318603516,28.70264651062692,29.683170318603516,11000,0.0,0.0
2014-10-02 00:00:00+08:00,29.415754318237305,29.415754318237305,28.88092378168993,29.415754318237305,4385,0.0,0.0
2014-10-03 00:00:00+08:00,29.014631271362305,29.37118724842496,28.970062624321926,29.014631271362305,20000,0.0,0.0
2014-10-06 00:00:00+08:00,28.970062290087657,28.970062290087657,28.613506317138672,28.613506317138672,13000,0.0,0.0
2014-10-07 00:00:00+08:00,28.6135052153089,28.970061174527867,28.30152130126953,28.30152130126953,45200,0.0,0.0
2014-10-08 00:00:00+08:00,28.346090304270547,29.237476813212197,28.346090304270547,28.524368286132812,38000,0.0,0.0
2014-10-09 00:00:00+08:00,28.970059817711796,28.970059817711796,28.16781234741211,28.16781234741211,10000,0.0,0.0
2014-10-13 00:00:00+08:00,26.206762313842773,26.875302177462157,26.206762313842773,26.206762313842773,88000,0.0,0.0
2014-10-14 00:00:00+08:00,26.206763246482225,27.36556673810589,25.850208979899886,26.474180221557617,30000,0.0,0.0
2014-10-15 00:00:00+08:00,26.251334009912206,26.251334009912206,24.64683723449707,24.64683723449707,34000,0.0,0.0
2014-10-16 00:00:00+08:00,23.8891577716145,25.047961253934172,23.8891577716145,24.78054428100586,21015,0.0,0.0
2014-10-17 00:00:00+08:00,24.245714881585553,24.691408157348633,24.245714881585553,24.691408157348633,13000,0.0,0.0
2014-10-20 00:00:00+08:00,25.226236833155898,26.385040283203125,25.226236833155898,26.385040283203125,85000,0.0,0.0
2014-10-21 00:00:00+08:00,26.38504208889972,26.38504208889972,25.671931832333026,25.805641174316406,25000,0.0,0.0
2014-10-22 00:00:00+08:00,25.805642219696153,26.2959041595459,25.76107187050119,26.2959041595459,7000,0.0,0.0
2014-10-23 00:00:00+08:00,26.2959041595459,26.2959041595459,26.2959041595459,26.2959041595459,1000,0.0,0.0
2014-10-24 00:00:00+08:00,25.67193099651629,26.474180221557617,25.67193099651629,26.474180221557617,6000,0.0,0.0
2014-10-27 00:00:00+08:00,25.449084772112197,25.449084772112197,24.64683723449707,24.64683723449707,46000,0.0,0.0
2014-10-28 00:00:00+08:00,25.22623559519031,25.22623559519031,24.156572886314667,24.958820343017578,16100,0.0,0.0
2014-10-29 00:00:00+08:00,24.958820343017578,24.958820343017578,24.290280512401033,24.958820343017578,7000,0.0,0.0
2014-10-30 00:00:00+08:00,24.958821575123554,26.563316567736152,24.958821575123554,26.206762313842773,89000,0.0,0.0
2014-10-31 00:00:00+08:00,25.671932872296242,26.830736448590606,25.582795574276272,26.2959041595459,66000,0.0,0.0
2014-11-03 00:00:00+08:00,26.29590108208115,26.74159432076049,25.89477648719583,26.563316345214844,41230,0.0,0.0
2014-11-04 00:00:00+08:00,26.652457121052624,26.652457121052624,25.93934857139843,26.162195205688477,6000,0.0,0.0
2014-11-05 00:00:00+08:00,26.385041839978523,26.47418083373152,25.80564093086138,26.162195205688477,5052,0.0,0.0
2014-11-06 00:00:00+08:00,25.894778133739905,25.894778133739905,25.404516220092773,25.404516220092773,6000,0.0,0.0
2014-11-07 00:00:00+08:00,25.404516220092773,25.404516220092773,25.404516220092773,25.404516220092773,2000,0.0,0.0
2014-11-10 00:00:00+08:00,25.44908484929104,25.582794189453125,25.226238215934078,25.582794189453125,5000,0.0,0.0
2014-11-11 00:00:00+08:00,25.404515991364757,25.404515991364757,23.80002092461567,24.24571418762207,37217,0.0,0.0
2014-11-12 00:00:00+08:00,24.2011434852281,24.245713830984066,23.398895963654073,24.02286720275879,12000,0.0,0.0
2014-11-13 00:00:00+08:00,23.978298503063677,24.423991790110154,23.978298503063677,24.379423141479492,4000,0.0,0.0
2014-11-14 00:00:00+08:00,24.29028130043809,24.29028130043809,23.577172804719318,24.112003326416016,7000,0.0,0.0
2014-11-17 00:00:00+08:00,24.958824074602926,24.958824074602926,24.067437500509964,24.379423141479492,13000,0.0,0.0
2014-11-18 00:00:00+08:00,24.3794231671998,24.3794231671998,24.20114517211914,24.20114517211914,4000,0.0,0.0
2014-11-19 00:00:00+08:00,24.20114517211914,24.20114517211914,24.20114517211914,24.20114517211914,4000,0.0,0.0
2014-11-20 00:00:00+08:00,24.156575543838393,24.46856117248535,23.889158562061755,24.46856117248535,5000,0.0,0.0
2014-11-21 00:00:00+08:00,23.9782975559873,24.46856117248535,23.621743280470017,24.46856117248535,14220,0.0,0.0
2014-11-24 00:00:00+08:00,23.978296497693393,24.11200413258801,23.800020217895508,23.800020217895508,22011,0.0,0.0
2014-11-25 00:00:00+08:00,23.889156341552734,23.889156341552734,23.889156341552734,23.889156341552734,20004,0.0,0.0
2014-11-26 00:00:00+08:00,23.577173593009537,23.800020217895508,23.577173593009537,23.800020217895508,7001,0.0,0.0
2014-11-27 00:00:00+08:00,23.800021825651758,23.800021825651758,23.220619201660156,23.220619201660156,10050,0.0,0.0
2014-11-28 00:00:00+08:00,23.22061842953189,24.825115203857422,23.22061842953189,24.825115203857422,114262,0.0,0.0
2014-12-01 00:00:00+08:00,24.646836139307194,24.646836139307194,23.66631065904316,24.156574249267578,67000,0.0,0.0
2014-12-02 00:00:00+08:00,23.889156341552734,23.889156341552734,23.889156341552734,23.889156341552734,74000,0.0,0.0
2014-12-03 00:00:00+08:00,24.42399024963379,24.42399024963379,24.42399024963379,24.42399024963379,137026,0.0,0.0
2014-12-04 00:00:00+08:00,24.33485221862793,24.33485221862793,24.33485221862793,24.33485221862793,12000,0.0,0.0
2014-12-05 00:00:00+08:00,24.11200484857225,24.24571418762207,23.80002092461567,24.24571418762207,9000,0.0,0.0
2014-12-08 00:00:00+08:00,24.46856216474013,24.46856216474013,23.933729879683113,24.20114517211914,10000,0.0,0.0
2014-12-09 00:00:00+08:00,23.889157507702038,24.20114312257936,23.710881227904157,23.800020217895508,16050,0.0,0.0
2014-12-10 00:00:00+08:00,23.53260230668889,23.844587909087736,23.488033663568235,23.710880279541016,9000,0.0,0.0
2014-12-11 00:00:00+08:00,24.24571418762207,24.95882272835836,24.06743620234556,24.24571418762207,26000,0.0,0.0
2014-12-12 00:00:00+08:00,24.245712282178932,24.245712282178932,24.067434310913086,24.067434310913086,4000,0.0,0.0
2014-12-15 00:00:00+08:00,24.067435847139464,25.716501235961914,23.710881582033625,25.716501235961914,141125,0.0,0.0
2014-12-16 00:00:00+08:00,26.028487750754365,27.49927520751953,25.671931773199862,27.49927520751953,965103,0.0,0.0
2014-12-17 00:00:00+08:00,27.766690840045733,28.07867647424095,25.761071091885665,27.722122192382812,420250,0.0,0.0
2014-12-18 00:00:00+08:00,27.98953811012656,27.98953811012656,26.786165894047503,27.410137176513672,148000,0.0,0.0
2014-12-19 00:00:00+08:00,27.410134088728277,29.326616368901,27.410134088728277,28.03410530090332,892060,0.0,0.0
2014-12-22 00:00:00+08:00,27.900397547082612,27.900397547082612,26.607888106191073,27.45470428466797,124000,0.0,0.0
2014-12-23 00:00:00+08:00,27.187289440517237,28.524369249067266,26.9644428057589,28.435230255126953,255000,0.0,0.0
2014-12-24 00:00:00+08:00,28.256952815129882,30.396278381347656,28.07867483451932,30.396278381347656,1085050,0.0,0.0
2014-12-25 00:00:00+08:00,30.75283432006836,31.644220822099324,30.351709714080492,30.75283432006836,284114,0.0,0.0
2014-12-26 00:00:00+08:00,30.75283315270157,31.153957743462886,29.86144668450732,31.020248413085938,511154,0.0,0.0
2014-12-29 00:00:00+08:00,29.727738482584886,31.02024959060372,29.68316983755727,30.75283432006836,298000,0.0,0.0
2014-12-30 00:00:00+08:00,30.218003891730117,30.44085051806922,29.638601303100586,29.638601303100586,29000,0.0,0.0
2014-12-31 00:00:00+08:00,29.23747703309547,30.084294903032546,29.14833974167881,30.03972625732422,71002,0.0,0.0
2015-01-05 00:00:00+08:00,30.173431744574255,30.708265686209145,29.772310538810157,30.574556350708008,38040,0.0,0.0
2015-01-06 00:00:00+08:00,30.52998621982873,31.198526064058555,29.772309089849387,30.218002319335938,371000,0.0,0.0
2015-01-07 00:00:00+08:00,30.529987784467007,30.752834410631,29.99515724182129,29.99515724182129,158005,0.0,0.0
2015-01-08 00:00:00+08:00,30.03972434746742,30.218002319335938,30.03972434746742,30.218002319335938,6030,0.0,0.0
2015-01-09 00:00:00+08:00,30.218002319335938,30.218002319335938,29.504890431861867,30.218002319335938,9000,0.0,0.0
2015-01-12 00:00:00+08:00,29.683169586510992,29.683169586510992,28.88092378168993,29.415754318237305,28087,0.0,0.0
2015-01-13 00:00:00+08:00,29.41575386279917,31.10938953625968,28.97006062245373,30.48541831970215,229026,0.0,0.0
2015-01-14 00:00:00+08:00,30.485419071837764,30.75283434256878,29.460323233604274,30.396278381347656,84275,0.0,0.0
2015-01-15 00:00:00+08:00,30.218001156321016,30.396275720958705,29.504889296292827,30.128860473632812,35000,0.0,0.0
2015-01-16 00:00:00+08:00,29.68317078333138,30.262573388260467,29.148340225219727,29.148340225219727,22007,0.0,0.0
2015-01-19 00:00:00+08:00,29.683169972187073,29.683169972187073,28.970061447401886,29.282045364379883,6000,0.0,0.0
2015-01-20 00:00:00+08:00,29.282046553974393,29.415755895465338,28.836353282830977,29.014631271362305,55000,0.0,0.0
2015-01-21 00:00:00+08:00,28.79178206485258,28.79178206485258,27.81125831604004,27.81125831604004,60025,0.0,0.0
2015-01-22 00:00:00+08:00,27.81125931736866,29.727738240934826,27.81125931736866,29.237476348876953,157207,0.0,0.0
2015-01-23 00:00:00+08:00,29.014631271362305,29.37118724842496,28.880925330241165,29.014631271362305,25374,0.0,0.0
2015-01-26 00:00:00+08:00,29.282045364379883,29.282045364379883,29.282045364379883,29.282045364379883,2374,0.0,0.0
2015-01-27 00:00:00+08:00,29.41575591502151,29.683171197811383,28.836353302001953,28.836353302001953,15102,0.0,0.0
2015-01-28 00:00:00+08:00,29.326618228387087,29.326618228387087,28.880924962912328,28.970062255859375,19230,0.0,0.0
2015-01-29 00:00:00+08:00,28.92549395828618,29.192909240722656,28.92549395828618,29.192909240722656,5000,0.0,0.0
2015-01-30 00:00:00+08:00,29.192907694614295,30.529987436352354,28.970061070991285,29.415754318237305,401000,0.0,0.0
2015-02-02 00:00:00+08:00,29.8168792842458,29.950585219827463,29.5940326579067,29.638601303100586,46010,0.0,0.0
2015-02-03 00:00:00+08:00,29.594032999501515,30.17343219444921,29.594032999501515,30.03972625732422,32000,0.0,0.0
2015-02-04 00:00:00+08:00,30.128863548740878,30.128863548740878,29.7277389366265,30.03972625732422,40205,0.0,0.0
2015-02-05 00:00:00+08:00,29.727739302038337,30.128863919083315,27.989536595274803,30.08429527282715,67550,0.0,0.0
2015-02-06 00:00:00+08:00,30.128863935236847,30.708266537986876,29.594033379136626,29.906017303466797,678052,0.0,0.0
2015-02-09 00:00:00+08:00,29.549464353793184,30.03972625732422,29.46032366200682,30.03972625732422,37000,0.0,0.0
2015-02-10 00:00:00+08:00,29.50489281428118,29.549464861124466,28.970062255859375,28.970062255859375,17000,0.0,0.0
2015-02-11 00:00:00+08:00,28.970061070991285,29.415754318237305,28.970061070991285,29.415754318237305,13005,0.0,0.0
2015-02-12 00:00:00+08:00,28.970062255859375,28.970062255859375,28.970062255859375,28.970062255859375,5000,0.0,0.0
2015-02-13 00:00:00+08:00,28.970062255859375,28.970062255859375,28.568937636858138,28.970062255859375,7000,0.0,0.0
2015-02-24 00:00:00+08:00,27.900397062105064,28.34609031677246,27.900397062105064,28.34609031677246,7300,0.0,0.0
2015-02-25 00:00:00+08:00,29.282045364379883,29.282045364379883,29.282045364379883,29.282045364379883,1000,0.0,0.0
2015-02-26 00:00:00+08:00,28.25695325238852,29.81687965622292,28.25695325238852,29.683170318603516,5102,0.0,0.0
2015-03-02 00:00:00+08:00,28.880924979868166,29.37118689210428,28.747215639999332,28.791784286499023,11000,0.0,0.0
2015-03-03 00:00:00+08:00,28.791784598205012,29.7277397863104,28.791784598205012,29.371187210083008,10102,0.0,0.0
2015-03-04 00:00:00+08:00,29.638601303100586,29.638601303100586,29.638601303100586,29.638601303100586,1000,0.0,0.0
2015-03-05 00:00:00+08:00,28.702646175653648,29.282045364379883,28.658077530423885,29.282045364379883,22050,0.0,0.0
2015-03-06 00:00:00+08:00,28.568937286915972,29.237477176939137,28.52436864098837,28.747215270996094,19000,0.0,0.0
2015-03-09 00:00:00+08:00,28.524366589747,28.791781846451983,28.16781234741211,28.16781234741211,24020,0.0,0.0
2015-03-10 00:00:00+08:00,27.989535319860526,28.30152092999188,27.900396331225167,28.2569522857666,17500,0.0,0.0
2015-03-11 00:00:00+08:00,28.078675516190067,28.078675516190067,27.63298225402832,27.63298225402832,18000,0.0,0.0
2015-03-12 00:00:00+08:00,28.078673363687713,28.256951334959627,27.36556487896954,27.989534378051758,34760,0.0,0.0
2015-03-13 00:00:00+08:00,27.98953532774578,28.123242960644088,27.98953532774578,28.07867431640625,4102,0.0,0.0
2015-03-16 00:00:00+08:00,28.07867431640625,28.07867431640625,28.07867431640625,28.07867431640625,0,0.0,0.0
2015-03-17 00:00:00+08:00,27.94496573532615,28.21238099204928,27.94496573532615,27.989534378051758,4001,0.0,0.0
2015-03-18 00:00:00+08:00,27.989534745988088,28.21238136291504,27.63298049894192,28.21238136291504,35003,0.0,0.0
2015-03-19 00:00:00+08:00,28.212383257358827,29.86144867338892,28.123244264565468,29.727739334106445,103149,0.0,0.0
2015-03-20 00:00:00+08:00,29.727737046605142,30.218002319335938,29.10376924561956,30.218002319335938,135000,0.0,0.0
2015-03-23 00:00:00+08:00,29.861448274121194,30.39627882336056,29.683170290918174,30.03972625732422,230110,0.0,0.0
2015-03-24 00:00:00+08:00,30.307141170139257,30.307141170139257,29.772310627284664,29.816879272460938,5000,0.0,0.0
2015-03-25 00:00:00+08:00,29.504892321392536,30.12886356270751,29.415755029934555,29.861448287963867,12500,0.0,0.0
2015-03-26 00:00:00+08:00,29.861447565483324,29.861447565483324,29.415754318237305,29.415754318237305,5001,0.0,0.0
2015-03-27 00:00:00+08:00,29.77231149386185,29.77231149386185,28.970062255859375,28.970062255859375,8100,0.0,0.0
2015-03-30 00:00:00+08:00,29.816879272460938,29.816879272460938,29.816879272460938,29.816879272460938,1000,0.0,0.0
2015-03-31 00:00:00+08:00,28.702647304240614,29.371187210083008,28.702647304240614,29.371187210083008,6000,0.0,0.0
2015-04-01 00:00:00+08:00,28.658076433270573,29.326616287231445,28.61350438937755,29.326616287231445,9970,0.0,0.0
2015-04-02 00:00:00+08:00,28.970062255859375,28.970062255859375,28.970062255859375,28.970062255859375,1000,0.0,0.0
2015-04-07 00:00:00+08:00,28.43522797984199,28.479798323338237,28.21238136291504,28.21238136291504,15262,0.0,0.0
2015-04-08 00:00:00+08:00,28.078673363687713,28.078673363687713,27.63298013569267,27.989534378051758,8102,0.0,0.0
2015-04-09 00:00:00+08:00,27.989536748210437,28.791784286499023,27.632982475658274,28.791784286499023,42125,0.0,0.0
2015-04-10 00:00:00+08:00,28.791783194918384,28.791783194918384,27.811259407620682,28.30152130126953,11000,0.0,0.0
2015-04-13 00:00:00+08:00,27.677550900170548,27.677550900170548,27.63298225402832,27.63298225402832,17000,0.0,0.0
2015-04-14 00:00:00+08:00,27.989537478730185,27.989537478730185,27.454705205850512,27.722122192382812,16650,0.0,0.0
2015-04-15 00:00:00+08:00,27.32099518468737,27.32099518468737,26.741594314575195,26.741594314575195,26001,0.0,0.0
2015-04-16 00:00:00+08:00,26.786162964554514,26.786162964554514,26.028485818947455,26.563316345214844,45000,0.0,0.0
2015-04-17 00:00:00+08:00,26.56331679639597,26.56331679639597,25.850208282470703,25.850208282470703,18000,0.0,0.0
2015-04-20 00:00:00+08:00,25.22623823321115,25.404516220092773,24.869683959632788,25.404516220092773,29050,0.0,0.0
2015-04-21 00:00:00+08:00,25.939347643347954,25.939347643347954,25.538223035903233,25.894777297973633,5000,0.0,0.0
2015-04-22 00:00:00+08:00,25.850209244067567,25.850209244067567,25.404515981238816,25.761070251464844,7257,0.0,0.0
2015-04-23 00:00:00+08:00,25.850208179738008,27.454703179785756,25.850208179738008,27.142719268798828,22000,0.0,0.0
2015-04-24 00:00:00+08:00,26.830734388951754,27.231857299804688,26.474180123687532,27.231857299804688,15000,0.0,0.0
2015-04-27 00:00:00+08:00,26.563319453975765,26.830736448590606,26.2959041595459,26.2959041595459,7001,0.0,0.0
2015-04-28 00:00:00+08:00,26.295901069997296,26.919872283935547,25.850207831522763,26.919872283935547,17202,0.0,0.0
2015-04-29 00:00:00+08:00,27.410135647224667,27.410135647224667,25.939348220825195,25.939348220825195,9000,0.0,0.0
2015-04-30 00:00:00+08:00,25.850208652784143,25.894777297973633,25.716501017030847,25.894777297973633,11000,0.0,0.0
2015-05-04 00:00:00+08:00,25.716501235961914,25.716501235961914,25.716501235961914,25.716501235961914,0,0.0,0.0
2015-05-05 00:00:00+08:00,25.850208532614786,27.499273899732348,25.850208532614786,27.187288284301758,189000,0.0,0.0
2015-05-06 00:00:00+08:00,26.875303392119896,26.919873738486466,25.538223604450398,25.939348220825195,41000,0.0,0.0
2015-05-07 00:00:00+08:00,26.65245605438411,27.543842555869766,26.206762803641283,27.009010314941406,20300,0.0,0.0
2015-05-08 00:00:00+08:00,26.652456283569336,27.54384279272005,26.652456283569336,26.652456283569336,12000,0.0,0.0
2015-05-11 00:00:00+08:00,27.9003963470459,27.9003963470459,27.9003963470459,27.9003963470459,2725,0.0,0.0
2015-05-12 00:00:00+08:00,26.964441299438477,26.964441299438477,26.964441299438477,26.964441299438477,0,0.0,0.0
2015-05-13 00:00:00+08:00,26.697026984341417,26.875303268432617,26.697026984341417,26.875303268432617,6102,0.0,0.0
2015-05-14 00:00:00+08:00,27.36556590841561,27.36556590841561,26.786163330078125,26.786163330078125,15001,0.0,0.0
2015-05-15 00:00:00+08:00,26.741595274521373,26.741595274521373,26.29590201994602,26.652456283569336,5150,0.0,0.0
2015-05-18 00:00:00+08:00,25.761067799720486,25.761067799720486,24.82511271693121,24.958820343017578,60000,0.0,0.0
2015-05-19 00:00:00+08:00,24.51312754084822,24.51312754084822,23.71088007045741,23.889156341552734,44101,0.0,0.0
2015-05-20 00:00:00+08:00,23.889158993261464,25.538224460002574,23.889158993261464,25.270809173583984,192000,0.0,0.0
2015-05-21 00:00:00+08:00,25.27080797953341,26.697026740141602,24.780544377351138,25.716501235961914,174096,0.0,0.0
2015-05-22 00:00:00+08:00,25.89477987800783,26.741597822459724,25.716503579302437,26.340473175048828,138315,0.0,0.0
2015-05-25 00:00:00+08:00,26.340472808555884,26.74159745038566,25.85021086870614,26.2959041595459,45000,0.0,0.0
2015-05-26 00:00:00+08:00,25.85020840579075,26.607887268066406,25.85020840579075,26.607887268066406,38000,0.0,0.0
2015-05-27 00:00:00+08:00,25.716500639529883,26.69702612096865,25.716500639529883,26.028486251831055,68000,0.0,0.0
2015-05-28 00:00:00+08:00,25.850208282470703,25.850208282470703,25.404515036221206,25.850208282470703,27000,0.0,0.0
2015-05-29 00:00:00+08:00,25.404515045338606,25.716500657862184,25.270807411452733,25.67193031311035,20000,0.0,0.0
2015-06-01 00:00:00+08:00,25.894776704116772,27.365565764227245,25.850208059949395,26.206762313842773,52000,0.0,0.0
2015-06-02 00:00:00+08:00,26.206763611881684,26.607888229995204,26.028487326197244,26.518749237060547,20011,0.0,0.0
2015-06-03 00:00:00+08:00,25.716503579302437,26.518751173939226,25.716503579302437,26.340473175048828,21052,0.0,0.0
2015-06-04 00:00:00+08:00,26.60788980317073,26.60788980317073,25.44908622687636,26.2959041595459,31000,0.0,0.0
2015-06-05 00:00:00+08:00,26.295901302362317,26.295901302362317,25.00339021929093,26.206762313842773,76000,0.0,0.0
2015-06-08 00:00:00+08:00,26.206762313842773,26.206762313842773,26.206762313842773,26.206762313842773,0,0.0,0.0
2015-06-09 00:00:00+08:00,25.092529423809598,25.894776927021727,24.513128543722218,25.850208282470703,28100,0.0,0.0
2015-06-10 00:00:00+08:00,25.850208282470703,25.850208282470703,25.850208282470703,25.850208282470703,6318,0.0,0.0
2015-06-11 00:00:00+08:00,25.850208282470703,25.850208282470703,25.404515036221206,25.850208282470703,5003,0.0,0.0
2015-06-12 00:00:00+08:00,25.850208282470703,25.894776927021727,25.850208282470703,25.850208282470703,24000,0.0,0.0
2015-06-15 00:00:00+08:00,25.805641174316406,25.805641174316406,25.805641174316406,25.805641174316406,0,0.0,0.0
2015-06-16 00:00:00+08:00,25.003391005565394,25.716501235961914,25.003391005565394,25.716501235961914,2000,0.0,0.0
2015-06-17 00:00:00+08:00,25.18167017804948,27.900398490649877,25.18167017804948,25.270809173583984,32000,0.0,0.0
2015-06-18 00:00:00+08:00,25.49365497384154,26.206763514293595,25.404515981238816,25.761070251464844,17000,0.0,0.0
2015-06-22 00:00:00+08:00,25.76107047602776,25.76107047602776,25.31537720931384,25.582794189453125,17500,0.0,0.0
2015-06-23 00:00:00+08:00,25.761070251464844,25.761070251464844,25.761070251464844,25.761070251464844,1000,0.0,0.0
2015-06-24 00:00:00+08:00,25.31537662510232,25.716501235961914,25.31537662510232,25.716501235961914,3000,0.0,0.0
2015-06-25 00:00:00+08:00,25.761070251464844,25.761070251464844,25.315376988636093,25.761070251464844,9000,0.0,0.0
2015-06-26 00:00:00+08:00,25.716501235961914,25.716501235961914,25.716501235961914,25.716501235961914,0,0.0,0.0
2015-06-29 00:00:00+08:00,25.67193031311035,25.67193031311035,25.67193031311035,25.67193031311035,0,0.0,0.0
2015-06-30 00:00:00+08:00,26.162195205688477,26.162195205688477,26.162195205688477,26.162195205688477,1000,0.0,0.0
2015-07-01 00:00:00+08:00,25.850209228276924,27.320996654676392,25.850209228276924,25.939348220825195,16510,0.0,0.0
2015-07-02 00:00:00+08:00,25.716500639529883,26.117623540901555,25.493654016484015,26.028486251831055,44102,0.0,0.0
2015-07-03 00:00:00+08:00,25.850209821520927,25.850209821520927,25.805641174316406,25.805641174316406,3000,0.0,0.0
2015-07-06 00:00:00+08:00,25.359947204589844,25.359947204589844,25.359947204589844,25.359947204589844,1000,0.0,0.0
2015-07-07 00:00:00+08:00,25.761070846857972,25.805641194281886,25.359947921152216,25.627363204956055,10000,0.0,0.0
2015-07-08 00:00:00+08:00,25.315377573728302,25.671931852195055,24.95882329526155,25.627363204956055,48000,0.0,0.0
2015-07-09 00:00:00+08:00,25.04796078824801,25.67193031311035,24.513128552519706,25.67193031311035,72500,0.0,0.0
2015-07-10 00:00:00+08:00,25.67193031311035,25.67193031311035,25.67193031311035,25.67193031311035,0,0.0,0.0
2015-07-13 00:00:00+08:00,26.20676552597353,27.632984416541717,25.850211228377734,26.340473175048828,8000,0.0,0.0
2015-07-14 00:00:00+08:00,26.474179271696727,26.60788690434473,24.780543590872686,26.385040283203125,189050,0.0,0.0
2015-07-15 00:00:00+08:00,26.295902754131117,26.295902754131117,25.404516220092773,25.404516220092773,12000,0.0,0.0
2015-07-16 00:00:00+08:00,25.76107049367113,25.939348480552756,25.003391599701562,25.404516220092773,32577,0.0,0.0
2015-07-17 00:00:00+08:00,25.40451526102299,25.493654251098633,24.914253365884196,25.493654251098633,8000,0.0,0.0
2015-07-20 00:00:00+08:00,25.35994697085608,25.8502088728535,25.226237633779647,25.716501235961914,41000,0.0,0.0
2015-07-21 00:00:00+08:00,24.780545548236667,25.270809173583984,24.780545548236667,25.270809173583984,2000,0.0,0.0
2015-07-22 00:00:00+08:00,25.627361529705823,25.627361529705823,24.958821663713497,25.092529296875,8000,0.0,0.0
2015-07-23 00:00:00+08:00,25.449084866720735,25.449084866720735,24.78054496619198,25.404516220092773,13000,0.0,0.0
2015-07-24 00:00:00+08:00,25.359947204589844,25.359947204589844,25.359947204589844,25.359947204589844,1000,0.0,0.0
2015-07-27 00:00:00+08:00,25.270808468917036,25.270808468917036,24.112004959651113,24.825115203857422,33000,0.0,0.0
2015-07-28 00:00:00+08:00,24.691408030828775,25.449085235595703,24.602269036095926,25.449085235595703,32537,0.0,0.0
2015-07-29 00:00:00+08:00,25.13709831237793,25.4045135645626,24.86968136000855,25.13709831237793,5000,0.0,0.0
2015-07-30 00:00:00+08:00,25.13709831237793,25.13709831237793,25.13709831237793,25.13709831237793,0,0.0,0.0
2015-07-31 00:00:00+08:00,25.092529296875,25.092529296875,25.092529296875,25.092529296875,20000,0.0,0.0
2015-08-03 00:00:00+08:00,24.51312954686269,27.365567119662483,22.73035648890904,26.518749237060547,405100,0.0,0.0
2015-08-04 00:00:00+08:00,25.582793014794927,26.07305490559545,25.047960779258574,25.850208282470703,447000,0.0,0.0
2015-08-05 00:00:00+08:00,25.850209821520927,25.939348816114876,25.226238559548182,25.805641174316406,45000,0.0,0.0
2015-08-06 00:00:00+08:00,25.761070846857972,25.761070846857972,25.092530937163467,25.627363204956055,11000,0.0,0.0
2015-08-07 00:00:00+08:00,25.894778488759894,25.894778488759894,24.95882329526155,25.627363204956055,18000,0.0,0.0
2015-08-10 00:00:00+08:00,26.295903371768482,26.295903371768482,24.95882353930568,25.270809173583984,17000,0.0,0.0
2015-08-11 00:00:00+08:00,25.2708089264893,25.983917483422807,25.2708089264893,25.627363204956055,20000,0.0,0.0
2015-08-12 00:00:00+08:00,25.761070251464844,25.761070251464844,25.67193125886212,25.761070251464844,5000,0.0,0.0
2015-08-13 00:00:00+08:00,25.761070251464844,25.761070251464844,25.761070251464844,25.761070251464844,0,0.0,0.0
2015-08-14 00:00:00+08:00,25.805640240708684,25.805640240708684,25.047961364349106,25.538223266601562,25000,0.0,0.0
2015-08-17 00:00:00+08:00,25.493652548685727,25.493652548685727,24.513127123700755,25.13709831237793,13000,0.0,0.0
2015-08-18 00:00:00+08:00,27.45470169847096,27.45470169847096,24.958820344131677,25.13709831237793,60000,0.0,0.0
2015-08-19 00:00:00+08:00,24.513128056466748,25.894776412302782,24.513128056466748,25.04796028137207,17312,0.0,0.0
2015-08-20 00:00:00+08:00,25.53822348869345,25.53822348869345,24.513129329496913,25.359947204589844,13000,0.0,0.0
2015-08-21 00:00:00+08:00,24.914254648022546,25.627363204956055,24.914254648022546,25.627363204956055,10000,0.0,0.0
2015-08-24 00:00:00+08:00,25.62736312124277,25.62736312124277,24.11200531747793,24.86968421936035,38020,0.0,0.0
2015-08-25 00:00:00+08:00,25.449084754829954,25.449084754829954,24.067436313219105,24.825115203857422,53115,0.0,0.0
2015-08-26 00:00:00+08:00,26.760563303535392,26.760563303535392,24.26792598592497,25.39666748046875,265000,1.457637,0.0
2015-08-27 00:00:00+08:00,25.819945507606217,25.819945507606217,24.92635835826093,25.58479118347168,10000,0.0,0.0
2015-08-28 00:00:00+08:00,26.00806850164064,26.00806850164064,24.973389092317156,25.678852081298828,89100,0.0,0.0
2015-08-31 00:00:00+08:00,26.102130592321895,26.102130592321895,25.678852081298828,25.678852081298828,3000,0.0,0.0
2015-09-01 00:00:00+08:00,25.63182222520983,26.102130889892578,24.926359228185706,26.102130889892578,41000,0.0,0.0
2015-09-02 00:00:00+08:00,26.00806999206543,26.00806999206543,26.00806999206543,26.00806999206543,1000,0.0,0.0
2015-09-03 00:00:00+08:00,25.725885497935888,26.00806999206543,25.39666905872792,26.00806999206543,10000,0.0,0.0
2015-09-04 00:00:00+08:00,25.96103984107226,26.00806999206543,25.49073115479952,26.00806999206543,39000,0.0,0.0
2015-09-07 00:00:00+08:00,26.00806999206543,26.05510193714386,25.58479325087112,26.00806999206543,40000,0.0,0.0
2015-09-08 00:00:00+08:00,26.00806999206543,26.00806999206543,25.58479325087112,26.00806999206543,6000,0.0,0.0
2015-09-09 00:00:00+08:00,25.96103984107226,26.00806999206543,25.96103984107226,26.00806999206543,4000,0.0,0.0
2015-09-10 00:00:00+08:00,25.96103858947754,26.008068738203363,25.396667834341798,25.96103858947754,62000,0.0,0.0
2015-09-11 00:00:00+08:00,25.39666748046875,25.39666748046875,25.39666748046875,25.39666748046875,2000,0.0,0.0
2015-09-14 00:00:00+08:00,23.938711361261085,25.39666748046875,23.891679419105426,25.39666748046875,55000,0.0,0.0
2015-09-15 00:00:00+08:00,25.208543300016405,25.39666748046875,24.50308031444783,25.39666748046875,21000,0.0,0.0
2015-09-16 00:00:00+08:00,25.30260586947353,25.866976627434592,25.20854377746582,25.20854377746582,96000,0.0,0.0
2015-09-17 00:00:00+08:00,25.349636986249774,26.337284434925426,25.349636986249774,25.866975784301758,661250,0.0,0.0
2015-09-18 00:00:00+08:00,25.866976616520713,26.290255133334217,25.725884375611273,26.243223190307617,216142,0.0,0.0
2015-09-21 00:00:00+08:00,26.149160978466007,26.243223070002824,25.772914406403903,25.96103858947754,27000,0.0,0.0
2015-09-22 00:00:00+08:00,25.866975911009423,26.290254416278177,25.866975911009423,26.149160385131836,101000,0.0,0.0
2015-09-23 00:00:00+08:00,26.149160385131836,26.149160385131836,26.149160385131836,26.149160385131836,0,0.0,0.0
2015-09-24 00:00:00+08:00,26.10213154466728,26.14916169468124,25.72588496229993,26.05510139465332,27000,0.0,0.0
2015-09-25 00:00:00+08:00,26.008069450554135,26.05510139465332,25.631822868186788,26.05510139465332,63001,0.0,0.0
2015-09-29 00:00:00+08:00,26.05510139465332,26.05510139465332,26.05510139465332,26.05510139465332,0,0.0,0.0
2015-09-30 00:00:00+08:00,28.030395750429808,28.030395750429808,27.277902603149414,27.277902603149414,2102,0.0,0.0
2015-10-01 00:00:00+08:00,27.230871200561523,27.230871200561523,27.230871200561523,27.230871200561523,157,0.0,0.0
2015-10-02 00:00:00+08:00,27.183839797973633,27.183839797973633,27.183839797973633,27.183839797973633,53,0.0,0.0
2015-10-05 00:00:00+08:00,26.807594241354614,27.27790291225557,26.431347663450886,26.666501998901367,34260,0.0,0.0
2015-10-06 00:00:00+08:00,26.760564523759186,26.760564523759186,26.055101506023025,26.3372859954834,46000,0.0,0.0
2015-10-07 00:00:00+08:00,26.33728456393687,26.76056306920562,26.055100089814452,26.149160385131836,17000,0.0,0.0
2015-10-08 00:00:00+08:00,26.149160385131836,26.33728456393687,25.77291382160691,26.149160385131836,10000,0.0,0.0
2015-10-12 00:00:00+08:00,26.14916128752928,26.14916128752928,25.349637985229492,25.349637985229492,39000,0.0,0.0
2015-10-13 00:00:00+08:00,25.8199462890625,25.8199462890625,25.8199462890625,25.8199462890625,1000,0.0,0.0
2015-10-14 00:00:00+08:00,25.72588539123535,25.72588539123535,25.72588539123535,25.72588539123535,1000,0.0,0.0
2015-10-15 00:00:00+08:00,25.63182223367347,25.63182223367347,25.06745147705078,25.06745147705078,6000,0.0,0.0
2015-10-16 00:00:00+08:00,25.8669780274151,25.8669780274151,24.738236450402876,25.255577087402344,24000,0.0,0.0
2015-10-19 00:00:00+08:00,26.196194242714906,26.196194242714906,24.973390579223633,24.973390579223633,30052,0.0,0.0
2015-10-20 00:00:00+08:00,25.349637206998267,25.349637206998267,24.644174224919485,25.114482879638672,24000,0.0,0.0
2015-10-21 00:00:00+08:00,25.161513447459132,25.34963763012093,24.785266876220703,24.785266876220703,7000,0.0,0.0
2015-10-22 00:00:00+08:00,25.866976863016827,26.102131198135165,25.020421615407862,25.49073028564453,21000,0.0,0.0
2015-10-23 00:00:00+08:00,24.926359465353563,25.349637985229492,24.926359465353563,25.349637985229492,2000,0.0,0.0
2015-10-26 00:00:00+08:00,25.819945054063496,25.819945054063496,24.87932777404785,24.87932777404785,22150,0.0,0.0
2015-10-27 00:00:00+08:00,27.230873713642826,27.230873713642826,24.973390579223633,24.973390579223633,46000,0.0,0.0
2015-10-28 00:00:00+08:00,25.44369750267399,25.44369750267399,24.73823452059521,25.114482879638672,20000,0.0,0.0
2015-10-29 00:00:00+08:00,24.87932777404785,24.87932777404785,24.87932777404785,24.87932777404785,1000,0.0,0.0
2015-10-30 00:00:00+08:00,25.06745135612823,25.06745135612823,24.267926270943338,24.785266876220703,7000,0.0,0.0
2015-11-02 00:00:00+08:00,23.891679823524004,24.4090204314825,23.609495342154048,24.032772064208984,18000,0.0,0.0
2015-11-03 00:00:00+08:00,24.17386597369761,24.785266876220703,24.17386597369761,24.785266876220703,3000,0.0,0.0
2015-11-04 00:00:00+08:00,25.020421576649902,25.020421576649902,24.173866330352293,24.314958572387695,30000,0.0,0.0
2015-11-05 00:00:00+08:00,24.738236129289728,24.738236129289728,24.126835197213225,24.691205978393555,14000,0.0,0.0
2015-11-06 00:00:00+08:00,24.83229672450811,24.83229672450811,24.361988067626953,24.361988067626953,4000,0.0,0.0
2015-11-09 00:00:00+08:00,24.738234506579616,24.738234506579616,23.04512406818384,24.079803466796875,30000,0.0,0.0
2015-11-10 00:00:00+08:00,24.220895704315666,24.220895704315666,24.079803466796875,24.079803466796875,3000,0.0,0.0
2015-11-11 00:00:00+08:00,23.28027880073774,23.750587463378906,23.23324865210769,23.750587463378906,4000,0.0,0.0
2015-11-12 00:00:00+08:00,23.515433999451453,24.644175549059216,23.46840384908664,24.267927169799805,5000,0.0,0.0
2015-11-13 00:00:00+08:00,24.267927169799805,24.267927169799805,24.267927169799805,24.267927169799805,0,0.0,0.0
2015-11-16 00:00:00+08:00,24.314958592120533,24.314958592120533,23.2802791595459,23.2802791595459,43000,0.0,0.0
2015-11-17 00:00:00+08:00,23.374340892083005,24.267926274650122,23.139186560762422,23.750587463378906,44000,0.0,0.0
2015-11-18 00:00:00+08:00,24.079803466796875,24.079803466796875,24.079803466796875,24.079803466796875,1000,0.0,0.0
2015-11-19 00:00:00+08:00,24.079803466796875,24.079803466796875,24.079803466796875,24.079803466796875,0,0.0,0.0
2015-11-20 00:00:00+08:00,24.314958572387695,24.314958572387695,24.314958572387695,24.314958572387695,1350,0.0,0.0
2015-11-23 00:00:00+08:00,24.314958572387695,24.314958572387695,24.314958572387695,24.314958572387695,0,0.0,0.0
2015-11-24 00:00:00+08:00,25.114484113378865,25.114484113378865,23.985742568969727,23.985742568969727,2244,0.0,0.0
2015-11-25 00:00:00+08:00,23.18621658996649,23.938711522767562,22.480753599638394,23.468402862548828,21000,0.0,0.0
2015-11-26 00:00:00+08:00,24.126834095709405,24.126834095709405,22.66887795546761,23.891679763793945,18000,0.0,0.0
2015-11-27 00:00:00+08:00,23.938711082024327,23.938711082024327,22.762939453125,22.762939453125,5000,0.0,0.0
2015-11-30 00:00:00+08:00,23.186216588371163,23.186216588371163,21.86935269866635,22.43372344970703,38000,0.0,0.0
2015-12-01 00:00:00+08:00,22.99809475537426,22.99809475537426,22.151537711354926,22.38669204711914,9000,0.0,0.0
2015-12-02 00:00:00+08:00,22.621845400948704,22.621845400948704,21.728260040283203,21.728260040283203,21000,0.0,0.0
2015-12-03 00:00:00+08:00,22.01044639291431,22.01044639291431,20.787644513230013,21.587169647216797,30000,0.0,0.0
2015-12-04 00:00:00+08:00,21.069826974259435,21.446073532104492,20.787642504396917,21.446073532104492,16318,0.0,0.0
2015-12-07 00:00:00+08:00,21.540135987268616,22.01044464111328,21.540135987268616,22.01044464111328,10000,0.0,0.0
2015-12-08 00:00:00+08:00,21.916382488313005,22.19856875625696,21.634198014454174,21.869352340698242,48000,0.0,0.0
2015-12-09 00:00:00+08:00,22.010445781982195,22.010445781982195,21.069828425537782,21.775291442871094,17000,0.0,0.0
2015-12-10 00:00:00+08:00,21.728261292682962,22.292632065366657,21.399044859110372,21.775291442871094,15000,0.0,0.0
2015-12-11 00:00:00+08:00,22.151536363766514,22.151536363766514,21.163888931274414,21.163888931274414,15000,0.0,0.0
2015-12-14 00:00:00+08:00,21.728261236675085,21.728261236675085,21.634199142456055,21.634199142456055,6000,0.0,0.0
2015-12-15 00:00:00+08:00,21.163890891909077,21.86935392163938,20.317335615049767,21.304983139038086,61000,0.0,0.0
2015-12-16 00:00:00+08:00,22.151536500845893,22.151536500845893,20.693580416414378,21.446073532104492,121000,0.0,0.0
2015-12-17 00:00:00+08:00,22.05747539303372,22.05747539303372,21.02279605157536,21.210918426513672,35000,0.0,0.0
2015-12-18 00:00:00+08:00,21.16389078462177,21.446075277449292,21.022798538208008,21.022798538208008,19000,0.0,0.0
2015-12-21 00:00:00+08:00,20.975765525095376,21.493106127712444,20.975765525095376,21.399044036865234,15000,0.0,0.0
2015-12-22 00:00:00+08:00,21.02279819985624,21.163890443999193,20.31733518505627,20.45842742919922,36000,0.0,0.0
2015-12-23 00:00:00+08:00,20.270304285395138,20.41139833089329,19.941089630126953,19.941089630126953,43587,0.0,0.0
2015-12-24 00:00:00+08:00,19.941088547416644,20.740611860040698,19.941088547416644,20.31733512878418,18000,0.0,0.0
2015-12-25 00:00:00+08:00,20.881706012756233,20.92873616290395,20.317335240557508,20.599519729614258,47155,0.0,0.0
2015-12-28 00:00:00+08:00,20.552489649422494,21.916383743286133,20.552489649422494,21.916383743286133,5000,0.0,0.0
2015-12-29 00:00:00+08:00,21.916383743286133,21.916383743286133,21.916383743286133,21.916383743286133,0,0.0,0.0
2015-12-30 00:00:00+08:00,20.27030335094396,20.83467412466341,20.082180955760965,20.740612030029297,24307,0.0,0.0
2015-12-31 00:00:00+08:00,20.928736219297523,20.928736219297523,20.411397389937747,20.740612030029297,3000,0.0,0.0
2016-01-04 00:00:00+08:00,20.740612030029297,20.740612030029297,20.740612030029297,20.740612030029297,0,0.0,0.0
2016-01-05 00:00:00+08:00,20.45842742919922,20.45842742919922,20.45842742919922,20.45842742919922,1000,0.0,0.0
2016-01-06 00:00:00+08:00,20.411396026611328,20.411396026611328,20.411396026611328,20.411396026611328,1000,0.0,0.0
2016-01-07 00:00:00+08:00,19.988118471248377,20.03514862060547,18.812346796469058,20.03514862060547,42000,0.0,0.0
2016-01-08 00:00:00+08:00,19.752963960259454,20.78764338366151,19.61187171936035,19.61187171936035,11000,0.0,0.0
2016-01-11 00:00:00+08:00,19.61187171936035,19.61187171936035,19.61187171936035,19.61187171936035,0,0.0,0.0
2016-01-12 00:00:00+08:00,19.658903121948242,19.658903121948242,19.658903121948242,19.658903121948242,1000,0.0,0.0
2016-01-13 00:00:00+08:00,19.564839716533747,19.75296389988097,18.95343881178304,19.470779418945312,8000,0.0,0.0
2016-01-14 00:00:00+08:00,19.517809627399224,19.61187171936035,19.517809627399224,19.61187171936035,20000,0.0,0.0
2016-01-15 00:00:00+08:00,19.282655466380785,20.03514862060547,19.282655466380785,20.03514862060547,2000,0.0,0.0
2016-01-18 00:00:00+08:00,20.693581281116067,20.693581281116067,20.22327261563616,20.64655113220215,12000,0.0,0.0
2016-01-19 00:00:00+08:00,20.552488680438707,20.59951882852918,19.941087784836785,20.08218002319336,29102,0.0,0.0
2016-01-20 00:00:00+08:00,19.564838607317142,19.8470248663396,18.812345504760742,18.812345504760742,10000,0.0,0.0
2016-01-21 00:00:00+08:00,18.859376025657113,19.37671661376953,18.859376025657113,19.37671661376953,22102,0.0,0.0
2016-01-22 00:00:00+08:00,19.37671661376953,19.37671661376953,19.37671661376953,19.37671661376953,2000,0.0,0.0
2016-01-25 00:00:00+08:00,19.658903121948242,19.658903121948242,19.094532328276678,19.658903121948242,30000,0.0,0.0
2016-01-26 00:00:00+08:00,19.658903121948242,19.658903121948242,19.658903121948242,19.658903121948242,1000,0.0,0.0
2016-01-27 00:00:00+08:00,19.611870687104616,19.611870687104616,19.09453010559082,19.09453010559082,14030,0.0,0.0
2016-01-28 00:00:00+08:00,19.235625203558204,20.458427020481654,19.235625203558204,19.75296401977539,8000,0.0,0.0
2016-01-29 00:00:00+08:00,19.42374747606592,19.65890180820736,19.282655235598092,19.470779418945312,8000,0.0,0.0
2016-02-01 00:00:00+08:00,19.658903121948242,19.658903121948242,19.658903121948242,19.658903121948242,3000,0.0,0.0
2016-02-02 00:00:00+08:00,19.376718622155106,19.658903121948242,19.376718622155106,19.658903121948242,2050,0.0,0.0
2016-02-03 00:00:00+08:00,19.37671715363959,19.564839541215896,19.32968521118164,19.32968521118164,5000,0.0,0.0
2016-02-15 00:00:00+08:00,19.47077984657282,20.129210914578557,19.141563415527344,19.141563415527344,3000,0.0,0.0
2016-02-16 00:00:00+08:00,20.27030372619629,20.27030372619629,20.27030372619629,20.27030372619629,102,0.0,0.0
2016-02-17 00:00:00+08:00,20.270302471843195,20.270302471843195,19.282655006231263,20.2232723236084,35102,0.0,0.0
2016-02-18 00:00:00+08:00,19.79999416885507,19.79999416885507,19.75296401977539,19.75296401977539,9000,0.0,0.0
2016-02-19 00:00:00+08:00,19.75296401977539,19.75296401977539,19.75296401977539,19.75296401977539,2000,0.0,0.0
2016-02-22 00:00:00+08:00,19.28265652419563,19.75296521990772,19.28265652419563,19.658903121948242,11000,0.0,0.0
2016-02-23 00:00:00+08:00,19.658903121948242,19.658903121948242,19.658903121948242,19.658903121948242,0,0.0,0.0
2016-02-24 00:00:00+08:00,19.37671808779948,19.752964675176262,19.28265599243397,19.705934524536133,20000,0.0,0.0
2016-02-25 00:00:00+08:00,19.56483983528631,19.75296401977539,19.56483983528631,19.75296401977539,23100,0.0,0.0
2016-02-26 00:00:00+08:00,19.658901084314408,19.658901084314408,19.37671661376953,19.37671661376953,43150,0.0,0.0
2016-03-01 00:00:00+08:00,19.376717921738923,19.56484031677246,19.376717921738923,19.56484031677246,3072,0.0,0.0
2016-03-02 00:00:00+08:00,19.517810872051676,19.79999537184481,19.517810872051676,19.658903121948242,9000,0.0,0.0
2016-03-03 00:00:00+08:00,19.84702491760254,20.035147296685004,19.752962831018767,19.84702491760254,25100,0.0,0.0
2016-03-04 00:00:00+08:00,19.752964782714844,19.98811912536621,19.705934631818675,19.98811912536621,25184,0.0,0.0
2016-03-07 00:00:00+08:00,20.74061298616148,20.74061298616148,19.941089630126953,19.941089630126953,17000,0.0,0.0
2016-03-08 00:00:00+08:00,20.176240921020508,20.176240921020508,20.176240921020508,20.176240921020508,1000,0.0,0.0
2016-03-09 00:00:00+08:00,20.035149276262384,20.035149276262384,19.799994933611014,19.98811912536621,13300,0.0,0.0
2016-03-10 00:00:00+08:00,20.2232723236084,20.2232723236084,20.2232723236084,20.2232723236084,1000,0.0,0.0
2016-03-11 00:00:00+08:00,20.45842636501797,21.163889343122037,20.45842636501797,20.834672927856445,51000,0.0,0.0
2016-03-14 00:00:00+08:00,20.881704330444336,21.1638887967672,20.881704330444336,20.881704330444336,67100,0.0,0.0
2016-03-15 00:00:00+08:00,20.928736606739037,20.928736606739037,20.27030372619629,20.27030372619629,21000,0.0,0.0
2016-03-16 00:00:00+08:00,20.646551673847203,20.646551673847203,20.22327314617685,20.599519729614258,15000,0.0,0.0
2016-03-17 00:00:00+08:00,20.411396154701254,20.693580627441406,20.411396154701254,20.693580627441406,11000,0.0,0.0
2016-03-18 00:00:00+08:00,20.740612413988178,20.740612413988178,20.27030372619629,20.27030372619629,7000,0.0,0.0
2016-03-21 00:00:00+08:00,20.129210171283834,20.129210171283834,19.56483942377239,20.08218002319336,11100,0.0,0.0
2016-03-22 00:00:00+08:00,20.08218002319336,20.08218002319336,20.08218002319336,20.08218002319336,0,0.0,0.0
2016-03-23 00:00:00+08:00,19.658901278349617,19.894055604153046,19.658901278349617,19.79999351501465,13000,0.0,0.0
2016-03-24 00:00:00+08:00,19.611872429170624,19.705934524536133,19.56484048444525,19.705934524536133,6000,0.0,0.0
2016-03-25 00:00:00+08:00,19.37671755918017,20.03514862060547,19.37671755918017,20.03514862060547,8000,0.0,0.0
2016-03-28 00:00:00+08:00,20.03514862060547,20.03514862060547,20.03514862060547,20.03514862060547,0,0.0,0.0
2016-03-29 00:00:00+08:00,19.65890180820736,19.65890180820736,19.09453105225087,19.470779418945312,18000,0.0,0.0
2016-03-30 00:00:00+08:00,19.329685095149713,20.08218002319336,19.329685095149713,20.08218002319336,4000,0.0,0.0
2016-03-31 00:00:00+08:00,19.75296401977539,19.75296401977539,19.75296401977539,19.75296401977539,1661,0.0,0.0
2016-04-01 00:00:00+08:00,19.75296401977539,19.894056261099607,19.56483983528631,19.75296401977539,10000,0.0,0.0
2016-04-06 00:00:00+08:00,19.470778766965157,19.658901149927917,19.423746825660633,19.51780891418457,9000,0.0,0.0
2016-04-07 00:00:00+08:00,19.28265599243397,19.705934524536133,19.28265599243397,19.705934524536133,3000,0.0,0.0
2016-04-08 00:00:00+08:00,19.658903121948242,19.658903121948242,19.658903121948242,19.658903121948242,1000,0.0,0.0
2016-04-11 00:00:00+08:00,20.599518022102554,20.599518022102554,19.329684338434333,19.84702491760254,26000,0.0,0.0
2016-04-12 00:00:00+08:00,19.56484031677246,19.56484031677246,19.517810166535384,19.56484031677246,5000,0.0,0.0
2016-04-13 00:00:00+08:00,19.84702491760254,19.84702491760254,19.84702491760254,19.84702491760254,1052,0.0,0.0
2016-04-14 00:00:00+08:00,19.8470262290919,20.03514862060547,19.8470262290919,20.03514862060547,2000,0.0,0.0
2016-04-15 00:00:00+08:00,20.035149719700854,20.035149719700854,19.658903121948242,19.658903121948242,7000,0.0,0.0
2016-04-18 00:00:00+08:00,19.56483983528631,19.75296401977539,19.47077953712696,19.75296401977539,9000,0.0,0.0
2016-04-19 00:00:00+08:00,19.470779418945312,19.470779418945312,19.470779418945312,19.470779418945312,1001,0.0,0.0
2016-04-20 00:00:00+08:00,19.47077990397591,19.47077990397591,19.282655715942383,19.282655715942383,7000,0.0,0.0
2016-04-21 00:00:00+08:00,20.92873695918794,20.92873695918794,19.658903121948242,19.658903121948242,20000,0.0,0.0
2016-04-22 00:00:00+08:00,18.812345941382716,19.611871002708508,18.765315794163307,19.51780891418457,7000,0.0,0.0
2016-04-25 00:00:00+08:00,19.51780891418457,19.51780891418457,19.51780891418457,19.51780891418457,0,0.0,0.0
2016-04-26 00:00:00+08:00,20.223273915619806,20.223273915619806,19.658903121948242,19.658903121948242,2205,0.0,0.0
2016-04-27 00:00:00+08:00,19.705934355654154,19.705934355654154,19.56484031677246,19.56484031677246,10000,0.0,0.0
2016-04-28 00:00:00+08:00,19.56484031677246,19.56484031677246,19.56484031677246,19.56484031677246,0,0.0,0.0
2016-04-29 00:00:00+08:00,19.282654938874423,19.282654938874423,19.047500610351562,19.047500610351562,4000,0.0,0.0
2016-05-03 00:00:00+08:00,19.047501808668223,19.047501808668223,18.90640956149514,18.953439712524414,13000,0.0,0.0
2016-05-04 00:00:00+08:00,18.953439712524414,18.953439712524414,18.953439712524414,18.953439712524414,0,0.0,0.0
2016-05-05 00:00:00+08:00,18.953439712524414,18.953439712524414,18.953439712524414,18.953439712524414,0,0.0,0.0
2016-05-06 00:00:00+08:00,18.906408246884062,18.906408246884062,17.824698701657454,18.765316009521484,20000,0.0,0.0
2016-05-09 00:00:00+08:00,18.765316189157346,18.765316189157346,18.153913497924805,18.153913497924805,5000,0.0,0.0
2016-05-10 00:00:00+08:00,19.658903121948242,19.658903121948242,19.658903121948242,19.658903121948242,1000,0.0,0.0
2016-05-11 00:00:00+08:00,19.705934524536133,19.705934524536133,19.705934524536133,19.705934524536133,1000,0.0,0.0
2016-05-12 00:00:00+08:00,19.235624853074516,19.235624853074516,18.718284252198377,19.1885929107666,5003,0.0,0.0
2016-05-13 00:00:00+08:00,18.859375650888612,18.859375650888612,18.812345504760742,18.812345504760742,2000,0.0,0.0
2016-05-16 00:00:00+08:00,18.90640945367012,18.90640945367012,18.671255111694336,18.671255111694336,8050,0.0,0.0
2016-05-17 00:00:00+08:00,18.389069260150652,18.389069260150652,18.05985460886008,18.342039108276367,15212,0.0,0.0
2016-05-18 00:00:00+08:00,18.059853548911065,18.718284606933594,17.871729364284523,18.718284606933594,13000,0.0,0.0
2016-05-19 00:00:00+08:00,19.658903121948242,19.658903121948242,19.658903121948242,19.658903121948242,1000,0.0,0.0
2016-05-20 00:00:00+08:00,19.658903121948242,19.658903121948242,19.658903121948242,19.658903121948242,0,0.0,0.0
2016-05-23 00:00:00+08:00,18.389068929746823,18.953439712524414,18.389068929746823,18.953439712524414,13113,0.0,0.0
2016-05-24 00:00:00+08:00,19.988119875246117,19.988119875246117,18.906410217285156,18.906410217285156,4002,0.0,0.0
2016-05-25 00:00:00+08:00,19.376717029100597,19.376717029100597,18.76531613375819,19.047500610351562,18105,0.0,0.0
2016-05-26 00:00:00+08:00,20.45842588202663,20.45842588202663,19.047499959128242,19.09453010559082,8000,0.0,0.0
2016-05-27 00:00:00+08:00,19.047499959128242,19.09453010559082,19.047499959128242,19.09453010559082,16002,0.0,0.0
2016-05-30 00:00:00+08:00,20.129211090043544,20.129211090043544,18.81234714846784,19.56484031677246,22000,0.0,0.0
2016-05-31 00:00:00+08:00,18.906407966804665,19.611870937251965,18.81234587859467,19.37671661376953,20002,0.0,0.0
2016-06-01 00:00:00+08:00,18.906409777481464,19.235626220703125,18.812347680263095,19.235626220703125,47000,0.0,0.0
2016-06-02 00:00:00+08:00,18.953437872118,19.188592192601064,18.953437872118,19.09453010559082,5000,0.0,0.0
2016-06-03 00:00:00+08:00,19.1885929107666,19.1885929107666,19.1885929107666,19.1885929107666,1000,0.0,0.0
2016-06-06 00:00:00+08:00,19.1885929107666,19.1885929107666,19.1885929107666,19.1885929107666,0,0.0,0.0
2016-06-07 00:00:00+08:00,19.1885929107666,19.1885929107666,19.1885929107666,19.1885929107666,0,0.0,0.0
2016-06-08 00:00:00+08:00,18.8123481178787,18.906410217285156,18.71828601847224,18.906410217285156,4000,0.0,0.0
2016-06-13 00:00:00+08:00,18.906410217285156,18.906410217285156,18.906410217285156,18.906410217285156,0,0.0,0.0
2016-06-14 00:00:00+08:00,17.871728229522706,18.812345504760742,17.871728229522706,18.812345504760742,2041,0.0,0.0
2016-06-15 00:00:00+08:00,18.530160903930664,18.530160903930664,18.530160903930664,18.530160903930664,1000,0.0,0.0
2016-06-16 00:00:00+08:00,18.530162216392238,18.718284606933594,18.530162216392238,18.718284606933594,4000,0.0,0.0
2016-06-17 00:00:00+08:00,18.718284606933594,18.718284606933594,18.718284606933594,18.718284606933594,0,0.0,0.0
2016-06-20 00:00:00+08:00,18.71828601847224,18.906410217285156,18.48313166699876,18.906410217285156,5000,0.0,0.0
2016-06-21 00:00:00+08:00,18.906410217285156,18.906410217285156,18.906410217285156,18.906410217285156,0,0.0,0.0
2016-06-22 00:00:00+08:00,18.718284606933594,18.718284606933594,18.718284606933594,18.718284606933594,1000,0.0,0.0
2016-06-23 00:00:00+08:00,18.718284606933594,18.718284606933594,18.718284606933594,18.718284606933594,0,0.0,0.0
2016-06-24 00:00:00+08:00,18.577191185951232,18.812345504760742,18.53016103982336,18.812345504760742,3102,0.0,0.0
2016-06-27 00:00:00+08:00,18.812345504760742,18.812345504760742,18.812345504760742,18.812345504760742,1100,0.0,0.0
2016-06-28 00:00:00+08:00,18.812345504760742,18.812345504760742,18.812345504760742,18.812345504760742,0,0.0,0.0
2016-06-29 00:00:00+08:00,18.57719355697607,18.7182858074525,18.57719355697607,18.624223709106445,5102,0.0,0.0
2016-06-30 00:00:00+08:00,18.62422251462032,18.812346699246866,18.436100124078965,18.718284606933594,7000,0.0,0.0
2016-07-01 00:00:00+08:00,18.718284606933594,18.718284606933594,18.718284606933594,18.718284606933594,0,0.0,0.0
2016-07-04 00:00:00+08:00,18.342037503348614,18.765316009521484,18.342037503348614,18.765316009521484,2000,0.0,0.0
2016-07-05 00:00:00+08:00,18.765316009521484,18.765316009521484,18.765316009521484,18.765316009521484,0,0.0,0.0
2016-07-06 00:00:00+08:00,18.342039108276367,18.342039108276367,18.342039108276367,18.342039108276367,2000,0.0,0.0
2016-07-07 00:00:00+08:00,18.38906806320525,18.436100006103516,18.38906806320525,18.436100006103516,12000,0.0,0.0
2016-07-08 00:00:00+08:00,18.436100006103516,18.436100006103516,18.436100006103516,18.436100006103516,0,0.0,0.0
2016-07-11 00:00:00+08:00,18.20094579033838,18.765316550132823,18.20094579033838,18.718284606933594,23000,0.0,0.0
2016-07-12 00:00:00+08:00,18.436101206110227,18.85937795523466,18.342039108276367,18.342039108276367,12000,0.0,0.0
2016-07-13 00:00:00+08:00,18.295007824559942,18.577192306518555,18.200945732545343,18.577192306518555,22000,0.0,0.0
2016-07-14 00:00:00+08:00,18.530160903930664,18.530160903930664,18.530160903930664,18.530160903930664,6000,0.0,0.0
2016-07-15 00:00:00+08:00,18.342039208153587,18.624223709106445,18.247977109807536,18.624223709106445,22100,0.0,0.0
2016-07-18 00:00:00+08:00,18.389068824872243,18.671255111694336,18.389068824872243,18.671255111694336,9001,0.0,0.0
2016-07-19 00:00:00+08:00,18.577192306518555,18.577192306518555,18.577192306518555,18.577192306518555,2000,0.0,0.0
2016-07-20 00:00:00+08:00,18.43610076971855,18.671255111694336,17.96579208576698,18.671255111694336,19500,0.0,0.0
2016-07-21 00:00:00+08:00,18.389068180879736,18.718284606933594,18.342038031765693,18.718284606933594,22000,0.0,0.0
2016-07-22 00:00:00+08:00,18.483130920479606,18.671255111694336,18.483130920479606,18.671255111694336,2000,0.0,0.0
2016-07-25 00:00:00+08:00,19.1885929107666,19.1885929107666,19.1885929107666,19.1885929107666,1052,0.0,0.0
2016-07-26 00:00:00+08:00,18.530162865325913,18.671255111694336,18.389068824872243,18.671255111694336,15204,0.0,0.0
2016-07-27 00:00:00+08:00,18.38906812248936,18.577192306518555,18.38906812248936,18.577192306518555,7154,0.0,0.0
2016-07-28 00:00:00+08:00,18.34203797352465,18.577192306518555,18.295007824559942,18.577192306518555,5000,0.0,0.0
2016-07-29 00:00:00+08:00,18.624223709106445,18.624223709106445,18.624223709106445,18.624223709106445,1000,0.0,0.0
2016-08-01 00:00:00+08:00,18.34203791439216,18.436100006103516,18.295007765579072,18.436100006103516,7004,0.0,0.0
2016-08-02 00:00:00+08:00,18.765316009521484,18.765316009521484,18.765316009521484,18.765316009521484,1000,0.0,0.0
2016-08-03 00:00:00+08:00,18.765316009521484,18.765316009521484,18.765316009521484,18.765316009521484,0,0.0,0.0
2016-08-04 00:00:00+08:00,18.342038674111187,18.671255111694336,18.29500852335013,18.671255111694336,11050,0.0,0.0
2016-08-05 00:00:00+08:00,18.29500852335013,18.671255111694336,18.29500852335013,18.671255111694336,10953,0.0,0.0
2016-08-08 00:00:00+08:00,18.436100124078965,18.718284606933594,18.436100124078965,18.718284606933594,6200,0.0,0.0
2016-08-09 00:00:00+08:00,18.34203726580743,18.483129501342773,18.34203726580743,18.483129501342773,15052,0.0,0.0
2016-08-10 00:00:00+08:00,18.389069360283962,18.624223709106445,18.012822760985053,18.624223709106445,27000,0.0,0.0
2016-08-11 00:00:00+08:00,18.812347905798553,19.141564352967087,18.43610130649964,18.624223709106445,57000,0.0,0.0
2016-08-12 00:00:00+08:00,18.483129501342773,18.76531576649857,18.38906741295751,18.483129501342773,48000,0.0,0.0
2016-08-15 00:00:00+08:00,18.436100065539247,18.577192306518555,18.059853491566034,18.577192306518555,62000,0.0,0.0
2016-08-16 00:00:00+08:00,18.200944834112384,18.200944834112384,18.059852600097656,18.059852600097656,21050,0.0,0.0
2016-08-17 00:00:00+08:00,17.96579111100223,18.200945440219314,17.96579111100223,18.153913497924805,9000,0.0,0.0
2016-08-18 00:00:00+08:00,18.059853201506094,18.153913497924805,18.012821259211584,18.153913497924805,7105,0.0,0.0
2016-08-19 00:00:00+08:00,18.05985337422248,18.295007705688477,17.871729191415618,18.295007705688477,22000,0.0,0.0
2016-08-22 00:00:00+08:00,17.965791814622545,18.389068547339605,17.965791814622545,18.247976303100586,38000,0.0,0.0
2016-08-23 00:00:00+08:00,18.671255111694336,18.671255111694336,18.671255111694336,18.671255111694336,1102,0.0,0.0
2016-08-24 00:00:00+08:00,18.671255111694336,18.671255111694336,18.671255111694336,18.671255111694336,0,0.0,0.0
2016-08-25 00:00:00+08:00,18.436100006103516,18.436100006103516,18.436100006103516,18.436100006103516,350,0.0,0.0
2016-08-26 00:00:00+08:00,18.436100006103516,18.436100006103516,18.436100006103516,18.436100006103516,311,0.0,0.0
2016-08-29 00:00:00+08:00,18.624222769296733,18.624222769296733,18.436100376182903,17.965791702270508,5000,0.0,0.0
2016-08-30 00:00:00+08:00,18.386486256063655,18.483003616333008,18.338228496386744,18.483003616333008,9311,0.485879,0.0
2016-08-31 00:00:00+08:00,18.483003616333008,18.483003616333008,18.483003616333008,18.483003616333008,0,0.0,0.0
2016-09-01 00:00:00+08:00,18.338228496386744,18.483003616333008,17.6143510557399,18.483003616333008,31050,0.0,0.0
2016-09-02 00:00:00+08:00,16.649182205200194,18.09693717956543,16.649182205200194,18.09693717956543,106019,0.0,0.0
2016-09-05 00:00:00+08:00,18.67603973909606,18.724297502396233,18.000420007399608,18.19345474243164,72000,0.0,0.0
2016-09-06 00:00:00+08:00,18.48300487073563,18.48300487073563,18.000419877552375,18.14519500732422,24000,0.0,0.0
2016-09-07 00:00:00+08:00,18.09693717956543,18.09693717956543,18.09693717956543,18.09693717956543,1000,0.0,0.0
2016-09-08 00:00:00+08:00,18.19345474243164,18.19345474243164,18.19345474243164,18.19345474243164,1000,0.0,0.0
2016-09-09 00:00:00+08:00,17.759127380960745,18.14519500732422,17.759127380960745,18.14519500732422,7000,0.0,0.0
2016-09-12 00:00:00+08:00,18.14519500732422,18.14519500732422,18.14519500732422,18.14519500732422,0,0.0,0.0
2016-09-13 00:00:00+08:00,17.95216178894043,17.95216178894043,17.807386661794865,17.95216178894043,6000,0.0,0.0
2016-09-14 00:00:00+08:00,17.903902831110283,18.28997230529785,17.903902831110283,18.28997230529785,3000,0.0,0.0
2016-09-19 00:00:00+08:00,18.048679154009346,18.14519467816264,17.95216178894043,17.95216178894043,14050,0.0,0.0
2016-09-20 00:00:00+08:00,18.145195138215797,18.19345474243164,18.145195138215797,18.19345474243164,2784,0.0,0.0
2016-09-21 00:00:00+08:00,18.43474578857422,18.43474578857422,18.43474578857422,18.43474578857422,1000,0.0,0.0
2016-09-22 00:00:00+08:00,18.14519467816264,18.38648717037712,17.95216178894043,17.95216178894043,10110,0.0,0.0
2016-09-23 00:00:00+08:00,18.24171257019043,18.24171257019043,18.24171257019043,18.24171257019043,1000,0.0,0.0
2016-09-26 00:00:00+08:00,17.614351931657033,17.95216178894043,17.614351931657033,17.95216178894043,4000,0.0,0.0
2016-09-27 00:00:00+08:00,17.95216178894043,17.95216178894043,17.95216178894043,17.95216178894043,0,0.0,0.0
2016-09-28 00:00:00+08:00,17.95216178894043,17.95216178894043,17.95216178894043,17.95216178894043,0,0.0,0.0
2016-09-29 00:00:00+08:00,17.71086903467459,17.855644159678054,17.71086903467459,17.80738639831543,8000,0.0,0.0
2016-09-30 00:00:00+08:00,18.04867935180664,18.04867935180664,18.04867935180664,18.04867935180664,1000,0.0,0.0
2016-10-03 00:00:00+08:00,17.95216178894043,17.95216178894043,17.95216178894043,17.95216178894043,1000,0.0,0.0
2016-10-04 00:00:00+08:00,18.82081397348516,18.82081397348516,17.759126663208008,17.759126663208008,23600,0.0,0.0
2016-10-05 00:00:00+08:00,18.000419150047563,18.000419150047563,17.759126663208008,17.759126663208008,4000,0.0,0.0
2016-10-06 00:00:00+08:00,17.85564422607422,17.952161590073956,17.75912686207448,17.85564422607422,10000,0.0,0.0
2016-10-07 00:00:00+08:00,17.90390244661714,18.09693717956543,17.90390244661714,18.09693717956543,2000,0.0,0.0
2016-10-11 00:00:00+08:00,17.614351736532676,18.000419351616024,17.614351736532676,17.85564422607422,5000,0.0,0.0
2016-10-12 00:00:00+08:00,17.855644423871514,17.95216178894043,17.759127058802598,17.95216178894043,9000,0.0,0.0
2016-10-13 00:00:00+08:00,18.04867935180664,18.04867935180664,18.04867935180664,18.04867935180664,1000,0.0,0.0
2016-10-14 00:00:00+08:00,17.807386265125267,17.807386265125267,17.759126663208008,17.759126663208008,2000,0.0,0.0
2016-10-17 00:00:00+08:00,17.759126663208008,17.759126663208008,17.759126663208008,17.759126663208008,4000,0.0,0.0
2016-10-18 00:00:00+08:00,17.662609100341797,17.710868701712737,17.662609100341797,17.662609100341797,6000,0.0,0.0
2016-10-19 00:00:00+08:00,17.662609233713866,17.807386198004355,17.5660937120743,17.71086883544922,6205,0.0,0.0
2016-10-20 00:00:00+08:00,17.71086929672595,17.95216178894043,17.71086929672595,17.95216178894043,2000,0.0,0.0
2016-10-21 00:00:00+08:00,17.95216178894043,17.95216178894043,17.95216178894043,17.95216178894043,0,0.0,0.0
2016-10-24 00:00:00+08:00,17.95216178894043,17.95216178894043,17.95216178894043,17.95216178894043,0,0.0,0.0
2016-10-25 00:00:00+08:00,17.61435180167851,17.903902053833008,17.180024582531153,17.903902053833008,14000,0.0,0.0
2016-10-26 00:00:00+08:00,17.903901787128625,17.903901787128625,17.566093778285712,17.759126663208008,6000,0.0,0.0
2016-10-27 00:00:00+08:00,17.517833641486206,17.517833641486206,17.469575881958008,17.469575881958008,3000,0.0,0.0
2016-10-28 00:00:00+08:00,17.37306022644043,17.37306022644043,17.37306022644043,17.37306022644043,2000,0.0,0.0
2016-10-31 00:00:00+08:00,17.37305878939694,17.614351272583008,17.37305878939694,17.614351272583008,4000,0.0,0.0
2016-11-01 00:00:00+08:00,17.614351272583008,17.614351272583008,17.614351272583008,17.614351272583008,0,0.0,0.0
2016-11-02 00:00:00+08:00,16.986992207088033,17.373059835243648,16.986992207088033,17.180025100708008,10000,0.0,0.0
2016-11-03 00:00:00+08:00,17.662609100341797,17.662609100341797,17.662609100341797,17.662609100341797,1150,0.0,0.0
2016-11-04 00:00:00+08:00,17.662609100341797,17.662609100341797,17.662609100341797,17.662609100341797,0,0.0,0.0
2016-11-07 00:00:00+08:00,17.469575881958008,17.469575881958008,17.469575881958008,17.469575881958008,4000,0.0,0.0
2016-11-08 00:00:00+08:00,17.469575881958008,17.469575881958008,17.469575881958008,17.469575881958008,0,0.0,0.0
2016-11-09 00:00:00+08:00,16.890475158246172,17.32480239868164,16.79395778915877,17.32480239868164,3122,0.0,0.0
2016-11-10 00:00:00+08:00,17.32480239868164,17.32480239868164,17.32480239868164,17.32480239868164,3005,0.0,0.0
2016-11-11 00:00:00+08:00,17.27654266357422,17.27654266357422,16.84221726732526,17.27654266357422,7000,0.0,0.0
2016-11-14 00:00:00+08:00,16.98699168375232,17.13176680973598,16.890474319458008,16.890474319458008,5000,0.0,0.0
2016-11-15 00:00:00+08:00,16.890474385339218,16.938732147216797,16.842216623461635,16.938732147216797,9000,0.0,0.0
2016-11-16 00:00:00+08:00,16.89047471211429,17.08350944519043,16.89047471211429,17.08350944519043,12000,0.0,0.0
2016-11-17 00:00:00+08:00,16.93873208114736,16.93873208114736,16.890474319458008,16.890474319458008,30000,0.0,0.0
2016-11-18 00:00:00+08:00,16.600924132242504,16.938732147216797,16.600924132242504,16.938732147216797,9000,0.0,0.0
2016-11-21 00:00:00+08:00,16.697439525367887,16.84221649169922,16.697439525367887,16.84221649169922,3082,0.0,0.0
2016-11-22 00:00:00+08:00,16.745698995473045,16.793956756591797,16.745698995473045,16.793956756591797,8000,0.0,0.0
2016-11-23 00:00:00+08:00,16.793956756591797,16.793956756591797,16.69743939343871,16.793956756591797,21050,0.0,0.0
2016-11-24 00:00:00+08:00,16.793956756591797,16.793956756591797,16.793956756591797,16.793956756591797,0,0.0,0.0
2016-11-25 00:00:00+08:00,16.793956555724257,16.793956555724257,16.407888948645134,16.697439193725586,18000,0.0,0.0
2016-11-28 00:00:00+08:00,16.697439193725586,16.697439193725586,16.697439193725586,16.697439193725586,0,0.0,0.0
2016-11-29 00:00:00+08:00,16.456146642748784,16.649181365966797,16.456146642748784,16.649181365966797,6050,0.0,0.0
2016-11-30 00:00:00+08:00,16.69743939343871,16.793956756591797,16.69743939343871,16.793956756591797,8000,0.0,0.0
2016-12-01 00:00:00+08:00,16.793956756591797,16.793956756591797,16.793956756591797,16.793956756591797,0,0.0,0.0
2016-12-02 00:00:00+08:00,16.793956756591797,16.793956756591797,16.793956756591797,16.793956756591797,0,0.0,0.0
2016-12-05 00:00:00+08:00,16.793956756591797,16.793956756591797,16.793956756591797,16.793956756591797,0,0.0,0.0
2016-12-06 00:00:00+08:00,16.504406442368314,16.745698928833008,16.504406442368314,16.745698928833008,6050,0.0,0.0
2016-12-07 00:00:00+08:00,16.745698928833008,16.745698928833008,16.745698928833008,16.745698928833008,1000,0.0,0.0
2016-12-08 00:00:00+08:00,16.745698928833008,16.745698928833008,16.745698928833008,16.745698928833008,0,0.0,0.0
2016-12-09 00:00:00+08:00,16.552664269166872,16.793956756591797,16.552664269166872,16.793956756591797,5000,0.0,0.0
2016-12-12 00:00:00+08:00,16.89047425319926,16.89047425319926,16.45614703603647,16.84221649169922,4000,0.0,0.0
2016-12-13 00:00:00+08:00,16.504406310643805,16.697439193725586,16.504406310643805,16.697439193725586,4100,0.0,0.0
2016-12-14 00:00:00+08:00,16.504406176990937,16.600923538208008,16.504406176990937,16.600923538208008,12000,0.0,0.0
2016-12-15 00:00:00+08:00,16.40788914489503,16.793956756591797,16.40788914489503,16.793956756591797,2000,0.0,0.0
2016-12-16 00:00:00+08:00,16.456146240234375,16.552663599482585,16.456146240234375,16.456146240234375,5000,0.0,0.0
2016-12-19 00:00:00+08:00,16.649181365966797,16.649181365966797,16.649181365966797,16.649181365966797,1000,0.0,0.0
2016-12-20 00:00:00+08:00,16.649181365966797,16.649181365966797,16.40788888240206,16.649181365966797,9000,0.0,0.0
2016-12-21 00:00:00+08:00,16.649181365966797,16.649181365966797,16.649181365966797,16.649181365966797,0,0.0,0.0
2016-12-22 00:00:00+08:00,16.649181365966797,16.649181365966797,16.649181365966797,16.649181365966797,0,0.0,0.0
2016-12-23 00:00:00+08:00,16.263114992954044,16.552665258809206,16.263114992954044,16.311372756958008,10000,0.0,0.0
2016-12-26 00:00:00+08:00,16.40788888240206,16.649181365966797,16.26311376044633,16.649181365966797,6000,0.0,0.0
2016-12-27 00:00:00+08:00,16.649181365966797,16.649181365966797,16.649181365966797,16.649181365966797,0,0.0,0.0
2016-12-28 00:00:00+08:00,16.40789031982422,16.40789031982422,16.40789031982422,16.40789031982422,2000,0.0,0.0
2016-12-29 00:00:00+08:00,16.40789031982422,16.40789031982422,16.40789031982422,16.40789031982422,4000,0.0,0.0
2016-12-30 00:00:00+08:00,16.407888815773862,16.600923538208008,16.407888815773862,16.600923538208008,11219,0.0,0.0
2017-01-03 00:00:00+08:00,16.600923538208008,16.600923538208008,16.600923538208008,16.600923538208008,0,0.0,0.0
2017-01-04 00:00:00+08:00,16.50440604334061,16.552663803100586,16.21485396203414,16.552663803100586,8000,0.0,0.0
2017-01-05 00:00:00+08:00,16.793956756591797,16.793956756591797,16.793956756591797,16.793956756591797,1000,0.0,0.0
2017-01-06 00:00:00+08:00,16.89047405252871,16.89047405252871,16.504406442368314,16.745698928833008,4008,0.0,0.0
2017-01-09 00:00:00+08:00,16.45614703603647,16.84221649169922,16.45614703603647,16.84221649169922,14000,0.0,0.0
2017-01-10 00:00:00+08:00,16.64918163231996,16.793956756591797,16.50440650804812,16.793956756591797,12257,0.0,0.0
2017-01-11 00:00:00+08:00,16.890474119744884,16.890474119744884,16.600923871201207,16.793956756591797,7000,0.0,0.0
2017-01-12 00:00:00+08:00,16.504406310643805,16.697439193725586,16.504406310643805,16.697439193725586,10000,0.0,0.0
2017-01-13 00:00:00+08:00,16.745698727575803,16.745698727575803,16.504406244011065,16.649181365966797,15255,0.0,0.0
2017-01-16 00:00:00+08:00,16.456146575924624,16.745698659575844,16.456146575924624,16.600923538208008,6050,0.0,0.0
2017-01-17 00:00:00+08:00,16.84221649169922,16.84221649169922,16.84221649169922,16.84221649169922,1000,0.0,0.0
2017-01-18 00:00:00+08:00,17.035249378614992,17.035249378614992,16.6009240023678,16.84221649169922,16000,0.0,0.0
2017-01-19 00:00:00+08:00,16.84221649169922,16.84221649169922,16.84221649169922,16.84221649169922,0,0.0,0.0
2017-01-20 00:00:00+08:00,16.50440604334061,16.649181163536078,16.407888682905117,16.552663803100586,23000,0.0,0.0
2017-01-23 00:00:00+08:00,16.745698928833008,16.745698928833008,16.745698928833008,16.745698928833008,1000,0.0,0.0
2017-01-24 00:00:00+08:00,16.745698928833008,16.745698928833008,16.745698928833008,16.745698928833008,1110,0.0,0.0
2017-02-02 00:00:00+08:00,16.745698928833008,16.745698928833008,16.745698928833008,16.745698928833008,0,0.0,0.0
2017-02-03 00:00:00+08:00,16.649181433184033,16.697439193725586,16.407888948645134,16.697439193725586,7000,0.0,0.0
2017-02-06 00:00:00+08:00,16.697439193725586,16.697439193725586,16.697439193725586,16.697439193725586,2000,0.0,0.0
2017-02-07 00:00:00+08:00,16.504405975341797,16.504405975341797,16.407888615303964,16.504405975341797,7000,0.0,0.0
2017-02-08 00:00:00+08:00,16.504406442368314,16.745698928833008,16.407889079599318,16.745698928833008,37014,0.0,0.0
2017-02-09 00:00:00+08:00,17.083508981030636,17.083508981030636,16.552664399952157,16.84221649169922,32000,0.0,0.0
2017-02-10 00:00:00+08:00,17.035249393449853,18.09693671561576,17.035249393449853,17.85564422607422,58058,0.0,0.0
2017-02-13 00:00:00+08:00,18.338229852000286,19.399917211615016,18.338229852000286,19.20688247680664,324000,0.0,0.0
2017-02-14 00:00:00+08:00,19.54469153025447,19.54469153025447,18.77255630493164,18.77255630493164,105000,0.0,0.0
2017-02-15 00:00:00+08:00,18.77255617163647,19.206881542453274,18.72429656982422,18.72429656982422,11000,0.0,0.0
2017-02-16 00:00:00+08:00,18.917331761230027,19.013849126316455,18.53126414179995,18.96558952331543,38045,0.0,0.0
2017-02-17 00:00:00+08:00,18.965589056138747,18.965589056138747,18.72429656982422,18.72429656982422,32000,0.0,0.0
2017-02-20 00:00:00+08:00,18.82081366204596,18.82081366204596,18.53126341899609,18.57952117919922,24350,0.0,0.0
2017-02-21 00:00:00+08:00,18.579521379702044,18.67603874206543,18.579521379702044,18.67603874206543,5000,0.0,0.0
2017-02-22 00:00:00+08:00,18.676040068470073,18.676040068470073,18.38648796081543,18.38648796081543,46000,0.0,0.0
2017-02-23 00:00:00+08:00,18.38648652323619,18.627779006958008,18.33822876285805,18.627779006958008,14254,0.0,0.0
2017-02-24 00:00:00+08:00,18.67603900754516,18.82081413269043,18.434746518664515,18.82081413269043,6000,0.0,0.0
2017-03-01 00:00:00+08:00,18.627779405219673,18.82081413269043,18.627779405219673,18.82081413269043,2000,0.0,0.0
2017-03-02 00:00:00+08:00,18.724296768955053,19.11036438298097,18.627779405219673,18.82081413269043,126000,0.0,0.0
2017-03-03 00:00:00+08:00,18.86907189410032,18.9655892578357,18.82081413269043,18.82081413269043,25000,0.0,0.0
2017-03-06 00:00:00+08:00,18.82081413269043,18.82081413269043,18.82081413269043,18.82081413269043,0,0.0,0.0
2017-03-07 00:00:00+08:00,18.86907189410032,18.917331496425806,18.82081413269043,18.82081413269043,34155,0.0,0.0
2017-03-08 00:00:00+08:00,18.82081419886964,18.86907196044922,18.82081419886964,18.86907196044922,4000,0.0,0.0
2017-03-09 00:00:00+08:00,18.86907189410032,19.013848860161186,18.82081413269043,18.82081413269043,47050,0.0,0.0
2017-03-10 00:00:00+08:00,18.82081413269043,18.82081413269043,18.82081413269043,18.82081413269043,10000,0.0,0.0
2017-03-13 00:00:00+08:00,18.820813932533145,18.820813932533145,18.72429656982422,18.72429656982422,6000,0.0,0.0
2017-03-14 00:00:00+08:00,18.72429656982422,18.72429656982422,18.33822895990409,18.72429656982422,11000,0.0,0.0
2017-03-15 00:00:00+08:00,18.72429656982422,18.72429656982422,18.33822895990409,18.72429656982422,16000,0.0,0.0
2017-03-16 00:00:00+08:00,17.469576563141928,18.82081413269043,17.469576563141928,18.82081413269043,26000,0.0,0.0
2017-03-17 00:00:00+08:00,18.820814330805288,18.91733169555664,18.72429696605393,18.91733169555664,10466,0.0,0.0
2017-03-20 00:00:00+08:00,18.531264077466837,18.91733169555664,18.43474671271548,18.91733169555664,8000,0.0,0.0
2017-03-21 00:00:00+08:00,18.579521709140543,18.86907196044922,18.579521709140543,18.86907196044922,3016,0.0,0.0
2017-03-22 00:00:00+08:00,18.86907189410032,18.86907189410032,18.82081413269043,18.82081413269043,2000,0.0,0.0
2017-03-23 00:00:00+08:00,18.53126388239989,18.82081413269043,18.53126388239989,18.82081413269043,60110,0.0,0.0
2017-03-24 00:00:00+08:00,18.82081413269043,18.82081413269043,18.82081413269043,18.82081413269043,0,0.0,0.0
2017-03-27 00:00:00+08:00,18.9655892578357,18.9655892578357,18.82081413269043,18.82081413269043,4000,0.0,0.0
2017-03-28 00:00:00+08:00,18.82081406617097,18.82081406617097,18.483004214748888,18.77255630493164,8000,0.0,0.0
2017-03-29 00:00:00+08:00,18.48300381787741,18.676038540521024,18.434746057674282,18.57952117919922,17300,0.0,0.0
2017-03-30 00:00:00+08:00,20.26856927932877,20.26856927932877,18.869072092723158,18.91733169555664,70110,0.0,0.0
2017-03-31 00:00:00+08:00,18.917331562944398,18.917331562944398,18.62777947072012,18.86907196044922,5000,0.0,0.0
2017-04-05 00:00:00+08:00,18.869071146808988,18.869071146808988,18.43474578857422,18.43474578857422,19001,0.0,0.0
2017-04-06 00:00:00+08:00,18.434746256614755,18.67603874206543,18.434746256614755,18.67603874206543,2000,0.0,0.0
2017-04-07 00:00:00+08:00,18.48300408350969,18.72429656982422,18.48300408350969,18.72429656982422,3000,0.0,0.0
2017-04-10 00:00:00+08:00,18.724296368629844,18.724296368629844,18.33822876285805,18.627779006958008,34000,0.0,0.0
2017-04-11 00:00:00+08:00,18.627779859244157,19.06210708618164,18.627779859244157,19.06210708618164,2000,0.0,0.0
2017-04-12 00:00:00+08:00,19.062106888401857,19.15862425348828,18.96558952331543,18.96558952331543,28000,0.0,0.0
2017-04-13 00:00:00+08:00,18.820813730301683,19.20688133607348,18.627779006958008,18.627779006958008,18000,0.0,0.0
2017-04-14 00:00:00+08:00,18.48300401733866,18.724296502789336,18.434746256614755,18.67603874206543,26000,0.0,0.0
2017-04-17 00:00:00+08:00,18.096936016171128,18.483003616333008,18.096936016171128,18.483003616333008,3010,0.0,0.0
2017-04-18 00:00:00+08:00,18.531263486201723,18.627779006958008,18.434746124529887,18.627779006958008,5170,0.0,0.0
2017-04-19 00:00:00+08:00,20.22031087225444,20.22031087225444,18.627779006958008,18.627779006958008,20010,0.0,0.0
2017-04-20 00:00:00+08:00,18.579521709140543,18.86907196044922,18.531263947560962,18.86907196044922,8085,0.0,0.0
2017-04-21 00:00:00+08:00,18.86907196044922,18.86907196044922,18.86907196044922,18.86907196044922,0,0.0,0.0
2017-04-24 00:00:00+08:00,18.86907196044922,18.86907196044922,18.86907196044922,18.86907196044922,0,0.0,0.0
2017-04-25 00:00:00+08:00,18.86907196044922,18.86907196044922,18.86907196044922,18.86907196044922,0,0.0,0.0
2017-04-26 00:00:00+08:00,18.53126335144043,18.53126335144043,18.53126335144043,18.53126335144043,2102,0.0,0.0
2017-04-27 00:00:00+08:00,18.53126381690381,18.77255630493164,18.338229090115306,18.77255630493164,12000,0.0,0.0
2017-04-28 00:00:00+08:00,18.627780398791256,18.627780398791256,18.33823013305664,18.33823013305664,31000,0.0,0.0
2017-05-02 00:00:00+08:00,18.24171224314432,18.24171224314432,18.04867935180664,18.04867935180664,5000,0.0,0.0
2017-05-03 00:00:00+08:00,18.00042026242246,18.33823013305664,17.85564512955515,18.33823013305664,14000,0.0,0.0
2017-05-04 00:00:00+08:00,19.785983304608262,19.785983304608262,18.43474578857422,18.43474578857422,44000,0.0,0.0
2017-05-05 00:00:00+08:00,18.43474578857422,18.43474578857422,18.43474578857422,18.43474578857422,0,0.0,0.0
2017-05-08 00:00:00+08:00,18.096935949336828,18.43474578857422,18.096935949336828,18.43474578857422,15000,0.0,0.0
2017-05-09 00:00:00+08:00,18.627779006958008,18.627779006958008,18.627779006958008,18.627779006958008,1000,0.0,0.0
2017-05-10 00:00:00+08:00,18.627778939402347,18.627778939402347,18.048678453302603,18.57952117919922,5000,0.0,0.0
2017-05-11 00:00:00+08:00,18.57952117919922,18.57952117919922,18.57952117919922,18.57952117919922,0,0.0,0.0
2017-05-12 00:00:00+08:00,18.338228629500524,18.53126335144043,18.24171126853057,18.53126335144043,3100,0.0,0.0
2017-05-15 00:00:00+08:00,18.53126335144043,18.53126335144043,18.53126335144043,18.53126335144043,0,0.0,0.0
2017-05-16 00:00:00+08:00,17.903902955640056,18.38648796081543,17.373060186313428,18.38648796081543,36000,0.0,0.0
2017-05-17 00:00:00+08:00,18.04867992992523,18.38648796081543,18.04867992992523,18.38648796081543,8000,0.0,0.0
2017-05-18 00:00:00+08:00,18.38648796081543,18.38648796081543,18.38648796081543,18.38648796081543,0,0.0,0.0
2017-05-19 00:00:00+08:00,17.517835072635922,18.24171257019043,17.517835072635922,18.24171257019043,10000,0.0,0.0
2017-05-22 00:00:00+08:00,18.57952117919922,18.57952117919922,18.57952117919922,18.57952117919922,1001,0.0,0.0
2017-05-23 00:00:00+08:00,18.434745990470475,18.53126335144043,18.434745990470475,18.53126335144043,2000,0.0,0.0
2017-05-24 00:00:00+08:00,18.434746124529887,18.627779006958008,18.434746124529887,18.627779006958008,5000,0.0,0.0
2017-05-25 00:00:00+08:00,18.289972432512915,18.38648796081543,18.145195458227743,18.38648796081543,16000,0.0,0.0
2017-05-26 00:00:00+08:00,18.048679020825865,18.048679020825865,17.662609563399055,17.903902053833008,13300,0.0,0.0
2017-05-31 00:00:00+08:00,18.289970669162628,18.43474578857422,17.952160829925237,18.43474578857422,24102,0.0,0.0
2017-06-01 00:00:00+08:00,18.43474578857422,18.43474578857422,18.43474578857422,18.43474578857422,0,0.0,0.0
2017-06-02 00:00:00+08:00,18.096935949336828,18.43474578857422,18.04867818983814,18.43474578857422,23102,0.0,0.0
2017-06-05 00:00:00+08:00,18.57952090798581,18.77255562781161,17.903901229511025,18.43474578857422,29010,0.0,0.0
2017-06-06 00:00:00+08:00,18.28997230529785,18.28997230529785,18.28997230529785,18.28997230529785,2000,0.0,0.0
2017-06-07 00:00:00+08:00,18.33823013305664,18.48300526592395,18.048679867322022,18.33823013305664,18016,0.0,0.0
2017-06-08 00:00:00+08:00,18.096936016171128,18.483003616333008,18.096936016171128,18.483003616333008,3291,0.0,0.0
2017-06-09 00:00:00+08:00,18.14519500732422,18.14519500732422,18.04867948142009,18.14519500732422,47000,0.0,0.0
2017-06-12 00:00:00+08:00,18.145195202333362,18.386487701518195,18.048679675391966,18.24171257019043,14000,0.0,0.0
2017-06-13 00:00:00+08:00,18.048678256494217,18.483003616333008,18.048678256494217,18.483003616333008,21102,0.0,0.0
2017-06-14 00:00:00+08:00,18.145195202333362,18.338229938047498,18.048679675391966,18.24171257019043,9000,0.0,0.0
2017-06-15 00:00:00+08:00,18.14519500732422,18.14519500732422,18.14519500732422,18.14519500732422,3000,0.0,0.0
2017-06-16 00:00:00+08:00,17.85564461955332,18.04867935180664,17.85564461955332,18.04867935180664,9000,0.0,0.0
2017-06-19 00:00:00+08:00,18.38648796081543,18.38648796081543,18.38648796081543,18.38648796081543,1010,0.0,0.0
2017-06-20 00:00:00+08:00,18.33823019666417,18.434747565882386,18.145195458227743,18.38648796081543,6000,0.0,0.0
2017-06-21 00:00:00+08:00,18.096937694076484,18.38648796081543,18.04867992992523,18.38648796081543,9262,0.0,0.0
2017-06-22 00:00:00+08:00,18.145193708835517,18.43474578857422,18.096935949336828,18.43474578857422,14000,0.0,0.0
2017-06-23 00:00:00+08:00,18.48300487073563,18.53126447460335,18.14519500732422,18.14519500732422,36100,0.0,0.0
2017-06-26 00:00:00+08:00,18.04867818983814,18.43474578857422,18.04867818983814,18.43474578857422,15050,0.0,0.0
2017-06-27 00:00:00+08:00,18.24171126853057,18.53126335144043,17.759126304596347,18.53126335144043,11000,0.0,0.0
2017-06-28 00:00:00+08:00,18.531264870823513,18.531264870823513,18.33823013305664,18.33823013305664,3000,0.0,0.0
2017-06-29 00:00:00+08:00,17.952162560707013,18.38648796081543,17.952162560707013,18.38648796081543,21230,0.0,0.0
2017-06-30 00:00:00+08:00,18.04867992992523,18.38648796081543,18.04867992992523,18.38648796081543,11410,0.0,0.0
2017-07-03 00:00:00+08:00,18.57952097660236,18.57952097660236,18.386486256063655,18.483003616333008,7000,0.0,0.0
2017-07-04 00:00:00+08:00,18.338228496386744,18.483003616333008,18.338228496386744,18.483003616333008,3000,0.0,0.0
2017-07-05 00:00:00+08:00,18.145195332019668,18.338230069113454,18.048679804388463,18.28997230529785,19000,0.0,0.0
2017-07-06 00:00:00+08:00,18.241712764173204,19.39991750894306,18.241712764173204,18.33823013305664,52000,0.0,0.0
2017-07-07 00:00:00+08:00,18.38648796081543,18.38648796081543,18.38648796081543,18.38648796081543,1000,0.0,0.0
2017-07-10 00:00:00+08:00,18.14519377584804,18.724296096548624,18.14519377584804,18.483003616333008,26000,0.0,0.0
2017-07-11 00:00:00+08:00,18.241712505731815,18.241712505731815,18.19345474243164,18.19345474243164,10000,0.0,0.0
2017-07-12 00:00:00+08:00,18.048678712692887,18.72429656982422,18.048678712692887,18.72429656982422,14492,0.0,0.0
2017-07-13 00:00:00+08:00,18.33822876285805,18.627779006958008,18.241711401186212,18.627779006958008,8000,0.0,0.0
2017-07-14 00:00:00+08:00,18.241712374144,18.338229740963783,18.14519500732422,18.14519500732422,15000,0.0,0.0
2017-07-17 00:00:00+08:00,18.096936169427888,18.096936169427888,17.855643687168847,17.56609344482422,50102,0.0,0.0
2017-07-18 00:00:00+08:00,17.6626089649954,17.6626089649954,17.37305872265077,17.56609344482422,27500,0.0,0.0
2017-07-19 00:00:00+08:00,17.56609344482422,17.56609344482422,17.56609344482422,17.56609344482422,0,0.0,0.0
2017-07-20 00:00:00+08:00,17.42131805419922,17.42131805419922,17.42131805419922,17.42131805419922,1000,0.0,0.0
2017-07-21 00:00:00+08:00,17.56609344482422,17.56609344482422,17.56609344482422,17.56609344482422,4000,0.0,0.0
2017-07-24 00:00:00+08:00,17.373060162767494,17.373060162767494,17.32480239868164,17.32480239868164,4000,0.0,0.0
2017-07-25 00:00:00+08:00,17.180024838315738,17.180024838315738,16.890474581850274,17.035249710083008,23050,0.0,0.0
2017-07-26 00:00:00+08:00,17.08350957435585,17.180025100708008,17.08350957435585,17.180025100708008,2096,0.0,0.0
2017-07-27 00:00:00+08:00,17.517833709716797,17.517833709716797,17.517833709716797,17.517833709716797,1000,0.0,0.0
2017-07-28 00:00:00+08:00,17.228285092736566,17.37306022644043,17.228285092736566,17.37306022644043,2000,0.0,0.0
2017-07-31 00:00:00+08:00,17.180024368288564,17.180024368288564,16.793956756591797,16.793956756591797,55000,0.0,0.0
2017-08-01 00:00:00+08:00,16.89047405252871,16.89047405252871,16.69743932699072,16.745698928833008,44105,0.0,0.0
2017-08-02 00:00:00+08:00,16.69743939343871,16.793956756591797,16.40788914489503,16.793956756591797,15000,0.0,0.0
2017-08-03 00:00:00+08:00,16.79395702066844,17.13176687655835,16.79395702066844,16.938732147216797,4000,0.0,0.0
2017-08-04 00:00:00+08:00,16.697439193725586,16.793956555724257,16.456146709186687,16.697439193725586,32000,0.0,0.0
2017-08-07 00:00:00+08:00,16.793956756591797,16.793956756591797,16.793956756591797,16.793956756591797,1918,0.0,0.0
2017-08-08 00:00:00+08:00,16.745698795182705,16.745698795182705,16.697439193725586,16.697439193725586,2000,0.0,0.0
2017-08-09 00:00:00+08:00,16.697439193725586,16.697439193725586,16.697439193725586,16.697439193725586,1000,0.0,0.0
2017-08-10 00:00:00+08:00,16.504406638452114,16.84221649169922,16.407889274536426,16.84221649169922,4150,0.0,0.0
2017-08-11 00:00:00+08:00,16.69743885450194,16.69743885450194,16.311371255266128,16.504405975341797,29100,0.0,0.0
2017-08-14 00:00:00+08:00,16.26311336265347,16.552663599482585,16.26311336265347,16.456146240234375,14000,0.0,0.0
2017-08-15 00:00:00+08:00,15.20142677178597,15.780529112227601,15.20142677178597,15.34620189666748,54250,0.0,0.0
2017-08-16 00:00:00+08:00,15.297943968729752,15.297943968729752,15.008392801662549,15.249685287475586,7002,0.0,0.0
2017-08-17 00:00:00+08:00,15.008392965124692,15.34620189666748,14.960134283344923,15.34620189666748,33200,0.0,0.0
2017-08-18 00:00:00+08:00,15.104909506005411,15.394460678100586,15.05665174437105,15.394460678100586,4000,0.0,0.0
2017-08-21 00:00:00+08:00,15.249685287475586,15.249685287475586,14.960134120408384,15.249685287475586,5001,0.0,0.0
2017-08-22 00:00:00+08:00,15.249685287475586,15.249685287475586,15.056651482916713,15.249685287475586,6102,0.0,0.0
2017-08-23 00:00:00+08:00,15.153168669471867,15.635754585266113,15.153168669471867,15.635754585266113,7050,0.0,0.0
2017-08-24 00:00:00+08:00,15.587494652507747,15.587494652507747,15.346202159927392,15.49097728729248,7000,0.0,0.0
2017-08-25 00:00:00+08:00,15.442719525142659,15.49097728729248,15.442719525142659,15.49097728729248,3000,0.0,0.0
2017-08-28 00:00:00+08:00,15.249686045590234,15.249686045590234,15.10490999463042,15.153168678283691,8000,0.0,0.0
2017-08-29 00:00:00+08:00,15.7805295170306,15.7805295170306,15.249685844751506,15.539237022399902,52000,0.0,0.0
2017-08-30 00:00:00+08:00,15.539236890357925,15.973562272453188,15.394460842535025,15.49097728729248,33200,0.0,0.0
2017-08-31 00:00:00+08:00,15.442719193161464,15.442719193161464,15.249685387338504,15.297944068908691,16150,0.0,0.0
2017-09-01 00:00:00+08:00,15.780529583036923,15.780529583036923,15.346202354518725,15.587494850158691,6000,0.0,0.0
2017-09-04 00:00:00+08:00,15.587494652507747,15.587494652507747,15.29794439777757,15.49097728729248,9000,0.0,0.0
2017-09-05 00:00:00+08:00,15.684012150995192,15.684012150995192,15.442719656364497,15.539237022399902,4050,0.0,0.0
2017-09-06 00:00:00+08:00,15.684012216597807,15.684012216597807,15.442719720957841,15.587494850158691,4000,0.0,0.0
2017-09-07 00:00:00+08:00,15.635754585266113,15.635754585266113,15.442719850765283,15.635754585266113,18015,0.0,0.0
2017-09-08 00:00:00+08:00,15.780529022216797,15.925304146272522,15.539236535152062,15.780529022216797,24000,0.0,0.0
2017-09-11 00:00:00+08:00,15.828786783263512,15.828786783263512,15.539236535152062,15.780529022216797,36052,0.0,0.0
2017-09-12 00:00:00+08:00,15.68401234843349,15.732270111600867,15.490977613932658,15.635754585266113,23102,0.0,0.0
2017-09-13 00:00:00+08:00,15.68401234843349,15.68401234843349,15.442719850765283,15.635754585266113,36000,0.0,0.0
2017-09-14 00:00:00+08:00,15.684011951088905,15.684011951088905,15.442719459533691,15.442719459533691,7000,0.0,0.0
2017-09-15 00:00:00+08:00,15.877047082934322,16.26311471102032,15.539237218015698,15.635754585266113,32000,0.0,0.0
2017-09-18 00:00:00+08:00,15.780529583036923,15.780529583036923,15.442719720957841,15.587494850158691,3355,0.0,0.0
2017-09-19 00:00:00+08:00,15.346202354518725,15.587494850158691,15.346202354518725,15.587494850158691,2000,0.0,0.0
2017-09-20 00:00:00+08:00,15.635754453836073,15.635754453836073,15.587494850158691,15.587494850158691,21402,0.0,0.0
2017-09-21 00:00:00+08:00,15.684012216597807,15.684012216597807,15.346202354518725,15.587494850158691,15000,0.0,0.0
2017-09-22 00:00:00+08:00,15.587494981183074,15.635754585266113,15.587494981183074,15.635754585266113,2000,0.0,0.0
2017-09-25 00:00:00+08:00,15.587494586283697,15.587494586283697,15.153168285575873,15.442719459533691,15000,0.0,0.0
2017-09-26 00:00:00+08:00,15.684011951088905,15.684011951088905,15.249685650381082,15.442719459533691,5000,0.0,0.0
2017-09-27 00:00:00+08:00,15.442719656364497,15.587494784959787,15.442719656364497,15.539237022399902,12000,0.0,0.0
2017-09-28 00:00:00+08:00,15.635754189144109,15.635754189144109,15.442719459533691,15.442719459533691,3000,0.0,0.0
2017-09-29 00:00:00+08:00,15.587494850158691,15.587494850158691,15.249685908537433,15.587494850158691,4000,0.0,0.0
2017-10-02 00:00:00+08:00,15.635754585266113,15.780529715683906,15.442719850765283,15.635754585266113,18000,0.0,0.0
2017-10-03 00:00:00+08:00,15.732269713033702,15.732269713033702,15.442719459533691,15.442719459533691,24000,0.0,0.0
2017-10-05 00:00:00+08:00,15.635754255573191,15.635754255573191,15.442719525142659,15.49097728729248,8100,0.0,0.0
2017-10-06 00:00:00+08:00,15.635754453836073,15.635754453836073,15.297944591756991,15.587494850158691,4052,0.0,0.0
2017-10-11 00:00:00+08:00,15.44271991436298,15.684012413024902,15.44271991436298,15.684012413024902,3000,0.0,0.0
2017-10-12 00:00:00+08:00,15.539236890357925,15.539236890357925,15.394460842535025,15.49097728729248,6150,0.0,0.0
2017-10-13 00:00:00+08:00,15.201426705768316,15.297944068908691,15.201426705768316,15.297944068908691,7000,0.0,0.0
2017-10-16 00:00:00+08:00,15.153168024198129,15.297944068908691,15.153168024198129,15.297944068908691,2000,0.0,0.0
2017-10-17 00:00:00+08:00,15.49097695427386,15.49097695427386,15.201426705768316,15.297944068908691,8100,0.0,0.0
2017-10-18 00:00:00+08:00,15.539237022399902,15.539237022399902,15.346202290329092,15.539237022399902,4000,0.0,0.0
2017-10-19 00:00:00+08:00,15.34620189666748,15.34620189666748,15.34620189666748,15.34620189666748,1000,0.0,0.0
2017-10-20 00:00:00+08:00,15.201426967978477,15.442719459533691,15.201426967978477,15.442719459533691,2360,0.0,0.0
2017-10-23 00:00:00+08:00,15.201426705768316,15.297944068908691,15.201426705768316,15.297944068908691,2270,0.0,0.0
2017-10-24 00:00:00+08:00,15.056651383691854,15.20142650604248,15.00839270275572,15.20142650604248,11000,0.0,0.0
2017-10-25 00:00:00+08:00,15.056652133967537,15.104909896850586,14.960134767285789,15.104909896850586,6000,0.0,0.0
2017-10-26 00:00:00+08:00,15.29794386791475,15.29794386791475,15.10490914417021,15.20142650604248,14050,0.0,0.0
2017-10-27 00:00:00+08:00,15.056652069091797,15.394461010106722,14.96013470282592,15.056652069091797,20000,0.0,0.0
2017-10-30 00:00:00+08:00,15.056652231434981,15.297944729243504,15.00839354778171,15.153168678283691,4000,0.0,0.0
2017-10-31 00:00:00+08:00,15.732269913555076,15.732269913555076,15.539237022399902,15.539237022399902,7001,0.0,0.0
2017-11-01 00:00:00+08:00,15.587494586283697,15.587494586283697,15.153168285575873,15.442719459533691,7000,0.0,0.0
2017-11-02 00:00:00+08:00,15.587494586283697,15.587494586283697,15.442719459533691,15.442719459533691,2551,0.0,0.0
2017-11-03 00:00:00+08:00,15.2496855522819,15.394460678100586,15.201426870189737,15.394460678100586,3000,0.0,0.0
2017-11-06 00:00:00+08:00,15.394460309329242,15.394460309329242,15.153167825106344,15.20142650604248,5000,0.0,0.0
2017-11-07 00:00:00+08:00,15.732269913555076,15.732269913555076,15.539237022399902,15.539237022399902,3105,0.0,0.0
2017-11-08 00:00:00+08:00,15.104909667347039,15.49097728729248,15.104909667347039,15.49097728729248,2000,0.0,0.0
2017-11-09 00:00:00+08:00,15.249686036722283,15.635754585266113,15.249686036722283,15.635754585266113,2000,0.0,0.0
2017-11-10 00:00:00+08:00,15.635754453836073,15.635754453836073,15.442719720957841,15.587494850158691,4000,0.0,0.0
2017-11-13 00:00:00+08:00,15.732269913555076,15.732269913555076,15.539237022399902,15.539237022399902,7000,0.0,0.0
2017-11-14 00:00:00+08:00,15.539236600643795,15.877046452141276,15.539236600643795,15.828786849975586,24000,0.0,0.0
2017-11-15 00:00:00+08:00,15.684011748668064,15.828786873549575,15.24968545356574,15.34620189666748,42152,0.0,0.0
2017-11-16 00:00:00+08:00,15.780529382938278,15.780529382938278,15.442719525142659,15.49097728729248,8665,0.0,0.0
2017-11-17 00:00:00+08:00,15.20142677178597,15.49097702154899,15.20142677178597,15.34620189666748,9001,0.0,0.0
2017-11-20 00:00:00+08:00,15.153168678283691,15.153168678283691,15.153168678283691,15.153168678283691,2001,0.0,0.0
2017-11-21 00:00:00+08:00,15.153168678283691,15.153168678283691,15.00839354778171,15.153168678283691,7019,0.0,0.0
2017-11-22 00:00:00+08:00,14.622324290225396,15.39446042987648,14.622324290225396,14.76710033416748,20253,0.0,0.0
2017-11-23 00:00:00+08:00,14.767100890751989,15.056652069091797,14.767100890751989,15.056652069091797,8019,0.0,0.0
2017-11-24 00:00:00+08:00,14.815359379187173,14.960134506225586,14.477549522153794,14.960134506225586,11000,0.0,0.0
2017-11-27 00:00:00+08:00,14.81535947684907,15.008393287658691,14.76710079403221,15.008393287658691,3000,0.0,0.0
2017-11-28 00:00:00+08:00,15.104909896850586,15.104909896850586,15.008393450626663,15.104909896850586,5152,0.0,0.0
2017-11-29 00:00:00+08:00,15.104909896850586,15.104909896850586,15.104909896850586,15.104909896850586,2019,0.0,0.0
2017-11-30 00:00:00+08:00,14.815359181960865,14.863616943359375,14.477549329424507,14.863616943359375,33100,0.0,0.0
2017-12-01 00:00:00+08:00,14.670583724975586,14.670583724975586,14.477549910263638,14.670583724975586,19000,0.0,0.0
2017-12-04 00:00:00+08:00,14.670583561837477,14.670583561837477,14.47754974927208,14.574067115783691,11102,0.0,0.0
2017-12-05 00:00:00+08:00,14.47754974927208,14.574067115783691,14.33277461996249,14.574067115783691,9624,0.0,0.0
2017-12-06 00:00:00+08:00,14.574067115783691,14.574067115783691,14.574067115783691,14.574067115783691,0,0.0,0.0
2017-12-07 00:00:00+08:00,14.525808334350586,14.525808334350586,14.525808334350586,14.525808334350586,3000,0.0,0.0
2017-12-08 00:00:00+08:00,14.525808334350586,14.525808334350586,14.525808334350586,14.525808334350586,0,0.0,0.0
2017-12-11 00:00:00+08:00,15.973561772132006,15.973561772132006,15.58749416427891,15.732269287109375,429512,0.0,0.0
2017-12-12 00:00:00+08:00,15.104909432183117,15.346201921006859,14.525808011280816,14.863616943359375,201052,0.0,0.0
2017-12-13 00:00:00+08:00,14.81535947684907,15.008393287658691,14.81535947684907,15.008393287658691,15000,0.0,0.0
2017-12-14 00:00:00+08:00,15.008393188724328,15.39446080779864,14.960134506225586,14.960134506225586,34898,0.0,0.0
2017-12-15 00:00:00+08:00,15.05665187122307,15.104909633264,14.76710069668843,14.960134506225586,18000,0.0,0.0
2017-12-18 00:00:00+08:00,15.153168215227497,15.153168215227497,14.57406679045814,14.91187572479248,33001,0.0,0.0
2017-12-19 00:00:00+08:00,14.863616943359375,14.863616943359375,14.815359181960865,14.863616943359375,12000,0.0,0.0
2017-12-20 00:00:00+08:00,14.91187572479248,14.91187572479248,14.767100598714592,14.91187572479248,4000,0.0,0.0
2017-12-21 00:00:00+08:00,14.96013470282592,15.056652069091797,14.815359573884928,15.056652069091797,7000,0.0,0.0
2017-12-22 00:00:00+08:00,15.104909896850586,15.104909896850586,15.104909896850586,15.104909896850586,5722,0.0,0.0
2017-12-25 00:00:00+08:00,15.104909732834596,15.104909732834596,14.960134604841832,15.008393287658691,6000,0.0,0.0
2017-12-26 00:00:00+08:00,15.008392921703392,15.104909364525897,14.670583070680136,14.815359115600586,25000,0.0,0.0
2017-12-27 00:00:00+08:00,14.767100433960435,14.815359115600586,14.718841752320285,14.815359115600586,18000,0.0,0.0
2017-12-28 00:00:00+08:00,14.815358914705909,14.815358914705909,14.670582871748609,14.718841552734375,14000,0.0,0.0
2017-12-29 00:00:00+08:00,14.718841552734375,14.718841552734375,14.670582871748609,14.718841552734375,27000,0.0,0.0
2018-01-02 00:00:00+08:00,14.76710033416748,14.76710033416748,14.574066529369157,14.76710033416748,24000,0.0,0.0
2018-01-03 00:00:00+08:00,14.622324190762841,14.718841552734375,14.622324190762841,14.718841552734375,15000,0.0,0.0
2018-01-04 00:00:00+08:00,14.718841652853452,14.76710033416748,14.670582971539424,14.76710033416748,12205,0.0,0.0
2018-01-05 00:00:00+08:00,14.76710033416748,14.76710033416748,14.718841652853452,14.76710033416748,32200,0.0,0.0
2018-01-08 00:00:00+08:00,14.76710033416748,14.815359015481508,14.718841652853452,14.76710033416748,25068,0.0,0.0
2018-01-09 00:00:00+08:00,14.767100993953074,14.767100993953074,14.62232494354248,14.62232494354248,10000,0.0,0.0
2018-01-10 00:00:00+08:00,14.62232494354248,14.62232494354248,14.62232494354248,14.62232494354248,8150,0.0,0.0
2018-01-11 00:00:00+08:00,14.574067115783691,14.670583561837477,14.574067115783691,14.574067115783691,13000,0.0,0.0
2018-01-12 00:00:00+08:00,14.525808497059913,14.62232494354248,14.525808497059913,14.62232494354248,26270,0.0,0.0
2018-01-15 00:00:00+08:00,14.57406701728022,14.57406701728022,14.525808334350586,14.525808334350586,10000,0.0,0.0
2018-01-16 00:00:00+08:00,14.57406727784853,14.670583724975586,14.57406727784853,14.670583724975586,4100,0.0,0.0
2018-01-17 00:00:00+08:00,14.670583561837477,14.670583561837477,14.574067115783691,14.574067115783691,12000,0.0,0.0
2018-01-18 00:00:00+08:00,14.57406727784853,14.670583724975586,14.57406727784853,14.670583724975586,21250,0.0,0.0
2018-01-19 00:00:00+08:00,14.62232494354248,14.62232494354248,14.525808497059913,14.62232494354248,8200,0.0,0.0
2018-01-22 00:00:00+08:00,14.62232494354248,14.62232494354248,14.62232494354248,14.62232494354248,6,0.0,0.0
2018-01-23 00:00:00+08:00,14.622324878581672,14.622324878581672,14.47754974927208,14.574067115783691,25000,0.0,0.0
2018-01-24 00:00:00+08:00,14.477549651420953,14.525808334350586,14.381032285561686,14.525808334350586,10220,0.0,0.0
2018-01-25 00:00:00+08:00,14.429290870316192,14.47754955291748,14.381032187714906,14.47754955291748,8000,0.0,0.0
2018-01-26 00:00:00+08:00,14.47754955291748,14.47754955291748,14.47754955291748,14.47754955291748,1052,0.0,0.0
2018-01-29 00:00:00+08:00,14.47754945375512,14.47754945375512,14.332774327400692,14.429290771484375,12000,0.0,0.0
2018-01-30 00:00:00+08:00,14.381031923549509,14.381031923549509,14.33277416229248,14.33277416229248,3001,0.0,0.0
2018-01-31 00:00:00+08:00,14.284515380859375,14.332774062237311,14.284515380859375,14.284515380859375,4451,0.0,0.0
2018-02-01 00:00:00+08:00,14.284515380859375,14.284515380859375,14.236256699481439,14.284515380859375,15007,0.0,0.0
2018-02-02 00:00:00+08:00,14.284516139549655,14.284516139549655,14.091482324243142,14.18799877166748,12052,0.0,0.0
2018-02-05 00:00:00+08:00,14.139739990234375,14.139739990234375,14.139739990234375,14.139739990234375,3200,0.0,0.0
2018-02-06 00:00:00+08:00,13.657154644418249,13.94670581817627,13.657154644418249,13.94670581817627,4000,0.0,0.0
2018-02-07 00:00:00+08:00,13.657154644418249,13.94670581817627,13.657154644418249,13.94670581817627,5000,0.0,0.0
2018-02-08 00:00:00+08:00,13.94670581817627,13.94670581817627,13.94670581817627,13.94670581817627,0,0.0,0.0
2018-02-09 00:00:00+08:00,13.94670581817627,13.94670581817627,13.94670581817627,13.94670581817627,0,0.0,0.0
2018-02-12 00:00:00+08:00,13.753671646118164,13.753671646118164,13.753671646118164,13.753671646118164,250,0.0,0.0
2018-02-21 00:00:00+08:00,14.525808334350586,14.525808334350586,14.525808334350586,14.525808334350586,1000,0.0,0.0
2018-02-22 00:00:00+08:00,14.187998608791935,14.187998608791935,14.091482162475586,14.091482162475586,7000,0.0,0.0
2018-02-23 00:00:00+08:00,14.18799877166748,14.18799877166748,14.18799877166748,14.18799877166748,5000,0.0,0.0
2018-02-26 00:00:00+08:00,14.284516139549655,14.284516139549655,14.18799877166748,14.18799877166748,4000,0.0,0.0
2018-02-27 00:00:00+08:00,14.18799877166748,14.18799877166748,14.18799877166748,14.18799877166748,4000,0.0,0.0
2018-03-01 00:00:00+08:00,14.18799877166748,14.18799877166748,14.18799877166748,14.18799877166748,1000,0.0,0.0
2018-03-02 00:00:00+08:00,14.18799877166748,14.18799877166748,14.18799877166748,14.18799877166748,0,0.0,0.0
2018-03-05 00:00:00+08:00,14.091482324243142,14.18799877166748,14.091482324243142,14.18799877166748,3000,0.0,0.0
2018-03-06 00:00:00+08:00,14.187998608791935,14.187998608791935,13.850189665997975,14.091482162475586,4000,0.0,0.0
2018-03-07 00:00:00+08:00,13.898447036743164,14.091481764844492,13.898447036743164,13.898447036743164,10200,0.0,0.0
2018-03-08 00:00:00+08:00,14.091481965031186,14.091481965031186,13.994964599609375,13.994964599609375,3000,0.0,0.0
2018-03-09 00:00:00+08:00,13.898447036743164,13.898447036743164,13.898447036743164,13.898447036743164,2000,0.0,0.0
2018-03-12 00:00:00+08:00,13.898447369073558,13.898447369073558,13.464121061375852,13.560638427734375,28000,0.0,0.0
2018-03-13 00:00:00+08:00,13.415862083435059,13.608896811910915,13.415862083435059,13.415862083435059,12108,0.0,0.0
2018-03-14 00:00:00+08:00,13.65715503692627,13.65715503692627,13.65715503692627,13.65715503692627,1000,0.0,0.0
2018-03-15 00:00:00+08:00,13.657154383212333,13.80193042755127,13.657154383212333,13.80193042755127,4000,0.0,0.0
2018-03-16 00:00:00+08:00,13.801930593150301,13.898447036743164,13.705413229099637,13.898447036743164,9105,0.0,0.0
2018-03-19 00:00:00+08:00,13.898446869986104,13.99496423287873,13.80193042755127,13.80193042755127,6000,0.0,0.0
2018-03-20 00:00:00+08:00,13.80193042755127,13.80193042755127,13.80193042755127,13.80193042755127,0,0.0,0.0
2018-03-21 00:00:00+08:00,14.091482064092638,14.091482064092638,13.80193088624951,14.04322338104248,9102,0.0,0.0
2018-03-22 00:00:00+08:00,13.80193042755127,13.850189108997581,13.80193042755127,13.80193042755127,9000,0.0,0.0
2018-03-23 00:00:00+08:00,13.51237964630127,13.51237964630127,13.51237964630127,13.51237964630127,10005,0.0,0.0
2018-03-26 00:00:00+08:00,13.415862182393234,13.464120864868164,13.415862182393234,13.464120864868164,4320,0.0,0.0
2018-03-27 00:00:00+08:00,13.608897011957977,13.608897011957977,13.464120963472917,13.51237964630127,10000,0.0,0.0
2018-03-28 00:00:00+08:00,13.512379178133878,13.512379178133878,13.271086692810059,13.271086692810059,10000,0.0,0.0
2018-03-29 00:00:00+08:00,13.464120496977557,13.512379178133878,13.271086692810059,13.271086692810059,11000,0.0,0.0
2018-03-30 00:00:00+08:00,13.319345474243164,13.319345474243164,13.319345474243164,13.319345474243164,7000,0.0,0.0
2018-04-02 00:00:00+08:00,13.319345474243164,13.319345474243164,13.319345474243164,13.319345474243164,7000,0.0,0.0
2018-04-03 00:00:00+08:00,12.981535812346538,12.981535812346538,12.933277130126953,12.933277130126953,20000,0.0,0.0
2018-04-09 00:00:00+08:00,12.933277630281413,12.933277630281413,12.547209998510382,12.691985130310059,23000,0.0,0.0
2018-04-10 00:00:00+08:00,12.402434249310447,12.402434249310447,12.209399522576472,12.354175567626953,37000,0.0,0.0
2018-04-11 00:00:00+08:00,12.402434249310447,12.402434249310447,12.354175567626953,12.354175567626953,9000,0.0,0.0
2018-04-12 00:00:00+08:00,12.40243461087182,12.547209739685059,12.40243461087182,12.547209739685059,9000,0.0,0.0
2018-04-13 00:00:00+08:00,12.691984277226684,12.740242958068848,12.691984277226684,12.740242958068848,20000,0.0,0.0
2018-04-16 00:00:00+08:00,12.885019302368164,12.885019302368164,12.885019302368164,12.885019302368164,1000,0.0,0.0
2018-04-17 00:00:00+08:00,12.885019302368164,12.885019302368164,12.885019302368164,12.885019302368164,1000,0.0,0.0
2018-04-18 00:00:00+08:00,12.885019302368164,12.885019302368164,12.885019302368164,12.885019302368164,0,0.0,0.0
2018-04-19 00:00:00+08:00,12.885019302368164,12.885019302368164,12.885019302368164,12.885019302368164,0,0.0,0.0
2018-04-20 00:00:00+08:00,12.691985130310059,12.691985130310059,12.691985130310059,12.691985130310059,100,0.0,0.0
2018-04-23 00:00:00+08:00,12.691985130310059,12.691985130310059,12.691985130310059,12.691985130310059,0,0.0,0.0
2018-04-24 00:00:00+08:00,12.064624937374175,12.64372730255127,11.871591122467755,12.64372730255127,29205,0.0,0.0
2018-04-25 00:00:00+08:00,12.305917340773114,12.595468521118164,12.305917340773114,12.595468521118164,3000,0.0,0.0
2018-04-26 00:00:00+08:00,12.257658367964641,12.450692176818848,12.257658367964641,12.450692176818848,4005,0.0,0.0
2018-04-27 00:00:00+08:00,11.871590495478562,12.305916786193848,11.775073132893928,12.305916786193848,25200,0.0,0.0
2018-04-30 00:00:00+08:00,12.547209739685059,12.547209739685059,12.547209739685059,12.547209739685059,3000,0.0,0.0
2018-05-02 00:00:00+08:00,12.547209739685059,12.547209739685059,12.547209739685059,12.547209739685059,1000,0.0,0.0
2018-05-03 00:00:00+08:00,12.547209739685059,12.547209739685059,12.547209739685059,12.547209739685059,0,0.0,0.0
2018-05-04 00:00:00+08:00,12.257657990562771,12.740242958068848,12.257657990562771,12.740242958068848,3000,0.0,0.0
2018-05-07 00:00:00+08:00,12.740242958068848,12.740242958068848,12.740242958068848,12.740242958068848,2000,0.0,0.0
2018-05-08 00:00:00+08:00,12.740243515723973,13.029794692993164,12.740243515723973,13.029794692993164,4000,0.0,0.0
2018-05-09 00:00:00+08:00,12.450692148846727,12.933277130126953,12.450692148846727,12.933277130126953,7000,0.0,0.0
2018-05-10 00:00:00+08:00,12.788501739501953,12.788501739501953,12.450691891407466,12.788501739501953,5000,0.0,0.0
2018-05-11 00:00:00+08:00,12.209400130367353,12.691985130310059,12.209400130367353,12.691985130310059,2202,0.0,0.0
2018-05-14 00:00:00+08:00,12.691985130310059,12.691985130310059,12.691985130310059,12.691985130310059,0,0.0,0.0
2018-05-15 00:00:00+08:00,12.209400068439532,12.64372730255127,12.209400068439532,12.64372730255127,5000,0.0,0.0
2018-05-16 00:00:00+08:00,13.898447036743164,13.898447036743164,13.705413229099637,13.898447036743164,221102,0.0,0.0
2018-05-17 00:00:00+08:00,13.898447021499624,13.898447021499624,12.64372681296395,12.885019302368164,59380,0.0,0.0
2018-05-18 00:00:00+08:00,12.885019821043745,13.174570083618164,12.885019821043745,13.174570083618164,3000,0.0,0.0
2018-05-21 00:00:00+08:00,12.836760520935059,12.836760520935059,12.836760520935059,12.836760520935059,1000,0.0,0.0
2018-05-22 00:00:00+08:00,12.836760978294633,13.126312157744161,12.740243611658848,13.07805347442627,11020,0.0,0.0
2018-05-23 00:00:00+08:00,13.174570083618164,13.174570083618164,13.174570083618164,13.174570083618164,1000,0.0,0.0
2018-05-24 00:00:00+08:00,12.885019821043745,13.46412126665042,12.885019821043745,13.174570083618164,23000,0.0,0.0
2018-05-25 00:00:00+08:00,13.464120765554023,13.464120765554023,13.12631183163688,13.415862083435059,6119,0.0,0.0
2018-05-28 00:00:00+08:00,13.174569230586608,13.222827911376953,13.029794108673348,13.222827911376953,11000,0.0,0.0
2018-05-29 00:00:00+08:00,13.029794594148468,13.029794594148468,12.981535911560059,12.981535911560059,3152,0.0,0.0
2018-05-30 00:00:00+08:00,12.981535645272734,12.981535645272734,12.836760520935059,12.836760520935059,4163,0.0,0.0
2018-05-31 00:00:00+08:00,12.788501638911011,12.788501638911011,12.740242958068848,12.740242958068848,12000,0.0,0.0
2018-06-01 00:00:00+08:00,12.740242958068848,12.740242958068848,12.740242958068848,12.740242958068848,5021,0.0,0.0
2018-06-04 00:00:00+08:00,12.595467935072726,12.836760420723706,12.595467935072726,12.788501739501953,8000,0.0,0.0
2018-06-05 00:00:00+08:00,12.740242958068848,12.740242958068848,12.6437265168423,12.740242958068848,3000,0.0,0.0
2018-06-06 00:00:00+08:00,12.788501938423359,12.885019302368164,12.788501938423359,12.885019302368164,9000,0.0,0.0
2018-06-07 00:00:00+08:00,12.788501739501953,12.788501739501953,12.788501739501953,12.788501739501953,1000,0.0,0.0
2018-06-08 00:00:00+08:00,12.788502198678476,13.029794692993164,12.788502198678476,13.029794692993164,9000,0.0,0.0
2018-06-11 00:00:00+08:00,13.464120765554023,13.464120765554023,13.415862083435059,13.415862083435059,16000,0.0,0.0
2018-06-12 00:00:00+08:00,13.415861815821236,13.415861815821236,12.98153552632992,13.271086692810059,7000,0.0,0.0
2018-06-13 00:00:00+08:00,13.02979449456612,13.02979449456612,12.933277130126953,12.933277130126953,9000,0.0,0.0
2018-06-14 00:00:00+08:00,12.885019302368164,12.885019302368164,12.885019302368164,12.885019302368164,10000,0.0,0.0
2018-06-15 00:00:00+08:00,12.885019302368164,12.885019302368164,12.885019302368164,12.885019302368164,2021,0.0,0.0
2018-06-19 00:00:00+08:00,13.07805363624597,13.174570083618164,13.07805363624597,13.174570083618164,13000,0.0,0.0
2018-06-20 00:00:00+08:00,13.174569786960612,13.51237964630127,13.029794658933367,13.51237964630127,25000,0.0,0.0
2018-06-21 00:00:00+08:00,13.56063812979195,13.994964427947021,13.415862083435059,13.415862083435059,13000,0.0,0.0
2018-06-22 00:00:00+08:00,13.415862083435059,13.415862083435059,13.415862083435059,13.415862083435059,0,0.0,0.0
2018-06-25 00:00:00+08:00,13.029794692993164,13.029794692993164,13.029794692993164,13.029794692993164,3000,0.0,0.0
2018-06-26 00:00:00+08:00,12.981535911560059,12.981535911560059,12.981535911560059,12.981535911560059,1000,0.0,0.0
2018-06-27 00:00:00+08:00,12.981535911560059,12.981535911560059,12.981535911560059,12.981535911560059,0,0.0,0.0
2018-06-28 00:00:00+08:00,12.981535645272734,12.981535645272734,12.836760520935059,12.836760520935059,2000,0.0,0.0
2018-06-29 00:00:00+08:00,12.885019302368164,12.885019302368164,12.885019302368164,12.885019302368164,1000,0.0,0.0
2018-07-02 00:00:00+08:00,12.885019302368164,12.885019302368164,12.885019302368164,12.885019302368164,0,0.0,0.0
2018-07-03 00:00:00+08:00,12.885019302368164,12.885019302368164,12.885019302368164,12.885019302368164,0,0.0,0.0
2018-07-04 00:00:00+08:00,12.885019302368164,12.885019302368164,12.885019302368164,12.885019302368164,0,0.0,0.0
2018-07-05 00:00:00+08:00,12.885019302368164,12.885019302368164,12.885019302368164,12.885019302368164,0,0.0,0.0
2018-07-06 00:00:00+08:00,12.885019302368164,12.885019302368164,12.885019302368164,12.885019302368164,0,0.0,0.0
2018-07-09 00:00:00+08:00,12.7402430582802,12.788501739501953,12.7402430582802,12.788501739501953,5000,0.0,0.0
2018-07-10 00:00:00+08:00,12.788501739501953,12.788501739501953,12.788501739501953,12.788501739501953,0,0.0,0.0
2018-07-11 00:00:00+08:00,12.788501739501953,12.788501739501953,12.788501739501953,12.788501739501953,0,0.0,0.0
2018-07-12 00:00:00+08:00,12.547209541474853,12.547209541474853,12.450692176818848,12.450692176818848,12102,0.0,0.0
2018-07-13 00:00:00+08:00,12.691985130310059,12.740243814395898,12.691985130310059,12.691985130310059,5000,0.0,0.0
2018-07-16 00:00:00+08:00,12.595468422775411,12.595468422775411,12.161142115877876,12.547209739685059,46920,0.0,0.0
2018-07-17 00:00:00+08:00,12.305916671404935,12.740242958068848,12.305916671404935,12.740242958068848,17052,0.0,0.0
2018-07-18 00:00:00+08:00,12.740243749775562,12.740243749775562,12.64372730255127,12.64372730255127,7000,0.0,0.0
2018-07-19 00:00:00+08:00,12.64372661629448,12.836760420723706,12.64372661629448,12.788501739501953,13000,0.0,0.0
2018-07-20 00:00:00+08:00,12.6437265168423,12.740242958068848,12.547209155157972,12.740242958068848,9162,0.0,0.0
2018-07-23 00:00:00+08:00,12.836760978294633,13.07805347442627,12.740243611658848,13.07805347442627,15000,0.0,0.0
2018-07-24 00:00:00+08:00,12.691984550267057,13.36760425567627,12.691984550267057,13.36760425567627,17000,0.0,0.0
2018-07-25 00:00:00+08:00,12.93327722897165,13.126311959325283,12.93327722897165,12.981535911560059,8000,0.0,0.0
2018-07-26 00:00:00+08:00,12.933277521144928,13.319346070115989,12.933277521144928,13.126312255859375,20101,0.0,0.0
2018-07-27 00:00:00+08:00,13.126312255859375,13.126312255859375,13.126312255859375,13.126312255859375,76,0.0,0.0
2018-07-30 00:00:00+08:00,12.981535911560059,12.981535911560059,12.981535911560059,12.981535911560059,2000,0.0,0.0
2018-07-31 00:00:00+08:00,12.88501975792415,13.126312255859375,12.88501975792415,13.126312255859375,18029,0.0,0.0
2018-08-01 00:00:00+08:00,12.933277130126953,12.933277130126953,12.933277130126953,12.933277130126953,3000,0.0,0.0
2018-08-02 00:00:00+08:00,12.836760520935059,12.836760520935059,12.836760520935059,12.836760520935059,1000,0.0,0.0
2018-08-03 00:00:00+08:00,12.836760520935059,12.933276963674244,12.836760520935059,12.836760520935059,16000,0.0,0.0
2018-08-06 00:00:00+08:00,12.740242958068848,12.740242958068848,12.740242958068848,12.740242958068848,1000,0.0,0.0
2018-08-07 00:00:00+08:00,12.740242958068848,12.740242958068848,12.740242958068848,12.740242958068848,2000,0.0,0.0
2018-08-08 00:00:00+08:00,12.740243814395898,12.740243814395898,12.64372736668206,12.691985130310059,9000,0.0,0.0
2018-08-09 00:00:00+08:00,12.643727105865764,12.643727105865764,12.547209739685059,12.547209739685059,7000,0.0,0.0
2018-08-10 00:00:00+08:00,12.547209739685059,12.547209739685059,12.547209739685059,12.547209739685059,1000,0.0,0.0
2018-08-13 00:00:00+08:00,12.64372730255127,12.64372730255127,12.64372730255127,12.64372730255127,1000,0.0,0.0
2018-08-14 00:00:00+08:00,12.643726634782283,12.643726634782283,11.96810693760541,12.305916786193848,7063,0.0,0.0
2018-08-15 00:00:00+08:00,11.72681454665712,12.49895069221964,11.72681454665712,12.354175567626953,25102,0.0,0.0
2018-08-16 00:00:00+08:00,12.016365520728217,12.257658004760742,11.968106839830154,12.257658004760742,3000,0.0,0.0
2018-08-17 00:00:00+08:00,12.064624786376953,12.064624786376953,12.064624786376953,12.064624786376953,2000,0.0,0.0
2018-08-20 00:00:00+08:00,11.775072950564596,11.775072950564596,11.67855650993224,11.726814270019531,7000,0.0,0.0
2018-08-21 00:00:00+08:00,11.726814270019531,11.726814270019531,11.726814270019531,11.726814270019531,7000,0.0,0.0
2018-08-22 00:00:00+08:00,11.775073250768028,11.96810705741187,11.775073250768028,11.871590614318848,10000,0.0,0.0
2018-08-23 00:00:00+08:00,11.582040027522567,11.678557395935059,11.582040027522567,11.678557395935059,13307,0.0,0.0
2018-08-24 00:00:00+08:00,11.678557395935059,11.678557395935059,11.34074752694918,11.678557395935059,3102,0.0,0.0
2018-08-27 00:00:00+08:00,11.485522659110075,11.678557395935059,11.485522659110075,11.678557395935059,14471,0.0,0.0
2018-08-28 00:00:00+08:00,11.582039635346987,11.582039635346987,11.340747142943924,11.485522270202637,11614,0.0,0.0
2018-08-29 00:00:00+08:00,11.630297929034796,11.775073051452637,11.630297929034796,11.775073051452637,6000,0.0,0.0
2018-08-30 00:00:00+08:00,11.775073051452637,11.775073051452637,11.775073051452637,11.775073051452637,0,0.0,0.0
2018-08-31 00:00:00+08:00,11.726814370494097,11.775073051452637,11.582039248076255,11.775073051452637,5000,0.0,0.0
2018-09-03 00:00:00+08:00,11.582039148842114,11.726814270019531,11.582039148842114,11.726814270019531,11180,0.0,0.0
2018-09-04 00:00:00+08:00,11.582039833068848,11.582039833068848,11.582039833068848,11.582039833068848,1000,0.0,0.0
2018-09-05 00:00:00+08:00,11.485522270202637,11.485522270202637,11.485522270202637,11.485522270202637,3000,0.0,0.0
2018-09-06 00:00:00+08:00,11.48552246627681,11.582039833068848,11.48552246627681,11.582039833068848,6086,0.0,0.0
2018-09-07 00:00:00+08:00,11.582039833068848,11.582039833068848,11.582039833068848,11.582039833068848,4000,0.0,0.0
2018-09-10 00:00:00+08:00,11.582039468053406,11.582039468053406,11.389005661010742,11.389005661010742,4000,0.0,0.0
2018-09-11 00:00:00+08:00,11.340746979135627,11.389005661010742,11.340746979135627,11.389005661010742,3500,0.0,0.0
2018-09-12 00:00:00+08:00,11.389005661010742,11.389005661010742,11.389005661010742,11.389005661010742,0,0.0,0.0
2018-09-13 00:00:00+08:00,11.582039833068848,11.582039833068848,11.582039833068848,11.582039833068848,2000,0.0,0.0
2018-09-14 00:00:00+08:00,11.582039468053406,11.582039468053406,11.389005661010742,11.389005661010742,2000,0.0,0.0
2018-09-17 00:00:00+08:00,11.582039833068848,11.582039833068848,11.582039833068848,11.582039833068848,1000,0.0,0.0
2018-09-18 00:00:00+08:00,11.53378114967283,11.582039833068848,11.53378114967283,11.582039833068848,17000,0.0,0.0
2018-09-19 00:00:00+08:00,11.630298614501953,11.630298614501953,11.630298614501953,11.630298614501953,16000,0.0,0.0
2018-09-20 00:00:00+08:00,11.678557199860887,11.678557199860887,11.582039833068848,11.582039833068848,8100,0.0,0.0
2018-09-21 00:00:00+08:00,11.775073843889707,11.775073843889707,11.678557395935059,11.678557395935059,4100,0.0,0.0
2018-09-25 00:00:00+08:00,11.678557395935059,11.678557395935059,11.292488842742934,11.678557395935059,15000,0.0,0.0
2018-09-26 00:00:00+08:00,11.678557395935059,11.678557395935059,11.678557395935059,11.678557395935059,6000,0.0,0.0
2018-09-27 00:00:00+08:00,11.678557395935059,11.678557395935059,11.678557395935059,11.678557395935059,4000,0.0,0.0
2018-09-28 00:00:00+08:00,11.678557395935059,11.678557395935059,11.678557395935059,11.678557395935059,1200,0.0,0.0
2018-10-01 00:00:00+08:00,11.582039833068848,11.582039833068848,11.582039833068848,11.582039833068848,1100,0.0,0.0
2018-10-02 00:00:00+08:00,11.582039833068848,11.582039833068848,11.582039833068848,11.582039833068848,1000,0.0,0.0
2018-10-03 00:00:00+08:00,11.582039833068848,11.582039833068848,11.582039833068848,11.582039833068848,0,0.0,0.0
2018-10-04 00:00:00+08:00,11.582039833068848,11.582039833068848,11.582039833068848,11.582039833068848,0,0.0,0.0
2018-10-05 00:00:00+08:00,11.340746779168722,11.340746779168722,11.292488098144531,11.292488098144531,6000,0.0,0.0
2018-10-08 00:00:00+08:00,11.292488098144531,11.292488098144531,11.292488098144531,11.292488098144531,4000,0.0,0.0
2018-10-09 00:00:00+08:00,11.244229316711426,11.244229316711426,11.244229316711426,11.244229316711426,1200,0.0,0.0
2018-10-11 00:00:00+08:00,11.099454328937252,11.099454328937252,10.32731819152832,10.32731819152832,56100,0.0,0.0
2018-10-12 00:00:00+08:00,11.002936948761441,11.244229433782154,10.761644463740726,10.809903144836426,72000,0.0,0.0
2018-10-15 00:00:00+08:00,10.809902975869523,10.954679016893662,10.713386535644531,10.713386535644531,15212,0.0,0.0
2018-10-16 00:00:00+08:00,10.76164436340332,10.76164436340332,10.76164436340332,10.76164436340332,2030,0.0,0.0
2018-10-17 00:00:00+08:00,10.809903044049074,10.809903044049074,10.76164436340332,10.76164436340332,9000,0.0,0.0
2018-10-18 00:00:00+08:00,10.76164436340332,10.76164436340332,10.76164436340332,10.76164436340332,0,0.0,0.0
2018-10-19 00:00:00+08:00,10.71338660321534,10.76164436340332,10.71338660321534,10.76164436340332,3000,0.0,0.0
2018-10-22 00:00:00+08:00,10.761644790271836,10.761644790271836,10.472094535827637,10.472094535827637,4180,0.0,0.0
2018-10-23 00:00:00+08:00,10.423835754394531,10.423835754394531,10.423835754394531,10.423835754394531,2000,0.0,0.0
2018-10-24 00:00:00+08:00,10.134284485218137,10.375576972961426,9.941250679115063,10.375576972961426,7000,0.0,0.0
2018-10-25 00:00:00+08:00,10.03776741027832,10.230802142384219,10.03776741027832,10.03776741027832,6000,0.0,0.0
2018-10-26 00:00:00+08:00,10.037767469511426,10.568611145019531,10.037767469511426,10.568611145019531,3000,0.0,0.0
2018-10-29 00:00:00+08:00,10.56861067694,10.56861067694,10.230801749638319,10.32731819152832,9000,0.0,0.0
2018-10-30 00:00:00+08:00,10.086025607740227,10.375576771501596,10.086025607740227,10.279059410095215,11000,0.0,0.0
2018-10-31 00:00:00+08:00,10.279059609680992,10.520352097424281,10.279059609680992,10.375576972961426,14000,0.0,0.0
2018-11-01 00:00:00+08:00,10.375576972961426,10.375576972961426,10.375576972961426,10.375576972961426,2000,0.0,0.0
2018-11-02 00:00:00+08:00,10.520352330706915,11.051195999604856,10.520352330706915,11.002937316894531,12000,0.0,0.0
2018-11-05 00:00:00+08:00,11.002936948761441,11.002936948761441,10.809903144836426,10.809903144836426,5000,0.0,0.0
2018-11-06 00:00:00+08:00,10.665128707885742,10.665128707885742,10.665128707885742,10.665128707885742,3000,0.0,0.0
2018-11-07 00:00:00+08:00,10.472094601183093,10.616869729308721,10.423835918321945,10.520352363586426,5000,0.0,0.0
2018-11-08 00:00:00+08:00,10.520352558938116,10.616869926452637,10.520352558938116,10.616869926452637,3000,0.0,0.0
2018-11-09 00:00:00+08:00,10.616869926452637,10.616869926452637,10.616869926452637,10.616869926452637,4000,0.0,0.0
2018-11-12 00:00:00+08:00,10.520352558938116,10.713387293967157,10.520352558938116,10.616869926452637,11000,0.0,0.0
2018-11-13 00:00:00+08:00,10.713386535644531,10.713386535644531,10.713386535644531,10.713386535644531,2000,0.0,0.0
2018-11-14 00:00:00+08:00,10.76164436340332,10.76164436340332,10.76164436340332,10.76164436340332,1000,0.0,0.0
2018-11-15 00:00:00+08:00,10.809903044049074,11.002936846174316,10.76164436340332,10.76164436340332,23000,0.0,0.0
2018-11-16 00:00:00+08:00,10.858161926269531,10.858161926269531,10.858161926269531,10.858161926269531,1000,0.0,0.0
2018-11-19 00:00:00+08:00,10.858161926269531,10.858161926269531,10.858161926269531,10.858161926269531,0,0.0,0.0
2018-11-20 00:00:00+08:00,10.906420707702637,10.906420707702637,10.906420707702637,10.906420707702637,8000,0.0,0.0
2018-11-21 00:00:00+08:00,10.906420707702637,10.906420707702637,10.906420707702637,10.906420707702637,0,0.0,0.0
2018-11-22 00:00:00+08:00,11.05119583319577,11.05119583319577,10.616869536258571,10.906420707702637,28100,0.0,0.0
2018-11-23 00:00:00+08:00,10.906420906017797,10.906420906017797,10.472094601183093,10.520352363586426,12000,0.0,0.0
2018-11-26 00:00:00+08:00,10.568611046447574,10.568611046447574,10.520352363586426,10.520352363586426,21000,0.0,0.0
2018-11-27 00:00:00+08:00,10.858162424781106,10.858162424781106,10.616869926452637,10.616869926452637,10000,0.0,0.0
2018-11-28 00:00:00+08:00,10.906420507027825,10.906420507027825,10.616869340911412,10.809903144836426,12050,0.0,0.0
2018-11-29 00:00:00+08:00,10.809903441870494,10.954679489135742,10.809903441870494,10.954679489135742,15000,0.0,0.0
2018-11-30 00:00:00+08:00,11.051195933521432,11.051195933521432,10.954679489135742,10.954679489135742,24000,0.0,0.0
2018-12-03 00:00:00+08:00,10.761645015237066,11.099454879760742,10.761645015237066,11.099454879760742,29158,0.0,0.0
2018-12-04 00:00:00+08:00,11.099454615943182,11.099454615943182,10.954679489135742,10.954679489135742,18000,0.0,0.0
2018-12-05 00:00:00+08:00,10.954679489135742,10.954679489135742,10.809903441870494,10.954679489135742,7000,0.0,0.0
2018-12-06 00:00:00+08:00,11.099454137460034,11.099454137460034,10.713386535644531,10.713386535644531,31000,0.0,0.0
2018-12-07 00:00:00+08:00,10.809902975869523,10.906420336552282,10.713386535644531,10.713386535644531,12000,0.0,0.0
2018-12-10 00:00:00+08:00,10.71338690022586,10.906420707702637,10.616869536258571,10.906420707702637,25000,0.0,0.0
2018-12-11 00:00:00+08:00,10.665128345609705,10.665128345609705,10.472094535827637,10.472094535827637,5000,0.0,0.0
2018-12-12 00:00:00+08:00,10.472094535827637,10.472094535827637,10.472094535827637,10.472094535827637,0,0.0,0.0
2018-12-13 00:00:00+08:00,10.56861049462039,10.713386535644531,10.56861049462039,10.713386535644531,2000,0.0,0.0
2018-12-14 00:00:00+08:00,10.713386535644531,10.713386535644531,10.713386535644531,10.713386535644531,0,0.0,0.0
2018-12-17 00:00:00+08:00,10.713386535644531,10.713386535644531,10.713386535644531,10.713386535644531,50,0.0,0.0
2018-12-18 00:00:00+08:00,10.472094535827637,10.472094535827637,10.472094535827637,10.472094535827637,1000,0.0,0.0
2018-12-19 00:00:00+08:00,10.279060060609646,10.616869926452637,10.279060060609646,10.616869926452637,2000,0.0,0.0
2018-12-20 00:00:00+08:00,10.375576972961426,10.42383565460164,10.375576972961426,10.375576972961426,6000,0.0,0.0
2018-12-21 00:00:00+08:00,10.182543264341222,10.423835754394531,10.182543264341222,10.423835754394531,10200,0.0,0.0
2018-12-24 00:00:00+08:00,10.423835754394531,10.423835754394531,10.423835754394531,10.423835754394531,157,0.0,0.0
2018-12-25 00:00:00+08:00,10.423835754394531,10.423835754394531,10.423835754394531,10.423835754394531,0,0.0,0.0
2018-12-26 00:00:00+08:00,10.230801582336426,10.230801582336426,10.230801582336426,10.230801582336426,1000,0.0,0.0
2018-12-27 00:00:00+08:00,10.230801749638319,10.32731819152832,10.230801749638319,10.32731819152832,8000,0.0,0.0
2018-12-28 00:00:00+08:00,10.182543068464428,10.32731819152832,10.182543068464428,10.32731819152832,4000,0.0,0.0
2019-01-02 00:00:00+08:00,10.182543657108216,10.182543657108216,10.134284973144531,10.134284973144531,12000,0.0,0.0
2019-01-03 00:00:00+08:00,10.134284973144531,10.134284973144531,10.134284973144531,10.134284973144531,5060,0.0,0.0
2019-01-04 00:00:00+08:00,10.134284582239,10.423835754394531,10.134284582239,10.423835754394531,22000,0.0,0.0
2019-01-07 00:00:00+08:00,10.42383579607602,11.437264442443848,10.42383579607602,11.437264442443848,77000,0.0,0.0
2019-01-08 00:00:00+08:00,12.547209739685059,12.547209739685059,12.498951056594706,12.547209739685059,195000,0.0,0.0
2019-01-09 00:00:00+08:00,12.547209169691328,12.836760334621914,12.064624201626277,12.257658004760742,178880,0.0,0.0
2019-01-10 00:00:00+08:00,12.16114168200845,12.49895061067337,11.823331832885742,11.823331832885742,58047,0.0,0.0
2019-01-11 00:00:00+08:00,12.305917116695774,12.981535911560059,12.112883306799953,12.981535911560059,234282,0.0,0.0
2019-01-14 00:00:00+08:00,13.85018899203172,14.23625659942627,13.657154267876663,14.23625659942627,116000,0.0,0.0
2019-01-15 00:00:00+08:00,14.670583627012679,15.490977564174731,14.236257316696552,14.62232494354248,492302,0.0,0.0
2019-01-16 00:00:00+08:00,14.76710024993711,15.346201661028934,14.091481476767758,14.23625659942627,127095,0.0,0.0
2019-01-17 00:00:00+08:00,14.04322291432504,14.091481595771354,13.512379259331187,13.80193042755127,120044,0.0,0.0
2019-01-18 00:00:00+08:00,13.560637961383591,13.705413085484732,13.12631166862238,13.319345474243164,78400,0.0,0.0
2019-01-21 00:00:00+08:00,13.271087329123905,14.62232494354248,13.029794832230742,14.62232494354248,232000,0.0,0.0
2019-01-22 00:00:00+08:00,15.249685237331345,15.249685237331345,13.705412965022685,13.753671646118164,292203,0.0,0.0
2019-01-23 00:00:00+08:00,13.70541367867489,14.284516041059423,13.560638548307674,14.139739990234375,127000,0.0,0.0
2019-01-24 00:00:00+08:00,14.47754985503499,14.47754985503499,14.043223543475506,14.139739990234375,38081,0.0,0.0
2019-01-25 00:00:00+08:00,14.139739526412024,14.622324505749742,13.850189275175634,13.898447036743164,31000,0.0,0.0
2019-01-28 00:00:00+08:00,14.236256662969268,15.249685287475586,14.139739300460938,15.249685287475586,433637,0.0,0.0
2019-01-29 00:00:00+08:00,15.63575381705112,16.745698883607982,15.249685287475586,15.249685287475586,1203537,0.0,0.0
2019-01-30 00:00:00+08:00,15.249685477752042,15.828786898654343,14.767100500104558,14.863616943359375,278312,0.0,0.0
2019-02-11 00:00:00+08:00,15.442719850765283,16.311372474187696,15.104909985846659,15.635754585266113,359160,0.0,0.0
2019-02-12 00:00:00+08:00,15.877045961883224,16.793956283731543,15.877045961883224,16.552663803100586,248709,0.0,0.0
2019-02-13 00:00:00+08:00,16.697440192022096,16.74569979636453,15.973562695126647,16.214855194091797,165312,0.0,0.0
2019-02-14 00:00:00+08:00,16.21485396203414,17.710868446495397,15.973561481403182,16.552663803100586,405617,0.0,0.0
2019-02-15 00:00:00+08:00,16.697440326279317,16.9387328271846,16.16659756065397,16.26311492919922,208588,0.0,0.0
2019-02-18 00:00:00+08:00,17.855644026126946,17.855644026126946,17.083508804606605,17.759126663208008,846495,0.0,0.0
2019-02-19 00:00:00+08:00,17.61435120490981,17.759126326082125,17.083508480306143,17.56609344482422,294360,0.0,0.0
2019-02-20 00:00:00+08:00,18.04867977346039,19.30340003967285,18.04867977346039,19.30340003967285,933346,0.0,0.0
2019-02-21 00:00:00+08:00,19.110364993690734,19.39991709415008,17.80738698482846,18.14519500732422,1236400,0.0,0.0
2019-02-22 00:00:00+08:00,18.14519500732422,18.627780000507478,17.903902510732593,18.14519500732422,192655,0.0,0.0
2019-02-25 00:00:00+08:00,18.579522634807386,18.77255737257426,17.903902893539023,18.33823013305664,234065,0.0,0.0
2019-02-26 00:00:00+08:00,18.33822893068425,18.434746293239385,17.662609233713866,17.71086883544922,295000,0.0,0.0
2019-02-27 00:00:00+08:00,17.952161590073956,18.14519447715783,17.710869100532413,17.85564422607422,83000,0.0,0.0
2019-03-04 00:00:00+08:00,18.24171257019043,18.338229938047498,17.903902703148525,18.24171257019043,159000,0.0,0.0
2019-03-05 00:00:00+08:00,18.241712109794157,18.241712109794157,17.85564448902538,18.00041961669922,141425,0.0,0.0
2019-03-06 00:00:00+08:00,17.952161985679982,18.28997184666547,17.759127253426662,18.04867935180664,199000,0.0,0.0
2019-03-07 00:00:00+08:00,18.193453875885435,18.193453875885435,17.759126663208008,17.759126663208008,199100,0.0,0.0
2019-03-08 00:00:00+08:00,17.855644292112462,17.903902053833008,17.517834437321806,17.903902053833008,46200,0.0,0.0
2019-03-11 00:00:00+08:00,17.46957770870187,17.46957770870187,16.40789031982422,16.40789031982422,330320,0.0,0.0
2019-03-12 00:00:00+08:00,16.504407086877666,18.048679428739817,16.456147483150808,17.08350944519043,892400,0.0,0.0
2019-03-13 00:00:00+08:00,17.37306022644043,17.662610493848156,17.180025487558144,17.37306022644043,89060,0.0,0.0
2019-03-14 00:00:00+08:00,17.373060162767494,17.373060162767494,17.180025424592685,17.32480239868164,79000,0.0,0.0
2019-03-15 00:00:00+08:00,17.32480207206757,17.373059835243648,17.08350957435585,17.180025100708008,67100,0.0,0.0
2019-03-18 00:00:00+08:00,17.27654285699929,17.37306022644043,17.27654285699929,17.37306022644043,45050,0.0,0.0
2019-03-19 00:00:00+08:00,17.324802268212338,18.820815034596002,17.228284899851783,17.27654266357422,365000,0.0,0.0
2019-03-20 00:00:00+08:00,17.469577595881574,17.614352729585438,17.37306022644043,17.37306022644043,23000,0.0,0.0
2019-03-21 00:00:00+08:00,17.421317926853344,17.421317926853344,17.180025424592685,17.32480239868164,23000,0.0,0.0
2019-03-22 00:00:00+08:00,17.421316349368954,17.517833709716797,17.228283469588796,17.517833709716797,21454,0.0,0.0
2019-03-25 00:00:00+08:00,17.228285029594236,17.373060162767494,17.228285029594236,17.32480239868164,19000,0.0,0.0
2019-03-26 00:00:00+08:00,17.32480239868164,17.5660949009423,17.32480239868164,17.32480239868164,39255,0.0,0.0
2019-03-27 00:00:00+08:00,17.37305878939694,17.710868634040548,17.37305878939694,17.614351272583008,126000,0.0,0.0
2019-03-28 00:00:00+08:00,17.5660949009423,17.5660949009423,17.228285029594236,17.32480239868164,131000,0.0,0.0
2019-03-29 00:00:00+08:00,17.75912779820141,17.75912779820141,17.32480239868164,17.32480239868164,56000,0.0,0.0
2019-04-01 00:00:00+08:00,17.32480246217771,17.566094965322716,17.32480246217771,17.37306022644043,77205,0.0,0.0
2019-04-02 00:00:00+08:00,17.469577058856956,18.820814666748046,17.469577058856956,18.09693717956543,411251,0.0,0.0
2019-04-03 00:00:00+08:00,18.338229475215257,18.338229475215257,18.00041961669922,18.00041961669922,145122,0.0,0.0
2019-04-08 00:00:00+08:00,17.903901921040674,17.95216152331889,17.759126796037215,17.80738639831543,61220,0.0,0.0
2019-04-09 00:00:00+08:00,17.85564422607422,17.85564422607422,17.80738646453215,17.85564422607422,105296,0.0,0.0
2019-04-10 00:00:00+08:00,17.75912686207448,18.000419351616024,17.566093974990608,17.85564422607422,605000,0.0,0.0
2019-04-11 00:00:00+08:00,18.96558895426387,19.64120864868164,18.77255607079848,19.64120864868164,3784619,0.0,0.0
2019-04-12 00:00:00+08:00,20.751154406317347,21.5715492510293,19.979019164774115,20.992446899414062,5063586,0.0,0.0
2019-04-15 00:00:00+08:00,21.52328977047215,23.067562103271484,21.378514641972508,23.067562103271484,4080984,0.0,0.0
2019-04-16 00:00:00+08:00,23.357113219986672,24.997901008914805,23.30885361857035,23.550146102905273,3748742,0.0,0.0
2019-04-17 00:00:00+08:00,24.997902551323985,24.997902551323985,22.874529662710625,23.308855056762695,1761066,0.0,0.0
2019-04-18 00:00:00+08:00,23.93621352847365,23.93621352847365,22.295425751965407,22.48845863342285,1084115,0.0,0.0
2019-04-19 00:00:00+08:00,23.067562381928322,23.067562381928322,21.716324764749277,22.198909759521484,921016,0.0,0.0
2019-04-22 00:00:00+08:00,22.150652318342388,24.418800354003906,21.76458284418106,24.418800354003906,2450822,0.0,0.0
2019-04-23 00:00:00+08:00,25.142676900031265,25.770038851215137,22.778011585802368,22.922786712646484,4781316,0.0,0.0
2019-04-24 00:00:00+08:00,22.778012187621673,23.019304685708946,22.102392456611042,22.247167587280273,998300,0.0,0.0
2019-04-25 00:00:00+08:00,22.536718368530273,23.501888304305314,22.295425884586514,22.536718368530273,992212,0.0,0.0
2019-04-26 00:00:00+08:00,22.44020110692639,22.488458867564308,21.233738681822825,21.61980628967285,856435,0.0,0.0
2019-04-29 00:00:00+08:00,21.619806945663612,21.86109943800565,20.751154341415393,20.944189071655273,441530,0.0,0.0
2019-04-30 00:00:00+08:00,20.84767216033132,21.61980741626684,20.84767216033132,21.185482025146484,323530,0.0,0.0
2019-05-02 00:00:00+08:00,20.79941210351755,21.23373932609947,20.79941210351755,20.944189071655273,263650,0.0,0.0
2019-05-03 00:00:00+08:00,20.50986122676068,21.81284101405565,20.50986122676068,21.61980628967285,631300,0.0,0.0
2019-05-06 00:00:00+08:00,21.04070392307646,21.233738647143994,20.461603432704983,20.60637855529785,376100,0.0,0.0
2019-05-07 00:00:00+08:00,21.185481160227006,21.185481160227006,20.654636582642418,20.75115394592285,219001,0.0,0.0
2019-05-08 00:00:00+08:00,20.751155208491248,20.751155208491248,20.36508757279548,20.413345336914062,398046,0.0,0.0
2019-05-09 00:00:00+08:00,20.654636208601392,20.654636208601392,19.20688130835949,19.59294891357422,304100,0.0,0.0
2019-05-10 00:00:00+08:00,19.351656824028797,20.220311254584487,19.06210657445396,19.78598403930664,404100,0.0,0.0
2019-05-13 00:00:00+08:00,19.11036438298097,19.11036438298097,18.14519442745838,18.82081413269043,777040,0.0,0.0
2019-05-14 00:00:00+08:00,18.43474740607071,19.49643477643585,18.43474740607071,19.30340003967285,223200,0.0,0.0
2019-05-15 00:00:00+08:00,19.206881042910357,19.78598336318673,19.206881042910357,19.44817352294922,239051,0.0,0.0
2019-05-16 00:00:00+08:00,18.676039268971778,19.59294963500376,18.676039268971778,18.96558952331543,689001,0.0,0.0
2019-05-17 00:00:00+08:00,19.013849874325004,19.158625007192313,18.241712764173204,18.33823013305664,490180,0.0,0.0
2019-05-20 00:00:00+08:00,18.531264608279866,18.531264608279866,18.19345474243164,18.19345474243164,43000,0.0,0.0
2019-05-21 00:00:00+08:00,18.193454546039575,18.289971912513717,17.228284563129417,18.09693717956543,178000,0.0,0.0
2019-05-22 00:00:00+08:00,18.19345448053881,18.24171224314432,18.00041974828549,18.04867935180664,26000,0.0,0.0
2019-05-23 00:00:00+08:00,17.37305956990314,17.855644557956005,17.035249710083008,17.035249710083008,232100,0.0,0.0
2019-05-24 00:00:00+08:00,17.03525016313068,17.517835164017757,16.986992399408244,17.27654266357422,179051,0.0,0.0
2019-05-27 00:00:00+08:00,17.662610296100745,17.662610296100745,17.27654266357422,17.27654266357422,47100,0.0,0.0
2019-05-28 00:00:00+08:00,17.180025100708008,17.373059835243648,16.986992207088033,17.180025100708008,124300,0.0,0.0
2019-05-29 00:00:00+08:00,17.08350950995506,17.324802006757164,17.035249906045248,17.13176727294922,52000,0.0,0.0
2019-05-30 00:00:00+08:00,17.566094503559263,17.566094503559263,17.13176727294922,17.13176727294922,60000,0.0,0.0
2019-05-31 00:00:00+08:00,17.324801677365905,18.14519467816264,17.18002470930472,17.95216178894043,382400,0.0,0.0
2019-06-03 00:00:00+08:00,18.04867976954295,18.04867976954295,17.27654266357422,17.27654266357422,132200,0.0,0.0
2019-06-04 00:00:00+08:00,17.324802006757164,17.469577136655293,17.08350950995506,17.13176727294922,78000,0.0,0.0
2019-06-05 00:00:00+08:00,17.5660949009423,17.5660949009423,17.08350989642098,17.32480239868164,85060,0.0,0.0
2019-06-06 00:00:00+08:00,17.32480082993664,17.61435107006464,17.276541229304954,17.517833709716797,43000,0.0,0.0
2019-06-10 00:00:00+08:00,17.6626099508896,18.193454546039575,17.6626099508896,18.09693717956543,192024,0.0,0.0
2019-06-11 00:00:00+08:00,18.09693664832235,18.09693664832235,17.614351671033756,17.80738639831543,146000,0.0,0.0
2019-06-12 00:00:00+08:00,17.71086890220633,17.855644026126946,17.71086890220633,17.759126663208008,53001,0.0,0.0
2019-06-13 00:00:00+08:00,17.66260930028907,17.759126663208008,17.61435153928739,17.759126663208008,25000,0.0,0.0
2019-06-14 00:00:00+08:00,17.759126596269002,17.85564395882414,17.71086883544922,17.71086883544922,50082,0.0,0.0
2019-06-17 00:00:00+08:00,17.566093512312015,17.75912639431154,17.566093512312015,17.614351272583008,36100,0.0,0.0
2019-06-18 00:00:00+08:00,17.614351272583008,17.614351272583008,17.46957615085448,17.614351272583008,63000,0.0,0.0
2019-06-19 00:00:00+08:00,17.952161656469162,18.241711908623664,17.710869166035213,17.903902053833008,90000,0.0,0.0
2019-06-20 00:00:00+08:00,17.952161590073956,18.048678954073694,17.85564422607422,17.85564422607422,89059,0.0,0.0
2019-06-21 00:00:00+08:00,18.048678615743253,19.64120864868164,18.048678615743253,19.64120864868164,658442,0.0,0.0
2019-06-24 00:00:00+08:00,19.592948778005844,19.73772573976073,18.820813572918972,19.49643325805664,735002,0.0,0.0
2019-06-25 00:00:00+08:00,19.49643424629231,19.49643424629231,19.01384925842285,19.01384925842285,113000,0.0,0.0
2019-06-26 00:00:00+08:00,18.91733257105776,18.91733257105776,18.1934550632947,18.38648796081543,222060,0.0,0.0
2019-06-27 00:00:00+08:00,18.57952117919922,18.82081366204596,18.48300381787741,18.57952117919922,46000,0.0,0.0
2019-06-28 00:00:00+08:00,18.53126314848712,18.53126314848712,18.04867818983814,18.43474578857422,108000,0.0,0.0
2019-07-01 00:00:00+08:00,18.531263486201723,19.01384845364536,18.531263486201723,18.627779006958008,67000,0.0,0.0
2019-07-02 00:00:00+08:00,18.724296702776723,18.77255630493164,18.62777933938247,18.77255630493164,43000,0.0,0.0
2019-07-03 00:00:00+08:00,18.6277786674845,18.6277786674845,18.43474578857422,18.43474578857422,36000,0.0,0.0
2019-07-04 00:00:00+08:00,18.48300466721707,19.110364783264234,18.434746904796377,19.01384925842285,108000,0.0,0.0
2019-07-05 00:00:00+08:00,19.013848657950998,19.013848657950998,18.72429656982422,18.72429656982422,28000,0.0,0.0
2019-07-08 00:00:00+08:00,18.676039526437393,19.44817477594211,18.676039526437393,19.11036491394043,161000,0.0,0.0
2019-07-09 00:00:00+08:00,19.303399646774434,19.303399646774434,18.917332022022073,19.11036491394043,90000,0.0,0.0
2019-07-10 00:00:00+08:00,19.11036438298097,19.11036438298097,18.724296768955053,18.82081413269043,110000,0.0,0.0
2019-07-11 00:00:00+08:00,18.483003616333008,18.724296096548624,18.434745856656097,18.483003616333008,107300,0.0,0.0
2019-07-12 00:00:00+08:00,18.48300473057021,19.110364848767745,18.434746967984108,19.06210708618164,88420,0.0,0.0
2019-07-15 00:00:00+08:00,19.1586240526735,19.592949429636512,18.86907196044922,18.86907196044922,202150,0.0,0.0
2019-07-16 00:00:00+08:00,18.62777887149484,18.86907135346195,18.53126335144043,18.53126335144043,81170,0.0,0.0
2019-07-17 00:00:00+08:00,18.434747565882386,18.676040068470073,18.33823019666417,18.38648796081543,42110,0.0,0.0
2019-07-18 00:00:00+08:00,18.38648789704051,18.579522634807386,18.33823013305664,18.33823013305664,57000,0.0,0.0
2019-07-19 00:00:00+08:00,18.53126480620724,18.53126480620724,18.19345493675096,18.28997230529785,45000,0.0,0.0
2019-07-22 00:00:00+08:00,18.434747305904565,18.434747305904565,18.096937438862664,18.24171257019043,19100,0.0,0.0
2019-07-23 00:00:00+08:00,18.145195332019668,18.434747437660345,18.145195332019668,18.28997230529785,25010,0.0,0.0
2019-07-24 00:00:00+08:00,18.289972109947655,18.338229873247833,18.145195138215797,18.19345474243164,58000,0.0,0.0
2019-07-25 00:00:00+08:00,18.048680037395364,18.048680037395364,17.083510021297553,17.42131805419922,201183,0.0,0.0
2019-07-26 00:00:00+08:00,17.373059439442553,18.14519467816264,17.373059439442553,17.95216178894043,95121,0.0,0.0
2019-07-29 00:00:00+08:00,17.952162435841572,18.338230069113454,17.85564506729468,18.28997230529785,91000,0.0,0.0
2019-07-30 00:00:00+08:00,18.33822967529297,18.33822967529297,17.759127317363745,18.09693717956543,61367,0.0,0.0
2019-07-31 00:00:00+08:00,17.807386726772645,18.00041961669922,17.807386726772645,18.00041961669922,2000,0.0,0.0
2019-08-01 00:00:00+08:00,17.903901240458346,17.952160840902067,17.469575881958008,17.469575881958008,36140,0.0,0.0
2019-08-02 00:00:00+08:00,17.517834965687545,17.566094569779285,17.08350957435585,17.180025100708008,104000,0.0,0.0
2019-08-05 00:00:00+08:00,16.98699243191507,16.98699243191507,16.26311492919922,16.26311492919922,84000,0.0,0.0
2019-08-06 00:00:00+08:00,15.394461167140074,15.732270111600867,15.153168669471867,15.635754585266113,100277,0.0,0.0
2019-08-07 00:00:00+08:00,15.732270111600867,15.925304846101698,15.635754585266113,15.635754585266113,34000,0.0,0.0
2019-08-08 00:00:00+08:00,15.635753714009917,15.635753714009917,15.20142650604248,15.20142650604248,61531,0.0,0.0
2019-08-12 00:00:00+08:00,15.008392965124692,15.394460578447248,14.911875601565153,15.34620189666748,45000,0.0,0.0
2019-08-13 00:00:00+08:00,15.15316834995467,15.49097728729248,14.911875857374318,15.49097728729248,98000,0.0,0.0
2019-08-14 00:00:00+08:00,15.539237611059617,16.89047526399617,15.539237611059617,16.35963249206543,123105,0.0,0.0
2019-08-15 00:00:00+08:00,16.21485532446875,16.456147825374035,15.925305059748686,16.26311492919922,99000,0.0,0.0
2019-08-16 00:00:00+08:00,16.21485376257161,16.697438717897143,16.070078644157054,16.456146240234375,47000,0.0,0.0
2019-08-19 00:00:00+08:00,16.456146642748784,16.697439126313522,16.40788888240206,16.649181365966797,28000,0.0,0.0
2019-08-20 00:00:00+08:00,16.842217076644133,17.807387067491003,16.842217076644133,17.180025100708008,60500,0.0,0.0
2019-08-21 00:00:00+08:00,17.32480246217771,17.566094965322716,17.131767723295425,17.37306022644043,21614,0.0,0.0
2019-08-22 00:00:00+08:00,17.662608829780797,17.662608829780797,17.180023868957107,17.517833709716797,36110,0.0,0.0
2019-08-23 00:00:00+08:00,17.13176701000025,17.469576868521408,16.98699188232422,16.98699188232422,35004,0.0,0.0
2019-08-26 00:00:00+08:00,16.552664399952157,16.84221649169922,16.552664399952157,16.84221649169922,7000,0.0,0.0
2019-08-27 00:00:00+08:00,16.69744029432659,17.27654266357422,16.69744029432659,17.27654266357422,49539,0.0,0.0
2019-08-28 00:00:00+08:00,16.98699233626876,17.22828483581543,16.98699233626876,17.22828483581543,40641,0.0,0.0
2019-08-29 00:00:00+08:00,16.98699233626876,17.22828483581543,16.793957600265152,17.22828483581543,64735,0.0,0.0
2019-08-30 00:00:00+08:00,17.32480246217771,17.566094965322716,17.228285092736566,17.37306022644043,41000,0.0,0.0
2019-09-02 00:00:00+08:00,17.662608760986316,17.662608760986316,17.469575881958008,17.469575881958008,17000,0.0,0.0
2019-09-03 00:00:00+08:00,17.61435100145812,17.61435100145812,17.469575881958008,17.469575881958008,27000,0.0,0.0
2019-09-04 00:00:00+08:00,17.6626089649954,17.6626089649954,17.37305872265077,17.56609344482422,16500,0.0,0.0
2019-09-05 00:00:00+08:00,17.614351272583008,17.614351272583008,17.46957615085448,17.614351272583008,21000,0.0,0.0
2019-09-06 00:00:00+08:00,17.517833843823084,17.61435120490981,17.37305872265077,17.56609344482422,27100,0.0,0.0
2019-09-10 00:00:00+08:00,17.27654279368009,17.373060162767494,17.27654279368009,17.32480239868164,5000,0.0,0.0
2019-09-11 00:00:00+08:00,17.324801941077776,17.324801941077776,16.793957345576224,17.08350944519043,48000,0.0,0.0
2019-09-12 00:00:00+08:00,17.421317926853344,17.421317926853344,17.32480239868164,17.32480239868164,9000,0.0,0.0
2019-09-16 00:00:00+08:00,17.662610493848156,17.662610493848156,17.180025487558144,17.37306022644043,9065,0.0,0.0
2019-09-17 00:00:00+08:00,17.228285155529083,17.469577659553536,17.035250415943235,17.42131805419922,33717,0.0,0.0
2019-09-18 00:00:00+08:00,17.421317926853344,17.421317926853344,17.228285029594236,17.32480239868164,15000,0.0,0.0
2019-09-19 00:00:00+08:00,17.13176753149123,17.27654266357422,17.03525016313068,17.27654266357422,14000,0.0,0.0
2019-09-20 00:00:00+08:00,16.98699214305109,17.228284639853193,16.98699214305109,17.13176727294922,30000,0.0,0.0
2019-09-23 00:00:00+08:00,17.276542337350918,17.276542337350918,17.08350944519043,17.08350944519043,45000,0.0,0.0
2019-09-24 00:00:00+08:00,17.13176727294922,17.13176727294922,17.08350950995506,17.13176727294922,27000,0.0,0.0
2019-09-25 00:00:00+08:00,16.842216557768655,17.18002457142533,16.842216557768655,16.890474319458008,13000,0.0,0.0
2019-09-26 00:00:00+08:00,16.890474319458008,17.083509048046626,16.890474319458008,16.890474319458008,16000,0.0,0.0
2019-09-27 00:00:00+08:00,16.890474119744884,16.890474119744884,16.552664269166872,16.793956756591797,16000,0.0,0.0
2019-10-01 00:00:00+08:00,16.793957472552393,17.180025100708008,16.649182342108496,17.180025100708008,8200,0.0,0.0
2019-10-02 00:00:00+08:00,16.986992527333577,17.32480239868164,16.986992527333577,17.32480239868164,6000,0.0,0.0
2019-10-03 00:00:00+08:00,17.276542467975826,17.276542467975826,16.89047483982021,17.180025100708008,11000,0.0,0.0
2019-10-04 00:00:00+08:00,17.180025035943377,17.180025035943377,16.938732539141277,17.13176727294922,18000,0.0,0.0
2019-10-07 00:00:00+08:00,16.890474119744884,16.938731880863635,16.745698995473045,16.793956756591797,18110,0.0,0.0
2019-10-08 00:00:00+08:00,16.697439590869386,16.890474319458008,16.697439590869386,16.890474319458008,21361,0.0,0.0
2019-10-09 00:00:00+08:00,16.6009240023678,16.84221649169922,16.407889274536426,16.84221649169922,13000,0.0,0.0
2019-10-14 00:00:00+08:00,16.214855579695293,16.50440768988868,16.214855579695293,16.40789031982422,23000,0.0,0.0
2019-10-15 00:00:00+08:00,16.26311512237374,16.35963249206543,16.26311512237374,16.35963249206543,42357,0.0,0.0
2019-10-16 00:00:00+08:00,16.35963229774447,16.35963229774447,16.26311492919922,16.26311492919922,5306,0.0,0.0
2019-10-17 00:00:00+08:00,16.16659756065397,16.311372693014,15.828787691203436,16.26311492919922,35000,0.0,0.0
2019-10-18 00:00:00+08:00,16.263114992954044,16.311372756958008,16.070080255106806,16.311372756958008,9846,0.0,0.0
2019-10-21 00:00:00+08:00,16.21485506465731,16.263114668614513,16.11833953857422,16.11833953857422,24000,0.0,0.0
2019-10-22 00:00:00+08:00,16.118339667238274,16.214855194091797,16.02182229946908,16.214855194091797,48500,0.0,0.0
2019-10-23 00:00:00+08:00,16.26311473371813,16.26311473371813,16.070079998947886,16.166597366333008,8000,0.0,0.0
2019-10-24 00:00:00+08:00,16.166597301615766,16.552664928695098,16.11833953857422,16.11833953857422,74000,0.0,0.0
2019-10-25 00:00:00+08:00,16.21485493232556,16.21485493232556,16.02182204081909,16.070079803466797,11000,0.0,0.0
2019-10-28 00:00:00+08:00,16.07007960562339,16.311372097722586,15.973562240600586,15.973562240600586,36102,0.0,0.0
2019-10-29 00:00:00+08:00,16.214854732699784,16.214854732699784,15.925304478546995,15.973562240600586,36262,0.0,0.0
2019-10-30 00:00:00+08:00,16.0700797381596,16.166597103978418,15.925304609889189,16.021821975708008,23000,0.0,0.0
2019-10-31 00:00:00+08:00,16.021821777466386,16.11833914209097,15.78052928636272,15.925304412841797,15000,0.0,0.0
2019-11-01 00:00:00+08:00,15.925304846101698,15.925304846101698,15.635754585266113,15.635754585266113,25100,0.0,0.0
2019-11-04 00:00:00+08:00,15.635753765832774,15.828786649301541,15.635753765832774,15.732269287109375,72000,0.0,0.0
2019-11-05 00:00:00+08:00,15.732269913555076,15.877046883066004,15.539237022399902,15.539237022399902,81000,0.0,0.0
2019-11-06 00:00:00+08:00,15.5392368243389,15.732269713033702,15.346202094728483,15.442719459533691,91000,0.0,0.0
2019-11-07 00:00:00+08:00,15.490976852830839,15.490976852830839,15.249685287475586,15.249685287475586,62000,0.0,0.0
2019-11-08 00:00:00+08:00,15.442719133740535,16.745698928833008,15.442719133740535,16.745698928833008,655815,0.0,0.0
2019-11-11 00:00:00+08:00,16.890473644167034,17.083508365038014,16.407888682905117,16.552663803100586,294000,0.0,0.0
2019-11-12 00:00:00+08:00,16.359631122055333,16.89047384953153,16.359631122055333,16.649181365966797,130000,0.0,0.0
2019-11-13 00:00:00+08:00,16.69743939343871,16.793956756591797,16.50440650804812,16.793956756591797,84000,0.0,0.0
2019-11-14 00:00:00+08:00,17.373058521986092,18.434745799846123,17.373058521986092,17.469575881958008,388000,0.0,0.0
2019-11-15 00:00:00+08:00,17.469576349519162,17.71086883544922,17.469576349519162,17.71086883544922,72408,0.0,0.0
2019-11-18 00:00:00+08:00,17.710869361351545,18.241712109794157,17.614351995930445,18.00041961669922,101000,0.0,0.0
2019-11-19 00:00:00+08:00,18.000419877552375,18.19345461119194,18.000419877552375,18.14519500732422,95000,0.0,0.0
2019-11-20 00:00:00+08:00,18.28997100247991,18.869071490679822,18.145194039514376,18.627779006958008,179000,0.0,0.0
2019-11-21 00:00:00+08:00,18.386486456555605,18.724296300724156,18.386486456555605,18.57952117919922,98000,0.0,0.0
2019-11-22 00:00:00+08:00,18.24171133503067,18.91733102336777,18.24171133503067,18.57952117919922,56000,0.0,0.0
2019-11-25 00:00:00+08:00,18.48300381787741,18.57952117919922,18.386486456555605,18.57952117919922,54000,0.0,0.0
2019-11-26 00:00:00+08:00,18.57952117919922,18.57952117919922,18.53126341899609,18.57952117919922,85000,0.0,0.0
2019-11-27 00:00:00+08:00,18.579521111467635,18.62777887149484,18.53126335144043,18.53126335144043,74000,0.0,0.0
2019-11-28 00:00:00+08:00,18.676039968357188,19.737727342234972,18.434747467062948,19.35165786743164,134000,0.0,0.0
2019-11-29 00:00:00+08:00,19.303398801472756,19.785983771509574,19.2551410408353,19.64120864868164,209008,0.0,0.0
2019-12-02 00:00:00+08:00,19.64120844701491,20.172051172238742,19.54469108581543,19.54469108581543,214000,0.0,0.0
2019-12-03 00:00:00+08:00,19.4964333929572,19.59294891357422,19.44817379173314,19.59294891357422,76000,0.0,0.0
2019-12-04 00:00:00+08:00,19.54469135311896,19.68946647644043,19.496433592316993,19.68946647644043,52000,0.0,0.0
2019-12-05 00:00:00+08:00,20.075534221275703,20.075534221275703,19.64120884837607,19.73772621154785,29000,0.0,0.0
2019-12-06 00:00:00+08:00,19.68946786967063,19.78598523901972,19.351657997406665,19.399917602539062,168049,0.0,0.0
2019-12-09 00:00:00+08:00,19.689466675809832,21.330256332508814,19.689466675809832,19.78598403930664,630000,0.0,0.0
2019-12-10 00:00:00+08:00,19.785984756359934,20.17205238342285,19.6412096263258,20.17205238342285,62000,0.0,0.0
2019-12-11 00:00:00+08:00,20.3168262702543,21.040703717046007,20.3168262702543,20.50986099243164,138000,0.0,0.0
2019-12-12 00:00:00+08:00,20.654637175958698,20.654637175958698,19.592949831207534,20.07553482055664,98000,0.0,0.0
2019-12-13 00:00:00+08:00,19.93075962705907,20.02727699279785,19.78598449890872,20.02727699279785,66485,0.0,0.0
2019-12-16 00:00:00+08:00,19.78598456331343,20.461604284768438,19.689467197260484,20.07553482055664,65000,0.0,0.0
2019-12-17 00:00:00+08:00,20.027276728411984,20.027276728411984,19.88250160217285,19.88250160217285,23000,0.0,0.0
2019-12-18 00:00:00+08:00,19.97901903278153,19.97901903278153,19.785984303213205,19.93075942993164,32000,0.0,0.0
2019-12-19 00:00:00+08:00,19.93075988639407,20.17205238342285,19.834242519399428,20.17205238342285,24000,0.0,0.0
2019-12-20 00:00:00+08:00,20.075535210434325,20.268569946289062,19.834242711073742,20.268569946289062,65100,0.0,0.0
2019-12-23 00:00:00+08:00,20.268569946289062,20.36508731421643,20.220312182783218,20.268569946289062,42000,0.0,0.0
2019-12-24 00:00:00+08:00,20.268569946289062,20.268569946289062,20.172052578361694,20.268569946289062,29000,0.0,0.0
2019-12-25 00:00:00+08:00,20.26856851016774,20.50986099243164,20.220310750081175,20.50986099243164,46000,0.0,0.0
2019-12-26 00:00:00+08:00,20.26857001038939,20.461604746854608,20.26857001038939,20.31682777404785,32000,0.0,0.0
2019-12-27 00:00:00+08:00,20.461604878006526,20.461604878006526,20.3168279042718,20.365087509155273,34102,0.0,0.0
2019-12-30 00:00:00+08:00,20.268569946289062,20.36508731421643,19.882502315495262,20.268569946289062,64000,0.0,0.0
2019-12-31 00:00:00+08:00,19.97901949034922,20.46160448440678,19.93075988639407,20.17205238342285,83262,0.0,0.0
2020-01-02 00:00:00+08:00,20.365087249503446,20.365087249503446,20.172052514262102,20.220312118530273,30000,0.0,0.0
2020-01-03 00:00:00+08:00,20.461604284768438,20.461604284768438,20.07553482055664,20.07553482055664,33261,0.0,0.0
2020-01-06 00:00:00+08:00,20.075534689546526,20.075534689546526,19.834242196446613,19.979019165039062,34000,0.0,0.0
2020-01-07 00:00:00+08:00,20.07553449018649,20.07553449018649,19.785984237708227,19.88250160217285,41000,0.0,0.0
2020-01-08 00:00:00+08:00,19.78598403930664,19.88250140280345,19.78598403930664,19.78598403930664,35000,0.0,0.0
2020-01-09 00:00:00+08:00,19.834241599761903,19.88250120147944,19.54469135311896,19.68946647644043,9000,0.0,0.0
2020-01-10 00:00:00+08:00,19.78598356835636,19.78598356835636,19.54469108581543,19.54469108581543,52000,0.0,0.0
2020-01-13 00:00:00+08:00,19.54469115326571,19.59294891357422,19.4964333929572,19.59294891357422,45000,0.0,0.0
2020-01-14 00:00:00+08:00,19.689466119432712,20.895928526762113,19.689466119432712,20.46160316467285,32000,0.0,0.0
2020-01-15 00:00:00+08:00,20.26857014030402,20.558120405942088,20.26857014030402,20.365087509155273,16000,0.0,0.0
2020-01-16 00:00:00+08:00,20.75115494501023,20.75115494501023,20.268569946289062,20.268569946289062,13000,0.0,0.0
2020-01-17 00:00:00+08:00,20.075534755209425,20.075534755209425,19.979019230386278,20.02727699279785,11138,0.0,0.0
2020-01-20 00:00:00+08:00,20.172052578361694,20.992447444370814,20.12379481485585,20.268569946289062,101000,0.0,0.0
2020-01-30 00:00:00+08:00,18.24171257019043,19.110365199072703,18.24171257019043,18.24171257019043,176000,0.0,0.0
2020-01-31 00:00:00+08:00,18.338229740963783,18.338229740963783,17.855644747780527,18.14519500732422,40060,0.0,0.0
2020-02-03 00:00:00+08:00,18.14519467816264,18.14519467816264,17.95216178894043,17.95216178894043,8000,0.0,0.0
2020-02-04 00:00:00+08:00,17.952162050312037,18.193454546039575,17.952162050312037,18.09693717956543,7000,0.0,0.0
2020-02-05 00:00:00+08:00,18.09693711441215,18.24171224314432,17.90390238215883,18.04867935180664,65000,0.0,0.0
2020-02-06 00:00:00+08:00,18.145195395289768,18.33823013305664,18.048679867322022,18.33823013305664,20000,0.0,0.0
2020-02-07 00:00:00+08:00,18.33823013305664,18.33823013305664,18.33823013305664,18.33823013305664,0,0.0,0.0
2020-02-10 00:00:00+08:00,18.241712764173204,18.33823013305664,18.145195395289768,18.33823013305664,22000,0.0,0.0
2020-02-11 00:00:00+08:00,18.33822967529297,18.33822967529297,18.09693717956543,18.09693717956543,16000,0.0,0.0
2020-02-12 00:00:00+08:00,18.096937374915623,18.241712505731815,18.096937374915623,18.19345474243164,7000,0.0,0.0
2020-02-13 00:00:00+08:00,18.386487364482367,19.06210708618164,18.338229601896263,19.06210708618164,14000,0.0,0.0
2020-02-14 00:00:00+08:00,19.013848860161186,19.013848860161186,18.82081413269043,18.82081413269043,9000,0.0,0.0
2020-02-17 00:00:00+08:00,19.062106822225868,19.54469180506703,18.91733169555664,18.91733169555664,7000,0.0,0.0
2020-02-18 00:00:00+08:00,19.062106822225868,19.54469180506703,18.91733169555664,18.91733169555664,7000,0.0,0.0
2020-02-19 00:00:00+08:00,18.86907196044922,18.86907196044922,18.86907196044922,18.86907196044922,2000,0.0,0.0
2020-02-20 00:00:00+08:00,18.772556371280537,18.82081413269043,18.772556371280537,18.82081413269043,14000,0.0,0.0
2020-02-21 00:00:00+08:00,18.772556371280537,18.82081413269043,18.772556371280537,18.82081413269043,14000,0.0,0.0
2020-02-24 00:00:00+08:00,18.82081413269043,18.82081413269043,18.82081413269043,18.82081413269043,3000,0.0,0.0
2020-02-25 00:00:00+08:00,18.28997100247991,18.627779006958008,18.241711401186212,18.627779006958008,12000,0.0,0.0
2020-02-26 00:00:00+08:00,18.386487237467993,18.386487237467993,18.00041961669922,18.00041961669922,31000,0.0,0.0
2020-02-27 00:00:00+08:00,18.000420097998504,18.000420097998504,17.131767467813624,17.22828483581543,9000,0.0,0.0
2020-03-02 00:00:00+08:00,17.180024368288564,17.180024368288564,16.793956756591797,16.793956756591797,11000,0.0,0.0
2020-03-03 00:00:00+08:00,18.33822879221051,18.33822879221051,17.61435133988641,17.662609100341797,10000,0.0,0.0
2020-03-04 00:00:00+08:00,17.662609100341797,17.662609100341797,16.600923642998897,17.662609100341797,42000,0.0,0.0
2020-03-05 00:00:00+08:00,17.324802268212338,17.37306003193477,17.228284899851783,17.27654266357422,20000,0.0,0.0
2020-03-06 00:00:00+08:00,17.083509618286616,18.19345474243164,17.083509618286616,18.19345474243164,11000,0.0,0.0
2020-03-09 00:00:00+08:00,18.19345474243164,18.19345474243164,18.19345474243164,18.19345474243164,0,0.0,0.0
2020-03-10 00:00:00+08:00,17.03524989118586,18.14519500732422,16.986992128233794,18.14519500732422,13000,0.0,0.0
2020-03-11 00:00:00+08:00,17.276541427939403,17.614351272583008,17.180024066481863,17.614351272583008,6000,0.0,0.0
2020-03-12 00:00:00+08:00,16.986992207088033,17.180025100708008,15.877047085797265,17.180025100708008,46000,0.0,0.0
2020-03-13 00:00:00+08:00,17.180025100708008,17.180025100708008,17.180025100708008,17.180025100708008,0,0.0,0.0
2020-03-16 00:00:00+08:00,14.86361731106389,15.780529527643436,13.946706014942164,14.04322338104248,58000,0.0,0.0
2020-03-17 00:00:00+08:00,12.643727037222172,13.51237964630127,12.643727037222172,13.51237964630127,37000,0.0,0.0
2020-03-18 00:00:00+08:00,12.450692338454784,13.22282850435335,12.450692338454784,13.029794692993164,66000,0.0,0.0
2020-03-19 00:00:00+08:00,12.643726439002418,12.643726439002418,11.726814270019531,11.726814270019531,92000,0.0,0.0
2020-03-20 00:00:00+08:00,11.437264866825293,12.885019866653414,11.292488814567777,12.691985130310059,56000,0.0,0.0
2020-03-23 00:00:00+08:00,11.43726422285218,11.823331832885742,11.43726422285218,11.823331832885742,59000,0.0,0.0
2020-03-24 00:00:00+08:00,11.29248849277478,12.498950958251953,11.29248849277478,12.498950958251953,19000,0.0,0.0
2020-03-25 00:00:00+08:00,12.305917340773114,13.512379825162634,12.305917340773114,12.595468521118164,14000,0.0,0.0
2020-03-26 00:00:00+08:00,12.595468536917505,13.60889720916748,12.595468536917505,13.60889720916748,6000,0.0,0.0
2020-03-27 00:00:00+08:00,14.76710076161042,14.815359444321325,13.898447234187564,13.994964599609375,10000,0.0,0.0
2020-03-30 00:00:00+08:00,13.89844668106846,13.89844668106846,12.643726503266137,13.222827911376953,55000,0.0,0.0
2020-03-31 00:00:00+08:00,13.126312320160986,13.174570083618164,13.029794952330954,13.174570083618164,52000,0.0,0.0
2020-04-01 00:00:00+08:00,13.029794305583092,13.319345474243164,13.029794305583092,13.319345474243164,16000,0.0,0.0
2020-04-06 00:00:00+08:00,12.98153626841594,13.174570083618164,12.98153626841594,13.174570083618164,11000,0.0,0.0
2020-04-07 00:00:00+08:00,14.187998377767569,14.47754955291748,14.091481933022806,14.47754955291748,54000,0.0,0.0
2020-04-08 00:00:00+08:00,14.767100728067392,14.96013453801473,14.47754955291748,14.47754955291748,51000,0.0,0.0
2020-04-09 00:00:00+08:00,14.622324806437005,15.539237022399902,14.477549677841717,15.539237022399902,21000,0.0,0.0
2020-04-10 00:00:00+08:00,15.780528836360544,15.780528836360544,15.20142650604248,15.20142650604248,13000,0.0,0.0
2020-04-13 00:00:00+08:00,14.815359379187173,14.815359379187173,14.574066887151275,14.960134506225586,17000,0.0,0.0
2020-04-14 00:00:00+08:00,14.332774489596108,15.008393287658691,13.994964630335907,15.008393287658691,103000,0.0,0.0
2020-04-15 00:00:00+08:00,15.008392820279832,15.008392820279832,14.525807848055129,14.76710033416748,12000,0.0,0.0
2020-04-16 00:00:00+08:00,14.574066918120055,14.574066918120055,14.284515742970143,14.47754955291748,45000,0.0,0.0
2020-04-17 00:00:00+08:00,15.539236602874077,15.539236602874077,14.33277416229248,14.33277416229248,62000,0.0,0.0
2020-04-20 00:00:00+08:00,14.09148202889952,14.622324779752034,14.09148202889952,14.525808334350586,153000,0.0,0.0
2020-04-21 00:00:00+08:00,14.52580847204372,14.622324918360068,13.99496479570141,14.091482162475586,83000,0.0,0.0
2020-04-22 00:00:00+08:00,14.33277416229248,14.33277416229248,14.33277416229248,14.33277416229248,1000,0.0,0.0
2020-04-23 00:00:00+08:00,14.33277416229248,14.381031923549509,14.33277416229248,14.33277416229248,21000,0.0,0.0
2020-04-24 00:00:00+08:00,14.670583462681668,14.767100828540935,14.33277452308987,14.525808334350586,25000,0.0,0.0
2020-04-27 00:00:00+08:00,14.429290582937181,14.815359115600586,14.429290582937181,14.815359115600586,59000,0.0,0.0
2020-04-28 00:00:00+08:00,15.104909831766914,15.153168514899852,14.96013470282592,15.056652069091797,46000,0.0,0.0
2020-04-29 00:00:00+08:00,16.214854591836144,16.214854591836144,15.153168188097574,15.394460678100586,35000,0.0,0.0
2020-04-30 00:00:00+08:00,15.490976998478105,15.828786849975586,15.34620187381221,15.828786849975586,19000,0.0,0.0
2020-05-04 00:00:00+08:00,15.635754189144109,15.635754189144109,15.442719459533691,15.442719459533691,5000,0.0,0.0
2020-05-05 00:00:00+08:00,15.539236556301839,15.539236556301839,15.153168024198129,15.297944068908691,25000,0.0,0.0
2020-05-06 00:00:00+08:00,15.153167924967256,15.249685287475586,15.056651482916713,15.249685287475586,7000,0.0,0.0
2020-05-07 00:00:00+08:00,15.056652069091797,15.056652069091797,15.056652069091797,15.056652069091797,20000,0.0,0.0
2020-05-08 00:00:00+08:00,15.249685579584625,15.34620202348395,14.670583234357464,14.91187572479248,12000,0.0,0.0
2020-05-11 00:00:00+08:00,14.91187622347998,14.91187622347998,14.477549910263638,14.670583724975586,22000,0.0,0.0
2020-05-12 00:00:00+08:00,14.670583724975586,14.863617539687535,14.670583724975586,14.670583724975586,17000,0.0,0.0
2020-05-13 00:00:00+08:00,14.670583724975586,14.960134907272426,14.670583724975586,14.670583724975586,63000,0.0,0.0
2020-05-14 00:00:00+08:00,14.670583724975586,14.670583724975586,14.670583724975586,14.670583724975586,0,0.0,0.0
2020-05-15 00:00:00+08:00,15.877046429852706,15.877046429852706,14.670583070680136,14.815359115600586,37000,0.0,0.0
2020-05-18 00:00:00+08:00,14.525808136025866,14.525808136025866,14.284515645129947,14.429290771484375,30000,0.0,0.0
2020-05-19 00:00:00+08:00,14.477549286979153,14.477549286979153,14.284515480577657,14.33277416229248,13000,0.0,0.0
2020-05-20 00:00:00+08:00,14.187998018103505,14.284515380859375,14.187998018103505,14.284515380859375,39000,0.0,0.0
2020-05-21 00:00:00+08:00,14.284515645129947,14.429290771484375,14.236256962859201,14.429290771484375,33000,0.0,0.0
2020-05-22 00:00:00+08:00,14.429291270915083,14.429291270915083,14.18799877166748,14.18799877166748,9000,0.0,0.0
2020-05-25 00:00:00+08:00,14.187998608791935,14.187998608791935,13.898447428927236,14.091482162475586,22000,0.0,0.0
2020-05-26 00:00:00+08:00,14.091482227083855,14.139739990234375,14.091482227083855,14.139739990234375,4000,0.0,0.0
2020-05-27 00:00:00+08:00,14.139740087726391,14.18799877166748,14.091482324243142,14.18799877166748,11000,0.0,0.0
2020-05-28 00:00:00+08:00,14.381032382760472,14.574067115783691,14.091482124141288,14.574067115783691,9000,0.0,0.0
2020-05-29 00:00:00+08:00,14.477549651420953,14.622324779752034,14.477549651420953,14.525808334350586,27000,0.0,0.0
2020-06-01 00:00:00+08:00,14.525807867291263,14.5740665486692,14.236256699481439,14.284515380859375,15000,0.0,0.0
2020-06-02 00:00:00+08:00,14.381031823157457,14.381031823157457,14.236256699481439,14.284515380859375,24000,0.0,0.0
2020-06-03 00:00:00+08:00,14.332774823490745,14.381032586973994,14.139740087726391,14.18799877166748,13000,0.0,0.0
2020-06-04 00:00:00+08:00,14.187998608791935,14.187998608791935,13.705413615836713,14.091482162475586,33000,0.0,0.0
2020-06-05 00:00:00+08:00,13.994964333910678,13.994964333910678,13.801930527189676,13.850189208984375,22000,0.0,0.0
2020-06-08 00:00:00+08:00,14.38103169150152,15.20142650604248,14.38103169150152,15.20142650604248,319000,0.0,0.0
2020-06-09 00:00:00+08:00,14.86361731106389,14.86361731106389,13.994964697992323,14.04322338104248,485000,0.0,0.0
2020-06-10 00:00:00+08:00,14.043223543475506,14.187998673842724,14.043223543475506,14.139739990234375,41000,0.0,0.0
2020-06-11 00:00:00+08:00,14.187997831191277,14.187997831191277,13.705412864685059,13.705412864685059,115000,0.0,0.0
2020-06-12 00:00:00+08:00,13.415862083435059,13.464120765554023,13.222828275417005,13.415862083435059,34000,0.0,0.0
2020-06-15 00:00:00+08:00,13.415862125629957,14.622324580109549,13.415862125629957,14.429290771484375,152000,0.0,0.0
2020-06-16 00:00:00+08:00,15.15316834995467,15.780529382938278,14.670583364793963,15.49097728729248,440000,0.0,0.0
2020-06-17 00:00:00+08:00,15.490977046117985,15.490977046117985,14.815359181960865,14.863616943359375,101000,0.0,0.0
2020-06-18 00:00:00+08:00,14.86361740060404,15.490977522661927,14.670583587698369,15.104909896850586,111000,0.0,0.0
2020-06-19 00:00:00+08:00,14.960134506225586,15.104909633264,14.911875823726845,14.960134506225586,53000,0.0,0.0
2020-06-22 00:00:00+08:00,14.8636175854692,14.8636175854692,14.18799877166748,14.18799877166748,74000,0.0,0.0
2020-06-23 00:00:00+08:00,14.091482064092638,14.187998509735134,13.994964697992323,14.04322338104248,80000,0.0,0.0
2020-06-24 00:00:00+08:00,14.187998409995183,14.187998409995183,13.994964599609375,13.994964599609375,3000,0.0,0.0
2020-06-29 00:00:00+08:00,13.657154573572075,13.994964427947021,13.367604321773896,13.415862083435059,284000,0.0,0.0
2020-06-30 00:00:00+08:00,13.415861798907587,13.753671646118164,13.415861798907587,13.753671646118164,44000,0.0,0.0
2020-07-01 00:00:00+08:00,13.753671545427236,13.994964028680345,13.705412864685059,13.705412864685059,27000,0.0,0.0
2020-07-02 00:00:00+08:00,13.705412864685059,13.89844666719599,13.60889642365848,13.705412864685059,26000,0.0,0.0
2020-07-03 00:00:00+08:00,13.898447588478788,14.381032586973994,13.898447588478788,14.18799877166748,150000,0.0,0.0
2020-07-06 00:00:00+08:00,14.767100928349087,14.911876057658679,14.47754974927208,14.574067115783691,211000,0.0,0.0
2020-07-07 00:00:00+08:00,14.429290870316192,14.47754955291748,14.381032187714906,14.47754955291748,26000,0.0,0.0
2020-07-08 00:00:00+08:00,14.477549813589714,14.62232494354248,14.477549813589714,14.62232494354248,126000,0.0,0.0
2020-07-09 00:00:00+08:00,14.815359776352922,14.815359776352922,14.332774779344135,14.670583724975586,89000,0.0,0.0
2020-07-10 00:00:00+08:00,14.47754955291748,14.47754955291748,14.284515742970143,14.47754955291748,31000,0.0,0.0
2020-07-13 00:00:00+08:00,14.477549286979153,14.477549286979153,13.994964310746516,14.33277416229248,34000,0.0,0.0
2020-07-14 00:00:00+08:00,14.284515775416994,14.284515775416994,13.94670591689847,13.994964599609375,79000,0.0,0.0
2020-07-15 00:00:00+08:00,13.994964500545574,13.994964500545574,13.753672009156858,13.94670581817627,74000,0.0,0.0
2020-07-16 00:00:00+08:00,13.946705652115979,13.946705652115979,13.657154481805577,13.850189208984375,43000,0.0,0.0
2020-07-17 00:00:00+08:00,13.850189606352119,13.850189606352119,13.464121061375852,13.560638427734375,223000,0.0,0.0
2020-07-20 00:00:00+08:00,13.560638229818023,13.657154674310075,13.464120864868164,13.464120864868164,76000,0.0,0.0
2020-07-21 00:00:00+08:00,13.850000381469727,13.850000381469727,13.600000381469727,13.699999809265137,69000,0.485879,0.0
2020-07-22 00:00:00+08:00,13.649999618530273,13.949999809265137,13.600000381469727,13.899999618530273,43000,0.0,0.0
2020-07-23 00:00:00+08:00,13.899999618530273,13.949999809265137,13.649999618530273,13.699999809265137,31000,0.0,0.0
2020-07-24 00:00:00+08:00,13.699999809265137,13.699999809265137,13.449999809265137,13.649999618530273,25000,0.0,0.0
2020-07-27 00:00:00+08:00,13.449999809265137,13.449999809265137,13.100000381469727,13.399999618530273,89000,0.0,0.0
2020-07-28 00:00:00+08:00,13.149999618530273,13.199999809265137,12.899999618530273,13.100000381469727,59000,0.0,0.0
2020-07-29 00:00:00+08:00,13.100000381469727,13.199999809265137,13.0,13.199999809265137,36000,0.0,0.0
2020-07-30 00:00:00+08:00,13.149999618530273,13.149999618530273,13.100000381469727,13.149999618530273,14000,0.0,0.0
2020-07-31 00:00:00+08:00,13.149999618530273,13.350000381469727,13.149999618530273,13.350000381469727,11000,0.0,0.0
2020-08-03 00:00:00+08:00,13.75,13.75,13.300000190734863,13.300000190734863,27000,0.0,0.0
2020-08-04 00:00:00+08:00,13.399999618530273,13.399999618530273,13.100000381469727,13.199999809265137,28000,0.0,0.0
2020-08-05 00:00:00+08:00,13.199999809265137,13.25,13.199999809265137,13.25,10000,0.0,0.0
2020-08-06 00:00:00+08:00,13.25,13.699999809265137,13.199999809265137,13.25,42000,0.0,0.0
2020-08-07 00:00:00+08:00,13.25,13.399999618530273,13.100000381469727,13.199999809265137,45000,0.0,0.0
2020-08-10 00:00:00+08:00,13.149999618530273,13.149999618530273,13.100000381469727,13.100000381469727,11000,0.0,0.0
2020-08-11 00:00:00+08:00,13.149999618530273,13.350000381469727,13.050000190734863,13.100000381469727,62000,0.0,0.0
2020-08-12 00:00:00+08:00,13.699999809265137,14.399999618530273,13.300000190734863,13.75,1151000,0.0,0.0
2020-08-13 00:00:00+08:00,13.800000190734863,13.800000190734863,13.5,13.649999618530273,88000,0.0,0.0
2020-08-14 00:00:00+08:00,13.600000381469727,13.800000190734863,13.600000381469727,13.75,33000,0.0,0.0
2020-08-17 00:00:00+08:00,13.850000381469727,13.850000381469727,13.300000190734863,13.5,114000,0.0,0.0
2020-08-18 00:00:00+08:00,13.600000381469727,13.600000381469727,13.25,13.300000190734863,69000,0.0,0.0
2020-08-19 00:00:00+08:00,13.300000190734863,13.300000190734863,13.149999618530273,13.149999618530273,29000,0.0,0.0
2020-08-20 00:00:00+08:00,13.199999809265137,13.199999809265137,12.5,12.899999618530273,99000,0.0,0.0
2020-08-21 00:00:00+08:00,13.350000381469727,13.350000381469727,12.850000381469727,13.25,10000,0.0,0.0
2020-08-24 00:00:00+08:00,13.25,13.25,13.0,13.0,23000,0.0,0.0
2020-08-25 00:00:00+08:00,13.050000190734863,13.050000190734863,13.0,13.050000190734863,26000,0.0,0.0
2020-08-26 00:00:00+08:00,13.0,13.350000381469727,12.949999809265137,13.300000190734863,41000,0.0,0.0
2020-08-27 00:00:00+08:00,13.350000381469727,13.449999809265137,12.949999809265137,13.100000381469727,120000,0.0,0.0
2020-08-28 00:00:00+08:00,13.0,13.050000190734863,12.899999618530273,13.050000190734863,27000,0.0,0.0
2020-08-31 00:00:00+08:00,13.050000190734863,13.199999809265137,13.0,13.149999618530273,25000,0.0,0.0
2020-09-01 00:00:00+08:00,13.149999618530273,13.300000190734863,13.100000381469727,13.300000190734863,10000,0.0,0.0
2020-09-02 00:00:00+08:00,13.199999809265137,13.350000381469727,13.199999809265137,13.300000190734863,25000,0.0,0.0
2020-09-03 00:00:00+08:00,13.199999809265137,13.350000381469727,13.199999809265137,13.300000190734863,56000,0.0,0.0
2020-09-04 00:00:00+08:00,13.25,13.25,13.0,13.149999618530273,27000,0.0,0.0
2020-09-07 00:00:00+08:00,13.149999618530273,13.149999618530273,13.0,13.0,34000,0.0,0.0
2020-09-08 00:00:00+08:00,13.0,13.100000381469727,13.0,13.100000381469727,24000,0.0,0.0
2020-09-09 00:00:00+08:00,13.0,13.399999618530273,13.0,13.399999618530273,77000,0.0,0.0
2020-09-10 00:00:00+08:00,13.350000381469727,13.350000381469727,13.199999809265137,13.25,63000,0.0,0.0
2020-09-11 00:00:00+08:00,13.100000381469727,13.100000381469727,13.0,13.0,83000,0.0,0.0
2020-09-14 00:00:00+08:00,13.0,13.0,12.850000381469727,12.949999809265137,28000,0.0,0.0
2020-09-15 00:00:00+08:00,13.0,13.050000190734863,12.949999809265137,12.949999809265137,25000,0.0,0.0
2020-09-16 00:00:00+08:00,12.949999809265137,13.100000381469727,12.899999618530273,13.050000190734863,145000,0.0,0.0
2020-09-17 00:00:00+08:00,13.050000190734863,13.050000190734863,13.0,13.0,24000,0.0,0.0
2020-09-18 00:00:00+08:00,13.149999618530273,13.149999618530273,13.149999618530273,13.149999618530273,32000,0.0,0.0
2020-09-21 00:00:00+08:00,13.149999618530273,13.149999618530273,13.050000190734863,13.100000381469727,12000,0.0,0.0
2020-09-22 00:00:00+08:00,13.0,13.0,12.850000381469727,12.899999618530273,52000,0.0,0.0
2020-09-23 00:00:00+08:00,12.899999618530273,12.899999618530273,12.800000190734863,12.850000381469727,25000,0.0,0.0
2020-09-24 00:00:00+08:00,12.800000190734863,12.800000190734863,12.649999618530273,12.699999809265137,26000,0.0,0.0
2020-09-25 00:00:00+08:00,12.649999618530273,12.649999618530273,12.5,12.649999618530273,34000,0.0,0.0
2020-09-28 00:00:00+08:00,12.649999618530273,12.699999809265137,12.600000381469727,12.699999809265137,16000,0.0,0.0
2020-09-29 00:00:00+08:00,12.699999809265137,12.699999809265137,12.600000381469727,12.699999809265137,20000,0.0,0.0
2020-09-30 00:00:00+08:00,12.699999809265137,12.699999809265137,12.699999809265137,12.699999809265137,1000,0.0,0.0
2020-10-05 00:00:00+08:00,12.550000190734863,12.649999618530273,12.5,12.649999618530273,11000,0.0,0.0
2020-10-06 00:00:00+08:00,12.649999618530273,12.800000190734863,12.649999618530273,12.800000190734863,10000,0.0,0.0
2020-10-07 00:00:00+08:00,12.75,12.75,12.600000381469727,12.649999618530273,35000,0.0,0.0
2020-10-08 00:00:00+08:00,12.649999618530273,12.649999618530273,12.5,12.550000190734863,28000,0.0,0.0
2020-10-12 00:00:00+08:00,12.649999618530273,12.649999618530273,12.300000190734863,12.399999618530273,26000,0.0,0.0
2020-10-13 00:00:00+08:00,12.25,12.399999618530273,12.25,12.350000381469727,27000,0.0,0.0
2020-10-14 00:00:00+08:00,12.300000190734863,12.5,12.25,12.5,44000,0.0,0.0
2020-10-15 00:00:00+08:00,12.449999809265137,12.600000381469727,12.399999618530273,12.5,29000,0.0,0.0
2020-10-16 00:00:00+08:00,12.600000381469727,12.600000381469727,12.399999618530273,12.449999809265137,23000,0.0,0.0
2020-10-19 00:00:00+08:00,12.350000381469727,12.5,12.300000190734863,12.5,20000,0.0,0.0
2020-10-20 00:00:00+08:00,12.25,12.449999809265137,12.25,12.449999809265137,27000,0.0,0.0
2020-10-21 00:00:00+08:00,12.649999618530273,12.649999618530273,12.449999809265137,12.5,45000,0.0,0.0
2020-10-22 00:00:00+08:00,12.399999618530273,12.449999809265137,12.399999618530273,12.399999618530273,15000,0.0,0.0
2020-10-23 00:00:00+08:00,12.300000190734863,12.350000381469727,12.300000190734863,12.350000381469727,14000,0.0,0.0
2020-10-26 00:00:00+08:00,12.25,12.399999618530273,12.149999618530273,12.399999618530273,1242000,0.0,0.0
2020-10-27 00:00:00+08:00,12.25,12.350000381469727,12.25,12.350000381469727,2821000,0.0,0.0
2020-10-28 00:00:00+08:00,12.25,12.350000381469727,12.0,12.100000381469727,3491000,0.0,0.0
2020-10-29 00:00:00+08:00,12.0,12.0,11.800000190734863,12.0,5697000,0.0,0.0
2020-10-30 00:00:00+08:00,12.149999618530273,12.149999618530273,11.850000381469727,12.0,2553000,0.0,0.0
2020-11-02 00:00:00+08:00,12.0,12.100000381469727,11.699999809265137,12.100000381469727,1839000,0.0,0.0
2020-11-03 00:00:00+08:00,12.0,12.0,11.800000190734863,11.850000381469727,3462000,0.0,0.0
2020-11-04 00:00:00+08:00,11.850000381469727,11.850000381469727,11.600000381469727,11.699999809265137,5305000,0.0,0.0
2020-11-05 00:00:00+08:00,11.800000190734863,11.800000190734863,11.449999809265137,11.699999809265137,4472000,0.0,0.0
2020-11-06 00:00:00+08:00,11.649999618530273,11.649999618530273,11.550000190734863,11.550000190734863,6381000,0.0,0.0
2020-11-09 00:00:00+08:00,11.550000190734863,11.550000190734863,11.449999809265137,11.5,35000,0.0,0.0
2020-11-10 00:00:00+08:00,11.600000381469727,11.649999618530273,11.5,11.649999618530273,44000,0.0,0.0
2020-11-11 00:00:00+08:00,12.25,12.800000190734863,12.25,12.800000190734863,79000,0.0,0.0
2020-11-12 00:00:00+08:00,13.100000381469727,13.899999618530273,12.5,12.5,646000,0.0,0.0
2020-11-13 00:00:00+08:00,12.5,12.5,12.0,12.199999809265137,160000,0.0,0.0
2020-11-16 00:00:00+08:00,12.300000190734863,12.399999618530273,11.949999809265137,12.0,90000,0.0,0.0
2020-11-17 00:00:00+08:00,12.0,12.0,11.699999809265137,11.949999809265137,42000,0.0,0.0
2020-11-18 00:00:00+08:00,11.850000381469727,12.149999618530273,11.850000381469727,12.100000381469727,30000,0.0,0.0
2020-11-19 00:00:00+08:00,11.949999809265137,12.149999618530273,11.899999618530273,12.149999618530273,33000,0.0,0.0
2020-11-20 00:00:00+08:00,12.199999809265137,12.399999618530273,12.199999809265137,12.399999618530273,34000,0.0,0.0
2020-11-23 00:00:00+08:00,12.25,12.350000381469727,12.0,12.300000190734863,131000,0.0,0.0
2020-11-24 00:00:00+08:00,12.449999809265137,12.449999809265137,12.300000190734863,12.399999618530273,20000,0.0,0.0
2020-11-25 00:00:00+08:00,12.449999809265137,12.600000381469727,12.399999618530273,12.600000381469727,36000,0.0,0.0
2020-11-26 00:00:00+08:00,12.600000381469727,12.649999618530273,12.600000381469727,12.600000381469727,47000,0.0,0.0
2020-11-27 00:00:00+08:00,12.75,13.149999618530273,12.699999809265137,12.899999618530273,50000,0.0,0.0
2020-11-30 00:00:00+08:00,12.899999618530273,12.949999809265137,12.899999618530273,12.949999809265137,15000,0.0,0.0
2020-12-01 00:00:00+08:00,12.949999809265137,12.949999809265137,12.850000381469727,12.850000381469727,22000,0.0,0.0
2020-12-02 00:00:00+08:00,12.850000381469727,13.0,12.800000190734863,12.949999809265137,34000,0.0,0.0
2020-12-03 00:00:00+08:00,12.850000381469727,13.0,12.800000190734863,12.800000190734863,37000,0.0,0.0
2020-12-04 00:00:00+08:00,12.699999809265137,12.800000190734863,12.699999809265137,12.800000190734863,9000,0.0,0.0
2020-12-07 00:00:00+08:00,12.800000190734863,13.100000381469727,12.75,12.75,32000,0.0,0.0
2020-12-08 00:00:00+08:00,12.800000190734863,12.800000190734863,12.699999809265137,12.75,18000,0.0,0.0
2020-12-09 00:00:00+08:00,12.600000381469727,12.699999809265137,12.600000381469727,12.649999618530273,22000,0.0,0.0
2020-12-10 00:00:00+08:00,12.649999618530273,13.0,12.649999618530273,12.75,22000,0.0,0.0
2020-12-11 00:00:00+08:00,12.75,12.75,12.100000381469727,12.600000381469727,28000,0.0,0.0
2020-12-14 00:00:00+08:00,12.699999809265137,12.75,12.649999618530273,12.75,10000,0.0,0.0
2020-12-15 00:00:00+08:00,12.75,12.75,12.600000381469727,12.649999618530273,14000,0.0,0.0
2020-12-16 00:00:00+08:00,12.699999809265137,12.800000190734863,12.649999618530273,12.800000190734863,4000,0.0,0.0
2020-12-17 00:00:00+08:00,12.800000190734863,12.800000190734863,12.75,12.75,13000,0.0,0.0
2020-12-18 00:00:00+08:00,12.699999809265137,12.800000190734863,12.699999809265137,12.800000190734863,5000,0.0,0.0
2020-12-21 00:00:00+08:00,12.800000190734863,13.0,12.800000190734863,13.0,6000,0.0,0.0
2020-12-22 00:00:00+08:00,13.0,13.0,12.649999618530273,12.800000190734863,18000,0.0,0.0
2020-12-23 00:00:00+08:00,12.800000190734863,12.800000190734863,12.75,12.800000190734863,9000,0.0,0.0
2020-12-24 00:00:00+08:00,12.800000190734863,12.800000190734863,12.75,12.75,5000,0.0,0.0
2020-12-25 00:00:00+08:00,13.0,13.0,12.899999618530273,12.899999618530273,2000,0.0,0.0
2020-12-28 00:00:00+08:00,13.050000190734863,13.050000190734863,12.800000190734863,12.899999618530273,44000,0.0,0.0
2020-12-29 00:00:00+08:00,12.899999618530273,13.0,12.800000190734863,13.0,15000,0.0,0.0
2020-12-30 00:00:00+08:00,13.0,13.0,12.800000190734863,12.899999618530273,22000,0.0,0.0
2020-12-31 00:00:00+08:00,13.0,14.0,13.0,13.350000381469727,249000,0.0,0.0
2021-01-04 00:00:00+08:00,13.449999809265137,13.449999809265137,13.050000190734863,13.199999809265137,73000,0.0,0.0
2021-01-05 00:00:00+08:00,13.199999809265137,13.199999809265137,12.800000190734863,12.899999618530273,81000,0.0,0.0
2021-01-06 00:00:00+08:00,13.0,13.0,12.5,12.600000381469727,231000,0.0,0.0
2021-01-07 00:00:00+08:00,12.600000381469727,12.600000381469727,12.399999618530273,12.399999618530273,50000,0.0,0.0
2021-01-08 00:00:00+08:00,12.449999809265137,12.449999809265137,12.199999809265137,12.199999809265137,49000,0.0,0.0
2021-01-11 00:00:00+08:00,12.25,12.25,12.149999618530273,12.149999618530273,50000,0.0,0.0
2021-01-12 00:00:00+08:00,12.350000381469727,12.350000381469727,11.800000190734863,11.850000381469727,63000,0.0,0.0
2021-01-13 00:00:00+08:00,11.899999618530273,12.0,11.850000381469727,12.0,13000,0.0,0.0
2021-01-14 00:00:00+08:00,12.149999618530273,12.149999618530273,11.850000381469727,11.850000381469727,53000,0.0,0.0
2021-01-15 00:00:00+08:00,11.850000381469727,11.899999618530273,11.600000381469727,11.699999809265137,44000,0.0,0.0
2021-01-18 00:00:00+08:00,11.75,11.75,11.600000381469727,11.699999809265137,28000,0.0,0.0
2021-01-19 00:00:00+08:00,11.800000190734863,11.800000190734863,11.699999809265137,11.699999809265137,9000,0.0,0.0
2021-01-20 00:00:00+08:00,11.699999809265137,11.75,11.300000190734863,11.350000381469727,141000,0.0,0.0
2021-01-21 00:00:00+08:00,11.350000381469727,11.899999618530273,11.25,11.300000190734863,59000,0.0,0.0
2021-01-22 00:00:00+08:00,11.600000381469727,11.600000381469727,11.25,11.300000190734863,41000,0.0,0.0
2021-01-25 00:00:00+08:00,11.399999618530273,11.5,11.350000381469727,11.5,26000,0.0,0.0
2021-01-26 00:00:00+08:00,11.5,11.5,11.300000190734863,11.300000190734863,46000,0.0,0.0
2021-01-27 00:00:00+08:00,11.350000381469727,11.350000381469727,11.25,11.25,25000,0.0,0.0
2021-01-28 00:00:00+08:00,11.25,11.25,11.100000381469727,11.100000381469727,28000,0.0,0.0
2021-01-29 00:00:00+08:00,11.149999618530273,11.300000190734863,11.100000381469727,11.149999618530273,25000,0.0,0.0
2021-02-01 00:00:00+08:00,11.5,11.5,11.100000381469727,11.100000381469727,60000,0.0,0.0
2021-02-02 00:00:00+08:00,11.100000381469727,11.149999618530273,11.100000381469727,11.149999618530273,45000,0.0,0.0
2021-02-03 00:00:00+08:00,11.149999618530273,11.25,11.100000381469727,11.149999618530273,30000,0.0,0.0
2021-02-04 00:00:00+08:00,11.149999618530273,11.149999618530273,10.800000190734863,11.050000190734863,53000,0.0,0.0
2021-02-05 00:00:00+08:00,11.050000190734863,11.300000190734863,11.050000190734863,11.149999618530273,15000,0.0,0.0
2021-02-17 00:00:00+08:00,11.149999618530273,11.199999809265137,11.149999618530273,11.199999809265137,27000,0.0,0.0
2021-02-18 00:00:00+08:00,11.25,11.449999809265137,11.199999809265137,11.399999618530273,15000,0.0,0.0
2021-02-19 00:00:00+08:00,11.25,11.5,11.25,11.449999809265137,16000,0.0,0.0
2021-02-22 00:00:00+08:00,11.399999618530273,11.899999618530273,11.399999618530273,11.699999809265137,46000,0.0,0.0
2021-02-23 00:00:00+08:00,11.699999809265137,11.800000190734863,11.699999809265137,11.699999809265137,15000,0.0,0.0
2021-02-24 00:00:00+08:00,11.75,11.75,11.699999809265137,11.75,16000,0.0,0.0
2021-02-25 00:00:00+08:00,11.899999618530273,12.0,11.899999618530273,11.899999618530273,39000,0.0,0.0
2021-02-26 00:00:00+08:00,11.850000381469727,11.850000381469727,11.75,11.75,9000,0.0,0.0
2021-03-02 00:00:00+08:00,11.75,12.0,11.75,11.899999618530273,17000,0.0,0.0
2021-03-03 00:00:00+08:00,11.899999618530273,12.100000381469727,11.899999618530273,12.050000190734863,12000,0.0,0.0
2021-03-04 00:00:00+08:00,11.699999809265137,11.899999618530273,11.699999809265137,11.850000381469727,12000,0.0,0.0
2021-03-05 00:00:00+08:00,11.600000381469727,11.850000381469727,11.5,11.649999618530273,53000,0.0,0.0
2021-03-08 00:00:00+08:00,11.550000190734863,11.800000190734863,11.550000190734863,11.800000190734863,38000,0.0,0.0
2021-03-09 00:00:00+08:00,11.800000190734863,11.800000190734863,11.649999618530273,11.649999618530273,18000,0.0,0.0
2021-03-10 00:00:00+08:00,11.699999809265137,11.699999809265137,11.699999809265137,11.699999809265137,5000,0.0,0.0
2021-03-11 00:00:00+08:00,11.850000381469727,12.850000381469727,11.850000381469727,12.850000381469727,301000,0.0,0.0
2021-03-12 00:00:00+08:00,14.100000381469727,14.100000381469727,14.100000381469727,14.100000381469727,307000,0.0,0.0
2021-03-15 00:00:00+08:00,15.5,15.5,14.25,14.300000190734863,3020000,0.0,0.0
2021-03-16 00:00:00+08:00,14.300000190734863,14.300000190734863,13.800000190734863,14.100000381469727,530000,0.0,0.0
2021-03-17 00:00:00+08:00,14.0,14.0,13.399999618530273,13.449999809265137,684000,0.0,0.0
2021-03-18 00:00:00+08:00,13.449999809265137,13.850000381469727,13.399999618530273,13.550000190734863,276000,0.0,0.0
2021-03-19 00:00:00+08:00,13.449999809265137,14.050000190734863,13.449999809265137,13.75,385000,0.0,0.0
2021-03-22 00:00:00+08:00,13.800000190734863,13.800000190734863,13.449999809265137,13.600000381469727,335000,0.0,0.0
2021-03-23 00:00:00+08:00,13.649999618530273,13.800000190734863,13.399999618530273,13.449999809265137,388000,0.0,0.0
2021-03-24 00:00:00+08:00,13.399999618530273,13.600000381469727,13.050000190734863,13.050000190734863,285000,0.0,0.0
2021-03-25 00:00:00+08:00,13.050000190734863,13.199999809265137,12.899999618530273,12.899999618530273,179000,0.0,0.0
2021-03-26 00:00:00+08:00,13.100000381469727,13.100000381469727,12.699999809265137,12.75,261000,0.0,0.0
2021-03-29 00:00:00+08:00,12.75,12.949999809265137,12.75,12.850000381469727,111000,0.0,0.0
2021-03-30 00:00:00+08:00,13.149999618530273,13.25,12.899999618530273,13.100000381469727,166000,0.0,0.0
2021-03-31 00:00:00+08:00,13.149999618530273,13.399999618530273,13.149999618530273,13.25,118000,0.0,0.0
2021-04-01 00:00:00+08:00,13.550000190734863,13.600000381469727,13.300000190734863,13.399999618530273,80000,0.0,0.0
2021-04-07 00:00:00+08:00,13.149999618530273,13.199999809265137,13.0,13.100000381469727,118000,0.0,0.0
2021-04-08 00:00:00+08:00,13.199999809265137,13.399999618530273,13.050000190734863,13.199999809265137,129000,0.0,0.0
2021-04-09 00:00:00+08:00,13.399999618530273,13.399999618530273,13.149999618530273,13.149999618530273,92000,0.0,0.0
2021-04-12 00:00:00+08:00,13.199999809265137,13.550000190734863,13.149999618530273,13.25,170000,0.0,0.0
2021-04-13 00:00:00+08:00,13.550000190734863,14.550000190734863,13.350000381469727,13.5,1027000,0.0,0.0
2021-04-14 00:00:00+08:00,13.600000381469727,13.75,13.0,13.100000381469727,442000,0.0,0.0
2021-04-15 00:00:00+08:00,13.100000381469727,13.449999809265137,13.100000381469727,13.300000190734863,133000,0.0,0.0
2021-04-16 00:00:00+08:00,13.649999618530273,14.0,13.399999618530273,13.5,214000,0.0,0.0
2021-04-19 00:00:00+08:00,13.850000381469727,14.25,13.800000190734863,14.0,209000,0.0,0.0
2021-04-20 00:00:00+08:00,13.949999809265137,14.050000190734863,13.75,14.0,244000,0.0,0.0
2021-04-21 00:00:00+08:00,13.850000381469727,14.050000190734863,13.75,13.800000190734863,85000,0.0,0.0
2021-04-22 00:00:00+08:00,13.800000190734863,13.899999618530273,13.399999618530273,13.5,228000,0.0,0.0
2021-04-23 00:00:00+08:00,13.75,13.75,13.5,13.600000381469727,124000,0.0,0.0
2021-04-26 00:00:00+08:00,13.75,13.850000381469727,13.649999618530273,13.699999809265137,94000,0.0,0.0
2021-04-27 00:00:00+08:00,13.800000190734863,14.100000381469727,13.600000381469727,13.899999618530273,216000,0.0,0.0
2021-04-28 00:00:00+08:00,14.100000381469727,14.949999809265137,14.100000381469727,14.550000190734863,626000,0.0,0.0
2021-04-29 00:00:00+08:00,14.899999618530273,14.899999618530273,14.050000190734863,14.100000381469727,181000,0.0,0.0
2021-05-03 00:00:00+08:00,14.399999618530273,14.399999618530273,13.800000190734863,13.850000381469727,198000,0.0,0.0
2021-05-04 00:00:00+08:00,13.75,13.75,12.5,12.899999618530273,189000,0.0,0.0
2021-05-05 00:00:00+08:00,12.949999809265137,13.199999809265137,12.75,12.899999618530273,153000,0.0,0.0
2021-05-06 00:00:00+08:00,13.449999809265137,13.449999809265137,12.899999618530273,12.949999809265137,172000,0.0,0.0
2021-05-07 00:00:00+08:00,13.050000190734863,13.649999618530273,13.0,13.050000190734863,82000,0.0,0.0
2021-05-10 00:00:00+08:00,13.350000381469727,13.5,13.300000190734863,13.399999618530273,82000,0.0,0.0
2021-05-11 00:00:00+08:00,13.399999618530273,13.399999618530273,12.100000381469727,12.100000381469727,851000,0.0,0.0
2021-05-12 00:00:00+08:00,12.100000381469727,12.100000381469727,10.899999618530273,10.899999618530273,395000,0.0,0.0
2021-05-13 00:00:00+08:00,10.899999618530273,11.399999618530273,10.699999809265137,10.949999809265137,178000,0.0,0.0
2021-05-14 00:00:00+08:00,11.149999618530273,11.300000190734863,10.949999809265137,11.050000190734863,196000,0.0,0.0
2021-05-17 00:00:00+08:00,10.899999618530273,10.899999618530273,10.0,10.0,122000,0.0,0.0
2021-05-18 00:00:00+08:00,10.050000190734863,11.0,10.050000190734863,10.850000381469727,70000,0.0,0.0
2021-05-19 00:00:00+08:00,11.149999618530273,11.5,10.850000381469727,11.100000381469727,81000,0.0,0.0
2021-05-20 00:00:00+08:00,11.100000381469727,11.350000381469727,11.100000381469727,11.149999618530273,27000,0.0,0.0
2021-05-21 00:00:00+08:00,11.399999618530273,11.600000381469727,11.149999618530273,11.25,108000,0.0,0.0
2021-05-24 00:00:00+08:00,11.399999618530273,11.449999809265137,11.300000190734863,11.300000190734863,63000,0.0,0.0
2021-05-25 00:00:00+08:00,11.399999618530273,12.0,11.399999618530273,11.550000190734863,383000,0.0,0.0
2021-05-26 00:00:00+08:00,11.699999809265137,12.100000381469727,11.550000190734863,11.850000381469727,1607000,0.0,0.0
2021-05-27 00:00:00+08:00,11.699999809265137,12.0,11.699999809265137,11.949999809265137,42000,0.0,0.0
2021-05-28 00:00:00+08:00,12.050000190734863,12.050000190734863,11.699999809265137,11.949999809265137,57000,0.0,0.0
2021-05-31 00:00:00+08:00,11.850000381469727,12.550000190734863,11.850000381469727,12.050000190734863,889000,0.0,0.0
2021-06-01 00:00:00+08:00,12.300000190734863,12.75,12.100000381469727,12.399999618530273,1090000,0.0,0.0
2021-06-02 00:00:00+08:00,12.449999809265137,12.5,12.149999618530273,12.300000190734863,123000,0.0,0.0
2021-06-03 00:00:00+08:00,12.350000381469727,12.350000381469727,12.149999618530273,12.149999618530273,89000,0.0,0.0
2021-06-04 00:00:00+08:00,12.149999618530273,12.199999809265137,12.0,12.0,76000,0.0,0.0
2021-06-07 00:00:00+08:00,11.850000381469727,11.949999809265137,11.699999809265137,11.949999809265137,148000,0.0,0.0
2021-06-08 00:00:00+08:00,11.699999809265137,11.800000190734863,11.300000190734863,11.550000190734863,120000,0.0,0.0
2021-06-09 00:00:00+08:00,11.5,12.100000381469727,11.5,11.600000381469727,438000,0.0,0.0
2021-06-10 00:00:00+08:00,11.75,12.050000190734863,11.550000190734863,11.699999809265137,297000,0.0,0.0
2021-06-11 00:00:00+08:00,12.0,12.0,11.699999809265137,11.75,54000,0.0,0.0
2021-06-15 00:00:00+08:00,11.949999809265137,12.300000190734863,11.899999618530273,11.899999618530273,52000,0.0,0.0
2021-06-16 00:00:00+08:00,11.899999618530273,12.300000190734863,11.899999618530273,12.300000190734863,18000,0.0,0.0
2021-06-17 00:00:00+08:00,12.350000381469727,12.75,12.0,12.699999809265137,114000,0.0,0.0
2021-06-18 00:00:00+08:00,12.699999809265137,12.75,12.5,12.600000381469727,55000,0.0,0.0
2021-06-21 00:00:00+08:00,12.699999809265137,12.699999809265137,12.199999809265137,12.550000190734863,50000,0.0,0.0
2021-06-22 00:00:00+08:00,12.550000190734863,12.600000381469727,12.5,12.600000381469727,25000,0.0,0.0
2021-06-23 00:00:00+08:00,12.699999809265137,12.699999809265137,12.5,12.600000381469727,47000,0.0,0.0
2021-06-24 00:00:00+08:00,12.75,12.75,12.600000381469727,12.600000381469727,33000,0.0,0.0
2021-06-25 00:00:00+08:00,12.850000381469727,12.850000381469727,12.600000381469727,12.800000190734863,31000,0.0,0.0
2021-06-28 00:00:00+08:00,12.600000381469727,12.75,12.300000190734863,12.699999809265137,41000,0.0,0.0
2021-06-29 00:00:00+08:00,12.699999809265137,12.899999618530273,12.600000381469727,12.75,23000,0.0,0.0
2021-06-30 00:00:00+08:00,12.800000190734863,12.800000190734863,12.5,12.649999618530273,50000,0.0,0.0
2021-07-01 00:00:00+08:00,12.649999618530273,12.800000190734863,12.5,12.800000190734863,69000,0.0,0.0
2021-07-02 00:00:00+08:00,12.75,12.899999618530273,12.649999618530273,12.699999809265137,47000,0.0,0.0
2021-07-05 00:00:00+08:00,12.699999809265137,13.0,12.649999618530273,12.899999618530273,51000,0.0,0.0
2021-07-06 00:00:00+08:00,12.899999618530273,12.949999809265137,12.800000190734863,12.800000190734863,19000,0.0,0.0
2021-07-07 00:00:00+08:00,12.949999809265137,12.949999809265137,12.649999618530273,12.899999618530273,38000,0.0,0.0
2021-07-08 00:00:00+08:00,12.899999618530273,13.0,12.75,12.75,53000,0.0,0.0
2021-07-09 00:00:00+08:00,12.899999618530273,12.949999809265137,12.800000190734863,12.800000190734863,21000,0.0,0.0
2021-07-12 00:00:00+08:00,13.0,13.0,12.800000190734863,12.800000190734863,74000,0.0,0.0
2021-07-13 00:00:00+08:00,12.800000190734863,12.949999809265137,12.5,12.5,30000,0.0,0.0
2021-07-14 00:00:00+08:00,12.5,13.0,12.5,12.649999618530273,49000,0.0,0.0
2021-07-15 00:00:00+08:00,12.649999618530273,12.850000381469727,12.649999618530273,12.850000381469727,20000,0.0,0.0
2021-07-16 00:00:00+08:00,12.75,12.949999809265137,12.75,12.850000381469727,26000,0.0,0.0
2021-07-19 00:00:00+08:00,12.75,12.899999618530273,12.699999809265137,12.899999618530273,55000,0.0,0.0
2021-07-20 00:00:00+08:00,12.899999618530273,12.899999618530273,12.699999809265137,12.800000190734863,39000,0.0,0.0
2021-07-21 00:00:00+08:00,12.699999809265137,12.899999618530273,12.550000190734863,12.550000190734863,65000,0.0,0.0
2021-07-22 00:00:00+08:00,12.550000190734863,12.75,12.449999809265137,12.449999809265137,54000,0.0,0.0
2021-07-23 00:00:00+08:00,12.850000381469727,12.850000381469727,12.449999809265137,12.600000381469727,68000,0.0,0.0
2021-07-26 00:00:00+08:00,12.5,12.550000190734863,12.449999809265137,12.5,33000,0.0,0.0
2021-07-27 00:00:00+08:00,12.5,12.600000381469727,12.199999809265137,12.350000381469727,38000,0.0,0.0
2021-07-28 00:00:00+08:00,12.199999809265137,12.25,11.899999618530273,12.199999809265137,67000,0.0,0.0
2021-07-29 00:00:00+08:00,12.199999809265137,12.199999809265137,12.0,12.050000190734863,27000,0.0,0.0
2021-07-30 00:00:00+08:00,12.149999618530273,12.25,12.0,12.199999809265137,122000,0.0,0.0
2021-08-02 00:00:00+08:00,12.199999809265137,12.25,12.199999809265137,12.199999809265137,17000,0.0,0.0
2021-08-03 00:00:00+08:00,12.199999809265137,12.199999809265137,12.100000381469727,12.100000381469727,27000,0.0,0.0
2021-08-04 00:00:00+08:00,12.100000381469727,12.100000381469727,12.050000190734863,12.100000381469727,8000,0.0,0.0
2021-08-05 00:00:00+08:00,12.100000381469727,12.100000381469727,12.050000190734863,12.050000190734863,18000,0.0,0.0
2021-08-06 00:00:00+08:00,12.050000190734863,12.25,12.0,12.25,63000,0.0,0.0
2021-08-09 00:00:00+08:00,12.25,12.25,12.100000381469727,12.25,65000,0.0,0.0
2021-08-10 00:00:00+08:00,12.25,12.25,11.949999809265137,12.100000381469727,98000,0.0,0.0
2021-08-11 00:00:00+08:00,12.350000381469727,13.300000190734863,12.350000381469727,12.449999809265137,1050000,0.0,0.0
2021-08-12 00:00:00+08:00,12.5,12.550000190734863,12.050000190734863,12.100000381469727,131000,0.0,0.0
2021-08-13 00:00:00+08:00,12.149999618530273,12.199999809265137,11.899999618530273,12.100000381469727,149000,0.0,0.0
2021-08-16 00:00:00+08:00,12.050000190734863,12.199999809265137,11.899999618530273,12.0,158000,0.0,0.0
2021-08-17 00:00:00+08:00,12.0,12.0,12.0,12.0,0,0.0,0.0
2021-08-18 00:00:00+08:00,12.100000381469727,12.149999618530273,11.949999809265137,12.149999618530273,53000,0.0,0.0
2021-08-19 00:00:00+08:00,12.25,12.300000190734863,12.050000190734863,12.050000190734863,49000,0.0,0.0
2021-08-20 00:00:00+08:00,12.100000381469727,12.100000381469727,12.050000190734863,12.050000190734863,66000,0.0,0.0
2021-08-23 00:00:00+08:00,12.050000190734863,12.25,12.050000190734863,12.050000190734863,37000,0.0,0.0
2021-08-24 00:00:00+08:00,12.050000190734863,12.050000190734863,11.949999809265137,12.050000190734863,33000,0.0,0.0
2021-08-25 00:00:00+08:00,12.0,12.100000381469727,12.0,12.100000381469727,32000,0.0,0.0
2021-08-26 00:00:00+08:00,12.100000381469727,12.149999618530273,12.0,12.149999618530273,52000,0.0,0.0
2021-08-27 00:00:00+08:00,12.350000381469727,13.350000381469727,12.350000381469727,13.350000381469727,1899000,0.0,0.0
2021-08-30 00:00:00+08:00,14.149999618530273,14.300000190734863,12.800000190734863,13.0,1854000,0.0,0.0
2021-08-31 00:00:00+08:00,12.699999809265137,12.949999809265137,12.699999809265137,12.75,174000,0.0,0.0
2021-09-01 00:00:00+08:00,12.600000381469727,12.850000381469727,12.600000381469727,12.800000190734863,85000,0.0,0.0
2021-09-02 00:00:00+08:00,12.800000190734863,12.949999809265137,12.600000381469727,12.899999618530273,336000,0.0,0.0
2021-09-03 00:00:00+08:00,12.899999618530273,14.050000190734863,12.649999618530273,13.949999809265137,2577000,0.0,0.0
2021-09-06 00:00:00+08:00,14.550000190734863,15.300000190734863,14.100000381469727,15.300000190734863,1548000,0.0,0.0
2021-09-07 00:00:00+08:00,15.25,15.25,13.800000190734863,13.899999618530273,2242000,0.0,0.0
2021-09-08 00:00:00+08:00,13.899999618530273,15.25,13.699999809265137,15.25,1334000,0.0,0.0
2021-09-09 00:00:00+08:00,16.25,16.75,15.649999618530273,16.75,6671000,0.0,0.0
2021-09-10 00:00:00+08:00,16.850000381469727,18.399999618530273,16.799999237060547,18.399999618530273,5146000,0.0,0.0
2021-09-13 00:00:00+08:00,19.600000381469727,19.950000762939453,18.149999618530273,18.899999618530273,6002000,0.0,0.0
2021-09-14 00:00:00+08:00,18.899999618530273,18.950000762939453,17.649999618530273,18.600000381469727,2333000,0.0,0.0
2021-09-15 00:00:00+08:00,19.0,19.0,17.350000381469727,17.5,1417000,0.0,0.0
2021-09-16 00:00:00+08:00,18.0,19.25,17.5,19.25,2440000,0.0,0.0
2021-09-17 00:00:00+08:00,19.850000381469727,21.149999618530273,19.799999237060547,20.399999618530273,13351000,0.0,0.0
2021-09-22 00:00:00+08:00,18.5,18.799999237060547,18.399999618530273,18.399999618530273,1323000,0.0,0.0
2021-09-23 00:00:00+08:00,17.299999237060547,17.399999618530273,16.600000381469727,16.600000381469727,4614000,0.0,0.0
2021-09-24 00:00:00+08:00,16.399999618530273,17.399999618530273,16.049999237060547,16.299999237060547,5764000,0.0,0.0
2021-09-27 00:00:00+08:00,16.299999237060547,17.899999618530273,16.100000381469727,17.600000381469727,8876000,0.0,0.0
2021-09-28 00:00:00+08:00,17.399999618530273,19.299999237060547,16.399999618530273,18.25,31250000,0.0,0.0
2021-09-29 00:00:00+08:00,17.399999618530273,18.100000381469727,17.0,17.0,2539000,0.0,0.0
2021-09-30 00:00:00+08:00,16.899999618530273,17.799999237060547,16.399999618530273,16.700000762939453,1819000,0.0,0.0
2021-10-01 00:00:00+08:00,16.200000762939453,16.649999618530273,15.050000190734863,15.050000190734863,2420000,0.0,0.0
2021-10-04 00:00:00+08:00,15.100000381469727,15.600000381469727,13.550000190734863,13.75,2124000,0.0,0.0
2021-10-05 00:00:00+08:00,13.899999618530273,15.0,13.850000381469727,14.550000190734863,2512000,0.0,0.0
2021-10-06 00:00:00+08:00,14.850000381469727,15.600000381469727,14.649999618530273,14.949999809265137,2038000,0.0,0.0
2021-10-07 00:00:00+08:00,15.350000381469727,15.850000381469727,14.850000381469727,15.699999809265137,1893000,0.0,0.0
2021-10-08 00:00:00+08:00,15.600000381469727,16.0,14.899999618530273,15.100000381469727,1683000,0.0,0.0
2021-10-12 00:00:00+08:00,14.699999809265137,15.350000381469727,14.5,14.550000190734863,765000,0.0,0.0
2021-10-13 00:00:00+08:00,14.550000190734863,16.0,14.449999809265137,16.0,2612000,0.0,0.0
2021-10-14 00:00:00+08:00,16.200000762939453,17.600000381469727,16.149999618530273,17.600000381469727,2071000,0.0,0.0
2021-10-15 00:00:00+08:00,19.350000381469727,19.350000381469727,18.100000381469727,18.100000381469727,7152000,0.0,0.0
2021-10-18 00:00:00+08:00,18.25,19.299999237060547,17.799999237060547,18.200000762939453,3164000,0.0,0.0
2021-10-19 00:00:00+08:00,18.200000762939453,19.700000762939453,18.049999237060547,19.0,4497000,0.0,0.0
2021-10-20 00:00:00+08:00,20.0,20.0,18.649999618530273,18.75,4561000,0.0,0.0
2021-10-21 00:00:00+08:00,18.399999618530273,19.25,17.850000381469727,17.899999618530273,4694000,0.0,0.0
2021-10-22 00:00:00+08:00,17.799999237060547,18.700000762939453,16.850000381469727,16.850000381469727,3697000,0.0,0.0
2021-10-25 00:00:00+08:00,16.600000381469727,18.5,16.450000762939453,17.600000381469727,6252000,0.0,0.0
2021-10-26 00:00:00+08:00,17.350000381469727,18.049999237060547,17.149999618530273,17.450000762939453,3450000,0.0,0.0
2021-10-27 00:00:00+08:00,17.049999237060547,18.799999237060547,17.049999237060547,18.100000381469727,2601000,0.0,0.0
2021-10-28 00:00:00+08:00,18.299999237060547,18.799999237060547,18.200000762939453,18.350000381469727,1244000,0.0,0.0
2021-10-29 00:00:00+08:00,18.350000381469727,19.0,17.600000381469727,18.100000381469727,1464000,0.0,0.0
2021-11-01 00:00:00+08:00,18.450000762939453,18.700000762939453,17.799999237060547,18.700000762939453,1285000,0.0,0.0
2021-11-02 00:00:00+08:00,18.799999237060547,19.0,17.799999237060547,17.799999237060547,2903000,0.0,0.0
2021-11-03 00:00:00+08:00,18.0,18.350000381469727,17.649999618530273,17.899999618530273,581000,0.0,0.0
2021-11-04 00:00:00+08:00,18.149999618530273,18.899999618530273,18.049999237060547,18.350000381469727,1046000,0.0,0.0
2021-11-05 00:00:00+08:00,18.600000381469727,19.149999618530273,18.25,18.399999618530273,1147000,0.0,0.0
2021-11-08 00:00:00+08:00,18.649999618530273,19.100000381469727,18.100000381469727,18.399999618530273,1899000,0.0,0.0
2021-11-09 00:00:00+08:00,18.600000381469727,19.350000381469727,17.799999237060547,18.649999618530273,12350000,0.0,0.0
2021-11-10 00:00:00+08:00,17.850000381469727,18.899999618530273,17.799999237060547,17.899999618530273,1553000,0.0,0.0
2021-11-11 00:00:00+08:00,17.799999237060547,18.350000381469727,17.049999237060547,17.049999237060547,1038000,0.0,0.0
2021-11-12 00:00:00+08:00,17.049999237060547,17.299999237060547,16.600000381469727,16.600000381469727,909000,0.0,0.0
2021-11-15 00:00:00+08:00,16.600000381469727,17.350000381469727,16.600000381469727,17.200000762939453,471000,0.0,0.0
2021-11-16 00:00:00+08:00,17.149999618530273,17.200000762939453,16.700000762939453,16.75,320000,0.0,0.0
2021-11-17 00:00:00+08:00,16.850000381469727,17.299999237060547,16.649999618530273,16.899999618530273,371000,0.0,0.0
2021-11-18 00:00:00+08:00,16.899999618530273,17.299999237060547,16.700000762939453,16.700000762939453,295000,0.0,0.0
2021-11-19 00:00:00+08:00,16.75,16.899999618530273,16.600000381469727,16.649999618530273,270000,0.0,0.0
2021-11-22 00:00:00+08:00,16.649999618530273,17.700000762939453,16.649999618530273,17.399999618530273,687000,0.0,0.0
2021-11-23 00:00:00+08:00,17.399999618530273,17.75,16.950000762939453,16.950000762939453,744000,0.0,0.0
2021-11-24 00:00:00+08:00,17.100000381469727,17.450000762939453,16.799999237060547,17.100000381469727,1110000,0.0,0.0
2021-11-25 00:00:00+08:00,17.350000381469727,17.350000381469727,17.0,17.149999618530273,234000,0.0,0.0
2021-11-26 00:00:00+08:00,17.149999618530273,17.149999618530273,15.949999809265137,15.949999809265137,623000,0.0,0.0
2021-11-29 00:00:00+08:00,15.350000381469727,16.100000381469727,15.0,15.899999618530273,841000,0.0,0.0
2021-11-30 00:00:00+08:00,16.0,16.850000381469727,16.0,16.600000381469727,386000,0.0,0.0
2021-12-01 00:00:00+08:00,16.600000381469727,17.200000762939453,16.5,16.899999618530273,392000,0.0,0.0
2021-12-02 00:00:00+08:00,17.299999237060547,17.299999237060547,16.350000381469727,16.350000381469727,635000,0.0,0.0
2021-12-03 00:00:00+08:00,16.649999618530273,17.350000381469727,16.600000381469727,17.0,416000,0.0,0.0
2021-12-06 00:00:00+08:00,17.350000381469727,18.700000762939453,17.25,18.700000762939453,2106000,0.0,0.0
2021-12-07 00:00:00+08:00,19.25,19.850000381469727,17.649999618530273,18.049999237060547,1970000,0.0,0.0
2021-12-08 00:00:00+08:00,19.799999237060547,19.799999237060547,18.0,18.0,1466000,0.0,0.0
2021-12-09 00:00:00+08:00,18.0,18.799999237060547,17.950000762939453,18.799999237060547,1092000,0.0,0.0
2021-12-10 00:00:00+08:00,18.799999237060547,19.0,18.299999237060547,18.649999618530273,528000,0.0,0.0
2021-12-13 00:00:00+08:00,19.0,19.299999237060547,18.399999618530273,18.549999237060547,696000,0.0,0.0
2021-12-14 00:00:00+08:00,18.600000381469727,18.899999618530273,17.799999237060547,18.100000381469727,481000,0.0,0.0
2021-12-15 00:00:00+08:00,18.049999237060547,19.899999618530273,18.049999237060547,19.899999618530273,2978000,0.0,0.0
2021-12-16 00:00:00+08:00,20.350000381469727,21.850000381469727,19.600000381469727,21.850000381469727,5322000,0.0,0.0
2021-12-17 00:00:00+08:00,21.850000381469727,23.549999237060547,20.100000381469727,20.5,12344000,0.0,0.0
2021-12-20 00:00:00+08:00,20.600000381469727,21.399999618530273,19.299999237060547,19.299999237060547,2668000,0.0,0.0
2021-12-21 00:00:00+08:00,19.350000381469727,19.75,19.200000762939453,19.299999237060547,1752000,0.0,0.0
2021-12-22 00:00:00+08:00,19.299999237060547,19.600000381469727,18.75,18.850000381469727,1312000,0.0,0.0
2021-12-23 00:00:00+08:00,19.299999237060547,20.0,18.700000762939453,18.75,1085000,0.0,0.0
2021-12-24 00:00:00+08:00,18.799999237060547,19.350000381469727,18.5,18.799999237060547,716000,0.0,0.0
2021-12-27 00:00:00+08:00,18.850000381469727,19.700000762939453,18.649999618530273,19.600000381469727,1158000,0.0,0.0
2021-12-28 00:00:00+08:00,19.600000381469727,19.799999237060547,18.899999618530273,18.899999618530273,689000,0.0,0.0
2021-12-29 00:00:00+08:00,19.100000381469727,19.850000381469727,19.0,19.25,1256000,0.0,0.0
2021-12-30 00:00:00+08:00,19.5,19.899999618530273,19.0,19.5,1067000,0.0,0.0
2022-01-03 00:00:00+08:00,20.0,20.5,19.149999618530273,19.25,1177000,0.0,0.0
2022-01-04 00:00:00+08:00,19.399999618530273,19.399999618530273,18.549999237060547,18.600000381469727,657000,0.0,0.0
2022-01-05 00:00:00+08:00,18.549999237060547,19.700000762939453,18.200000762939453,19.700000762939453,1373000,0.0,0.0
2022-01-06 00:00:00+08:00,19.700000762939453,20.100000381469727,18.700000762939453,18.700000762939453,4385000,0.0,0.0
2022-01-07 00:00:00+08:00,18.75,18.899999618530273,17.5,17.5,1587000,0.0,0.0
2022-01-10 00:00:00+08:00,17.149999618530273,18.299999237060547,17.149999618530273,17.899999618530273,2516000,0.0,0.0
2022-01-11 00:00:00+08:00,17.799999237060547,17.899999618530273,17.0,17.200000762939453,3471000,0.0,0.0
2022-01-12 00:00:00+08:00,17.299999237060547,17.899999618530273,16.450000762939453,17.899999618530273,1432000,0.0,0.0
2022-01-13 00:00:00+08:00,17.799999237060547,18.850000381469727,17.600000381469727,17.75,19293000,0.0,0.0
2022-01-14 00:00:00+08:00,17.399999618530273,17.549999237060547,16.75,16.899999618530273,1151000,0.0,0.0
2022-01-17 00:00:00+08:00,16.75,17.200000762939453,16.600000381469727,16.950000762939453,463000,0.0,0.0
2022-01-18 00:00:00+08:00,17.0,17.75,17.0,17.200000762939453,641000,0.0,0.0
2022-01-19 00:00:00+08:00,17.299999237060547,17.700000762939453,16.899999618530273,17.299999237060547,2519000,0.0,0.0
2022-01-20 00:00:00+08:00,17.25,17.5,16.850000381469727,17.049999237060547,481000,0.0,0.0
2022-01-21 00:00:00+08:00,17.549999237060547,17.549999237060547,15.75,15.75,448000,0.0,0.0
2022-01-24 00:00:00+08:00,15.949999809265137,17.200000762939453,15.550000190734863,16.549999237060547,5113000,0.0,0.0
2022-01-25 00:00:00+08:00,16.399999618530273,16.799999237060547,16.399999618530273,16.5,384000,0.0,0.0
2022-01-26 00:00:00+08:00,16.850000381469727,16.850000381469727,16.100000381469727,16.149999618530273,181000,0.0,0.0
2022-02-07 00:00:00+08:00,16.5,16.850000381469727,16.350000381469727,16.799999237060547,223000,0.0,0.0
2022-02-08 00:00:00+08:00,16.799999237060547,17.700000762939453,16.75,17.399999618530273,883000,0.0,0.0
2022-02-09 00:00:00+08:00,17.600000381469727,17.600000381469727,17.149999618530273,17.25,248000,0.0,0.0
2022-02-10 00:00:00+08:00,17.450000762939453,17.450000762939453,16.899999618530273,16.899999618530273,230000,0.0,0.0
2022-02-11 00:00:00+08:00,16.899999618530273,17.700000762939453,16.75,17.0,1414000,0.0,0.0
2022-02-14 00:00:00+08:00,16.649999618530273,17.0,16.649999618530273,16.850000381469727,169000,0.0,0.0
2022-02-15 00:00:00+08:00,16.850000381469727,17.700000762939453,16.799999237060547,17.299999237060547,923000,0.0,0.0
2022-02-16 00:00:00+08:00,17.350000381469727,18.200000762939453,16.850000381469727,16.899999618530273,3051000,0.0,0.0
2022-02-17 00:00:00+08:00,17.25,18.549999237060547,17.200000762939453,18.549999237060547,2121000,0.0,0.0
2022-02-18 00:00:00+08:00,18.299999237060547,19.399999618530273,18.200000762939453,18.549999237060547,5306000,0.0,0.0
2022-02-21 00:00:00+08:00,18.5,19.25,18.450000762939453,18.899999618530273,890000,0.0,0.0
2022-02-22 00:00:00+08:00,19.200000762939453,19.200000762939453,18.0,18.799999237060547,625000,0.0,0.0
2022-02-23 00:00:00+08:00,18.799999237060547,19.100000381469727,18.399999618530273,18.75,740000,0.0,0.0
2022-02-24 00:00:00+08:00,18.799999237060547,18.899999618530273,17.600000381469727,17.799999237060547,605000,0.0,0.0
2022-02-25 00:00:00+08:00,18.0,18.350000381469727,17.600000381469727,17.600000381469727,384000,0.0,0.0
2022-03-01 00:00:00+08:00,17.899999618530273,18.799999237060547,17.799999237060547,18.649999618530273,375000,0.0,0.0
2022-03-02 00:00:00+08:00,18.600000381469727,18.899999618530273,18.450000762939453,18.75,400000,0.0,0.0
2022-03-03 00:00:00+08:00,19.200000762939453,19.299999237060547,18.450000762939453,18.450000762939453,321000,0.0,0.0
2022-03-04 00:00:00+08:00,18.399999618530273,19.0,17.850000381469727,17.950000762939453,315000,0.0,0.0
2022-03-07 00:00:00+08:00,17.950000762939453,17.950000762939453,16.5,16.850000381469727,677000,0.0,0.0
2022-03-08 00:00:00+08:00,16.5,17.350000381469727,16.25,16.700000762939453,564000,0.0,0.0
2022-03-09 00:00:00+08:00,17.0,18.0,16.75,17.200000762939453,309000,0.0,0.0
2022-03-10 00:00:00+08:00,17.600000381469727,17.75,17.0,17.25,164000,0.0,0.0
2022-03-11 00:00:00+08:00,17.049999237060547,17.25,16.799999237060547,17.0,110000,0.0,0.0
2022-03-14 00:00:00+08:00,17.049999237060547,17.350000381469727,16.850000381469727,17.0,154000,0.0,0.0
2022-03-15 00:00:00+08:00,17.100000381469727,17.25,16.600000381469727,16.799999237060547,210000,0.0,0.0
2022-03-16 00:00:00+08:00,17.299999237060547,17.299999237060547,16.649999618530273,16.700000762939453,225000,0.0,0.0
2022-03-17 00:00:00+08:00,17.0,17.100000381469727,16.850000381469727,16.950000762939453,120000,0.0,0.0
2022-03-18 00:00:00+08:00,17.149999618530273,17.25,17.0,17.0,102000,0.0,0.0
2022-03-21 00:00:00+08:00,17.149999618530273,17.399999618530273,17.049999237060547,17.25,101000,0.0,0.0
2022-03-22 00:00:00+08:00,17.299999237060547,17.700000762939453,17.200000762939453,17.399999618530273,152000,0.0,0.0
2022-03-23 00:00:00+08:00,17.549999237060547,17.649999618530273,17.200000762939453,17.399999618530273,176000,0.0,0.0
2022-03-24 00:00:00+08:00,17.200000762939453,17.700000762939453,17.200000762939453,17.450000762939453,80000,0.0,0.0
2022-03-25 00:00:00+08:00,17.600000381469727,17.600000381469727,17.350000381469727,17.350000381469727,64000,0.0,0.0
2022-03-28 00:00:00+08:00,17.200000762939453,17.25,16.899999618530273,17.0,103000,0.0,0.0
2022-03-29 00:00:00+08:00,17.049999237060547,17.5,17.0,17.450000762939453,82000,0.0,0.0
2022-03-30 00:00:00+08:00,17.450000762939453,17.5,17.25,17.25,82000,0.0,0.0
2022-03-31 00:00:00+08:00,17.25,17.25,16.950000762939453,17.049999237060547,218000,0.0,0.0
2022-04-01 00:00:00+08:00,17.049999237060547,17.100000381469727,16.799999237060547,17.100000381469727,72000,0.0,0.0
2022-04-06 00:00:00+08:00,17.049999237060547,17.100000381469727,16.799999237060547,16.950000762939453,192000,0.0,0.0
2022-04-07 00:00:00+08:00,17.0,17.049999237060547,16.600000381469727,16.700000762939453,488000,0.0,0.0
2022-04-08 00:00:00+08:00,16.700000762939453,17.25,16.700000762939453,17.200000762939453,132000,0.0,0.0
2022-04-11 00:00:00+08:00,17.200000762939453,17.299999237060547,16.799999237060547,17.100000381469727,179000,0.0,0.0
2022-04-12 00:00:00+08:00,17.0,17.549999237060547,16.950000762939453,17.100000381469727,163000,0.0,0.0
2022-04-13 00:00:00+08:00,17.149999618530273,18.299999237060547,17.0,18.299999237060547,224000,0.0,0.0
2022-04-14 00:00:00+08:00,18.299999237060547,18.299999237060547,17.399999618530273,17.549999237060547,344000,0.0,0.0
2022-04-15 00:00:00+08:00,17.350000381469727,17.399999618530273,17.100000381469727,17.100000381469727,94000,0.0,0.0
2022-04-18 00:00:00+08:00,17.049999237060547,17.200000762939453,17.0,17.0,99000,0.0,0.0
2022-04-19 00:00:00+08:00,17.100000381469727,17.450000762939453,17.049999237060547,17.100000381469727,127000,0.0,0.0
2022-04-20 00:00:00+08:00,17.200000762939453,17.450000762939453,17.149999618530273,17.399999618530273,122000,0.0,0.0
2022-04-21 00:00:00+08:00,17.5,18.100000381469727,17.5,17.850000381469727,340000,0.0,0.0
2022-04-22 00:00:00+08:00,17.850000381469727,18.600000381469727,17.299999237060547,17.75,402000,0.0,0.0
2022-04-25 00:00:00+08:00,17.5,17.649999618530273,17.450000762939453,17.600000381469727,147000,0.0,0.0
2022-04-26 00:00:00+08:00,17.799999237060547,18.25,17.649999618530273,18.149999618530273,376000,0.0,0.0
2022-04-27 00:00:00+08:00,17.899999618530273,18.0,17.299999237060547,17.5,327000,0.0,0.0
2022-04-28 00:00:00+08:00,17.600000381469727,18.049999237060547,17.549999237060547,17.899999618530273,129000,0.0,0.0
2022-04-29 00:00:00+08:00,17.950000762939453,18.600000381469727,17.950000762939453,18.399999618530273,392000,0.0,0.0
2022-05-03 00:00:00+08:00,18.399999618530273,18.75,18.0,18.200000762939453,117000,0.0,0.0
2022-05-04 00:00:00+08:00,18.399999618530273,18.399999618530273,17.850000381469727,18.0,127000,0.0,0.0
2022-05-05 00:00:00+08:00,18.049999237060547,18.450000762939453,17.850000381469727,18.0,112000,0.0,0.0
2022-05-06 00:00:00+08:00,18.0,18.600000381469727,17.899999618530273,18.399999618530273,264000,0.0,0.0
2022-05-09 00:00:00+08:00,18.850000381469727,18.899999618530273,18.25,18.399999618530273,241000,0.0,0.0
2022-05-10 00:00:00+08:00,18.700000762939453,20.149999618530273,18.600000381469727,19.649999618530273,2829000,0.0,0.0
2022-05-11 00:00:00+08:00,19.649999618530273,19.649999618530273,18.0,18.25,1353000,0.0,0.0
2022-05-12 00:00:00+08:00,18.25,18.299999237060547,17.899999618530273,17.899999618530273,524000,0.0,0.0
2022-05-13 00:00:00+08:00,18.0,19.299999237060547,18.0,19.200000762939453,742000,0.0,0.0
2022-05-16 00:00:00+08:00,19.450000762939453,19.450000762939453,18.5,19.25,738000,0.0,0.0
2022-05-17 00:00:00+08:00,19.0,19.75,18.950000762939453,19.299999237060547,660000,0.0,0.0
2022-05-18 00:00:00+08:00,19.350000381469727,20.549999237060547,19.299999237060547,20.5,1540000,0.0,0.0
2022-05-19 00:00:00+08:00,20.0,22.549999237060547,19.950000762939453,22.549999237060547,4399000,0.0,0.0
2022-05-20 00:00:00+08:00,24.200000762939453,24.799999237060547,24.0,24.799999237060547,2564000,0.0,0.0
2022-05-23 00:00:00+08:00,27.25,27.25,26.299999237060547,27.25,5972000,0.0,0.0
2022-05-24 00:00:00+08:00,27.25,28.5,26.350000381469727,26.350000381469727,13371000,0.0,0.0
2022-05-25 00:00:00+08:00,26.5,27.0,25.799999237060547,26.399999618530273,1921000,0.0,0.0
2022-05-26 00:00:00+08:00,27.0,28.950000762939453,27.0,28.5,2583000,0.0,0.0
2022-05-27 00:00:00+08:00,28.700000762939453,29.950000762939453,27.950000762939453,29.850000381469727,2452000,0.0,0.0
2022-05-30 00:00:00+08:00,30.100000381469727,31.549999237060547,29.5,29.799999237060547,2729000,0.0,0.0
2022-05-31 00:00:00+08:00,29.899999618530273,30.700000762939453,28.049999237060547,28.600000381469727,2215000,0.0,0.0
2022-06-01 00:00:00+08:00,29.200000762939453,29.350000381469727,28.049999237060547,29.350000381469727,1234000,0.0,0.0
2022-06-02 00:00:00+08:00,29.649999618530273,30.5,29.399999618530273,29.600000381469727,1117000,0.0,0.0
2022-06-06 00:00:00+08:00,28.649999618530273,29.950000762939453,28.649999618530273,29.950000762939453,570000,0.0,0.0
2022-06-07 00:00:00+08:00,30.0,31.149999618530273,28.600000381469727,29.100000381469727,1453000,0.0,0.0
2022-06-08 00:00:00+08:00,29.100000381469727,29.100000381469727,26.200000762939453,26.5,2635000,0.0,0.0
2022-06-09 00:00:00+08:00,26.350000381469727,27.850000381469727,25.899999618530273,26.700000762939453,2404000,0.0,0.0
2022-06-10 00:00:00+08:00,25.899999618530273,29.0,25.899999618530273,27.950000762939453,1916000,0.0,0.0
2022-06-13 00:00:00+08:00,27.899999618530273,28.350000381469727,26.549999237060547,28.049999237060547,1467000,0.0,0.0
2022-06-14 00:00:00+08:00,28.100000381469727,28.799999237060547,26.350000381469727,26.950000762939453,1421000,0.0,0.0
2022-06-15 00:00:00+08:00,27.5,27.950000762939453,26.799999237060547,26.850000381469727,601000,0.0,0.0
2022-06-16 00:00:00+08:00,27.100000381469727,27.75,26.5,26.75,722000,0.0,0.0
2022-06-17 00:00:00+08:00,26.200000762939453,28.350000381469727,26.149999618530273,27.049999237060547,1778000,0.0,0.0
2022-06-20 00:00:00+08:00,27.200000762939453,27.200000762939453,24.350000381469727,24.350000381469727,3811000,0.0,0.0
2022-06-21 00:00:00+08:00,24.350000381469727,24.950000762939453,23.850000381469727,24.549999237060547,870000,0.0,0.0
2022-06-22 00:00:00+08:00,25.200000762939453,25.399999618530273,23.149999618530273,23.25,740000,0.0,0.0
2022-06-23 00:00:00+08:00,24.049999237060547,24.700000762939453,23.600000381469727,24.049999237060547,600000,0.0,0.0
2022-06-24 00:00:00+08:00,24.700000762939453,25.600000381469727,24.0,24.0,304000,0.0,0.0
2022-06-27 00:00:00+08:00,24.049999237060547,24.75,23.399999618530273,24.549999237060547,602000,0.0,0.0
2022-06-28 00:00:00+08:00,24.450000762939453,25.299999237060547,24.0,24.149999618530273,276000,0.0,0.0
2022-06-29 00:00:00+08:00,24.149999618530273,26.549999237060547,23.5,26.549999237060547,792000,0.0,0.0
2022-06-30 00:00:00+08:00,27.649999618530273,28.049999237060547,24.600000381469727,24.600000381469727,1569000,0.0,0.0
2022-07-01 00:00:00+08:00,24.950000762939453,24.950000762939453,23.75,23.75,487000,0.0,0.0
2022-07-04 00:00:00+08:00,24.0,24.850000381469727,23.600000381469727,24.0,215000,0.0,0.0
2022-07-05 00:00:00+08:00,24.899999618530273,24.899999618530273,24.049999237060547,24.450000762939453,104000,0.0,0.0
2022-07-06 00:00:00+08:00,24.450000762939453,24.450000762939453,23.799999237060547,24.100000381469727,243000,0.0,0.0
2022-07-07 00:00:00+08:00,24.149999618530273,26.5,24.149999618530273,25.549999237060547,1603000,0.0,0.0
2022-07-08 00:00:00+08:00,25.600000381469727,27.950000762939453,25.600000381469727,27.149999618530273,1866000,0.0,0.0
2022-07-11 00:00:00+08:00,27.100000381469727,28.5,26.299999237060547,28.0,1097000,0.0,0.0
2022-07-12 00:00:00+08:00,27.950000762939453,27.950000762939453,26.649999618530273,26.700000762939453,517000,0.0,0.0
2022-07-13 00:00:00+08:00,27.200000762939453,28.700000762939453,27.100000381469727,27.899999618530273,986000,0.0,0.0
2022-07-14 00:00:00+08:00,27.850000381469727,28.649999618530273,27.350000381469727,27.5,533000,0.0,0.0
2022-07-15 00:00:00+08:00,28.0,28.0,25.100000381469727,25.450000762939453,1136000,0.0,0.0
2022-07-18 00:00:00+08:00,25.700000762939453,26.299999237060547,25.0,25.149999618530273,356000,0.0,0.0
2022-07-19 00:00:00+08:00,25.100000381469727,25.850000381469727,25.100000381469727,25.399999618530273,256000,0.0,0.0
2022-07-20 00:00:00+08:00,25.649999618530273,25.850000381469727,25.399999618530273,25.399999618530273,144000,0.0,0.0
2022-07-21 00:00:00+08:00,25.450000762939453,25.899999618530273,25.450000762939453,25.649999618530273,239000,0.0,0.0
2022-07-22 00:00:00+08:00,26.299999237060547,26.549999237060547,25.149999618530273,25.5,338000,0.0,0.0
2022-07-25 00:00:00+08:00,25.549999237060547,25.950000762939453,25.200000762939453,25.350000381469727,186000,0.0,0.0
2022-07-26 00:00:00+08:00,25.799999237060547,25.799999237060547,24.850000381469727,24.950000762939453,263000,0.0,0.0
2022-07-27 00:00:00+08:00,25.350000381469727,25.450000762939453,24.950000762939453,25.399999618530273,138000,0.0,0.0
2022-07-28 00:00:00+08:00,26.450000762939453,27.799999237060547,25.399999618530273,25.450000762939453,1966000,0.0,0.0
2022-07-29 00:00:00+08:00,25.450000762939453,26.0,24.850000381469727,25.899999618530273,455000,0.0,0.0
2022-08-01 00:00:00+08:00,26.049999237060547,27.5,25.899999618530273,26.399999618530273,530000,0.0,0.0
2022-08-02 00:00:00+08:00,26.399999618530273,26.399999618530273,25.25,25.25,575000,0.0,0.0
2022-08-03 00:00:00+08:00,24.850000381469727,25.450000762939453,24.5,24.600000381469727,448000,0.0,0.0
2022-08-04 00:00:00+08:00,24.5,24.799999237060547,22.549999237060547,24.450000762939453,870000,0.0,0.0
2022-08-05 00:00:00+08:00,24.649999618530273,25.299999237060547,24.450000762939453,24.899999618530273,383000,0.0,0.0
2022-08-08 00:00:00+08:00,25.5,25.5,24.450000762939453,24.950000762939453,132000,0.0,0.0
2022-08-09 00:00:00+08:00,24.950000762939453,25.200000762939453,24.649999618530273,25.200000762939453,205000,0.0,0.0
2022-08-10 00:00:00+08:00,25.100000381469727,25.649999618530273,25.100000381469727,25.399999618530273,215000,0.0,0.0
2022-08-11 00:00:00+08:00,25.649999618530273,25.899999618530273,24.649999618530273,24.649999618530273,285000,0.0,0.0
2022-08-12 00:00:00+08:00,25.0,25.299999237060547,24.5,24.5,141000,0.0,0.0
2022-08-15 00:00:00+08:00,24.700000762939453,26.0,24.450000762939453,25.450000762939453,1476000,0.0,0.0
2022-08-16 00:00:00+08:00,25.549999237060547,26.950000762939453,25.200000762939453,26.75,1470000,0.0,0.0
2022-08-17 00:00:00+08:00,26.75,27.399999618530273,26.200000762939453,26.649999618530273,1189000,0.0,0.0
2022-08-18 00:00:00+08:00,26.25,27.5,26.25,27.299999237060547,810000,0.0,0.0
2022-08-19 00:00:00+08:00,27.350000381469727,27.700000762939453,27.0,27.049999237060547,410000,0.0,0.0
2022-08-22 00:00:00+08:00,26.799999237060547,26.950000762939453,25.700000762939453,25.850000381469727,600000,0.0,0.0
2022-08-23 00:00:00+08:00,26.549999237060547,27.5,25.5,26.600000381469727,1331000,0.0,0.0
2022-08-24 00:00:00+08:00,27.0,29.25,26.399999618530273,29.100000381469727,3586000,0.0,0.0
2022-08-25 00:00:00+08:00,29.0,29.25,27.799999237060547,28.700000762939453,2165000,0.0,0.0
2022-08-26 00:00:00+08:00,29.5,29.5,28.049999237060547,28.100000381469727,1096000,0.0,0.0
2022-08-29 00:00:00+08:00,27.200000762939453,27.5,26.450000762939453,27.100000381469727,1162000,0.0,0.0
2022-08-30 00:00:00+08:00,27.100000381469727,27.799999237060547,27.0,27.649999618530273,715000,0.0,0.0
2022-08-31 00:00:00+08:00,28.0,28.0,27.200000762939453,27.75,263000,0.0,0.0
2022-09-01 00:00:00+08:00,27.799999237060547,28.200000762939453,27.299999237060547,28.049999237060547,309000,0.0,0.0
2022-09-02 00:00:00+08:00,28.299999237060547,28.850000381469727,27.549999237060547,27.549999237060547,776000,0.0,0.0
2022-09-05 00:00:00+08:00,27.649999618530273,27.649999618530273,26.649999618530273,26.700000762939453,371000,0.0,0.0
2022-09-06 00:00:00+08:00,27.0,27.0,25.5,25.649999618530273,544000,0.0,0.0
2022-09-07 00:00:00+08:00,25.5,26.649999618530273,25.25,26.399999618530273,501000,0.0,0.0
2022-09-08 00:00:00+08:00,27.600000381469727,27.700000762939453,26.450000762939453,26.950000762939453,589000,0.0,0.0
2022-09-12 00:00:00+08:00,28.200000762939453,29.600000381469727,27.149999618530273,27.649999618530273,5402000,0.0,0.0
2022-09-13 00:00:00+08:00,27.899999618530273,28.399999618530273,27.350000381469727,27.350000381469727,2303000,0.0,0.0
2022-09-14 00:00:00+08:00,26.649999618530273,27.399999618530273,26.600000381469727,27.25,628000,0.0,0.0
2022-09-15 00:00:00+08:00,27.149999618530273,28.5,27.149999618530273,27.850000381469727,1432000,0.0,0.0
2022-09-16 00:00:00+08:00,27.899999618530273,27.899999618530273,27.25,27.600000381469727,467000,0.0,0.0
2022-09-19 00:00:00+08:00,27.649999618530273,27.649999618530273,26.5,26.600000381469727,585000,0.0,0.0
2022-09-20 00:00:00+08:00,26.75,26.899999618530273,25.850000381469727,26.299999237060547,705000,0.0,0.0
2022-09-21 00:00:00+08:00,26.049999237060547,26.450000762939453,25.549999237060547,25.899999618530273,385000,0.0,0.0
2022-09-22 00:00:00+08:00,25.600000381469727,26.5,25.299999237060547,26.350000381469727,218000,0.0,0.0
2022-09-23 00:00:00+08:00,26.25,26.299999237060547,25.299999237060547,25.5,323000,0.0,0.0
2022-09-26 00:00:00+08:00,25.100000381469727,25.149999618530273,24.25,24.75,682000,0.0,0.0
2022-09-27 00:00:00+08:00,24.799999237060547,24.899999618530273,24.299999237060547,24.600000381469727,241000,0.0,0.0
2022-09-28 00:00:00+08:00,24.549999237060547,24.549999237060547,22.799999237060547,22.850000381469727,768000,0.0,0.0
2022-09-29 00:00:00+08:00,23.100000381469727,24.600000381469727,23.100000381469727,24.600000381469727,336000,0.0,0.0
2022-09-30 00:00:00+08:00,24.100000381469727,24.549999237060547,23.299999237060547,24.549999237060547,189000,0.0,0.0
2022-10-03 00:00:00+08:00,24.549999237060547,24.549999237060547,23.600000381469727,24.200000762939453,404000,0.0,0.0
2022-10-04 00:00:00+08:00,24.549999237060547,24.649999618530273,23.600000381469727,23.850000381469727,488000,0.0,0.0
2022-10-05 00:00:00+08:00,24.049999237060547,24.149999618530273,22.799999237060547,22.799999237060547,509000,0.0,0.0
2022-10-06 00:00:00+08:00,23.100000381469727,23.649999618530273,23.0,23.600000381469727,189000,0.0,0.0
2022-10-07 00:00:00+08:00,23.450000762939453,23.5,23.149999618530273,23.25,78000,0.0,0.0
2022-10-11 00:00:00+08:00,22.850000381469727,22.850000381469727,20.950000762939453,21.549999237060547,1121000,0.0,0.0
2022-10-12 00:00:00+08:00,21.5,22.25,20.75,22.0,308000,0.0,0.0
2022-10-13 00:00:00+08:00,21.600000381469727,21.799999237060547,20.0,21.450000762939453,629000,0.0,0.0
2022-10-14 00:00:00+08:00,21.450000762939453,22.299999237060547,21.149999618530273,21.850000381469727,141000,0.0,0.0
2022-10-17 00:00:00+08:00,21.450000762939453,22.399999618530273,21.100000381469727,22.399999618530273,230000,0.0,0.0
2022-10-18 00:00:00+08:00,23.0,23.850000381469727,22.25,22.25,647000,0.0,0.0
2022-10-19 00:00:00+08:00,22.299999237060547,22.649999618530273,22.25,22.649999618530273,109000,0.0,0.0
2022-10-20 00:00:00+08:00,22.649999618530273,23.100000381469727,22.350000381469727,22.950000762939453,132000,0.0,0.0
2022-10-21 00:00:00+08:00,23.0,23.149999618530273,22.700000762939453,22.950000762939453,95000,0.0,0.0
2022-10-24 00:00:00+08:00,23.049999237060547,23.75,23.0,23.100000381469727,147000,0.0,0.0
2022-10-25 00:00:00+08:00,23.299999237060547,23.299999237060547,22.299999237060547,22.299999237060547,173000,0.0,0.0
2022-10-26 00:00:00+08:00,23.5,23.5,21.25,21.399999618530273,384000,0.0,0.0
2022-10-27 00:00:00+08:00,20.899999618530273,22.549999237060547,20.899999618530273,22.450000762939453,237000,0.0,0.0
2022-10-28 00:00:00+08:00,22.399999618530273,22.450000762939453,21.850000381469727,21.850000381469727,93000,0.0,0.0
2022-10-31 00:00:00+08:00,22.0,23.350000381469727,22.0,23.200000762939453,165000,0.0,0.0
2022-11-01 00:00:00+08:00,22.600000381469727,23.799999237060547,22.450000762939453,23.700000762939453,128000,0.0,0.0
2022-11-02 00:00:00+08:00,24.25,25.700000762939453,23.899999618530273,24.450000762939453,333000,0.0,0.0
2022-11-03 00:00:00+08:00,24.450000762939453,25.350000381469727,24.450000762939453,25.0,259000,0.0,0.0
2022-11-04 00:00:00+08:00,25.200000762939453,26.200000762939453,25.200000762939453,26.149999618530273,455000,0.0,0.0
2022-11-07 00:00:00+08:00,26.299999237060547,26.299999237060547,25.700000762939453,25.850000381469727,205000,0.0,0.0
2022-11-08 00:00:00+08:00,26.200000762939453,28.399999618530273,26.200000762939453,27.5,2565000,0.0,0.0
2022-11-09 00:00:00+08:00,27.5,27.850000381469727,26.799999237060547,27.0,904000,0.0,0.0
2022-11-10 00:00:00+08:00,27.049999237060547,27.75,26.950000762939453,27.399999618530273,358000,0.0,0.0
2022-11-11 00:00:00+08:00,27.600000381469727,28.0,26.899999618530273,26.950000762939453,809000,0.0,0.0
2022-11-14 00:00:00+08:00,27.200000762939453,27.600000381469727,26.100000381469727,27.0,320000,0.0,0.0
2022-11-15 00:00:00+08:00,27.549999237060547,27.549999237060547,26.75,27.200000762939453,112000,0.0,0.0
2022-11-16 00:00:00+08:00,27.0,27.5,26.75,27.399999618530273,282000,0.0,0.0
2022-11-17 00:00:00+08:00,27.350000381469727,28.299999237060547,27.350000381469727,27.799999237060547,276000,0.0,0.0
2022-11-18 00:00:00+08:00,27.649999618530273,28.5,27.649999618530273,28.399999618530273,657000,0.0,0.0
2022-11-21 00:00:00+08:00,29.0,29.899999618530273,26.850000381469727,28.100000381469727,1806000,0.0,0.0
2022-11-22 00:00:00+08:00,28.5,29.299999237060547,27.850000381469727,28.200000762939453,1231000,0.0,0.0
2022-11-23 00:00:00+08:00,28.450000762939453,29.399999618530273,28.399999618530273,29.299999237060547,726000,0.0,0.0
2022-11-24 00:00:00+08:00,29.299999237060547,30.299999237060547,29.100000381469727,30.200000762939453,896000,0.0,0.0
2022-11-25 00:00:00+08:00,30.200000762939453,30.950000762939453,29.700000762939453,30.049999237060547,819000,0.0,0.0
2022-11-28 00:00:00+08:00,29.950000762939453,30.700000762939453,29.200000762939453,30.5,537000,0.0,0.0
2022-11-29 00:00:00+08:00,30.450000762939453,31.600000381469727,30.0,30.0,1210000,0.0,0.0
2022-11-30 00:00:00+08:00,30.049999237060547,31.200000762939453,30.049999237060547,30.049999237060547,642000,0.0,0.0
2022-12-01 00:00:00+08:00,30.399999618530273,31.299999237060547,30.200000762939453,30.75,649000,0.0,0.0
2022-12-02 00:00:00+08:00,30.950000762939453,31.5,30.899999618530273,31.350000381469727,429000,0.0,0.0
2022-12-05 00:00:00+08:00,31.5,31.600000381469727,28.600000381469727,29.75,1707000,0.0,0.0
2022-12-06 00:00:00+08:00,30.0,30.299999237060547,27.5,28.549999237060547,1490000,0.0,0.0
2022-12-07 00:00:00+08:00,28.549999237060547,28.549999237060547,27.100000381469727,27.5,610000,0.0,0.0
2022-12-08 00:00:00+08:00,27.850000381469727,28.549999237060547,27.649999618530273,28.350000381469727,369000,0.0,0.0
2022-12-09 00:00:00+08:00,28.549999237060547,28.799999237060547,28.200000762939453,28.299999237060547,178000,0.0,0.0
2022-12-12 00:00:00+08:00,28.549999237060547,30.100000381469727,28.450000762939453,29.350000381469727,636000,0.0,0.0
2022-12-13 00:00:00+08:00,29.5,30.25,29.100000381469727,29.850000381469727,594000,0.0,0.0
2022-12-14 00:00:00+08:00,30.0,30.75,29.950000762939453,30.5,647000,0.0,0.0
2022-12-15 00:00:00+08:00,30.75,33.54999923706055,30.149999618530273,31.200000762939453,4359000,0.0,0.0
2022-12-16 00:00:00+08:00,30.049999237060547,32.25,30.049999237060547,30.25,1548000,0.0,0.0
2022-12-19 00:00:00+08:00,30.350000381469727,32.79999923706055,30.350000381469727,30.899999618530273,2382000,0.0,0.0
2022-12-20 00:00:00+08:00,30.950000762939453,31.549999237060547,28.5,28.799999237060547,1605000,0.0,0.0
2022-12-21 00:00:00+08:00,29.25,29.649999618530273,28.0,28.200000762939453,555000,0.0,0.0
2022-12-22 00:00:00+08:00,28.75,29.100000381469727,27.549999237060547,29.0,525000,0.0,0.0
2022-12-23 00:00:00+08:00,28.950000762939453,31.899999618530273,28.399999618530273,31.75,2816000,0.0,0.0
2022-12-26 00:00:00+08:00,31.700000762939453,34.900001525878906,31.049999237060547,34.45000076293945,5826000,0.0,0.0
2022-12-27 00:00:00+08:00,34.25,37.25,33.650001525878906,35.0,11351000,0.0,0.0
2022-12-28 00:00:00+08:00,34.650001525878906,35.599998474121094,33.5,33.5,3753000,0.0,0.0
2022-12-29 00:00:00+08:00,33.5,34.349998474121094,31.850000381469727,33.099998474121094,1931000,0.0,0.0
2022-12-30 00:00:00+08:00,33.099998474121094,33.75,32.04999923706055,32.29999923706055,1493000,0.0,0.0
2023-01-03 00:00:00+08:00,32.29999923706055,34.45000076293945,31.700000762939453,32.79999923706055,1795000,0.0,0.0
2023-01-04 00:00:00+08:00,32.79999923706055,34.099998474121094,31.25,31.5,2395000,0.0,0.0
2023-01-05 00:00:00+08:00,31.5,32.04999923706055,30.5,30.5,1004000,0.0,0.0
2023-01-06 00:00:00+08:00,30.549999237060547,30.850000381469727,29.899999618530273,30.100000381469727,758000,0.0,0.0
2023-01-09 00:00:00+08:00,30.799999237060547,31.75,30.100000381469727,31.5,857000,0.0,0.0
2023-01-10 00:00:00+08:00,31.799999237060547,32.29999923706055,30.850000381469727,32.04999923706055,674000,0.0,0.0
2023-01-11 00:00:00+08:00,32.29999923706055,32.349998474121094,31.0,31.0,675000,0.0,0.0
2023-01-12 00:00:00+08:00,30.600000381469727,31.0,30.149999618530273,30.649999618530273,545000,0.0,0.0
2023-01-13 00:00:00+08:00,31.0,31.0,30.149999618530273,30.200000762939453,455000,0.0,0.0
2023-01-16 00:00:00+08:00,30.25,31.399999618530273,30.200000762939453,30.75,370000,0.0,0.0
2023-01-17 00:00:00+08:00,30.799999237060547,31.25,30.700000762939453,30.75,411000,0.0,0.0
2023-01-30 00:00:00+08:00,30.899999618530273,31.950000762939453,30.899999618530273,31.899999618530273,385000,0.0,0.0
2023-01-31 00:00:00+08:00,31.649999618530273,32.650001525878906,31.649999618530273,32.45000076293945,403000,0.0,0.0
2023-02-01 00:00:00+08:00,32.79999923706055,33.650001525878906,32.04999923706055,32.29999923706055,644000,0.0,0.0
2023-02-02 00:00:00+08:00,32.29999923706055,33.20000076293945,32.20000076293945,32.900001525878906,672000,0.0,0.0
2023-02-03 00:00:00+08:00,32.900001525878906,33.650001525878906,32.29999923706055,33.599998474121094,664000,0.0,0.0
2023-02-06 00:00:00+08:00,33.650001525878906,34.45000076293945,32.849998474121094,32.900001525878906,730000,0.0,0.0
2023-02-07 00:00:00+08:00,32.79999923706055,33.54999923706055,32.04999923706055,32.099998474121094,545000,0.0,0.0
2023-02-08 00:00:00+08:00,32.400001525878906,32.400001525878906,31.25,31.25,624000,0.0,0.0
2023-02-09 00:00:00+08:00,31.450000762939453,32.0,30.950000762939453,31.25,625000,0.0,0.0
2023-02-10 00:00:00+08:00,31.299999237060547,31.299999237060547,30.649999618530273,31.0,582000,0.0,0.0
2023-02-13 00:00:00+08:00,30.649999618530273,31.700000762939453,30.549999237060547,31.5,429000,0.0,0.0
2023-02-14 00:00:00+08:00,31.600000381469727,32.20000076293945,31.600000381469727,31.899999618530273,326000,0.0,0.0
2023-02-15 00:00:00+08:00,31.899999618530273,32.20000076293945,31.0,31.549999237060547,414000,0.0,0.0
2023-02-16 00:00:00+08:00,31.549999237060547,31.549999237060547,31.0,31.049999237060547,443000,0.0,0.0
2023-02-17 00:00:00+08:00,31.0,31.200000762939453,29.799999237060547,30.0,982000,0.0,0.0
2023-02-20 00:00:00+08:00,30.0,30.399999618530273,29.200000762939453,29.350000381469727,1399000,0.0,0.0
2023-02-21 00:00:00+08:00,29.450000762939453,29.700000762939453,29.200000762939453,29.399999618530273,486000,0.0,0.0
2023-02-22 00:00:00+08:00,29.399999618530273,29.399999618530273,28.649999618530273,28.850000381469727,610000,0.0,0.0
2023-02-23 00:00:00+08:00,29.0,29.799999237060547,29.0,29.649999618530273,430000,0.0,0.0
2023-02-24 00:00:00+08:00,29.700000762939453,29.700000762939453,28.350000381469727,28.350000381469727,1045000,0.0,0.0
2023-03-01 00:00:00+08:00,28.399999618530273,30.100000381469727,28.350000381469727,29.799999237060547,936000,0.0,0.0
2023-03-02 00:00:00+08:00,30.049999237060547,30.299999237060547,29.600000381469727,30.0,667000,0.0,0.0
2023-03-03 00:00:00+08:00,30.399999618530273,30.399999618530273,29.200000762939453,29.649999618530273,534000,0.0,0.0
2023-03-06 00:00:00+08:00,30.149999618530273,30.149999618530273,29.549999237060547,29.549999237060547,215000,0.0,0.0
2023-03-07 00:00:00+08:00,29.899999618530273,29.899999618530273,29.450000762939453,29.549999237060547,220000,0.0,0.0
2023-03-08 00:00:00+08:00,29.450000762939453,30.049999237060547,29.0,30.0,287000,0.0,0.0
2023-03-09 00:00:00+08:00,30.399999618530273,32.5,30.399999618530273,31.700000762939453,2055000,0.0,0.0
2023-03-10 00:00:00+08:00,30.850000381469727,32.400001525878906,30.850000381469727,31.350000381469727,1057000,0.0,0.0
2023-03-13 00:00:00+08:00,31.450000762939453,31.700000762939453,29.5,30.0,1003000,0.0,0.0
2023-03-14 00:00:00+08:00,29.950000762939453,29.950000762939453,28.950000762939453,29.0,920000,0.0,0.0
2023-03-15 00:00:00+08:00,29.549999237060547,29.549999237060547,28.799999237060547,28.850000381469727,743000,0.0,0.0
2023-03-16 00:00:00+08:00,28.5,28.799999237060547,27.700000762939453,27.899999618530273,1156000,0.0,0.0
2023-03-17 00:00:00+08:00,28.149999618530273,28.700000762939453,27.799999237060547,28.200000762939453,351000,0.0,0.0
2023-03-20 00:00:00+08:00,28.200000762939453,28.950000762939453,28.100000381469727,28.950000762939453,182000,0.0,0.0
2023-03-21 00:00:00+08:00,29.200000762939453,29.850000381469727,29.0,29.100000381469727,453000,0.0,0.0
2023-03-22 00:00:00+08:00,29.350000381469727,29.950000762939453,29.350000381469727,29.700000762939453,346000,0.0,0.0
2023-03-23 00:00:00+08:00,30.0,31.799999237060547,30.0,31.0,1897000,0.0,0.0
2023-03-24 00:00:00+08:00,31.200000762939453,32.45000076293945,30.950000762939453,32.20000076293945,1262000,0.0,0.0
2023-03-27 00:00:00+08:00,31.950000762939453,32.45000076293945,31.450000762939453,31.850000381469727,752000,0.0,0.0
2023-03-28 00:00:00+08:00,31.75,31.850000381469727,30.350000381469727,30.75,444000,0.0,0.0
2023-03-29 00:00:00+08:00,30.75,31.700000762939453,30.450000762939453,30.75,153000,0.0,0.0
2023-03-30 00:00:00+08:00,31.700000762939453,31.850000381469727,30.899999618530273,31.399999618530273,322000,0.0,0.0
2023-03-31 00:00:00+08:00,31.5,32.0,31.25,32.0,584000,0.0,0.0
2023-04-06 00:00:00+08:00,31.950000762939453,32.400001525878906,31.549999237060547,31.649999618530273,289000,0.0,0.0
2023-04-07 00:00:00+08:00,32.25,32.25,31.049999237060547,31.049999237060547,286000,0.0,0.0
2023-04-10 00:00:00+08:00,31.700000762939453,31.700000762939453,30.200000762939453,30.350000381469727,389000,0.0,0.0
2023-04-11 00:00:00+08:00,30.25,30.299999237060547,29.850000381469727,30.0,315000,0.0,0.0
2023-04-12 00:00:00+08:00,30.899999618530273,32.099998474121094,30.799999237060547,31.100000381469727,963000,0.0,0.0
2023-04-13 00:00:00+08:00,31.5,31.950000762939453,30.549999237060547,31.649999618530273,323000,0.0,0.0
2023-04-14 00:00:00+08:00,31.799999237060547,33.400001525878906,31.450000762939453,32.099998474121094,1042000,0.0,0.0
2023-04-17 00:00:00+08:00,32.70000076293945,32.95000076293945,31.899999618530273,32.95000076293945,545000,0.0,0.0
2023-04-18 00:00:00+08:00,32.849998474121094,36.0,32.54999923706055,35.45000076293945,4047000,0.0,0.0
2023-04-19 00:00:00+08:00,36.45000076293945,37.5,35.45000076293945,37.04999923706055,6010000,0.0,0.0
2023-04-20 00:00:00+08:00,36.79999923706055,37.400001525878906,34.54999923706055,37.400001525878906,4328000,0.0,0.0
2023-04-21 00:00:00+08:00,38.5,38.5,35.0,35.0,2979000,0.0,0.0
2023-04-24 00:00:00+08:00,35.0,36.95000076293945,34.79999923706055,34.900001525878906,1422000,0.0,0.0
2023-04-25 00:00:00+08:00,34.650001525878906,35.400001525878906,33.099998474121094,33.20000076293945,1106000,0.0,0.0
2023-04-26 00:00:00+08:00,33.45000076293945,34.45000076293945,33.20000076293945,33.650001525878906,641000,0.0,0.0
2023-04-27 00:00:00+08:00,33.849998474121094,34.099998474121094,32.5,33.29999923706055,704000,0.0,0.0
2023-04-28 00:00:00+08:00,33.5,34.45000076293945,33.25,34.349998474121094,417000,0.0,0.0
2023-05-02 00:00:00+08:00,34.0,34.95000076293945,33.849998474121094,34.400001525878906,514000,0.0,0.0
2023-05-03 00:00:00+08:00,34.45000076293945,34.5,33.349998474121094,33.900001525878906,386000,0.0,0.0
2023-05-04 00:00:00+08:00,33.95000076293945,34.150001525878906,33.349998474121094,33.5,344000,0.0,0.0
2023-05-05 00:00:00+08:00,33.70000076293945,34.0,31.799999237060547,32.349998474121094,671000,0.0,0.0
2023-05-08 00:00:00+08:00,32.349998474121094,33.099998474121094,32.20000076293945,32.25,258000,0.0,0.0
2023-05-09 00:00:00+08:00,32.349998474121094,32.849998474121094,31.0,32.0,528000,0.0,0.0
2023-05-10 00:00:00+08:00,31.700000762939453,32.599998474121094,31.700000762939453,32.0,239000,0.0,0.0
2023-05-11 00:00:00+08:00,31.600000381469727,32.099998474121094,30.950000762939453,31.049999237060547,561000,0.0,0.0
2023-05-12 00:00:00+08:00,31.450000762939453,32.099998474121094,30.799999237060547,31.5,333000,0.0,0.0
2023-05-15 00:00:00+08:00,31.5,31.5,30.5,30.549999237060547,449000,0.0,0.0
2023-05-16 00:00:00+08:00,30.5,31.299999237060547,30.399999618530273,30.600000381469727,334000,0.0,0.0
2023-05-17 00:00:00+08:00,30.700000762939453,30.950000762939453,30.5,30.549999237060547,272000,0.0,0.0
2023-05-18 00:00:00+08:00,31.0,31.149999618530273,29.649999618530273,29.950000762939453,769000,0.0,0.0
2023-05-19 00:00:00+08:00,30.049999237060547,30.549999237060547,29.450000762939453,29.950000762939453,679000,0.0,0.0
2023-05-22 00:00:00+08:00,30.100000381469727,30.450000762939453,29.799999237060547,29.899999618530273,415000,0.0,0.0
2023-05-23 00:00:00+08:00,30.299999237060547,30.399999618530273,29.600000381469727,29.75,690000,0.0,0.0
2023-05-24 00:00:00+08:00,29.799999237060547,30.299999237060547,29.649999618530273,29.799999237060547,493000,0.0,0.0
2023-05-25 00:00:00+08:00,29.950000762939453,29.950000762939453,29.100000381469727,29.25,415000,0.0,0.0
2023-05-26 00:00:00+08:00,29.799999237060547,29.799999237060547,28.399999618530273,28.75,795000,0.0,0.0
2023-05-29 00:00:00+08:00,28.850000381469727,29.700000762939453,28.850000381469727,29.100000381469727,431000,0.0,0.0
2023-05-30 00:00:00+08:00,29.149999618530273,29.5,28.649999618530273,28.850000381469727,347000,0.0,0.0
2023-05-31 00:00:00+08:00,29.299999237060547,31.0,29.0,30.75,745000,0.0,0.0
2023-06-01 00:00:00+08:00,31.100000381469727,31.950000762939453,30.100000381469727,31.450000762939453,1032000,0.0,0.0
2023-06-02 00:00:00+08:00,32.29999923706055,32.29999923706055,31.200000762939453,31.549999237060547,623000,0.0,0.0
2023-06-05 00:00:00+08:00,31.799999237060547,32.400001525878906,31.350000381469727,31.350000381469727,510000,0.0,0.0
2023-06-06 00:00:00+08:00,31.350000381469727,31.350000381469727,30.5,30.649999618530273,269000,0.0,0.0
2023-06-07 00:00:00+08:00,30.75,31.299999237060547,30.75,31.100000381469727,297000,0.0,0.0
2023-06-08 00:00:00+08:00,31.299999237060547,31.299999237060547,30.5,30.600000381469727,200000,0.0,0.0
2023-06-09 00:00:00+08:00,30.399999618530273,31.100000381469727,30.200000762939453,31.100000381469727,258000,0.0,0.0
2023-06-12 00:00:00+08:00,31.299999237060547,31.299999237060547,30.25,30.350000381469727,292000,0.0,0.0
2023-06-13 00:00:00+08:00,30.200000762939453,30.5,29.850000381469727,30.0,431000,0.0,0.0
2023-06-14 00:00:00+08:00,30.200000762939453,30.399999618530273,29.75,29.799999237060547,323000,0.0,0.0
2023-06-15 00:00:00+08:00,29.799999237060547,30.600000381469727,29.700000762939453,29.950000762939453,303000,0.0,0.0
2023-06-16 00:00:00+08:00,30.200000762939453,30.200000762939453,29.649999618530273,29.649999618530273,242000,0.0,0.0
2023-06-19 00:00:00+08:00,30.100000381469727,31.0,29.399999618530273,31.0,317000,0.0,0.0
2023-06-20 00:00:00+08:00,31.100000381469727,31.100000381469727,30.5,30.549999237060547,181000,0.0,0.0
2023-06-21 00:00:00+08:00,30.549999237060547,30.899999618530273,30.200000762939453,30.350000381469727,185000,0.0,0.0
2023-06-26 00:00:00+08:00,30.0,30.100000381469727,29.850000381469727,29.950000762939453,166000,0.0,0.0
2023-06-27 00:00:00+08:00,30.0,30.5,29.350000381469727,29.350000381469727,412000,0.0,0.0
2023-06-28 00:00:00+08:00,29.799999237060547,30.649999618530273,29.399999618530273,30.049999237060547,402000,0.0,0.0
2023-06-29 00:00:00+08:00,30.100000381469727,30.5,29.799999237060547,29.799999237060547,236000,0.0,0.0
2023-06-30 00:00:00+08:00,29.799999237060547,30.049999237060547,28.600000381469727,29.0,590000,0.0,0.0
2023-07-03 00:00:00+08:00,29.299999237060547,29.450000762939453,29.0,29.100000381469727,301000,0.0,0.0
2023-07-04 00:00:00+08:00,29.100000381469727,29.649999618530273,28.75,29.600000381469727,306000,0.0,0.0
2023-07-05 00:00:00+08:00,29.799999237060547,29.799999237060547,29.200000762939453,29.200000762939453,264000,0.0,0.0
2023-07-06 00:00:00+08:00,29.200000762939453,29.299999237060547,28.899999618530273,28.899999618530273,246000,0.0,0.0
2023-07-07 00:00:00+08:00,28.799999237060547,28.799999237060547,28.149999618530273,28.5,477000,0.0,0.0
2023-07-10 00:00:00+08:00,28.5,28.5,28.200000762939453,28.299999237060547,172000,0.0,0.0
2023-07-11 00:00:00+08:00,28.399999618530273,28.799999237060547,28.399999618530273,28.450000762939453,128000,0.0,0.0
2023-07-12 00:00:00+08:00,28.600000381469727,28.600000381469727,27.75,27.950000762939453,264000,0.0,0.0
2023-07-13 00:00:00+08:00,27.950000762939453,28.600000381469727,27.799999237060547,27.899999618530273,253000,0.0,0.0
2023-07-14 00:00:00+08:00,27.899999618530273,28.0,27.25,27.350000381469727,380000,0.0,0.0
2023-07-17 00:00:00+08:00,27.350000381469727,27.799999237060547,26.299999237060547,27.799999237060547,524000,0.0,0.0
2023-07-18 00:00:00+08:00,27.799999237060547,27.799999237060547,27.100000381469727,27.25,199000,0.0,0.0
2023-07-19 00:00:00+08:00,27.149999618530273,28.350000381469727,27.149999618530273,27.950000762939453,244000,0.0,0.0
2023-07-20 00:00:00+08:00,28.5,29.75,28.450000762939453,29.049999237060547,459000,0.0,0.0
2023-07-21 00:00:00+08:00,28.799999237060547,29.25,28.5,28.649999618530273,211000,0.0,0.0
2023-07-24 00:00:00+08:00,28.200000762939453,28.5,27.549999237060547,27.899999618530273,169000,0.0,0.0
2023-07-25 00:00:00+08:00,27.600000381469727,28.5,27.600000381469727,28.0,97000,0.0,0.0
2023-07-26 00:00:00+08:00,28.25,28.350000381469727,27.950000762939453,28.049999237060547,57000,0.0,0.0
2023-07-27 00:00:00+08:00,28.200000762939453,28.700000762939453,28.049999237060547,28.100000381469727,105000,0.0,0.0
2023-07-28 00:00:00+08:00,28.0,28.299999237060547,27.700000762939453,28.0,93000,0.0,0.0
2023-07-31 00:00:00+08:00,28.0,28.200000762939453,27.600000381469727,27.75,133000,0.0,0.0
2023-08-01 00:00:00+08:00,27.549999237060547,28.25,27.549999237060547,27.75,84000,0.0,0.0
2023-08-02 00:00:00+08:00,27.799999237060547,28.049999237060547,27.100000381469727,27.149999618530273,187000,0.0,0.0
2023-08-04 00:00:00+08:00,27.100000381469727,27.899999618530273,27.100000381469727,27.200000762939453,92000,0.0,0.0
2023-08-07 00:00:00+08:00,27.149999618530273,27.299999237060547,27.0,27.149999618530273,45000,0.0,0.0
2023-08-08 00:00:00+08:00,27.200000762939453,27.200000762939453,26.450000762939453,26.899999618530273,152000,0.0,0.0
2023-08-09 00:00:00+08:00,26.350000381469727,26.799999237060547,26.299999237060547,26.299999237060547,214000,0.0,0.0
2023-08-10 00:00:00+08:00,26.0,26.0,23.700000762939453,23.700000762939453,759000,0.0,0.0
2023-08-11 00:00:00+08:00,23.700000762939453,24.0,21.350000381469727,23.549999237060547,1420000,0.0,0.0
2023-08-14 00:00:00+08:00,24.0,24.5,23.5,23.649999618530273,260000,0.0,0.0
2023-08-15 00:00:00+08:00,23.700000762939453,23.700000762939453,22.950000762939453,22.950000762939453,224000,0.0,0.0
2023-08-16 00:00:00+08:00,23.149999618530273,23.350000381469727,22.350000381469727,23.100000381469727,199000,0.0,0.0
2023-08-17 00:00:00+08:00,23.100000381469727,24.100000381469727,22.850000381469727,23.850000381469727,151000,0.0,0.0
2023-08-18 00:00:00+08:00,24.0,25.299999237060547,24.0,24.200000762939453,346000,0.0,0.0
2023-08-21 00:00:00+08:00,24.399999618530273,24.399999618530273,23.850000381469727,24.200000762939453,124000,0.0,0.0
2023-08-22 00:00:00+08:00,24.0,24.899999618530273,23.100000381469727,24.899999618530273,359000,0.0,0.0
2023-08-23 00:00:00+08:00,24.350000381469727,25.25,24.0,24.0,147000,0.0,0.0
2023-08-24 00:00:00+08:00,24.450000762939453,24.600000381469727,23.899999618530273,24.25,162000,0.0,0.0
2023-08-25 00:00:00+08:00,24.25,24.600000381469727,23.899999618530273,24.350000381469727,123000,0.0,0.0
2023-08-28 00:00:00+08:00,24.450000762939453,24.5,24.100000381469727,24.450000762939453,109000,0.0,0.0
2023-08-29 00:00:00+08:00,24.399999618530273,24.799999237060547,24.200000762939453,24.450000762939453,157000,0.0,0.0
2023-08-30 00:00:00+08:00,24.450000762939453,24.799999237060547,24.299999237060547,24.600000381469727,123000,0.0,0.0
2023-08-31 00:00:00+08:00,24.5,24.700000762939453,24.350000381469727,24.700000762939453,126000,0.0,0.0
2023-09-01 00:00:00+08:00,24.700000762939453,24.850000381469727,24.399999618530273,24.549999237060547,89000,0.0,0.0
2023-09-04 00:00:00+08:00,24.600000381469727,25.25,24.350000381469727,24.700000762939453,182000,0.0,0.0
2023-09-05 00:00:00+08:00,24.549999237060547,24.799999237060547,24.450000762939453,24.649999618530273,116000,0.0,0.0
2023-09-06 00:00:00+08:00,24.549999237060547,24.75,24.399999618530273,24.5,133000,0.0,0.0
2023-09-07 00:00:00+08:00,24.5,24.549999237060547,24.049999237060547,24.100000381469727,260000,0.0,0.0
2023-09-08 00:00:00+08:00,23.799999237060547,24.350000381469727,23.649999618530273,23.850000381469727,355000,0.0,0.0
2023-09-11 00:00:00+08:00,23.700000762939453,24.450000762939453,22.600000381469727,24.0,493000,0.0,0.0
2023-09-12 00:00:00+08:00,24.299999237060547,24.700000762939453,23.850000381469727,24.700000762939453,316000,0.0,0.0
2023-09-13 00:00:00+08:00,24.799999237060547,25.0,24.200000762939453,24.799999237060547,187000,0.0,0.0
2023-09-14 00:00:00+08:00,24.799999237060547,25.0,24.600000381469727,24.850000381469727,150000,0.0,0.0
2023-09-15 00:00:00+08:00,24.549999237060547,25.0,24.450000762939453,25.0,180000,0.0,0.0
2023-09-18 00:00:00+08:00,24.549999237060547,25.149999618530273,24.549999237060547,25.049999237060547,138000,0.0,0.0
2023-09-19 00:00:00+08:00,25.200000762939453,25.200000762939453,24.700000762939453,25.100000381469727,282000,0.0,0.0
2023-09-20 00:00:00+08:00,25.25,25.25,24.799999237060547,24.850000381469727,81000,0.0,0.0
2023-09-21 00:00:00+08:00,25.100000381469727,25.100000381469727,24.700000762939453,24.899999618530273,150000,0.0,0.0
2023-09-22 00:00:00+08:00,24.799999237060547,25.0,24.299999237060547,24.75,424000,0.0,0.0
2023-09-25 00:00:00+08:00,24.75,24.950000762939453,24.399999618530273,24.850000381469727,275000,0.0,0.0
2023-09-26 00:00:00+08:00,24.600000381469727,24.899999618530273,24.5,24.700000762939453,189000,0.0,0.0
2023-09-27 00:00:00+08:00,24.549999237060547,24.600000381469727,24.149999618530273,24.149999618530273,224000,0.0,0.0
2023-09-28 00:00:00+08:00,24.149999618530273,24.200000762939453,23.5,23.649999618530273,303000,0.0,0.0
2023-10-02 00:00:00+08:00,24.100000381469727,24.100000381469727,23.25,23.700000762939453,161000,0.0,0.0
2023-10-03 00:00:00+08:00,23.649999618530273,24.100000381469727,23.299999237060547,23.600000381469727,194000,0.0,0.0
2023-10-04 00:00:00+08:00,23.549999237060547,23.850000381469727,22.899999618530273,23.200000762939453,293000,0.0,0.0
2023-10-05 00:00:00+08:00,23.25,23.299999237060547,22.950000762939453,23.149999618530273,168000,0.0,0.0
2023-10-06 00:00:00+08:00,23.149999618530273,23.5,22.350000381469727,22.850000381469727,418000,0.0,0.0
2023-10-11 00:00:00+08:00,23.100000381469727,23.25,22.600000381469727,22.899999618530273,351000,0.0,0.0
2023-10-12 00:00:00+08:00,22.700000762939453,22.950000762939453,22.600000381469727,22.799999237060547,302000,0.0,0.0
2023-10-13 00:00:00+08:00,22.75,22.850000381469727,21.600000381469727,22.850000381469727,707000,0.0,0.0
2023-10-16 00:00:00+08:00,22.799999237060547,23.100000381469727,22.350000381469727,22.600000381469727,179000,0.0,0.0
2023-10-17 00:00:00+08:00,22.700000762939453,23.950000762939453,22.5,23.950000762939453,218000,0.0,0.0
2023-10-18 00:00:00+08:00,23.799999237060547,24.75,23.200000762939453,24.200000762939453,248000,0.0,0.0
2023-10-19 00:00:00+08:00,23.899999618530273,24.799999237060547,23.899999618530273,24.350000381469727,207000,0.0,0.0
2023-10-20 00:00:00+08:00,24.200000762939453,25.0,24.0,24.950000762939453,170000,0.0,0.0
2023-10-23 00:00:00+08:00,24.950000762939453,25.600000381469727,24.850000381469727,25.450000762939453,203000,0.0,0.0
2023-10-24 00:00:00+08:00,25.549999237060547,26.0,25.25,25.899999618530273,159000,0.0,0.0
2023-10-25 00:00:00+08:00,26.299999237060547,28.25,26.100000381469727,26.149999618530273,463000,0.0,0.0
2023-10-26 00:00:00+08:00,26.100000381469727,27.100000381469727,25.799999237060547,26.899999618530273,159000,0.0,0.0
2023-10-27 00:00:00+08:00,26.899999618530273,27.5,26.600000381469727,27.0,179000,0.0,0.0
2023-10-30 00:00:00+08:00,26.799999237060547,27.700000762939453,26.799999237060547,27.5,121000,0.0,0.0
2023-10-31 00:00:00+08:00,27.5,27.950000762939453,27.399999618530273,27.799999237060547,241000,0.0,0.0
2023-11-01 00:00:00+08:00,27.950000762939453,28.549999237060547,27.850000381469727,28.5,264000,0.0,0.0
2023-11-02 00:00:00+08:00,28.899999618530273,28.950000762939453,27.600000381469727,27.75,325000,0.0,0.0
2023-11-03 00:00:00+08:00,28.149999618530273,28.149999618530273,25.549999237060547,27.600000381469727,441000,0.0,0.0
2023-11-06 00:00:00+08:00,28.0,28.299999237060547,27.75,27.75,85000,0.0,0.0
2023-11-07 00:00:00+08:00,27.850000381469727,27.850000381469727,27.399999618530273,27.399999618530273,60000,0.0,0.0
2023-11-08 00:00:00+08:00,27.200000762939453,27.5,26.299999237060547,26.399999618530273,223000,0.0,0.0
2023-11-09 00:00:00+08:00,26.399999618530273,26.399999618530273,25.700000762939453,25.75,112000,0.0,0.0
2023-11-10 00:00:00+08:00,25.600000381469727,25.649999618530273,25.049999237060547,25.049999237060547,132000,0.0,0.0
2023-11-13 00:00:00+08:00,24.899999618530273,24.899999618530273,24.200000762939453,24.25,206000,0.0,0.0
2023-11-14 00:00:00+08:00,24.0,24.200000762939453,23.600000381469727,23.600000381469727,132000,0.0,0.0
2023-11-15 00:00:00+08:00,23.649999618530273,24.200000762939453,23.399999618530273,23.75,307000,0.0,0.0
2023-11-16 00:00:00+08:00,23.850000381469727,24.100000381469727,23.75,23.950000762939453,118000,0.0,0.0
2023-11-17 00:00:00+08:00,23.75,23.950000762939453,23.700000762939453,23.850000381469727,48000,0.0,0.0
2023-11-20 00:00:00+08:00,24.25,24.25,23.700000762939453,23.700000762939453,47000,0.0,0.0
2023-11-21 00:00:00+08:00,23.799999237060547,23.899999618530273,23.600000381469727,23.75,99000,0.0,0.0
2023-11-22 00:00:00+08:00,24.049999237060547,24.049999237060547,23.700000762939453,23.950000762939453,69000,0.0,0.0
2023-11-23 00:00:00+08:00,23.950000762939453,24.149999618530273,23.799999237060547,23.899999618530273,108000,0.0,0.0
2023-11-24 00:00:00+08:00,23.850000381469727,24.200000762939453,23.799999237060547,23.899999618530273,88000,0.0,0.0
2023-11-27 00:00:00+08:00,23.600000381469727,24.100000381469727,23.600000381469727,23.649999618530273,151000,0.0,0.0
2023-11-28 00:00:00+08:00,23.700000762939453,23.950000762939453,23.600000381469727,23.649999618530273,52000,0.0,0.0
2023-11-29 00:00:00+08:00,23.649999618530273,23.950000762939453,23.399999618530273,23.450000762939453,139000,0.0,0.0
2023-11-30 00:00:00+08:00,23.700000762939453,23.700000762939453,23.100000381469727,23.149999618530273,132000,0.0,0.0
2023-12-01 00:00:00+08:00,23.149999618530273,23.399999618530273,22.899999618530273,22.899999618530273,91000,0.0,0.0
2023-12-04 00:00:00+08:00,23.0,23.399999618530273,22.899999618530273,23.100000381469727,102000,0.0,0.0
2023-12-05 00:00:00+08:00,23.100000381469727,23.100000381469727,23.0,23.0,49000,0.0,0.0
2023-12-06 00:00:00+08:00,23.049999237060547,23.049999237060547,22.600000381469727,22.950000762939453,87000,0.0,0.0
2023-12-07 00:00:00+08:00,23.0,23.299999237060547,22.899999618530273,23.100000381469727,59000,0.0,0.0
2023-12-08 00:00:00+08:00,23.100000381469727,23.75,23.100000381469727,23.5,80000,0.0,0.0
2023-12-11 00:00:00+08:00,23.5,23.5,23.149999618530273,23.149999618530273,44000,0.0,0.0
2023-12-12 00:00:00+08:00,23.200000762939453,23.200000762939453,22.799999237060547,22.799999237060547,112000,0.0,0.0
2023-12-13 00:00:00+08:00,22.700000762939453,22.850000381469727,22.5,22.5,99000,0.0,0.0
2023-12-14 00:00:00+08:00,22.5,24.75,22.5,24.75,676000,0.0,0.0
2023-12-15 00:00:00+08:00,25.350000381469727,26.5,25.049999237060547,25.450000762939453,1000000,0.0,0.0
2023-12-18 00:00:00+08:00,24.600000381469727,27.5,24.299999237060547,26.549999237060547,949000,0.0,0.0
2023-12-19 00:00:00+08:00,25.700000762939453,27.25,25.600000381469727,26.450000762939453,494000,0.0,0.0
2023-12-20 00:00:00+08:00,26.200000762939453,26.549999237060547,25.200000762939453,25.200000762939453,283000,0.0,0.0
2023-12-21 00:00:00+08:00,24.899999618530273,25.75,24.75,24.799999237060547,194000,0.0,0.0
2023-12-22 00:00:00+08:00,24.899999618530273,26.100000381469727,24.600000381469727,25.200000762939453,193000,0.0,0.0
2023-12-25 00:00:00+08:00,25.600000381469727,25.600000381469727,24.850000381469727,24.899999618530273,50000,0.0,0.0
2023-12-26 00:00:00+08:00,25.299999237060547,25.399999618530273,24.799999237060547,25.399999618530273,108000,0.0,0.0
2023-12-27 00:00:00+08:00,25.600000381469727,25.600000381469727,25.100000381469727,25.100000381469727,31000,0.0,0.0
2023-12-28 00:00:00+08:00,24.950000762939453,24.950000762939453,24.399999618530273,24.450000762939453,126000,0.0,0.0
2023-12-29 00:00:00+08:00,24.399999618530273,25.0,24.100000381469727,25.0,108000,0.0,0.0
2024-01-02 00:00:00+08:00,25.0,25.100000381469727,24.649999618530273,24.700000762939453,94000,0.0,0.0
2024-01-03 00:00:00+08:00,24.5,25.0,24.350000381469727,24.5,65000,0.0,0.0
2024-01-04 00:00:00+08:00,24.899999618530273,25.0,24.399999618530273,24.399999618530273,134000,0.0,0.0
2024-01-05 00:00:00+08:00,24.399999618530273,24.850000381469727,24.399999618530273,24.5,59000,0.0,0.0
2024-01-08 00:00:00+08:00,24.75,24.899999618530273,24.5,24.899999618530273,60000,0.0,0.0
2024-01-09 00:00:00+08:00,24.899999618530273,25.049999237060547,24.450000762939453,24.899999618530273,137000,0.0,0.0
2024-01-10 00:00:00+08:00,25.0,25.0,24.399999618530273,24.399999618530273,26000,0.0,0.0
2024-01-11 00:00:00+08:00,24.799999237060547,24.799999237060547,24.399999618530273,24.399999618530273,85000,0.0,0.0
2024-01-12 00:00:00+08:00,24.350000381469727,24.399999618530273,24.100000381469727,24.200000762939453,57000,0.0,0.0
2024-01-15 00:00:00+08:00,24.100000381469727,24.600000381469727,24.100000381469727,24.149999618530273,38012,0.0,0.0
2024-01-16 00:00:00+08:00,24.149999618530273,24.549999237060547,24.100000381469727,24.100000381469727,32000,0.0,0.0
2024-01-17 00:00:00+08:00,24.100000381469727,24.549999237060547,23.799999237060547,23.850000381469727,109000,0.0,0.0
2024-01-18 00:00:00+08:00,23.799999237060547,24.0,23.299999237060547,23.299999237060547,98000,0.0,0.0
2024-01-19 00:00:00+08:00,23.549999237060547,23.549999237060547,22.799999237060547,23.0,152000,0.0,0.0
2024-01-22 00:00:00+08:00,23.0,23.200000762939453,22.899999618530273,23.200000762939453,68000,0.0,0.0
2024-01-23 00:00:00+08:00,23.299999237060547,24.0,23.100000381469727,23.950000762939453,77000,0.0,0.0
2024-01-24 00:00:00+08:00,23.850000381469727,24.200000762939453,23.850000381469727,23.899999618530273,39000,0.0,0.0
2024-01-25 00:00:00+08:00,23.899999618530273,24.149999618530273,23.700000762939453,23.850000381469727,16000,0.0,0.0
2024-01-26 00:00:00+08:00,24.0,24.0,23.700000762939453,23.700000762939453,26000,0.0,0.0
2024-01-29 00:00:00+08:00,23.600000381469727,23.799999237060547,23.350000381469727,23.350000381469727,46000,0.0,0.0
2024-01-30 00:00:00+08:00,23.25,24.850000381469727,23.200000762939453,24.700000762939453,135000,0.0,0.0
2024-01-31 00:00:00+08:00,24.899999618530273,24.899999618530273,24.149999618530273,24.149999618530273,226000,0.0,0.0
2024-02-01 00:00:00+08:00,24.149999618530273,24.700000762939453,23.950000762939453,24.5,97000,0.0,0.0
2024-02-02 00:00:00+08:00,24.200000762939453,24.5,23.850000381469727,24.5,83000,0.0,0.0
2024-02-05 00:00:00+08:00,24.75,24.75,24.350000381469727,24.350000381469727,83000,0.0,0.0
2024-02-15 00:00:00+08:00,25.100000381469727,25.950000762939453,25.0,25.600000381469727,522000,0.0,0.0
2024-02-16 00:00:00+08:00,25.600000381469727,26.25,25.600000381469727,25.950000762939453,411000,0.0,0.0
2024-02-19 00:00:00+08:00,25.950000762939453,27.200000762939453,25.950000762939453,26.700000762939453,389000,0.0,0.0
2024-02-20 00:00:00+08:00,27.0,27.600000381469727,27.0,27.299999237060547,657000,0.0,0.0
2024-02-21 00:00:00+08:00,27.850000381469727,28.5,27.700000762939453,27.850000381469727,579000,0.0,0.0
2024-02-22 00:00:00+08:00,27.850000381469727,28.399999618530273,27.700000762939453,27.799999237060547,445000,0.0,0.0
2024-02-23 00:00:00+08:00,28.0,28.0,26.700000762939453,26.700000762939453,436000,0.0,0.0
2024-02-26 00:00:00+08:00,27.149999618530273,27.200000762939453,26.049999237060547,26.700000762939453,253000,0.0,0.0
2024-02-27 00:00:00+08:00,27.200000762939453,27.200000762939453,26.350000381469727,26.450000762939453,100000,0.0,0.0
2024-02-29 00:00:00+08:00,26.25,26.850000381469727,26.149999618530273,26.149999618530273,135000,0.0,0.0
2024-03-01 00:00:00+08:00,26.450000762939453,26.75,26.200000762939453,26.25,124000,0.0,0.0
2024-03-04 00:00:00+08:00,26.299999237060547,27.0,26.299999237060547,26.450000762939453,259000,0.0,0.0
2024-03-05 00:00:00+08:00,26.450000762939453,26.549999237060547,26.25,26.299999237060547,105000,0.0,0.0
2024-03-06 00:00:00+08:00,26.5,26.850000381469727,26.450000762939453,26.600000381469727,159000,0.0,0.0
2024-03-07 00:00:00+08:00,26.850000381469727,26.950000762939453,26.450000762939453,26.5,222000,0.0,0.0
2024-03-08 00:00:00+08:00,26.850000381469727,26.850000381469727,26.0,26.399999618530273,180000,0.0,0.0
2024-03-11 00:00:00+08:00,26.049999237060547,26.25,25.700000762939453,25.799999237060547,210000,0.0,0.0
2024-03-12 00:00:00+08:00,25.850000381469727,26.100000381469727,25.600000381469727,25.799999237060547,106000,0.0,0.0
2024-03-13 00:00:00+08:00,25.799999237060547,26.450000762939453,25.649999618530273,26.049999237060547,278000,0.0,0.0
2024-03-14 00:00:00+08:00,25.850000381469727,26.149999618530273,25.700000762939453,26.149999618530273,64000,0.0,0.0
2024-03-15 00:00:00+08:00,26.149999618530273,28.600000381469727,26.149999618530273,28.0,962000,0.0,0.0
2024-03-18 00:00:00+08:00,28.0,28.0,28.0,28.0,0,0.0,0.0
2024-03-19 00:00:00+08:00,27.0,27.549999237060547,26.100000381469727,27.25,652000,0.0,0.0
2024-03-20 00:00:00+08:00,27.100000381469727,27.25,26.700000762939453,27.049999237060547,172000,0.0,0.0
2024-03-21 00:00:00+08:00,27.049999237060547,27.850000381469727,27.0,27.100000381469727,388000,0.0,0.0
2024-03-22 00:00:00+08:00,27.200000762939453,27.799999237060547,27.200000762939453,27.450000762939453,607000,0.0,0.0
2024-03-25 00:00:00+08:00,27.450000762939453,27.450000762939453,27.450000762939453,27.450000762939453,0,0.0,0.0
2024-03-26 00:00:00+08:00,27.450000762939453,27.450000762939453,27.450000762939453,27.450000762939453,0,0.0,0.0
2024-03-27 00:00:00+08:00,27.950000762939453,28.100000381469727,27.75,27.950000762939453,254000,0.0,0.0
2024-03-28 00:00:00+08:00,27.5,28.200000762939453,27.5,27.75,204000,0.0,0.0
2024-03-29 00:00:00+08:00,27.5,27.950000762939453,27.25,27.600000381469727,166000,0.0,0.0
2024-04-01 00:00:00+08:00,27.950000762939453,28.25,27.899999618530273,28.0,563000,0.0,0.0
2024-04-02 00:00:00+08:00,28.25,30.450000762939453,28.200000762939453,30.399999618530273,2334000,0.0,0.0
2024-04-03 00:00:00+08:00,30.649999618530273,33.400001525878906,30.549999237060547,33.400001525878906,3495000,0.0,0.0
2024-04-08 00:00:00+08:00,35.0,36.70000076293945,34.95000076293945,36.70000076293945,4066000,0.0,0.0
2024-04-09 00:00:00+08:00,38.5,39.79999923706055,35.5,37.45000076293945,7301000,0.0,0.0
2024-04-10 00:00:00+08:00,38.0,39.400001525878906,37.20000076293945,37.95000076293945,2809000,0.0,0.0
2024-04-11 00:00:00+08:00,36.599998474121094,38.45000076293945,36.0,38.20000076293945,2006000,0.0,0.0
2024-04-12 00:00:00+08:00,39.04999923706055,40.20000076293945,37.75,40.20000076293945,1657000,0.0,0.0
2024-04-15 00:00:00+08:00,40.5,40.5,38.400001525878906,39.099998474121094,901000,0.0,0.0
2024-04-16 00:00:00+08:00,38.099998474121094,38.099998474121094,36.0,36.79999923706055,1107000,0.0,0.0
2024-04-17 00:00:00+08:00,38.0,39.599998474121094,37.5,39.0,616000,0.0,0.0
2024-04-18 00:00:00+08:00,39.04999923706055,42.79999923706055,39.04999923706055,41.0,1084000,0.0,0.0
2024-04-19 00:00:00+08:00,39.5,39.599998474121094,38.5,39.0,771000,0.0,0.0
2024-04-22 00:00:00+08:00,40.0,42.099998474121094,40.0,41.099998474121094,1379000,0.0,0.0
2024-04-23 00:00:00+08:00,42.0,42.400001525878906,40.5,41.0,765000,0.0,0.0
2024-04-24 00:00:00+08:00,41.900001525878906,43.349998474121094,41.900001525878906,43.349998474121094,1320000,0.0,0.0
2024-04-25 00:00:00+08:00,42.5,44.0,41.25,41.25,1857000,0.0,0.0
2024-04-26 00:00:00+08:00,39.849998474121094,42.400001525878906,37.20000076293945,39.29999923706055,4057000,0.0,0.0
2024-04-29 00:00:00+08:00,38.0,39.599998474121094,37.75,38.599998474121094,2750000,0.0,0.0
2024-04-30 00:00:00+08:00,39.20000076293945,42.45000076293945,39.20000076293945,42.45000076293945,8455000,0.0,0.0
2024-05-02 00:00:00+08:00,43.0,46.650001525878906,41.849998474121094,46.650001525878906,6438000,0.0,0.0
2024-05-03 00:00:00+08:00,46.20000076293945,51.29999923706055,46.099998474121094,50.29999923706055,20705000,0.0,0.0
2024-05-06 00:00:00+08:00,52.5,55.29999923706055,50.599998474121094,55.29999923706055,11234000,0.0,0.0
2024-05-07 00:00:00+08:00,55.599998474121094,59.5,54.099998474121094,59.400001525878906,20583000,0.0,0.0
2024-05-08 00:00:00+08:00,58.599998474121094,59.900001525878906,57.099998474121094,57.099998474121094,8770000,0.0,0.0
2024-05-09 00:00:00+08:00,58.900001525878906,59.29999923706055,57.099998474121094,59.29999923706055,1354000,0.0,0.0
2024-05-10 00:00:00+08:00,57.599998474121094,57.900001525878906,55.400001525878906,57.900001525878906,1163000,0.0,0.0
2024-05-13 00:00:00+08:00,58.29999923706055,58.29999923706055,56.0,56.0,578000,0.0,0.0
2024-05-14 00:00:00+08:00,54.70000076293945,57.0,54.70000076293945,55.79999923706055,703000,0.0,0.0
2024-05-15 00:00:00+08:00,56.900001525878906,61.29999923706055,56.900001525878906,61.29999923706055,1554000,0.0,0.0
2024-05-16 00:00:00+08:00,61.29999923706055,62.5,59.0,61.0,1199000,0.0,0.0
2024-05-17 00:00:00+08:00,62.0,62.5,60.0,61.0,594000,0.0,0.0
2024-05-20 00:00:00+08:00,61.0,61.5,60.099998474121094,60.400001525878906,489000,0.0,0.0
2024-05-21 00:00:00+08:00,60.20000076293945,62.5,60.20000076293945,60.70000076293945,380000,0.0,0.0
2024-05-22 00:00:00+08:00,60.70000076293945,63.0,60.70000076293945,62.20000076293945,710000,0.0,0.0
2024-05-23 00:00:00+08:00,68.30000305175781,68.4000015258789,66.0,68.4000015258789,2980000,0.0,0.0
2024-05-24 00:00:00+08:00,70.69999694824219,75.19999694824219,70.5,75.19999694824219,7474000,0.0,0.0
2024-05-27 00:00:00+08:00,78.4000015258789,82.69999694824219,76.0,82.69999694824219,11738000,0.0,0.0
2024-05-28 00:00:00+08:00,86.69999694824219,89.0999984741211,83.5999984741211,86.0,14149000,0.0,0.0
2024-05-29 00:00:00+08:00,84.5,86.0,80.69999694824219,80.9000015258789,6903000,0.0,0.0
2024-05-30 00:00:00+08:00,80.0,82.4000015258789,78.0,80.80000305175781,1063000,0.0,0.0
2024-05-31 00:00:00+08:00,82.0,82.0,79.0999984741211,79.69999694824219,615000,0.0,0.0
2024-06-03 00:00:00+08:00,82.69999694824219,82.69999694824219,80.0,81.5999984741211,645000,0.0,0.0
2024-06-04 00:00:00+08:00,81.5999984741211,85.0,81.0,84.0,881000,0.0,0.0
2024-06-05 00:00:00+08:00,85.9000015258789,85.9000015258789,84.0,84.0,427000,0.0,0.0
2024-06-06 00:00:00+08:00,86.69999694824219,86.69999694824219,83.0,83.5999984741211,255000,0.0,0.0
2024-06-07 00:00:00+08:00,84.4000015258789,84.4000015258789,83.4000015258789,84.0,406000,0.0,0.0
2024-06-11 00:00:00+08:00,83.0,83.4000015258789,80.0,80.0999984741211,527000,0.0,0.0
2024-06-12 00:00:00+08:00,80.0,86.9000015258789,80.0,86.9000015258789,550000,0.0,0.0
2024-06-13 00:00:00+08:00,87.0,95.5,85.5999984741211,94.5,1586000,0.0,0.0
2024-06-14 00:00:00+08:00,93.5999984741211,103.5,88.0,100.5,12949000,0.0,0.0
2024-06-17 00:00:00+08:00,101.0,102.0,92.5,94.19999694824219,5825000,0.0,0.0
2024-06-18 00:00:00+08:00,92.5,102.0,85.0,88.80000305175781,6813000,0.0,0.0
2024-06-19 00:00:00+08:00,89.80000305175781,92.0,84.19999694824219,87.80000305175781,4937000,0.0,0.0
2024-06-20 00:00:00+08:00,88.19999694824219,92.80000305175781,87.0999984741211,90.0,2597000,0.0,0.0
2024-06-21 00:00:00+08:00,89.69999694824219,93.69999694824219,87.0999984741211,87.0999984741211,1817000,0.0,0.0
2024-06-24 00:00:00+08:00,87.0999984741211,89.30000305175781,86.4000015258789,87.19999694824219,1245000,0.0,0.0
2024-06-25 00:00:00+08:00,87.19999694824219,88.0,83.0,87.19999694824219,1759000,0.0,0.0
2024-06-26 00:00:00+08:00,87.5,89.69999694824219,84.5999984741211,84.69999694824219,1618000,0.0,0.0
2024-06-27 00:00:00+08:00,83.5,85.4000015258789,80.0999984741211,80.19999694824219,3076000,0.0,0.0
2024-06-28 00:00:00+08:00,80.5,84.19999694824219,80.5,81.0,1701000,0.0,0.0
2024-07-01 00:00:00+08:00,81.0,84.0,80.5999984741211,81.5,999000,0.0,0.0
2024-07-02 00:00:00+08:00,81.0999984741211,89.5,81.0999984741211,87.80000305175781,2207000,0.0,0.0
2024-07-03 00:00:00+08:00,88.30000305175781,90.5999984741211,87.69999694824219,88.30000305175781,2387000,0.0,0.0
2024-07-04 00:00:00+08:00,88.4000015258789,90.5,88.19999694824219,88.19999694824219,1335000,0.0,0.0
2024-07-05 00:00:00+08:00,88.5999984741211,91.5,86.69999694824219,87.0999984741211,1597000,0.0,0.0
2024-07-08 00:00:00+08:00,87.19999694824219,89.69999694824219,85.4000015258789,87.5999984741211,884000,0.0,0.0
2024-07-09 00:00:00+08:00,88.4000015258789,88.4000015258789,83.69999694824219,84.69999694824219,1169000,0.0,0.0
2024-07-10 00:00:00+08:00,85.5,90.9000015258789,84.80000305175781,87.5,3076000,0.0,0.0
2024-07-11 00:00:00+08:00,87.19999694824219,88.4000015258789,86.30000305175781,86.69999694824219,1152000,0.0,0.0
2024-07-12 00:00:00+08:00,86.30000305175781,87.0,85.0,85.4000015258789,937000,0.0,0.0
2024-07-15 00:00:00+08:00,86.19999694824219,87.69999694824219,85.30000305175781,85.5999984741211,815000,0.0,0.0
2024-07-16 00:00:00+08:00,87.0,87.0,85.0,86.9000015258789,536000,0.0,0.0
2024-07-17 00:00:00+08:00,86.30000305175781,87.69999694824219,86.19999694824219,86.4000015258789,891000,0.0,0.0
2024-07-18 00:00:00+08:00,85.5,86.0,81.5999984741211,82.5999984741211,1362000,0.0,0.0
2024-07-19 00:00:00+08:00,82.5999984741211,82.80000305175781,80.5,80.69999694824219,916000,0.0,0.0
2024-07-22 00:00:00+08:00,80.69999694824219,82.0,79.4000015258789,80.5,1129000,0.0,0.0
2024-07-23 00:00:00+08:00,81.4000015258789,84.4000015258789,81.4000015258789,82.69999694824219,705000,0.0,0.0
2024-07-26 00:00:00+08:00,80.19999694824219,81.69999694824219,79.19999694824219,80.30000305175781,903000,0.0,0.0
2024-07-29 00:00:00+08:00,80.5,81.4000015258789,73.19999694824219,73.19999694824219,1860000,0.0,0.0
2024-07-30 00:00:00+08:00,72.30000305175781,79.69999694824219,72.30000305175781,78.9000015258789,1620000,0.0,0.0
2024-07-31 00:00:00+08:00,78.9000015258789,80.19999694824219,76.9000015258789,77.0999984741211,495000,0.0,0.0
2024-08-01 00:00:00+08:00,78.5,81.80000305175781,78.5,80.4000015258789,560000,0.0,0.0
2024-08-02 00:00:00+08:00,78.4000015258789,79.80000305175781,77.69999694824219,78.80000305175781,460000,0.0,0.0
2024-08-05 00:00:00+08:00,75.0,75.0,71.0,71.0,1842000,0.0,0.0
2024-08-06 00:00:00+08:00,72.0999984741211,73.9000015258789,63.900001525878906,68.30000305175781,1887000,0.0,0.0
2024-08-07 00:00:00+08:00,68.30000305175781,74.9000015258789,68.30000305175781,74.0,819000,0.0,0.0
2024-08-08 00:00:00+08:00,72.19999694824219,73.0,69.80000305175781,70.30000305175781,716000,0.0,0.0
2024-08-09 00:00:00+08:00,71.5,73.19999694824219,71.0999984741211,71.4000015258789,401000,0.0,0.0
2024-08-12 00:00:00+08:00,72.0,73.19999694824219,71.30000305175781,72.30000305175781,381000,0.0,0.0
2024-08-13 00:00:00+08:00,72.4000015258789,73.19999694824219,71.0999984741211,72.4000015258789,199000,0.0,0.0
2024-08-14 00:00:00+08:00,73.30000305175781,73.5999984741211,71.5999984741211,72.19999694824219,256000,0.0,0.0
2024-08-15 00:00:00+08:00,72.19999694824219,77.0,72.19999694824219,74.5999984741211,688000,0.0,0.0
2024-08-16 00:00:00+08:00,75.4000015258789,76.9000015258789,74.9000015258789,75.0,417000,0.0,0.0
2024-08-19 00:00:00+08:00,74.69999694824219,74.69999694824219,72.0,72.19999694824219,481000,0.0,0.0
2024-08-20 00:00:00+08:00,72.4000015258789,72.80000305175781,71.5,71.69999694824219,226000,0.0,0.0
2024-08-21 00:00:00+08:00,71.69999694824219,73.4000015258789,70.5999984741211,71.80000305175781,390000,0.0,0.0
2024-08-22 00:00:00+08:00,71.69999694824219,72.5999984741211,70.5,71.80000305175781,228000,0.0,0.0
2024-08-23 00:00:00+08:00,70.0,72.80000305175781,70.0,72.4000015258789,176000,0.0,0.0
2024-08-26 00:00:00+08:00,72.4000015258789,72.5999984741211,71.0,71.0999984741211,157000,0.0,0.0
2024-08-27 00:00:00+08:00,70.5,71.30000305175781,67.19999694824219,68.0999984741211,692000,0.0,0.0
2024-08-28 00:00:00+08:00,67.5999984741211,71.4000015258789,67.5,69.4000015258789,496000,0.0,0.0
2024-08-29 00:00:00+08:00,67.0,68.80000305175781,65.80000305175781,66.19999694824219,652000,0.0,0.0
2024-08-30 00:00:00+08:00,66.19999694824219,66.5,64.5999984741211,65.5,616000,0.0,0.0
2024-09-02 00:00:00+08:00,65.5999984741211,72.0,65.5999984741211,72.0,1618000,0.0,0.0
2024-09-03 00:00:00+08:00,72.0,77.0999984741211,65.80000305175781,66.9000015258789,3776000,0.0,0.0
2024-09-04 00:00:00+08:00,64.0,66.0999984741211,61.70000076293945,64.5999984741211,639000,0.0,0.0
2024-09-05 00:00:00+08:00,65.0,66.19999694824219,64.19999694824219,65.5999984741211,382000,0.0,0.0
2024-09-06 00:00:00+08:00,64.5999984741211,66.69999694824219,63.79999923706055,63.79999923706055,245000,0.0,0.0
2024-09-09 00:00:00+08:00,62.099998474121094,63.79999923706055,62.0,63.599998474121094,261000,0.0,0.0
2024-09-10 00:00:00+08:00,63.900001525878906,64.0999984741211,61.29999923706055,61.599998474121094,346000,0.0,0.0
2024-09-11 00:00:00+08:00,61.70000076293945,63.099998474121094,60.0,62.400001525878906,621000,0.0,0.0
2024-09-12 00:00:00+08:00,63.0,65.0999984741211,61.900001525878906,62.20000076293945,295000,0.0,0.0
2024-09-13 00:00:00+08:00,62.5,63.900001525878906,62.0,63.5,189000,0.0,0.0
2024-09-16 00:00:00+08:00,64.9000015258789,64.9000015258789,62.5,63.099998474121094,106000,0.0,0.0
2024-09-18 00:00:00+08:00,62.29999923706055,62.29999923706055,60.5,60.70000076293945,239000,0.0,0.0
2024-09-19 00:00:00+08:00,61.0,62.20000076293945,60.70000076293945,61.20000076293945,167000,0.0,0.0
2024-09-20 00:00:00+08:00,60.29999923706055,61.20000076293945,59.400001525878906,60.0,527000,0.0,0.0
2024-09-23 00:00:00+08:00,60.0,61.0,59.70000076293945,60.0,240000,0.0,0.0
2024-09-24 00:00:00+08:00,60.0,60.20000076293945,58.29999923706055,59.20000076293945,349000,0.0,0.0
2024-09-25 00:00:00+08:00,59.20000076293945,60.0,58.400001525878906,58.400001525878906,313000,0.0,0.0
2024-09-26 00:00:00+08:00,58.400001525878906,59.900001525878906,57.79999923706055,57.900001525878906,371000,0.0,0.0
2024-09-27 00:00:00+08:00,56.79999923706055,58.70000076293945,55.099998474121094,57.29999923706055,773000,0.0,0.0
2024-09-30 00:00:00+08:00,58.099998474121094,60.0,56.599998474121094,58.400001525878906,669000,0.0,0.0
2024-10-01 00:00:00+08:00,57.5,62.0,57.5,60.900001525878906,689000,0.0,0.0
2024-10-04 00:00:00+08:00,60.900001525878906,63.400001525878906,60.5,61.20000076293945,451000,0.0,0.0
2024-10-07 00:00:00+08:00,61.599998474121094,67.30000305175781,61.599998474121094,67.30000305175781,1192000,0.0,0.0
2024-10-08 00:00:00+08:00,68.0,69.30000305175781,64.0,65.4000015258789,1368000,0.0,0.0
2024-10-09 00:00:00+08:00,65.9000015258789,71.4000015258789,65.9000015258789,67.9000015258789,1627000,0.0,0.0
2024-10-11 00:00:00+08:00,67.4000015258789,69.0,65.0999984741211,67.0999984741211,997000,0.0,0.0
2024-10-14 00:00:00+08:00,67.5,71.5,67.5,70.5999984741211,905000,0.0,0.0
2024-10-15 00:00:00+08:00,73.5,77.5999984741211,72.69999694824219,75.5999984741211,3215000,0.0,0.0
2024-10-16 00:00:00+08:00,76.69999694824219,79.30000305175781,74.80000305175781,78.0,2048000,0.0,0.0
2024-10-17 00:00:00+08:00,78.0,84.5999984741211,77.9000015258789,80.30000305175781,1972000,0.0,0.0
2024-10-18 00:00:00+08:00,82.5,82.5,80.19999694824219,81.5,1394000,0.0,0.0
2024-10-21 00:00:00+08:00,83.5,89.0999984741211,82.5,85.5,2758000,0.0,0.0
2024-10-22 00:00:00+08:00,86.0,87.5,83.30000305175781,83.4000015258789,1700000,0.0,0.0
2024-10-23 00:00:00+08:00,83.0,83.0999984741211,80.0,81.69999694824219,1306000,0.0,0.0
2024-10-24 00:00:00+08:00,81.5,82.30000305175781,79.0999984741211,80.0,914000,0.0,0.0
2024-10-25 00:00:00+08:00,80.4000015258789,83.5,79.5,82.69999694824219,879000,0.0,0.0
2024-10-28 00:00:00+08:00,82.9000015258789,83.80000305175781,79.5999984741211,79.9000015258789,819000,0.0,0.0
2024-10-29 00:00:00+08:00,79.9000015258789,80.5,76.5,76.5,749000,0.0,0.0
2024-10-30 00:00:00+08:00,76.69999694824219,77.5999984741211,75.9000015258789,76.69999694824219,357000,0.0,0.0
2024-11-01 00:00:00+08:00,69.0999984741211,70.9000015258789,69.0999984741211,69.0999984741211,1730000,0.0,0.0
2024-11-04 00:00:00+08:00,64.0,64.0999984741211,62.20000076293945,62.20000076293945,2235000,0.0,0.0
2024-11-05 00:00:00+08:00,61.79999923706055,66.9000015258789,61.0,64.69999694824219,1553000,0.0,0.0
2024-11-06 00:00:00+08:00,65.0,67.4000015258789,62.099998474121094,62.599998474121094,1047000,0.0,0.0
2024-11-07 00:00:00+08:00,62.099998474121094,64.4000015258789,61.70000076293945,62.29999923706055,505000,0.0,0.0
2024-11-08 00:00:00+08:00,64.30000305175781,64.30000305175781,61.79999923706055,61.79999923706055,395000,0.0,0.0
2024-11-11 00:00:00+08:00,61.29999923706055,62.900001525878906,60.5,62.0,400000,0.0,0.0
2024-11-12 00:00:00+08:00,61.5,61.900001525878906,56.900001525878906,58.70000076293945,1053000,0.0,0.0
2024-11-13 00:00:00+08:00,58.70000076293945,61.5,58.70000076293945,59.20000076293945,410000,0.0,0.0
2024-11-14 00:00:00+08:00,58.599998474121094,59.400001525878906,56.400001525878906,56.599998474121094,528000,0.0,0.0
2024-11-15 00:00:00+08:00,55.5,60.0,55.5,58.79999923706055,649000,0.0,0.0
2024-11-18 00:00:00+08:00,59.70000076293945,63.900001525878906,59.70000076293945,60.79999923706055,1237000,0.0,0.0
2024-11-19 00:00:00+08:00,62.79999923706055,66.80000305175781,62.599998474121094,65.9000015258789,1639000,0.0,0.0
2024-11-20 00:00:00+08:00,67.19999694824219,68.0,62.70000076293945,63.900001525878906,1375682,0.0,0.0
2024-11-21 00:00:00+08:00,63.70000076293945,64.4000015258789,62.29999923706055,62.29999923706055,478000,0.0,0.0
2024-11-22 00:00:00+08:00,62.599998474121094,65.30000305175781,62.20000076293945,62.29999923706055,496000,0.0,0.0
2024-11-25 00:00:00+08:00,63.900001525878906,64.4000015258789,62.20000076293945,63.79999923706055,371000,0.0,0.0
2024-11-26 00:00:00+08:00,63.099998474121094,63.900001525878906,62.099998474121094,62.099998474121094,263000,0.0,0.0
2024-11-27 00:00:00+08:00,62.599998474121094,62.900001525878906,61.70000076293945,62.70000076293945,317000,0.0,0.0
2024-11-28 00:00:00+08:00,62.900001525878906,64.5,61.20000076293945,63.5,379000,0.0,0.0
2024-11-29 00:00:00+08:00,63.5,64.80000305175781,63.29999923706055,63.70000076293945,315000,0.0,0.0
2024-12-02 00:00:00+08:00,63.70000076293945,66.0,62.20000076293945,66.0,562000,0.0,0.0
2024-12-03 00:00:00+08:00,68.69999694824219,72.5999984741211,67.69999694824219,71.9000015258789,2654000,0.0,0.0
2024-12-04 00:00:00+08:00,72.19999694824219,75.0,70.80000305175781,71.0999984741211,2380000,0.0,0.0
2024-12-05 00:00:00+08:00,74.0,74.0,68.0,68.0,1380000,0.0,0.0
2024-12-06 00:00:00+08:00,68.0999984741211,68.30000305175781,65.19999694824219,66.19999694824219,684000,0.0,0.0
2024-12-09 00:00:00+08:00,68.30000305175781,68.30000305175781,65.30000305175781,66.19999694824219,385000,0.0,0.0
2024-12-10 00:00:00+08:00,65.69999694824219,66.80000305175781,63.29999923706055,63.599998474121094,375000,0.0,0.0
2024-12-11 00:00:00+08:00,64.9000015258789,64.9000015258789,62.900001525878906,63.599998474121094,219000,0.0,0.0
2024-12-12 00:00:00+08:00,64.4000015258789,64.69999694824219,62.400001525878906,62.400001525878906,313000,0.0,0.0
2024-12-13 00:00:00+08:00,62.20000076293945,63.70000076293945,61.900001525878906,63.20000076293945,257000,0.0,0.0
2024-12-16 00:00:00+08:00,63.599998474121094,65.80000305175781,61.20000076293945,61.29999923706055,413000,0.0,0.0
2024-12-17 00:00:00+08:00,61.900001525878906,63.5,61.900001525878906,63.29999923706055,174000,0.0,0.0
2024-12-18 00:00:00+08:00,63.29999923706055,63.29999923706055,57.0,57.29999923706055,1531000,0.0,0.0
2024-12-19 00:00:00+08:00,57.0,59.29999923706055,55.5,59.20000076293945,480000,0.0,0.0
2024-12-20 00:00:00+08:00,58.70000076293945,59.79999923706055,57.70000076293945,57.79999923706055,241000,0.0,0.0
2024-12-23 00:00:00+08:00,58.099998474121094,59.0,58.0,58.400001525878906,208000,0.0,0.0
2024-12-24 00:00:00+08:00,58.900001525878906,62.0,58.79999923706055,59.5,509000,0.0,0.0
2024-12-25 00:00:00+08:00,59.79999923706055,59.79999923706055,56.70000076293945,57.29999923706055,530000,0.0,0.0
2024-12-26 00:00:00+08:00,58.0,63.0,58.0,61.29999923706055,1590000,0.0,0.0
2024-12-27 00:00:00+08:00,60.599998474121094,61.900001525878906,60.0,60.099998474121094,474000,0.0,0.0
2024-12-30 00:00:00+08:00,60.20000076293945,60.400001525878906,58.79999923706055,58.79999923706055,193000,0.0,0.0
2024-12-31 00:00:00+08:00,58.79999923706055,60.20000076293945,57.400001525878906,57.900001525878906,368000,0.0,0.0
2025-01-02 00:00:00+08:00,57.599998474121094,58.900001525878906,57.400001525878906,57.79999923706055,167000,0.0,0.0
2025-01-03 00:00:00+08:00,57.79999923706055,59.0,57.599998474121094,57.599998474121094,132000,0.0,0.0
2025-01-06 00:00:00+08:00,57.70000076293945,58.099998474121094,56.79999923706055,57.099998474121094,231000,0.0,0.0
2025-01-07 00:00:00+08:00,57.79999923706055,57.79999923706055,52.599998474121094,54.099998474121094,677000,0.0,0.0
2025-01-08 00:00:00+08:00,54.0,54.5,48.75,50.79999923706055,2505000,0.0,0.0
2025-01-09 00:00:00+08:00,51.79999923706055,51.79999923706055,49.099998474121094,49.349998474121094,562000,0.0,0.0
2025-01-10 00:00:00+08:00,49.849998474121094,50.79999923706055,48.400001525878906,48.900001525878906,332000,0.0,0.0
2025-01-13 00:00:00+08:00,49.849998474121094,49.849998474121094,45.099998474121094,48.099998474121094,770000,0.0,0.0
2025-01-14 00:00:00+08:00,47.54999923706055,52.79999923706055,47.54999923706055,51.29999923706055,533000,0.0,0.0
2025-01-15 00:00:00+08:00,52.400001525878906,52.400001525878906,50.20000076293945,50.400001525878906,94000,0.0,0.0
2025-01-16 00:00:00+08:00,51.099998474121094,51.400001525878906,50.20000076293945,50.400001525878906,90000,0.0,0.0
2025-01-17 00:00:00+08:00,51.0,52.099998474121094,50.400001525878906,50.400001525878906,156000,0.0,0.0
2025-01-20 00:00:00+08:00,50.5,51.400001525878906,50.20000076293945,51.099998474121094,137000,0.0,0.0
2025-01-21 00:00:00+08:00,51.5,53.900001525878906,51.099998474121094,53.70000076293945,215000,0.0,0.0
2025-01-22 00:00:00+08:00,54.900001525878906,57.5,53.599998474121094,56.20000076293945,812000,0.0,0.0
2025-02-03 00:00:00+08:00,55.900001525878906,57.0,53.20000076293945,57.0,189000,0.0,0.0
2025-02-04 00:00:00+08:00,56.099998474121094,57.900001525878906,54.5,54.599998474121094,271800,0.0,0.0
2025-02-05 00:00:00+08:00,54.29999923706055,55.599998474121094,54.20000076293945,54.20000076293945,117000,0.0,0.0
2025-02-06 00:00:00+08:00,54.5,55.599998474121094,54.0,55.0,125310,0.0,0.0
2025-02-07 00:00:00+08:00,55.0,55.599998474121094,54.20000076293945,55.29999923706055,167000,0.0,0.0
2025-02-10 00:00:00+08:00,55.70000076293945,56.70000076293945,54.599998474121094,55.79999923706055,311000,0.0,0.0
2025-02-11 00:00:00+08:00,54.29999923706055,55.0,53.400001525878906,54.0,472050,0.0,0.0
2025-02-12 00:00:00+08:00,55.70000076293945,56.5,54.29999923706055,55.400001525878906,371001,0.0,0.0
2025-02-13 00:00:00+08:00,55.79999923706055,55.79999923706055,54.5,54.70000076293945,179000,0.0,0.0
2025-02-14 00:00:00+08:00,54.20000076293945,55.0,53.5,53.5,198000,0.0,0.0
2025-02-17 00:00:00+08:00,53.900001525878906,54.5,53.70000076293945,54.0,68000,0.0,0.0
2025-02-18 00:00:00+08:00,53.900001525878906,54.900001525878906,53.70000076293945,54.5,98000,0.0,0.0
2025-02-19 00:00:00+08:00,54.79999923706055,59.5,54.79999923706055,56.599998474121094,582050,0.0,0.0
2025-02-20 00:00:00+08:00,57.70000076293945,62.20000076293945,57.70000076293945,62.20000076293945,1526000,0.0,0.0
2025-02-21 00:00:00+08:00,62.400001525878906,66.5,60.599998474121094,64.5,3250655,0.0,0.0
2025-02-24 00:00:00+08:00,62.19249725341797,64.03883361816406,62.09532165527344,63.16425323486328,868529,0.0,0.0
2025-02-25 00:00:00+08:00,63.358604431152344,64.52471160888672,61.31791305541992,61.998146057128906,737884,0.0,0.0
2025-02-26 00:00:00+08:00,62.87272644042969,63.06707763671875,61.41508865356445,61.41508865356445,521734,0.0,0.0
2025-02-27 00:00:00+08:00,61.803794860839844,61.803794860839844,58.30546569824219,58.30546569824219,690529,0.0,0.0
2025-03-03 00:00:00+08:00,56.3619499206543,58.30546569824219,56.3619499206543,56.75065231323242,303573,0.0,0.0
2025-03-04 00:00:00+08:00,56.65347671508789,59.568748474121094,56.3619499206543,58.49981689453125,323125,0.0,0.0
2025-03-05 00:00:00+08:00,58.5,59.900001525878906,58.29999923706055,58.29999923706055,618057,0.0,0.0
2025-03-06 00:00:00+08:00,58.900001525878906,59.099998474121094,57.20000076293945,58.29999923706055,354000,0.0,0.0
2025-03-07 00:00:00+08:00,59.0,60.79999923706055,58.599998474121094,60.79999923706055,501800,0.0,0.0
2025-03-10 00:00:00+08:00,61.20000076293945,63.20000076293945,60.20000076293945,60.20000076293945,751300,0.0,0.0
2025-03-11 00:00:00+08:00,61.5,61.5,57.79999923706055,58.20000076293945,220050,0.0,0.0
2025-03-12 00:00:00+08:00,58.900001525878906,58.900001525878906,55.20000076293945,55.599998474121094,369701,0.0,0.0
2025-03-13 00:00:00+08:00,55.79999923706055,56.900001525878906,53.0,53.0,493499,0.0,0.0
2025-03-14 00:00:00+08:00,53.0,53.099998474121094,50.79999923706055,50.900001525878906,500101,0.0,0.0
2025-03-17 00:00:00+08:00,51.099998474121094,52.099998474121094,50.70000076293945,50.70000076293945,328001,0.0,0.0
2025-03-18 00:00:00+08:00,51.400001525878906,52.29999923706055,50.70000076293945,52.0,403100,0.0,0.0
2025-03-19 00:00:00+08:00,52.0,52.0,50.5,51.599998474121094,509161,0.0,0.0
2025-03-20 00:00:00+08:00,52.29999923706055,53.5,51.099998474121094,51.599998474121094,1099205,0.0,0.0
2025-03-21 00:00:00+08:00,51.599998474121094,51.900001525878906,50.099998474121094,51.099998474121094,553709,0.0,0.0
2025-03-24 00:00:00+08:00,56.0,56.20000076293945,52.0,52.0,5937060,0.0,0.0
2025-03-25 00:00:00+08:00,52.400001525878906,53.79999923706055,51.70000076293945,51.70000076293945,1348347,0.0,0.0
2025-03-26 00:00:00+08:00,51.70000076293945,51.70000076293945,50.5,50.70000076293945,1026130,0.0,0.0
2025-03-27 00:00:00+08:00,50.29999923706055,51.599998474121094,50.20000076293945,51.20000076293945,706028,0.0,0.0
2025-03-28 00:00:00+08:00,51.20000076293945,51.20000076293945,50.5,50.900001525878906,461049,0.0,0.0
2025-03-31 00:00:00+08:00,48.5,50.20000076293945,48.45000076293945,48.79999923706055,623013,0.0,0.0
2025-04-01 00:00:00+08:00,49.400001525878906,51.20000076293945,49.150001525878906,50.0,770017,0.0,0.0
2025-04-02 00:00:00+08:00,50.0,50.400001525878906,48.5,48.5,495008,0.0,0.0
2025-04-07 00:00:00+08:00,43.650001525878906,43.650001525878906,43.650001525878906,43.650001525878906,91006,0.0,0.0
2025-04-08 00:00:00+08:00,39.29999923706055,39.29999923706055,39.29999923706055,39.29999923706055,276008,0.0,0.0
2025-04-09 00:00:00+08:00,35.400001525878906,35.400001525878906,35.400001525878906,35.400001525878906,144067,0.0,0.0
2025-04-10 00:00:00+08:00,38.900001525878906,38.900001525878906,35.79999923706055,35.79999923706055,8889945,0.0,0.0
2025-04-11 00:00:00+08:00,32.25,32.25,32.25,32.25,576585,0.0,0.0
2025-04-14 00:00:00+08:00,30.450000762939453,33.75,30.200000762939453,31.799999237060547,4606197,0.0,0.0
2025-04-15 00:00:00+08:00,32.45000076293945,34.95000076293945,32.29999923706055,34.95000076293945,1107063,0.0,0.0
2025-04-16 00:00:00+08:00,37.5,38.400001525878906,36.20000076293945,38.400001525878906,2946000,0.0,0.0
2025-04-17 00:00:00+08:00,38.79999923706055,41.79999923706055,38.599998474121094,40.650001525878906,5375268,0.0,0.0
2025-04-18 00:00:00+08:00,41.0,41.79999923706055,39.900001525878906,41.79999923706055,2345003,0.0,0.0
2025-04-21 00:00:00+08:00,41.5,42.900001525878906,40.04999923706055,40.150001525878906,1802015,0.0,0.0
2025-04-22 00:00:00+08:00,39.79999923706055,40.150001525878906,38.20000076293945,38.5,1128042,0.0,0.0
2025-04-23 00:00:00+08:00,40.29999923706055,41.599998474121094,39.25,39.599998474121094,819006,0.0,0.0
2025-04-24 00:00:00+08:00,40.400001525878906,40.400001525878906,38.70000076293945,39.0,382000,0.0,0.0
2025-04-25 00:00:00+08:00,39.79999923706055,40.79999923706055,39.400001525878906,39.54999923706055,762008,0.0,0.0
2025-04-28 00:00:00+08:00,40.099998474121094,43.5,39.599998474121094,43.5,2293212,0.0,0.0
2025-04-29 00:00:00+08:00,45.0,45.0,43.0,44.400001525878906,2455100,0.0,0.0
2025-04-30 00:00:00+08:00,44.04999923706055,44.5,42.349998474121094,42.349998474121094,850265,0.0,0.0
2025-05-02 00:00:00+08:00,43.0,43.95000076293945,42.099998474121094,42.25,637005,0.0,0.0
2025-05-05 00:00:00+08:00,43.5,44.0,40.650001525878906,41.0,1122003,0.0,0.0
2025-05-06 00:00:00+08:00,40.150001525878906,42.599998474121094,39.400001525878906,39.599998474121094,1025033,0.0,0.0
2025-05-07 00:00:00+08:00,40.29999923706055,42.75,39.20000076293945,42.0,1365003,0.0,0.0
2025-05-08 00:00:00+08:00,42.599998474121094,42.900001525878906,41.5,42.349998474121094,650002,0.0,0.0
2025-05-09 00:00:00+08:00,42.5,43.79999923706055,41.900001525878906,43.099998474121094,902020,0.0,0.0
2025-05-12 00:00:00+08:00,43.20000076293945,44.75,43.099998474121094,43.849998474121094,1531032,0.0,0.0
2025-05-13 00:00:00+08:00,45.0,45.54999923706055,43.54999923706055,44.0,753062,0.0,0.0
2025-05-14 00:00:00+08:00,44.400001525878906,45.599998474121094,41.75,41.849998474121094,1450113,0.0,0.0
2025-05-15 00:00:00+08:00,42.45000076293945,42.75,41.650001525878906,42.650001525878906,1183001,0.0,0.0
2025-05-16 00:00:00+08:00,42.70000076293945,46.900001525878906,42.650001525878906,46.900001525878906,2604207,0.0,0.0
2025-05-19 00:00:00+08:00,47.29999923706055,49.5,46.0,47.650001525878906,5176011,0.0,0.0
2025-05-20 00:00:00+08:00,47.95000076293945,48.25,43.599998474121094,45.099998474121094,3588103,0.0,0.0
2025-05-21 00:00:00+08:00,45.5,49.54999923706055,45.150001525878906,48.900001525878906,3265010,0.0,0.0
2025-05-22 00:00:00+08:00,48.349998474121094,49.54999923706055,48.04999923706055,48.849998474121094,1950020,0.0,0.0
2025-05-23 00:00:00+08:00,49.04999923706055,50.0,48.349998474121094,49.849998474121094,942110,0.0,0.0
2025-05-26 00:00:00+08:00,49.599998474121094,50.400001525878906,46.45000076293945,46.45000076293945,2429074,0.0,0.0
2025-05-27 00:00:00+08:00,47.349998474121094,47.95000076293945,45.25,45.45000076293945,1183005,0.0,0.0
2025-05-28 00:00:00+08:00,45.650001525878906,47.0,44.20000076293945,44.25,752001,0.0,0.0
2025-05-29 00:00:00+08:00,44.5,44.650001525878906,42.650001525878906,43.54999923706055,617001,0.0,0.0
2025-06-02 00:00:00+08:00,43.29999923706055,43.400001525878906,41.599998474121094,42.099998474121094,666012,0.0,0.0
2025-06-03 00:00:00+08:00,42.29999923706055,42.79999923706055,41.54999923706055,42.29999923706055,548011,0.0,0.0
2025-06-04 00:00:00+08:00,42.75,42.95000076293945,41.849998474121094,41.900001525878906,516000,0.0,0.0
2025-06-05 00:00:00+08:00,42.20000076293945,44.099998474121094,41.650001525878906,42.150001525878906,974000,0.0,0.0
2025-06-06 00:00:00+08:00,42.95000076293945,44.0,42.29999923706055,43.900001525878906,849000,0.0,0.0
2025-06-09 00:00:00+08:00,44.54999923706055,44.79999923706055,44.0,44.0,542001,0.0,0.0
2025-06-10 00:00:00+08:00,44.20000076293945,44.75,44.0,44.04999923706055,414079,0.0,0.0
2025-06-11 00:00:00+08:00,44.5,45.25,44.150001525878906,44.400001525878906,893000,0.0,0.0
2025-06-12 00:00:00+08:00,44.95000076293945,45.20000076293945,44.45000076293945,44.5,357000,0.0,0.0
2025-06-13 00:00:00+08:00,44.5,44.75,42.400001525878906,42.5,768071,0.0,0.0
2025-06-16 00:00:00+08:00,42.5,42.79999923706055,42.400001525878906,42.400001525878906,214000,0.0,0.0
2025-06-17 00:00:00+08:00,42.400001525878906,43.099998474121094,41.79999923706055,41.79999923706055,453200,0.0,0.0
2025-06-18 00:00:00+08:00,42.0,42.79999923706055,40.25,40.5,777277,0.0,0.0
2025-06-19 00:00:00+08:00,40.849998474121094,40.849998474121094,39.5,39.5,577075,0.0,0.0
2025-06-20 00:00:00+08:00,39.650001525878906,40.900001525878906,39.20000076293945,39.650001525878906,572145,0.0,0.0
2025-06-23 00:00:00+08:00,39.45000076293945,40.099998474121094,37.45000076293945,39.5,813000,0.0,0.0
2025-06-24 00:00:00+08:00,40.0,40.70000076293945,39.599998474121094,40.099998474121094,457004,0.0,0.0
2025-06-25 00:00:00+08:00,40.45000076293945,40.95000076293945,40.20000076293945,40.29999923706055,380002,0.0,0.0
2025-06-26 00:00:00+08:00,40.349998474121094,41.400001525878906,40.29999923706055,40.29999923706055,322001,0.0,0.0
2025-06-27 00:00:00+08:00,40.54999923706055,40.54999923706055,40.20000076293945,40.400001525878906,232000,0.0,0.0
2025-06-30 00:00:00+08:00,40.79999923706055,40.79999923706055,39.20000076293945,39.29999923706055,589013,0.0,0.0
2025-07-01 00:00:00+08:00,39.75,41.20000076293945,39.29999923706055,39.349998474121094,522039,0.0,0.0
2025-07-02 00:00:00+08:00,40.099998474121094,40.099998474121094,39.20000076293945,39.29999923706055,220030,0.0,0.0
2025-07-03 00:00:00+08:00,39.650001525878906,39.849998474121094,39.20000076293945,39.400001525878906,315070,0.0,0.0
2025-07-04 00:00:00+08:00,39.95000076293945,41.75,39.0,39.0,921000,0.0,0.0
2025-07-07 00:00:00+08:00,39.0,40.150001525878906,38.900001525878906,39.95000076293945,501030,0.0,0.0
2025-07-08 00:00:00+08:00,39.95000076293945,40.20000076293945,39.45000076293945,39.900001525878906,540000,0.0,0.0
2025-07-09 00:00:00+08:00,39.95000076293945,42.099998474121094,39.95000076293945,41.900001525878906,564100,0.0,0.0
2025-07-10 00:00:00+08:00,42.0,44.349998474121094,41.849998474121094,43.5,1143001,0.0,0.0
2025-07-11 00:00:00+08:00,43.79999923706055,44.5,43.29999923706055,43.5,486050,0.0,0.0
2025-07-14 00:00:00+08:00,43.599998474121094,44.95000076293945,43.349998474121094,44.400001525878906,1333054,0.0,0.0
2025-07-15 00:00:00+08:00,44.5,44.95000076293945,40.400001525878906,40.75,2205000,0.0,0.0
2025-07-16 00:00:00+08:00,41.0,41.95000076293945,40.849998474121094,41.95000076293945,405102,0.0,0.0
2025-07-17 00:00:00+08:00,41.5,43.70000076293945,41.5,43.70000076293945,730020,0.0,0.0
2025-07-18 00:00:00+08:00,43.20000076293945,43.900001525878906,42.349998474121094,42.70000076293945,513000,0.0,0.0
2025-07-21 00:00:00+08:00,43.099998474121094,43.099998474121094,41.70000076293945,41.70000076293945,390227,0.0,0.0
2025-07-22 00:00:00+08:00,41.75,41.75,39.900001525878906,40.20000076293945,3065032,0.0,0.0
2025-07-23 00:00:00+08:00,40.5,43.599998474121094,40.5,43.20000076293945,1063050,0.0,0.0
2025-07-24 00:00:00+08:00,43.5,43.5,41.20000076293945,41.45000076293945,611031,0.0,0.0
2025-07-25 00:00:00+08:00,41.5,42.599998474121094,41.099998474121094,41.599998474121094,308030,0.0,0.0
2025-07-28 00:00:00+08:00,41.599998474121094,41.95000076293945,41.25,41.45000076293945,125001,0.0,0.0
2025-07-29 00:00:00+08:00,41.70000076293945,41.70000076293945,40.54999923706055,40.650001525878906,239007,0.0,0.0
2025-07-30 00:00:00+08:00,41.45000076293945,41.45000076293945,40.5,40.70000076293945,219205,0.0,0.0
2025-07-31 00:00:00+08:00,40.79999923706055,40.849998474121094,40.150001525878906,40.599998474121094,277402,0.0,0.0
2025-08-04 00:00:00+08:00,41.5,41.5,40.25,40.900001525878906,264025,0.0,0.0
2025-08-05 00:00:00+08:00,41.099998474121094,42.150001525878906,41.099998474121094,41.650001525878906,247152,0.0,0.0
2025-08-06 00:00:00+08:00,41.75,42.5,41.650001525878906,41.650001525878906,348000,0.0,0.0
2025-08-07 00:00:00+08:00,41.79999923706055,42.0,40.5,40.599998474121094,292053,0.0,0.0
2025-08-08 00:00:00+08:00,40.70000076293945,40.900001525878906,40.20000076293945,40.900001525878906,258002,0.0,0.0
2025-08-11 00:00:00+08:00,40.599998474121094,41.29999923706055,40.5,40.5,305001,0.0,0.0
2025-08-12 00:00:00+08:00,40.599998474121094,40.599998474121094,38.95000076293945,39.0,665600,0.0,0.0
2025-08-13 00:00:00+08:00,39.75,39.75,38.650001525878906,38.650001525878906,456300,0.0,0.0
2025-08-14 00:00:00+08:00,39.349998474121094,39.45000076293945,38.599998474121094,38.70000076293945,318001,0.0,0.0
2025-08-15 00:00:00+08:00,38.70000076293945,38.70000076293945,37.5,37.900001525878906,424034,0.0,0.0
2025-08-18 00:00:00+08:00,38.0,38.650001525878906,37.099998474121094,38.45000076293945,461109,0.0,0.0
2025-08-19 00:00:00+08:00,38.45000076293945,39.20000076293945,37.900001525878906,37.900001525878906,292000,0.0,0.0
2025-08-20 00:00:00+08:00,37.95000076293945,37.95000076293945,36.349998474121094,36.900001525878906,422067,0.0,0.0
2025-08-21 00:00:00+08:00,37.29999923706055,39.04999923706055,37.29999923706055,38.599998474121094,449000,0.0,0.0
2025-08-22 00:00:00+08:00,38.79999923706055,39.20000076293945,38.20000076293945,38.349998474121094,183000,0.0,0.0
2025-08-25 00:00:00+08:00,38.599998474121094,39.54999923706055,38.599998474121094,38.79999923706055,327000,0.0,0.0
2025-08-26 00:00:00+08:00,38.900001525878906,39.099998474121094,38.349998474121094,39.04999923706055,185001,0.0,0.0
2025-08-27 00:00:00+08:00,39.20000076293945,42.0,39.20000076293945,41.5,1432436,0.0,0.0
2025-08-28 00:00:00+08:00,42.20000076293945,43.650001525878906,41.70000076293945,42.75,1219000,0.0,0.0
2025-08-29 00:00:00+08:00,43.79999923706055,47.0,43.349998474121094,47.0,3597390,0.0,0.0
2025-09-01 00:00:00+08:00,47.0,47.650001525878906,45.349998474121094,46.04999923706055,2955030,0.0,0.0
2025-09-02 00:00:00+08:00,46.0,50.0,45.95000076293945,48.0,4187003,0.0,0.0
2025-09-03 00:00:00+08:00,47.70000076293945,52.0,45.599998474121094,50.5,6097918,0.0,0.0
2025-09-04 00:00:00+08:00,50.70000076293945,52.0,48.099998474121094,49.04999923706055,3419001,0.0,0.0
2025-09-05 00:00:00+08:00,48.79999923706055,49.04999923706055,46.099998474121094,46.29999923706055,2051299,0.0,0.0
2025-09-08 00:00:00+08:00,47.400001525878906,47.400001525878906,44.79999923706055,44.95000076293945,1233215,0.0,0.0
2025-09-09 00:00:00+08:00,45.150001525878906,45.5,43.099998474121094,43.150001525878906,1293020,0.0,0.0
2025-09-10 00:00:00+08:00,43.54999923706055,44.599998474121094,42.150001525878906,42.849998474121094,1424001,0.0,0.0
2025-09-11 00:00:00+08:00,42.849998474121094,43.349998474121094,42.29999923706055,42.5,722435,0.0,0.0
2025-09-12 00:00:00+08:00,42.70000076293945,43.20000076293945,40.400001525878906,40.400001525878906,1368410,0.0,0.0
2025-09-15 00:00:00+08:00,40.54999923706055,40.79999923706055,38.900001525878906,40.349998474121094,1546001,0.0,0.0
2025-09-16 00:00:00+08:00,40.349998474121094,40.75,39.099998474121094,39.400001525878906,668240,0.0,0.0
2025-09-17 00:00:00+08:00,39.400001525878906,39.900001525878906,38.650001525878906,38.79999923706055,972001,0.0,0.0
2025-09-18 00:00:00+08:00,38.95000076293945,41.0,38.95000076293945,39.599998474121094,955001,0.0,0.0
2025-09-19 00:00:00+08:00,40.0,40.900001525878906,39.75,39.75,792029,0.0,0.0
2025-09-22 00:00:00+08:00,40.25,43.70000076293945,40.25,43.70000076293945,2395101,0.0,0.0
2025-09-23 00:00:00+08:00,44.099998474121094,46.75,43.45000076293945,45.0,4013000,0.0,0.0
2025-09-24 00:00:00+08:00,45.20000076293945,49.45000076293945,44.599998474121094,48.349998474121094,4983131,0.0,0.0
2025-09-25 00:00:00+08:00,48.349998474121094,50.5,48.29999923706055,49.04999923706055,3749153,0.0,0.0
2025-09-26 00:00:00+08:00,48.5,49.75,46.5,47.0,2047214,0.0,0.0
2025-09-30 00:00:00+08:00,47.5,48.45000076293945,44.5,44.599998474121094,1431080,0.0,0.0
2025-10-01 00:00:00+08:00,44.54999923706055,44.70000076293945,42.400001525878906,43.900001525878906,1283000,0.0,0.0
2025-10-02 00:00:00+08:00,44.04999923706055,45.45000076293945,42.45000076293945,42.54999923706055,2922180,0.0,0.0
2025-10-03 00:00:00+08:00,42.95000076293945,45.349998474121094,42.54999923706055,44.79999923706055,4478178,0.0,0.0
2025-10-07 00:00:00+08:00,46.5,48.650001525878906,46.45000076293945,48.04999923706055,2176081,0.0,0.0
2025-10-08 00:00:00+08:00,48.5,49.150001525878906,47.25,48.20000076293945,2187000,0.0,0.0
2025-10-09 00:00:00+08:00,48.650001525878906,50.20000076293945,47.54999923706055,47.70000076293945,2775029,0.0,0.0
2025-10-13 00:00:00+08:00,45.0,46.79999923706055,44.75,46.70000076293945,1036076,0.0,0.0
2025-10-14 00:00:00+08:00,47.20000076293945,47.400001525878906,44.95000076293945,45.150001525878906,1558591,0.0,0.0
2025-10-15 00:00:00+08:00,45.599998474121094,48.45000076293945,45.599998474121094,46.150001525878906,1767022,0.0,0.0
2025-10-16 00:00:00+08:00,46.79999923706055,48.349998474121094,45.650001525878906,47.099998474121094,832000,0.0,0.0
2025-10-17 00:00:00+08:00,46.95000076293945,47.400001525878906,45.25,45.25,768461,0.0,0.0
2025-10-20 00:00:00+08:00,45.5,45.5,43.70000076293945,44.04999923706055,739000,0.0,0.0
2025-10-21 00:00:00+08:00,45.150001525878906,45.150001525878906,43.20000076293945,43.20000076293945,706001,0.0,0.0
2025-10-22 00:00:00+08:00,43.5,43.650001525878906,42.20000076293945,42.900001525878906,810000,0.0,0.0
2025-10-23 00:00:00+08:00,42.650001525878906,43.349998474121094,41.79999923706055,41.900001525878906,641000,0.0,0.0
2025-10-27 00:00:00+08:00,42.0,44.20000076293945,40.099998474121094,43.79999923706055,1751000,0.0,0.0
2025-10-28 00:00:00+08:00,43.900001525878906,44.5,41.900001525878906,42.0,991108,0.0,0.0
2025-10-29 00:00:00+08:00,42.79999923706055,42.79999923706055,41.0,41.099998474121094,742156,0.0,0.0
2025-10-30 00:00:00+08:00,41.25,41.54999923706055,40.70000076293945,41.45000076293945,544000,0.0,0.0
2025-10-31 00:00:00+08:00,41.5,42.29999923706055,40.849998474121094,41.04999923706055,527000,0.0,0.0
2025-11-03 00:00:00+08:00,41.150001525878906,42.599998474121094,41.04999923706055,41.599998474121094,447000,0.0,0.0
2025-11-04 00:00:00+08:00,42.349998474121094,42.900001525878906,42.0,42.650001525878906,470040,0.0,0.0
2025-11-05 00:00:00+08:00,42.349998474121094,43.0,41.75,42.95000076293945,512050,0.0,0.0
2025-11-06 00:00:00+08:00,43.099998474121094,44.349998474121094,42.20000076293945,42.20000076293945,614529,0.0,0.0
2025-11-07 00:00:00+08:00,42.20000076293945,42.650001525878906,41.29999923706055,42.099998474121094,230284,0.0,0.0
2025-11-10 00:00:00+08:00,41.54999923706055,42.29999923706055,40.849998474121094,41.79999923706055,316005,0.0,0.0
2025-11-11 00:00:00+08:00,42.79999923706055,42.95000076293945,40.900001525878906,41.599998474121094,461000,0.0,0.0
2025-11-12 00:00:00+08:00,41.900001525878906,42.150001525878906,41.5,41.5,329002,0.0,0.0
2025-11-13 00:00:00+08:00,41.54999923706055,41.599998474121094,40.150001525878906,40.54999923706055,391002,0.0,0.0
2025-11-14 00:00:00+08:00,40.599998474121094,42.54999923706055,40.599998474121094,40.79999923706055,785500,0.0,0.0
2025-11-17 00:00:00+08:00,40.849998474121094,41.150001525878906,40.650001525878906,40.79999923706055,252233,0.0,0.0
2025-11-18 00:00:00+08:00,40.79999923706055,40.95000076293945,39.79999923706055,39.95000076293945,650005,0.0,0.0
2025-11-19 00:00:00+08:00,40.04999923706055,40.849998474121094,39.599998474121094,40.400001525878906,487000,0.0,0.0
2025-11-20 00:00:00+08:00,40.599998474121094,41.70000076293945,40.150001525878906,40.20000076293945,497001,0.0,0.0
2025-11-21 00:00:00+08:00,40.04999923706055,41.29999923706055,39.54999923706055,40.5,555016,0.0,0.0
2025-11-24 00:00:00+08:00,41.0,43.79999923706055,41.0,43.150001525878906,926010,0.0,0.0
2025-11-25 00:00:00+08:00,43.5,44.79999923706055,42.75,44.79999923706055,1206996,0.0,0.0
2025-11-26 00:00:00+08:00,45.04999923706055,48.099998474121094,45.04999923706055,47.900001525878906,2488263,0.0,0.0
2025-11-27 00:00:00+08:00,48.150001525878906,48.5,46.099998474121094,47.0,2370500,0.0,0.0
2025-11-28 00:00:00+08:00,47.150001525878906,47.599998474121094,46.150001525878906,47.0,650001,0.0,0.0
2025-12-01 00:00:00+08:00,47.79999923706055,48.5,46.45000076293945,46.5,873001,0.0,0.0
2025-12-02 00:00:00+08:00,47.04999923706055,47.04999923706055,45.04999923706055,46.0,952010,0.0,0.0
2025-12-03 00:00:00+08:00,46.099998474121094,46.849998474121094,45.54999923706055,45.900001525878906,669202,0.0,0.0
2025-12-04 00:00:00+08:00,45.95000076293945,46.79999923706055,45.45000076293945,46.099998474121094,535369,0.0,0.0
2025-12-05 00:00:00+08:00,46.099998474121094,46.150001525878906,45.400001525878906,46.0,301000,0.0,0.0
2025-12-08 00:00:00+08:00,46.150001525878906,46.900001525878906,45.95000076293945,46.0,187000,0.0,0.0
2025-12-09 00:00:00+08:00,46.099998474121094,46.25,45.29999923706055,45.349998474121094,365060,0.0,0.0
2025-12-10 00:00:00+08:00,45.349998474121094,47.5,44.95000076293945,46.25,915000,0.0,0.0
2025-12-11 00:00:00+08:00,46.349998474121094,47.25,44.45000076293945,45.20000076293945,742001,0.0,0.0
2025-12-12 00:00:00+08:00,46.75,47.0,44.20000076293945,45.25,590001,0.0,0.0
2025-12-15 00:00:00+08:00,45.25,46.599998474121094,44.54999923706055,45.79999923706055,559199,0.0,0.0
2025-12-16 00:00:00+08:00,45.70000076293945,45.75,44.25,44.349998474121094,477002,0.0,0.0
2025-12-17 00:00:00+08:00,44.599998474121094,44.849998474121094,42.54999923706055,42.650001525878906,633588,0.0,0.0
2025-12-18 00:00:00+08:00,42.849998474121094,43.099998474121094,42.04999923706055,42.400001525878906,182000,0.0,0.0
2025-12-19 00:00:00+08:00,42.400001525878906,43.04999923706055,42.099998474121094,42.79999923706055,322000,0.0,0.0
2025-12-22 00:00:00+08:00,43.099998474121094,43.099998474121094,41.0,41.900001525878906,1325474,0.0,0.0
2025-12-23 00:00:00+08:00,41.650001525878906,42.599998474121094,41.54999923706055,42.04999923706055,307050,0.0,0.0
2025-12-24 00:00:00+08:00,42.400001525878906,42.79999923706055,41.599998474121094,42.25,463000,0.0,0.0
2025-12-26 00:00:00+08:00,42.900001525878906,44.0,42.29999923706055,42.29999923706055,536000,0.0,0.0
2025-12-29 00:00:00+08:00,42.29999923706055,42.29999923706055,40.599998474121094,40.900001525878906,659030,0.0,0.0
2025-12-30 00:00:00+08:00,41.5,41.5,40.29999923706055,40.650001525878906,305043,0.0,0.0
2025-12-31 00:00:00+08:00,41.400001525878906,41.45000076293945,40.79999923706055,41.04999923706055,373010,0.0,0.0
2026-01-02 00:00:00+08:00,41.75,41.75,40.400001525878906,41.0,438126,0.0,0.0
2026-01-05 00:00:00+08:00,40.95000076293945,42.0,40.45000076293945,40.70000076293945,463016,0.0,0.0
2026-01-06 00:00:00+08:00,40.70000076293945,41.0,40.04999923706055,40.04999923706055,341157,0.0,0.0
2026-01-07 00:00:00+08:00,40.349998474121094,40.849998474121094,40.20000076293945,40.650001525878906,265050,0.0,0.0
2026-01-08 00:00:00+08:00,41.0,41.0,40.099998474121094,40.150001525878906,249000,0.0,0.0
2026-01-09 00:00:00+08:00,40.20000076293945,40.29999923706055,39.349998474121094,40.04999923706055,425090,0.0,0.0
2026-01-12 00:00:00+08:00,40.099998474121094,40.79999923706055,40.04999923706055,40.25,293000,0.0,0.0
2026-01-13 00:00:00+08:00,40.400001525878906,40.400001525878906,39.29999923706055,39.29999923706055,710000,0.0,0.0
2026-01-14 00:00:00+08:00,39.29999923706055,40.900001525878906,39.29999923706055,40.54999923706055,517050,0.0,0.0
2026-01-15 00:00:00+08:00,40.25,41.0,39.54999923706055,39.79999923706055,375000,0.0,0.0
2026-01-16 00:00:00+08:00,39.5,39.75,38.75,39.75,729011,0.0,0.0
2026-01-19 00:00:00+08:00,40.20000076293945,41.29999923706055,40.0,40.29999923706055,586100,0.0,0.0
2026-01-20 00:00:00+08:00,40.29999923706055,40.29999923706055,39.099998474121094,39.400001525878906,512019,0.0,0.0
2026-01-21 00:00:00+08:00,39.45000076293945,39.45000076293945,38.650001525878906,38.79999923706055,364002,0.0,0.0
2026-01-22 00:00:00+08:00,38.95000076293945,39.20000076293945,37.849998474121094,38.5,703148,0.0,0.0
2026-01-23 00:00:00+08:00,38.79999923706055,40.25,38.29999923706055,40.150001525878906,622051,0.0,0.0
2026-01-26 00:00:00+08:00,40.5,41.25,39.45000076293945,40.099998474121094,550800,0.0,0.0
2026-01-27 00:00:00+08:00,40.099998474121094,41.20000076293945,38.75,41.20000076293945,1605003,0.0,0.0
2026-01-28 00:00:00+08:00,41.20000076293945,41.20000076293945,39.54999923706055,39.599998474121094,606182,0.0,0.0
2026-01-29 00:00:00+08:00,39.54999923706055,39.599998474121094,39.0,39.400001525878906,255028,0.0,0.0
2026-01-30 00:00:00+08:00,39.29999923706055,40.0,38.400001525878906,38.45000076293945,411103,0.0,0.0
2026-02-02 00:00:00+08:00,38.45000076293945,38.70000076293945,37.0,38.70000076293945,753102,0.0,0.0
2026-02-03 00:00:00+08:00,38.79999923706055,39.04999923706055,37.650001525878906,38.54999923706055,379013,0.0,0.0
2026-02-04 00:00:00+08:00,38.5,38.5,37.099998474121094,38.04999923706055,596000,0.0,0.0
2026-02-05 00:00:00+08:00,37.900001525878906,38.5,37.400001525878906,38.5,290007,0.0,0.0
2026-02-06 00:00:00+08:00,38.5,40.400001525878906,37.400001525878906,37.849998474121094,1054000,0.0,0.0
2026-02-09 00:00:00+08:00,38.25,38.25,36.400001525878906,37.5,1208000,0.0,0.0
2026-02-10 00:00:00+08:00,37.900001525878906,37.900001525878906,36.5,37.599998474121094,717009,0.0,0.0
2026-02-11 00:00:00+08:00,37.20000076293945,37.349998474121094,36.75,37.150001525878906,330052,0.0,0.0
2026-02-23 00:00:00+08:00,37.150001525878906,37.150001525878906,35.70000076293945,35.70000076293945,787414,0.0,0.0
2026-02-24 00:00:00+08:00,36.099998474121094,36.099998474121094,34.650001525878906,34.79999923706055,791000,0.0,0.0
2026-02-25 00:00:00+08:00,35.79999923706055,37.5,35.400001525878906,35.45000076293945,713603,0.0,0.0
2026-02-26 00:00:00+08:00,36.0,38.70000076293945,35.70000076293945,37.150001525878906,921347,0.0,0.0
2026-03-02 00:00:00+08:00,36.54999923706055,37.79999923706055,35.849998474121094,36.5,723186,0.0,0.0
2026-03-03 00:00:00+08:00,36.599998474121094,36.79999923706055,34.29999923706055,34.45000076293945,1248510,0.0,0.0
2026-03-04 00:00:00+08:00,34.650001525878906,37.400001525878906,34.650001525878906,35.95000076293945,1169018,0.0,0.0
2026-03-05 00:00:00+08:00,36.099998474121094,36.70000076293945,35.5,36.29999923706055,422077,0.0,0.0
2026-03-06 00:00:00+08:00,35.75,36.70000076293945,35.75,36.349998474121094,223707,0.0,0.0
2026-03-09 00:00:00+08:00,35.75,35.75,34.099998474121094,35.599998474121094,465020,0.0,0.0
2026-03-10 00:00:00+08:00,36.79999923706055,38.04999923706055,35.650001525878906,36.0,474001,0.0,0.0
2026-03-11 00:00:00+08:00,36.70000076293945,36.70000076293945,35.95000076293945,36.0,290300,0.0,0.0
2026-03-12 00:00:00+08:00,35.79999923706055,36.25,35.70000076293945,35.849998474121094,157009,0.0,0.0
2026-03-13 00:00:00+08:00,35.79999923706055,36.349998474121094,35.599998474121094,35.900001525878906,388013,0.0,0.0
2026-03-16 00:00:00+08:00,36.150001525878906,36.650001525878906,35.650001525878906,36.5,367200,0.0,0.0
2026-03-17 00:00:00+08:00,36.45000076293945,37.349998474121094,36.29999923706055,36.75,402009,0.0,0.0
2026-03-18 00:00:00+08:00,37.0,37.0,36.29999923706055,36.5,461200,0.0,0.0
2026-03-19 00:00:00+08:00,36.5,37.25,36.150001525878906,36.5,359005,0.0,0.0
2026-03-20 00:00:00+08:00,36.5,36.70000076293945,35.75,35.900001525878906,293011,0.0,0.0
2026-03-23 00:00:00+08:00,35.650001525878906,36.349998474121094,35.20000076293945,35.5,326063,0.0,0.0
2026-03-24 00:00:00+08:00,36.29999923706055,36.29999923706055,35.20000076293945,35.599998474121094,222017,0.0,0.0
2026-03-25 00:00:00+08:00,36.0,36.0,35.04999923706055,35.400001525878906,217065,0.0,0.0
2026-03-26 00:00:00+08:00,35.5,35.54999923706055,33.650001525878906,34.5,711661,0.0,0.0
2026-03-27 00:00:00+08:00,34.95000076293945,35.29999923706055,32.599998474121094,34.900001525878906,532012,0.0,0.0
2026-03-30 00:00:00+08:00,34.099998474121094,34.599998474121094,33.5,34.599998474121094,240042,0.0,0.0
2026-03-31 00:00:00+08:00,34.79999923706055,34.79999923706055,32.79999923706055,33.0,426034,0.0,0.0
2026-04-01 00:00:00+08:00,33.849998474121094,34.400001525878906,32.54999923706055,33.099998474121094,350900,0.0,0.0
2026-04-02 00:00:00+08:00,33.099998474121094,34.45000076293945,32.900001525878906,33.900001525878906,260046,0.0,0.0
2026-04-07 00:00:00+08:00,34.25,35.29999923706055,34.20000076293945,34.599998474121094,415999,0.0,0.0
2026-04-08 00:00:00+08:00,35.150001525878906,35.20000076293945,34.5,34.5,219008,0.0,0.0
2026-04-09 00:00:00+08:00,35.29999923706055,35.29999923706055,34.0,34.70000076293945,205026,0.0,0.0
2026-04-10 00:00:00+08:00,34.650001525878906,34.75,33.79999923706055,33.95000076293945,230056,0.0,0.0
2026-04-13 00:00:00+08:00,35.0,37.29999923706055,35.0,37.29999923706055,1419400,0.0,0.0
2026-04-14 00:00:00+08:00,39.0,39.400001525878906,37.20000076293945,38.79999923706055,1415070,0.0,0.0
2026-04-15 00:00:00+08:00,39.099998474121094,41.5,38.70000076293945,40.29999923706055,1542225,0.0,0.0
2026-04-16 00:00:00+08:00,43.5,43.5,40.5,40.849998474121094,1104276,0.0,0.0
2026-04-17 00:00:00+08:00,40.400001525878906,41.5,40.400001525878906,41.0,1102004,0.0,0.0
2026-04-20 00:00:00+08:00,41.29999923706055,44.79999923706055,41.099998474121094,43.75,2792238,0.0,0.0
2026-04-21 00:00:00+08:00,45.79999923706055,45.79999923706055,42.849998474121094,43.70000076293945,3161001,0.0,0.0
2026-04-22 00:00:00+08:00,42.099998474121094,42.75,40.54999923706055,40.70000076293945,2051005,0.0,0.0
2026-04-23 00:00:00+08:00,41.20000076293945,41.25,39.25,40.0,853060,0.0,0.0
2026-04-24 00:00:00+08:00,40.54999923706055,40.54999923706055,39.650001525878906,39.79999923706055,555001,0.0,0.0
2026-04-27 00:00:00+08:00,39.900001525878906,39.900001525878906,38.099998474121094,39.349998474121094,598058,0.0,0.0
2026-04-28 00:00:00+08:00,39.349998474121094,39.599998474121094,38.25,38.599998474121094,491001,0.0,0.0
2026-04-29 00:00:00+08:00,39.599998474121094,39.599998474121094,38.29999923706055,38.45000076293945,375624,0.0,0.0
2026-04-30 00:00:00+08:00,38.5,39.29999923706055,38.400001525878906,38.849998474121094,375450,0.0,0.0
2026-05-04 00:00:00+08:00,39.0,39.0,37.5,38.0,617100,0.0,0.0
2026-05-05 00:00:00+08:00,38.0,39.849998474121094,38.0,39.400001525878906,586003,0.0,0.0
2026-05-06 00:00:00+08:00,39.400001525878906,40.150001525878906,39.0,39.349998474121094,697009,0.0,0.0
2026-05-07 00:00:00+08:00,40.29999923706055,41.0,39.599998474121094,40.849998474121094,764018,0.0,0.0
2026-05-08 00:00:00+08:00,44.75,44.79999923706055,40.04999923706055,41.099998474121094,3221100,0.0,0.0
2026-05-11 00:00:00+08:00,41.5,41.79999923706055,39.599998474121094,39.75,1086050,0.0,0.0
2026-05-12 00:00:00+08:00,39.849998474121094,40.75,38.45000076293945,39.04999923706055,781001,0.0,0.0
2026-05-13 00:00:00+08:00,38.79999923706055,39.599998474121094,37.45000076293945,37.650001525878906,601201,0.0,0.0
2026-05-14 00:00:00+08:00,38.400001525878906,39.900001525878906,37.70000076293945,39.20000076293945,533497,0.0,0.0
2026-05-15 00:00:00+08:00,39.45000076293945,39.45000076293945,37.0,37.0,656626,0.0,0.0
2026-05-18 00:00:00+08:00,37.20000076293945,37.20000076293945,35.599998474121094,36.25,764005,0.0,0.0
2026-05-19 00:00:00+08:00,36.5,37.5,36.20000076293945,36.29999923706055,261000,0.0,0.0
2026-05-20 00:00:00+08:00,36.75,36.900001525878906,34.5,34.599998474121094,832100,0.0,0.0
2026-05-21 00:00:00+08:00,34.75,35.29999923706055,34.70000076293945,35.099998474121094,292001,0.0,0.0
2026-05-22 00:00:00+08:00,35.29999923706055,35.29999923706055,33.29999923706055,33.79999923706055,1464200,0.0,0.0
2026-05-25 00:00:00+08:00,33.45000076293945,34.0,32.849998474121094,32.95000076293945,809582,0.0,0.0
2026-05-26 00:00:00+08:00,32.95000076293945,33.95000076293945,32.45000076293945,33.650001525878906,672300,0.0,0.0
2026-05-27 00:00:00+08:00,34.0,35.45000076293945,33.650001525878906,33.75,1000001,0.0,0.0
2026-05-28 00:00:00+08:00,33.75,34.54999923706055,32.650001525878906,32.75,699069,0.0,0.0
2026-05-29 00:00:00+08:00,33.79999923706055,33.79999923706055,32.599998474121094,32.95000076293945,647001,0.0,0.0
2026-06-01 00:00:00+08:00,32.900001525878906,33.099998474121094,32.54999923706055,32.599998474121094,407014,0.0,0.0
2026-06-02 00:00:00+08:00,32.650001525878906,32.95000076293945,32.45000076293945,32.650001525878906,279238,0.0,0.0
2026-06-03 00:00:00+08:00,32.70000076293945,32.95000076293945,32.599998474121094,32.650001525878906,346400,0.0,0.0
2026-06-04 00:00:00+08:00,32.5,33.45000076293945,32.29999923706055,32.849998474121094,460005,0.0,0.0
2026-06-05 00:00:00+08:00,34.0,34.0,32.650001525878906,33.04999923706055,330002,0.0,0.0
2026-06-08 00:00:00+08:00,31.799999237060547,32.400001525878906,31.5,32.400001525878906,452001,0.0,0.0
2026-06-09 00:00:00+08:00,33.04999923706055,33.599998474121094,32.45000076293945,33.54999923706055,435003,0.0,0.0
2026-06-10 00:00:00+08:00,33.5,34.5,32.29999923706055,32.95000076293945,1178001,0.0,0.0
2026-06-11 00:00:00+08:00,33.45000076293945,33.70000076293945,31.200000762939453,31.350000381469727,794001,0.0,0.0
2026-06-12 00:00:00+08:00,31.799999237060547,32.099998474121094,30.450000762939453,30.549999237060547,379005,0.0,0.0
2026-06-15 00:00:00+08:00,30.799999237060547,30.799999237060547,30.200000762939453,30.700000762939453,284071,0.0,0.0
2026-06-16 00:00:00+08:00,31.049999237060547,33.75,30.899999618530273,33.54999923706055,1202707,0.0,0.0
2026-06-17 00:00:00+08:00,33.54999923706055,35.29999923706055,32.900001525878906,33.849998474121094,988001,0.0,0.0
2026-06-18 00:00:00+08:00,34.04999923706055,34.25,33.099998474121094,33.20000076293945,386157,0.0,0.0
2026-06-22 00:00:00+08:00,33.25,34.400001525878906,33.0,33.04999923706055,283532,0.0,0.0
2026-06-23 00:00:00+08:00,33.70000076293945,33.70000076293945,32.0,32.099998474121094,241100,0.0,0.0
2026-06-24 00:00:00+08:00,32.349998474121094,32.349998474121094,31.0,31.0,267117,0.0,0.0
2026-06-25 00:00:00+08:00,31.450000762939453,31.5,30.399999618530273,30.549999237060547,355003,0.0,0.0
2026-06-26 00:00:00+08:00,30.549999237060547,30.549999237060547,29.5,29.5,686004,0.0,0.0
2026-06-29 00:00:00+08:00,29.549999237060547,30.200000762939453,29.549999237060547,29.700000762939453,102063,0.0,0.0
2026-06-30 00:00:00+08:00,30.200000762939453,30.5,29.75,29.950000762939453,164001,0.0,0.0
2026-07-01 00:00:00+08:00,30.149999618530273,32.900001525878906,29.350000381469727,32.900001525878906,1271796,0.0,0.0
2026-07-02 00:00:00+08:00,32.5,36.0,32.099998474121094,34.20000076293945,1392302,0.0,0.0
2026-07-03 00:00:00+08:00,34.400001525878906,34.95000076293945,33.599998474121094,33.79999923706055,345999,0.0,0.0
2026-07-06 00:00:00+08:00,33.849998474121094,34.400001525878906,33.099998474121094,34.0,337441,0.0,0.0
2026-07-07 00:00:00+08:00,34.20000076293945,34.20000076293945,33.099998474121094,33.650001525878906,452096,0.0,0.0
2026-07-08 00:00:00+08:00,33.54999923706055,34.150001525878906,33.099998474121094,33.5,218267,0.0,0.0
2026-07-09 00:00:00+08:00,33.650001525878906,33.95000076293945,33.099998474121094,33.29999923706055,321135,0.0,0.0
2026-07-10 00:00:00+08:00,33.29999923706055,33.29999923706055,33.29999923706055,33.29999923706055,0,0.0,0.0
2026-07-13 00:00:00+08:00,33.29999923706055,33.95000076293945,33.099998474121094,33.099998474121094,108307,0.0,0.0
2026-07-14 00:00:00+08:00,32.04999923706055,32.54999923706055,30.649999618530273,31.399999618530273,688790,0.0,0.0
2026-07-15 00:00:00+08:00,31.299999237060547,31.600000381469727,31.299999237060547,31.350000381469727,108230,0.0,0.0
2026-07-16 00:00:00+08:00,31.350000381469727,31.5,30.799999237060547,31.0,202704,0.0,0.0
2026-07-17 00:00:00+08:00,31.0,31.0,29.149999618530273,29.600000381469727,569472,0.0,0.0
2026-07-20 00:00:00+08:00,29.649999618530273,29.75,28.649999618530273,29.549999237060547,271646,0.0,0.0
2026-07-21 00:00:00+08:00,29.799999237060547,29.899999618530273,29.399999618530273,29.399999618530273,104000,0.0,0.0
2026-07-22 00:00:00+08:00,29.5,29.600000381469727,29.25,29.299999237060547,94198,0.0,0.0
2026-07-23 00:00:00+08:00,29.149999618530273,29.299999237060547,28.5,29.299999237060547,146200,0.0,0.0
2026-07-24 00:00:00+08:00,29.5,29.5,28.75,29.399999618530273,122262,0.0,0.0
2026-07-27 00:00:00+08:00,29.899999618530273,29.899999618530273,28.850000381469727,29.049999237060547,55431,0.0,0.0
2026-07-28 00:00:00+08:00,28.5,28.899999618530273,28.0,28.0,294960,0.0,0.0
2026-07-29 00:00:00+08:00,28.25,28.25,26.0,26.450000762939453,483019,0.0,0.0
2026-07-30 00:00:00+08:00,26.0,26.399999618530273,24.799999237060547,25.299999237060547,491002,0.0,0.0
2026-07-31 00:00:00+08:00,25.549999237060547,26.649999618530273,24.850000381469727,24.850000381469727,278070,0.0,0.0
2026-08-03 00:00:00+08:00,24.899999618530273,25.100000381469727,24.25,24.25,291362,0.0,0.0
2026-08-04 00:00:00+08:00,24.25,24.600000381469727,23.850000381469727,24.5,310000,0.0,0.0
2026-08-05 00:00:00+08:00,24.899999618530273,25.350000381469727,24.5,24.850000381469727,275000,0.0,0.0
2026-08-06 00:00:00+08:00,24.899999618530273,24.899999618530273,24.200000762939453,24.350000381469727,164000,0.0,0.0
2026-08-07 00:00:00+08:00,24.5,24.600000381469727,24.100000381469727,24.5,73000,0.0,0.0
2026-08-10 00:00:00+08:00,24.5,26.950000762939453,24.5,25.850000381469727,296000,0.0,0.0
2026-08-11 00:00:00+08:00,26.450000762939453,26.450000762939453,24.75,25.850000381469727,161002,0.0,0.0
2026-08-12 00:00:00+08:00,25.350000381469727,26.299999237060547,25.350000381469727,25.549999237060547,125090,0.0,0.0
2026-08-13 00:00:00+08:00,25.450000762939453,25.899999618530273,25.350000381469727,25.5,87000,0.0,0.0
2026-08-14 00:00:00+08:00,24.799999237060547,25.25,24.549999237060547,25.0,162000,0.0,0.0
2026-08-17 00:00:00+08:00,24.600000381469727,25.100000381469727,24.600000381469727,25.100000381469727,85001,0.0,0.0
2026-08-18 00:00:00+08:00,25.200000762939453,25.25,24.200000762939453,24.549999237060547,98253,0.0,0.0
2026-08-19 00:00:00+08:00,24.549999237060547,24.850000381469727,24.549999237060547,24.799999237060547,36300,0.0,0.0
2026-08-20 00:00:00+08:00,24.899999618530273,25.0,24.100000381469727,24.450000762939453,99170,0.0,0.0
2026-08-21 00:00:00+08:00,24.5,24.600000381469727,24.350000381469727,24.5,21050,0.0,0.0
